"CRN","ARRIVAL_TM","AUTOMOBILE_COUNT","BELTED_DEATH_COUNT","BELTED_SUSP_SERIOUS_INJ_COUNT","BICYCLE_COUNT","BICYCLE_DEATH_COUNT","BICYCLE_SUSP_SERIOUS_INJ_COUNT","BUS_COUNT","CHLDPAS_DEATH_COUNT","CHLDPAS_SUSP_SERIOUS_INJ_COUNT","COLLISION_TYPE","COMM_VEH_COUNT","CONS_ZONE_SPD_LIM","COUNTY","CRASH_MONTH","CRASH_YEAR","DAY_OF_WEEK","DEC_LATITUDE","DEC_LONGITUDE","DISPATCH_TM","DISTRICT","DRIVER_COUNT_16YR","DRIVER_COUNT_17YR","DRIVER_COUNT_18YR","DRIVER_COUNT_19YR","DRIVER_COUNT_20YR","DRIVER_COUNT_50_64YR","DRIVER_COUNT_65_74YR","DRIVER_COUNT_75PLUS","EST_HRS_CLOSED","FATAL_COUNT","HEAVY_TRUCK_COUNT","HORSE_BUGGY_COUNT","HOUR_OF_DAY","ILLUMINATION","INJURY_COUNT","INTERSECTION_RELATED","INTERSECT_TYPE","LANE_CLOSED","LATITUDE","LN_CLOSE_DIR","LOCATION_TYPE","LONGITUDE","MAX_SEVERITY_LEVEL","MCYCLE_DEATH_COUNT","MCYCLE_SUSP_SERIOUS_INJ_COUNT","MOTORCYCLE_COUNT","MUNICIPALITY","NONMOTR_COUNT","NONMOTR_DEATH_COUNT","NONMOTR_SUSP_SERIOUS_INJ_COUNT","NTFY_HIWY_MAINT","PED_COUNT","PED_DEATH_COUNT","PED_SUSP_SERIOUS_INJ_COUNT","PERSON_COUNT","POLICE_AGCY","POSSIBLE_INJ_COUNT","RDWY_SURF_TYPE_CD","RELATION_TO_ROAD","ROADWAY_CLEARED","ROAD_CONDITION","SCH_BUS_IND","SCH_ZONE_IND","SECONDARY_CRASH","SMALL_TRUCK_COUNT","SPEC_JURIS_CD","SUSP_MINOR_INJ_COUNT","SUSP_SERIOUS_INJ_COUNT","SUV_COUNT","TCD_FUNC_CD","TCD_TYPE","TFC_DETOUR_IND","TIME_OF_DAY","TOTAL_UNITS","TOT_INJ_COUNT","UNBELTED_OCC_COUNT","UNB_DEATH_COUNT","UNB_SUSP_SERIOUS_INJ_COUNT","UNK_INJ_DEG_COUNT","UNK_INJ_PER_COUNT","URBAN_RURAL","VAN_COUNT","VEHICLE_COUNT","WEATHER1","WEATHER2","WORKERS_PRES","WORK_ZONE_IND","WORK_ZONE_LOC","WORK_ZONE_TYPE","WZ_CLOSE_DETOUR","WZ_FLAGGER","WZ_LAW_OFFCR_IND","WZ_LN_CLOSURE","WZ_MOVING","WZ_OTHER","WZ_SHLDER_MDN","WZ_WORKERS_INJ_KILLED"
"2020026857","1458","1","0","0","0","0","0","0","0","0","7","0","","67","3","2020","7","39.980236","-75.099024","1453","6","0","0","0","0","0","0","0","0","","0","0","0","","","1","N","0","","39 58:48.851","","99","75 05:56.486","2","0","0","0","67301","0","0","0","N","0","0","0","1","67301","0","","9.0","","1","N","N","N","0","","0","1","0","","0","","","1","1","0","0","0","0","0","2","0","1","","03","","N","","","","","","","","","",""
"2020026735","1030","1","0","0","0","0","0","0","0","0","8","0","","67","3","2020","1","40.033626","-75.046786","1026","6","0","0","0","0","0","0","0","1","","0","0","0","","","1","","1","","40 02:01.052","","0","75 02:48.431","3","0","0","0","67301","1","0","0","N","1","0","0","2","67301","0","","1.0","","1","N","N","N","0","","1","0","0","","2","","","2","1","0","0","0","0","0","2","0","1","","03","","N","","","","","","","","","",""
"2020027758","1247","0","0","0","0","0","0","0","0","0","8","0","","67","3","2020","4","39.961014","-75.245704","1240","6","0","0","0","0","0","0","1","0","","0","0","0","","","1","N","0","","39 57:39.651","","0","75 14:44.533","3","0","0","0","67301","1","0","0","N","1","0","0","2","67301","0","","1.0","","1","N","N","N","1","","1","0","0","","0","","","2","1","1","0","0","0","0","2","0","1","","","","N","","","","","","","","","",""
"2020010182","2006","1","0","0","0","0","0","0","0","0","4","0","","67","1","2020","7","40.101714","-74.981008","1959","6","0","0","0","0","0","1","1","0","","0","0","0","","","6","N","0","","40 06:06.170","6","0","74 58:51.630","3","0","0","0","67301","0","0","0","N","0","0","0","6","67301","0","","1.0","2300.0","1","N","N","N","0","","6","0","1","","0","N","","2","6","2","0","0","0","0","2","0","2","","03","","N","","","","","","","","","",""
"2020028099","1631","1","0","0","0","0","0","0","0","0","7","0","","67","3","2020","3","40.09538","-74.95968","1622","6","0","0","0","0","1","0","0","0","","0","0","0","","","1","","2","","40 05:43.369","","0","74 57:34.849","4","0","0","0","67301","0","0","0","N","0","0","0","1","67301","1","","5.0","","1","N","N","N","0","","0","0","0","","0","","","1","1","1","0","0","0","0","2","0","1","","03","","N","","","","","","","","","",""
"2020027390","1440","1","0","0","0","0","0","0","0","0","4","0","","67","2","2020","4","39.988166","-75.232666","1436","6","0","0","0","0","0","1","0","0","","1","0","0","","","0","","2","","39 59:17.397","","0","75 13:57.597","1","1","0","1","67301","0","0","0","N","0","0","0","2","67301","0","2","1.0","","1","N","N","N","0","0","0","0","0","","0","","","2","0","0","0","0","0","0","2","0","2","","03","","N","","","","","","","","","",""
"2020027450","0932","0","0","0","0","0","0","0","0","0","1","0","","67","3","2020","5","39.958026","-75.163817","0932","6","0","0","0","0","0","1","0","0","","0","0","0","","","0","N","0","","39 57:28.892","","0","75 09:49.742","0","0","0","0","67301","0","0","0","N","0","0","0","2","68K01","0","","1.0","","1","N","N","N","0","","0","0","2","","0","","","2","0","0","0","0","0","0","2","0","2","","","","N","","","","","","","","","",""
"2020011099","1925","1","0","0","0","0","0","0","0","0","8","0","","67","1","2020","3","39.991836","-75.159989","1925","6","0","0","0","0","0","0","0","1","","0","0","0","","","1","N","0","","39 59:30.610","","0","75 09:35.960","3","0","0","0","67301","1","0","0","N","1","0","0","2","67301","0","","1.0","","1","N","N","N","0","","1","0","0","","0","","","2","1","0","0","0","0","0","2","0","1","","03","","N","","","","","","","","","",""
"2020010058","1233","0","0","0","0","0","0","1","0","0","4","1","","67","1","2020","7","40.002159","-75.21114","1232","6","0","0","0","0","0","0","0","0","","0","0","0","","","0","","2","","40 00:07.772","","0","75 12:40.104","0","0","0","0","67301","0","0","0","N","0","0","0","5","67301","0","","1.0","","2","N","N","N","0","","0","0","1","","2","","","2","0","0","0","0","0","0","2","0","2","","","","N","","","","","","","","","",""
"2020009515","0243","3","0","0","0","0","0","0","0","0","1","0","","67","1","2020","7","40.054623","-75.004961","0240","6","0","0","0","0","0","0","0","0","","0","0","0","","","0","N","0","","40 03:16.644","2","0","75 00:17.859","0","0","0","0","67301","0","0","0","N","0","0","0","0","67301","0","","2.0","350.0","1","N","N","N","0","","0","0","0","","0","N","","3","0","0","0","0","0","0","2","0","3","","03","","N","","","","","","","","","",""
"2020027939","1837","0","0","0","0","0","0","0","0","0","4","0","","67","3","2020","5","39.980446","-75.128607","1835","6","0","0","0","0","0","0","0","0","","0","0","0","","","2","N","0","","39 58:49.605","5","0","75 07:42.986","4","0","0","0","67301","0","0","0","N","0","0","0","2","67301","2","","1.0","1930.0","1","N","N","N","0","","0","0","3","","0","Y","","3","2","0","0","0","0","0","2","0","3","","","","N","","","","","","","","","",""
"2020011776","0158","1","0","0","0","0","0","0","0","0","8","0","","67","1","2020","5","39.953597","-75.165049","0155","6","0","0","0","0","0","0","0","0","","0","0","0","","","1","N","0","","39 57:12.949","","0","75 09:54.175","3","0","0","0","67301","1","0","0","N","1","0","0","1","67301","0","","1.0","","1","N","N","N","0","","1","0","0","","0","","","2","1","0","0","0","0","0","2","0","1","","","","N","","","","","","","","","",""
"2020010060","1251","0","0","0","0","0","0","0","0","0","8","0","","67","1","2020","2","40.023892","-75.142883","1247","6","0","0","0","0","0","0","0","0","","0","0","0","","","1","N","0","","40 01:26.010","","0","75 08:34.380","3","0","0","0","67301","1","0","0","N","1","0","0","1","67301","0","","1.0","","1","N","N","N","0","","1","0","0","","0","","","2","1","0","0","0","0","0","2","0","1","","03","","N","","","","","","","","","",""
"2020028848","1427","3","0","0","0","0","0","0","0","0","4","0","","67","3","2020","2","39.954974","-75.198355","1425","6","0","0","0","0","0","0","0","0","","0","0","0","","","0","N","0","","39 57:17.907","1","0","75 11:54.079","0","0","0","0","67301","0","0","0","N","0","0","0","1","67504","0","","6.0","1550.0","9","N","N","N","0","","0","0","0","","0","N","","3","0","0","0","0","0","0","2","0","3","","07","","N","","","","","","","","","",""
"2020029299","1605","0","0","0","0","0","0","0","0","0","1","0","","67","2","2020","6","39.893346","-75.196213","1539","6","0","0","0","0","0","1","0","0","","0","0","0","","","1","N","0","","39 53:36.046","1","0","75 11:46.368","3","0","0","0","67301","0","0","0","N","0","0","0","2","68K01","0","","1.0","1645.0","1","N","N","N","0","","1","0","2","","0","N","","2","1","0","0","0","0","0","2","0","2","","","","N","","","","","","","","","",""
"2020027955","0032","2","0","0","0","0","0","0","0","0","5","0","","67","3","2020","5","40.022527","-75.14824","0030","6","0","0","0","0","0","0","0","0","","0","0","0","","","3","N","0","","40 01:21.097","2","0","75 08:53.664","3","0","0","0","67301","0","0","0","N","0","0","0","3","67301","0","","1.0","105.0","9","N","N","N","0","","3","0","0","","2","N","","2","3","0","0","0","0","0","2","0","2","","","","N","","","","","","","","","",""
"2020027259","1819","2","0","0","0","0","0","0","0","0","1","1","","67","3","2020","6","39.958576","-75.168433","1814","6","0","0","0","0","0","1","0","0","","0","0","0","","","2","N","0","","39 57:30.874","3","0","75 10:06.359","4","0","0","0","67301","0","0","0","N","0","0","0","5","68K01","2","","1.0","100.0","9","N","N","N","1","","0","0","1","","0","N","","4","2","0","0","0","0","0","2","0","4","","","","N","","","","","","","","","",""
"2020026678","0105","2","0","0","0","0","0","0","0","0","1","0","","67","3","2020","1","40.030235","-75.145385","0100","6","0","0","0","0","0","2","0","0","","0","0","0","","","2","","1","","40 01:48.847","6","0","75 08:43.386","3","0","0","0","67301","0","0","0","N","0","0","0","2","67301","0","","1.0","127.0","9","N","N","N","0","","2","0","0","","2","Y","","2","2","0","0","0","0","0","2","0","2","","07","","N","","","","","","","","","",""
"2020026733","1710","1","0","0","0","0","0","0","0","0","2","0","","67","3","2020","7","40.018919","-75.049508","1703","6","0","0","0","0","0","0","0","0","","0","0","0","","","3","","1","","40 01:08.110","","0","75 02:58.228","8","0","0","0","67301","0","0","0","N","0","0","0","3","67301","0","","1.0","","1","N","N","N","0","","0","0","1","","3","","","2","3","0","0","0","3","0","2","0","2","","03","","N","","","","","","","","","",""
"2020027177","0745","1","0","0","0","0","0","0","0","0","8","0","","67","3","2020","6","40.051453","-75.122458","0732","6","0","0","0","0","0","1","0","0","","0","0","0","","","1","Y","0","","40 03:05.230","","0","75 07:20.850","2","0","0","0","67301","1","0","1","N","1","0","1","2","67301","0","","1.0","","9","N","N","N","0","","0","1","0","","9","","","2","1","0","0","0","0","0","2","0","1","","07","","N","","","","","","","","","",""
"2020027637","0748","1","0","0","0","0","0","0","0","0","1","0","","67","3","2020","5","40.009004","-75.068578","0748","6","0","0","0","0","0","0","0","0","","0","0","0","","","0","N","0","","40 00:32.415","2","0","75 04:06.881","0","0","0","0","67301","0","0","0","N","0","0","0","2","68K01","0","","1.0","755.0","1","N","N","N","1","","0","0","0","","0","N","","2","0","1","0","0","0","0","2","0","2","","04","","N","","","","","","","","","",""
"2020009853","1558","1","0","0","0","0","0","0","0","0","4","0","","67","1","2020","6","40.036787","-75.069235","1552","6","0","0","0","0","0","0","0","0","","0","0","0","","","1","","1","","40 02:12.433","","0","75 04:09.245","3","0","0","0","67301","0","0","0","N","0","0","0","1","67301","0","","1.0","","1","N","N","N","0","","1","0","1","","3","","","2","1","0","0","0","0","0","2","0","2","","04","","N","","","","","","","","","",""
"2020027274","1501","2","0","0","0","0","0","0","0","0","1","0","","67","3","2020","2","39.964792","-75.185321","1451","6","0","0","0","0","0","1","0","0","","0","0","0","","","0","N","0","","39 57:53.252","","0","75 11:07.156","0","0","0","0","67301","0","0","0","N","0","0","0","2","68K01","0","","1.0","","1","N","N","N","0","","0","0","0","","0","","","2","0","0","0","0","0","0","2","0","2","","","","N","","","","","","","","","",""
"2020027431","1614","2","0","0","0","0","0","0","0","0","1","0","","67","2","2020","4","39.925484","-75.146903","1609","6","0","0","0","0","0","0","1","0","","0","0","0","","","0","N","0","","39 55:31.742","1","0","75 08:48.849","0","0","0","0","67301","0","0","0","N","0","0","0","2","68K01","0","","1.0","1637.0","1","N","N","N","0","","0","0","0","","0","N","","2","0","1","0","0","0","0","2","0","2","","","","N","","","","","","","","","",""
"2020028450","1418","1","0","0","0","0","0","0","0","0","4","1","","67","3","2020","4","39.887318","-75.20442","1410","6","0","0","0","0","0","0","0","0","","0","1","0","","","0","N","0","","39 53:14.346","1","3","75 12:15.912","0","0","0","0","67301","0","0","0","N","0","0","0","2","68K01","0","","1.0","1500.0","1","N","N","N","0","","0","0","0","","0","N","","2","0","0","0","0","0","0","2","0","2","","03","","N","","","","","","","","","",""
"2020027180","1325","0","0","0","0","0","0","0","0","0","8","0","","67","3","2020","2","40.023381","-75.146981","1325","6","0","0","0","0","0","0","0","0","","0","0","0","","","1","N","0","","40 01:24.170","","0","75 08:49.130","3","0","0","0","67301","1","0","0","N","1","0","0","1","67301","0","","1.0","","1","N","N","N","0","","1","0","0","","0","","","2","1","0","0","0","0","0","2","0","1","","03","","N","","","","","","","","","",""
"2020027386","0145","1","0","0","0","0","0","0","0","0","2","0","","67","2","2020","7","39.971945","-75.189964","0143","6","0","0","0","0","0","0","0","0","","1","0","0","","","2","N","0","","39 58:19.003","5","0","75 11:23.870","1","0","0","0","67301","0","0","0","N","0","0","0","3","67301","0","2","1.0","343.0","1","N","N","N","0","0","2","0","1","","0","Y","","2","2","1","1","0","0","0","2","0","2","","","","N","","","","","","","","","",""
"2020027809","0017","2","0","0","0","0","0","0","0","0","1","0","","67","3","2020","7","39.958335","-75.16549","0016","6","0","0","0","0","0","0","0","0","","0","0","0","","","1","N","6","","39 57:30.005","","2","75 09:55.764","4","0","0","0","67301","0","0","0","N","0","0","0","3","68K01","1","","1.0","","1","N","N","N","0","","0","0","0","","0","","","2","1","0","0","0","0","0","2","0","2","","03","","N","","","","","","","","","",""
"2020027400","2049","1","0","0","0","0","0","0","0","0","8","0","","67","2","2020","2","39.97746","-75.14845","2049","6","0","0","0","0","0","0","0","0","","1","0","0","","","0","N","1","","39 58:38.855","2","0","75 08:54.419","1","0","0","0","67301","1","1","0","N","1","1","0","2","67301","0","2","1.0","2221.0","1","N","N","N","0","0","0","0","0","","2","Y","","2","0","0","0","0","0","1","2","0","1","","03","","N","","","","","","","","","",""
"2020029750","1746","1","0","0","0","0","0","0","0","0","4","0","","67","3","2020","6","39.998652","-75.070856","1741","6","0","0","0","0","1","0","0","0","","0","0","0","","","2","","1","","39 59:55.146","","0","75 04:15.080","3","0","0","0","67301","0","0","0","N","0","0","0","2","67301","0","","1.0","","1","N","N","N","0","","1","0","1","","2","","","2","2","0","0","0","1","0","2","0","2","","","","N","","","","","","","","","",""
"2020011432","0040","0","0","0","0","0","0","1","0","0","8","1","","67","1","2020","7","40.025889","-75.1328","0038","6","0","0","0","0","0","0","0","0","","0","0","0","","","1","N","0","","40 01:33.200","2","0","75 07:58.080","2","0","0","0","67301","1","0","1","N","1","0","1","2","67301","0","","1.0","111.0","1","N","N","N","0","","0","1","0","","0","Y","","2","1","0","0","0","0","0","2","0","1","","","","N","","","","","","","","","",""
"2020026730","2126","0","0","0","0","0","0","0","0","0","4","0","","67","3","2020","4","40.036223","-75.064203","2119","6","0","0","0","0","0","0","0","1","","0","0","0","","","2","","1","","40 02:10.401","1","0","75 03:51.131","3","0","0","0","67301","0","0","0","N","0","0","0","2","67301","0","","1.0","30.0","1","N","N","N","1","","2","0","1","","2","N","","2","2","0","0","0","0","0","2","0","2","","","","N","","","","","","","","","",""
"2020028897","1015","0","0","0","0","0","0","0","0","0","4","0","","67","3","2020","2","40.019177","-75.190686","0950","6","0","0","0","0","0","1","0","0","","0","0","0","","","2","N","0","","40 01:09.036","5","0","75 11:26.470","3","0","0","0","67301","0","0","0","N","0","0","0","2","67301","0","","1.0","1145.0","9","N","N","N","1","","2","0","1","","0","Y","","2","2","0","0","0","0","0","2","0","2","","07","","N","","","","","","","","","",""
"2020027231","1803","0","0","0","0","0","0","0","0","0","5","1","","67","2","2020","6","40.011167","-75.061741","1749","6","0","0","0","0","0","0","0","0","","0","1","0","","","0","N","0","","40 00:40.200","2","0","75 03:42.268","0","0","0","0","67301","0","0","0","N","0","0","0","4","68K01","0","","1.0","30.0","1","N","N","N","0","","0","0","2","","0","N","","3","0","0","0","0","0","0","2","0","3","","03","","N","","","","","","","","","",""
"2020027600","1302","1","0","0","0","0","0","0","0","0","1","0","55","67","2","2020","3","40.0543","-74.985753","1249","6","0","0","0","0","0","0","0","0","","0","0","0","","","0","N","0","","40 03:15.479","","0","74 59:08.712","0","0","0","0","67301","0","0","0","N","0","0","0","2","68K01","0","","1.0","","1","N","N","N","0","","0","0","1","","0","","","2","0","0","0","0","0","0","2","0","2","","04","Y","Y","8","2","N","N","N","Y","Y","N","Y","N"
"2020009865","0727","2","0","0","0","0","0","0","0","0","2","0","","67","1","2020","7","40.031392","-75.152378","0726","6","0","0","0","1","0","0","0","0","","0","0","0","","","1","","1","","40 01:53.011","","0","75 09:08.560","3","0","0","0","67301","0","0","0","N","0","0","0","4","67301","0","","1.0","","9","N","N","N","0","","1","0","0","","2","","","2","1","0","0","0","0","0","2","0","2","","","","N","","","","","","","","","",""
"2020027805","0116","0","0","0","0","0","0","0","0","0","5","0","","67","3","2020","7","39.981156","-75.206772","0116","6","0","0","0","0","0","0","0","0","","0","0","0","","","1","N","0","","39 58:52.162","3","0","75 12:24.380","8","0","0","0","67301","0","0","0","N","0","0","0","4","68K01","0","","1.0","30.0","9","N","N","N","0","","0","0","1","","0","N","","2","1","0","0","0","1","0","2","1","2","","","","N","","","","","","","","","",""
"2020026673","2340","1","0","0","0","0","0","0","0","0","5","0","","67","3","2020","7","40.105163","-75.032854","2330","6","0","0","0","0","0","1","1","0","","0","0","0","","","0","","1","","40 06:18.585","","0","75 01:58.276","0","0","0","0","67301","0","0","0","N","0","0","0","3","67301","0","","1.0","","1","N","N","N","0","","0","0","1","","2","","","2","0","0","0","0","0","0","2","0","2","","03","","N","","","","","","","","","",""
"2020011433","0011","2","0","0","0","0","0","0","0","0","2","0","","67","1","2020","1","40.047508","-75.142894","0010","6","0","0","1","0","0","0","0","0","","0","0","0","","","1","","1","","40 02:51.028","2","0","75 08:34.417","3","0","0","0","67301","0","0","0","N","0","0","0","2","67301","0","","1.0","200.0","1","N","N","N","0","","1","0","0","","2","Y","","2","1","0","0","0","0","0","2","0","2","","03","","N","","","","","","","","","",""
"2020027482","2353","2","0","0","0","0","0","0","0","0","1","0","","67","3","2020","7","39.951709","-75.141471","2348","6","0","0","0","0","0","0","0","0","","0","0","0","","","1","N","7","","39 57:06.151","1","2","75 08:29.297","8","0","0","0","67301","0","0","0","N","0","0","0","4","68K01","0","","1.0","2359.0","1","N","N","N","0","","0","0","0","","0","N","","2","1","0","0","0","1","0","2","0","2","","03","","N","","","","","","","","","",""
"2020026680","0511","1","0","0","0","0","0","0","0","0","1","0","","67","3","2020","1","40.029006","-75.147747","0507","6","0","0","0","0","0","0","0","0","","0","0","0","","","0","N","0","","40 01:44.423","","0","75 08:51.889","9","0","0","0","67301","0","0","0","N","0","0","0","1","67301","0","","1.0","","9","N","N","N","0","","0","0","1","","0","","","2","0","0","0","0","0","1","2","0","2","","03","","N","","","","","","","","","",""
"2020009661","0246","0","0","0","0","0","0","0","0","0","8","0","","67","1","2020","7","39.936905","-75.150225","0245","6","0","0","0","0","0","0","0","0","","0","0","0","","","1","","1","","39 56:12.857","","0","75 09:00.810","8","0","0","0","67301","1","0","0","N","1","0","0","1","67301","0","","1.0","","1","N","N","N","0","","0","0","0","","3","","","2","1","0","0","0","1","0","2","0","1","","03","","N","","","","","","","","","",""
"2020027401","1526","1","0","0","0","0","0","0","0","0","2","0","","67","3","2020","7","39.981568","-75.117396","1521","6","0","0","0","1","0","0","0","0","","0","0","0","","","1","","1","","39 58:53.645","","0","75 07:02.627","3","0","0","0","67301","0","0","0","N","0","0","0","4","67301","0","","1.0","","1","N","N","N","2","","1","0","0","","2","","","3","1","4","0","0","0","0","2","0","3","","03","","N","","","","","","","","","",""
"2020027443","0715","1","0","0","0","0","0","0","0","0","1","1","","67","3","2020","4","40.013511","-75.057473","0700","6","0","0","0","0","0","0","0","0","","0","1","0","","","1","N","0","","40 00:48.640","2","0","75 03:26.903","8","0","0","0","67301","0","0","0","N","0","0","0","4","68K01","0","","1.0","820.0","3","N","N","N","0","","0","0","1","","0","N","","4","1","0","0","0","1","0","2","1","4","","","","N","","","","","","","","","",""
"2020027685","0022","1","0","0","0","0","0","0","0","0","4","1","","67","3","2020","3","40.026388","-75.117154","0018","6","0","0","0","0","0","0","0","0","","0","1","0","","","1","","1","","40 01:34.996","1","0","75 07:01.756","3","0","0","0","67301","0","0","0","N","0","0","0","2","67301","0","","1.0","40.0","1","N","N","N","0","","1","0","0","","2","N","","2","1","0","0","0","0","0","2","0","2","","03","","N","","","","","","","","","",""
"2020010309","1619","1","0","0","0","0","0","0","0","0","4","0","","67","1","2020","6","39.960774","-75.143387","1619","6","0","0","0","0","0","0","0","0","","0","0","0","","","0","","1","","39 57:38.787","1","0","75 08:36.192","0","0","0","0","67301","0","0","0","N","0","0","0","1","67301","0","","1.0","1635.0","1","N","N","N","1","","0","0","0","","2","N","","2","0","0","0","0","0","0","2","0","2","","04","","N","","","","","","","","","",""
"2020026958","1830","0","0","0","0","0","0","0","0","0","4","0","","67","3","2020","7","40.080855","-75.028774","1830","6","0","0","0","0","0","0","0","0","","0","0","0","","","1","","1","","40 04:51.077","","0","75 01:43.585","3","0","0","0","67301","0","0","0","N","0","0","0","3","67301","0","","1.0","","99","N","N","N","0","","1","0","1","","2","","","2","1","0","0","0","0","1","2","0","2","","","","N","","","","","","","","","",""
"2020029255","1017","2","0","0","0","0","0","0","0","0","2","0","","67","3","2020","2","39.913443","-75.243455","1000","6","0","0","0","0","0","0","0","0","","0","0","0","","","1","N","0","","39 54:48.393","","7","75 14:36.437","8","0","0","0","67301","0","0","0","N","0","0","0","2","67301","0","","1.0","","1","N","N","N","0","","0","0","0","","0","","","2","1","0","0","0","1","1","2","0","2","","03","","N","","","","","","","","","",""
"2020029307","0825","0","0","0","0","0","0","0","0","0","1","1","","67","2","2020","6","40.011801","-75.060604","0817","6","0","0","0","0","0","0","0","1","","0","0","0","","","0","N","0","","40 00:42.484","2","0","75 03:38.173","0","0","0","0","67301","0","0","0","N","0","0","0","2","68K01","0","","1.0","2030.0","1","N","N","N","1","","0","0","1","","0","N","","2","0","0","0","0","0","0","2","0","2","","03","","N","","","","","","","","","",""
"2020029656","2111","1","0","0","0","0","0","0","0","0","1","0","","67","2","2020","7","39.977413","-75.11205","2103","6","0","0","0","0","0","0","0","0","","0","0","0","","","1","N","0","","39 58:38.688","1","0","75 06:43.379","4","0","0","0","67301","0","0","0","N","0","0","0","3","68K01","1","","1.0","200.0","1","N","N","N","0","","0","0","1","","0","N","","2","1","1","0","0","0","0","2","0","2","","","","N","","","","","","","","","",""
"2020024136","1025","0","0","0","0","0","0","0","0","0","8","1","","67","3","2020","6","39.970374","-75.148139","1022","6","0","0","0","0","0","0","1","0","","0","1","0","","","1","","1","","39 58:13.346","","0","75 08:53.302","3","0","0","0","67301","1","0","0","N","1","0","0","2","67301","0","","1.0","","1","N","N","N","0","","1","0","0","","2","","","2","1","0","0","0","0","0","2","0","1","","","","N","","","","","","","","","",""
"2020028566","0408","0","0","0","0","0","0","0","0","0","1","1","","67","3","2020","6","39.992957","-75.110258","0408","6","0","0","0","0","0","0","0","0","","0","1","0","","","0","","1","","39 59:34.645","","0","75 06:36.928","0","0","0","0","67301","0","0","0","N","0","0","0","2","67301","0","","1.0","","1","N","N","N","0","","0","0","1","","2","","","2","0","0","0","0","0","0","2","0","2","","03","","N","","","","","","","","","",""
"2020029603","0048","1","0","0","0","0","0","0","0","0","7","0","","67","3","2020","6","40.055625","-75.072961","0042","6","0","0","0","0","0","0","0","0","","0","0","0","","","2","N","0","","40 03:20.250","","0","75 04:22.660","3","0","0","0","67301","0","0","0","N","0","0","0","2","67301","0","","2.0","","9","N","N","N","0","","1","0","0","","0","","","1","2","0","0","0","1","0","2","0","1","","03","","N","","","","","","","","","",""
"2020028991","2234","1","0","0","0","0","0","0","0","0","8","0","","67","3","2020","2","40.034653","-75.071534","2211","6","0","0","0","0","0","0","0","0","","1","0","0","","","0","N","0","","40 02:04.749","5","0","75 04:17.523","1","0","0","0","67301","1","1","0","N","1","1","0","3","67301","0","2","1.0","8.0","1","N","N","N","0","0","0","0","0","","0","Y","","2","0","0","0","0","0","0","2","0","1","","03","","N","","","","","","","","","",""
"2020029309","1844","1","0","0","0","0","0","0","0","0","1","0","","67","2","2020","6","39.961416","-75.182522","1838","6","0","0","0","0","0","1","0","0","","0","0","0","","","0","N","0","","39 57:41.098","","0","75 10:57.080","0","0","0","0","67301","0","0","0","N","0","0","0","2","68K01","0","","1.0","","1","N","N","N","0","","0","0","1","","0","","","2","0","0","0","0","0","0","2","0","2","","","","N","","","","","","","","","",""
"2020020842","0957","1","0","0","0","0","0","0","0","0","0","0","","67","2","2020","3","40.019099","-75.190656","0951","6","0","0","0","0","0","0","0","0","","0","0","0","","","1","N","0","","40 01:08.758","2","0","75 11:26.361","3","0","0","0","67301","0","0","0","N","0","0","0","1","67301","0","","1.0","1055.0","9","N","N","N","0","","1","0","0","","0","N","","1","1","0","0","0","0","0","2","0","1","","04","","N","","","","","","","","","",""
"2020038681","2148","0","0","0","0","0","0","0","0","0","8","0","","67","4","2020","1","40.012198","-75.161928","2146","6","0","0","0","0","0","1","0","0","","1","0","0","","","0","N","0","","40 00:43.914","","1","75 09:42.941","1","0","0","0","67301","1","1","0","N","1","1","0","4","67301","0","2","1.0","","1","N","N","N","0","0","0","0","1","","0","","","4","0","0","0","0","0","2","2","0","3","","","","N","","","","","","","","","",""
"2020027599","0649","1","0","0","0","0","0","0","0","0","5","1","","67","2","2020","2","39.956907","-75.153797","0634","6","0","0","0","0","0","1","0","0","","0","1","0","","","0","N","6","","39 57:24.866","","2","75 09:13.670","0","0","0","0","67301","0","0","0","N","0","0","0","2","68K01","0","","7.0","","1","N","N","N","0","","0","0","0","","8","","","2","0","0","0","0","0","0","2","0","2","","","","N","","","","","","","","","",""
"2020028891","0618","0","0","0","0","0","0","0","0","0","8","0","","67","2","2020","5","40.038691","-75.078174","0615","6","0","0","0","0","0","0","0","0","","1","0","0","","","0","N","0","","40 02:19.287","5","0","75 04:41.426","1","0","0","0","67301","1","1","0","N","1","1","0","2","67301","0","2","1.0","930.0","9","N","N","N","0","0","0","0","1","","0","Y","","2","0","0","0","0","0","0","2","0","1","","07","","N","","","","","","","","","",""
"2020028993","1850","1","0","0","0","0","0","0","0","0","7","0","","67","3","2020","2","40.046365","-75.031824","1844","6","0","0","0","0","0","0","0","0","","0","0","0","","","0","N","0","","40 02:46.915","","0","75 01:54.565","0","0","0","0","67301","0","0","0","N","0","0","0","1","67301","0","","4.0","","9","N","N","N","0","","0","0","0","","0","","","1","0","0","0","0","0","0","2","0","1","","","","N","","","","","","","","","",""
"2020028159","1830","2","0","0","0","0","0","0","0","0","5","0","","67","2","2020","4","39.965683","-75.137007","1820","6","0","0","0","0","0","1","0","0","","0","0","0","","","0","N","0","","39 57:56.459","2","0","75 08:13.225","0","0","0","0","67301","0","0","0","N","0","0","0","2","68K01","0","","1.0","45.0","1","N","N","N","0","","0","0","0","","0","N","","2","0","0","0","0","0","0","2","0","2","","","","N","","","","","","","","","",""