"CRN","ARRIVAL_TM","AUTOMOBILE_COUNT","BELTED_DEATH_COUNT","BELTED_SUSP_SERIOUS_INJ_COUNT","BICYCLE_COUNT","BICYCLE_DEATH_COUNT","BICYCLE_SUSP_SERIOUS_INJ_COUNT","BUS_COUNT","CHLDPAS_DEATH_COUNT","CHLDPAS_SUSP_SERIOUS_INJ_COUNT","COLLISION_TYPE","COMM_VEH_COUNT","CONS_ZONE_SPD_LIM","COUNTY","CRASH_MONTH","CRASH_YEAR","DAY_OF_WEEK","DEC_LATITUDE","DEC_LONGITUDE","DISPATCH_TM","DISTRICT","DRIVER_COUNT_16YR","DRIVER_COUNT_17YR","DRIVER_COUNT_18YR","DRIVER_COUNT_19YR","DRIVER_COUNT_20YR","DRIVER_COUNT_50_64YR","DRIVER_COUNT_65_74YR","DRIVER_COUNT_75PLUS","EST_HRS_CLOSED","FATAL_COUNT","HEAVY_TRUCK_COUNT","HORSE_BUGGY_COUNT","HOUR_OF_DAY","ILLUMINATION","INJURY_COUNT","INTERSECTION_RELATED","INTERSECT_TYPE","LANE_CLOSED","LATITUDE","LN_CLOSE_DIR","LOCATION_TYPE","LONGITUDE","MAX_SEVERITY_LEVEL","MCYCLE_DEATH_COUNT","MCYCLE_SUSP_SERIOUS_INJ_COUNT","MOTORCYCLE_COUNT","MUNICIPALITY","NONMOTR_COUNT","NONMOTR_DEATH_COUNT","NONMOTR_SUSP_SERIOUS_INJ_COUNT","NTFY_HIWY_MAINT","PED_COUNT","PED_DEATH_COUNT","PED_SUSP_SERIOUS_INJ_COUNT","PERSON_COUNT","POLICE_AGCY","POSSIBLE_INJ_COUNT","RDWY_SURF_TYPE_CD","RELATION_TO_ROAD","ROADWAY_CLEARED","ROAD_CONDITION","SCH_BUS_IND","SCH_ZONE_IND","SECONDARY_CRASH","SMALL_TRUCK_COUNT","SPEC_JURIS_CD","SUSP_MINOR_INJ_COUNT","SUSP_SERIOUS_INJ_COUNT","SUV_COUNT","TCD_FUNC_CD","TCD_TYPE","TFC_DETOUR_IND","TIME_OF_DAY","TOTAL_UNITS","TOT_INJ_COUNT","UNBELTED_OCC_COUNT","UNB_DEATH_COUNT","UNB_SUSP_SERIOUS_INJ_COUNT","UNK_INJ_DEG_COUNT","UNK_INJ_PER_COUNT","URBAN_RURAL","VAN_COUNT","VEHICLE_COUNT","WEATHER1","WEATHER2","WORKERS_PRES","WORK_ZONE_IND","WORK_ZONE_LOC","WORK_ZONE_TYPE","WZ_CLOSE_DETOUR","WZ_FLAGGER","WZ_LAW_OFFCR_IND","WZ_LN_CLOSURE","WZ_MOVING","WZ_OTHER","WZ_SHLDER_MDN","WZ_WORKERS_INJ_KILLED"
"2020029663","1100","1","0","0","0","0","0","0","0","0","7","0","","67","3","2020","3","39.981117","-75.206723","1100","6","0","0","0","0","0","0","0","0","","0","0","0","","","1","N","0","","39 58:52.021","","0","75 12:24.202","8","0","0","0","67301","0","0","0","N","0","0","0","1","68K01","0","","4.0","","9","N","N","N","0","","0","0","0","","0","","","1","1","0","0","0","1","0","2","0","1","","07","","N","","","","","","","","","",""
"2020029502","1805","0","0","0","0","0","0","1","0","0","4","1","","67","3","2020","2","40.036688","-75.132483","1755","6","0","0","0","0","0","1","0","0","","0","0","0","","","3","","1","","40 02:12.076","","0","75 07:56.939","4","0","0","0","67301","0","0","0","N","0","0","0","4","67508","3","","1.0","","9","N","N","N","0","","0","0","0","","3","","","2","3","0","0","0","0","0","2","1","2","","","","N","","","","","","","","","",""
"2020027389","0308","1","0","0","0","0","0","0","0","0","8","0","","67","1","2020","1","39.971505","-75.225377","0301","6","0","0","0","0","0","0","0","0","","0","0","0","","","1","","2","","39 58:17.418","","0","75 13:31.357","2","0","0","0","67301","1","0","1","N","1","0","1","2","67301","0","","1.0","","9","N","N","N","0","","0","1","0","","0","","","2","1","0","0","0","0","1","2","0","1","","06","","N","","","","","","","","","",""
"2020009954","1820","1","0","0","0","0","0","0","0","0","8","0","","67","1","2020","7","39.959472","-75.233175","1818","6","0","0","0","0","0","0","0","0","","0","0","0","","","1","","1","","39 57:34.098","","0","75 13:59.431","3","0","0","0","67301","1","0","0","N","1","0","0","2","67301","0","","1.0","","9","N","N","N","0","","1","0","0","","2","","","2","1","0","0","0","0","1","2","0","1","","","","N","","","","","","","","","",""
"2020028314","1025","0","0","0","0","0","0","0","0","0","8","0","","67","3","2020","5","40.007865","-75.172261","1025","6","0","0","0","0","0","1","0","0","","0","0","0","","","1","","1","","40 00:28.314","","0","75 10:20.141","8","0","0","0","67301","1","0","0","N","1","0","0","2","67301","0","","1.0","","99","N","N","N","0","","0","0","1","","2","","","2","1","0","0","0","1","0","2","0","1","","","","N","","","","","","","","","",""
"2020028451","1519","0","0","0","0","0","0","0","0","0","4","0","","67","3","2020","4","40.023171","-75.034399","1510","6","0","0","0","0","0","0","0","0","","0","0","0","","","0","N","0","","40 01:23.414","","0","75 02:03.836","0","0","0","0","67301","0","0","0","N","0","0","0","2","68K01","0","","1.0","","1","N","N","N","1","","0","0","1","","0","","","2","0","0","0","0","0","0","2","0","2","","","","N","","","","","","","","","",""
"2020028990","0953","2","0","0","0","0","0","0","0","0","4","0","","67","3","2020","1","39.914598","-75.153688","0953","6","0","0","0","0","0","0","0","1","","0","0","0","","","1","N","0","","39 54:52.554","","0","75 09:13.275","8","0","0","0","67301","0","0","0","N","0","0","0","1","67301","0","","5.0","","1","N","N","N","0","","0","0","0","","2","","","2","1","0","0","0","1","0","2","0","2","","03","","N","","","","","","","","","",""
"2020028339","1658","0","0","0","0","0","0","0","0","0","1","0","","67","2","2020","6","39.90066","-75.154375","1646","6","0","0","0","0","0","0","1","0","","0","0","0","","","0","N","0","","39 54:02.377","","0","75 09:15.751","0","0","0","0","67301","0","0","0","N","0","0","0","2","68K01","0","","1.0","","1","N","N","N","0","","0","0","2","","0","","","2","0","0","0","0","0","0","2","0","2","","","","N","","","","","","","","","",""
"2020024189","0855","0","0","0","0","0","0","1","0","0","1","1","","67","1","2020","2","40.031392","-75.152378","0855","6","0","0","0","0","0","1","0","0","","0","0","0","","","1","","1","","40 01:53.011","","0","75 09:08.560","3","0","0","0","67301","0","0","0","N","0","0","0","2","67301","0","","1.0","","1","Y","N","N","0","","1","0","1","","2","","","2","1","1","0","0","0","0","2","0","2","","03","","N","","","","","","","","","",""
"2020027385","0810","0","0","0","0","0","0","0","0","0","1","1","","67","3","2020","4","39.949411","-75.140868","0759","6","0","0","0","0","0","0","0","0","","0","1","0","","","0","N","0","","39 56:57.881","","0","75 08:27.125","9","0","0","0","67301","0","0","0","N","0","0","0","1","67301","0","","6.0","","1","N","N","N","0","","0","0","1","","0","","","2","0","0","0","0","0","1","2","0","2","","03","","N","","","","","","","","","",""
"2020029643","1403","1","0","0","0","0","0","0","0","0","8","0","","67","3","2020","6","40.036397","-75.109022","1359","6","0","0","0","0","0","0","0","0","","0","0","0","","","1","N","0","","40 02:11.030","","0","75 06:32.480","4","0","0","0","67301","1","0","0","N","1","0","0","2","67301","1","","1.0","","1","N","N","N","0","","0","0","0","","0","","","2","1","0","0","0","0","0","2","0","1","","","","N","","","","","","","","","",""
"2020026988","0308","1","0","0","0","0","0","0","0","0","7","0","","67","3","2020","3","40.131556","-75.013251","0300","6","0","0","0","0","0","0","0","0","","0","0","0","","","1","N","0","","40 07:53.602","","0","75 00:47.702","3","0","0","0","67301","0","0","0","N","0","0","0","1","67301","0","","9.0","","1","N","N","N","0","","1","0","0","","8","","","1","1","0","0","0","0","0","2","0","1","","03","","N","","","","","","","","","",""
"2020026552","1427","1","0","0","0","0","0","0","0","0","1","0","","67","3","2020","6","39.959098","-75.230139","1427","6","0","0","0","0","0","1","0","0","","0","0","0","","","1","N","0","","39 57:32.752","","0","75 13:48.502","3","0","0","0","67301","0","0","0","N","0","0","0","3","67301","0","","1.0","","1","N","N","N","0","","1","0","1","","0","","","2","1","0","0","0","0","1","2","0","2","","","","N","","","","","","","","","",""
"2020027739","0807","1","0","0","0","0","0","0","0","0","4","1","","67","3","2020","3","40.074151","-75.190802","0803","6","0","0","0","0","0","1","0","0","","0","1","0","","","1","N","1","","40 04:26.944","","0","75 11:26.887","3","0","0","0","67301","0","0","0","N","0","0","0","2","46108","0","","1.0","","1","N","N","N","0","","1","0","0","","0","","","2","1","0","0","0","0","0","2","0","2","","","","N","","","","","","","","","",""
"2020028442","0904","0","0","0","0","0","0","0","0","0","4","0","","67","3","2020","6","39.980797","-75.20606","0904","6","0","0","0","0","0","0","0","0","","0","0","0","","","0","N","0","","39 58:50.869","4","0","75 12:21.817","9","0","0","0","67301","0","0","0","N","0","0","0","2","68K01","0","","1.0","1000.0","9","N","N","N","0","","0","0","1","","0","N","","2","0","0","0","0","0","1","2","0","2","","","","N","","","","","","","","","",""
"2020021303","1918","0","0","0","0","0","0","0","0","0","8","0","","67","2","2020","4","39.940421","-75.187486","1859","6","0","0","0","0","0","0","0","0","","0","0","0","","","1","","5","","39 56:25.515","","0","75 11:14.948","3","0","0","0","67301","1","0","0","N","1","0","0","1","67301","0","","1.0","","1","N","N","N","0","","1","0","0","","2","","","2","1","0","0","0","0","0","2","0","1","","05","","N","","","","","","","","","",""
"2020039963","0531","0","0","0","0","0","0","0","0","0","6","0","","67","5","2020","2","40.008004","-75.072798","0529","6","0","0","0","0","1","1","0","0","","0","0","0","","","1","N","0","","40 00:28.816","","0","75 04:22.073","3","0","0","0","67301","0","0","0","N","0","0","0","2","67301","0","","1.0","","1","N","N","N","0","","1","0","2","","0","","","2","1","0","0","0","0","0","2","0","2","","03","","N","","","","","","","","","",""
"2020028825","1108","2","0","0","0","0","0","0","0","0","2","0","","67","3","2020","6","39.996235","-75.172337","1102","6","0","0","0","0","0","1","0","0","","0","0","0","","","1","","1","","39 59:46.447","","0","75 10:20.414","3","0","0","0","67301","0","0","0","N","0","0","0","2","67301","0","","1.0","","1","N","N","N","0","","1","0","0","","2","","","2","1","0","0","0","0","0","2","0","2","","03","","N","","","","","","","","","",""
"2020010544","2335","0","0","0","0","0","0","0","0","0","1","1","","67","1","2020","1","39.932101","-75.199769","2330","6","0","0","0","0","0","0","0","0","","0","0","0","","","0","N","0","","39 55:55.563","","0","75 11:59.168","0","0","0","0","67301","0","0","0","N","0","0","0","1","67301","0","","2.0","","1","N","N","N","0","","0","0","1","","0","","","2","0","0","0","0","0","0","2","0","2","","","","N","","","","","","","","","",""
"2020019824","0918","1","0","0","0","0","0","0","0","0","4","0","","67","2","2020","7","40.028984","-75.10606","0915","6","0","0","0","0","0","0","0","0","","0","0","0","","","1","","1","","40 01:44.341","2","0","75 06:21.815","3","0","0","0","67301","0","0","0","N","0","0","0","5","67301","0","","1.0","935.0","1","N","N","N","1","","1","0","0","","2","N","","2","1","0","0","0","0","0","2","0","2","","03","","N","","","","","","","","","",""
"2020025250","1435","1","0","0","0","0","0","0","0","0","1","0","","67","1","2020","2","39.946234","-75.18911","1425","6","0","0","0","0","0","0","0","1","","0","0","0","","","0","N","0","","39 56:46.443","","0","75 11:20.795","0","0","0","0","67301","0","0","0","N","0","0","0","2","68K01","0","","1.0","","1","N","N","N","0","","0","0","1","","0","","","2","0","0","0","0","0","0","2","0","2","","03","","N","","","","","","","","","",""
"2020028669","1953","1","0","0","0","0","0","0","0","0","7","0","","67","3","2020","1","40.00717","-75.079904","1946","6","0","0","0","0","0","1","0","0","","0","0","0","","","0","N","0","","40 00:25.813","","0","75 04:47.656","0","0","0","0","67301","0","0","0","N","0","0","0","1","67301","0","","2.0","","1","N","N","N","0","","0","0","0","","0","","","1","0","0","0","0","0","0","2","0","1","","","","N","","","","","","","","","",""
"2020026349","1124","1","0","0","0","0","0","0","0","0","1","0","","67","3","2020","6","40.088976","-75.020927","1101","6","0","0","0","0","0","0","0","0","","0","0","0","","","1","","1","","40 05:20.314","","0","75 01:15.336","8","0","0","0","67301","0","0","0","N","0","0","0","3","67301","0","","1.0","","8","N","N","N","0","","0","0","1","","2","","","2","1","0","0","0","1","0","2","0","2","","07","","N","","","","","","","","","",""
"2020029466","1943","1","0","0","0","0","0","0","0","0","1","0","","67","1","2020","7","39.979426","-75.107039","1931","6","0","0","0","0","0","0","0","0","","0","0","0","","","0","N","0","","39 58:45.932","1","0","75 06:25.341","0","0","0","0","67301","0","0","0","N","0","0","0","2","68K01","0","","1.0","2035.0","1","N","N","N","0","","0","0","0","","0","N","","2","0","0","0","0","0","0","2","1","2","","03","","N","","","","","","","","","",""
"2020028893","0712","1","0","0","0","0","0","0","0","0","7","0","","67","3","2020","3","40.029439","-75.102268","0708","6","0","0","0","0","0","0","0","0","","1","0","0","","","0","N","0","","40 01:45.980","1","0","75 06:08.164","1","0","0","0","67301","0","0","0","N","0","0","0","1","67301","0","2","3.0","1020.0","9","N","N","N","0","0","0","0","0","","0","Y","","1","0","1","1","0","0","0","2","0","1","","04","","N","","","","","","","","","",""
"2020019863","1100","1","0","0","0","0","0","0","0","0","2","0","","67","2","2020","6","40.072361","-75.032192","1044","6","0","0","0","0","0","1","0","0","","0","0","0","","","1","N","0","","40 04:20.500","","7","75 01:55.890","8","0","0","0","67301","0","0","0","N","0","0","0","2","67301","0","","1.0","","1","N","N","N","0","","0","0","1","","0","","","2","1","0","0","0","1","0","2","0","2","","03","","N","","","","","","","","","",""
"2020028486","0520","0","0","0","0","0","0","0","0","0","4","0","","67","3","2020","7","39.984768","-75.116675","0520","6","0","0","0","0","0","1","1","0","","0","0","0","","","1","","1","","39 59:05.163","","0","75 07:00.029","8","0","0","0","67301","0","0","0","N","0","0","0","3","67301","0","","1.0","","1","N","N","N","0","","0","0","2","","2","","","2","1","0","0","0","1","0","2","0","2","","03","","N","","","","","","","","","",""
"2020027762","0108","1","0","0","0","0","0","0","0","0","7","0","","67","3","2020","2","40.001983","-75.162689","0108","6","0","0","0","0","1","0","0","0","","0","0","0","","","0","N","0","","40 00:07.140","","0","75 09:45.680","0","0","0","0","67301","0","0","0","N","0","0","0","1","67301","0","","5.0","","1","N","N","N","0","","0","0","0","","0","","","1","0","0","0","0","0","0","2","0","1","","03","","N","","","","","","","","","",""
"2020029642","1842","1","0","0","0","0","0","0","0","0","4","0","","67","3","2020","1","40.028204","-75.109973","1824","6","0","0","0","0","0","0","0","0","","0","0","0","","","0","","1","","40 01:41.536","","0","75 06:35.902","0","0","0","0","67301","0","0","0","N","0","0","0","3","67301","0","","1.0","","1","N","N","N","1","","0","0","0","","2","","","3","0","0","0","0","0","0","2","1","3","","03","","N","","","","","","","","","",""
"2020029304","1129","2","0","0","0","0","0","0","0","0","1","0","","67","2","2020","3","39.958984","-75.170695","1121","6","0","0","0","0","0","0","0","0","","0","0","0","","","1","N","0","","39 57:32.343","4","0","75 10:14.501","3","0","0","0","67301","0","0","0","N","0","0","0","2","68K01","0","","1.0","15.0","9","N","N","N","0","","1","0","0","","0","N","","2","1","0","0","0","0","0","2","0","2","","","","N","","","","","","","","","",""
"2020011638","0925","0","0","0","0","0","0","1","0","0","1","1","","67","1","2020","5","39.986299","-75.156214","0921","6","0","0","0","0","0","1","0","0","","0","0","0","","","1","","1","","39 59:10.675","","0","75 09:22.372","8","0","0","0","67301","0","0","0","N","0","0","0","4","67301","0","","1.0","","1","Y","N","N","0","","0","0","1","","2","","","2","1","1","0","0","1","0","2","0","2","","03","","N","","","","","","","","","",""
"2020027988","2147","1","0","0","0","0","0","0","0","0","2","0","","67","3","2020","1","40.011228","-75.129803","2147","6","0","0","0","0","0","0","1","0","","0","0","0","","","2","N","0","","40 00:40.420","","0","75 07:47.290","3","0","0","0","67301","0","0","0","N","0","0","0","3","67301","0","","1.0","","1","N","N","N","0","","2","0","1","","0","","","2","2","0","0","0","0","0","2","0","2","","","","N","","","","","","","","","",""
"2020028378","1848","1","0","0","0","0","0","0","0","0","8","0","","67","3","2020","6","39.993948","-75.154581","1845","6","0","0","0","0","0","0","0","0","","0","0","0","","","1","","1","","39 59:38.213","","0","75 09:16.493","3","0","0","0","67301","1","0","0","N","1","0","0","1","67301","0","","1.0","","1","N","N","N","0","","1","0","0","","2","","","2","1","0","0","0","0","0","2","0","1","","","","N","","","","","","","","","",""
"2020019697","1730","2","0","0","0","0","0","0","0","0","1","1","","67","2","2020","2","39.978827","-75.109151","1517","6","0","0","0","0","0","2","0","1","","0","1","0","","","1","N","0","","39 58:43.776","1","0","75 06:32.942","8","0","0","0","67301","0","0","0","N","0","0","0","10","68K01","0","","4.0","1830.0","1","N","N","N","1","","0","0","2","","0","N","","6","1","0","0","0","1","0","2","0","6","","","","N","","","","","","","","","",""
"2020030984","2144","1","0","0","0","0","0","0","0","0","4","0","","67","4","2020","6","40.039458","-75.077435","2140","6","0","0","1","0","0","1","0","0","","0","0","0","","","0","","1","","40 02:22.048","2","0","75 04:38.765","9","0","0","0","67301","0","0","0","N","0","0","0","2","67301","0","","1.0","2230.0","9","N","N","N","0","","0","0","1","","2","N","","2","0","0","0","0","0","2","2","0","2","","","","N","","","","","","","","","",""
"2020021488","0747","1","0","0","0","0","0","0","0","0","8","0","","67","2","2020","3","39.921973","-75.170972","0739","6","0","0","0","0","0","0","0","0","","1","0","0","","","0","","1","","39 55:19.102","","0","75 10:15.499","1","0","0","0","67301","1","1","0","N","1","1","0","2","67301","0","2","1.0","","1","N","N","N","0","0","0","0","0","","3","","","2","0","0","0","0","0","0","2","0","1","","04","","N","","","","","","","","","",""
"2020029399","0415","0","0","0","0","0","0","0","0","0","4","0","","67","3","2020","4","40.00868","-75.068855","0414","6","0","0","0","0","0","1","0","0","","0","0","0","","","2","","1","","40 00:31.249","4","0","75 04:07.877","4","0","0","0","67301","0","0","0","N","0","0","0","3","67301","2","","1.0","520.0","1","N","N","N","0","","0","0","2","","2","N","","2","2","0","0","0","0","0","2","0","2","","03","","N","","","","","","","","","",""
"2020010018","0841","0","0","0","0","0","0","0","0","0","1","1","","67","1","2020","2","39.95229","-75.140993","0822","6","0","0","0","0","0","1","0","0","","0","1","0","","","1","N","0","","39 57:08.243","","0","75 08:27.576","4","0","0","0","67301","0","0","0","N","0","0","0","2","68K01","1","","1.0","","1","N","N","N","0","","0","0","1","","0","","","3","1","0","0","0","0","0","2","0","2","","","","N","","","","","","","","","",""
"2020027428","1215","1","0","0","0","0","0","0","0","0","1","0","","67","2","2020","7","40.010989","-75.062061","1207","6","0","0","0","0","1","0","0","0","","0","0","0","","","0","N","0","","40 00:39.560","2","0","75 03:43.421","9","0","0","0","67301","0","0","0","N","0","0","0","5","68K01","0","","1.0","1255.0","1","N","N","N","0","","0","0","1","","0","N","","2","0","0","0","0","0","1","2","0","2","","","","N","","","","","","","","","",""
"2020028425","1638","1","0","0","0","0","0","0","0","0","1","0","","67","3","2020","4","39.958108","-75.164508","1626","6","0","0","0","0","0","0","1","0","","0","0","0","","","1","N","0","","39 57:29.188","","0","75 09:52.227","8","0","0","0","67301","0","0","0","N","0","0","0","2","68K01","0","","1.0","","1","N","N","N","0","","0","0","1","","0","","","2","1","0","0","0","1","0","2","0","2","","","","N","","","","","","","","","",""
"2020029306","1549","1","0","0","0","0","0","0","0","0","1","0","","67","2","2020","4","39.958524","-75.167999","1516","6","0","0","0","0","0","1","0","0","","0","0","0","","","0","N","0","","39 57:30.688","","0","75 10:04.796","0","0","0","0","67301","0","0","0","N","0","0","0","3","68K01","0","","1.0","","1","N","N","N","0","","0","0","1","","0","","","2","0","1","0","0","0","0","2","0","2","","","","N","","","","","","","","","",""
"2020031426","1555","1","0","0","0","0","0","0","0","0","4","0","","67","4","2020","1","39.904423","-75.238567","1548","6","0","0","0","0","0","0","1","0","","0","0","0","","","3","","2","","39 54:15.922","","0","75 14:18.841","3","0","0","0","67301","0","0","0","N","0","0","0","3","67301","1","","1.0","","1","N","N","N","0","","2","0","1","","3","","","2","3","0","0","0","0","0","2","0","2","","03","","N","","","","","","","","","",""
"2020024135","1113","1","0","0","0","0","0","1","0","0","4","1","","67","3","2020","6","39.983587","-75.247126","1112","6","0","0","0","0","0","0","0","0","","0","0","0","","","0","","1","","39 59:00.913","","0","75 14:49.652","0","0","0","0","67301","0","0","0","N","0","0","0","2","67301","0","","1.0","","9","N","N","N","0","","0","0","0","","2","","","2","0","0","0","0","0","0","2","0","2","","04","","N","","","","","","","","","",""
"2020028334","1450","1","0","0","0","0","0","0","0","0","1","0","","67","2","2020","5","39.988187","-75.089019","1444","6","0","0","0","0","0","0","0","0","","0","0","0","","","0","N","0","","39 59:17.474","2","0","75 05:20.468","0","0","0","0","67301","0","0","0","N","0","0","0","2","68K01","0","","1.0","1530.0","9","N","N","N","0","","0","0","1","","0","N","","2","0","0","0","0","0","0","2","0","2","","04","","N","","","","","","","","","",""
"2020027399","2329","2","0","0","0","0","0","0","0","0","4","0","","67","3","2020","2","39.964079","-75.232201","2325","6","0","0","0","0","0","0","1","0","","0","0","0","","","1","","1","","39 57:50.685","","0","75 13:55.925","3","0","0","0","67301","0","0","0","N","0","0","0","3","67301","0","","1.0","","1","N","N","N","0","","1","0","0","","3","","","2","1","1","0","0","0","0","2","0","2","","03","","N","","","","","","","","","",""
"2020025279","1837","0","0","0","0","0","0","0","0","0","8","0","","67","3","2020","6","39.961185","-75.24707","1835","6","0","0","0","0","0","0","1","0","","0","0","0","","","1","","2","","39 57:40.266","","0","75 14:49.451","4","0","0","0","67301","1","0","0","N","1","0","0","2","67301","1","","1.0","","9","N","N","N","1","","0","0","0","","2","","","2","1","1","0","0","0","0","2","0","1","","","","N","","","","","","","","","",""
"2020020668","0707","3","0","0","0","0","0","0","0","0","2","0","","67","2","2020","6","39.969664","-75.211523","0700","6","1","0","0","0","0","0","0","0","","0","0","0","","","1","","1","","39 58:10.789","","0","75 12:41.484","8","0","0","0","67301","0","0","0","N","0","0","0","3","67301","0","","1.0","","1","N","N","N","0","","0","0","0","","2","","","3","1","2","0","0","1","0","2","0","3","","","","N","","","","","","","","","",""
"2020031230","0945","2","0","0","0","0","0","0","0","0","4","0","","67","4","2020","1","40.048115","-75.013249","0942","6","0","0","0","0","0","1","0","0","","0","0","0","","","0","","2","","40 02:53.214","","0","75 00:47.698","0","0","0","0","67301","0","0","0","N","0","0","0","1","67301","0","","1.0","","1","N","N","N","0","","0","0","0","","0","","","2","0","0","0","0","0","0","2","0","2","","","","N","","","","","","","","","",""
"2020020182","0725","1","0","0","0","0","0","1","0","0","5","1","","67","2","2020","1","39.921306","-75.158556","0720","6","0","0","0","0","0","0","0","0","","0","0","0","","","2","N","0","","39 55:16.700","","0","75 09:30.800","3","0","0","0","67301","0","0","0","N","0","0","0","3","67301","0","","1.0","","1","N","N","N","0","","2","0","0","","0","","","2","2","1","0","0","0","0","2","0","2","","03","","N","","","","","","","","","",""
"2020021944","0805","2","0","0","0","0","0","0","0","0","1","0","","67","2","2020","7","39.952294","-75.187837","0800","6","0","0","0","0","0","0","0","0","","0","0","0","","","2","Y","0","","39 57:08.258","4","0","75 11:16.213","3","0","0","0","67301","0","0","0","N","0","0","0","2","67504","0","","6.0","850.0","1","N","N","N","0","","2","0","0","","0","N","","2","2","2","0","0","0","0","2","0","2","","03","","N","","","","","","","","","",""
"2020025491","1848","1","0","0","0","0","0","0","0","0","7","0","","67","2","2020","7","40.005851","-75.074809","1843","6","0","0","0","0","0","0","0","0","","0","0","0","","","0","N","0","","40 00:21.064","1","0","75 04:29.313","0","0","0","0","67301","0","0","0","N","0","0","0","2","68K01","0","","5.0","1900.0","1","N","N","N","0","","0","0","1","","0","N","","2","0","0","0","0","0","0","2","0","2","","03","","N","","","","","","","","","",""
"2020032131","1335","1","0","0","0","0","0","0","0","0","8","0","","67","4","2020","5","40.011031","-75.175108","1333","6","0","0","0","0","0","1","0","0","","0","0","0","","","1","N","0","","40 00:39.710","","0","75 10:30.390","3","0","0","0","67301","1","0","0","N","1","0","0","2","67301","0","","5.0","","1","N","N","N","0","","1","0","0","","0","","","2","1","0","0","0","0","0","2","0","1","","","","N","","","","","","","","","",""
"2020020751","0805","0","0","0","0","0","0","0","0","0","1","0","","67","2","2020","6","39.98338","-75.208052","0754","6","0","0","0","0","0","1","0","0","","0","0","0","","","1","N","0","","39 59:00.169","","0","75 12:28.988","3","0","0","0","67301","0","0","0","N","0","0","0","6","68K01","0","","1.0","","9","N","N","N","0","","1","0","3","","0","","","3","1","0","0","0","0","0","2","0","3","","","","N","","","","","","","","","",""
"2020031897","1525","1","0","0","0","0","0","0","0","0","5","0","","67","3","2020","1","39.890115","-75.220007","1511","6","0","0","0","0","1","1","0","0","","0","0","0","","","1","N","7","","39 53:24.415","2","8","75 13:12.026","4","0","0","0","67301","0","0","0","N","0","0","0","6","68K01","1","","1.0","1530.0","1","N","N","N","0","","0","0","1","","0","N","","2","1","0","0","0","0","0","2","0","2","","03","","N","","","","","","","","","",""
"2020021301","1530","1","0","0","0","0","0","0","0","0","8","0","","67","2","2020","4","40.043864","-75.191083","1526","6","0","0","0","0","0","0","0","0","","0","0","0","","","1","N","0","","40 02:37.910","","0","75 11:27.900","8","0","0","0","67301","1","0","0","N","1","0","0","1","67301","0","","1.0","","1","N","N","N","0","","0","0","0","","0","","","2","1","0","0","0","1","0","2","0","1","","","","N","","","","","","","","","",""
"2020030725","2232","1","0","0","0","0","0","0","0","0","4","0","","67","3","2020","3","40.004199","-75.099379","2230","6","0","0","0","0","0","1","0","0","","1","0","0","","","1","","1","","40 00:15.118","5","1","75 05:57.764","1","0","0","0","67301","0","0","0","N","0","0","0","2","67301","0","2","1.0","115.0","1","N","N","Y","0","0","0","1","0","","2","Y","","2","1","0","0","0","0","0","2","1","2","","03","","N","","","","","","","","","",""
"2020031951","2008","0","0","0","0","0","0","0","0","0","8","0","","67","4","2020","4","40.066128","-75.063046","2002","6","0","0","0","0","0","1","0","0","","0","0","0","","","1","","1","","40 03:58.061","","0","75 03:46.964","3","0","0","0","67301","1","0","0","N","1","0","0","2","67301","0","","1.0","","9","N","N","N","0","","1","0","1","","2","","","2","1","1","0","0","0","0","2","0","1","","07","","N","","","","","","","","","",""
"2020020183","0827","1","0","0","0","0","0","0","0","0","7","0","","67","2","2020","1","40.089867","-74.975596","0820","6","0","0","0","0","0","0","0","0","","0","0","0","","","2","","2","","40 05:23.520","3","0","74 58:32.146","4","0","0","0","67301","0","0","0","N","0","0","0","2","67301","2","","5.0","945.0","1","N","N","N","0","","0","0","0","","0","N","","1","2","2","0","0","0","0","2","0","1","","03","","N","","","","","","","","","",""
"2020039196","0352","1","0","0","0","0","0","0","0","0","7","0","","67","5","2020","7","39.966253","-75.231797","0349","6","0","0","0","0","0","0","0","0","","0","0","0","","","0","N","0","","39 57:58.510","","7","75 13:54.470","9","0","0","0","67301","0","0","0","N","0","0","0","1","67301","0","","5.0","","1","N","N","N","0","","0","0","0","","0","","","1","0","1","0","0","0","1","2","0","1","","03","","N","","","","","","","","","",""
"2020024783","0908","2","0","0","0","0","0","0","0","0","4","0","","67","2","2020","6","39.995749","-75.168576","0906","6","0","0","0","0","0","1","0","0","","1","0","0","","","0","N","2","","39 59:44.695","","0","75 10:06.875","1","0","0","0","67301","0","0","0","N","0","0","0","2","67301","0","2","1.0","","1","N","N","N","0","0","0","0","0","","3","","","2","0","1","1","0","0","1","2","0","2","","03","","N","","","","","","","","","",""
"2020021296","0309","2","0","0","0","0","0","0","0","0","4","0","","67","2","2020","2","40.039151","-75.110002","0249","6","0","0","0","0","0","0","0","0","","0","0","0","","","2","","1","","40 02:20.942","3","0","75 06:36.006","8","0","0","0","67301","0","0","0","N","0","0","0","3","67301","0","","1.0","130.0","1","N","N","N","0","","0","0","0","","2","Y","","2","2","0","0","0","2","0","2","0","2","","03","","N","","","","","","","","","",""