"CRN","ARRIVAL_TM","AUTOMOBILE_COUNT","BELTED_DEATH_COUNT","BELTED_SUSP_SERIOUS_INJ_COUNT","BICYCLE_COUNT","BICYCLE_DEATH_COUNT","BICYCLE_SUSP_SERIOUS_INJ_COUNT","BUS_COUNT","CHLDPAS_DEATH_COUNT","CHLDPAS_SUSP_SERIOUS_INJ_COUNT","COLLISION_TYPE","COMM_VEH_COUNT","CONS_ZONE_SPD_LIM","COUNTY","CRASH_MONTH","CRASH_YEAR","DAY_OF_WEEK","DEC_LATITUDE","DEC_LONGITUDE","DISPATCH_TM","DISTRICT","DRIVER_COUNT_16YR","DRIVER_COUNT_17YR","DRIVER_COUNT_18YR","DRIVER_COUNT_19YR","DRIVER_COUNT_20YR","DRIVER_COUNT_50_64YR","DRIVER_COUNT_65_74YR","DRIVER_COUNT_75PLUS","EST_HRS_CLOSED","FATAL_COUNT","HEAVY_TRUCK_COUNT","HORSE_BUGGY_COUNT","HOUR_OF_DAY","ILLUMINATION","INJURY_COUNT","INTERSECTION_RELATED","INTERSECT_TYPE","LANE_CLOSED","LATITUDE","LN_CLOSE_DIR","LOCATION_TYPE","LONGITUDE","MAX_SEVERITY_LEVEL","MCYCLE_DEATH_COUNT","MCYCLE_SUSP_SERIOUS_INJ_COUNT","MOTORCYCLE_COUNT","MUNICIPALITY","NONMOTR_COUNT","NONMOTR_DEATH_COUNT","NONMOTR_SUSP_SERIOUS_INJ_COUNT","NTFY_HIWY_MAINT","PED_COUNT","PED_DEATH_COUNT","PED_SUSP_SERIOUS_INJ_COUNT","PERSON_COUNT","POLICE_AGCY","POSSIBLE_INJ_COUNT","RDWY_SURF_TYPE_CD","RELATION_TO_ROAD","ROADWAY_CLEARED","ROAD_CONDITION","SCH_BUS_IND","SCH_ZONE_IND","SECONDARY_CRASH","SMALL_TRUCK_COUNT","SPEC_JURIS_CD","SUSP_MINOR_INJ_COUNT","SUSP_SERIOUS_INJ_COUNT","SUV_COUNT","TCD_FUNC_CD","TCD_TYPE","TFC_DETOUR_IND","TIME_OF_DAY","TOTAL_UNITS","TOT_INJ_COUNT","UNBELTED_OCC_COUNT","UNB_DEATH_COUNT","UNB_SUSP_SERIOUS_INJ_COUNT","UNK_INJ_DEG_COUNT","UNK_INJ_PER_COUNT","URBAN_RURAL","VAN_COUNT","VEHICLE_COUNT","WEATHER1","WEATHER2","WORKERS_PRES","WORK_ZONE_IND","WORK_ZONE_LOC","WORK_ZONE_TYPE","WZ_CLOSE_DETOUR","WZ_FLAGGER","WZ_LAW_OFFCR_IND","WZ_LN_CLOSURE","WZ_MOVING","WZ_OTHER","WZ_SHLDER_MDN","WZ_WORKERS_INJ_KILLED"
"2020031447","2338","1","0","0","0","0","0","0","0","0","4","0","","67","4","2020","1","39.941378","-75.177064","2337","6","0","0","0","0","0","0","0","0","","0","0","0","","","0","N","0","","39 56:28.960","4","0","75 10:37.430","9","0","0","0","67301","0","0","0","N","0","0","0","1","67301","0","","2.0","2337.0","1","N","N","N","0","","0","0","4","","0","N","","5","0","0","0","0","0","1","2","0","5","","","","N","","","","","","","","","",""
"2020039355","0834","2","0","0","0","0","0","0","0","0","2","0","","67","5","2020","7","40.022744","-75.089899","0830","6","0","0","0","0","1","0","0","0","","0","0","0","","","1","","1","","40 01:21.878","","0","75 05:23.636","4","0","0","0","67301","0","0","0","N","0","0","0","2","67301","1","","1.0","","1","N","N","N","0","","0","0","0","","3","","","2","1","1","0","0","0","0","2","0","2","","03","","N","","","","","","","","","",""
"2020025511","0345","1","0","0","0","0","0","0","0","0","7","0","","67","3","2020","1","39.882699","-75.244981","0329","6","0","0","0","0","0","0","0","0","","0","0","0","","","2","N","0","","39 52:57.717","","0","75 14:41.931","3","0","0","0","67301","0","0","0","Y","0","0","0","2","68K01","0","","4.0","","1","N","N","N","0","","2","0","0","","0","","","1","2","0","0","0","0","0","2","0","1","","03","","N","","","","","","","","","",""
"2020031840","2035","1","0","0","0","0","0","0","0","0","0","0","","67","4","2020","2","39.915418","-75.191808","2030","6","0","0","0","0","0","0","0","0","","0","0","0","","","1","N","0","","39 54:55.506","6","0","75 11:30.507","3","0","0","0","67301","0","0","0","N","0","0","0","1","67301","0","","3.0","2157.0","1","N","N","N","0","","1","0","0","","0","Y","","1","1","0","0","0","0","0","2","0","1","","03","","N","","","","","","","","","",""
"2020020436","0521","0","0","0","0","0","0","0","0","0","5","0","","67","1","2020","6","40.036462","-75.014832","0510","6","0","0","0","0","0","0","0","0","","0","0","0","","","1","N","0","","40 02:11.263","","0","75 00:53.394","8","0","0","0","67301","0","0","0","N","0","0","0","2","68K01","0","","1.0","","1","N","N","N","0","","0","0","0","","0","","","2","1","1","0","0","1","1","2","1","2","","","","N","","","","","","","","","",""
"2020019660","1025","0","0","0","0","0","0","0","0","0","4","0","","67","2","2020","5","40.080757","-75.028601","1021","6","0","0","0","0","0","0","0","1","","0","0","0","","","1","","1","","40 04:50.725","","0","75 01:42.964","8","0","0","0","67301","0","0","0","N","0","0","0","3","67301","0","","1.0","","1","N","N","N","0","","0","0","1","","2","","","2","1","0","0","0","1","0","2","1","2","","03","","N","","","","","","","","","",""
"2020025864","1816","2","0","0","0","0","0","0","0","0","4","0","","67","3","2020","5","39.982233","-75.174676","1816","6","0","0","0","0","0","0","0","0","","0","0","0","","","1","N","0","","39 58:56.037","","0","75 10:28.832","4","0","0","0","67301","0","0","0","N","0","0","0","1","67301","1","","1.0","","1","N","N","N","0","","0","0","0","","0","","","2","1","0","0","0","0","0","2","0","2","","04","","N","","","","","","","","","",""
"2020020307","1933","1","0","0","0","0","0","0","0","0","2","0","","67","2","2020","6","40.087781","-75.035004","1933","6","0","0","0","0","0","0","0","0","","0","0","0","","","0","N","0","","40 05:16.012","5","7","75 02:06.013","0","0","0","0","67301","0","0","0","N","0","0","0","3","67301","0","","1.0","1940.0","1","N","N","N","0","","0","0","1","","0","N","","2","0","0","0","0","0","0","2","0","2","","03","","N","","","","","","","","","",""
"2020020345","2327","2","0","0","0","0","0","0","0","0","5","0","","67","1","2020","2","39.959565","-75.140916","2318","6","0","0","0","0","0","0","0","0","","0","0","0","","","1","N","0","","39 57:34.435","2","0","75 08:27.298","8","0","0","0","67301","0","0","0","N","0","0","0","2","68K01","0","","1.0","30.0","1","N","N","N","0","","0","0","0","","0","N","","2","1","0","0","0","1","0","2","0","2","","","","N","","","","","","","","","",""
"2020031134","1821","1","0","0","0","0","0","0","0","0","1","0","","67","3","2020","2","39.958139","-75.163939","1817","6","0","0","0","0","0","1","0","0","","0","0","0","","","1","N","0","","39 57:29.300","4","0","75 09:50.182","8","0","0","0","67301","0","0","0","N","0","0","0","5","68K01","0","","1.0","1925.0","1","N","N","Y","0","","0","0","2","","0","N","","4","1","0","0","0","1","0","2","1","4","","03","","N","","","","","","","","","",""
"2020025308","2216","1","0","0","0","0","0","0","0","0","7","0","","67","3","2020","6","40.086669","-74.970711","2208","6","0","0","0","0","1","0","0","0","","0","0","0","","","0","N","0","","40 05:12.010","","0","74 58:14.560","0","0","0","0","67301","0","0","0","N","0","0","0","3","67301","0","","5.0","","9","N","N","N","0","","0","0","0","","0","","","1","0","1","0","0","0","0","2","0","1","","07","","N","","","","","","","","","",""
"2020020666","0815","1","0","0","0","0","0","0","0","0","4","0","","67","2","2020","1","40.040033","-75.068254","0809","6","0","0","0","0","0","0","0","0","","0","0","0","","","1","","1","","40 02:24.118","","0","75 04:05.714","3","0","0","0","67301","0","0","0","N","0","0","0","2","67301","0","","1.0","","1","N","N","N","0","","1","0","1","","3","","","2","1","0","0","0","0","1","2","0","2","","03","","N","","","","","","","","","",""
"2020031550","0745","1","0","0","0","0","0","0","0","0","4","0","","67","4","2020","7","40.014109","-75.157821","0739","6","0","0","0","0","0","0","0","0","","0","0","0","","","1","N","0","","40 00:50.792","","0","75 09:28.154","3","0","0","0","67301","0","0","0","N","0","0","0","1","67301","0","","4.0","","1","N","N","N","1","","1","0","0","","0","","","2","1","0","0","0","0","0","2","0","2","","","","N","","","","","","","","","",""
"2020039880","1429","1","0","0","0","0","0","0","0","0","4","0","","67","5","2020","4","39.95692","-75.152863","1425","6","0","0","0","0","0","0","0","0","","0","0","0","","","0","N","0","","39 57:24.911","","0","75 09:10.305","9","0","0","0","67301","0","0","0","N","0","0","0","2","68K01","0","","1.0","","1","N","N","N","0","","0","0","1","","0","","","2","0","0","0","0","0","1","2","0","2","","03","","N","","","","","","","","","",""
"2020020361","0421","1","0","0","0","0","0","0","0","0","5","1","45","67","2","2020","7","39.979783","-75.106314","0415","6","0","0","0","0","0","0","0","0","","0","1","0","","","0","N","0","","39 58:47.220","","0","75 06:22.729","0","0","0","0","67301","0","0","0","N","0","0","0","2","68K01","0","","1.0","","1","N","N","N","0","","0","0","0","","0","","","2","0","1","0","0","0","0","2","0","2","","","N","Y","4","1","","","N","","","Y","","N"
"2020024954","0700","1","0","0","0","0","0","0","0","0","7","1","","67","3","2020","2","40.042778","-75.190222","0650","6","0","0","0","0","0","0","0","0","","0","1","0","","","0","N","0","","40 02:34.000","5","1","75 11:24.800","0","0","0","0","67301","0","0","0","N","0","0","0","1","67301","0","","5.0","1030.0","1","N","N","N","0","","0","0","1","","8","Y","","3","0","0","0","0","0","0","2","0","3","","","","N","","","","","","","","","",""
"2020024672","2017","1","0","0","0","0","0","0","0","0","4","0","","67","3","2020","2","39.996566","-75.091038","2007","6","0","0","0","0","0","2","0","0","","0","0","0","","","1","N","0","","39 59:47.637","","0","75 05:27.735","3","0","0","0","67301","0","0","0","N","0","0","0","2","67301","0","","1.0","","1","N","N","N","0","","1","0","1","","9","","","2","1","0","0","0","0","0","2","0","2","","","","N","","","","","","","","","",""
"2020021489","1030","1","0","0","0","0","0","0","0","0","5","0","","67","2","2020","4","39.906771","-75.24115","1030","6","0","0","0","0","0","0","0","0","","0","1","0","","","0","N","0","","39 54:24.376","","0","75 14:28.140","0","0","0","0","67301","0","0","0","N","0","0","0","2","67301","0","","1.0","","1","N","N","Y","0","","0","0","0","","2","","","3","0","0","0","0","0","0","2","0","3","","03","","N","","","","","","","","","",""
"2020024611","2235","1","0","0","0","0","0","0","0","0","2","0","","67","3","2020","1","40.052727","-75.008414","2232","6","0","0","0","0","0","1","0","0","","0","0","0","","","4","","3","","40 03:09.817","6","0","75 00:30.291","3","0","0","0","67301","0","0","0","N","0","0","0","4","67301","0","","1.0","1245.0","1","N","N","N","0","","4","0","1","","0","Y","","2","4","0","0","0","0","0","2","0","2","","03","","N","","","","","","","","","",""
"2020031518","1024","0","0","0","0","0","0","0","0","0","7","0","","67","4","2020","4","39.899915","-75.161381","1022","6","0","0","1","0","0","0","0","0","","0","0","0","","","2","N","0","","39 53:59.695","2","0","75 09:40.972","4","0","0","0","67301","0","0","0","N","0","0","0","2","68K01","2","","1.0","30.0","1","N","N","N","0","","0","0","1","","0","N","","1","2","0","0","0","0","0","2","0","1","","","","N","","","","","","","","","",""
"2020039863","1622","1","0","0","0","0","0","0","0","0","2","0","","67","5","2020","1","39.930868","-75.198896","1605","6","0","1","0","0","0","0","0","0","","0","0","0","","","0","N","0","","39 55:51.125","4","0","75 11:56.025","0","0","0","0","67301","0","0","0","N","0","0","0","1","68K01","0","","4.0","1705.0","1","N","N","N","0","","0","0","0","","0","N","","1","0","0","0","0","0","0","2","0","1","","03","","N","","","","","","","","","",""
"2020031707","1018","1","0","0","0","0","0","0","0","0","1","1","","67","4","2020","4","40.059851","-75.15013","1016","6","0","0","0","0","0","1","0","0","","0","1","0","","","0","","1","","40 03:35.463","","0","75 09:00.467","0","0","0","0","67301","0","0","0","N","0","0","0","2","67301","0","","1.0","","1","N","N","N","0","","0","0","0","","2","","","2","0","0","0","0","0","0","2","0","2","","03","","N","","","","","","","","","",""
"2020025493","1922","1","0","0","0","0","0","0","0","0","5","1","","67","2","2020","2","39.925832","-75.147056","1917","6","0","0","0","0","0","0","0","0","","0","1","0","","","1","N","0","","39 55:32.994","2","3","75 08:49.401","4","0","0","0","67301","0","0","0","N","0","0","0","3","68K01","1","","1.0","2130.0","9","N","N","Y","0","","0","0","0","","0","N","","2","1","0","0","0","0","0","2","0","2","","","","N","","","","","","","","","",""
"2020018392","0035","2","0","0","0","0","0","0","0","0","8","0","","67","1","2020","7","40.043422","-75.143668","0034","6","0","0","0","0","0","0","0","0","","1","0","0","","","0","N","0","","40 02:36.318","5","0","75 08:37.206","1","0","0","0","67301","1","1","0","N","1","1","0","2","67301","0","2","1.0","200.0","1","N","N","N","0","0","0","0","0","","0","Y","","3","0","0","0","0","0","1","2","0","2","","03","","N","","","","","","","","","",""
"2020024361","1958","1","0","0","0","0","0","0","0","0","8","0","","67","3","2020","6","39.967289","-75.136685","1952","6","0","0","0","0","0","0","0","0","","0","0","0","","","1","","1","","39 58:02.240","","0","75 08:12.065","3","0","0","0","67301","1","0","0","N","1","0","0","2","67301","0","","1.0","","9","N","N","N","0","","1","0","0","","3","","","2","1","0","0","0","0","0","2","0","1","","","","N","","","","","","","","","",""
"2020020846","0459","0","0","0","0","0","0","0","0","0","5","1","","67","2","2020","3","39.903917","-75.122083","0458","6","0","0","0","0","0","1","0","0","","0","1","0","","","0","N","0","","39 54:14.100","3","3","75 07:19.500","0","0","0","0","67301","0","0","0","N","0","0","0","2","67501","0","","1.0","541.0","1","N","N","N","0","","0","0","1","","0","N","","2","0","0","0","0","0","0","1","0","2","","","","N","","","","","","","","","",""
"2020039204","0512","2","0","0","0","0","0","0","0","0","4","0","","67","5","2020","1","40.032556","-75.137372","0502","6","0","0","0","0","0","0","0","0","","0","0","0","","","0","N","0","","40 01:57.200","","0","75 08:14.540","0","0","0","0","67301","0","0","0","N","0","0","0","1","67301","0","","1.0","","1","N","N","N","0","","0","0","0","","0","","","2","0","0","0","0","0","0","2","0","2","","","","N","","","","","","","","","",""
"2020025890","0100","1","0","0","0","0","0","0","0","0","4","0","","67","3","2020","3","39.916117","-75.155211","0058","6","0","0","0","0","0","0","0","0","","0","0","0","","","0","N","0","","39 54:58.020","","0","75 09:18.760","0","0","0","0","67301","0","0","0","N","0","0","0","0","67301","0","","6.0","","1","N","N","N","0","","0","0","2","","0","","","3","0","0","0","0","0","0","2","0","3","","","","N","","","","","","","","","",""
"2020025650","1229","0","0","0","0","0","0","0","0","0","4","0","","67","1","2020","7","39.981627","-75.102125","1215","6","0","0","0","0","0","0","0","0","","0","0","0","","","1","N","0","","39 58:53.857","2","0","75 06:07.649","4","0","0","0","67301","0","0","0","N","0","0","0","2","68K01","1","","1.0","1240.0","9","N","N","N","1","","0","0","1","","0","N","","2","1","0","0","0","0","0","2","0","2","","07","","N","","","","","","","","","",""
"2020024123","2255","1","0","0","0","0","0","0","0","0","4","1","","67","3","2020","6","40.085299","-74.969302","2210","6","0","0","0","0","0","0","0","0","","0","1","0","","","0","N","0","","40 05:07.077","4","0","74 58:09.486","0","0","0","0","67301","0","0","0","N","0","0","0","1","67301","0","","1.0","0.0","9","N","N","Y","0","","0","0","0","","0","N","","2","0","0","0","0","0","0","2","0","2","","07","","N","","","","","","","","","",""
"2020023646","0645","0","0","0","0","0","0","0","0","0","1","1","","67","1","2020","5","40.009861","-75.206161","0617","6","0","0","0","0","0","1","0","0","","0","1","0","","","1","N","0","","40 00:35.501","4","0","75 12:22.181","3","0","0","0","67301","0","0","0","N","0","0","0","3","68K01","0","","1.0","30.0","1","N","N","N","0","","1","0","2","","0","N","","3","1","0","0","0","0","0","2","0","3","","","","N","","","","","","","","","",""
"2020025861","1650","2","0","0","0","0","0","0","0","0","4","0","","67","3","2020","3","39.942136","-75.222104","1646","6","0","0","0","0","0","0","0","0","","0","0","0","","","1","","1","","39 56:31.689","","0","75 13:19.574","8","0","0","0","67301","0","0","0","N","0","0","0","3","67301","0","","1.0","","1","N","N","N","0","","0","0","0","","0","U","","2","1","0","0","0","1","0","2","0","2","","03","","N","","","","","","","","","",""
"2020020252","0750","0","0","0","0","0","0","0","0","0","1","0","","67","1","2020","3","39.971625","-75.193437","0746","6","0","0","0","0","0","0","0","0","","0","0","0","","","1","N","0","","39 58:17.850","3","0","75 11:36.374","4","0","0","0","67301","0","0","0","N","0","0","0","2","68K01","1","","1.0","800.0","1","N","N","N","0","","0","0","2","","0","N","","2","1","0","0","0","0","0","2","0","2","","","","N","","","","","","","","","",""
"2020024782","2024","0","0","0","0","0","0","0","0","0","8","0","","67","2","2020","6","40.029081","-75.146916","1952","6","0","0","0","0","0","0","0","0","","1","0","0","","","0","","1","","40 01:44.692","","0","75 08:48.898","1","0","0","0","67301","1","1","0","N","1","1","0","2","67301","0","2","9.0","","1","N","N","N","0","0","0","0","1","","2","","","2","0","0","0","0","0","0","2","0","1","","03","","N","","","","","","","","","",""
"2020020463","1930","1","0","0","0","0","0","0","0","0","8","0","","67","2","2020","1","39.948494","-75.157391","1925","6","0","0","0","0","0","0","0","0","","0","0","0","","","1","","1","","39 56:54.579","","0","75 09:26.606","8","0","0","0","67301","1","0","0","N","1","0","0","2","67301","0","","9.0","","1","N","N","N","0","","0","0","0","","2","","","2","1","0","0","0","1","0","2","0","1","","03","","N","","","","","","","","","",""
"2020024869","1701","1","0","0","0","0","0","0","0","0","8","0","","67","3","2020","2","39.926214","-75.180461","1658","6","0","0","0","0","0","0","0","0","","0","0","0","","","1","N","0","","39 55:34.370","","0","75 10:49.660","3","0","0","0","67301","1","0","0","N","1","0","0","1","67301","0","","1.0","","1","N","N","N","0","","1","0","0","","0","","","2","1","0","0","0","0","0","2","0","1","","03","","N","","","","","","","","","",""
"2020025227","0009","2","0","0","0","0","0","0","0","0","5","0","","67","3","2020","6","39.97995","-75.155392","2351","6","0","0","0","1","0","0","0","0","","0","0","0","","","0","N","0","","39 58:47.820","","0","75 09:19.410","0","0","0","0","67301","0","0","0","N","0","0","0","3","68K01","0","","1.0","","1","N","N","N","0","","0","0","0","","0","","","2","0","0","0","0","0","0","2","0","2","","","","N","","","","","","","","","",""
"2020025312","1730","1","0","0","0","0","0","0","0","0","8","0","","67","3","2020","2","39.929836","-75.175083","1725","6","0","0","0","0","0","0","0","0","","0","0","0","","","1","N","0","","39 55:47.410","","0","75 10:30.300","3","0","0","0","67301","1","0","0","N","1","0","0","4","67301","0","","1.0","","1","N","N","N","0","","1","0","0","","0","","","2","1","0","0","0","0","0","2","0","1","","","","N","","","","","","","","","",""
"2020025184","1923","2","0","0","0","0","0","0","0","0","1","0","","67","3","2020","1","39.924931","-75.193327","1913","6","0","0","0","0","0","0","0","0","","0","0","0","","","1","N","0","","39 55:29.753","3","0","75 11:35.976","8","0","0","0","67301","0","0","0","N","0","0","0","7","68K01","0","","1.0","1935.0","1","N","N","N","0","","0","0","0","","0","N","","3","1","0","0","0","1","1","2","0","3","","","","N","","","","","","","","","",""
"2020020346","2258","2","0","0","0","0","0","0","0","0","5","0","","67","1","2020","3","39.991227","-75.203861","2252","6","0","0","0","0","0","0","0","0","","0","0","0","","","2","N","0","","39 59:28.416","","0","75 12:13.898","3","0","0","0","67301","0","0","0","N","0","0","0","3","68K01","0","","1.0","","1","N","N","N","0","","2","0","0","","0","","","2","2","0","0","0","0","1","2","0","2","","","","N","","","","","","","","","",""
"2020021886","1515","0","0","0","0","0","0","0","0","0","4","0","","67","2","2020","6","40.02744","-75.062499","1511","6","0","0","0","0","0","0","0","0","","0","0","0","","","1","","1","","40 01:38.783","","0","75 03:44.998","3","0","0","0","67301","0","0","0","N","0","0","0","2","67301","0","","1.0","","1","N","N","N","0","","1","0","1","","2","","","2","1","1","0","0","0","0","2","0","2","","03","","N","","","","","","","","","",""
"2020031425","1754","1","0","0","0","0","0","0","0","0","7","0","","67","3","2020","1","39.968181","-75.156328","1752","6","0","0","0","0","0","0","0","0","","0","0","0","","","3","N","0","","39 58:05.450","","0","75 09:22.780","8","0","0","0","67301","0","0","0","N","0","0","0","3","67301","0","","5.0","","1","N","N","N","0","","0","0","0","","0","","","1","3","0","0","0","3","0","2","0","1","","03","","N","","","","","","","","","",""
"2020031212","1447","2","0","0","0","0","0","0","0","0","1","0","","67","4","2020","1","39.939679","-75.181489","1443","6","0","0","0","0","0","1","0","0","","0","0","0","","","1","","1","","39 56:22.846","","0","75 10:53.362","4","0","0","0","67301","0","0","0","N","0","0","0","3","67301","1","","1.0","","1","N","N","N","0","","0","0","1","","2","","","3","1","1","0","0","0","0","2","0","3","","98","","N","","","","","","","","","",""
"2020024613","0424","0","0","0","0","0","0","0","0","0","7","0","","67","3","2020","7","40.036264","-75.155694","0405","6","0","0","0","0","0","0","0","0","","0","0","0","","","0","N","0","","40 02:10.550","","0","75 09:20.500","0","0","0","0","67301","0","0","0","N","0","0","0","1","67301","0","","5.0","","9","N","N","N","0","","0","0","1","","0","","","1","0","0","0","0","0","0","2","0","1","","","","N","","","","","","","","","",""
"2020031841","1830","0","0","0","0","0","0","0","0","0","4","1","","67","4","2020","4","40.082081","-75.219819","1825","6","0","0","0","0","0","0","0","0","","0","1","0","","","0","","1","","40 04:55.491","","0","75 13:11.348","0","0","0","0","67301","0","0","0","N","0","0","0","2","67301","0","","1.0","","1","N","N","N","0","","0","0","1","","2","","","2","0","0","0","0","0","0","2","0","2","","03","","N","","","","","","","","","",""
"2020031483","0611","1","0","0","0","0","0","0","0","0","7","0","","67","4","2020","7","39.984768","-75.116675","0611","6","0","0","0","0","0","0","0","0","","0","0","0","","","0","","1","","39 59:05.163","","0","75 07:00.029","0","0","0","0","67301","0","0","0","N","0","0","0","0","67301","0","","5.0","","1","N","N","N","0","","0","0","0","","2","","","1","0","0","0","0","0","0","2","0","1","","03","","N","","","","","","","","","",""
"2020024673","0540","1","0","0","0","0","0","0","0","0","4","0","","67","3","2020","5","39.999674","-75.098989","0519","6","0","0","0","0","0","1","0","0","","0","0","0","","","0","","1","","39 59:58.827","","0","75 05:56.359","0","0","0","0","67301","0","0","0","N","0","0","0","1","67301","0","","1.0","","1","N","N","N","0","","0","0","1","","2","","","2","0","0","0","0","0","0","2","0","2","","03","","N","","","","","","","","","",""
"2020020111","2004","3","0","0","0","0","0","0","0","0","4","0","","67","2","2020","1","40.039774","-75.032511","2004","6","0","0","0","0","1","0","0","0","","0","0","0","","","1","","1","","40 02:23.185","1","0","75 01:57.038","4","0","0","0","67301","0","0","0","N","0","0","0","3","67301","1","","1.0","2123.0","1","N","N","N","0","","0","0","0","","0","N","","3","1","0","0","0","0","0","2","0","3","","","","N","","","","","","","","","",""
"2020024963","1024","1","0","0","0","0","0","0","0","0","5","1","","67","3","2020","2","39.955845","-75.148398","1024","6","0","0","0","0","0","0","0","0","","0","1","0","","","0","N","0","","39 57:21.042","","2","75 08:54.233","0","0","0","0","67301","0","0","0","N","0","0","0","2","67501","0","","1.0","","1","N","N","N","0","","0","0","0","","0","","","2","0","0","0","0","0","0","2","0","2","","03","","N","","","","","","","","","",""
"2020031486","1757","0","0","0","0","0","0","0","0","0","8","0","","67","2","2020","4","40.054643","-75.124996","1757","6","0","0","0","0","0","0","0","1","","0","0","0","","","1","","2","","40 03:16.716","6","0","75 07:29.987","8","0","0","0","67301","1","0","0","N","1","0","0","2","67301","0","","1.0","1830.0","1","N","N","N","0","","0","0","1","","2","Y","","2","1","0","0","0","1","0","2","0","1","","03","","N","","","","","","","","","",""
"2020038680","0007","2","0","0","0","0","0","0","0","0","4","1","","67","5","2020","3","40.01384","-75.12598","0007","6","0","0","0","0","0","0","0","0","","1","1","0","","","1","","1","","40 00:49.824","6","0","75 07:33.527","1","0","0","0","67301","0","0","0","N","0","0","0","3","67301","0","2","1.0","505.0","1","N","N","N","0","0","0","1","0","","2","Y","","3","1","0","0","0","0","0","2","0","3","","03","","N","","","","","","","","","",""
"2020040179","1133","2","0","0","0","0","0","0","0","0","1","0","","67","5","2020","2","39.960142","-75.180048","1129","6","0","0","0","0","0","0","0","0","","0","0","0","","","0","N","0","","39 57:36.510","4","0","75 10:48.171","0","0","0","0","67301","0","0","0","N","0","0","0","2","68K01","0","","1.0","45.0","1","N","N","N","0","","0","0","0","","0","N","","2","0","0","0","0","0","0","2","0","2","","","","N","","","","","","","","","",""
"2020030726","2309","0","0","0","0","0","0","0","0","0","8","0","","67","3","2020","4","40.010481","-75.165503","2309","6","0","0","0","0","0","0","0","0","","1","0","0","","","0","N","0","","40 00:37.733","","99","75 09:55.809","1","0","0","0","67301","1","1","0","N","1","1","0","2","67301","0","2","1.0","","9","N","N","N","0","0","0","0","0","","9","","","2","0","0","0","0","0","1","2","0","1","","07","","N","","","","","","","","","",""
"2020024670","0852","1","0","0","0","0","0","0","0","0","0","0","","67","3","2020","1","39.985693","-75.258226","0852","6","0","0","0","0","0","0","0","0","","0","0","0","","","0","N","0","","39 59:08.493","","0","75 15:29.614","0","0","0","0","67301","0","0","0","N","0","0","0","1","67301","0","","1.0","","1","N","N","N","0","","0","0","0","","0","","","1","0","0","0","0","0","0","2","0","1","","03","","N","","","","","","","","","",""
"2020039357","0231","1","0","0","0","0","0","0","0","0","7","0","","67","5","2020","1","39.974064","-75.204394","0213","6","0","0","0","0","0","0","0","0","","0","0","0","","","0","N","0","","39 58:26.632","4","0","75 12:15.817","0","0","0","0","67301","0","0","0","N","0","0","0","1","67301","0","","3.0","335.0","1","N","N","N","0","","0","0","0","","2","N","","1","0","0","0","0","0","0","2","0","1","","03","","N","","","","","","","","","",""
"2020024410","1025","1","0","0","0","0","0","0","0","0","5","1","","67","3","2020","6","40.112551","-74.989762","1015","6","0","0","0","1","0","0","0","0","","0","1","0","","","1","N","0","","40 06:45.183","1","6","74 59:23.144","3","0","0","0","67301","0","0","0","N","0","0","0","2","67301","0","","1.0","1245.0","1","N","N","N","0","","1","0","0","","0","N","","2","1","0","0","0","0","0","2","0","2","","03","","N","","","","","","","","","",""
"2020019672","1835","1","0","0","0","0","0","0","0","0","5","0","","67","2","2020","5","39.999528","-75.166711","1825","6","0","0","0","0","0","0","0","0","","0","0","0","","","1","N","0","","39 59:58.300","2","0","75 10:00.160","3","0","0","0","67301","0","0","0","N","0","0","0","4","67301","0","","6.0","45.0","1","N","N","N","0","","1","0","1","","0","Y","","2","1","0","0","0","0","0","2","0","2","","03","","N","","","","","","","","","",""
"2020031908","1347","0","0","0","0","0","0","0","0","0","1","0","","67","3","2020","7","40.047717","-74.999564","1330","6","0","0","0","0","0","1","0","0","","0","0","0","","","0","N","0","","40 02:51.781","","0","74 59:58.430","0","0","0","0","67301","0","0","0","N","0","0","0","2","68K01","0","","1.0","","9","N","N","N","0","","0","0","2","","0","","","2","0","0","0","0","0","0","2","0","2","","04","","N","","","","","","","","","",""
"2020039847","0757","1","0","0","0","0","0","0","0","0","2","1","","67","5","2020","6","39.886311","-75.212898","0750","6","0","0","0","0","0","0","0","0","","0","1","0","","","0","N","0","","39 53:10.721","2","3","75 12:46.434","0","0","0","0","67301","0","0","0","N","0","0","0","2","68K01","0","","2.0","1000.0","1","N","N","Y","0","","0","0","0","","0","N","","2","0","0","0","0","0","0","2","0","2","","04","","N","","","","","","","","","",""
"2020027057","1530","1","0","0","0","0","0","1","0","0","1","1","","67","3","2020","5","40.004675","-75.17691","1505","6","0","0","0","0","0","0","0","0","","0","0","0","","","1","","1","","40 00:16.831","","0","75 10:36.876","8","0","0","0","67301","0","0","0","N","0","0","0","3","67508","0","","1.0","","1","N","N","N","0","","0","0","0","","2","","","3","1","0","0","0","1","0","2","0","3","","03","","N","","","","","","","","","",""
"2020025684","1220","2","0","0","0","0","0","0","0","0","5","1","","67","3","2020","2","39.995196","-75.083369","1206","6","0","0","0","0","0","2","0","0","","0","1","0","","","3","N","0","","39 59:42.707","1","0","75 05:00.130","3","0","0","0","67301","0","0","0","N","0","0","0","5","68K01","2","","1.0","45.0","1","N","N","N","0","","1","0","0","","0","N","","4","3","0","0","0","0","0","2","1","4","","03","","N","","","","","","","","","",""