"CRN","ARRIVAL_TM","AUTOMOBILE_COUNT","BELTED_DEATH_COUNT","BELTED_SUSP_SERIOUS_INJ_COUNT","BICYCLE_COUNT","BICYCLE_DEATH_COUNT","BICYCLE_SUSP_SERIOUS_INJ_COUNT","BUS_COUNT","CHLDPAS_DEATH_COUNT","CHLDPAS_SUSP_SERIOUS_INJ_COUNT","COLLISION_TYPE","COMM_VEH_COUNT","CONS_ZONE_SPD_LIM","COUNTY","CRASH_MONTH","CRASH_YEAR","DAY_OF_WEEK","DEC_LATITUDE","DEC_LONGITUDE","DISPATCH_TM","DISTRICT","DRIVER_COUNT_16YR","DRIVER_COUNT_17YR","DRIVER_COUNT_18YR","DRIVER_COUNT_19YR","DRIVER_COUNT_20YR","DRIVER_COUNT_50_64YR","DRIVER_COUNT_65_74YR","DRIVER_COUNT_75PLUS","EST_HRS_CLOSED","FATAL_COUNT","HEAVY_TRUCK_COUNT","HORSE_BUGGY_COUNT","HOUR_OF_DAY","ILLUMINATION","INJURY_COUNT","INTERSECTION_RELATED","INTERSECT_TYPE","LANE_CLOSED","LATITUDE","LN_CLOSE_DIR","LOCATION_TYPE","LONGITUDE","MAX_SEVERITY_LEVEL","MCYCLE_DEATH_COUNT","MCYCLE_SUSP_SERIOUS_INJ_COUNT","MOTORCYCLE_COUNT","MUNICIPALITY","NONMOTR_COUNT","NONMOTR_DEATH_COUNT","NONMOTR_SUSP_SERIOUS_INJ_COUNT","NTFY_HIWY_MAINT","PED_COUNT","PED_DEATH_COUNT","PED_SUSP_SERIOUS_INJ_COUNT","PERSON_COUNT","POLICE_AGCY","POSSIBLE_INJ_COUNT","RDWY_SURF_TYPE_CD","RELATION_TO_ROAD","ROADWAY_CLEARED","ROAD_CONDITION","SCH_BUS_IND","SCH_ZONE_IND","SECONDARY_CRASH","SMALL_TRUCK_COUNT","SPEC_JURIS_CD","SUSP_MINOR_INJ_COUNT","SUSP_SERIOUS_INJ_COUNT","SUV_COUNT","TCD_FUNC_CD","TCD_TYPE","TFC_DETOUR_IND","TIME_OF_DAY","TOTAL_UNITS","TOT_INJ_COUNT","UNBELTED_OCC_COUNT","UNB_DEATH_COUNT","UNB_SUSP_SERIOUS_INJ_COUNT","UNK_INJ_DEG_COUNT","UNK_INJ_PER_COUNT","URBAN_RURAL","VAN_COUNT","VEHICLE_COUNT","WEATHER1","WEATHER2","WORKERS_PRES","WORK_ZONE_IND","WORK_ZONE_LOC","WORK_ZONE_TYPE","WZ_CLOSE_DETOUR","WZ_FLAGGER","WZ_LAW_OFFCR_IND","WZ_LN_CLOSURE","WZ_MOVING","WZ_OTHER","WZ_SHLDER_MDN","WZ_WORKERS_INJ_KILLED"
"2020030029","0150","1","0","0","0","0","0","0","0","0","5","1","","67","3","2020","7","39.977526","-75.200933","0139","6","0","0","0","0","0","0","0","0","","0","1","0","","","2","N","0","","39 58:39.094","","0","75 12:03.357","3","0","0","0","67301","0","0","0","N","0","0","0","3","68K01","0","","1.0","","1","N","N","N","0","","2","0","0","","0","","","2","2","0","0","0","0","0","2","0","2","","","","N","","","","","","","","","",""
"2020020228","0216","1","0","0","0","0","0","0","0","0","7","0","","67","2","2020","2","40.001796","-75.085997","0212","6","0","0","0","0","0","0","0","0","","0","0","0","","","0","N","0","","40 00:06.466","","2","75 05:09.589","0","0","0","0","67301","0","0","0","N","0","0","0","2","68K01","0","","4.0","","1","N","N","N","0","","0","0","0","","0","","","1","0","0","0","0","0","0","2","0","1","","03","","N","","","","","","","","","",""
"2020025310","2016","0","0","0","0","0","0","0","0","0","4","0","","67","3","2020","2","40.041363","-75.028255","2008","6","0","0","0","0","0","1","0","0","","0","0","0","","","0","","1","","40 02:28.908","","0","75 01:41.719","0","0","0","0","67301","0","0","0","N","0","0","0","2","67301","0","","1.0","","1","N","N","N","0","","0","0","2","","2","","","2","0","0","0","0","0","0","2","0","2","","","","N","","","","","","","","","",""
"2020021357","1345","1","0","0","0","0","0","0","0","0","5","0","","67","2","2020","7","39.901841","-75.202621","1340","6","0","0","0","0","0","1","0","0","","0","0","0","","","0","N","0","","39 54:06.629","4","3","75 12:09.435","0","0","0","0","67301","0","0","0","N","0","0","0","2","67301","0","","1.0","100.0","1","N","N","Y","0","","0","0","1","","8","N","","2","0","0","0","0","0","0","2","0","2","","03","","N","","","","","","","","","",""
"2020029300","1303","1","0","0","0","0","0","0","0","0","5","0","","67","2","2020","7","39.900629","-75.154584","1253","6","0","0","0","0","0","0","1","0","","0","0","0","","","1","N","0","","39 54:02.264","1","0","75 09:16.503","4","0","0","0","67301","0","0","0","N","0","0","0","4","68K01","1","","1.0","1345.0","1","N","N","N","0","","0","0","2","","0","N","","3","1","0","0","0","0","0","2","0","3","","03","","N","","","","","","","","","",""
"2020020243","1710","0","0","0","0","0","0","0","0","0","1","0","","67","2","2020","7","39.957124","-75.152046","1704","6","0","0","0","0","0","1","0","0","","0","0","0","","","1","N","0","","39 57:25.648","","0","75 09:07.364","4","0","0","0","67301","0","0","0","N","0","0","0","2","68K01","1","","1.0","","1","N","N","N","1","","0","0","1","","0","","","2","1","0","0","0","0","0","2","0","2","","03","","N","","","","","","","","","",""
"2020038675","2158","0","0","0","0","0","0","0","0","0","8","0","","67","4","2020","3","39.958192","-75.150925","2153","6","0","0","0","0","0","0","0","0","","1","0","0","","","0","N","0","","39 57:29.490","","0","75 09:03.330","1","0","0","0","67301","1","1","0","N","1","1","0","2","67301","0","2","1.0","","1","N","N","N","0","9","0","0","0","","0","","","2","0","0","0","0","0","1","2","0","1","","03","","N","","","","","","","","","",""
"2020029907","1815","1","0","0","0","0","0","0","0","0","2","0","","67","3","2020","7","40.131656","-75.0122","1808","6","0","0","0","1","0","0","0","0","","0","0","0","","","0","","1","","40 07:53.962","","0","75 00:43.919","9","0","0","0","67301","0","0","0","N","0","0","0","2","67301","0","","1.0","","9","N","N","N","1","","0","0","0","","2","","","2","0","0","0","0","0","2","2","0","2","","07","","N","","","","","","","","","",""
"2020025526","0645","1","0","0","0","0","0","0","0","0","4","1","","67","3","2020","4","40.035843","-75.016387","0641","6","0","0","0","0","0","0","1","0","","0","1","0","","","1","N","0","","40 02:09.034","1","0","75 00:58.993","8","0","0","0","67301","0","0","0","N","0","0","0","2","68K01","0","","1.0","650.0","1","N","N","N","0","","0","0","0","","0","N","","2","1","0","0","0","1","0","2","0","2","","03","","N","","","","","","","","","",""
"2020029671","1438","1","0","0","0","0","0","0","0","0","4","0","","67","3","2020","2","39.985578","-75.213064","1438","6","0","0","0","0","0","1","0","0","","0","0","0","","","2","N","0","","39 59:08.080","3","0","75 12:47.030","8","0","0","0","67301","0","0","0","N","0","0","0","2","68K01","0","","1.0","1515.0","9","N","N","N","1","","0","0","0","","0","Y","","2","2","0","0","0","2","0","2","0","2","","","","N","","","","","","","","","",""
"2020019042","0220","5","0","0","0","0","0","0","0","0","4","0","","67","2","2020","5","39.984086","-75.160053","0217","6","0","0","0","0","0","0","0","0","","0","0","0","","","3","","1","","39 59:02.710","1","0","75 09:36.190","3","0","0","0","67301","0","0","0","N","0","0","0","4","67505","0","","1.0","300.0","1","N","N","N","0","","3","0","0","","3","Y","","5","3","1","0","0","0","0","2","0","5","","03","","N","","","","","","","","","",""
"2020012912","1940","1","0","0","0","0","0","0","0","0","7","0","","67","2","2020","7","40.051437","-75.050662","1936","6","1","0","0","0","0","0","0","0","","0","0","0","","","0","N","0","","40 03:05.172","","0","75 03:02.383","0","0","0","0","67301","0","0","0","N","0","0","0","4","67301","0","","5.0","","9","N","N","N","0","","0","0","0","","0","","","1","0","0","0","0","0","0","2","0","1","","","","N","","","","","","","","","",""
"2020021306","1720","1","0","0","0","0","0","0","0","0","5","0","","67","2","2020","4","39.976147","-75.238158","1704","6","0","0","0","0","0","0","0","0","","0","1","0","","","0","N","0","","39 58:34.130","4","0","75 14:17.370","0","0","0","0","67301","0","0","0","N","0","0","0","1","67301","0","","1.0","1915.0","1","N","N","N","0","","0","0","1","","0","Y","","3","0","0","0","0","0","0","2","0","3","","03","","N","","","","","","","","","",""
"2020031120","1312","1","0","0","0","0","0","0","0","0","4","0","","67","4","2020","6","40.027544","-75.146423","1308","6","0","0","0","0","0","0","0","0","","0","0","0","","","0","","1","","40 01:39.158","","0","75 08:47.122","9","0","0","0","67301","0","0","0","N","0","0","0","2","67301","0","","1.0","","1","N","N","N","0","","0","0","1","","2","","","2","0","0","0","0","0","1","2","0","2","","03","","N","","","","","","","","","",""
"2020030722","1925","1","0","0","0","0","0","0","0","0","8","0","","67","3","2020","3","40.045516","-75.088316","1918","6","0","0","0","0","0","1","0","0","","1","0","0","","","0","","1","","40 02:43.859","","0","75 05:17.937","1","0","0","0","67301","1","1","0","N","1","1","0","2","67301","0","2","1.0","","1","N","N","N","0","0","0","0","0","","2","","","2","0","0","0","0","0","0","2","0","1","","03","","N","","","","","","","","","",""
"2020031446","1832","1","0","0","0","0","0","0","0","0","7","0","","67","4","2020","1","39.940633","-75.171122","1822","6","0","0","0","0","0","0","0","0","","0","0","0","","","1","","1","","39 56:26.279","","0","75 10:16.038","3","0","0","0","67301","0","0","0","N","0","0","0","1","67301","0","","5.0","","1","N","N","N","0","","1","0","0","","2","","","1","1","1","0","0","0","0","2","0","1","","","","N","","","","","","","","","",""
"2020039869","1052","1","0","0","0","0","0","0","0","0","7","0","","67","5","2020","2","39.997408","-75.081984","1046","6","0","0","0","0","0","0","0","0","","0","0","0","","","0","N","7","","39 59:50.669","1","2","75 04:55.143","9","0","0","0","67301","0","0","0","Y","0","0","0","1","68K01","0","","7.0","1120.0","1","N","N","N","0","","0","0","0","","0","N","","1","0","0","0","0","0","1","2","0","1","","04","","N","","","","","","","","","",""
"2020020341","2325","1","0","0","0","0","0","0","0","0","7","0","","67","1","2020","6","39.994768","-75.083973","2310","6","0","0","0","0","0","0","0","0","","0","0","0","","","1","N","0","","39 59:41.165","2","0","75 05:02.302","3","0","0","0","67301","0","0","0","N","0","0","0","1","68K01","0","","4.0","1145.0","1","N","N","N","0","","1","0","0","","0","N","","1","1","1","0","0","0","0","2","0","1","","03","","N","","","","","","","","","",""
"2020020070","2355","0","0","0","0","0","0","0","0","0","1","1","","67","2","2020","7","40.114383","-74.988056","2332","6","0","0","0","0","0","0","0","0","","0","1","0","","","0","","1","","40 06:51.780","","0","74 59:17.002","0","0","0","0","67301","0","0","0","N","0","0","0","2","67301","0","","1.0","","1","N","N","N","0","","0","0","1","","2","","","2","0","0","0","0","0","0","2","0","2","","03","","N","","","","","","","","","",""
"2020031882","0905","1","0","0","0","0","0","0","0","0","8","0","","67","4","2020","7","40.03505","-75.086581","0857","6","0","0","0","0","0","0","0","0","","0","0","0","","","1","N","0","","40 02:06.180","","0","75 05:11.690","3","0","0","0","67301","1","0","0","N","1","0","0","1","67301","0","","1.0","","1","N","N","N","0","","1","0","0","","0","","","2","1","0","0","0","0","0","2","0","1","","","","N","","","","","","","","","",""
"2020020312","1807","1","0","0","0","0","0","0","0","0","1","0","","67","2","2020","1","40.027863","-75.172189","1754","6","0","0","0","0","0","0","0","0","","0","0","0","","","1","N","0","","40 01:40.306","","0","75 10:19.880","2","0","0","0","67301","0","0","0","N","0","0","0","2","67301","0","","2.0","","1","N","N","N","0","","0","1","0","","0","","","2","1","0","0","0","0","0","2","0","2","","","","N","","","","","","","","","",""
"2020020542","0137","1","0","0","0","0","0","0","0","0","5","0","","67","2","2020","1","39.913919","-75.235372","0134","6","0","0","0","0","0","0","0","0","","0","0","0","","","0","N","0","","39 54:50.110","","0","75 14:07.340","0","0","0","0","67301","0","0","0","N","0","0","0","1","67301","0","","1.0","","1","N","N","N","0","","0","0","3","","0","","","4","0","0","0","0","0","0","2","0","4","","03","","N","","","","","","","","","",""
"2020024414","1704","1","0","0","0","0","0","0","0","0","7","0","","67","3","2020","7","40.020284","-75.080378","1704","6","0","0","0","0","0","0","0","0","","0","0","0","","","1","","1","","40 01:13.023","1","0","75 04:49.359","3","0","0","0","67301","0","0","0","N","0","0","0","1","67301","0","","3.0","1745.0","1","N","N","N","0","","1","0","0","","2","Y","","1","1","1","0","0","0","0","2","0","1","","03","","N","","","","","","","","","",""
"2020039188","0933","1","0","0","0","0","0","0","0","0","7","0","","67","5","2020","7","40.044658","-75.087308","0930","6","0","0","0","0","0","0","0","0","","0","0","0","","","0","N","0","","40 02:40.770","","7","75 05:14.310","0","0","0","0","67301","0","0","0","N","0","0","0","1","67301","0","","2.0","","1","N","N","N","0","","0","0","0","","0","","","1","0","0","0","0","0","0","2","0","1","","","","N","","","","","","","","","",""
"2020031881","1456","2","0","0","0","0","0","0","0","0","5","0","","67","4","2020","6","40.048978","-75.062544","1456","6","0","0","0","0","0","0","0","0","","0","0","0","","","0","N","0","","40 02:56.320","","0","75 03:45.160","0","0","0","0","67301","0","0","0","N","0","0","0","2","67301","0","","1.0","","1","N","N","N","0","","0","0","0","","0","","","2","0","0","0","0","0","0","2","0","2","","","","N","","","","","","","","","",""
"2020024126","0830","2","0","0","0","0","0","0","0","0","2","0","","67","3","2020","4","40.025013","-75.033083","0819","6","0","0","0","0","0","0","0","0","","0","0","0","","","1","","1","","40 01:30.046","","0","75 01:59.097","3","0","0","0","67301","0","0","0","N","0","0","0","1","67301","0","","1.0","","1","N","N","N","0","","1","0","0","","0","","","2","1","0","0","0","0","0","2","0","2","","03","","N","","","","","","","","","",""
"2020019709","1110","1","0","0","0","0","0","0","0","0","5","1","","67","1","2020","2","39.967462","-75.189238","1107","6","0","0","0","0","0","0","1","0","","0","1","0","","","0","N","0","","39 58:02.862","3","0","75 11:21.257","0","0","0","0","67301","0","0","0","N","0","0","0","4","68K01","0","","1.0","1215.0","1","N","N","N","0","","0","0","1","","0","N","","3","0","0","0","0","0","0","2","0","3","","","","N","","","","","","","","","",""
"2020025055","0710","2","0","0","0","0","0","0","0","0","2","0","","67","3","2020","6","39.894555","-75.229568","0702","6","0","0","0","0","0","0","0","0","","0","0","0","","","0","","2","","39 53:40.398","2","0","75 13:46.445","0","0","0","0","67301","0","0","0","N","0","0","0","2","67301","0","","1.0","100.0","4","N","N","N","0","","0","0","0","","2","Y","","2","0","0","0","0","0","0","2","0","2","","03","","N","","","","","","","","","",""
"2020031222","2317","2","0","0","0","0","0","0","0","0","4","0","","67","4","2020","1","39.954439","-75.205108","2315","6","0","0","0","0","1","0","0","0","","0","0","0","","","1","N","1","","39 57:15.980","","0","75 12:18.387","8","0","0","0","67301","0","0","0","N","0","0","0","3","67504","0","","1.0","","1","N","N","N","0","","0","0","1","","2","N","","3","1","0","0","0","1","0","2","0","3","","03","","N","","","","","","","","","",""
"2020039559","1544","1","0","0","0","0","0","0","0","0","1","0","","67","5","2020","5","39.926334","-75.194393","1544","6","0","0","0","0","0","2","0","0","","0","0","0","","","1","N","0","","39 55:34.801","4","0","75 11:39.813","3","0","0","0","67301","0","0","0","N","0","0","0","2","68K01","0","","1.0","45.0","1","N","N","N","0","","1","0","1","","0","N","","2","1","0","0","0","0","0","2","0","2","","","","N","","","","","","","","","",""
"2020019974","1705","2","0","0","0","0","0","0","0","0","4","0","","67","2","2020","7","39.959767","-75.156553","1705","6","0","0","0","0","0","0","0","0","","0","0","0","","","0","","1","","39 57:35.161","","0","75 09:23.590","0","0","0","0","67301","0","0","0","N","0","0","0","2","67301","0","","1.0","","1","N","N","N","0","","0","0","0","","3","","","2","0","0","0","0","0","0","2","0","2","","03","","N","","","","","","","","","",""
"2020020249","0919","0","0","0","0","0","0","0","0","0","1","0","","67","1","2020","6","39.963865","-75.184269","0914","6","0","0","0","0","0","0","0","0","","0","0","0","","","0","N","0","","39 57:49.914","","0","75 11:03.370","0","0","0","0","67301","0","0","0","N","0","0","0","2","68K01","0","","1.0","","1","N","N","N","1","","0","0","0","","0","","","2","0","1","0","0","0","0","2","1","2","","03","","N","","","","","","","","","",""
"2020020189","0747","0","0","0","0","0","0","0","0","0","8","0","","67","2","2020","1","39.954593","-75.225995","0747","6","0","0","0","0","0","0","0","0","","0","0","0","","","1","","1","","39 57:16.533","","0","75 13:33.583","3","0","0","0","67301","1","0","0","N","1","0","0","1","67301","0","","1.0","","1","N","N","N","0","","1","0","0","","2","","","2","1","0","0","0","0","0","2","0","1","","03","","N","","","","","","","","","",""
"2020014540","1110","3","0","0","0","0","0","0","0","0","1","0","","67","1","2020","5","40.053414","-74.986613","1103","6","0","0","0","0","1","0","0","0","","0","0","0","","","0","N","0","","40 03:12.292","","0","74 59:11.806","0","0","0","0","67301","0","0","0","N","0","0","0","3","68K01","0","","1.0","","1","N","N","N","0","","0","0","0","","0","","","3","0","0","0","0","0","0","2","0","3","","03","","N","","","","","","","","","",""
"2020025552","1040","1","0","0","0","0","0","0","0","0","5","0","","67","3","2020","3","39.990932","-75.179627","1040","6","0","0","0","0","0","0","0","0","","0","0","0","","","0","N","0","","39 59:27.355","","0","75 10:46.656","0","0","0","0","67301","0","0","0","N","0","0","0","2","67301","0","","1.0","","9","N","N","N","0","","0","0","1","","0","","","2","0","1","0","0","0","0","2","0","2","","07","","N","","","","","","","","","",""
"2020025694","0841","1","0","0","0","0","0","0","0","0","1","0","","67","3","2020","6","39.943191","-75.142794","0823","6","0","0","0","0","0","0","0","0","","0","0","0","","","2","N","0","","39 56:35.487","1","0","75 08:34.057","3","0","0","0","67301","0","0","0","N","0","0","0","3","68K01","1","","1.0","45.0","1","N","N","N","1","","1","0","1","","0","N","","3","2","0","0","0","0","0","2","0","3","","03","","N","","","","","","","","","",""
"2020020362","2355","1","0","0","0","0","0","0","0","0","5","0","","67","2","2020","7","39.958333","-75.141198","2341","6","0","0","0","0","0","0","0","0","","0","0","0","","","0","N","0","","39 57:29.998","","0","75 08:28.313","0","0","0","0","67301","0","0","0","N","0","0","0","2","68K01","0","","2.0","","1","N","N","N","0","","0","0","1","","0","","","2","0","0","0","0","0","0","2","0","2","","03","","N","","","","","","","","","",""
"2020020866","1115","1","0","0","0","0","0","0","0","0","2","0","","67","2","2020","3","40.077992","-75.023685","1105","6","0","0","0","0","0","0","0","0","","0","0","0","","","1","","2","","40 04:40.772","","0","75 01:25.266","3","0","0","0","67301","0","0","0","N","0","0","0","2","67301","0","","1.0","","9","N","N","N","0","","1","0","0","","2","","","2","1","0","0","0","0","1","2","0","2","","04","","N","","","","","","","","","",""
"2020025573","0146","0","0","0","0","0","0","0","0","0","8","0","","67","3","2020","7","40.033603","-75.139539","0143","6","0","0","0","0","0","0","0","0","","0","0","0","","","1","N","0","","40 02:00.970","","0","75 08:22.340","3","0","0","0","67301","1","0","0","N","1","0","0","2","67301","0","","1.0","","9","N","N","N","0","","1","0","1","","0","","","2","1","0","0","0","0","0","2","0","1","","03","","N","","","","","","","","","",""
"2020025691","0731","1","0","0","0","0","0","0","0","0","1","0","","67","3","2020","5","40.010689","-75.062626","0709","6","0","0","0","0","0","0","0","0","","0","0","0","","","1","N","0","","40 00:38.482","","0","75 03:45.453","8","0","0","0","67301","0","0","0","N","0","0","0","3","68K01","0","","1.0","","1","N","N","N","1","","0","0","1","","0","","","3","1","0","0","0","1","0","2","0","3","","03","","N","","","","","","","","","",""
"2020019627","0530","1","0","0","0","0","0","0","0","0","1","1","","67","2","2020","6","39.900689","-75.193844","0515","6","0","0","0","0","0","2","0","0","","0","1","0","","","0","N","0","","39 54:02.480","4","0","75 11:37.840","0","0","0","0","67301","0","0","0","N","0","0","0","3","67301","0","","1.0","40.0","1","N","N","N","0","","0","0","1","","0","N","","3","0","0","0","0","0","0","2","0","3","","03","","N","","","","","","","","","",""
"2020029158","1249","2","0","0","0","0","0","0","0","0","2","0","","67","3","2020","3","40.015156","-75.09295","1231","6","0","0","0","0","0","0","0","0","","0","0","0","","","1","N","0","","40 00:54.560","","0","75 05:34.620","3","0","0","0","67301","0","0","0","N","0","0","0","1","67301","0","","5.0","","1","N","N","N","0","","1","0","0","","0","","","2","1","0","0","0","0","0","2","0","2","","","","N","","","","","","","","","",""
"2020020352","0716","1","0","0","0","0","0","0","0","0","5","0","","67","2","2020","3","39.9569","-75.152958","0707","6","0","0","0","0","0","0","1","0","","0","0","0","","","0","N","0","","39 57:24.839","","0","75 09:10.648","0","0","0","0","67301","0","0","0","N","0","0","0","3","68K01","0","","1.0","","9","N","N","N","0","","0","0","1","","0","","","2","0","0","0","0","0","0","2","0","2","","","","N","","","","","","","","","",""
"2020020211","1903","1","0","0","0","0","0","0","0","0","7","0","","67","1","2020","6","39.959903","-75.140393","1858","6","0","0","0","0","0","0","0","0","","0","0","0","","","0","N","7","","39 57:35.650","","2","75 08:25.416","0","0","0","0","67301","0","0","0","Y","0","0","0","2","68K01","0","","7.0","","9","N","N","N","0","","0","0","0","","0","","","1","0","0","0","0","0","0","2","0","1","","","","N","","","","","","","","","",""
"2020039998","1727","1","0","0","0","0","0","0","0","0","2","0","","67","5","2020","2","40.02045","-75.215978","1725","6","0","0","0","0","0","0","0","0","","0","0","0","","","1","N","0","","40 01:13.620","5","7","75 12:57.520","3","0","0","1","67301","0","0","0","N","0","0","0","2","67301","0","","1.0","30.0","1","N","N","N","0","","1","0","0","","9","Y","","2","1","0","0","0","0","0","2","0","2","","03","","N","","","","","","","","","",""
"2020030941","1444","0","0","0","0","0","0","0","0","0","7","1","","67","3","2020","2","40.033754","-75.019809","1436","6","0","0","0","0","0","0","0","0","","0","1","0","","","0","N","0","","40 02:01.513","1","0","75 01:11.311","0","0","0","0","67301","0","0","0","N","0","0","0","1","68K02","0","","2.0","15.0","9","N","N","N","0","","0","0","0","","0","N","","1","0","0","0","0","0","0","2","0","1","","07","","N","","","","","","","","","",""
"2020020206","1243","0","0","0","0","0","0","0","0","0","0","1","30","67","1","2020","6","39.999494","-75.084604","1234","6","0","0","0","0","0","1","0","0","","0","1","0","","","1","N","3","","39 59:58.179","2","8","75 05:04.576","3","0","0","0","67301","0","0","0","N","0","0","0","1","68K01","0","","1.0","400.0","1","N","N","N","0","","1","0","0","","4","N","","1","1","0","0","0","0","0","2","0","1","","03","Y","Y","2","1","N","N","Y","Y","Y","N","Y","N"
"2020013034","0344","2","0","0","0","0","0","0","0","0","1","0","","67","2","2020","1","39.89328","-75.231632","0344","6","0","0","0","0","0","0","0","0","","0","0","0","","","0","N","7","","39 53:35.807","","2","75 13:53.874","0","0","0","0","67301","0","0","0","N","0","0","0","3","68K01","0","","1.0","","1","N","N","N","0","","0","0","0","","0","","","2","0","0","0","0","0","0","2","0","2","","","","N","","","","","","","","","",""
"2020025527","0812","0","0","0","0","0","0","0","0","0","1","0","","67","3","2020","4","40.021761","-75.039111","0808","6","0","0","0","0","0","0","2","0","","0","0","0","","","0","N","0","","40 01:18.340","","0","75 02:20.800","0","0","0","0","67301","0","0","0","N","0","0","0","4","68K01","0","","1.0","","1","N","N","N","0","","0","0","2","","0","","","2","0","0","0","0","0","0","2","0","2","","03","","N","","","","","","","","","",""
"2020019661","1254","0","0","0","0","0","0","0","0","0","4","0","","67","2","2020","6","40.05276","-75.007404","1251","6","0","0","0","0","0","0","0","0","","0","0","0","","","1","N","0","","40 03:09.935","","0","75 00:26.653","3","0","0","0","67301","0","0","0","N","0","0","0","2","67301","0","","1.0","","1","N","N","N","0","","1","0","2","","0","","","2","1","2","0","0","0","0","2","0","2","","03","","N","","","","","","","","","",""
"2020020342","0117","2","0","0","0","0","0","0","0","0","1","0","","67","1","2020","7","39.957132","-75.152019","0111","6","0","0","0","0","0","0","0","0","","1","0","0","","","2","N","0","","39 57:25.674","3","0","75 09:07.268","1","0","0","0","67301","0","0","0","N","0","0","0","4","68K01","0","1","2.0","454.0","1","N","N","N","0","0","1","1","0","","0","Y","","2","2","3","1","1","0","1","2","0","2","","","","N","","","","","","","","","",""
"2020019650","0902","2","0","0","0","0","0","0","0","0","4","0","","67","2","2020","7","39.984711","-75.161527","0900","6","0","0","0","0","0","0","0","0","","0","0","0","","","1","","1","","39 59:04.959","","0","75 09:41.497","8","0","0","0","67301","0","0","0","N","0","0","0","2","67505","0","","1.0","","1","N","N","Y","0","","0","0","1","","3","","","3","1","0","0","0","1","1","2","0","3","","03","","N","","","","","","","","","",""
"2020020422","2336","1","0","0","0","0","0","0","0","0","1","0","","67","2","2020","7","40.000755","-75.079268","2324","6","0","0","0","1","0","0","0","0","","0","0","0","","","0","N","0","","40 00:02.719","","0","75 04:45.364","0","0","0","0","67301","0","0","0","N","0","0","0","2","68K01","0","","1.0","","1","N","N","N","0","","0","0","1","","0","","","2","0","0","0","0","0","0","2","0","2","","","","N","","","","","","","","","",""
"2020031503","1210","1","0","0","0","0","0","0","0","0","1","1","","67","3","2020","1","39.990534","-75.086898","1204","6","0","0","0","0","0","1","0","0","","0","1","0","","","1","N","0","","39 59:25.921","","0","75 05:12.833","3","0","0","0","67301","0","0","0","N","0","0","0","2","68K01","0","","1.0","","1","N","N","N","0","","1","0","0","","0","","","2","1","0","0","0","0","0","2","0","2","","","","N","","","","","","","","","",""
"2020024255","1405","2","0","0","0","0","0","0","0","0","2","0","","67","3","2020","6","40.086857","-74.971971","1401","6","0","0","0","0","0","1","0","0","","0","0","0","","","1","","1","","40 05:12.685","1","0","74 58:19.097","3","0","0","0","67301","0","0","0","N","0","0","0","2","67301","0","","1.0","1535.0","9","N","N","N","0","","1","0","0","","2","N","","2","1","0","0","0","0","0","2","0","2","","04","","N","","","","","","","","","",""
"2020014579","1804","2","0","0","0","0","0","0","0","0","1","0","","67","2","2020","3","39.982071","-75.101138","1740","6","0","0","0","0","0","1","0","0","","0","0","0","","","0","N","0","","39 58:55.456","2","0","75 06:04.097","0","0","0","0","67301","0","0","0","N","0","0","0","3","68K01","0","","1.0","1800.0","1","N","N","N","0","","0","0","1","","0","N","","3","0","0","0","0","0","0","2","0","3","","03","","N","","","","","","","","","",""
"2020031680","2015","0","0","0","0","0","0","0","0","0","7","0","","67","3","2020","1","40.027735","-75.10958","2004","6","0","0","0","0","0","0","0","0","","1","0","0","","","0","N","0","","40 01:39.846","","0","75 06:34.487","1","0","0","0","67301","0","0","0","N","0","0","0","1","67301","0","2","4.0","","1","N","N","N","0","0","0","0","1","","0","","","1","0","1","1","0","0","0","2","0","1","","03","","N","","","","","","","","","",""
"2020013135","0454","1","0","0","0","0","0","0","0","0","7","0","","67","1","2020","5","40.032937","-75.048592","0454","6","0","0","0","0","0","0","0","0","","0","0","0","","","0","","1","","40 01:58.573","","0","75 02:54.930","0","0","0","0","67301","0","0","0","N","0","0","0","2","67301","0","","5.0","","1","N","N","N","0","","0","0","0","","2","","","1","0","0","0","0","0","0","2","0","1","","","","N","","","","","","","","","",""
"2020039852","1920","0","0","0","0","0","0","0","0","0","7","0","","67","5","2020","6","39.98098","-75.206549","1919","6","0","0","0","0","0","0","0","0","","0","0","0","","","3","N","0","","39 58:51.527","","0","75 12:23.575","4","0","0","0","67301","0","0","0","N","0","0","0","4","68K01","2","","4.0","","9","N","N","N","0","","0","0","1","","0","","","1","3","0","0","0","1","0","2","0","1","","04","","N","","","","","","","","","",""
"2020020929","1518","1","0","0","0","0","0","0","0","0","98","0","","67","2","2020","3","39.934172","-75.226653","1514","6","0","0","0","0","0","0","0","0","","0","0","0","","","1","N","0","","39 56:03.020","","0","75 13:35.950","4","0","0","0","67301","0","0","0","N","0","0","0","1","67301","1","","2.0","","9","N","N","N","0","","0","0","0","","0","","","1","1","0","0","0","0","0","2","0","1","","04","","N","","","","","","","","","",""
"2020020212","1749","2","0","0","0","0","0","0","0","0","1","0","","67","2","2020","1","39.958468","-75.167521","1744","6","0","0","0","0","0","0","0","0","","0","0","0","","","2","N","0","","39 57:30.483","3","1","75 10:03.074","3","0","0","0","67301","0","0","0","N","0","0","0","3","68K01","0","","1.0","10.0","1","N","N","N","0","","2","0","0","","0","N","","2","2","0","0","0","0","0","2","0","2","","04","","N","","","","","","","","","",""