"CRN","ARRIVAL_TM","AUTOMOBILE_COUNT","BELTED_DEATH_COUNT","BELTED_SUSP_SERIOUS_INJ_COUNT","BICYCLE_COUNT","BICYCLE_DEATH_COUNT","BICYCLE_SUSP_SERIOUS_INJ_COUNT","BUS_COUNT","CHLDPAS_DEATH_COUNT","CHLDPAS_SUSP_SERIOUS_INJ_COUNT","COLLISION_TYPE","COMM_VEH_COUNT","CONS_ZONE_SPD_LIM","COUNTY","CRASH_MONTH","CRASH_YEAR","DAY_OF_WEEK","DEC_LATITUDE","DEC_LONGITUDE","DISPATCH_TM","DISTRICT","DRIVER_COUNT_16YR","DRIVER_COUNT_17YR","DRIVER_COUNT_18YR","DRIVER_COUNT_19YR","DRIVER_COUNT_20YR","DRIVER_COUNT_50_64YR","DRIVER_COUNT_65_74YR","DRIVER_COUNT_75PLUS","EST_HRS_CLOSED","FATAL_COUNT","HEAVY_TRUCK_COUNT","HORSE_BUGGY_COUNT","HOUR_OF_DAY","ILLUMINATION","INJURY_COUNT","INTERSECTION_RELATED","INTERSECT_TYPE","LANE_CLOSED","LATITUDE","LN_CLOSE_DIR","LOCATION_TYPE","LONGITUDE","MAX_SEVERITY_LEVEL","MCYCLE_DEATH_COUNT","MCYCLE_SUSP_SERIOUS_INJ_COUNT","MOTORCYCLE_COUNT","MUNICIPALITY","NONMOTR_COUNT","NONMOTR_DEATH_COUNT","NONMOTR_SUSP_SERIOUS_INJ_COUNT","NTFY_HIWY_MAINT","PED_COUNT","PED_DEATH_COUNT","PED_SUSP_SERIOUS_INJ_COUNT","PERSON_COUNT","POLICE_AGCY","POSSIBLE_INJ_COUNT","RDWY_SURF_TYPE_CD","RELATION_TO_ROAD","ROADWAY_CLEARED","ROAD_CONDITION","SCH_BUS_IND","SCH_ZONE_IND","SECONDARY_CRASH","SMALL_TRUCK_COUNT","SPEC_JURIS_CD","SUSP_MINOR_INJ_COUNT","SUSP_SERIOUS_INJ_COUNT","SUV_COUNT","TCD_FUNC_CD","TCD_TYPE","TFC_DETOUR_IND","TIME_OF_DAY","TOTAL_UNITS","TOT_INJ_COUNT","UNBELTED_OCC_COUNT","UNB_DEATH_COUNT","UNB_SUSP_SERIOUS_INJ_COUNT","UNK_INJ_DEG_COUNT","UNK_INJ_PER_COUNT","URBAN_RURAL","VAN_COUNT","VEHICLE_COUNT","WEATHER1","WEATHER2","WORKERS_PRES","WORK_ZONE_IND","WORK_ZONE_LOC","WORK_ZONE_TYPE","WZ_CLOSE_DETOUR","WZ_FLAGGER","WZ_LAW_OFFCR_IND","WZ_LN_CLOSURE","WZ_MOVING","WZ_OTHER","WZ_SHLDER_MDN","WZ_WORKERS_INJ_KILLED"
"2020031281","0255","1","0","0","0","0","0","0","0","0","5","1","","67","4","2020","2","39.978924","-75.095653","0255","6","0","0","0","0","0","0","0","0","","0","1","0","","","0","N","0","","39 58:44.126","","0","75 05:44.349","9","0","0","0","67301","0","0","0","N","0","0","0","1","67301","0","","6.0","","9","N","N","N","0","","0","0","0","","0","","","2","0","0","0","0","0","1","2","0","2","","","","N","","","","","","","","","",""
"2020019669","1814","2","0","0","0","0","0","0","0","0","1","0","","67","2","2020","5","40.057525","-75.149283","1813","6","0","0","0","0","0","0","1","0","","0","0","0","","","1","","1","","40 03:27.089","","0","75 08:57.418","3","0","0","0","67301","0","0","0","N","0","0","0","2","67301","0","","1.0","","1","N","N","Y","0","","1","0","0","","2","","","2","1","0","0","0","0","0","2","0","2","","03","","N","","","","","","","","","",""
"2020014587","2004","1","0","0","0","0","0","0","0","0","5","0","","67","2","2020","4","40.013593","-75.057317","2001","6","0","0","0","0","0","0","0","0","","0","0","0","","","0","N","0","","40 00:48.934","2","0","75 03:26.341","0","0","0","0","67301","0","0","0","N","0","0","0","1","68K01","0","","1.0","2010.0","1","N","N","N","1","","0","0","0","","0","N","","2","0","0","0","0","0","0","2","0","2","","03","","N","","","","","","","","","",""
"2020019671","1140","1","0","0","0","0","0","0","0","0","6","0","","67","2","2020","6","40.023326","-75.150911","1135","6","0","0","0","0","0","0","1","0","","0","0","0","","","1","","2","","40 01:23.975","","0","75 09:03.279","3","0","0","0","67301","0","0","0","N","0","0","0","4","67301","0","","1.0","","1","N","N","N","0","","1","0","1","","3","","","2","1","0","0","0","0","0","2","0","2","","","","N","","","","","","","","","",""
"2020031188","2229","1","0","0","0","0","0","0","0","0","5","1","","67","3","2020","2","39.963916","-75.184312","2220","6","0","0","0","0","0","2","0","0","","0","1","0","","","2","N","0","","39 57:50.097","4","0","75 11:03.523","3","0","0","0","67301","0","0","0","N","0","0","0","2","68K01","0","","1.0","2258.0","1","N","N","N","0","","2","0","0","","0","N","","2","2","0","0","0","0","0","2","0","2","","03","","N","","","","","","","","","",""
"2020019864","1045","1","0","0","0","0","0","0","0","0","2","0","","67","2","2020","7","40.064494","-75.009526","1035","6","0","0","0","0","0","0","0","0","","0","0","0","","","0","N","0","","40 03:52.180","","0","75 00:34.293","0","0","0","0","67301","0","0","0","N","0","0","0","2","67301","0","","1.0","","1","N","N","N","0","","0","0","1","","9","","","2","0","0","0","0","0","0","2","0","2","","03","","N","","","","","","","","","",""
"2020018894","1438","1","0","0","0","0","0","0","0","0","1","1","","67","1","2020","4","39.898433","-75.181404","1412","6","0","0","0","0","0","1","0","0","","1","1","0","","","0","N","0","","39 53:54.359","1","3","75 10:53.054","1","0","0","0","67301","0","0","0","N","0","0","0","3","68K01","0","1","1.0","1810.0","1","N","N","N","0","0","0","0","0","","0","N","","2","0","1","1","0","0","0","2","0","2","","","","N","","","","","","","","","",""
"2020020215","2003","1","0","0","0","0","0","0","0","0","1","0","","67","2","2020","3","39.899643","-75.162576","1959","6","0","0","0","0","0","0","0","0","","0","0","0","","","1","N","0","","39 53:58.715","1","0","75 09:45.272","8","0","0","0","67301","0","0","0","N","0","0","0","5","68K01","0","","1.0","2041.0","1","N","N","N","0","","0","0","0","","0","N","","3","1","0","0","0","1","0","2","2","3","","03","","N","","","","","","","","","",""
"2020020021","1650","0","0","0","0","0","0","0","0","0","8","0","","67","2","2020","7","39.951249","-75.199138","1645","6","0","0","0","0","0","0","0","0","","0","0","0","","","1","N","1","","39 57:04.496","","99","75 11:56.898","8","0","0","0","67301","1","0","0","N","1","0","0","2","67504","0","","1.0","","1","N","N","N","0","","0","0","1","","2","","","2","1","0","0","0","1","1","2","0","1","","03","","N","","","","","","","","","",""
"2020028896","0610","0","0","0","0","0","0","1","0","0","8","1","","67","3","2020","3","39.96444","-75.134259","0607","6","0","0","0","0","0","1","0","0","","1","0","0","","","0","N","3","","39 57:51.984","1","0","75 08:03.331","1","0","0","0","67301","1","1","0","N","1","1","0","2","67301","0","2","1.0","850.0","9","N","N","N","0","0","0","0","0","","2","Y","","2","0","0","0","0","0","0","2","0","1","","03","","N","","","","","","","","","",""
"2020031130","1811","1","0","0","0","0","0","0","0","0","1","0","","67","3","2020","6","39.957121","-75.152059","1810","6","0","0","0","0","0","0","0","0","","0","0","0","","","0","N","7","","39 57:25.635","","0","75 09:07.412","0","0","0","0","67301","0","0","0","N","0","0","0","2","68K01","0","","1.0","","1","N","N","N","0","","0","0","1","","0","","","2","0","0","0","0","0","0","2","0","2","","03","","N","","","","","","","","","",""
"2020039118","2242","1","0","0","0","0","0","0","0","0","5","0","","67","5","2020","5","39.907833","-75.149359","2242","6","0","0","0","0","0","1","0","0","","0","0","0","","","3","N","0","","39 54:28.198","1","0","75 08:57.694","3","0","0","0","67301","0","0","0","N","0","0","0","4","68K01","0","","1.0","30.0","1","N","N","N","0","","3","0","1","","0","N","","2","3","0","0","0","0","0","2","0","2","","03","","N","","","","","","","","","",""
"2020030542","0839","0","0","0","0","0","0","0","0","0","1","2","","67","3","2020","5","39.979175","-75.118908","0837","6","0","0","0","0","0","1","0","0","","0","2","0","","","1","N","0","","39 58:45.030","","0","75 07:08.070","4","0","0","0","67301","0","0","0","N","0","0","0","4","67301","1","","1.0","","1","N","N","N","0","","0","0","0","","0","","","2","1","0","0","0","0","0","2","0","2","","03","","N","","","","","","","","","",""
"2020020964","1940","2","0","0","0","0","0","0","0","0","1","0","","67","1","2020","7","39.958977","-75.171663","1932","6","0","0","0","0","0","0","0","0","","0","0","0","","","1","N","0","","39 57:32.317","","0","75 10:17.987","4","0","0","0","67301","0","0","0","N","0","0","0","3","68K01","1","","1.0","","1","N","N","N","0","","0","0","1","","0","","","3","1","0","0","0","0","0","2","0","3","","","","N","","","","","","","","","",""
"2020020356","2353","2","0","0","0","0","0","0","0","0","5","0","","67","2","2020","5","40.035767","-75.016557","2353","6","0","0","0","0","0","0","0","0","","0","0","0","","","0","N","0","","40 02:08.760","1","0","75 00:59.604","9","0","0","0","67301","0","0","0","N","0","0","0","2","68K01","0","","1.0","2359.0","9","N","N","N","0","","0","0","0","","0","N","","2","0","0","0","0","0","1","2","0","2","","07","","N","","","","","","","","","",""
"2020019867","1135","0","0","0","0","0","0","0","0","0","1","1","","67","2","2020","6","40.020037","-75.043052","1129","6","0","0","0","0","0","0","1","0","","0","1","0","","","0","","1","","40 01:12.134","2","0","75 02:34.987","0","0","0","0","67301","0","0","0","N","0","0","0","2","67301","0","","1.0","100.0","1","N","N","N","0","","0","0","0","","2","N","","2","0","0","0","0","0","0","2","1","2","","03","","N","","","","","","","","","",""
"2020024125","0815","1","0","0","0","0","0","0","0","0","2","1","","67","3","2020","4","40.009376","-75.071658","0811","6","0","0","0","0","0","2","0","0","","0","1","0","","","1","N","0","","40 00:33.755","","0","75 04:17.969","3","0","0","0","67301","0","0","0","N","0","0","0","2","67301","0","","1.0","","1","N","N","N","0","","1","0","0","","2","","","2","1","0","0","0","0","0","2","0","2","","03","","N","","","","","","","","","",""
"2020025275","1805","4","0","0","0","0","0","0","0","0","5","0","","67","3","2020","3","40.056608","-75.075556","1805","6","0","0","0","0","0","0","0","0","","0","0","0","","","0","N","0","","40 03:23.788","3","0","75 04:32.001","0","0","0","0","67301","0","0","0","N","0","0","0","2","67301","0","","1.0","1930.0","1","N","N","N","0","","0","0","0","","0","N","","4","0","0","0","0","0","0","2","0","4","","","","N","","","","","","","","","",""
"2020020621","1136","2","0","0","0","0","0","0","0","0","1","0","","67","1","2020","6","39.959566","-75.180989","1123","6","0","0","1","0","0","1","0","0","","0","0","0","","","0","N","0","","39 57:34.437","3","0","75 10:51.560","0","0","0","0","67301","0","0","0","N","0","0","0","4","68K01","0","","1.0","25.0","1","N","N","N","0","","0","0","0","","0","N","","3","0","0","0","0","0","0","2","1","3","","03","","N","","","","","","","","","",""
"2020018393","2228","0","0","0","0","0","0","0","0","0","8","0","","67","1","2020","2","39.997872","-75.153734","2224","6","0","0","0","0","0","0","0","0","","1","0","0","","","0","N","0","","39 59:52.340","","1","75 09:13.444","1","0","0","0","67301","1","1","0","N","1","1","0","2","67301","0","2","1.0","","1","N","N","N","0","0","0","0","1","","0","","","2","0","0","0","0","0","1","2","0","1","","03","","N","","","","","","","","","",""
"2020024127","1202","2","0","0","0","0","0","0","0","0","1","0","","67","3","2020","4","40.04","-75.044573","1200","6","0","0","0","0","0","0","0","0","","0","0","0","","","1","","3","","40 02:24.000","","0","75 02:40.461","3","0","0","0","67301","0","0","0","N","0","0","0","1","67301","0","","1.0","","1","N","N","N","0","","1","0","0","","0","","","2","1","0","0","0","0","0","2","0","2","","03","","N","","","","","","","","","",""
"2020032287","0640","1","0","0","0","0","0","0","0","0","4","1","","67","4","2020","4","39.991706","-75.124495","0640","6","0","0","0","0","0","1","0","0","","0","1","0","","","1","","1","","39 59:30.141","","0","75 07:28.181","3","0","0","0","67301","0","0","0","N","0","0","0","3","67301","0","","1.0","","1","N","N","N","0","","1","0","2","","0","","","4","1","0","0","0","0","0","2","0","4","","03","","N","","","","","","","","","",""
"2020013953","1625","1","0","0","0","0","0","0","0","0","8","0","","67","2","2020","3","40.002739","-75.129458","1620","6","0","0","0","0","0","0","0","0","","0","0","0","","","1","N","0","","40 00:09.860","","0","75 07:46.050","3","0","0","0","67301","1","0","0","N","1","0","0","1","67301","0","","1.0","","1","N","Y","N","0","","1","0","0","","9","","","2","1","0","0","0","0","0","2","0","1","","03","","N","","","","","","","","","",""
"2020033087","1213","1","0","0","0","0","0","0","0","0","7","0","","67","4","2020","4","39.988394","-75.195286","1211","6","0","0","0","0","0","1","0","0","","0","0","0","","","1","N","0","","39 59:18.220","","0","75 11:43.030","3","0","0","0","67301","0","0","0","N","0","0","0","1","67301","0","","5.0","","1","N","N","N","0","","1","0","0","","0","","","1","1","1","0","0","0","0","2","0","1","","03","","N","","","","","","","","","",""
"2020013104","1527","1","0","0","0","0","0","0","0","0","8","0","","67","1","2020","6","40.085464","-74.975825","1518","6","0","0","0","0","0","0","0","0","","0","0","0","","","1","N","0","","40 05:07.670","","0","74 58:32.970","8","0","0","0","67301","1","0","0","N","1","0","0","1","67301","0","","9.0","","1","N","N","N","0","","0","0","0","","0","","","2","1","0","0","0","1","0","2","0","1","","03","","N","","","","","","","","","",""
"2020013756","1040","1","0","0","0","0","0","0","0","0","1","0","","67","1","2020","4","39.946354","-75.142163","1036","6","0","0","0","0","0","0","0","0","","0","0","0","","","0","N","0","","39 56:46.876","","0","75 08:31.788","9","0","0","0","67301","0","0","0","N","0","0","0","2","68K01","0","","1.0","","1","N","N","N","0","","0","0","0","","0","","","2","0","0","0","0","0","1","2","0","2","","","","N","","","","","","","","","",""
"2020032288","1857","1","0","0","0","0","0","0","0","0","4","0","","67","4","2020","3","40.004692","-75.095893","1810","6","0","0","0","0","0","0","0","0","","0","0","0","","","0","","1","","40 00:16.891","","0","75 05:45.214","0","0","0","0","67301","0","0","0","N","0","0","0","3","67301","0","","1.0","","1","N","N","N","0","","0","0","1","","3","","","2","0","0","0","0","0","0","2","0","2","","03","","N","","","","","","","","","",""
"2020030678","0855","1","0","0","0","0","0","0","0","0","4","0","","67","4","2020","4","40.058748","-74.995671","0851","6","0","0","0","0","0","0","0","1","","0","0","0","","","2","","1","","40 03:31.491","","0","74 59:44.414","3","0","0","0","67301","0","0","0","N","0","0","0","3","67301","0","","1.0","","1","N","N","N","1","","2","0","0","","0","","","2","2","1","0","0","0","0","2","0","2","","03","","N","","","","","","","","","",""
"2020032623","1711","2","0","0","0","0","0","0","0","0","2","0","","67","4","2020","2","40.061603","-75.200019","1710","6","0","0","0","0","0","0","0","0","","0","0","0","","","2","N","0","","40 03:41.770","6","0","75 12:00.070","3","0","0","0","67301","0","0","0","N","0","0","0","2","67301","0","","1.0","1900.0","9","N","N","N","0","","2","0","0","","0","Y","","2","2","0","0","0","0","0","2","0","2","","03","","N","","","","","","","","","",""
"2020014792","2159","1","0","0","0","0","0","0","0","0","7","0","","67","1","2020","7","40.03139","-75.084857","2155","6","0","0","0","0","0","0","0","0","","0","0","0","","","1","","1","","40 01:53.003","","0","75 05:05.484","3","0","0","0","67301","0","0","0","N","0","0","0","2","67301","0","","3.0","","1","N","N","N","0","","1","0","0","","2","","","1","1","1","0","0","0","0","2","0","1","","","","N","","","","","","","","","",""
"2020032227","1050","0","0","0","0","0","0","0","0","0","1","0","","67","3","2020","2","39.961488","-75.182388","1044","6","0","0","0","0","0","0","0","0","","0","0","0","","","0","N","0","","39 57:41.355","","0","75 10:56.597","0","0","0","0","67301","0","0","0","N","0","0","0","2","68K01","0","","1.0","","9","N","N","N","0","","0","0","2","","0","","","2","0","0","0","0","0","0","2","0","2","","04","","N","","","","","","","","","",""
"2020032233","1657","0","0","0","0","0","0","0","0","0","0","0","","67","4","2020","5","39.950955","-75.182902","1652","6","0","0","0","0","0","0","0","0","","0","0","0","","","1","N","0","","39 57:03.439","4","0","75 10:58.447","4","0","0","1","67301","0","0","0","N","0","0","0","1","68K01","1","","1.0","30.0","1","N","N","N","0","","0","0","0","","0","N","","1","1","0","0","0","0","0","2","0","1","","03","","N","","","","","","","","","",""
"2020032419","1443","1","0","0","0","0","0","0","0","0","4","0","","67","4","2020","5","39.972944","-75.237988","1435","6","0","0","0","0","0","0","0","0","","0","0","0","","","0","","1","","39 58:22.598","","0","75 14:16.756","0","0","0","0","67301","0","0","0","N","0","0","0","2","67301","0","","1.0","","1","N","N","N","1","","0","0","0","","2","","","2","0","0","0","0","0","0","2","0","2","","03","","N","","","","","","","","","",""
"2020014221","1842","1","0","0","0","0","0","0","0","0","2","0","","67","1","2020","6","40.020924","-75.148591","1831","6","0","0","0","0","0","2","0","0","","0","0","0","","","1","N","2","","40 01:15.326","","0","75 08:54.927","3","0","0","0","67301","0","0","0","N","0","0","0","4","67301","0","","1.0","","9","N","N","N","0","","1","0","1","","0","","","2","1","0","0","0","0","0","2","0","2","","07","","N","","","","","","","","","",""
"2020030768","1432","1","0","0","0","0","0","0","0","0","7","0","","67","4","2020","4","39.97068","-75.15393","1431","6","0","0","0","0","0","1","0","0","","0","0","0","","","0","N","0","","39 58:14.447","","99","75 09:14.147","9","0","0","0","67301","0","0","0","N","0","0","0","1","67301","0","","9.0","","1","N","N","N","0","","0","0","0","","9","","","1","0","0","0","0","0","1","2","0","1","","04","","N","","","","","","","","","",""
"2020032622","1705","1","0","0","0","0","0","0","0","0","2","0","","67","4","2020","2","40.063644","-75.200177","1703","6","0","0","1","0","0","0","0","0","","0","0","0","","","0","","2","","40 03:49.117","","0","75 12:00.637","0","0","0","0","67301","0","0","0","N","0","0","0","1","67301","0","","1.0","","9","N","N","N","0","","0","0","1","","0","","","2","0","0","0","0","0","0","2","0","2","","04","","N","","","","","","","","","",""
"2020014643","0830","1","0","0","0","0","0","0","0","0","8","0","","67","2","2020","5","39.995171","-75.115788","0820","6","0","0","0","0","0","0","0","0","","0","0","0","","","1","","5","","39 59:42.616","","0","75 06:56.835","3","0","0","0","67301","1","0","0","N","1","0","0","2","67301","0","","1.0","","9","N","N","N","0","","1","0","0","","2","","","2","1","0","0","0","0","1","2","0","1","","04","","N","","","","","","","","","",""
"2020038765","1430","2","0","0","0","0","0","0","0","0","3","0","","67","5","2020","5","40.068058","-75.061192","1424","6","0","0","0","0","0","0","0","1","","0","0","0","","","1","N","0","","40 04:05.010","","99","75 03:40.290","3","0","0","0","67301","0","0","0","N","0","0","0","3","67301","0","","1.0","","1","N","N","N","0","","1","0","0","","9","","","2","1","0","0","0","0","1","2","0","2","","03","","N","","","","","","","","","",""
"2020013231","1050","0","0","0","0","0","0","0","0","0","5","0","","67","2","2020","2","39.982406","-75.18176","1045","6","0","0","0","0","0","0","0","0","","0","0","0","","","0","N","0","","39 58:56.660","","0","75 10:54.337","0","0","0","0","67301","0","0","0","N","0","0","0","0","67301","0","","1.0","","1","N","N","N","1","","0","0","1","","0","","","3","0","0","0","0","0","0","2","0","3","","03","","N","","","","","","","","","",""
"2020029949","1845","0","0","0","0","0","0","0","0","0","4","0","","67","3","2020","5","39.992547","-75.120606","1841","6","0","0","0","0","0","1","0","0","","0","0","0","","","1","N","0","","39 59:33.170","","0","75 07:14.180","3","0","0","1","67301","0","0","0","N","0","0","0","2","67301","0","","1.0","","1","N","N","N","1","","1","0","0","","0","","","2","1","0","0","0","0","0","2","0","2","","03","","N","","","","","","","","","",""
"2020014079","0919","0","0","0","0","0","0","0","0","0","7","0","","67","2","2020","4","40.00538","-75.157822","0917","6","0","0","0","0","0","0","0","0","","0","0","0","","","0","N","1","","40 00:19.369","4","0","75 09:28.159","9","0","0","0","67301","0","0","0","N","0","0","0","1","67301","0","","4.0","1017.0","9","N","N","N","0","","0","0","1","","3","N","","1","0","0","0","0","0","1","2","0","1","","04","","N","","","","","","","","","",""
"2020030677","2015","1","0","0","0","0","0","0","0","0","1","0","","67","4","2020","4","39.956353","-75.163711","2010","6","0","0","0","0","0","0","0","0","","0","0","0","","","0","N","0","","39 57:22.870","","0","75 09:49.360","0","0","0","0","67301","0","0","0","N","0","0","0","0","67301","0","","1.0","","1","N","N","N","0","","0","0","0","","0","","","2","0","0","0","0","0","0","2","0","2","","03","","N","","","","","","","","","",""
"2020014484","1725","0","0","0","0","0","0","0","0","0","8","0","","67","2","2020","2","39.958919","-75.205183","1723","6","0","0","0","0","0","1","0","0","","0","0","0","","","1","","1","","39 57:32.108","","0","75 12:18.658","8","0","0","0","67301","1","0","0","N","1","0","0","2","67301","0","","1.0","","1","N","N","N","0","","0","0","1","","2","","","2","1","0","0","0","1","0","2","0","1","","03","","N","","","","","","","","","",""
"2020032325","2044","0","0","0","0","0","0","0","0","0","5","0","","67","3","2020","2","39.959913","-75.179103","2034","6","0","0","0","0","0","0","0","0","","0","0","0","","","2","N","0","","39 57:35.688","3","0","75 10:44.771","4","0","0","0","67301","0","0","0","N","0","0","0","5","68K01","2","","1.0","2115.0","9","N","N","N","0","","0","0","0","","0","N","","2","2","0","0","0","0","0","2","2","2","","03","","N","","","","","","","","","",""
"2020012179","1608","1","0","0","0","0","0","0","0","0","4","0","","67","1","2020","4","40.039159","-75.191725","1602","6","0","0","0","0","0","0","0","0","","0","0","0","","","1","","1","","40 02:20.972","","0","75 11:30.209","8","0","0","0","67301","0","0","0","N","0","0","0","2","67301","0","","1.0","","1","N","N","N","0","","0","0","0","","2","","","2","1","0","0","0","1","0","2","1","2","","03","","N","","","","","","","","","",""
"2020037638","0350","0","0","0","0","0","0","0","0","0","6","1","","67","4","2020","2","40.023846","-75.031028","0343","6","0","0","0","0","0","1","0","1","","0","1","0","","","1","N","0","","40 01:25.845","1","8","75 01:51.700","8","0","0","0","67301","0","0","0","N","0","0","0","2","68K01","0","","1.0","600.0","9","N","N","N","1","","0","0","0","","0","N","","2","1","0","0","0","1","0","2","0","2","","03","","N","","","","","","","","","",""
"2020032231","1244","1","0","0","0","0","0","0","0","0","7","0","","67","3","2020","7","40.012608","-75.059145","1238","6","0","0","0","0","0","0","0","0","","0","0","0","","","0","N","0","","40 00:45.388","2","0","75 03:32.921","0","0","0","0","67301","0","0","0","N","0","0","0","1","68K01","0","","2.0","15.0","9","N","N","N","0","","0","0","0","","0","N","","1","0","0","0","0","0","0","2","0","1","","07","","N","","","","","","","","","",""
"2020030710","1452","1","0","0","0","0","0","0","0","0","7","1","","67","4","2020","4","39.955467","-75.14808","1452","6","0","0","0","0","0","1","0","0","","0","1","0","","","0","N","0","","39 57:19.680","4","2","75 08:53.089","0","0","0","0","67301","0","0","0","N","0","0","0","6","67501","0","","4.0","1530.0","1","N","N","N","0","","0","0","0","","0","N","","2","0","0","0","0","0","0","2","0","2","","","","N","","","","","","","","","",""
"2020032205","0740","1","0","0","0","0","0","0","0","0","2","0","","67","4","2020","7","39.956554","-75.241884","0724","6","0","0","0","0","0","0","0","0","","0","0","0","","","1","","1","","39 57:23.594","","0","75 14:30.783","4","0","0","0","67301","0","0","0","N","0","0","0","2","67301","1","","1.0","","1","N","N","N","0","","0","0","1","","2","","","2","1","0","0","0","0","0","2","0","2","","","","N","","","","","","","","","",""
"2020030930","1719","1","0","0","0","0","0","0","0","0","1","0","","67","3","2020","3","39.962443","-75.183265","1717","6","0","0","0","0","0","1","0","0","","0","0","0","","","0","N","0","","39 57:44.794","","0","75 10:59.753","0","0","0","0","67301","0","0","0","N","0","0","0","2","68K01","0","","1.0","","1","N","N","N","0","","0","0","1","","0","","","2","0","0","0","0","0","0","2","0","2","","03","","N","","","","","","","","","",""
"2020032321","1623","0","0","0","0","0","0","0","0","0","7","1","","67","3","2020","2","40.033354","-75.020529","1623","6","0","0","0","0","0","1","0","0","","0","1","0","","","0","N","0","","40 02:00.073","2","0","75 01:13.906","0","0","0","0","67301","0","0","0","N","0","0","0","1","68K01","0","","2.0","1702.0","9","N","N","N","0","","0","0","0","","0","N","","1","0","0","0","0","0","0","2","0","1","","","","N","","","","","","","","","",""
"2020030821","1823","0","0","0","0","0","0","0","0","0","4","0","","67","4","2020","5","39.904061","-75.240291","1818","6","0","0","0","0","0","1","0","0","","0","0","0","","","1","","1","","39 54:14.619","2","0","75 14:25.049","3","0","0","0","67301","0","0","0","N","0","0","0","2","67301","0","","1.0","2000.0","1","N","N","N","0","","1","0","2","","2","N","","2","1","0","0","0","0","0","2","0","2","","","","N","","","","","","","","","",""
"2020013767","0725","1","0","0","0","0","0","0","0","0","1","1","","67","1","2020","5","39.924111","-75.192613","0716","6","0","0","0","0","0","0","1","0","","0","1","0","","","1","N","1","","39 55:26.801","3","8","75 11:33.405","8","0","0","0","67301","0","0","0","N","0","0","0","2","68K01","0","","1.0","800.0","1","N","N","N","0","","0","0","0","","0","Y","","2","1","0","0","0","1","0","2","0","2","","03","","N","","","","","","","","","",""
"2020032816","0945","0","0","0","0","0","0","0","0","0","7","0","","67","4","2020","2","39.946839","-75.142332","0936","6","0","0","0","0","0","0","0","0","","0","0","0","","","0","N","0","","39 56:48.619","","4","75 08:32.394","0","0","0","0","67301","0","0","0","N","0","0","0","1","68K01","0","","4.0","","8","N","N","N","0","","0","0","1","","0","","","1","0","0","0","0","0","0","2","0","1","","04","","N","","","","","","","","","",""
"2020032308","2005","2","0","0","0","0","0","0","0","0","1","0","","67","3","2020","3","39.930143","-75.198363","1951","6","0","0","0","0","0","0","0","0","","0","0","0","","","0","N","0","","39 55:48.514","","0","75 11:54.106","0","0","0","0","67301","0","0","0","N","0","0","0","2","68K01","0","","1.0","","1","N","N","N","0","","0","0","0","","0","","","2","0","0","0","0","0","0","2","0","2","","03","","N","","","","","","","","","",""
"2020032330","0625","1","0","0","0","0","0","0","0","0","1","1","","67","4","2020","7","40.006372","-75.074392","0615","6","0","0","0","0","0","0","0","0","","0","1","0","","","0","N","0","","40 00:22.940","","0","75 04:27.810","0","0","0","0","67301","0","0","0","N","0","0","0","4","68K01","0","","1.0","","1","N","N","N","0","","0","0","1","","0","","","4","0","0","0","0","0","0","2","1","4","","03","","N","","","","","","","","","",""
"2020013641","0902","1","0","0","0","0","0","0","0","0","4","0","","67","2","2020","3","39.989479","-75.156446","0850","6","0","0","0","0","0","0","0","0","","0","0","0","","","0","","1","","39 59:22.124","","0","75 09:23.205","0","0","0","0","67301","0","0","0","N","0","0","0","2","67301","0","","1.0","","9","N","N","N","0","","0","0","0","","3","","","2","0","0","0","0","0","0","2","0","2","","04","","N","","","","","","","","","",""
"2020032843","0926","3","0","0","0","0","0","0","0","0","4","0","","67","4","2020","3","39.959287","-75.244293","0925","6","0","0","0","0","0","0","0","0","","0","0","0","","","0","N","0","","39 57:33.432","","0","75 14:39.454","9","0","0","0","67301","0","0","0","N","0","0","0","2","67301","0","","1.0","","1","N","N","N","0","","0","0","0","","0","","","3","0","0","0","0","0","1","2","0","3","","","","N","","","","","","","","","",""
"2020012594","0710","1","0","0","0","0","0","0","0","0","1","0","","67","1","2020","4","39.979973","-75.205031","0655","6","0","0","0","0","0","0","0","0","","0","0","0","","","1","N","0","","39 58:47.904","","0","75 12:18.113","8","0","0","0","67301","0","0","0","N","0","0","0","2","68K01","0","","1.0","","1","N","N","N","1","","0","0","0","","0","","","2","1","0","0","0","1","0","2","0","2","","","","N","","","","","","","","","",""
"2020030688","2310","3","0","0","0","0","0","0","0","0","2","0","","67","3","2020","6","40.069567","-75.182272","2300","6","0","0","0","0","0","0","0","0","","0","0","0","","","0","N","0","","40 04:10.440","","0","75 10:56.180","0","0","0","0","67301","0","0","0","N","0","0","0","1","67301","0","","1.0","","1","N","N","N","0","","0","0","0","","0","","","3","0","0","0","0","0","0","2","0","3","","03","","N","","","","","","","","","",""
"2020014795","1921","1","0","0","0","0","0","0","0","0","2","0","","67","1","2020","3","40.041591","-75.034075","1918","6","0","0","0","0","0","1","0","0","","0","1","0","","","1","","1","","40 02:29.727","","0","75 02:02.669","3","0","0","0","67301","0","0","0","N","0","0","0","2","67301","0","","1.0","","9","N","N","N","0","","1","0","1","","3","","","3","1","0","0","0","0","0","2","0","3","","","","N","","","","","","","","","",""