"CRN","ARRIVAL_TM","AUTOMOBILE_COUNT","BELTED_DEATH_COUNT","BELTED_SUSP_SERIOUS_INJ_COUNT","BICYCLE_COUNT","BICYCLE_DEATH_COUNT","BICYCLE_SUSP_SERIOUS_INJ_COUNT","BUS_COUNT","CHLDPAS_DEATH_COUNT","CHLDPAS_SUSP_SERIOUS_INJ_COUNT","COLLISION_TYPE","COMM_VEH_COUNT","CONS_ZONE_SPD_LIM","COUNTY","CRASH_MONTH","CRASH_YEAR","DAY_OF_WEEK","DEC_LATITUDE","DEC_LONGITUDE","DISPATCH_TM","DISTRICT","DRIVER_COUNT_16YR","DRIVER_COUNT_17YR","DRIVER_COUNT_18YR","DRIVER_COUNT_19YR","DRIVER_COUNT_20YR","DRIVER_COUNT_50_64YR","DRIVER_COUNT_65_74YR","DRIVER_COUNT_75PLUS","EST_HRS_CLOSED","FATAL_COUNT","HEAVY_TRUCK_COUNT","HORSE_BUGGY_COUNT","HOUR_OF_DAY","ILLUMINATION","INJURY_COUNT","INTERSECTION_RELATED","INTERSECT_TYPE","LANE_CLOSED","LATITUDE","LN_CLOSE_DIR","LOCATION_TYPE","LONGITUDE","MAX_SEVERITY_LEVEL","MCYCLE_DEATH_COUNT","MCYCLE_SUSP_SERIOUS_INJ_COUNT","MOTORCYCLE_COUNT","MUNICIPALITY","NONMOTR_COUNT","NONMOTR_DEATH_COUNT","NONMOTR_SUSP_SERIOUS_INJ_COUNT","NTFY_HIWY_MAINT","PED_COUNT","PED_DEATH_COUNT","PED_SUSP_SERIOUS_INJ_COUNT","PERSON_COUNT","POLICE_AGCY","POSSIBLE_INJ_COUNT","RDWY_SURF_TYPE_CD","RELATION_TO_ROAD","ROADWAY_CLEARED","ROAD_CONDITION","SCH_BUS_IND","SCH_ZONE_IND","SECONDARY_CRASH","SMALL_TRUCK_COUNT","SPEC_JURIS_CD","SUSP_MINOR_INJ_COUNT","SUSP_SERIOUS_INJ_COUNT","SUV_COUNT","TCD_FUNC_CD","TCD_TYPE","TFC_DETOUR_IND","TIME_OF_DAY","TOTAL_UNITS","TOT_INJ_COUNT","UNBELTED_OCC_COUNT","UNB_DEATH_COUNT","UNB_SUSP_SERIOUS_INJ_COUNT","UNK_INJ_DEG_COUNT","UNK_INJ_PER_COUNT","URBAN_RURAL","VAN_COUNT","VEHICLE_COUNT","WEATHER1","WEATHER2","WORKERS_PRES","WORK_ZONE_IND","WORK_ZONE_LOC","WORK_ZONE_TYPE","WZ_CLOSE_DETOUR","WZ_FLAGGER","WZ_LAW_OFFCR_IND","WZ_LN_CLOSURE","WZ_MOVING","WZ_OTHER","WZ_SHLDER_MDN","WZ_WORKERS_INJ_KILLED"
"2020030327","1637","1","0","0","0","0","0","0","0","0","1","0","","67","3","2020","2","39.9973","-75.111958","1635","6","0","0","0","0","0","0","1","0","","0","0","0","","","0","N","0","","39 59:50.280","","0","75 06:43.050","0","0","0","0","67301","0","0","0","N","0","0","0","2","67301","0","","1.0","","9","N","N","N","0","","0","0","1","","0","","","2","0","0","0","0","0","0","2","0","2","","07","","N","","","","","","","","","",""
"2020013650","1020","2","0","0","0","0","0","0","0","0","4","0","","67","2","2020","3","39.998522","-75.153593","1020","6","0","0","0","1","0","0","0","0","","0","0","0","","","0","","2","","39 59:54.678","","0","75 09:12.936","0","0","0","0","67301","0","0","0","N","0","0","0","3","67301","0","","1.0","","9","N","N","N","0","","0","0","1","","2","","","3","0","0","0","0","0","0","2","0","3","","07","","N","","","","","","","","","",""
"2020014075","1930","2","0","0","0","0","0","0","0","0","2","0","","67","2","2020","3","39.993665","-75.096588","1927","6","0","0","0","0","0","0","0","0","","0","0","0","","","3","N","0","","39 59:37.195","","7","75 05:47.716","4","0","0","0","67301","0","0","0","N","0","0","0","5","67301","3","","1.0","","1","N","N","N","0","","0","0","0","","0","","","2","3","0","0","0","0","2","2","0","2","","03","","N","","","","","","","","","",""
"2020030011","0902","1","0","0","0","0","0","0","0","0","7","0","","67","3","2020","1","40.080281","-75.22375","0900","6","0","0","0","0","0","0","0","0","","0","0","0","","","1","N","0","","40 04:49.010","6","0","75 13:25.500","4","0","0","0","67301","0","0","0","N","0","0","0","1","67301","1","","2.0","923.0","9","N","N","N","0","","0","0","0","","0","Y","","1","1","0","0","0","0","0","2","0","1","","98","","N","","","","","","","","","",""
"2020030498","2030","0","0","0","0","0","0","0","0","0","5","0","","67","3","2020","2","40.075863","-75.176898","2025","6","0","0","0","0","0","0","0","0","","0","0","0","","","0","N","0","","40 04:33.105","","7","75 10:36.833","9","0","0","0","67301","0","0","0","N","0","0","0","1","67301","0","","9.0","","9","N","N","N","0","","0","0","2","","0","","","2","0","0","0","0","0","1","2","0","2","","07","","N","","","","","","","","","",""
"2020030120","0630","0","0","0","0","0","0","1","0","0","4","1","","67","3","2020","7","40.042896","-75.143783","0615","6","0","0","0","0","0","0","0","0","","0","0","0","","","1","","1","","40 02:34.426","","0","75 08:37.618","4","0","0","0","67301","0","0","0","N","0","0","0","2","67508","1","","1.0","","9","N","","N","0","","0","0","1","","2","","","2","1","0","0","0","0","0","2","0","2","","","","N","","","","","","","","","",""
"2020014788","1739","0","0","0","0","0","0","0","0","0","6","0","","67","2","2020","5","40.090044","-75.041956","1733","6","0","0","0","0","0","0","0","0","","0","0","0","","","4","N","0","","40 05:24.160","","0","75 02:31.040","8","0","0","0","67301","0","0","0","N","0","0","0","4","67301","0","","1.0","","9","N","N","N","1","","0","0","1","","0","","","2","4","0","0","0","4","0","2","0","2","","07","","N","","","","","","","","","",""
"2020012437","0010","1","0","0","0","0","0","0","0","0","7","0","","67","1","2020","6","39.996206","-75.201808","0006","6","0","0","0","0","0","1","0","0","","0","0","0","","","1","N","0","","39 59:46.340","3","0","75 12:06.510","3","0","0","0","67301","0","0","0","N","0","0","0","1","67301","0","","2.0","100.0","9","N","N","N","0","","1","0","0","","0","Y","","1","1","0","0","0","0","0","2","0","1","","","","N","","","","","","","","","",""
"2020014350","1815","1","0","0","0","0","0","0","0","0","7","0","","67","2","2020","5","39.98542","-75.156333","1815","6","0","0","0","0","0","0","0","0","","0","0","0","","","0","N","0","","39 59:07.511","","0","75 09:22.797","0","0","0","0","67301","0","0","0","N","0","0","0","1","67301","0","","3.0","","9","N","N","N","0","","0","0","0","","0","","","1","0","0","0","0","0","0","2","0","1","","07","","N","","","","","","","","","",""
"2020037876","1752","1","0","0","0","0","0","0","0","0","0","0","","67","5","2020","7","39.909969","-75.154028","1752","6","0","0","0","0","0","0","0","0","","0","0","0","","","0","N","0","","39 54:35.890","","5","75 09:14.500","0","0","0","0","67301","0","0","0","N","0","0","0","1","67501","0","","2.0","","1","N","N","N","0","","0","0","0","","8","","","1","0","0","0","0","0","0","2","0","1","","03","","N","","","","","","","","","",""
"2020014071","0135","0","0","0","0","0","0","0","0","0","7","0","","67","2","2020","5","39.962446","-75.214684","0133","6","0","0","0","0","0","0","0","0","","0","0","0","","","1","N","0","","39 57:44.805","6","0","75 12:52.864","4","0","0","0","67301","0","0","0","N","0","0","0","1","67301","1","","4.0","133.0","9","N","N","N","0","","0","0","1","","0","Y","","1","1","0","0","0","0","0","2","0","1","","07","","N","","","","","","","","","",""
"2020029992","0057","0","0","0","0","0","0","0","0","0","7","0","","67","3","2020","1","40.008414","-75.203674","0055","6","0","0","0","0","0","0","0","0","","0","0","0","","","0","N","0","","40 00:30.291","3","0","75 12:13.228","0","0","0","0","67301","0","0","0","N","0","0","0","1","68K01","0","","4.0","15.0","9","N","N","N","0","","0","0","1","","0","N","","1","0","0","0","0","0","0","2","0","1","","07","","N","","","","","","","","","",""
"2020032405","1330","1","0","0","0","0","0","0","0","0","7","0","","67","4","2020","4","40.007106","-75.094055","1325","6","0","0","0","0","0","0","0","0","","0","0","0","","","0","","1","","40 00:25.582","","0","75 05:38.599","9","0","0","0","67301","0","0","0","N","0","0","0","1","67301","0","","5.0","","1","N","N","N","0","","0","0","0","","2","","","1","0","0","0","0","0","1","2","0","1","","03","","N","","","","","","","","","",""
"2020032322","1620","1","0","0","0","0","0","0","0","0","2","0","","67","3","2020","2","39.959978","-75.179584","1610","6","0","0","0","1","0","0","0","0","","0","0","0","","","1","N","0","","39 57:35.919","3","0","75 10:46.501","8","0","0","0","67301","0","0","0","N","0","0","0","2","68K01","0","","2.0","1625.0","9","N","N","Y","0","","0","0","1","","0","N","","2","1","1","0","0","1","0","2","0","2","","07","","N","","","","","","","","","",""
"2020014557","1623","0","0","0","0","0","0","0","0","0","7","0","","67","1","2020","6","39.912701","-75.148396","1614","6","0","0","0","0","0","0","0","0","","0","0","0","","","1","N","0","","39 54:45.722","1","0","75 08:54.224","8","0","0","0","67301","0","0","0","Y","0","0","0","1","68K01","0","","2.0","1655.0","1","N","N","N","0","","0","0","1","","0","N","","1","1","0","0","0","1","0","2","0","1","","","","N","","","","","","","","","",""
"2020015416","0454","2","0","0","0","0","0","0","0","0","2","0","","67","2","2020","7","40.018178","-75.139561","0449","6","0","0","0","0","0","0","0","0","","0","0","0","","","1","N","0","","40 01:05.440","","0","75 08:22.420","3","0","0","0","67301","0","0","0","N","0","0","0","1","67301","0","","1.0","","1","N","N","N","1","","1","0","0","","0","","","3","1","0","0","0","0","0","2","0","3","","03","","N","","","","","","","","","",""
"2020032857","0400","0","0","0","0","0","0","0","0","0","7","0","","67","4","2020","2","40.015547","-75.113011","0357","6","0","0","0","0","0","0","0","0","","0","0","0","","","0","N","0","","40 00:55.970","","0","75 06:46.840","9","0","0","0","67301","0","0","0","N","0","0","0","1","67301","0","","4.0","","9","N","N","N","1","","0","0","0","","0","","","1","0","1","0","0","0","1","2","0","1","","07","","N","","","","","","","","","",""
"2020032159","1142","0","0","0","0","0","0","0","0","0","7","0","","67","4","2020","3","39.934932","-75.235319","1140","6","0","0","0","0","0","1","0","0","","0","0","0","","","0","N","0","","39 56:05.756","","0","75 14:07.150","0","0","0","0","67301","0","0","0","N","0","0","0","1","67301","0","","2.0","","1","N","N","N","0","","0","0","1","","0","","","1","0","0","0","0","0","0","2","0","1","","03","","N","","","","","","","","","",""
"2020012709","0502","2","0","0","0","0","0","0","0","0","5","0","","67","1","2020","5","40.011412","-75.150662","0502","6","0","0","0","1","0","0","0","0","","0","0","0","","","1","N","0","","40 00:41.083","1","0","75 09:02.382","3","0","0","0","67301","0","0","0","N","0","0","0","1","67301","0","","1.0","550.0","1","N","N","N","0","","1","0","0","","0","N","","2","1","0","0","0","0","0","2","0","2","","","","N","","","","","","","","","",""
"2020035819","2122","2","0","0","0","0","0","0","0","0","4","0","","67","4","2020","5","40.074097","-75.082839","2110","6","0","0","0","0","0","0","0","0","","0","0","0","","","1","N","0","","40 04:26.750","","0","75 04:58.220","3","0","0","0","67301","0","0","0","N","0","0","0","2","67301","0","","1.0","","9","N","N","N","0","","1","0","0","","0","","","2","1","0","0","0","0","0","2","0","2","","07","","N","","","","","","","","","",""
"2020014217","0840","0","0","0","0","0","0","0","0","0","7","0","","67","2","2020","5","40.118883","-75.007408","0837","6","0","0","0","0","0","0","0","0","","0","0","0","","","1","N","0","","40 07:07.980","4","0","75 00:26.670","3","0","0","0","67301","0","0","0","N","0","0","0","1","67301","0","","2.0","900.0","9","N","N","N","0","","1","0","1","","2","N","","1","1","0","0","0","0","0","2","0","1","","04","","N","","","","","","","","","",""
"2020033206","0145","1","0","0","0","0","0","0","0","0","4","0","","67","2","2020","1","39.955258","-75.240146","0142","6","0","0","0","0","0","0","0","0","","0","1","0","","","0","","1","","39 57:18.928","7","0","75 14:24.525","9","0","0","0","67301","0","0","0","N","0","0","0","1","67301","0","","1.0","330.0","1","N","N","N","0","","0","0","0","","2","Y","","2","0","0","0","0","0","1","2","0","2","","03","","N","","","","","","","","","",""
"2020030900","2100","0","0","0","0","0","0","0","0","0","7","0","","67","4","2020","4","39.953806","-75.143064","2056","6","0","0","0","0","0","1","0","0","","0","0","0","","","0","N","0","","39 57:13.700","","0","75 08:35.030","0","0","0","0","67301","0","0","0","N","0","0","0","1","67301","0","","5.0","","1","N","N","N","0","","0","0","1","","2","","","1","0","0","0","0","0","0","2","0","1","","03","","N","","","","","","","","","",""
"2020030141","1219","0","0","0","0","0","0","0","0","0","5","1","","67","3","2020","2","40.042363","-75.003828","1216","6","0","0","0","0","0","1","0","0","","0","1","0","","","0","N","0","","40 02:32.506","2","0","75 00:13.779","9","0","0","0","67301","0","0","0","N","0","0","0","2","68K01","0","","1.0","1315.0","9","N","N","N","1","","0","0","0","","0","Y","","2","0","0","0","0","0","1","2","0","2","","","","N","","","","","","","","","",""
"2020037630","2034","0","0","0","0","0","0","0","0","0","7","0","","67","4","2020","4","39.962289","-75.183142","2020","6","0","0","0","0","0","0","0","0","","0","0","0","","","0","N","0","","39 57:44.241","","0","75 10:59.311","0","0","0","0","67301","0","0","0","Y","0","0","0","1","68K01","0","","2.0","","1","N","N","N","0","","0","0","1","","0","","","1","0","0","0","0","0","0","2","0","1","","","","N","","","","","","","","","",""
"2020012901","1034","1","0","0","0","0","0","0","0","0","8","0","","67","1","2020","4","40.039791","-75.032681","1029","6","0","0","0","0","0","1","0","0","","0","0","0","","","1","","1","","40 02:23.246","","0","75 01:57.650","4","0","0","0","67301","1","0","0","N","1","0","0","2","67301","1","","1.0","","1","N","N","N","0","","0","0","0","","0","","","2","1","0","0","0","0","0","2","0","1","","","","N","","","","","","","","","",""
"2020014378","1300","1","0","0","0","0","0","0","0","0","5","0","","67","2","2020","5","40.021295","-75.051569","1254","6","0","0","0","0","0","1","0","0","","0","0","0","","","0","N","0","","40 01:16.662","4","0","75 03:05.647","0","0","0","0","67301","0","0","0","N","0","0","0","2","67301","0","","1.0","1400.0","9","N","N","N","0","","0","0","1","","0","N","","2","0","0","0","0","0","0","2","0","2","","","","N","","","","","","","","","",""
"2020030044","0736","0","0","0","0","0","0","0","0","0","7","0","","67","3","2020","7","39.981089","-75.206688","0729","6","0","0","0","0","0","0","0","0","","0","0","0","","","0","N","0","","39 58:51.922","3","0","75 12:24.076","0","0","0","0","67301","0","0","0","N","0","0","0","1","68K01","0","","4.0","30.0","9","N","N","N","1","","0","0","0","","0","N","","1","0","0","0","0","0","0","2","0","1","","","","N","","","","","","","","","",""
"2020037542","1522","0","0","0","0","0","0","0","0","0","7","0","","67","4","2020","1","39.980867","-75.206393","1522","6","0","0","0","0","0","0","0","0","","0","0","0","","","0","N","0","","39 58:51.121","3","0","75 12:23.016","0","0","0","0","67301","0","0","0","N","0","0","0","1","68K01","0","","4.0","1535.0","9","N","N","N","0","","0","0","1","","0","N","","1","0","0","0","0","0","0","2","0","1","","","","N","","","","","","","","","",""
"2020011784","1731","1","0","0","0","0","0","0","0","0","0","1","","67","1","2020","6","39.907","","1730","6","0","0","0","0","0","1","0","0","","0","1","0","","","1","Y","0","","39 54:25.200","","3","75 08:22.70","3","0","0","0","67301","0","0","0","N","0","0","0","2","67501","0","","1.0","","1","N","N","N","0","","1","0","0","","0","","","2","1","0","0","0","0","0","1","0","2","","","","N","","","","","","","","","",""
"2020032053","0917","0","0","0","0","0","0","0","0","0","1","1","","67","4","2020","4","39.89164","-75.237019","0907","6","0","0","0","0","0","0","0","0","","0","1","0","","","0","N","0","","39 53:29.905","","0","75 14:13.270","0","0","0","0","67301","0","0","0","N","0","0","0","2","68K01","0","","1.0","","1","N","N","N","1","","0","0","0","","0","","","2","0","0","0","0","0","0","2","0","2","","","","N","","","","","","","","","",""
"2020030139","0815","1","0","0","0","0","0","0","0","0","4","0","","67","3","2020","2","39.886993","-75.205244","0911","6","0","0","0","0","0","0","0","0","","0","0","0","","","0","N","0","","39 53:13.176","2","0","75 12:18.878","0","0","0","0","67301","0","0","0","N","0","0","0","1","68K01","0","","4.0","10.0","9","N","N","N","0","","0","0","0","","0","N","","1","0","0","0","0","0","0","2","0","1","","","","N","","","","","","","","","",""
"2020014553","1647","1","0","0","0","0","0","0","0","0","1","0","","67","1","2020","5","39.955273","-75.180788","1644","6","0","0","0","0","0","1","0","0","","0","0","0","","","1","N","0","","39 57:18.981","","0","75 10:50.836","8","0","0","0","67301","0","0","0","N","0","0","0","2","68K01","0","","1.0","","1","N","N","N","0","","0","0","1","","0","","","2","1","0","0","0","1","0","2","0","2","","","","N","","","","","","","","","",""
"2020038977","2054","2","0","0","0","0","0","0","0","0","4","0","","67","5","2020","5","40.039458","-75.077435","2053","6","0","0","0","0","1","0","0","0","","0","0","0","","","1","","1","","40 02:22.048","","0","75 04:38.765","8","0","0","0","67301","0","0","0","N","0","0","0","3","67301","0","","1.0","","1","N","N","N","0","","0","0","0","","2","U","","2","1","0","0","0","1","1","2","0","2","","03","","N","","","","","","","","","",""
"2020037866","1352","0","0","0","0","0","0","0","0","0","4","0","","67","5","2020","6","40.055743","-75.158892","1352","6","0","0","0","0","0","1","0","0","","0","0","0","","","1","","1","","40 03:20.676","","0","75 09:32.012","8","0","0","0","67301","0","0","0","N","0","0","0","1","67301","0","","1.0","","8","N","N","N","0","","0","0","2","","2","","","2","1","0","0","0","1","0","2","0","2","","07","","N","","","","","","","","","",""
"2020014607","0717","1","0","0","0","0","0","0","0","0","1","0","","67","1","2020","3","39.959556","-75.17628","0710","6","0","0","0","0","0","0","0","0","","0","0","0","","","1","N","0","","39 57:34.403","","0","75 10:34.607","3","0","0","0","67301","0","0","0","N","0","0","0","4","68K01","0","","1.0","","1","N","N","N","0","","1","0","1","","0","","","2","1","0","0","0","0","0","2","0","2","","","","N","","","","","","","","","",""
"2020012633","1549","0","0","0","0","0","0","0","0","0","1","0","","67","1","2020","6","39.992363","-75.201269","1539","6","0","0","0","0","1","0","0","0","","0","0","0","","","0","N","0","","39 59:32.506","","0","75 12:04.568","0","0","0","0","67301","0","0","0","N","0","0","0","2","68K01","0","","1.0","","1","N","N","N","0","","0","0","2","","0","","","2","0","0","0","0","0","0","2","0","2","","","","N","","","","","","","","","",""
"2020030683","1550","2","0","0","0","0","0","0","0","0","2","0","","67","4","2020","4","40.068668","-75.16411","1544","6","0","0","0","0","0","1","0","0","","0","0","0","","","0","","1","","40 04:07.205","","0","75 09:50.797","9","0","0","0","67301","0","0","0","N","0","0","0","2","67301","0","","1.0","","1","N","N","N","0","","0","0","0","","1","","","2","0","0","0","0","0","1","2","0","2","","03","","N","","","","","","","","","",""
"2020013051","0128","0","0","0","0","0","0","0","0","0","1","1","","67","2","2020","2","39.943255","-75.192869","0125","6","0","0","0","0","0","0","0","0","","0","1","0","","","0","N","0","","39 56:35.719","3","0","75 11:34.327","0","0","0","0","67301","0","0","0","N","0","0","0","2","68K01","0","","1.0","154.0","1","Y","N","Y","0","","0","0","0","","0","N","","2","0","0","0","0","0","0","2","1","2","","03","","N","","","","","","","","","",""
"2020012530","2217","1","0","0","0","0","0","0","0","0","7","0","","67","2","2020","7","39.944943","-75.198238","2212","6","0","0","0","0","0","0","0","0","","0","0","0","","","3","N","0","","39 56:41.794","1","0","75 11:53.655","3","0","0","0","67301","0","0","0","N","0","0","0","3","67301","0","","3.0","2320.0","9","N","N","N","0","","3","0","0","","0","N","","1","3","0","0","0","0","0","2","0","1","","03","","N","","","","","","","","","",""
"2020032316","1733","0","0","0","0","0","0","0","0","0","5","0","","67","3","2020","5","39.949328","-75.184584","1718","6","0","0","1","0","0","0","0","0","","0","0","0","","","0","N","0","","39 56:57.579","","0","75 11:04.504","0","0","0","0","67301","0","0","0","N","0","0","0","2","68K01","0","","1.0","","1","N","N","N","0","","0","0","1","","0","","","2","0","0","0","0","0","0","2","1","2","","03","","N","","","","","","","","","",""
"2020002692","2358","3","0","0","0","0","0","0","0","0","4","0","","67","1","2020","3","39.946514","-75.2087","2347","6","0","0","0","0","0","0","0","0","","0","0","0","","","0","N","0","","39 56:47.450","","0","75 12:31.320","0","0","0","0","67301","0","0","0","N","0","0","0","1","67301","0","","6.0","","9","N","N","N","0","","0","0","0","","2","","","3","0","0","0","0","0","0","2","0","3","","","","N","","","","","","","","","",""
"2020030283","2155","1","0","0","0","0","0","0","0","0","98","0","","67","3","2020","1","39.978019","-75.228484","2149","6","0","0","0","0","0","0","0","0","","0","0","0","","","0","N","0","","39 58:40.867","","0","75 13:42.542","0","0","0","0","67301","0","0","0","N","0","0","0","1","67301","0","","1.0","","9","N","N","N","0","","0","0","0","","0","","","1","0","0","0","0","0","0","2","0","1","","","","N","","","","","","","","","",""
"2020038826","1044","0","0","0","0","0","0","0","0","0","4","0","","67","5","2020","5","40.089928","-74.984202","1038","6","0","0","0","0","0","2","0","0","","0","0","0","","","2","","1","","40 05:23.741","","0","74 59:03.127","4","0","0","0","67301","0","0","0","N","0","0","0","3","67301","2","","1.0","","1","N","N","N","0","","0","0","2","","0","","","2","2","0","0","0","0","0","2","0","2","","03","","N","","","","","","","","","",""
"2020013235","0845","1","0","0","0","0","0","0","0","0","7","0","","67","2","2020","2","40.016281","-75.117013","0840","6","0","0","0","0","0","0","0","1","","0","0","0","","","1","N","0","","40 00:58.612","","0","75 07:01.246","8","0","0","0","67301","0","0","0","N","0","0","0","1","67301","0","","4.0","","1","N","N","N","0","","0","0","0","","0","","","1","1","1","0","0","1","0","2","0","1","","03","","N","","","","","","","","","",""
"2020013295","0008","1","0","0","0","0","0","0","0","0","1","0","","67","1","2020","6","39.943234","-75.19289","0000","6","0","0","0","0","0","0","0","0","","0","0","0","","","1","N","6","","39 56:35.641","","2","75 11:34.404","4","0","0","0","67301","0","0","0","N","0","0","0","4","68K01","1","","1.0","","9","N","N","N","0","","0","0","1","","0","","","2","1","0","0","0","0","0","2","0","2","","","","N","","","","","","","","","",""
"2020030864","0013","3","0","0","0","0","0","0","0","0","5","0","","67","4","2020","5","39.964175","-75.187578","0002","6","0","0","0","0","0","0","0","0","","0","0","0","","","0","N","0","","39 57:51.030","1","0","75 11:15.280","0","0","0","0","67301","0","0","0","N","0","0","0","1","67301","0","","6.0","130.0","1","N","N","N","0","","0","0","2","","0","Y","","5","0","0","0","0","0","0","2","0","5","","03","","N","","","","","","","","","",""
"2020016343","1005","2","0","0","0","0","0","0","0","0","1","0","","67","2","2020","3","40.100123","-75.021794","0959","6","0","0","0","0","0","1","0","0","","0","0","0","","","1","","1","","40 06:00.444","","0","75 01:18.459","3","0","0","0","67301","0","0","0","N","0","0","0","3","67301","0","","1.0","","9","N","N","N","0","","1","0","1","","2","","","3","1","0","0","0","0","0","2","0","3","","","","N","","","","","","","","","",""
"2020012435","0305","1","0","0","0","0","0","0","0","0","1","1","","67","2","2020","7","40.0599","-75.178478","0300","6","0","0","0","0","0","0","0","0","","0","1","0","","","0","N","0","","40 03:35.640","","0","75 10:42.520","0","0","0","0","67301","0","0","0","N","0","0","0","1","67301","0","","6.0","","9","N","N","N","0","","0","0","0","","0","","","2","0","0","0","0","0","0","2","0","2","","07","","N","","","","","","","","","",""
"2020034781","1000","2","0","0","0","0","0","0","0","0","2","0","","67","4","2020","6","40.066183","-74.983969","0950","6","0","0","0","0","0","0","0","0","","0","0","0","","","1","N","0","","40 03:58.260","","0","74 59:02.290","8","0","0","0","67301","0","0","0","N","0","0","0","1","67301","0","","5.0","","9","N","N","N","0","","0","0","0","","0","","","2","1","1","0","0","1","0","2","0","2","","","","N","","","","","","","","","",""
"2020013033","0118","1","0","0","0","0","0","0","0","0","1","0","","67","2","2020","1","39.957905","-75.180346","0118","6","0","0","0","0","0","0","0","0","","0","0","0","","","1","Y","0","","39 57:28.458","3","0","75 10:49.244","3","0","0","0","67301","0","0","0","N","0","0","0","2","68K01","0","","1.0","30.0","1","N","N","N","0","","1","0","1","","0","N","","2","1","1","0","0","0","1","2","0","2","","","","N","","","","","","","","","",""
"2020013973","0400","2","0","0","0","0","0","0","0","0","5","0","","67","2","2020","4","40.0262","-75.051508","0334","6","0","0","0","0","0","0","0","0","","0","0","0","","","0","N","0","","40 01:34.320","","0","75 03:05.430","0","0","0","0","67301","0","0","0","N","0","0","0","1","67301","0","","1.0","","1","N","N","N","1","","0","0","0","","0","","","3","0","0","0","0","0","0","2","0","3","","03","","N","","","","","","","","","",""
"2020030007","1744","1","0","0","0","0","0","0","0","0","4","0","","67","3","2020","5","39.936125","-75.222172","1744","6","0","0","0","1","0","0","0","0","","0","0","0","","","1","N","0","","39 56:10.050","","0","75 13:19.820","3","0","0","0","67301","0","0","0","N","0","0","0","2","67301","0","","1.0","","1","N","N","N","0","","1","0","1","","0","","","2","1","0","0","0","0","0","2","0","2","","03","","N","","","","","","","","","",""
"2020032897","1440","0","0","0","0","0","0","0","0","0","4","0","","67","3","2020","2","39.936386","-75.184972","1435","6","0","0","0","0","0","0","0","0","","0","0","0","","","2","","1","","39 56:10.989","","0","75 11:05.899","3","0","0","0","67301","0","0","0","N","0","0","0","3","67301","0","","1.0","","1","N","N","N","1","","1","0","0","","3","","","2","2","0","0","0","1","0","2","1","2","","","","N","","","","","","","","","",""
"2020013137","0045","1","0","0","0","0","0","0","0","0","1","0","","67","1","2020","6","40.001708","-75.065102","0043","6","0","0","0","0","0","0","0","0","","0","0","0","","","0","N","0","","40 00:06.150","5","0","75 03:54.367","9","0","0","0","67301","0","0","0","N","0","0","0","1","67301","0","","6.0","129.0","1","N","N","N","0","","0","0","1","","0","Y","","2","0","0","0","0","0","1","2","0","2","","03","","N","","","","","","","","","",""
"2020013954","1605","1","0","0","0","0","0","0","0","0","4","0","","67","2","2020","4","39.999355","-75.122862","1600","6","0","0","0","0","0","0","0","0","","0","0","0","","","1","","1","","39 59:57.677","","0","75 07:22.303","3","0","0","0","67301","0","0","0","N","0","0","0","2","67301","0","","1.0","","9","N","N","N","0","","1","0","1","","3","","","2","1","0","0","0","0","0","2","0","2","","","","N","","","","","","","","","",""
"2020013819","0930","2","0","0","0","0","0","0","0","0","4","0","","67","2","2020","4","40.000982","-75.219782","0855","6","0","0","0","0","0","0","0","0","","0","0","0","","","0","N","0","","40 00:03.534","3","7","75 13:11.216","0","0","0","0","67301","0","0","0","N","0","0","0","2","67301","0","","1.0","949.0","9","N","N","N","0","","0","0","0","","0","N","","2","0","0","0","0","0","0","2","0","2","","04","","N","","","","","","","","","",""
"2020032181","1056","2","0","0","0","0","0","0","0","0","4","0","","67","4","2020","1","39.958284","-75.165983","1056","6","0","0","0","0","0","0","0","0","","0","0","0","","","1","N","0","","39 57:29.822","3","0","75 09:57.537","8","0","0","0","67301","0","0","0","N","0","0","0","2","68K01","0","","1.0","1115.0","1","N","N","N","0","","0","0","0","","0","N","","2","1","0","0","0","1","0","2","0","2","","","","N","","","","","","","","","",""
"2020032307","1659","0","0","0","0","0","0","0","0","0","5","0","","67","3","2020","3","39.927636","-75.195767","1643","6","0","0","0","0","0","0","1","0","","0","0","0","","","0","N","0","","39 55:39.490","3","0","75 11:44.761","0","0","0","0","67301","0","0","0","N","0","0","0","2","68K01","0","","1.0","1730.0","1","N","N","N","0","","0","0","1","","0","N","","2","0","0","0","0","0","0","2","1","2","","03","","N","","","","","","","","","",""
"2020014580","2359","1","0","0","0","0","0","0","0","0","5","0","","67","2","2020","3","39.993332","-75.200076","2353","6","0","0","0","0","0","1","0","0","","0","0","0","","","0","N","0","","39 59:35.995","","0","75 12:00.275","0","0","0","0","67301","0","0","0","N","0","0","0","2","68K01","0","","1.0","","9","N","N","N","0","","0","0","1","","0","","","2","0","0","0","0","0","0","2","0","2","","03","","N","","","","","","","","","",""
"2020030130","1127","0","0","0","0","0","0","0","0","0","7","0","","67","3","2020","3","40.010063","-75.064053","1108","6","0","0","0","0","0","0","0","0","","0","0","0","","","0","N","7","","40 00:36.228","1","2","75 03:50.591","0","0","0","0","67301","0","0","0","N","0","0","0","1","68K01","0","","2.0","1215.0","9","N","N","N","1","","0","0","0","","0","Y","","1","0","0","0","0","0","0","2","0","1","","","","N","","","","","","","","","",""