"CRN","ARRIVAL_TM","AUTOMOBILE_COUNT","BELTED_DEATH_COUNT","BELTED_SUSP_SERIOUS_INJ_COUNT","BICYCLE_COUNT","BICYCLE_DEATH_COUNT","BICYCLE_SUSP_SERIOUS_INJ_COUNT","BUS_COUNT","CHLDPAS_DEATH_COUNT","CHLDPAS_SUSP_SERIOUS_INJ_COUNT","COLLISION_TYPE","COMM_VEH_COUNT","CONS_ZONE_SPD_LIM","COUNTY","CRASH_MONTH","CRASH_YEAR","DAY_OF_WEEK","DEC_LATITUDE","DEC_LONGITUDE","DISPATCH_TM","DISTRICT","DRIVER_COUNT_16YR","DRIVER_COUNT_17YR","DRIVER_COUNT_18YR","DRIVER_COUNT_19YR","DRIVER_COUNT_20YR","DRIVER_COUNT_50_64YR","DRIVER_COUNT_65_74YR","DRIVER_COUNT_75PLUS","EST_HRS_CLOSED","FATAL_COUNT","HEAVY_TRUCK_COUNT","HORSE_BUGGY_COUNT","HOUR_OF_DAY","ILLUMINATION","INJURY_COUNT","INTERSECTION_RELATED","INTERSECT_TYPE","LANE_CLOSED","LATITUDE","LN_CLOSE_DIR","LOCATION_TYPE","LONGITUDE","MAX_SEVERITY_LEVEL","MCYCLE_DEATH_COUNT","MCYCLE_SUSP_SERIOUS_INJ_COUNT","MOTORCYCLE_COUNT","MUNICIPALITY","NONMOTR_COUNT","NONMOTR_DEATH_COUNT","NONMOTR_SUSP_SERIOUS_INJ_COUNT","NTFY_HIWY_MAINT","PED_COUNT","PED_DEATH_COUNT","PED_SUSP_SERIOUS_INJ_COUNT","PERSON_COUNT","POLICE_AGCY","POSSIBLE_INJ_COUNT","RDWY_SURF_TYPE_CD","RELATION_TO_ROAD","ROADWAY_CLEARED","ROAD_CONDITION","SCH_BUS_IND","SCH_ZONE_IND","SECONDARY_CRASH","SMALL_TRUCK_COUNT","SPEC_JURIS_CD","SUSP_MINOR_INJ_COUNT","SUSP_SERIOUS_INJ_COUNT","SUV_COUNT","TCD_FUNC_CD","TCD_TYPE","TFC_DETOUR_IND","TIME_OF_DAY","TOTAL_UNITS","TOT_INJ_COUNT","UNBELTED_OCC_COUNT","UNB_DEATH_COUNT","UNB_SUSP_SERIOUS_INJ_COUNT","UNK_INJ_DEG_COUNT","UNK_INJ_PER_COUNT","URBAN_RURAL","VAN_COUNT","VEHICLE_COUNT","WEATHER1","WEATHER2","WORKERS_PRES","WORK_ZONE_IND","WORK_ZONE_LOC","WORK_ZONE_TYPE","WZ_CLOSE_DETOUR","WZ_FLAGGER","WZ_LAW_OFFCR_IND","WZ_LN_CLOSURE","WZ_MOVING","WZ_OTHER","WZ_SHLDER_MDN","WZ_WORKERS_INJ_KILLED"
"2020032938","1650","1","0","0","0","0","0","1","0","0","5","1","","67","3","2020","7","39.975836","-75.158419","1645","6","0","0","0","0","0","0","0","1","","0","0","0","","","1","N","1","","39 58:33.009","","0","75 09:30.309","4","0","0","0","67301","0","0","0","N","0","0","0","3","67508","1","","1.0","","1","N","N","N","0","","0","0","0","","2","N","","2","1","0","0","0","0","0","2","0","2","","03","","N","","","","","","","","","",""
"2020034603","1312","1","0","0","0","0","0","0","0","0","1","0","","67","4","2020","4","39.922719","-75.238402","1258","6","0","0","0","0","0","1","0","0","","0","0","0","","","1","","1","","39 55:21.788","","0","75 14:18.247","4","0","0","0","67301","0","0","0","N","0","0","0","2","67301","1","","1.0","","1","N","N","N","0","","0","0","0","","2","","","2","1","0","0","0","0","1","2","0","2","","","","N","","","","","","","","","",""
"2020012893","1658","0","0","0","0","0","0","0","0","0","8","0","","67","1","2020","5","39.925572","-75.234322","1653","6","0","0","0","0","0","0","0","0","","0","0","0","","","1","N","0","","39 55:32.060","","7","75 14:03.558","3","0","0","0","67301","1","0","0","N","1","0","0","2","67301","0","","5.0","","1","N","N","N","0","","1","0","1","","0","","","2","1","0","0","0","0","0","2","0","1","","03","","N","","","","","","","","","",""
"2020013735","0715","1","0","0","0","0","0","0","0","0","1","0","","67","1","2020","6","39.955218","-75.180809","0709","6","0","0","0","0","0","1","0","0","","0","0","0","","","0","N","0","","39 57:18.784","4","0","75 10:50.913","0","0","0","0","67301","0","0","0","N","0","0","0","2","68K01","0","","1.0","741.0","9","N","N","N","1","","0","0","0","","0","N","","2","0","0","0","0","0","0","2","0","2","","07","","N","","","","","","","","","",""
"2020013227","1415","1","0","0","0","0","0","0","0","0","4","0","","67","2","2020","7","40.043688","-75.059416","1405","6","0","0","0","0","0","0","1","0","","0","0","0","","","1","","1","","40 02:37.278","7","99","75 03:33.898","3","0","0","0","67301","0","0","0","N","0","0","0","2","67301","0","","1.0","1504.0","1","N","N","N","0","","1","0","1","","3","N","","2","1","0","0","0","0","0","2","0","2","","04","","N","","","","","","","","","",""
"2020012645","1329","0","0","0","0","0","0","0","0","0","1","0","45","67","1","2020","2","39.970843","-75.124746","1316","6","0","0","1","0","0","1","0","0","","0","0","0","","","0","N","0","","39 58:15.034","2","0","75 07:29.085","0","0","0","0","67301","0","0","0","N","0","0","0","3","68K01","0","","1.0","45.0","1","N","N","N","0","","0","0","2","","0","N","","2","0","0","0","0","0","0","2","0","2","","","Y","Y","4","1","N","N","N","N","N","N","Y","N"
"2020032327","1020","0","0","0","0","0","0","0","0","0","1","1","","67","3","2020","3","39.959713","-75.177515","1011","6","0","0","0","0","0","0","0","0","","0","1","0","","","1","N","0","","39 57:34.965","3","0","75 10:39.055","4","0","0","0","67301","0","0","0","N","0","0","0","2","68K01","1","","1.0","1035.0","9","N","N","N","0","","0","0","1","","0","N","","2","1","0","0","0","0","0","2","0","2","","04","","N","","","","","","","","","",""
"2020013690","0757","2","0","0","0","0","0","0","0","0","1","0","","67","1","2020","6","40.006533","-75.198566","0752","6","0","0","0","0","0","1","1","0","","0","0","0","","","0","N","0","","40 00:23.517","3","0","75 11:54.839","0","0","0","0","67301","0","0","0","N","0","0","0","3","68K01","0","","1.0","815.0","1","N","N","N","0","","0","0","1","","0","N","","3","0","0","0","0","0","0","2","0","3","","03","","N","","","","","","","","","",""
"2020034468","1300","1","0","0","0","0","0","0","0","0","7","0","","67","4","2020","3","39.980854","-75.206375","1253","6","0","0","0","0","0","0","0","0","","0","0","0","","","0","N","0","","39 58:51.075","","0","75 12:22.950","0","0","0","0","67301","0","0","0","N","0","0","0","1","68K01","0","","4.0","","9","N","N","N","0","","0","0","0","","0","","","1","0","0","0","0","0","0","2","0","1","","03","","N","","","","","","","","","",""
"2020035717","2000","1","0","0","0","0","0","0","0","0","2","0","","67","4","2020","1","39.927303","-75.172966","2000","6","0","0","0","0","0","1","0","0","","0","0","0","","","1","","1","","39 55:38.289","","0","75 10:22.677","3","0","0","0","67301","0","0","0","N","0","0","0","2","67301","0","","1.0","","9","N","N","N","0","","1","0","1","","3","","","2","1","0","0","0","0","0","2","0","2","","04","","N","","","","","","","","","",""
"2020034363","1819","1","0","0","0","0","0","0","0","0","1","0","","67","3","2020","2","40.040749","-75.005447","1819","6","0","0","0","0","0","1","0","0","","0","0","0","","","0","N","0","","40 02:26.697","","0","75 00:19.610","0","0","0","0","67301","0","0","0","N","0","0","0","3","68K01","0","","1.0","","9","N","N","N","0","","0","0","1","","0","","","2","0","0","0","0","0","0","2","0","2","","03","","N","","","","","","","","","",""
"2020014888","2050","1","0","0","0","0","0","0","0","0","8","0","","67","2","2020","5","39.962831","-75.234889","2050","6","0","0","0","0","0","0","0","0","","0","0","0","","","1","N","0","","39 57:46.190","","0","75 14:05.600","3","0","0","0","67301","1","0","0","N","1","0","0","1","67301","0","","1.0","","9","N","N","N","0","","1","0","0","","0","","","2","1","0","0","0","0","0","2","0","1","","07","","N","","","","","","","","","",""
"2020015083","1741","2","0","0","0","0","0","0","0","0","4","0","","67","2","2020","6","39.922719","-75.238402","1741","6","0","0","0","0","0","0","0","0","","0","0","0","","","1","","1","","39 55:21.788","6","0","75 14:18.247","3","0","0","0","67301","0","0","0","N","0","0","0","5","67301","0","","1.0","1900.0","1","N","N","N","0","","1","0","0","","1","N","","2","1","3","0","0","0","0","2","0","2","","03","","N","","","","","","","","","",""
"2020034186","1203","2","0","0","0","0","0","0","0","0","5","0","","67","4","2020","2","39.959427","-75.174238","1157","6","0","0","0","0","0","0","0","0","","0","0","0","","","1","N","0","","39 57:33.936","4","0","75 10:27.258","8","0","0","0","67301","0","0","0","N","0","0","0","3","68K01","0","","1.0","15.0","1","N","N","N","0","","0","0","0","","0","N","","2","1","0","0","0","1","0","2","0","2","","03","","N","","","","","","","","","",""
"2020015653","1750","2","0","0","0","0","0","0","0","0","2","0","","67","2","2020","2","40.00468","-75.152126","1745","6","0","0","0","0","0","1","0","0","","0","0","0","","","0","N","1","","40 00:16.847","","99","75 09:07.652","0","0","0","0","67301","0","0","0","N","0","0","0","4","67505","0","","1.0","","9","N","N","Y","0","","0","0","0","","2","","","2","0","0","0","0","0","0","2","0","2","","07","","N","","","","","","","","","",""
"2020016663","1615","1","0","0","0","0","0","0","0","0","2","0","","67","2","2020","2","40.030605","-75.153905","1615","6","0","0","0","0","0","0","0","1","","0","0","0","","","1","","2","","40 01:50.178","","0","75 09:14.057","8","0","0","0","67301","0","0","0","N","0","0","0","3","67301","0","","1.0","","99","N","N","N","0","","0","0","1","","3","U","","2","1","0","0","0","1","2","2","0","2","","","","N","","","","","","","","","",""
"2020034934","0748","0","0","0","0","0","0","0","0","0","7","0","","67","4","2020","1","39.981251","-75.206879","0748","6","0","0","0","0","0","0","0","0","","0","0","0","","","1","N","0","","39 58:52.505","3","0","75 12:24.765","8","0","0","0","67301","0","0","0","N","0","0","0","1","68K01","0","","2.0","823.0","9","N","N","N","0","","0","0","1","","0","Y","","1","1","1","0","0","1","0","2","0","1","","","","N","","","","","","","","","",""
"2020016582","0422","2","0","0","0","0","0","0","0","0","5","0","","67","1","2020","1","39.957493","-75.151046","0411","6","0","0","0","0","0","0","0","0","","0","0","0","","","1","N","0","","39 57:26.976","","0","75 09:03.767","8","0","0","0","67301","0","0","0","N","0","0","0","3","68K01","0","","1.0","","9","N","N","N","0","","0","0","0","","0","","","2","1","0","0","0","1","0","2","0","2","","03","","N","","","","","","","","","",""
"2020016625","1406","2","0","0","0","0","0","0","0","0","4","0","","67","2","2020","4","39.978847","-75.170282","1356","6","0","0","0","0","0","1","0","0","","0","0","0","","","0","","1","","39 58:43.848","7","0","75 10:13.015","0","0","0","0","67301","0","0","0","N","0","0","0","2","67301","0","","1.0","1438.0","1","N","N","N","0","","0","0","0","","2","Y","","2","0","0","0","0","0","0","2","0","2","","","","N","","","","","","","","","",""
"2020016581","2347","1","0","0","0","0","0","0","0","0","7","0","","67","1","2020","4","39.97418","-75.194052","2339","6","0","0","0","0","0","0","0","0","","0","0","0","","","0","N","0","","39 58:27.048","","0","75 11:38.588","0","0","0","0","67301","0","0","0","Y","0","0","0","1","68K01","0","","7.0","","1","N","N","N","0","","0","0","0","","0","","","1","0","0","0","0","0","0","2","0","1","","03","","N","","","","","","","","","",""
"2020014890","0825","1","0","0","0","0","0","0","0","0","5","1","","67","2","2020","6","39.980165","-75.269272","0814","6","0","0","0","0","0","1","0","0","","0","1","0","","","0","","1","","39 58:48.595","","0","75 16:09.378","0","0","0","0","67301","0","0","0","N","0","0","0","2","67301","0","","1.0","","9","N","N","N","0","","0","0","0","","2","","","2","0","0","0","0","0","0","2","0","2","","04","","N","","","","","","","","","",""
"2020015382","1728","1","0","0","0","0","0","0","0","0","1","0","","67","2","2020","1","40.042478","-75.067731","1723","6","0","0","0","0","0","0","1","0","","0","0","0","","","1","N","0","","40 02:32.920","","0","75 04:03.830","3","0","0","0","67301","0","0","0","N","0","0","0","1","67301","0","","1.0","","1","N","N","N","1","","1","0","0","","0","","","2","1","1","0","0","0","0","2","0","2","","","","N","","","","","","","","","",""
"2020035931","0742","0","0","0","0","0","0","0","0","0","4","0","","67","5","2020","6","40.064454","-75.023403","0742","6","0","0","0","0","0","0","0","0","","0","0","0","","","1","N","0","","40 03:52.033","4","0","75 01:24.251","3","0","0","0","67301","0","0","0","N","0","0","0","1","67301","0","","6.0","930.0","9","N","N","Y","0","","1","0","2","","8","Y","","2","1","0","0","0","0","0","2","0","2","","04","","N","","","","","","","","","",""
"2020033704","1351","1","0","0","0","0","0","0","0","0","1","1","","67","4","2020","6","39.913417","-75.221222","1145","6","0","0","0","0","0","0","0","0","","0","1","0","","","1","N","0","","39 54:48.300","","0","75 13:16.400","3","0","0","0","67301","0","0","0","N","0","0","0","2","67301","0","","1.0","","1","N","N","N","0","","1","0","0","","0","","","2","1","2","0","0","0","0","2","0","2","","03","","N","","","","","","","","","",""
"2020016284","0134","1","0","0","0","0","0","0","0","0","5","0","","67","2","2020","2","40.028661","-75.146897","0134","6","0","0","0","0","0","0","0","0","","0","0","0","","","1","N","0","","40 01:43.181","","0","75 08:48.828","8","0","0","0","67301","0","0","0","N","0","0","0","1","67301","0","","6.0","","1","N","N","N","0","","0","0","1","","2","","","2","1","0","0","0","1","0","2","0","2","","03","","N","","","","","","","","","",""
"2020017014","0007","2","0","0","0","0","0","0","0","0","4","0","","67","2","2020","7","40.117875","-75.006764","2359","6","0","0","0","0","0","0","0","0","","0","0","0","","","0","","2","","40 07:04.349","4","0","75 00:24.350","0","0","0","0","67301","0","0","0","N","0","0","0","2","67301","0","","1.0","1.0","1","N","N","N","0","","0","0","0","","0","N","","2","0","0","0","0","0","0","2","0","2","","03","","N","","","","","","","","","",""
"2020015082","0735","0","0","0","0","0","0","0","0","0","4","0","","67","2","2020","6","39.894555","-75.229568","0730","6","0","0","0","0","0","2","0","0","","0","0","0","","","2","","2","","39 53:40.398","","0","75 13:46.445","3","0","0","0","67301","0","0","0","N","0","0","0","6","67301","1","","1.0","","9","N","N","N","0","","1","0","3","","1","","","3","2","0","0","0","0","0","2","0","3","","07","","N","","","","","","","","","",""
"2020034260","1042","0","0","0","0","0","0","0","0","0","5","1","","67","4","2020","2","40.006764","-75.199053","1042","6","0","0","0","0","0","0","0","0","","0","1","0","","","0","N","0","","40 00:24.350","","0","75 11:56.591","0","0","0","0","67301","0","0","0","N","0","0","0","2","68K01","0","","1.0","","9","N","N","N","0","","0","0","1","","0","","","2","0","0","0","0","0","0","2","0","2","","","","N","","","","","","","","","",""
"2020034919","1331","2","0","0","0","0","0","0","0","0","1","0","","67","4","2020","5","39.965303","-75.137478","1220","6","0","0","0","0","0","0","1","0","","0","0","0","","","0","N","0","","39 57:55.092","2","0","75 08:14.919","0","0","0","0","67301","0","0","0","N","0","0","0","2","68K01","0","","1.0","10.0","1","N","N","N","0","","0","0","0","","0","N","","2","0","0","0","0","0","0","2","0","2","","03","","N","","","","","","","","","",""
"2020016624","1223","1","0","0","0","0","0","0","0","0","1","1","","67","2","2020","4","39.878806","-75.249324","1229","6","0","0","0","0","0","3","0","0","","0","1","0","","","0","N","0","","39 52:43.702","1","0","75 14:57.567","0","0","0","0","67301","0","0","0","N","0","0","0","3","67301","0","","1.0","1445.0","1","N","N","N","0","","0","0","1","","0","N","","3","0","0","0","0","0","0","2","0","3","","03","","N","","","","","","","","","",""
"2020034779","1420","2","0","0","0","0","0","0","0","0","1","0","","67","4","2020","7","39.898072","-75.210826","1406","6","0","0","0","0","0","0","0","0","","0","0","0","","","1","N","0","","39 53:53.060","","3","75 12:38.973","3","0","0","0","67301","0","0","0","N","0","0","0","2","67301","0","","1.0","","1","N","N","N","0","","1","0","0","","0","","","2","1","0","0","0","0","0","2","0","2","","03","","N","","","","","","","","","",""
"2020034444","1639","0","0","0","0","0","0","0","0","0","7","0","","67","3","2020","3","39.935589","-75.199826","1637","6","0","0","0","0","0","0","0","0","","0","0","0","","","0","N","0","","39 56:08.122","","0","75 11:59.375","0","0","0","0","67301","0","0","0","N","0","0","0","1","68K01","0","","7.0","","1","N","N","N","0","","0","0","0","","0","","","1","0","0","0","0","0","0","2","1","1","","03","","N","","","","","","","","","",""
"2020014226","1720","0","0","0","0","0","0","0","0","0","8","0","","67","2","2020","5","39.957185","-75.201951","1717","6","0","0","0","0","0","0","0","0","","0","0","0","","","1","","1","","39 57:25.867","","0","75 12:07.023","3","0","0","0","67301","1","0","0","N","1","0","0","2","67504","0","","1.0","","9","N","N","N","0","","1","0","1","","2","N","","2","1","0","0","0","0","0","2","0","1","","04","","N","","","","","","","","","",""
"2020014638","2154","0","0","0","0","0","0","0","0","0","4","0","","67","1","2020","2","40.029113","-75.025682","2150","6","0","0","0","0","0","0","0","0","","1","0","0","","","0","N","0","","40 01:44.805","5","7","75 01:32.454","1","1","0","1","67301","0","0","0","N","0","0","0","2","67301","0","2","1.0","51.0","1","N","N","N","0","0","0","0","1","","0","Y","","2","0","0","0","0","0","0","2","0","2","","","","N","","","","","","","","","",""
"2020035324","0200","1","0","0","0","0","0","0","0","0","7","0","","67","4","2020","2","39.995667","-75.197573","0145","6","0","0","0","1","0","0","0","0","","0","0","0","","","2","N","0","","39 59:44.400","3","0","75 11:51.262","8","0","0","0","67301","0","0","0","Y","0","0","0","2","68K01","0","","4.0","30.0","9","N","N","N","0","","0","0","0","","0","N","","1","2","0","0","0","2","0","2","0","1","","","","N","","","","","","","","","",""
"2020034746","0815","0","0","0","0","0","0","0","0","0","4","1","","67","4","2020","2","40.010821","-75.126649","0813","6","0","0","0","0","0","0","0","0","","0","1","0","","","6","","1","","40 00:38.955","7","0","75 07:35.936","8","0","0","0","67301","0","0","0","N","0","0","0","6","67301","0","","1.0","1200.0","1","N","N","N","0","","0","0","0","","8","Y","","2","6","0","0","0","6","0","2","1","2","","04","","N","","","","","","","","","",""
"2020017300","0931","2","0","0","0","0","0","0","0","0","5","0","","67","1","2020","5","40.037813","-75.011914","0927","6","0","0","0","0","0","0","0","0","","0","0","0","","","2","N","0","","40 02:16.126","2","0","75 00:42.892","8","0","0","0","67301","0","0","0","N","0","0","0","3","68K01","0","","1.0","1020.0","1","N","N","N","1","","0","0","0","","0","N","","3","2","0","0","0","2","1","2","0","3","","03","","N","","","","","","","","","",""
"2020015605","0040","1","0","0","0","0","0","0","0","0","4","1","","67","2","2020","6","39.944285","-75.216679","0040","6","0","0","0","0","0","0","0","0","","0","1","0","","","0","","2","","39 56:39.426","","0","75 13:00.044","9","0","0","0","67301","0","0","0","N","0","0","0","2","67301","0","","1.0","","9","N","N","N","0","","0","0","0","","0","","","2","0","0","0","0","0","1","2","0","2","","","","N","","","","","","","","","",""
"2020035652","1324","0","0","0","0","0","0","1","0","0","8","1","","67","4","2020","5","39.991448","-75.122507","1320","6","0","0","0","0","0","0","0","0","","0","0","0","","","1","","5","","39 59:29.212","","0","75 07:21.025","2","0","0","0","67301","1","0","1","N","1","0","1","2","67301","0","","1.0","","1","N","N","N","0","","0","1","0","","2","","","2","1","0","0","0","0","0","2","0","1","","","","N","","","","","","","","","",""
"2020034747","2032","1","0","0","0","0","0","0","0","0","7","0","","67","4","2020","4","40.004553","-75.132456","2028","6","0","0","0","0","0","1","0","0","","0","0","0","","","2","N","0","","40 00:16.390","","0","75 07:56.840","2","0","0","0","67301","0","0","0","N","0","0","0","2","67301","1","","2.0","","1","N","N","N","0","","0","1","0","","1","","","1","2","1","0","1","0","0","2","0","1","","03","","N","","","","","","","","","",""
"2020017149","0337","2","0","0","0","0","0","0","0","0","1","0","","67","2","2020","1","40.047871","-75.168722","0333","6","0","0","0","0","0","1","0","0","","0","0","0","","","1","N","0","","40 02:52.334","","0","75 10:07.400","3","0","0","0","67301","0","0","0","N","0","0","0","1","67301","0","","6.0","","1","N","N","N","0","","1","0","0","","0","","","2","1","0","0","0","0","0","2","0","2","","","","N","","","","","","","","","",""
"2020034600","1300","0","0","0","0","0","0","0","0","0","8","0","","67","4","2020","3","39.937492","-75.225042","1252","6","0","0","0","0","0","0","0","0","","0","0","0","","","1","N","0","","39 56:14.970","","0","75 13:30.150","4","0","0","0","67301","1","0","0","N","1","0","0","2","67301","1","","6.0","","9","N","N","N","0","","0","0","1","","0","U","","2","1","0","0","0","0","0","2","0","1","","","","N","","","","","","","","","",""
"2020014644","1845","0","0","0","0","0","0","0","0","0","8","0","","67","1","2020","1","39.993665","-75.154521","1843","6","0","0","0","0","0","0","0","0","","1","0","0","","","0","N","0","","39 59:37.195","","3","75 09:16.274","1","0","0","0","67301","1","1","0","N","1","1","0","2","67301","0","2","9.0","","1","N","N","N","0","0","0","0","0","","0","","","2","0","0","0","0","0","1","2","0","1","","03","","N","","","","","","","","","",""
"2020036330","2350","2","0","0","0","0","0","0","0","0","1","0","","67","1","2020","5","39.958981","-75.151961","2346","6","0","0","0","0","0","0","0","0","","0","0","0","","","1","N","0","","39 57:32.330","2","0","75 09:07.060","3","0","0","0","67301","0","0","0","N","0","0","0","1","67301","0","","6.0","135.0","1","N","N","Y","0","","1","0","0","","0","Y","","2","1","1","0","0","0","0","2","0","2","","03","","N","","","","","","","","","",""
"2020034418","1955","2","0","0","0","0","0","0","0","0","1","0","","67","4","2020","3","40.018376","-75.16776","1945","6","0","0","1","0","0","0","0","0","","0","0","0","","","0","N","0","","40 01:06.152","2","0","75 10:03.937","9","0","0","0","67301","0","0","0","N","0","0","0","2","67301","0","","1.0","2106.0","1","N","N","N","0","","0","0","0","","0","N","","2","0","1","0","0","0","1","2","0","2","","","","N","","","","","","","","","",""
"2020016283","0640","0","0","0","0","0","0","1","0","0","1","1","","67","1","2020","6","39.981952","-75.239038","0635","6","0","0","0","0","0","0","0","0","","0","0","0","","","1","","1","","39 58:55.028","","0","75 14:20.537","3","0","0","0","67301","0","0","0","N","0","0","0","3","67301","0","","1.0","","1","Y","N","N","1","","1","0","0","","2","","","2","1","0","0","0","0","0","2","0","2","","03","","N","","","","","","","","","",""
"2020016402","1410","3","0","0","0","0","0","0","0","0","1","0","","67","2","2020","7","40.009491","-75.205384","1405","6","0","0","0","0","0","2","0","0","","0","0","0","","","0","N","0","","40 00:34.169","","0","75 12:19.384","0","0","0","0","67301","0","0","0","N","0","0","0","4","68K01","0","","1.0","","1","N","N","N","0","","0","0","1","","0","","","4","0","0","0","0","0","0","2","0","4","","03","","N","","","","","","","","","",""
"2020017151","0920","2","0","0","0","0","0","0","0","0","4","0","","67","2","2020","4","40.009015","-75.122233","0920","6","0","0","0","0","0","0","0","0","","0","0","0","","","1","N","0","","40 00:32.453","2","0","75 07:20.038","3","0","0","0","67301","0","0","0","N","0","0","0","3","67301","0","","1.0","945.0","1","N","N","N","0","","1","0","0","","0","N","","2","1","3","0","0","0","0","2","0","2","","","","N","","","","","","","","","",""
"2020035721","1751","1","0","0","0","0","0","0","0","0","2","0","","67","4","2020","7","40.038215","-75.036996","1749","6","0","0","0","0","0","0","0","0","","0","0","0","","","1","N","0","","40 02:17.573","","0","75 02:13.187","2","0","1","1","67301","0","0","0","N","0","0","0","3","67301","0","","1.0","","1","N","N","N","0","","0","1","0","","0","","","2","1","0","0","0","0","0","2","0","2","","03","","N","","","","","","","","","",""
"2020034416","2301","0","0","0","0","0","0","0","0","0","7","0","","67","3","2020","5","39.89251","-75.222555","1100","6","0","0","0","0","0","0","0","0","","1","0","0","","","0","N","1","","39 53:33.035","","2","75 13:21.198","1","1","0","1","67301","0","0","0","N","0","0","0","1","67301","0","2","4.0","","1","N","N","N","0","0","0","0","0","","2","","","1","0","0","0","0","0","0","2","0","1","","","","N","","","","","","","","","",""
"2020017227","1515","0","0","0","0","0","0","0","0","0","1","0","","67","1","2020","5","40.026408","-75.027846","1501","6","0","0","0","0","0","2","0","0","","0","0","0","","","1","N","6","","40 01:35.067","","2","75 01:40.247","3","0","0","0","67301","0","0","0","N","0","0","0","2","68K01","0","","1.0","","1","N","N","N","1","","1","0","1","","0","","","2","1","1","0","0","0","0","2","0","2","","03","","N","","","","","","","","","",""
"2020014826","1547","1","0","0","0","0","0","0","0","0","1","1","","67","1","2020","6","39.986481","-75.170172","1545","6","0","1","0","0","0","1","0","0","","0","1","0","","","1","Y","0","","39 59:11.330","6","0","75 10:12.620","3","0","0","0","67301","0","0","0","N","0","0","0","5","67301","0","","1.0","1700.0","1","N","N","N","0","","1","0","0","","2","Y","","3","1","0","0","0","0","0","2","1","3","","03","","N","","","","","","","","","",""
"2020015152","1103","1","0","0","0","0","0","0","0","0","7","0","","67","2","2020","7","40.036329","-75.064237","1054","6","0","0","0","0","0","0","0","0","","0","0","0","","","0","","1","","40 02:10.785","","0","75 03:51.253","0","0","0","0","67301","0","0","0","N","0","0","0","1","67301","0","","3.0","","1","N","N","N","0","","0","0","0","","2","","","1","0","0","0","0","0","0","2","0","1","","","","N","","","","","","","","","",""
"2020034946","1722","0","0","0","0","0","0","0","0","0","4","0","","67","4","2020","1","40.029502","-75.146713","1720","6","0","0","0","0","0","0","0","0","","0","0","0","","","0","","2","","40 01:46.206","","0","75 08:48.166","9","0","0","0","67301","0","0","0","N","0","0","0","1","67301","0","","1.0","","9","N","N","N","0","","0","0","2","","0","","","2","0","0","0","0","0","1","2","0","2","","07","","N","","","","","","","","","",""
"2020015274","0840","0","0","0","0","0","0","0","0","0","7","0","","67","2","2020","1","40.056908","-75.046914","0840","6","0","0","0","0","0","0","0","0","","0","0","0","","","0","N","0","","40 03:24.870","","7","75 02:48.889","0","0","0","0","67301","0","0","0","N","0","0","0","1","67301","0","","5.0","","1","N","N","N","0","","0","0","1","","0","","","1","0","1","0","0","0","0","2","0","1","","03","","N","","","","","","","","","",""
"2020015378","1405","1","0","0","0","0","0","0","0","0","2","0","","67","2","2020","6","39.896697","-75.182867","1350","6","0","0","0","0","0","0","0","0","","0","0","0","","","1","N","0","","39 53:48.110","6","0","75 10:58.320","3","0","0","0","67301","0","0","0","N","0","0","0","2","67301","0","","1.0","1515.0","1","N","N","N","0","","1","0","0","","0","Y","","2","1","0","0","0","0","0","2","0","2","","","","N","","","","","","","","","",""
"2020034242","0132","1","0","0","0","0","0","0","0","0","5","0","","67","3","2020","7","39.957137","-75.180398","0120","6","0","0","1","0","0","1","0","0","","0","0","0","","","0","N","0","","39 57:25.694","3","0","75 10:49.431","0","0","0","0","67301","0","0","0","N","0","0","0","3","68K01","0","","1.0","145.0","1","N","N","N","0","","0","0","1","","0","N","","2","0","0","0","0","0","0","2","0","2","","03","","N","","","","","","","","","",""
"2020014823","2015","0","0","0","0","0","0","0","0","0","8","0","","67","2","2020","5","39.968117","-75.225136","2014","6","0","0","0","0","0","0","0","0","","0","0","0","","","1","","1","","39 58:05.221","","0","75 13:30.489","4","0","0","0","67301","1","0","0","N","1","0","0","2","67301","1","","1.0","","8","N","N","N","0","","0","0","0","","2","","","2","1","0","0","0","0","0","2","0","1","","07","","N","","","","","","","","","",""
"2020017231","0557","1","0","0","0","0","0","0","0","0","98","0","","67","1","2020","7","39.960024","-75.179924","0530","6","0","0","0","0","0","0","0","0","","0","0","0","","","0","N","7","","39 57:36.087","4","2","75 10:47.726","0","0","0","0","67301","0","0","0","N","0","0","0","1","68K01","0","","4.0","616.0","9","N","N","N","0","","0","0","0","","0","Y","","1","0","0","0","0","0","0","2","0","1","","","","N","","","","","","","","","",""
"2020037421","1820","1","0","1","0","0","0","0","0","0","7","0","","67","3","2020","2","39.981131","-75.20674","1820","6","0","0","0","0","0","0","0","0","","0","0","0","","","3","N","0","","39 58:52.070","3","0","75 12:24.264","2","0","0","0","67301","0","0","0","N","0","0","0","3","68K01","0","","2.0","1845.0","9","N","N","N","0","","2","1","1","","0","N","","2","3","0","0","0","0","0","2","0","2","","03","","N","","","","","","","","","",""
"2020034194","1505","1","0","0","0","0","0","0","0","0","4","0","","67","4","2020","2","39.887989","-75.203625","1447","6","0","0","0","0","0","1","0","0","","0","0","0","","","0","N","0","","39 53:16.761","","3","75 12:13.051","0","0","0","0","67301","0","0","0","N","0","0","0","3","68K01","0","","1.0","","9","N","N","N","1","","0","0","0","","0","","","2","0","0","0","0","0","0","2","0","2","","","","N","","","","","","","","","",""