"CRN","ARRIVAL_TM","AUTOMOBILE_COUNT","BELTED_DEATH_COUNT","BELTED_SUSP_SERIOUS_INJ_COUNT","BICYCLE_COUNT","BICYCLE_DEATH_COUNT","BICYCLE_SUSP_SERIOUS_INJ_COUNT","BUS_COUNT","CHLDPAS_DEATH_COUNT","CHLDPAS_SUSP_SERIOUS_INJ_COUNT","COLLISION_TYPE","COMM_VEH_COUNT","CONS_ZONE_SPD_LIM","COUNTY","CRASH_MONTH","CRASH_YEAR","DAY_OF_WEEK","DEC_LATITUDE","DEC_LONGITUDE","DISPATCH_TM","DISTRICT","DRIVER_COUNT_16YR","DRIVER_COUNT_17YR","DRIVER_COUNT_18YR","DRIVER_COUNT_19YR","DRIVER_COUNT_20YR","DRIVER_COUNT_50_64YR","DRIVER_COUNT_65_74YR","DRIVER_COUNT_75PLUS","EST_HRS_CLOSED","FATAL_COUNT","HEAVY_TRUCK_COUNT","HORSE_BUGGY_COUNT","HOUR_OF_DAY","ILLUMINATION","INJURY_COUNT","INTERSECTION_RELATED","INTERSECT_TYPE","LANE_CLOSED","LATITUDE","LN_CLOSE_DIR","LOCATION_TYPE","LONGITUDE","MAX_SEVERITY_LEVEL","MCYCLE_DEATH_COUNT","MCYCLE_SUSP_SERIOUS_INJ_COUNT","MOTORCYCLE_COUNT","MUNICIPALITY","NONMOTR_COUNT","NONMOTR_DEATH_COUNT","NONMOTR_SUSP_SERIOUS_INJ_COUNT","NTFY_HIWY_MAINT","PED_COUNT","PED_DEATH_COUNT","PED_SUSP_SERIOUS_INJ_COUNT","PERSON_COUNT","POLICE_AGCY","POSSIBLE_INJ_COUNT","RDWY_SURF_TYPE_CD","RELATION_TO_ROAD","ROADWAY_CLEARED","ROAD_CONDITION","SCH_BUS_IND","SCH_ZONE_IND","SECONDARY_CRASH","SMALL_TRUCK_COUNT","SPEC_JURIS_CD","SUSP_MINOR_INJ_COUNT","SUSP_SERIOUS_INJ_COUNT","SUV_COUNT","TCD_FUNC_CD","TCD_TYPE","TFC_DETOUR_IND","TIME_OF_DAY","TOTAL_UNITS","TOT_INJ_COUNT","UNBELTED_OCC_COUNT","UNB_DEATH_COUNT","UNB_SUSP_SERIOUS_INJ_COUNT","UNK_INJ_DEG_COUNT","UNK_INJ_PER_COUNT","URBAN_RURAL","VAN_COUNT","VEHICLE_COUNT","WEATHER1","WEATHER2","WORKERS_PRES","WORK_ZONE_IND","WORK_ZONE_LOC","WORK_ZONE_TYPE","WZ_CLOSE_DETOUR","WZ_FLAGGER","WZ_LAW_OFFCR_IND","WZ_LN_CLOSURE","WZ_MOVING","WZ_OTHER","WZ_SHLDER_MDN","WZ_WORKERS_INJ_KILLED"
"2020034207","1047","1","0","0","0","0","0","0","0","0","7","0","","67","4","2020","7","39.981001","-75.206576","1046","6","0","0","0","0","0","0","0","0","","0","0","0","","","1","N","0","","39 58:51.605","3","0","75 12:23.673","3","0","0","0","67301","0","0","0","N","0","0","0","1","68K01","0","","5.0","1130.0","9","N","N","N","0","","1","0","0","","0","N","","1","1","1","0","0","0","0","2","0","1","","03","","N","","","","","","","","","",""
"2020036074","0328","1","0","0","0","0","0","0","0","0","4","0","","67","5","2020","7","40.016805","-75.154331","0326","6","0","0","0","0","0","0","0","0","","0","1","0","","","1","N","0","","40 01:00.497","2","0","75 09:15.591","4","0","0","0","67301","0","0","0","N","0","0","0","2","67301","1","","6.0","448.0","1","N","N","N","0","","0","0","0","","0","N","","2","1","0","0","0","0","1","2","0","2","","","","N","","","","","","","","","",""
"2020014948","1625","2","0","0","0","0","0","0","0","0","1","0","","67","2","2020","6","39.890271","-75.220795","1624","6","0","0","0","0","0","0","0","0","","0","0","0","","","2","N","0","","39 53:24.975","1","0","75 13:14.863","3","0","0","0","67301","0","0","0","N","0","0","0","4","68K01","0","","2.0","1650.0","1","N","N","N","0","","2","0","0","","0","N","","2","2","1","0","0","0","0","2","0","2","","","","N","","","","","","","","","",""
"2020025449","1405","1","0","0","0","0","0","0","0","0","8","0","","67","3","2020","2","39.905417","-75.17356","1403","6","0","0","0","0","0","0","0","0","","1","0","0","","","1","","1","","39 54:19.501","","0","75 10:24.816","1","0","0","0","67301","1","1","0","N","1","1","0","2","67301","0","2","1.0","","1","N","N","N","0","0","0","1","0","","2","","","2","1","0","0","0","0","0","2","0","1","","03","","N","","","","","","","","","",""
"2020034703","0335","1","0","0","0","0","0","0","0","0","7","0","","67","4","2020","6","39.948986","-75.235383","0325","6","0","0","0","0","0","0","0","0","","0","0","0","","","0","N","0","","39 56:56.350","","0","75 14:07.380","0","0","0","0","67301","0","0","0","N","0","0","0","1","67301","0","","5.0","","9","N","Y","N","0","","0","0","0","","2","","","1","0","0","0","0","0","0","2","0","1","","07","","N","","","","","","","","","",""
"2020034702","1255","1","0","0","0","0","0","0","0","0","4","0","","67","4","2020","6","40.039005","-75.056254","1253","6","0","0","0","0","0","0","1","0","","0","0","0","","","0","","2","","40 02:20.418","","0","75 03:22.515","0","0","0","0","67301","0","0","0","N","0","0","0","1","67301","0","","1.0","","9","N","N","N","0","","0","0","0","","2","","","2","0","0","0","0","0","0","2","0","2","","07","","N","","","","","","","","","",""
"2020035800","1607","0","0","0","0","0","0","0","0","0","4","0","","67","4","2020","4","39.996718","-75.115468","1607","6","0","0","0","0","0","1","0","0","","0","0","0","","","2","","1","","39 59:48.185","1","0","75 06:55.684","3","0","0","0","67301","0","0","0","N","0","0","0","3","67301","0","","1.0","1716.0","1","N","N","N","0","","2","0","2","","3","Y","","2","2","0","0","0","0","0","2","0","2","","","","N","","","","","","","","","",""
"2020015807","1846","0","0","0","0","0","0","0","0","0","8","0","","67","2","2020","2","40.042208","-75.108249","1837","6","0","0","0","0","0","1","0","0","","0","0","0","","","1","N","2","","40 02:31.950","","0","75 06:29.696","3","0","0","0","67301","1","0","0","N","1","0","0","2","67301","0","","1.0","","9","N","N","N","1","","1","0","0","","3","","","2","1","0","0","0","0","0","2","0","1","","","","N","","","","","","","","","",""
"2020035726","1331","0","0","0","0","0","0","0","0","0","8","1","","67","4","2020","3","39.994672","-75.139669","1314","6","0","0","0","0","0","1","0","0","","0","1","0","","","1","N","0","","39 59:40.820","1","0","75 08:22.810","3","0","0","0","67301","1","0","0","N","1","0","0","2","67301","0","","1.0","1420.0","1","N","N","N","0","","1","0","1","","0","Y","","3","1","0","0","0","0","0","2","0","2","","03","","N","","","","","","","","","",""
"2020034348","1604","1","0","0","0","0","0","0","0","0","0","0","","67","4","2020","4","39.999644","-75.190489","1551","6","0","0","0","0","0","0","0","0","","0","0","0","","","2","","2","","39 59:58.717","","99","75 11:25.759","3","0","0","0","67301","0","0","0","N","0","0","0","2","67301","0","","1.0","","9","N","N","N","0","","2","0","0","","2","","","1","2","1","0","0","0","0","2","0","1","","","","N","","","","","","","","","",""
"2020034378","1139","2","0","0","0","0","0","0","0","0","1","0","","67","4","2020","4","39.923662","-75.192433","1131","6","0","0","0","0","0","2","0","0","","0","0","0","","","1","N","0","","39 55:25.183","","0","75 11:32.758","3","0","0","0","67301","0","0","0","N","0","0","0","3","68K01","0","","1.0","","1","N","N","N","1","","1","0","0","","0","","","3","1","0","0","0","0","0","2","0","3","","","","N","","","","","","","","","",""
"2020035210","1640","1","0","0","0","0","0","0","0","0","7","0","","67","4","2020","1","39.894573","-75.229478","1640","6","0","0","0","0","0","1","0","0","","0","0","0","","","0","","1","","39 53:40.462","","0","75 13:46.120","0","0","0","0","67301","0","0","0","N","0","0","0","1","67301","0","","2.0","","9","N","N","N","0","","0","0","0","","0","","","1","0","1","0","0","0","0","2","0","1","","04","","N","","","","","","","","","",""
"2020034450","1200","0","0","0","0","0","0","0","0","0","5","0","","67","4","2020","1","39.990841","-75.204543","1157","6","0","0","0","0","0","0","1","0","","0","0","0","","","0","N","0","","39 59:27.028","","0","75 12:16.356","9","0","0","0","67301","0","0","0","N","0","0","0","2","68K01","0","","1.0","","1","N","N","N","0","","0","0","1","","0","","","2","0","0","0","0","0","1","2","0","2","","03","","N","","","","","","","","","",""
"2020015383","2020","0","0","0","0","0","0","0","0","0","8","0","","67","2","2020","7","39.961565","-75.15179","1950","6","0","0","0","0","0","0","0","0","","0","0","0","","","1","","1","","39 57:41.635","","0","75 09:06.445","4","0","0","0","67301","1","0","0","N","1","0","0","2","67301","1","","1.0","","1","N","N","N","0","","0","0","0","","2","","","2","1","0","0","0","0","0","2","0","1","","03","","N","","","","","","","","","",""
"2020034745","1049","0","0","0","0","0","0","0","0","0","8","0","","67","4","2020","7","39.992494","-75.120161","1049","6","0","0","0","0","0","0","0","0","","0","0","0","","","1","N","0","","39 59:32.980","","0","75 07:12.580","3","0","0","0","67301","1","0","0","N","1","0","0","1","67301","0","","1.0","","1","N","N","N","0","","1","0","0","","0","","","2","1","0","0","0","0","0","2","0","1","","03","","N","","","","","","","","","",""
"2020016417","1938","0","0","0","0","0","0","0","0","0","1","0","","67","2","2020","2","39.963234","-75.183671","1933","6","0","0","0","0","0","0","0","0","","0","0","0","","","0","N","0","","39 57:47.644","","0","75 11:01.214","0","0","0","0","67301","0","0","0","N","0","0","0","2","68K01","0","","1.0","","9","N","N","N","0","","0","0","2","","0","","","2","0","0","0","0","0","0","2","0","2","","","","N","","","","","","","","","",""
"2020034053","1300","2","0","0","0","0","0","0","0","0","1","0","","67","4","2020","6","40.007309","-75.072613","1251","6","0","0","0","0","0","0","0","0","","0","0","0","","","2","N","0","","40 00:26.314","1","0","75 04:21.407","8","0","0","0","67301","0","0","0","N","0","0","0","2","68K01","0","","1.0","30.0","1","N","N","N","0","","0","0","0","","0","N","","2","2","1","0","0","2","0","2","0","2","","03","","N","","","","","","","","","",""
"2020037051","1925","1","0","0","0","0","0","0","0","0","2","0","","67","5","2020","4","40.033725","-75.127783","1921","6","0","0","0","0","0","0","0","0","","0","0","0","","","1","N","0","","40 02:01.410","","99","75 07:40.020","3","0","0","0","67301","0","0","0","N","0","0","0","4","67301","0","","9.0","","9","N","N","N","0","","1","0","1","","0","","","2","1","0","0","0","0","0","2","0","2","","04","","N","","","","","","","","","",""
"2020034250","1123","1","0","0","0","0","0","0","0","0","7","0","","67","3","2020","3","39.981291","-75.206923","1122","6","0","0","0","0","0","0","0","0","","0","0","0","","","1","N","0","","39 58:52.647","3","0","75 12:24.924","2","0","0","0","67301","0","0","0","N","0","0","0","1","68K01","0","","4.0","45.0","9","N","N","N","0","","0","1","0","","0","N","","1","1","1","0","1","0","0","2","0","1","","","","N","","","","","","","","","",""
"2020036588","1349","1","0","0","0","0","0","0","0","0","1","0","","67","3","2020","2","39.960068","-75.179394","1343","6","0","0","0","0","0","0","0","0","","0","0","0","","","0","N","0","","39 57:36.245","4","0","75 10:45.819","0","0","0","0","67301","0","0","0","N","0","0","0","3","68K01","0","","1.0","1350.0","9","N","N","N","1","","0","0","0","","0","N","","2","0","0","0","0","0","0","2","0","2","","","","N","","","","","","","","","",""
"2020014952","1953","2","0","0","0","0","0","0","0","0","1","0","","67","1","2020","5","40.009693","-75.065228","1944","6","0","0","0","0","0","0","0","0","","0","0","0","","","0","N","0","","40 00:34.896","","0","75 03:54.821","9","0","0","0","67301","0","0","0","N","0","0","0","3","68K01","0","","1.0","","1","N","N","N","0","","0","0","0","","0","","","3","0","0","0","0","0","1","2","0","3","","03","","N","","","","","","","","","",""
"2020035015","1803","0","0","0","0","0","0","0","0","0","7","1","","67","4","2020","4","39.999625","-75.190584","1751","6","0","0","0","0","0","0","0","0","","0","1","0","","","0","","2","","39 59:58.649","3","0","75 11:26.101","0","0","0","0","67301","0","0","0","N","0","0","0","1","67301","0","","2.0","1815.0","1","N","N","N","0","","0","0","0","","2","Y","","1","0","0","0","0","0","0","2","0","1","","","","N","","","","","","","","","",""
"2020033543","0852","1","0","0","0","0","0","0","0","0","7","0","","67","4","2020","7","40.044818","-75.072183","0847","6","0","0","0","0","0","0","1","0","","0","0","0","","","0","N","0","","40 02:41.343","","0","75 04:19.858","0","0","0","0","67301","0","0","0","N","0","0","0","1","67301","0","","9.0","","9","N","N","N","0","","0","0","0","","0","","","1","0","0","0","0","0","0","2","0","1","","","","N","","","","","","","","","",""
"2020014833","2058","1","0","0","0","0","0","0","0","0","8","0","","67","2","2020","6","40.027461","-75.1458","2049","6","0","0","0","0","0","0","0","0","","0","0","0","","","1","N","0","","40 01:38.860","","0","75 08:44.880","3","0","0","0","67301","1","0","0","N","1","0","0","1","67301","0","","1.0","","1","N","N","N","0","","1","0","0","","0","","","2","1","0","0","0","0","0","2","0","1","","03","","N","","","","","","","","","",""
"2020034920","1806","1","0","0","0","0","0","0","0","0","0","0","","67","4","2020","5","39.981276","-75.206907","1805","6","0","0","0","0","0","0","0","0","","0","0","0","","","1","N","0","","39 58:52.595","3","0","75 12:24.866","3","0","0","0","67301","0","0","0","N","0","0","0","1","68K01","0","","4.0","1824.0","9","N","N","N","0","","1","0","0","","0","N","","1","1","0","0","0","0","0","2","0","1","","04","","N","","","","","","","","","",""
"2020036883","2131","1","0","0","0","0","0","0","0","0","1","0","","67","4","2020","5","39.948906","-75.18533","2124","6","0","0","0","0","0","0","0","0","","0","0","0","","","0","N","0","","39 56:56.062","","0","75 11:07.188","9","0","0","0","67301","0","0","0","N","0","0","0","2","68K01","0","","1.0","","9","N","N","N","0","","0","0","0","","0","","","2","0","0","0","0","0","1","2","0","2","","03","","N","","","","","","","","","",""
"2020036593","0640","1","0","0","0","0","0","0","0","0","5","0","","67","4","2020","2","40.017936","-75.048134","0640","6","0","0","0","0","0","0","0","0","","0","0","0","","","1","N","0","","40 01:04.568","","0","75 02:53.284","3","0","0","0","67301","0","0","0","N","0","0","0","1","68K01","0","","1.0","","9","N","N","N","0","","1","0","1","","0","","","2","1","0","0","0","0","0","2","0","2","","07","","N","","","","","","","","","",""
"2020033725","1622","1","0","0","0","0","0","0","0","0","5","0","","67","3","2020","5","39.996118","-75.196998","1619","6","0","0","0","0","0","0","0","0","","0","0","0","","","1","N","0","","39 59:46.023","4","0","75 11:49.191","3","0","0","0","67301","0","0","0","N","0","0","0","1","68K01","0","","4.0","20.0","1","N","N","N","0","","1","0","0","","0","N","","2","1","0","0","0","0","0","2","0","2","","03","","N","","","","","","","","","",""
"2020014884","1640","1","0","0","0","0","0","1","0","0","2","1","","67","2","2020","5","40.041569","-75.180525","1603","6","0","0","0","0","0","0","0","0","","0","0","0","","","3","N","0","","40 02:29.650","6","0","75 10:49.890","4","0","0","0","67301","0","0","0","N","0","0","0","26","67301","3","","1.0","515.0","9","Y","N","N","0","","0","0","0","","0","Y","","2","3","0","0","0","0","1","2","0","2","","04","","N","","","","","","","","","",""
"2020014570","1028","0","0","0","0","0","0","0","0","0","7","1","","67","2","2020","2","39.942848","-75.142863","1010","6","0","0","0","0","0","0","0","0","","0","1","0","","","1","N","0","","39 56:34.253","1","4","75 08:34.307","3","0","0","0","67301","0","0","0","N","0","0","0","1","68K01","0","","2.0","1129.0","1","N","N","N","0","","1","0","0","","0","N","","1","1","0","0","0","0","0","2","0","1","","03","","N","","","","","","","","","",""
"2020014955","1516","2","0","0","0","0","0","0","0","0","1","0","","67","1","2020","2","39.980011","-75.105532","1444","6","0","0","0","0","0","0","0","0","","0","0","0","","","1","N","0","","39 58:48.038","1","0","75 06:19.914","3","0","0","0","67301","0","0","0","N","0","0","0","3","68K01","0","","1.0","1520.0","1","N","N","N","0","","1","0","1","","0","N","","3","1","0","0","0","0","0","2","0","3","","03","","N","","","","","","","","","",""
"2020016619","0131","1","0","0","0","0","0","0","0","0","7","0","","67","2","2020","3","39.919579","-75.203438","0121","6","0","0","0","0","0","0","0","0","","0","0","0","","","1","N","0","","39 55:10.484","4","3","75 12:12.377","3","0","0","0","67301","0","0","0","N","0","0","0","1","67301","0","","3.0","30.0","9","N","N","N","0","","1","0","0","","0","Y","","1","1","0","0","0","0","0","2","0","1","","","","N","","","","","","","","","",""
"2020015812","1740","2","0","0","0","0","0","0","0","0","4","0","","67","2","2020","2","39.970586","-75.150867","1735","6","0","0","0","0","0","0","0","0","","0","0","0","","","0","","1","","39 58:14.108","","0","75 09:03.120","0","0","0","0","67301","0","0","0","N","0","0","0","3","67301","0","","1.0","","9","N","N","N","0","","0","0","0","","3","","","2","0","0","0","0","0","0","2","0","2","","07","","N","","","","","","","","","",""
"2020036490","1548","0","0","0","0","0","0","0","0","0","8","0","","67","5","2020","2","40.049738","-75.095463","1541","6","0","0","0","0","0","0","0","0","","0","0","0","","","1","N","0","","40 02:59.056","","0","75 05:43.665","4","0","0","0","67301","1","0","0","N","1","0","0","1","67301","1","","6.0","","1","N","N","N","0","","0","0","1","","0","","","2","1","0","0","0","0","0","2","0","1","","","","N","","","","","","","","","",""
"2020016407","0602","1","0","0","0","0","0","0","0","0","5","1","","67","2","2020","2","39.957371","-75.158089","0555","6","0","0","0","0","0","0","1","0","","0","1","0","","","0","N","0","","39 57:26.537","","0","75 09:29.119","0","0","0","0","67301","0","0","0","N","0","0","0","3","68K01","0","","1.0","","9","N","N","N","0","","0","0","0","","0","","","2","0","0","0","0","0","0","2","0","2","","03","","N","","","","","","","","","",""
"2020014641","0540","0","0","0","0","0","0","0","0","0","2","1","","67","1","2020","7","39.979381","-75.093142","0530","6","0","0","0","0","0","0","0","0","","1","1","0","","","1","N","0","","39 58:45.772","5","0","75 05:35.311","1","0","0","0","67301","0","0","0","N","0","0","0","2","67301","1","2","1.0","800.0","1","N","N","N","0","0","0","0","0","","0","Y","","2","1","0","0","0","0","0","2","1","2","","","","N","","","","","","","","","",""
"2020036498","1820","2","0","0","0","0","0","0","0","0","2","0","","67","5","2020","1","39.999021","-75.08633","1816","6","0","0","0","0","0","1","0","0","","0","0","0","","","0","N","0","","39 59:56.474","","3","75 05:10.788","9","0","0","0","67301","0","0","0","N","0","0","0","2","67301","0","","1.0","","1","N","N","N","0","","0","0","0","","0","","","2","0","0","0","0","0","2","2","0","2","","03","","N","","","","","","","","","",""
"2020035650","1043","1","0","0","0","0","0","0","0","0","7","0","","67","4","2020","6","40.037277","-75.041845","1036","6","0","0","0","0","0","0","1","0","","1","0","0","","","0","N","0","","40 02:14.196","","0","75 02:30.641","1","0","0","0","67301","0","0","0","N","0","0","0","1","67301","0","2","4.0","","1","N","N","N","0","0","0","0","1","","0","","","2","0","0","0","0","0","0","2","0","2","","03","","N","","","","","","","","","",""
"2020034073","1642","1","0","0","0","0","0","0","0","0","1","0","","67","4","2020","2","39.960388","-75.181394","1642","6","0","0","0","0","0","0","0","0","","0","1","0","","","1","N","0","","39 57:37.398","4","0","75 10:53.020","3","0","0","0","67301","0","0","0","N","0","0","0","3","68K01","0","","1.0","1745.0","4","N","N","N","0","","1","0","0","","0","N","","2","1","0","0","0","0","0","2","0","2","","03","","N","","","","","","","","","",""
"2020034942","1502","0","0","0","0","0","0","0","0","0","7","0","","67","4","2020","6","39.919947","-75.200876","1447","6","0","0","0","0","0","0","0","0","","0","0","0","","","1","N","0","","39 55:11.808","","3","75 12:03.155","4","0","0","0","67301","0","0","0","N","0","0","0","1","67301","1","","4.0","","9","N","N","N","0","","0","0","1","","0","","","1","1","0","0","0","0","0","2","0","1","","04","","N","","","","","","","","","",""
"2020015145","0721","1","0","0","0","0","0","0","0","0","8","0","","67","2","2020","6","40.029949","-75.219133","0719","6","0","0","0","0","0","0","0","0","","0","0","0","","","1","","1","","40 01:47.817","6","0","75 13:08.878","8","0","0","0","67301","1","0","0","N","1","0","0","2","67301","0","","1.0","30.0","9","N","N","N","0","","0","0","0","","3","N","","2","1","0","0","0","1","0","2","0","1","","05","","N","","","","","","","","","",""
"2020034780","0206","1","0","0","0","0","0","0","0","0","5","0","","67","4","2020","1","39.925306","-75.157649","0203","6","0","0","0","0","0","0","0","0","","0","0","0","","","0","","1","","39 55:31.101","","0","75 09:27.538","0","0","0","0","67301","0","0","0","N","0","0","0","1","67301","0","","1.0","","1","N","N","N","0","","0","0","1","","0","","","2","0","1","0","0","0","0","2","0","2","","03","","N","","","","","","","","","",""
"2020034811","0201","0","0","0","0","0","0","0","0","0","7","0","","67","4","2020","1","39.920868","-75.195919","0201","6","0","0","0","0","0","1","0","0","","0","0","0","","","0","N","0","","39 55:15.124","","3","75 11:45.307","0","0","0","0","67301","0","0","0","N","0","0","0","1","67301","0","","3.0","","9","N","N","Y","0","","0","0","1","","0","","","1","0","1","0","0","0","0","2","0","1","","07","","N","","","","","","","","","",""
"2020034606","1020","1","0","0","0","0","0","0","0","0","4","0","","67","4","2020","4","39.904797","-75.238","1017","6","0","0","0","0","0","1","0","0","","0","0","0","","","0","N","0","","39 54:17.269","","7","75 14:16.800","9","0","0","0","67301","0","0","0","N","0","0","0","2","67301","0","","1.0","","99","N","N","N","0","","0","0","1","","0","","","2","0","1","0","0","0","2","2","0","2","","","","N","","","","","","","","","",""
"2020035274","0205","1","0","0","0","0","0","0","0","0","8","0","","67","4","2020","1","39.993733","-75.118453","0200","6","0","0","0","0","0","0","0","0","","0","0","0","","","1","N","0","","39 59:37.440","","99","75 07:06.430","8","0","0","0","67301","1","0","0","N","1","0","0","1","67301","0","","2.0","","9","N","N","N","0","","0","0","0","","5","","","2","1","0","0","0","1","0","2","0","1","","","","N","","","","","","","","","",""
"2020017015","2110","1","0","0","0","0","0","0","0","0","7","0","","67","2","2020","5","40.042608","-75.185588","2105","6","0","0","0","0","0","0","0","0","","0","0","0","","","1","","2","","40 02:33.388","7","0","75 11:08.116","8","0","0","0","67301","0","0","0","N","0","0","0","1","67301","0","","4.0","2100.0","1","N","N","N","0","","0","0","0","","0","N","","1","1","0","0","0","1","0","2","0","1","","03","","N","","","","","","","","","",""
"2020036335","0940","1","0","0","0","0","0","0","0","0","2","0","","67","3","2020","5","40.072125","-75.192823","0930","6","0","0","0","0","0","0","0","0","","0","0","0","","","0","","1","","40 04:19.649","","0","75 11:34.162","0","0","0","0","67301","0","0","0","N","0","0","0","2","67301","0","","1.0","","1","N","N","N","1","","0","0","0","","3","","","2","0","0","0","0","0","0","2","0","2","","","","N","","","","","","","","","",""
"2020034040","1904","0","0","0","0","0","0","0","0","0","0","0","","67","3","2020","2","39.982103","-75.207624","1901","6","0","0","0","0","0","1","0","0","","0","0","0","","","1","N","0","","39 58:55.572","3","0","75 12:27.445","8","0","0","0","67301","0","0","0","N","0","0","0","1","68K01","0","","4.0","30.0","9","N","N","N","0","","0","0","1","","0","N","","1","1","0","0","0","1","0","2","0","1","","","","N","","","","","","","","","",""
"2020016279","1650","1","0","0","0","0","0","0","0","0","1","0","","67","2","2020","3","39.910683","-75.192938","1641","6","0","0","1","0","0","1","0","0","","0","1","0","","","1","N","0","","39 54:38.458","","0","75 11:34.578","3","0","0","0","67301","0","0","0","N","0","0","0","2","67301","0","","1.0","","9","N","N","N","0","","1","0","0","","8","","","2","1","0","0","0","0","0","2","0","2","","07","","N","","","","","","","","","",""
"2020034924","0935","0","0","0","0","0","0","0","0","0","4","1","","67","4","2020","6","39.960108","-75.180525","0935","6","0","0","0","0","0","2","0","0","","0","1","0","","","1","N","0","","39 57:36.389","3","3","75 10:49.889","8","0","0","0","67301","0","0","0","N","0","0","0","2","68K01","0","","1.0","955.0","9","N","N","N","0","","0","0","1","","0","N","","2","1","0","0","0","1","0","2","0","2","","04","","N","","","","","","","","","",""
"2020014822","1335","0","0","0","0","0","0","0","0","0","4","0","","67","2","2020","5","40.053009","-75.064302","1331","6","0","0","0","0","0","0","0","0","","0","0","0","","","2","","1","","40 03:10.832","","0","75 03:51.487","8","0","0","0","67301","0","0","0","N","0","0","0","4","67301","0","","1.0","","9","N","N","N","0","","0","0","2","","2","","","2","2","0","0","0","2","0","2","0","2","","","","N","","","","","","","","","",""
"2020033988","1810","3","0","0","0","0","0","0","0","0","5","0","","67","4","2020","2","40.015247","-75.16985","1806","6","0","0","0","0","0","1","0","0","","0","0","0","","","1","","1","","40 00:54.888","","0","75 10:11.461","3","0","0","0","67301","0","0","0","N","0","0","0","3","67301","0","","1.0","","1","N","N","N","0","","1","0","0","","2","","","3","1","0","0","0","0","0","2","0","3","","03","","N","","","","","","","","","",""
"2020034771","2337","2","0","0","0","0","0","0","0","0","5","0","","67","4","2020","6","39.960521","-75.181867","2333","6","0","0","0","1","1","0","0","0","","0","0","0","","","1","N","0","","39 57:37.877","3","0","75 10:54.721","3","0","0","0","67301","0","0","0","N","0","0","0","5","68K01","0","","1.0","2345.0","1","N","N","N","0","","1","0","0","","0","N","","2","1","2","0","0","0","0","2","0","2","","","","N","","","","","","","","","",""
"2020017153","0930","2","0","0","0","0","0","0","0","0","4","0","","67","2","2020","6","39.983183","-75.144946","0926","6","0","0","0","0","0","0","0","0","","0","0","0","","","1","","1","","39 58:59.458","","0","75 08:41.805","4","0","0","0","67301","0","0","0","N","0","0","0","3","67301","1","","1.0","","1","N","N","N","0","","0","0","0","","3","","","2","1","3","0","0","0","0","2","0","2","","03","","N","","","","","","","","","",""
"2020015744","2130","1","0","0","0","0","0","0","0","0","8","0","","67","2","2020","2","39.984698","-75.156558","2205","6","0","0","0","0","0","0","0","0","","0","0","0","","","1","","1","","39 59:04.913","","0","75 09:23.609","8","0","0","0","67301","1","0","0","N","1","0","0","2","67505","0","","1.0","","9","N","N","N","0","","0","0","0","","2","","","2","1","0","0","0","1","0","2","0","1","","07","","N","","","","","","","","","",""
"2020035174","0853","1","0","0","0","0","0","0","0","0","7","0","","67","4","2020","1","39.981439","-75.207082","0853","6","0","0","0","0","0","0","1","0","","0","0","0","","","0","N","0","","39 58:53.180","3","0","75 12:25.494","0","0","0","0","67301","0","0","0","N","0","0","0","4","68K01","0","","2.0","915.0","9","N","N","N","0","","0","0","0","","8","N","","1","0","0","0","0","0","0","2","0","1","","04","","N","","","","","","","","","",""
"2020014480","1250","0","0","0","0","0","0","0","0","0","8","0","","67","1","2020","6","39.951048","-75.158472","1247","6","0","0","0","0","0","0","0","0","","0","0","0","","","1","","1","","39 57:03.774","","0","75 09:30.498","3","0","0","0","67301","1","0","0","N","1","0","0","2","67301","0","","1.0","","1","N","N","N","1","","1","0","0","","3","","","2","1","0","0","0","0","0","2","0","1","","","","N","","","","","","","","","",""
"2020033987","1331","1","0","0","0","0","0","0","0","0","1","0","","67","4","2020","2","40.023986","-75.159578","1326","6","0","0","0","0","0","0","0","0","","0","0","0","","","1","","1","","40 01:26.350","","0","75 09:34.481","3","0","0","0","67301","0","0","0","N","0","0","0","5","67301","0","","1.0","","1","N","N","N","1","","1","0","0","","2","","","2","1","0","0","0","0","0","2","0","2","","","","N","","","","","","","","","",""
"2020033768","1125","0","0","0","0","0","0","0","0","0","1","0","","67","4","2020","2","39.961418","-75.161548","1120","6","0","0","0","0","1","0","0","0","","0","0","0","","","0","N","0","","39 57:41.105","1","0","75 09:41.573","0","0","0","0","67301","0","0","0","N","0","0","0","3","67301","0","","1.0","1230.0","1","N","N","N","0","","0","0","3","","2","Y","","3","0","3","0","0","0","0","2","0","3","","03","","N","","","","","","","","","",""
"2020034825","1420","1","0","0","0","0","0","0","0","0","7","0","","67","4","2020","7","39.957277","-75.191181","1416","6","0","0","0","0","0","0","0","0","","0","0","0","","","1","","2","","39 57:26.198","","0","75 11:28.250","8","0","0","0","67301","0","0","0","N","0","0","0","1","67507","0","","5.0","","1","N","N","N","0","","0","0","0","","2","","","1","1","0","0","0","1","0","2","0","1","","","","N","","","","","","","","","",""
"2020034599","1125","0","0","0","0","0","0","0","0","0","7","0","","67","4","2020","3","39.893558","-75.227189","1120","6","0","0","0","0","0","0","0","0","","0","0","0","","","1","N","0","","39 53:36.810","","0","75 13:37.882","4","0","0","0","67301","0","0","0","N","0","0","0","2","67301","1","","9.0","","9","N","N","N","1","","0","0","0","","0","","","1","1","0","0","0","0","0","2","0","1","","04","","N","","","","","","","","","",""