"CRN","ARRIVAL_TM","AUTOMOBILE_COUNT","BELTED_DEATH_COUNT","BELTED_SUSP_SERIOUS_INJ_COUNT","BICYCLE_COUNT","BICYCLE_DEATH_COUNT","BICYCLE_SUSP_SERIOUS_INJ_COUNT","BUS_COUNT","CHLDPAS_DEATH_COUNT","CHLDPAS_SUSP_SERIOUS_INJ_COUNT","COLLISION_TYPE","COMM_VEH_COUNT","CONS_ZONE_SPD_LIM","COUNTY","CRASH_MONTH","CRASH_YEAR","DAY_OF_WEEK","DEC_LATITUDE","DEC_LONGITUDE","DISPATCH_TM","DISTRICT","DRIVER_COUNT_16YR","DRIVER_COUNT_17YR","DRIVER_COUNT_18YR","DRIVER_COUNT_19YR","DRIVER_COUNT_20YR","DRIVER_COUNT_50_64YR","DRIVER_COUNT_65_74YR","DRIVER_COUNT_75PLUS","EST_HRS_CLOSED","FATAL_COUNT","HEAVY_TRUCK_COUNT","HORSE_BUGGY_COUNT","HOUR_OF_DAY","ILLUMINATION","INJURY_COUNT","INTERSECTION_RELATED","INTERSECT_TYPE","LANE_CLOSED","LATITUDE","LN_CLOSE_DIR","LOCATION_TYPE","LONGITUDE","MAX_SEVERITY_LEVEL","MCYCLE_DEATH_COUNT","MCYCLE_SUSP_SERIOUS_INJ_COUNT","MOTORCYCLE_COUNT","MUNICIPALITY","NONMOTR_COUNT","NONMOTR_DEATH_COUNT","NONMOTR_SUSP_SERIOUS_INJ_COUNT","NTFY_HIWY_MAINT","PED_COUNT","PED_DEATH_COUNT","PED_SUSP_SERIOUS_INJ_COUNT","PERSON_COUNT","POLICE_AGCY","POSSIBLE_INJ_COUNT","RDWY_SURF_TYPE_CD","RELATION_TO_ROAD","ROADWAY_CLEARED","ROAD_CONDITION","SCH_BUS_IND","SCH_ZONE_IND","SECONDARY_CRASH","SMALL_TRUCK_COUNT","SPEC_JURIS_CD","SUSP_MINOR_INJ_COUNT","SUSP_SERIOUS_INJ_COUNT","SUV_COUNT","TCD_FUNC_CD","TCD_TYPE","TFC_DETOUR_IND","TIME_OF_DAY","TOTAL_UNITS","TOT_INJ_COUNT","UNBELTED_OCC_COUNT","UNB_DEATH_COUNT","UNB_SUSP_SERIOUS_INJ_COUNT","UNK_INJ_DEG_COUNT","UNK_INJ_PER_COUNT","URBAN_RURAL","VAN_COUNT","VEHICLE_COUNT","WEATHER1","WEATHER2","WORKERS_PRES","WORK_ZONE_IND","WORK_ZONE_LOC","WORK_ZONE_TYPE","WZ_CLOSE_DETOUR","WZ_FLAGGER","WZ_LAW_OFFCR_IND","WZ_LN_CLOSURE","WZ_MOVING","WZ_OTHER","WZ_SHLDER_MDN","WZ_WORKERS_INJ_KILLED"
"2020036882","1810","0","0","0","0","0","0","0","0","0","5","0","","67","4","2020","5","40.031101","-75.021712","1757","6","0","0","0","0","0","1","0","0","","0","1","0","","","0","N","0","","40 01:51.962","2","0","75 01:18.163","0","0","0","0","67301","0","0","0","N","0","0","0","2","68K01","0","","1.0","1800.0","9","N","N","N","1","","0","0","0","","0","N","","2","0","0","0","0","0","0","2","0","2","","07","","N","","","","","","","","","",""
"2020036328","0625","1","0","0","0","0","0","0","0","0","7","0","","67","5","2020","2","40.026652","-75.094952","0612","6","0","0","0","0","0","0","0","0","","0","0","0","","","1","N","0","","40 01:35.946","2","0","75 05:41.827","3","0","0","0","67301","0","0","0","N","0","0","0","2","67301","0","","5.0","300.0","1","N","N","N","0","","1","0","0","","0","N","","1","1","2","0","0","0","0","2","0","1","","03","","N","","","","","","","","","",""
"2020016848","0318","1","0","0","0","0","0","0","0","0","7","0","","67","2","2020","5","39.973509","-75.209304","0304","6","0","0","0","0","0","0","0","0","","0","0","0","","","0","N","0","","39 58:24.633","","0","75 12:33.494","0","0","0","0","67301","0","0","0","N","0","0","0","1","67301","0","","3.0","","9","N","N","N","0","","0","0","0","","2","","","1","0","0","0","0","0","0","2","0","1","","","","N","","","","","","","","","",""
"2020037455","0144","1","0","0","0","0","0","0","0","0","0","0","","67","5","2020","6","40.026975","-75.026117","0134","6","0","0","0","0","0","0","0","0","","0","0","0","","","0","N","0","","40 01:37.110","","0","75 01:34.021","0","0","0","0","67301","0","0","0","N","0","0","0","1","68K01","0","","4.0","","1","N","N","N","0","","0","0","0","","0","","","1","0","0","0","0","0","0","2","0","1","","","","N","","","","","","","","","",""
"2020034166","0534","2","0","0","0","0","0","0","0","0","5","0","","67","4","2020","4","40.017916","-75.159223","0531","6","0","0","0","0","0","0","0","0","","0","0","0","","","0","N","0","","40 01:04.496","","0","75 09:33.204","9","0","0","0","67301","0","0","0","N","0","0","0","1","67301","0","","6.0","","1","N","N","N","0","","0","0","0","","0","","","2","0","0","0","0","0","1","2","0","2","","03","","N","","","","","","","","","",""
"2020035021","1255","1","0","0","0","0","0","1","0","0","4","1","","67","3","2020","2","39.969999","-75.163109","1250","6","0","0","0","0","0","1","0","0","","0","0","0","","","2","","1","","39 58:11.995","","0","75 09:47.193","8","0","0","0","67301","0","0","0","N","0","0","0","4","67508","0","","1.0","","1","N","N","N","0","","0","0","0","","3","N","","2","2","0","0","0","2","1","2","0","2","","","","N","","","","","","","","","",""
"2020036629","0032","1","0","0","0","0","0","0","0","0","2","0","","67","5","2020","6","39.948481","-75.186145","0031","6","0","0","0","0","0","0","0","0","","0","0","0","","","0","N","0","","39 56:54.532","","0","75 11:10.123","0","0","0","0","67301","0","0","0","Y","0","0","0","1","68K01","0","","3.0","","9","N","N","N","0","","0","0","0","","0","","","1","0","0","0","0","0","0","2","0","1","","07","","N","","","","","","","","","",""
"2020015749","1630","0","0","0","0","0","0","1","0","0","8","1","","67","2","2020","2","39.95161","-75.163656","1600","6","0","0","0","0","0","0","0","0","","0","0","0","","","1","","2","","39 57:05.795","","0","75 09:49.162","3","0","0","0","67301","1","0","0","N","1","0","0","2","67301","0","","1.0","","9","N","N","N","0","","1","0","0","","2","","","2","1","0","0","0","0","1","2","0","1","","","","N","","","","","","","","","",""
"2020034127","2058","1","0","0","0","0","0","0","0","0","4","0","","67","4","2020","3","39.980165","-75.269272","2044","6","0","0","0","0","0","0","0","0","","0","0","0","","","0","","1","","39 58:48.595","","0","75 16:09.378","0","0","0","0","67301","0","0","0","N","0","0","0","3","67301","0","","1.0","","1","N","N","N","0","","0","0","1","","2","","","2","0","0","0","0","0","0","2","0","2","","03","","N","","","","","","","","","",""
"2020033595","1845","1","0","0","0","0","0","0","0","0","8","0","","67","3","2020","4","40.037664","-75.142033","1845","6","0","0","0","0","0","0","0","0","","0","0","0","","","1","N","0","","40 02:15.590","","7","75 08:31.320","8","0","0","0","67301","1","0","0","N","1","0","0","2","67301","0","","9.0","","1","N","N","N","0","","0","0","0","","0","","","2","1","0","0","0","1","0","2","0","1","","03","","N","","","","","","","","","",""
"2020035214","1914","1","0","0","0","0","0","1","0","0","4","1","","67","2","2020","6","39.987212","-75.094912","1907","6","0","1","0","0","0","0","0","0","","0","0","0","","","1","","1","","39 59:13.963","","0","75 05:41.683","8","0","0","0","67301","0","0","0","N","0","0","0","2","67301","0","","1.0","","1","N","N","N","0","","0","0","0","","3","","","2","1","0","0","0","1","0","2","0","2","","03","","N","","","","","","","","","",""
"2020034364","0939","1","0","0","0","0","0","0","0","0","5","0","","67","3","2020","3","39.981074","-75.206668","0939","6","0","0","0","0","0","1","0","0","","0","0","0","","","1","N","0","","39 58:51.866","3","0","75 12:24.005","8","0","0","0","67301","0","0","0","N","0","0","0","3","68K01","0","","1.0","1030.0","9","N","N","N","0","","0","0","0","","8","N","","2","1","0","0","0","1","0","2","1","2","","","","N","","","","","","","","","",""
"2020034572","2232","1","0","0","0","0","0","0","0","0","1","0","","67","4","2020","4","39.978793","-75.203215","2227","6","0","0","0","0","0","1","0","0","","0","0","0","","","2","N","0","","39 58:43.656","3","0","75 12:11.574","4","0","0","0","67301","0","0","0","N","0","0","0","4","68K01","1","","1.0","45.0","1","N","N","N","1","","0","0","1","","0","N","","3","2","0","0","0","1","0","2","0","3","","","","N","","","","","","","","","",""
"2020015484","1416","1","0","0","0","0","0","0","0","0","4","0","","67","2","2020","6","40.020858","-75.148713","1414","6","0","0","0","1","0","0","0","0","","0","0","0","","","1","","2","","40 01:15.088","","0","75 08:55.365","3","0","0","0","67301","0","0","0","N","0","0","0","1","67301","0","","1.0","","9","N","N","N","0","","1","0","0","","0","","","2","1","0","0","0","0","0","2","0","2","","03","","N","","","","","","","","","",""
"2020037174","1410","1","0","0","0","0","0","0","0","0","8","0","","67","5","2020","4","40.032902","-75.063479","1401","6","0","0","0","0","0","0","0","0","","0","0","0","","","1","N","0","","40 01:58.446","1","0","75 03:48.525","8","0","0","0","67301","1","0","0","N","1","0","0","2","67301","0","","1.0","1500.0","9","N","N","N","0","","0","0","0","","0","N","","2","1","0","0","0","1","0","2","0","1","","","","N","","","","","","","","","",""
"2020034196","1633","0","0","0","0","0","0","0","0","0","7","1","","67","4","2020","2","40.033246","-75.020264","1625","6","0","0","0","0","0","0","0","0","","0","1","0","","","1","N","0","","40 01:59.684","1","0","75 01:12.949","8","0","0","0","67301","0","0","0","N","0","0","0","1","68K01","0","","2.0","200.0","9","N","N","N","0","","0","0","0","","0","N","","1","1","0","0","0","1","0","2","0","1","","","","N","","","","","","","","","",""
"2020034071","1449","0","0","0","0","0","0","0","0","0","2","0","","67","4","2020","2","40.035795","-75.017164","1437","6","0","0","0","0","0","0","0","0","","0","0","0","","","0","N","0","","40 02:08.862","","0","75 01:01.789","0","0","0","0","67301","0","0","0","N","0","0","0","1","68K01","0","","2.0","","9","N","N","N","0","","0","0","1","","0","","","1","0","0","0","0","0","0","2","0","1","","","","N","","","","","","","","","",""
"2020034253","2338","1","0","0","0","0","0","0","0","0","5","0","","67","4","2020","1","39.959995","-75.181363","2334","6","0","0","0","0","0","0","0","0","","0","0","0","","","0","N","0","","39 57:35.983","3","0","75 10:52.908","9","0","0","0","67301","0","0","0","N","0","0","0","2","68K01","0","","1.0","2345.0","1","N","N","N","0","","0","0","0","","0","N","","2","0","0","0","0","0","1","2","0","2","","","","N","","","","","","","","","",""
"2020036586","1031","0","0","0","0","0","0","0","0","0","7","1","","67","3","2020","2","39.960105","-75.180504","1028","6","0","0","0","0","0","0","0","0","","0","1","0","","","0","N","0","","39 57:36.378","3","0","75 10:49.815","0","0","0","0","67301","0","0","0","N","0","0","0","1","68K01","0","","4.0","1200.0","9","N","N","N","0","","0","0","0","","0","Y","","1","0","0","0","0","0","0","2","0","1","","","","N","","","","","","","","","",""
"2020034240","2306","2","0","0","0","0","0","0","0","0","5","0","","67","3","2020","5","40.00006","-75.079783","2257","6","0","0","0","0","0","0","0","0","","0","0","0","","","2","N","0","","40 00:00.215","","0","75 04:47.219","3","0","0","0","67301","0","0","0","N","0","0","0","3","68K01","0","","1.0","","1","N","N","N","0","","2","0","0","","0","","","2","2","0","0","0","0","0","2","0","2","","03","","N","","","","","","","","","",""
"2020035275","0940","1","0","0","0","0","0","0","0","0","4","1","","67","4","2020","2","39.992957","-75.110258","0937","6","0","0","0","0","0","2","0","0","","0","1","0","","","2","","1","","39 59:34.645","3","0","75 06:36.928","4","0","0","0","67301","0","0","0","N","0","0","0","4","67301","2","","1.0","1045.0","1","N","N","N","0","","0","0","0","","2","N","","3","2","0","0","0","0","0","2","1","3","","04","","N","","","","","","","","","",""
"2020016419","0707","1","0","0","0","0","0","0","0","0","1","0","","67","2","2020","3","39.967005","-75.13353","0655","6","0","0","0","0","0","0","0","0","","0","0","0","","","0","N","0","","39 58:01.218","1","0","75 08:00.709","0","0","0","0","67301","0","0","0","N","0","0","0","2","68K01","0","","1.0","700.0","9","N","N","N","0","","0","0","1","","0","N","","2","0","0","0","0","0","0","2","0","2","","","","N","","","","","","","","","",""
"2020037634","1015","1","0","0","0","0","0","0","0","0","1","0","","67","4","2020","6","39.960124","-75.179889","1009","6","0","0","0","0","0","0","0","0","","0","0","0","","","0","N","0","","39 57:36.446","4","0","75 10:47.599","9","0","0","0","67301","0","0","0","N","0","0","0","2","68K01","0","","1.0","1020.0","9","N","N","N","1","","0","0","0","","0","N","","2","0","1","0","0","0","1","2","0","2","","07","","N","","","","","","","","","",""
"2020038962","1647","2","0","0","0","0","0","0","0","0","1","0","","67","5","2020","5","39.959349","-75.173614","1632","6","0","0","0","0","0","0","0","0","","0","0","0","","","1","N","0","","39 57:33.657","4","0","75 10:25.012","8","0","0","0","67301","0","0","0","N","0","0","0","4","68K01","0","","1.0","1720.0","1","N","N","N","0","","0","0","0","","0","N","","2","1","0","0","0","1","0","2","0","2","","03","","N","","","","","","","","","",""
"2020037927","1545","2","0","0","0","0","0","0","0","0","4","0","","67","5","2020","1","39.962896","-75.201892","1545","6","0","0","0","0","0","0","0","0","","0","0","0","","","0","N","0","","39 57:46.426","","0","75 12:06.810","0","0","0","0","67301","0","0","0","N","0","0","0","0","67301","0","","6.0","","1","N","N","N","0","","0","0","1","","0","","","3","0","0","0","0","0","0","2","0","3","","","","N","","","","","","","","","",""
"2020040155","2241","1","0","0","0","0","0","0","0","0","1","1","","67","5","2020","5","39.899477","-75.163928","2239","6","0","0","0","0","1","0","0","0","","0","1","0","","","1","N","0","","39 53:58.117","","0","75 09:50.139","3","0","0","0","67301","0","0","0","N","0","0","0","2","68K01","0","","1.0","","1","N","N","N","0","","1","0","0","","0","","","2","1","0","0","0","0","0","2","0","2","","","","N","","","","","","","","","",""
"2020036596","2137","1","0","0","0","0","0","0","0","0","1","0","","67","4","2020","2","39.934243","-75.14494","2133","6","0","0","0","0","1","0","0","0","","0","0","0","","","1","N","0","","39 56:03.273","1","0","75 08:41.783","4","0","0","0","67301","0","0","0","N","0","0","0","2","68K01","1","","1.0","2230.0","1","N","N","N","0","","0","0","1","","0","N","","2","1","0","0","0","0","0","2","0","2","","03","","N","","","","","","","","","",""
"2020038518","0135","1","0","0","0","0","0","0","0","0","7","0","","67","5","2020","1","39.959906","-75.140816","0135","6","0","0","0","0","0","0","0","0","","0","0","0","","","0","N","0","","39 57:35.660","2","0","75 08:26.939","0","0","0","0","67301","0","0","0","N","0","0","0","1","68K01","0","","4.0","152.0","1","N","N","N","0","","0","0","0","","0","N","","1","0","0","0","0","0","0","2","0","1","","","","N","","","","","","","","","",""
"2020017657","0654","0","0","0","0","0","0","1","0","0","8","1","","67","1","2020","5","40.043679","-75.149791","0653","6","0","0","0","0","0","1","0","0","","0","0","0","","","1","","1","","40 02:37.244","","0","75 08:59.247","3","0","0","0","67301","1","0","0","N","1","0","0","4","67301","0","","1.0","","1","Y","N","N","0","","1","0","0","","2","","","2","1","0","0","0","0","0","2","0","1","","03","","N","","","","","","","","","",""
"2020037863","1625","1","0","0","0","0","0","0","0","0","5","0","","67","5","2020","7","40.024078","-75.220706","1609","6","0","0","0","0","0","0","1","0","","0","0","0","","","1","N","0","","40 01:26.680","","0","75 13:14.540","4","0","0","0","67301","0","0","0","N","0","0","0","2","67301","1","","5.0","","1","N","N","N","1","","0","0","0","","0","","","2","1","0","0","0","0","0","2","0","2","","03","","N","","","","","","","","","",""
"2020034046","0928","0","0","0","0","0","0","0","0","0","7","1","","67","4","2020","5","39.980311","-75.10516","0917","6","0","0","0","0","0","1","0","0","","0","1","0","","","0","N","0","","39 58:49.118","","0","75 06:18.577","0","0","0","0","67301","0","0","0","N","0","0","0","2","68K01","0","","2.0","","9","N","N","N","1","","0","0","0","","0","","","2","0","0","0","0","0","0","2","0","2","","","","N","","","","","","","","","",""
"2020018344","1921","1","0","0","0","0","0","0","0","0","1","0","","67","1","2020","7","40.043474","-75.002801","1908","6","0","0","0","0","0","1","0","0","","0","0","0","","","1","N","0","","40 02:36.507","","0","75 00:10.084","3","0","0","0","67301","0","0","0","N","0","0","0","6","68K01","0","","1.0","","9","N","N","N","0","","1","0","1","","0","","","2","1","0","0","0","0","0","2","0","2","","07","","N","","","","","","","","","",""
"2020037535","1101","1","0","0","0","0","0","0","0","0","2","1","","67","3","2020","7","39.886182","-75.242872","1046","6","0","0","0","0","0","0","1","0","","0","1","0","","","1","N","0","","39 53:10.254","1","0","75 14:34.339","8","0","0","0","67301","0","0","0","N","0","0","0","2","68K01","0","","1.0","1137.0","9","N","N","N","0","","0","0","0","","0","N","","2","1","0","0","0","1","0","2","0","2","","","","N","","","","","","","","","",""
"2020040381","0517","2","1","0","0","0","0","0","0","0","7","0","","67","4","2020","5","40.0041","-75.076891","0457","6","0","0","0","0","0","1","0","0","","1","0","0","","","0","N","0","","40 00:14.759","2","0","75 04:36.808","1","0","0","0","67301","0","0","0","N","0","0","0","2","68K01","0","1","3.0","700.0","1","N","N","N","0","0","0","0","0","","0","Y","","2","0","0","0","0","0","0","2","0","2","","03","","N","","","","","","","","","",""
"2020037092","2339","2","0","0","0","0","0","0","0","0","1","0","","67","5","2020","4","39.883638","-75.251633","2325","6","0","0","0","0","0","0","0","0","","0","0","0","","","1","","2","","39 53:01.097","","0","75 15:05.879","3","0","0","0","67301","0","0","0","N","0","0","0","1","67301","0","","1.0","","9","N","N","N","0","","1","0","0","","2","","","2","1","0","0","0","0","0","2","0","2","","98","","N","","","","","","","","","",""
"2020037328","0542","0","0","0","0","0","0","0","0","0","5","1","","67","5","2020","6","39.908861","-75.150889","0539","6","0","0","0","0","0","1","0","0","","0","1","0","","","0","N","0","","39 54:31.900","3","3","75 09:03.200","0","0","0","0","67301","0","0","0","N","0","0","0","2","67501","0","","1.0","622.0","1","N","N","Y","0","","0","0","1","","0","N","","2","0","0","0","0","0","0","2","0","2","","03","","N","","","","","","","","","",""
"2020019051","1700","2","0","0","0","0","0","0","0","0","1","0","","67","2","2020","4","40.039925","-75.016215","1653","6","0","0","0","0","0","0","0","0","","0","0","0","","","0","Y","1","","40 02:23.729","","0","75 00:58.373","0","0","0","0","67301","0","0","0","N","0","0","0","3","67301","0","","1.0","","1","N","N","N","0","","0","0","0","","0","","","2","0","0","0","0","0","0","2","0","2","","03","","N","","","","","","","","","",""
"2020037642","1622","1","0","0","0","0","0","0","0","0","7","0","","67","4","2020","5","40.009602","-75.064906","1622","6","0","0","0","0","0","0","0","0","","0","0","0","","","2","N","0","","40 00:34.568","1","0","75 03:53.661","8","0","0","0","67301","0","0","0","N","0","0","0","2","68K01","0","","1.0","1645.0","1","N","N","N","0","","0","0","0","","0","Y","","1","2","0","0","0","2","0","2","0","1","","04","","N","","","","","","","","","",""
"2020018013","0815","2","0","0","0","0","0","0","0","0","4","0","","67","2","2020","2","40.062606","-75.152022","0815","6","0","0","0","0","1","1","0","0","","0","0","0","","","1","N","0","","40 03:45.380","2","0","75 09:07.280","3","0","0","0","67301","0","0","0","N","0","0","0","3","67301","0","","1.0","30.0","1","N","N","N","0","","1","0","0","","0","N","","2","1","0","0","0","0","1","2","0","2","","03","","N","","","","","","","","","",""
"2020039354","0037","2","0","0","0","0","0","0","0","0","2","0","","67","5","2020","2","39.917938","-75.210822","0026","6","0","0","0","0","0","0","0","0","","0","0","0","","","2","N","0","","39 55:04.575","4","0","75 12:38.958","3","0","0","0","67301","0","0","0","N","0","0","0","3","67301","0","","1.0","100.0","1","N","N","N","0","","2","0","0","","0","Y","","2","2","0","0","0","0","0","2","0","2","","03","","N","","","","","","","","","",""
"2020017711","0939","0","0","0","0","0","0","0","0","0","8","0","","67","2","2020","7","39.947778","-75.227428","0937","6","0","0","0","0","0","0","0","0","","0","0","0","","","1","","1","","39 56:52.000","4","0","75 13:38.740","3","0","0","0","67301","1","0","0","N","1","0","0","1","67301","0","","1.0","15.0","1","N","N","N","0","","1","0","0","","2","N","","2","1","0","0","0","0","0","2","0","1","","03","","N","","","","","","","","","",""
"2020037547","0640","1","0","0","0","0","0","0","0","0","1","0","","67","4","2020","5","39.959989","-75.178695","0633","6","0","0","0","0","0","0","0","0","","0","0","0","","","2","N","0","","39 57:35.959","","0","75 10:43.301","4","0","0","0","67301","0","0","0","N","0","0","0","5","68K01","2","","1.0","","1","N","N","N","0","","0","0","2","","0","","","3","2","0","0","0","0","0","2","0","3","","","","N","","","","","","","","","",""
"2020037373","1447","4","0","0","0","0","0","0","0","0","5","0","","67","5","2020","6","40.004946","-75.152188","1447","6","0","0","0","0","0","1","0","0","","0","0","0","","","0","N","0","","40 00:17.806","2","0","75 09:07.877","0","0","0","0","67301","0","0","0","N","0","0","0","3","67505","0","","6.0","1530.0","9","N","N","N","0","","0","0","0","","0","N","","4","0","0","0","0","0","0","2","0","4","","07","","N","","","","","","","","","",""
"2020036591","1733","1","0","0","0","0","0","0","0","0","1","1","","67","3","2020","7","39.960076","-75.179468","1727","6","0","0","0","0","0","0","0","1","","0","1","0","","","3","N","0","","39 57:36.275","4","0","75 10:46.086","8","0","0","0","67301","0","0","0","N","0","0","0","10","68K01","0","","1.0","1810.0","9","N","N","N","0","","0","0","2","","0","N","","4","3","0","0","0","3","0","2","0","4","","07","","N","","","","","","","","","",""
"2020037754","0855","0","0","0","0","0","0","0","0","0","7","1","","67","5","2020","6","40.033661","-75.019901","0852","6","0","0","0","0","0","1","0","0","","0","1","0","","","1","N","0","","40 02:01.181","1","0","75 01:11.644","3","0","0","0","67301","0","0","0","N","0","0","0","1","68K01","0","","2.0","20.0","9","N","N","N","0","","1","0","0","","0","N","","1","1","1","0","0","0","0","2","0","1","","","","N","","","","","","","","","",""
"2020036723","1335","0","0","0","0","0","0","0","0","0","1","0","","67","4","2020","6","39.898699","-75.180674","1325","6","0","0","0","0","0","1","0","0","","0","0","0","","","0","N","0","","39 53:55.315","","0","75 10:50.425","0","0","0","0","67301","0","0","0","N","0","0","0","2","68K01","0","","1.0","","9","N","N","N","1","","0","0","1","","0","","","2","0","1","0","0","0","0","2","0","2","","","","N","","","","","","","","","",""
"2020038213","0500","1","0","0","0","0","0","0","0","0","0","0","","67","4","2020","4","39.980928","-75.20648","0454","6","0","0","0","0","0","0","0","0","","0","0","0","","","0","N","0","","39 58:51.341","","0","75 12:23.328","0","0","0","0","67301","0","0","0","N","0","0","0","1","68K01","0","","1.0","","1","N","N","N","0","","0","0","0","","0","","","1","0","0","0","0","0","0","2","0","1","","03","","N","","","","","","","","","",""
"2020038222","1952","1","0","0","0","0","0","0","0","0","7","0","","67","4","2020","5","39.886641","-75.242598","1934","6","0","0","0","0","0","0","0","0","","0","0","0","","","0","N","0","","39 53:11.906","","0","75 14:33.352","0","0","0","0","67301","0","0","0","N","0","0","0","1","68K01","0","","5.0","","9","N","N","N","0","","0","0","0","","0","","","1","0","0","0","0","0","0","2","0","1","","04","","N","","","","","","","","","",""
"2020038930","1405","0","0","0","0","0","0","0","0","0","7","1","","67","4","2020","1","39.887475","-75.215678","1355","6","0","0","0","0","0","0","0","0","","0","1","0","","","0","N","0","","39 53:14.910","2","0","75 12:56.440","0","0","0","0","67301","0","0","0","Y","0","0","0","1","68K01","0","","2.0","1530.0","9","N","N","N","0","","0","0","0","","0","N","","1","0","0","0","0","0","0","2","0","1","","","","N","","","","","","","","","",""
"2020038625","1300","2","0","0","0","0","0","0","0","0","4","0","","67","5","2020","1","40.024181","-75.147878","1258","6","0","0","0","0","0","0","0","0","","0","0","0","","","0","N","0","","40 01:27.050","2","7","75 08:52.360","0","0","0","0","67301","0","0","0","N","0","0","0","2","67301","0","","1.0","1310.0","1","N","N","N","0","","0","0","0","","0","Y","","2","0","0","0","0","0","0","2","0","2","","","","N","","","","","","","","","",""
"2020036874","2117","1","0","0","0","0","0","0","0","0","1","0","","67","4","2020","4","39.885484","-75.243621","2112","6","0","0","0","0","0","0","0","0","","0","0","0","","","0","N","0","","39 53:07.741","","0","75 14:37.037","9","0","0","0","67301","0","0","0","N","0","0","0","2","68K01","0","","1.0","","1","N","N","N","0","","0","0","0","","0","","","2","0","0","0","0","0","1","2","0","2","","03","","N","","","","","","","","","",""
"2020036391","1335","1","0","0","0","0","0","0","0","0","4","0","","67","5","2020","1","40.028019","-75.210007","1331","6","0","0","0","0","0","0","0","0","","0","0","0","","","1","","2","","40 01:40.868","","0","75 12:36.024","3","0","0","1","67301","0","0","0","N","0","0","0","2","67301","0","","1.0","","1","N","N","N","0","","1","0","0","","3","","","2","1","0","0","0","0","0","2","0","2","","03","","N","","","","","","","","","",""
"2020038034","2350","0","0","0","0","0","0","0","0","0","5","0","","67","5","2020","1","40.020831","-75.143739","2341","6","0","0","0","0","0","0","0","0","","0","0","0","","","0","N","0","","40 01:14.990","","0","75 08:37.460","0","0","0","0","67301","0","0","0","N","0","0","0","2","67301","0","","1.0","","1","N","N","N","0","","0","0","2","","9","U","","2","0","0","0","0","0","0","2","0","2","","03","","N","","","","","","","","","",""
"2020037339","1832","1","0","0","0","0","0","0","0","0","1","0","","67","4","2020","3","39.979878","-75.1066","1825","6","0","0","0","0","0","2","0","0","","0","0","0","","","1","N","0","","39 58:47.559","","0","75 06:23.761","4","0","0","0","67301","0","0","0","N","0","0","0","3","68K01","1","","1.0","","1","N","N","N","0","","0","0","1","","8","","","3","1","0","0","0","0","0","2","1","3","","","","N","","","","","","","","","",""
"2020038564","0147","1","0","0","0","0","0","0","0","0","4","0","","67","5","2020","7","39.904061","-75.240291","0137","6","0","0","0","0","0","0","0","0","","0","0","0","","","2","","1","","39 54:14.619","","0","75 14:25.049","3","0","0","0","67301","0","0","0","N","0","0","0","2","67301","0","","1.0","","9","N","N","N","0","","2","0","1","","2","","","2","2","0","0","0","0","0","2","0","2","","07","","N","","","","","","","","","",""
"2020017817","1155","2","0","0","0","0","0","0","0","0","4","0","","67","2","2020","1","40.095953","-74.976781","1149","6","0","0","0","0","1","1","0","0","","0","0","0","","","2","","1","","40 05:45.430","","0","74 58:36.413","3","0","0","0","67301","0","0","0","N","0","0","0","3","67301","0","","1.0","","1","N","N","N","0","","2","0","0","","2","","","2","2","0","0","0","0","0","2","0","2","","","","N","","","","","","","","","",""
"2020038726","2231","3","0","0","0","0","0","0","0","0","7","1","","67","4","2020","5","40.03603","-75.015948","2221","6","0","0","0","0","0","0","0","0","","0","1","0","","","3","N","0","","40 02:09.709","1","0","75 00:57.411","4","0","0","0","67301","0","0","0","N","0","0","0","8","68K01","3","","2.0","308.0","9","N","N","N","2","","0","0","1","","0","Y","","7","3","0","0","0","0","0","2","0","7","","","","N","","","","","","","","","",""
"2020037675","1111","1","0","0","0","0","0","0","0","0","5","0","","67","5","2020","3","40.017092","-75.138361","1111","6","0","0","0","0","0","1","0","0","","0","0","0","","","0","N","0","","40 01:01.530","","0","75 08:18.100","0","0","0","0","67301","0","0","0","N","0","0","0","2","67301","0","","9.0","","1","N","N","N","0","","0","0","1","","9","U","","2","0","1","0","0","0","0","2","0","2","","03","","N","","","","","","","","","",""
"2020018665","1605","0","0","0","0","0","0","1","0","0","5","1","","67","2","2020","3","40.094847","-75.030796","1558","6","0","0","0","0","0","0","1","0","","0","0","0","","","0","N","0","","40 05:41.448","","0","75 01:50.864","0","0","0","0","67301","0","0","0","N","0","0","0","2","67301","0","","1.0","","1","Y","N","N","0","","0","0","1","","0","","","2","0","0","0","0","0","0","2","0","2","","03","","N","","","","","","","","","",""
"2020039776","2145","3","0","0","0","0","0","0","0","0","2","0","","67","5","2020","2","39.959897","-75.241194","2145","6","0","0","0","0","0","0","0","0","","0","0","0","","","0","N","0","","39 57:35.630","","0","75 14:28.300","0","0","0","0","67301","0","0","0","N","0","0","0","2","67301","0","","9.0","","1","N","N","N","0","","0","0","1","","0","","","4","0","0","0","0","0","0","2","0","4","","","","N","","","","","","","","","",""
"2020037537","1025","0","0","0","0","0","0","0","0","0","5","1","","67","4","2020","4","40.006202","-75.07462","1015","6","0","0","0","0","0","0","0","0","","0","1","0","","","2","N","0","","40 00:22.327","2","0","75 04:28.631","4","0","0","0","67301","0","0","0","N","0","0","0","2","68K01","1","","1.0","45.0","1","N","N","N","0","","0","0","1","","0","N","","2","2","0","0","0","1","0","2","0","2","","03","","N","","","","","","","","","",""