"CRN","ARRIVAL_TM","AUTOMOBILE_COUNT","BELTED_DEATH_COUNT","BELTED_SUSP_SERIOUS_INJ_COUNT","BICYCLE_COUNT","BICYCLE_DEATH_COUNT","BICYCLE_SUSP_SERIOUS_INJ_COUNT","BUS_COUNT","CHLDPAS_DEATH_COUNT","CHLDPAS_SUSP_SERIOUS_INJ_COUNT","COLLISION_TYPE","COMM_VEH_COUNT","CONS_ZONE_SPD_LIM","COUNTY","CRASH_MONTH","CRASH_YEAR","DAY_OF_WEEK","DEC_LATITUDE","DEC_LONGITUDE","DISPATCH_TM","DISTRICT","DRIVER_COUNT_16YR","DRIVER_COUNT_17YR","DRIVER_COUNT_18YR","DRIVER_COUNT_19YR","DRIVER_COUNT_20YR","DRIVER_COUNT_50_64YR","DRIVER_COUNT_65_74YR","DRIVER_COUNT_75PLUS","EST_HRS_CLOSED","FATAL_COUNT","HEAVY_TRUCK_COUNT","HORSE_BUGGY_COUNT","HOUR_OF_DAY","ILLUMINATION","INJURY_COUNT","INTERSECTION_RELATED","INTERSECT_TYPE","LANE_CLOSED","LATITUDE","LN_CLOSE_DIR","LOCATION_TYPE","LONGITUDE","MAX_SEVERITY_LEVEL","MCYCLE_DEATH_COUNT","MCYCLE_SUSP_SERIOUS_INJ_COUNT","MOTORCYCLE_COUNT","MUNICIPALITY","NONMOTR_COUNT","NONMOTR_DEATH_COUNT","NONMOTR_SUSP_SERIOUS_INJ_COUNT","NTFY_HIWY_MAINT","PED_COUNT","PED_DEATH_COUNT","PED_SUSP_SERIOUS_INJ_COUNT","PERSON_COUNT","POLICE_AGCY","POSSIBLE_INJ_COUNT","RDWY_SURF_TYPE_CD","RELATION_TO_ROAD","ROADWAY_CLEARED","ROAD_CONDITION","SCH_BUS_IND","SCH_ZONE_IND","SECONDARY_CRASH","SMALL_TRUCK_COUNT","SPEC_JURIS_CD","SUSP_MINOR_INJ_COUNT","SUSP_SERIOUS_INJ_COUNT","SUV_COUNT","TCD_FUNC_CD","TCD_TYPE","TFC_DETOUR_IND","TIME_OF_DAY","TOTAL_UNITS","TOT_INJ_COUNT","UNBELTED_OCC_COUNT","UNB_DEATH_COUNT","UNB_SUSP_SERIOUS_INJ_COUNT","UNK_INJ_DEG_COUNT","UNK_INJ_PER_COUNT","URBAN_RURAL","VAN_COUNT","VEHICLE_COUNT","WEATHER1","WEATHER2","WORKERS_PRES","WORK_ZONE_IND","WORK_ZONE_LOC","WORK_ZONE_TYPE","WZ_CLOSE_DETOUR","WZ_FLAGGER","WZ_LAW_OFFCR_IND","WZ_LN_CLOSURE","WZ_MOVING","WZ_OTHER","WZ_SHLDER_MDN","WZ_WORKERS_INJ_KILLED"
"2020041043","0110","2","0","0","0","0","0","0","0","0","1","0","","67","5","2020","7","39.899012","-75.167715","0110","6","0","0","0","0","0","0","0","0","","0","0","0","","","4","N","0","","39 53:56.444","","0","75 10:03.774","4","0","0","0","67301","0","0","0","N","0","0","0","4","68K01","1","","1.0","","1","N","N","Y","0","","0","0","0","","0","","","2","4","0","0","0","3","0","2","0","2","","","","N","","","","","","","","","",""
"2020039818","2039","0","0","0","0","0","0","0","0","0","0","0","","67","4","2020","7","39.892507","-75.197491","2033","6","0","0","0","0","0","0","0","0","","0","0","0","","","0","N","0","","39 53:33.026","1","3","75 11:50.968","0","0","0","0","67301","0","0","0","N","0","0","0","2","68K01","0","","1.0","20.0","1","N","N","N","0","","0","0","1","","0","N","","1","0","0","0","0","0","0","2","0","1","","","","N","","","","","","","","","",""
"2020038037","1404","2","0","0","0","0","0","0","0","0","4","0","","67","5","2020","1","40.017689","-75.150051","1400","6","0","0","0","0","0","0","0","0","","0","0","0","","","2","N","0","","40 01:03.681","3","7","75 09:00.185","3","0","0","0","67301","0","0","0","N","0","0","0","4","67301","0","","1.0","1450.0","1","N","N","N","0","","2","0","0","","0","Y","","2","2","1","0","0","0","0","2","0","2","","","","N","","","","","","","","","",""
"2020037388","0114","1","0","0","0","0","0","0","0","0","7","0","","67","5","2020","6","39.935391","-75.142287","0112","6","0","0","0","0","0","1","0","0","","0","0","0","","","1","N","0","","39 56:07.407","","0","75 08:32.233","8","0","0","0","67301","0","0","0","N","0","0","0","1","67301","0","","4.0","","1","N","N","N","0","","0","0","0","","0","","","1","1","0","0","0","1","0","2","0","1","","03","","N","","","","","","","","","",""
"2020038264","0910","2","0","0","0","0","0","0","0","0","5","0","","67","5","2020","5","39.94381","-75.142965","0910","6","0","0","0","0","0","0","1","0","","0","0","0","","","1","N","0","","39 56:37.716","","0","75 08:34.675","3","0","0","0","67301","0","0","0","N","0","0","0","2","68K01","0","","1.0","","1","N","N","N","0","","1","0","0","","0","","","2","1","0","0","0","0","0","2","0","2","","","","N","","","","","","","","","",""
"2020037113","1304","0","0","0","0","0","0","0","0","0","1","0","","67","3","2020","2","39.96049","-75.181309","1258","6","0","0","0","0","0","0","1","0","","0","0","0","","","0","N","0","","39 57:37.764","","0","75 10:52.711","0","0","0","0","67301","0","0","0","N","0","0","0","2","68K01","0","","1.0","","9","N","N","Y","0","","0","0","1","","0","","","2","0","0","0","0","0","0","2","1","2","","","","N","","","","","","","","","",""
"2020019223","2050","0","0","0","0","0","0","0","0","0","8","0","","67","2","2020","5","39.956647","-75.165993","2045","6","0","0","0","0","0","0","0","0","","0","0","0","","","1","","2","","39 57:23.929","","0","75 09:57.574","8","0","0","0","67301","1","0","0","N","1","0","0","2","67301","0","","1.0","","1","N","N","N","0","","0","0","0","","2","","","2","1","0","0","0","1","0","2","0","1","","03","","N","","","","","","","","","",""
"2020017364","2253","1","0","0","0","0","0","0","0","0","1","0","","67","2","2020","2","39.931939","-75.194008","2252","6","0","0","0","0","0","0","0","0","","0","0","0","","","1","N","0","","39 55:54.980","2","0","75 11:38.430","4","0","0","0","67301","0","0","0","N","0","0","0","1","67301","1","","1.0","2330.0","1","N","N","N","0","","0","0","1","","0","Y","","2","1","1","0","0","0","0","2","0","2","","","","N","","","","","","","","","",""
"2020038879","1730","1","0","0","0","0","0","0","0","0","4","0","","67","5","2020","2","39.987284","-75.156046","1728","6","0","0","0","0","0","1","0","0","","1","0","0","","","0","N","0","","39 59:14.223","2","0","75 09:21.764","1","1","0","1","67301","0","0","0","N","0","0","0","2","67301","0","2","1.0","2116.0","1","N","N","N","0","0","0","0","0","","0","Y","","2","0","1","0","0","0","1","2","0","2","","03","","N","","","","","","","","","",""
"2020018176","1700","0","0","0","0","0","0","0","0","0","8","0","","67","2","2020","3","39.949258","-75.157232","1700","6","0","0","0","0","0","0","0","0","","0","0","0","","","1","","2","","39 56:57.327","","0","75 09:26.036","2","0","0","0","67301","1","0","1","N","1","0","1","2","67301","0","","1.0","","1","N","N","N","0","","0","1","0","","2","","","2","1","0","0","0","0","1","2","0","1","","03","","N","","","","","","","","","",""
"2020038425","0914","1","0","0","0","0","0","0","0","0","4","0","","67","5","2020","3","39.90353","-75.150514","0912","6","0","0","0","0","0","0","0","0","","0","0","0","","","1","N","0","","39 54:12.707","2","0","75 09:01.849","8","0","0","0","67301","0","0","0","N","0","0","0","1","68K01","0","","2.0","915.0","1","N","N","N","0","","0","0","0","","0","N","","1","1","0","0","0","1","0","2","0","1","","","","N","","","","","","","","","",""
"2020040426","1828","1","0","0","0","0","0","0","0","0","1","0","","67","5","2020","4","39.9925","-75.078306","1828","6","0","0","0","0","0","0","1","0","","0","0","0","","","0","N","0","","39 59:33.000","3","3","75 04:41.900","0","0","0","0","67301","0","0","0","N","0","0","0","4","67501","0","","1.0","1944.0","1","N","N","N","1","","0","0","1","","7","N","","3","0","0","0","0","0","0","2","0","3","","03","","N","","","","","","","","","",""
"2020017950","2231","1","0","0","0","0","0","0","0","0","1","0","","67","2","2020","4","40.030156","-75.022128","2213","6","0","0","0","1","0","0","0","0","","0","0","0","","","0","N","0","","40 01:48.563","2","0","75 01:19.662","0","0","0","0","67301","0","0","0","N","0","0","0","3","68K01","0","","1.0","2315.0","9","N","N","N","0","","0","0","1","","0","N","","2","0","0","0","0","0","0","2","0","2","","07","","N","","","","","","","","","",""
"2020038380","1102","1","0","0","0","0","0","0","0","0","5","0","","67","5","2020","3","39.961594","-75.143242","1100","6","0","0","0","0","0","0","0","0","","0","0","0","","","1","N","0","","39 57:41.740","","0","75 08:35.670","3","0","0","0","67301","0","0","0","N","0","0","0","2","67301","0","","1.0","","1","N","N","N","0","","1","0","1","","0","","","2","1","0","0","0","0","0","2","0","2","","03","","N","","","","","","","","","",""
"2020036341","0258","1","0","0","0","0","0","0","0","0","8","0","","67","5","2020","2","39.969567","-75.22485","0252","6","0","0","0","0","0","0","0","0","","0","0","0","","","1","N","0","","39 58:10.440","","0","75 13:29.460","8","0","0","0","67301","1","0","0","N","1","0","0","1","67301","0","","4.0","","1","N","N","N","0","","0","0","0","","0","U","","2","1","0","0","0","1","0","2","0","1","","03","","N","","","","","","","","","",""
"2020037544","1945","1","0","0","0","0","0","0","0","0","1","0","","67","4","2020","1","39.959382","-75.173879","1945","6","0","0","0","0","0","0","0","0","","0","0","0","","","0","N","0","","39 57:33.775","","0","75 10:25.964","9","0","0","0","67301","0","0","0","N","0","0","0","2","68K01","0","","1.0","","9","N","N","N","0","","0","0","0","","0","","","2","0","0","0","0","0","1","2","0","2","","","","N","","","","","","","","","",""
"2020037724","0643","1","0","0","0","0","0","0","0","0","7","0","","67","5","2020","1","39.947111","-75.153361","0649","6","0","0","0","0","0","1","0","0","","0","0","0","","","0","N","0","","39 56:49.600","1","0","75 09:12.100","0","0","0","0","67301","0","0","0","N","0","0","0","1","67301","0","","4.0","727.0","1","N","N","N","0","","0","0","0","","2","N","","1","0","1","0","0","0","0","2","0","1","","03","","N","","","","","","","","","",""
"2020002083","1636","0","0","0","0","0","0","0","0","0","5","0","","67","1","2020","2","40.02755","-75.124083","1635","6","0","0","0","0","0","0","1","0","","0","0","0","","","2","N","0","","40 01:39.180","","0","75 07:26.700","8","0","0","0","67301","0","0","0","N","0","0","0","4","67301","0","","1.0","","99","N","N","N","1","","0","0","1","","0","","","2","2","0","0","0","2","0","2","0","2","","","","N","","","","","","","","","",""
"2020017591","0945","0","0","0","0","0","0","0","0","0","8","0","","67","1","2020","5","40.057881","-75.07295","0930","6","0","0","0","0","0","0","0","0","","0","0","0","","","1","N","0","","40 03:28.370","","0","75 04:22.620","3","0","0","0","67301","1","0","0","N","1","0","0","2","67301","0","","1.0","","1","N","N","N","0","","1","0","0","","0","","","2","1","0","0","0","0","1","2","0","1","","03","","N","","","","","","","","","",""
"2020038966","1826","2","0","0","0","0","0","0","0","0","2","0","","67","5","2020","6","39.983434","-75.158572","1825","6","0","0","0","0","1","0","1","0","","0","0","0","","","1","N","1","","39 59:00.364","4","0","75 09:30.860","8","0","0","0","67301","0","0","0","Y","0","0","0","3","67505","0","","1.0","1840.0","1","N","N","N","0","","0","0","0","","2","Y","","2","1","0","0","0","1","0","2","0","2","","03","","N","","","","","","","","","",""
"2020037635","1148","1","0","0","0","0","0","0","0","0","1","0","","67","4","2020","6","39.980721","-75.206182","1143","6","0","0","0","0","0","0","0","0","","0","0","0","","","2","N","0","","39 58:50.594","3","0","75 12:22.254","8","0","0","0","67301","0","0","0","N","0","0","0","3","68K01","0","","1.0","1200.0","9","N","N","N","0","","0","0","1","","0","N","","2","2","0","0","0","2","0","2","0","2","","07","","N","","","","","","","","","",""
"2020019221","1400","2","0","0","0","0","0","0","0","0","4","0","","67","2","2020","6","40.028662","-75.20553","1356","6","0","0","0","0","0","0","0","0","","0","0","0","","","0","","1","","40 01:43.183","1","0","75 12:19.909","0","0","0","0","67301","0","0","0","N","0","0","0","3","67301","0","","1.0","30.0","1","N","N","N","0","","0","0","0","","2","N","","2","0","0","0","0","0","0","2","0","2","","","","N","","","","","","","","","",""
"2020017414","0050","2","0","0","0","0","0","0","0","0","1","1","","67","2","2020","2","40.007907","-75.191804","0050","6","0","0","0","0","0","0","0","0","","0","1","0","","","0","N","0","","40 00:28.464","2","3","75 11:30.494","0","0","0","0","67301","0","0","0","N","0","0","0","3","67301","0","","1.0","320.0","1","N","N","N","0","","0","0","0","","0","N","","3","0","1","0","0","0","0","2","0","3","","","","N","","","","","","","","","",""
"2020038565","1656","2","0","0","0","0","0","0","0","0","4","0","","67","5","2020","4","40.018007","-75.0474","1643","6","0","0","0","0","0","0","0","0","","0","0","0","","","0","N","0","","40 01:04.824","4","0","75 02:50.641","0","0","0","0","67301","0","0","0","N","0","0","0","2","67301","0","","1.0","1733.0","1","N","N","Y","0","","0","0","0","","0","N","","2","0","0","0","0","0","0","2","0","2","","","","N","","","","","","","","","",""
"2020037530","0452","1","0","0","0","0","0","0","0","0","5","0","","67","3","2020","1","39.921208","-75.14808","0447","6","0","0","0","0","0","0","0","0","","0","0","0","","","1","N","0","","39 55:16.349","","0","75 08:53.088","4","0","0","0","67301","0","0","0","N","0","0","0","2","68K01","1","","1.0","","1","N","N","N","0","","0","0","0","","0","","","2","1","0","0","0","0","1","2","0","2","","","","N","","","","","","","","","",""
"2020036667","2026","1","0","0","0","0","0","0","0","0","4","0","","67","5","2020","2","40.063536","-75.169821","2024","6","0","0","0","0","0","0","0","0","","0","0","0","","","0","","1","","40 03:48.731","","0","75 10:11.355","0","0","0","0","67301","0","0","0","N","0","0","0","2","67301","0","","9.0","","1","N","N","N","0","","0","0","1","","2","","","2","0","0","0","0","0","0","2","0","2","","03","","N","","","","","","","","","",""
"2020040436","1848","2","0","0","0","0","0","0","0","0","4","0","","67","5","2020","4","39.976483","-75.163322","1845","6","0","0","0","0","0","0","0","0","","0","0","0","","","0","","1","","39 58:35.339","","0","75 09:47.960","0","0","0","0","67301","0","0","0","N","0","0","0","2","67301","0","","1.0","","1","N","N","N","0","","0","0","0","","2","","","2","0","0","0","0","0","0","2","0","2","","03","","N","","","","","","","","","",""
"2020019344","0833","2","0","0","0","0","0","0","0","0","1","0","","67","2","2020","4","39.973475","-75.233603","0828","6","0","0","0","0","0","0","0","0","","0","0","0","","","1","N","0","","39 58:24.510","","6","75 14:00.970","3","0","0","0","67301","0","0","0","N","0","0","0","1","67301","0","","1.0","","1","N","N","N","0","","1","0","0","","0","","","2","1","0","0","0","0","0","2","0","2","","03","","N","","","","","","","","","",""
"2020038351","1805","0","0","0","0","0","0","0","0","0","4","1","","67","5","2020","3","40.020873","-75.039629","1754","6","0","0","0","0","0","0","0","0","","0","1","0","","","0","","2","","40 01:15.142","2","0","75 02:22.665","0","0","0","0","67301","0","0","0","N","0","0","0","2","67301","0","","1.0","2000.0","1","N","N","N","0","","0","0","0","","2","Y","","2","0","0","0","0","0","0","2","1","2","","","","N","","","","","","","","","",""
"2020018360","1806","0","0","0","0","0","0","0","0","0","1","0","","67","1","2020","2","40.011076","-75.061902","1754","6","0","0","0","0","0","0","0","1","","0","0","0","","","1","N","0","","40 00:39.874","2","0","75 03:42.846","3","0","0","0","67301","0","0","0","N","0","0","0","2","68K01","0","","1.0","20.0","1","N","N","N","0","","1","0","2","","0","N","","2","1","0","0","0","0","0","2","0","2","","03","","N","","","","","","","","","",""
"2020036316","0633","2","0","0","0","0","0","0","0","0","4","0","","67","5","2020","2","39.955608","-75.18948","0625","6","0","0","0","0","0","0","0","0","","0","0","0","","","0","N","1","","39 57:20.190","4","0","75 11:22.129","0","0","0","0","67301","0","0","0","N","0","0","0","2","67507","0","","1.0","655.0","1","N","N","N","0","","0","0","0","","1","N","","2","0","0","0","0","0","0","2","0","2","","03","","N","","","","","","","","","",""
"2020018898","0930","3","0","0","0","0","0","0","0","0","1","0","","67","1","2020","3","39.95851","-75.166859","0928","6","0","0","0","0","1","1","0","0","","0","0","0","","","2","N","0","","39 57:30.635","4","0","75 10:00.692","4","0","0","0","67301","0","0","0","N","0","0","0","5","68K01","2","","1.0","30.0","1","N","N","N","0","","0","0","1","","0","N","","4","2","0","0","0","0","0","2","0","4","","","","N","","","","","","","","","",""
"2020036867","1219","1","0","0","0","0","0","0","0","0","7","0","","67","4","2020","1","39.959904","-75.179031","1214","6","0","0","0","0","0","0","0","0","","0","0","0","","","1","N","0","","39 57:35.655","","0","75 10:44.512","4","0","0","0","67301","0","0","0","N","0","0","0","1","68K01","1","","2.0","","9","N","N","N","0","","0","0","0","","0","","","1","1","0","0","0","0","0","2","0","1","","07","","N","","","","","","","","","",""
"2020039862","1456","2","0","0","0","0","0","0","0","0","1","0","","67","5","2020","1","39.965616","-75.186279","1451","6","0","0","0","1","0","0","0","0","","0","0","0","","","0","N","0","","39 57:56.216","3","0","75 11:10.605","0","0","0","0","67301","0","0","0","N","0","0","0","2","68K01","0","","1.0","1500.0","1","N","N","N","0","","0","0","0","","0","N","","2","0","0","0","0","0","0","2","0","2","","03","","N","","","","","","","","","",""
"2020039809","0957","1","0","0","0","0","0","0","0","0","7","0","","67","4","2020","7","39.980924","-75.206475","0957","6","0","0","0","0","0","0","0","0","","0","0","0","","","0","N","0","","39 58:51.327","3","0","75 12:23.309","0","0","0","0","67301","0","0","0","N","0","0","0","1","68K01","0","","4.0","1020.0","9","N","N","N","0","","0","0","0","","0","N","","1","0","0","0","0","0","0","2","0","1","","04","","N","","","","","","","","","",""
"2020017856","2044","1","0","0","0","0","0","0","0","0","4","0","","67","2","2020","7","40.039896","-75.077013","2016","6","0","0","0","0","0","2","0","0","","0","0","0","","","0","","1","","40 02:23.625","","0","75 04:37.247","0","0","0","0","67301","0","0","0","N","0","0","0","2","67301","0","","1.0","","1","N","N","N","0","","0","0","1","","2","","","2","0","0","0","0","0","0","2","0","2","","","","N","","","","","","","","","",""
"2020036790","0340","2","0","0","0","0","0","0","0","0","5","0","","67","5","2020","2","39.972515","-75.123536","0340","6","0","0","0","0","0","0","0","0","","0","0","0","","","0","","7","","39 58:21.055","","8","75 07:24.731","0","0","0","0","67301","0","0","0","N","0","0","0","2","67301","0","","1.0","","99","N","N","N","0","","0","0","0","","0","U","","2","0","0","0","0","0","0","2","0","2","","03","","N","","","","","","","","","",""
"2020039195","0129","0","0","0","0","0","0","0","0","0","5","0","","67","5","2020","1","39.957474","-75.229627","0128","6","0","0","0","0","0","0","0","0","","0","0","0","","","0","N","0","","39 57:26.905","","0","75 13:46.657","0","0","0","0","67301","0","0","0","N","0","0","0","1","67301","0","","1.0","","1","N","N","N","1","","0","0","1","","0","","","2","0","0","0","0","0","0","2","0","2","","","","N","","","","","","","","","",""
"2020035441","2252","1","0","1","0","0","0","0","0","0","1","1","","67","4","2020","5","39.906722","-75.138667","2252","6","0","0","0","0","0","0","0","0","","0","1","0","","","1","N","0","","39 54:24.200","3","3","75 08:19.200","2","0","0","0","67301","0","0","0","N","0","0","0","2","67501","0","","1.0","2344.0","9","N","N","Y","0","","0","1","0","","0","N","","2","1","0","0","0","0","0","2","0","2","","","","N","","","","","","","","","",""
"2020019176","1716","1","0","0","0","0","0","0","0","0","1","0","","67","1","2020","3","39.94687","-75.188155","1659","6","0","0","0","0","0","0","0","0","","0","0","0","","","1","N","0","","39 56:48.733","4","0","75 11:17.357","3","0","0","0","67301","0","0","0","N","0","0","0","2","68K01","0","","1.0","30.0","9","N","N","N","0","","1","0","1","","0","N","","2","1","0","0","0","0","0","2","0","2","","","","N","","","","","","","","","",""
"2020037753","0542","1","0","0","0","0","0","0","0","0","7","0","","67","5","2020","6","40.054204","-74.985844","0539","6","0","0","0","0","0","0","0","0","","0","0","0","","","0","N","0","","40 03:15.134","","0","74 59:09.037","0","0","0","0","67301","0","0","0","Y","0","0","0","1","68K01","0","","2.0","","9","N","N","N","0","","0","0","0","","0","","","1","0","0","0","0","0","0","2","0","1","","","","N","","","","","","","","","",""
"2020036492","1735","0","0","0","0","0","0","0","0","0","8","0","","67","4","2020","6","39.967403","-75.178634","1733","6","0","0","0","0","0","0","0","0","","0","0","0","","","1","","1","","39 58:02.652","","0","75 10:43.082","3","0","0","0","67301","1","0","0","N","1","0","0","2","67301","0","","1.0","","1","N","N","N","0","","1","0","1","","2","","","2","1","0","0","0","0","0","2","0","1","","03","","N","","","","","","","","","",""
"2020036587","1251","0","0","0","0","0","0","0","0","0","7","1","","67","3","2020","2","39.959969","-75.179526","1251","6","0","0","0","0","0","0","0","0","","0","1","0","","","0","N","0","","39 57:35.890","4","0","75 10:46.294","0","0","0","0","67301","0","0","0","N","0","0","0","1","68K01","0","","4.0","1400.0","9","N","N","N","0","","0","0","0","","0","N","","1","0","0","0","0","0","0","2","0","1","","","","N","","","","","","","","","",""
"2020041388","2137","2","0","0","0","0","0","0","0","0","1","0","","67","5","2020","5","39.979436","-75.108211","2137","6","0","0","0","0","0","0","0","0","","0","0","0","","","0","N","0","","39 58:45.971","2","0","75 06:29.561","0","0","0","0","67301","0","0","0","N","0","0","0","3","68K01","0","","1.0","2145.0","1","N","N","N","0","","0","0","0","","0","N","","2","0","0","0","0","0","0","2","0","2","","","","N","","","","","","","","","",""
"2020037172","1105","1","0","0","0","0","0","0","0","0","5","0","","67","5","2020","1","40.069981","-75.241994","1100","6","0","0","0","0","0","1","0","0","","0","1","0","","","0","N","0","","40 04:11.930","","99","75 14:31.180","0","0","0","0","67301","0","0","0","N","0","0","0","2","67301","0","","1.0","","1","N","N","N","0","","0","0","0","","0","","","2","0","0","0","0","0","0","2","0","2","","03","","N","","","","","","","","","",""
"2020039552","1557","2","0","0","0","0","0","0","0","0","5","0","","67","5","2020","2","39.981246","-75.206669","1551","6","0","0","0","0","0","0","0","0","","0","0","0","","","0","N","0","","39 58:52.485","4","0","75 12:24.010","9","0","0","0","67301","0","0","0","N","0","0","0","2","68K01","0","","4.0","1557.0","1","N","N","N","0","","0","0","0","","8","N","","2","0","0","0","0","0","1","2","0","2","","","","N","","","","","","","","","",""
"2020040129","0853","0","0","0","0","0","0","0","0","0","1","1","","67","4","2020","3","39.940618","-75.195438","0853","6","0","0","0","0","0","0","0","0","","0","1","0","","","0","N","0","","39 56:26.225","3","0","75 11:43.576","0","0","0","0","67301","0","0","0","N","0","0","0","2","68K01","0","","1.0","925.0","1","N","N","N","0","","0","0","1","","0","N","","2","0","0","0","0","0","0","2","0","2","","","","N","","","","","","","","","",""
"2020037640","1045","0","0","0","0","0","0","0","0","0","7","0","","67","4","2020","5","40.007102","-75.199956","1041","6","0","0","0","0","0","0","0","0","","0","0","0","","","0","N","0","","40 00:25.566","","0","75 11:59.842","0","0","0","0","67301","0","0","0","N","0","0","0","1","68K01","0","","1.0","","1","N","N","N","0","","0","0","1","","0","","","1","0","0","0","0","0","0","2","0","1","","03","","N","","","","","","","","","",""
"2020041949","0726","1","0","0","0","0","0","0","0","0","7","0","","67","4","2020","7","39.958158","-75.141231","0714","6","0","0","0","0","0","0","0","0","","0","0","0","","","0","N","0","","39 57:29.367","","0","75 08:28.431","0","0","0","0","67301","0","0","0","N","0","0","0","1","68K01","0","","4.0","","9","N","N","N","0","","0","0","0","","0","","","1","0","0","0","0","0","0","2","0","1","","","","N","","","","","","","","","",""
"2020039075","1039","2","0","0","0","0","0","0","0","0","4","0","","67","5","2020","7","39.986404","-75.169612","1038","6","0","0","0","0","0","0","0","0","","0","0","0","","","1","","1","","39 59:11.054","","0","75 10:10.603","4","0","0","0","67301","0","0","0","N","0","0","0","2","67301","1","","9.0","","1","N","N","N","0","","0","0","0","","2","","","2","1","0","0","0","0","1","2","0","2","","03","","N","","","","","","","","","",""
"2020006425","0006","3","0","0","0","0","0","0","0","0","1","0","","67","1","2020","7","39.946637","-75.198562","0004","6","0","0","0","0","0","0","0","0","","0","0","0","","","0","Y","0","","39 56:47.892","","0","75 11:54.824","0","0","0","0","67301","0","0","0","N","0","0","0","3","67504","0","","1.0","","1","N","N","N","0","","0","0","0","","0","","","3","0","0","0","0","0","0","2","0","3","","03","","N","","","","","","","","","",""
"2020018669","2354","3","0","0","0","0","0","0","0","0","5","0","","67","2","2020","7","39.944276","-75.244603","2345","6","0","0","0","0","0","0","0","0","","0","0","0","","","1","N","0","","39 56:39.395","2","0","75 14:40.569","3","0","0","0","67301","0","0","0","N","0","0","0","1","67301","0","","1.0","207.0","1","N","N","N","0","","1","0","1","","0","N","","4","1","1","0","0","0","0","2","0","4","","03","","N","","","","","","","","","",""
"2020036824","1133","3","0","0","0","0","0","0","0","0","4","0","","67","5","2020","3","40.035281","-75.025181","1131","6","0","1","0","0","0","0","1","0","","0","0","0","","","2","","1","","40 02:07.013","1","0","75 01:30.652","3","0","0","0","67301","0","0","0","N","0","0","0","3","67301","0","","1.0","1240.0","1","N","N","N","0","","2","0","0","","0","Y","","3","2","0","0","0","0","0","2","0","3","","","","N","","","","","","","","","",""
"2020040004","2245","1","0","0","0","0","0","0","0","0","8","0","","67","5","2020","3","39.98214","-75.118001","0954","6","0","0","0","0","0","0","0","0","","0","0","0","","","1","N","0","","39 58:55.704","","0","75 07:04.802","2","0","0","0","67301","1","0","1","N","1","0","1","2","67301","0","","1.0","","1","N","N","N","0","","0","1","0","","0","","","2","1","1","0","0","0","0","2","0","1","","03","","N","","","","","","","","","",""
"2020040292","1510","2","0","0","0","0","0","1","0","0","2","1","","67","4","2020","1","40.050781","-75.142063","1454","6","0","0","0","0","0","1","1","0","","0","0","0","","","0","N","0","","40 03:02.813","","0","75 08:31.428","0","0","0","0","67301","0","0","0","N","0","0","0","3","67508","0","","1.0","","9","N","N","N","0","","0","0","0","","0","","","3","0","0","0","0","0","0","2","0","3","","","","N","","","","","","","","","",""
"2020035992","0000","0","0","0","0","0","0","0","0","0","7","0","","67","5","2020","6","39.97085","-75.193506","2356","6","0","0","0","0","0","0","0","0","","0","0","0","","","1","N","0","","39 58:15.060","5","0","75 11:36.620","2","0","0","0","67301","0","0","0","N","0","0","0","1","67301","0","","4.0","26.0","1","N","N","N","0","","0","1","1","","0","Y","","1","1","0","0","0","0","0","2","0","1","","","","N","","","","","","","","","",""
"2020017689","1350","0","0","0","0","0","0","0","0","0","8","0","","67","2","2020","1","39.98627","-75.156147","1348","6","0","0","0","0","0","1","0","0","","0","0","0","","","1","","1","","39 59:10.572","1","0","75 09:22.129","8","0","0","0","67301","1","0","0","N","1","0","0","2","67505","0","","1.0","1410.0","1","N","N","N","0","","0","0","0","","2","Y","","2","1","0","0","0","1","0","2","1","1","","03","","N","","","","","","","","","",""
"2020038501","0512","1","0","0","0","0","0","0","0","0","2","0","","67","5","2020","2","39.901898","-75.151712","0502","6","0","0","0","0","0","0","0","0","","0","0","0","","","0","N","0","","39 54:06.832","2","0","75 09:06.163","0","0","0","0","67301","0","0","0","N","0","0","0","2","68K01","0","","1.0","523.0","1","Y","N","Y","0","","0","0","1","","0","N","","2","0","0","0","0","0","0","2","0","2","","03","","N","","","","","","","","","",""
"2020035445","2252","1","0","0","0","0","0","0","0","0","5","0","","67","4","2020","5","39.906722","-75.138806","2252","6","0","0","0","0","0","0","0","0","","0","0","0","","","1","N","0","","39 54:24.200","3","3","75 08:19.700","2","0","0","0","67301","0","0","0","N","0","0","0","2","67501","0","","1.0","2344.0","9","N","N","N","0","","0","1","1","","0","N","","2","1","0","0","0","0","0","2","0","2","","","","N","","","","","","","","","",""
"2020040102","0226","1","0","0","0","0","0","0","0","0","4","0","","67","5","2020","4","40.040219","-75.1242","0223","6","0","0","0","0","0","1","0","0","","0","0","0","","","0","N","0","","40 02:24.790","1","0","75 07:27.120","0","0","0","0","67301","0","0","0","N","0","0","0","1","67301","0","","1.0","400.0","1","N","N","N","0","","0","0","1","","0","N","","2","0","0","0","0","0","0","2","0","2","","03","","N","","","","","","","","","",""
"2020039821","1050","1","0","0","0","0","0","0","0","0","7","0","","67","4","2020","1","39.981291","-75.206923","1050","6","0","0","0","0","0","0","0","0","","0","0","0","","","1","N","0","","39 58:52.647","","0","75 12:24.924","8","0","0","0","67301","0","0","0","N","0","0","0","1","68K01","0","","2.0","","9","N","N","N","0","","0","0","0","","0","","","1","1","0","0","0","1","0","2","0","1","","","","N","","","","","","","","","",""