"CRN","ARRIVAL_TM","AUTOMOBILE_COUNT","BELTED_DEATH_COUNT","BELTED_SUSP_SERIOUS_INJ_COUNT","BICYCLE_COUNT","BICYCLE_DEATH_COUNT","BICYCLE_SUSP_SERIOUS_INJ_COUNT","BUS_COUNT","CHLDPAS_DEATH_COUNT","CHLDPAS_SUSP_SERIOUS_INJ_COUNT","COLLISION_TYPE","COMM_VEH_COUNT","CONS_ZONE_SPD_LIM","COUNTY","CRASH_MONTH","CRASH_YEAR","DAY_OF_WEEK","DEC_LATITUDE","DEC_LONGITUDE","DISPATCH_TM","DISTRICT","DRIVER_COUNT_16YR","DRIVER_COUNT_17YR","DRIVER_COUNT_18YR","DRIVER_COUNT_19YR","DRIVER_COUNT_20YR","DRIVER_COUNT_50_64YR","DRIVER_COUNT_65_74YR","DRIVER_COUNT_75PLUS","EST_HRS_CLOSED","FATAL_COUNT","HEAVY_TRUCK_COUNT","HORSE_BUGGY_COUNT","HOUR_OF_DAY","ILLUMINATION","INJURY_COUNT","INTERSECTION_RELATED","INTERSECT_TYPE","LANE_CLOSED","LATITUDE","LN_CLOSE_DIR","LOCATION_TYPE","LONGITUDE","MAX_SEVERITY_LEVEL","MCYCLE_DEATH_COUNT","MCYCLE_SUSP_SERIOUS_INJ_COUNT","MOTORCYCLE_COUNT","MUNICIPALITY","NONMOTR_COUNT","NONMOTR_DEATH_COUNT","NONMOTR_SUSP_SERIOUS_INJ_COUNT","NTFY_HIWY_MAINT","PED_COUNT","PED_DEATH_COUNT","PED_SUSP_SERIOUS_INJ_COUNT","PERSON_COUNT","POLICE_AGCY","POSSIBLE_INJ_COUNT","RDWY_SURF_TYPE_CD","RELATION_TO_ROAD","ROADWAY_CLEARED","ROAD_CONDITION","SCH_BUS_IND","SCH_ZONE_IND","SECONDARY_CRASH","SMALL_TRUCK_COUNT","SPEC_JURIS_CD","SUSP_MINOR_INJ_COUNT","SUSP_SERIOUS_INJ_COUNT","SUV_COUNT","TCD_FUNC_CD","TCD_TYPE","TFC_DETOUR_IND","TIME_OF_DAY","TOTAL_UNITS","TOT_INJ_COUNT","UNBELTED_OCC_COUNT","UNB_DEATH_COUNT","UNB_SUSP_SERIOUS_INJ_COUNT","UNK_INJ_DEG_COUNT","UNK_INJ_PER_COUNT","URBAN_RURAL","VAN_COUNT","VEHICLE_COUNT","WEATHER1","WEATHER2","WORKERS_PRES","WORK_ZONE_IND","WORK_ZONE_LOC","WORK_ZONE_TYPE","WZ_CLOSE_DETOUR","WZ_FLAGGER","WZ_LAW_OFFCR_IND","WZ_LN_CLOSURE","WZ_MOVING","WZ_OTHER","WZ_SHLDER_MDN","WZ_WORKERS_INJ_KILLED"
"2020039638","2011","2","0","0","0","0","0","0","0","0","4","0","","67","5","2020","2","40.049655","-75.160529","2011","6","0","0","0","0","0","0","0","0","","0","0","0","","","1","","1","","40 02:58.758","","0","75 09:37.905","3","0","0","0","67301","0","0","0","N","0","0","0","3","67301","0","","1.0","","1","N","N","N","0","","1","0","1","","2","","","3","1","2","0","0","0","0","2","0","3","","03","","N","","","","","","","","","",""
"2020037546","0700","0","0","0","0","0","0","0","0","0","5","3","","67","4","2020","2","39.891883","-75.198213","0650","6","0","0","0","0","0","0","0","0","","0","2","0","","","2","N","0","","39 53:30.779","1","3","75 11:53.567","3","0","0","0","67301","1","0","0","N","1","0","0","3","68K01","0","","1.0","100.0","1","N","N","N","1","","2","0","0","","0","N","","4","2","1","0","0","0","0","1","0","3","","","","N","","","","","","","","","",""
"2020039423","0230","0","0","0","0","0","0","0","0","0","7","0","","67","5","2020","2","39.9739","-75.150158","0216","6","0","0","0","0","0","0","0","0","","0","0","0","","","0","N","0","","39 58:26.040","","0","75 09:00.570","9","0","0","0","67301","0","0","0","N","0","0","0","1","67301","0","","4.0","","1","N","N","N","0","","0","0","1","","0","","","1","0","0","0","0","0","1","2","0","1","","","","N","","","","","","","","","",""
"2020039533","1654","2","0","0","0","0","0","0","0","0","1","0","","67","4","2020","2","39.983254","-75.208172","1654","6","0","0","0","1","0","0","0","0","","0","0","0","","","0","N","0","","39 58:59.713","3","0","75 12:29.419","0","0","0","0","67301","0","0","0","N","0","0","0","3","68K01","0","","1.0","30.0","9","N","N","N","0","","0","0","0","","0","N","","2","0","0","0","0","0","0","2","0","2","","","","N","","","","","","","","","",""
"2020040499","0540","0","0","0","0","0","0","0","0","0","8","0","","67","5","2020","5","40.001575","-75.156186","0536","6","0","0","0","0","0","1","0","0","","0","0","0","","","1","N","0","","40 00:05.670","","0","75 09:22.270","3","0","0","0","67301","1","0","0","N","1","0","0","2","67301","0","","1.0","","1","N","N","N","0","","1","0","1","","0","","","2","1","0","0","0","0","0","2","0","1","","03","","N","","","","","","","","","",""
"2020038493","0729","1","0","0","0","0","0","0","0","0","7","0","","67","4","2020","4","40.015171","-75.053747","0728","6","0","0","0","0","1","0","0","0","","0","0","0","","","0","N","0","","40 00:54.617","","0","75 03:13.490","0","0","0","0","67301","0","0","0","N","0","0","0","1","68K01","0","","4.0","","1","N","N","N","0","","0","0","0","","0","","","1","0","0","0","0","0","0","2","0","1","","","","N","","","","","","","","","",""
"2020016748","1935","1","0","0","0","0","0","1","0","0","4","1","","67","2","2020","2","39.962561","-75.210588","1929","6","0","0","0","0","0","1","0","0","","0","0","0","","","2","","2","","39 57:45.219","","0","75 12:38.118","3","0","0","0","67301","0","0","0","N","0","0","0","3","67301","0","","1.0","","9","Y","N","N","0","","2","0","0","","2","","","2","2","0","0","0","0","0","2","0","2","","","","N","","","","","","","","","",""
"2020036617","1842","1","0","0","0","0","0","0","0","0","7","0","","67","4","2020","1","39.980935","-75.206491","1840","6","0","0","0","0","0","0","0","0","","0","0","0","","","0","N","0","","39 58:51.367","3","0","75 12:23.366","0","0","0","0","67301","0","0","0","N","0","0","0","1","68K01","0","","2.0","1900.0","9","N","N","N","0","","0","0","0","","0","N","","1","0","0","0","0","0","0","2","0","1","","07","","N","","","","","","","","","",""
"2020039197","2230","2","0","0","0","0","0","0","0","0","4","0","","67","5","2020","7","39.980983","-75.227917","2226","6","0","0","0","0","0","0","0","0","","0","0","0","","","1","N","0","","39 58:51.540","","0","75 13:40.500","3","0","0","0","67301","0","0","0","N","0","0","0","1","67301","0","","1.0","","1","N","N","N","0","","1","0","0","","0","","","2","1","0","0","0","0","0","2","0","2","","03","","N","","","","","","","","","",""
"2020036257","2211","0","0","0","0","0","0","0","0","0","98","0","","67","3","2020","2","39.978425","-75.202403","2211","6","0","0","0","0","0","1","0","0","","0","0","0","","","0","N","0","","39 58:42.329","","0","75 12:08.651","0","0","0","0","67301","0","0","0","N","0","0","0","1","68K01","0","","1.0","","1","N","N","N","0","","0","0","0","","0","","","1","0","0","0","0","0","0","2","1","1","","03","","N","","","","","","","","","",""
"2020039488","1431","1","0","0","0","0","0","0","0","0","7","0","","67","5","2020","1","40.004684","-75.176847","1428","6","0","0","0","0","0","0","0","0","","0","0","0","","","0","Y","0","","40 00:16.861","","0","75 10:36.648","0","0","0","0","67301","0","0","0","N","0","0","0","1","67301","0","","2.0","","1","N","N","N","0","","0","0","0","","1","","","1","0","0","0","0","0","0","2","0","1","","03","","N","","","","","","","","","",""
"2020038250","1327","1","0","0","0","0","0","0","0","0","1","0","","67","5","2020","3","39.960139","-75.180026","1327","6","0","0","0","0","0","0","0","0","","0","0","0","","","0","N","0","","39 57:36.502","","0","75 10:48.095","0","0","0","0","67301","0","0","0","N","0","0","0","5","68K01","0","","1.0","","1","N","N","N","1","","0","0","0","","0","","","2","0","0","0","0","0","0","2","0","2","","03","","N","","","","","","","","","",""
"2020038381","1326","2","0","0","0","0","0","0","0","0","2","0","","67","5","2020","3","40.108166","-74.997116","1326","6","0","0","0","0","1","0","0","0","","0","0","0","","","2","","2","","40 06:29.396","3","0","74 59:49.616","3","0","0","0","67301","0","0","0","N","0","0","0","3","67301","0","","1.0","1415.0","1","N","N","N","0","","2","0","0","","3","Y","","2","2","0","0","0","0","0","2","0","2","","03","","N","","","","","","","","","",""
"2020039465","0835","2","0","0","0","0","0","0","0","0","5","0","","67","5","2020","1","39.941641","-75.14304","0820","6","0","0","0","0","0","0","0","0","","0","0","0","","","0","N","0","","39 56:29.909","","0","75 08:34.944","0","0","0","0","67301","0","0","0","N","0","0","0","2","68K01","0","","1.0","","1","N","N","N","0","","0","0","0","","0","","","2","0","0","0","0","0","0","2","0","2","","03","","N","","","","","","","","","",""
"2020039371","0919","1","0","0","0","0","0","0","0","0","1","1","","67","5","2020","4","39.908306","-75.147","0917","6","0","0","0","0","0","4","0","0","","0","1","0","","","3","N","0","","39 54:29.900","4","3","75 08:49.200","2","0","0","0","67301","0","0","0","N","0","0","0","5","67501","0","","1.0","1003.0","1","N","N","N","2","","0","1","0","","8","N","","4","3","0","0","0","2","0","2","0","4","","03","","N","","","","","","","","","",""
"2020039036","0116","1","0","0","0","0","0","0","0","0","2","0","","67","5","2020","7","40.101331","-74.978961","0112","6","0","0","0","1","0","0","0","0","","0","0","0","","","0","N","0","","40 06:04.790","","0","74 58:44.260","0","0","0","0","67301","0","0","0","N","0","0","0","1","67301","0","","6.0","","1","N","N","N","0","","0","0","2","","3","","","3","0","0","0","0","0","0","2","0","3","","03","","N","","","","","","","","","",""
"2020036116","2123","5","0","0","0","0","0","0","0","0","5","0","","67","5","2020","7","39.981687","-75.160573","2123","6","0","0","0","0","0","0","0","0","","0","0","0","","","0","N","0","","39 58:54.074","","0","75 09:38.061","0","0","0","0","67301","0","0","0","N","0","0","0","2","67505","0","","6.0","","1","N","N","N","0","","0","0","0","","0","N","","5","0","0","0","0","0","0","2","0","5","","03","","N","","","","","","","","","",""
"2020018012","1400","2","0","0","0","0","0","0","0","0","4","0","","67","2","2020","1","40.104469","-74.992779","1354","6","0","1","0","0","0","0","0","0","","0","0","0","","","0","N","0","","40 06:16.088","3","0","74 59:34.005","0","0","0","0","67301","0","0","0","N","0","0","0","1","67301","0","","1.0","1400.0","1","N","N","Y","0","","0","0","0","","0","N","","2","0","0","0","0","0","0","2","0","2","","03","","N","","","","","","","","","",""
"2020017855","0208","1","0","0","0","0","0","0","0","0","2","0","","67","2","2020","1","39.926258","-75.157453","0208","6","0","0","0","0","0","0","0","0","","0","0","0","","","1","N","0","","39 55:34.530","1","0","75 09:26.830","3","0","0","0","67301","0","0","0","N","0","0","0","2","67301","0","","1.0","300.0","1","N","N","N","1","","1","0","0","","0","N","","2","1","2","0","0","0","0","2","0","2","","03","","N","","","","","","","","","",""
"2020037994","1515","1","0","0","0","0","0","0","0","0","8","0","","67","5","2020","1","40.030086","-75.039672","1505","6","0","0","0","0","0","0","0","0","","0","0","0","","","1","N","0","","40 01:48.310","","0","75 02:22.820","3","0","0","0","67301","1","0","0","N","1","0","0","2","67301","0","","1.0","","1","N","N","N","0","","1","0","0","","0","","","2","1","0","0","0","0","0","2","0","1","","","","N","","","","","","","","","",""
"2020005261","0815","0","0","0","0","0","0","0","0","0","8","0","","67","1","2020","3","40.042323","-75.025601","0810","6","0","0","0","0","0","0","0","0","","0","0","0","","","1","","1","","40 02:32.362","","0","75 01:32.162","8","0","0","0","67301","1","0","0","N","1","0","0","2","67301","0","","1.0","","1","N","N","N","0","","0","0","1","","2","","","2","1","0","0","0","1","0","2","0","1","","03","","N","","","","","","","","","",""
"2020040001","0435","1","0","0","0","0","0","0","0","0","4","0","","67","5","2020","6","39.956922","-75.227539","0431","6","0","0","0","0","0","0","0","0","","0","0","0","","","0","N","0","","39 57:24.920","","0","75 13:39.140","9","0","0","0","67301","0","0","0","N","0","0","0","1","67301","0","","1.0","","9","N","N","Y","1","","0","0","0","","9","","","2","0","0","0","0","0","1","2","0","2","","07","","N","","","","","","","","","",""
"2020036348","0205","2","0","0","0","0","0","0","0","0","4","0","","67","4","2020","6","40.020176","-75.183626","0202","6","0","0","0","0","0","0","0","0","","0","0","0","","","0","N","0","","40 01:12.634","4","0","75 11:01.052","9","0","0","0","67301","0","0","0","N","0","0","0","1","67301","0","","1.0","350.0","1","N","N","N","0","","0","0","1","","0","N","","3","0","0","0","0","0","1","2","0","3","","03","","N","","","","","","","","","",""
"2020040487","2149","1","0","0","0","0","0","0","0","0","7","0","","67","5","2020","3","40.059831","-75.043886","2146","6","0","0","0","0","0","0","0","0","","0","0","0","","","0","N","0","","40 03:35.392","","0","75 02:37.991","0","0","0","0","67301","0","0","0","N","0","0","0","1","67301","0","","2.0","","1","N","N","N","0","","0","0","0","","0","","","1","0","0","0","0","0","0","2","0","1","","","","N","","","","","","","","","",""
"2020036852","1242","1","0","0","0","0","0","0","0","0","5","1","","67","4","2020","3","39.960078","-75.180322","1242","6","0","0","0","0","0","0","0","0","","0","1","0","","","0","N","0","","39 57:36.281","","0","75 10:49.159","0","0","0","0","67301","0","0","0","N","0","0","0","2","68K01","0","","1.0","","9","N","N","N","0","","0","0","0","","0","","","2","0","0","0","0","0","0","2","0","2","","","","N","","","","","","","","","",""
"2020039486","0748","0","0","0","0","0","0","0","0","0","2","0","","67","5","2020","6","39.942651","-75.23642","0745","6","0","0","0","0","0","0","0","0","","0","0","0","","","1","","1","","39 56:33.544","","0","75 14:11.113","3","0","0","0","67301","0","0","0","N","0","0","0","2","67301","0","","1.0","","9","N","N","Y","0","","1","0","3","","2","","","3","1","0","0","0","0","0","2","0","3","","","","N","","","","","","","","","",""
"2020019181","0635","0","0","0","0","0","0","0","0","0","5","0","","67","1","2020","5","40.051428","-74.988829","0610","6","0","0","0","0","0","0","0","0","","0","0","0","","","0","N","0","","40 03:05.140","1","0","74 59:19.785","9","0","0","0","67301","0","0","0","N","0","0","0","2","68K01","0","","1.0","30.0","1","N","N","N","0","","0","0","1","","0","N","","2","0","0","0","0","0","1","2","0","2","","","","N","","","","","","","","","",""
"2020039860","1404","0","0","0","0","0","0","0","0","0","7","0","","67","5","2020","1","39.968382","-75.129556","1402","6","0","0","0","0","0","0","0","0","","0","0","0","","","1","N","7","","39 58:06.174","","2","75 07:46.403","4","0","0","0","67301","0","0","0","Y","0","0","0","1","68K01","1","","3.0","","1","N","N","N","0","","0","0","1","","0","","","1","1","1","0","0","0","0","2","0","1","","","","N","","","","","","","","","",""
"2020036234","0025","0","0","0","0","0","0","0","0","0","4","0","","67","5","2020","1","40.020211","-75.157464","0017","6","0","0","0","0","0","0","0","0","","0","0","0","","","0","N","0","","40 01:12.760","","0","75 09:26.870","0","0","0","0","67301","0","0","0","N","0","0","0","1","67301","0","","9.0","","1","N","N","N","0","","0","0","2","","0","U","","2","0","1","0","0","0","0","2","0","2","","03","","N","","","","","","","","","",""
"2020039535","2111","0","0","0","0","0","0","0","0","0","5","1","","67","4","2020","4","39.962846","-75.139449","2103","6","0","0","0","0","0","1","0","0","","0","1","0","","","0","N","0","","39 57:46.244","","0","75 08:22.015","0","0","0","0","67301","0","0","0","N","0","0","0","3","68K01","0","","1.0","","1","N","N","N","0","","0","0","0","","0","","","2","0","0","0","0","0","0","2","1","2","","03","","N","","","","","","","","","",""
"2020040493","1115","1","0","0","0","0","0","0","0","0","4","1","","67","5","2020","5","40.009967","-75.143953","1102","6","0","0","0","0","0","1","0","0","","0","1","0","","","2","","1","","40 00:35.881","","0","75 08:38.230","3","0","0","0","67301","0","0","0","N","0","0","0","3","67301","0","","1.0","","1","N","N","N","0","","2","0","0","","0","","","2","2","2","0","0","0","0","2","0","2","","03","","N","","","","","","","","","",""
"2020013659","0829","1","0","0","0","0","0","0","0","0","5","1","","67","2","2020","4","39.955458","-75.148068","0824","6","0","0","0","0","0","1","0","0","","0","1","0","","","1","N","0","","39 57:19.647","","2","75 08:53.044","3","0","0","0","67301","0","0","0","N","0","0","0","2","67501","0","","1.0","","9","N","N","N","0","","1","0","0","","0","","","2","1","0","0","0","0","0","2","0","2","","","","N","","","","","","","","","",""
"2020038676","2032","1","0","0","0","0","0","0","0","0","8","0","","67","5","2020","3","40.076894","-74.978727","2026","6","0","0","0","0","0","0","0","0","","1","0","0","","","0","N","2","","40 04:36.818","5","0","74 58:43.417","1","0","0","0","67301","1","1","0","N","1","1","0","4","67301","0","2","1.0","2032.0","1","N","N","N","0","0","0","0","0","","0","Y","","2","0","0","0","0","0","0","2","0","1","","03","","N","","","","","","","","","",""
"2020039828","1444","1","0","0","0","0","0","0","0","0","5","1","","67","4","2020","5","39.99231","-75.201678","1441","6","0","0","0","0","0","1","0","0","","0","1","0","","","0","N","0","","39 59:32.315","3","0","75 12:06.039","0","0","0","0","67301","0","0","0","N","0","0","0","2","68K01","0","","1.0","30.0","1","N","N","N","0","","0","0","0","","0","N","","2","0","0","0","0","0","0","2","0","2","","03","","N","","","","","","","","","",""
"2020018677","1710","2","0","0","0","0","0","0","0","0","2","0","","67","2","2020","2","39.987887","-75.123452","1704","6","0","0","0","0","0","0","0","0","","0","0","0","","","2","","1","","39 59:16.394","","0","75 07:24.428","3","0","0","0","67301","0","0","0","N","0","0","0","2","67301","0","","9.0","","1","N","N","N","0","","1","0","0","","2","U","","2","2","0","0","0","1","0","2","0","2","","","","N","","","","","","","","","",""
"2020002082","0855","1","0","0","0","0","0","0","0","0","4","0","","67","1","2020","1","40.05059","-75.142211","0851","6","0","0","0","0","0","2","0","0","","0","0","0","","","2","","1","","40 03:02.124","","0","75 08:31.960","3","0","0","0","67301","0","0","0","N","0","0","0","2","67301","0","","1.0","","1","N","N","N","0","","2","0","0","","2","","","2","2","0","0","0","0","0","2","1","2","","03","","N","","","","","","","","","",""
"2020042306","1345","1","0","0","0","0","0","0","0","0","4","0","","67","5","2020","4","40.060398","-74.990435","1343","6","0","0","0","0","0","0","0","0","","0","0","0","","","1","","1","","40 03:37.434","","0","74 59:25.565","3","0","0","0","67301","0","0","0","N","0","0","0","2","67301","0","","1.0","","1","N","N","N","0","","1","0","1","","2","","","2","1","0","0","0","0","0","2","0","2","","03","","N","","","","","","","","","",""
"2020042431","1410","1","0","0","0","0","0","0","0","0","1","1","","67","5","2020","4","40.099452","-75.009073","1400","6","0","0","0","0","0","1","0","0","","0","1","0","","","0","N","0","","40 05:58.028","","0","75 00:32.661","9","0","0","0","67301","0","0","0","N","0","0","0","2","67301","0","","1.0","","1","N","N","N","0","","0","0","0","","2","","","2","0","2","0","0","0","1","2","0","2","","03","","N","","","","","","","","","",""
"2020042544","1512","1","0","0","0","0","0","0","0","0","4","0","","67","5","2020","7","40.097937","-74.985071","1508","6","0","0","0","0","0","1","0","0","","0","0","0","","","1","","1","","40 05:52.573","","0","74 59:06.255","8","0","0","0","67301","0","0","0","N","0","0","0","3","67301","0","","1.0","","1","N","N","N","1","","0","0","0","","2","","","2","1","0","0","0","1","0","2","0","2","","03","","N","","","","","","","","","",""
"2020041225","0035","1","0","0","0","0","0","0","0","0","7","0","","67","5","2020","5","39.944046","-75.238067","0035","6","0","0","0","0","0","0","0","0","","0","0","0","","","2","N","0","","39 56:38.567","","0","75 14:17.040","4","0","0","0","67301","0","0","0","N","0","0","0","2","67301","2","","9.0","","1","N","N","N","0","","0","0","0","","0","","","1","2","2","0","0","0","0","2","0","1","","03","","N","","","","","","","","","",""
"2020043546","0158","0","0","0","0","0","0","0","0","0","5","0","","67","5","2020","3","39.962736","-75.183505","0151","6","0","0","0","0","0","0","0","0","","0","0","0","","","0","N","0","","39 57:45.849","3","0","75 11:00.617","9","0","0","0","67301","0","0","0","N","0","0","0","2","68K01","0","","1.0","223.0","1","N","N","N","0","","0","0","1","","0","Y","","2","0","0","0","0","0","1","2","0","2","","","","N","","","","","","","","","",""
"2020000273","0216","2","0","0","0","0","0","0","0","0","5","0","","67","1","2020","4","39.920947","-75.177036","0214","6","0","0","0","0","0","0","0","0","2","0","0","0","","","1","N","0","","39 55:15.410","1","0","75 10:37.330","8","0","0","0","67301","0","0","0","N","0","0","0","1","67301","0","","6.0","9999.0","1","N","N","N","0","","0","0","1","","0","Y","","4","1","1","0","0","1","0","2","1","4","","","","N","","","","","","","","","",""
"2020045952","1607","2","0","0","0","0","0","0","0","0","0","0","","67","5","2020","7","39.959183","-75.172424","1607","6","0","0","1","0","0","1","0","0","","0","0","0","","","0","N","0","","39 57:33.060","4","0","75 10:20.726","0","0","0","0","67301","0","0","0","N","0","0","0","2","68K01","0","","1.0","1620.0","9","N","N","N","0","","0","0","0","","0","N","","2","0","0","0","0","0","0","2","0","2","","04","","N","","","","","","","","","",""
"2020041269","1934","0","0","0","0","0","0","0","0","0","8","0","","67","5","2020","1","39.997561","-75.174975","1934","6","0","0","0","0","0","0","0","0","","0","0","0","","","1","N","0","","39 59:51.220","","0","75 10:29.910","3","0","0","0","67301","1","0","0","N","1","0","0","1","67301","0","","1.0","","1","N","N","N","0","","1","0","1","","0","","","2","1","0","0","0","0","0","2","0","1","","98","","N","","","","","","","","","",""
"2020046029","0740","1","0","0","0","0","0","0","0","0","4","0","","67","6","2020","6","40.0403","-75.043346","0733","6","0","0","0","0","0","0","1","0","","0","0","0","","","1","","1","","40 02:25.079","","0","75 02:36.045","8","0","0","0","67301","0","0","0","N","0","0","0","2","67301","0","","1.0","","1","N","N","N","0","","0","0","1","","2","","","2","1","0","0","0","1","0","2","0","2","","03","","N","","","","","","","","","",""
"2020041221","2210","1","0","0","0","0","0","0","0","0","1","0","","67","5","2020","6","40.09549","-74.977473","2209","6","0","0","0","0","0","0","0","0","","0","0","0","","","1","N","0","","40 05:43.765","","0","74 58:38.902","8","0","0","0","67301","0","0","0","N","0","0","0","3","67301","0","","1.0","","9","N","N","N","1","","0","0","0","","0","","","2","1","0","0","0","1","0","2","0","2","","07","","N","","","","","","","","","",""
"2020045321","0245","1","0","0","0","0","0","0","0","0","4","1","","67","5","2020","4","39.977061","-75.19927","0238","6","0","0","0","1","0","1","0","0","","1","1","0","","","3","N","7","","39 58:37.421","3","0","75 11:57.373","1","0","0","0","67301","0","0","0","N","0","0","0","4","68K01","0","2","1.0","700.0","1","N","N","N","0","0","2","0","0","","0","Y","","2","3","3","0","0","1","0","2","0","2","","03","","N","","","","","","","","","",""
"2020047140","0756","1","0","0","0","0","0","0","0","0","7","1","","67","6","2020","7","40.033612","-75.020315","0753","6","0","0","0","0","0","1","0","0","","0","1","0","","","0","N","0","","40 02:01.003","2","0","75 01:13.135","0","0","0","0","67301","0","0","0","N","0","0","0","2","68K01","0","","3.0","900.0","1","N","N","N","0","","0","0","0","","0","N","","3","0","0","0","0","0","0","2","0","2","","04","","N","","","","","","","","","",""
"2020041833","1803","0","0","0","0","0","0","0","1","0","2","0","","67","5","2020","4","40.027789","-75.060077","1803","6","0","0","0","0","0","1","0","0","","1","0","0","","","3","","1","","40 01:40.042","7","0","75 03:36.277","1","0","0","0","67301","0","0","0","N","0","0","0","5","67301","0","2","1.0","2230.0","1","N","N","Y","1","0","0","0","1","","2","Y","","2","3","0","0","0","3","0","2","0","2","","03","","N","","","","","","","","","",""
"2020004115","2155","1","0","0","0","0","0","0","0","0","4","0","","67","1","2020","3","39.967403","-75.178634","2153","6","0","0","0","0","0","0","0","0","","0","0","0","","","0","","1","","39 58:02.652","","0","75 10:43.082","9","0","0","0","67301","0","0","0","N","0","0","0","3","67301","0","","1.0","","9","N","N","N","0","","0","0","1","","2","","","2","0","0","0","0","0","1","2","0","2","","","","N","","","","","","","","","",""
"2020015276","1205","1","0","0","0","0","0","0","0","0","1","0","","67","2","2020","6","40.007891","-75.140528","1202","6","0","0","0","0","0","1","0","0","","0","0","0","","","1","","1","","40 00:28.406","","1","75 08:25.901","3","0","0","0","67301","0","0","0","N","0","0","0","2","67301","0","","1.0","","9","N","N","N","0","","1","0","1","","0","","","2","1","1","0","0","0","0","2","0","2","","07","","N","","","","","","","","","",""
"2020043207","1638","2","0","0","0","0","0","0","0","0","1","0","","67","5","2020","3","39.966554","-75.187449","1635","6","0","0","1","0","0","0","0","0","","0","0","0","","","1","N","0","","39 57:59.593","3","0","75 11:14.817","8","0","0","0","67301","0","0","0","N","0","0","0","2","68K01","0","","1.0","1648.0","1","N","N","N","0","","0","0","0","","0","N","","2","1","0","0","0","1","0","2","0","2","","","","N","","","","","","","","","",""
"2020041549","0307","1","0","0","0","0","0","0","0","0","7","0","","67","5","2020","3","39.984011","-75.175142","0305","6","0","0","0","0","0","0","0","0","","0","0","0","","","0","N","0","","39 59:02.440","","0","75 10:30.510","9","0","0","0","67301","0","0","0","N","0","0","0","1","67301","0","","5.0","","1","N","N","N","0","","0","0","0","","2","","","1","0","0","0","0","0","1","2","0","1","","03","","N","","","","","","","","","",""
"2020006411","2229","1","0","0","0","0","0","0","0","0","4","0","","67","1","2020","3","40.052271","-75.151646","2227","6","0","0","0","0","0","0","0","1","","0","0","0","","","1","","1","","40 03:08.176","","0","75 09:05.927","3","0","0","0","67301","0","0","0","N","0","0","0","2","67301","0","","1.0","","9","N","N","N","0","","1","0","1","","3","","","2","1","0","0","0","0","1","2","0","2","","06","","N","","","","","","","","","",""
"2020001396","0034","0","0","0","0","0","0","0","0","0","7","0","","67","1","2020","7","39.988137","-75.207177","0034","6","0","0","0","0","0","0","0","0","","0","0","0","","","0","N","0","","39 59:17.293","","0","75 12:25.837","0","0","0","0","67301","0","0","0","N","0","0","0","1","68K01","0","","4.0","","9","N","N","N","0","","0","0","1","","0","","","1","0","0","0","0","0","0","2","0","1","","","","N","","","","","","","","","",""
"2020042378","1435","1","0","0","0","0","0","0","0","0","7","0","","67","5","2020","3","39.993418","-75.081084","1422","6","0","0","0","0","0","0","0","0","","0","0","0","","","0","N","0","","39 59:36.304","","0","75 04:51.902","9","0","0","0","67301","0","0","0","N","0","0","0","1","67301","0","","9.0","","1","N","N","N","0","","0","0","0","","0","","","1","0","0","0","0","0","1","2","0","1","","","","N","","","","","","","","","",""
"2020027626","0844","1","0","0","0","0","0","0","0","0","5","0","","67","1","2020","3","40.026993","-75.025465","0844","6","0","0","0","0","0","2","0","0","","0","0","0","","","4","N","0","","40 01:37.176","1","0","75 01:31.674","3","0","0","0","67301","0","0","0","N","0","0","0","4","68K01","0","","1.0","1000.0","1","N","N","N","0","","2","0","3","","0","N","","4","4","1","0","0","2","0","2","0","4","","","","N","","","","","","","","","",""
"2020041391","1035","0","0","0","0","0","0","0","0","0","1","0","","67","5","2020","7","40.004654","-75.195879","1033","6","0","0","0","0","0","0","0","0","","0","0","0","","","1","N","0","","40 00:16.756","","2","75 11:45.164","3","0","0","0","67301","0","0","0","N","0","0","0","3","68K01","0","","1.0","","1","N","N","N","0","","1","0","2","","3","","","2","1","1","0","0","0","0","2","0","2","","","","N","","","","","","","","","",""
"2020043729","1420","1","0","0","0","0","0","0","0","0","5","1","","67","6","2020","2","40.026172","-75.053006","1420","6","0","0","0","0","0","0","0","0","","0","1","0","","","0","N","0","","40 01:34.220","","0","75 03:10.820","0","0","0","0","67301","0","0","0","N","0","0","0","1","67301","0","","6.0","","1","N","N","N","0","","0","0","0","","0","","","2","0","0","0","0","0","0","2","0","2","","","","N","","","","","","","","","",""
"2020041690","0946","0","0","0","0","0","0","0","0","0","7","1","","67","4","2020","2","39.897429","-75.187132","0936","6","0","0","0","0","0","0","0","0","","0","1","0","","","0","N","0","","39 53:50.745","1","3","75 11:13.676","0","0","0","0","67301","0","0","0","Y","0","0","0","1","68K01","0","","4.0","1000.0","9","N","N","N","0","","0","0","0","","0","N","","1","0","0","0","0","0","0","2","0","1","","07","","N","","","","","","","","","",""
"2020003864","1815","0","0","0","0","0","0","0","0","0","8","0","","67","1","2020","2","39.930332","-75.227574","1815","6","0","0","0","0","0","1","0","0","","0","0","0","","","1","","2","","39 55:49.195","","0","75 13:39.266","4","0","0","0","67301","2","0","0","N","2","0","0","3","67301","1","","1.0","","1","N","N","N","0","","0","0","1","","2","","","3","1","0","0","0","0","0","2","0","1","","03","","N","","","","","","","","","",""