"CRN","ARRIVAL_TM","AUTOMOBILE_COUNT","BELTED_DEATH_COUNT","BELTED_SUSP_SERIOUS_INJ_COUNT","BICYCLE_COUNT","BICYCLE_DEATH_COUNT","BICYCLE_SUSP_SERIOUS_INJ_COUNT","BUS_COUNT","CHLDPAS_DEATH_COUNT","CHLDPAS_SUSP_SERIOUS_INJ_COUNT","COLLISION_TYPE","COMM_VEH_COUNT","CONS_ZONE_SPD_LIM","COUNTY","CRASH_MONTH","CRASH_YEAR","DAY_OF_WEEK","DEC_LATITUDE","DEC_LONGITUDE","DISPATCH_TM","DISTRICT","DRIVER_COUNT_16YR","DRIVER_COUNT_17YR","DRIVER_COUNT_18YR","DRIVER_COUNT_19YR","DRIVER_COUNT_20YR","DRIVER_COUNT_50_64YR","DRIVER_COUNT_65_74YR","DRIVER_COUNT_75PLUS","EST_HRS_CLOSED","FATAL_COUNT","HEAVY_TRUCK_COUNT","HORSE_BUGGY_COUNT","HOUR_OF_DAY","ILLUMINATION","INJURY_COUNT","INTERSECTION_RELATED","INTERSECT_TYPE","LANE_CLOSED","LATITUDE","LN_CLOSE_DIR","LOCATION_TYPE","LONGITUDE","MAX_SEVERITY_LEVEL","MCYCLE_DEATH_COUNT","MCYCLE_SUSP_SERIOUS_INJ_COUNT","MOTORCYCLE_COUNT","MUNICIPALITY","NONMOTR_COUNT","NONMOTR_DEATH_COUNT","NONMOTR_SUSP_SERIOUS_INJ_COUNT","NTFY_HIWY_MAINT","PED_COUNT","PED_DEATH_COUNT","PED_SUSP_SERIOUS_INJ_COUNT","PERSON_COUNT","POLICE_AGCY","POSSIBLE_INJ_COUNT","RDWY_SURF_TYPE_CD","RELATION_TO_ROAD","ROADWAY_CLEARED","ROAD_CONDITION","SCH_BUS_IND","SCH_ZONE_IND","SECONDARY_CRASH","SMALL_TRUCK_COUNT","SPEC_JURIS_CD","SUSP_MINOR_INJ_COUNT","SUSP_SERIOUS_INJ_COUNT","SUV_COUNT","TCD_FUNC_CD","TCD_TYPE","TFC_DETOUR_IND","TIME_OF_DAY","TOTAL_UNITS","TOT_INJ_COUNT","UNBELTED_OCC_COUNT","UNB_DEATH_COUNT","UNB_SUSP_SERIOUS_INJ_COUNT","UNK_INJ_DEG_COUNT","UNK_INJ_PER_COUNT","URBAN_RURAL","VAN_COUNT","VEHICLE_COUNT","WEATHER1","WEATHER2","WORKERS_PRES","WORK_ZONE_IND","WORK_ZONE_LOC","WORK_ZONE_TYPE","WZ_CLOSE_DETOUR","WZ_FLAGGER","WZ_LAW_OFFCR_IND","WZ_LN_CLOSURE","WZ_MOVING","WZ_OTHER","WZ_SHLDER_MDN","WZ_WORKERS_INJ_KILLED"
"2020002910","1208","1","0","0","1","0","0","0","0","0","8","0","","67","1","2020","3","39.92685","-75.169077","1200","6","0","0","0","0","0","0","0","0","","0","0","0","","","1","","1","","39 55:36.660","","0","75 10:08.677","3","0","0","0","67301","1","0","0","N","0","0","0","2","67301","0","","1.0","","1","N","N","N","0","","1","0","0","","2","","","2","1","0","0","0","0","0","2","0","1","","03","","N","","","","","","","","","",""
"2020017327","1415","0","0","0","0","0","0","0","0","0","2","0","","67","2","2020","6","39.943806","-75.232831","0830","6","0","0","0","0","0","1","0","0","","0","0","0","","","1","","1","","39 56:37.701","","0","75 13:58.191","8","0","0","0","67301","0","0","0","N","0","0","0","2","67301","0","","1.0","","1","N","N","N","1","","0","0","1","","0","","","2","1","1","0","0","1","1","2","0","2","","","","N","","","","","","","","","",""
"2020043255","1523","2","0","0","0","0","0","0","0","0","1","0","","67","6","2020","3","40.037278","-75.210014","1507","6","0","0","0","0","0","0","0","0","","0","0","0","","","1","N","0","","40 02:14.201","1","0","75 12:36.049","8","0","0","0","67301","0","0","0","N","0","0","0","2","67301","0","","1.0","1545.0","1","N","N","N","0","","0","0","0","","2","N","","2","1","0","0","0","1","0","2","0","2","","03","","N","","","","","","","","","",""
"2020002535","0013","2","0","0","0","0","0","0","0","0","4","0","","67","1","2020","1","40.058641","-75.171463","0010","6","0","0","0","0","0","0","0","0","","0","0","0","","","0","","1","","40 03:31.107","","0","75 10:17.266","0","0","0","0","67301","0","0","0","N","0","0","0","2","67301","0","","1.0","","1","N","N","N","0","","0","0","0","","3","","","2","0","0","0","0","0","0","2","0","2","","","","N","","","","","","","","","",""
"2020041033","1307","2","0","0","0","0","0","0","0","0","1","0","","67","5","2020","4","39.96009","-75.179585","1304","6","0","0","1","0","0","0","0","0","","0","0","0","","","1","N","0","","39 57:36.323","","0","75 10:46.505","8","0","0","0","67301","0","0","0","N","0","0","0","2","68K01","0","","1.0","","1","N","N","N","0","","0","0","0","","0","","","2","1","1","0","0","1","0","2","0","2","","03","","N","","","","","","","","","",""
"2020037309","1406","2","0","0","0","0","0","0","0","0","4","0","","67","5","2020","4","40.086283","-75.046083","1404","6","0","0","0","0","0","1","0","0","","0","0","0","","","1","","1","","40 05:10.618","","0","75 02:45.898","3","0","0","0","67301","0","0","0","N","0","0","0","2","67301","0","","1.0","","1","N","N","N","0","","1","0","0","","2","","","2","1","1","0","0","0","0","2","0","2","","04","","N","","","","","","","","","",""
"2020043538","0039","1","0","0","0","0","0","0","0","0","5","0","","67","5","2020","7","39.948584","-75.185944","0039","6","0","0","0","0","0","0","0","0","","0","0","0","","","0","N","7","","39 56:54.903","3","2","75 11:09.398","9","0","0","0","67301","0","0","0","Y","0","0","0","3","68K01","0","","1.0","145.0","9","N","N","N","0","","0","0","0","","0","N","","2","0","0","0","0","0","1","2","0","2","","","","N","","","","","","","","","",""
"2020036530","1538","0","0","0","0","0","0","1","0","0","6","1","","67","3","2020","2","40.01955","-75.108325","1537","6","0","0","0","1","0","1","0","0","","0","0","0","","","2","","2","","40 01:10.380","3","0","75 06:29.969","8","0","0","0","67301","0","0","0","N","0","0","0","20","67301","0","","1.0","1730.0","1","Y","N","N","0","","0","0","2","","0","Y","","3","2","0","0","0","2","0","2","0","3","","","","N","","","","","","","","","",""
"2020045935","1514","1","0","0","0","0","0","0","0","0","1","0","","67","5","2020","6","39.899029","-75.178021","1514","6","0","0","0","0","0","1","0","0","","0","0","0","","","0","N","0","","39 53:56.503","","0","75 10:40.877","0","0","0","0","67301","0","0","0","N","0","0","0","2","68K01","0","","1.0","","9","N","N","N","0","","0","0","1","","0","","","2","0","0","0","0","0","0","2","0","2","","","","N","","","","","","","","","",""
"2020038549","2258","2","0","0","0","0","0","0","0","0","4","0","","67","5","2020","4","39.954893","-75.20877","2258","6","0","0","0","0","0","0","0","0","","0","0","0","","","1","N","1","","39 57:17.614","","0","75 12:31.573","4","0","0","0","67301","0","0","0","Y","0","0","0","2","67504","1","","1.0","","1","N","N","N","0","","0","0","0","","2","","","2","1","0","0","0","0","0","2","0","2","","","","N","","","","","","","","","",""
"2020046977","0550","1","0","0","0","0","0","0","0","0","7","0","","67","6","2020","6","39.980878","-75.206409","0545","6","0","0","0","0","0","0","0","0","","0","0","0","","","0","N","0","","39 58:51.161","","0","75 12:23.073","0","0","0","0","67301","0","0","0","N","0","0","0","1","68K01","0","","4.0","","9","N","N","N","0","","0","0","0","","0","","","1","0","0","0","0","0","0","2","0","1","","03","","N","","","","","","","","","",""
"2020039353","2035","1","0","0","0","0","0","0","0","0","7","0","","67","5","2020","1","39.947869","-75.163428","2030","6","0","0","0","0","0","0","0","0","","0","0","0","","","0","N","0","","39 56:52.330","","0","75 09:48.340","9","0","0","0","67301","0","0","0","N","0","0","0","1","67301","0","","5.0","","1","N","N","N","0","","0","0","0","","0","","","1","0","0","0","0","0","1","2","0","1","","","","N","","","","","","","","","",""
"2020001235","0040","1","0","0","0","0","0","0","0","0","4","0","","67","1","2020","5","40.062578","-75.174175","0038","6","0","0","0","0","0","0","0","0","","0","0","0","","","1","","1","","40 03:45.280","","0","75 10:27.030","3","0","0","0","67301","0","0","0","N","0","0","0","3","67301","0","","1.0","","1","N","N","N","0","","1","0","1","","3","","","2","1","0","0","0","0","0","2","0","2","","","","N","","","","","","","","","",""
"2020044513","1526","1","0","0","0","0","0","0","0","0","7","0","","67","6","2020","1","40.032798","-75.17002","1526","6","0","0","0","0","0","1","0","0","","0","0","0","","","1","N","0","","40 01:58.071","","0","75 10:12.071","3","0","0","0","67301","0","0","0","N","0","0","0","1","67301","0","","4.0","","1","N","N","N","0","","1","0","0","","0","","","1","1","0","0","0","0","0","2","0","1","","03","","N","","","","","","","","","",""
"2020002480","2356","1","0","0","0","0","0","0","0","0","7","0","","67","1","2020","4","40.038678","-75.00784","2345","6","0","0","0","0","0","0","0","0","","0","0","0","","","0","N","0","","40 02:19.239","","0","75 00:28.224","0","0","0","0","67301","0","0","0","N","0","0","0","1","67301","0","","4.0","","1","N","N","N","0","","0","0","0","","0","","","1","0","0","0","0","0","0","2","0","1","","","","N","","","","","","","","","",""
"2020012137","2040","2","0","0","0","0","0","0","0","0","4","0","","67","1","2020","3","39.960283","-75.226853","2035","6","0","0","0","1","1","0","0","0","","0","0","0","","","1","","1","","39 57:37.019","","0","75 13:36.669","3","0","0","0","67301","0","0","0","N","0","0","0","2","67301","0","","1.0","","9","N","N","N","0","","1","0","0","","2","","","2","1","0","0","0","0","0","2","0","2","","07","","N","","","","","","","","","",""
"2020043956","0350","0","0","0","0","0","0","0","0","0","4","2","","67","6","2020","6","40.02978","-75.104603","0340","6","0","0","0","0","0","0","0","0","","0","2","0","","","0","N","0","","40 01:47.207","5","6","75 06:16.570","0","0","0","0","67301","0","0","0","Y","0","0","0","2","67301","0","","1.0","400.0","9","N","N","N","0","","0","0","0","","0","N","","2","0","0","0","0","0","0","2","0","2","","","","N","","","","","","","","","",""
"2020045928","1322","0","0","0","0","0","0","0","0","0","1","0","","67","5","2020","5","40.015458","-75.053163","1320","6","0","0","0","0","0","1","0","0","","0","0","0","","","1","N","0","","40 00:55.650","1","0","75 03:11.387","8","0","0","0","67301","0","0","0","N","0","0","0","3","68K01","0","","1.0","30.0","1","N","N","N","0","","0","0","1","","0","N","","2","1","1","0","0","1","1","2","0","2","","03","","N","","","","","","","","","",""
"2020045583","1124","2","0","0","0","0","0","0","0","0","1","0","","67","6","2020","5","39.908835","-75.150378","1122","6","0","0","0","0","0","1","0","0","","0","0","0","","","0","Y","0","","39 54:31.805","","3","75 09:01.360","0","0","0","0","67301","0","0","0","N","0","0","0","2","67501","0","","1.0","","9","N","N","N","0","","0","0","0","","4","","","2","0","0","0","0","0","0","2","0","2","","04","","Y","","","","","","","","","",""
"2020041267","1025","1","0","0","0","0","0","0","0","0","1","1","","67","5","2020","2","40.026547","-75.132658","1020","6","0","0","0","0","0","0","0","0","","0","1","0","","","1","N","0","","40 01:35.570","","0","75 07:57.570","8","0","0","0","67301","0","0","0","N","0","0","0","1","67301","0","","1.0","","1","N","N","N","0","","0","0","0","","0","","","2","1","0","0","0","1","0","2","0","2","","","","N","","","","","","","","","",""
"2020045954","0223","1","0","0","0","0","0","0","0","0","7","0","","67","5","2020","1","40.00741","-75.078059","0223","6","0","0","0","0","0","0","0","0","","0","0","0","","","0","N","2","","40 00:26.675","","0","75 04:41.014","9","0","0","0","67301","0","0","0","N","0","0","0","1","68K01","0","","4.0","","1","N","N","N","0","","0","0","0","","0","","","1","0","0","0","0","0","1","2","0","1","","03","","N","","","","","","","","","",""
"2020004343","2146","1","0","0","0","0","0","0","0","0","5","0","","67","1","2020","4","40.033489","-75.063325","2135","6","0","0","0","0","0","1","0","0","","0","0","0","","","1","N","0","","40 02:00.560","","0","75 03:47.970","4","0","0","0","67301","0","0","0","N","0","0","0","1","67301","1","","6.0","","1","N","N","N","1","","0","0","1","","0","","","3","1","0","0","0","0","0","2","0","3","","03","","N","","","","","","","","","",""
"2020047462","1009","0","0","0","0","0","0","0","0","0","5","1","","67","6","2020","3","39.962544","-75.139638","1009","6","0","0","0","0","0","0","0","0","","0","1","0","","","0","N","0","","39 57:45.158","","0","75 08:22.696","0","0","0","0","67301","0","0","0","N","0","0","0","2","68K01","0","","1.0","","1","N","N","N","0","","0","0","1","","0","","","2","0","0","0","0","0","0","2","0","2","","03","","N","","","","","","","","","",""
"2020004008","0005","1","0","0","0","0","0","0","0","0","4","0","","67","1","2020","6","40.037211","-75.136476","0000","6","0","0","0","0","0","1","0","0","","0","0","0","","","0","","3","","40 02:13.959","6","0","75 08:11.315","0","0","0","0","67301","0","0","0","N","0","0","0","2","67301","0","","1.0","135.0","9","N","N","N","0","","0","0","1","","3","N","","2","0","0","0","0","0","0","2","0","2","","07","","N","","","","","","","","","",""
"2020015753","2224","2","0","0","0","0","0","0","0","0","4","0","","67","1","2020","5","40.026503","-75.04216","2214","6","0","0","0","0","0","0","0","0","","0","0","0","","","0","","1","","40 01:35.410","","0","75 02:31.777","0","0","0","0","67301","0","0","0","N","0","0","0","2","67301","0","","1.0","","1","N","N","N","0","","0","0","0","","3","","","2","0","0","0","0","0","0","2","0","2","","03","","N","","","","","","","","","",""
"2020044342","1623","2","0","0","0","0","0","0","0","0","2","0","","67","6","2020","1","39.983434","-75.158572","1620","6","0","0","0","0","0","0","1","0","","0","0","0","","","3","N","1","","39 59:00.364","","0","75 09:30.860","3","0","0","0","67301","0","0","0","N","0","0","0","4","67505","0","","1.0","","1","N","N","N","0","","3","0","0","","2","","","2","3","0","0","0","0","0","2","0","2","","03","","N","","","","","","","","","",""
"2020045202","1210","1","0","0","0","0","0","0","0","0","5","1","","67","5","2020","3","39.960584","-75.181923","1206","6","0","0","0","0","0","1","0","0","","0","1","0","","","0","N","0","","39 57:38.103","3","0","75 10:54.922","0","0","0","0","67301","0","0","0","N","0","0","0","2","68K01","0","","3.0","45.0","1","N","N","N","0","","0","0","0","","0","N","","2","0","0","0","0","0","0","2","0","2","","","","N","","","","","","","","","",""
"2020045265","1740","0","0","0","0","0","0","0","0","0","6","0","","67","6","2020","5","40.016253","-75.210218","1734","6","0","0","0","0","0","1","0","0","","0","0","0","","","1","N","0","","40 00:58.509","2","0","75 12:36.784","4","0","0","0","67301","0","0","0","N","0","0","0","4","67301","1","","1.0","1850.0","1","N","N","N","1","","0","0","1","","0","N","","2","1","0","0","0","0","0","2","0","2","","04","","N","","","","","","","","","",""
"2020045964","1506","1","0","0","0","0","0","0","0","0","1","0","","67","5","2020","3","39.957021","-75.156155","1506","6","0","0","0","0","0","2","0","0","","0","0","0","","","1","N","0","","39 57:25.275","3","0","75 09:22.157","8","0","0","0","67301","0","0","0","N","0","0","0","7","68K01","0","","1.0","1510.0","1","N","N","N","3","","0","0","1","","0","N","","5","1","0","0","0","1","1","2","0","5","","03","","N","","","","","","","","","",""
"2020043594","2115","1","0","0","0","0","0","0","0","0","4","0","","67","5","2020","5","39.956709","-75.225555","2106","6","0","0","0","0","0","0","0","0","","0","0","0","","","1","N","0","","39 57:24.154","","0","75 13:31.997","3","0","0","0","67301","0","0","0","N","0","0","0","3","67301","0","","6.0","","1","N","N","N","0","","1","0","1","","0","","","2","1","0","0","0","0","0","2","0","2","","","","N","","","","","","","","","",""
"2020045956","1259","0","0","0","0","0","0","0","0","0","7","0","","67","5","2020","1","39.962807","-75.139066","1247","6","0","0","0","0","0","0","0","0","","0","0","0","","","1","N","0","","39 57:46.105","1","0","75 08:20.639","3","0","0","1","67301","0","0","0","N","0","0","0","1","68K01","0","","2.0","1322.0","1","N","N","N","0","","1","0","0","","0","N","","2","1","0","0","0","0","0","2","0","1","","","","N","","","","","","","","","",""
"2020042969","0240","1","0","0","0","0","0","0","0","0","5","0","","67","5","2020","7","39.913639","-75.236422","0233","6","0","0","0","0","0","1","0","0","","0","0","0","","","0","N","0","","39 54:49.100","","0","75 14:11.120","0","0","0","0","67301","0","0","0","N","0","0","0","1","67301","0","","6.0","","1","N","N","N","1","","0","0","0","","0","","","2","0","0","0","0","0","0","2","0","2","","03","","N","","","","","","","","","",""
"2020016390","0947","0","0","0","0","0","0","0","0","0","7","0","","67","1","2020","6","40.043373","-75.003137","0936","6","0","0","0","0","0","0","0","0","","0","0","0","","","0","N","0","","40 02:36.141","","0","75 00:11.293","0","0","0","0","67301","0","0","0","N","0","0","0","1","68K01","0","","2.0","","9","N","N","N","1","","0","0","0","","0","","","1","0","1","0","0","0","0","2","0","1","","","","N","","","","","","","","","",""
"2020016054","0845","1","0","0","0","0","0","0","0","0","4","0","","67","2","2020","2","40.059851","-75.15013","0839","6","0","0","0","0","0","0","0","0","","0","0","0","","","1","","1","","40 03:35.463","","0","75 09:00.467","8","0","0","0","67301","0","0","0","N","0","0","0","2","67301","0","","1.0","","9","N","N","N","0","","0","0","1","","2","","","2","1","0","0","0","1","1","2","0","2","","","","N","","","","","","","","","",""
"2020042438","1625","1","0","0","0","0","0","0","0","0","7","0","","67","5","2020","7","39.978346","-75.155719","1620","6","0","0","0","0","0","0","0","0","","0","0","0","","","0","","1","","39 58:42.045","","0","75 09:20.588","0","0","0","0","67301","0","0","0","N","0","0","0","1","67301","0","","2.0","","1","N","N","N","0","","0","0","0","","2","","","1","0","0","0","0","0","0","2","0","1","","03","","N","","","","","","","","","",""
"2020043263","0630","1","0","0","0","0","0","0","0","0","5","0","","67","5","2020","7","39.992248","-75.099085","0625","6","0","0","0","0","0","0","0","0","","0","0","0","","","0","N","0","","39 59:32.092","1","0","75 05:56.706","0","0","0","0","67301","0","0","0","N","0","0","0","2","67301","0","","1.0","745.0","1","N","N","N","0","","0","0","1","","0","Y","","2","0","0","0","0","0","0","2","0","2","","","","N","","","","","","","","","",""
"2020044246","0407","1","0","0","0","0","0","0","0","0","5","0","","67","6","2020","7","40.040834","-75.005343","0400","6","0","0","0","0","0","0","0","0","","0","0","0","","","0","N","0","","40 02:27.002","","0","75 00:19.236","0","0","0","0","67301","0","0","0","N","0","0","0","2","68K01","0","","1.0","","9","N","N","N","0","","0","0","1","","0","","","2","0","1","0","0","0","0","2","0","2","","","","N","","","","","","","","","",""
"2020042376","1010","0","0","0","0","0","0","0","0","0","8","0","","67","5","2020","6","39.930989","-75.153169","1000","6","0","0","0","0","0","0","0","0","","0","0","0","","","1","","1","","39 55:51.561","","0","75 09:11.409","3","0","0","0","67301","1","0","0","N","1","0","0","2","67301","0","","1.0","","99","N","N","N","0","","1","0","1","","3","","","2","1","0","0","0","0","1","2","0","1","","03","","N","","","","","","","","","",""
"2020044430","1633","2","0","0","0","0","0","0","0","0","1","0","","67","5","2020","7","39.988526","-75.206903","1633","6","0","0","0","0","0","0","0","0","","0","0","0","","","3","N","6","","39 59:18.694","3","2","75 12:24.852","3","0","0","0","67301","0","0","0","N","0","0","0","4","68K01","0","","1.0","100.0","1","N","N","N","0","","3","0","0","","0","Y","","2","3","1","0","0","0","0","2","0","2","","","","N","","","","","","","","","",""
"2020044235","1254","0","0","0","0","0","0","0","0","0","0","1","","67","6","2020","4","39.901655","-75.152052","1250","6","0","0","0","0","0","0","0","0","","0","1","0","","","1","N","0","","39 54:05.957","2","3","75 09:07.386","8","0","0","0","67301","0","0","0","N","0","0","0","1","68K01","0","","3.0","400.0","9","N","N","N","0","","0","0","0","","0","N","","1","1","0","0","0","1","0","2","0","1","","04","","N","","","","","","","","","",""
"2020004199","0721","1","0","0","0","0","0","0","0","0","7","0","","67","1","2020","6","39.88827","-75.20325","0701","6","0","0","0","0","0","0","0","0","","0","0","0","","","0","N","0","","39 53:17.773","2","0","75 12:11.700","0","0","0","0","67301","0","0","0","N","0","0","0","1","68K01","0","","4.0","30.0","9","N","N","N","0","","0","0","0","","0","Y","","1","0","0","0","0","0","0","2","0","1","","07","","N","","","","","","","","","",""
"2020044544","2043","2","0","0","0","0","0","0","0","0","4","0","","67","6","2020","1","40.010422","-75.139081","2043","6","0","0","0","0","0","0","0","0","","0","0","0","","","0","N","0","","40 00:37.520","2","0","75 08:20.690","9","0","0","0","67301","0","0","0","N","0","0","0","1","67301","0","","6.0","2117.0","1","N","N","N","1","","0","0","0","","0","N","","3","0","0","0","0","0","1","2","0","3","","03","","N","","","","","","","","","",""
"2020045430","0538","1","0","0","0","0","0","0","0","0","2","0","","67","6","2020","7","39.958533","-75.247589","0531","6","0","0","0","0","0","0","0","0","","0","0","0","","","0","","2","","39 57:30.720","","0","75 14:51.320","0","0","0","0","67301","0","0","0","N","0","0","0","2","67301","0","","1.0","","3","N","N","N","0","","0","0","1","","3","","","2","0","0","0","0","0","0","2","0","2","","04","","N","","","","","","","","","",""
"2020043727","0233","1","0","0","0","0","0","0","0","0","5","0","","67","5","2020","7","40.074242","-75.167022","0228","6","0","0","0","0","0","0","0","0","","0","0","0","","","0","N","0","","40 04:27.270","","0","75 10:01.280","0","0","0","0","67301","0","0","0","N","0","0","0","0","67301","0","","1.0","","9","N","N","N","0","","0","0","1","","0","","","2","0","0","0","0","0","0","2","0","2","","07","","N","","","","","","","","","",""
"2020041832","2145","3","0","0","0","0","0","0","0","0","4","0","","67","5","2020","4","40.023918","-75.110432","2142","6","0","0","0","0","0","0","0","0","","1","0","0","","","1","N","2","","40 01:26.104","","0","75 06:37.554","1","0","0","0","67301","0","0","0","N","0","0","0","4","67301","0","2","1.0","","1","N","N","N","0","0","0","1","1","","0","","","4","1","0","0","0","0","1","2","0","4","","03","","N","","","","","","","","","",""
"2020044133","2203","2","0","0","0","0","0","0","0","0","4","0","","67","6","2020","7","39.953609","-75.198625","2202","6","0","0","0","0","0","0","0","0","","0","0","0","","","1","","1","","39 57:12.991","","0","75 11:55.051","2","0","0","0","67301","0","0","0","N","0","0","0","3","67504","0","","1.0","","1","N","N","N","0","","0","1","0","","2","","","2","1","1","0","1","0","0","2","0","2","","03","","N","","","","","","","","","",""
"2020042321","1528","1","0","0","0","0","0","0","0","0","8","0","","67","5","2020","5","39.986267","-75.183678","1524","6","0","0","0","0","0","0","0","0","","0","0","0","","","1","N","0","","39 59:10.560","","0","75 11:01.240","8","0","0","0","67301","1","0","0","N","1","0","0","2","67301","0","","1.0","","1","N","N","N","0","","0","0","0","","0","","","2","1","0","0","0","1","0","2","0","1","","","","N","","","","","","","","","",""
"2020045923","1657","1","0","0","0","0","0","0","0","0","1","0","","67","5","2020","4","39.934046","-75.199933","1645","6","0","0","0","0","0","0","0","0","","0","0","0","","","1","N","0","","39 56:02.564","4","0","75 11:59.757","3","0","0","0","67301","0","0","0","N","0","0","0","3","68K01","0","","1.0","1710.0","1","N","N","N","0","","1","0","1","","0","N","","2","1","0","0","0","0","0","2","0","2","","","","N","","","","","","","","","",""
"2020040002","2156","1","0","0","0","0","0","0","0","0","4","0","","67","5","2020","1","40.005394","-75.109358","2149","6","0","0","0","0","0","0","0","0","","1","0","0","","","0","","1","","40 00:19.420","","0","75 06:33.689","1","1","0","1","67301","0","0","0","N","0","0","0","2","67301","0","2","1.0","","1","N","N","N","0","0","0","0","0","","2","","","2","0","0","0","0","0","1","2","0","2","","03","","N","","","","","","","","","",""
"2020043258","0020","2","0","0","0","0","0","0","0","0","4","0","","67","5","2020","1","39.990866","-75.155261","0014","6","0","0","0","0","0","0","0","0","","1","0","0","","","1","","1","","39 59:27.119","5","0","75 09:18.941","1","1","0","1","67301","0","0","0","N","0","0","0","3","67301","0","2","1.0","250.0","1","N","N","N","0","0","0","0","0","","2","Y","","3","1","0","0","0","1","0","2","0","3","","","","N","","","","","","","","","",""
"2020044535","1253","0","0","0","0","0","0","0","0","0","0","0","","67","6","2020","1","39.990275","-75.174491","1252","6","0","0","0","0","0","1","0","0","","0","0","0","","","1","N","0","","39 59:24.989","","0","75 10:28.167","8","0","0","1","67301","0","0","0","N","0","0","0","1","67301","0","","1.0","","1","N","N","N","0","","0","0","0","","0","","","1","1","0","0","0","1","0","2","0","1","","03","","N","","","","","","","","","",""
"2020043870","1600","1","0","0","0","0","0","0","0","0","8","0","","67","6","2020","6","39.983189","-75.156819","1558","6","0","0","0","0","0","0","0","0","","0","0","0","","","1","N","1","","39 58:59.480","2","0","75 09:24.548","8","0","0","0","67301","1","0","0","N","1","0","0","2","67505","0","","1.0","1620.0","9","N","N","N","0","","0","0","0","","2","N","","2","1","0","0","0","1","1","2","0","1","","","","N","","","","","","","","","",""
"2020045849","1833","2","0","0","0","0","0","0","0","0","4","0","","67","6","2020","5","40.023753","-75.159471","1815","6","0","0","0","0","0","0","0","0","","0","0","0","","","0","","2","","40 01:25.511","","0","75 09:34.094","9","0","0","0","67301","0","0","0","N","0","0","0","1","67301","0","","1.0","","1","N","N","N","0","","0","0","0","","3","","","2","0","0","0","0","0","1","2","0","2","","03","","N","","","","","","","","","",""
"2020045937","1619","1","0","0","0","0","0","0","0","0","1","0","","67","5","2020","6","39.959641","-75.176951","1607","6","0","0","0","0","0","0","0","0","","0","0","0","","","0","N","0","","39 57:34.709","","0","75 10:37.025","0","0","0","0","67301","0","0","0","N","0","0","0","2","68K01","0","","1.0","","9","N","N","N","0","","0","0","1","","0","","","2","0","1","0","0","0","0","2","0","2","","","","N","","","","","","","","","",""
"2020043598","0745","1","0","0","0","0","0","0","0","0","1","0","","67","6","2020","2","40.005284","-75.187557","0745","6","0","0","0","0","0","0","1","0","","0","0","0","","","1","N","0","","40 00:19.023","","0","75 11:15.204","4","0","0","0","67301","0","0","0","N","0","0","0","2","67301","1","","1.0","","1","N","N","N","1","","0","0","0","","0","","","2","1","0","0","0","0","1","2","0","2","","03","","N","","","","","","","","","",""
"2020016615","2124","1","0","0","0","0","0","0","0","0","4","0","","67","2","2020","5","39.945162","-75.239446","2123","6","0","0","0","0","0","0","0","0","","0","0","0","","","2","N","0","","39 56:42.583","","7","75 14:22.005","8","0","0","0","67301","0","0","0","N","0","0","0","5","67301","0","","1.0","","9","N","N","N","1","","0","0","0","","0","","","2","2","0","0","0","2","1","2","0","2","","07","","N","","","","","","","","","",""
"2020045209","1312","0","0","0","0","0","0","0","0","0","1","0","","67","6","2020","4","39.900884","-75.153913","1312","6","0","0","0","0","0","1","0","0","","0","0","0","","","1","N","0","","39 54:03.182","","3","75 09:14.087","8","0","0","0","67301","0","0","0","N","0","0","0","2","68K01","0","","3.0","","9","N","N","N","0","","0","0","2","","0","","","2","1","0","0","0","1","0","2","0","2","","04","","N","","","","","","","","","",""
"2020043501","2121","0","0","0","0","0","0","0","0","0","1","0","","67","6","2020","4","40.035842","-75.086161","2114","6","0","0","0","0","0","1","0","0","","0","0","0","","","0","N","0","","40 02:09.030","","0","75 05:10.180","0","0","0","0","67301","0","0","0","N","0","0","0","1","67301","0","","1.0","","9","N","N","N","0","","0","0","2","","0","","","2","0","0","0","0","0","0","2","0","2","","03","","N","","","","","","","","","",""
"2020043595","2158","1","0","0","0","0","0","0","0","0","8","0","","67","5","2020","7","39.951272","-75.233442","2155","6","0","0","0","0","0","0","0","0","","0","0","0","","","1","N","0","","39 57:04.580","","0","75 14:00.390","3","0","0","0","67301","1","0","0","N","1","0","0","2","67301","0","","1.0","","1","N","N","N","0","","1","0","0","","0","","","2","1","0","0","0","0","0","2","0","1","","03","","N","","","","","","","","","",""
"2020047302","0635","1","0","0","0","0","0","0","0","0","4","1","","67","6","2020","7","39.921442","-75.216356","0632","6","0","0","0","0","0","1","0","0","","0","1","0","","","1","N","0","","39 55:17.190","","7","75 12:58.880","8","0","0","0","67301","0","0","0","N","0","0","0","2","67301","0","","1.0","","1","N","N","N","0","","0","0","0","","0","","","2","1","1","0","0","1","0","2","0","2","","03","","N","","","","","","","","","",""
"2020044533","0300","1","0","0","0","0","0","0","0","0","5","0","","67","6","2020","1","39.986056","-75.164464","0252","6","0","0","0","0","0","0","0","0","","0","0","0","","","0","N","0","","39 59:09.800","1","0","75 09:52.070","0","0","0","0","67301","0","0","0","N","0","0","0","1","67301","0","","1.0","400.0","1","N","N","N","0","","0","0","1","","0","Y","","2","0","0","0","0","0","0","2","0","2","","","","N","","","","","","","","","",""