"CRN","ARRIVAL_TM","AUTOMOBILE_COUNT","BELTED_DEATH_COUNT","BELTED_SUSP_SERIOUS_INJ_COUNT","BICYCLE_COUNT","BICYCLE_DEATH_COUNT","BICYCLE_SUSP_SERIOUS_INJ_COUNT","BUS_COUNT","CHLDPAS_DEATH_COUNT","CHLDPAS_SUSP_SERIOUS_INJ_COUNT","COLLISION_TYPE","COMM_VEH_COUNT","CONS_ZONE_SPD_LIM","COUNTY","CRASH_MONTH","CRASH_YEAR","DAY_OF_WEEK","DEC_LATITUDE","DEC_LONGITUDE","DISPATCH_TM","DISTRICT","DRIVER_COUNT_16YR","DRIVER_COUNT_17YR","DRIVER_COUNT_18YR","DRIVER_COUNT_19YR","DRIVER_COUNT_20YR","DRIVER_COUNT_50_64YR","DRIVER_COUNT_65_74YR","DRIVER_COUNT_75PLUS","EST_HRS_CLOSED","FATAL_COUNT","HEAVY_TRUCK_COUNT","HORSE_BUGGY_COUNT","HOUR_OF_DAY","ILLUMINATION","INJURY_COUNT","INTERSECTION_RELATED","INTERSECT_TYPE","LANE_CLOSED","LATITUDE","LN_CLOSE_DIR","LOCATION_TYPE","LONGITUDE","MAX_SEVERITY_LEVEL","MCYCLE_DEATH_COUNT","MCYCLE_SUSP_SERIOUS_INJ_COUNT","MOTORCYCLE_COUNT","MUNICIPALITY","NONMOTR_COUNT","NONMOTR_DEATH_COUNT","NONMOTR_SUSP_SERIOUS_INJ_COUNT","NTFY_HIWY_MAINT","PED_COUNT","PED_DEATH_COUNT","PED_SUSP_SERIOUS_INJ_COUNT","PERSON_COUNT","POLICE_AGCY","POSSIBLE_INJ_COUNT","RDWY_SURF_TYPE_CD","RELATION_TO_ROAD","ROADWAY_CLEARED","ROAD_CONDITION","SCH_BUS_IND","SCH_ZONE_IND","SECONDARY_CRASH","SMALL_TRUCK_COUNT","SPEC_JURIS_CD","SUSP_MINOR_INJ_COUNT","SUSP_SERIOUS_INJ_COUNT","SUV_COUNT","TCD_FUNC_CD","TCD_TYPE","TFC_DETOUR_IND","TIME_OF_DAY","TOTAL_UNITS","TOT_INJ_COUNT","UNBELTED_OCC_COUNT","UNB_DEATH_COUNT","UNB_SUSP_SERIOUS_INJ_COUNT","UNK_INJ_DEG_COUNT","UNK_INJ_PER_COUNT","URBAN_RURAL","VAN_COUNT","VEHICLE_COUNT","WEATHER1","WEATHER2","WORKERS_PRES","WORK_ZONE_IND","WORK_ZONE_LOC","WORK_ZONE_TYPE","WZ_CLOSE_DETOUR","WZ_FLAGGER","WZ_LAW_OFFCR_IND","WZ_LN_CLOSURE","WZ_MOVING","WZ_OTHER","WZ_SHLDER_MDN","WZ_WORKERS_INJ_KILLED"
"2020045268","1410","0","0","0","0","0","0","0","0","0","4","1","","67","6","2020","2","40.003833","-75.124153","1400","6","0","0","0","0","0","2","0","1","","0","1","0","","","1","","2","","40 00:13.798","","0","75 07:26.950","3","0","0","0","67301","0","0","0","N","0","0","0","3","67301","0","","1.0","","1","N","N","N","0","","1","0","1","","3","","","3","1","1","0","0","0","0","2","1","3","","03","","N","","","","","","","","","",""
"2020001155","1500","1","0","0","0","0","0","0","0","0","4","0","","67","1","2020","6","40.052316","-75.007986","1447","6","0","0","0","0","1","1","0","0","","0","0","0","","","1","","1","","40 03:08.339","","0","75 00:28.750","8","0","0","0","67301","0","0","0","N","0","0","0","3","67301","0","","1.0","","1","N","N","N","1","","0","0","0","","2","","","2","1","0","0","0","1","0","2","0","2","","04","","N","","","","","","","","","",""
"2020004289","1700","1","0","0","0","0","0","0","0","0","2","0","","67","1","2020","1","40.038304","-75.075365","1657","6","0","0","0","0","0","0","0","0","","0","0","0","","","1","","1","","40 02:17.896","5","0","75 04:31.313","3","0","0","1","67301","0","0","0","N","0","0","0","6","67301","0","","1.0","1730.0","1","N","N","N","0","","1","0","0","","2","Y","","2","1","0","0","0","0","0","2","0","2","","03","","N","","","","","","","","","",""
"2020000365","0710","1","0","0","0","0","0","0","0","0","1","1","","67","1","2020","5","39.9025","-75.224775","0653","6","0","0","0","0","0","0","0","0","2","0","1","0","","","1","","2","","39 54:08.999","2","0","75 13:29.191","3","0","0","0","67301","0","0","0","N","0","0","0","2","67301","0","","1.0","9999.0","1","N","N","N","0","","1","0","0","","2","N","","2","1","0","0","0","0","0","2","0","2","","","","N","","","","","","","","","",""
"2020044986","1726","1","0","0","0","0","0","0","0","0","4","0","","67","5","2020","4","39.942328","-75.143257","1722","6","0","0","0","1","0","0","0","0","","0","0","0","","","0","N","0","","39 56:32.381","","0","75 08:35.726","9","0","0","0","67301","0","0","0","N","0","0","0","2","68K01","0","","1.0","","1","N","N","N","0","","0","0","0","","0","","","2","0","0","0","0","0","1","2","0","2","","","","N","","","","","","","","","",""
"2020012181","1720","0","0","0","0","0","0","0","0","0","4","1","","67","1","2020","4","39.983789","-75.257117","1710","6","0","0","0","0","0","1","0","0","","0","1","0","","","1","","1","","39 59:01.640","","0","75 15:25.621","4","0","0","0","67301","0","0","0","N","0","0","0","2","67301","1","","1.0","","1","N","N","N","0","","0","0","1","","3","","","2","1","0","0","0","0","0","2","0","2","","03","","N","","","","","","","","","",""
"2020001156","1710","0","0","0","0","0","0","0","0","0","4","0","","67","1","2020","6","40.060549","-75.019421","1656","6","0","0","0","0","0","0","0","0","","0","0","0","","","0","N","0","","40 03:37.976","","0","75 01:09.917","0","0","0","0","67301","0","0","0","N","0","0","0","1","67301","0","","3.0","","9","N","N","N","0","","0","0","2","","0","","","2","0","0","0","0","0","0","2","0","2","","07","","N","","","","","","","","","",""
"2020044530","2140","1","0","0","0","0","0","0","0","0","4","0","","67","6","2020","6","39.990389","-75.151504","2137","6","0","0","0","0","0","0","0","0","","0","0","0","","","1","","1","","39 59:25.400","3","0","75 09:05.414","3","0","0","0","67301","0","0","0","N","0","0","0","2","67301","0","","1.0","2220.0","9","N","N","N","0","","1","0","0","","3","Y","","2","1","0","0","0","0","0","2","1","2","","","","N","","","","","","","","","",""
"2020044551","1745","1","0","0","0","0","0","0","0","0","7","0","","67","6","2020","6","40.019576","-75.160518","1742","6","0","0","1","0","0","0","0","0","","0","0","0","","","0","N","0","","40 01:10.473","","0","75 09:37.866","9","0","0","0","67301","0","0","0","N","0","0","0","1","67301","0","","4.0","","1","N","N","N","0","","0","0","0","","0","","","1","0","1","0","0","0","1","2","0","1","","03","","N","","","","","","","","","",""
"2020045955","0932","1","0","0","0","0","0","0","0","0","5","0","","67","5","2020","1","40.01126","-75.061156","0926","6","0","0","0","0","0","1","0","0","","0","0","0","","","0","N","0","","40 00:40.536","1","0","75 03:40.162","0","0","0","0","67301","0","0","0","N","0","0","0","4","68K01","0","","1.0","10.0","1","N","N","N","0","","0","0","0","","0","N","","2","0","0","0","0","0","0","2","1","2","","03","","N","","","","","","","","","",""
"2020001642","0907","0","0","0","0","0","0","0","0","0","1","1","","67","1","2020","7","40.029855","-75.104304","0847","6","0","0","0","0","0","1","0","0","","0","1","0","","","1","","2","","40 01:47.478","","0","75 06:15.493","3","0","0","0","67301","0","0","0","N","0","0","0","3","67301","0","","1.0","","9","N","N","N","0","","1","0","1","","2","","","2","1","1","0","0","0","0","2","0","2","","07","","N","","","","","","","","","",""
"2020004047","0825","0","0","0","0","0","0","0","0","0","8","0","","67","1","2020","5","40.056373","-75.028181","0815","6","0","0","0","0","0","0","0","0","","0","0","0","","","1","","5","","40 03:22.942","","0","75 01:41.453","3","0","0","0","67301","1","0","0","N","1","0","0","2","67301","0","","1.0","","1","N","N","N","0","","1","0","0","","2","","","2","1","0","0","0","0","1","2","0","1","","03","","N","","","","","","","","","",""
"2020003333","1611","1","0","0","0","0","0","0","0","0","1","0","","67","1","2020","4","40.012642","-75.119628","1610","6","0","0","0","0","1","1","0","0","","0","0","0","","","0","N","0","","40 00:45.511","","0","75 07:10.661","0","0","0","0","67301","0","0","0","N","0","0","0","2","67301","0","","1.0","","1","N","N","N","0","","0","0","1","","2","","","2","0","1","0","0","0","0","2","0","2","","03","","N","","","","","","","","","",""
"2020042852","0732","1","0","0","0","0","0","0","0","0","5","1","35","67","6","2020","2","39.910694","-75.159278","0731","6","0","0","0","0","0","0","1","0","","0","1","0","","","0","N","0","","39 54:38.500","4","3","75 09:33.400","0","0","0","0","67301","0","0","0","N","0","0","0","2","67501","0","","1.0","832.0","1","N","N","N","0","","0","0","0","","8","N","","2","0","0","0","0","0","0","2","0","2","","03","U","Y","1","1","","","N","Y","","","","N"
"2020005203","2105","1","0","0","0","0","0","0","0","0","4","0","","67","1","2020","7","39.986406","-75.142792","2105","6","0","0","0","0","0","0","0","0","","0","0","0","","","1","N","0","","39 59:11.060","","0","75 08:34.050","3","0","0","0","67301","0","0","0","N","0","0","0","1","67301","0","","6.0","","9","N","N","N","1","","1","0","0","","0","","","2","1","0","0","0","0","0","2","0","2","","07","","N","","","","","","","","","",""
"2020005518","0824","1","0","0","0","0","0","0","0","0","1","0","","67","1","2020","2","39.957446","-75.158649","0812","6","0","0","0","0","0","0","0","0","","0","0","0","","","1","N","0","","39 57:26.805","","0","75 09:31.138","4","0","0","0","67301","0","0","0","N","0","0","0","2","68K01","1","","1.0","","1","N","N","N","0","","0","0","0","","0","","","2","1","0","0","0","0","0","2","1","2","","","","N","","","","","","","","","",""
"2020002536","0115","2","0","0","0","0","0","0","0","0","2","0","","67","1","2020","1","40.063708","-75.145886","0105","6","0","0","0","0","0","1","0","0","","0","0","0","","","0","N","0","","40 03:49.350","1","0","75 08:45.190","9","0","0","0","67301","0","0","0","N","0","0","0","2","67301","0","","1.0","257.0","9","N","N","N","0","","0","0","1","","0","N","","3","0","0","0","0","0","1","2","0","3","","03","","N","","","","","","","","","",""
"2020005204","1005","0","0","0","0","0","0","0","0","0","1","0","","67","1","2020","4","39.97095","-75.128451","1000","6","0","0","0","0","0","0","0","0","","0","0","0","","","0","","1","","39 58:15.420","","0","75 07:42.424","0","0","0","0","67301","0","0","0","N","0","0","0","1","67301","0","","1.0","","1","N","N","N","1","","0","0","1","","2","","","2","0","0","0","0","0","0","2","0","2","","03","","N","","","","","","","","","",""
"2020004696","2322","1","0","0","0","0","0","0","0","0","1","0","","67","1","2020","1","40.012538","-75.181165","2315","6","0","0","0","0","0","0","0","0","","0","0","0","","","0","N","0","","40 00:45.137","","0","75 10:52.194","0","0","0","0","67301","0","0","0","N","0","0","0","1","67301","0","","1.0","","1","N","N","N","0","","0","0","0","","0","","","2","0","0","0","0","0","0","2","0","2","","03","","N","","","","","","","","","",""
"2020002693","0812","0","0","0","0","0","0","1","0","0","4","1","","67","1","2020","2","39.979914","-75.167408","0811","6","0","0","0","0","0","0","0","0","","0","0","0","","","1","","1","","39 58:47.690","6","0","75 10:02.668","3","0","0","0","67301","0","0","0","N","0","0","0","2","67301","0","","1.0","915.0","1","Y","Y","N","0","","1","0","1","","2","Y","","2","1","0","0","0","0","0","2","0","2","","04","","N","","","","","","","","","",""
"2020045215","0450","0","0","0","0","0","0","0","0","0","7","1","","67","6","2020","6","39.960447","-75.18123","0445","6","0","0","0","0","0","0","0","0","","0","1","0","","","0","N","0","","39 57:37.609","","0","75 10:52.428","0","0","0","0","67301","0","0","0","N","0","0","0","1","68K01","0","","2.0","","9","N","N","N","0","","0","0","0","","0","","","1","0","0","0","0","0","0","2","0","1","","","","N","","","","","","","","","",""
"2020043201","2332","1","0","0","0","0","0","0","0","0","1","0","","67","5","2020","2","40.00255","-75.195016","2326","6","0","0","0","0","0","0","0","0","","0","0","0","","","1","N","0","","40 00:09.179","","0","75 11:42.057","8","0","0","0","67301","0","0","0","N","0","0","0","4","68K01","0","","1.0","","1","N","N","N","0","","0","0","1","","0","","","2","1","0","0","0","1","0","2","0","2","","03","","N","","","","","","","","","",""
"2020004006","0811","0","0","1","0","0","0","0","0","0","4","1","","67","1","2020","4","39.975941","-75.206554","0758","6","0","0","0","0","0","1","0","0","","0","1","0","","","1","","1","","39 58:33.387","2","0","75 12:23.594","2","0","0","0","67301","0","0","0","N","0","0","0","3","67301","0","","1.0","940.0","1","N","N","N","0","","0","1","0","","3","Y","","2","1","0","0","0","0","0","2","1","2","","03","","N","","","","","","","","","",""
"2020004931","1705","1","0","0","0","0","0","1","0","0","4","1","","67","1","2020","2","40.04564","-75.128489","1705","6","0","0","0","0","0","1","0","0","","0","0","0","","","4","","1","","40 02:44.303","","0","75 07:42.560","3","0","0","0","67301","0","0","0","N","0","0","0","6","67301","0","","1.0","","1","N","N","N","0","","4","0","0","","2","","","2","4","0","0","0","0","0","2","0","2","","03","","N","","","","","","","","","",""
"2020001394","2325","0","0","0","0","0","0","0","0","0","4","0","","67","1","2020","6","39.93511","-75.144983","2320","6","0","0","0","0","0","0","0","0","","0","0","0","","","1","N","0","","39 56:06.396","2","0","75 08:41.937","8","0","0","0","67301","0","0","0","N","0","0","0","2","68K01","0","","1.0","45.0","9","N","N","Y","0","","0","0","1","","0","N","","2","1","0","0","0","1","0","2","0","2","","","","N","","","","","","","","","",""
"2020004045","0200","1","0","0","0","0","0","0","0","0","8","0","","67","1","2020","1","40.031352","-75.105055","0145","6","0","0","0","0","0","0","0","0","","0","0","0","","","1","N","0","","40 01:52.866","3","0","75 06:18.198","3","0","0","0","67301","1","0","0","N","1","0","0","2","67301","0","","1.0","245.0","9","N","N","N","0","","1","0","0","","0","N","","2","1","0","0","0","0","0","2","0","1","","07","","N","","","","","","","","","",""
"2020045204","0117","0","0","0","0","0","0","0","0","0","7","0","","67","5","2020","7","39.982445","-75.083789","0116","6","0","0","0","0","0","0","0","0","","0","0","0","","","0","N","0","","39 58:56.803","3","0","75 05:01.642","0","0","0","0","67301","0","0","0","N","0","0","0","1","68K01","0","","3.0","100.0","9","N","N","N","0","","0","0","1","","0","N","","1","0","0","0","0","0","0","2","0","1","","","","N","","","","","","","","","",""
"2020003002","1235","1","0","0","0","0","0","0","0","0","4","1","","67","1","2020","3","40.010914","-75.177953","1232","6","0","0","0","0","0","1","1","0","","0","1","0","","","2","N","0","","40 00:39.292","3","7","75 10:40.631","8","0","0","0","67301","0","0","0","N","0","0","0","3","67301","0","","1.0","1315.0","1","N","N","N","0","","0","0","0","","2","N","","2","2","0","0","0","2","0","2","0","2","","","","N","","","","","","","","","",""
"2020042302","0530","1","0","0","0","0","0","0","0","0","2","0","","67","5","2020","6","39.957697","-75.162478","0502","6","0","0","0","0","0","2","0","0","","0","0","0","","","0","","1","","39 57:27.710","","0","75 09:44.921","0","0","0","0","67301","0","0","0","N","0","0","0","2","67301","0","","1.0","","9","N","N","N","0","","0","0","1","","2","","","2","0","0","0","0","0","0","2","0","2","","","","N","","","","","","","","","",""
"2020044432","1422","1","0","0","0","0","0","0","0","0","1","1","50","67","5","2020","3","39.944618","-75.191326","1411","6","0","0","0","0","0","1","0","0","","0","0","0","","","1","N","6","","39 56:40.625","3","8","75 11:28.773","3","0","0","0","67301","0","0","0","N","0","0","0","3","68K01","0","","1.0","30.0","1","N","N","N","1","","1","0","1","","0","N","","3","1","0","0","0","0","0","2","0","3","","","Y","Y","4","2","N","N","U","Y","Y","N","Y","N"
"2020003719","0539","0","0","0","0","0","0","0","0","0","1","0","","67","1","2020","4","40.000875","-75.227079","0508","6","0","0","0","0","0","1","0","0","","0","0","0","","","0","N","0","","40 00:03.151","","0","75 13:37.485","0","0","0","0","67301","0","0","0","N","0","0","0","3","67301","0","","1.0","","1","N","N","N","0","","0","0","3","","2","","","3","0","0","0","0","0","0","2","0","3","","03","","N","","","","","","","","","",""
"2020001744","1608","1","0","0","0","0","0","0","0","0","4","0","","67","1","2020","5","40.00868","-75.068855","1606","6","0","0","0","0","0","2","0","0","","0","0","0","","","0","","1","","40 00:31.249","","0","75 04:07.877","0","0","0","0","67301","0","0","0","N","0","0","0","4","67301","0","","9.0","","1","N","N","N","0","","0","0","1","","2","","","2","0","0","0","0","0","0","2","0","2","","03","","N","","","","","","","","","",""
"2020005740","0726","2","0","0","0","0","0","0","0","0","1","0","","67","1","2020","3","39.941292","-75.194679","0707","6","0","0","0","0","0","0","0","0","","0","0","0","","","0","N","0","","39 56:28.651","4","0","75 11:40.845","0","0","0","0","67301","0","0","0","N","0","0","0","2","68K01","0","","1.0","30.0","1","N","N","N","0","","0","0","0","","0","N","","2","0","0","0","0","0","0","2","0","2","","03","","N","","","","","","","","","",""
"2020045217","0018","4","0","0","0","0","0","0","0","0","1","0","","67","6","2020","7","39.967133","-75.132945","0010","6","0","0","0","1","1","0","0","0","","0","0","0","","","3","N","0","","39 58:01.680","1","0","75 07:58.603","8","0","0","0","67301","0","0","0","N","0","0","0","6","68K01","0","","1.0","120.0","9","N","N","Y","0","","0","0","0","","0","N","","4","3","0","0","0","3","0","2","0","4","","","","N","","","","","","","","","",""
"2020013969","2328","2","0","0","0","0","0","0","0","0","4","0","","67","2","2020","3","40.034491","-75.08222","2327","6","0","0","1","0","0","0","0","0","","0","0","0","","","1","","1","","40 02:04.167","","0","75 04:55.991","3","0","0","0","67301","0","0","0","N","0","0","0","2","67301","0","","1.0","","9","N","N","N","0","","1","0","0","","0","","","2","1","0","0","0","0","0","2","0","2","","03","","N","","","","","","","","","",""
"2020004496","1301","0","0","0","0","0","0","0","0","0","8","0","","67","1","2020","5","40.05253","-75.141682","1300","6","0","0","0","0","0","0","0","0","","0","0","0","","","1","N","0","","40 03:09.108","","0","75 08:30.056","8","0","0","0","67301","1","0","0","N","1","0","0","1","67301","0","","1.0","","99","N","N","N","0","","0","0","0","","0","U","","2","1","0","0","0","1","0","2","0","1","","","","N","","","","","","","","","",""
"2020006285","1401","2","0","0","0","0","0","0","0","0","1","0","","67","1","2020","5","39.994911","-75.158736","1400","6","0","0","0","0","0","0","0","0","","0","0","0","","","1","N","0","","39 59:41.680","","0","75 09:31.450","3","0","0","0","67301","0","0","0","N","0","0","0","1","67301","0","","1.0","","1","N","N","N","0","","1","0","0","","0","","","2","1","0","0","0","0","0","2","0","2","","03","","N","","","","","","","","","",""
"2020004203","1739","1","0","0","0","0","0","0","0","0","1","0","","67","1","2020","7","39.946472","-75.189156","1721","6","0","0","0","1","0","1","0","0","","0","0","0","","","0","N","6","","39 56:47.298","3","2","75 11:20.962","0","0","0","0","67301","0","0","0","N","0","0","0","8","68K01","0","","1.0","1740.0","9","N","N","N","0","","0","0","2","","0","N","","4","0","0","0","0","0","0","2","1","4","","07","","N","","","","","","","","","",""
"2020004730","2008","2","0","0","0","0","0","0","0","0","1","0","","67","1","2020","2","40.087537","-74.971134","1955","6","0","0","0","1","0","0","0","0","","0","0","0","","","1","","1","","40 05:15.133","","0","74 58:16.083","3","0","0","0","67301","0","0","0","N","0","0","0","2","67301","0","","1.0","","1","N","N","N","0","","1","0","0","","2","","","2","1","0","0","0","0","0","2","0","2","","03","","N","","","","","","","","","",""
"2020002460","0636","1","0","0","0","0","0","0","0","0","5","1","","67","1","2020","7","39.986417","-75.208417","0630","6","0","0","0","0","0","0","0","1","","0","2","0","","","0","N","0","","39 59:11.100","","2","75 12:30.300","0","0","0","0","67301","0","0","0","N","0","0","0","3","67301","0","","2.0","","1","N","N","N","0","","0","0","0","","0","","","3","0","0","0","0","0","0","2","0","3","","03","","N","","","","","","","","","",""
"2020006412","1941","0","0","0","0","0","0","0","0","0","8","0","","67","1","2020","2","40.021477","-75.148578","1940","6","0","0","0","0","0","0","0","0","","0","0","0","","","1","","1","","40 01:17.317","","7","75 08:54.879","8","0","0","0","67301","1","0","0","N","1","0","0","1","67301","0","","5.0","","1","N","N","N","0","","0","0","1","","2","","","2","1","0","0","0","1","0","2","0","1","","03","","N","","","","","","","","","",""
"2020004215","1456","1","0","0","0","0","0","0","0","0","5","1","","67","1","2020","4","39.961601","-75.182635","1436","6","0","0","0","0","0","2","0","0","","0","1","0","","","0","N","6","","39 57:41.763","","2","75 10:57.486","0","0","0","0","67301","0","0","0","N","0","0","0","2","68K01","0","","1.0","","1","N","N","N","0","","0","0","0","","0","","","2","0","0","0","0","0","0","2","0","2","","","","N","","","","","","","","","",""
"2020004345","1804","1","0","0","0","0","0","0","0","0","1","0","","67","1","2020","5","40.028803","-75.079467","1755","6","0","0","0","1","0","0","0","0","","0","0","0","","","1","N","0","","40 01:43.690","","0","75 04:46.080","3","0","0","0","67301","0","0","0","N","0","0","0","1","67301","0","","1.0","","1","N","N","N","0","","1","0","3","","0","","","4","1","0","0","0","0","0","2","0","4","","03","","N","","","","","","","","","",""
"2020002694","0905","2","0","0","0","0","0","0","0","0","2","0","","67","1","2020","4","39.994043","-75.179834","0900","6","0","0","0","0","0","0","0","0","","0","0","0","","","1","","2","","39 59:38.554","","0","75 10:47.402","3","0","0","0","67301","0","0","0","N","0","0","0","2","67301","0","","1.0","","1","N","N","N","0","","1","0","0","","3","","","2","1","0","0","0","0","0","2","0","2","","03","","N","","","","","","","","","",""
"2020015758","1826","2","0","0","0","0","0","0","0","0","4","0","","67","1","2020","6","40.032025","-75.052213","1826","6","0","0","0","0","0","0","0","0","","0","0","0","","","2","N","0","","40 01:55.290","2","0","75 03:07.967","3","0","0","0","67301","0","0","0","N","0","0","0","2","67301","0","","6.0","1915.0","1","N","N","N","0","","2","0","0","","0","Y","","2","2","1","0","0","0","0","2","0","2","","03","","N","","","","","","","","","",""
"2020005839","1101","0","0","0","0","0","0","0","0","0","8","0","","67","1","2020","5","39.962387","-75.246879","1048","6","0","0","0","0","0","0","0","0","","0","0","0","","","1","N","0","","39 57:44.593","","0","75 14:48.766","4","0","0","0","67301","1","0","0","N","1","0","0","2","67301","1","","1.0","","1","N","N","N","0","","0","0","1","","3","","","2","1","0","0","0","0","0","2","0","1","","03","","N","","","","","","","","","",""
"2020006088","1042","1","0","0","0","0","0","0","0","0","5","0","","67","1","2020","7","39.980593","-75.17245","1042","6","0","0","0","0","0","0","0","0","","0","0","0","","","0","","2","","39 58:50.135","","0","75 10:20.821","0","0","0","0","67301","0","0","0","N","0","0","0","1","67301","0","","1.0","","1","N","N","N","0","","0","0","1","","2","","","2","0","0","0","0","0","0","2","0","2","","03","","N","","","","","","","","","",""
"2020000481","1737","1","0","0","0","0","0","1","0","0","5","1","","67","1","2020","4","39.953353","-75.154704","1737","6","0","0","0","0","0","0","0","0","","0","0","0","","","0","","1","","39 57:12.069","","0","75 09:16.934","0","0","0","0","67301","0","0","0","N","0","0","0","2","67301","0","","1.0","","1","N","N","N","0","","0","0","0","","2","","","2","0","0","0","0","0","0","2","0","2","","","","N","","","","","","","","","",""
"2020004053","2024","1","0","0","0","0","0","0","0","0","8","0","","67","1","2020","7","40.027406","-75.168092","2024","6","0","0","0","1","0","0","0","0","","0","0","0","","","1","N","0","","40 01:38.660","6","0","75 10:05.130","3","0","0","0","67301","1","0","0","N","1","0","0","2","67301","0","","1.0","2040.0","9","N","N","N","0","","1","0","0","","3","Y","","2","1","0","0","0","0","0","2","0","1","","","","N","","","","","","","","","",""
"2020004346","1851","1","0","0","0","0","0","0","0","0","4","0","","67","1","2020","5","40.032552","-75.032587","1841","6","0","0","0","0","1","0","0","0","","0","0","0","","","1","","1","","40 01:57.188","","0","75 01:57.314","4","0","0","0","67301","0","0","0","N","0","0","0","3","67301","1","","1.0","","1","N","N","N","0","","0","0","1","","3","","","2","1","1","0","0","0","0","2","0","2","","","","N","","","","","","","","","",""
"2020002912","1502","1","0","0","0","0","0","0","0","0","4","0","","67","1","2020","4","40.074698","-74.989276","1452","6","0","0","0","0","0","0","0","0","","0","0","0","","","0","","1","","40 04:28.912","2","0","74 59:21.393","0","0","0","0","67301","0","0","0","N","0","0","0","2","67301","0","","1.0","1600.0","1","N","N","N","1","","0","0","0","","3","N","","2","0","0","0","0","0","0","2","0","2","","03","","N","","","","","","","","","",""
"2020001428","1855","2","0","0","0","0","0","0","0","0","1","0","","67","1","2020","6","40.022782","-75.194706","1855","6","0","0","0","0","0","1","0","0","","0","0","0","","","0","N","0","","40 01:22.014","","0","75 11:40.940","0","0","0","0","67301","0","0","0","N","0","0","0","2","67301","0","","1.0","","9","N","N","N","0","","0","0","0","","0","","","2","0","0","0","0","0","0","2","0","2","","07","","N","","","","","","","","","",""
"2020004791","0409","1","0","0","0","0","0","0","0","0","4","0","","67","1","2020","1","39.947568","-75.149975","0405","6","0","0","0","0","0","0","0","0","","0","0","0","","","0","N","0","","39 56:51.246","4","0","75 08:59.910","0","0","0","0","67301","0","0","0","N","0","0","0","2","67301","0","","1.0","100.0","9","N","N","N","0","","0","0","1","","0","Y","","2","0","0","0","0","0","0","2","0","2","","05","","N","","","","","","","","","",""
"2020001252","1550","2","0","0","0","0","0","0","0","0","1","0","","67","1","2020","6","40.053853","-75.178449","1544","6","0","0","0","0","0","0","0","0","","0","0","0","","","1","N","0","","40 03:13.869","","0","75 10:42.415","4","0","0","0","67301","0","0","0","N","0","0","0","2","67301","1","","6.0","","9","N","Y","N","0","","0","0","0","","0","","","2","1","0","0","0","0","0","2","0","2","","","","N","","","","","","","","","",""
"2020001643","1420","0","0","0","0","0","0","0","0","0","8","0","","67","1","2020","1","40.061508","-75.083511","1415","6","0","0","0","0","0","0","0","0","","0","0","0","","","1","N","0","","40 03:41.428","","0","75 05:00.641","3","0","0","0","67301","1","0","0","N","1","0","0","1","67301","0","","1.0","","1","N","N","N","0","","1","0","1","","0","","","2","1","0","0","0","0","0","2","0","1","","03","","N","","","","","","","","","",""
"2020003370","2340","0","0","0","0","0","0","0","0","0","1","1","40","67","1","2020","5","40.018257","-75.168786","2330","6","0","0","0","0","0","0","0","0","","0","1","0","","","1","","7","","40 01:05.725","1","0","75 10:07.630","3","0","0","0","67301","0","0","0","N","0","0","0","3","67301","0","","1.0","2350.0","1","N","N","N","0","","1","0","1","","8","Y","","3","1","0","0","0","0","1","2","0","3","","03","Y","Y","4","1","N","N","N","Y","Y","N","N","N"
"2020004290","0845","1","0","0","0","0","0","0","0","0","7","0","","67","1","2020","1","40.056757","-75.030688","0841","6","0","0","0","0","0","0","0","0","","0","0","0","","","0","N","0","","40 03:24.325","","0","75 01:50.476","0","0","0","0","67301","0","0","0","N","0","0","0","1","67301","0","","4.0","","1","N","N","N","0","","0","0","0","","0","","","1","0","0","0","0","0","0","2","0","1","","04","","N","","","","","","","","","",""
"2020003003","1358","1","0","0","0","0","0","0","0","0","1","0","","67","1","2020","3","40.004257","-75.173537","1355","6","0","0","0","0","0","0","0","0","","0","0","0","","","2","","2","","40 00:15.325","6","0","75 10:24.734","3","0","0","0","67301","0","0","0","N","0","0","0","2","67301","1","","1.0","100.0","1","N","N","N","0","","1","0","1","","2","Y","","2","2","0","0","0","0","0","2","0","2","","","","N","","","","","","","","","",""
"2020001154","0830","1","0","0","0","0","0","0","0","0","2","0","","67","1","2020","7","39.956586","-75.152428","0817","6","0","0","0","0","0","1","0","0","","0","0","0","","","1","","5","","39 57:23.708","2","1","75 09:08.740","3","0","0","0","67301","0","0","0","N","0","0","0","2","67301","0","","1.0","30.0","9","N","N","N","0","","1","0","1","","2","Y","","2","1","2","0","0","0","0","2","0","2","","07","","N","","","","","","","","","",""
"2020014645","2239","2","0","0","0","0","0","0","0","0","8","0","","67","1","2020","5","40.013623","-75.158706","2234","6","0","0","0","0","0","1","0","0","","1","0","0","","","1","","2","","40 00:49.044","7","0","75 09:31.340","1","0","0","0","67301","2","1","1","N","2","1","1","4","67301","0","2","1.0","45.0","1","N","N","N","0","0","0","1","0","","2","N","","4","1","0","0","0","0","0","2","0","2","","","","N","","","","","","","","","",""
"2020006347","1611","1","0","0","0","0","0","0","0","0","5","0","","67","1","2020","5","40.039468","-75.00704","1603","6","0","0","0","0","0","0","0","0","","0","0","0","","","0","N","0","","40 02:22.083","","0","75 00:25.343","0","0","0","0","67301","0","0","0","N","0","0","0","2","68K01","0","","1.0","","1","N","N","N","0","","0","0","1","","0","","","2","0","0","0","0","0","0","2","0","2","","","","N","","","","","","","","","",""