"CRN","ARRIVAL_TM","AUTOMOBILE_COUNT","BELTED_DEATH_COUNT","BELTED_SUSP_SERIOUS_INJ_COUNT","BICYCLE_COUNT","BICYCLE_DEATH_COUNT","BICYCLE_SUSP_SERIOUS_INJ_COUNT","BUS_COUNT","CHLDPAS_DEATH_COUNT","CHLDPAS_SUSP_SERIOUS_INJ_COUNT","COLLISION_TYPE","COMM_VEH_COUNT","CONS_ZONE_SPD_LIM","COUNTY","CRASH_MONTH","CRASH_YEAR","DAY_OF_WEEK","DEC_LATITUDE","DEC_LONGITUDE","DISPATCH_TM","DISTRICT","DRIVER_COUNT_16YR","DRIVER_COUNT_17YR","DRIVER_COUNT_18YR","DRIVER_COUNT_19YR","DRIVER_COUNT_20YR","DRIVER_COUNT_50_64YR","DRIVER_COUNT_65_74YR","DRIVER_COUNT_75PLUS","EST_HRS_CLOSED","FATAL_COUNT","HEAVY_TRUCK_COUNT","HORSE_BUGGY_COUNT","HOUR_OF_DAY","ILLUMINATION","INJURY_COUNT","INTERSECTION_RELATED","INTERSECT_TYPE","LANE_CLOSED","LATITUDE","LN_CLOSE_DIR","LOCATION_TYPE","LONGITUDE","MAX_SEVERITY_LEVEL","MCYCLE_DEATH_COUNT","MCYCLE_SUSP_SERIOUS_INJ_COUNT","MOTORCYCLE_COUNT","MUNICIPALITY","NONMOTR_COUNT","NONMOTR_DEATH_COUNT","NONMOTR_SUSP_SERIOUS_INJ_COUNT","NTFY_HIWY_MAINT","PED_COUNT","PED_DEATH_COUNT","PED_SUSP_SERIOUS_INJ_COUNT","PERSON_COUNT","POLICE_AGCY","POSSIBLE_INJ_COUNT","RDWY_SURF_TYPE_CD","RELATION_TO_ROAD","ROADWAY_CLEARED","ROAD_CONDITION","SCH_BUS_IND","SCH_ZONE_IND","SECONDARY_CRASH","SMALL_TRUCK_COUNT","SPEC_JURIS_CD","SUSP_MINOR_INJ_COUNT","SUSP_SERIOUS_INJ_COUNT","SUV_COUNT","TCD_FUNC_CD","TCD_TYPE","TFC_DETOUR_IND","TIME_OF_DAY","TOTAL_UNITS","TOT_INJ_COUNT","UNBELTED_OCC_COUNT","UNB_DEATH_COUNT","UNB_SUSP_SERIOUS_INJ_COUNT","UNK_INJ_DEG_COUNT","UNK_INJ_PER_COUNT","URBAN_RURAL","VAN_COUNT","VEHICLE_COUNT","WEATHER1","WEATHER2","WORKERS_PRES","WORK_ZONE_IND","WORK_ZONE_LOC","WORK_ZONE_TYPE","WZ_CLOSE_DETOUR","WZ_FLAGGER","WZ_LAW_OFFCR_IND","WZ_LN_CLOSURE","WZ_MOVING","WZ_OTHER","WZ_SHLDER_MDN","WZ_WORKERS_INJ_KILLED"
"2020015751","1721","2","0","1","0","0","0","0","0","1","2","0","","67","2","2020","6","39.904045","-75.240114","1721","6","0","0","0","0","0","1","0","0","","0","0","0","","","2","","1","","39 54:14.563","","0","75 14:24.409","2","0","0","0","67301","0","0","0","N","0","0","0","6","67301","1","","1.0","","1","N","N","N","0","","0","1","0","","2","","","2","2","1","0","0","0","3","2","0","2","","03","","N","","","","","","","","","",""
"2020004695","0858","1","0","0","0","0","0","0","0","0","7","0","","67","1","2020","1","40.019216","-75.190788","0852","6","0","0","0","0","0","0","0","0","","0","0","0","","","2","N","0","","40 01:09.178","2","0","75 11:26.838","3","0","0","0","67301","0","0","0","N","0","0","0","2","67301","0","","5.0","30.0","9","N","N","N","0","","2","0","0","","0","Y","","1","2","0","0","0","0","0","2","0","1","","03","","N","","","","","","","","","",""
"2020004789","1355","1","0","0","0","0","0","0","0","0","8","0","","67","1","2020","1","39.918008","-75.155478","1349","6","0","0","0","0","0","0","0","0","","0","0","0","","","1","N","0","","39 55:04.830","","0","75 09:19.720","3","0","0","0","67301","1","0","0","N","1","0","0","2","67301","0","","1.0","","1","N","N","N","0","","1","0","0","","3","","","2","1","0","0","0","0","0","2","0","1","","03","","N","","","","","","","","","",""
"2020006287","1530","1","0","0","0","0","0","0","0","0","1","0","","67","1","2020","5","39.973892","-75.119141","1530","6","0","0","0","0","0","2","0","0","","0","0","0","","","1","N","0","","39 58:26.012","1","0","75 07:08.907","8","0","0","0","67301","0","0","0","N","0","0","0","3","67301","0","","1.0","1550.0","1","N","N","N","0","","0","0","1","","0","N","","2","1","0","0","0","1","0","2","0","2","","","","N","","","","","","","","","",""
"2020005259","1908","0","0","0","0","0","0","0","0","0","8","0","","67","1","2020","3","40.082678","-75.032113","1903","6","0","0","0","0","0","0","0","1","","0","0","0","","","1","","1","","40 04:57.639","","0","75 01:55.607","8","0","0","0","67301","1","0","0","N","1","0","0","2","67301","0","","1.0","","9","N","N","N","0","","0","0","1","","3","","","2","1","0","0","0","1","0","2","0","1","","07","","N","","","","","","","","","",""
"2020003774","2105","0","0","0","0","0","0","0","0","0","8","0","","67","1","2020","5","39.993732","-75.108684","2056","6","0","0","0","0","0","0","0","0","","0","0","0","","","1","","2","","39 59:37.436","","0","75 06:31.264","2","0","0","0","67301","1","0","1","N","1","0","1","1","67301","0","","1.0","","1","N","N","N","0","","0","1","0","","0","U","","2","1","0","0","0","0","0","2","0","1","","03","","N","","","","","","","","","",""
"2020002078","1917","0","0","0","0","0","0","0","0","0","8","0","","67","1","2020","7","39.931153","-75.226403","1915","6","0","0","0","0","0","0","0","0","","0","0","0","","","1","N","0","","39 55:52.150","4","0","75 13:35.050","3","0","0","0","67301","1","0","0","N","1","0","0","1","67301","0","","1.0","1940.0","9","N","N","N","0","","1","0","1","","0","N","","2","1","0","0","0","0","0","2","0","1","","04","","N","","","","","","","","","",""
"2020014646","0226","1","0","1","0","0","0","0","0","0","7","0","","67","1","2020","1","40.002248","-75.190298","0216","6","0","0","0","0","0","0","0","0","","1","0","0","","","1","N","0","","40 00:08.092","3","0","75 11:25.074","1","0","0","0","67301","0","0","0","N","0","0","0","2","67301","0","2","5.0","300.0","9","N","N","N","0","0","0","1","0","","0","N","","1","1","0","0","0","0","0","2","0","1","","04","","N","","","","","","","","","",""
"2020006408","1725","0","0","0","0","0","0","0","0","0","8","0","","67","1","2020","3","39.942651","-75.23642","1722","6","0","0","0","0","0","0","0","0","","0","0","0","","","1","","1","","39 56:33.544","","0","75 14:11.113","8","0","0","0","67301","1","0","0","N","1","0","0","1","67301","0","","9.0","","9","N","N","N","0","","0","0","0","","2","","","2","1","0","0","0","1","0","2","0","1","","04","","N","","","","","","","","","",""
"2020002080","0201","2","0","0","0","0","0","0","0","0","4","0","","67","1","2020","7","39.991706","-75.124495","0157","6","0","0","0","0","0","0","0","0","","0","0","0","","","3","","1","","39 59:30.141","7","0","75 07:28.181","4","0","0","0","67301","0","0","0","N","0","0","0","3","67301","2","","1.0","400.0","9","N","N","N","0","","0","0","1","","3","Y","","3","3","0","0","0","1","0","2","0","3","","","","N","","","","","","","","","",""
"2020003529","1813","0","0","0","0","0","0","0","0","0","8","0","","67","1","2020","5","40.10648","-75.030097","1809","6","0","0","0","0","0","1","0","0","","0","0","0","","","1","","2","","40 06:23.328","","0","75 01:48.348","4","0","0","0","67301","1","0","0","N","1","0","0","2","67301","1","","1.0","","1","N","N","N","0","","0","0","1","","0","","","2","1","0","0","0","0","0","2","0","1","","03","","N","","","","","","","","","",""
"2020029310","0458","1","0","0","0","0","0","0","0","0","7","0","","67","2","2020","7","39.955959","-75.140746","0451","6","0","0","0","0","0","0","0","0","","0","0","0","","","1","N","0","","39 57:21.454","","0","75 08:26.685","8","0","0","0","67301","0","0","0","N","0","0","0","1","68K01","0","","3.0","","1","N","N","N","0","","0","0","0","","0","","","1","1","1","0","0","1","0","2","0","1","","","","N","","","","","","","","","",""
"2020021493","1632","1","0","0","0","0","0","0","0","0","4","0","","67","2","2020","5","40.00468","-75.152126","1631","6","0","0","1","0","0","0","0","0","","0","0","0","","","1","N","1","","40 00:16.847","1","0","75 09:07.652","8","0","0","0","67301","0","0","0","N","0","0","0","3","67505","0","","1.0","1640.0","1","N","N","N","0","","0","0","1","","2","N","","2","1","0","0","0","1","0","2","0","2","","03","","N","","","","","","","","","",""
"2020020863","2130","1","0","0","0","0","0","0","0","0","4","0","","67","2","2020","2","40.068432","-75.016739","2126","6","0","0","0","0","0","0","0","0","","0","0","0","","","0","","2","","40 04:06.355","","0","75 01:00.260","0","0","0","0","67301","0","0","0","N","0","0","0","2","67301","0","","1.0","","1","N","N","N","0","","0","0","1","","3","","","2","0","0","0","0","0","0","2","0","2","","","","N","","","","","","","","","",""
"2020020839","1045","1","0","0","0","0","0","0","0","0","1","0","","67","2","2020","1","40.007103","-75.193028","1032","6","0","0","0","0","0","1","0","0","","0","0","0","","","0","N","0","","40 00:25.570","","3","75 11:34.900","0","0","0","0","67301","0","0","0","N","0","0","0","3","67301","0","","1.0","","1","N","N","N","0","","0","0","1","","0","","","2","0","0","0","0","0","0","2","0","2","","03","","N","","","","","","","","","",""
"2020061625","1824","2","0","0","0","0","0","0","0","0","4","0","","67","8","2020","1","39.973464","-75.177848","1814","6","0","0","0","1","0","0","0","0","","0","0","0","","","0","N","0","","39 58:24.471","","0","75 10:40.252","0","0","0","0","67301","0","0","0","N","0","0","0","1","67301","0","","2.0","","1","N","N","N","0","","0","0","0","","0","","","2","0","0","0","0","0","0","2","0","2","","03","","N","","","","","","","","","",""
"2020025172","1612","2","0","0","0","0","0","0","0","0","1","0","","67","2","2020","6","39.95941","-75.174104","1550","6","0","0","0","0","0","0","0","0","","0","0","0","","","1","N","0","","39 57:33.876","4","0","75 10:26.776","3","0","0","0","67301","0","0","0","N","0","0","0","2","68K01","0","","1.0","1700.0","1","N","N","N","0","","1","0","0","","0","N","","2","1","1","0","0","0","0","2","0","2","","03","","N","","","","","","","","","",""
"2020013218","1621","1","0","0","0","0","0","0","0","0","5","1","","67","2","2020","2","39.912333","-75.17175","1621","6","0","0","0","0","1","0","0","0","","0","1","0","","","0","N","0","","39 54:44.400","","3","75 10:18.300","0","0","0","0","67301","0","0","0","N","0","0","0","3","67501","0","","1.0","","1","N","N","N","0","","0","0","0","","0","","","2","0","0","0","0","0","0","2","0","2","","03","","N","","","","","","","","","",""
"2020022147","2028","3","0","0","0","0","0","0","0","0","4","0","","67","2","2020","4","40.040156","-75.214146","2022","6","0","0","0","0","0","0","0","0","","0","0","0","","","2","","2","","40 02:24.561","2","0","75 12:50.924","3","0","0","0","67301","0","0","0","N","0","0","0","4","67301","0","","1.0","2100.0","9","N","N","N","0","","2","0","0","","2","N","","3","2","0","0","0","0","0","2","0","3","","07","","N","","","","","","","","","",""
"2020061970","1228","0","0","0","0","0","0","0","0","0","8","0","","67","8","2020","7","39.940375","-75.218714","1228","6","0","0","0","0","0","0","0","0","","0","0","0","","","1","N","0","","39 56:25.350","5","0","75 13:07.370","3","0","0","0","67301","1","0","0","N","1","0","0","2","67301","0","","1.0","1340.0","1","N","N","N","0","","1","0","1","","0","Y","","2","1","0","0","0","0","0","2","0","1","","98","","N","","","","","","","","","",""
"2020061938","0600","0","0","0","0","0","0","1","0","0","6","1","","67","7","2020","5","40.030714","-75.1224","0550","6","0","0","0","0","0","0","0","0","","0","0","0","","","3","N","1","","40 01:50.570","","8","75 07:20.640","4","0","0","0","67301","0","0","0","N","0","0","0","5","67508","3","","1.0","","1","N","N","Y","1","","0","0","0","","3","N","","2","3","0","0","0","0","0","2","0","2","","03","","N","","","","","","","","","",""
"2020023221","2015","1","0","0","0","0","0","0","0","0","4","0","","67","2","2020","7","40.026832","-75.117115","2013","6","0","0","0","0","0","1","0","0","","0","0","0","","","2","","1","","40 01:36.594","2","0","75 07:01.615","8","0","0","0","67301","0","0","0","N","0","0","0","6","67301","0","","1.0","2109.0","1","N","N","N","0","","0","0","2","","2","N","","3","2","0","0","0","2","3","2","0","3","","","","N","","","","","","","","","",""
"2020022207","0452","2","0","0","0","0","0","0","0","0","1","0","","67","2","2020","7","40.000142","-75.14157","0434","6","0","0","0","0","0","0","0","0","","0","0","0","","","0","N","0","","40 00:00.511","","0","75 08:29.652","0","0","0","0","67301","0","0","0","N","0","0","0","1","67301","0","","6.0","","1","N","N","N","0","","0","0","1","","0","","","3","0","0","0","0","0","0","2","0","3","","","","N","","","","","","","","","",""
"2020026177","1631","2","0","0","0","0","0","0","0","0","4","0","","67","3","2020","4","39.937547","-75.2254","1628","6","0","0","0","0","0","1","0","0","","0","0","0","","","1","N","0","","39 56:15.170","","0","75 13:31.440","8","0","0","0","67301","0","0","0","N","0","0","0","2","67301","0","","1.0","","1","N","N","N","0","","0","0","0","","0","","","2","1","0","0","0","1","0","2","0","2","","03","","N","","","","","","","","","",""
"2020061343","2216","1","0","0","0","0","0","0","0","0","5","1","","67","8","2020","7","40.03715","-75.178794","2215","6","0","0","0","0","0","0","0","0","","0","1","0","","","1","N","0","","40 02:13.740","5","0","75 10:43.660","3","0","0","0","67301","0","0","0","N","0","0","0","2","67301","0","","1.0","2330.0","1","N","N","N","0","","1","0","1","","0","Y","","3","1","1","0","0","0","0","2","0","3","","03","","N","","","","","","","","","",""
"2020062116","1605","0","0","0","0","0","0","0","0","0","6","0","","67","7","2020","5","40.039186","-75.033239","1604","6","0","1","0","0","0","0","0","0","","0","0","0","","","0","N","0","","40 02:21.070","","7","75 01:59.660","0","0","0","0","67301","0","0","0","N","0","0","0","1","67301","0","","9.0","","1","N","N","N","0","","0","0","1","","0","","","2","0","0","0","0","0","0","2","0","2","","03","","N","","","","","","","","","",""
"2020035998","0618","1","0","0","0","0","0","0","0","0","7","0","","67","4","2020","5","39.964537","-75.134391","0614","6","0","0","0","0","0","0","0","0","","0","0","0","","","1","","3","","39 57:52.333","","0","75 08:03.809","8","0","0","0","67301","0","0","0","N","0","0","0","1","67301","0","","3.0","","1","N","N","N","0","","0","0","0","","0","","","1","1","0","0","0","1","0","2","0","1","","03","","N","","","","","","","","","",""
"2020002420","1522","2","0","0","0","0","0","0","0","0","1","0","","67","1","2020","7","39.928458","-75.181853","1519","6","0","0","0","0","0","0","0","0","","0","0","0","","","0","N","0","","39 55:42.450","","0","75 10:54.670","9","0","0","0","67301","0","0","0","N","0","0","0","1","67301","0","","1.0","","9","N","N","N","1","","0","0","1","","0","","","4","0","0","0","0","0","1","2","0","4","","04","","N","","","","","","","","","",""
"2020017010","0615","0","0","0","0","0","0","0","0","0","2","0","","67","2","2020","5","40.029784","-75.104586","0610","6","0","0","0","0","0","1","0","0","","0","0","0","","","0","","1","","40 01:47.223","2","0","75 06:16.508","0","0","0","0","67301","0","0","0","N","0","0","0","2","67301","0","","1.0","730.0","9","N","N","N","1","","0","0","1","","2","N","","2","0","1","0","0","0","0","2","0","2","","07","","N","","","","","","","","","",""
"2020020184","1705","1","0","0","0","0","0","0","0","0","1","0","","67","2","2020","1","40.032343","-75.169226","1700","6","0","0","0","0","0","0","0","0","","0","0","0","","","1","N","2","","40 01:56.436","","0","75 10:09.214","3","0","0","1","67301","0","0","0","N","0","0","0","2","67301","0","","1.0","","1","N","N","N","0","","1","0","0","","3","","","2","1","0","0","0","0","0","2","0","2","","03","","N","","","","","","","","","",""
"2020056075","1523","1","0","0","0","0","0","0","0","0","5","0","","67","7","2020","4","39.969708","-75.141438","1519","6","0","0","0","0","0","1","0","0","","0","0","0","","","1","N","0","","39 58:10.949","","0","75 08:29.175","8","0","0","0","67301","0","0","0","N","0","0","0","3","67301","0","","1.0","","1","N","N","N","0","","0","0","1","","0","","","2","1","1","0","0","1","0","2","0","2","","03","","N","","","","","","","","","",""
"2020027613","0805","1","0","0","0","0","0","0","0","0","1","0","55","67","2","2020","5","39.971544","-75.123072","0800","6","0","0","0","0","0","2","0","0","","0","0","0","","","0","N","0","","39 58:17.560","1","0","75 07:23.059","0","0","0","0","67301","0","0","0","N","0","0","0","6","68K01","0","","1.0","920.0","1","N","N","N","0","","0","0","1","","0","N","","3","0","2","0","0","0","0","2","1","3","","04","Y","Y","4","1","N","N","N","N","N","N","Y","N"
"2020021606","2243","1","0","0","0","0","0","0","0","0","4","0","","67","2","2020","3","40.029254","-75.105224","2243","6","0","0","0","0","0","0","0","0","","0","0","0","","","1","","3","","40 01:45.316","","0","75 06:18.807","3","0","0","0","67301","0","0","0","N","0","0","0","2","67301","0","","1.0","","9","N","N","N","0","","1","0","0","","2","","","2","1","1","0","0","0","1","2","1","2","","03","","N","","","","","","","","","",""
"2020049953","0854","1","0","0","0","0","0","0","0","0","5","1","","67","6","2020","6","39.980819","-75.15034","0854","6","0","0","0","0","0","0","0","0","","0","1","0","","","0","","1","","39 58:50.948","","0","75 09:01.223","0","0","0","0","67301","0","0","0","N","0","0","0","2","67505","0","","1.0","","1","N","N","N","0","","0","0","0","","2","","","2","0","0","0","0","0","0","2","0","2","","03","","N","","","","","","","","","",""
"2020023135","0354","0","0","0","0","0","0","0","0","0","7","0","","67","2","2020","7","40.11296","-75.023011","0354","6","0","1","0","0","0","0","0","0","","0","0","0","","","0","","1","","40 06:46.657","","0","75 01:22.840","0","0","0","0","67301","0","0","0","N","0","0","0","1","67301","0","","5.0","","1","N","N","N","0","","0","0","1","","2","","","1","0","0","0","0","0","0","2","0","1","","","","N","","","","","","","","","",""
"2020049902","1044","3","1","0","0","0","0","0","0","0","2","0","","67","6","2020","4","39.905656","-75.132314","0911","6","0","0","0","0","0","1","1","1","","1","0","0","","","2","N","0","","39 54:20.360","4","3","75 07:56.330","1","0","0","0","67301","0","0","0","N","0","0","0","3","67501","0","2","1.0","1025.0","1","N","N","N","0","8","2","0","0","","8","Y","","3","2","0","0","0","0","0","2","0","3","","03","","N","","","","","","","","","",""
"2020023842","1646","1","0","0","0","0","0","0","0","0","4","0","","67","3","2020","1","39.95872","-75.162257","1646","6","0","0","0","0","0","1","0","0","","0","0","0","","","0","","1","","39 57:31.392","","0","75 09:44.125","0","0","0","0","67301","0","0","0","N","0","0","0","2","67301","0","","1.0","","1","N","N","N","0","","0","0","1","","0","","","2","0","0","0","0","0","0","2","0","2","","03","","N","","","","","","","","","",""
"2020020495","1806","0","0","0","0","0","0","0","0","0","8","0","","67","2","2020","2","40.029898","-75.087801","1805","6","0","0","0","0","0","0","0","0","","0","0","0","","","1","","1","","40 01:47.633","","0","75 05:16.085","3","0","0","0","67301","1","0","0","N","1","0","0","2","67301","0","","1.0","","1","N","N","N","0","","1","0","1","","2","","","2","1","1","0","0","0","0","2","0","1","","03","","N","","","","","","","","","",""
"2020021782","1727","1","0","0","0","0","0","0","0","0","6","0","","67","2","2020","5","39.999296","-75.085802","1721","6","0","0","0","0","0","0","0","0","","0","0","0","","","0","Y","0","","39 59:57.467","1","0","75 05:08.886","0","0","0","0","67301","0","0","0","N","0","0","0","3","67301","0","","1.0","1820.0","1","N","N","N","0","","0","0","1","","0","N","","3","0","0","0","0","0","0","2","1","3","","03","","N","","","","","","","","","",""
"2020022146","1740","1","0","0","0","0","0","0","0","0","4","0","","67","2","2020","4","40.070629","-75.241276","1735","6","0","0","0","0","0","0","1","0","","0","0","0","","","0","","1","","40 04:14.265","2","0","75 14:28.593","0","0","0","0","67301","0","0","0","N","0","0","0","2","67301","0","","1.0","1930.0","1","N","N","N","0","","0","0","1","","2","N","","2","0","0","0","0","0","0","2","0","2","","03","","N","","","","","","","","","",""
"2020020837","1530","1","0","0","0","0","0","0","0","0","4","0","","67","2","2020","3","40.000567","-75.096536","1530","6","0","0","0","0","0","0","0","0","","0","0","0","","","1","","3","","40 00:02.041","","0","75 05:47.529","8","0","0","0","67301","0","0","0","N","0","0","0","2","67301","0","","1.0","","1","N","N","N","0","","0","0","1","","3","","","2","1","0","0","0","1","1","2","0","2","","03","","N","","","","","","","","","",""
"2020022415","2050","2","0","0","0","0","0","0","0","0","6","0","","67","2","2020","7","39.980439","-75.136114","2045","6","0","0","0","0","0","1","0","0","","0","0","0","","","0","N","0","","39 58:49.580","","0","75 08:10.010","0","0","0","0","67301","0","0","0","N","0","0","0","2","67301","0","","6.0","","1","N","N","N","0","","0","0","0","","3","","","2","0","0","0","0","0","0","2","0","2","","03","","N","","","","","","","","","",""
"2020022307","2345","1","0","0","0","0","0","0","0","0","5","0","","67","2","2020","7","40.010578","-75.148983","2345","6","0","0","0","0","0","0","0","0","","0","0","0","","","0","N","0","","40 00:38.080","","0","75 08:56.340","0","0","0","0","67301","0","0","0","N","0","0","0","1","67301","0","","6.0","","1","N","N","N","0","","0","0","1","","0","","","2","0","0","0","0","0","0","2","0","2","","03","","N","","","","","","","","","",""
"2020017232","0605","1","0","0","0","0","0","0","0","0","98","0","","67","1","2020","7","39.960024","-75.179924","0558","6","0","0","0","0","0","0","0","0","","0","0","0","","","0","N","7","","39 57:36.087","4","2","75 10:47.726","0","0","0","0","67301","0","0","0","N","0","0","0","1","68K01","0","","4.0","648.0","9","N","N","N","0","","0","0","0","","0","Y","","1","0","0","0","0","0","0","2","0","1","","","","N","","","","","","","","","",""
"2020022799","1002","0","0","0","0","0","0","0","0","0","4","0","","67","3","2020","1","40.028579","-75.033945","1002","6","0","0","0","0","0","1","0","0","","0","0","0","","","1","","1","","40 01:42.885","7","0","75 02:02.202","8","0","0","1","67301","0","0","0","N","0","0","0","3","67301","0","","1.0","1055.0","1","N","N","N","0","","0","0","1","","2","Y","","2","1","0","0","0","1","0","2","0","2","","","","N","","","","","","","","","",""
"2020020113","0245","4","0","0","0","0","0","0","0","0","5","0","","67","2","2020","1","39.980911","-75.144575","0239","6","0","0","0","0","0","0","1","0","","0","0","0","","","0","N","0","","39 58:51.280","","0","75 08:40.470","0","0","0","0","67301","0","0","0","N","0","0","0","1","67301","0","","6.0","","1","N","N","N","0","","0","0","1","","0","","","5","0","0","0","0","0","0","2","0","5","","03","","N","","","","","","","","","",""
"2020020110","1947","1","0","0","0","0","0","0","0","0","4","0","","67","2","2020","1","40.033944","-75.038326","1936","6","0","0","0","0","0","0","0","0","","0","0","0","","","1","N","0","","40 02:02.200","4","0","75 02:17.974","3","0","0","0","67301","0","0","0","N","0","0","0","4","67301","0","","1.0","2100.0","1","N","N","N","1","","1","0","0","","0","N","","4","1","0","0","0","0","3","2","2","4","","","","N","","","","","","","","","",""
"2020021261","2133","1","0","0","0","0","0","0","0","0","4","0","","67","2","2020","1","39.950172","-75.243233","2132","6","0","0","0","0","0","0","0","0","","0","0","0","","","0","","1","","39 57:00.619","","0","75 14:35.638","0","0","0","0","67301","0","0","0","N","0","0","0","2","67301","0","","1.0","","99","N","N","N","0","","0","0","1","","3","","","2","0","0","0","0","0","0","2","0","2","","","","N","","","","","","","","","",""
"2020021623","1955","1","0","0","0","0","0","0","0","0","7","0","","67","2","2020","1","39.911833","-75.168028","1952","6","0","0","0","0","0","0","1","0","","0","0","0","","","0","N","0","","39 54:42.600","4","0","75 10:04.900","0","0","0","0","67301","0","0","0","N","0","0","0","1","67501","0","","3.0","2012.0","1","N","N","N","0","","0","0","0","","0","N","","1","0","0","0","0","0","0","2","0","1","","03","","N","","","","","","","","","",""
"2020023314","2046","1","0","0","0","0","0","0","0","0","5","0","","67","3","2020","1","39.998808","-75.129206","2045","6","0","0","0","0","0","0","0","0","","0","0","0","","","1","N","0","","39 59:55.710","","0","75 07:45.140","4","0","0","0","67301","0","0","0","N","0","0","0","4","67301","1","","6.0","","1","N","N","N","0","","0","0","2","","0","","","3","1","4","0","0","0","0","2","0","3","","","","N","","","","","","","","","",""
"2020062705","2026","3","0","0","0","0","0","0","0","0","5","0","","67","8","2020","7","40.007789","-75.147797","2020","6","0","0","0","0","0","0","0","0","","0","0","0","","","2","N","0","","40 00:28.040","5","0","75 08:52.070","3","0","0","0","67301","0","0","0","N","0","0","0","2","67301","0","","1.0","2200.0","1","N","N","N","0","","2","0","0","","0","Y","","3","2","0","0","0","0","0","2","0","3","","03","","N","","","","","","","","","",""
"2020020073","1928","0","0","0","0","0","0","0","0","0","4","0","","67","2","2020","1","39.970586","-75.150867","1922","6","0","0","0","0","0","0","0","0","","0","0","0","","","1","","1","","39 58:14.108","","0","75 09:03.120","3","0","0","0","67301","0","0","0","N","0","0","0","4","67301","0","","1.0","","1","N","N","N","1","","1","0","1","","3","","","2","1","0","0","0","0","2","2","0","2","","04","","N","","","","","","","","","",""
"2020023219","2125","1","0","0","0","0","0","0","0","0","4","0","","67","2","2020","5","40.035581","-75.123882","2121","6","0","0","0","0","0","0","0","0","","0","0","0","","","0","","1","","40 02:08.091","","0","75 07:25.976","0","0","0","0","67301","0","0","0","N","0","0","0","3","67301","0","","1.0","","1","N","N","N","0","","0","0","2","","9","","","3","0","0","0","0","0","0","2","0","3","","","","N","","","","","","","","","",""
"2020020306","1631","1","0","0","0","0","0","0","0","0","4","0","","67","2","2020","2","39.975166","-75.15319","1630","6","0","0","0","0","0","1","0","0","","0","0","0","","","1","N","1","","39 58:30.597","","0","75 09:11.484","3","0","0","0","67301","0","0","0","N","0","0","0","3","67505","0","","1.0","","1","N","N","N","0","","1","0","0","","3","","","2","1","0","0","0","0","0","2","1","2","","03","","N","","","","","","","","","",""
"2020004341","1530","1","0","0","0","0","0","0","0","0","8","0","","67","1","2020","6","40.02006","-75.056173","1522","6","0","0","0","0","0","0","0","0","","0","0","0","","","1","","1","","40 01:12.216","","0","75 03:22.222","3","0","0","0","67301","1","0","0","N","1","0","0","2","67301","0","","1.0","","1","N","N","N","0","","1","0","0","","3","U","","2","1","0","0","0","0","0","2","0","1","","03","","N","","","","","","","","","",""
"2020022306","1010","1","0","0","0","0","0","0","0","0","5","0","","67","2","2020","7","39.997331","-75.139044","1002","6","0","0","0","0","0","0","0","0","","0","0","0","","","3","N","0","","39 59:50.390","","0","75 08:20.560","3","0","0","0","67301","0","0","0","N","0","0","0","3","67301","1","","1.0","","1","N","N","N","0","","2","0","2","","0","","","4","3","0","0","0","0","0","2","1","4","","03","","N","","","","","","","","","",""
"2020062291","0820","0","0","0","0","0","0","0","0","0","4","0","","67","8","2020","3","39.959487","-75.162091","0815","6","0","0","0","0","0","1","0","0","","0","0","0","","","2","","1","","39 57:34.154","","0","75 09:43.529","3","0","0","0","67301","0","0","0","N","0","0","0","3","67301","0","","1.0","","9","N","N","N","0","","2","0","2","","2","","","2","2","0","0","0","0","0","2","0","2","","07","","N","","","","","","","","","",""
"2020021600","0010","1","0","0","0","0","0","0","0","0","5","0","","67","2","2020","5","39.958825","-75.155972","0007","6","0","0","0","0","0","0","0","0","","0","0","0","","","0","N","0","","39 57:31.770","","0","75 09:21.500","0","0","0","0","67301","0","0","0","N","0","0","0","1","67301","0","","6.0","","9","N","N","N","0","","0","0","1","","0","","","2","0","0","0","0","0","0","2","0","2","","","","N","","","","","","","","","",""
"2020022583","2313","1","0","0","0","0","0","0","0","0","7","0","","67","2","2020","6","39.932783","-75.20004","2305","6","0","0","0","0","0","0","0","0","","0","0","0","","","1","N","0","","39 55:58.018","","0","75 12:00.145","3","0","0","0","67301","0","0","0","N","0","0","0","1","68K01","0","","4.0","","1","N","N","N","0","","1","0","0","","0","","","1","1","0","0","0","0","0","2","0","1","","","","N","","","","","","","","","",""
"2020022304","1834","1","0","0","0","0","0","0","0","0","4","0","","67","2","2020","4","40.013506","-75.123322","1830","6","0","0","0","0","0","0","0","0","","0","0","0","","","1","N","0","","40 00:48.620","","7","75 07:23.960","3","0","0","0","67301","0","0","0","N","0","0","0","2","67301","0","","1.0","","1","N","N","N","0","","1","0","0","","2","","","2","1","0","0","0","0","0","2","1","2","","03","","N","","","","","","","","","",""
"2020021691","0737","1","0","0","0","0","0","0","0","0","8","0","","67","2","2020","2","39.931225","-75.164396","0728","6","0","0","0","0","0","0","0","0","","0","0","0","","","1","","1","","39 55:52.409","","0","75 09:51.827","3","0","0","0","67301","1","0","0","N","1","0","0","2","67301","0","","1.0","","1","N","N","N","0","","1","0","0","","0","","","2","1","1","0","0","0","0","2","0","1","","03","","N","","","","","","","","","",""