"CRN","ARRIVAL_TM","AUTOMOBILE_COUNT","BELTED_DEATH_COUNT","BELTED_SUSP_SERIOUS_INJ_COUNT","BICYCLE_COUNT","BICYCLE_DEATH_COUNT","BICYCLE_SUSP_SERIOUS_INJ_COUNT","BUS_COUNT","CHLDPAS_DEATH_COUNT","CHLDPAS_SUSP_SERIOUS_INJ_COUNT","COLLISION_TYPE","COMM_VEH_COUNT","CONS_ZONE_SPD_LIM","COUNTY","CRASH_MONTH","CRASH_YEAR","DAY_OF_WEEK","DEC_LATITUDE","DEC_LONGITUDE","DISPATCH_TM","DISTRICT","DRIVER_COUNT_16YR","DRIVER_COUNT_17YR","DRIVER_COUNT_18YR","DRIVER_COUNT_19YR","DRIVER_COUNT_20YR","DRIVER_COUNT_50_64YR","DRIVER_COUNT_65_74YR","DRIVER_COUNT_75PLUS","EST_HRS_CLOSED","FATAL_COUNT","HEAVY_TRUCK_COUNT","HORSE_BUGGY_COUNT","HOUR_OF_DAY","ILLUMINATION","INJURY_COUNT","INTERSECTION_RELATED","INTERSECT_TYPE","LANE_CLOSED","LATITUDE","LN_CLOSE_DIR","LOCATION_TYPE","LONGITUDE","MAX_SEVERITY_LEVEL","MCYCLE_DEATH_COUNT","MCYCLE_SUSP_SERIOUS_INJ_COUNT","MOTORCYCLE_COUNT","MUNICIPALITY","NONMOTR_COUNT","NONMOTR_DEATH_COUNT","NONMOTR_SUSP_SERIOUS_INJ_COUNT","NTFY_HIWY_MAINT","PED_COUNT","PED_DEATH_COUNT","PED_SUSP_SERIOUS_INJ_COUNT","PERSON_COUNT","POLICE_AGCY","POSSIBLE_INJ_COUNT","RDWY_SURF_TYPE_CD","RELATION_TO_ROAD","ROADWAY_CLEARED","ROAD_CONDITION","SCH_BUS_IND","SCH_ZONE_IND","SECONDARY_CRASH","SMALL_TRUCK_COUNT","SPEC_JURIS_CD","SUSP_MINOR_INJ_COUNT","SUSP_SERIOUS_INJ_COUNT","SUV_COUNT","TCD_FUNC_CD","TCD_TYPE","TFC_DETOUR_IND","TIME_OF_DAY","TOTAL_UNITS","TOT_INJ_COUNT","UNBELTED_OCC_COUNT","UNB_DEATH_COUNT","UNB_SUSP_SERIOUS_INJ_COUNT","UNK_INJ_DEG_COUNT","UNK_INJ_PER_COUNT","URBAN_RURAL","VAN_COUNT","VEHICLE_COUNT","WEATHER1","WEATHER2","WORKERS_PRES","WORK_ZONE_IND","WORK_ZONE_LOC","WORK_ZONE_TYPE","WZ_CLOSE_DETOUR","WZ_FLAGGER","WZ_LAW_OFFCR_IND","WZ_LN_CLOSURE","WZ_MOVING","WZ_OTHER","WZ_SHLDER_MDN","WZ_WORKERS_INJ_KILLED"
"2020022632","1355","2","0","0","0","0","0","0","0","0","6","0","","67","2","2020","3","39.976454","-75.189359","1350","6","0","0","0","0","0","1","0","0","","0","0","0","","","1","","3","","39 58:35.233","2","0","75 11:21.692","3","0","0","0","67301","0","0","0","N","0","0","0","2","67301","0","","1.0","1422.0","9","N","N","N","0","","1","0","0","","0","N","","2","1","0","0","0","0","0","2","0","2","","04","","N","","","","","","","","","",""
"2020023142","1713","1","0","0","0","0","0","0","0","0","6","0","","67","2","2020","4","39.925408","-75.234581","1714","6","0","0","0","0","0","1","0","0","","0","0","0","","","2","N","0","","39 55:31.470","3","0","75 14:04.490","3","0","0","0","67301","0","0","0","N","0","0","0","3","67301","0","","1.0","100.0","1","N","N","N","0","","2","0","4","","0","Y","","5","2","0","0","0","0","0","2","0","5","","03","","N","","","","","","","","","",""
"2020005205","0120","1","0","0","0","0","0","0","0","0","4","1","","67","1","2020","4","39.971452","-75.121096","0100","6","0","0","0","0","0","0","0","0","","0","1","0","","","0","","1","","39 58:17.228","","2","75 07:15.945","0","0","0","0","67301","0","0","0","N","0","0","0","3","67301","0","","1.0","","9","N","N","N","0","","0","0","0","","2","","","2","0","3","0","0","0","0","2","0","2","","","","N","","","","","","","","","",""
"2020020166","0953","2","0","0","0","0","0","0","0","0","4","0","","67","2","2020","2","39.962167","-75.191273","0951","6","0","0","0","0","0","0","0","0","","0","0","0","","","0","N","1","","39 57:43.801","","0","75 11:28.582","0","0","0","0","67301","0","0","0","N","0","0","0","2","67507","0","","1.0","","1","N","N","N","0","","0","0","0","","2","N","","2","0","0","0","0","0","0","2","0","2","","03","","N","","","","","","","","","",""
"2020020870","0355","2","0","0","0","0","0","0","0","0","4","0","","67","2","2020","2","40.019966","-75.111637","0346","6","0","0","0","0","0","0","0","0","","0","0","0","","","2","","3","","40 01:11.877","","0","75 06:41.893","3","0","0","0","67301","0","0","0","N","0","0","0","3","67301","0","","1.0","","1","N","N","N","0","","2","0","0","","2","","","2","2","0","0","0","0","0","2","0","2","","03","","N","","","","","","","","","",""
"2020061374","0350","1","0","0","0","0","0","0","0","0","5","1","","67","7","2020","6","39.960452","-75.181239","0350","6","0","0","0","0","0","0","0","0","","0","1","0","","","0","N","7","","39 57:37.626","4","2","75 10:52.459","0","0","0","0","67301","0","0","0","N","0","0","0","2","68K01","0","","1.0","45.0","9","N","N","N","0","","0","0","0","","0","N","","2","0","0","0","0","0","0","2","0","2","","","","N","","","","","","","","","",""
"2020022055","2000","1","0","0","0","0","0","0","0","0","4","0","","67","2","2020","5","39.920014","-75.155601","1949","6","0","0","0","0","0","0","1","0","","0","0","0","","","3","","1","","39 55:12.050","","0","75 09:20.163","3","0","0","0","67301","0","0","0","N","0","0","0","4","67301","0","","1.0","","1","N","N","N","0","","3","0","1","","3","","","2","3","0","0","0","0","0","2","0","2","","03","","N","","","","","","","","","",""
"2020020466","1045","1","0","0","0","0","0","0","0","0","4","0","","67","2","2020","1","39.943107","-75.215286","1045","6","0","0","0","0","0","1","0","0","","0","0","0","","","3","","1","","39 56:35.185","","0","75 12:55.029","3","0","0","0","67301","0","0","0","N","0","0","0","5","67301","1","","1.0","","1","N","N","N","0","","2","0","1","","2","","","2","3","1","0","0","0","0","2","0","2","","03","","N","","","","","","","","","",""
"2020021695","1242","1","0","0","0","0","0","0","0","0","1","0","","67","2","2020","5","40.029901","-75.034983","1242","6","0","0","0","0","0","0","1","0","","0","0","0","","","1","Y","0","","40 01:47.645","4","0","75 02:05.937","3","0","0","0","67301","0","0","0","N","0","0","0","3","67301","0","","1.0","1323.0","1","N","Y","N","0","","1","0","1","","2","Y","","2","1","1","0","0","0","0","2","0","2","","03","","N","","","","","","","","","",""
"2020023462","1950","0","0","0","0","0","0","0","0","0","4","0","","67","3","2020","1","40.045516","-75.088316","1948","6","0","0","0","0","0","0","0","0","","0","0","0","","","1","","1","","40 02:43.859","","0","75 05:17.937","3","0","0","0","67301","0","0","0","N","0","0","0","2","67301","0","","1.0","","1","N","N","N","0","","1","0","2","","2","","","2","1","0","0","0","0","0","2","0","2","","","","N","","","","","","","","","",""
"2020023924","0237","1","0","0","0","0","0","0","0","0","7","0","","67","2","2020","2","39.967313","-75.188574","0236","6","0","0","0","0","0","0","0","0","","0","0","0","","","1","N","0","","39 58:02.326","4","0","75 11:18.867","4","0","0","0","67301","0","0","0","N","0","0","0","2","68K01","1","","4.0","30.0","1","N","N","N","0","","0","0","1","","0","N","","2","1","0","0","0","0","0","2","0","2","","03","","N","","","","","","","","","",""
"2020023143","1703","2","0","0","0","0","0","0","0","0","5","0","","67","2","2020","5","39.899867","-75.24994","1701","6","0","0","0","0","1","0","0","0","","0","0","0","","","0","","1","","39 53:59.521","","0","75 14:59.783","0","0","0","0","67301","0","0","0","N","0","0","0","3","67301","0","","1.0","","1","N","N","N","0","","0","0","0","","2","","","2","0","0","0","0","0","0","2","0","2","","03","","N","","","","","","","","","",""
"2020002205","0257","2","0","1","0","0","0","0","0","0","1","0","","67","1","2020","1","39.898841","-75.17102","0253","6","0","0","0","0","0","0","0","0","","0","0","0","","","6","N","0","","39 53:55.826","2","0","75 10:15.671","2","0","0","0","67301","0","0","0","N","0","0","0","6","68K01","3","","1.0","330.0","1","N","N","N","0","","2","1","0","","0","N","","2","6","1","0","0","0","0","2","0","2","","","","N","","","","","","","","","",""
"2020062290","1748","2","0","0","0","0","0","0","0","0","4","1","","67","8","2020","2","39.923095","-75.159735","1842","6","0","0","0","0","0","2","0","0","","0","1","0","","","1","","1","","39 55:23.141","","0","75 09:35.045","3","0","0","0","67301","0","0","0","N","0","0","0","2","67301","0","","1.0","","1","N","N","N","0","","1","0","0","","2","","","3","1","0","0","0","0","0","2","0","3","","04","","N","","","","","","","","","",""
"2020022800","1827","2","0","0","0","0","0","0","0","0","4","0","","67","3","2020","1","40.020508","-75.08729","1825","6","0","0","0","0","0","0","0","0","","0","0","0","","","2","","1","","40 01:13.828","","0","75 05:14.243","3","0","0","0","67301","0","0","0","N","0","0","0","4","67301","0","","1.0","","1","N","N","N","0","","2","0","0","","3","","","2","2","0","0","0","0","0","2","0","2","","03","","N","","","","","","","","","",""
"2020022864","1745","1","0","0","0","0","0","0","0","0","5","0","","67","2","2020","6","39.991317","-75.122742","1743","6","0","0","0","0","0","0","0","0","","0","0","0","","","0","N","0","","39 59:28.740","","0","75 07:21.870","0","0","0","0","67301","0","0","0","N","0","0","0","2","67301","0","","1.0","","1","N","N","Y","0","","0","0","1","","2","","","2","0","2","0","0","0","0","2","0","2","","","","N","","","","","","","","","",""
"2020021599","2200","2","0","0","0","0","0","0","0","0","5","0","","67","2","2020","2","39.9576","-75.144083","2156","6","0","0","0","0","0","1","0","0","","0","0","0","","","3","N","0","","39 57:27.360","","0","75 08:38.700","3","0","0","0","67301","0","0","0","N","0","0","0","4","67301","0","","1.0","","1","N","N","N","0","","3","0","0","","0","","","2","3","1","0","0","0","0","2","0","2","","03","","N","","","","","","","","","",""
"2020021914","1900","2","0","0","0","0","0","0","0","0","4","0","","67","2","2020","5","39.971089","-75.228729","1900","6","0","0","0","0","0","0","0","0","","0","0","0","","","2","","1","","39 58:15.920","","0","75 13:43.424","3","0","0","0","67301","0","0","0","N","0","0","0","3","67301","0","","1.0","","1","N","N","N","0","","2","0","0","","2","","","2","2","1","0","0","0","1","2","0","2","","","","N","","","","","","","","","",""
"2020026423","1828","2","0","0","0","0","0","0","0","0","6","0","","67","3","2020","6","39.981936","-75.238989","1820","6","0","0","0","1","0","1","0","0","","0","0","0","","","1","","1","","39 58:54.968","","0","75 14:20.359","3","0","0","0","67301","0","0","0","N","0","0","0","3","67301","0","","1.0","","1","N","N","N","0","","1","0","1","","2","","","3","1","2","0","0","0","0","2","0","3","","03","","N","","","","","","","","","",""
"2020028097","1726","1","0","0","0","0","0","0","0","0","7","0","","67","3","2020","1","40.049406","-75.081681","1722","6","0","0","0","0","0","0","0","0","","0","0","0","","","0","","1","","40 02:57.861","","0","75 04:54.051","0","0","0","0","67301","0","0","0","N","0","0","0","1","67301","0","","4.0","","1","N","N","N","0","","0","0","0","","3","","","1","0","0","0","0","0","0","2","0","1","","","","N","","","","","","","","","",""
"2020002192","0032","1","0","0","0","0","0","0","0","0","5","0","","67","1","2020","7","40.033836","-75.019724","0019","6","0","0","0","0","0","1","0","0","","0","0","0","","","1","N","0","","40 02:01.811","1","0","75 01:11.008","3","0","0","0","67301","0","0","0","N","0","0","0","4","68K01","0","","1.0","50.0","9","N","N","N","0","","1","0","1","","0","N","","2","1","0","0","0","0","0","2","0","2","","","","N","","","","","","","","","",""
"2020027715","1013","1","0","0","0","0","0","0","0","0","7","0","","67","2","2020","3","40.024011","-75.151336","1013","6","0","0","0","0","0","1","0","0","","0","0","0","","","0","N","0","","40 01:26.440","","0","75 09:04.810","0","0","0","0","67301","0","0","0","N","0","0","0","1","67301","0","","4.0","","9","N","N","N","0","","0","0","0","","0","","","1","0","0","0","0","0","0","2","0","1","","04","","N","","","","","","","","","",""
"2020002264","1640","1","0","0","0","0","0","0","0","0","7","0","","67","1","2020","7","39.895363","-75.234767","1632","6","0","0","1","0","0","0","0","0","","0","0","0","","","1","N","0","","39 53:43.306","4","0","75 14:05.160","3","0","0","0","67301","0","0","0","N","0","0","0","1","67301","0","","5.0","1730.0","9","N","N","N","0","","1","0","0","","0","N","","1","1","0","0","0","0","0","2","0","1","","04","","N","","","","","","","","","",""
"2020023148","0045","1","0","0","0","0","0","0","0","0","4","0","","67","2","2020","5","39.974629","-75.199199","0031","6","0","0","0","0","0","0","0","0","","0","0","0","","","1","","1","","39 58:28.663","","2","75 11:57.118","3","0","0","0","67301","0","0","0","N","0","0","0","2","67301","0","","1.0","","1","N","N","N","0","","1","0","1","","2","","","2","1","1","0","0","0","0","2","0","2","","03","","N","","","","","","","","","",""
"2020020423","0212","1","0","0","0","0","0","0","0","0","7","0","","67","2","2020","1","39.918426","-75.147958","0209","6","0","0","0","0","0","0","0","0","","0","0","0","","","1","N","0","","39 55:06.334","","0","75 08:52.649","8","0","0","0","67301","0","0","0","N","0","0","0","1","68K01","0","","4.0","","1","N","N","N","0","","0","0","0","","0","","","1","1","0","0","0","1","0","2","0","1","","03","","N","","","","","","","","","",""
"2020022410","1408","1","0","0","0","0","0","0","0","0","4","0","","67","2","2020","5","40.025723","-75.0452","1405","6","0","0","0","0","0","0","0","0","","0","0","0","","","0","","1","","40 01:32.602","","0","75 02:42.720","0","0","0","0","67301","0","0","0","N","0","0","0","3","67301","0","","1.0","","1","N","N","N","0","","0","0","1","","3","","","2","0","0","0","0","0","0","2","0","2","","03","","N","","","","","","","","","",""
"2020022934","0354","1","0","0","0","0","0","0","0","0","7","0","","67","2","2020","5","39.946174","-75.142202","0347","6","0","0","0","0","0","0","0","0","","0","0","0","","","0","N","0","","39 56:46.225","","0","75 08:31.928","0","0","0","0","67301","0","0","0","N","0","0","0","1","68K01","0","","4.0","","9","N","N","N","0","","0","0","0","","0","","","1","0","0","0","0","0","0","2","0","1","","","","N","","","","","","","","","",""
"2020061554","0133","2","0","0","0","0","0","0","0","0","4","0","","67","8","2020","7","39.986137","-75.12153","0133","6","0","0","0","0","0","0","0","0","","0","1","0","","","0","","1","","39 59:10.094","","0","75 07:17.509","0","0","0","0","67301","0","0","0","N","0","0","0","1","67301","0","","1.0","","1","N","N","N","0","","0","0","0","","0","","","3","0","0","0","0","0","0","2","0","3","","03","","N","","","","","","","","","",""
"2020017258","1840","2","0","0","0","0","0","0","0","0","5","0","","67","2","2020","5","40.025033","-75.031019","1812","6","0","0","0","0","1","0","0","0","","0","0","0","","","0","Y","0","","40 01:30.120","","0","75 01:51.670","0","0","0","0","67301","0","0","0","N","0","0","0","2","68K01","0","","1.0","","9","N","N","N","0","","0","0","0","","4","","","2","0","0","0","0","0","0","2","0","2","","07","","N","","","","","","","","","",""
"2020023315","2144","2","0","0","0","0","0","0","0","0","4","0","","67","3","2020","1","39.995216","-75.139512","2144","6","0","0","0","0","0","0","0","0","","0","0","0","","","2","","1","","39 59:42.777","","0","75 08:22.243","3","0","0","0","67301","0","0","0","N","0","0","0","2","67301","0","","1.0","","1","N","N","N","0","","2","0","0","","2","","","2","2","0","0","0","0","0","2","0","2","","","","N","","","","","","","","","",""
"2020063040","1045","2","0","0","0","0","0","0","0","0","5","0","","67","8","2020","5","39.998597","-75.177894","1045","6","0","0","0","0","0","0","0","0","","0","0","0","","","0","N","0","","39 59:54.950","","0","75 10:40.420","9","0","0","0","67301","0","0","0","N","0","0","0","1","67301","0","","1.0","","99","N","N","N","0","","0","0","1","","0","","","3","0","0","0","0","0","1","2","0","3","","98","","N","","","","","","","","","",""
"2020020864","0801","1","0","0","0","0","0","0","0","0","4","0","","67","2","2020","3","40.096578","-74.975296","0800","6","0","0","0","0","0","0","0","0","","0","0","0","","","1","N","0","","40 05:47.680","","7","74 58:31.065","3","0","0","0","67301","0","0","0","N","0","0","0","2","67301","0","","1.0","","1","N","N","N","0","","1","0","1","","0","","","2","1","0","0","0","0","0","2","0","2","","04","","N","","","","","","","","","",""
"2020054127","1845","0","0","0","0","0","0","0","0","0","8","0","","67","7","2020","6","39.944672","-75.224353","1845","6","0","0","0","0","0","0","0","0","","0","0","0","","","1","N","0","","39 56:40.820","","0","75 13:27.670","8","0","0","0","67301","1","0","0","N","1","0","0","2","67301","0","","9.0","","99","N","N","N","0","","0","0","0","","9","","","2","1","0","0","0","1","0","2","0","1","","03","","N","","","","","","","","","",""
"2020062359","0324","1","0","0","0","0","0","0","0","0","4","0","","67","8","2020","3","39.962724","-75.246709","0318","6","0","0","0","0","0","0","0","0","","0","0","0","","","0","","1","","39 57:45.805","","0","75 14:48.154","0","0","0","0","67301","0","0","0","N","0","0","0","1","67301","0","","1.0","","9","N","N","N","0","","0","0","1","","2","","","2","0","0","0","0","0","0","2","0","2","","","","N","","","","","","","","","",""
"2020020931","0930","1","0","0","0","0","0","0","0","0","8","0","","67","2","2020","2","39.94838","-75.247652","0905","6","0","0","0","0","0","0","0","0","","0","0","0","","","1","","1","","39 56:54.168","","0","75 14:51.547","3","0","0","0","67301","1","0","0","N","1","0","0","2","67301","0","","1.0","","1","N","N","N","0","","1","0","0","","3","","","2","1","0","0","0","0","0","2","0","1","","03","","N","","","","","","","","","",""
"2020021923","0517","3","0","0","0","0","0","0","0","0","5","0","","67","2","2020","7","39.985309","-75.173139","0516","6","0","0","0","0","0","0","0","0","","0","0","0","","","0","N","0","","39 59:07.112","","0","75 10:23.300","9","0","0","0","67301","0","0","0","N","0","0","0","1","67505","0","","6.0","","1","N","N","N","0","","0","0","1","","0","","","4","0","0","0","0","0","1","2","0","4","","03","","N","","","","","","","","","",""
"2020061100","0532","0","0","0","0","0","0","0","0","0","7","0","","67","8","2020","7","39.990581","-75.163489","0531","6","0","0","0","0","0","0","0","0","","0","0","0","","","1","N","0","","39 59:26.090","","0","75 09:48.560","4","0","0","0","67301","0","0","0","N","0","0","0","1","67301","1","","5.0","","1","N","N","N","1","","0","0","0","","2","","","1","1","1","0","0","0","0","2","0","1","","03","","N","","","","","","","","","",""
"2020020114","0155","0","0","0","0","0","0","0","0","0","7","0","","67","2","2020","2","39.972903","-75.123675","0150","6","0","0","0","0","0","0","0","0","","0","0","0","","","0","N","0","","39 58:22.450","","0","75 07:25.230","0","0","0","0","67301","0","0","0","N","0","0","0","1","67301","0","","1.0","","1","N","N","N","0","","0","0","1","","0","","","1","0","0","0","0","0","0","2","0","1","","03","","N","","","","","","","","","",""
"2020022358","1655","1","0","0","0","0","0","0","0","0","7","0","","67","2","2020","1","39.953875","-75.181358","1631","6","0","0","0","1","0","0","0","0","","0","0","0","","","1","N","0","","39 57:13.951","","0","75 10:52.890","4","0","0","0","67301","0","0","0","N","0","0","0","1","68K01","1","","2.0","","1","N","N","N","0","","0","0","0","","0","","","1","1","0","0","0","0","0","2","0","1","","03","","N","","","","","","","","","",""
"2020063190","0528","0","0","0","0","0","0","0","0","0","5","1","","67","7","2020","2","39.967256","-75.132486","0521","6","0","0","0","0","0","2","0","0","","0","1","0","","","0","N","0","","39 58:02.120","","0","75 07:56.949","0","0","0","0","67301","0","0","0","N","0","0","0","2","68K01","0","","1.0","","1","N","N","N","0","","0","0","1","","0","","","2","0","0","0","0","0","0","2","0","2","","","","N","","","","","","","","","",""
"2020022145","0740","1","0","0","0","0","0","0","0","0","4","0","","67","2","2020","7","40.029975","-75.104343","0736","6","0","0","0","0","0","1","0","0","","0","0","0","","","1","","1","","40 01:47.909","2","0","75 06:15.634","3","0","0","0","67301","0","0","0","N","0","0","0","3","67301","0","","1.0","815.0","1","N","N","N","1","","1","0","0","","2","N","","2","1","0","0","0","0","0","2","0","2","","","","N","","","","","","","","","",""
"2020063229","0605","1","0","0","0","0","0","0","0","0","1","0","","67","8","2020","3","39.959828","-75.177448","0555","6","0","0","0","0","0","1","0","0","","0","0","0","","","1","N","0","","39 57:35.382","","0","75 10:38.814","8","0","0","0","67301","0","0","0","N","0","0","0","3","68K01","0","","5.0","","9","N","N","N","0","","0","0","2","","0","","","3","1","0","0","0","1","0","2","0","3","","04","","N","","","","","","","","","",""
"2020020467","1650","2","0","0","0","0","0","0","0","0","2","0","","67","2","2020","2","39.956639","-75.227756","1649","6","0","0","0","0","0","0","0","0","","0","0","0","","","0","N","0","","39 57:23.900","","0","75 13:39.920","9","0","0","0","67301","0","0","0","N","0","0","0","2","67301","0","","6.0","","1","N","N","N","0","","0","0","0","","0","","","2","0","0","0","0","0","2","2","0","2","","","","N","","","","","","","","","",""
"2020023134","1016","0","0","0","0","0","0","0","0","0","7","0","","67","2","2020","6","39.90395","-75.193417","1015","6","0","0","0","0","0","0","0","0","","0","0","0","","","1","N","0","","39 54:14.220","","0","75 11:36.300","8","0","0","0","67301","0","0","0","N","0","0","0","1","67301","0","","4.0","","1","N","N","N","0","","0","0","1","","0","","","1","1","0","0","0","1","0","2","0","1","","","","N","","","","","","","","","",""
"2020020496","0417","1","0","0","0","0","0","0","0","0","0","0","","67","2","2020","1","40.044086","-75.128829","0415","6","0","0","0","0","0","1","0","0","","0","0","0","","","0","","1","","40 02:38.709","","0","75 07:43.784","0","0","0","0","67301","0","0","0","N","0","0","0","2","67301","0","","9.0","","1","N","N","N","0","","0","0","0","","2","","","1","0","0","0","0","0","0","2","0","1","","03","","N","","","","","","","","","",""
"2020020468","1130","2","0","0","0","0","0","0","0","0","4","0","","67","2","2020","2","39.992087","-75.176523","1127","6","0","0","0","0","0","0","0","0","","0","0","0","","","0","","1","","39 59:31.513","","0","75 10:35.482","0","0","0","0","67301","0","0","0","N","0","0","0","2","67301","0","","1.0","","1","N","N","N","0","","0","0","1","","3","","","3","0","0","0","0","0","0","2","0","3","","03","","N","","","","","","","","","",""
"2020022633","2040","2","0","0","0","0","0","0","0","0","4","0","","67","2","2020","6","39.975142","-75.188005","2030","6","0","0","0","0","0","0","0","0","","0","0","0","","","2","","1","","39 58:30.510","","0","75 11:16.819","3","0","0","0","67301","0","0","0","N","0","0","0","3","67301","0","","1.0","","1","N","N","N","0","","2","0","0","","2","","","2","2","0","0","0","0","1","2","0","2","","","","N","","","","","","","","","",""
"2020023927","0035","1","0","0","0","0","0","0","0","0","0","0","","67","2","2020","4","40.037085","-75.013175","0021","6","0","0","1","0","0","0","0","0","","0","0","0","","","0","N","0","","40 02:13.506","1","0","75 00:47.429","0","0","0","0","67301","0","0","0","N","0","0","0","2","68K01","0","","4.0","40.0","9","N","N","N","0","","0","0","0","","0","N","","1","0","0","0","0","0","0","2","0","1","","","","N","","","","","","","","","",""
"2020061877","2029","1","0","0","0","0","0","0","0","0","4","0","","67","7","2020","6","39.989461","-75.126108","2027","6","0","0","0","0","0","0","0","0","","0","0","0","","","1","N","0","","39 59:22.060","5","0","75 07:33.990","8","0","0","0","67301","0","0","0","N","0","0","0","2","67301","0","","6.0","2030.0","1","N","N","N","0","","0","0","1","","0","U","","2","1","0","0","0","1","0","2","0","2","","","","N","","","","","","","","","",""
"2020022409","0109","0","0","0","0","0","0","0","0","0","7","0","","67","3","2020","1","39.95765","-75.162207","1258","6","0","0","0","0","0","1","0","0","","0","0","0","","","1","N","0","","39 57:27.540","","0","75 09:43.944","3","0","0","0","67301","0","0","0","N","0","0","0","1","67301","0","","1.0","","1","N","N","N","0","","1","0","0","","2","","","1","1","0","0","0","0","0","2","1","1","","03","","N","","","","","","","","","",""
"2020063199","1612","2","0","0","0","0","0","0","0","0","1","0","","67","7","2020","3","39.978145","-75.110701","1559","6","0","0","0","0","0","3","0","0","","0","0","0","","","0","N","0","","39 58:41.323","1","0","75 06:38.524","0","0","0","0","67301","0","0","0","N","0","0","0","4","68K01","0","","1.0","1620.0","1","N","N","N","0","","0","0","2","","8","N","","4","0","0","0","0","0","0","2","0","4","","03","","N","","","","","","","","","",""
"2020031330","2027","2","0","0","0","0","0","0","0","0","4","0","","67","4","2020","4","40.029502","-75.146713","2027","6","0","0","0","0","0","1","0","0","","0","0","0","","","0","","1","","40 01:46.206","","0","75 08:48.166","0","0","0","0","67301","0","0","0","N","0","0","0","2","67301","0","","1.0","","1","N","N","N","0","","0","0","0","","2","","","2","0","1","0","0","0","0","2","0","2","","03","","N","","","","","","","","","",""
"2020023212","2150","1","0","0","0","0","0","0","0","0","2","0","","67","3","2020","1","40.015299","-75.208067","2138","6","0","0","0","0","0","0","0","0","","0","0","0","","","1","N","0","","40 00:55.075","1","0","75 12:29.042","8","0","0","0","67301","0","0","0","N","0","0","0","2","67301","0","","1.0","2315.0","1","N","N","N","1","","0","0","0","","0","N","","2","1","0","0","0","1","0","2","0","2","","03","","N","","","","","","","","","",""
"2020022148","1530","2","0","0","0","0","0","0","0","0","1","0","","67","2","2020","5","40.047483","-75.142782","1530","6","0","0","0","0","0","0","1","0","","0","0","0","","","0","","1","","40 02:50.940","","0","75 08:34.016","0","0","0","0","67301","0","0","0","N","0","0","0","2","67301","0","","1.0","","99","N","N","N","0","","0","0","0","","9","","","2","0","0","0","0","0","0","2","0","2","","98","","N","","","","","","","","","",""
"2020023139","1235","0","0","0","0","0","0","0","0","0","8","0","","67","2","2020","5","39.956447","-75.164443","1230","6","0","0","0","0","0","0","0","0","","0","0","0","","","1","","2","","39 57:23.209","","6","75 09:51.995","2","0","0","0","67301","1","0","1","N","1","0","1","2","67301","0","","1.0","","1","N","N","N","0","","0","1","1","","5","","","2","1","1","0","0","0","0","2","0","1","","03","","N","","","","","","","","","",""
"2020062827","1448","1","0","0","0","0","0","0","0","0","8","0","","67","7","2020","6","39.990689","-75.121906","1437","6","0","0","0","0","0","0","0","0","","0","0","0","","","1","N","0","","39 59:26.480","","0","75 07:18.860","3","0","0","0","67301","1","0","0","N","1","0","0","2","67301","0","","1.0","","1","N","N","N","0","","1","0","0","","0","","","2","1","0","0","0","0","1","2","0","1","","","","N","","","","","","","","","",""
"2020061514","1554","0","0","0","0","0","0","0","0","0","8","0","","67","8","2020","7","40.046453","-75.158136","1554","6","0","0","0","0","0","0","0","0","","0","0","0","","","1","N","0","","40 02:47.230","","0","75 09:29.290","3","0","0","0","67301","1","0","0","N","1","0","0","1","67301","0","","1.0","","99","N","N","N","0","","1","0","0","","0","","","2","1","0","0","0","0","0","2","0","1","","","","N","","","","","","","","","",""
"2020061414","0225","3","0","0","0","0","0","0","0","0","5","0","","67","7","2020","5","39.945619","-75.217114","0215","6","0","0","0","0","0","0","0","0","","0","0","0","","","1","N","0","","39 56:44.230","","0","75 13:01.610","3","0","0","0","67301","0","0","0","N","0","0","0","1","67301","0","","1.0","","1","N","N","N","0","","1","0","1","","0","","","4","1","0","0","0","0","0","2","0","4","","03","","N","","","","","","","","","",""
"2020020832","1605","0","0","0","0","0","0","0","0","0","8","0","","67","2","2020","3","40.038844","-75.171625","1559","6","0","0","0","0","0","0","0","0","","0","0","0","","","1","","1","","40 02:19.838","","0","75 10:17.850","4","0","0","0","67301","1","0","0","N","1","0","0","2","67301","1","","1.0","","9","N","N","N","0","","0","0","0","","2","","","2","1","0","0","0","0","1","2","0","1","","04","","N","","","","","","","","","",""
"2020028994","1902","1","0","0","0","0","0","0","0","0","4","0","","67","3","2020","4","39.974598","-75.199484","1853","6","0","0","0","0","0","0","0","0","","0","0","0","","","1","","1","","39 58:28.552","","2","75 11:58.141","8","0","0","0","67301","0","0","0","N","0","0","0","3","67301","0","","1.0","","1","N","N","N","0","","0","0","1","","2","","","2","1","0","0","0","1","1","2","0","2","","03","","N","","","","","","","","","",""
"2020021300","1951","2","0","0","0","0","0","0","0","0","4","0","","67","2","2020","3","40.061325","-75.151142","1951","6","0","0","0","0","0","0","0","0","","0","0","0","","","1","","1","","40 03:40.770","","0","75 09:04.111","3","0","0","0","67301","0","0","0","N","0","0","0","2","67301","0","","1.0","","9","N","N","N","0","","1","0","0","","2","","","2","1","0","0","0","0","0","2","0","2","","07","","N","","","","","","","","","",""