"CRN","ARRIVAL_TM","AUTOMOBILE_COUNT","BELTED_DEATH_COUNT","BELTED_SUSP_SERIOUS_INJ_COUNT","BICYCLE_COUNT","BICYCLE_DEATH_COUNT","BICYCLE_SUSP_SERIOUS_INJ_COUNT","BUS_COUNT","CHLDPAS_DEATH_COUNT","CHLDPAS_SUSP_SERIOUS_INJ_COUNT","COLLISION_TYPE","COMM_VEH_COUNT","CONS_ZONE_SPD_LIM","COUNTY","CRASH_MONTH","CRASH_YEAR","DAY_OF_WEEK","DEC_LATITUDE","DEC_LONGITUDE","DISPATCH_TM","DISTRICT","DRIVER_COUNT_16YR","DRIVER_COUNT_17YR","DRIVER_COUNT_18YR","DRIVER_COUNT_19YR","DRIVER_COUNT_20YR","DRIVER_COUNT_50_64YR","DRIVER_COUNT_65_74YR","DRIVER_COUNT_75PLUS","EST_HRS_CLOSED","FATAL_COUNT","HEAVY_TRUCK_COUNT","HORSE_BUGGY_COUNT","HOUR_OF_DAY","ILLUMINATION","INJURY_COUNT","INTERSECTION_RELATED","INTERSECT_TYPE","LANE_CLOSED","LATITUDE","LN_CLOSE_DIR","LOCATION_TYPE","LONGITUDE","MAX_SEVERITY_LEVEL","MCYCLE_DEATH_COUNT","MCYCLE_SUSP_SERIOUS_INJ_COUNT","MOTORCYCLE_COUNT","MUNICIPALITY","NONMOTR_COUNT","NONMOTR_DEATH_COUNT","NONMOTR_SUSP_SERIOUS_INJ_COUNT","NTFY_HIWY_MAINT","PED_COUNT","PED_DEATH_COUNT","PED_SUSP_SERIOUS_INJ_COUNT","PERSON_COUNT","POLICE_AGCY","POSSIBLE_INJ_COUNT","RDWY_SURF_TYPE_CD","RELATION_TO_ROAD","ROADWAY_CLEARED","ROAD_CONDITION","SCH_BUS_IND","SCH_ZONE_IND","SECONDARY_CRASH","SMALL_TRUCK_COUNT","SPEC_JURIS_CD","SUSP_MINOR_INJ_COUNT","SUSP_SERIOUS_INJ_COUNT","SUV_COUNT","TCD_FUNC_CD","TCD_TYPE","TFC_DETOUR_IND","TIME_OF_DAY","TOTAL_UNITS","TOT_INJ_COUNT","UNBELTED_OCC_COUNT","UNB_DEATH_COUNT","UNB_SUSP_SERIOUS_INJ_COUNT","UNK_INJ_DEG_COUNT","UNK_INJ_PER_COUNT","URBAN_RURAL","VAN_COUNT","VEHICLE_COUNT","WEATHER1","WEATHER2","WORKERS_PRES","WORK_ZONE_IND","WORK_ZONE_LOC","WORK_ZONE_TYPE","WZ_CLOSE_DETOUR","WZ_FLAGGER","WZ_LAW_OFFCR_IND","WZ_LN_CLOSURE","WZ_MOVING","WZ_OTHER","WZ_SHLDER_MDN","WZ_WORKERS_INJ_KILLED"
"2020021305","0303","2","0","0","0","0","0","0","0","0","1","0","","67","2","2020","4","40.008629","-75.210809","0247","6","0","0","0","0","0","0","0","0","","0","0","0","","","1","","1","","40 00:31.066","","0","75 12:38.914","4","0","0","0","67301","0","0","0","N","0","0","0","2","67301","1","","1.0","","1","N","N","N","0","","0","0","0","","2","","","2","1","1","0","0","0","0","2","0","2","","","","N","","","","","","","","","",""
"2020023213","1308","1","0","0","0","0","0","0","0","0","4","0","","67","2","2020","6","39.955889","-75.198171","1153","6","0","0","0","0","0","0","0","0","","0","0","0","","","1","N","1","","39 57:21.201","","0","75 11:53.417","8","0","0","0","67301","0","0","0","N","0","0","0","2","67301","0","","1.0","","1","N","N","N","0","","0","0","1","","0","","","2","1","0","0","0","1","0","2","0","2","","04","","N","","","","","","","","","",""
"2020020865","0915","0","0","0","0","0","0","0","0","0","7","0","","67","2","2020","3","40.086788","-74.971843","0903","6","0","0","0","0","0","0","0","0","","0","0","0","","","0","","1","","40 05:12.438","","0","74 58:18.635","0","0","0","0","67301","0","0","0","N","0","0","0","1","67301","0","","5.0","","9","N","N","N","0","","0","0","1","","2","","","1","0","0","0","0","0","0","2","0","1","","04","","N","","","","","","","","","",""
"2020021298","0115","2","0","0","0","0","0","0","0","0","4","0","","67","2","2020","3","39.946528","-75.161049","0110","6","0","0","0","0","1","0","0","0","","0","0","0","","","0","","1","","39 56:47.500","","0","75 09:39.776","0","0","0","0","67301","0","0","0","N","0","0","0","1","67301","0","","1.0","","1","N","N","N","1","","0","0","0","","9","","","3","0","0","0","0","0","0","2","0","3","","03","","N","","","","","","","","","",""
"2020021598","2050","1","0","0","0","0","0","0","0","0","1","0","","67","2","2020","3","39.904347","-75.196816","2032","6","0","0","0","0","0","0","1","0","","0","0","0","","","1","N","0","","39 54:15.648","3","0","75 11:48.539","3","0","0","0","67301","0","0","0","N","0","0","0","2","67301","0","","1.0","2100.0","9","N","N","N","0","","1","0","1","","0","N","","2","1","0","0","0","0","0","2","0","2","","04","","N","","","","","","","","","",""
"2020062084","1744","1","0","0","0","0","0","1","0","0","5","1","","67","8","2020","7","40.053704","-75.186359","1734","6","0","0","0","0","0","0","0","0","","0","0","0","","","1","N","0","","40 03:13.335","","0","75 11:10.894","8","0","0","0","67301","0","0","0","N","0","0","0","3","67508","0","","1.0","","1","N","N","Y","0","","0","0","0","","0","","","2","1","0","0","0","1","0","2","0","2","","03","","N","","","","","","","","","",""
"2020063187","1545","1","0","0","0","0","0","0","0","0","0","0","","67","7","2020","1","39.892084","-75.235959","1447","6","0","0","0","0","0","0","0","0","","0","0","0","","","0","N","0","","39 53:31.501","1","0","75 14:09.451","0","0","0","0","67301","0","0","0","N","0","0","0","1","68K01","0","","1.0","1700.0","1","N","N","N","0","","0","0","0","","0","N","","1","0","0","0","0","0","0","2","0","1","","","","N","","","","","","","","","",""
"2020021259","0853","0","0","0","0","0","0","0","0","0","8","0","","67","2","2020","4","40.058043","-75.233643","0851","6","0","0","0","0","0","0","1","0","","0","0","0","","","1","","1","","40 03:28.953","","0","75 14:01.113","8","0","0","0","67301","1","0","0","N","1","0","0","2","67301","0","","1.0","","9","N","N","N","0","","0","0","1","","2","","","2","1","1","0","0","1","0","2","0","1","","05","","N","","","","","","","","","",""
"2020022797","1132","2","0","0","0","0","0","0","0","0","4","0","","67","2","2020","7","40.039386","-75.055897","1122","6","0","0","0","0","0","0","1","0","","0","0","0","","","0","N","2","","40 02:21.790","","0","75 03:21.230","0","0","0","0","67301","0","0","0","N","0","0","0","3","67301","0","","1.0","","1","N","N","Y","0","","0","0","1","","0","","","3","0","0","0","0","0","0","2","0","3","","03","","N","","","","","","","","","",""
"2020020927","1127","1","0","0","0","0","0","0","0","0","4","0","","67","2","2020","3","39.946123","-75.157911","1119","6","0","0","0","0","0","1","0","0","","0","0","0","","","1","","1","","39 56:46.042","4","0","75 09:28.479","3","0","0","0","67301","0","0","0","N","0","0","0","3","67301","0","","1.0","1215.0","9","N","N","N","0","","1","0","1","","2","Y","","2","1","0","0","0","0","0","2","0","2","","","","N","","","","","","","","","",""
"2020021917","1950","1","0","0","0","0","0","0","0","0","4","0","","67","2","2020","4","40.004935","-75.178718","1947","6","0","0","0","0","0","0","0","0","","0","0","0","","","1","","5","","40 00:17.766","","0","75 10:43.386","8","0","0","0","67301","0","0","0","N","0","0","0","2","67301","0","","1.0","","1","N","N","N","0","","0","0","1","","2","","","2","1","0","0","0","1","1","2","0","2","","","","N","","","","","","","","","",""
"2020030820","1301","4","0","0","0","0","0","0","0","0","4","0","","67","2","2020","7","39.926745","-75.178404","1301","6","0","0","0","0","0","0","0","0","","0","0","0","","","0","","2","","39 55:36.282","","0","75 10:42.254","0","0","0","0","67301","0","0","0","N","0","0","0","5","67301","0","","1.0","","1","N","N","N","0","","0","0","0","","3","","","4","0","0","0","0","0","0","2","0","4","","03","","N","","","","","","","","","",""
"2020061338","0534","2","0","0","0","0","0","0","0","0","5","0","","67","8","2020","7","40.05125","-75.091453","0531","6","0","0","0","0","0","0","0","0","","0","0","0","","","0","N","0","","40 03:04.500","","0","75 05:29.230","0","0","0","0","67301","0","0","0","N","0","0","0","1","67301","0","","1.0","","1","N","N","N","0","","0","0","0","","0","","","2","0","0","0","0","0","0","2","0","2","","","","N","","","","","","","","","",""
"2020021963","1318","0","0","0","0","0","0","0","0","0","7","0","","67","2","2020","4","40.022092","-75.153372","1317","6","0","0","0","0","0","0","0","0","","0","0","0","","","1","","1","","40 01:19.530","3","0","75 09:12.140","3","0","0","0","67301","0","0","0","N","0","0","0","1","67301","0","","4.0","10.0","1","N","N","N","0","","1","0","1","","3","Y","","1","1","0","0","0","0","0","2","0","1","","","","N","","","","","","","","","",""
"2020021604","1300","0","0","0","0","0","0","0","0","0","8","0","","67","2","2020","3","39.948378","-75.16575","1230","6","0","0","0","0","0","0","0","0","","0","0","0","","","1","N","0","","39 56:54.160","","0","75 09:56.700","3","0","0","0","67301","1","0","0","N","1","0","0","2","67301","0","","1.0","","1","N","N","N","0","","1","0","1","","0","","","2","1","0","0","0","0","0","2","0","1","","03","","N","","","","","","","","","",""
"2020023840","1657","0","0","0","0","0","0","0","0","0","8","0","","67","2","2020","4","39.952785","-75.16685","1654","6","0","0","0","0","0","1","0","0","","0","0","0","","","1","","1","","39 57:10.026","","0","75 10:00.660","3","0","0","0","67301","1","0","0","N","1","0","0","2","67301","0","","1.0","","1","N","N","N","0","","1","0","0","","2","","","2","1","0","0","0","0","0","2","1","1","","04","","N","","","","","","","","","",""
"2020020871","0113","2","0","0","0","0","0","0","0","0","4","0","","67","2","2020","3","40.020398","-75.140103","0110","6","0","0","1","0","0","0","0","0","","0","0","0","","","6","","1","","40 01:13.432","","0","75 08:24.370","3","0","0","0","67301","0","0","0","N","0","0","0","8","67301","4","","1.0","","1","N","N","N","0","","2","0","0","","0","","","2","6","0","0","0","0","0","2","0","2","","03","","N","","","","","","","","","",""
"2020020186","0822","0","0","0","0","0","0","0","0","0","4","0","","67","2","2020","2","40.057392","-75.160149","0814","6","0","0","0","0","0","0","1","0","","0","0","0","","","3","","1","","40 03:26.611","6","0","75 09:36.536","3","0","0","0","67301","0","0","0","N","0","0","0","4","67301","0","","1.0","913.0","1","N","Y","N","0","","3","0","2","","3","N","","2","3","0","0","0","0","0","2","0","2","","03","","N","","","","","","","","","",""
"2020020543","1325","0","0","0","0","0","0","0","0","0","1","0","","67","2","2020","1","40.045034","-75.143317","1319","6","0","0","1","0","0","0","0","0","","0","0","0","","","1","N","0","","40 02:42.122","1","0","75 08:35.941","3","0","0","0","67301","0","0","0","N","0","0","0","3","67301","0","","1.0","1420.0","1","N","N","N","0","","1","0","1","","0","N","","2","1","0","0","0","0","0","2","1","2","","","","N","","","","","","","","","",""
"2020036919","1944","0","0","0","0","0","0","0","0","0","1","0","","67","2","2020","3","40.031816","-75.052971","1936","6","0","0","0","0","0","0","0","0","","0","0","0","","","3","N","0","","40 01:54.538","2","0","75 03:10.697","3","0","0","0","67301","0","0","0","N","0","0","0","5","67301","0","","1.0","2000.0","9","N","N","N","0","","3","0","0","","2","N","","2","3","0","0","0","0","0","2","2","2","","07","","N","","","","","","","","","",""
"2020023136","0255","2","0","0","0","0","0","0","0","0","4","0","","67","3","2020","1","40.084453","-75.038374","0252","6","0","0","0","0","0","0","0","0","","0","0","0","","","0","","1","","40 05:04.029","","0","75 02:18.148","0","0","0","0","67301","0","0","0","N","0","0","0","2","67301","0","","1.0","","1","N","N","N","0","","0","0","0","","2","","","2","0","0","0","0","0","0","2","0","2","","","","N","","","","","","","","","",""
"2020061260","1259","0","0","0","0","0","0","0","0","0","7","0","","67","7","2020","5","40.100786","-74.967501","1255","6","0","0","0","0","0","0","0","0","","0","0","0","","","1","","1","","40 06:02.828","","0","74 58:03.002","3","0","0","1","67301","0","0","0","N","0","0","0","1","67301","0","","5.0","","1","N","N","N","0","","1","0","0","","3","","","1","1","0","0","0","0","0","2","0","1","","03","","N","","","","","","","","","",""
"2020021692","1130","1","0","0","0","0","0","0","0","0","8","0","","67","2","2020","3","39.938986","-75.157841","1115","6","0","0","0","0","0","0","0","0","","0","0","0","","","1","","1","","39 56:20.348","","0","75 09:28.229","3","0","0","0","67301","1","0","0","N","1","0","0","2","67301","0","","1.0","","9","N","N","N","0","","1","0","0","","9","","","2","1","0","0","0","0","0","2","0","1","","04","","N","","","","","","","","","",""
"2020061668","2318","1","0","0","0","0","0","0","0","0","7","0","","67","7","2020","2","39.982118","-75.207634","2318","6","0","0","0","0","1","0","0","0","","0","0","0","","","1","N","0","","39 58:55.624","3","0","75 12:27.482","8","0","0","0","67301","0","0","0","N","0","0","0","1","68K01","0","","4.0","20.0","9","N","N","N","0","","0","0","0","","0","N","","1","1","1","0","0","1","0","2","0","1","","03","","N","","","","","","","","","",""
"2020021888","1503","0","0","0","1","0","0","0","0","0","8","0","","67","2","2020","6","39.973526","-75.137595","1459","6","0","0","0","0","0","1","0","0","","0","0","0","","","1","","1","","39 58:24.693","","0","75 08:15.341","3","0","0","0","67301","1","0","0","N","0","0","0","2","67301","0","","1.0","","1","N","N","N","1","","1","0","0","","3","","","2","1","0","0","0","0","0","2","0","1","","03","","N","","","","","","","","","",""
"2020022793","0315","1","0","0","0","0","0","0","0","0","6","0","","67","2","2020","7","39.931004","-75.144198","0307","6","0","0","0","0","0","0","0","0","","0","0","0","","","1","N","0","","39 55:51.614","1","0","75 08:39.113","3","0","0","0","67301","0","0","0","N","0","0","0","2","67301","0","","1.0","430.0","1","N","N","N","0","","1","0","1","","2","N","","2","1","0","0","0","0","0","2","0","2","","03","","N","","","","","","","","","",""
"2020061257","0524","1","0","0","0","0","0","0","0","0","7","0","","67","7","2020","5","40.104675","-75.001483","0524","6","0","0","0","0","0","0","0","0","","0","0","0","","","0","","2","","40 06:16.829","","0","75 00:05.337","0","0","0","0","67301","0","0","0","N","0","0","0","1","67301","0","","3.0","","1","N","N","N","0","","0","0","0","","2","","","1","0","0","0","0","0","0","2","0","1","","03","","N","","","","","","","","","",""
"2020062818","1820","0","0","0","0","0","0","0","0","0","7","0","","67","8","2020","3","40.081912","-75.066037","1811","6","0","0","0","0","0","1","0","0","","0","0","0","","","0","N","0","","40 04:54.882","5","0","75 03:57.734","0","0","0","0","67301","0","0","0","N","0","0","0","1","67301","0","","5.0","1815.0","1","N","N","N","0","","0","0","1","","0","Y","","1","0","0","0","0","0","0","2","0","1","","03","","N","","","","","","","","","",""
"2020020834","1817","0","0","0","0","0","0","0","0","0","4","0","","67","2","2020","3","40.044297","-75.054111","1807","6","0","0","0","0","0","0","0","0","","0","0","0","","","1","","1","","40 02:39.468","","0","75 03:14.798","3","0","0","0","67301","0","0","0","N","0","0","0","2","67301","0","","1.0","","9","N","N","N","0","","1","0","2","","2","","","2","1","0","0","0","0","1","2","0","2","","","","N","","","","","","","","","",""
"2020020669","1635","1","0","0","0","0","0","0","0","0","4","0","","67","2","2020","1","39.965289","-75.201546","1630","6","0","1","0","0","0","0","0","0","","0","0","0","","","2","","1","","39 57:55.040","","0","75 12:05.565","8","0","0","0","67301","0","0","0","N","0","0","0","3","67301","0","","1.0","","1","N","N","N","0","","0","0","1","","3","","","2","2","0","0","0","2","0","2","0","2","","03","","N","","","","","","","","","",""
"2020021611","1830","2","0","0","0","0","0","0","0","0","4","0","","67","2","2020","3","40.00548","-75.146585","1828","6","0","0","0","0","0","0","0","0","","0","0","0","","","1","N","1","","40 00:19.727","","0","75 08:47.706","3","0","0","0","67301","0","0","0","N","0","0","0","2","67301","0","","1.0","","9","N","N","N","0","","1","0","0","","9","","","2","1","0","0","0","0","0","2","0","2","","07","","N","","","","","","","","","",""
"2020030924","1915","0","0","0","0","0","0","0","0","0","1","0","","67","2","2020","7","39.981383","-75.102666","1915","6","0","0","0","0","0","0","0","0","","0","0","0","","","1","N","0","","39 58:52.979","2","0","75 06:09.599","4","0","0","0","67301","0","0","0","N","0","0","0","9","68K01","1","","1.0","1920.0","1","N","N","N","0","","0","0","1","","0","Y","","2","1","0","0","0","0","0","2","1","2","","","","N","","","","","","","","","",""
"2020021887","2125","1","0","0","0","0","0","0","0","0","7","0","","67","2","2020","5","39.974324","-75.122166","2122","6","0","0","0","0","0","0","0","0","","0","0","0","","","0","N","0","","39 58:27.566","","0","75 07:19.796","0","0","0","0","67301","0","0","0","N","0","0","0","1","67301","0","","4.0","","1","N","N","N","0","","0","0","0","","0","","","1","0","0","0","0","0","0","2","0","1","","","","N","","","","","","","","","",""
"2020027616","1620","1","0","0","0","0","0","0","0","0","1","0","","67","2","2020","7","39.979702","-75.107235","1609","6","0","0","0","0","0","1","0","0","","0","0","0","","","2","N","0","","39 58:46.926","2","0","75 06:26.047","4","0","0","0","67301","0","0","0","N","0","0","0","11","68K01","2","","1.0","1732.0","1","N","N","N","0","","0","0","4","","0","Y","","5","2","0","0","0","0","0","2","0","5","","","","N","","","","","","","","","",""
"2020020540","2133","1","0","0","0","0","0","0","0","0","1","0","","67","2","2020","1","40.064816","-75.042012","2131","6","0","0","0","0","0","1","0","0","","0","0","0","","","0","N","0","","40 03:53.339","","0","75 02:31.242","0","0","0","0","67301","0","0","0","N","0","0","0","2","67301","0","","1.0","","1","N","N","N","0","","0","0","1","","9","","","2","0","0","0","0","0","0","2","0","2","","03","","N","","","","","","","","","",""
"2020062358","0421","0","0","0","0","0","0","0","0","0","7","0","","67","8","2020","1","39.977817","-75.228051","0421","6","0","0","0","0","0","0","0","0","","0","0","0","","","0","N","0","","39 58:40.141","","0","75 13:40.983","9","0","0","0","67301","0","0","0","N","0","0","0","1","67301","0","","5.0","","1","N","N","N","1","","0","0","0","","0","","","1","0","0","0","0","0","1","2","0","1","","03","","N","","","","","","","","","",""
"2020063205","1542","0","0","0","0","0","0","0","0","0","1","0","","67","7","2020","4","39.939311","-75.143267","1528","6","0","0","0","0","0","1","0","0","","0","0","0","","","1","N","0","","39 56:21.518","","0","75 08:35.761","3","0","0","0","67301","0","0","0","N","0","0","0","3","68K01","0","","1.0","","1","N","N","N","1","","1","0","1","","8","","","2","1","0","0","0","0","0","2","0","2","","","","N","","","","","","","","","",""
"2020022305","0841","1","0","0","0","0","0","0","0","0","5","0","","67","2","2020","7","39.994233","-75.132139","0841","6","0","0","0","0","0","0","0","0","","0","0","0","","","0","N","0","","39 59:39.240","3","0","75 07:55.700","0","0","0","0","67301","0","0","0","N","0","0","0","1","67301","0","","6.0","940.0","1","N","N","N","0","","0","0","1","","3","N","","2","0","0","0","0","0","0","2","0","2","","03","","N","","","","","","","","","",""
"2020062314","1700","1","0","0","0","0","0","0","0","0","8","0","","67","8","2020","3","39.938264","-75.170017","1650","6","0","0","0","0","0","0","0","0","","0","0","0","","","1","","1","","39 56:17.749","","0","75 10:12.060","3","0","0","0","67301","1","0","0","N","1","0","0","2","67301","0","","5.0","","1","N","N","N","0","","1","0","0","","2","","","2","1","0","0","0","0","0","2","0","1","","03","","N","","","","","","","","","",""
"2020022149","1705","1","0","0","0","0","0","0","0","0","4","0","","67","2","2020","5","40.030431","-75.153103","1704","6","0","0","0","0","0","0","0","0","","0","0","0","","","0","N","0","","40 01:49.550","","0","75 09:11.170","0","0","0","0","67301","0","0","0","N","0","0","0","3","67301","0","","1.0","","1","N","N","N","0","","0","0","1","","0","","","2","0","0","0","0","0","0","2","0","2","","10","","N","","","","","","","","","",""
"2020021916","0343","1","0","0","0","0","0","0","0","0","4","0","","67","2","2020","6","40.000698","-75.14803","0343","6","0","0","0","0","0","0","0","0","","0","0","0","","","2","N","1","","40 00:02.511","","0","75 08:52.909","3","0","0","0","67301","0","0","0","N","0","0","0","2","67301","0","","1.0","","1","N","N","N","0","","2","0","1","","1","","","2","2","0","0","0","0","0","2","0","2","","03","","N","","","","","","","","","",""
"2020021607","0900","1","0","0","0","0","0","0","0","0","6","0","","67","2","2020","5","39.978173","-75.194442","0850","6","0","0","0","0","0","1","0","0","","0","0","0","","","1","N","0","","39 58:41.421","1","0","75 11:39.991","3","0","0","0","67301","0","0","0","N","0","0","0","2","67301","0","","1.0","930.0","1","N","N","N","0","","1","0","1","","0","N","","2","1","0","0","0","0","0","2","0","2","","03","","N","","","","","","","","","",""
"2020020544","0914","1","0","0","0","0","0","0","0","0","1","0","","67","2","2020","2","40.054936","-75.149664","0901","6","0","0","0","0","0","0","0","0","","0","0","0","","","0","N","0","","40 03:17.770","","0","75 08:58.790","0","0","0","0","67301","0","0","0","N","0","0","0","2","67301","0","","1.0","","1","N","N","N","0","","0","0","0","","7","","","2","0","0","0","0","0","0","2","1","2","","","","N","","","","","","","","","",""
"2020022412","2101","0","0","0","0","0","0","0","0","0","7","0","","67","2","2020","7","40.043093","-75.044855","2101","6","0","0","0","0","0","0","0","0","","0","0","0","","","1","","2","","40 02:35.134","","0","75 02:41.478","4","0","0","1","67301","0","0","0","N","0","0","0","1","67301","1","","1.0","","1","N","N","N","0","","0","0","0","","2","","","1","1","0","0","0","0","0","2","0","1","","","","N","","","","","","","","","",""
"2020062685","0024","0","0","0","0","0","0","0","0","0","8","0","","67","8","2020","1","39.921969","-75.222031","0022","6","0","0","0","0","0","0","0","0","","0","0","0","","","1","N","0","","39 55:19.090","","0","75 13:19.310","3","0","0","0","67301","1","0","0","N","1","0","0","1","67301","0","","1.0","","1","N","N","N","0","","1","0","0","","0","","","2","1","0","0","0","0","0","2","0","1","","98","","N","","","","","","","","","",""
"2020020187","2101","0","0","0","0","0","0","0","0","0","8","0","","67","2","2020","1","39.940367","-75.201774","2051","6","0","0","0","0","0","0","0","0","","0","0","0","","","1","N","0","","39 56:25.320","","3","75 12:06.387","8","0","0","0","67301","1","0","0","N","1","0","0","2","67301","0","","4.0","","98","N","N","N","0","","0","0","0","","0","","","2","1","0","0","0","1","0","2","0","1","","03","","N","","","","","","","","","",""
"2020021043","2356","2","0","0","0","0","0","0","0","0","6","0","","67","2","2020","3","39.983756","-75.185192","2356","6","0","0","0","0","0","0","0","0","","0","0","0","","","0","N","0","","39 59:01.520","","0","75 11:06.690","0","0","0","0","67301","0","0","0","N","0","0","0","1","67301","0","","6.0","","1","N","N","N","0","","0","0","1","","3","","","3","0","0","0","0","0","0","2","0","3","","03","","N","","","","","","","","","",""
"2020021609","1633","1","0","0","0","0","0","0","0","0","8","0","","67","2","2020","5","39.977969","-75.165433","1628","6","0","0","0","0","0","0","0","0","","0","0","0","","","2","N","0","","39 58:40.690","","0","75 09:55.560","8","0","0","0","67301","2","0","0","N","2","0","0","3","67301","0","","1.0","","1","N","N","N","0","","0","0","0","","0","","","3","2","0","0","0","2","0","2","0","1","","03","","N","","","","","","","","","",""
"2020021610","1320","1","0","0","0","0","0","0","0","0","5","0","","67","2","2020","2","40.004667","-75.147678","1320","6","0","0","0","0","0","0","0","0","","0","0","0","","","0","N","0","","40 00:16.800","","0","75 08:51.640","0","0","0","0","67301","0","0","0","N","0","0","0","1","67301","0","","6.0","","1","N","N","N","0","","0","0","0","","0","","","2","0","0","0","0","0","0","2","1","2","","","","N","","","","","","","","","",""
"2020020188","0151","0","0","0","0","0","0","0","0","0","4","0","","67","2","2020","1","39.954579","-75.225998","0149","6","0","0","1","0","0","0","0","0","","0","0","0","","","2","","1","","39 57:16.485","","0","75 13:33.593","8","0","0","0","67301","0","0","0","N","0","0","0","3","67301","0","","1.0","","1","N","N","N","0","","0","0","1","","2","","","2","2","0","0","0","2","0","2","0","2","","03","","N","","","","","","","","","",""
"2020021297","1820","0","0","0","0","0","0","0","0","0","0","0","","67","2","2020","2","40.035103","-75.071619","1817","6","0","0","1","0","0","0","1","0","","0","0","0","","","1","N","0","","40 02:06.370","","0","75 04:17.830","4","0","0","0","67301","0","0","0","N","0","0","0","3","67301","1","","5.0","","1","N","N","N","0","","0","0","2","","0","","","2","1","0","0","0","0","0","2","0","2","","03","","N","","","","","","","","","",""
"2020061135","0428","0","0","0","0","0","0","0","0","0","7","1","","67","7","2020","6","39.960452","-75.181239","0425","6","0","0","0","0","0","0","0","0","","0","1","0","","","0","N","7","","39 57:37.626","4","2","75 10:52.459","0","0","0","0","67301","0","0","0","N","0","0","0","1","68K01","0","","4.0","100.0","9","N","N","N","0","","0","0","0","","0","N","","1","0","0","0","0","0","0","2","0","1","","","","N","","","","","","","","","",""
"2020022958","0209","1","0","0","0","0","0","0","0","0","7","0","","67","3","2020","1","39.933148","-75.20001","0202","6","0","0","0","0","0","0","0","0","","0","0","0","","","2","N","0","","39 55:59.332","4","0","75 12:00.037","3","0","0","0","67301","0","0","0","N","0","0","0","2","68K01","0","","4.0","30.0","1","N","N","N","0","","2","0","0","","0","N","","1","2","0","0","0","0","0","2","0","1","","","","N","","","","","","","","","",""
"2020063208","1915","1","0","0","0","0","0","0","0","0","5","1","","67","7","2020","5","40.046043","-75.001735","1912","6","0","0","0","1","0","0","0","0","","0","1","0","","","1","N","0","","40 02:45.756","2","0","75 00:06.246","3","0","0","0","67301","0","0","0","N","0","0","0","3","68K01","0","","1.0","45.0","1","N","N","N","0","","1","0","1","","0","N","","3","1","0","0","0","0","1","2","0","3","","","","N","","","","","","","","","",""
"2020020840","1125","1","0","0","0","0","0","0","0","0","1","0","","67","2","2020","1","40.014285","-75.17847","1105","6","0","0","0","0","0","1","0","0","","0","0","0","","","1","N","0","","40 00:51.425","1","0","75 10:42.493","3","0","0","0","67301","0","0","0","N","0","0","0","2","67301","0","","1.0","30.0","1","N","N","N","0","","1","0","1","","0","N","","2","1","0","0","0","0","0","2","0","2","","03","","N","","","","","","","","","",""
"2020063202","1147","1","0","0","0","0","0","0","0","0","1","0","","67","7","2020","4","40.002278","-75.078375","1127","6","0","0","0","0","0","1","0","0","","0","0","0","","","0","N","0","","40 00:08.202","2","0","75 04:42.151","0","0","0","0","67301","0","0","0","N","0","0","0","2","68K01","0","","1.0","1220.0","1","N","N","N","1","","0","0","0","","0","N","","2","0","0","0","0","0","0","2","0","2","","03","","N","","","","","","","","","",""
"2020020185","0358","1","0","0","0","0","0","0","0","0","6","0","","67","2","2020","2","40.038699","-75.191625","0353","6","0","0","0","0","0","1","0","0","","0","0","0","","","0","N","0","","40 02:19.315","","0","75 11:29.850","9","0","0","0","67301","0","0","0","N","0","0","0","3","67301","0","","1.0","","1","N","N","N","0","","0","0","1","","9","","","2","0","0","0","0","0","3","2","0","2","","03","","N","","","","","","","","","",""
"2020021636","0624","0","0","0","0","0","0","0","0","0","4","0","","67","2","2020","4","39.902701","-75.15224","0602","6","0","0","0","0","0","0","0","0","","0","0","0","","","0","","2","","39 54:09.725","2","0","75 09:08.064","0","0","0","0","67301","0","0","0","N","0","0","0","2","67301","0","","1.0","708.0","1","N","N","N","0","","0","0","2","","2","N","","2","0","2","0","0","0","0","2","0","2","","03","","N","","","","","","","","","",""
"2020022014","2320","0","0","0","0","0","0","0","0","0","7","1","","67","2","2020","4","39.941038","-75.143472","2312","6","0","0","0","0","0","0","0","0","","0","1","0","","","0","N","0","","39 56:27.736","","0","75 08:36.499","0","0","0","0","67301","0","0","0","Y","0","0","0","1","68K01","0","","4.0","","9","N","N","N","0","","0","0","0","","0","","","1","0","0","0","0","0","0","2","0","1","","","","N","","","","","","","","","",""
"2020021960","0357","0","0","0","0","0","0","0","0","0","2","0","","67","2","2020","5","40.030041","-75.103218","0357","6","0","0","0","0","0","0","0","0","","0","0","0","","","2","N","0","","40 01:48.147","","0","75 06:11.584","3","0","0","0","67301","0","0","0","N","0","0","0","3","67301","0","","1.0","","9","N","N","N","0","","1","0","1","","0","","","2","2","0","0","0","1","0","2","1","2","","07","","N","","","","","","","","","",""
"2020022957","0011","0","0","0","0","0","0","0","0","0","7","0","","67","2","2020","7","39.983448","-75.097672","0001","6","0","0","0","0","0","0","0","0","","0","0","0","","","1","N","0","","39 59:00.413","","0","75 05:51.618","3","0","0","0","67301","0","0","0","N","0","0","0","1","68K01","0","","3.0","","1","N","N","N","0","","1","0","1","","0","","","1","1","1","0","0","0","0","2","0","1","","03","","N","","","","","","","","","",""