"CRN","ARRIVAL_TM","AUTOMOBILE_COUNT","BELTED_DEATH_COUNT","BELTED_SUSP_SERIOUS_INJ_COUNT","BICYCLE_COUNT","BICYCLE_DEATH_COUNT","BICYCLE_SUSP_SERIOUS_INJ_COUNT","BUS_COUNT","CHLDPAS_DEATH_COUNT","CHLDPAS_SUSP_SERIOUS_INJ_COUNT","COLLISION_TYPE","COMM_VEH_COUNT","CONS_ZONE_SPD_LIM","COUNTY","CRASH_MONTH","CRASH_YEAR","DAY_OF_WEEK","DEC_LATITUDE","DEC_LONGITUDE","DISPATCH_TM","DISTRICT","DRIVER_COUNT_16YR","DRIVER_COUNT_17YR","DRIVER_COUNT_18YR","DRIVER_COUNT_19YR","DRIVER_COUNT_20YR","DRIVER_COUNT_50_64YR","DRIVER_COUNT_65_74YR","DRIVER_COUNT_75PLUS","EST_HRS_CLOSED","FATAL_COUNT","HEAVY_TRUCK_COUNT","HORSE_BUGGY_COUNT","HOUR_OF_DAY","ILLUMINATION","INJURY_COUNT","INTERSECTION_RELATED","INTERSECT_TYPE","LANE_CLOSED","LATITUDE","LN_CLOSE_DIR","LOCATION_TYPE","LONGITUDE","MAX_SEVERITY_LEVEL","MCYCLE_DEATH_COUNT","MCYCLE_SUSP_SERIOUS_INJ_COUNT","MOTORCYCLE_COUNT","MUNICIPALITY","NONMOTR_COUNT","NONMOTR_DEATH_COUNT","NONMOTR_SUSP_SERIOUS_INJ_COUNT","NTFY_HIWY_MAINT","PED_COUNT","PED_DEATH_COUNT","PED_SUSP_SERIOUS_INJ_COUNT","PERSON_COUNT","POLICE_AGCY","POSSIBLE_INJ_COUNT","RDWY_SURF_TYPE_CD","RELATION_TO_ROAD","ROADWAY_CLEARED","ROAD_CONDITION","SCH_BUS_IND","SCH_ZONE_IND","SECONDARY_CRASH","SMALL_TRUCK_COUNT","SPEC_JURIS_CD","SUSP_MINOR_INJ_COUNT","SUSP_SERIOUS_INJ_COUNT","SUV_COUNT","TCD_FUNC_CD","TCD_TYPE","TFC_DETOUR_IND","TIME_OF_DAY","TOTAL_UNITS","TOT_INJ_COUNT","UNBELTED_OCC_COUNT","UNB_DEATH_COUNT","UNB_SUSP_SERIOUS_INJ_COUNT","UNK_INJ_DEG_COUNT","UNK_INJ_PER_COUNT","URBAN_RURAL","VAN_COUNT","VEHICLE_COUNT","WEATHER1","WEATHER2","WORKERS_PRES","WORK_ZONE_IND","WORK_ZONE_LOC","WORK_ZONE_TYPE","WZ_CLOSE_DETOUR","WZ_FLAGGER","WZ_LAW_OFFCR_IND","WZ_LN_CLOSURE","WZ_MOVING","WZ_OTHER","WZ_SHLDER_MDN","WZ_WORKERS_INJ_KILLED"
"2020020841","1045","1","0","0","0","0","0","0","0","0","8","0","","67","2","2020","2","39.994962","-75.162504","1036","6","0","0","0","0","0","0","0","0","","0","0","0","","","1","","2","","39 59:41.862","","0","75 09:45.013","3","0","0","0","67301","1","0","0","N","1","0","0","2","67301","0","","1.0","","1","N","N","N","0","","1","0","0","","0","","","2","1","0","0","0","0","0","2","0","1","","03","","N","","","","","","","","","",""
"2020063251","1956","0","0","0","0","0","0","0","0","0","7","0","","67","6","2020","5","39.947518","-75.18773","1946","6","0","0","0","0","0","0","0","0","","0","0","0","","","0","Y","0","","39 56:51.063","3","0","75 11:15.828","0","0","0","0","67301","0","0","0","Y","0","0","0","1","68K01","0","","7.0","2005.0","1","N","N","N","0","","0","0","1","","0","N","","1","0","0","0","0","0","0","2","0","1","","03","","N","","","","","","","","","",""
"2020019877","0329","2","0","0","0","0","0","0","0","0","5","0","","67","2","2020","1","39.975969","-75.1455","0322","6","0","0","0","0","1","0","0","0","","0","0","0","","","0","N","0","","39 58:33.490","","0","75 08:43.800","0","0","0","0","67301","0","0","0","N","0","0","0","1","67301","0","","6.0","","1","N","N","N","0","","0","0","1","","0","","","3","0","0","0","0","0","0","2","0","3","","03","","N","","","","","","","","","",""
"2020020930","0220","0","0","0","0","0","0","0","0","0","4","0","","67","2","2020","4","40.033289","-75.076963","0115","6","0","0","0","0","0","0","0","0","","0","0","0","","","0","N","0","","40 01:59.840","","6","75 04:37.067","0","0","0","0","67301","0","0","0","N","0","0","0","2","67301","0","","1.0","","1","N","N","N","1","","0","0","1","","0","","","2","0","2","0","0","0","0","2","0","2","","03","","N","","","","","","","","","",""
"2020023144","1645","2","0","0","0","0","0","0","0","0","5","0","","67","2","2020","5","39.920872","-75.224365","1644","6","0","0","0","0","0","1","0","1","","0","0","0","","","2","N","0","","39 55:15.139","","0","75 13:27.714","3","0","0","0","67301","0","0","0","N","0","0","0","3","67301","1","","1.0","","1","N","N","N","0","","1","0","0","","2","","","2","2","0","0","0","0","0","2","0","2","","03","","N","","","","","","","","","",""
"2020056350","0935","2","0","0","0","0","0","0","0","0","4","0","","67","7","2020","6","40.108166","-74.997116","0935","6","0","0","0","0","0","1","0","0","","0","0","0","","","1","","1","","40 06:29.396","1","0","74 59:49.616","8","0","0","0","67301","0","0","0","N","0","0","0","2","67301","0","","1.0","1000.0","1","N","N","N","0","","0","0","0","","2","Y","","2","1","0","0","0","1","1","2","0","2","","03","","N","","","","","","","","","",""
"2020021299","1224","1","0","0","0","0","0","0","0","0","4","0","","67","2","2020","5","39.952757","-75.158106","1223","6","0","0","0","0","0","0","0","0","","0","0","0","","","0","","1","","39 57:09.926","","0","75 09:29.183","0","0","0","0","67301","0","0","0","N","0","0","0","2","67301","0","","1.0","","9","N","N","N","0","","0","0","1","","2","","","2","0","0","0","0","0","0","2","0","2","","","","N","","","","","","","","","",""
"2020020538","0518","1","0","0","0","0","0","0","0","0","7","0","","67","2","2020","2","39.92015","-75.187569","0513","6","0","0","0","0","0","0","0","0","","0","0","0","","","1","N","0","","39 55:12.540","","7","75 11:15.250","3","0","0","0","67301","0","0","0","N","0","0","0","1","67301","0","","5.0","","1","N","N","N","0","","1","0","0","","0","","","1","1","0","0","0","0","0","2","0","1","","03","","N","","","","","","","","","",""
"2020020494","1317","0","0","0","0","0","0","0","0","0","8","0","","67","2","2020","2","40.036706","-75.040848","1311","6","0","0","0","0","0","1","0","0","","0","0","0","","","1","","1","","40 02:12.142","","0","75 02:27.052","3","0","0","0","67301","1","0","0","N","1","0","0","2","67301","0","","1.0","","1","N","N","N","0","","1","0","1","","2","","","2","1","0","0","0","0","0","2","0","1","","","","N","","","","","","","","","",""
"2020020109","0245","0","0","0","0","0","0","0","0","0","1","0","","67","2","2020","1","39.957208","-75.142176","0237","6","0","0","0","0","0","1","0","0","","0","0","0","","","1","","5","","39 57:25.948","","2","75 08:31.833","3","0","0","0","67301","0","0","0","N","0","0","0","2","67301","0","","1.0","","1","N","N","N","0","","1","0","2","","2","","","2","1","1","0","0","0","0","2","0","2","","03","","N","","","","","","","","","",""
"2020063180","1605","2","0","0","0","0","0","0","0","0","1","0","","67","7","2020","6","39.943589","-75.142716","1548","6","0","0","0","0","0","1","0","0","","0","0","0","","","0","N","0","","39 56:36.919","","0","75 08:33.779","0","0","0","0","67301","0","0","0","N","0","0","0","3","68K01","0","","1.0","","9","N","N","N","0","","0","0","1","","0","","","3","0","0","0","0","0","0","2","0","3","","","","N","","","","","","","","","",""
"2020020867","1238","0","0","0","0","0","0","0","0","0","7","0","","67","2","2020","3","40.041943","-75.003856","1208","6","0","0","0","0","0","1","0","0","","0","0","0","","","1","N","0","","40 02:30.996","1","0","75 00:13.882","8","0","0","0","67301","0","0","0","N","0","0","0","1","67301","0","","5.0","1345.0","9","N","N","N","0","","0","0","0","","0","N","","1","1","0","0","0","1","0","2","1","1","","07","","N","","","","","","","","","",""
"2020023174","2340","1","0","0","0","0","0","0","0","0","4","0","","67","2","2020","7","39.989063","-75.089618","2335","6","0","0","0","0","0","0","1","0","","0","0","0","","","0","","1","","39 59:20.627","","0","75 05:22.626","0","0","0","0","67301","0","0","0","N","0","0","0","3","67301","0","","1.0","","1","N","N","N","0","","0","0","1","","2","","","2","0","0","0","0","0","0","2","0","2","","03","","N","","","","","","","","","",""
"2020021260","0020","1","0","0","0","0","0","0","0","0","1","0","","67","2","2020","4","40.038468","-75.044401","0012","6","0","0","0","0","0","0","0","0","","0","0","0","","","0","N","0","","40 02:18.485","","0","75 02:39.845","0","0","0","0","67301","0","0","0","N","0","0","0","1","67301","0","","6.0","","9","N","N","N","0","","0","0","2","","0","","","3","0","0","0","0","0","0","2","0","3","","07","","N","","","","","","","","","",""
"2020022635","0015","2","0","0","0","0","0","0","0","0","5","0","","67","2","2020","6","39.980083","-75.137283","0015","6","0","0","0","0","0","1","0","0","","0","0","0","","","1","N","0","","39 58:48.300","2","0","75 08:14.220","8","0","0","0","67301","0","0","0","N","0","0","0","1","67301","0","","6.0","53.0","1","N","N","N","0","","0","0","0","","0","Y","","2","1","0","0","0","1","0","2","0","2","","03","","N","","","","","","","","","",""
"2020062702","0541","2","0","0","0","0","0","0","0","0","4","0","","67","8","2020","4","39.950092","-75.239203","0539","6","0","0","0","0","0","0","0","0","","0","0","0","","","1","N","0","","39 57:00.330","1","0","75 14:21.130","3","0","0","0","67301","0","0","0","N","0","0","0","4","67301","0","","1.0","630.0","1","N","N","N","0","","1","0","2","","3","Y","","4","1","0","0","0","0","0","2","0","4","","","","N","","","","","","","","","",""
"2020063168","0833","0","0","0","0","0","0","0","0","0","5","0","","67","7","2020","5","39.932081","-75.199909","0824","6","0","0","0","0","0","0","0","0","","0","0","0","","","0","N","0","","39 55:55.490","4","0","75 11:59.673","0","0","0","0","67301","0","0","0","N","0","0","0","2","68K01","0","","1.0","846.0","1","N","N","N","0","","0","0","2","","0","N","","2","0","0","0","0","0","0","2","0","2","","","","N","","","","","","","","","",""
"2020021696","2010","3","0","0","0","0","0","0","0","0","6","0","","67","2","2020","5","40.01985","-75.087927","2005","6","0","0","0","0","1","0","0","0","","0","0","0","","","3","N","2","","40 01:11.460","5","0","75 05:16.537","3","0","0","0","67301","0","0","0","N","0","0","0","3","67301","0","","1.0","2050.0","1","N","N","N","0","","1","0","0","","0","Y","","3","3","0","0","0","2","0","2","0","3","","03","","N","","","","","","","","","",""
"2020063259","0726","2","0","0","0","0","0","0","0","0","5","0","","67","7","2020","7","39.898842","-75.170957","0719","6","0","0","0","0","0","0","0","0","","0","0","0","","","0","N","0","","39 53:55.830","2","0","75 10:15.446","9","0","0","0","67301","0","0","0","N","0","0","0","4","68K01","0","","1.0","800.0","1","N","N","N","1","","0","0","0","","0","N","","3","0","1","0","0","0","1","2","0","3","","","","N","","","","","","","","","",""
"2020020831","0350","1","0","0","0","0","0","0","0","0","7","0","","67","2","2020","3","40.058369","-75.20015","0345","6","0","0","0","0","0","0","0","0","","0","0","0","","","1","N","0","","40 03:30.130","6","0","75 12:00.540","4","0","0","0","67301","0","0","0","N","0","0","0","1","67301","1","","5.0","457.0","9","N","N","N","0","","0","0","0","","0","Y","","1","1","0","0","0","0","0","2","0","1","","07","","N","","","","","","","","","",""
"2020054821","1537","1","0","0","0","0","0","0","0","0","2","0","","67","7","2020","3","40.022372","-75.133586","1537","6","0","0","0","0","0","0","0","0","","0","0","0","","","1","N","0","","40 01:20.540","","0","75 08:00.910","8","0","0","0","67301","0","0","0","N","0","0","0","2","67301","0","","1.0","","1","N","N","N","0","","0","0","0","","0","","","2","1","0","0","0","1","1","2","0","2","","","","N","","","","","","","","","",""
"2020022411","1920","2","0","0","0","0","0","0","0","0","1","0","","67","2","2020","6","40.014326","-75.070851","1901","6","0","0","0","0","0","1","0","0","","0","0","0","","","0","","1","","40 00:51.572","","0","75 04:15.064","0","0","0","0","67301","0","0","0","N","0","0","0","2","67301","0","","1.0","","1","N","N","N","0","","0","0","0","","2","","","2","0","0","0","0","0","0","2","0","2","","03","","N","","","","","","","","","",""
"2020023923","0039","1","0","0","0","0","0","0","0","0","7","0","","67","2","2020","2","39.981748","-75.101398","0029","6","0","0","0","0","0","1","0","0","","0","0","0","","","0","N","0","","39 58:54.291","1","0","75 06:05.032","0","0","0","0","67301","0","0","0","N","0","0","0","1","68K01","0","","4.0","48.0","1","N","N","N","0","","0","0","0","","0","N","","1","0","0","0","0","0","0","2","0","1","","03","","N","","","","","","","","","",""
"2020020112","0116","0","0","0","0","0","0","0","0","0","6","0","","67","2","2020","2","39.97037","-75.245229","0115","6","0","0","0","0","0","0","0","0","","0","0","0","","","1","N","1","","39 58:13.333","","0","75 14:42.826","4","0","0","0","67301","0","0","0","N","0","0","0","2","67301","1","","1.0","","1","N","N","N","0","","0","0","2","","2","","","2","1","0","0","0","0","0","2","0","2","","03","","N","","","","","","","","","",""
"2020021255","2135","2","0","0","0","0","0","0","0","0","4","0","","67","2","2020","1","39.905757","-75.193824","2119","6","0","0","0","0","0","0","0","0","","0","0","0","","","1","","1","","39 54:20.725","","0","75 11:37.765","4","0","0","0","67301","0","0","0","N","0","0","0","2","67301","1","","1.0","","1","N","N","Y","0","","0","0","0","","9","","","2","1","0","0","0","0","1","2","0","2","","03","","N","","","","","","","","","",""
"2020020539","0550","2","0","0","0","0","0","0","0","0","1","0","","67","2","2020","2","39.903951","-75.162296","0550","6","0","0","0","0","0","0","0","0","","0","0","0","","","2","","1","","39 54:14.223","3","0","75 09:44.265","4","0","0","0","67301","0","0","0","N","0","0","0","3","67301","1","","1.0","30.0","1","N","N","N","0","","0","0","0","","2","N","","2","2","0","0","0","1","0","2","0","2","","03","","N","","","","","","","","","",""
"2020061258","0725","0","0","0","0","0","0","0","0","0","7","0","","67","7","2020","5","40.072161","-74.981433","0716","6","0","0","0","0","0","0","0","0","","0","0","0","","","1","N","0","","40 04:19.780","6","0","74 58:53.160","3","0","0","0","67301","0","0","0","N","0","0","0","1","67301","0","","4.0","930.0","1","N","N","N","0","","1","0","1","","0","Y","","1","1","0","0","0","0","0","2","0","1","","03","","N","","","","","","","","","",""
"2020021694","1229","2","0","0","0","0","0","0","0","0","1","0","","67","2","2020","5","40.133289","-75.010572","1216","6","0","0","0","0","0","0","0","0","","0","0","0","","","1","N","0","","40 07:59.839","","0","75 00:38.060","8","0","0","0","67301","0","0","0","N","0","0","0","2","67301","0","","1.0","","1","N","N","N","0","","0","0","0","","0","","","2","1","0","0","0","1","0","2","0","2","","","","N","","","","","","","","","",""
"2020063215","1218","2","0","0","0","0","0","0","0","0","1","0","","67","8","2020","7","39.980934","-75.206488","1213","6","0","0","0","0","0","0","0","0","","0","0","0","","","1","N","0","","39 58:51.361","","0","75 12:23.357","3","0","0","0","67301","0","0","0","N","0","0","0","2","68K01","0","","1.0","","1","N","N","N","0","","1","0","0","","0","","","2","1","0","0","0","0","0","2","0","2","","","","N","","","","","","","","","",""
"2020022056","1840","1","0","0","0","0","0","0","0","0","1","0","","67","2","2020","6","40.011746","-75.076091","1835","6","0","1","0","0","0","0","0","0","","0","0","0","","","1","","2","","40 00:42.286","","0","75 04:33.927","4","0","0","0","67301","0","0","0","N","0","0","0","4","67301","1","","1.0","","1","N","N","N","1","","0","0","0","","0","","","3","1","0","0","0","0","0","2","1","3","","","","N","","","","","","","","","",""
"2020021919","0644","0","0","0","0","0","0","0","0","0","0","0","","67","2","2020","6","40.025825","-75.194314","0640","6","0","0","0","0","0","0","0","0","","0","0","0","","","0","N","0","","40 01:32.970","1","0","75 11:39.530","0","0","0","0","67301","0","0","0","N","0","0","0","2","67301","0","","1.0","830.0","2","N","N","N","0","","0","0","1","","0","N","","1","0","2","0","0","0","0","2","0","1","","03","","N","","","","","","","","","",""
"2020084161","1845","1","0","0","0","0","0","0","0","0","2","0","","67","10","2020","6","39.983436","-75.119145","1835","6","0","0","0","0","0","0","0","0","","0","0","0","","","1","","1","","39 59:00.370","","0","75 07:08.921","3","0","0","1","67301","0","0","0","N","0","0","0","2","67301","0","","1.0","","1","N","N","N","0","","1","0","0","","2","","","2","1","0","0","0","0","0","2","0","2","","","","N","","","","","","","","","",""
"2020047765","1500","0","0","0","0","0","0","0","0","0","7","0","","67","5","2020","5","40.038469","-75.00941","1502","6","0","0","0","0","0","1","0","0","","0","0","0","","","0","N","0","","40 02:18.488","","0","75 00:33.875","0","0","0","0","67301","0","0","0","N","0","0","0","1","68K01","0","","4.0","","1","N","N","N","1","","0","0","0","","0","","","1","0","0","0","0","0","0","2","0","1","","03","","N","","","","","","","","","",""
"2020044496","0911","1","0","0","0","0","0","0","0","0","4","0","","67","6","2020","5","39.942651","-75.236421","0911","6","0","0","0","0","0","0","0","0","","0","0","0","","","2","","1","","39 56:33.543","","0","75 14:11.115","2","0","0","0","67301","0","0","0","N","0","0","0","2","67301","0","","1.0","","1","N","N","N","0","","0","2","1","","2","","","2","2","0","0","0","0","0","2","0","2","","03","","N","","","","","","","","","",""
"2020084404","0257","2","0","0","0","0","0","0","0","0","1","0","","67","10","2020","1","40.040887","-75.150628","0256","6","0","0","0","0","0","0","0","0","","0","0","0","","","1","N","0","","40 02:27.192","","0","75 09:02.261","3","0","0","0","67301","0","0","0","N","0","0","0","1","67301","0","","1.0","","1","N","N","N","0","","1","0","2","","0","","","4","1","0","0","0","0","0","2","0","4","","03","","N","","","","","","","","","",""
"2020057188","2055","1","0","0","0","0","0","0","0","0","7","0","","67","6","2020","2","39.997739","-75.196173","2052","6","0","0","0","0","0","0","0","0","","0","0","0","","","0","N","0","","39 59:51.862","3","0","75 11:46.223","0","0","0","0","67301","0","0","0","N","0","0","0","1","68K01","0","","3.0","2100.0","1","N","N","N","0","","0","0","0","","0","N","","1","0","0","0","0","0","0","2","0","1","","","","N","","","","","","","","","",""
"2020045272","1127","2","0","0","0","0","0","0","0","0","4","0","","67","5","2020","7","39.999733","-75.174893","1126","6","0","0","0","0","0","0","0","0","","0","0","0","","","0","","1","","39 59:59.038","","0","75 10:29.614","0","0","0","0","67301","0","0","0","N","0","0","0","2","67301","0","","1.0","","1","N","N","N","0","","0","0","0","","3","","","2","0","0","0","0","0","0","2","0","2","","03","","N","","","","","","","","","",""
"2020043435","1850","0","0","0","1","0","0","0","0","0","8","0","","67","5","2020","1","39.944489","-75.172186","1850","6","0","0","0","0","0","0","0","0","","0","0","0","","","1","N","0","","39 56:40.160","","0","75 10:19.870","8","0","0","0","67301","1","0","0","N","0","0","0","2","67301","0","","1.0","","1","N","N","N","0","","0","0","0","","2","","","2","1","0","0","0","1","0","2","0","1","","03","","N","","","","","","","","","",""
"2020042653","1638","1","0","0","0","0","0","0","0","0","4","0","","67","5","2020","1","40.032893","-75.177728","1638","6","0","0","0","0","0","0","0","0","","0","0","0","","","1","","2","","40 01:58.414","","0","75 10:39.820","4","0","0","0","67301","0","0","0","N","0","0","0","4","67301","1","","1.0","","1","N","N","N","0","","0","0","0","","2","","","2","1","0","0","0","0","1","2","1","2","","03","","N","","","","","","","","","",""
"2020043092","1445","0","0","0","0","0","0","0","0","0","4","0","","67","5","2020","7","40.026543","-75.138689","1440","6","0","0","0","0","0","0","1","0","","0","0","0","","","0","","1","","40 01:35.554","","0","75 08:19.280","9","0","0","0","67301","0","0","0","N","0","0","0","2","67301","0","","1.0","","99","N","N","N","0","","0","0","2","","2","","","2","0","0","0","0","0","2","2","0","2","","03","","N","","","","","","","","","",""
"2020047138","0527","1","0","0","0","0","0","0","0","0","7","0","","67","6","2020","7","39.980812","-75.206314","0527","6","0","0","0","0","0","0","0","0","","0","0","0","","","0","N","0","","39 58:50.922","","0","75 12:22.732","0","0","0","0","67301","0","0","0","N","0","0","0","1","68K01","0","","2.0","","9","N","N","N","0","","0","0","0","","0","","","1","0","0","0","0","0","0","2","0","1","","","","N","","","","","","","","","",""
"2020020108","0525","0","0","0","0","0","0","0","0","0","1","0","","67","2","2020","1","39.914008","-75.149937","0523","6","0","0","0","0","0","0","0","0","","0","0","0","","","0","","1","","39 54:50.430","","0","75 08:59.773","0","0","0","0","67301","0","0","0","N","0","0","0","2","67301","0","","1.0","","1","N","N","N","0","","0","0","2","","2","","","2","0","0","0","0","0","0","2","0","2","","","","N","","","","","","","","","",""
"2020043399","0636","0","0","0","0","0","0","0","0","0","7","0","","67","6","2020","2","39.978389","-75.157992","0636","6","0","0","0","0","0","0","0","0","","0","0","0","","","0","N","0","","39 58:42.202","","0","75 09:28.770","0","0","0","0","67301","0","0","0","N","0","0","0","1","67505","0","","4.0","","1","N","N","N","0","","0","0","1","","0","","","1","0","0","0","0","0","0","2","0","1","","03","","N","","","","","","","","","",""
"2020086647","0714","1","0","0","0","0","0","0","0","0","1","0","","67","10","2020","5","40.008801","-75.204928","0708","6","0","0","0","0","0","0","0","0","","0","0","0","","","1","N","6","","40 00:31.683","","2","75 12:17.742","8","0","0","0","67301","0","0","0","N","0","0","0","2","68K01","0","","1.0","","1","N","N","N","0","","0","0","1","","0","","","2","1","0","0","0","1","0","2","0","2","","","","N","","","","","","","","","",""
"2020044515","0228","1","0","0","0","0","0","0","0","0","4","0","","67","6","2020","2","40.042316","-75.050651","0228","6","0","0","0","0","0","0","0","0","","0","0","0","","","0","N","1","","40 02:32.336","","0","75 03:02.342","0","0","0","0","67301","0","0","0","N","0","0","0","1","67301","0","","1.0","","1","N","N","N","0","","0","0","1","","2","","","2","0","0","0","0","0","0","2","0","2","","","","N","","","","","","","","","",""
"2020041649","0945","1","0","0","0","0","0","0","0","0","4","0","","67","5","2020","4","39.931432","-75.228869","0942","6","0","0","0","0","0","0","0","0","","0","0","0","","","0","","1","","39 55:53.155","","0","75 13:43.928","0","0","0","0","67301","0","0","0","N","0","0","0","2","67301","0","","1.0","","1","N","N","N","0","","0","0","1","","3","","","2","0","0","0","0","0","0","2","0","2","","03","","N","","","","","","","","","",""
"2020045424","2104","2","0","0","0","0","0","0","0","0","4","0","","67","6","2020","3","39.923588","-75.173223","2058","6","0","0","0","0","0","0","0","0","","0","0","0","","","1","","1","","39 55:24.916","","0","75 10:23.602","4","0","0","0","67301","0","0","0","N","0","0","0","1","67301","1","","1.0","","1","N","N","N","0","","0","0","2","","3","","","4","1","0","0","0","0","0","2","0","4","","03","","N","","","","","","","","","",""
"2020084937","0214","1","0","0","0","0","0","0","0","0","2","0","","67","10","2020","2","40.013375","-75.146953","0214","6","0","0","0","0","0","0","0","0","","0","0","0","","","0","N","0","","40 00:48.150","","0","75 08:49.030","0","0","0","0","67301","0","0","0","N","0","0","0","0","67301","0","","1.0","","9","N","N","N","0","","0","0","1","","0","","","2","0","0","0","0","0","0","2","0","2","","","","N","","","","","","","","","",""
"2020086168","1208","3","0","0","0","0","0","0","0","0","4","0","","67","10","2020","1","39.92393","-75.186016","1208","6","0","0","0","0","0","0","0","1","","0","0","0","","","1","","1","","39 55:26.148","3","0","75 11:09.657","3","0","0","0","67301","0","0","0","N","0","0","0","4","67301","0","","1.0","30.0","1","N","N","N","0","","1","0","0","","3","Y","","3","1","0","0","0","0","0","2","0","3","","03","","N","","","","","","","","","",""
"2020088903","2032","2","0","0","0","0","0","0","0","0","0","0","","67","10","2020","5","40.030906","-75.083225","2024","6","0","0","0","0","0","0","0","0","","1","0","0","","","0","N","0","","40 01:51.260","","0","75 04:59.610","1","1","0","1","67301","0","0","0","N","0","0","0","1","67301","0","2","1.0","","1","N","N","N","0","0","0","0","0","","0","","","3","0","0","0","0","0","0","2","0","3","","03","","N","","","","","","","","","",""
"2020086200","2333","0","0","0","0","0","0","0","0","0","8","0","","67","9","2020","4","39.977768","-75.21345","2330","6","0","0","0","0","0","0","0","0","","1","0","0","","","2","N","1","","39 58:39.965","","0","75 12:48.419","1","0","0","0","67301","3","1","1","N","3","1","1","4","67301","1","2","5.0","","9","N","N","N","0","0","0","1","1","","2","","","4","2","1","0","0","0","0","2","0","1","","03","","N","","","","","","","","","",""
"2020041554","1731","0","0","0","0","0","0","0","0","0","4","0","","67","5","2020","3","39.996718","-75.115468","1731","6","0","0","0","0","0","1","0","0","","0","0","0","","","2","","1","","39 59:48.185","7","0","75 06:55.684","3","0","0","1","67301","0","0","0","N","0","0","0","2","67301","0","","1.0","1909.0","1","N","N","N","0","","2","0","1","","2","Y","","2","2","0","0","0","0","0","2","0","2","","03","","N","","","","","","","","","",""
"2020089086","1245","0","0","0","0","0","0","0","0","0","1","0","","67","10","2020","1","39.958114","-75.163746","1219","6","0","0","0","0","0","0","0","0","","0","0","0","","","0","N","0","","39 57:29.212","4","0","75 09:49.484","0","0","0","0","67301","0","0","0","N","0","0","0","3","68K01","0","","1.0","1325.0","1","N","N","N","1","","0","0","1","","0","N","","2","0","0","0","0","0","0","2","0","2","","","","N","","","","","","","","","",""
"2020048100","1911","1","0","0","0","0","0","0","0","0","8","0","","67","5","2020","7","39.946999","-75.164828","1910","6","0","0","0","0","0","0","0","0","","0","0","0","","","1","","1","","39 56:49.197","","0","75 09:53.381","8","0","0","0","67301","1","0","0","N","1","0","0","2","67301","0","","1.0","","1","N","N","N","0","","0","0","0","","2","","","2","1","0","0","0","1","0","2","0","1","","","","N","","","","","","","","","",""
"2020042968","0207","3","0","0","0","0","0","0","0","0","5","0","","67","5","2020","6","39.924667","-75.229903","0205","6","0","0","0","0","0","0","0","0","","0","0","0","","","0","N","0","","39 55:28.800","3","0","75 13:47.650","0","0","0","0","67301","0","0","0","N","0","0","0","1","67301","0","","6.0","100.0","1","N","N","N","0","","0","0","1","","0","Y","","4","0","0","0","0","0","0","2","0","4","","03","","N","","","","","","","","","",""
"2020046681","0055","1","0","0","0","0","0","0","0","0","7","0","","67","5","2020","7","39.959992","-75.181361","0055","6","0","0","0","0","0","0","0","0","","0","0","0","","","1","N","0","","39 57:35.972","","0","75 10:52.898","8","0","0","0","67301","0","0","0","N","0","0","0","1","68K01","0","","2.0","","1","N","N","N","0","","0","0","0","","0","","","1","1","0","0","0","1","0","2","0","1","","03","","N","","","","","","","","","",""
"2020086214","1900","0","0","0","0","0","0","0","0","0","4","0","","67","10","2020","4","39.971649","-75.126083","1851","6","0","0","0","0","0","0","0","0","","0","0","0","","","0","N","0","","39 58:17.937","","0","75 07:33.898","0","0","0","0","67301","0","0","0","N","0","0","0","1","67301","0","","6.0","","1","N","N","N","0","","0","0","2","","2","","","2","0","0","0","0","0","0","2","0","2","","","","N","","","","","","","","","",""
"2020046982","0647","1","0","0","0","0","0","0","0","0","7","0","","67","6","2020","1","39.947919","-75.186573","0643","6","0","0","0","0","0","0","0","0","","0","0","0","","","1","","6","","39 56:52.509","4","2","75 11:11.661","3","0","0","0","67301","0","0","0","N","0","0","0","1","68K01","0","","3.0","700.0","1","N","N","N","0","","1","0","0","","0","N","","1","1","0","0","0","0","0","2","0","1","","","","N","","","","","","","","","",""
"2020051027","2258","1","0","0","0","0","0","0","0","0","4","0","","67","6","2020","2","39.985153","-75.159815","2256","6","0","0","0","0","0","0","0","0","","0","0","0","","","3","","1","","39 59:06.550","7","0","75 09:35.335","3","0","0","0","67301","0","0","0","N","0","0","0","6","67301","0","","1.0","2330.0","1","N","N","N","0","","3","0","1","","2","Y","","2","3","0","0","0","0","0","2","0","2","","","","N","","","","","","","","","",""
"2020043259","1525","1","0","0","1","0","0","0","0","0","8","0","","67","5","2020","1","39.980903","-75.188761","1525","6","0","0","0","0","0","0","0","0","","0","0","0","","","1","N","0","","39 58:51.250","","0","75 11:19.541","4","0","0","0","67301","1","0","0","N","0","0","0","2","67301","1","","1.0","","1","N","N","N","0","","0","0","0","","0","","","2","1","0","0","0","0","0","2","0","1","","03","","N","","","","","","","","","",""
"2020043505","2115","2","0","0","0","0","0","0","0","0","4","0","","67","6","2020","3","40.011529","-75.069799","2110","6","0","0","0","0","0","1","0","0","","0","0","0","","","0","","1","","40 00:41.506","5","0","75 04:11.278","0","0","0","0","67301","0","0","0","N","0","0","0","3","67301","0","","1.0","2230.0","1","N","N","N","0","","0","0","0","","2","Y","","3","0","0","0","0","0","0","2","0","3","","03","","N","","","","","","","","","",""