"CRN","ARRIVAL_TM","AUTOMOBILE_COUNT","BELTED_DEATH_COUNT","BELTED_SUSP_SERIOUS_INJ_COUNT","BICYCLE_COUNT","BICYCLE_DEATH_COUNT","BICYCLE_SUSP_SERIOUS_INJ_COUNT","BUS_COUNT","CHLDPAS_DEATH_COUNT","CHLDPAS_SUSP_SERIOUS_INJ_COUNT","COLLISION_TYPE","COMM_VEH_COUNT","CONS_ZONE_SPD_LIM","COUNTY","CRASH_MONTH","CRASH_YEAR","DAY_OF_WEEK","DEC_LATITUDE","DEC_LONGITUDE","DISPATCH_TM","DISTRICT","DRIVER_COUNT_16YR","DRIVER_COUNT_17YR","DRIVER_COUNT_18YR","DRIVER_COUNT_19YR","DRIVER_COUNT_20YR","DRIVER_COUNT_50_64YR","DRIVER_COUNT_65_74YR","DRIVER_COUNT_75PLUS","EST_HRS_CLOSED","FATAL_COUNT","HEAVY_TRUCK_COUNT","HORSE_BUGGY_COUNT","HOUR_OF_DAY","ILLUMINATION","INJURY_COUNT","INTERSECTION_RELATED","INTERSECT_TYPE","LANE_CLOSED","LATITUDE","LN_CLOSE_DIR","LOCATION_TYPE","LONGITUDE","MAX_SEVERITY_LEVEL","MCYCLE_DEATH_COUNT","MCYCLE_SUSP_SERIOUS_INJ_COUNT","MOTORCYCLE_COUNT","MUNICIPALITY","NONMOTR_COUNT","NONMOTR_DEATH_COUNT","NONMOTR_SUSP_SERIOUS_INJ_COUNT","NTFY_HIWY_MAINT","PED_COUNT","PED_DEATH_COUNT","PED_SUSP_SERIOUS_INJ_COUNT","PERSON_COUNT","POLICE_AGCY","POSSIBLE_INJ_COUNT","RDWY_SURF_TYPE_CD","RELATION_TO_ROAD","ROADWAY_CLEARED","ROAD_CONDITION","SCH_BUS_IND","SCH_ZONE_IND","SECONDARY_CRASH","SMALL_TRUCK_COUNT","SPEC_JURIS_CD","SUSP_MINOR_INJ_COUNT","SUSP_SERIOUS_INJ_COUNT","SUV_COUNT","TCD_FUNC_CD","TCD_TYPE","TFC_DETOUR_IND","TIME_OF_DAY","TOTAL_UNITS","TOT_INJ_COUNT","UNBELTED_OCC_COUNT","UNB_DEATH_COUNT","UNB_SUSP_SERIOUS_INJ_COUNT","UNK_INJ_DEG_COUNT","UNK_INJ_PER_COUNT","URBAN_RURAL","VAN_COUNT","VEHICLE_COUNT","WEATHER1","WEATHER2","WORKERS_PRES","WORK_ZONE_IND","WORK_ZONE_LOC","WORK_ZONE_TYPE","WZ_CLOSE_DETOUR","WZ_FLAGGER","WZ_LAW_OFFCR_IND","WZ_LN_CLOSURE","WZ_MOVING","WZ_OTHER","WZ_SHLDER_MDN","WZ_WORKERS_INJ_KILLED"
"2020042453","1925","3","0","0","0","0","0","0","0","0","4","0","","67","5","2020","7","40.075976","-75.176835","1923","6","0","0","0","0","0","1","0","0","","0","0","0","","","0","","1","","40 04:33.512","","0","75 10:36.605","0","0","0","0","67301","0","0","0","N","0","0","0","2","67301","0","","1.0","","1","N","N","Y","0","","0","0","3","","2","","","6","0","0","0","0","0","0","2","0","6","","03","","N","","","","","","","","","",""
"2020044497","1459","0","0","0","0","0","0","0","0","0","8","0","","67","5","2020","1","39.926958","-75.231161","1459","6","0","0","0","0","0","0","0","0","","0","0","0","","","1","","2","","39 55:37.048","","0","75 13:52.179","3","0","0","0","67301","1","0","0","N","1","0","0","2","67301","0","","1.0","","1","N","N","N","0","","1","0","0","","0","","","2","1","0","0","0","0","0","2","0","1","","","","N","","","","","","","","","",""
"2020045264","1800","1","0","0","0","0","0","0","0","0","1","0","","67","6","2020","4","40.052723","-75.236236","1756","6","0","0","0","0","0","1","0","0","","0","0","0","","","1","","1","","40 03:09.801","","0","75 14:10.448","8","0","0","0","67301","0","0","0","N","0","0","0","2","67301","0","","1.0","","1","N","N","N","1","","0","0","0","","2","","","2","1","0","0","0","1","0","2","0","2","","","","N","","","","","","","","","",""
"2020085117","2357","1","0","0","0","0","0","0","0","0","1","0","","67","10","2020","7","39.959811","-75.178291","2357","6","0","0","0","0","0","0","0","0","","0","0","0","","","1","N","0","","39 57:35.319","3","0","75 10:41.848","4","0","0","0","67301","0","0","0","N","0","0","0","9","68K01","1","","1.0","2.0","1","N","N","N","0","","0","0","1","","0","N","","2","1","2","0","0","0","0","2","0","2","","","","N","","","","","","","","","",""
"2020043439","1959","1","0","0","0","0","0","0","0","0","4","0","","67","5","2020","7","39.99377","-75.153236","1957","6","0","0","0","0","0","0","0","0","","0","0","0","","","1","","2","","39 59:37.571","","0","75 09:11.648","3","0","0","1","67301","0","0","0","N","0","0","0","3","67301","0","","1.0","","1","N","N","N","0","","1","0","0","","0","","","2","1","0","0","0","0","0","2","0","2","","03","","N","","","","","","","","","",""
"2020043260","1750","0","0","0","0","0","0","0","0","0","7","0","","67","5","2020","6","39.991553","-75.103722","1745","6","0","0","0","0","0","0","0","0","","0","0","0","","","0","N","0","","39 59:29.590","","0","75 06:13.400","0","0","0","0","67301","0","0","0","N","0","0","0","1","67301","0","","4.0","","1","N","N","N","0","","0","0","2","","0","","","2","0","0","0","0","0","0","2","0","2","","03","","N","","","","","","","","","",""
"2020042316","2003","0","0","0","1","0","0","0","0","0","8","0","","67","5","2020","6","40.017506","-75.056773","1957","6","0","0","0","0","0","0","0","0","","0","0","0","","","1","","1","","40 01:03.021","","0","75 03:24.382","8","0","0","0","67301","1","0","0","N","0","0","0","2","67301","0","","1.0","","1","N","N","N","1","","0","0","0","","3","","","2","1","1","0","0","1","0","2","0","1","","03","","N","","","","","","","","","",""
"2020046666","0944","0","0","0","0","0","0","0","0","0","7","0","","67","5","2020","4","40.023324","-75.034977","0935","6","0","0","0","0","0","0","0","0","","0","0","0","","","2","N","0","","40 01:23.966","2","3","75 02:05.918","8","0","0","0","67301","0","0","0","N","0","0","0","2","68K01","0","","4.0","30.0","1","N","N","N","0","","0","0","1","","0","N","","1","2","0","0","0","2","0","2","0","1","","03","","N","","","","","","","","","",""
"2020085395","0025","1","0","0","0","0","0","0","0","0","1","0","","67","10","2020","3","40.031448","-75.154763","0020","6","0","0","0","0","0","0","0","0","","0","0","0","","","1","","1","","40 01:53.212","","0","75 09:17.148","3","0","0","0","67301","0","0","0","N","0","0","0","1","67301","0","","1.0","","1","N","N","N","0","","1","0","0","","2","","","2","1","0","0","0","0","0","2","0","2","","","","N","","","","","","","","","",""
"2020047984","0634","1","0","0","0","0","0","0","0","0","7","0","","67","6","2020","5","40.071584","-75.157645","0621","6","0","0","0","0","0","0","0","0","","0","0","0","","","1","","1","","40 04:17.702","","0","75 09:27.521","2","0","0","0","67301","0","0","0","N","0","0","0","1","67301","0","","4.0","","9","N","N","N","0","","0","1","0","","2","","","1","1","0","0","0","0","0","2","0","1","","","","N","","","","","","","","","",""
"2020020493","1136","0","0","0","0","0","0","0","0","0","4","0","","67","2","2020","2","40.02744","-75.062499","1135","6","0","0","0","0","0","1","0","0","","0","0","0","","","1","","1","","40 01:38.783","7","0","75 03:44.998","3","0","0","0","67301","0","0","0","N","0","0","0","4","67301","0","","1.0","30.0","1","N","N","N","1","","1","0","1","","2","Y","","2","1","0","0","0","0","0","2","0","2","","03","","N","","","","","","","","","",""
"2020085571","2348","1","0","0","0","0","0","0","0","0","1","0","","67","10","2020","2","39.985207","-75.094047","2348","6","0","0","0","0","0","0","0","0","","0","0","0","","","1","N","0","","39 59:06.744","1","0","75 05:38.568","8","0","0","0","67301","0","0","0","N","0","0","0","2","68K01","0","","1.0","2.0","9","N","N","N","2","","0","0","0","","0","N","","3","1","0","0","0","1","0","2","0","3","","07","","N","","","","","","","","","",""
"2020044522","2127","2","0","0","0","0","0","0","0","0","4","0","","67","6","2020","5","39.973555","-75.208895","2110","6","0","0","0","0","0","0","0","0","","0","0","0","","","3","","2","","39 58:24.799","","0","75 12:32.023","3","0","0","0","67301","0","0","0","N","0","0","0","3","67301","1","","1.0","","99","N","N","N","0","","2","0","0","","1","","","2","3","3","0","0","0","0","2","0","2","","03","","N","","","","","","","","","",""
"2020048717","1715","0","0","0","1","0","0","1","0","0","8","0","","67","5","2020","7","39.957796","-75.160214","1715","6","0","0","0","0","0","1","0","0","","0","0","0","","","1","","1","","39 57:28.064","3","3","75 09:36.770","4","0","0","0","67301","1","0","0","N","0","0","0","3","67301","1","","1.0","100.0","1","N","N","N","0","","0","0","0","","2","Y","","2","1","0","0","0","0","0","2","0","1","","03","","N","","","","","","","","","",""
"2020047453","0227","1","0","0","0","0","0","0","0","0","7","0","","67","6","2020","6","39.90131","-75.152358","0216","6","0","0","0","1","0","0","0","0","","0","0","0","","","0","N","0","","39 54:04.717","","0","75 09:08.488","0","0","0","0","67301","0","0","0","N","0","0","0","1","68K01","0","","4.0","","9","N","N","N","0","","0","0","0","","0","","","1","0","0","0","0","0","0","2","0","1","","","","N","","","","","","","","","",""
"2020043703","2225","4","0","0","0","0","0","0","0","0","5","0","","67","6","2020","4","39.999317","-75.129094","2225","6","0","0","0","0","0","0","0","0","","0","0","0","","","0","N","0","","39 59:57.540","","0","75 07:44.740","9","0","0","0","67301","0","0","0","N","0","0","0","1","67301","0","","6.0","","1","N","N","N","0","","0","0","0","","0","","","4","0","0","0","0","0","1","2","0","4","","03","","N","","","","","","","","","",""
"2020044526","1917","2","0","0","0","0","0","0","0","0","4","0","","67","6","2020","5","39.970899","-75.230669","1915","6","0","0","0","0","0","0","0","0","","0","0","0","","","2","","1","","39 58:15.236","","0","75 13:50.408","8","0","0","0","67301","0","0","0","N","0","0","0","3","67301","0","","1.0","","1","N","N","N","0","","0","0","1","","2","","","3","2","1","0","0","2","0","2","0","3","","","","N","","","","","","","","","",""
"2020044491","1210","0","0","0","0","0","0","0","0","0","7","0","","67","6","2020","1","40.057088","-75.236177","1209","6","0","0","0","0","0","0","0","0","","0","0","0","","","1","N","0","","40 03:25.516","1","0","75 14:10.238","4","0","0","0","67301","0","0","0","N","0","0","0","1","67301","1","","4.0","1250.0","1","N","N","N","1","","0","0","0","","0","Y","","1","1","0","0","0","0","0","2","0","1","","03","","N","","","","","","","","","",""
"2020047853","0021","0","0","0","0","0","0","0","0","0","1","0","","67","6","2020","5","40.030041","-75.103207","2321","6","0","0","0","0","0","0","0","0","","0","0","0","","","2","","1","","40 01:48.146","4","0","75 06:11.546","3","0","0","0","67301","0","0","0","N","0","0","0","2","67301","0","","1.0","40.0","1","N","N","N","0","","2","0","1","","2","N","","2","2","0","0","0","0","0","2","1","2","","03","","N","","","","","","","","","",""
"2020042334","1530","2","0","0","0","0","0","0","0","0","5","0","","67","5","2020","6","40.003397","-75.154394","1523","6","0","0","0","0","0","0","0","0","","0","0","0","","","1","N","0","","40 00:12.230","4","0","75 09:15.820","8","0","0","0","67301","0","0","0","N","0","0","0","1","67301","0","","6.0","1555.0","1","N","N","N","0","","0","0","0","","0","Y","","2","1","0","0","0","1","0","2","0","2","","","","N","","","","","","","","","",""
"2020042588","1446","1","0","0","0","0","0","0","0","0","4","0","","67","5","2020","6","39.967336","-75.245842","1445","6","0","0","0","0","0","0","0","0","","0","0","0","","","2","","1","","39 58:02.410","","0","75 14:45.030","3","0","0","0","67301","0","0","0","N","0","0","0","4","67301","0","","1.0","","1","N","N","N","0","","2","0","1","","2","","","2","2","0","0","0","0","0","2","0","2","","","","N","","","","","","","","","",""
"2020044502","0225","1","0","0","0","0","0","0","0","0","7","0","","67","6","2020","7","39.918131","-75.242981","0220","6","0","0","0","0","0","1","0","0","","0","0","0","","","1","N","0","","39 55:05.270","","0","75 14:34.730","3","0","0","0","67301","0","0","0","N","0","0","0","1","67301","0","","4.0","","9","N","N","N","0","","1","0","0","","0","","","1","1","1","0","0","0","0","2","0","1","","03","","N","","","","","","","","","",""
"2020042333","1341","1","0","0","0","0","0","0","0","0","6","0","","67","5","2020","6","40.030547","-75.176834","1331","6","0","0","0","0","0","0","0","0","","0","0","0","","","0","N","0","","40 01:49.968","","0","75 10:36.604","0","0","0","0","67301","0","0","0","N","0","0","0","1","67301","0","","6.0","","1","N","N","N","0","","0","0","0","","0","","","2","0","0","0","0","0","0","2","1","2","","03","","N","","","","","","","","","",""
"2020043877","1509","0","0","0","0","0","0","0","0","0","4","0","","67","5","2020","1","40.043456","-75.073587","1503","6","0","0","0","0","0","0","0","0","","0","0","0","","","1","N","0","","40 02:36.440","5","7","75 04:24.913","2","0","1","1","67301","0","0","0","N","0","0","0","2","67301","0","","1.0","200.0","1","N","N","N","0","","0","1","1","","0","Y","","2","1","0","0","0","0","0","2","0","2","","03","","N","","","","","","","","","",""
"2020042584","0918","1","0","0","0","0","0","0","0","0","5","0","","67","5","2020","4","40.012199","-75.069268","0912","6","0","0","0","0","0","0","0","0","","0","0","0","","","1","","1","","40 00:43.916","1","0","75 04:09.363","3","0","0","0","67301","0","0","0","N","0","0","0","2","67301","0","","1.0","1003.0","1","N","N","N","0","","1","0","1","","2","N","","2","1","0","0","0","0","0","2","0","2","","","","N","","","","","","","","","",""
"2020088711","0001","3","0","0","0","0","0","0","0","0","1","0","","67","10","2020","2","39.97174","-75.193335","2348","6","0","0","0","0","0","1","0","0","","0","0","0","","","1","N","0","","39 58:18.263","4","0","75 11:36.007","8","0","0","0","67301","0","0","0","N","0","0","0","2","68K01","0","","1.0","15.0","9","N","N","N","0","","0","0","0","","0","N","","3","1","0","0","0","1","0","2","0","3","","","","N","","","","","","","","","",""
"2020042320","1208","1","0","0","0","0","0","0","0","0","7","0","","67","5","2020","5","39.944442","-75.197915","1203","6","0","0","0","0","0","0","0","0","","0","0","0","","","0","N","0","","39 56:39.992","","0","75 11:52.494","0","0","0","0","67301","0","0","0","Y","0","0","0","1","67301","0","","4.0","","1","N","N","N","0","","0","0","0","","0","","","1","0","0","0","0","0","0","2","0","1","","","","N","","","","","","","","","",""
"2020042436","1350","1","0","0","0","0","0","0","0","0","4","0","","67","5","2020","6","40.061772","-75.169346","1344","6","0","0","0","0","0","0","0","0","","0","0","0","","","1","","2","","40 03:42.378","","0","75 10:09.647","4","0","0","0","67301","0","0","0","N","0","0","0","3","67301","1","","1.0","","1","N","N","N","0","","0","0","1","","3","","","2","1","0","0","0","0","0","2","0","2","","03","","N","","","","","","","","","",""
"2020044550","1035","1","0","0","0","0","0","0","0","0","5","0","","67","6","2020","3","40.018634","-75.189998","1030","6","0","0","0","0","1","0","0","0","","0","0","0","","","1","N","0","","40 01:07.081","","0","75 11:23.991","8","0","0","0","67301","0","0","0","N","0","0","0","2","67301","0","","1.0","","1","N","N","N","0","","0","0","0","","0","","","2","1","1","0","0","1","0","2","0","2","","03","","N","","","","","","","","","",""
"2020029305","1836","0","0","0","0","0","0","0","0","0","7","0","","67","2","2020","3","40.030766","-75.021853","1809","6","0","0","0","0","0","0","0","0","","0","0","0","","","0","N","0","","40 01:50.756","2","0","75 01:18.669","0","0","0","0","67301","0","0","0","N","0","0","0","1","68K01","0","","4.0","1844.0","1","N","N","N","1","","0","0","0","","0","N","","1","0","0","0","0","0","0","2","0","1","","","","N","","","","","","","","","",""
"2020042299","0115","1","0","0","0","0","0","0","0","0","7","0","","67","5","2020","7","39.906022","-75.193503","0112","6","0","0","0","0","0","0","0","0","","0","0","0","","","3","N","0","","39 54:21.679","","0","75 11:36.611","3","0","0","0","67301","0","0","0","N","0","0","0","4","67301","0","","4.0","","1","N","N","Y","0","","3","0","0","","0","","","1","3","0","0","0","0","0","2","0","1","","03","","N","","","","","","","","","",""
"2020049121","0654","0","0","0","0","0","0","0","0","0","7","0","","67","6","2020","3","40.011308","-75.175325","0654","6","0","0","0","0","0","0","0","0","","0","0","0","","","0","N","0","","40 00:40.710","","7","75 10:31.170","0","0","0","0","67301","0","0","0","N","0","0","0","1","67301","0","","4.0","","1","N","N","N","0","","0","0","0","","3","","","1","0","1","0","0","0","0","2","1","1","","03","","N","","","","","","","","","",""
"2020045729","1345","1","0","0","0","0","0","0","0","0","4","0","","67","5","2020","7","40.004698","-75.077573","1340","6","0","0","0","0","0","0","0","0","","0","0","0","","","1","","1","","40 00:16.912","","0","75 04:39.262","3","0","0","0","67301","0","0","0","N","0","0","0","3","67301","0","","1.0","","1","N","N","N","0","","1","0","0","","3","","","2","1","0","0","0","0","0","2","1","2","","03","","N","","","","","","","","","",""
"2020045176","0535","1","0","0","0","0","0","0","0","0","5","0","","67","6","2020","2","40.072419","-75.029178","0529","6","0","0","0","0","0","0","0","0","","0","0","0","","","0","N","0","","40 04:20.710","5","0","75 01:45.040","0","0","0","0","67301","0","0","0","N","0","0","0","1","67301","0","","6.0","645.0","1","N","N","N","0","","0","0","0","","0","Y","","3","0","0","0","0","0","0","2","2","3","","03","","N","","","","","","","","","",""
"2020086508","0900","1","0","0","0","0","0","0","0","0","1","0","","67","10","2020","6","39.9897","-75.180174","0831","6","0","0","0","0","0","0","0","0","","0","0","0","","","0","N","0","","39 59:22.921","","0","75 10:48.628","0","0","0","0","67301","0","0","0","N","0","0","0","2","67301","0","","6.0","","9","N","N","N","0","","0","0","1","","2","","","2","0","0","0","0","0","0","2","0","2","","04","","N","","","","","","","","","",""
"2020061090","0820","1","0","0","0","0","0","0","0","0","4","0","","67","6","2020","1","40.049837","-75.075724","0815","6","0","0","0","0","0","0","1","1","","0","0","0","","","1","","1","","40 02:59.413","","0","75 04:32.606","3","0","0","1","67301","0","0","0","N","0","0","0","2","67301","0","","1.0","","1","N","N","N","0","","1","0","0","","2","","","2","1","0","0","0","0","0","2","0","2","","","","N","","","","","","","","","",""
"2020020933","0042","0","0","0","0","0","0","0","0","0","7","0","","67","2","2020","3","40.027378","-75.192647","0042","6","0","0","0","0","0","0","0","0","","0","0","0","","","0","N","0","","40 01:38.560","","0","75 11:33.530","0","0","0","0","67301","0","0","0","N","0","0","0","1","67301","0","","5.0","","9","N","N","N","0","","0","0","0","","0","","","1","0","0","0","0","0","0","2","1","1","","","","N","","","","","","","","","",""
"2020042330","1730","1","0","0","0","0","0","0","0","0","4","0","","67","5","2020","4","40.024576","-75.130555","1725","6","0","0","0","0","0","0","0","0","","0","0","0","","","3","","1","","40 01:28.473","2","0","75 07:49.998","3","0","0","0","67301","0","0","0","N","0","0","0","3","67301","0","","1.0","1930.0","1","N","N","N","0","","3","0","1","","2","N","","2","3","0","0","0","0","0","2","0","2","","","","N","","","","","","","","","",""
"2020042652","1240","1","0","0","0","0","0","0","0","0","1","0","","67","5","2020","5","40.069483","-75.199705","1237","6","0","0","0","0","0","1","0","0","","0","0","0","","","0","N","0","","40 04:10.139","","0","75 11:58.939","0","0","0","0","67301","0","0","0","N","0","0","0","2","67301","0","","1.0","","1","N","N","N","0","","0","0","1","","0","","","2","0","0","0","0","0","0","2","0","2","","","","N","","","","","","","","","",""
"2020049850","1330","0","0","0","1","0","0","0","0","0","8","0","","67","6","2020","3","39.978222","-75.246797","1313","6","0","0","0","0","0","0","0","0","","0","0","0","","","1","N","0","","39 58:41.600","","0","75 14:48.470","3","0","0","0","67301","1","0","0","N","0","0","0","2","67301","0","","1.0","","1","N","N","N","0","","1","0","0","","0","","","2","1","0","0","0","0","0","2","0","1","","04","","N","","","","","","","","","",""
"2020044505","1448","0","0","0","0","0","0","0","0","0","6","0","","67","6","2020","1","39.938761","-75.226814","1448","6","0","0","0","0","0","0","1","0","","0","0","0","","","0","N","0","","39 56:19.540","6","0","75 13:36.530","0","0","0","0","67301","0","0","0","N","0","0","0","1","67301","0","","1.0","1600.0","1","N","N","N","1","","0","0","1","","0","Y","","2","0","0","0","0","0","0","2","0","2","","03","","N","","","","","","","","","",""
"2020044236","1309","1","0","0","0","0","0","0","0","0","1","0","","67","6","2020","4","39.967364","-75.188693","1302","6","0","0","0","0","0","1","0","0","","0","0","0","","","1","N","0","","39 58:02.512","4","0","75 11:19.294","8","0","0","0","67301","0","0","0","N","0","0","0","11","68K01","0","","1.0","1400.0","9","N","N","Y","1","","0","0","1","","0","N","","3","1","5","0","0","1","0","2","0","3","","","","N","","","","","","","","","",""
"2020049938","1210","1","0","0","0","0","0","0","0","0","4","0","","67","6","2020","7","40.047483","-75.142782","1210","6","0","0","0","0","0","0","0","0","","0","0","0","","","2","","1","","40 02:50.940","","0","75 08:34.016","3","0","0","0","67301","0","0","0","N","0","0","0","3","67301","0","","1.0","","1","N","N","N","0","","2","0","1","","2","","","2","2","1","0","0","0","0","2","0","2","","03","","N","","","","","","","","","",""
"2020043262","0100","1","0","0","0","0","0","0","0","0","4","0","","67","5","2020","7","39.997467","-75.12129","0058","6","0","0","0","0","0","1","0","0","","0","0","0","","","2","","1","","39 59:50.882","6","0","75 07:16.643","4","0","0","0","67301","0","0","0","N","0","0","0","2","67301","1","","1.0","330.0","1","N","N","N","0","","0","0","1","","2","Y","","2","2","0","0","0","1","0","2","0","2","","","","N","","","","","","","","","",""
"2020042488","1827","1","0","0","0","0","0","0","0","0","5","0","","67","5","2020","7","40.020078","-75.048894","1811","6","0","0","0","0","0","0","0","0","","0","0","0","","","0","N","0","","40 01:12.280","","0","75 02:56.020","0","0","0","0","67301","0","0","0","N","0","0","0","1","67301","0","","6.0","","1","N","N","N","0","","0","0","1","","0","","","2","0","0","0","0","0","0","2","0","2","","","","N","","","","","","","","","",""
"2020021962","0848","0","0","0","0","0","0","0","0","0","6","0","","67","2","2020","2","40.031889","-75.124244","0834","6","0","0","0","0","0","1","0","0","","0","0","0","","","0","N","0","","40 01:54.800","","0","75 07:27.280","0","0","0","0","67301","0","0","0","N","0","0","0","1","67301","0","","6.0","","1","N","N","N","0","","0","0","2","","0","","","2","0","0","0","0","0","0","2","0","2","","03","","N","","","","","","","","","",""
"2020085158","1150","2","0","0","0","0","0","0","0","0","2","0","","67","10","2020","2","40.075367","-75.055758","1145","6","0","0","1","0","0","1","0","0","","0","0","0","","","2","N","0","","40 04:31.320","","0","75 03:20.730","8","0","0","0","67301","0","0","0","N","0","0","0","2","67301","0","","1.0","","9","N","N","N","0","","0","0","0","","0","","","2","2","0","0","0","2","0","2","0","2","","07","","N","","","","","","","","","",""
"2020043878","1940","1","0","0","0","0","0","0","0","0","4","0","","67","6","2020","2","40.03255","-75.106266","1930","6","0","0","0","0","0","0","0","0","","0","0","0","","","1","N","0","","40 01:57.181","","7","75 06:22.556","3","0","0","1","67301","0","0","0","N","0","0","0","2","67301","0","","1.0","","1","N","N","N","0","","1","0","0","","0","","","2","1","0","0","0","0","0","2","0","2","","03","","N","","","","","","","","","",""
"2020047559","0257","1","0","0","0","0","0","0","0","0","7","0","","67","6","2020","4","39.996142","-75.147088","0256","6","0","0","0","0","0","0","0","0","","0","0","0","","","1","","1","","39 59:46.111","","0","75 08:49.516","3","0","0","0","67301","0","0","0","N","0","0","0","1","67301","0","","4.0","","1","N","N","N","0","","1","0","0","","0","","","1","1","0","0","0","0","0","2","0","1","","03","","N","","","","","","","","","",""
"2020042311","0756","1","0","0","0","0","0","0","0","0","7","0","","67","5","2020","6","39.897975","-75.251889","0746","6","0","0","0","0","0","0","0","0","","0","0","0","","","0","N","0","","39 53:52.710","2","0","75 15:06.800","0","0","0","0","67301","0","0","0","N","0","0","0","1","67301","0","","4.0","813.0","1","N","N","N","0","","0","0","0","","0","N","","1","0","0","0","0","0","0","2","0","1","","03","","N","","","","","","","","","",""
"2020043732","0430","3","0","0","0","0","0","0","0","0","7","0","","67","6","2020","5","40.045015","-75.143431","0430","6","0","0","0","0","0","0","0","0","","0","0","0","","","1","N","0","","40 02:42.054","2","0","75 08:36.350","3","0","0","0","67301","0","0","0","N","0","0","0","1","67301","0","","1.0","535.0","1","N","N","N","1","","1","0","1","","0","Y","","5","1","0","0","0","0","0","2","0","5","","","","N","","","","","","","","","",""
"2020062943","2159","2","0","0","0","0","0","0","0","0","5","0","","67","8","2020","3","39.954593","-75.225995","2156","6","0","0","1","0","0","0","0","0","","0","0","0","","","3","","2","","39 57:16.533","","0","75 13:33.583","3","0","0","0","67301","0","0","0","N","0","0","0","4","67301","0","","1.0","","1","N","N","N","0","","3","0","0","","2","","","2","3","0","0","0","0","0","2","0","2","","03","","N","","","","","","","","","",""
"2020043437","1350","1","0","0","0","0","0","0","0","0","2","0","","67","5","2020","4","40.020811","-75.118289","1335","6","0","0","0","0","0","0","1","0","","0","0","0","","","1","","1","","40 01:14.919","","6","75 07:05.840","4","0","0","0","67301","0","0","0","N","0","0","0","2","67301","1","","1.0","","1","N","N","N","0","","0","0","1","","2","","","2","1","0","0","0","0","0","2","0","2","","03","","N","","","","","","","","","",""
"2020085476","1650","0","0","0","0","0","0","1","0","0","8","1","","67","10","2020","6","39.945417","-75.153222","1625","6","0","0","0","0","0","0","0","0","","0","0","0","","","1","N","0","","39 56:43.500","","0","75 09:11.600","3","0","0","0","67301","1","0","0","N","1","0","0","2","67301","0","","1.0","","1","N","N","N","0","","1","0","0","","0","","","2","1","0","0","0","0","0","2","0","1","","","","N","","","","","","","","","",""
"2020041753","1656","1","0","0","0","0","0","0","0","0","4","0","","67","5","2020","4","40.059549","-75.080487","1649","6","0","0","0","1","0","0","0","0","","0","0","0","","","1","","1","","40 03:34.377","","0","75 04:49.754","3","0","0","1","67301","0","0","0","N","0","0","0","2","67301","0","","1.0","","1","N","N","N","0","","1","0","0","","2","","","2","1","0","0","0","0","0","2","0","2","","","","N","","","","","","","","","",""
"2020084799","1339","2","0","0","0","0","0","0","0","0","4","0","","67","10","2020","7","40.042404","-75.082725","1338","6","0","0","0","0","0","1","0","0","","0","0","0","","","0","N","0","","40 02:32.656","","0","75 04:57.811","0","0","0","0","67301","0","0","0","N","0","0","0","1","67301","0","","1.0","","1","N","N","N","0","","0","0","0","","2","","","2","0","0","0","0","0","0","2","0","2","","","","N","","","","","","","","","",""
"2020048764","0444","0","0","0","0","0","0","0","0","0","7","0","","67","6","2020","7","39.976584","-75.113171","0444","6","0","0","0","0","0","0","0","0","","0","0","0","","","0","","2","","39 58:35.702","","1","75 06:47.416","0","0","0","0","67301","0","0","0","N","0","0","0","1","67301","0","","4.0","","3","N","N","N","0","","0","0","1","","2","","","1","0","0","0","0","0","0","2","0","1","","03","","N","","","","","","","","","",""
"2020043791","2100","0","0","0","0","0","0","0","0","0","4","0","","67","6","2020","3","39.925608","-75.17924","2100","6","0","0","0","0","0","0","0","0","","0","0","0","","","1","","1","","39 55:32.188","","0","75 10:45.265","2","0","0","0","67301","0","0","0","N","0","0","0","3","67301","0","","1.0","","1","N","N","N","0","","0","1","1","","2","","","2","1","0","0","0","0","0","2","0","2","","03","","N","","","","","","","","","",""
"2020044548","2132","1","0","0","0","0","0","0","0","0","8","0","","67","5","2020","5","40.038991","-75.148714","2125","6","0","0","0","0","0","0","0","0","","0","0","0","","","1","N","0","","40 02:20.366","","0","75 08:55.370","3","0","0","0","67301","1","0","0","N","1","0","0","2","67301","0","","1.0","","1","N","N","N","0","","1","0","0","","0","","","2","1","0","0","0","0","0","2","0","1","","03","","N","","","","","","","","","",""
"2020045043","2335","1","0","0","0","0","0","0","0","0","7","0","","67","6","2020","5","39.995471","-75.197736","2330","6","0","0","0","0","0","0","0","0","","0","0","0","","","1","N","0","","39 59:43.695","3","0","75 11:51.850","8","0","0","0","67301","0","0","0","N","0","0","0","2","68K01","0","","2.0","2350.0","9","N","N","N","0","","0","0","0","","0","N","","1","1","0","0","0","1","0","2","0","1","","","","N","","","","","","","","","",""
"2020042313","1338","0","0","0","0","0","0","0","0","0","4","0","","67","5","2020","4","40.025368","-75.036452","1336","6","0","0","0","0","0","1","0","0","","0","0","0","","","1","","2","","40 01:31.323","","0","75 02:11.227","3","0","0","0","67301","0","0","0","N","0","0","0","2","67301","0","","1.0","","1","N","N","N","0","","1","0","2","","3","","","2","1","0","0","0","0","0","2","0","2","","03","","N","","","","","","","","","",""