"CRN","ARRIVAL_TM","AUTOMOBILE_COUNT","BELTED_DEATH_COUNT","BELTED_SUSP_SERIOUS_INJ_COUNT","BICYCLE_COUNT","BICYCLE_DEATH_COUNT","BICYCLE_SUSP_SERIOUS_INJ_COUNT","BUS_COUNT","CHLDPAS_DEATH_COUNT","CHLDPAS_SUSP_SERIOUS_INJ_COUNT","COLLISION_TYPE","COMM_VEH_COUNT","CONS_ZONE_SPD_LIM","COUNTY","CRASH_MONTH","CRASH_YEAR","DAY_OF_WEEK","DEC_LATITUDE","DEC_LONGITUDE","DISPATCH_TM","DISTRICT","DRIVER_COUNT_16YR","DRIVER_COUNT_17YR","DRIVER_COUNT_18YR","DRIVER_COUNT_19YR","DRIVER_COUNT_20YR","DRIVER_COUNT_50_64YR","DRIVER_COUNT_65_74YR","DRIVER_COUNT_75PLUS","EST_HRS_CLOSED","FATAL_COUNT","HEAVY_TRUCK_COUNT","HORSE_BUGGY_COUNT","HOUR_OF_DAY","ILLUMINATION","INJURY_COUNT","INTERSECTION_RELATED","INTERSECT_TYPE","LANE_CLOSED","LATITUDE","LN_CLOSE_DIR","LOCATION_TYPE","LONGITUDE","MAX_SEVERITY_LEVEL","MCYCLE_DEATH_COUNT","MCYCLE_SUSP_SERIOUS_INJ_COUNT","MOTORCYCLE_COUNT","MUNICIPALITY","NONMOTR_COUNT","NONMOTR_DEATH_COUNT","NONMOTR_SUSP_SERIOUS_INJ_COUNT","NTFY_HIWY_MAINT","PED_COUNT","PED_DEATH_COUNT","PED_SUSP_SERIOUS_INJ_COUNT","PERSON_COUNT","POLICE_AGCY","POSSIBLE_INJ_COUNT","RDWY_SURF_TYPE_CD","RELATION_TO_ROAD","ROADWAY_CLEARED","ROAD_CONDITION","SCH_BUS_IND","SCH_ZONE_IND","SECONDARY_CRASH","SMALL_TRUCK_COUNT","SPEC_JURIS_CD","SUSP_MINOR_INJ_COUNT","SUSP_SERIOUS_INJ_COUNT","SUV_COUNT","TCD_FUNC_CD","TCD_TYPE","TFC_DETOUR_IND","TIME_OF_DAY","TOTAL_UNITS","TOT_INJ_COUNT","UNBELTED_OCC_COUNT","UNB_DEATH_COUNT","UNB_SUSP_SERIOUS_INJ_COUNT","UNK_INJ_DEG_COUNT","UNK_INJ_PER_COUNT","URBAN_RURAL","VAN_COUNT","VEHICLE_COUNT","WEATHER1","WEATHER2","WORKERS_PRES","WORK_ZONE_IND","WORK_ZONE_LOC","WORK_ZONE_TYPE","WZ_CLOSE_DETOUR","WZ_FLAGGER","WZ_LAW_OFFCR_IND","WZ_LN_CLOSURE","WZ_MOVING","WZ_OTHER","WZ_SHLDER_MDN","WZ_WORKERS_INJ_KILLED"
"2020046979","1903","1","0","0","0","0","0","0","0","0","1","0","","67","6","2020","6","39.960363","-75.181721","1903","6","0","0","0","0","0","1","0","0","","0","0","0","","","0","N","0","","39 57:37.306","","0","75 10:54.196","0","0","0","0","67301","0","0","0","N","0","0","0","2","68K01","0","","1.0","","9","N","N","N","0","","0","0","1","","0","","","2","0","0","0","0","0","0","2","0","2","","","","N","","","","","","","","","",""
"2020087839","2259","1","0","0","0","0","0","0","0","0","1","0","","67","9","2020","7","39.98722","-75.090559","2257","6","0","0","0","0","0","0","0","0","","0","0","0","","","1","N","0","","39 59:13.993","2","0","75 05:26.014","3","0","0","0","67301","0","0","0","Y","0","0","0","4","68K01","0","","1.0","2345.0","1","N","N","N","0","","1","0","0","","0","N","","2","1","0","0","0","0","1","2","0","2","","","","N","","","","","","","","","",""
"2020042370","1530","0","0","0","0","0","0","0","0","0","1","0","","67","5","2020","7","39.935428","-75.167338","1530","6","0","0","0","0","0","0","0","0","","0","0","0","","","2","N","0","","39 56:07.540","","0","75 10:02.418","3","0","0","1","67301","0","0","0","N","0","0","0","3","67505","0","","1.0","","1","N","N","N","0","","2","0","1","","0","","","2","2","0","0","0","0","0","2","0","2","","03","","N","","","","","","","","","",""
"2020046015","1758","1","0","0","1","0","0","0","0","0","8","0","","67","5","2020","1","39.933517","-75.150931","1740","6","0","0","0","0","0","0","0","0","","0","0","0","","","1","N","0","","39 56:00.660","","0","75 09:03.350","3","0","0","0","67301","1","0","0","N","0","0","0","2","67301","0","","1.0","","1","N","N","N","0","","1","0","0","","0","","","2","1","0","0","0","0","0","2","0","1","","98","","N","","","","","","","","","",""
"2020063250","1955","3","0","0","0","0","0","0","0","0","1","0","","67","6","2020","3","39.954652","-75.181035","1951","6","0","0","0","0","0","2","0","0","","0","0","0","","","2","N","0","","39 57:16.747","4","0","75 10:51.727","8","0","0","0","67301","0","0","0","N","0","0","0","6","68K01","0","","1.0","2100.0","1","N","N","N","0","","0","0","3","","0","N","","6","2","0","0","0","2","0","2","0","6","","","","N","","","","","","","","","",""
"2020044704","1025","1","0","0","0","0","0","0","0","0","8","0","","67","6","2020","3","39.953548","-75.156268","1019","6","0","1","0","0","0","0","0","0","","0","0","0","","","1","","1","","39 57:12.771","2","0","75 09:22.566","3","0","0","0","67301","1","0","0","N","1","0","0","2","67301","0","","1.0","1100.0","1","N","N","N","0","","1","0","0","","2","Y","","2","1","1","0","0","0","0","2","0","1","","03","","N","","","","","","","","","",""
"2020048299","0313","1","0","0","0","0","0","0","0","0","1","0","","67","6","2020","7","39.957289","-75.247885","0311","6","0","0","0","0","0","0","0","0","","0","0","0","","","1","","1","","39 57:26.242","","0","75 14:52.386","3","0","0","0","67301","0","0","0","N","0","0","0","3","67301","0","","1.0","","1","N","N","N","0","","1","0","1","","2","","","2","1","0","0","0","0","0","2","0","2","","03","","N","","","","","","","","","",""
"2020043880","1540","2","0","0","0","0","0","0","0","0","6","0","","67","5","2020","4","39.993427","-75.162986","1532","6","0","0","0","0","0","0","0","0","","0","0","0","","","0","","5","","39 59:36.337","","0","75 09:46.749","0","0","0","0","67301","0","0","0","N","0","0","0","2","67301","0","","1.0","","1","N","N","N","0","","0","0","0","","2","","","2","0","0","0","0","0","0","2","0","2","","03","","N","","","","","","","","","",""
"2020085299","0758","0","0","0","0","0","0","0","0","0","7","0","","67","10","2020","6","39.883786","-75.244307","0732","6","0","0","0","0","0","1","0","0","","0","0","0","","","1","N","0","","39 53:01.629","1","0","75 14:39.506","8","0","0","0","67301","0","0","0","Y","0","0","0","1","68K01","0","","2.0","812.0","1","N","N","N","0","","0","0","1","","0","N","","1","1","0","0","0","1","0","2","0","1","","03","","N","","","","","","","","","",""
"2020088498","","1","0","0","0","0","0","0","0","0","1","0","","67","7","2020","7","40.020517","-75.053726","","6","0","0","0","0","0","0","0","0","","0","0","0","","","1","","1","","40 01:13.862","","0","75 03:13.412","8","0","0","0","67301","0","0","0","N","0","0","0","2","00000","0","","1.0","","1","","","N","0","","0","0","1","","2","","","2","1","0","0","0","1","0","2","0","2","","","","N","","","","","","","","","",""
"2020046708","2029","0","0","0","0","0","0","0","0","0","7","0","","67","6","2020","4","39.898889","-75.170011","2024","6","0","0","0","0","0","1","0","0","","0","0","0","","","1","N","0","","39 53:55.999","","0","75 10:12.041","4","0","0","0","67301","0","0","0","N","0","0","0","5","68K01","1","","4.0","","8","N","N","N","0","","0","0","1","","0","","","1","1","0","0","0","0","0","2","0","1","","","","N","","","","","","","","","",""
"2020043797","2318","2","0","0","0","0","0","0","0","0","4","0","","67","6","2020","5","39.978965","-75.171202","2318","6","0","0","0","0","0","0","0","0","","0","0","0","","","1","","1","","39 58:44.273","2","0","75 10:16.326","3","0","0","0","67301","0","0","0","N","0","0","0","5","67301","0","","1.0","130.0","9","N","N","N","0","","1","0","0","","2","N","","2","1","0","0","0","0","0","2","0","2","","","","N","","","","","","","","","",""
"2020050500","1000","1","0","0","0","0","0","0","0","0","0","0","","67","5","2020","5","39.981227","-75.206851","0953","6","0","0","0","0","0","0","0","0","","0","0","0","","","1","N","0","","39 58:52.416","3","0","75 12:24.665","3","0","0","0","67301","0","0","0","N","0","0","0","1","68K01","0","","1.0","100.0","9","N","N","N","0","","1","0","0","","0","N","","1","1","0","0","0","0","0","2","0","1","","","","N","","","","","","","","","",""
"2020043441","0445","1","0","0","0","0","0","0","0","0","5","0","","67","5","2020","1","40.020167","-75.141539","0443","6","0","0","0","0","0","0","0","0","","0","0","0","","","0","N","0","","40 01:12.600","","6","75 08:29.541","9","0","0","0","67301","0","0","0","N","0","0","0","2","67301","0","","1.0","","1","N","N","N","0","","0","0","1","","0","","","2","0","0","0","0","0","1","2","0","2","","03","","N","","","","","","","","","",""
"2020044525","0530","2","0","0","0","0","0","0","0","0","4","0","","67","6","2020","5","39.958875","-75.228329","0522","6","0","0","0","0","0","0","0","0","","0","0","0","","","0","","1","","39 57:31.950","","0","75 13:41.984","0","0","0","0","67301","0","0","0","N","0","0","0","2","67301","0","","1.0","","1","N","N","N","0","","0","0","1","","3","","","3","0","0","0","0","0","0","2","0","3","","03","","N","","","","","","","","","",""
"2020091254","0029","1","0","0","0","0","0","0","0","0","5","1","","67","10","2020","4","40.005431","-75.075537","0018","6","0","0","0","1","0","0","0","0","","0","1","0","","","0","N","0","","40 00:19.552","","0","75 04:31.932","0","0","0","0","67301","0","0","0","N","0","0","0","2","68K01","0","","1.0","","1","N","N","N","0","","0","0","0","","0","","","2","0","0","0","0","0","0","2","0","2","","","","N","","","","","","","","","",""
"2020087433","0105","1","0","0","0","0","0","0","0","0","5","0","","67","10","2020","4","39.970445","-75.125347","0032","6","0","0","0","0","0","1","0","0","","0","0","0","","","0","N","0","","39 58:13.601","2","0","75 07:31.249","0","0","0","0","67301","0","0","0","N","0","0","0","2","68K01","0","","1.0","145.0","1","N","N","N","0","","0","0","1","","0","N","","2","0","0","0","0","0","0","2","0","2","","03","","N","","","","","","","","","",""
"2020048507","1610","2","0","0","0","0","0","0","0","0","4","0","","67","6","2020","7","39.993528","-75.126889","1604","6","0","0","0","0","0","0","0","0","","0","0","0","","","0","","2","","39 59:36.700","","0","75 07:36.800","0","0","0","0","67301","0","0","0","N","0","0","0","3","67301","0","","1.0","","1","N","N","N","0","","0","0","0","","3","","","2","0","0","0","0","0","0","2","0","2","","03","","N","","","","","","","","","",""
"2020041162","0359","1","0","0","0","0","0","0","0","0","7","0","","67","5","2020","3","39.952974","-75.20282","0355","6","0","0","0","0","0","0","0","0","","0","0","0","","","0","N","2","","39 57:10.706","","0","75 12:10.152","0","0","0","0","67301","0","0","0","N","0","0","0","1","67504","0","","4.0","","1","","","N","0","","0","0","0","","3","","","1","0","1","0","0","0","0","2","0","1","","03","","N","","","","","","","","","",""
"2020090768","2346","0","0","0","0","0","0","0","0","0","5","1","","67","10","2020","6","39.994187","-75.198772","2346","6","0","0","0","0","0","1","0","0","","0","1","0","","","1","N","0","","39 59:39.074","","0","75 11:55.579","3","0","0","0","67301","0","0","0","N","0","0","0","4","68K01","0","","1.0","","1","N","N","N","0","","1","0","1","","0","","","2","1","0","0","0","0","0","2","0","2","","","","N","","","","","","","","","",""
"2020086213","1515","0","0","0","0","0","0","0","0","0","1","1","","67","10","2020","4","39.971281","-75.121302","1515","6","0","0","0","0","0","0","0","0","","0","1","0","","","0","","1","","39 58:16.610","1","2","75 07:16.686","0","0","0","0","67301","0","0","0","N","0","0","0","2","67301","0","","1.0","1650.0","1","N","N","N","0","","0","0","1","","2","Y","","2","0","0","0","0","0","0","2","0","2","","03","","N","","","","","","","","","",""
"2020046694","1955","1","0","0","0","0","0","0","0","0","7","0","","67","5","2020","1","39.92801","-75.195953","1955","6","0","0","0","0","0","0","0","0","","0","0","0","","","3","N","0","","39 55:40.837","4","0","75 11:45.431","3","0","0","0","67301","0","0","0","N","0","0","0","3","68K01","0","","2.0","40.0","1","N","N","N","0","","3","0","0","","0","N","","1","3","0","0","0","0","0","2","0","1","","","","N","","","","","","","","","",""
"2020020932","0825","1","0","0","0","0","0","0","0","0","4","0","","67","2","2020","1","39.971558","-75.160228","0822","6","0","0","0","0","0","2","0","0","","0","0","0","","","1","","1","","39 58:17.607","","0","75 09:36.821","3","0","0","0","67301","0","0","0","N","0","0","0","2","67301","0","","1.0","","1","N","N","N","0","","1","0","0","","3","","","2","1","0","0","0","0","0","2","1","2","","03","","N","","","","","","","","","",""
"2020084650","0220","0","0","0","0","0","0","0","0","0","7","1","","67","10","2020","6","39.999466","-75.136562","0218","6","0","0","0","0","0","0","0","0","","0","1","0","","","1","N","0","","39 59:58.076","","0","75 08:11.624","3","0","0","0","67301","0","0","0","N","0","0","0","1","67301","0","","4.0","","1","N","N","N","0","","1","0","0","","0","","","1","1","0","0","0","0","0","2","0","1","","03","","N","","","","","","","","","",""
"2020043440","0320","3","0","0","0","0","0","0","0","0","1","0","","67","5","2020","1","40.00194","-75.118921","0312","6","0","0","0","0","0","0","0","0","","0","0","0","","","3","N","0","","40 00:06.985","","0","75 07:08.116","2","0","0","0","67301","0","0","0","N","0","0","0","3","67301","0","","6.0","","1","N","N","N","0","","2","1","1","","0","","","5","3","0","0","0","0","0","2","1","5","","03","","N","","","","","","","","","",""
"2020020490","1845","1","0","0","0","0","0","0","0","0","8","0","","67","2","2020","2","40.094833","-74.9687","1837","6","0","0","0","0","0","0","0","0","","0","0","0","","","1","","1","","40 05:41.399","","0","74 58:07.319","3","0","0","0","67301","1","0","0","N","1","0","0","2","67301","0","","1.0","","1","N","N","N","0","","1","0","0","","2","","","2","1","0","0","0","0","0","2","0","1","","03","","N","","","","","","","","","",""
"2020048719","1013","3","0","0","0","0","0","0","0","0","4","0","","67","6","2020","5","39.956998","-75.157166","1027","6","0","0","0","0","0","0","0","0","","0","0","0","","","1","","1","","39 57:25.194","3","3","75 09:25.796","3","0","0","0","67301","0","0","0","N","0","0","0","3","67301","0","","1.0","1115.0","9","N","N","N","0","","1","0","0","","2","Y","","3","1","1","0","0","0","0","2","0","3","","","","N","","","","","","","","","",""
"2020041553","1730","1","0","0","0","0","0","0","0","0","8","0","","67","5","2020","3","39.990911","-75.123481","1725","6","0","0","0","0","0","0","0","0","","0","0","0","","","1","N","0","","39 59:27.280","","0","75 07:24.530","3","0","0","0","67301","1","0","0","N","1","0","0","2","67301","0","","1.0","","1","N","N","N","0","","1","0","0","","0","","","2","1","0","0","0","0","1","2","0","1","","03","","N","","","","","","","","","",""
"2020046685","1304","3","0","0","0","0","0","0","0","0","1","0","","67","5","2020","7","39.957686","-75.160455","1304","6","0","0","0","0","0","0","0","0","","0","0","0","","","1","N","0","","39 57:27.670","","0","75 09:37.637","3","0","0","0","67301","0","0","0","N","0","0","0","5","68K01","0","","1.0","","1","N","N","N","0","","1","0","0","","0","","","3","1","0","0","0","0","0","2","0","3","","","","N","","","","","","","","","",""
"2020086183","0815","0","0","0","0","0","0","0","0","0","7","0","","67","10","2020","5","39.883247","-75.216392","0801","6","0","0","0","0","0","0","0","0","","0","0","0","","","1","N","0","","39 52:59.690","","0","75 12:59.010","3","0","0","0","67301","0","0","0","N","0","0","0","1","67301","0","","2.0","","1","N","N","N","0","","1","0","1","","0","","","1","1","0","0","0","0","0","2","0","1","","03","","N","","","","","","","","","",""
"2020042323","1450","2","0","0","0","0","0","0","0","0","4","0","","67","5","2020","4","39.996794","-75.103369","1450","6","0","0","0","0","0","1","0","0","","0","0","0","","","2","","1","","39 59:48.460","","0","75 06:12.128","8","0","0","0","67301","0","0","0","N","0","0","0","3","67301","0","","1.0","","1","N","N","N","0","","0","0","0","","2","","","2","2","0","0","0","2","0","2","0","2","","","","N","","","","","","","","","",""
"2020084902","0014","1","0","0","0","0","0","0","0","0","7","0","","67","10","2020","2","39.957557","-75.205703","0010","6","0","0","0","0","0","0","0","0","","0","0","0","","","0","N","0","","39 57:27.206","3","0","75 12:20.531","9","0","0","0","67301","0","0","0","N","0","0","0","1","67301","0","","2.0","39.0","9","N","N","N","0","","0","0","0","","0","N","","1","0","0","0","0","0","1","2","0","1","","","","N","","","","","","","","","",""
"2020086595","0648","2","0","0","0","0","0","0","0","0","7","0","","67","10","2020","7","40.002218","-75.152661","0645","6","0","0","0","0","0","0","0","0","","0","0","0","","","1","N","0","","40 00:07.984","2","0","75 09:09.578","8","0","0","0","67301","0","0","0","N","0","0","0","1","67505","0","","2.0","720.0","1","N","N","Y","0","","0","0","0","","0","N","","2","1","0","0","0","1","0","2","0","2","","98","","N","","","","","","","","","",""
"2020042040","0050","1","0","0","0","0","0","0","0","0","7","0","","67","5","2020","6","39.978675","-75.157803","0000","6","0","0","0","1","0","0","0","0","","0","0","0","","","0","","1","","39 58:43.230","","0","75 09:28.092","9","0","0","0","67301","0","0","0","Y","0","0","0","2","67505","0","","4.0","","1","N","N","N","0","","0","0","0","","2","","","2","0","0","0","0","0","2","2","0","1","","03","","N","","","","","","","","","",""
"2020041557","0433","2","0","0","0","0","0","0","0","0","4","0","","67","5","2020","3","40.043968","-75.123686","0430","6","0","0","0","0","0","0","0","0","","0","0","0","","","0","","1","","40 02:38.284","","0","75 07:25.269","0","0","0","0","67301","0","0","0","N","0","0","0","2","67301","0","","1.0","","9","N","N","N","0","","0","0","0","","3","","","2","0","0","0","0","0","0","2","0","2","","05","","N","","","","","","","","","",""
"2020042307","0902","1","0","0","0","0","0","0","0","0","4","0","","67","5","2020","5","40.048305","-75.011604","0858","6","0","0","0","0","0","1","0","0","","0","0","0","","","1","","1","","40 02:53.898","","0","75 00:41.774","3","0","0","0","67301","0","0","0","N","0","0","0","2","67301","0","","1.0","","1","N","N","N","0","","1","0","1","","3","","","2","1","0","0","0","0","0","2","0","2","","04","","N","","","","","","","","","",""
"2020056665","0303","0","0","0","0","0","0","0","0","0","2","0","","67","7","2020","7","39.993079","-75.147887","0258","6","0","0","0","0","0","1","0","0","","0","0","0","","","1","","1","","39 59:35.083","","0","75 08:52.393","8","0","0","0","67301","0","0","0","N","0","0","0","3","67301","0","","1.0","","1","N","N","N","0","","0","0","1","","2","","","2","1","1","0","0","1","0","2","0","2","","03","","N","","","","","","","","","",""
"2020042454","1935","1","0","0","0","0","0","0","0","0","4","0","","67","5","2020","5","40.035158","-75.144792","1935","6","0","0","0","0","0","0","0","1","","0","0","0","","","3","","1","","40 02:06.568","","0","75 08:41.251","8","0","0","0","67301","0","0","0","N","0","0","0","4","67301","0","","1.0","","1","N","N","N","0","","0","0","1","","2","","","2","3","0","0","0","3","0","2","0","2","","","","N","","","","","","","","","",""
"2020040497","1259","1","0","0","0","0","0","0","0","0","7","0","","67","5","2020","6","40.038468","-75.144718","1257","6","0","0","0","0","0","2","0","0","","0","0","0","","","0","N","0","","40 02:18.483","","0","75 08:40.983","0","0","0","0","67301","0","0","0","N","0","0","0","3","67301","0","","4.0","","1","N","N","N","0","","0","0","2","","0","","","3","0","0","0","0","0","0","2","0","3","","","","N","","","","","","","","","",""
"2020046085","1220","2","0","0","0","0","0","0","0","0","4","0","","67","6","2020","6","40.020313","-75.162803","1216","6","0","0","0","0","0","0","0","0","","0","0","0","","","1","","2","","40 01:13.127","","0","75 09:46.089","3","0","0","0","67301","0","0","0","N","0","0","0","4","67301","0","","1.0","","1","N","N","N","0","","1","0","0","","0","","","2","1","1","0","0","0","0","2","0","2","","03","","N","","","","","","","","","",""
"2020042543","2028","1","0","0","0","0","0","0","0","0","4","0","","67","5","2020","6","40.114262","-74.987919","2025","6","0","0","0","0","0","0","0","0","","0","0","0","","","0","","1","","40 06:51.342","6","0","74 59:16.507","0","0","0","0","67301","0","0","0","N","0","0","0","4","67301","0","","1.0","2045.0","1","N","N","N","1","","0","0","0","","2","N","","2","0","0","0","0","0","0","2","0","2","","","","N","","","","","","","","","",""
"2020042329","0656","2","0","0","0","0","0","0","0","0","4","0","","67","5","2020","5","39.96892","-75.136201","0656","6","0","0","0","0","0","1","0","0","","0","0","0","","","0","","1","","39 58:08.111","4","0","75 08:10.324","0","0","0","0","67301","0","0","0","N","0","0","0","2","67301","0","","1.0","715.0","1","N","N","N","0","","0","0","0","","2","Y","","2","0","0","0","0","0","0","2","0","2","","03","","N","","","","","","","","","",""
"2020048754","1137","1","0","0","0","0","0","0","0","0","5","0","","67","6","2020","7","39.968588","-75.24559","1137","6","0","0","0","0","0","1","0","0","","0","0","0","","","2","N","0","","39 58:06.917","","0","75 14:44.123","3","0","0","0","67301","0","0","0","N","0","0","0","2","67301","1","","6.0","","1","N","N","N","0","","1","0","1","","0","","","2","2","0","0","0","0","0","2","0","2","","","","N","","","","","","","","","",""
"2020055850","2013","1","0","0","0","0","0","0","0","0","2","0","","67","7","2020","4","39.986404","-75.169612","2013","6","0","0","0","0","0","0","0","0","","0","0","0","","","1","","2","","39 59:11.054","","0","75 10:10.603","3","0","0","0","67301","0","0","0","N","0","0","0","2","67301","0","","1.0","","1","N","N","N","0","","1","0","0","","2","","","2","1","0","0","0","0","0","2","0","2","","03","","N","","","","","","","","","",""
"2020013636","0200","4","0","0","0","0","0","0","0","0","1","0","","67","2","2020","4","40.043309","-75.022871","0155","6","0","0","0","0","0","0","0","0","","0","0","0","","","0","N","0","","40 02:35.912","","0","75 01:22.337","0","0","0","0","67301","0","0","0","N","0","0","0","1","67301","0","","6.0","","9","N","N","N","0","","0","0","0","","0","","","4","0","0","0","0","0","0","2","0","4","","07","","N","","","","","","","","","",""
"2020036488","1829","4","0","0","0","0","0","0","0","0","4","0","","67","5","2020","7","39.923726","-75.184359","1821","6","0","0","0","0","0","0","0","0","","0","0","0","","","2","","1","","39 55:25.413","","0","75 11:03.692","4","0","0","0","67301","0","0","0","N","0","0","0","2","67301","2","","1.0","","1","N","N","N","0","","0","0","0","","3","","","4","2","0","0","0","0","0","2","0","4","","","","N","","","","","","","","","",""
"2020046779","1640","3","0","0","0","0","0","0","0","0","1","0","","67","6","2020","6","39.9206","-75.24667","1631","6","0","0","0","0","0","1","0","0","","0","0","0","","","0","N","0","","39 55:14.160","","0","75 14:48.011","9","0","0","0","67301","0","0","0","N","0","0","0","6","67301","0","","1.0","","1","N","N","N","0","","0","0","2","","0","","","5","0","0","0","0","0","1","2","0","5","","","","N","","","","","","","","","",""
"2020046298","1605","2","0","0","0","0","0","0","0","0","3","0","","67","6","2020","7","40.015874","-75.147192","1605","6","0","0","0","0","0","0","1","0","","0","0","0","","","1","","2","","40 00:57.146","","0","75 08:49.891","3","0","0","0","67301","0","0","0","N","0","0","0","3","67301","0","","1.0","","1","N","N","N","0","","1","0","0","","0","","","2","1","3","0","0","0","0","2","0","2","","03","","N","","","","","","","","","",""
"2020048506","1729","1","0","0","1","0","0","0","0","0","8","0","","67","6","2020","7","40.029648","-75.229179","1722","6","0","0","0","0","0","0","0","0","","0","0","0","","","1","N","2","","40 01:46.732","","0","75 13:45.044","8","0","0","0","67301","1","0","0","N","0","0","0","2","67301","0","","1.0","","9","N","N","N","0","","0","0","0","","2","","","2","1","0","0","0","1","0","2","0","1","","98","","N","","","","","","","","","",""
"2020042432","1318","0","0","0","0","0","0","0","0","0","4","0","","67","5","2020","7","39.942944","-75.226794","1314","6","0","0","0","0","0","0","0","0","","0","0","0","","","1","","1","","39 56:34.598","3","0","75 13:36.458","3","0","0","0","67301","0","0","0","N","0","0","0","2","67301","0","","1.0","30.0","1","N","N","N","0","","1","0","0","","0","N","","2","1","0","0","0","0","1","2","2","2","","03","","N","","","","","","","","","",""
"2020041552","1805","0","0","0","0","0","0","0","0","0","8","0","","67","5","2020","3","39.979606","-75.176272","1758","6","0","0","0","0","0","0","0","0","","0","0","0","","","1","N","0","","39 58:46.580","","0","75 10:34.580","3","0","0","0","67301","1","0","0","N","1","0","0","2","67301","0","","1.0","","1","N","N","N","0","","1","0","1","","0","","","2","1","0","0","0","0","0","2","0","1","","03","","N","","","","","","","","","",""
"2020084163","1736","1","0","0","0","0","0","0","0","0","4","1","","67","10","2020","6","40.02153","-75.15797","1736","6","0","0","0","0","0","0","1","0","","0","1","0","","","0","","2","","40 01:17.509","5","0","75 09:28.691","0","0","0","0","67301","0","0","0","N","0","0","0","2","67301","0","","1.0","1800.0","1","N","N","N","0","","0","0","0","","3","Y","","2","0","0","0","0","0","0","2","0","2","","03","","N","","","","","","","","","",""
"2020043414","1025","1","0","0","0","0","0","0","0","0","4","0","","67","6","2020","4","40.026587","-75.159281","1021","6","0","0","1","0","0","1","0","0","","0","0","0","","","2","","2","","40 01:35.713","","0","75 09:33.411","3","0","0","0","67301","0","0","0","N","0","0","0","2","67301","0","","1.0","","1","N","N","N","0","","2","0","1","","3","","","2","2","0","0","0","0","0","2","0","2","","03","","N","","","","","","","","","",""
"2020048215","0857","2","0","0","0","0","0","0","0","0","4","0","","67","6","2020","6","39.925854","-75.181168","0854","6","0","0","0","0","0","0","0","0","","0","0","0","","","3","","1","","39 55:33.075","","0","75 10:52.206","3","0","0","0","67301","0","0","0","N","0","0","0","3","67301","0","","1.0","","1","N","N","N","1","","3","0","1","","2","","","4","3","3","0","0","0","0","2","0","4","","03","","N","","","","","","","","","",""
"2020091234","1904","1","0","0","0","0","0","0","0","0","1","0","","67","10","2020","7","40.000077","-75.080003","1846","6","0","0","0","0","1","1","0","0","","0","0","0","","","1","N","0","","40 00:00.276","2","0","75 04:48.011","8","0","0","0","67301","0","0","0","N","0","0","0","5","68K01","0","","1.0","1910.0","1","N","N","N","0","","0","0","1","","0","N","","2","1","0","0","0","1","0","2","0","2","","","","N","","","","","","","","","",""
"2020047856","1929","0","0","0","1","0","0","0","0","0","8","0","","67","6","2020","2","39.989279","-75.118954","1929","6","0","0","0","0","0","0","0","0","","0","0","0","","","1","","2","","39 59:21.403","7","0","75 07:08.233","8","0","0","0","67301","1","0","0","N","0","0","0","2","67301","0","","1.0","20.0","1","N","N","N","0","","0","0","0","","0","Y","","2","1","0","0","0","1","0","2","1","1","","03","","N","","","","","","","","","",""
"2020044500","1253","2","0","0","0","0","0","0","0","0","5","0","","67","6","2020","6","39.938446","-75.221871","1253","6","0","0","0","0","0","1","0","0","","0","0","0","","","1","N","0","","39 56:18.407","6","0","75 13:18.735","4","0","0","0","67301","0","0","0","N","0","0","0","2","67301","1","","1.0","1342.0","1","N","N","N","0","","0","0","0","","0","Y","","3","1","0","0","0","0","0","2","1","3","","03","","N","","","","","","","","","",""
"2020050532","0644","1","0","0","0","0","0","0","0","0","7","0","","67","6","2020","5","40.035135","-75.017873","0627","6","0","0","0","0","0","0","0","0","","0","0","0","","","0","N","0","","40 02:06.485","","0","75 01:04.342","0","0","0","0","67301","0","0","0","N","0","0","0","1","68K01","0","","4.0","","9","N","N","N","0","","0","0","0","","0","","","1","0","0","0","0","0","0","2","0","1","","07","","N","","","","","","","","","",""
"2020044490","1615","1","0","0","0","0","0","0","0","0","5","0","","67","6","2020","6","39.899858","-75.206847","1610","6","0","0","0","0","0","1","0","0","","0","0","0","","","1","N","0","","39 53:59.487","3","3","75 12:24.648","3","0","0","0","67301","0","0","0","N","0","0","0","3","67301","0","","1.0","1645.0","1","N","N","N","0","","1","0","1","","0","N","","2","1","0","0","0","0","0","2","0","2","","03","","N","","","","","","","","","",""
"2020047136","2052","1","0","0","0","0","0","0","0","0","7","0","","67","6","2020","6","40.035274","-75.017608","2037","6","0","0","0","0","1","0","0","0","","0","0","0","","","0","N","0","","40 02:06.986","1","0","75 01:03.387","0","0","0","0","67301","0","0","0","N","0","0","0","1","68K01","0","","2.0","2010.0","9","N","N","N","0","","0","0","0","","0","N","","1","0","0","0","0","0","0","2","0","1","","07","","N","","","","","","","","","",""
"2020047381","2359","0","0","0","0","0","0","0","0","0","8","0","","67","6","2020","2","39.965714","-75.155257","2358","6","0","0","0","0","0","0","0","0","","0","0","0","","","1","","1","","39 57:56.570","","0","75 09:18.925","3","0","0","0","67301","1","0","0","N","1","0","0","2","67301","0","","1.0","","1","N","N","N","0","","1","0","0","","3","","","2","1","0","0","0","0","1","2","0","1","","03","","N","","","","","","","","","",""