"CRN","ARRIVAL_TM","AUTOMOBILE_COUNT","BELTED_DEATH_COUNT","BELTED_SUSP_SERIOUS_INJ_COUNT","BICYCLE_COUNT","BICYCLE_DEATH_COUNT","BICYCLE_SUSP_SERIOUS_INJ_COUNT","BUS_COUNT","CHLDPAS_DEATH_COUNT","CHLDPAS_SUSP_SERIOUS_INJ_COUNT","COLLISION_TYPE","COMM_VEH_COUNT","CONS_ZONE_SPD_LIM","COUNTY","CRASH_MONTH","CRASH_YEAR","DAY_OF_WEEK","DEC_LATITUDE","DEC_LONGITUDE","DISPATCH_TM","DISTRICT","DRIVER_COUNT_16YR","DRIVER_COUNT_17YR","DRIVER_COUNT_18YR","DRIVER_COUNT_19YR","DRIVER_COUNT_20YR","DRIVER_COUNT_50_64YR","DRIVER_COUNT_65_74YR","DRIVER_COUNT_75PLUS","EST_HRS_CLOSED","FATAL_COUNT","HEAVY_TRUCK_COUNT","HORSE_BUGGY_COUNT","HOUR_OF_DAY","ILLUMINATION","INJURY_COUNT","INTERSECTION_RELATED","INTERSECT_TYPE","LANE_CLOSED","LATITUDE","LN_CLOSE_DIR","LOCATION_TYPE","LONGITUDE","MAX_SEVERITY_LEVEL","MCYCLE_DEATH_COUNT","MCYCLE_SUSP_SERIOUS_INJ_COUNT","MOTORCYCLE_COUNT","MUNICIPALITY","NONMOTR_COUNT","NONMOTR_DEATH_COUNT","NONMOTR_SUSP_SERIOUS_INJ_COUNT","NTFY_HIWY_MAINT","PED_COUNT","PED_DEATH_COUNT","PED_SUSP_SERIOUS_INJ_COUNT","PERSON_COUNT","POLICE_AGCY","POSSIBLE_INJ_COUNT","RDWY_SURF_TYPE_CD","RELATION_TO_ROAD","ROADWAY_CLEARED","ROAD_CONDITION","SCH_BUS_IND","SCH_ZONE_IND","SECONDARY_CRASH","SMALL_TRUCK_COUNT","SPEC_JURIS_CD","SUSP_MINOR_INJ_COUNT","SUSP_SERIOUS_INJ_COUNT","SUV_COUNT","TCD_FUNC_CD","TCD_TYPE","TFC_DETOUR_IND","TIME_OF_DAY","TOTAL_UNITS","TOT_INJ_COUNT","UNBELTED_OCC_COUNT","UNB_DEATH_COUNT","UNB_SUSP_SERIOUS_INJ_COUNT","UNK_INJ_DEG_COUNT","UNK_INJ_PER_COUNT","URBAN_RURAL","VAN_COUNT","VEHICLE_COUNT","WEATHER1","WEATHER2","WORKERS_PRES","WORK_ZONE_IND","WORK_ZONE_LOC","WORK_ZONE_TYPE","WZ_CLOSE_DETOUR","WZ_FLAGGER","WZ_LAW_OFFCR_IND","WZ_LN_CLOSURE","WZ_MOVING","WZ_OTHER","WZ_SHLDER_MDN","WZ_WORKERS_INJ_KILLED"
"2020042331","1835","1","0","0","0","0","0","0","0","0","8","0","","67","5","2020","4","39.99905","-75.154119","1824","6","0","0","0","0","0","0","0","0","","0","0","0","","","1","N","0","","39 59:56.580","","0","75 09:14.830","2","0","0","0","67301","1","0","1","N","1","0","1","2","67301","0","","1.0","","1","N","N","N","0","","0","1","0","","0","","","2","1","0","0","0","0","0","2","0","1","","03","","N","","","","","","","","","",""
"2020046526","1901","2","0","0","0","0","0","0","0","0","4","0","","67","6","2020","1","39.952184","-75.240772","1900","6","0","0","0","0","0","0","1","0","","0","0","0","","","5","","1","","39 57:07.862","7","0","75 14:26.779","4","0","0","0","67301","0","0","0","N","0","0","0","6","67301","5","","1.0","2000.0","1","N","N","N","0","","0","0","1","","2","Y","","3","5","0","0","0","0","1","2","0","3","","03","","N","","","","","","","","","",""
"2020042825","0341","1","0","0","0","0","0","0","0","0","5","0","","67","5","2020","7","40.081428","-75.029531","0338","6","0","0","0","0","0","0","0","0","","0","0","0","","","0","N","0","","40 04:53.142","","0","75 01:46.311","0","0","0","0","67301","0","0","0","N","0","0","0","2","67301","0","","1.0","","1","N","N","N","0","","0","0","1","","0","","","2","0","0","0","0","0","0","2","0","2","","03","","N","","","","","","","","","",""
"2020085322","1226","1","0","0","0","0","0","0","0","0","1","0","40","67","10","2020","1","39.935828","-75.199677","1211","6","0","0","0","0","1","0","0","0","","0","0","0","","","1","N","0","","39 56:08.979","4","0","75 11:58.836","3","0","0","0","67301","0","0","0","N","0","0","0","2","68K01","0","","1.0","1339.0","1","N","N","N","0","","1","0","0","","0","N","","2","1","0","0","0","0","0","2","1","2","","03","Y","Y","2","1","N","N","N","Y","N","N","N","N"
"2020043599","2205","2","0","0","0","0","0","0","0","0","0","0","","67","6","2020","2","40.024014","-75.161706","2159","6","0","0","0","0","0","1","0","0","","0","0","0","","","1","N","0","","40 01:26.450","","0","75 09:42.140","3","0","0","0","67301","0","0","0","N","0","0","0","1","67301","0","","1.0","","1","N","N","N","0","","1","0","1","","0","","","3","1","0","0","0","0","0","2","0","3","","03","","N","","","","","","","","","",""
"2020085159","1905","0","0","0","0","0","0","0","0","0","4","0","","67","9","2020","7","40.055959","-75.159208","1901","6","0","0","0","0","0","0","1","0","","1","0","0","","","0","N","0","","40 03:21.451","5","7","75 09:33.149","1","1","0","1","67301","0","0","0","N","0","0","0","2","67301","0","2","1.0","2117.0","1","N","N","N","0","0","0","0","1","","0","Y","","2","0","0","0","0","0","0","2","0","2","","","","N","","","","","","","","","",""
"2020038945","0742","1","0","0","0","0","0","0","0","0","5","0","","67","5","2020","6","39.926152","-75.19439","0736","6","0","0","0","0","0","0","0","0","","0","0","0","","","1","N","0","","39 55:34.148","3","0","75 11:39.805","8","0","0","0","67301","0","0","0","N","0","0","0","2","68K01","0","","1.0","836.0","1","N","N","N","0","","0","0","1","","0","N","","2","1","0","0","0","1","0","2","0","2","","03","","N","","","","","","","","","",""
"2020083431","1541","0","0","0","0","0","0","1","0","0","4","1","","67","9","2020","3","39.987554","-75.105482","1531","6","0","0","0","0","0","0","0","0","","0","0","0","","","1","","1","","39 59:15.196","","0","75 06:19.735","8","0","0","0","67301","0","0","0","N","0","0","0","2","67508","0","","1.0","","1","N","N","Y","0","","0","0","1","","2","","","2","1","0","0","0","1","0","2","0","2","","03","","N","","","","","","","","","",""
"2020086209","2210","1","0","0","0","0","0","0","0","0","3","0","","67","10","2020","4","39.992769","-75.112828","2210","6","0","0","0","0","0","0","0","0","","0","0","0","","","2","N","0","","39 59:33.970","","0","75 06:46.180","8","0","0","0","67301","0","0","0","N","0","0","0","3","67301","0","","6.0","","1","N","N","N","1","","0","0","0","","0","","","2","2","0","0","0","2","1","2","0","2","","03","","N","","","","","","","","","",""
"2020043436","0900","1","0","0","0","0","0","0","0","0","4","0","","67","6","2020","3","39.968117","-75.225136","0854","6","0","0","0","0","0","0","0","0","","0","0","0","","","0","","1","","39 58:05.221","","0","75 13:30.489","0","0","0","0","67301","0","0","0","N","0","0","0","2","67301","0","","1.0","","1","N","N","N","0","","0","0","1","","2","","","2","0","0","0","0","0","0","2","0","2","","04","","N","","","","","","","","","",""
"2020076515","0913","0","0","0","1","0","0","0","0","0","8","0","","67","9","2020","6","39.946294","-75.197134","0911","6","0","0","0","0","0","0","0","0","","0","0","0","","","1","N","2","","39 56:46.660","","0","75 11:49.684","8","0","0","0","67301","1","0","0","N","0","0","0","2","67504","0","","1.0","","1","N","N","N","1","","0","0","0","","2","","","2","1","0","0","0","1","0","2","0","1","","03","","N","","","","","","","","","",""
"2020042586","2143","0","0","0","0","0","0","0","0","0","8","0","","67","5","2020","4","39.967269","-75.243058","2142","6","0","0","0","0","0","0","0","0","","0","0","0","","","1","N","0","","39 58:02.170","","0","75 14:35.010","3","0","0","0","67301","1","0","0","N","1","0","0","2","67301","0","","1.0","","1","N","N","N","0","","1","0","0","","0","","","2","1","0","0","0","0","1","2","0","1","","03","","N","","","","","","","","","",""
"2020038048","1850","1","0","0","0","0","0","0","0","0","4","0","","67","5","2020","2","40.018922","-75.049504","1847","6","0","0","0","0","0","0","0","0","","0","0","0","","","2","","1","","40 01:08.120","","0","75 02:58.216","8","0","0","0","67301","0","0","0","N","0","0","0","2","67301","0","","1.0","","1","N","N","N","0","","0","0","1","","3","","","2","2","1","0","0","2","0","2","0","2","","03","","N","","","","","","","","","",""
"2020043256","1433","1","0","0","0","0","0","0","0","0","7","0","","67","6","2020","3","40.130875","-75.015333","1409","6","0","0","0","0","0","0","0","0","","0","0","0","","","0","N","0","","40 07:51.151","","0","75 00:55.200","9","0","0","0","67301","0","0","0","N","0","0","0","1","67301","0","","5.0","","3","N","N","Y","0","","0","0","0","","0","","","1","0","1","0","0","0","1","2","0","1","","","","N","","","","","","","","","",""
"2020089970","1903","1","0","0","0","0","0","0","0","0","1","0","","67","10","2020","2","39.938039","-75.19801","1838","6","0","0","1","0","0","0","0","0","","0","0","0","","","1","N","0","","39 56:16.939","","0","75 11:52.835","3","0","0","0","67301","0","0","0","N","0","0","0","4","68K01","0","","1.0","","9","N","N","N","0","","1","0","1","","0","","","2","1","0","0","0","0","0","2","0","2","","","","N","","","","","","","","","",""
"2020047913","0923","1","0","0","0","0","0","0","0","0","5","0","","67","6","2020","4","39.996161","-75.144369","0902","6","0","0","0","0","0","1","0","1","","0","0","0","","","0","N","0","","39 59:46.180","","0","75 08:39.730","0","0","0","0","67301","0","0","0","N","0","0","0","2","67301","0","","1.0","","1","N","N","N","0","","0","0","0","","0","","","2","0","1","0","0","0","0","2","1","2","","03","","N","","","","","","","","","",""
"2020042433","1458","1","0","0","0","0","0","0","0","0","1","0","","67","5","2020","7","39.919783","-75.212278","1458","6","0","0","0","0","0","1","0","0","","0","0","0","","","1","N","0","","39 55:11.220","","0","75 12:44.200","8","0","0","0","67301","0","0","0","N","0","0","0","2","67301","0","","1.0","","1","N","N","N","0","","0","0","1","","0","","","2","1","0","0","0","1","0","2","0","2","","03","","N","","","","","","","","","",""
"2020037017","1702","1","0","0","1","0","1","0","0","0","8","0","","67","5","2020","2","39.925078","-75.2236","1634","6","0","0","0","0","0","0","0","0","","0","0","0","","","1","N","0","","39 55:30.280","","0","75 13:24.960","2","0","0","0","67301","1","0","1","N","0","0","0","2","67301","0","","1.0","","1","N","N","N","0","","0","1","0","","2","","","2","1","0","0","0","0","0","2","0","1","","03","","N","","","","","","","","","",""
"2020045451","2145","1","0","0","0","0","0","0","0","0","8","0","","67","6","2020","4","40.067015","-75.156291","2142","6","0","0","0","0","0","0","0","0","","0","0","0","","","1","","1","","40 04:01.254","","0","75 09:22.647","2","0","0","0","67301","1","0","1","N","1","0","1","2","67301","0","","1.0","","1","N","N","N","0","","0","1","0","","2","","","2","1","0","0","0","0","1","2","0","1","","03","","N","","","","","","","","","",""
"2020052062","1646","1","0","0","0","0","0","0","0","0","7","0","","67","6","2020","7","39.89912","-75.166837","1646","6","0","0","0","0","0","0","0","0","","0","0","0","","","1","N","0","","39 53:56.831","1","0","75 10:00.612","3","0","0","0","67301","0","0","0","N","0","0","0","1","68K01","0","","3.0","1650.0","8","N","N","N","0","","1","0","0","","0","N","","1","1","0","0","0","0","0","2","0","1","","","","N","","","","","","","","","",""
"2020048714","0924","1","0","0","0","0","0","0","0","0","4","0","","67","6","2020","1","39.957337","-75.144132","0922","6","0","0","0","0","0","0","0","0","","0","0","0","","","0","","5","","39 57:26.412","","2","75 08:38.875","0","0","0","0","67301","0","0","0","N","0","0","0","2","67301","0","","1.0","","1","N","N","N","0","","0","0","1","","2","","","2","0","0","0","0","0","0","2","0","2","","","","N","","","","","","","","","",""
"2020043438","2024","1","0","0","0","0","0","0","0","0","5","0","","67","5","2020","6","40.022406","-75.133578","2021","6","0","0","0","0","0","0","0","0","","0","0","0","","","1","N","0","","40 01:20.660","","0","75 08:00.880","4","0","0","0","67301","0","0","0","N","0","0","0","3","67301","1","","6.0","","1","N","N","N","0","","0","0","0","","0","","","2","1","1","0","0","0","0","2","1","2","","03","","N","","","","","","","","","",""
"2020086178","1645","0","0","0","0","0","0","0","0","0","5","1","","67","10","2020","3","40.109986","-74.993488","1613","6","0","0","0","0","0","2","0","0","","0","1","0","","","0","N","0","","40 06:35.950","1","0","74 59:36.556","0","0","0","0","67301","0","0","0","N","0","0","0","2","67301","0","","1.0","1815.0","1","N","N","N","0","","0","0","1","","0","N","","2","0","0","0","0","0","0","2","0","2","","03","","N","","","","","","","","","",""
"2020047209","1906","0","0","0","0","0","0","0","0","0","7","0","","67","6","2020","2","39.91104","-75.148544","1906","6","0","0","0","0","1","0","0","0","","0","0","0","","","0","N","0","","39 54:39.745","1","8","75 08:54.757","0","0","0","0","67301","0","0","0","N","0","0","0","1","68K01","0","","2.0","1916.0","1","N","N","N","0","","0","0","1","","0","N","","1","0","0","0","0","0","0","2","0","1","","03","","N","","","","","","","","","",""
"2020041755","1636","2","0","0","0","0","0","0","0","0","4","0","","67","5","2020","3","40.068856","-75.040197","1634","6","0","0","0","1","0","0","0","0","","0","0","0","","","2","","2","","40 04:07.880","2","0","75 02:24.710","3","0","0","0","67301","0","0","0","N","0","0","0","4","67301","0","","1.0","1830.0","1","N","N","N","0","","1","0","1","","3","Y","","3","2","0","0","0","1","0","2","0","3","","","","N","","","","","","","","","",""
"2020088906","1736","1","0","0","0","0","0","0","0","0","1","0","","67","10","2020","3","40.001084","-75.215384","1735","6","0","0","0","0","0","1","1","0","","0","0","0","","","0","","1","","40 00:03.902","5","0","75 12:55.382","0","0","0","0","67301","0","0","0","N","0","0","0","3","67301","0","","1.0","2144.0","1","N","N","N","0","","0","0","2","","2","N","","3","0","0","0","0","0","0","2","0","3","","","","N","","","","","","","","","",""
"2020042310","1730","0","0","0","0","0","0","0","0","0","1","0","","67","5","2020","4","39.927528","-75.231833","1730","6","0","0","0","0","0","0","1","0","","0","0","0","","","1","N","0","","39 55:39.100","","0","75 13:54.600","4","0","0","0","67301","0","0","0","N","0","0","0","3","67301","1","","1.0","","1","N","N","N","0","","0","0","2","","0","","","2","1","1","0","0","0","0","2","0","2","","03","","N","","","","","","","","","",""
"2020043503","1620","1","0","0","0","0","0","0","0","0","4","0","","67","6","2020","4","40.11296","-75.023011","1613","6","0","0","0","0","0","1","1","0","","0","0","0","","","3","","1","","40 06:46.657","4","0","75 01:22.840","3","0","0","0","67301","0","0","0","N","0","0","0","4","67301","1","","1.0","1520.0","1","N","N","Y","0","","1","0","2","","2","N","","3","3","0","0","0","1","0","2","0","3","","","","N","","","","","","","","","",""
"2020042827","0146","2","0","0","0","0","0","0","0","0","4","0","","67","5","2020","1","40.059477","-75.017651","0145","6","0","0","0","0","0","0","0","0","","0","0","0","","","1","","2","","40 03:34.117","","0","75 01:03.545","3","0","0","0","67301","0","0","0","N","0","0","0","3","67301","0","","1.0","","1","N","N","N","0","","1","0","0","","0","","","2","1","0","0","0","0","0","2","0","2","","03","","N","","","","","","","","","",""
"2020042315","1410","1","0","0","0","0","0","0","0","0","4","0","","67","5","2020","6","40.013761","-75.055974","1407","6","0","0","0","0","0","0","0","0","","0","0","0","","","1","","1","","40 00:49.539","","0","75 03:21.506","8","0","0","0","67301","0","0","0","N","0","0","0","3","67301","0","","1.0","","1","N","N","N","0","","0","0","1","","0","","","2","1","0","0","0","1","0","2","0","2","","04","","N","","","","","","","","","",""
"2020047857","1953","3","0","1","0","0","0","0","0","0","5","0","","67","6","2020","3","39.998934","-75.100114","1948","6","0","0","0","0","0","0","1","0","","0","0","0","","","1","N","0","","39 59:56.163","","0","75 06:00.411","2","0","0","0","67301","0","0","0","N","0","0","0","2","67301","0","","6.0","","1","N","N","N","1","","0","1","0","","0","","","4","1","0","0","0","0","0","2","0","4","","03","","N","","","","","","","","","",""
"2020089967","0620","0","0","0","0","0","0","0","0","0","4","0","","67","10","2020","2","40.044175","-75.002753","0559","6","0","0","0","0","0","0","0","0","","0","0","0","","","1","N","0","","40 02:39.031","","0","75 00:09.910","8","0","0","0","67301","0","0","0","N","0","0","0","2","68K01","0","","1.0","","9","N","N","N","0","","0","0","2","","0","","","2","1","0","0","0","1","0","2","0","2","","04","","N","","","","","","","","","",""
"2020044516","0425","1","0","0","0","0","0","0","0","0","5","0","","67","6","2020","3","40.040764","-75.033431","0425","6","0","0","0","0","0","0","0","0","","0","0","0","","","0","N","0","","40 02:26.750","","0","75 02:00.350","0","0","0","0","67301","0","0","0","N","0","0","0","1","67301","0","","6.0","","1","N","N","N","0","","0","0","2","","0","","","4","0","0","0","0","0","0","2","1","4","","03","","N","","","","","","","","","",""
"2020086210","0247","0","0","0","0","0","0","0","0","0","8","0","","67","10","2020","1","40.014863","-75.118032","0245","6","0","0","0","0","0","0","0","0","","1","0","0","","","0","N","0","","40 00:53.505","","0","75 07:04.916","1","0","0","0","67301","1","1","0","N","1","1","0","2","67301","0","2","1.0","","1","N","N","N","0","0","0","0","0","","0","","","2","0","0","0","0","0","1","2","0","1","","03","","N","","","","","","","","","",""
"2020047855","0052","3","0","0","0","0","0","0","0","0","4","0","","67","6","2020","2","39.995203","-75.128026","0052","6","0","0","0","0","0","0","0","0","","0","0","0","","","0","","1","","39 59:42.730","","0","75 07:40.893","9","0","0","0","67301","0","0","0","N","0","0","0","4","67301","0","","1.0","","1","N","N","N","0","","0","0","0","","3","","","3","0","0","0","0","0","4","2","0","3","","03","","N","","","","","","","","","",""
"2020054199","1004","1","0","0","0","0","0","0","0","0","7","0","","67","5","2020","7","39.889075","-75.202175","0957","6","0","0","0","0","0","0","0","0","","0","0","0","","","0","N","0","","39 53:20.670","2","0","75 12:07.829","0","0","0","0","67301","0","0","0","N","0","0","0","2","68K01","0","","4.0","1030.0","1","N","N","N","0","","0","0","0","","0","N","","1","0","2","0","0","0","0","2","0","1","","","","N","","","","","","","","","",""
"2020047385","1945","0","0","0","0","0","0","0","0","0","8","0","","67","6","2020","1","40.065794","-75.169789","1938","6","0","0","0","0","1","0","0","0","","0","0","0","","","1","N","0","","40 03:56.860","","0","75 10:11.240","8","0","0","0","67301","1","0","0","N","1","0","0","2","67301","0","","1.0","","1","N","N","N","1","","0","0","0","","0","","","2","1","0","0","0","1","0","2","0","1","","03","","N","","","","","","","","","",""
"2020047145","1749","0","0","0","0","0","0","0","0","0","1","0","","67","6","2020","7","39.909242","-75.149319","1747","6","0","0","0","0","0","0","0","0","","0","0","0","","","3","N","0","","39 54:33.271","2","0","75 08:57.549","3","0","0","0","67301","0","0","0","Y","0","0","0","6","68K01","0","","1.0","30.0","1","N","N","N","0","","3","0","2","","0","N","","2","3","0","0","0","0","0","2","0","2","","03","","N","","","","","","","","","",""
"2020045263","2155","0","0","0","0","0","0","0","0","0","4","0","","67","5","2020","6","40.028996","-75.205909","2152","6","0","0","1","0","0","0","0","0","","0","0","0","","","2","N","0","","40 01:44.384","5","7","75 12:21.271","2","0","2","1","67301","0","0","0","N","0","0","0","4","67301","0","","1.0","100.0","1","N","N","N","0","","0","2","1","","0","Y","","2","2","0","0","0","0","0","2","0","2","","03","","N","","","","","","","","","",""
"2020085243","1316","1","0","0","0","0","0","0","0","0","7","0","","67","9","2020","1","39.95932","-75.173299","1309","6","0","0","0","0","0","0","0","0","","0","0","0","","","0","N","0","","39 57:33.551","","0","75 10:23.876","9","0","0","0","67301","0","0","0","Y","0","0","0","1","68K01","0","","4.0","","1","N","N","N","0","","0","0","0","","0","","","1","0","0","0","0","0","1","2","0","1","","","","N","","","","","","","","","",""
"2020084308","0112","1","0","0","0","0","0","0","0","0","5","0","","67","10","2020","6","40.052411","-74.987852","0112","6","0","0","0","0","0","1","0","0","","0","1","0","","","0","N","0","","40 03:08.680","","0","74 59:16.266","0","0","0","0","67301","0","0","0","N","0","0","0","1","68K01","0","","1.0","","1","N","N","N","0","","0","0","0","","0","","","2","0","0","0","0","0","0","2","0","2","","03","","N","","","","","","","","","",""
"2020086206","0925","1","0","0","0","0","0","0","0","0","7","0","","67","10","2020","4","39.988483","-75.193972","0920","6","0","0","0","0","0","0","0","0","","0","0","0","","","0","N","0","","39 59:18.540","","0","75 11:38.300","9","0","0","0","67301","0","0","0","N","0","0","0","1","67301","0","","5.0","","99","N","N","N","0","","0","0","0","","0","","","1","0","0","0","0","0","1","2","0","1","","","","N","","","","","","","","","",""
"2020078953","0100","1","0","0","0","0","0","0","0","0","8","0","","67","9","2020","1","39.991899","-75.138362","0054","6","0","0","0","0","0","0","0","0","","1","0","0","","","0","N","1","","39 59:30.836","","0","75 08:18.103","1","0","0","0","67301","1","1","0","N","1","1","0","2","67301","0","2","1.0","","1","N","N","N","0","0","0","0","0","","2","","","2","0","0","0","0","0","0","2","0","1","","03","","N","","","","","","","","","",""
"2020084159","1319","0","0","0","0","0","0","0","0","0","5","0","","67","10","2020","6","39.92087","-75.223937","1314","6","0","0","0","0","0","0","0","0","","0","0","0","","","2","N","0","","39 55:15.131","","0","75 13:26.172","3","0","0","0","67301","0","0","0","N","0","0","0","2","67301","0","","1.0","","1","N","N","N","0","","2","0","2","","0","","","2","2","0","0","0","0","0","2","0","2","","03","","N","","","","","","","","","",""
"2020042312","2353","0","0","0","0","0","0","0","0","0","1","0","","67","5","2020","6","40.052306","-75.175694","2352","6","0","0","0","0","0","0","0","0","","0","0","0","","","0","Y","0","","40 03:08.300","","0","75 10:32.500","9","0","0","0","67301","0","0","0","N","0","0","0","2","67301","0","","6.0","","1","N","N","N","0","","0","0","2","","0","","","2","0","0","0","0","0","1","2","0","2","","03","","N","","","","","","","","","",""
"2020084248","1938","0","0","0","0","0","0","0","0","0","8","0","","67","10","2020","7","40.018708","-75.158997","1933","6","0","0","0","0","0","0","0","0","","0","0","0","","","1","N","0","","40 01:07.350","","0","75 09:32.390","8","0","0","0","67301","1","0","0","N","1","0","0","1","67301","0","","1.0","","1","N","N","N","0","","0","0","0","","0","","","2","1","0","0","0","1","0","2","0","1","","","","N","","","","","","","","","",""
"2020048741","1512","0","0","0","0","0","0","0","0","0","4","0","","67","6","2020","7","40.008666","-75.068949","1506","6","0","0","0","0","0","0","1","0","","0","0","0","","","1","","1","","40 00:31.197","4","0","75 04:08.216","3","0","0","0","67301","0","0","0","N","0","0","0","2","67301","0","","1.0","1555.0","1","N","N","N","1","","1","0","1","","2","N","","2","1","1","0","0","0","0","2","0","2","","","","N","","","","","","","","","",""
"2020041761","2152","0","0","0","0","0","0","0","0","0","4","0","","67","5","2020","3","40.006002","-75.176695","2147","6","0","0","0","0","0","1","0","0","","0","0","0","","","1","","3","","40 00:21.607","5","0","75 10:36.101","2","0","1","1","67301","0","0","0","N","0","0","0","2","67301","0","","1.0","2320.0","1","N","Y","N","1","","0","1","0","","2","Y","","2","1","0","0","0","0","0","2","0","2","","","","N","","","","","","","","","",""
"2020044498","1716","1","0","0","0","0","0","0","0","0","4","0","","67","6","2020","6","39.927258","-75.236326","1716","6","0","0","0","0","0","0","0","0","","0","0","0","","","0","","1","","39 55:38.128","","0","75 14:10.774","9","0","0","0","67301","0","0","0","N","0","0","0","2","67301","0","","1.0","","99","N","N","N","0","","0","0","1","","3","","","2","0","2","0","0","0","1","2","0","2","","03","","N","","","","","","","","","",""
"2020084244","0032","2","0","0","0","0","0","0","0","0","5","0","","67","10","2020","4","40.022903","-75.219186","0030","6","0","0","0","0","0","0","0","0","","0","0","0","","","0","N","0","","40 01:22.450","","0","75 13:09.070","0","0","0","0","67301","0","0","0","N","0","0","0","1","67301","0","","1.0","","1","N","N","N","1","","0","0","0","","0","","","3","0","0","0","0","0","0","2","0","3","","03","","N","","","","","","","","","",""
"2020043730","1210","2","0","0","0","0","0","0","0","0","4","0","","67","6","2020","5","39.930512","-75.178165","1209","6","0","0","0","0","0","0","0","0","","0","0","0","","","1","","1","","39 55:49.843","","0","75 10:41.393","3","0","0","0","67301","0","0","0","N","0","0","0","5","67301","0","","1.0","","1","N","N","N","0","","1","0","3","","3","","","6","1","2","0","0","0","0","2","1","6","","03","","N","","","","","","","","","",""
"2020088355","0849","1","0","0","0","0","0","0","0","0","1","0","","67","10","2020","2","40.007744","-75.201779","0843","6","0","0","0","0","0","0","0","0","","0","0","0","","","1","N","0","","40 00:27.880","","0","75 12:06.404","8","0","0","0","67301","0","0","0","N","0","0","0","2","68K01","0","","1.0","","1","N","N","N","0","","0","0","1","","0","","","2","1","0","0","0","1","0","2","0","2","","03","","N","","","","","","","","","",""
"2020043726","2148","0","0","0","0","0","0","0","0","0","7","0","","67","6","2020","5","40.031907","-75.207716","2146","6","0","0","0","0","0","0","0","0","","0","0","0","","","1","N","0","","40 01:54.866","","0","75 12:27.777","3","0","0","0","67301","0","0","0","N","0","0","0","1","67301","0","","4.0","","1","N","N","N","0","","1","0","1","","0","","","1","1","0","0","0","0","0","2","0","1","","03","","N","","","","","","","","","",""
"2020041968","2052","1","0","0","0","0","0","0","0","0","5","0","","67","5","2020","7","39.901448","-75.152114","2041","6","0","0","0","0","1","0","0","0","","0","0","0","","","1","N","0","","39 54:05.212","","0","75 09:07.612","3","0","0","0","67301","0","0","0","N","0","0","0","2","68K01","0","","1.0","","1","N","N","N","0","","1","0","1","","0","","","2","1","0","0","0","0","0","2","0","2","","03","","N","","","","","","","","","",""
"2020036521","0018","4","0","0","0","0","0","0","0","0","4","0","","67","5","2020","2","39.941661","-75.22278","0014","6","0","0","0","0","0","1","0","0","","0","0","0","","","0","","1","","39 56:29.979","3","7","75 13:22.008","0","0","0","0","67301","0","0","0","N","0","0","0","4","67301","0","","1.0","100.0","1","N","N","N","0","","0","0","0","","2","Y","","4","0","1","0","0","0","0","2","0","4","","03","","N","","","","","","","","","",""
"2020086194","2222","2","0","0","0","0","0","0","0","0","2","0","","67","10","2020","4","40.030129","-75.035161","2222","6","0","1","0","0","0","0","0","0","","0","0","0","","","1","","1","","40 01:48.464","","0","75 02:06.579","3","0","0","0","67301","0","0","0","N","0","0","0","3","67301","0","","1.0","","1","N","N","N","0","","1","0","0","","2","","","2","1","0","0","0","0","2","2","0","2","","03","","N","","","","","","","","","",""
"2020046711","1744","2","0","0","0","0","0","0","0","0","1","0","","67","6","2020","5","39.9815","-75.207142","1737","6","0","0","0","0","1","1","0","0","","0","0","0","","","2","N","0","","39 58:53.399","3","0","75 12:25.712","3","0","0","0","67301","0","0","0","N","0","0","0","4","68K01","0","","1.0","1750.0","1","N","N","N","0","","2","0","1","","0","N","","3","2","0","0","0","0","0","2","0","3","","","","N","","","","","","","","","",""
"2020050528","1722","1","0","0","0","0","0","0","0","0","7","0","","67","6","2020","2","40.026667","-75.026049","1715","6","0","0","0","0","0","0","0","0","","0","0","0","","","1","N","0","","40 01:36.002","","0","75 01:33.775","8","0","0","0","67301","0","0","0","N","0","0","0","1","68K01","0","","3.0","","1","N","N","N","0","","0","0","0","","0","","","1","1","0","0","0","1","0","2","0","1","","03","","N","","","","","","","","","",""
"2020043254","1933","2","0","0","0","0","0","0","0","0","5","0","","67","5","2020","7","40.030823","-75.207237","1927","6","0","0","0","0","1","0","0","0","","0","0","0","","","0","N","0","","40 01:50.961","","0","75 12:26.052","0","0","0","0","67301","0","0","0","N","0","0","0","3","67301","0","","1.0","","1","N","N","N","0","","0","0","0","","0","","","2","0","0","0","0","0","0","2","0","2","","03","","N","","","","","","","","","",""
"2020043111","0130","2","0","0","0","0","0","0","0","0","5","0","","67","6","2020","3","39.966261","-75.217342","0124","6","0","0","0","0","0","0","0","0","","0","0","0","","","0","N","0","","39 57:58.540","","0","75 13:02.430","0","0","0","0","67301","0","0","0","N","0","0","0","1","67301","0","","6.0","","1","N","N","N","0","","0","0","1","","0","","","3","0","0","0","0","0","0","2","0","3","","","","N","","","","","","","","","",""
"2020053497","2051","1","0","0","0","0","0","0","0","0","7","0","","67","6","2020","5","39.998762","-75.082042","2045","6","0","0","0","0","0","0","0","0","","0","0","0","","","0","N","0","","39 59:55.544","2","2","75 04:55.350","9","0","0","0","67301","0","0","0","N","0","0","0","1","68K01","0","","4.0","0.0","1","N","N","N","0","","0","0","0","","0","N","","1","0","0","0","0","0","1","2","0","1","","","","N","","","","","","","","","",""