"CRN","ARRIVAL_TM","AUTOMOBILE_COUNT","BELTED_DEATH_COUNT","BELTED_SUSP_SERIOUS_INJ_COUNT","BICYCLE_COUNT","BICYCLE_DEATH_COUNT","BICYCLE_SUSP_SERIOUS_INJ_COUNT","BUS_COUNT","CHLDPAS_DEATH_COUNT","CHLDPAS_SUSP_SERIOUS_INJ_COUNT","COLLISION_TYPE","COMM_VEH_COUNT","CONS_ZONE_SPD_LIM","COUNTY","CRASH_MONTH","CRASH_YEAR","DAY_OF_WEEK","DEC_LATITUDE","DEC_LONGITUDE","DISPATCH_TM","DISTRICT","DRIVER_COUNT_16YR","DRIVER_COUNT_17YR","DRIVER_COUNT_18YR","DRIVER_COUNT_19YR","DRIVER_COUNT_20YR","DRIVER_COUNT_50_64YR","DRIVER_COUNT_65_74YR","DRIVER_COUNT_75PLUS","EST_HRS_CLOSED","FATAL_COUNT","HEAVY_TRUCK_COUNT","HORSE_BUGGY_COUNT","HOUR_OF_DAY","ILLUMINATION","INJURY_COUNT","INTERSECTION_RELATED","INTERSECT_TYPE","LANE_CLOSED","LATITUDE","LN_CLOSE_DIR","LOCATION_TYPE","LONGITUDE","MAX_SEVERITY_LEVEL","MCYCLE_DEATH_COUNT","MCYCLE_SUSP_SERIOUS_INJ_COUNT","MOTORCYCLE_COUNT","MUNICIPALITY","NONMOTR_COUNT","NONMOTR_DEATH_COUNT","NONMOTR_SUSP_SERIOUS_INJ_COUNT","NTFY_HIWY_MAINT","PED_COUNT","PED_DEATH_COUNT","PED_SUSP_SERIOUS_INJ_COUNT","PERSON_COUNT","POLICE_AGCY","POSSIBLE_INJ_COUNT","RDWY_SURF_TYPE_CD","RELATION_TO_ROAD","ROADWAY_CLEARED","ROAD_CONDITION","SCH_BUS_IND","SCH_ZONE_IND","SECONDARY_CRASH","SMALL_TRUCK_COUNT","SPEC_JURIS_CD","SUSP_MINOR_INJ_COUNT","SUSP_SERIOUS_INJ_COUNT","SUV_COUNT","TCD_FUNC_CD","TCD_TYPE","TFC_DETOUR_IND","TIME_OF_DAY","TOTAL_UNITS","TOT_INJ_COUNT","UNBELTED_OCC_COUNT","UNB_DEATH_COUNT","UNB_SUSP_SERIOUS_INJ_COUNT","UNK_INJ_DEG_COUNT","UNK_INJ_PER_COUNT","URBAN_RURAL","VAN_COUNT","VEHICLE_COUNT","WEATHER1","WEATHER2","WORKERS_PRES","WORK_ZONE_IND","WORK_ZONE_LOC","WORK_ZONE_TYPE","WZ_CLOSE_DETOUR","WZ_FLAGGER","WZ_LAW_OFFCR_IND","WZ_LN_CLOSURE","WZ_MOVING","WZ_OTHER","WZ_SHLDER_MDN","WZ_WORKERS_INJ_KILLED"
"2020044494","2245","1","0","0","0","0","0","0","0","0","8","0","","67","6","2020","7","39.968903","-75.169814","2242","6","0","0","0","0","0","0","0","0","","0","0","0","","","1","N","0","","39 58:08.050","","0","75 10:11.330","3","0","0","0","67301","1","0","0","N","1","0","0","2","67301","0","","1.0","","1","N","N","N","0","","1","0","0","","0","","","2","1","0","0","0","0","0","2","0","1","","03","","N","","","","","","","","","",""
"2020086187","1745","2","0","0","0","0","0","0","0","0","4","0","","67","10","2020","5","40.055279","-75.185051","1739","6","0","0","0","0","0","0","0","0","","0","0","0","","","5","","1","","40 03:19.004","","0","75 11:06.183","3","0","0","0","67301","0","0","0","N","0","0","0","6","67301","0","","4.0","","1","N","N","N","0","","5","0","0","","3","","","2","5","0","0","0","0","1","2","0","2","","03","","N","","","","","","","","","",""
"2020090141","0600","1","0","0","0","0","0","0","0","0","7","0","","67","9","2020","4","39.984047","-75.118039","0555","6","0","0","0","0","0","0","0","0","","0","0","0","","","0","N","0","","39 59:02.570","","0","75 07:04.940","0","0","0","0","67301","0","0","0","N","0","0","0","1","67301","0","","3.0","","1","N","N","N","0","","0","0","0","","0","","","1","0","0","0","0","0","0","2","0","1","","03","","N","","","","","","","","","",""
"2020089109","2031","1","0","0","0","0","0","0","0","0","98","0","","67","10","2020","1","39.981836","-75.101202","2022","6","0","0","0","0","0","1","0","0","","0","0","0","","","1","N","0","","39 58:54.611","","0","75 06:04.328","3","0","0","0","67301","0","0","0","N","0","0","0","1","68K01","0","","2.0","","9","N","N","N","0","","1","0","0","","0","","","1","1","0","0","0","0","0","2","0","1","","","","N","","","","","","","","","",""
"2020089781","1510","0","0","0","0","0","0","1","0","0","8","1","","67","9","2020","5","39.96898","-75.217001","1505","6","0","0","0","0","0","1","0","0","","0","0","0","","","1","N","1","","39 58:08.327","","0","75 13:01.203","8","0","0","0","67301","1","0","0","N","1","0","0","2","67508","0","","1.0","","1","N","N","Y","0","","0","0","0","","2","","","2","1","0","0","0","1","0","2","0","1","","03","","N","","","","","","","","","",""
"2020047473","1743","1","0","0","0","0","0","0","0","0","7","0","","67","6","2020","4","39.979846","-75.105653","1730","6","0","0","0","0","0","1","0","0","","0","0","0","","","0","N","0","","39 58:47.444","1","0","75 06:20.350","0","0","0","0","67301","0","0","0","N","0","0","0","1","68K01","0","","4.0","1845.0","1","N","N","Y","0","","0","0","0","","0","N","","1","0","0","0","0","0","0","2","0","1","","","","N","","","","","","","","","",""
"2020042308","1305","2","0","0","0","0","0","0","0","0","4","0","","67","5","2020","5","39.948174","-75.174327","1300","6","0","0","0","0","0","0","0","0","","0","0","0","","","0","","1","","39 56:53.426","","0","75 10:27.578","0","0","0","0","67301","0","0","0","N","0","0","0","3","67301","0","","1.0","","1","N","N","N","0","","0","0","0","","2","","","2","0","0","0","0","0","0","2","0","2","","04","","N","","","","","","","","","",""
"2020085313","1107","2","0","0","0","0","0","0","0","0","1","0","","67","10","2020","7","39.957198","-75.156784","1053","6","0","0","0","0","0","0","0","0","","0","0","0","","","0","N","0","","39 57:25.912","4","0","75 09:24.423","0","0","0","0","67301","0","0","0","N","0","0","0","2","68K01","0","","1.0","1115.0","1","N","N","N","0","","0","0","0","","0","N","","2","0","0","0","0","0","0","2","0","2","","04","","N","","","","","","","","","",""
"2020046531","1157","0","0","0","0","0","0","0","0","0","6","0","","67","6","2020","5","40.017057","-75.158554","1157","6","0","0","0","0","0","0","0","0","","0","0","0","","","0","N","2","","40 01:01.404","","0","75 09:30.794","0","0","0","0","67301","0","0","0","N","0","0","0","1","67301","0","","4.0","","9","N","N","N","0","","0","0","2","","0","","","3","0","0","0","0","0","0","2","0","2","","04","","N","","","","","","","","","",""
"2020045784","1110","0","0","0","0","0","0","0","0","0","7","0","","67","6","2020","6","40.059658","-75.080677","1107","6","0","0","0","0","0","0","1","0","","0","0","0","","","1","N","0","","40 03:34.768","","0","75 04:50.437","8","0","0","0","67301","0","0","0","N","0","0","0","1","67301","0","","4.0","","1","N","N","N","0","","0","0","1","","0","","","1","1","0","0","0","1","0","2","0","1","","","","N","","","","","","","","","",""
"2020047989","1000","1","0","0","0","0","0","0","0","0","7","0","","67","6","2020","6","40.004465","-75.162667","0953","6","0","0","0","0","0","0","0","0","","0","0","0","","","1","","2","","40 00:16.074","4","0","75 09:45.601","2","0","0","0","67301","0","0","0","N","0","0","0","1","67301","0","","4.0","200.0","1","N","N","N","0","","0","1","0","","0","Y","","1","1","0","0","0","0","0","2","0","1","","","","N","","","","","","","","","",""
"2020043794","1444","1","0","0","0","0","0","0","0","0","4","0","","67","6","2020","4","39.950847","-75.16383","1436","6","0","0","0","0","0","0","0","0","","0","0","0","","","1","","1","","39 57:03.048","","0","75 09:49.788","4","0","0","0","67301","0","0","0","N","0","0","0","2","67301","1","","1.0","","9","N","N","N","1","","0","0","0","","2","","","2","1","1","0","0","0","0","2","0","2","","04","","N","","","","","","","","","",""
"2020084647","0027","3","0","0","0","0","0","0","0","0","2","0","","67","10","2020","7","39.95577","-75.15905","0021","6","0","0","0","0","0","0","0","0","","0","0","0","","","0","","1","","39 57:20.771","","0","75 09:32.581","9","0","0","0","67301","0","0","0","N","0","0","0","3","67301","0","","1.0","","1","N","N","N","0","","0","0","0","","2","","","3","0","0","0","0","0","1","2","0","3","","","","N","","","","","","","","","",""
"2020047158","1303","1","0","0","0","0","0","0","0","0","7","0","","67","6","2020","2","39.877044","-75.253683","1245","6","0","0","0","0","0","0","0","0","","0","0","0","","","1","N","0","","39 52:37.357","","0","75 15:13.259","8","0","0","0","67301","0","0","0","N","0","0","0","1","68K01","0","","4.0","","1","N","N","N","0","","0","0","0","","0","","","1","1","1","0","0","1","0","2","0","1","","","","N","","","","","","","","","",""
"2020086169","0134","0","0","0","0","0","0","0","0","0","5","1","","67","10","2020","5","40.0319","-75.094097","0126","6","0","0","0","0","0","0","0","0","","0","1","0","","","0","N","0","","40 01:54.840","","0","75 05:38.750","0","0","0","0","67301","0","0","0","N","0","0","0","1","67301","0","","6.0","","1","N","N","N","0","","0","0","1","","0","","","2","0","0","0","0","0","0","2","0","2","","","","N","","","","","","","","","",""
"2020044541","1730","4","0","0","0","0","0","0","0","0","1","0","","67","6","2020","4","40.001431","-75.114986","1720","6","0","0","0","0","0","0","0","0","","0","0","0","","","1","N","0","","40 00:05.150","","0","75 06:53.950","3","0","0","0","67301","0","0","0","N","0","0","0","1","67301","0","","1.0","","1","N","N","N","0","","1","0","1","","0","","","5","1","0","0","0","0","0","2","0","5","","03","","N","","","","","","","","","",""
"2020084155","1428","1","0","0","0","0","0","0","0","0","1","0","","67","10","2020","6","39.967072","-75.173767","1426","6","0","0","0","0","0","0","0","0","","0","0","0","","","0","N","0","","39 58:01.460","","0","75 10:25.560","0","0","0","0","67301","0","0","0","N","0","0","0","2","67301","0","","1.0","","1","N","N","N","0","","0","0","1","","2","","","2","0","0","0","0","0","0","2","0","2","","03","","N","","","","","","","","","",""
"2020048223","1336","1","0","0","1","0","0","0","0","0","8","0","","67","6","2020","7","40.006002","-75.176695","1335","6","0","0","0","0","0","0","0","0","","0","0","0","","","1","","3","","40 00:21.607","","0","75 10:36.101","3","0","0","0","67301","1","0","0","N","0","0","0","2","67301","0","","1.0","","1","N","N","N","0","","1","0","0","","2","","","2","1","1","0","0","0","0","2","0","1","","03","","N","","","","","","","","","",""
"2020057194","1700","1","0","0","0","0","0","0","0","0","1","0","","67","6","2020","2","39.977543","-75.111817","1644","6","0","0","0","0","0","0","0","0","","0","0","0","","","0","N","0","","39 58:39.153","1","3","75 06:42.542","0","0","0","0","67301","0","0","0","N","0","0","0","4","68K01","0","","1.0","100.0","1","N","N","Y","0","","0","0","1","","0","N","","4","0","0","0","0","0","0","2","2","4","","03","","N","","","","","","","","","",""
"2020048076","1027","1","0","0","0","0","0","0","0","0","4","0","","67","6","2020","6","40.055581","-75.181322","1017","6","0","0","0","0","0","1","1","0","","0","0","0","","","1","","2","","40 03:20.090","","0","75 10:52.760","3","0","0","0","67301","0","0","0","N","0","0","0","2","67301","0","","1.0","","1","N","N","N","0","","1","0","0","","3","","","2","1","2","0","0","0","0","2","1","2","","03","","N","","","","","","","","","",""
"2020046775","0945","1","0","0","0","0","0","0","0","0","1","0","","67","6","2020","4","39.912613","-75.237897","0938","6","0","0","0","0","1","0","0","0","","0","0","0","","","1","","2","","39 54:45.406","","0","75 14:16.429","3","0","0","0","67301","0","0","0","N","0","0","0","3","67301","0","","1.0","","1","N","N","N","0","","1","0","1","","3","","","2","1","0","0","0","0","0","2","0","2","","03","","N","","","","","","","","","",""
"2020045705","1640","2","0","0","0","0","0","0","0","0","4","0","","67","6","2020","5","39.978167","-75.247374","1640","6","0","0","0","0","0","1","0","0","","0","0","0","","","4","","2","","39 58:41.401","","0","75 14:50.546","3","0","0","0","67301","0","0","0","N","0","0","0","6","67301","0","","1.0","","1","N","N","N","0","","4","0","0","","3","","","2","4","0","0","0","0","0","2","0","2","","","","N","","","","","","","","","",""
"2020043264","0316","1","0","0","0","0","0","0","0","0","7","0","","67","5","2020","1","39.989686","-75.090167","0316","6","0","0","0","1","0","0","0","0","","0","0","0","","","0","N","0","","39 59:22.871","","0","75 05:24.602","0","0","0","0","67301","0","0","0","N","0","0","0","1","67301","0","","4.0","","1","N","N","N","0","","0","0","0","","0","","","1","0","1","0","0","0","0","2","0","1","","03","","N","","","","","","","","","",""
"2020044511","1321","0","0","0","1","0","0","0","0","0","8","0","","67","6","2020","1","40.04292","-75.1722","1321","6","0","0","0","0","0","0","1","0","","0","0","0","","","1","","1","","40 02:34.511","","0","75 10:19.920","3","0","0","0","67301","1","0","0","N","0","0","0","2","67301","0","","1.0","","1","N","N","N","0","","1","0","1","","2","","","2","1","0","0","0","0","0","2","0","1","","03","","N","","","","","","","","","",""
"2020043731","2045","1","0","0","1","0","0","0","0","0","4","0","","67","6","2020","4","40.016616","-75.14718","2045","6","0","0","0","1","0","0","0","0","","0","0","0","","","1","","1","","40 00:59.817","","0","75 08:49.848","3","0","0","0","67301","1","0","0","N","0","0","0","2","67301","0","","1.0","","1","N","N","N","0","","1","0","0","","2","","","2","1","0","0","0","0","0","2","0","1","","","","N","","","","","","","","","",""
"2020063963","0229","0","0","0","0","0","0","0","0","0","6","0","","67","8","2020","1","40.009575","-75.095694","0229","6","0","0","0","0","0","0","0","0","","0","0","0","","","1","Y","0","","40 00:34.470","","0","75 05:44.500","3","0","0","1","67301","0","0","0","N","0","0","0","1","67301","0","","6.0","","1","N","N","N","0","","1","0","2","","2","","","3","1","0","0","0","0","0","2","0","3","","03","","N","","","","","","","","","",""
"2020048217","1242","1","0","0","0","0","0","0","0","0","4","0","","67","6","2020","6","40.032274","-75.050985","1242","6","0","0","0","0","0","0","0","0","","0","0","0","","","0","","1","","40 01:56.185","","0","75 03:03.545","0","0","0","0","67301","0","0","0","N","0","0","0","5","67301","0","","1.0","","1","N","N","N","0","","0","0","1","","2","","","2","0","1","0","0","0","0","2","0","2","","03","","N","","","","","","","","","",""
"2020046032","2345","1","0","0","0","0","0","0","0","0","4","0","","67","6","2020","6","40.041908","-75.123964","2335","6","0","0","0","0","0","0","0","0","","0","0","0","","","1","","1","","40 02:30.868","3","0","75 07:26.270","4","0","0","0","67301","0","0","0","N","0","0","0","2","67301","1","","1.0","16.0","1","N","N","N","1","","0","0","1","","2","N","","3","1","0","0","0","0","0","2","0","3","","03","","N","","","","","","","","","",""
"2020042251","2357","1","0","0","0","0","0","0","0","0","4","0","","67","5","2020","6","39.983189","-75.156819","2338","6","0","0","0","0","0","1","0","0","","0","0","0","","","0","N","1","","39 58:59.480","","0","75 09:24.548","0","0","0","0","67301","0","0","0","N","0","0","0","2","67505","0","","1.0","","1","N","N","N","1","","0","0","0","","2","","","2","0","0","0","0","0","0","2","0","2","","03","","N","","","","","","","","","",""
"2020047128","1456","1","0","0","0","0","0","0","0","0","7","0","","67","6","2020","5","39.962219","-75.139433","1444","6","0","0","0","0","0","0","0","0","","0","0","0","","","0","N","0","","39 57:43.987","","0","75 08:21.959","0","0","0","0","67301","0","0","0","N","0","0","0","1","68K01","0","","2.0","","1","N","N","N","0","","0","0","0","","0","","","1","0","0","0","0","0","0","2","0","1","","03","","N","","","","","","","","","",""
"2020044520","0838","0","0","0","0","0","0","0","0","0","1","0","","67","6","2020","7","40.025107","-75.062828","0837","6","0","0","0","0","0","0","0","0","","0","0","0","","","0","","1","","40 01:30.385","2","0","75 03:46.180","0","0","0","0","67301","0","0","0","N","0","0","0","2","67301","0","","1.0","911.0","1","N","N","N","0","","0","0","1","","2","N","","2","0","0","0","0","0","0","2","1","2","","","","N","","","","","","","","","",""
"2020046291","2143","0","0","0","0","0","0","0","0","0","4","0","","67","6","2020","3","40.063119","-75.021999","2143","6","0","0","0","0","0","0","0","0","","0","0","0","","","1","","1","","40 03:47.229","","0","75 01:19.196","3","0","0","1","67301","0","0","0","N","0","0","0","2","67301","0","","1.0","","1","N","N","N","0","","1","0","0","","2","","","2","1","0","0","0","0","0","2","0","2","","03","","N","","","","","","","","","",""
"2020042490","1342","2","0","0","0","0","0","0","0","0","1","0","","67","5","2020","5","39.978114","-75.118923","1340","6","0","0","0","0","0","0","0","0","","0","0","0","","","1","N","0","","39 58:41.209","","0","75 07:08.122","3","0","0","0","67301","0","0","0","N","0","0","0","4","67301","0","","1.0","","98","N","N","N","0","","1","0","0","","0","","","2","1","0","0","0","0","0","2","0","2","","","","N","","","","","","","","","",""
"2020085131","","2","0","0","0","0","0","0","0","0","4","0","","67","7","2020","6","39.99178","-75.186379","","6","0","0","0","0","0","0","0","0","","0","0","0","","","2","","1","","39 59:30.408","","0","75 11:10.966","8","0","0","0","67301","0","0","0","N","0","0","0","2","00000","0","","1.0","","1","","","N","0","","0","0","0","","2","","","2","2","0","0","0","2","0","2","0","2","","","","N","","","","","","","","","",""
"2020013366","0847","1","0","0","0","0","0","0","0","0","7","0","","67","2","2020","3","39.937892","-75.16681","0844","6","0","0","0","0","0","1","0","0","","0","0","0","","","0","N","1","","39 56:16.410","","0","75 10:00.515","0","0","0","0","67301","0","0","0","N","0","0","0","1","67301","0","","4.0","","9","N","N","N","0","","0","0","0","","2","","","1","0","1","0","0","0","0","2","0","1","","04","","N","","","","","","","","","",""
"2020046699","1855","0","0","0","0","0","0","0","0","0","7","0","","67","6","2020","2","39.966766","-75.187783","1855","6","0","0","0","0","0","1","0","0","","0","0","0","","","0","N","0","","39 58:00.358","3","0","75 11:16.019","0","0","0","0","67301","0","0","0","N","0","0","0","2","68K01","0","","3.0","1857.0","1","N","N","Y","0","","0","0","2","","0","N","","2","0","1","0","0","0","0","2","0","2","","","","N","","","","","","","","","",""
"2020019872","1245","0","0","0","0","0","0","0","0","0","8","0","","67","2","2020","6","40.009204","-75.150818","1233","6","0","0","0","0","0","0","0","0","","0","0","0","","","1","N","0","","40 00:33.133","","0","75 09:02.943","3","0","0","0","67301","1","0","0","N","1","0","0","2","67301","0","","1.0","","9","N","N","N","0","","1","0","0","","0","","","2","1","0","0","0","0","0","2","0","1","","","","N","","","","","","","","","",""
"2020085481","2135","1","0","0","0","0","0","0","0","0","8","0","","67","10","2020","6","39.9442","-75.177172","2135","6","0","0","0","0","0","0","0","0","","0","0","0","","","1","","1","","39 56:39.121","","0","75 10:37.818","8","0","0","0","67301","1","0","0","N","1","0","0","2","67301","0","","1.0","","1","N","N","N","0","","0","0","0","","3","","","2","1","1","0","0","1","1","2","0","1","","03","","N","","","","","","","","","",""
"2020043434","2312","1","0","0","0","0","0","0","0","0","5","0","","67","6","2020","4","39.959508","-75.203642","2230","6","0","0","0","0","0","1","0","0","","0","0","0","","","0","N","0","","39 57:34.230","","0","75 12:13.110","0","0","0","0","67301","0","0","0","N","0","0","0","1","67301","0","","6.0","","9","N","N","N","0","","0","0","1","","0","","","2","0","0","0","0","0","0","2","0","2","","07","","N","","","","","","","","","",""
"2020014578","1519","1","0","0","0","0","0","0","0","0","7","0","","67","2","2020","3","40.046452","-75.00107","1500","6","0","0","0","0","0","0","0","0","","0","0","0","","","0","N","0","","40 02:47.228","","0","75 00:03.853","0","0","0","0","67301","0","0","0","N","0","0","0","1","68K01","0","","3.0","","1","N","N","N","0","","0","0","0","","0","","","1","0","0","0","0","0","0","2","0","1","","","","N","","","","","","","","","",""
"2020013817","1248","1","0","0","0","0","0","0","0","0","1","0","","67","2","2020","3","40.104014","-75.002443","1245","6","0","0","0","0","0","1","0","0","","0","0","0","","","0","Y","0","","40 06:14.450","1","0","75 00:08.796","0","0","0","0","67301","0","0","0","N","0","0","0","2","67301","0","","1.0","1350.0","1","N","N","N","0","","0","0","1","","2","N","","2","0","0","0","0","0","0","2","0","2","","03","","N","","","","","","","","","",""
"2020043795","1502","0","0","0","0","0","0","0","0","0","4","0","","67","6","2020","4","39.959767","-75.156553","1500","6","0","0","0","0","0","0","0","0","","0","0","0","","","2","","1","","39 57:35.161","7","0","75 09:23.590","3","0","0","0","67301","0","0","0","N","0","0","0","3","67301","0","","1.0","1700.0","1","N","N","N","0","","2","0","2","","3","Y","","2","2","3","0","0","0","0","2","0","2","","03","","N","","","","","","","","","",""
"2020014637","2318","1","0","0","0","0","0","0","0","0","4","0","","67","2","2020","5","40.086544","-75.036315","2315","6","0","0","0","0","0","0","1","0","","0","0","0","","","1","","2","","40 05:11.557","","0","75 02:10.733","8","0","0","0","67301","0","0","0","N","0","0","0","2","67301","0","","1.0","","9","N","N","N","0","","0","0","0","","0","","","2","1","0","0","0","1","0","2","1","2","","","","N","","","","","","","","","",""
"2020054458","1046","1","0","0","0","0","0","0","0","0","4","0","","67","7","2020","6","40.012208","-75.1099","1046","6","0","0","0","0","0","0","0","0","","0","1","0","","","2","N","0","","40 00:43.950","","7","75 06:35.640","3","0","0","0","67301","0","0","0","N","0","0","0","4","67301","0","","1.0","","9","N","N","N","0","","2","0","0","","0","U","","2","2","0","0","0","0","0","2","0","2","","","","N","","","","","","","","","",""
"2020054018","1736","1","0","0","0","0","0","0","0","0","4","0","","67","7","2020","4","40.053182","-75.156711","1723","6","0","0","0","0","0","1","0","0","","1","0","0","","","2","N","1","","40 03:11.455","","0","75 09:24.159","1","0","0","0","67301","0","0","0","N","0","0","0","3","67301","0","2","1.0","","1","N","N","N","0","0","0","0","1","","0","","","2","2","1","1","0","2","0","2","0","2","","03","","N","","","","","","","","","",""
"2020055969","0829","0","0","0","0","0","0","0","0","0","5","0","","67","7","2020","2","40.0368","-75.062717","0829","6","0","0","0","0","0","0","0","0","","0","0","0","","","1","N","0","","40 02:12.480","","0","75 03:45.780","3","0","0","0","67301","0","0","0","N","0","0","0","1","67301","0","","1.0","","1","N","N","N","0","","1","0","1","","0","","","2","1","0","0","0","0","0","2","0","2","","","","N","","","","","","","","","",""
"2020014947","1544","1","0","0","0","0","0","0","0","0","5","1","","67","2","2020","6","39.956828","-75.154724","1529","6","0","0","0","1","0","0","0","0","","0","1","0","","","0","N","0","","39 57:24.579","3","0","75 09:17.007","0","0","0","0","67301","0","0","0","N","0","0","0","3","68K01","0","","1.0","1553.0","9","N","N","N","0","","0","0","1","","0","N","","3","0","0","0","0","0","0","2","0","3","","06","","N","","","","","","","","","",""
"2020014981","2020","1","0","0","0","0","0","0","0","0","4","0","","67","2","2020","5","40.044846","-75.017462","2014","6","0","0","0","0","1","0","0","0","","0","0","0","","","0","","2","","40 02:41.445","","0","75 01:02.862","0","0","0","0","67301","0","0","0","N","0","0","0","2","67301","0","","1.0","","9","N","N","N","0","","0","0","2","","2","","","3","0","0","0","0","0","0","2","0","3","","","","N","","","","","","","","","",""
"2020014481","0723","2","0","0","0","0","0","0","0","0","4","0","","67","2","2020","4","39.95577","-75.15905","0720","6","0","0","0","0","0","0","0","0","","0","0","0","","","2","","1","","39 57:20.771","3","0","75 09:32.581","3","0","0","0","67301","0","0","0","N","0","0","0","4","67301","1","","1.0","755.0","9","N","N","N","0","","1","0","0","","2","Y","","2","2","0","0","0","0","0","2","0","2","","","","N","","","","","","","","","",""
"2020015081","1059","0","0","0","0","0","0","0","0","0","4","0","","67","2","2020","7","40.058997","-75.044079","1057","6","0","0","0","0","0","1","0","0","","0","0","0","","","0","","1","","40 03:32.389","","0","75 02:38.685","0","0","0","0","67301","0","0","0","N","0","0","0","2","67301","0","","1.0","","1","N","N","N","0","","0","0","1","","0","","","2","0","2","0","0","0","0","2","1","2","","03","","N","","","","","","","","","",""
"2020014348","0105","1","0","0","0","0","0","0","0","0","4","0","","67","2","2020","4","39.942628","-75.221405","0105","6","0","0","0","0","0","0","0","0","","0","0","0","","","0","","1","","39 56:33.460","","0","75 13:17.058","0","0","0","0","67301","0","0","0","N","0","0","0","2","67301","0","","1.0","","9","N","N","N","0","","0","0","1","","2","","","2","0","0","0","0","0","0","2","0","2","","98","","N","","","","","","","","","",""
"2020013816","1042","1","0","0","0","0","0","0","0","0","8","0","","67","2","2020","4","40.031772","-75.105538","1037","6","0","0","0","0","0","0","1","0","","0","0","0","","","1","N","0","","40 01:54.380","3","0","75 06:19.938","3","0","0","0","67301","1","0","0","N","1","0","0","2","67301","0","","1.0","1050.0","1","N","N","N","0","","1","0","0","","0","N","","2","1","0","0","0","0","0","2","0","1","","","","N","","","","","","","","","",""
"2020013637","0238","1","0","0","0","0","0","0","0","0","6","0","","67","2","2020","4","40.052783","-75.181","0235","6","0","0","0","0","0","0","0","0","","0","0","0","","","0","N","0","","40 03:10.020","","0","75 10:51.600","0","0","0","0","67301","0","0","0","N","0","0","0","1","67301","0","","6.0","","1","N","N","N","0","","0","0","1","","0","","","3","0","0","0","0","0","0","2","1","3","","03","","N","","","","","","","","","",""
"2020015161","0002","3","0","0","0","0","0","0","0","0","4","0","","67","2","2020","6","40.024576","-75.130555","2358","6","0","0","0","0","0","0","0","0","","0","0","0","","","0","","1","","40 01:28.473","2","0","75 07:49.998","9","0","0","0","67301","0","0","0","N","0","0","0","3","67301","0","","1.0","38.0","1","N","N","N","1","","0","0","1","","2","N","","5","0","0","0","0","0","3","2","0","5","","","","N","","","","","","","","","",""
"2020013142","0108","1","0","0","0","0","0","0","0","0","7","0","","67","2","2020","2","40.000315","-75.144519","0105","6","0","0","0","0","0","1","0","0","","0","0","0","","","1","","3","","40 00:01.134","","0","75 08:40.268","8","0","0","0","67301","0","0","0","N","0","0","0","1","67301","0","","5.0","","1","N","N","N","0","","0","0","1","","9","","","2","1","0","0","0","1","0","2","0","2","","03","","N","","","","","","","","","",""
"2020042589","0028","1","0","0","0","0","0","0","0","0","4","0","","67","5","2020","7","39.969353","-75.226871","0028","6","0","0","0","0","0","0","1","0","","0","0","0","","","1","","1","","39 58:09.670","","0","75 13:36.735","8","0","0","0","67301","0","0","0","N","0","0","0","4","67301","0","","1.0","","1","N","N","N","0","","0","0","1","","3","","","2","1","0","0","0","1","3","2","0","2","","03","","N","","","","","","","","","",""
"2020014887","1754","1","0","0","0","0","0","0","0","0","8","0","","67","2","2020","5","39.972173","-75.244979","1743","6","0","0","0","0","0","0","0","0","","0","0","0","","","1","","1","","39 58:19.823","","0","75 14:41.924","3","0","0","0","67301","1","0","0","N","1","0","0","2","67301","0","","1.0","","9","N","N","N","0","","1","0","0","","2","","","2","1","0","0","0","0","0","2","0","1","","","","N","","","","","","","","","",""
"2020086345","2006","1","0","0","0","0","0","0","0","0","4","0","","67","10","2020","5","40.080861","-75.028502","2002","6","0","0","0","0","1","0","0","0","","0","0","0","","","2","","1","","40 04:51.101","1","0","75 01:42.607","3","0","0","0","67301","0","0","0","N","0","0","0","2","67301","0","","1.0","2035.0","1","N","N","N","0","","2","0","1","","2","N","","2","2","0","0","0","0","0","2","0","2","","","","N","","","","","","","","","",""
"2020015156","0230","2","0","0","0","0","0","0","0","0","2","0","","67","2","2020","2","39.990756","-75.123761","0230","6","0","0","0","0","1","0","0","0","","0","0","0","","","0","N","0","","39 59:26.720","","0","75 07:25.540","9","0","0","0","67301","0","0","0","N","0","0","0","2","67301","0","","1.0","","1","N","N","N","0","","0","0","0","","0","","","2","0","0","0","0","0","1","2","0","2","","","","N","","","","","","","","","",""
"2020014076","2217","1","0","0","0","0","0","0","0","0","4","0","","67","2","2020","4","40.008201","-75.142962","2215","6","0","0","0","0","0","0","0","0","","0","0","0","","","2","N","0","","40 00:29.524","","0","75 08:34.664","4","0","0","0","67301","0","0","0","N","0","0","0","3","67301","2","","1.0","","1","N","N","N","0","","0","0","2","","2","","","3","2","2","0","0","0","0","2","0","3","","03","","N","","","","","","","","","",""
"2020014219","1841","1","0","0","0","0","0","0","0","0","8","0","","67","2","2020","4","40.025239","-75.042708","1839","6","0","0","0","0","0","1","0","0","","0","0","0","","","2","N","0","","40 01:30.860","","0","75 02:33.750","3","0","0","0","67301","1","0","0","N","1","0","0","2","67301","0","","5.0","","1","N","N","N","0","","2","0","0","","0","","","2","2","0","0","0","0","0","2","0","1","","","","N","","","","","","","","","",""
"2020055500","1715","0","0","0","0","0","0","0","0","0","8","0","","67","7","2020","1","39.987968","-75.182302","1705","6","0","0","0","0","0","0","0","0","","0","0","0","","","1","","2","","39 59:16.686","","0","75 10:56.288","3","0","0","0","67301","1","0","0","N","1","0","0","1","67301","0","","1.0","","1","N","N","N","0","","1","0","0","","2","","","2","1","0","0","0","0","0","2","0","1","","03","","N","","","","","","","","","",""