"CRN","ARRIVAL_TM","AUTOMOBILE_COUNT","BELTED_DEATH_COUNT","BELTED_SUSP_SERIOUS_INJ_COUNT","BICYCLE_COUNT","BICYCLE_DEATH_COUNT","BICYCLE_SUSP_SERIOUS_INJ_COUNT","BUS_COUNT","CHLDPAS_DEATH_COUNT","CHLDPAS_SUSP_SERIOUS_INJ_COUNT","COLLISION_TYPE","COMM_VEH_COUNT","CONS_ZONE_SPD_LIM","COUNTY","CRASH_MONTH","CRASH_YEAR","DAY_OF_WEEK","DEC_LATITUDE","DEC_LONGITUDE","DISPATCH_TM","DISTRICT","DRIVER_COUNT_16YR","DRIVER_COUNT_17YR","DRIVER_COUNT_18YR","DRIVER_COUNT_19YR","DRIVER_COUNT_20YR","DRIVER_COUNT_50_64YR","DRIVER_COUNT_65_74YR","DRIVER_COUNT_75PLUS","EST_HRS_CLOSED","FATAL_COUNT","HEAVY_TRUCK_COUNT","HORSE_BUGGY_COUNT","HOUR_OF_DAY","ILLUMINATION","INJURY_COUNT","INTERSECTION_RELATED","INTERSECT_TYPE","LANE_CLOSED","LATITUDE","LN_CLOSE_DIR","LOCATION_TYPE","LONGITUDE","MAX_SEVERITY_LEVEL","MCYCLE_DEATH_COUNT","MCYCLE_SUSP_SERIOUS_INJ_COUNT","MOTORCYCLE_COUNT","MUNICIPALITY","NONMOTR_COUNT","NONMOTR_DEATH_COUNT","NONMOTR_SUSP_SERIOUS_INJ_COUNT","NTFY_HIWY_MAINT","PED_COUNT","PED_DEATH_COUNT","PED_SUSP_SERIOUS_INJ_COUNT","PERSON_COUNT","POLICE_AGCY","POSSIBLE_INJ_COUNT","RDWY_SURF_TYPE_CD","RELATION_TO_ROAD","ROADWAY_CLEARED","ROAD_CONDITION","SCH_BUS_IND","SCH_ZONE_IND","SECONDARY_CRASH","SMALL_TRUCK_COUNT","SPEC_JURIS_CD","SUSP_MINOR_INJ_COUNT","SUSP_SERIOUS_INJ_COUNT","SUV_COUNT","TCD_FUNC_CD","TCD_TYPE","TFC_DETOUR_IND","TIME_OF_DAY","TOTAL_UNITS","TOT_INJ_COUNT","UNBELTED_OCC_COUNT","UNB_DEATH_COUNT","UNB_SUSP_SERIOUS_INJ_COUNT","UNK_INJ_DEG_COUNT","UNK_INJ_PER_COUNT","URBAN_RURAL","VAN_COUNT","VEHICLE_COUNT","WEATHER1","WEATHER2","WORKERS_PRES","WORK_ZONE_IND","WORK_ZONE_LOC","WORK_ZONE_TYPE","WZ_CLOSE_DETOUR","WZ_FLAGGER","WZ_LAW_OFFCR_IND","WZ_LN_CLOSURE","WZ_MOVING","WZ_OTHER","WZ_SHLDER_MDN","WZ_WORKERS_INJ_KILLED"
"2020043504","0938","2","0","0","0","0","0","0","0","0","1","0","","67","6","2020","3","40.034642","-75.026419","0938","6","0","0","0","0","0","0","0","0","","0","0","0","","","0","N","0","","40 02:04.712","","0","75 01:35.109","0","0","0","0","67301","0","0","0","N","0","0","0","1","67301","0","","6.0","","1","N","N","N","0","","0","0","1","","0","","","3","0","0","0","0","0","0","2","0","3","","03","","N","","","","","","","","","",""
"2020013972","2115","1","0","0","0","0","0","0","0","0","8","0","","67","2","2020","3","40.05145","-75.174544","2109","6","0","0","0","0","0","0","0","0","","0","0","0","","","1","N","0","","40 03:05.219","","0","75 10:28.358","3","0","0","0","67301","1","0","0","N","1","0","0","2","67301","0","","1.0","","9","N","N","N","0","","1","0","0","","0","","","2","1","0","0","0","0","0","2","0","1","","","","N","","","","","","","","","",""
"2020045452","2150","3","0","0","0","0","0","0","0","0","5","0","","67","6","2020","3","39.933922","-75.170961","2148","6","0","0","0","0","0","0","0","0","","0","0","0","","","0","N","0","","39 56:02.120","","0","75 10:15.460","0","0","0","0","67301","0","0","0","N","0","0","0","1","67301","0","","6.0","","1","N","N","N","0","","0","0","3","","0","","","7","0","0","0","0","0","0","2","1","7","","03","","N","","","","","","","","","",""
"2020043596","1439","1","0","0","0","0","0","0","0","0","8","0","","67","6","2020","4","39.997181","-75.119064","1439","6","0","0","0","1","0","0","0","0","","0","0","0","","","1","N","0","","39 59:49.851","","0","75 07:08.632","3","0","0","0","67301","1","0","0","N","1","0","0","2","67301","0","","1.0","","1","N","N","N","0","","1","0","0","","0","","","2","1","1","0","0","0","0","2","0","1","","03","","N","","","","","","","","","",""
"2020015085","2150","1","0","0","0","0","0","0","0","1","4","0","","67","2","2020","5","39.993184","-75.10692","2145","6","0","0","0","0","0","0","0","0","","0","0","0","","","2","","1","","39 59:35.462","","0","75 06:24.912","2","0","0","0","67301","0","0","0","N","0","0","0","3","67301","0","","1.0","","9","N","N","N","0","","0","1","1","","3","","","2","2","0","0","0","1","1","2","0","2","","","","N","","","","","","","","","",""
"2020014065","1927","1","0","0","0","0","0","0","0","0","6","0","","67","2","2020","2","40.02288","-75.076444","1923","6","0","0","0","0","0","0","0","0","","0","0","0","","","2","N","0","","40 01:22.369","","7","75 04:35.198","3","0","0","0","67301","0","0","0","N","0","0","0","6","67301","0","","1.0","","1","N","N","N","0","","2","0","1","","0","","","3","2","0","0","0","0","0","2","1","3","","03","","N","","","","","","","","","",""
"2020055389","0056","4","0","0","0","0","0","0","0","0","1","0","","67","7","2020","1","40.006885","-75.198631","0045","6","0","0","0","0","0","0","0","0","","0","0","0","","","0","N","0","","40 00:24.786","","0","75 11:55.070","9","0","0","0","67301","0","0","0","N","0","0","0","5","68K01","0","","1.0","","1","N","N","N","0","","0","0","0","","0","","","4","0","0","0","0","0","1","2","0","4","","","","N","","","","","","","","","",""
"2020014825","1941","1","0","0","0","0","0","0","0","0","4","0","","67","2","2020","6","39.983748","-75.234315","1939","6","0","0","0","0","0","1","0","0","","0","0","0","","","3","","3","","39 59:01.492","6","0","75 14:03.533","3","0","0","0","67301","0","0","0","N","0","0","0","3","67301","0","","1.0","140.0","1","N","N","N","0","","3","0","1","","3","Y","","2","3","0","0","0","0","0","2","0","2","","","","N","","","","","","","","","",""
"2020014072","1816","0","0","0","0","0","0","0","0","0","8","0","","67","2","2020","4","39.959725","-75.235189","1815","6","0","0","0","0","0","1","0","0","","0","0","0","","","1","","1","","39 57:35.009","","0","75 14:06.680","3","0","0","0","67301","1","0","0","N","1","0","0","2","67301","0","","1.0","","1","N","N","N","0","","1","0","1","","2","","","2","1","0","0","0","0","0","2","0","1","","03","","N","","","","","","","","","",""
"2020014821","1143","0","0","0","0","0","0","0","0","0","4","0","","67","2","2020","4","40.061294","-75.083506","1133","6","0","0","0","0","0","0","1","0","","0","0","0","","","0","","1","","40 03:40.658","","0","75 05:00.623","0","0","0","0","67301","0","0","0","N","0","0","0","2","67301","0","","1.0","","1","N","N","N","0","","0","0","1","","2","","","2","0","2","0","0","0","0","2","1","2","","03","","N","","","","","","","","","",""
"2020013640","1152","1","0","0","0","0","0","0","0","0","4","0","","67","2","2020","2","39.954639","-75.226444","1152","6","0","0","0","0","0","1","0","0","","0","0","0","","","1","N","0","","39 57:16.702","","0","75 13:35.199","3","0","0","0","67301","0","0","0","N","0","0","0","2","67301","0","","1.0","","1","N","N","N","1","","1","0","0","","0","","","2","1","0","0","0","0","0","2","0","2","","03","","N","","","","","","","","","",""
"2020014797","1812","1","0","0","0","0","0","0","0","0","6","0","","67","2","2020","5","39.959219","-75.247452","1810","6","0","0","0","0","0","1","0","0","","0","0","0","","","1","N","0","","39 57:33.187","","0","75 14:50.826","3","0","0","0","67301","0","0","0","N","0","0","0","2","67301","0","","1.0","","9","N","N","N","1","","1","0","0","","0","","","2","1","0","0","0","0","0","2","0","2","","04","","N","","","","","","","","","",""
"2020013558","1002","0","0","0","0","0","0","0","0","0","4","0","","67","2","2020","3","40.063741","-75.083477","0953","6","0","0","0","0","0","0","1","0","","0","0","0","","","0","","1","","40 03:49.466","","0","75 05:00.516","0","0","0","0","67301","0","0","0","N","0","0","0","3","67301","0","","1.0","","9","N","N","N","0","","0","0","2","","2","","","2","0","0","0","0","0","0","2","0","2","","03","","N","","","","","","","","","",""
"2020042778","1801","1","0","0","0","0","0","0","0","0","1","0","","67","5","2020","6","39.958563","-75.168324","1801","6","0","0","0","1","1","0","0","0","","0","0","0","","","0","N","0","","39 57:30.828","","0","75 10:05.968","0","0","0","0","67301","0","0","0","N","0","0","0","4","68K01","0","","1.0","","1","N","N","N","0","","0","0","2","","0","","","3","0","0","0","0","0","0","2","0","3","","04","","N","","","","","","","","","",""
"2020015079","2019","1","0","0","0","0","0","0","0","0","4","0","","67","2","2020","5","40.062491","-74.987073","2019","6","0","0","0","0","0","1","0","0","","0","0","0","","","1","","1","","40 03:44.969","1","0","74 59:13.463","3","0","0","0","67301","0","0","0","N","0","0","0","6","67301","0","","1.0","2110.0","9","N","N","N","0","","1","0","1","","2","N","","2","1","1","0","0","0","0","2","0","2","","07","","N","","","","","","","","","",""
"2020086201","1647","0","0","0","0","0","0","0","0","0","4","0","","67","10","2020","7","39.987464","-75.255655","1647","6","0","0","0","0","1","0","1","0","","1","0","0","","","0","","2","","39 59:14.871","7","0","75 15:20.359","1","1","0","1","67301","0","0","0","N","0","0","0","3","67301","0","2","1.0","1830.0","1","N","N","N","0","0","0","0","2","","0","Y","","3","0","0","0","0","0","0","2","0","3","","","","N","","","","","","","","","",""
"2020017365","1245","0","0","0","1","0","0","0","0","0","8","0","","67","2","2020","2","39.940491","-75.187232","1236","6","0","0","0","0","0","0","0","0","","0","0","0","","","1","","3","","39 56:25.768","","0","75 11:14.036","8","0","0","0","67301","1","0","0","N","0","0","0","2","67301","0","","1.0","","99","N","N","N","0","","0","0","0","","9","","","2","1","0","0","0","1","0","2","0","1","","03","","N","","","","","","","","","",""
"2020014891","1630","1","0","0","0","0","0","0","0","0","2","0","","67","2","2020","6","39.986192","-75.226078","1626","6","0","1","0","0","0","1","0","0","","0","0","0","","","2","N","0","","39 59:10.290","","0","75 13:33.880","3","0","0","0","67301","0","0","0","N","0","0","0","2","67301","0","","1.0","","1","N","N","N","0","","1","0","1","","9","","","2","2","1","0","0","1","0","2","0","2","","","","N","","","","","","","","","",""
"2020035273","2311","5","0","0","0","0","0","0","0","0","4","0","","67","4","2020","7","39.992375","-75.161514","2311","6","0","0","0","0","0","0","0","0","","0","0","0","","","0","N","0","","39 59:32.550","","0","75 09:41.450","0","0","0","0","67301","0","0","0","N","0","0","0","1","67301","0","","6.0","","1","N","N","N","0","","0","0","1","","0","","","6","0","0","0","0","0","0","2","0","6","","03","","N","","","","","","","","","",""
"2020013369","1945","1","0","0","0","0","0","0","0","0","8","0","","67","2","2020","2","39.957511","-75.217339","1930","6","0","0","0","0","0","0","0","0","","0","0","0","","","1","","1","","39 57:27.041","","0","75 13:02.421","3","0","0","0","67301","1","0","0","N","1","0","0","2","67301","0","","1.0","","1","N","N","N","0","","1","0","0","","2","","","2","1","0","0","0","0","0","2","0","1","","98","","N","","","","","","","","","",""
"2020013584","0032","2","0","0","0","0","0","0","0","0","2","0","","67","2","2020","4","39.970121","-75.144143","0029","6","0","0","0","0","0","0","0","0","","0","0","0","","","0","N","0","","39 58:12.434","","0","75 08:38.913","0","0","0","0","67301","0","0","0","N","0","0","0","1","67301","0","","6.0","","9","N","N","N","0","","0","0","0","","0","","","2","0","0","0","0","0","0","2","0","2","","03","","N","","","","","","","","","",""
"2020013144","0420","5","0","0","0","0","0","0","0","0","1","0","","67","2","2020","2","40.024032","-75.132618","0410","6","0","0","0","0","0","0","0","0","","0","0","0","","","1","N","0","","40 01:26.516","2","0","75 07:57.423","4","0","0","0","67301","0","0","0","N","0","0","0","6","67301","1","","1.0","510.0","1","N","N","N","0","","0","0","2","","2","Y","","7","1","1","0","0","0","0","2","0","7","","03","","N","","","","","","","","","",""
"2020043261","2140","1","0","0","0","0","0","0","0","0","4","0","","67","5","2020","6","40.007792","-75.102819","2132","6","0","0","0","0","1","0","0","0","","0","0","0","","","1","N","0","","40 00:28.050","5","0","75 06:10.150","2","0","1","1","67301","0","0","0","N","0","0","0","2","67301","0","","1.0","100.0","1","N","N","N","0","","0","1","0","","0","Y","","2","1","0","0","0","0","0","2","0","2","","03","","N","","","","","","","","","",""
"2020016547","2318","2","0","0","0","0","0","0","0","0","7","0","","67","2","2020","5","40.035771","-75.016546","2300","6","0","0","0","0","0","1","0","0","","0","0","0","","","1","N","0","","40 02:08.777","1","0","75 00:59.567","3","0","0","0","67301","0","0","0","N","0","0","0","2","68K01","0","","4.0","0.0","9","N","N","N","0","","1","0","0","","0","N","","2","1","0","0","0","0","0","2","0","2","","05","","N","","","","","","","","","",""
"2020046670","1814","1","0","0","0","0","0","0","0","0","7","0","","67","5","2020","5","39.919366","-75.148118","1810","6","0","0","0","0","0","0","0","0","","0","0","0","","","1","N","0","","39 55:09.718","2","0","75 08:53.223","3","0","0","0","67301","0","0","0","N","0","0","0","1","68K01","0","","4.0","30.0","1","N","N","N","0","","1","0","0","","0","N","","1","1","0","0","0","0","0","2","0","1","","","","N","","","","","","","","","",""
"2020014798","2129","1","0","0","0","0","0","0","0","0","4","0","","67","2","2020","5","39.950462","-75.235053","2129","6","0","0","0","0","0","0","0","0","","0","0","0","","","0","","1","","39 57:01.663","","0","75 14:06.190","0","0","0","0","67301","0","0","0","N","0","0","0","3","67301","0","","1.0","","9","N","N","N","0","","0","0","0","","3","","","3","0","0","0","0","0","0","2","2","3","","07","","N","","","","","","","","","",""
"2020014078","0421","2","0","0","0","0","0","0","0","0","6","0","","67","2","2020","3","40.050393","-75.153118","0421","6","0","0","0","0","0","0","0","0","","0","0","0","","","0","N","1","","40 03:01.414","","0","75 09:11.224","0","0","0","0","67301","0","0","0","N","0","0","0","1","67301","0","","1.0","","1","N","N","N","0","","0","0","1","","3","","","3","0","0","0","0","0","0","2","0","3","","03","","N","","","","","","","","","",""
"2020043597","0935","1","0","0","0","0","0","0","0","0","4","0","","67","6","2020","5","40.010232","-75.098089","0929","6","0","0","0","0","0","0","0","0","","0","0","0","","","0","","1","","40 00:36.834","","0","75 05:53.119","0","0","0","0","67301","0","0","0","N","0","0","0","3","67301","0","","1.0","","1","N","N","Y","1","","0","0","1","","2","","","3","0","0","0","0","0","0","2","0","3","","03","","N","","","","","","","","","",""
"2020013141","0031","2","0","0","0","0","0","0","0","0","4","0","","67","2","2020","2","40.011856","-75.150565","0025","6","0","0","0","0","0","0","0","0","","0","0","0","","","0","N","0","","40 00:42.681","","0","75 09:02.034","0","0","0","0","67301","0","0","0","N","0","0","0","3","67301","0","","1.0","","1","N","N","N","0","","0","0","1","","9","","","3","0","0","0","0","0","0","2","0","3","","04","","N","","","","","","","","","",""
"2020055880","2359","0","0","0","0","0","0","0","0","0","0","0","","67","7","2020","1","40.031589","-75.053568","2357","6","0","0","0","0","0","0","0","0","","0","0","0","","","2","N","0","","40 01:53.721","2","0","75 03:12.843","3","0","0","1","67301","0","0","0","N","0","0","0","2","67301","1","","9.0","200.0","9","N","N","N","0","","1","0","0","","0","N","","1","2","0","0","0","0","0","2","0","1","","","","N","","","","","","","","","",""
"2020084712","1959","1","0","0","0","0","0","0","0","0","2","0","","67","10","2020","6","40.007226","-75.123425","1959","6","0","0","0","0","1","0","0","0","","0","0","0","","","1","","1","","40 00:26.015","3","0","75 07:24.331","3","0","0","0","67301","0","0","0","N","0","0","0","3","67301","0","","1.0","2038.0","1","N","N","N","0","","1","0","1","","2","N","","2","1","1","0","0","0","0","2","0","2","","03","","N","","","","","","","","","",""
"2020084499","1226","1","0","0","0","0","0","0","0","0","4","0","","67","10","2020","7","39.924608","-75.223072","1221","6","0","0","0","0","0","0","0","0","","0","0","0","","","0","N","0","","39 55:28.590","","0","75 13:23.060","0","0","0","0","67301","0","0","0","N","0","0","0","2","67301","0","","4.0","","1","N","N","N","0","","0","0","3","","0","","","4","0","0","0","0","0","0","2","0","4","","04","","N","","","","","","","","","",""
"2020014067","1537","0","0","0","0","0","0","0","0","0","1","0","","67","2","2020","3","40.038219","-75.054817","1535","6","0","0","0","0","0","1","0","0","","0","0","0","","","1","N","0","","40 02:17.590","4","0","75 03:17.340","4","0","0","0","67301","0","0","0","N","0","0","0","3","67301","1","","1.0","1602.0","1","N","N","N","0","","0","0","2","","0","N","","3","1","0","0","0","0","0","2","1","3","","","","N","","","","","","","","","",""
"2020055624","2331","1","0","0","0","0","0","0","0","0","1","0","","67","5","2020","7","39.968432","-75.190976","2323","6","0","0","0","0","0","0","0","0","","0","0","0","","","1","N","0","","39 58:06.356","4","0","75 11:27.515","8","0","0","1","67301","0","0","0","N","0","0","0","2","68K01","0","","1.0","2335.0","1","N","N","N","0","","0","0","0","","0","N","","2","1","0","0","0","1","0","2","0","2","","","","N","","","","","","","","","",""
"2020042300","2039","1","0","0","1","0","0","0","0","0","8","0","","67","5","2020","5","40.033149","-75.106881","2034","6","0","0","0","0","0","0","0","0","","0","0","0","","","1","","1","","40 01:59.336","","0","75 06:24.771","4","0","0","0","67301","1","0","0","N","0","0","0","2","67301","1","","1.0","","1","N","N","N","0","","0","0","0","","2","","","2","1","0","0","0","0","0","2","0","1","","","","N","","","","","","","","","",""
"2020046678","1943","0","0","0","0","0","0","0","0","0","5","0","","67","5","2020","6","39.982689","-75.207802","1940","6","0","0","0","0","0","1","0","0","","0","0","0","","","1","N","0","","39 58:57.682","4","0","75 12:28.087","3","0","0","1","67301","0","0","0","N","0","0","0","2","68K01","0","","1.0","2000.0","1","N","N","N","1","","1","0","0","","0","N","","2","1","0","0","0","0","0","2","0","2","","03","","N","","","","","","","","","",""
"2020014344","1615","1","0","0","0","0","0","0","0","0","1","0","","67","2","2020","5","39.955047","-75.152727","1610","6","0","0","0","0","0","1","0","0","","0","0","0","","","1","N","0","","39 57:18.170","","0","75 09:09.818","3","0","0","0","67301","0","0","0","N","0","0","0","2","67301","0","","1.0","","9","N","N","N","0","","1","0","1","","2","","","2","1","2","0","0","0","0","2","0","2","","04","","N","","","","","","","","","",""
"2020020355","0150","1","0","0","0","0","0","0","0","0","7","0","","67","2","2020","5","39.888947","-75.202346","0135","6","0","0","0","0","0","0","0","0","","0","0","0","","","0","N","0","","39 53:20.208","","3","75 12:08.447","0","0","0","0","67301","0","0","0","N","0","0","0","1","68K01","0","","4.0","","9","N","N","N","0","","0","0","0","","0","","","1","0","0","0","0","0","0","2","0","1","","","","N","","","","","","","","","",""
"2020014433","0916","1","0","0","0","0","0","0","0","0","5","0","","67","2","2020","6","39.954585","-75.19376","0915","6","0","0","0","0","0","0","0","0","","0","0","0","","","1","Y","0","","39 57:16.505","3","0","75 11:37.535","4","0","0","0","67301","0","0","0","N","0","0","0","2","67504","1","","6.0","920.0","9","N","N","N","0","","0","0","1","","0","N","","2","1","0","0","0","0","0","2","0","2","","07","","N","","","","","","","","","",""
"2020014220","2025","0","0","0","0","0","0","0","0","0","8","0","","67","2","2020","4","39.97445","-75.15872","2014","6","0","0","0","0","0","0","0","0","","0","0","0","","","1","N","1","","39 58:28.020","","0","75 09:31.391","3","0","0","0","67301","1","0","0","N","1","0","0","2","67301","0","","1.0","","99","N","N","N","0","","1","0","1","","9","","","2","1","0","0","0","0","0","2","0","1","","","","N","","","","","","","","","",""
"2020015884","0241","1","0","0","0","0","0","0","0","0","4","0","","67","2","2020","6","40.018906","-75.14723","0241","6","0","0","0","0","0","0","0","0","","0","0","0","","","2","","1","","40 01:08.061","1","0","75 08:50.029","3","0","0","0","67301","0","0","0","N","0","0","0","3","67301","0","","1.0","510.0","9","N","N","N","0","","2","0","1","","2","N","","2","2","0","0","0","0","0","2","0","2","","07","","N","","","","","","","","","",""
"2020084716","1654","1","0","0","0","0","0","0","0","0","5","0","","67","10","2020","6","39.968192","-75.141856","1652","6","0","0","0","0","0","0","0","0","","0","0","0","","","0","N","0","","39 58:05.490","","0","75 08:30.680","0","0","0","0","67301","0","0","0","N","0","0","0","0","67301","0","","6.0","","1","N","N","N","0","","0","0","1","","0","","","2","0","0","0","0","0","0","2","0","2","","","","N","","","","","","","","","",""
"2020016544","2311","2","0","0","0","0","0","0","0","0","1","0","","67","2","2020","4","39.943581","-75.192546","2252","6","0","0","0","0","0","0","0","0","","0","0","0","","","0","","6","","39 56:36.891","","2","75 11:33.166","0","0","0","0","67301","0","0","0","N","0","0","0","2","68K01","0","","1.0","","9","N","N","N","0","","0","0","0","","0","","","2","0","0","0","0","0","0","2","0","2","","","","N","","","","","","","","","",""
"2020042324","1735","1","0","0","0","0","0","0","0","0","4","0","","67","5","2020","4","39.992147","-75.099277","1730","6","0","0","0","0","0","0","0","0","","0","0","0","","","0","","1","","39 59:31.730","3","0","75 05:57.398","0","0","0","0","67301","0","0","0","N","0","0","0","2","67301","0","","1.0","1800.0","1","N","N","N","0","","0","0","1","","2","Y","","2","0","2","0","0","0","0","2","0","2","","03","","N","","","","","","","","","",""
"2020036333","0320","2","0","0","0","0","0","0","0","0","5","0","","67","2","2020","1","39.894692","-75.218086","0309","6","0","0","0","1","0","1","0","0","","0","0","0","","","1","N","0","","39 53:40.890","","3","75 13:05.110","3","0","0","0","67301","0","0","0","N","0","0","0","3","67301","0","","1.0","","9","N","N","N","0","","1","0","1","","0","","","3","1","0","0","0","0","0","2","0","3","","03","","N","","","","","","","","","",""
"2020044493","2045","1","0","0","0","0","0","0","0","0","7","0","","67","5","2020","1","40.079287","-75.030024","2038","6","0","0","0","0","0","0","0","0","","0","0","0","","","0","N","0","","40 04:45.434","1","0","75 01:48.085","0","0","0","0","67301","0","0","0","N","0","0","0","1","67301","0","","4.0","2100.0","1","N","N","N","0","","0","0","0","","0","N","","1","0","0","0","0","0","0","2","0","1","","03","","N","","","","","","","","","",""
"2020014885","0943","1","0","0","0","0","0","0","0","0","4","0","","67","2","2020","6","40.025107","-75.062828","0937","6","0","0","0","0","0","1","0","0","","0","0","0","","","1","","1","","40 01:30.385","","0","75 03:46.180","3","0","0","0","67301","0","0","0","N","0","0","0","3","67301","0","","1.0","","9","N","N","N","0","","1","0","1","","1","","","2","1","0","0","0","0","0","2","0","2","","","","N","","","","","","","","","",""
"2020013140","1959","2","0","0","0","0","0","0","0","0","4","0","","67","2","2020","2","39.982651","-75.227038","1951","6","0","0","0","0","0","1","0","0","","0","0","0","","","5","","3","","39 58:57.545","3","0","75 13:37.336","3","0","0","0","67301","0","0","0","N","0","0","0","6","67301","0","","1.0","1950.0","1","N","N","N","0","","4","0","0","","2","N","","2","5","0","0","0","1","0","2","0","2","","","","N","","","","","","","","","",""
"2020084900","1902","1","0","0","0","0","0","0","0","0","4","0","","67","9","2020","7","39.937146","-75.191028","1901","6","0","0","0","0","0","0","0","0","","0","0","0","","","1","","1","","39 56:13.725","","0","75 11:27.700","3","0","0","0","67301","0","0","0","N","0","0","0","1","67301","0","","1.0","","1","N","N","Y","0","","1","0","1","","3","","","2","1","1","0","0","0","0","2","0","2","","03","","N","","","","","","","","","",""
"2020055008","2046","0","0","0","1","1","0","0","0","0","8","0","","67","7","2020","1","40.003714","-75.187364","2042","6","0","0","0","0","0","0","0","0","","1","0","0","","","0","N","0","","40 00:13.370","","0","75 11:14.512","1","0","0","0","67301","1","1","0","N","0","0","0","2","67301","0","2","2.0","","1","N","N","N","0","0","0","0","0","","0","","","2","0","0","0","0","0","1","2","0","1","","","","N","","","","","","","","","",""
"2020013139","1929","1","0","0","0","0","0","0","0","0","4","0","","67","2","2020","2","39.963548","-75.24043","1921","6","0","0","0","0","0","0","0","0","","0","0","0","","","3","","1","","39 57:48.772","","0","75 14:25.547","3","0","0","0","67301","0","0","0","N","0","0","0","4","67301","0","","1.0","","1","N","N","N","0","","3","0","1","","3","","","2","3","0","0","0","0","0","2","0","2","","","","N","","","","","","","","","",""
"2020017360","2329","1","0","0","0","0","0","0","0","0","1","0","","67","2","2020","6","39.968115","-75.160093","2320","6","0","0","1","0","0","1","0","0","","0","0","0","","","5","","1","","39 58:05.215","1","0","75 09:36.336","3","0","0","0","67301","0","0","0","N","0","0","0","6","67301","0","","1.0","45.0","1","N","N","N","0","","5","0","0","","3","Y","","2","5","0","0","0","0","0","2","1","2","","03","","N","","","","","","","","","",""
"2020041754","2020","0","0","0","0","0","0","0","0","0","4","0","","67","5","2020","4","40.055319","-75.07335","2013","6","0","0","0","0","1","0","1","0","","0","0","0","","","2","","1","","40 03:19.147","","0","75 04:24.059","8","0","0","0","67301","0","0","0","N","0","0","0","4","67301","0","","1.0","","1","N","N","N","0","","0","0","1","","2","","","3","2","0","0","0","2","0","2","2","3","","03","","N","","","","","","","","","",""
"2020013581","0511","3","0","0","0","0","0","0","0","0","2","0","","67","2","2020","2","40.007206","-75.102944","0508","6","0","0","0","0","0","0","0","0","","0","0","0","","","0","N","0","","40 00:25.940","","0","75 06:10.600","0","0","0","0","67301","0","0","0","N","0","0","0","1","67301","0","","6.0","","1","N","N","N","0","","0","0","2","","0","","","6","0","1","0","0","0","0","2","1","6","","03","","N","","","","","","","","","",""
"2020015374","1049","1","0","0","0","0","0","0","0","0","1","0","","67","2","2020","3","39.925629","-75.169321","1025","6","0","0","0","0","0","2","0","0","","0","0","0","","","1","","5","","39 55:32.265","","0","75 10:09.554","8","0","0","0","67301","0","0","0","N","0","0","0","2","67301","0","","1.0","","9","N","N","N","0","","0","0","1","","2","","","2","1","0","0","0","1","0","2","0","2","","04","","N","","","","","","","","","",""
"2020043091","1400","1","0","0","0","0","0","0","0","0","6","0","","67","6","2020","3","40.035485","-75.114021","1352","6","0","0","0","0","1","1","0","0","","0","0","0","","","2","","2","","40 02:07.746","","0","75 06:50.477","3","0","0","0","67301","0","0","0","N","0","0","0","2","67301","0","","1.0","","1","N","N","N","0","","2","0","1","","0","","","2","2","0","0","0","0","0","2","0","2","","04","","N","","","","","","","","","",""
"2020012899","0830","1","0","0","0","0","0","0","0","0","8","0","","67","2","2020","2","39.917183","-75.246303","0830","6","0","0","0","0","0","0","0","0","","0","0","0","","","1","","1","","39 55:01.859","","0","75 14:46.691","8","0","0","0","67301","1","0","0","N","1","0","0","2","67301","0","","1.0","","1","N","N","N","0","","0","0","0","","2","","","2","1","0","0","0","1","0","2","0","1","","03","","N","","","","","","","","","",""
"2020038097","1616","0","0","0","1","0","0","0","0","0","8","0","","67","2","2020","3","40.003925","-75.099906","1612","6","0","0","0","0","0","0","0","0","","0","0","0","","","1","N","0","","40 00:14.130","","0","75 05:59.660","3","0","0","0","67301","1","0","0","N","0","0","0","2","67301","0","","1.0","","1","N","N","N","0","","1","0","0","","0","","","2","1","1","0","0","0","0","2","1","1","","03","","N","","","","","","","","","",""
"2020013557","0025","1","0","0","0","0","0","0","0","0","4","0","","67","2","2020","3","40.032973","-75.080248","0019","6","0","0","0","0","0","1","0","0","","0","0","0","","","2","","1","","40 01:58.704","2","0","75 04:48.893","3","0","0","0","67301","0","0","0","N","0","0","0","3","67301","0","","1.0","100.0","1","N","N","N","0","","2","0","0","","1","Y","","2","2","0","0","0","0","0","2","1","2","","","","N","","","","","","","","","",""
"2020013582","2255","2","0","0","0","0","0","0","0","0","6","0","","67","2","2020","3","39.999911","-75.139803","2250","6","0","0","0","0","0","0","0","0","","0","0","0","","","1","N","0","","39 59:59.678","","0","75 08:23.290","3","0","0","0","67301","0","0","0","N","0","0","0","2","67301","0","","1.0","","9","N","N","N","0","","1","0","0","","0","","","2","1","0","0","0","0","0","2","0","2","","07","","N","","","","","","","","","",""
"2020050134","2035","0","0","0","0","0","0","0","0","0","8","0","","67","6","2020","6","40.036622","-75.069405","2025","6","0","0","0","0","0","0","1","0","","1","0","0","","","0","N","0","","40 02:11.839","5","0","75 04:09.857","1","0","0","0","67301","1","1","0","N","1","1","0","2","67301","0","2","1.0","26.0","1","N","N","N","0","0","0","0","1","","0","Y","","2","0","0","0","0","0","1","2","0","1","","","","N","","","","","","","","","",""