"CRN","ARRIVAL_TM","AUTOMOBILE_COUNT","BELTED_DEATH_COUNT","BELTED_SUSP_SERIOUS_INJ_COUNT","BICYCLE_COUNT","BICYCLE_DEATH_COUNT","BICYCLE_SUSP_SERIOUS_INJ_COUNT","BUS_COUNT","CHLDPAS_DEATH_COUNT","CHLDPAS_SUSP_SERIOUS_INJ_COUNT","COLLISION_TYPE","COMM_VEH_COUNT","CONS_ZONE_SPD_LIM","COUNTY","CRASH_MONTH","CRASH_YEAR","DAY_OF_WEEK","DEC_LATITUDE","DEC_LONGITUDE","DISPATCH_TM","DISTRICT","DRIVER_COUNT_16YR","DRIVER_COUNT_17YR","DRIVER_COUNT_18YR","DRIVER_COUNT_19YR","DRIVER_COUNT_20YR","DRIVER_COUNT_50_64YR","DRIVER_COUNT_65_74YR","DRIVER_COUNT_75PLUS","EST_HRS_CLOSED","FATAL_COUNT","HEAVY_TRUCK_COUNT","HORSE_BUGGY_COUNT","HOUR_OF_DAY","ILLUMINATION","INJURY_COUNT","INTERSECTION_RELATED","INTERSECT_TYPE","LANE_CLOSED","LATITUDE","LN_CLOSE_DIR","LOCATION_TYPE","LONGITUDE","MAX_SEVERITY_LEVEL","MCYCLE_DEATH_COUNT","MCYCLE_SUSP_SERIOUS_INJ_COUNT","MOTORCYCLE_COUNT","MUNICIPALITY","NONMOTR_COUNT","NONMOTR_DEATH_COUNT","NONMOTR_SUSP_SERIOUS_INJ_COUNT","NTFY_HIWY_MAINT","PED_COUNT","PED_DEATH_COUNT","PED_SUSP_SERIOUS_INJ_COUNT","PERSON_COUNT","POLICE_AGCY","POSSIBLE_INJ_COUNT","RDWY_SURF_TYPE_CD","RELATION_TO_ROAD","ROADWAY_CLEARED","ROAD_CONDITION","SCH_BUS_IND","SCH_ZONE_IND","SECONDARY_CRASH","SMALL_TRUCK_COUNT","SPEC_JURIS_CD","SUSP_MINOR_INJ_COUNT","SUSP_SERIOUS_INJ_COUNT","SUV_COUNT","TCD_FUNC_CD","TCD_TYPE","TFC_DETOUR_IND","TIME_OF_DAY","TOTAL_UNITS","TOT_INJ_COUNT","UNBELTED_OCC_COUNT","UNB_DEATH_COUNT","UNB_SUSP_SERIOUS_INJ_COUNT","UNK_INJ_DEG_COUNT","UNK_INJ_PER_COUNT","URBAN_RURAL","VAN_COUNT","VEHICLE_COUNT","WEATHER1","WEATHER2","WORKERS_PRES","WORK_ZONE_IND","WORK_ZONE_LOC","WORK_ZONE_TYPE","WZ_CLOSE_DETOUR","WZ_FLAGGER","WZ_LAW_OFFCR_IND","WZ_LN_CLOSURE","WZ_MOVING","WZ_OTHER","WZ_SHLDER_MDN","WZ_WORKERS_INJ_KILLED"
"2020020214","1826","1","0","0","0","0","0","0","0","0","1","0","","67","2","2020","1","39.976861","-75.198194","1820","6","0","0","0","0","0","2","0","0","3","0","0","0","","","4","N","0","","39 58:36.701","3","0","75 11:53.499","4","0","0","0","67301","0","0","0","N","0","0","0","17","68K01","4","","1.0","9999.0","1","N","N","N","0","","0","0","4","","0","N","","5","4","0","0","0","0","0","2","0","5","","","","N","","","","","","","","","",""
"2020013159","0705","0","0","0","1","0","0","0","0","0","8","0","","67","2","2020","3","39.947782","-75.193854","0700","6","0","0","0","0","0","1","0","0","","0","0","0","","","1","N","2","","39 56:52.016","","0","75 11:37.876","3","0","0","0","67301","1","0","0","N","0","0","0","2","67504","0","","1.0","","1","N","N","N","1","","1","0","0","","2","N","","2","1","0","0","0","0","0","2","0","1","","03","","N","","","","","","","","","",""
"2020043500","2121","1","0","0","0","0","0","0","0","0","6","0","","67","6","2020","3","40.032438","-75.107579","2116","6","0","0","0","0","0","0","0","0","","0","0","0","","","0","","2","","40 01:56.776","","0","75 06:27.284","0","0","0","0","67301","0","0","0","N","0","0","0","1","67301","0","","1.0","","1","N","N","N","0","","0","0","1","","0","","","2","0","0","0","0","0","0","2","0","2","","","","N","","","","","","","","","",""
"2020014062","1041","0","0","0","0","0","0","0","0","0","7","0","","67","2","2020","4","39.922175","-75.156133","1037","6","0","0","0","0","0","1","0","0","","0","0","0","","","1","N","0","","39 55:19.830","","0","75 09:22.080","4","0","0","0","67301","0","0","0","N","0","0","0","1","67301","1","","4.0","","9","N","N","N","0","","0","0","2","","0","","","2","1","0","0","0","0","0","2","0","2","","04","","N","","","","","","","","","",""
"2020056474","0250","3","0","0","0","0","0","0","0","0","4","0","","67","7","2020","6","40.044264","-75.146917","0250","6","0","0","0","0","0","0","0","0","","0","0","0","","","0","N","0","","40 02:39.350","","0","75 08:48.900","9","0","0","0","67301","0","0","0","N","0","0","0","1","67301","0","","1.0","","1","N","N","N","0","","0","0","0","","0","","","3","0","0","0","0","0","1","2","0","3","","","","N","","","","","","","","","",""
"2020054453","0457","2","0","0","0","0","0","0","0","0","2","0","","67","7","2020","7","40.035485","-75.178766","0457","6","0","0","0","0","0","1","0","0","","0","0","0","","","1","","1","","40 02:07.746","","0","75 10:43.559","3","0","0","0","67301","0","0","0","N","0","0","0","1","67301","0","","1.0","","1","N","N","N","0","","1","0","0","","2","","","2","1","0","0","0","0","0","2","0","2","","03","","N","","","","","","","","","",""
"2020014485","2055","0","0","0","0","0","0","0","0","0","8","0","","67","2","2020","4","39.970527","-75.148883","2050","6","0","0","0","0","0","0","0","0","","0","0","0","","","1","","1","","39 58:13.897","","0","75 08:55.980","3","0","0","0","67301","1","0","0","N","1","0","0","2","67301","0","","1.0","","1","N","N","N","0","","1","0","0","","2","","","2","1","0","0","0","0","0","2","0","1","","03","","N","","","","","","","","","",""
"2020055380","0210","2","0","0","0","0","0","0","0","0","4","0","","67","7","2020","7","39.933307","-75.199996","0158","6","0","0","0","0","0","0","0","0","","0","0","0","","","2","N","0","","39 55:59.906","","0","75 11:59.985","3","0","0","0","67301","0","0","0","N","0","0","0","4","68K01","0","","1.0","","1","N","N","N","0","","1","0","0","","0","","","2","2","0","0","0","1","0","2","0","2","","03","","N","","","","","","","","","",""
"2020044540","1315","3","0","0","0","0","0","0","0","0","1","0","","67","6","2020","4","40.0078","-75.131381","1315","6","0","0","0","0","1","0","0","0","","0","0","0","","","1","N","0","","40 00:28.080","","0","75 07:52.970","3","0","0","0","67301","0","0","0","N","0","0","0","3","67301","0","","1.0","","9","N","N","N","0","","1","0","0","","0","","","3","1","0","0","0","0","0","2","0","3","","03","","N","","","","","","","","","",""
"2020013229","2332","1","0","0","0","0","0","0","0","0","5","0","","67","2","2020","2","39.938406","-75.179253","2330","6","0","0","0","0","0","1","0","0","","0","0","0","","","0","N","0","","39 56:18.260","","0","75 10:45.310","0","0","0","0","67301","0","0","0","N","0","0","0","1","67301","0","","6.0","","1","N","N","N","0","","0","0","1","","0","","","2","0","1","0","0","0","0","2","0","2","","","","N","","","","","","","","","",""
"2020045211","2320","1","0","0","0","0","0","0","0","0","7","0","","67","6","2020","4","39.886575","-75.206267","2308","6","0","0","0","0","0","0","0","0","","0","0","0","","","1","N","0","","39 53:11.670","2","0","75 12:22.561","3","0","0","0","67301","0","0","0","N","0","0","0","1","68K01","0","","4.0","2357.0","9","N","N","N","0","","1","0","0","","0","N","","1","1","0","0","0","0","0","2","0","1","","","","N","","","","","","","","","",""
"2020014581","0039","1","0","0","0","0","0","0","0","0","7","0","","67","2","2020","4","39.931966","-75.199994","0037","6","0","0","0","0","0","1","0","0","","0","0","0","","","0","N","0","","39 55:55.078","3","0","75 11:59.980","0","0","0","0","67301","0","0","0","N","0","0","0","1","68K01","0","","4.0","30.0","1","N","N","N","0","","0","0","0","","0","N","","1","0","0","0","0","0","0","2","0","1","","","","N","","","","","","","","","",""
"2020030723","1645","1","0","0","0","0","0","0","0","0","4","0","","67","2","2020","3","39.958132","-75.150458","1640","6","0","0","0","0","0","0","0","0","","0","0","0","","","0","","1","","39 57:29.275","","0","75 09:01.648","0","0","0","0","67301","0","0","0","N","0","0","0","2","67301","0","","1.0","","1","N","N","N","0","","0","0","1","","9","","","2","0","0","0","0","0","0","2","0","2","","03","","N","","","","","","","","","",""
"2020015483","2151","1","0","0","0","0","0","0","0","0","4","0","","67","2","2020","4","39.997865","-75.185017","2054","6","0","0","0","0","0","0","0","0","","0","0","0","","","2","","2","","39 59:52.314","","0","75 11:06.061","3","0","0","0","67301","0","0","0","N","0","0","0","2","67301","0","","1.0","","1","N","N","N","0","","2","0","0","","2","","","2","2","0","0","0","0","0","2","1","2","","03","","N","","","","","","","","","",""
"2020012668","1553","2","0","0","0","0","0","0","0","0","1","0","","67","2","2020","1","40.076415","-75.081898","1542","6","0","0","0","0","0","2","1","0","","0","0","0","","","1","Y","0","","40 04:35.095","","0","75 04:54.832","4","0","0","0","67301","0","0","0","N","0","0","0","3","67301","1","","1.0","","9","N","N","Y","0","","0","0","1","","2","","","3","1","0","0","0","0","0","2","0","3","","","","N","","","","","","","","","",""
"2020042960","0425","0","0","0","0","0","0","0","0","0","7","0","","67","5","2020","4","39.911326","-75.242828","0421","6","0","0","0","0","0","0","0","0","","0","0","0","","","0","","5","","39 54:40.772","","0","75 14:34.179","0","0","0","0","67301","0","0","0","N","0","0","0","1","67301","0","","3.0","","1","N","N","N","0","","0","0","0","","2","","","1","0","0","0","0","0","0","2","0","1","","03","","N","","","","","","","","","",""
"2020014334","1707","1","0","0","0","0","0","0","0","0","4","0","","67","2","2020","5","39.984194","-75.152838","1705","6","0","0","0","0","0","0","0","0","","0","0","0","","","1","N","1","","39 59:03.100","6","0","75 09:10.215","3","0","0","0","67301","0","0","0","N","0","0","0","2","67505","0","","1.0","1805.0","9","N","N","Y","1","","1","0","2","","2","Y","","4","1","0","0","0","0","0","2","0","4","","98","","N","","","","","","","","","",""
"2020048050","1037","1","0","0","0","0","0","0","0","0","7","0","","67","6","2020","2","40.028768","-75.0228","1030","6","0","0","0","0","0","0","0","0","","0","0","0","","","1","N","0","","40 01:43.564","1","0","75 01:22.080","3","0","0","0","67301","0","0","0","N","0","0","0","1","68K01","0","","4.0","30.0","1","N","N","N","0","","1","0","0","","0","N","","1","1","0","0","0","0","0","2","0","1","","03","","N","","","","","","","","","",""
"2020015377","1636","1","0","0","0","0","0","0","0","0","7","0","","67","2","2020","5","39.919735","-75.202014","1622","6","0","0","0","0","0","0","0","0","","0","0","0","","","0","N","0","","39 55:11.047","","3","75 12:07.249","0","0","0","0","67301","0","0","0","N","0","0","0","1","67301","0","","4.0","","9","N","N","N","0","","0","0","0","","0","","","1","0","0","0","0","0","0","2","0","1","","","","N","","","","","","","","","",""
"2020013648","0108","1","0","0","0","0","0","0","0","0","4","0","","67","2","2020","2","40.024675","-75.17056","0106","6","0","0","0","0","0","0","0","0","","0","0","0","","","2","","1","","40 01:28.829","5","0","75 10:14.015","2","0","0","0","67301","0","0","0","N","0","0","0","2","67301","0","","1.0","210.0","9","N","N","N","0","","1","1","1","","3","Y","","2","2","0","0","0","0","0","2","0","2","","03","","N","","","","","","","","","",""
"2020016654","0030","2","0","0","0","0","0","0","0","0","1","0","","67","2","2020","5","39.933306","-75.143376","0004","6","0","0","0","0","0","0","0","0","","0","0","0","","","0","","2","","39 55:59.902","","0","75 08:36.154","0","0","0","0","67301","0","0","0","N","0","0","0","3","67301","0","","1.0","","9","N","N","N","0","","0","0","1","","2","","","4","0","0","0","0","0","0","2","1","4","","","","N","","","","","","","","","",""
"2020033183","0916","2","0","0","0","0","0","0","0","0","1","0","","67","4","2020","5","40.096478","-74.970971","0910","6","0","0","0","0","0","0","0","0","","0","0","0","","","1","","3","","40 05:47.319","","0","74 58:15.495","8","0","0","0","67301","0","0","0","N","0","0","0","2","67301","0","","1.0","","1","N","Y","N","0","","0","0","0","","2","","","2","1","0","0","0","1","0","2","0","2","","03","","N","","","","","","","","","",""
"2020055502","1338","1","0","0","0","0","0","0","0","0","1","0","","67","7","2020","6","40.002389","-75.122221","1333","6","0","0","1","0","0","0","0","0","","0","0","0","","","1","","2","","40 00:08.600","4","0","75 07:19.995","4","0","0","0","67301","0","0","0","N","0","0","0","1","67301","1","","1.0","1402.0","9","N","N","N","0","","0","0","0","","0","N","","2","1","0","0","0","0","0","2","0","2","","07","","N","","","","","","","","","",""
"2020037312","1701","1","0","0","0","0","0","0","0","0","8","0","","67","5","2020","5","40.001728","-75.170222","1700","6","0","0","0","0","0","0","0","0","","0","0","0","","","1","N","0","","40 00:06.220","","0","75 10:12.800","8","0","0","0","67301","1","0","0","N","1","0","0","2","67301","0","","1.0","","1","N","N","N","0","","0","0","0","","0","","","2","1","0","0","0","1","0","2","0","1","","03","","N","","","","","","","","","",""
"2020028010","1359","0","0","0","0","0","0","0","0","0","7","0","","67","2","2020","6","39.974132","-75.118236","1345","6","0","0","0","0","0","0","0","0","","0","0","0","","","0","N","0","","39 58:26.876","","0","75 07:05.651","0","0","0","0","67301","0","0","0","N","0","0","0","1","68K01","0","","4.0","","1","N","N","N","0","","0","0","1","","0","","","1","0","0","0","0","0","0","2","0","1","","03","","N","","","","","","","","","",""
"2020044709","1316","1","0","0","1","0","0","0","0","0","8","0","","67","6","2020","2","40.016442","-75.083926","1315","6","0","0","0","0","0","0","0","0","","0","0","0","","","1","","3","","40 00:59.191","","0","75 05:02.135","3","0","0","0","67301","1","0","0","N","0","0","0","2","67301","0","","1.0","","1","N","N","N","0","","1","0","0","","0","","","2","1","0","0","0","0","0","2","0","1","","03","","N","","","","","","","","","",""
"2020043879","1513","1","0","0","0","0","0","0","0","0","4","0","","67","6","2020","3","40.062056","-75.084749","1510","6","0","0","0","0","0","1","0","1","","0","0","0","","","3","","2","","40 03:43.403","6","0","75 05:05.098","3","0","0","0","67301","0","0","0","N","0","0","0","3","67301","1","","1.0","1555.0","1","N","N","N","1","","2","0","1","","2","N","","3","3","0","0","0","0","0","2","0","3","","","","N","","","","","","","","","",""
"2020020354","0041","1","0","0","0","0","0","0","0","0","7","0","","67","2","2020","5","39.888945","-75.202349","0033","6","0","0","0","0","0","0","0","0","","0","0","0","","","0","N","0","","39 53:20.201","2","3","75 12:08.456","0","0","0","0","67301","0","0","0","N","0","0","0","2","68K01","0","","4.0","49.0","9","N","N","N","0","","0","0","0","","0","N","","1","0","0","0","0","0","0","2","0","1","","","","N","","","","","","","","","",""
"2020013975","2109","1","0","0","0","0","0","0","0","0","4","0","","67","2","2020","3","39.979056","-75.239123","2107","6","0","0","0","0","0","1","0","0","","0","0","0","","","1","","1","","39 58:44.601","","0","75 14:20.842","3","0","0","0","67301","0","0","0","N","0","0","0","2","67301","0","","1.0","","1","N","N","N","0","","1","0","2","","3","","","3","1","0","0","0","0","0","2","0","3","","04","","N","","","","","","","","","",""
"2020014640","2122","0","0","0","0","0","0","0","0","0","8","0","","67","2","2020","5","39.994653","-75.172667","2121","6","0","0","0","0","0","0","0","0","","0","0","0","","","1","","1","","39 59:40.750","","0","75 10:21.601","3","0","0","0","67301","1","0","0","N","1","0","0","2","67301","0","","1.0","","9","N","N","N","0","","1","0","1","","0","","","2","1","0","0","0","0","0","2","0","1","","","","N","","","","","","","","","",""
"2020015158","2125","0","0","0","0","0","0","0","0","0","7","0","","67","2","2020","4","40.006983","-75.130538","2125","6","0","0","0","0","0","1","0","0","","0","0","0","","","1","N","0","","40 00:25.138","3","0","75 07:49.935","8","0","0","0","67301","0","0","0","N","0","0","0","1","67301","0","","2.0","2145.0","1","N","N","N","1","","0","0","0","","0","N","","1","1","0","0","0","1","0","2","0","1","","03","","N","","","","","","","","","",""
"2020013818","0722","2","0","0","0","0","0","0","0","0","4","0","","67","2","2020","3","39.982651","-75.227038","0720","6","0","0","0","0","0","0","0","0","","0","0","0","","","1","","3","","39 58:57.545","1","0","75 13:37.336","3","0","0","0","67301","0","0","0","N","0","0","0","3","67301","0","","1.0","815.0","9","N","N","N","0","","1","0","1","","2","Y","","3","1","0","0","0","0","1","2","0","3","","04","","N","","","","","","","","","",""
"2020013526","1713","2","0","0","0","0","0","0","0","0","4","0","","67","2","2020","3","39.979193","-75.161814","1713","6","0","0","0","0","0","0","0","0","","0","0","0","","","0","N","1","","39 58:45.093","6","0","75 09:42.531","9","0","0","0","67301","0","0","0","N","0","0","0","4","67505","0","","1.0","1830.0","1","N","N","N","0","","0","0","0","","3","Y","","2","0","0","0","0","0","2","2","0","2","","03","","N","","","","","","","","","",""
"2020054786","1054","2","0","0","0","0","0","0","0","0","4","0","","67","7","2020","1","39.969787","-75.141456","1053","6","0","0","0","0","0","1","0","0","","1","0","0","","","0","","1","","39 58:11.234","","0","75 08:29.242","1","1","0","1","67301","0","0","0","N","0","0","0","2","67301","0","2","1.0","","1","N","N","N","0","0","0","0","0","","2","","","3","0","0","0","0","0","0","2","0","3","","03","","N","","","","","","","","","",""
"2020014983","1327","1","0","0","0","0","0","0","0","0","7","0","","67","2","2020","6","40.018067","-75.168252","1318","6","0","0","0","0","0","0","0","0","","0","0","0","","","1","","3","","40 01:05.041","","2","75 10:05.708","3","0","0","0","67301","0","0","0","N","0","0","0","1","67301","0","","5.0","","9","N","N","N","0","","1","0","0","","0","","","1","1","0","0","0","0","0","2","0","1","","","","N","","","","","","","","","",""
"2020036826","1211","0","0","0","0","0","0","0","0","0","8","0","","67","5","2020","2","39.946316","-75.238019","1210","6","0","0","0","0","0","0","0","0","","0","1","0","","","1","","2","","39 56:46.736","","0","75 14:16.867","8","0","0","0","67301","1","0","0","N","1","0","0","2","67301","0","","1.0","","1","N","N","N","0","","0","0","0","","2","","","2","1","0","0","0","1","0","2","0","1","","03","","N","","","","","","","","","",""
"2020015771","0238","4","0","0","0","0","0","0","0","0","1","0","","67","2","2020","7","40.038011","-75.049769","0236","6","0","0","0","0","0","0","0","0","","0","0","0","","","0","N","0","","40 02:16.840","","0","75 02:59.170","0","0","0","0","67301","0","0","0","N","0","0","0","1","67301","0","","1.0","","1","N","N","N","0","","0","0","0","","9","","","4","0","0","0","0","0","0","2","0","4","","03","","N","","","","","","","","","",""
"2020054705","1234","1","0","0","0","0","0","0","0","0","7","0","","67","7","2020","2","40.024141","-75.054055","1224","6","0","0","0","0","0","0","0","0","","0","0","0","","","1","","2","","40 01:26.907","","0","75 03:14.598","8","0","0","0","67301","0","0","0","N","0","0","0","1","67301","0","","4.0","","9","N","N","Y","0","","0","0","0","","0","","","1","1","0","0","0","1","0","2","0","1","","08","","N","","","","","","","","","",""
"2020014824","1604","1","0","0","0","0","0","0","0","0","5","0","","67","2","2020","6","39.973593","-75.226237","1604","6","0","0","0","0","0","0","0","0","","0","0","0","","","0","N","0","","39 58:24.934","","0","75 13:34.453","0","0","0","0","67301","0","0","0","N","0","0","0","1","67301","0","","1.0","","9","N","N","N","0","","0","0","1","","0","","","3","0","0","0","0","0","0","2","1","3","","04","","N","","","","","","","","","",""
"2020014832","2030","0","0","0","0","0","0","0","0","0","8","0","","67","2","2020","6","40.038996","-75.144384","2030","6","0","0","0","0","0","0","0","0","","0","0","0","","","1","N","0","","40 02:20.384","","0","75 08:39.781","3","0","0","0","67301","1","0","0","N","1","0","0","2","67301","0","","1.0","","1","N","N","N","0","","1","0","1","","2","","","2","1","0","0","0","0","0","2","0","1","","03","","N","","","","","","","","","",""
"2020014479","0944","3","0","0","0","0","0","0","0","0","1","0","","67","2","2020","4","40.034287","-75.074553","0936","6","0","0","0","0","0","0","0","0","","0","0","0","","","1","N","0","","40 02:03.434","","0","75 04:28.389","3","0","0","0","67301","0","0","0","N","0","0","0","4","67301","0","","1.0","","1","N","N","N","0","","1","0","1","","2","","","4","1","0","0","0","0","0","2","0","4","","03","","N","","","","","","","","","",""
"2020055001","1715","1","0","0","0","0","0","0","0","0","8","0","","67","7","2020","7","40.052316","-75.007986","1705","6","0","0","0","0","0","0","0","0","","0","0","0","","","1","","1","","40 03:08.339","","0","75 00:28.750","3","0","0","0","67301","1","0","0","N","1","0","0","2","67301","0","","1.0","","1","N","N","N","0","","1","0","0","","2","","","2","1","0","0","0","0","0","2","0","1","","03","","N","","","","","","","","","",""
"2020046692","0458","1","0","0","0","0","0","0","0","0","7","0","","67","5","2020","1","39.944518","-75.191293","0453","6","0","0","0","0","0","0","0","0","","0","0","0","","","0","N","0","","39 56:40.263","","8","75 11:28.654","0","0","0","0","67301","0","0","0","N","0","0","0","1","68K01","0","","4.0","","1","N","N","N","0","","0","0","0","","0","","","1","0","0","0","0","0","0","2","0","1","","","","N","","","","","","","","","",""
"2020056181","2009","1","0","0","0","0","0","0","0","0","2","0","","67","7","2020","4","40.043875","-75.180214","2006","6","0","0","0","0","0","0","0","0","","0","0","0","","","1","N","0","","40 02:37.949","","0","75 10:48.769","3","0","0","1","67301","0","0","0","N","0","0","0","2","67301","0","","5.0","","1","N","N","N","0","","1","0","0","","2","","","2","1","0","0","0","0","0","2","0","2","","03","","N","","","","","","","","","",""
"2020055000","1624","0","0","0","0","0","0","0","0","0","7","0","","67","7","2020","6","40.097743","-74.984593","1605","6","0","0","0","0","0","0","0","0","","0","0","0","","","1","N","0","","40 05:51.873","4","0","74 59:04.535","4","0","0","0","67301","0","0","0","N","0","0","0","1","67301","1","","2.0","1636.0","9","N","N","N","0","","0","0","1","","0","N","","1","1","0","0","0","0","0","2","0","1","","","","N","","","","","","","","","",""
"2020015606","2245","1","0","0","0","0","0","0","0","0","8","0","","67","2","2020","7","40.0204","-75.126481","2241","6","0","0","0","0","0","0","0","0","","0","0","0","","","2","N","0","","40 01:13.440","","0","75 07:35.330","3","0","0","0","67301","2","0","0","N","2","0","0","3","67301","0","","1.0","","1","N","N","N","0","","2","0","0","","0","","","3","2","0","0","0","0","0","2","0","1","","03","","N","","","","","","","","","",""
"2020017262","1126","0","0","0","0","0","0","0","0","0","7","0","","67","2","2020","6","40.037601","-75.012502","1118","6","0","0","0","0","0","1","0","0","","0","0","0","","","0","N","0","","40 02:15.362","2","0","75 00:45.007","0","0","0","0","67301","0","0","0","N","0","0","0","2","68K01","0","","4.0","5.0","9","N","N","N","0","","0","0","1","","0","N","","1","0","0","0","0","0","0","2","0","1","","","","N","","","","","","","","","",""
"2020014225","1707","0","0","0","0","0","0","0","0","0","8","0","","67","2","2020","2","40.057525","-75.149283","1706","6","0","0","0","0","0","0","0","0","","0","0","0","","","1","","1","","40 03:27.090","","0","75 08:57.418","3","0","0","0","67301","1","0","0","N","1","0","0","2","67301","0","","1.0","","1","N","N","N","0","","1","0","1","","2","","","2","1","1","0","0","0","0","2","0","1","","03","","N","","","","","","","","","",""
"2020016052","1444","0","0","0","0","0","0","0","0","0","7","0","","67","2","2020","5","40.066774","-75.00281","1434","6","0","0","0","0","0","0","0","0","","0","0","0","","","0","","2","","40 04:00.386","","0","75 00:10.117","0","0","0","0","67301","0","0","0","N","0","0","0","1","67301","0","","5.0","","9","N","N","N","0","","0","0","1","","2","","","1","0","0","0","0","0","0","2","0","1","","07","","N","","","","","","","","","",""
"2020013971","2310","3","0","0","0","0","0","0","0","0","1","0","","67","2","2020","4","40.095462","-75.04678","2303","6","0","0","0","0","0","1","0","0","","0","0","0","","","1","N","0","","40 05:43.662","","0","75 02:48.409","8","0","0","0","67301","0","0","0","N","0","0","0","2","67301","0","","1.0","","9","N","N","N","0","","0","0","0","","0","","","3","1","0","0","0","1","0","2","0","3","","","","N","","","","","","","","","",""
"2020083023","2233","1","0","0","0","0","0","0","0","0","4","0","","67","5","2020","1","39.96093","-75.245028","2233","6","0","0","0","0","0","0","0","0","","0","0","0","","","1","","1","","39 57:39.347","","0","75 14:42.100","4","0","0","0","67301","0","0","0","N","0","0","0","2","67301","1","","1.0","","1","N","N","N","0","","0","0","1","","1","","","2","1","2","0","0","0","0","2","0","2","","03","","N","","","","","","","","","",""
"2020036334","0050","1","0","0","0","0","0","0","0","0","7","0","","67","2","2020","5","40.040452","-75.178624","0050","6","0","0","0","1","0","0","0","0","","0","0","0","","","1","","1","","40 02:25.628","","0","75 10:43.047","8","0","0","0","67301","0","0","0","N","0","0","0","2","67301","0","","4.0","","9","N","N","N","0","","0","0","0","","0","","","1","1","0","0","0","1","0","2","0","1","","","","N","","","","","","","","","",""
"2020015150","0430","1","0","0","0","0","0","0","0","0","7","0","","67","2","2020","5","40.026014","-75.095753","0417","6","0","0","0","0","0","0","0","0","","0","0","0","","","1","N","0","","40 01:33.650","1","0","75 05:44.711","8","0","0","0","67301","0","0","0","N","0","0","0","1","67301","0","","5.0","530.0","9","N","N","N","0","","0","0","0","","0","N","","1","1","0","0","0","1","0","2","0","1","","07","","N","","","","","","","","","",""
"2020043600","1709","2","0","0","0","0","0","0","0","0","4","0","","67","6","2020","4","40.003105","-75.177252","1709","6","0","0","0","0","1","0","0","0","","0","0","0","","","1","","1","","40 00:11.177","","0","75 10:38.108","3","0","0","0","67301","0","0","0","N","0","0","0","4","67301","0","","1.0","","1","N","N","N","0","","1","0","0","","2","","","2","1","0","0","0","0","0","2","0","2","","03","","N","","","","","","","","","",""
"2020036670","1900","2","0","0","0","0","0","0","0","0","1","0","","67","5","2020","7","40.03325","-75.115903","1900","6","0","0","0","0","0","0","0","0","","0","0","0","","","1","N","0","","40 01:59.699","","0","75 06:57.252","8","0","0","0","67301","0","0","0","N","0","0","0","2","67301","0","","1.0","","1","N","N","N","0","","0","0","0","","0","","","2","1","0","0","0","1","0","2","0","2","","03","","N","","","","","","","","","",""
"2020015272","0911","0","0","0","0","0","0","0","0","0","4","0","","67","2","2020","2","39.921899","-75.189063","0911","6","0","0","0","0","0","0","0","0","","0","0","0","","","2","","2","","39 55:18.835","","0","75 11:20.628","8","0","0","0","67301","0","0","0","N","0","0","0","2","67301","0","","1.0","","1","N","N","N","0","","0","0","2","","0","","","2","2","0","0","0","2","0","2","0","2","","03","","N","","","","","","","","","",""
"2020014639","1218","1","0","0","0","0","0","0","0","0","8","0","","67","2","2020","4","40.044297","-75.054111","1212","6","0","0","0","0","0","0","0","0","","0","0","0","","","1","","1","","40 02:39.468","","0","75 03:14.798","3","0","0","0","67301","1","0","0","N","1","0","0","3","67301","0","","4.0","","9","N","N","N","0","","1","0","0","","2","","","2","1","0","0","0","0","0","2","0","1","","04","","N","","","","","","","","","",""
"2020014346","0405","0","0","0","0","0","0","0","0","0","98","0","","67","2","2020","3","39.892769","-75.222915","0401","6","0","0","0","0","0","1","0","0","","0","0","0","","","0","N","0","","39 53:33.969","","3","75 13:22.493","0","0","0","0","67301","0","0","0","N","0","0","0","1","67301","0","","1.0","","1","N","N","N","0","","0","0","1","","9","","","1","0","0","0","0","0","0","2","0","1","","03","","N","","","","","","","","","",""
"2020013138","0845","1","0","0","0","0","0","0","0","0","1","0","","67","2","2020","2","39.982112","-75.239504","0830","6","0","0","0","0","0","0","0","0","","0","0","0","","","0","N","0","","39 58:55.602","3","0","75 14:22.214","0","0","0","0","67301","0","0","0","N","0","0","0","2","67301","0","","1.0","30.0","1","N","N","N","0","","0","0","1","","2","N","","2","0","0","0","0","0","0","2","0","2","","","","N","","","","","","","","","",""
"2020014487","1410","0","0","0","0","0","0","0","0","0","4","0","","67","2","2020","5","40.020222","-75.148851","1405","6","0","0","0","0","0","1","0","1","","0","0","0","","","1","","1","","40 01:12.800","","0","75 08:55.865","4","0","0","0","67301","0","0","0","N","0","0","0","2","67301","1","","1.0","","9","N","N","N","0","","0","0","2","","2","","","2","1","0","0","0","0","0","2","0","2","","07","","N","","","","","","","","","",""
"2020055592","2012","0","0","0","0","0","0","0","0","0","4","1","","67","7","2020","5","39.942602","-75.157062","2010","6","0","0","0","0","0","0","0","0","","0","1","0","","","0","","1","","39 56:33.366","","0","75 09:25.422","0","0","0","0","67301","0","0","0","N","0","0","0","2","67301","0","","1.0","","1","N","N","N","0","","0","0","1","","2","","","2","0","2","0","0","0","0","2","0","2","","03","","N","","","","","","","","","",""