"CRN","ARRIVAL_TM","AUTOMOBILE_COUNT","BELTED_DEATH_COUNT","BELTED_SUSP_SERIOUS_INJ_COUNT","BICYCLE_COUNT","BICYCLE_DEATH_COUNT","BICYCLE_SUSP_SERIOUS_INJ_COUNT","BUS_COUNT","CHLDPAS_DEATH_COUNT","CHLDPAS_SUSP_SERIOUS_INJ_COUNT","COLLISION_TYPE","COMM_VEH_COUNT","CONS_ZONE_SPD_LIM","COUNTY","CRASH_MONTH","CRASH_YEAR","DAY_OF_WEEK","DEC_LATITUDE","DEC_LONGITUDE","DISPATCH_TM","DISTRICT","DRIVER_COUNT_16YR","DRIVER_COUNT_17YR","DRIVER_COUNT_18YR","DRIVER_COUNT_19YR","DRIVER_COUNT_20YR","DRIVER_COUNT_50_64YR","DRIVER_COUNT_65_74YR","DRIVER_COUNT_75PLUS","EST_HRS_CLOSED","FATAL_COUNT","HEAVY_TRUCK_COUNT","HORSE_BUGGY_COUNT","HOUR_OF_DAY","ILLUMINATION","INJURY_COUNT","INTERSECTION_RELATED","INTERSECT_TYPE","LANE_CLOSED","LATITUDE","LN_CLOSE_DIR","LOCATION_TYPE","LONGITUDE","MAX_SEVERITY_LEVEL","MCYCLE_DEATH_COUNT","MCYCLE_SUSP_SERIOUS_INJ_COUNT","MOTORCYCLE_COUNT","MUNICIPALITY","NONMOTR_COUNT","NONMOTR_DEATH_COUNT","NONMOTR_SUSP_SERIOUS_INJ_COUNT","NTFY_HIWY_MAINT","PED_COUNT","PED_DEATH_COUNT","PED_SUSP_SERIOUS_INJ_COUNT","PERSON_COUNT","POLICE_AGCY","POSSIBLE_INJ_COUNT","RDWY_SURF_TYPE_CD","RELATION_TO_ROAD","ROADWAY_CLEARED","ROAD_CONDITION","SCH_BUS_IND","SCH_ZONE_IND","SECONDARY_CRASH","SMALL_TRUCK_COUNT","SPEC_JURIS_CD","SUSP_MINOR_INJ_COUNT","SUSP_SERIOUS_INJ_COUNT","SUV_COUNT","TCD_FUNC_CD","TCD_TYPE","TFC_DETOUR_IND","TIME_OF_DAY","TOTAL_UNITS","TOT_INJ_COUNT","UNBELTED_OCC_COUNT","UNB_DEATH_COUNT","UNB_SUSP_SERIOUS_INJ_COUNT","UNK_INJ_DEG_COUNT","UNK_INJ_PER_COUNT","URBAN_RURAL","VAN_COUNT","VEHICLE_COUNT","WEATHER1","WEATHER2","WORKERS_PRES","WORK_ZONE_IND","WORK_ZONE_LOC","WORK_ZONE_TYPE","WZ_CLOSE_DETOUR","WZ_FLAGGER","WZ_LAW_OFFCR_IND","WZ_LN_CLOSURE","WZ_MOVING","WZ_OTHER","WZ_SHLDER_MDN","WZ_WORKERS_INJ_KILLED"
"2020054129","2018","1","0","0","0","0","0","0","0","0","7","0","","67","7","2020","1","39.892694","-75.223222","2016","6","0","0","1","0","0","0","0","0","","1","0","0","","","2","N","0","","39 53:33.700","3","0","75 13:23.600","1","0","0","0","67301","0","0","0","N","0","0","0","3","67301","0","2","3.0","2240.0","1","N","N","N","0","0","2","0","0","","0","N","","1","2","1","1","0","0","0","2","0","1","","03","","N","","","","","","","","","",""
"2020054788","1821","0","0","0","0","0","0","0","0","0","6","0","","67","7","2020","3","40.032411","-75.182411","1820","6","0","0","0","0","0","0","0","0","","0","0","0","","","0","N","0","","40 01:56.680","5","0","75 10:56.680","0","0","0","0","67301","0","0","0","N","0","0","0","0","67301","0","","1.0","1900.0","1","N","N","N","1","","0","0","1","","0","N","","2","0","0","0","0","0","0","2","0","2","","","","N","","","","","","","","","",""
"2020013649","1552","1","0","0","0","0","0","0","0","0","8","0","","67","2","2020","2","40.025382","-75.169913","1552","6","0","0","0","0","0","0","0","0","","0","0","0","","","1","","2","","40 01:31.375","1","0","75 10:11.686","3","0","0","0","67301","1","0","0","N","1","0","0","3","67301","0","","1.0","1537.0","1","N","N","N","0","","1","0","0","","0","Y","","2","1","2","0","0","0","0","2","0","1","","03","","N","","","","","","","","","",""
"2020013976","2025","2","0","0","0","0","0","0","0","0","1","0","","67","2","2020","4","39.989453","-75.251416","2024","6","0","0","0","0","0","0","0","0","","0","0","0","","","1","","2","","39 59:22.029","","0","75 15:05.097","3","0","0","0","67301","0","0","0","N","0","0","0","3","67301","0","","1.0","","1","N","N","N","0","","1","0","1","","0","","","3","1","0","0","0","0","0","2","0","3","","07","","N","","","","","","","","","",""
"2020013974","1309","1","0","0","0","0","0","0","0","0","4","0","","67","2","2020","3","39.970146","-75.237445","1308","6","0","0","0","0","0","1","0","0","","0","0","0","","","2","","1","","39 58:12.525","","0","75 14:14.801","3","0","0","0","67301","0","0","0","N","0","0","0","2","67301","0","","1.0","","98","N","N","N","0","","2","0","1","","2","","","2","2","2","0","0","0","0","2","0","2","","03","","N","","","","","","","","","",""
"2020015080","0757","0","0","0","0","0","0","0","0","0","5","0","","67","2","2020","6","40.103572","-75.003082","0747","6","0","0","0","0","0","0","0","0","","0","0","0","","","0","Y","0","","40 06:12.858","1","0","75 00:11.096","0","0","0","0","67301","0","0","0","N","0","0","0","4","67301","0","","1.0","1001.0","9","N","N","N","0","","0","0","2","","2","N","","3","0","0","0","0","0","0","2","1","3","","07","","N","","","","","","","","","",""
"2020054362","1206","2","0","0","0","0","0","0","0","0","1","1","","67","7","2020","6","39.955456","-75.213321","1203","6","0","0","0","0","0","0","0","0","","0","0","0","","","1","N","0","","39 57:19.642","","0","75 12:47.955","3","0","0","0","67301","0","0","0","N","0","0","0","3","67301","0","","1.0","","9","N","N","N","0","","1","0","1","","2","","","3","1","0","0","0","0","0","2","0","3","","07","","N","","","","","","","","","",""
"2020014349","1730","1","0","0","0","0","0","0","0","0","4","0","","67","2","2020","4","39.916981","-75.215894","1715","6","0","0","0","0","0","2","0","0","","0","0","0","","","0","","2","","39 55:01.131","","0","75 12:57.219","0","0","0","0","67301","0","0","0","N","0","0","0","2","67301","0","","1.0","","99","N","N","N","0","","0","0","1","","2","","","2","0","0","0","0","0","0","2","0","2","","07","","N","","","","","","","","","",""
"2020042301","1620","1","0","0","0","0","0","0","0","0","5","0","","67","5","2020","6","39.937174","-75.161492","1617","6","0","0","0","0","0","1","0","0","","0","0","0","","","1","","1","","39 56:13.826","","0","75 09:41.371","3","0","0","1","67301","0","0","0","N","0","0","0","2","67301","0","","1.0","","1","N","N","N","0","","1","0","0","","2","","","2","1","0","0","0","0","0","2","0","2","","03","","N","","","","","","","","","",""
"2020085157","1600","0","0","0","0","0","0","0","0","0","4","0","","67","10","2020","6","39.91442","-75.15306","1556","6","0","0","0","0","0","1","0","0","","1","0","0","","","0","N","2","","39 54:51.912","","0","75 09:11.017","1","1","0","1","67301","0","0","0","N","0","0","0","2","67301","0","2","1.0","","1","N","N","N","0","0","0","0","1","","2","","","2","0","0","0","0","0","0","2","0","2","","","","N","","","","","","","","","",""
"2020015485","0059","2","0","0","0","0","0","0","0","0","4","0","","67","2","2020","7","40.027245","-75.183525","0057","6","0","0","0","0","0","0","0","0","","0","0","0","","","0","","2","","40 01:38.083","1","0","75 11:00.691","0","0","0","0","67301","0","0","0","N","0","0","0","1","67301","0","","4.0","220.0","1","N","N","N","0","","0","0","0","","0","N","","2","0","0","0","0","0","0","2","0","2","","03","","N","","","","","","","","","",""
"2020036347","1408","1","0","0","0","0","0","0","0","0","1","0","","67","2","2020","3","40.022692","-75.194486","1356","6","0","0","0","1","0","1","0","0","","0","0","0","","","2","N","0","","40 01:21.692","5","0","75 11:40.148","3","0","0","0","67301","0","0","0","N","0","0","0","2","67301","0","","1.0","1245.0","9","N","N","N","0","","2","0","1","","2","N","","2","2","0","0","0","0","0","2","0","2","","04","","N","","","","","","","","","",""
"2020055293","0155","2","0","0","0","0","0","0","0","0","4","0","","67","7","2020","6","40.063099","-75.051637","0150","6","0","0","0","0","0","0","1","0","","1","0","0","","","1","","1","","40 03:47.155","","0","75 03:05.894","1","0","0","0","67301","0","0","0","N","0","0","0","3","67301","0","2","1.0","","1","N","N","Y","0","0","0","1","0","","2","","","2","1","0","0","0","0","1","2","0","2","","","","N","","","","","","","","","",""
"2020014883","2203","2","0","0","0","0","0","0","0","0","4","0","","67","2","2020","4","40.066559","-75.158674","2203","6","0","0","0","0","0","1","0","0","","0","0","0","","","1","","2","","40 03:59.612","","0","75 09:31.227","3","0","0","0","67301","0","0","0","N","0","0","0","3","67301","0","","1.0","","1","N","N","Y","0","","1","0","0","","3","","","3","1","0","0","0","0","1","2","0","3","","","","N","","","","","","","","","",""
"2020013559","2130","1","0","0","0","0","0","0","0","0","7","0","","67","2","2020","2","39.925611","-75.156514","2126","6","0","0","0","0","0","1","0","0","","0","0","0","","","0","N","0","","39 55:32.200","","0","75 09:23.450","0","0","0","0","67301","0","0","0","N","0","0","0","1","67301","0","","4.0","","1","N","N","N","0","","0","0","1","","0","","","2","0","1","0","0","0","0","2","0","2","","03","","N","","","","","","","","","",""
"2020054456","1814","1","0","0","0","0","0","0","0","0","7","0","","67","7","2020","6","39.996144","-75.202039","1804","6","0","0","0","0","0","0","0","0","","0","0","0","","","1","N","0","","39 59:46.120","","0","75 12:07.340","2","0","0","0","67301","0","0","0","N","0","0","0","1","67301","0","","5.0","","9","N","N","N","0","","0","1","0","","0","","","1","1","0","0","0","0","0","2","0","1","","04","","N","","","","","","","","","",""
"2020054702","1140","2","0","0","0","0","0","0","0","0","1","0","","67","7","2020","1","40.029978","-75.087919","1122","6","0","0","0","0","0","0","0","0","","0","0","0","","","1","N","0","","40 01:47.920","","0","75 05:16.510","4","0","0","0","67301","0","0","0","N","0","0","0","1","67301","1","","1.0","","1","N","N","N","0","","0","0","0","","2","","","2","1","0","0","0","0","0","2","0","2","","03","","N","","","","","","","","","",""
"2020014827","0130","0","0","0","0","0","0","0","0","0","5","0","","67","2","2020","3","40.024711","-75.124417","0119","6","0","0","0","0","0","0","0","0","","0","0","0","","","0","N","0","","40 01:28.960","","0","75 07:27.900","0","0","0","0","67301","0","0","0","N","0","0","0","1","67301","0","","6.0","","1","N","N","N","0","","0","0","3","","0","","","3","0","0","0","0","0","0","2","0","3","","03","","N","","","","","","","","","",""
"2020054815","0212","2","0","0","0","0","0","0","0","0","1","0","","67","7","2020","1","40.029122","-75.089918","0204","6","0","0","1","1","0","0","0","0","","0","0","0","","","2","","1","","40 01:44.838","2","0","75 05:23.706","4","0","0","0","67301","0","0","0","N","0","0","0","2","67301","2","","1.0","300.0","1","N","N","N","0","","0","0","0","","2","N","","2","2","0","0","0","0","0","2","0","2","","03","","N","","","","","","","","","",""
"2020085460","","0","0","0","0","0","0","0","0","0","4","0","","67","8","2020","7","39.968738","-75.211344","","6","0","0","0","0","0","0","1","0","","0","0","0","","","0","","1","","39 58:07.455","","0","75 12:40.840","0","0","0","0","67301","0","0","0","N","0","0","0","2","00000","0","","1.0","","1","","","N","0","","0","0","1","","2","","","2","0","0","0","0","0","0","2","0","2","","","","N","","","","","","","","","",""
"2020042314","0447","1","0","0","0","0","0","0","0","0","8","0","","67","5","2020","5","40.027134","-75.064976","0447","6","0","0","0","0","0","1","0","0","","0","0","0","","","1","","5","","40 01:37.684","","0","75 03:53.913","3","0","0","0","67301","1","0","0","N","1","0","0","2","67301","0","","1.0","","9","N","N","N","0","","1","0","0","","2","","","2","1","0","0","0","0","0","2","0","1","","04","","N","","","","","","","","","",""
"2020017819","1208","1","0","0","0","0","0","0","0","0","4","0","","67","2","2020","6","40.053988","-75.048889","1204","6","0","0","0","0","0","1","0","0","","0","0","0","","","2","","1","","40 03:14.357","1","0","75 02:56.000","3","0","0","0","67301","0","0","0","N","0","0","0","2","67301","0","","1.0","1325.0","9","N","N","N","0","","2","0","0","","2","N","","2","2","0","0","0","0","0","2","1","2","","07","","N","","","","","","","","","",""
"2020013228","1750","1","0","0","0","0","0","0","0","0","4","0","","67","2","2020","2","40.057794","-75.008743","1749","6","0","0","0","0","0","0","0","0","","0","0","0","","","0","","1","","40 03:28.059","","0","75 00:31.473","0","0","0","0","67301","0","0","0","N","0","0","0","2","67301","0","","1.0","","1","N","N","N","0","","0","0","1","","2","","","2","0","0","0","0","0","0","2","0","2","","03","","N","","","","","","","","","",""
"2020014518","1137","0","0","0","0","0","0","0","0","0","4","0","","67","2","2020","6","39.987183","-75.150579","1137","6","0","0","1","0","0","0","0","0","","0","0","0","","","2","N","1","","39 59:13.858","","0","75 09:02.084","3","0","0","0","67301","0","0","0","N","0","0","0","2","67505","0","","1.0","","9","N","N","N","0","","2","0","1","","3","","","2","2","0","0","0","0","0","2","1","2","","","","N","","","","","","","","","",""
"2020084705","1402","0","0","0","0","0","0","0","0","0","8","0","","67","10","2020","7","39.987719","-75.182001","1400","6","0","0","0","0","0","0","0","0","","0","1","0","","","1","N","0","","39 59:15.787","","0","75 10:55.203","3","0","0","0","67301","1","0","0","N","1","0","0","1","67301","0","","1.0","","1","N","N","N","0","","1","0","0","","0","","","2","1","0","0","0","0","0","2","0","1","","03","","N","","","","","","","","","",""
"2020054260","2117","1","0","0","1","1","0","0","0","0","8","0","","67","7","2020","3","39.96902","-75.184017","2113","6","0","0","0","0","0","0","0","0","","1","0","0","","","0","N","0","","39 58:08.472","","0","75 11:02.462","1","0","0","0","67301","1","1","0","N","0","0","0","2","67301","0","2","1.0","","1","N","N","N","0","0","0","0","0","","0","","","2","0","0","0","0","0","0","2","0","1","","","","N","","","","","","","","","",""
"2020056183","1812","2","0","0","0","0","0","0","0","0","5","0","","67","7","2020","5","40.025511","-75.122391","1802","6","0","0","0","0","0","0","0","0","","0","0","0","","","0","N","0","","40 01:31.839","","0","75 07:20.608","0","0","0","0","67301","0","0","0","N","0","0","0","1","67301","0","","1.0","","1","N","N","N","0","","0","0","0","","2","","","2","0","0","0","0","0","0","2","0","2","","03","","N","","","","","","","","","",""
"2020085479","1255","1","0","0","0","0","0","0","0","0","8","0","","67","10","2020","3","40.059515","-75.044396","1245","6","0","0","0","0","0","0","0","0","","0","0","0","","","1","N","0","","40 03:34.255","","7","75 02:39.827","3","0","0","0","67301","1","0","0","N","1","0","0","1","67301","0","","6.0","","1","N","N","N","0","","1","0","0","","3","","","2","1","0","0","0","0","0","2","0","1","","03","","N","","","","","","","","","",""
"2020013230","0833","1","0","0","0","0","0","0","0","0","4","0","","67","2","2020","2","39.97121","-75.162852","0833","6","0","0","1","0","0","1","0","0","","0","0","0","","","0","","1","","39 58:16.355","1","0","75 09:46.267","0","0","0","0","67301","0","0","0","N","0","0","0","2","67301","0","","1.0","840.0","1","N","N","N","0","","0","0","2","","3","N","","3","0","0","0","0","0","0","2","0","3","","03","","N","","","","","","","","","",""
"2020049851","1230","0","0","0","0","0","0","0","0","0","7","0","","67","6","2020","5","39.991156","-75.22295","1228","6","0","0","0","0","0","0","0","0","","0","0","0","","","1","N","0","","39 59:28.160","","0","75 13:22.620","3","0","0","0","67301","0","0","0","N","0","0","0","1","67301","0","","4.0","","1","N","N","N","0","","1","0","1","","0","","","1","1","1","0","0","0","0","2","0","1","","03","","N","","","","","","","","","",""
"2020028150","0856","1","0","0","0","0","0","0","0","0","5","0","","67","2","2020","5","39.939693","-75.143201","0835","6","0","0","0","0","0","1","0","0","","0","0","0","","","0","N","0","","39 56:22.894","1","0","75 08:35.523","0","0","0","0","67301","0","0","0","N","0","0","0","2","68K01","0","","1.0","15.0","9","N","N","N","0","","0","0","1","","0","N","","2","0","0","0","0","0","0","2","0","2","","98","","N","","","","","","","","","",""
"2020015148","1908","1","0","0","0","0","0","0","0","0","1","0","","67","2","2020","4","40.066056","-75.019086","1858","6","0","0","0","0","0","0","0","0","","0","0","0","","","1","N","0","","40 03:57.800","","7","75 01:08.710","3","0","0","0","67301","0","0","0","N","0","0","0","3","67301","0","","1.0","","1","N","N","N","1","","1","0","0","","0","","","2","1","0","0","0","0","0","2","0","2","","03","","N","","","","","","","","","",""
"2020056214","0601","1","0","0","0","0","0","0","0","0","7","0","","67","7","2020","5","40.020251","-75.053494","0554","6","0","0","0","0","0","0","0","0","","0","0","0","","","1","N","0","","40 01:12.904","3","0","75 03:12.577","4","0","0","0","67301","0","0","0","N","0","0","0","1","67301","1","","4.0","100.0","1","N","N","N","0","","0","0","0","","0","Y","","1","1","0","0","0","0","0","2","0","1","","03","","N","","","","","","","","","",""
"2020054819","2335","1","0","0","0","0","0","0","0","0","8","0","","67","7","2020","1","39.968239","-75.156933","2329","6","0","0","0","1","0","0","0","0","","0","0","0","","","1","N","0","","39 58:05.660","","0","75 09:24.960","3","0","0","0","67301","1","0","0","N","1","0","0","2","67301","0","","1.0","","9","N","N","N","0","","1","0","0","","9","","","2","1","0","0","0","0","0","2","0","1","","07","","N","","","","","","","","","",""
"2020013143","0157","1","0","0","0","0","0","0","0","0","1","0","","67","2","2020","2","40.00925","-75.126953","0145","6","0","0","0","0","0","1","0","0","","0","0","0","","","3","N","0","","40 00:33.300","","0","75 07:37.030","3","0","0","0","67301","0","0","0","N","0","0","0","3","67301","0","","1.0","","1","N","N","N","1","","3","0","1","","1","","","3","3","1","0","0","0","0","2","0","3","","03","","N","","","","","","","","","",""
"2020014789","1625","0","0","0","0","0","0","0","0","0","8","0","","67","2","2020","6","40.086536","-75.039316","1622","6","0","0","0","0","0","0","0","0","","0","0","0","","","1","N","0","","40 05:11.530","","7","75 02:21.539","8","0","0","0","67301","1","0","0","N","1","0","0","2","67301","0","","1.0","","9","N","N","N","0","","0","0","1","","0","","","2","1","0","0","0","1","0","2","0","1","","","","N","","","","","","","","","",""
"2020013561","0625","0","0","0","0","0","0","0","0","0","8","0","","67","2","2020","2","40.019645","-75.210671","0619","6","0","0","0","0","0","0","0","0","","0","0","0","","","1","","5","","40 01:10.722","","0","75 12:38.416","3","0","0","0","67301","1","0","0","N","1","0","0","2","67301","0","","1.0","","1","N","N","N","0","","1","0","1","","2","","","2","1","0","0","0","0","0","2","0","1","","03","","N","","","","","","","","","",""
"2020055145","1845","1","0","0","0","0","0","0","0","0","2","0","","67","7","2020","1","39.917005","-75.234662","1845","6","0","0","0","0","0","1","0","0","","0","0","0","","","2","","1","","39 55:01.217","","0","75 14:04.783","3","0","0","0","67301","0","0","0","N","0","0","0","2","67301","0","","1.0","","1","N","N","N","2","","2","0","0","","2","","","3","2","1","0","0","0","0","2","0","3","","03","","N","","","","","","","","","",""
"2020044508","1650","1","0","0","0","0","0","0","0","0","4","0","","67","5","2020","4","40.052809","-75.195633","1642","6","0","0","1","0","0","1","0","0","","0","0","0","","","3","","1","","40 03:10.112","","0","75 11:44.278","3","0","0","0","67301","0","0","0","N","0","0","0","7","67301","0","","1.0","","1","N","N","N","1","","1","0","1","","2","","","3","3","0","0","0","2","0","2","0","3","","","","N","","","","","","","","","",""
"2020013583","0543","1","0","0","0","0","0","0","0","0","4","0","","67","2","2020","3","39.977583","-75.125956","0541","6","0","0","0","0","0","0","0","0","","0","0","0","","","0","","1","","39 58:39.298","","0","75 07:33.440","0","0","0","0","67301","0","0","0","N","0","0","0","2","67301","0","","1.0","","9","N","N","Y","0","","0","0","2","","3","","","3","0","1","0","0","0","0","2","0","3","","","","N","","","","","","","","","",""
"2020014828","0440","4","0","0","0","0","0","0","0","0","5","0","","67","2","2020","5","40.016864","-75.139183","0438","6","0","0","0","0","0","0","0","0","","0","0","0","","","0","N","0","","40 01:00.710","","0","75 08:21.060","0","0","0","0","67301","0","0","0","N","0","0","0","1","67301","0","","6.0","","9","N","N","N","0","","0","0","0","","0","","","5","0","0","0","0","0","0","2","1","5","","","","N","","","","","","","","","",""
"2020012778","0230","1","0","0","0","0","0","0","0","0","1","0","","67","2","2020","2","40.057664","-75.057072","0211","6","0","0","0","0","0","0","0","0","","0","0","0","","","1","N","0","","40 03:27.590","","0","75 03:25.460","4","0","0","0","67301","0","0","0","N","0","0","0","1","67301","1","","6.0","","9","N","N","N","0","","0","0","1","","3","","","2","1","0","0","0","0","0","2","0","2","","03","","N","","","","","","","","","",""
"2020014063","0750","0","0","0","0","0","0","0","0","0","4","0","","67","2","2020","2","40.008908","-75.072016","0746","6","0","0","0","0","0","0","0","0","","0","0","0","","","0","","5","","40 00:32.070","","0","75 04:19.257","0","0","0","0","67301","0","0","0","N","0","0","0","2","67301","0","","1.0","","1","N","N","N","0","","0","0","2","","2","","","2","0","2","0","0","0","0","2","0","2","","03","","N","","","","","","","","","",""
"2020014882","1630","2","0","0","0","0","0","0","0","0","4","0","","67","2","2020","2","39.930286","-75.186263","1620","6","0","0","0","0","0","1","0","0","","0","0","0","","","1","","1","","39 55:49.030","","0","75 11:10.546","3","0","0","0","67301","0","0","0","N","0","0","0","2","67301","0","","1.0","","1","N","N","N","0","","1","0","0","","3","","","2","1","1","0","0","0","0","2","0","2","","03","","N","","","","","","","","","",""
"2020042318","1346","2","0","0","0","0","0","0","0","0","4","0","","67","5","2020","4","39.966908","-75.19212","1343","6","0","0","0","0","0","0","0","1","","0","0","0","","","3","","1","","39 58:00.868","","0","75 11:31.632","8","0","0","0","67301","0","0","0","N","0","0","0","5","67301","0","","1.0","","1","N","N","N","0","","0","0","1","","2","","","3","3","0","0","0","3","0","2","0","3","","03","","N","","","","","","","","","",""
"2020016662","2200","2","0","0","0","0","0","0","0","0","4","0","","67","2","2020","2","40.025944","-75.123133","2200","6","0","0","0","0","0","0","0","0","","0","0","0","","","1","","1","","40 01:33.397","","0","75 07:23.277","3","0","0","0","67301","0","0","0","N","0","0","0","3","67301","0","","1.0","","99","N","N","N","0","","1","0","0","","2","","","2","1","0","0","0","0","2","2","0","2","","","","N","","","","","","","","","",""
"2020023912","0058","0","0","0","0","0","0","0","0","0","7","0","","67","2","2020","5","39.959242","-75.180765","0042","6","0","0","0","0","0","0","0","0","2","0","0","0","","","1","N","0","","39 57:33.271","3","0","75 10:50.755","8","0","0","0","67301","0","0","0","N","0","0","0","1","68K01","0","","4.0","9999.0","9","N","N","N","0","","0","0","1","","0","N","","1","1","0","0","0","1","0","2","0","1","","","","N","","","","","","","","","",""
"2020017253","0912","1","0","0","0","0","0","0","0","0","1","0","","67","2","2020","3","40.037658","-75.011672","0850","6","0","0","0","0","0","0","0","0","","0","0","0","","","1","N","0","","40 02:15.569","","0","75 00:42.019","4","0","0","0","67301","0","0","0","N","0","0","0","2","68K01","1","","1.0","","9","N","N","N","0","","0","0","1","","0","","","2","1","0","0","0","0","0","2","0","2","","","","N","","","","","","","","","",""
"2020014384","0920","0","0","0","0","0","0","0","0","0","8","0","","67","2","2020","5","40.034451","-75.114895","0911","6","0","0","0","0","0","0","0","0","","0","0","0","","","1","","1","","40 02:04.023","","0","75 06:53.623","3","0","0","0","67301","1","0","0","N","1","0","0","2","67301","0","","1.0","","9","N","N","N","0","","1","0","0","","2","","","2","1","0","0","0","0","0","2","0","1","","","","N","","","","","","","","","",""
"2020029288","1648","1","0","0","0","0","0","0","0","0","1","0","","67","2","2020","5","39.982727","-75.099256","1620","6","0","0","0","0","0","0","0","0","","0","0","0","","","0","N","0","","39 58:57.816","","0","75 05:57.320","0","0","0","0","67301","0","0","0","N","0","0","0","2","68K01","0","","1.0","","9","N","N","N","0","","0","0","0","","0","","","2","0","0","0","0","0","0","2","1","2","","","","N","","","","","","","","","",""
"2020016285","1542","1","0","0","0","0","0","0","0","0","7","0","","67","2","2020","7","40.033381","-75.150867","1530","6","0","0","0","0","0","0","0","0","","0","0","0","","","1","N","0","","40 02:00.170","","0","75 09:03.120","3","0","0","0","67301","0","0","0","N","0","0","0","1","67301","0","","4.0","","1","N","N","N","0","","1","0","0","","0","","","1","1","0","0","0","0","0","2","0","1","","","","N","","","","","","","","","",""
"2020014935","1912","1","0","0","0","0","0","0","0","0","7","0","","67","2","2020","5","40.0409","-75.005262","1912","6","0","0","0","0","0","0","0","0","","0","0","0","","","0","N","0","","40 02:27.240","","0","75 00:18.943","0","0","0","0","67301","0","0","0","N","0","0","0","2","68K01","0","","4.0","","9","N","N","N","0","","0","0","0","","0","","","1","0","0","0","0","0","0","2","0","1","","","","N","","","","","","","","","",""
"2020044529","2157","2","0","0","0","0","0","0","0","0","5","0","","67","5","2020","5","39.993428","-75.166639","2147","6","0","0","0","0","0","0","0","0","","0","0","0","","","1","N","0","","39 59:36.340","","0","75 09:59.900","8","0","0","0","67301","0","0","0","N","0","0","0","1","67301","0","","6.0","","1","N","N","N","0","","0","0","0","","0","","","2","1","0","0","0","1","0","2","0","2","","","","N","","","","","","","","","",""
"2020015388","1300","1","0","0","0","0","0","0","0","0","7","0","","67","2","2020","3","40.009747","-75.118506","1255","6","0","0","0","0","0","1","0","0","","0","0","0","","","1","N","0","","40 00:35.090","","0","75 07:06.620","3","0","0","0","67301","0","0","0","N","0","0","0","1","67301","0","","4.0","","1","N","N","N","0","","1","0","0","","0","","","1","1","1","0","0","0","0","2","0","1","","03","","N","","","","","","","","","",""
"2020013820","0821","1","0","0","0","0","0","0","0","0","8","0","","67","2","2020","4","40.019828","-75.126706","0812","6","0","0","0","0","0","0","0","0","","0","0","0","","","1","N","0","","40 01:11.380","","0","75 07:36.140","3","0","0","0","67301","1","0","0","N","1","0","0","2","67301","0","","1.0","","9","N","N","N","0","","1","0","0","","0","","","2","1","1","0","0","0","0","2","0","1","","","","N","","","","","","","","","",""
"2020039240","0547","1","0","0","0","0","0","0","0","0","4","0","","67","5","2020","1","40.051665","-75.150335","0545","6","0","0","0","0","0","0","0","0","","0","0","0","","","1","","3","","40 03:05.995","","0","75 09:01.207","3","0","0","0","67301","0","0","0","N","0","0","0","2","67301","0","","1.0","","1","N","N","N","0","","1","0","1","","8","","","2","1","0","0","0","0","0","2","0","2","","03","","N","","","","","","","","","",""
"2020039652","2359","2","0","0","0","0","0","0","0","0","4","0","","67","5","2020","2","40.041367","-75.070648","2351","6","0","0","0","0","0","0","0","0","","0","0","0","","","0","","1","","40 02:28.921","","0","75 04:14.332","0","0","0","0","67301","0","0","0","N","0","0","0","2","67301","0","","1.0","","1","N","N","N","0","","0","0","0","","3","","","2","0","0","0","0","0","0","2","0","2","","","","N","","","","","","","","","",""
"2020040230","1011","0","0","0","0","0","0","0","0","0","1","0","","67","5","2020","3","39.975514","-75.170311","1008","6","0","0","0","0","0","0","0","0","","0","0","0","","","1","N","0","","39 58:31.850","","0","75 10:13.121","3","0","0","0","67301","0","0","0","N","0","0","0","3","67301","0","","6.0","","1","N","N","N","0","","1","0","1","","0","","","2","1","0","0","0","0","0","2","0","2","","03","","N","","","","","","","","","",""
"2020081929","2230","0","0","0","0","0","0","0","0","0","8","0","","67","10","2020","6","39.955048","-75.184616","2230","6","0","0","0","0","0","0","0","0","","0","0","0","","","1","N","0","","39 57:18.172","","0","75 11:04.616","2","0","0","0","67301","1","0","1","N","1","0","1","2","67301","0","","1.0","","1","N","N","N","0","","0","1","1","","9","","","2","1","0","0","0","0","0","2","0","1","","03","","N","","","","","","","","","",""
"2020043188","0056","1","0","2","0","0","0","0","0","0","7","0","","67","5","2020","7","39.902066","-75.151308","0045","6","0","1","0","0","0","0","0","0","","0","0","0","","","2","N","0","","39 54:07.439","1","0","75 09:04.707","2","0","0","0","67301","0","0","0","N","0","0","0","2","68K01","0","","3.0","150.0","9","N","N","N","0","","0","2","0","","0","N","","1","2","0","0","0","0","0","2","0","1","","03","","N","","","","","","","","","",""
"2020083257","0854","3","0","0","0","0","0","0","0","0","1","0","","67","9","2020","2","39.981432","-75.102557","0839","6","0","0","0","1","1","0","1","0","","0","0","0","","","1","N","0","","39 58:53.155","","0","75 06:09.206","3","0","0","0","67301","0","0","0","N","0","0","0","4","68K01","0","","1.0","","1","N","N","N","0","","1","0","1","","0","","","4","1","0","0","0","0","0","2","0","4","","","","N","","","","","","","","","",""