"CRN","ARRIVAL_TM","AUTOMOBILE_COUNT","BELTED_DEATH_COUNT","BELTED_SUSP_SERIOUS_INJ_COUNT","BICYCLE_COUNT","BICYCLE_DEATH_COUNT","BICYCLE_SUSP_SERIOUS_INJ_COUNT","BUS_COUNT","CHLDPAS_DEATH_COUNT","CHLDPAS_SUSP_SERIOUS_INJ_COUNT","COLLISION_TYPE","COMM_VEH_COUNT","CONS_ZONE_SPD_LIM","COUNTY","CRASH_MONTH","CRASH_YEAR","DAY_OF_WEEK","DEC_LATITUDE","DEC_LONGITUDE","DISPATCH_TM","DISTRICT","DRIVER_COUNT_16YR","DRIVER_COUNT_17YR","DRIVER_COUNT_18YR","DRIVER_COUNT_19YR","DRIVER_COUNT_20YR","DRIVER_COUNT_50_64YR","DRIVER_COUNT_65_74YR","DRIVER_COUNT_75PLUS","EST_HRS_CLOSED","FATAL_COUNT","HEAVY_TRUCK_COUNT","HORSE_BUGGY_COUNT","HOUR_OF_DAY","ILLUMINATION","INJURY_COUNT","INTERSECTION_RELATED","INTERSECT_TYPE","LANE_CLOSED","LATITUDE","LN_CLOSE_DIR","LOCATION_TYPE","LONGITUDE","MAX_SEVERITY_LEVEL","MCYCLE_DEATH_COUNT","MCYCLE_SUSP_SERIOUS_INJ_COUNT","MOTORCYCLE_COUNT","MUNICIPALITY","NONMOTR_COUNT","NONMOTR_DEATH_COUNT","NONMOTR_SUSP_SERIOUS_INJ_COUNT","NTFY_HIWY_MAINT","PED_COUNT","PED_DEATH_COUNT","PED_SUSP_SERIOUS_INJ_COUNT","PERSON_COUNT","POLICE_AGCY","POSSIBLE_INJ_COUNT","RDWY_SURF_TYPE_CD","RELATION_TO_ROAD","ROADWAY_CLEARED","ROAD_CONDITION","SCH_BUS_IND","SCH_ZONE_IND","SECONDARY_CRASH","SMALL_TRUCK_COUNT","SPEC_JURIS_CD","SUSP_MINOR_INJ_COUNT","SUSP_SERIOUS_INJ_COUNT","SUV_COUNT","TCD_FUNC_CD","TCD_TYPE","TFC_DETOUR_IND","TIME_OF_DAY","TOTAL_UNITS","TOT_INJ_COUNT","UNBELTED_OCC_COUNT","UNB_DEATH_COUNT","UNB_SUSP_SERIOUS_INJ_COUNT","UNK_INJ_DEG_COUNT","UNK_INJ_PER_COUNT","URBAN_RURAL","VAN_COUNT","VEHICLE_COUNT","WEATHER1","WEATHER2","WORKERS_PRES","WORK_ZONE_IND","WORK_ZONE_LOC","WORK_ZONE_TYPE","WZ_CLOSE_DETOUR","WZ_FLAGGER","WZ_LAW_OFFCR_IND","WZ_LN_CLOSURE","WZ_MOVING","WZ_OTHER","WZ_SHLDER_MDN","WZ_WORKERS_INJ_KILLED"
"2020042303","1459","1","0","0","0","0","0","0","0","0","4","0","","67","5","2020","2","40.08068","-75.028469","1459","6","0","0","1","0","0","0","0","0","","0","0","0","","","0","","1","","40 04:50.449","","0","75 01:42.488","0","0","0","0","67301","0","0","0","N","0","0","0","2","67301","0","","1.0","","1","N","N","N","0","","0","0","1","","2","","","2","0","1","0","0","0","0","2","0","2","","","","N","","","","","","","","","",""
"2020040854","0848","1","0","0","0","0","0","0","0","0","4","0","","67","5","2020","1","39.949841","-75.205769","0848","6","0","0","0","0","0","0","0","0","","0","0","0","","","0","","1","","39 56:59.429","","0","75 12:20.769","0","0","0","0","67301","0","0","0","N","0","0","0","2","67504","0","","1.0","","1","N","N","N","0","","0","0","1","","1","","","2","0","0","0","0","0","0","2","0","2","","","","N","","","","","","","","","",""
"2020045948","0922","1","0","0","0","0","0","0","0","0","7","0","","67","5","2020","7","40.009491","-75.065315","0916","6","0","0","0","0","0","0","0","0","","0","0","0","","","2","N","0","","40 00:34.168","1","0","75 03:55.134","3","0","0","0","67301","0","0","0","N","0","0","0","2","68K01","0","","3.0","935.0","9","N","N","N","0","","2","0","0","","0","N","","1","2","0","0","0","0","0","2","0","1","","07","","N","","","","","","","","","",""
"2020039646","0026","5","0","0","0","0","0","0","0","0","5","0","","67","5","2020","3","39.979639","-75.153056","0025","6","0","1","0","0","0","0","0","0","","0","0","0","","","0","N","0","","39 58:46.700","","0","75 09:11.000","0","0","0","0","67301","0","0","0","N","0","0","0","3","67505","0","","6.0","","1","N","N","N","0","","0","0","0","","0","","","5","0","0","0","0","0","0","2","0","5","","03","","N","","","","","","","","","",""
"2020039637","1634","2","0","0","0","0","0","0","0","0","4","0","","67","5","2020","2","40.055522","-75.181165","1633","6","0","0","0","0","0","0","0","0","","0","0","0","","","5","","1","","40 03:19.879","","0","75 10:52.194","4","0","0","0","67301","0","0","0","N","0","0","0","6","67301","5","","1.0","","1","N","N","N","0","","0","0","0","","3","","","2","5","0","0","0","0","0","2","0","2","","03","","N","","","","","","","","","",""
"2020039964","1625","0","0","0","0","0","0","0","0","0","4","0","","67","5","2020","3","40.023617","-75.092683","1625","6","0","0","0","0","1","1","0","0","","0","0","0","","","1","","1","","40 01:25.020","","0","75 05:33.660","8","0","0","1","67301","0","0","0","N","0","0","0","2","67301","0","","1.0","","1","N","N","N","0","","0","0","0","","2","","","2","1","0","0","0","1","0","2","1","2","","03","","N","","","","","","","","","",""
"2020041222","0835","1","0","0","0","0","0","0","0","0","7","0","","67","5","2020","7","40.099676","-74.986918","0832","6","0","0","0","0","0","0","0","0","","0","0","0","","","1","N","0","","40 05:58.835","4","0","74 59:12.905","3","0","0","0","67301","0","0","0","N","0","0","0","2","67301","0","","2.0","858.0","9","N","N","N","0","","1","0","1","","0","N","","2","1","0","0","0","0","0","2","0","2","","","","N","","","","","","","","","",""
"2020048752","1847","2","0","0","0","0","0","0","0","0","4","0","","67","6","2020","1","39.985302","-75.234715","1843","6","0","0","0","0","0","0","0","0","","0","0","0","","","0","","1","","39 59:07.087","","0","75 14:04.974","0","0","0","0","67301","0","0","0","N","0","0","0","3","67301","0","","1.0","","1","N","N","N","0","","0","0","1","","3","","","3","0","0","0","0","0","0","2","0","3","","03","","N","","","","","","","","","",""
"2020043540","1631","0","0","0","0","0","0","0","0","0","7","0","","67","5","2020","7","40.035147","-75.017851","1622","6","0","0","0","0","0","0","0","0","","0","0","0","","","0","N","0","","40 02:06.528","","0","75 01:04.263","0","0","0","0","67301","0","0","0","N","0","0","0","2","68K01","0","","3.0","","9","N","N","N","1","","0","0","0","","0","","","1","0","0","0","0","0","0","2","0","1","","","","N","","","","","","","","","",""
"2020083698","1630","2","0","0","0","0","0","0","0","0","4","0","","67","3","2020","1","40.013694","-75.177472","1625","6","0","0","0","0","0","0","0","1","","0","0","0","","","0","N","0","","40 00:49.300","","7","75 10:38.900","9","0","0","0","67301","0","0","0","N","0","0","0","2","67301","0","","1.0","","1","N","N","N","0","","0","0","0","","0","","","2","0","0","0","0","0","2","2","0","2","","","","N","","","","","","","","","",""
"2020014889","0753","2","0","0","0","0","0","0","0","0","4","0","","67","2","2020","6","39.978597","-75.213624","0738","6","0","0","0","0","0","0","0","0","","0","0","0","","","0","","1","","39 58:42.950","4","0","75 12:49.048","0","0","0","0","67301","0","0","0","N","0","0","0","2","67301","0","","1.0","100.0","9","N","N","N","0","","0","0","0","","2","Y","","2","0","0","0","0","0","0","2","0","2","","","","N","","","","","","","","","",""
"2020047606","1703","1","0","0","0","0","0","0","0","0","1","0","","67","6","2020","4","39.955857","-75.19146","1700","6","0","0","0","0","0","1","1","0","","0","0","0","","","1","N","1","","39 57:21.085","2","0","75 11:29.255","8","0","0","0","67301","0","0","0","N","0","0","0","2","67507","0","","1.0","1515.0","1","N","N","N","0","","0","0","1","","2","N","","2","1","0","0","0","1","0","2","0","2","","","","N","","","","","","","","","",""
"2020040495","1801","3","0","0","0","0","0","0","0","0","4","0","","67","5","2020","5","39.990683","-75.141864","1801","6","0","0","0","0","0","0","0","0","","0","0","0","","","0","","1","","39 59:26.458","","0","75 08:30.710","0","0","0","0","67301","0","0","0","N","0","0","0","2","67301","0","","1.0","","1","N","N","Y","0","","0","0","1","","3","","","4","0","0","0","0","0","0","2","0","4","","","","N","","","","","","","","","",""
"2020042963","1743","2","0","0","0","0","0","0","0","0","4","0","","67","5","2020","7","39.922772","-75.235675","1740","6","0","0","0","0","0","0","0","0","","0","0","0","","","1","","1","","39 55:21.979","","99","75 14:08.429","8","0","0","0","67301","0","0","0","N","0","0","0","3","67301","0","","1.0","","1","N","N","N","0","","0","0","0","","2","","","2","1","0","0","0","1","0","2","0","2","","03","","N","","","","","","","","","",""
"2020040005","2304","1","0","0","0","0","0","0","0","0","1","0","","67","5","2020","3","40.009599","-75.187273","2249","6","0","0","0","0","0","0","0","0","","0","0","0","","","1","","6","","40 00:34.558","1","2","75 11:14.183","3","0","0","0","67301","0","0","0","N","0","0","0","2","67301","0","","7.0","2315.0","1","N","N","N","0","","1","0","1","","4","N","","2","1","0","0","0","0","0","2","0","2","","03","","N","","","","","","","","","",""
"2020040101","0742","0","0","0","0","0","0","0","0","0","4","0","","67","5","2020","3","40.044861","-75.143355","0742","6","0","0","0","0","1","1","0","0","","0","0","0","","","1","N","0","","40 02:41.498","1","7","75 08:36.077","3","0","0","0","67301","0","0","0","N","0","0","0","2","67301","0","","1.0","820.0","1","N","N","N","0","","1","0","1","","0","N","","2","1","0","0","0","0","0","2","1","2","","03","","N","","","","","","","","","",""
"2020048073","1320","1","0","0","0","0","0","0","0","0","4","0","","67","6","2020","6","39.928908","-75.150458","1317","6","0","0","0","0","0","1","0","0","","0","0","0","","","1","","1","","39 55:44.067","","0","75 09:01.647","3","0","0","0","67301","0","0","0","N","0","0","0","2","67301","0","","1.0","","1","N","N","N","0","","1","0","2","","3","","","3","1","0","0","0","0","0","2","0","3","","03","","N","","","","","","","","","",""
"2020039356","1523","0","0","0","0","0","0","0","0","0","4","0","","67","5","2020","1","40.011334","-75.077069","1523","6","0","0","0","0","0","1","0","0","","0","0","0","","","1","","1","","40 00:40.802","2","0","75 04:37.448","3","0","0","1","67301","0","0","0","N","0","0","0","3","67301","0","","1.0","1530.0","1","N","N","N","0","","1","0","1","","2","N","","2","1","0","0","0","0","1","2","0","2","","","","N","","","","","","","","","",""
"2020047390","1446","0","0","0","0","0","0","0","0","0","8","0","","67","5","2020","2","40.048512","-75.150825","1445","6","0","0","0","0","0","0","0","0","","0","0","0","","","1","","1","","40 02:54.643","","0","75 09:02.970","8","0","0","0","67301","1","0","0","N","1","0","0","2","67301","0","","1.0","","1","N","N","N","0","","0","0","0","","2","","","2","1","0","0","0","1","0","2","0","1","","03","","N","","","","","","","","","",""
"2020041546","2139","2","0","0","0","0","0","0","0","0","4","0","","67","5","2020","1","40.028314","-75.07451","2136","6","0","0","0","1","0","0","0","0","","0","0","0","","","2","","1","","40 01:41.931","2","0","75 04:28.236","3","0","0","0","67301","0","0","0","N","0","0","0","2","67301","0","","1.0","2249.0","1","N","N","N","0","","2","0","0","","3","N","","2","2","0","0","0","0","0","2","0","2","","","","N","","","","","","","","","",""
"2020040658","1726","1","0","0","1","0","0","0","0","0","8","0","","67","5","2020","3","40.003379","-75.130271","1723","6","0","0","0","0","0","0","0","0","","0","0","0","","","1","","1","","40 00:12.164","","0","75 07:48.975","4","0","0","0","67301","1","0","0","N","0","0","0","2","67301","1","","1.0","","1","N","N","N","0","","0","0","0","","2","","","2","1","0","0","0","0","0","2","0","1","","03","","N","","","","","","","","","",""
"2020046083","0137","2","0","0","0","0","0","0","0","0","5","0","","67","6","2020","7","39.970806","-75.23175","0137","6","0","0","0","0","0","0","1","0","","0","0","0","","","1","N","0","","39 58:14.900","","0","75 13:54.300","2","0","0","0","67301","0","0","0","N","0","0","0","1","67301","0","","6.0","","1","N","N","N","0","","0","1","0","","0","","","2","1","0","0","0","0","0","2","0","2","","03","","N","","","","","","","","","",""
"2020083263","1100","2","0","0","0","0","0","0","0","0","5","0","","67","9","2020","3","40.042396","-75.003803","1049","6","0","0","0","0","0","0","0","0","","0","0","0","","","1","N","0","","40 02:32.624","","0","75 00:13.689","4","0","0","0","67301","0","0","0","N","0","0","0","2","68K01","1","","1.0","","9","N","N","N","0","","0","0","0","","0","","","2","1","0","0","0","0","0","2","0","2","","","","N","","","","","","","","","",""
"2020041239","0029","0","0","0","0","0","0","0","0","0","8","0","","67","5","2020","1","39.973507","-75.209325","0029","6","0","0","0","0","0","0","0","0","","0","0","0","","","1","N","0","","39 58:24.624","","0","75 12:33.570","3","0","0","0","67301","1","0","0","N","1","0","0","2","67301","0","","1.0","","1","N","N","N","0","","1","0","0","","0","","","2","1","0","0","0","0","0","2","0","1","","03","","N","","","","","","","","","",""
"2020041227","2218","1","0","0","0","0","0","0","0","0","4","0","","67","5","2020","7","39.940534","-75.218905","2216","6","0","0","0","0","0","0","0","0","","0","0","0","","","1","","1","","39 56:25.922","1","0","75 13:08.059","3","0","0","0","67301","0","0","0","N","0","0","0","5","67301","0","","1.0","2300.0","1","N","N","N","1","","1","0","0","","2","N","","2","1","0","0","0","0","0","2","0","2","","03","","N","","","","","","","","","",""
"2020041544","1928","1","0","0","0","0","0","0","0","0","4","0","","67","5","2020","1","39.935632","-75.22587","1928","6","0","0","0","0","0","0","0","0","","0","0","0","","","1","","1","","39 56:08.274","","0","75 13:33.131","3","0","0","1","67301","0","0","0","N","0","0","0","2","67301","0","","1.0","","1","N","N","N","0","","1","0","0","","2","","","2","1","0","0","0","0","0","2","0","2","","03","","N","","","","","","","","","",""
"2020083566","0303","1","0","0","0","0","0","0","0","0","8","0","","67","10","2020","7","40.014222","-75.157412","0258","6","0","0","0","0","0","0","0","0","","0","0","0","","","1","N","0","","40 00:51.198","","0","75 09:26.684","8","0","0","0","67301","1","0","0","N","1","0","0","2","67301","0","","1.0","","1","N","N","N","0","","0","0","0","","2","","","2","1","0","0","0","1","0","2","0","1","","98","","N","","","","","","","","","",""
"2020083031","2144","1","0","0","0","0","0","0","0","0","4","0","","67","7","2020","1","40.015043","-75.135168","2138","6","0","0","0","0","0","0","0","0","","1","0","0","","","3","","1","","40 00:54.154","","0","75 08:06.604","1","1","1","1","67301","0","0","0","N","0","0","0","4","67301","0","2","1.0","","1","N","N","N","0","0","2","1","0","","2","","","2","3","2","0","0","0","0","2","0","2","","","","N","","","","","","","","","",""
"2020041263","1323","2","0","0","0","0","0","0","0","0","4","0","","67","5","2020","6","40.025663","-75.154196","1323","6","0","0","0","0","0","0","0","0","","0","0","0","","","2","","1","","40 01:32.386","","0","75 09:15.105","8","0","0","0","67301","0","0","0","N","0","0","0","2","67301","0","","1.0","","9","N","N","N","0","","0","0","0","","2","","","2","2","1","0","0","2","0","2","0","2","","07","","N","","","","","","","","","",""
"2020043702","0201","0","0","0","0","0","0","0","0","0","4","0","","67","6","2020","4","40.082081","-75.219819","0200","6","0","0","0","0","0","0","0","0","","0","0","0","","","1","","1","","40 04:55.491","","0","75 13:11.348","3","0","0","0","67301","0","0","0","N","0","0","0","2","67301","0","","1.0","","9","N","N","N","0","","1","0","1","","2","","","2","1","0","0","0","0","0","2","0","2","","","","N","","","","","","","","","",""
"2020090750","0649","1","0","0","0","0","0","0","0","0","5","1","","67","10","2020","4","39.982678","-75.1003","0631","6","0","0","0","0","0","2","0","0","","0","1","0","","","1","N","0","","39 58:57.639","2","2","75 06:01.079","8","0","0","1","67301","0","0","0","N","0","0","0","5","68K01","0","","1.0","900.0","1","N","N","N","0","","0","0","1","","0","Y","","5","1","0","0","0","1","1","2","0","5","","","","N","","","","","","","","","",""
"2020041228","2119","2","0","0","0","0","0","0","0","0","1","0","","67","5","2020","1","39.904061","-75.240291","2119","6","0","0","0","0","0","0","0","0","","0","0","0","","","1","","1","","39 54:14.619","","0","75 14:25.049","4","0","0","0","67301","0","0","0","N","0","0","0","3","67301","1","","1.0","","1","N","N","N","0","","0","0","0","","2","","","2","1","0","0","0","0","0","2","0","2","","","","N","","","","","","","","","",""
"2020041224","0120","2","0","0","0","0","0","0","0","0","4","0","","67","5","2020","1","39.946745","-75.174641","0113","6","0","0","0","0","0","0","0","0","","0","0","0","","","0","","1","","39 56:48.283","","0","75 10:28.709","9","0","0","0","67301","0","0","0","N","0","0","0","2","67301","0","","1.0","","1","N","N","N","0","","0","0","0","","2","","","2","0","0","0","0","0","1","2","0","2","","03","","N","","","","","","","","","",""
"2020039642","1530","1","0","0","0","0","0","0","0","0","7","0","","67","5","2020","2","40.030397","-75.153697","1525","6","0","0","0","0","0","1","0","0","","0","0","0","","","1","N","0","","40 01:49.430","6","0","75 09:13.310","8","0","0","0","67301","0","0","0","N","0","0","0","1","67301","0","","4.0","1510.0","1","N","N","N","0","","0","0","0","","0","Y","","1","1","0","0","0","1","0","2","0","1","","","","N","","","","","","","","","",""
"2020081954","1110","2","0","0","0","0","0","0","0","0","1","0","","67","9","2020","2","40.030439","-75.021996","1104","6","0","0","1","0","0","1","0","0","","0","0","0","","","0","N","0","","40 01:49.580","2","0","75 01:19.186","0","0","0","0","67301","0","0","0","N","0","0","0","2","68K01","0","","1.0","1145.0","1","N","N","N","0","","0","0","0","","0","N","","2","0","0","0","0","0","0","2","0","2","","","","N","","","","","","","","","",""
"2020083255","2058","3","0","0","0","0","0","0","0","0","1","0","","67","9","2020","1","39.941223","-75.194733","2047","6","0","0","0","0","0","0","0","0","","0","0","0","","","1","N","0","","39 56:28.401","","0","75 11:41.037","4","0","0","0","67301","0","0","0","N","0","0","0","5","68K01","1","","1.0","","9","N","N","N","0","","0","0","1","","0","","","4","1","0","0","0","0","1","2","0","4","","","","N","","","","","","","","","",""
"2020041760","1825","1","0","0","0","0","0","0","0","0","8","0","","67","5","2020","3","39.996838","-75.15383","1819","6","0","0","0","0","0","0","0","0","","0","0","0","","","1","","1","","39 59:48.618","","0","75 09:13.788","2","0","0","0","67301","1","0","1","N","1","0","1","2","67301","0","","1.0","","1","N","N","N","0","","0","1","0","","2","","","2","1","0","0","0","0","0","2","0","1","","03","","N","","","","","","","","","",""
"2020044514","1017","3","0","0","0","0","0","0","0","0","5","0","","67","5","2020","3","40.038269","-75.054908","1013","6","0","0","0","0","0","0","0","0","","0","0","0","","","0","N","0","","40 02:17.770","","0","75 03:17.670","9","0","0","0","67301","0","0","0","N","0","0","0","3","67301","0","","6.0","","1","N","N","N","0","","0","0","0","","0","","","3","0","0","0","0","0","1","2","0","3","","03","","N","","","","","","","","","",""
"2020039939","1622","2","0","0","0","0","0","0","0","0","4","0","","67","5","2020","3","39.918566","-75.228271","1621","6","0","0","0","0","0","1","0","0","","0","0","0","","","1","","1","","39 55:06.839","","0","75 13:41.777","3","0","0","0","67301","0","0","0","N","0","0","0","3","67301","0","","1.0","","1","N","N","N","0","","1","0","0","","3","","","2","1","0","0","0","0","0","2","0","2","","03","","N","","","","","","","","","",""
"2020040287","2011","2","0","0","0","0","0","0","0","0","4","0","","67","5","2020","4","40.039458","-75.077435","2006","6","0","0","0","0","0","0","0","0","","0","0","0","","","1","","1","","40 02:22.048","","0","75 04:38.765","3","0","0","0","67301","0","0","0","N","0","0","0","2","67301","0","","1.0","","1","N","N","N","0","","1","0","0","","2","","","2","1","0","0","0","0","0","2","0","2","","","","N","","","","","","","","","",""
"2020082415","1425","1","0","0","0","0","0","0","0","0","5","2","","67","9","2020","2","39.98746","-75.089764","1412","6","0","0","0","0","0","2","0","0","","0","1","0","","","0","N","0","","39 59:14.856","1","0","75 05:23.149","0","0","0","0","67301","0","0","0","Y","0","0","0","4","68K01","0","","1.0","1520.0","1","N","N","N","0","","0","0","0","","0","N","","3","0","0","0","0","0","0","2","1","3","","03","","N","","","","","","","","","",""
"2020040491","0006","2","0","0","0","0","0","0","0","0","1","0","","67","5","2020","4","40.013371","-75.12226","0006","6","0","0","0","0","0","0","0","0","","0","0","0","","","1","","3","","40 00:48.135","2","0","75 07:20.135","3","0","0","0","67301","0","0","0","N","0","0","0","3","67301","0","","1.0","206.0","1","N","N","N","0","","1","0","0","","3","N","","2","1","0","0","0","0","0","2","0","2","","","","N","","","","","","","","","",""
"2020041264","2343","1","0","0","0","0","0","0","0","0","7","0","","67","5","2020","6","40.030714","-75.1224","2343","6","0","0","0","0","0","0","0","0","","0","0","0","","","2","","1","","40 01:50.570","6","0","75 07:20.640","3","0","0","0","67301","0","0","0","N","0","0","0","2","67301","0","","4.0","10.0","9","N","N","N","0","","1","0","0","","2","Y","","2","2","0","0","0","1","0","2","0","1","","07","","N","","","","","","","","","",""
"2020083011","1334","0","0","0","0","0","0","0","0","0","8","0","","67","10","2020","3","40.063063","-75.086585","1325","6","0","0","0","0","0","0","1","0","","0","0","0","","","1","","1","","40 03:47.028","","0","75 05:11.707","8","0","0","0","67301","1","0","0","N","1","0","0","2","67301","0","","1.0","","1","N","N","N","0","","0","0","1","","2","","","2","1","0","0","0","1","0","2","0","1","","","","N","","","","","","","","","",""
"2020041547","1358","1","0","0","0","0","0","0","0","0","4","0","","67","5","2020","2","40.030788","-75.04553","1350","6","0","0","1","0","0","0","0","0","","0","0","0","","","2","","1","","40 01:50.836","","0","75 02:43.907","4","0","0","0","67301","0","0","0","N","0","0","0","3","67301","2","","1.0","","1","N","N","N","0","","0","0","0","","3","","","2","2","0","0","0","0","0","2","0","2","","","","N","","","","","","","","","",""
"2020042587","1230","1","0","0","0","0","0","0","0","0","6","0","","67","5","2020","1","39.97186","-75.244901","1230","6","0","0","0","0","0","0","1","0","","0","0","0","","","1","","1","","39 58:18.695","","0","75 14:41.643","8","0","0","0","67301","0","0","0","N","0","0","0","2","67301","0","","1.0","","1","N","N","N","0","","0","0","1","","2","","","2","1","0","0","0","1","0","2","0","2","","03","","N","","","","","","","","","",""
"2020082385","2001","1","0","0","0","0","0","0","0","0","5","0","","67","9","2020","6","39.959586","-75.176509","1937","6","0","0","0","0","0","0","0","0","","0","0","0","","","1","N","0","","39 57:34.508","3","0","75 10:35.434","8","0","0","0","67301","0","0","0","N","0","0","0","3","68K01","0","","1.0","2005.0","1","N","N","N","0","","0","0","1","","0","Y","","2","1","0","0","0","1","0","2","0","2","","","","N","","","","","","","","","",""
"2020083562","1823","0","0","0","0","0","0","0","0","0","7","0","","67","10","2020","4","39.998196","-75.187643","1819","6","0","0","0","0","0","0","0","0","","0","0","0","","","0","","2","","39 59:53.504","2","0","75 11:15.514","0","0","0","0","67301","0","0","0","N","0","0","0","1","67301","0","","5.0","100.0","1","N","N","N","0","","0","0","1","","2","Y","","1","0","0","0","0","0","0","2","0","1","","","","N","","","","","","","","","",""
"2020041259","0437","2","0","0","0","0","0","0","0","0","5","0","","67","5","2020","6","40.020944","-75.136778","0429","6","0","0","0","0","0","0","0","0","","0","0","0","","","1","N","0","","40 01:15.400","","0","75 08:12.400","3","0","0","0","67301","0","0","0","N","0","0","0","1","67301","0","","6.0","","1","N","N","N","0","","1","0","1","","0","","","3","1","0","0","0","0","0","2","0","3","","03","","N","","","","","","","","","",""
"2020045919","2238","1","0","0","0","0","0","0","0","0","5","0","","67","5","2020","3","39.917308","-75.147528","2226","6","0","0","0","0","0","0","0","0","","0","0","0","","","2","N","0","","39 55:02.307","1","0","75 08:51.100","3","0","0","0","67301","0","0","0","N","0","0","0","5","68K01","0","","1.0","20.0","1","N","N","N","0","","2","0","0","","0","N","","3","2","0","0","0","0","0","2","0","3","","03","","N","","","","","","","","","",""
"2020039421","2053","2","0","0","0","0","0","0","0","0","1","0","","67","5","2020","1","40.068991","-75.030341","2045","6","0","0","0","0","1","0","1","0","","0","0","0","","","1","N","0","","40 04:08.367","","0","75 01:49.226","3","0","0","0","67301","0","0","0","N","0","0","0","3","67301","0","","1.0","","1","N","N","N","0","","1","0","1","","0","","","3","1","0","0","0","0","0","2","0","3","","03","","N","","","","","","","","","",""
"2020041865","1014","0","0","0","0","0","0","0","0","0","1","0","","67","5","2020","2","39.956989","-75.155922","1010","6","0","0","0","0","0","1","0","0","","0","0","0","","","0","N","0","","39 57:25.162","3","0","75 09:21.318","0","0","0","0","67301","0","0","0","N","0","0","0","4","68K01","0","","1.0","1046.0","1","N","N","N","1","","0","0","3","","0","N","","4","0","0","0","0","0","0","2","0","4","","","","N","","","","","","","","","",""
"2020039653","0450","1","0","0","0","0","0","0","0","0","7","0","","67","5","2020","2","39.965225","-75.149117","0441","6","0","0","0","0","0","0","0","0","","0","0","0","","","0","N","0","","39 57:54.810","","0","75 08:56.820","0","0","0","0","67301","0","0","0","N","0","0","0","1","67301","0","","4.0","","1","N","N","N","0","","0","0","0","","0","","","1","0","0","0","0","0","0","2","0","1","","03","","N","","","","","","","","","",""
"2020042700","1849","1","0","0","1","0","0","0","0","0","8","0","","67","5","2020","5","40.027344","-75.127347","1839","6","0","0","0","0","0","0","0","0","","0","0","0","","","1","N","0","","40 01:38.440","","0","75 07:38.450","3","0","0","0","67301","1","0","0","N","0","0","0","2","67301","0","","1.0","","1","N","N","N","0","","1","0","0","","0","","","2","1","0","0","0","0","0","2","0","1","","","","N","","","","","","","","","",""
"2020040015","1430","0","0","0","0","0","0","0","0","0","8","0","","67","5","2020","2","39.954625","-75.194082","1430","6","0","0","0","0","0","0","0","0","","0","0","0","","","1","N","0","","39 57:16.649","","0","75 11:38.694","8","0","0","0","67301","1","0","0","N","1","0","0","3","67504","0","","1.0","","1","N","N","N","0","","0","0","0","","0","","","2","1","0","0","0","1","2","2","1","1","","03","","N","","","","","","","","","",""
"2020083644","1117","2","0","0","0","0","0","0","0","0","1","1","","67","10","2020","5","39.957075","-75.156559","1117","6","0","0","0","0","0","2","0","0","","0","1","0","","","2","N","0","","39 57:25.470","3","0","75 09:23.613","4","0","0","0","67301","0","0","0","N","0","0","0","5","68K01","2","","1.0","1230.0","1","N","N","N","0","","0","0","1","","0","N","","4","2","0","0","0","0","0","2","0","4","","","","N","","","","","","","","","",""
"2020084074","1543","1","0","0","0","0","0","0","0","0","4","0","","67","10","2020","5","40.018791","-75.173674","1543","6","0","0","0","0","1","1","0","0","","0","0","0","","","2","N","0","","40 01:07.646","2","0","75 10:25.228","3","0","0","0","67301","0","0","0","N","0","0","0","3","67301","0","","9.0","1559.0","1","N","N","N","0","","2","0","1","","0","Y","","2","2","0","0","0","0","1","2","0","2","","03","","N","","","","","","","","","",""
"2020082392","2157","1","0","0","0","0","0","0","0","0","5","0","","67","9","2020","5","39.980534","-75.10388","2147","6","0","0","0","0","0","0","0","0","","0","0","0","","","0","N","0","","39 58:49.923","","0","75 06:13.969","0","0","0","0","67301","0","0","0","N","0","0","0","1","68K01","0","","1.0","","1","N","N","N","0","","0","0","0","","0","","","2","0","0","0","0","0","0","2","0","2","","","","N","","","","","","","","","",""
"2020081926","0455","1","0","0","0","0","0","0","0","0","5","1","","67","10","2020","7","39.89996","-75.206824","0450","6","0","1","0","0","0","0","0","0","","0","1","0","","","0","N","0","","39 53:59.856","","3","75 12:24.566","0","0","0","0","67301","0","0","0","N","0","0","0","2","67301","0","","1.0","","1","N","N","N","0","","0","0","0","","0","","","2","0","0","0","0","0","0","2","0","2","","03","","N","","","","","","","","","",""
"2020039695","1343","0","0","0","0","0","0","0","0","0","4","0","","67","5","2020","2","40.044107","-75.061971","1338","6","0","0","0","0","0","0","0","0","","0","0","0","","","4","","1","","40 02:38.785","","0","75 03:43.094","3","0","0","0","67301","0","0","0","N","0","0","0","4","67301","0","","1.0","","1","N","N","Y","1","","4","0","2","","2","","","3","4","4","0","0","0","0","2","0","3","","","","N","","","","","","","","","",""
"2020083557","0830","2","0","0","0","0","0","0","0","0","4","0","","67","10","2020","3","39.917108","-75.173002","0820","6","0","0","0","0","0","0","0","0","","0","0","0","","","2","","1","","39 55:01.589","","0","75 10:22.807","3","0","0","0","67301","0","0","0","N","0","0","0","2","67301","1","","1.0","","1","N","N","N","0","","1","0","0","","2","","","2","2","0","0","0","0","0","2","0","2","","03","","N","","","","","","","","","",""