"CRN","ARRIVAL_TM","AUTOMOBILE_COUNT","BELTED_DEATH_COUNT","BELTED_SUSP_SERIOUS_INJ_COUNT","BICYCLE_COUNT","BICYCLE_DEATH_COUNT","BICYCLE_SUSP_SERIOUS_INJ_COUNT","BUS_COUNT","CHLDPAS_DEATH_COUNT","CHLDPAS_SUSP_SERIOUS_INJ_COUNT","COLLISION_TYPE","COMM_VEH_COUNT","CONS_ZONE_SPD_LIM","COUNTY","CRASH_MONTH","CRASH_YEAR","DAY_OF_WEEK","DEC_LATITUDE","DEC_LONGITUDE","DISPATCH_TM","DISTRICT","DRIVER_COUNT_16YR","DRIVER_COUNT_17YR","DRIVER_COUNT_18YR","DRIVER_COUNT_19YR","DRIVER_COUNT_20YR","DRIVER_COUNT_50_64YR","DRIVER_COUNT_65_74YR","DRIVER_COUNT_75PLUS","EST_HRS_CLOSED","FATAL_COUNT","HEAVY_TRUCK_COUNT","HORSE_BUGGY_COUNT","HOUR_OF_DAY","ILLUMINATION","INJURY_COUNT","INTERSECTION_RELATED","INTERSECT_TYPE","LANE_CLOSED","LATITUDE","LN_CLOSE_DIR","LOCATION_TYPE","LONGITUDE","MAX_SEVERITY_LEVEL","MCYCLE_DEATH_COUNT","MCYCLE_SUSP_SERIOUS_INJ_COUNT","MOTORCYCLE_COUNT","MUNICIPALITY","NONMOTR_COUNT","NONMOTR_DEATH_COUNT","NONMOTR_SUSP_SERIOUS_INJ_COUNT","NTFY_HIWY_MAINT","PED_COUNT","PED_DEATH_COUNT","PED_SUSP_SERIOUS_INJ_COUNT","PERSON_COUNT","POLICE_AGCY","POSSIBLE_INJ_COUNT","RDWY_SURF_TYPE_CD","RELATION_TO_ROAD","ROADWAY_CLEARED","ROAD_CONDITION","SCH_BUS_IND","SCH_ZONE_IND","SECONDARY_CRASH","SMALL_TRUCK_COUNT","SPEC_JURIS_CD","SUSP_MINOR_INJ_COUNT","SUSP_SERIOUS_INJ_COUNT","SUV_COUNT","TCD_FUNC_CD","TCD_TYPE","TFC_DETOUR_IND","TIME_OF_DAY","TOTAL_UNITS","TOT_INJ_COUNT","UNBELTED_OCC_COUNT","UNB_DEATH_COUNT","UNB_SUSP_SERIOUS_INJ_COUNT","UNK_INJ_DEG_COUNT","UNK_INJ_PER_COUNT","URBAN_RURAL","VAN_COUNT","VEHICLE_COUNT","WEATHER1","WEATHER2","WORKERS_PRES","WORK_ZONE_IND","WORK_ZONE_LOC","WORK_ZONE_TYPE","WZ_CLOSE_DETOUR","WZ_FLAGGER","WZ_LAW_OFFCR_IND","WZ_LN_CLOSURE","WZ_MOVING","WZ_OTHER","WZ_SHLDER_MDN","WZ_WORKERS_INJ_KILLED"
"2020014347","1715","1","0","0","0","0","0","0","0","0","4","0","","67","2","2020","3","39.897563","-75.252262","1711","6","0","0","0","0","0","1","0","0","","0","0","0","","","2","","1","","39 53:51.225","","0","75 15:08.142","3","0","0","0","67301","0","0","0","N","0","0","0","3","67301","1","","1.0","","1","N","N","N","0","","1","0","1","","2","","","2","2","1","0","0","0","0","2","0","2","","03","","N","","","","","","","","","",""
"2020084396","1547","1","0","0","0","0","0","0","0","0","4","0","","67","10","2020","7","40.057984","-75.01097","1536","6","0","0","0","0","0","1","0","0","","0","0","0","","","1","","2","","40 03:28.743","3","0","75 00:39.492","2","0","1","1","67301","0","0","0","N","0","0","0","6","67301","0","","1.0","1646.0","1","N","N","N","0","","0","1","0","","3","Y","","2","1","0","0","0","0","0","2","0","2","","","","N","","","","","","","","","",""
"2020045939","1659","1","0","0","0","0","0","0","0","0","7","0","","67","5","2020","6","39.921639","-75.190574","1650","6","0","0","0","0","0","0","0","0","","0","0","0","","","2","N","0","","39 55:17.902","3","1","75 11:26.067","8","0","0","0","67301","0","0","0","N","0","0","0","2","68K01","0","","4.0","1732.0","9","N","N","N","0","","0","0","0","","0","Y","","1","2","0","0","0","2","0","2","0","1","","","","N","","","","","","","","","",""
"2020040434","1349","0","0","0","0","0","0","0","0","0","6","0","","67","5","2020","5","39.917543","-75.216914","1349","6","0","0","0","0","0","1","0","0","","0","0","0","","","2","N","0","","39 55:03.155","","0","75 13:00.889","2","0","0","0","67301","0","0","0","N","0","0","0","2","67301","0","","6.0","","1","N","N","N","0","","1","1","2","","0","","","2","2","0","0","0","0","0","2","0","2","","03","","N","","","","","","","","","",""
"2020082410","1927","1","0","0","0","0","0","0","0","0","5","0","","67","9","2020","7","39.912372","-75.148691","1917","6","0","0","0","0","0","0","0","0","","0","0","0","","","1","N","6","","39 54:44.540","1","2","75 08:55.289","3","0","0","0","67301","0","0","0","N","0","0","0","4","68K01","0","","1.0","2015.0","1","N","N","N","1","","1","0","0","","0","N","","3","1","0","0","0","0","1","2","0","3","","","","N","","","","","","","","","",""
"2020042439","1847","1","0","0","0","0","0","0","0","0","4","0","","67","5","2020","2","40.020554","-75.116263","1840","6","0","0","0","0","0","0","0","0","","0","0","0","","","1","","1","","40 01:13.994","6","0","75 06:58.546","3","0","0","1","67301","0","0","0","N","0","0","0","2","67301","0","","1.0","1722.0","1","N","N","N","0","","1","0","0","","2","Y","","2","1","1","0","0","0","0","2","0","2","","03","","N","","","","","","","","","",""
"2020043728","1730","1","0","0","0","0","0","0","0","0","1","0","","67","5","2020","7","40.0455","-75.164866","1730","6","0","0","0","0","0","1","0","0","","0","0","0","","","1","","1","","40 02:43.799","","0","75 09:53.518","8","0","0","0","67301","0","0","0","N","0","0","0","3","67301","0","","1.0","","1","N","N","N","0","","0","0","1","","2","","","2","1","0","0","0","1","2","2","0","2","","03","","N","","","","","","","","","",""
"2020041418","2150","0","0","0","0","0","0","0","0","0","0","0","","67","5","2020","2","39.954889","-75.147389","2150","6","0","0","0","0","0","0","0","0","","0","0","0","","","0","N","0","","39 57:17.600","3","2","75 08:50.600","0","0","0","1","67301","0","0","0","N","0","0","0","1","67501","0","","1.0","2200.0","1","N","N","N","0","","0","0","0","","0","Y","","1","0","0","0","0","0","0","2","0","1","","03","","N","","","","","","","","","",""
"2020041262","2332","3","0","0","0","0","0","0","0","0","1","0","","67","5","2020","3","40.043633","-75.152917","2331","6","0","0","0","0","1","0","0","0","","0","0","0","","","1","N","0","","40 02:37.080","6","0","75 09:10.500","3","0","0","0","67301","0","0","0","N","0","0","0","2","67301","0","","1.0","35.0","1","N","N","N","0","","1","0","0","","0","Y","","3","1","0","0","0","0","0","2","0","3","","03","","N","","","","","","","","","",""
"2020039700","0621","0","0","0","0","0","0","0","0","0","4","0","","67","5","2020","3","39.998705","-75.166884","0617","6","0","0","0","0","0","0","0","0","","0","0","0","","","1","","1","","39 59:55.338","","0","75 10:00.782","3","0","0","0","67301","0","0","0","N","0","0","0","2","67301","0","","1.0","","1","N","N","N","0","","1","0","2","","2","","","2","1","0","0","0","0","0","2","0","2","","","","N","","","","","","","","","",""
"2020081641","1240","2","0","0","0","0","0","0","0","0","2","0","","67","10","2020","5","40.010639","-75.137522","1230","6","0","0","1","0","0","0","0","0","","0","0","0","","","1","N","0","","40 00:38.300","","0","75 08:15.080","3","0","0","0","67301","0","0","0","N","0","0","0","3","67301","0","","1.0","","1","N","N","N","0","","1","0","0","","3","","","2","1","0","0","0","0","1","2","0","2","","03","","N","","","","","","","","","",""
"2020081330","0610","3","0","0","0","0","0","1","0","0","4","1","","67","9","2020","7","39.987821","-75.180584","0600","6","0","0","0","0","0","1","0","0","","0","0","0","","","3","N","1","","39 59:16.154","5","0","75 10:50.102","4","0","0","0","67301","0","0","0","N","0","0","0","3","67508","1","","1.0","9999.0","1","N","N","Y","3","","0","0","3","","2","Y","","11","3","1","0","0","2","0","2","1","11","","03","","N","","","","","","","","","",""
"2020083237","1311","1","0","0","0","0","0","0","0","0","1","0","","67","9","2020","5","39.958896","-75.169959","1259","6","0","0","0","0","0","0","0","0","","0","0","0","","","1","N","0","","39 57:32.026","","1","75 10:11.853","4","0","0","0","67301","0","0","0","N","0","0","0","2","68K01","1","","1.0","","1","N","N","N","0","","0","0","0","","0","","","2","1","0","0","0","0","1","2","0","2","","","","N","","","","","","","","","",""
"2020049284","2134","2","0","0","0","0","0","0","0","0","4","0","","67","5","2020","2","40.048403","-75.137645","2134","6","0","0","0","0","0","0","0","0","","0","0","0","","","0","","1","","40 02:54.250","","0","75 08:15.522","0","0","0","0","67301","0","0","0","N","0","0","0","2","67301","0","","1.0","","1","N","N","N","0","","0","0","0","","3","","","2","0","0","0","0","0","0","2","0","2","","03","","N","","","","","","","","","",""
"2020082382","0933","2","0","0","0","0","0","0","0","0","5","0","","67","9","2020","4","39.887156","-75.215726","0921","6","0","0","0","1","0","1","0","0","","0","0","0","","","1","N","0","","39 53:13.762","1","0","75 12:56.615","3","0","0","0","67301","0","0","0","N","0","0","0","3","68K01","0","","1.0","935.0","1","N","N","N","1","","1","0","0","","0","N","","3","1","0","0","0","0","0","2","0","3","","","","N","","","","","","","","","",""
"2020039699","1740","1","0","0","0","0","0","0","0","0","7","0","","67","5","2020","2","39.996838","-75.15383","1737","6","0","0","0","0","0","0","0","0","","0","0","0","","","1","","1","","39 59:48.618","","0","75 09:13.788","8","0","0","0","67301","0","0","0","N","0","0","0","1","67301","0","","4.0","","1","N","N","N","0","","0","0","0","","2","","","1","1","1","0","0","1","0","2","0","1","","","","N","","","","","","","","","",""
"2020041261","0054","0","0","0","0","0","0","0","0","0","6","0","","67","5","2020","3","40.044792","-75.153817","0054","6","0","0","0","0","0","0","0","0","","0","0","0","","","0","N","0","","40 02:41.250","5","0","75 09:13.740","0","0","0","0","67301","0","0","0","N","0","0","0","2","67301","0","","6.0","208.0","1","N","N","N","0","","0","0","2","","0","Y","","2","0","2","0","0","0","0","2","0","2","","03","","N","","","","","","","","","",""
"2020041877","1951","1","0","0","0","0","0","0","0","0","7","0","45","67","5","2020","7","39.970998","-75.123892","1933","6","0","0","0","0","1","0","0","0","","0","0","0","","","0","N","0","","39 58:15.592","1","0","75 07:26.010","0","0","0","0","67301","0","0","0","N","0","0","0","1","68K01","0","","4.0","2017.0","1","N","N","N","0","","0","0","0","","0","N","","1","0","0","0","0","0","0","2","0","1","","","N","Y","4","1","","","N","Y","","","","N"
"2020041759","2320","1","0","0","0","0","0","0","0","0","4","0","","67","5","2020","2","40.003165","-75.152455","2315","6","0","0","0","0","0","0","1","0","","0","0","0","","","1","","5","","40 00:11.393","2","0","75 09:08.837","2","0","1","1","67301","0","0","0","N","0","0","0","2","67301","0","","1.0","20.0","1","N","N","N","0","","0","1","0","","2","N","","2","1","0","0","0","0","0","2","0","2","","","","N","","","","","","","","","",""
"2020041235","1909","1","0","0","0","0","0","0","0","0","1","0","","67","5","2020","5","40.05093","-75.036136","1909","6","0","0","0","0","0","1","1","0","","0","0","0","","","1","","2","","40 03:03.348","3","0","75 02:10.090","4","0","0","0","67301","0","0","0","N","0","0","0","2","67301","1","","1.0","1910.0","1","N","N","N","1","","0","0","0","","2","N","","2","1","2","0","0","0","0","2","0","2","","03","","N","","","","","","","","","",""
"2020081965","1247","1","0","0","0","0","0","0","0","0","4","0","","67","9","2020","2","40.007284","-75.199762","1226","6","0","0","0","0","0","0","0","0","","0","0","0","","","2","N","0","","40 00:26.222","","0","75 11:59.143","3","0","0","0","67301","0","0","0","N","0","0","0","3","68K01","1","","1.0","","1","N","N","N","0","","1","0","0","","0","","","2","2","0","0","0","0","1","2","0","2","","","","N","","","","","","","","","",""
"2020042379","1243","2","0","0","0","0","0","0","0","0","4","0","","67","5","2020","5","40.021538","-75.139814","1234","6","0","0","0","0","0","1","0","0","","0","0","0","","","0","","1","","40 01:17.537","","0","75 08:23.331","0","0","0","0","67301","0","0","0","N","0","0","0","3","67301","0","","1.0","","9","N","N","N","0","","0","0","0","","2","","","2","0","0","0","0","0","0","2","0","2","","04","","N","","","","","","","","","",""
"2020081963","0459","1","0","0","0","0","0","0","0","0","1","0","","67","9","2020","1","39.977136","-75.199646","0453","6","0","0","0","0","0","0","0","0","","0","0","0","","","0","N","0","","39 58:37.690","3","0","75 11:58.725","9","0","0","0","67301","0","0","0","N","0","0","0","2","68K01","0","","1.0","510.0","9","N","N","N","0","","0","0","0","","0","N","","2","0","0","0","0","0","1","2","0","2","","07","","N","","","","","","","","","",""
"2020041248","2343","1","0","0","0","0","0","0","0","0","4","0","","67","5","2020","4","40.003924","-75.220699","2340","6","0","0","0","0","0","0","0","0","","0","0","0","","","1","","1","","40 00:14.125","","0","75 13:14.515","8","0","0","0","67301","0","0","0","N","0","0","0","3","67301","0","","1.0","","1","N","N","N","0","","0","0","1","","2","","","2","1","0","0","0","1","0","2","0","2","","03","","N","","","","","","","","","",""
"2020083339","1635","1","0","0","0","0","0","0","0","0","1","0","","67","9","2020","5","39.961221","-75.182403","1622","6","0","0","0","0","0","0","0","0","","0","0","0","","","1","","7","","39 57:40.397","","99","75 10:56.651","3","0","0","0","67301","0","0","0","N","0","0","0","1","67301","0","","9.0","","99","N","N","N","0","","1","0","0","","0","U","","2","1","0","0","0","0","0","2","0","2","","","","N","","","","","","","","","",""
"2020042699","1150","2","0","0","0","0","0","0","0","0","4","0","15","67","5","2020","6","40.055849","-75.127056","1143","6","0","0","0","0","0","1","0","0","","0","0","0","","","0","","1","","40 03:21.055","","0","75 07:37.401","0","0","0","0","67301","0","0","0","N","0","0","0","2","67301","0","","1.0","","1","N","N","N","0","","0","0","0","","2","","","2","0","0","0","0","0","0","2","0","2","","04","Y","Y","4","1","N","N","N","Y","N","N","N","N"
"2020041245","0020","2","0","0","0","0","0","0","0","0","5","0","","67","5","2020","1","39.956996","-75.247937","0019","6","0","0","0","0","0","0","1","0","","0","0","0","","","2","N","0","","39 57:25.187","","0","75 14:52.572","8","0","0","0","67301","0","0","0","N","0","0","0","3","67301","0","","1.0","","1","N","N","N","0","","0","0","0","","0","","","2","2","0","0","0","2","0","2","0","2","","","","N","","","","","","","","","",""
"2020041223","1926","0","0","0","0","0","0","0","0","0","2","0","","67","5","2020","1","40.062483","-74.983839","1923","6","0","0","0","0","0","0","0","0","","0","0","0","","","2","","2","","40 03:44.940","","0","74 59:01.820","3","0","0","0","67301","0","0","0","N","0","0","0","2","67301","0","","1.0","","1","N","N","N","1","","2","0","1","","0","","","2","2","0","0","0","0","0","2","0","2","","","","N","","","","","","","","","",""
"2020082125","1655","1","0","0","0","0","0","0","0","0","6","0","","67","10","2020","1","40.084773","-74.964464","1655","6","0","0","0","0","0","2","0","0","","0","0","0","","","2","","1","","40 05:05.184","2","0","74 57:52.071","4","0","0","0","67301","0","0","0","N","0","0","0","2","67301","2","","1.0","1720.0","1","N","N","N","0","","0","0","1","","3","N","","2","2","0","0","0","0","0","2","0","2","","03","","N","","","","","","","","","",""
"2020042304","1645","0","0","0","0","0","0","0","0","0","8","0","","67","5","2020","2","40.089449","-74.97644","1640","6","0","0","0","0","0","0","0","0","","0","0","0","","","1","","1","","40 05:22.016","","0","74 58:35.184","2","0","0","0","67301","1","0","1","N","1","0","1","2","67301","0","","1.0","","1","N","N","N","0","","0","1","0","","3","","","2","1","0","0","0","0","1","2","0","1","","03","","N","","","","","","","","","",""
"2020045920","0406","0","0","0","0","0","0","0","0","0","7","0","","67","5","2020","4","40.018854","-75.046874","0354","6","0","0","0","0","0","0","0","0","","0","0","0","","","2","N","0","","40 01:07.873","2","0","75 02:48.747","8","0","0","0","67301","0","0","0","N","0","0","0","2","68K01","0","","2.0","30.0","1","N","N","N","0","","0","0","1","","0","N","","1","2","0","0","0","2","0","2","0","1","","03","","N","","","","","","","","","",""
"2020041545","2030","0","0","0","0","0","0","0","0","0","6","0","","67","5","2020","2","40.056278","-75.183097","2020","6","0","0","0","0","0","0","0","0","","0","0","0","","","0","N","0","","40 03:22.600","","0","75 10:59.150","0","0","0","0","67301","0","0","0","N","0","0","0","1","67301","0","","6.0","","1","N","N","N","0","","0","0","3","","0","","","3","0","0","0","0","0","0","2","0","3","","03","","N","","","","","","","","","",""
"2020083912","0930","1","0","0","0","0","0","0","0","0","4","0","","67","10","2020","6","40.102455","-75.028757","0924","6","0","0","0","0","0","0","0","0","","0","0","0","","","0","N","1","","40 06:08.839","","0","75 01:43.524","0","0","0","0","67301","0","0","0","N","0","0","0","2","67301","0","","1.0","","1","N","N","N","0","","0","0","1","","2","","","2","0","0","0","0","0","0","2","0","2","","","","N","","","","","","","","","",""
"2020081734","1850","1","0","0","0","0","0","0","0","0","1","0","","67","9","2020","4","39.962658","-75.164708","1846","6","0","0","0","0","0","1","0","0","","0","0","0","","","1","N","0","","39 57:45.570","","0","75 09:52.950","8","0","0","0","67301","0","0","0","N","0","0","0","2","67301","0","","1.0","","1","N","N","N","1","","0","0","0","","0","","","2","1","0","0","0","1","0","2","0","2","","","","N","","","","","","","","","",""
"2020083227","1606","2","0","0","0","0","0","0","0","0","1","0","","67","9","2020","1","39.980286","-75.205513","1606","6","0","0","0","0","0","0","0","0","","0","0","0","","","2","N","0","","39 58:49.030","","0","75 12:19.846","3","0","0","0","67301","0","0","0","N","0","0","0","6","68K01","0","","1.0","","1","N","N","N","0","","2","0","0","","0","","","2","2","0","0","0","0","0","2","0","2","","","","N","","","","","","","","","",""
"2020083454","1001","1","0","0","0","0","0","0","0","0","5","0","","67","10","2020","4","40.028531","-75.057901","0955","6","0","0","0","0","0","0","0","0","","0","1","0","","","0","","1","","40 01:42.712","1","0","75 03:28.445","0","0","0","0","67301","0","0","0","N","0","0","0","3","67301","0","","1.0","1200.0","1","N","N","N","0","","0","0","0","","2","N","","3","0","0","0","0","0","0","2","0","3","","03","","N","","","","","","","","","",""
"2020039329","1841","0","0","0","0","0","0","0","0","0","4","0","","67","5","2020","1","39.946058","-75.241908","1840","6","0","0","0","0","0","1","0","0","","0","0","0","","","0","","1","","39 56:45.810","","0","75 14:30.870","0","0","0","0","67301","0","0","0","N","0","0","0","2","67301","0","","1.0","","1","N","N","N","1","","0","0","1","","2","","","2","0","0","0","0","0","0","2","0","2","","03","","N","","","","","","","","","",""
"2020042305","0855","0","0","0","0","0","0","0","0","0","4","0","","67","5","2020","3","40.099146","-74.986864","0846","6","0","0","0","0","0","1","0","0","","0","0","0","","","2","","1","","40 05:56.927","3","2","74 59:12.712","3","0","0","0","67301","0","0","0","N","0","0","0","4","67301","0","","1.0","959.0","1","N","N","N","0","","2","0","1","","2","Y","","3","2","0","0","0","0","0","2","2","3","","","","N","","","","","","","","","",""
"2020045938","1635","1","0","0","0","0","0","0","0","0","7","0","","67","5","2020","6","39.886802","-75.20567","1630","6","0","0","0","0","0","0","0","0","","0","0","0","","","0","N","0","","39 53:12.488","","0","75 12:20.413","0","0","0","0","67301","0","0","0","N","0","0","0","1","68K01","0","","2.0","","9","N","N","N","0","","0","0","0","","0","","","1","0","0","0","0","0","0","2","0","1","","07","","N","","","","","","","","","",""
"2020039635","1621","2","0","0","0","0","0","0","0","0","1","0","","67","5","2020","1","40.096789","-74.977119","1620","6","0","0","0","0","0","2","1","0","","0","0","0","","","1","Y","0","","40 05:48.440","3","0","74 58:37.630","3","0","0","0","67301","0","0","0","N","0","0","0","3","67301","0","","1.0","1730.0","1","N","N","N","0","","1","0","1","","2","Y","","3","1","0","0","0","0","0","2","0","3","","03","","N","","","","","","","","","",""
"2020041255","1900","1","0","0","0","0","0","0","0","0","4","0","","67","5","2020","7","39.990427","-75.115966","1900","6","0","0","0","0","0","0","0","0","","0","0","0","","","1","","2","","39 59:25.537","","0","75 06:57.477","3","0","0","0","67301","0","0","0","N","0","0","0","3","67301","0","","1.0","","1","N","N","N","1","","1","0","0","","2","","","2","1","0","0","0","0","2","2","0","2","","","","N","","","","","","","","","",""
"2020042962","1816","2","0","0","0","0","0","0","0","0","1","0","","67","5","2020","6","39.893913","-75.220361","1800","6","0","0","0","0","0","1","0","0","","0","0","0","","","1","N","0","","39 53:38.087","","3","75 13:13.299","4","0","0","0","67301","0","0","0","N","0","0","0","4","67301","1","","1.0","","9","N","N","N","0","","0","0","1","","0","","","3","1","0","0","0","0","0","2","0","3","","07","","N","","","","","","","","","",""
"2020042966","2120","0","0","0","0","0","0","0","0","0","1","0","","67","5","2020","2","39.923253","-75.220476","2120","6","0","0","0","0","0","0","0","0","","0","0","0","","","1","","2","","39 55:23.710","","0","75 13:13.713","3","0","0","0","67301","0","0","0","N","0","0","0","4","67301","0","","1.0","","1","N","N","N","0","","1","0","1","","2","","","2","1","0","0","0","0","0","2","1","2","","","","N","","","","","","","","","",""
"2020045943","0730","0","0","0","0","0","0","0","0","0","7","0","","67","5","2020","7","39.960431","-75.181473","0725","6","0","0","0","0","0","0","0","0","","0","0","0","","","1","N","0","","39 57:37.551","3","0","75 10:53.303","4","0","0","0","67301","0","0","0","N","0","0","0","1","68K01","1","","2.0","100.0","9","N","N","N","0","","0","0","1","","0","N","","1","1","0","0","0","0","0","2","0","1","","","","N","","","","","","","","","",""
"2020045951","0939","1","0","0","0","0","0","0","0","0","7","0","","67","5","2020","7","39.947024","-75.142293","0939","6","0","0","0","0","0","0","0","0","","0","0","0","","","0","N","0","","39 56:49.287","","0","75 08:32.253","0","0","0","0","67301","0","0","0","N","0","0","0","1","68K01","0","","3.0","","9","N","N","Y","0","","0","0","0","","0","","","1","0","0","0","0","0","0","2","0","1","","","","N","","","","","","","","","",""
"2020040211","1617","0","0","0","0","0","0","0","0","0","4","0","","67","5","2020","4","40.029422","-75.124695","1617","6","0","0","0","0","0","0","0","0","","0","0","0","","","0","","1","","40 01:45.919","","0","75 07:28.901","0","0","0","0","67301","0","0","0","N","0","0","0","4","67301","0","","1.0","","1","N","N","Y","0","","0","0","2","","2","","","3","0","0","0","0","0","0","2","1","3","","","","N","","","","","","","","","",""
"2020041757","1947","2","0","0","0","0","0","0","0","0","3","0","","67","5","2020","3","40.029637","-75.150921","1947","6","0","0","0","0","0","0","0","0","","0","0","0","","","0","N","1","","40 01:46.693","","0","75 09:03.315","0","0","0","0","67301","0","0","0","N","0","0","0","2","67301","0","","1.0","","1","N","N","N","0","","0","0","0","","0","","","2","0","0","0","0","0","0","2","0","2","","03","","N","","","","","","","","","",""
"2020041558","2132","1","0","0","0","0","0","0","0","0","8","0","","67","5","2020","2","40.015931","-75.153871","2131","6","0","0","0","0","0","0","0","0","","0","0","0","","","1","","1","","40 00:57.350","","0","75 09:13.935","3","0","0","0","67301","1","0","0","N","1","0","0","2","67301","0","","1.0","","1","N","N","N","0","","1","0","0","","2","","","2","1","0","0","0","0","0","2","0","1","","","","N","","","","","","","","","",""
"2020081935","2352","2","0","0","0","0","0","0","0","0","2","0","","67","10","2020","6","40.018906","-75.14723","2346","6","0","0","0","0","0","2","0","0","","0","1","0","","","0","","1","","40 01:08.061","1","0","75 08:50.029","0","0","0","0","67301","0","0","0","N","0","0","0","8","67301","0","","1.0","200.0","1","N","N","N","0","","0","0","1","","2","N","","4","0","0","0","0","0","0","2","0","4","","03","","N","","","","","","","","","",""
"2020041424","1707","1","0","0","0","0","0","0","0","0","5","0","","67","5","2020","6","40.036343","-75.015933","1707","6","0","0","0","0","0","0","0","0","","0","0","0","","","0","N","0","","40 02:10.835","","0","75 00:57.358","0","0","0","0","67301","0","0","0","N","0","0","0","3","68K01","0","","1.0","","9","N","N","N","0","","0","0","1","","0","","","2","0","0","0","0","0","0","2","0","2","","","","N","","","","","","","","","",""
"2020041542","1528","0","0","1","0","0","0","0","0","0","2","0","","67","5","2020","7","40.025697","-75.202897","1524","6","0","0","0","0","0","0","0","0","","0","0","0","","","3","N","0","","40 01:32.509","5","0","75 12:10.428","2","0","0","0","67301","0","0","0","N","0","0","0","5","67301","0","","1.0","400.0","9","N","N","N","1","","2","1","1","","0","Y","","2","3","0","0","0","0","2","2","0","2","","98","","N","","","","","","","","","",""
"2020042375","0945","0","0","0","0","0","0","0","0","0","4","0","","67","5","2020","3","39.937519","-75.164014","0940","6","0","0","0","0","0","2","0","0","","0","0","0","","","0","N","0","","39 56:15.070","","0","75 09:50.450","0","0","0","0","67301","0","0","0","N","0","0","0","2","67301","0","","1.0","","1","N","N","N","2","","0","0","0","","0","","","2","0","0","0","0","0","0","2","0","2","","03","","N","","","","","","","","","",""
"2020044547","2105","3","0","0","0","0","0","0","0","0","4","0","","67","6","2020","7","39.981923","-75.122164","2100","6","0","0","0","0","0","1","0","0","","0","0","0","","","1","","1","","39 58:54.922","","0","75 07:19.790","3","0","0","0","67301","0","0","0","N","0","0","0","2","67301","0","","1.0","","1","N","N","N","0","","1","0","1","","3","","","4","1","0","0","0","0","0","2","0","4","","03","","N","","","","","","","","","",""
"2020040577","1412","0","0","0","0","0","0","0","0","0","4","0","","67","5","2020","1","39.950246","-75.164112","1408","6","0","0","0","0","0","0","0","0","","0","0","0","","","1","N","0","","39 57:00.884","1","0","75 09:50.802","2","0","1","1","67301","0","0","0","N","0","0","0","2","67301","0","","1.0","1500.0","1","N","N","N","0","","0","1","1","","0","N","","2","1","0","0","0","0","0","2","0","2","","03","","N","","","","","","","","","",""
"2020041226","1819","2","0","0","0","0","0","0","0","0","4","0","","67","5","2020","7","39.923927","-75.222089","1819","6","0","0","0","0","0","0","0","0","","0","0","0","","","0","","1","","39 55:26.137","","0","75 13:19.522","9","0","0","0","67301","0","0","0","N","0","0","0","2","67301","0","","1.0","","1","N","N","N","0","","0","0","0","","2","","","2","0","0","0","0","0","1","2","0","2","","03","","N","","","","","","","","","",""
"2020040490","0405","1","0","0","0","0","0","0","0","0","5","0","","67","5","2020","5","39.955167","-75.248323","0342","6","0","0","0","0","0","1","0","0","","0","0","0","","","1","N","0","","39 57:18.602","","0","75 14:53.962","3","0","0","0","67301","0","0","0","N","0","0","0","1","67301","0","","6.0","","1","N","N","N","0","","1","0","4","","0","","","5","1","0","0","0","0","0","2","0","5","","03","","N","","","","","","","","","",""
"2020041250","1900","1","0","0","0","0","0","0","0","0","4","0","","67","5","2020","7","39.965831","-75.233904","1858","6","0","0","0","0","0","1","0","0","","0","0","0","","","1","","1","","39 57:56.991","3","0","75 14:02.054","3","0","0","0","67301","0","0","0","N","0","0","0","2","67301","0","","1.0","2000.0","1","N","N","N","1","","1","0","0","","2","Y","","2","1","0","0","0","0","0","2","0","2","","","","N","","","","","","","","","",""
"2020041268","2250","2","0","0","0","0","0","0","0","0","1","0","","67","5","2020","5","40.018542","-75.167095","2230","6","0","0","0","0","0","0","0","0","","0","0","0","","","2","","6","","40 01:06.752","","2","75 10:01.543","3","0","0","0","67301","0","0","0","N","0","0","0","4","67301","0","","7.0","","1","N","N","N","0","","2","0","0","","4","","","2","2","0","0","0","0","0","2","0","2","","03","","N","","","","","","","","","",""
"2020081745","1820","1","0","0","0","0","0","0","0","0","6","0","","67","10","2020","6","39.997291","-75.089436","1817","6","0","0","0","0","0","0","1","0","","0","0","0","","","1","","1","","39 59:50.247","","0","75 05:21.971","3","0","0","0","67301","0","0","0","N","0","0","0","2","67301","0","","1.0","","1","N","N","N","0","","1","0","1","","2","","","2","1","0","0","0","0","0","2","0","2","","03","","N","","","","","","","","","",""
"2020045270","1520","1","0","0","0","0","0","0","0","0","4","0","","67","6","2020","3","40.013889","-75.125722","1516","6","0","0","0","0","0","0","0","0","","0","0","0","","","0","N","0","","40 00:50.000","6","7","75 07:32.600","9","0","0","0","67301","0","0","0","N","0","0","0","2","67301","0","","1.0","1600.0","1","N","N","N","0","","0","0","0","","0","Y","","2","0","1","0","0","0","1","2","1","2","","03","","N","","","","","","","","","",""
"2020091421","2252","1","0","0","0","0","0","0","0","0","8","0","","67","10","2020","6","40.039151","-75.110002","2247","6","0","0","0","0","0","0","0","0","","0","0","0","","","1","","1","","40 02:20.942","","0","75 06:36.006","3","0","0","0","67301","1","0","0","N","1","0","0","1","67301","0","","1.0","","9","N","N","N","0","","1","0","0","","0","","","2","1","0","0","0","0","0","2","0","1","","04","","N","","","","","","","","","",""