"CRN","ARRIVAL_TM","AUTOMOBILE_COUNT","BELTED_DEATH_COUNT","BELTED_SUSP_SERIOUS_INJ_COUNT","BICYCLE_COUNT","BICYCLE_DEATH_COUNT","BICYCLE_SUSP_SERIOUS_INJ_COUNT","BUS_COUNT","CHLDPAS_DEATH_COUNT","CHLDPAS_SUSP_SERIOUS_INJ_COUNT","COLLISION_TYPE","COMM_VEH_COUNT","CONS_ZONE_SPD_LIM","COUNTY","CRASH_MONTH","CRASH_YEAR","DAY_OF_WEEK","DEC_LATITUDE","DEC_LONGITUDE","DISPATCH_TM","DISTRICT","DRIVER_COUNT_16YR","DRIVER_COUNT_17YR","DRIVER_COUNT_18YR","DRIVER_COUNT_19YR","DRIVER_COUNT_20YR","DRIVER_COUNT_50_64YR","DRIVER_COUNT_65_74YR","DRIVER_COUNT_75PLUS","EST_HRS_CLOSED","FATAL_COUNT","HEAVY_TRUCK_COUNT","HORSE_BUGGY_COUNT","HOUR_OF_DAY","ILLUMINATION","INJURY_COUNT","INTERSECTION_RELATED","INTERSECT_TYPE","LANE_CLOSED","LATITUDE","LN_CLOSE_DIR","LOCATION_TYPE","LONGITUDE","MAX_SEVERITY_LEVEL","MCYCLE_DEATH_COUNT","MCYCLE_SUSP_SERIOUS_INJ_COUNT","MOTORCYCLE_COUNT","MUNICIPALITY","NONMOTR_COUNT","NONMOTR_DEATH_COUNT","NONMOTR_SUSP_SERIOUS_INJ_COUNT","NTFY_HIWY_MAINT","PED_COUNT","PED_DEATH_COUNT","PED_SUSP_SERIOUS_INJ_COUNT","PERSON_COUNT","POLICE_AGCY","POSSIBLE_INJ_COUNT","RDWY_SURF_TYPE_CD","RELATION_TO_ROAD","ROADWAY_CLEARED","ROAD_CONDITION","SCH_BUS_IND","SCH_ZONE_IND","SECONDARY_CRASH","SMALL_TRUCK_COUNT","SPEC_JURIS_CD","SUSP_MINOR_INJ_COUNT","SUSP_SERIOUS_INJ_COUNT","SUV_COUNT","TCD_FUNC_CD","TCD_TYPE","TFC_DETOUR_IND","TIME_OF_DAY","TOTAL_UNITS","TOT_INJ_COUNT","UNBELTED_OCC_COUNT","UNB_DEATH_COUNT","UNB_SUSP_SERIOUS_INJ_COUNT","UNK_INJ_DEG_COUNT","UNK_INJ_PER_COUNT","URBAN_RURAL","VAN_COUNT","VEHICLE_COUNT","WEATHER1","WEATHER2","WORKERS_PRES","WORK_ZONE_IND","WORK_ZONE_LOC","WORK_ZONE_TYPE","WZ_CLOSE_DETOUR","WZ_FLAGGER","WZ_LAW_OFFCR_IND","WZ_LN_CLOSURE","WZ_MOVING","WZ_OTHER","WZ_SHLDER_MDN","WZ_WORKERS_INJ_KILLED"
"2020040003","1751","0","0","0","0","0","0","0","0","0","8","0","","67","5","2020","2","39.995346","-75.112374","1751","6","0","0","0","0","0","0","0","0","","0","0","0","","","1","N","0","","39 59:43.247","","0","75 06:44.546","3","0","0","0","67301","1","0","0","N","1","0","0","2","67301","0","","1.0","","1","N","N","N","0","","1","0","1","","0","","","2","1","0","0","0","0","1","2","0","1","","","","N","","","","","","","","","",""
"2020045950","0932","1","0","0","0","0","0","0","0","0","7","0","","67","5","2020","7","39.982775","-75.20784","0931","6","0","0","0","0","0","0","0","0","","0","0","0","","","1","N","0","","39 58:57.991","4","0","75 12:28.224","4","0","0","0","67301","0","0","0","N","0","0","0","1","68K01","1","","3.0","950.0","9","N","N","N","0","","0","0","0","","0","N","","1","1","1","0","0","0","0","2","0","1","","","","N","","","","","","","","","",""
"2020040186","0133","1","0","0","0","0","0","0","0","0","7","0","","67","5","2020","3","39.959913","-75.179103","0127","6","0","0","0","0","0","0","0","0","","0","0","0","","","0","N","0","","39 57:35.688","","0","75 10:44.771","0","0","0","0","67301","0","0","0","N","0","0","0","2","68K01","0","","4.0","","1","N","N","N","0","","0","0","0","","0","","","1","0","0","0","0","0","0","2","0","1","","","","N","","","","","","","","","",""
"2020081743","0030","2","0","0","0","0","0","0","0","0","4","0","","67","10","2020","7","40.047079","-75.163181","0028","6","0","0","0","0","0","0","0","0","","0","0","0","","","0","","1","","40 02:49.483","","0","75 09:47.450","0","0","0","0","67301","0","0","0","N","0","0","0","2","67301","0","","1.0","","1","N","N","Y","0","","0","0","1","","0","","","3","0","0","0","0","0","0","2","0","3","","","","N","","","","","","","","","",""
"2020039324","1900","1","0","0","0","0","0","0","0","0","4","0","","67","5","2020","1","39.957191","-75.158716","1900","6","0","0","0","0","0","1","0","0","","0","0","0","","","0","","1","","39 57:25.888","2","3","75 09:31.377","0","0","0","0","67301","0","0","0","N","0","0","0","2","67301","0","","1.0","1930.0","1","N","N","N","0","","0","0","0","","2","Y","","2","0","1","0","0","0","0","2","1","2","","03","","N","","","","","","","","","",""
"2020091352","0155","0","0","0","0","0","0","0","0","0","4","0","","67","10","2020","2","40.023345","-75.134295","0143","6","0","0","0","0","0","0","0","0","","0","1","0","","","0","N","0","","40 01:24.042","2","0","75 08:03.462","0","0","0","0","67301","0","0","0","N","0","0","0","1","67301","0","","1.0","300.0","9","N","N","N","0","","0","0","1","","2","Y","","2","0","0","0","0","0","0","2","0","2","","07","","N","","","","","","","","","",""
"2020041459","1913","1","0","0","0","0","0","0","0","0","7","0","","67","5","2020","2","40.021518","-75.039843","1906","6","0","0","0","0","1","0","0","0","","0","0","0","","","2","N","0","","40 01:17.464","1","0","75 02:23.436","8","0","0","0","67301","0","0","0","N","0","0","0","2","68K01","0","","3.0","1927.0","1","N","N","N","0","","0","0","0","","0","N","","1","2","0","0","0","2","0","2","0","1","","03","","N","","","","","","","","","",""
"2020083029","1405","0","0","0","0","0","0","0","0","0","8","0","","67","10","2020","2","39.992978","-75.128461","1356","6","0","0","0","0","0","0","1","0","","0","0","0","","","1","","1","","39 59:34.722","","0","75 07:42.458","8","0","0","0","67301","1","0","0","N","1","0","0","2","67301","0","","1.0","","1","N","N","N","0","","0","0","1","","0","","","2","1","0","0","0","1","0","2","0","1","","03","","N","","","","","","","","","",""
"2020041834","0817","0","0","0","0","0","0","0","0","0","4","0","","67","5","2020","3","39.973555","-75.208895","0815","6","0","0","0","0","0","2","0","0","","0","0","0","","","2","","2","","39 58:24.799","","0","75 12:32.023","3","0","0","0","67301","0","0","0","N","0","0","0","3","67301","0","","1.0","","1","N","N","N","1","","2","0","1","","2","","","2","2","3","0","0","0","0","2","0","2","","03","","N","","","","","","","","","",""
"2020041254","0020","3","0","0","0","0","0","0","0","0","4","0","","67","5","2020","2","39.990003","-75.160369","0014","6","0","0","0","0","0","0","0","0","","0","0","0","","","0","","1","","39 59:24.010","4","0","75 09:37.328","0","0","0","0","67301","0","0","0","N","0","0","0","2","67301","0","","1.0","200.0","1","N","N","N","1","","0","0","0","","2","Y","","4","0","0","0","0","0","0","2","0","4","","","","N","","","","","","","","","",""
"2020081857","1123","2","0","0","0","0","0","0","0","0","4","0","","67","10","2020","7","40.050023","-74.987722","1116","6","0","0","0","0","0","1","0","0","","0","0","0","","","2","N","0","","40 03:00.084","","0","74 59:15.798","3","0","0","0","67301","0","0","0","N","0","0","0","3","67301","0","","6.0","","1","N","N","N","0","","1","0","1","","0","","","3","2","0","0","0","1","0","2","0","3","","03","","N","","","","","","","","","",""
"2020083209","1727","1","0","0","0","0","0","0","0","0","1","0","","67","9","2020","1","39.977003","-75.198152","1723","6","0","0","0","0","0","0","0","0","","0","0","0","","","0","N","0","","39 58:37.211","","0","75 11:53.348","0","0","0","0","67301","0","0","0","N","0","0","0","3","68K01","0","","1.0","","1","N","N","Y","0","","0","0","2","","0","","","3","0","0","0","0","0","0","2","0","3","","03","","N","","","","","","","","","",""
"2020039655","2257","3","0","0","0","0","0","0","0","0","6","0","","67","5","2020","1","39.966383","-75.228373","2256","6","0","0","0","1","0","0","0","0","","0","0","0","","","1","N","0","","39 57:58.979","6","0","75 13:42.144","3","0","0","0","67301","0","0","0","N","0","0","0","1","67301","0","","6.0","2340.0","1","N","N","N","0","","1","0","1","","0","Y","","5","1","0","0","0","0","0","2","1","5","","03","","N","","","","","","","","","",""
"2020082464","1908","2","0","0","0","0","0","0","0","0","2","0","","67","10","2020","2","39.978675","-75.157803","1907","6","0","1","0","0","0","0","0","0","","0","0","0","","","1","N","1","","39 58:43.230","","0","75 09:28.092","3","0","0","0","67301","0","0","0","N","0","0","0","2","67505","0","","1.0","","1","N","N","N","0","","1","0","0","","2","","","2","1","0","0","0","0","0","2","0","2","","03","","N","","","","","","","","","",""
"2020082395","2349","0","0","0","0","0","0","0","0","0","0","0","","67","9","2020","6","40.033999","-75.01995","2340","6","0","0","0","0","0","2","0","0","","1","0","0","","","1","N","0","","40 02:02.396","2","3","75 01:11.821","1","1","1","2","67301","0","0","0","N","0","0","0","2","68K01","0","1","1.0","200.0","1","N","N","N","0","0","0","1","0","","0","N","","2","1","0","0","0","0","0","2","0","2","","","","N","","","","","","","","","",""
"2020041246","1135","2","0","0","0","0","0","0","0","0","1","0","","67","5","2020","4","39.983089","-75.238347","1133","6","0","0","0","0","0","0","0","0","","0","0","0","","","0","N","0","","39 58:59.120","","3","75 14:18.050","9","0","0","0","67301","0","0","0","N","0","0","0","2","67301","0","","1.0","","1","N","N","N","0","","0","0","0","","0","","","2","0","0","0","0","0","1","2","0","2","","","","N","","","","","","","","","",""
"2020083297","2125","0","0","0","0","0","0","0","0","0","0","0","","67","10","2020","7","39.988063","-75.089185","2120","6","0","0","0","0","0","0","0","0","","0","0","0","","","1","N","0","","39 59:17.027","2","0","75 05:21.065","8","0","0","1","67301","0","0","0","N","0","0","0","1","68K01","0","","1.0","15.0","1","N","N","N","0","","0","0","0","","0","N","","1","1","0","0","0","1","0","2","0","1","","","","N","","","","","","","","","",""
"2020041253","0554","2","0","0","0","0","0","0","0","0","5","0","","67","5","2020","7","39.989053","-75.153089","0532","6","0","0","0","0","0","0","0","0","","0","0","0","","","0","N","0","","39 59:20.590","","0","75 09:11.120","9","0","0","0","67301","0","0","0","N","0","0","0","1","67301","0","","6.0","","9","N","N","N","0","","0","0","0","","0","","","2","0","0","0","0","0","1","2","0","2","","07","","N","","","","","","","","","",""
"2020083026","1700","2","0","0","0","0","0","0","0","0","1","1","","67","9","2020","1","39.989181","-75.103392","1700","6","0","0","0","0","0","1","0","0","","0","1","0","","","0","N","0","","39 59:21.050","","0","75 06:12.210","0","0","0","0","67301","0","0","0","N","0","0","0","1","67301","0","","6.0","","1","N","N","N","0","","0","0","0","","0","","","4","0","1","0","0","0","0","2","1","4","","03","","N","","","","","","","","","",""
"2020043141","1643","0","0","0","0","0","0","0","0","0","1","0","","67","5","2020","2","39.955222","-75.147111","1640","6","0","0","0","0","0","1","0","0","","0","0","0","","","1","N","0","","39 57:18.800","4","3","75 08:49.600","3","0","0","0","67301","0","0","0","N","0","0","0","2","67501","0","","1.0","1714.0","1","N","N","N","0","","1","0","2","","0","N","","2","1","0","0","0","0","0","2","0","2","","03","","N","","","","","","","","","",""
"2020039040","0136","1","0","0","0","0","0","0","0","0","5","0","","67","5","2020","7","40.057847","-75.147156","0131","6","0","0","0","0","0","0","0","0","","0","0","0","","","1","N","0","","40 03:28.250","","0","75 08:49.760","3","0","0","0","67301","0","0","0","N","0","0","0","2","67301","0","","6.0","","1","N","N","N","2","","1","0","1","","0","","","4","1","1","0","0","0","1","2","0","4","","","","N","","","","","","","","","",""
"2020039657","0142","1","0","0","0","0","0","0","0","0","7","0","","67","5","2020","2","","","0138","6","0","0","0","0","0","1","0","0","","0","0","0","","","1","N","0","","","7","0","","2","0","0","0","67301","0","0","0","N","0","0","0","1","67301","0","","4.0","340.0","1","N","N","N","0","","0","1","0","","0","Y","","1","1","0","0","0","0","0","1","0","1","","03","","N","","","","","","","","","",""
"2020091216","0233","1","0","0","0","0","0","0","0","0","1","0","","67","10","2020","1","39.965929","-75.136079","0226","6","0","0","0","0","0","0","0","0","","0","0","0","","","0","N","0","","39 57:57.343","","0","75 08:09.884","0","0","0","0","67301","0","0","0","N","0","0","0","4","68K01","0","","1.0","","1","N","N","Y","1","","0","0","0","","0","","","2","0","0","0","0","0","0","2","0","2","","","","N","","","","","","","","","",""
"2020045958","0648","1","0","0","0","0","0","0","0","0","7","0","","67","5","2020","2","40.03329","-75.020227","0643","6","0","0","0","0","0","0","0","0","","0","0","0","","","0","N","0","","40 01:59.845","1","0","75 01:12.818","0","0","0","0","67301","0","0","0","N","0","0","0","1","68K01","0","","4.0","720.0","9","N","N","N","0","","0","0","0","","0","N","","1","0","1","0","0","0","0","2","0","1","","","","N","","","","","","","","","",""
"2020041555","1056","2","0","0","0","0","0","0","0","0","2","0","","67","5","2020","1","39.977519","-75.124189","1055","6","0","0","0","0","0","1","0","0","","0","0","0","","","0","N","0","","39 58:39.070","","0","75 07:27.080","0","0","0","0","67301","0","0","0","N","0","0","0","2","67301","0","","1.0","","1","N","N","N","1","","0","0","1","","0","","","4","0","0","0","0","0","0","2","0","4","","","","N","","","","","","","","","",""
"2020045927","1004","1","0","0","0","0","0","0","0","0","1","0","30","67","5","2020","5","39.999494","-75.084604","0958","6","0","0","0","0","0","0","1","0","","0","0","0","","","3","","3","","39 59:58.179","","8","75 05:04.576","4","0","0","0","67301","0","0","0","N","0","0","0","4","68K01","3","","1.0","","1","N","N","N","1","","0","0","0","","3","","","2","3","0","0","0","0","0","2","0","2","","","Y","Y","4","1","N","N","N","N","N","N","Y","N"
"2020083665","2038","1","0","0","0","0","0","0","0","0","1","0","45","67","10","2020","2","39.90175","-75.151911","2038","6","0","0","0","0","0","0","0","0","","0","0","0","","","1","N","0","","39 54:06.300","","0","75 09:06.878","3","0","0","0","67301","0","0","0","N","0","0","0","5","68K01","0","","1.0","","1","N","N","N","0","","1","0","0","","0","","","2","1","0","0","0","0","0","2","1","2","","03","Y","Y","2","2","N","N","Y","Y","N","N","Y","N"
"2020083275","1047","1","0","0","0","0","0","0","0","0","5","0","","67","9","2020","4","39.957176","-75.157314","1024","6","0","0","0","0","0","2","0","0","","0","0","0","","","1","N","0","","39 57:25.833","3","0","75 09:26.332","8","0","0","0","67301","0","0","0","N","0","0","0","2","68K01","0","","1.0","100.0","1","N","N","N","1","","0","0","0","","0","Y","","2","1","0","0","0","1","0","2","0","2","","03","","N","","","","","","","","","",""
"2020041258","2212","0","0","0","0","0","0","0","0","0","0","0","","67","5","2020","5","40.02013","-75.114333","2210","6","0","0","0","0","0","0","0","0","","0","0","0","","","1","N","0","","40 01:12.469","","0","75 06:51.599","3","0","0","1","67301","0","0","0","N","0","0","0","1","67301","0","","1.0","","1","N","N","N","0","","1","0","0","","0","","","1","1","0","0","0","0","0","2","0","1","","03","","N","","","","","","","","","",""
"2020042964","0324","0","0","0","0","0","0","0","0","0","7","0","","67","5","2020","2","39.944625","-75.221542","0324","6","0","0","0","0","0","0","0","0","","0","0","0","","","1","","11","","39 56:40.650","","0","75 13:17.550","3","0","0","0","67301","0","0","0","N","0","0","0","1","67301","0","","4.0","","1","N","N","N","0","","1","0","1","","3","","","1","1","0","0","0","0","0","2","0","1","","03","","N","","","","","","","","","",""
"2020084013","1400","0","0","0","0","0","0","0","0","0","0","0","","67","9","2020","4","40.007586","-75.072401","1338","6","0","0","0","0","1","0","0","0","","0","0","0","","","1","N","0","","40 00:27.308","2","0","75 04:20.642","3","0","0","0","67301","0","0","0","N","0","0","0","1","68K01","0","","1.0","1413.0","1","N","N","N","0","","1","0","1","","0","N","","1","1","0","0","0","0","0","2","0","1","","","","N","","","","","","","","","",""
"2020045945","0834","0","0","0","0","0","0","0","0","0","7","0","","67","5","2020","7","39.960217","-75.180597","0823","6","0","0","0","0","0","0","0","0","","0","0","0","","","1","N","0","","39 57:36.782","","3","75 10:50.148","3","0","0","0","67301","0","0","0","N","0","0","0","2","68K01","0","","3.0","","9","N","N","N","0","","1","0","1","","0","","","1","1","0","0","0","0","0","2","0","1","","","","N","","","","","","","","","",""
"2020045931","0942","1","0","0","0","0","0","0","0","0","5","0","","67","5","2020","6","39.898144","-75.183027","0931","6","0","0","0","0","0","0","0","0","","0","0","0","","","0","N","0","","39 53:53.320","1","0","75 10:58.896","0","0","0","0","67301","0","0","0","N","0","0","0","3","68K01","0","","1.0","30.0","1","N","N","N","0","","0","0","1","","0","N","","2","0","0","0","0","0","0","2","0","2","","","","N","","","","","","","","","",""
"2020082375","1320","2","0","0","0","0","0","0","0","0","1","0","","67","9","2020","6","39.964874","-75.185411","1201","6","0","0","0","0","0","0","0","0","","0","0","0","","","1","N","0","","39 57:53.548","","0","75 11:07.480","4","0","0","0","67301","0","0","0","N","0","0","0","3","68K01","1","","1.0","","1","N","N","N","0","","0","0","0","","0","","","2","1","0","0","0","0","0","2","0","2","","","","N","","","","","","","","","",""
"2020041270","0100","2","0","0","0","0","0","0","0","0","4","0","","67","5","2020","2","40.030763","-75.187766","0053","6","0","0","0","0","0","0","0","0","","0","0","0","","","1","","1","","40 01:50.746","6","0","75 11:15.959","4","0","0","0","67301","0","0","0","N","0","0","0","2","67301","1","","1.0","200.0","1","N","N","N","0","","0","0","0","","2","Y","","2","1","0","0","0","0","0","2","0","2","","03","","N","","","","","","","","","",""
"2020039419","0927","3","0","0","0","0","0","0","0","0","5","0","","67","5","2020","1","39.940506","-75.149428","0927","6","0","0","0","0","0","0","0","0","","0","0","0","","","0","N","0","","39 56:25.820","7","0","75 08:57.940","0","0","0","0","67301","0","0","0","N","0","0","0","3","67301","0","","6.0","1000.0","1","N","N","N","0","","0","0","1","","0","Y","","4","0","0","0","0","0","0","2","0","4","","03","","N","","","","","","","","","",""
"2020082244","1610","1","0","0","0","0","0","1","0","0","5","1","","67","9","2020","4","39.979428","-75.225323","1550","6","0","0","1","0","0","0","0","0","","0","0","0","","","1","N","1","","39 58:45.940","","0","75 13:31.164","8","0","0","0","67301","0","0","0","N","0","0","0","3","67508","0","","1.0","","1","N","N","Y","0","","0","0","0","","2","","","2","1","0","0","0","1","0","2","0","2","","03","","N","","","","","","","","","",""
"2020040000","0826","1","0","0","0","0","0","0","0","0","5","0","25","67","5","2020","2","39.999916","-75.084414","0826","6","0","0","0","0","0","0","0","0","","0","0","0","","","1","N","0","","39 59:59.698","","0","75 05:03.892","8","0","0","0","67301","0","0","0","N","0","0","0","2","67301","0","","1.0","","1","N","N","N","0","","0","0","0","","0","","","2","1","0","0","0","1","0","2","0","2","","03","Y","Y","2","1","N","N","N","N","N","Y","N","N"
"2020041541","0752","1","0","0","0","0","0","0","0","0","5","0","","67","5","2020","2","40.035111","-75.081622","0744","6","0","0","0","0","0","0","0","0","","0","0","0","","","2","N","0","","40 02:06.401","","0","75 04:53.840","3","0","0","0","67301","0","0","0","N","0","0","0","2","67301","1","","1.0","","1","N","N","N","0","","1","0","1","","0","","","3","2","0","0","0","0","0","2","1","3","","","","N","","","","","","","","","",""
"2020040452","2350","2","0","0","0","0","0","0","0","0","5","0","","67","5","2020","5","40.051728","-75.054164","2342","6","0","0","0","0","0","0","0","0","","0","0","0","","","1","N","0","","40 03:06.220","","0","75 03:14.990","8","0","0","0","67301","0","0","0","N","0","0","0","1","67301","0","","6.0","","1","N","N","N","0","","0","0","1","","0","","","4","1","0","0","0","1","0","2","1","4","","03","","N","","","","","","","","","",""
"2020042967","0135","1","0","0","0","0","0","0","0","0","7","0","","67","5","2020","3","39.909087","-75.242132","0127","6","0","0","0","0","0","0","0","0","","0","0","0","","","1","","2","","39 54:32.712","2","0","75 14:31.675","3","0","0","0","67301","0","0","0","N","0","0","0","1","67301","0","","4.0","300.0","1","N","N","N","0","","1","0","0","","2","Y","","1","1","0","0","0","0","0","2","0","1","","03","","N","","","","","","","","","",""
"2020087766","1546","1","0","0","0","0","0","0","0","0","4","1","","67","10","2020","4","39.978046","-75.153227","1546","6","0","0","0","1","0","0","0","0","","0","1","0","","","0","N","0","","39 58:40.965","3","0","75 09:11.618","9","0","0","0","67301","0","0","0","N","0","0","0","2","67505","0","","1.0","1600.0","1","N","N","N","0","","0","0","0","","0","Y","","2","0","0","0","0","0","1","2","0","2","","03","","N","","","","","","","","","",""
"2020083699","1935","0","0","0","0","0","0","0","0","0","8","0","","67","10","2020","2","40.009346","-75.151933","1928","6","0","0","0","0","0","0","0","0","","0","0","0","","","1","N","0","","40 00:33.644","","0","75 09:06.957","3","0","0","0","67301","1","0","0","N","1","0","0","1","67301","0","","5.0","","1","N","N","N","0","","1","0","0","","0","","","2","1","0","0","0","0","0","2","0","1","","","","N","","","","","","","","","",""
"2020082492","1150","1","0","0","0","0","0","0","0","0","1","1","","67","10","2020","2","39.955031","-75.191631","1144","6","0","0","0","0","0","1","0","0","","0","1","0","","","1","N","0","","39 57:18.110","2","0","75 11:29.870","8","0","0","0","67301","0","0","0","N","0","0","0","3","67301","0","","1.0","30.0","1","N","N","N","0","","0","0","0","","0","Y","","2","1","0","0","0","1","0","2","0","2","","03","","N","","","","","","","","","",""
"2020045942","0615","1","0","0","0","0","0","0","0","0","5","0","","67","5","2020","7","39.98065","-75.206073","0607","6","0","0","0","0","0","0","0","0","","0","0","0","","","1","N","0","","39 58:50.340","3","0","75 12:21.863","4","0","0","0","67301","0","0","0","N","0","0","0","2","68K01","1","","1.0","45.0","9","N","N","N","0","","0","0","1","","0","N","","2","1","0","0","0","0","0","2","0","2","","","","N","","","","","","","","","",""
"2020083791","0655","0","0","0","0","0","0","0","0","0","4","2","","67","10","2020","5","39.901015","-75.239185","0645","6","0","0","0","0","0","0","0","0","","0","2","0","","","0","","2","","39 54:03.653","1","0","75 14:21.067","0","0","0","0","67301","0","0","0","N","0","0","0","2","67301","0","","1.0","200.0","1","N","N","N","0","","0","0","0","","2","Y","","2","0","0","0","0","0","0","2","0","2","","03","","N","","","","","","","","","",""
"2020041556","2055","2","0","0","0","0","0","0","0","0","4","0","","67","5","2020","2","39.979851","-75.142873","2051","6","0","0","0","0","0","1","0","0","","0","0","0","","","1","","1","","39 58:47.465","","0","75 08:34.342","4","0","0","0","67301","0","0","0","N","0","0","0","3","67301","1","","1.0","","1","N","N","N","0","","0","0","0","","2","","","2","1","0","0","0","0","0","2","0","2","","03","","N","","","","","","","","","",""
"2020039961","1100","4","0","0","0","0","0","0","0","0","4","0","","67","5","2020","1","39.916031","-75.165525","1049","6","0","0","0","0","0","0","0","0","","0","0","0","","","1","","2","","39 54:57.710","","0","75 09:55.889","3","0","0","0","67301","0","0","0","N","0","0","0","2","67301","0","","1.0","","1","N","N","N","0","","1","0","0","","3","","","5","1","0","0","0","0","0","2","1","5","","03","","N","","","","","","","","","",""
"2020082416","1537","1","0","0","0","0","0","0","0","0","1","0","45","67","9","2020","2","40.020436","-75.043634","1526","6","0","0","0","0","0","0","0","0","","0","0","0","","","0","N","0","","40 01:13.571","","0","75 02:37.083","0","0","0","0","67301","0","0","0","N","0","0","0","2","68K01","0","","1.0","","1","N","N","N","0","","0","0","1","","0","","","2","0","0","0","0","0","0","2","0","2","","03","Y","Y","4","1","N","N","N","N","N","N","Y","N"
"2020041218","1257","0","0","0","0","0","0","0","0","0","4","0","","67","5","2020","1","39.905757","-75.193824","0056","6","0","0","0","0","0","0","0","0","","0","0","0","","","2","","1","","39 54:20.725","","0","75 11:37.765","3","0","0","1","67301","0","0","0","N","0","0","0","3","67301","0","","1.0","","1","N","N","N","0","","2","0","0","","2","","","2","2","0","0","0","0","0","2","0","2","","03","","N","","","","","","","","","",""
"2020041251","1315","1","0","0","0","0","0","0","0","0","4","0","","67","5","2020","6","39.981899","-75.170586","1312","6","0","0","0","0","0","0","0","0","","0","0","0","","","0","","1","","39 58:54.836","","0","75 10:14.109","9","0","0","0","67301","0","0","0","N","0","0","0","4","67301","0","","1.0","","9","N","N","N","0","","0","0","0","","2","","","2","0","0","0","0","0","1","2","0","2","","07","","N","","","","","","","","","",""
"2020083295","1441","1","0","0","0","0","0","0","0","0","1","0","","67","10","2020","7","39.997408","-75.081984","1421","6","0","0","0","0","0","0","0","0","","0","0","0","","","0","N","7","","39 59:50.669","","2","75 04:55.143","0","0","0","0","67301","0","0","0","N","0","0","0","2","68K01","0","","1.0","","1","N","N","N","1","","0","0","0","","0","","","2","0","0","0","0","0","0","2","0","2","","","","N","","","","","","","","","",""
"2020048748","1823","1","0","0","0","0","0","0","0","0","1","1","","67","6","2020","7","39.939172","-75.190683","1823","6","0","0","0","0","0","1","0","0","","0","1","0","","","0","N","0","","39 56:21.020","","0","75 11:26.460","0","0","0","0","67301","0","0","0","N","0","0","0","2","67301","0","","1.0","","9","N","N","N","0","","0","0","0","","0","","","2","0","0","0","0","0","0","2","0","2","","","","N","","","","","","","","","",""
"2020045959","1509","1","0","0","0","0","0","0","0","0","7","0","","67","5","2020","2","40.037266","-75.013433","1508","6","0","0","0","0","0","0","0","0","","0","0","0","","","0","N","0","","40 02:14.159","","0","75 00:48.359","0","0","0","0","67301","0","0","0","N","0","0","0","1","68K01","0","","2.0","","1","N","N","N","0","","0","0","0","","0","","","1","0","0","0","0","0","0","2","0","1","","","","N","","","","","","","","","",""
"2020045947","0837","0","0","0","0","0","0","0","0","0","7","0","","67","5","2020","7","39.947069","-75.142283","0836","6","0","0","0","0","0","0","0","0","","0","0","0","","","2","N","0","","39 56:49.448","","0","75 08:32.219","3","0","0","0","67301","0","0","0","N","0","0","0","2","68K01","0","","3.0","","9","N","N","N","1","","1","0","0","","0","","","1","2","0","0","0","1","0","2","0","1","","04","","N","","","","","","","","","",""
"2020045936","1540","0","0","0","0","0","0","0","0","0","7","0","","67","5","2020","6","39.887899","-75.203752","1538","6","0","0","0","0","0","0","0","0","","0","0","0","","","1","N","0","","39 53:16.437","","3","75 12:13.506","8","0","0","0","67301","0","0","0","N","0","0","0","1","68K01","0","","2.0","","9","N","N","N","0","","0","0","1","","0","","","1","1","0","0","0","1","0","2","0","1","","","","N","","","","","","","","","",""
"2020043544","0031","0","0","0","0","0","0","0","0","0","7","0","","67","5","2020","3","39.959139","-75.180472","0031","6","0","0","0","0","0","0","0","0","","0","0","0","","","0","","3","","39 57:32.900","4","2","75 10:49.700","9","0","0","0","67301","0","0","0","Y","0","0","0","1","68K01","0","","4.0","115.0","1","N","N","N","1","","0","0","0","","0","Y","","1","0","0","0","0","0","1","2","0","1","","03","","N","","","","","","","","","",""
"2020039038","0009","2","0","0","0","0","0","0","0","0","4","0","","67","5","2020","7","39.986924","-75.161045","0008","6","0","0","0","0","0","0","0","0","","0","0","0","","","1","","1","","39 59:12.926","","0","75 09:39.762","4","0","0","0","67301","0","0","0","N","0","0","0","3","67301","1","","1.0","","1","N","N","N","0","","0","0","0","","2","","","2","1","0","0","0","0","1","2","0","2","","","","N","","","","","","","","","",""
"2020040453","0030","1","0","0","0","0","0","0","0","0","4","0","","67","5","2020","6","40.046782","-75.094008","0026","6","0","0","0","0","0","1","0","0","","0","0","0","","","1","","1","","40 02:48.415","","0","75 05:38.428","3","0","0","0","67301","0","0","0","N","0","0","0","2","67301","0","","1.0","","1","N","N","Y","1","","1","0","1","","3","","","3","1","0","0","0","0","0","2","0","3","","","","N","","","","","","","","","",""
"2020039696","1322","3","0","0","0","0","0","0","0","0","6","0","","67","5","2020","2","39.980031","-75.226956","1320","6","0","0","0","0","0","0","0","0","","0","0","0","","","1","Y","0","","39 58:48.110","6","0","75 13:37.040","8","0","0","0","67301","0","0","0","N","0","0","0","3","67301","0","","1.0","1429.0","1","N","N","N","0","","0","0","0","","3","N","","3","1","0","0","0","1","0","2","0","3","","03","","N","","","","","","","","","",""
"2020039485","2343","1","0","0","0","0","0","0","0","0","5","0","","67","5","2020","1","40.121161","-74.995939","2338","6","0","0","0","0","0","0","0","0","","0","0","0","","","1","N","0","","40 07:16.180","","0","74 59:45.380","3","0","0","0","67301","0","0","0","N","0","0","0","1","67301","0","","6.0","","1","N","N","N","0","","1","0","2","","0","","","3","1","0","0","0","0","0","2","0","3","","03","","N","","","","","","","","","",""