"CRN","ARRIVAL_TM","AUTOMOBILE_COUNT","BELTED_DEATH_COUNT","BELTED_SUSP_SERIOUS_INJ_COUNT","BICYCLE_COUNT","BICYCLE_DEATH_COUNT","BICYCLE_SUSP_SERIOUS_INJ_COUNT","BUS_COUNT","CHLDPAS_DEATH_COUNT","CHLDPAS_SUSP_SERIOUS_INJ_COUNT","COLLISION_TYPE","COMM_VEH_COUNT","CONS_ZONE_SPD_LIM","COUNTY","CRASH_MONTH","CRASH_YEAR","DAY_OF_WEEK","DEC_LATITUDE","DEC_LONGITUDE","DISPATCH_TM","DISTRICT","DRIVER_COUNT_16YR","DRIVER_COUNT_17YR","DRIVER_COUNT_18YR","DRIVER_COUNT_19YR","DRIVER_COUNT_20YR","DRIVER_COUNT_50_64YR","DRIVER_COUNT_65_74YR","DRIVER_COUNT_75PLUS","EST_HRS_CLOSED","FATAL_COUNT","HEAVY_TRUCK_COUNT","HORSE_BUGGY_COUNT","HOUR_OF_DAY","ILLUMINATION","INJURY_COUNT","INTERSECTION_RELATED","INTERSECT_TYPE","LANE_CLOSED","LATITUDE","LN_CLOSE_DIR","LOCATION_TYPE","LONGITUDE","MAX_SEVERITY_LEVEL","MCYCLE_DEATH_COUNT","MCYCLE_SUSP_SERIOUS_INJ_COUNT","MOTORCYCLE_COUNT","MUNICIPALITY","NONMOTR_COUNT","NONMOTR_DEATH_COUNT","NONMOTR_SUSP_SERIOUS_INJ_COUNT","NTFY_HIWY_MAINT","PED_COUNT","PED_DEATH_COUNT","PED_SUSP_SERIOUS_INJ_COUNT","PERSON_COUNT","POLICE_AGCY","POSSIBLE_INJ_COUNT","RDWY_SURF_TYPE_CD","RELATION_TO_ROAD","ROADWAY_CLEARED","ROAD_CONDITION","SCH_BUS_IND","SCH_ZONE_IND","SECONDARY_CRASH","SMALL_TRUCK_COUNT","SPEC_JURIS_CD","SUSP_MINOR_INJ_COUNT","SUSP_SERIOUS_INJ_COUNT","SUV_COUNT","TCD_FUNC_CD","TCD_TYPE","TFC_DETOUR_IND","TIME_OF_DAY","TOTAL_UNITS","TOT_INJ_COUNT","UNBELTED_OCC_COUNT","UNB_DEATH_COUNT","UNB_SUSP_SERIOUS_INJ_COUNT","UNK_INJ_DEG_COUNT","UNK_INJ_PER_COUNT","URBAN_RURAL","VAN_COUNT","VEHICLE_COUNT","WEATHER1","WEATHER2","WORKERS_PRES","WORK_ZONE_IND","WORK_ZONE_LOC","WORK_ZONE_TYPE","WZ_CLOSE_DETOUR","WZ_FLAGGER","WZ_LAW_OFFCR_IND","WZ_LN_CLOSURE","WZ_MOVING","WZ_OTHER","WZ_SHLDER_MDN","WZ_WORKERS_INJ_KILLED"
"2020083625","2234","2","0","0","0","0","0","0","0","0","5","0","","67","9","2020","7","39.978471","-75.202478","2230","6","0","0","0","0","1","0","0","0","","0","0","0","","","0","N","0","","39 58:42.496","","0","75 12:08.922","0","0","0","0","67301","0","0","0","N","0","0","0","2","68K01","0","","1.0","","1","N","N","N","0","","0","0","0","","0","","","2","0","0","0","0","0","0","2","0","2","","","","N","","","","","","","","","",""
"2020082979","1435","0","0","0","0","0","0","1","0","0","5","1","","67","9","2020","6","39.998114","-75.126296","1425","6","0","0","0","0","0","1","0","0","","0","0","0","","","1","Y","0","","39 59:53.211","","0","75 07:34.665","4","0","0","0","67301","0","0","0","N","0","0","0","4","67508","1","","1.0","","1","N","N","Y","0","","0","0","0","","0","","","2","1","0","0","0","0","0","2","0","2","","","","N","","","","","","","","","",""
"2020081741","0010","1","0","0","0","0","0","0","0","0","7","0","","67","10","2020","6","39.931513","-75.217095","0000","6","0","0","0","0","0","0","0","0","","0","0","0","","","1","N","0","","39 55:53.447","","3","75 13:01.543","8","0","0","0","67301","0","0","0","N","0","0","0","2","67301","0","","4.0","","1","N","N","N","0","","0","0","0","","0","","","1","1","2","0","0","1","1","2","0","1","","03","","N","","","","","","","","","",""
"2020039191","0742","2","0","0","0","0","0","0","0","0","4","0","","67","5","2020","1","39.948884","-75.160546","0738","6","0","0","0","0","0","0","0","0","","0","0","0","","","1","","1","","39 56:55.984","4","0","75 09:37.967","4","0","0","0","67301","0","0","0","N","0","0","0","3","67301","1","","1.0","800.0","1","N","N","N","0","","0","0","0","","2","N","","2","1","2","0","0","0","0","2","0","2","","04","","N","","","","","","","","","",""
"2020039938","1635","1","0","0","0","0","0","0","0","0","4","0","","67","5","2020","2","39.926643","-75.235595","1635","6","0","0","0","0","0","0","1","0","","0","0","0","","","1","","1","","39 55:35.914","","0","75 14:08.141","3","0","0","0","67301","0","0","0","N","0","0","0","3","67301","0","","1.0","","1","N","N","N","1","","1","0","0","","2","","","2","1","0","0","0","0","0","2","0","2","","03","","N","","","","","","","","","",""
"2020041458","1536","0","0","0","0","0","0","0","0","0","7","0","","67","5","2020","2","40.034251","-75.019671","1515","6","0","0","0","0","0","0","0","0","","0","0","0","","","2","N","0","","40 02:03.305","2","0","75 01:10.815","8","0","0","0","67301","0","0","0","N","0","0","0","2","68K01","0","","2.0","1550.0","1","N","N","N","0","","0","0","1","","0","N","","1","2","0","0","0","2","0","2","0","1","","03","","N","","","","","","","","","",""
"2020040228","0030","3","0","0","0","0","0","0","0","0","4","0","","67","5","2020","5","40.053802","-75.160903","0024","6","0","0","0","0","0","0","0","0","","0","0","0","","","0","","2","","40 03:13.687","","0","75 09:39.250","0","0","0","0","67301","0","0","0","N","0","0","0","2","67301","0","","1.0","","1","N","N","N","0","","0","0","1","","3","","","4","0","0","0","0","0","0","2","0","4","","03","","N","","","","","","","","","",""
"2020045961","1827","0","0","0","0","0","0","0","0","0","7","0","","67","5","2020","2","39.976187","-75.195661","1827","6","0","0","0","0","0","0","0","0","","0","0","0","","","2","N","0","","39 58:34.274","3","0","75 11:44.381","2","0","2","1","67301","0","0","0","N","0","0","0","2","68K01","0","","2.0","1933.0","1","N","N","N","0","","0","2","0","","0","N","","1","2","0","0","0","0","0","2","0","1","","","","N","","","","","","","","","",""
"2020045946","0828","1","0","0","0","0","0","0","0","0","7","0","","67","5","2020","7","39.983004","-75.207929","0828","6","0","0","0","0","0","0","0","0","","0","0","0","","","0","N","0","","39 58:58.816","4","0","75 12:28.546","0","0","0","0","67301","0","0","0","N","0","0","0","1","68K01","0","","2.0","30.0","9","N","N","N","0","","0","0","0","","0","N","","1","0","0","0","0","0","0","2","0","1","","","","N","","","","","","","","","",""
"2020042434","0735","0","0","0","0","0","0","0","0","0","4","0","","67","5","2020","1","40.050667","-75.173272","0724","6","0","0","0","0","0","1","0","0","","0","0","0","","","0","","1","","40 03:02.401","","0","75 10:23.780","9","0","0","0","67301","0","0","0","N","0","0","0","2","67301","0","","1.0","","1","N","N","N","0","","0","0","2","","2","","","2","0","0","0","0","0","1","2","0","2","","03","","N","","","","","","","","","",""
"2020040097","0400","1","0","0","0","0","0","0","0","0","3","0","","67","5","2020","3","39.941661","-75.22278","0400","6","0","0","0","0","0","0","0","0","","0","0","0","","","2","","1","","39 56:29.979","7","0","75 13:22.008","3","0","0","0","67301","0","0","0","N","0","0","0","2","67301","0","","1.0","200.0","1","N","N","N","0","","2","0","0","","2","Y","","2","2","0","0","0","0","0","2","1","2","","03","","N","","","","","","","","","",""
"2020041256","0454","1","0","0","0","0","0","0","0","0","2","0","","67","5","2020","2","40.005801","-75.097583","0452","6","0","0","0","0","0","0","0","0","","0","0","0","","","0","N","0","","40 00:20.884","","0","75 05:51.299","0","0","0","0","67301","0","0","0","N","0","0","0","1","67301","0","","6.0","","1","N","N","N","0","","0","0","1","","0","","","2","0","1","0","0","0","0","2","0","2","","03","","N","","","","","","","","","",""
"2020044208","1102","0","0","0","1","0","0","0","0","0","8","0","","67","6","2020","1","39.957277","-75.191181","1102","6","0","0","0","0","0","0","0","0","","0","0","0","","","1","","3","","39 57:26.198","","0","75 11:28.250","8","0","0","0","67301","1","0","0","N","0","0","0","2","67507","0","","1.0","","1","N","N","N","1","","0","0","0","","2","","","2","1","0","0","0","1","0","2","0","1","","03","","N","","","","","","","","","",""
"2020083621","0044","1","0","0","0","0","0","0","0","0","7","0","","67","9","2020","7","39.96996","-75.125429","0033","6","0","0","0","0","0","0","0","0","","0","0","0","","","1","N","0","","39 58:11.856","1","0","75 07:31.546","8","0","0","0","67301","0","0","0","N","0","0","0","1","68K01","0","","4.0","53.0","1","N","N","N","0","","0","0","0","","0","N","","1","1","0","0","0","1","0","2","0","1","","03","","N","","","","","","","","","",""
"2020082387","2046","2","0","0","0","0","0","0","0","0","1","0","","67","9","2020","7","39.957869","-75.161832","2037","6","0","0","0","0","0","0","0","0","","0","0","0","","","2","N","0","","39 57:28.329","4","0","75 09:42.595","3","0","0","0","67301","0","0","0","N","0","0","0","5","68K01","0","","1.0","2052.0","1","N","N","N","0","","2","0","2","","0","N","","4","2","0","0","0","0","0","2","0","4","","","","N","","","","","","","","","",""
"2020046257","","2","0","0","0","0","0","0","0","0","4","0","","67","6","2020","1","39.973661","-75.138654","","6","0","0","0","0","0","1","0","0","","0","0","0","","","0","","1","","39 58:25.179","2","0","75 08:19.154","0","0","0","0","67301","0","0","0","N","0","0","0","2","67301","0","","1.0","330.0","1","N","N","N","0","","0","0","0","","2","N","","2","0","0","0","0","0","0","2","0","2","","","","N","","","","","","","","","",""
"2020041242","","2","0","0","0","0","0","0","0","0","4","0","","67","5","2020","7","39.947322","-75.239088","","6","0","0","0","0","0","1","0","0","","0","0","0","","","0","","1","","39 56:50.359","","0","75 14:20.716","0","0","0","0","67301","0","0","0","N","0","0","0","2","67301","0","","1.0","","1","N","N","N","0","","0","0","0","","3","","","2","0","0","0","0","0","0","2","0","2","","04","","N","","","","","","","","","",""
"2020039641","","1","0","0","0","0","0","0","0","0","4","0","","67","5","2020","2","40.012329","-75.13865","","6","0","0","0","0","0","0","0","0","","0","0","0","","","0","","1","","40 00:44.384","2","0","75 08:19.139","0","0","0","0","67301","0","0","0","N","0","0","0","3","67301","0","","1.0","1900.0","1","N","N","N","0","","0","0","1","","3","N","","2","0","0","0","0","0","0","2","0","2","","03","","N","","","","","","","","","",""
"2020041758","","2","0","0","0","0","0","0","0","0","1","0","","67","5","2020","1","40.013921","-75.205919","","6","0","0","0","0","0","0","0","0","","0","0","0","","","1","N","0","","40 00:50.117","","2","75 12:21.310","3","0","0","0","67301","0","0","0","N","0","0","0","4","67301","0","","1.0","","1","N","N","N","0","","1","0","0","","0","","","3","1","0","0","0","0","0","2","1","3","","","","N","","","","","","","","","",""
"2020045933","","1","0","0","0","0","0","0","0","0","7","0","","67","5","2020","6","39.898979","-75.167986","","6","0","0","0","0","0","0","0","0","","0","0","0","","","3","N","0","","39 53:56.325","","0","75 10:04.751","3","0","0","0","67301","0","0","0","N","0","0","0","3","68K01","0","","4.0","","9","N","N","N","0","","3","0","0","","0","","","1","3","0","0","0","0","0","2","0","1","","","","N","","","","","","","","","",""
"2020082335","","1","0","0","0","0","0","0","0","0","4","1","","67","10","2020","2","39.921017","-75.22412","","6","0","0","0","1","0","0","0","0","","0","1","0","","","2","","1","","39 55:15.660","","0","75 13:26.832","2","0","0","0","67301","0","0","0","N","0","0","0","3","67301","0","","1.0","","1","N","N","N","0","","1","1","0","","2","","","2","2","0","0","0","0","0","2","0","2","","04","","N","","","","","","","","","",""
"2020083030","","0","0","0","0","0","0","0","0","0","1","0","","67","10","2020","3","39.984144","-75.099199","","6","0","0","0","0","0","1","0","0","","0","0","0","","","0","N","0","","39 59:02.920","","0","75 05:57.118","0","0","0","0","67301","0","0","0","N","0","0","0","1","67301","0","","1.0","","1","N","N","N","0","","0","0","2","","1","","","2","0","0","0","0","0","0","2","0","2","","03","","N","","","","","","","","","",""
"2020044492","","0","0","0","1","0","0","0","0","0","8","1","","67","6","2020","7","39.960941","-75.137024","","6","0","0","0","0","0","0","0","0","","0","1","0","","","1","","2","","39 57:39.387","","0","75 08:13.286","3","0","0","0","67301","1","0","0","N","0","0","0","2","67301","0","","1.0","","1","N","N","N","0","","1","0","0","","0","","","2","1","0","0","0","0","0","2","0","1","","03","","N","","","","","","","","","",""
"2020084071","","1","0","0","0","0","0","0","0","0","7","0","","67","10","2020","6","39.97955","-75.172278","","6","0","0","0","0","0","0","0","0","","0","0","0","","","0","N","0","","39 58:46.380","","0","75 10:20.200","9","0","0","0","67301","0","0","0","N","0","0","0","1","67301","0","","4.0","","1","N","N","N","0","","0","0","0","","3","","","1","0","1","0","0","0","1","2","0","1","","03","","N","","","","","","","","","",""
"2020045924","","3","0","1","0","0","0","0","0","0","5","0","","67","5","2020","4","39.934413","-75.199891","","6","0","0","0","0","0","1","0","0","","0","0","0","","","2","N","0","","39 56:03.885","4","0","75 11:59.608","2","0","0","0","67301","0","0","0","N","0","0","0","5","68K01","0","","1.0","100.0","1","N","N","N","0","","1","1","2","","0","N","","5","2","0","0","0","0","0","2","0","5","","03","","N","","","","","","","","","",""
"2020041192","","2","0","0","0","0","0","0","0","0","4","0","","67","5","2020","3","39.984949","-75.158241","","6","0","0","0","0","0","1","0","0","","0","0","0","","","0","N","1","","39 59:05.816","","0","75 09:29.666","0","0","0","0","67301","0","0","0","N","0","0","0","2","67505","0","","1.0","","1","N","Y","N","0","","0","0","0","","2","","","2","0","0","0","0","0","0","2","0","2","","03","","N","","","","","","","","","",""
"2020078187","","2","0","0","0","0","0","0","0","0","4","0","","67","5","2020","2","40.058431","-75.046696","","6","0","0","0","0","0","0","0","0","","0","0","0","","","1","","1","","40 03:30.351","","0","75 02:48.105","3","0","0","0","67301","0","0","0","N","0","0","0","3","67301","0","","1.0","","1","N","N","N","0","","1","0","0","","3","","","2","1","2","0","0","0","0","2","0","2","","03","","N","","","","","","","","","",""
"2020048221","","0","0","0","0","0","0","0","0","0","5","0","","67","6","2020","5","40.027558","-75.1157","","6","0","0","0","0","0","0","0","0","","0","0","0","","","0","N","0","","40 01:39.210","","0","75 06:56.520","9","0","0","0","67301","0","0","0","N","0","0","0","1","67301","0","","6.0","","1","N","N","N","0","","0","0","2","","0","","","2","0","0","0","0","0","1","2","0","2","","03","","N","","","","","","","","","",""
"2020041219","","0","0","0","0","0","0","0","0","0","7","0","","67","5","2020","5","39.949258","-75.157232","","6","0","0","0","0","0","0","0","0","","0","0","0","","","2","","1","","39 56:57.327","2","0","75 09:26.036","4","0","0","0","67301","0","0","0","N","0","0","0","2","67301","2","","4.0","555.0","1","N","N","N","0","","0","0","1","","2","N","","1","2","0","0","0","0","0","2","0","1","","03","","N","","","","","","","","","",""
"2020041252","","3","0","0","0","0","0","0","0","0","4","0","","67","5","2020","6","39.991389","-75.159019","","6","0","0","0","0","0","1","0","0","","0","0","0","","","1","","1","","39 59:29.000","","0","75 09:32.468","8","0","0","0","67301","0","0","0","N","0","0","0","2","67301","0","","1.0","","1","N","N","Y","0","","0","0","0","","3","","","3","1","1","0","0","1","0","2","0","3","","03","","N","","","","","","","","","",""
"2020083917","","1","0","0","0","0","0","0","0","0","7","0","","67","10","2020","2","39.975892","-75.119358","","6","0","0","0","0","0","0","0","0","","0","0","0","","","0","N","0","","39 58:33.210","","0","75 07:09.690","0","0","0","0","67301","0","0","0","N","0","0","0","1","67301","0","","9.0","","1","N","N","N","0","","0","0","0","","0","","","1","0","0","0","0","0","0","2","0","1","","","","N","","","","","","","","","",""
"2020087419","","1","0","0","0","0","0","0","0","0","7","1","50","67","10","2020","4","39.950923","-75.18292","","6","0","0","0","0","0","0","0","0","","0","1","0","","","2","N","0","","39 57:03.324","4","0","75 10:58.512","8","0","0","0","67301","0","0","0","N","0","0","0","4","68K01","0","","2.0","2239.0","1","N","N","N","0","","0","0","0","","8","N","","2","2","1","0","0","2","0","2","0","2","","","N","Y","4","2","Y","","Y","Y","","","","N"
"2020081574","","2","0","0","0","0","0","0","0","0","4","0","","67","9","2020","1","40.01356","-75.083239","","6","0","0","0","0","0","0","0","0","","0","0","0","","","1","","2","","40 00:48.816","","0","75 04:59.662","3","0","0","0","67301","0","0","0","N","0","0","0","1","67301","0","","1.0","","1","N","N","N","0","","1","0","0","","3","","","2","1","0","0","0","0","0","2","0","2","","03","","N","","","","","","","","","",""
"2020047389","","1","0","0","0","0","0","0","0","0","4","0","","67","6","2020","4","39.990508","-75.140546","","6","0","0","0","0","0","0","0","0","","0","0","0","","","1","","1","","39 59:25.828","1","0","75 08:25.965","8","0","0","0","67301","0","0","0","N","0","0","0","2","67301","0","","1.0","900.0","1","N","N","N","1","","0","0","0","","2","Y","","2","1","0","0","0","1","0","2","0","2","","03","","N","","","","","","","","","",""
"2020039199","","2","0","0","0","0","0","0","0","0","4","0","","67","5","2020","1","39.989388","-75.180242","","6","0","0","0","0","0","0","0","0","","0","0","0","","","3","","1","","39 59:21.798","","0","75 10:48.872","3","0","0","0","67301","0","0","0","N","0","0","0","4","67301","0","","1.0","","1","N","N","N","0","","3","0","2","","2","","","4","3","0","0","0","0","0","2","0","4","","","","N","","","","","","","","","",""
"2020045929","","1","0","0","0","0","0","0","0","0","7","0","","67","5","2020","6","39.915155","-75.14773","","6","0","0","0","0","0","0","0","0","","0","0","0","","","0","N","0","","39 54:54.559","1","0","75 08:51.827","0","0","0","0","67301","0","0","0","N","0","0","0","1","68K01","0","","3.0","100.0","1","N","N","N","0","","0","0","0","","0","N","","1","0","0","0","0","0","0","2","0","1","","","","N","","","","","","","","","",""
"2020037019","","3","0","0","0","0","0","0","0","0","5","0","","67","5","2020","3","39.980355","-75.182208","","6","0","0","0","0","0","0","0","0","","0","0","0","","","0","N","0","","39 58:49.278","","0","75 10:55.949","0","0","0","0","67301","0","0","0","N","0","0","0","1","67301","0","","6.0","","1","N","N","N","0","","0","0","1","","1","","","4","0","0","0","0","0","0","2","0","4","","03","","N","","","","","","","","","",""
"2020078055","","0","0","0","0","0","0","0","0","0","1","1","","67","7","2020","2","39.978311","-75.202473","","6","0","0","0","0","0","0","0","0","","0","1","0","","","0","N","0","","39 58:41.919","3","0","75 12:08.903","0","0","0","0","67301","0","0","0","N","0","0","0","2","68K01","0","","1.0","1630.0","1","N","N","N","0","","0","0","0","","0","N","","2","0","0","0","0","0","0","2","1","2","","03","","N","","","","","","","","","",""
"2020077321","","1","0","0","0","0","0","0","0","0","3","0","","67","9","2020","1","39.989373","-75.167497","","6","0","0","0","0","0","1","0","0","","0","1","0","","","1","N","0","","39 59:21.742","","0","75 10:02.990","3","0","0","0","67301","0","0","0","N","0","0","0","2","67301","0","","1.0","","1","N","N","N","0","","1","0","0","","0","","","2","1","0","0","0","0","0","2","0","2","","03","","N","","","","","","","","","",""
"2020076652","","1","0","0","0","0","0","0","0","0","4","1","","67","9","2020","6","39.98293","-75.098006","","6","0","0","0","0","0","0","0","0","","0","1","0","","","0","","2","","39 58:58.549","","2","75 05:52.823","0","0","0","0","67301","0","0","0","N","0","0","0","2","67301","0","","1.0","","1","N","N","N","0","","0","0","0","","3","","","2","0","1","0","0","0","0","2","0","2","","03","","N","","","","","","","","","",""
"2020037263","","1","0","0","0","0","0","0","0","0","4","0","","67","5","2020","5","40.062435","-75.155264","","6","0","0","0","0","0","0","0","1","","0","0","0","","","2","","1","","40 03:44.765","4","0","75 09:18.950","3","0","0","0","67301","0","0","0","N","0","0","0","2","67301","0","","1.0","1711.0","1","N","N","N","0","","2","0","1","","2","Y","","2","2","2","0","0","0","0","2","0","2","","03","","N","","","","","","","","","",""
"2020039853","","1","0","0","0","0","0","0","0","0","7","0","","67","5","2020","6","39.958421","-75.16614","","6","0","0","0","0","0","0","0","0","","0","0","0","","","1","N","0","","39 57:30.317","","0","75 09:58.104","4","0","0","0","67301","0","0","0","N","0","0","0","2","68K01","1","","2.0","","9","N","N","N","0","","0","0","0","","0","","","1","1","0","0","0","0","0","2","0","1","","","","N","","","","","","","","","",""
"2020037839","","1","0","0","0","0","0","0","0","0","7","0","","67","5","2020","7","39.983171","-75.20799","","6","0","0","0","0","0","0","0","0","","0","0","0","","","1","N","0","","39 58:59.417","","0","75 12:28.763","4","0","0","0","67301","0","0","0","N","0","0","0","1","68K01","1","","4.0","","9","N","N","N","0","","0","0","0","","0","","","1","1","0","0","0","0","0","2","0","1","","03","","N","","","","","","","","","",""
"2020037692","","1","0","0","0","0","0","0","0","0","1","0","","67","5","2020","4","40.022661","-75.136813","","6","0","0","0","0","0","0","0","0","","0","0","0","","","0","","1","","40 01:21.579","3","0","75 08:12.526","0","0","0","0","67301","0","0","0","N","0","0","0","2","67301","0","","1.0","2200.0","9","N","N","N","0","","0","0","1","","2","N","","2","0","0","0","0","0","0","2","0","2","","07","","N","","","","","","","","","",""
"2020037264","","2","0","0","0","0","0","0","0","0","6","0","","67","5","2020","5","39.993969","-75.112342","","6","0","0","0","0","0","0","0","0","","0","0","0","","","0","N","0","","39 59:38.290","","0","75 06:44.430","0","0","0","0","67301","0","0","0","N","0","0","0","1","67301","0","","6.0","","1","N","N","N","1","","0","0","0","","0","","","3","0","0","0","0","0","0","2","0","3","","03","","N","","","","","","","","","",""
"2020078896","","1","0","0","0","0","0","0","0","0","4","0","","67","9","2020","5","40.080783","-75.028366","","6","0","0","0","0","0","1","0","0","","0","0","0","","","1","","2","","40 04:50.820","1","0","75 01:42.117","3","0","0","0","67301","0","0","0","N","0","0","0","2","67301","0","","1.0","29.0","1","N","N","N","0","","1","0","1","","2","U","","2","1","2","0","0","0","0","2","0","2","","03","","N","","","","","","","","","",""
"2020078437","","1","0","0","0","0","0","0","0","0","1","0","","67","9","2020","3","39.926152","-75.19439","","6","0","0","0","0","0","0","1","0","","0","0","0","","","0","N","0","","39 55:34.148","","0","75 11:39.805","0","0","0","0","67301","0","0","0","N","0","0","0","2","68K01","0","","1.0","","1","N","N","N","0","","0","0","1","","0","","","2","0","0","0","0","0","0","2","0","2","","","","N","","","","","","","","","",""
"2020042961","","1","0","0","0","0","0","0","0","0","4","0","","67","5","2020","5","39.93915","-75.219773","","6","0","0","0","0","0","0","0","0","","0","0","0","","","1","","1","","39 56:20.940","","0","75 13:11.182","4","0","0","0","67301","0","0","0","N","0","0","0","4","67301","1","","1.0","","1","N","N","N","0","","0","0","1","","3","","","2","1","0","0","0","0","0","2","0","2","","03","","N","","","","","","","","","",""
"2020078075","","1","0","0","0","0","0","0","0","0","2","0","","67","9","2020","7","39.909385","-75.161145","","6","0","0","0","0","0","0","0","0","","0","0","0","","","1","","1","","39 54:33.787","","0","75 09:40.121","3","0","0","0","67301","0","0","0","N","0","0","0","3","67301","0","","1.0","","1","N","N","N","0","","1","0","1","","2","","","2","1","1","0","0","0","0","2","0","2","","03","","N","","","","","","","","","",""
"2020038300","","1","0","0","0","0","0","0","0","0","7","0","","67","5","2020","7","40.004709","-75.195928","","6","0","0","0","1","0","0","0","0","","0","0","0","","","2","N","0","","40 00:16.954","","0","75 11:45.342","3","0","0","0","67301","0","0","0","N","0","0","0","2","68K01","0","","3.0","","1","N","N","N","0","","1","0","0","","0","","","1","2","0","0","0","1","0","2","0","1","","","","N","","","","","","","","","",""
"2020078267","","0","0","0","0","0","0","0","0","0","1","0","","67","9","2020","3","39.979217","-75.203863","","6","0","0","0","0","0","0","0","0","","0","0","0","","","0","N","0","","39 58:45.181","3","0","75 12:13.908","0","0","0","0","67301","0","0","0","N","0","0","0","2","68K01","0","","1.0","724.0","1","N","N","N","0","","0","0","2","","0","N","","2","0","0","0","0","0","0","2","0","2","","03","","N","","","","","","","","","",""
"2020038677","","0","0","0","0","0","0","0","0","0","4","0","","67","5","2020","6","39.897741","-75.252258","","6","0","0","0","0","1","0","0","0","","0","0","0","","","0","","1","","39 53:51.867","","0","75 15:08.128","9","0","0","0","67301","0","0","0","N","0","0","0","4","67301","0","","1.0","","9","N","N","N","0","","0","0","2","","2","","","2","0","0","0","0","0","1","2","0","2","","","","N","","","","","","","","","",""
"2020036303","","1","0","0","0","0","0","0","0","0","8","0","","67","5","2020","1","40.040768","-75.146335","","6","0","0","0","0","0","0","0","0","","0","0","0","","","1","","1","","40 02:26.763","","0","75 08:46.806","3","0","0","0","67301","1","0","0","N","1","0","0","2","67301","0","","1.0","","1","N","N","N","0","","1","0","0","","3","","","2","1","0","0","0","0","0","2","0","1","","03","","N","","","","","","","","","",""
"2020041779","","2","0","0","0","0","0","0","0","0","4","0","","67","5","2020","3","39.944661","-75.165335","","6","0","0","0","0","0","0","0","0","","0","0","0","","","2","","1","","39 56:40.780","","0","75 09:55.207","3","0","0","0","67301","0","0","0","N","0","0","0","2","67301","0","","1.0","","1","N","N","N","0","","2","0","0","","2","","","2","2","0","0","0","0","0","2","0","2","","","","N","","","","","","","","","",""
"2020036160","","0","0","0","1","0","0","0","0","0","8","0","","67","5","2020","7","40.039172","-75.034374","","6","0","0","1","0","0","0","0","0","","0","0","0","","","1","","2","","40 02:21.020","","0","75 02:03.748","3","0","0","0","67301","1","0","0","N","0","0","0","2","67301","0","","1.0","","1","N","N","N","0","","1","0","1","","3","","","2","1","0","0","0","0","0","2","0","1","","","","N","","","","","","","","","",""
"2020036496","","1","0","0","0","0","0","0","0","0","5","0","","67","5","2020","1","39.971754","-75.161741","","6","0","0","0","0","0","0","0","0","","0","0","0","","","0","N","0","","39 58:18.316","3","0","75 09:42.267","9","0","0","0","67301","0","0","0","N","0","0","0","1","67301","0","","6.0","1938.0","1","N","N","N","0","","0","0","2","","0","N","","3","0","0","0","0","0","1","2","0","3","","","","N","","","","","","","","","",""
"2020037512","","2","0","0","0","0","0","0","0","0","4","0","","67","5","2020","7","39.969513","-75.225371","","6","0","0","0","0","0","0","0","0","","0","0","0","","","0","","1","","39 58:10.246","2","0","75 13:31.336","9","0","0","0","67301","0","0","0","N","0","0","0","2","67301","0","","1.0","125.0","9","N","N","N","0","","0","0","0","","2","N","","2","0","0","0","0","0","2","2","0","2","","07","","N","","","","","","","","","",""
"2020036245","","0","0","0","1","0","0","0","0","0","8","0","","67","5","2020","1","39.95044","-75.192585","","6","0","0","0","0","0","0","0","0","","0","0","0","","","1","N","1","","39 57:01.584","","0","75 11:33.305","4","0","0","0","67301","1","0","0","Y","0","0","0","2","67504","1","","1.0","","1","N","N","N","0","","0","0","0","","2","","","2","1","0","0","0","0","0","2","1","1","","","","N","","","","","","","","","",""
"2020036162","","2","0","0","0","0","0","0","0","0","4","0","","67","5","2020","7","39.958465","-75.225185","","6","0","0","0","0","0","1","0","0","","0","0","0","","","1","","1","","39 57:30.474","","0","75 13:30.666","3","0","0","0","67301","0","0","0","N","0","0","0","3","67301","0","","1.0","","1","N","N","N","0","","1","0","0","","2","","","2","1","0","0","0","0","0","2","0","2","","","","N","","","","","","","","","",""
"2020036789","","1","0","0","1","0","0","0","0","0","8","0","","67","5","2020","3","39.999114","-75.114967","","6","0","0","0","0","0","0","0","0","","0","0","0","","","1","N","0","","39 59:56.810","","0","75 06:53.880","3","0","0","0","67301","1","0","0","N","0","0","0","2","67301","0","","1.0","","1","N","N","N","0","","1","0","0","","0","","","2","1","0","0","0","0","0","2","0","1","","","","N","","","","","","","","","",""
"2020036169","","1","0","0","0","0","0","0","0","0","4","0","","67","5","2020","7","40.025593","-75.13141","","6","0","0","0","0","0","0","0","0","","0","0","0","","","1","","2","","40 01:32.134","","0","75 07:53.075","3","0","0","0","67301","0","0","0","N","0","0","0","3","67301","0","","1.0","","1","N","N","N","0","","1","0","1","","3","","","2","1","0","0","0","0","0","2","0","2","","","","N","","","","","","","","","",""
"2020039565","","1","0","0","0","0","0","0","0","0","7","0","","67","5","2020","7","40.039213","-75.008094","","6","0","0","0","0","0","0","0","0","","0","0","0","","","0","N","0","","40 02:21.165","","0","75 00:29.137","0","0","0","0","67301","0","0","0","N","0","0","0","2","68K01","0","","4.0","","9","N","N","N","0","","0","0","0","","0","","","1","0","0","0","0","0","0","2","0","1","","","","N","","","","","","","","","",""