"CRN","ARRIVAL_TM","AUTOMOBILE_COUNT","BELTED_DEATH_COUNT","BELTED_SUSP_SERIOUS_INJ_COUNT","BICYCLE_COUNT","BICYCLE_DEATH_COUNT","BICYCLE_SUSP_SERIOUS_INJ_COUNT","BUS_COUNT","CHLDPAS_DEATH_COUNT","CHLDPAS_SUSP_SERIOUS_INJ_COUNT","COLLISION_TYPE","COMM_VEH_COUNT","CONS_ZONE_SPD_LIM","COUNTY","CRASH_MONTH","CRASH_YEAR","DAY_OF_WEEK","DEC_LATITUDE","DEC_LONGITUDE","DISPATCH_TM","DISTRICT","DRIVER_COUNT_16YR","DRIVER_COUNT_17YR","DRIVER_COUNT_18YR","DRIVER_COUNT_19YR","DRIVER_COUNT_20YR","DRIVER_COUNT_50_64YR","DRIVER_COUNT_65_74YR","DRIVER_COUNT_75PLUS","EST_HRS_CLOSED","FATAL_COUNT","HEAVY_TRUCK_COUNT","HORSE_BUGGY_COUNT","HOUR_OF_DAY","ILLUMINATION","INJURY_COUNT","INTERSECTION_RELATED","INTERSECT_TYPE","LANE_CLOSED","LATITUDE","LN_CLOSE_DIR","LOCATION_TYPE","LONGITUDE","MAX_SEVERITY_LEVEL","MCYCLE_DEATH_COUNT","MCYCLE_SUSP_SERIOUS_INJ_COUNT","MOTORCYCLE_COUNT","MUNICIPALITY","NONMOTR_COUNT","NONMOTR_DEATH_COUNT","NONMOTR_SUSP_SERIOUS_INJ_COUNT","NTFY_HIWY_MAINT","PED_COUNT","PED_DEATH_COUNT","PED_SUSP_SERIOUS_INJ_COUNT","PERSON_COUNT","POLICE_AGCY","POSSIBLE_INJ_COUNT","RDWY_SURF_TYPE_CD","RELATION_TO_ROAD","ROADWAY_CLEARED","ROAD_CONDITION","SCH_BUS_IND","SCH_ZONE_IND","SECONDARY_CRASH","SMALL_TRUCK_COUNT","SPEC_JURIS_CD","SUSP_MINOR_INJ_COUNT","SUSP_SERIOUS_INJ_COUNT","SUV_COUNT","TCD_FUNC_CD","TCD_TYPE","TFC_DETOUR_IND","TIME_OF_DAY","TOTAL_UNITS","TOT_INJ_COUNT","UNBELTED_OCC_COUNT","UNB_DEATH_COUNT","UNB_SUSP_SERIOUS_INJ_COUNT","UNK_INJ_DEG_COUNT","UNK_INJ_PER_COUNT","URBAN_RURAL","VAN_COUNT","VEHICLE_COUNT","WEATHER1","WEATHER2","WORKERS_PRES","WORK_ZONE_IND","WORK_ZONE_LOC","WORK_ZONE_TYPE","WZ_CLOSE_DETOUR","WZ_FLAGGER","WZ_LAW_OFFCR_IND","WZ_LN_CLOSURE","WZ_MOVING","WZ_OTHER","WZ_SHLDER_MDN","WZ_WORKERS_INJ_KILLED"
"2020082397","","1","0","0","0","0","0","0","0","0","1","0","","67","9","2020","7","39.972788","-75.193797","","6","0","0","0","0","0","0","0","0","","0","0","0","","","2","N","0","","39 58:22.038","","0","75 11:37.668","3","0","0","0","67301","0","0","0","N","0","0","0","3","68K01","0","","1.0","","1","N","N","N","0","","2","0","1","","0","","","2","2","0","0","0","0","0","2","0","2","","","","N","","","","","","","","","",""
"2020037048","","1","0","0","0","0","0","0","0","0","4","0","","67","5","2020","3","40.031228","-75.145767","","6","0","0","0","0","0","0","0","0","","0","0","0","","","2","","1","","40 01:52.420","","0","75 08:44.761","3","0","0","0","67301","0","0","0","N","0","0","0","3","67301","0","","1.0","","1","N","N","N","0","","2","0","1","","2","","","2","2","0","0","0","0","0","2","0","2","","03","","N","","","","","","","","","",""
"2020076700","","1","0","0","0","0","0","0","0","0","1","1","45","67","8","2020","7","39.961221","-75.182403","","6","1","0","0","0","0","0","0","0","","0","1","0","","","2","N","0","","39 57:40.397","3","0","75 10:56.651","3","0","0","0","67301","0","0","0","N","0","0","0","2","68K01","0","","1.0","230.0","1","N","N","N","0","","2","0","0","","8","N","","2","2","1","0","0","0","0","2","0","2","","","Y","Y","4","2","N","N","Y","Y","N","N","N","Y"
"2020038498","","0","0","0","0","0","0","0","0","0","7","0","","67","5","2020","7","39.946585","-75.188578","","6","0","0","0","0","0","0","0","0","","0","0","0","","","1","N","0","","39 56:47.705","4","0","75 11:18.880","3","0","0","0","67301","0","0","0","N","0","0","0","1","68K01","0","","4.0","1215.0","1","N","N","N","0","","1","0","1","","0","Y","","1","1","1","0","0","0","0","2","0","1","","03","","N","","","","","","","","","",""
"2020036300","","0","0","0","1","0","0","0","0","0","8","0","","67","5","2020","1","39.935962","-75.168898","","6","0","0","0","0","0","0","0","0","","0","0","0","","","1","","1","","39 56:09.463","","0","75 10:08.032","8","0","0","0","67301","1","0","0","N","0","0","0","3","67301","0","","1.0","","1","N","N","N","0","","0","0","1","","3","","","2","1","0","0","0","1","0","2","0","1","","03","","N","","","","","","","","","",""
"2020037718","","1","0","0","0","0","0","0","0","0","4","0","","67","5","2020","7","39.955154","-75.198331","","6","0","0","0","0","0","0","0","0","","0","0","0","","","0","N","1","","39 57:18.553","","0","75 11:53.991","0","0","0","0","67301","0","0","0","N","0","0","0","3","67504","0","","1.0","","1","N","N","N","0","","0","0","1","","2","N","","2","0","1","0","0","0","0","2","0","2","","03","","N","","","","","","","","","",""
"2020037891","","3","0","0","0","0","0","0","0","0","5","0","","67","5","2020","7","39.997139","-75.166683","","6","0","0","0","0","0","0","0","0","","0","0","0","","","0","N","0","","39 59:49.700","","0","75 10:00.060","0","0","0","0","67301","0","0","0","N","0","0","0","1","67301","0","","6.0","","1","N","N","N","0","","0","0","0","","9","","","3","0","0","0","0","0","0","2","0","3","","03","","N","","","","","","","","","",""
"2020077123","","1","0","0","0","0","0","0","0","0","7","0","","67","9","2020","1","40.044562","-75.14463","","6","0","0","0","0","0","0","0","0","","0","0","0","","","0","","1","","40 02:40.422","1","0","75 08:40.669","0","0","0","0","67301","0","0","0","N","0","0","0","2","67301","0","","5.0","354.0","1","N","N","N","0","","0","0","0","","2","N","","1","0","0","0","0","0","0","2","0","1","","03","","N","","","","","","","","","",""
"2020036666","","1","0","0","0","0","0","0","0","0","4","0","","67","5","2020","1","40.056736","-75.046864","","6","0","0","0","0","0","0","1","0","","0","0","0","","","3","","1","","40 03:24.250","2","0","75 02:48.711","4","0","0","0","67301","0","0","0","N","0","0","0","3","67301","3","","1.0","1230.0","1","N","N","N","0","","0","0","1","","2","Y","","2","3","0","0","0","0","0","2","0","2","","03","","N","","","","","","","","","",""
"2020083024","","0","0","0","0","0","0","0","0","0","5","0","","67","10","2020","2","39.960336","-75.230867","","6","0","0","0","0","0","0","0","0","","0","0","0","","","0","N","0","","39 57:37.210","","0","75 13:51.120","9","0","0","0","67301","0","0","0","N","0","0","0","1","67301","0","","6.0","","1","N","N","N","0","","0","0","1","","0","","","2","0","0","0","0","0","1","2","0","2","","03","","N","","","","","","","","","",""
"2020037868","","2","0","0","0","0","0","0","0","0","5","0","","67","5","2020","7","40.007239","-75.099142","","6","0","0","0","0","0","0","0","0","","0","0","0","","","0","N","0","","40 00:26.060","","0","75 05:56.910","0","0","0","0","67301","0","0","0","N","0","0","0","1","67301","0","","6.0","","1","N","N","N","0","","0","0","0","","0","","","2","0","0","0","0","0","0","2","0","2","","03","","N","","","","","","","","","",""
"2020039850","","1","0","0","0","0","0","0","0","0","1","0","","67","5","2020","6","39.957616","-75.149924","","6","0","0","0","0","0","2","0","0","","0","0","0","","","1","N","0","","39 57:27.416","","0","75 08:59.728","3","0","0","0","67301","0","0","0","N","0","0","0","2","68K01","0","","1.0","","9","N","N","N","0","","1","0","1","","0","","","2","1","0","0","0","0","0","2","0","2","","07","","N","","","","","","","","","",""
"2020037413","","1","0","0","0","0","0","0","0","0","4","0","","67","5","2020","6","39.949607","-75.199671","","6","0","0","0","0","0","0","0","0","","0","0","0","","","0","N","2","","39 56:58.586","","0","75 11:58.815","9","0","0","0","67301","0","0","0","N","0","0","0","2","67504","0","","1.0","","9","N","N","N","0","","0","0","1","","2","","","2","0","0","0","0","0","1","2","0","2","","","","N","","","","","","","","","",""
"2020073064","","1","0","0","0","0","0","0","0","0","1","0","","67","9","2020","1","39.978693","-75.157938","","6","0","0","0","0","0","0","0","0","","1","0","0","","","0","N","1","","39 58:43.293","2","0","75 09:28.577","1","1","0","1","67301","0","0","0","N","0","0","0","3","67301","0","2","1.0","130.0","1","N","N","N","0","0","0","0","0","","2","N","","2","0","0","0","0","0","0","2","0","2","","03","","N","","","","","","","","","",""
"2020036499","","1","0","0","0","0","0","0","0","0","8","0","","67","5","2020","1","40.010284","-75.136079","","6","0","0","0","0","0","0","0","0","","0","0","0","","","1","N","0","","40 00:37.021","","0","75 08:09.886","3","0","0","0","67301","1","0","0","N","1","0","0","2","67301","0","","1.0","","1","N","N","N","0","","1","0","0","","0","","","2","1","0","0","0","0","0","2","0","1","","03","","N","","","","","","","","","",""
"2020038499","","3","0","0","0","0","0","0","0","0","1","0","","67","5","2020","1","39.942226","-75.193746","","6","0","0","1","0","0","1","0","0","","0","0","0","","","1","N","0","","39 56:32.014","3","0","75 11:37.485","8","0","0","0","67301","0","0","0","N","0","0","0","9","68K01","0","","1.0","200.0","1","N","N","N","0","","0","0","3","","0","N","","6","1","0","0","0","1","0","2","0","6","","03","","N","","","","","","","","","",""
"2020035981","","1","0","0","0","0","0","0","0","0","4","0","","67","5","2020","6","39.997082","-75.175448","","6","0","0","0","0","0","1","0","0","","0","0","0","","","1","","1","","39 59:49.495","","0","75 10:31.612","8","0","0","0","67301","0","0","0","N","0","0","0","3","67301","0","","1.0","","1","N","N","N","1","","0","0","0","","3","","","2","1","0","0","0","1","0","2","0","2","","","","N","","","","","","","","","",""
"2020036119","","0","0","0","0","0","0","0","0","0","1","0","","67","5","2020","7","40.067736","-75.040717","","6","0","0","0","0","0","0","0","0","","0","0","0","","","2","N","0","","40 04:03.851","","6","75 02:26.581","8","0","0","0","67301","0","0","0","N","0","0","0","4","67301","0","","1.0","","1","N","N","N","0","","0","0","2","","0","","","2","2","0","0","0","2","1","2","0","2","","","","N","","","","","","","","","",""
"2020036489","","0","0","0","0","0","0","0","0","0","8","0","","67","5","2020","7","40.05431","-75.049499","","6","0","0","0","0","0","0","0","0","","0","0","0","","","1","","1","","40 03:15.517","","0","75 02:58.198","3","0","0","0","67301","1","0","0","N","1","0","0","2","67301","0","","1.0","","1","N","N","N","0","","1","0","0","","2","","","2","1","0","0","0","0","0","2","0","1","","03","","N","","","","","","","","","",""
"2020078314","","1","0","0","0","0","0","0","0","0","5","0","","67","9","2020","6","40.026453","-75.045839","","6","0","0","0","0","0","0","0","0","","1","0","0","","","0","N","0","","40 01:35.230","6","0","75 02:45.020","1","0","0","0","67301","0","0","0","N","0","0","0","2","67301","0","2","2.0","100.0","1","N","N","N","0","0","0","0","0","","0","Y","","2","0","1","0","0","0","0","2","1","2","","03","","N","","","","","","","","","",""
"2020037020","","1","0","0","0","0","0","0","0","0","4","0","","67","5","2020","4","39.975391","-75.193329","","6","0","0","0","0","0","1","0","0","","0","0","0","","","2","N","0","","39 58:31.406","","3","75 11:35.983","3","0","0","0","67301","0","0","0","N","0","0","0","2","67301","1","","1.0","","9","N","N","N","1","","1","0","0","","0","","","2","2","0","0","0","0","0","2","0","2","","","","N","","","","","","","","","",""
"2020037487","","2","0","0","0","0","0","0","0","0","4","0","","67","5","2020","5","40.041412","-75.120105","","6","0","0","1","0","0","0","0","0","","0","0","0","","","0","","1","","40 02:29.083","","0","75 07:12.377","0","0","0","0","67301","0","0","0","N","0","0","0","4","67301","0","","1.0","","1","N","N","N","0","","0","0","0","","2","","","2","0","0","0","0","0","0","2","0","2","","03","","N","","","","","","","","","",""
"2020037175","","1","0","0","0","0","0","0","0","0","4","0","","67","5","2020","2","39.972632","-75.217776","","6","0","0","0","0","0","0","0","0","","0","0","0","","","1","","3","","39 58:21.476","","0","75 13:03.992","8","0","0","0","67301","0","0","0","N","0","0","0","2","67301","0","","1.0","","1","N","N","N","0","","0","0","1","","2","","","2","1","1","0","0","1","0","2","0","2","","","","N","","","","","","","","","",""
"2020077980","","3","0","0","0","0","0","0","0","0","1","0","","67","9","2020","7","39.992612","-75.200864","","6","0","0","0","0","0","0","0","0","","0","0","0","","","1","N","0","","39 59:33.403","4","0","75 12:03.110","8","0","0","0","67301","0","0","0","N","0","0","0","3","68K01","0","","1.0","1235.0","1","N","N","N","0","","0","0","0","","0","N","","3","1","1","0","0","1","1","2","0","3","","","","N","","","","","","","","","",""
"2020078717","","0","0","0","0","0","0","0","0","0","5","1","","67","9","2020","4","40.002442","-75.129517","","6","0","0","0","0","0","1","0","0","","0","1","0","","","1","N","0","","40 00:08.790","","0","75 07:46.260","3","0","0","0","67301","0","0","0","N","0","0","0","2","67301","0","","1.0","","1","N","N","N","0","","1","0","1","","0","","","2","1","2","0","0","0","0","2","0","2","","03","","N","","","","","","","","","",""
"2020036563","","0","0","0","0","0","0","0","0","0","4","0","","67","5","2020","1","39.912963","-75.172107","","6","0","0","0","0","0","0","0","0","","0","0","0","","","0","","1","","39 54:46.666","","6","75 10:19.586","9","0","0","0","67301","0","0","0","N","0","0","0","4","67301","0","","1.0","","1","N","N","N","0","","0","0","2","","2","","","2","0","0","0","0","0","1","2","0","2","","03","","N","","","","","","","","","",""
"2020036669","","2","0","0","0","0","0","0","0","0","4","0","","67","5","2020","1","39.993455","-75.150835","","6","0","0","0","0","0","0","0","0","","0","0","0","","","3","","1","","39 59:36.439","3","0","75 09:03.006","4","0","0","0","67301","0","0","0","N","0","0","0","3","67301","1","","1.0","1158.0","1","N","N","N","0","","0","0","2","","2","Y","","4","3","0","0","0","2","0","2","0","4","","04","","N","","","","","","","","","",""
"2020036317","","2","0","0","0","0","0","0","0","0","4","0","","67","5","2020","2","39.977507","-75.15987","","6","0","0","0","0","0","0","0","0","","0","0","0","","","0","N","1","","39 58:39.025","","0","75 09:35.531","0","0","0","0","67301","0","0","0","N","0","0","0","2","67505","0","","1.0","","1","N","N","N","0","","0","0","0","","2","N","","2","0","0","0","0","0","0","2","0","2","","03","","N","","","","","","","","","",""
"2020047909","","2","0","0","0","0","0","0","0","0","4","0","","67","5","2020","1","40.003694","-75.094394","","6","0","0","0","0","0","0","0","0","","0","0","0","","","4","","1","","40 00:13.298","","0","75 05:39.820","4","0","0","0","67301","0","0","0","N","0","0","0","6","67301","4","","1.0","","1","N","N","N","0","","0","0","1","","3","","","3","4","0","0","0","0","0","2","0","3","","98","","N","","","","","","","","","",""
"2020076658","","1","0","0","0","0","0","0","0","0","7","0","","67","9","2020","3","40.002099","-75.156829","","6","0","0","0","0","0","0","0","0","","0","0","0","","","1","N","0","","40 00:07.556","","0","75 09:24.583","3","0","0","0","67301","0","0","0","N","0","0","0","1","67301","0","","6.0","","1","N","N","N","0","","1","0","0","","0","","","1","1","1","0","0","0","0","2","0","1","","03","","N","","","","","","","","","",""
"2020037928","","2","0","0","0","0","0","0","0","0","4","0","","67","5","2020","4","40.000004","-75.164972","","6","0","0","0","0","0","0","0","0","","0","0","0","","","1","","1","","40 00:00.014","2","0","75 09:53.899","3","0","0","0","67301","0","0","0","N","0","0","0","3","67301","0","","1.0","100.0","1","N","N","N","0","","1","0","0","","3","N","","3","1","0","0","0","0","0","2","1","3","","","","N","","","","","","","","","",""
"2020036231","","5","0","0","0","0","0","0","0","0","4","0","","67","5","2020","7","40.010363","-75.200671","","6","0","0","0","0","0","0","1","0","","0","0","0","","","1","N","0","","40 00:37.305","5","7","75 12:02.415","3","0","0","0","67301","0","0","0","N","0","0","0","4","67301","0","","1.0","1616.0","1","N","N","N","0","","1","0","1","","0","Y","","6","1","0","0","0","0","0","2","0","6","","03","","N","","","","","","","","","",""
"2020078385","","1","0","0","0","0","0","0","0","0","5","0","","67","9","2020","4","40.054491","-74.985573","","6","0","0","0","0","0","0","0","0","","0","0","0","","","1","N","0","","40 03:16.169","","0","74 59:08.063","8","0","0","0","67301","0","0","0","Y","0","0","0","4","68K01","0","","1.0","","1","N","N","N","0","","0","0","0","","0","","","3","1","0","0","0","1","1","2","1","3","","","","N","","","","","","","","","",""
"2020078619","","1","0","0","0","0","0","0","0","0","4","1","","67","9","2020","3","40.008796","-75.147623","","6","0","0","0","0","0","1","0","0","","0","1","0","","","2","","1","","40 00:31.666","7","0","75 08:51.441","3","0","0","0","67301","0","0","0","N","0","0","0","3","67301","0","","1.0","1915.0","1","N","N","N","0","","2","0","1","","2","Y","","3","2","0","0","0","0","0","2","0","3","","03","","N","","","","","","","","","",""
"2020078429","","3","0","0","0","0","0","0","0","0","1","0","","67","9","2020","1","39.958768","-75.168925","","6","0","0","0","0","0","0","0","0","","0","0","0","","","0","N","0","","39 57:31.564","4","0","75 10:08.131","0","0","0","0","67301","0","0","0","N","0","0","0","4","68K01","0","","1.0","15.0","1","N","N","N","0","","0","0","0","","0","N","","3","0","0","0","0","0","0","2","0","3","","","","N","","","","","","","","","",""
"2020036671","","1","0","0","0","0","0","0","0","0","4","0","","67","5","2020","2","40.042577","-75.129156","","6","0","0","0","0","0","1","0","0","","0","0","0","","","1","","1","","40 02:33.277","","0","75 07:44.961","3","0","0","0","67301","0","0","0","N","0","0","0","3","67301","0","","1.0","","1","N","N","N","0","","1","0","1","","2","","","2","1","0","0","0","0","1","2","0","2","","03","","N","","","","","","","","","",""
"2020076718","","2","0","0","0","0","0","0","0","0","4","1","","67","8","2020","5","40.007204","-75.200247","","6","0","0","0","0","0","1","0","0","","0","1","0","","","3","N","7","","40 00:25.935","","2","75 12:00.888","8","0","0","0","67301","0","0","0","N","0","0","0","5","68K01","0","","1.0","","1","N","N","N","0","","0","0","1","","0","","","4","3","0","0","0","3","0","2","0","4","","","","N","","","","","","","","","",""
"2020037930","","0","0","0","1","0","0","0","0","0","8","0","","67","5","2020","7","39.999811","-75.163433","","6","0","0","0","0","0","0","0","0","","0","0","0","","","1","N","0","","39 59:59.320","","0","75 09:48.360","3","0","0","0","67301","1","0","0","N","0","0","0","2","67301","0","","1.0","","99","N","N","N","0","","1","0","0","","9","","","2","1","0","0","0","0","0","2","0","1","","03","","N","","","","","","","","","",""
"2020038384","","1","0","0","0","0","0","0","0","0","4","0","","67","5","2020","5","40.011915","-75.147267","","6","0","0","0","0","0","0","0","0","","0","0","0","","","2","","2","","40 00:42.893","","0","75 08:50.161","3","0","0","0","67301","0","0","0","N","0","0","0","3","67301","0","","1.0","","1","N","N","N","0","","2","0","1","","0","","","2","2","0","0","0","0","0","2","0","2","","","","N","","","","","","","","","",""
"2020038134","","0","0","0","0","0","0","0","0","0","7","0","","67","5","2020","6","39.904984","-75.195359","","6","0","0","0","0","0","0","0","0","","0","0","0","","","1","N","0","","39 54:17.942","","3","75 11:43.294","3","0","0","0","67301","0","0","0","N","0","0","0","1","67301","0","","2.0","","9","N","N","Y","0","","1","0","0","","2","","","1","1","0","0","0","0","0","2","1","1","","","","N","","","","","","","","","",""
"2020077771","","0","0","0","0","0","0","1","0","0","5","1","","67","9","2020","6","40.007379","-75.213128","","6","0","0","0","0","0","1","0","0","","0","0","0","","","4","N","0","","40 00:26.563","","0","75 12:47.260","4","0","0","0","67301","0","0","0","N","0","0","0","6","67508","4","","1.0","","1","N","N","Y","0","","0","0","1","","0","","","2","4","0","0","0","0","0","2","0","2","","03","","N","","","","","","","","","",""
"2020039840","","0","0","0","0","0","0","0","0","0","7","0","","67","5","2020","4","39.960452","-75.181239","","6","0","0","0","0","0","1","0","0","","0","0","0","","","0","","7","","39 57:37.626","","2","75 10:52.459","0","0","0","0","67301","0","0","0","N","0","0","0","1","68K01","0","","4.0","","8","N","N","N","0","","0","0","1","","0","","","1","0","1","0","0","0","0","2","0","1","","","","N","","","","","","","","","",""
"2020037929","","2","0","0","0","0","0","0","0","0","2","0","","67","5","2020","7","40.009366","-75.152089","","6","0","0","0","0","0","0","0","0","","0","0","0","","","0","","2","","40 00:33.716","7","0","75 09:07.519","0","0","0","0","67301","0","0","0","N","0","0","0","5","67301","0","","1.0","1914.0","1","N","N","N","0","","0","0","0","","2","Y","","2","0","2","0","0","0","0","2","0","2","","03","","N","","","","","","","","","",""
"2020037694","","2","0","0","0","0","0","0","0","0","4","0","","67","5","2020","7","39.988487","-75.148686","","6","0","0","0","0","0","0","0","0","","0","0","0","","","0","","1","","39 59:18.553","2","0","75 08:55.269","0","0","0","0","67301","0","0","0","N","0","0","0","2","67301","0","","1.0","100.0","9","N","N","N","0","","0","0","0","","2","Y","","2","0","0","0","0","0","0","2","0","2","","04","","N","","","","","","","","","",""
"2020037926","","2","0","0","0","0","0","0","0","0","4","0","","67","5","2020","7","39.966345","-75.192025","","6","0","0","0","0","0","0","0","0","","0","0","0","","","0","","1","","39 57:58.841","","0","75 11:31.289","0","0","0","0","67301","0","0","0","N","0","0","0","2","67301","0","","1.0","","1","N","N","N","0","","0","0","0","","3","","","3","0","2","0","0","0","0","2","1","3","","03","","N","","","","","","","","","",""
"2020039846","","1","0","0","0","0","0","0","0","0","1","0","","67","5","2020","5","39.959573","-75.176409","","6","0","0","0","0","0","0","0","0","","0","0","0","","","1","N","0","","39 57:34.462","3","0","75 10:35.072","3","0","0","1","67301","0","0","0","N","0","0","0","2","68K01","0","","1.0","100.0","1","N","N","N","0","","1","0","0","","0","N","","2","1","0","0","0","0","0","2","0","2","","","","N","","","","","","","","","",""
"2020037050","","1","0","0","0","0","0","0","0","0","4","0","","67","5","2020","4","40.045087","-75.158216","","6","0","0","0","0","0","0","0","0","","0","0","0","","","1","","1","","40 02:42.313","5","0","75 09:29.577","3","0","0","0","67301","0","0","0","N","0","0","0","3","67301","0","","1.0","1930.0","9","N","N","N","0","","1","0","2","","2","Y","","5","1","0","0","0","0","0","2","2","5","","","","N","","","","","","","","","",""
"2020076349","","2","0","0","0","0","0","0","0","0","1","0","","67","9","2020","5","40.004663","-75.152203","","6","0","0","0","0","0","1","0","0","","0","0","0","","","1","N","1","","40 00:16.788","","0","75 09:07.931","8","0","0","0","67301","0","0","0","N","0","0","0","6","67505","0","","1.0","","1","N","N","N","0","","0","0","1","","2","N","","3","1","0","0","0","1","0","2","0","3","","03","","N","","","","","","","","","",""
"2020077967","","1","0","0","0","0","0","0","0","0","1","0","","67","8","2020","5","39.958881","-75.169839","","6","0","0","0","0","0","1","0","0","","0","0","0","","","0","N","0","","39 57:31.972","","0","75 10:11.422","0","0","0","0","67301","0","0","0","N","0","0","0","1","68K01","0","","1.0","","1","N","N","N","0","","0","0","0","","0","","","2","0","0","0","0","0","0","2","0","2","","03","","N","","","","","","","","","",""
"2020078236","","1","0","0","0","0","0","0","0","0","7","0","","67","9","2020","5","39.980935","-75.206491","","6","0","0","0","0","0","1","0","0","","0","0","0","","","1","N","0","","39 58:51.367","3","0","75 12:23.366","8","0","0","0","67301","0","0","0","N","0","0","0","1","68K01","0","","4.0","315.0","9","N","N","N","0","","0","0","0","","0","N","","1","1","0","0","0","1","0","2","0","1","","","","N","","","","","","","","","",""
"2020036161","","1","0","0","0","0","0","0","0","0","5","0","","67","5","2020","7","39.972125","-75.199992","","6","0","0","0","0","0","1","0","0","","0","0","0","","","0","N","0","","39 58:19.650","","0","75 11:59.970","0","0","0","0","67301","0","0","0","N","0","0","0","1","67301","0","","6.0","","1","N","N","N","0","","0","0","2","","0","","","3","0","1","0","0","0","0","2","0","3","","","","N","","","","","","","","","",""
"2020037389","","2","0","0","0","0","0","0","0","0","5","0","","67","5","2020","6","39.925753","-75.227531","","6","0","0","0","0","0","0","0","0","","0","0","0","","","0","N","0","","39 55:32.710","","0","75 13:39.110","9","0","0","0","67301","0","0","0","N","0","0","0","1","67301","0","","6.0","","99","N","N","N","0","","0","0","1","","0","","","4","0","0","0","0","0","1","2","1","4","","","","N","","","","","","","","","",""
"2020040358","","0","0","0","0","0","0","0","0","0","1","0","","67","5","2020","5","40.033296","-75.037693","","6","0","0","0","0","0","0","0","0","","0","0","0","","","1","","1","","40 01:59.865","6","0","75 02:15.694","3","0","0","0","67301","0","0","0","N","0","0","0","2","67301","0","","1.0","750.0","1","N","N","N","0","","1","0","2","","2","N","","2","1","0","0","0","0","0","2","0","2","","","","N","","","","","","","","","",""
"2020037580","","2","0","0","0","0","0","0","0","0","5","0","","67","5","2020","7","39.96304","-75.190425","","6","0","0","0","0","0","0","0","0","","0","0","0","","","0","N","0","","39 57:46.944","3","0","75 11:25.530","0","0","0","0","67301","0","0","0","N","0","0","0","2","67507","0","","6.0","1511.0","1","N","N","N","0","","0","0","0","","0","Y","","2","0","0","0","0","0","0","2","0","2","","","","N","","","","","","","","","",""
"2020037018","","0","0","0","0","0","0","0","0","0","5","0","","67","5","2020","4","39.895748","-75.216006","","6","0","0","0","0","0","1","0","0","","0","0","0","","","0","N","0","","39 53:44.693","3","3","75 12:57.621","0","0","0","0","67301","0","0","0","N","0","0","0","3","67301","0","","1.0","1925.0","9","N","N","N","2","","0","0","0","","0","N","","2","0","0","0","0","0","0","2","0","2","","","","N","","","","","","","","","",""
"2020037313","","0","0","0","0","0","0","0","0","0","4","0","","67","5","2020","5","40.011138","-75.153322","","6","0","0","0","0","0","1","0","0","","0","0","0","","","1","","1","","40 00:40.096","","0","75 09:11.959","3","0","0","0","67301","0","0","0","N","0","0","0","2","67301","0","","1.0","","1","N","N","N","0","","1","0","0","","3","","","2","1","1","0","0","0","0","2","1","2","","03","","N","","","","","","","","","",""
"2020037016","","1","0","0","0","0","0","0","0","0","4","1","","67","5","2020","4","40.074316","-75.034824","","6","0","0","0","0","0","1","0","0","","0","1","0","","","1","","1","","40 04:27.539","","0","75 02:05.367","3","0","0","0","67301","0","0","0","N","0","0","0","2","67301","0","","1.0","","1","N","N","N","0","","1","0","0","","2","","","2","1","0","0","0","0","0","2","0","2","","","","N","","","","","","","","","",""
"2020037867","","2","0","0","0","0","0","0","0","0","4","0","","67","5","2020","7","39.989129","-75.110475","","6","0","0","0","0","0","1","0","0","","0","0","0","","","0","","1","","39 59:20.864","","0","75 06:37.709","0","0","0","0","67301","0","0","0","N","0","0","0","2","67301","0","","1.0","","1","N","N","N","0","","0","0","0","","3","","","2","0","2","0","0","0","0","2","0","2","","03","","N","","","","","","","","","",""
"2020036896","","1","0","0","0","0","0","0","0","0","5","0","","67","5","2020","2","40.013908","-75.169418","","6","0","0","0","0","0","0","0","0","","0","0","0","","","0","N","0","","40 00:50.070","","0","75 10:09.906","0","0","0","0","67301","0","0","0","N","0","0","0","1","67508","0","","6.0","","1","N","N","N","1","","0","0","0","","0","","","2","0","0","0","0","0","0","2","0","2","","","","N","","","","","","","","","",""
"2020038137","","1","0","0","0","0","0","0","0","0","1","0","","67","5","2020","6","39.940888","-75.234331","","6","0","0","0","0","0","1","0","0","","0","0","0","","","1","N","2","","39 56:27.196","","0","75 14:03.590","3","0","0","0","67301","0","0","0","N","0","0","0","4","67301","0","","1.0","","9","N","N","N","0","","1","0","1","","0","","","2","1","0","0","0","0","0","2","0","2","","04","","N","","","","","","","","","",""
"2020035935","","0","0","0","0","0","0","0","0","0","8","0","","67","5","2020","6","40.047508","-75.142894","","6","0","0","0","0","0","0","0","0","","0","0","0","","","1","","1","","40 02:51.028","","0","75 08:34.417","2","0","0","0","67301","1","0","1","N","1","0","1","2","67301","0","","1.0","","1","N","N","N","0","","0","1","1","","2","","","2","1","0","0","0","0","0","2","0","1","","03","","N","","","","","","","","","",""
"2020036298","","1","0","0","0","0","0","0","0","0","7","0","","67","5","2020","1","40.049047","-75.077594","","6","0","0","0","0","0","0","0","0","","0","0","0","","","0","N","0","","40 02:56.570","","0","75 04:39.340","0","0","0","0","67301","0","0","0","N","0","0","0","1","67301","0","","5.0","","1","N","Y","N","0","","0","0","0","","0","","","1","0","0","0","0","0","0","2","0","1","","03","","N","","","","","","","","","",""