"CRN","ARRIVAL_TM","AUTOMOBILE_COUNT","BELTED_DEATH_COUNT","BELTED_SUSP_SERIOUS_INJ_COUNT","BICYCLE_COUNT","BICYCLE_DEATH_COUNT","BICYCLE_SUSP_SERIOUS_INJ_COUNT","BUS_COUNT","CHLDPAS_DEATH_COUNT","CHLDPAS_SUSP_SERIOUS_INJ_COUNT","COLLISION_TYPE","COMM_VEH_COUNT","CONS_ZONE_SPD_LIM","COUNTY","CRASH_MONTH","CRASH_YEAR","DAY_OF_WEEK","DEC_LATITUDE","DEC_LONGITUDE","DISPATCH_TM","DISTRICT","DRIVER_COUNT_16YR","DRIVER_COUNT_17YR","DRIVER_COUNT_18YR","DRIVER_COUNT_19YR","DRIVER_COUNT_20YR","DRIVER_COUNT_50_64YR","DRIVER_COUNT_65_74YR","DRIVER_COUNT_75PLUS","EST_HRS_CLOSED","FATAL_COUNT","HEAVY_TRUCK_COUNT","HORSE_BUGGY_COUNT","HOUR_OF_DAY","ILLUMINATION","INJURY_COUNT","INTERSECTION_RELATED","INTERSECT_TYPE","LANE_CLOSED","LATITUDE","LN_CLOSE_DIR","LOCATION_TYPE","LONGITUDE","MAX_SEVERITY_LEVEL","MCYCLE_DEATH_COUNT","MCYCLE_SUSP_SERIOUS_INJ_COUNT","MOTORCYCLE_COUNT","MUNICIPALITY","NONMOTR_COUNT","NONMOTR_DEATH_COUNT","NONMOTR_SUSP_SERIOUS_INJ_COUNT","NTFY_HIWY_MAINT","PED_COUNT","PED_DEATH_COUNT","PED_SUSP_SERIOUS_INJ_COUNT","PERSON_COUNT","POLICE_AGCY","POSSIBLE_INJ_COUNT","RDWY_SURF_TYPE_CD","RELATION_TO_ROAD","ROADWAY_CLEARED","ROAD_CONDITION","SCH_BUS_IND","SCH_ZONE_IND","SECONDARY_CRASH","SMALL_TRUCK_COUNT","SPEC_JURIS_CD","SUSP_MINOR_INJ_COUNT","SUSP_SERIOUS_INJ_COUNT","SUV_COUNT","TCD_FUNC_CD","TCD_TYPE","TFC_DETOUR_IND","TIME_OF_DAY","TOTAL_UNITS","TOT_INJ_COUNT","UNBELTED_OCC_COUNT","UNB_DEATH_COUNT","UNB_SUSP_SERIOUS_INJ_COUNT","UNK_INJ_DEG_COUNT","UNK_INJ_PER_COUNT","URBAN_RURAL","VAN_COUNT","VEHICLE_COUNT","WEATHER1","WEATHER2","WORKERS_PRES","WORK_ZONE_IND","WORK_ZONE_LOC","WORK_ZONE_TYPE","WZ_CLOSE_DETOUR","WZ_FLAGGER","WZ_LAW_OFFCR_IND","WZ_LN_CLOSURE","WZ_MOVING","WZ_OTHER","WZ_SHLDER_MDN","WZ_WORKERS_INJ_KILLED"
"2020036158","","2","0","0","0","0","0","0","0","0","4","0","","67","5","2020","7","40.104327","-75.034601","","6","0","0","0","0","0","0","0","0","","0","0","0","","","1","N","0","","40 06:15.576","","0","75 02:04.562","3","0","0","0","67301","0","0","0","N","0","0","0","2","67301","0","","1.0","","1","N","N","N","0","","1","0","1","","0","","","3","1","0","0","0","0","0","2","0","3","","03","","N","","","","","","","","","",""
"2020037660","","1","0","0","0","0","0","0","0","0","7","0","","67","5","2020","6","39.959814","-75.178316","","6","0","0","0","0","0","0","0","0","","0","0","0","","","0","N","0","","39 57:35.330","3","0","75 10:41.939","0","0","0","0","67301","0","0","0","N","0","0","0","1","68K01","0","","4.0","2310.0","9","N","N","N","0","","0","0","0","","0","N","","1","0","0","0","0","0","0","2","0","1","","","","N","","","","","","","","","",""
"2020077042","","1","0","0","0","0","0","0","0","0","8","0","","67","9","2020","4","39.925219","-75.176198","","6","0","0","0","0","0","1","0","0","","0","0","0","","","1","N","0","","39 55:30.789","","0","75 10:34.313","3","0","0","0","67301","1","0","0","N","1","0","0","2","67301","0","","1.0","","1","N","N","N","0","","1","0","0","","0","","","2","1","0","0","0","0","0","2","0","1","","","","N","","","","","","","","","",""
"2020037790","","1","0","0","0","0","0","0","0","0","4","0","","67","5","2020","6","40.026373","-75.084918","","6","0","0","0","0","0","0","0","0","","0","0","0","","","0","","1","","40 01:34.942","2","0","75 05:05.704","0","0","0","0","67301","0","0","0","N","0","0","0","2","67301","0","","1.0","30.0","9","N","N","N","0","","0","0","1","","2","N","","2","0","2","0","0","0","0","2","0","2","","07","","N","","","","","","","","","",""
"2020037392","","1","0","0","0","0","0","0","0","0","4","0","","67","5","2020","5","40.022351","-75.078135","","6","0","0","0","0","0","0","0","0","","0","0","0","","","1","","1","","40 01:20.463","","0","75 04:41.285","4","0","0","1","67301","0","0","0","N","0","0","0","2","67301","1","","1.0","","1","N","N","N","0","","0","0","0","","2","","","2","1","0","0","0","0","0","2","0","2","","","","N","","","","","","","","","",""
"2020076967","","1","0","0","0","0","0","0","0","0","4","0","","67","9","2020","6","39.981484","-75.117339","","6","0","0","0","0","0","0","0","0","","0","0","0","","","2","","1","","39 58:53.344","","0","75 07:02.419","2","0","1","1","67301","0","0","0","N","0","0","0","3","67301","0","","1.0","","1","N","N","N","0","","1","1","0","","2","","","2","2","0","0","0","0","0","2","0","2","","","","N","","","","","","","","","",""
"2020036302","","1","0","0","0","0","0","0","0","0","1","0","","67","5","2020","1","39.991058","-75.142458","","6","0","0","0","0","0","0","0","0","","0","0","0","","","0","N","0","","39 59:27.810","","0","75 08:32.850","9","0","0","0","67301","0","0","0","N","0","0","0","1","67301","0","","1.0","","99","N","N","N","1","","0","0","0","","9","","","2","0","0","0","0","0","1","2","0","2","","","","N","","","","","","","","","",""
"2020077900","","1","0","0","0","0","0","0","0","0","8","0","","67","6","2020","3","40.029328","-75.09455","","6","0","0","0","0","0","0","0","0","","0","0","0","","","1","N","0","","40 01:45.580","","99","75 05:40.380","3","0","0","0","67301","1","0","0","N","1","0","0","2","67301","0","","9.0","","1","N","N","N","0","","1","0","0","","0","U","","2","1","0","0","0","0","1","2","0","1","","","","N","","","","","","","","","",""
"2020036229","","2","0","0","0","0","0","0","0","0","1","0","","67","5","2020","7","39.942196","-75.142342","","6","0","0","0","0","0","0","0","0","","0","0","0","","","1","N","0","","39 56:31.907","","0","75 08:32.432","3","0","0","0","67301","0","0","0","N","0","0","0","2","67301","0","","1.0","","1","N","N","N","0","","1","0","0","","2","","","2","1","0","0","0","0","0","2","0","2","","03","","N","","","","","","","","","",""
"2020078869","","1","0","0","0","0","0","0","0","0","8","0","","67","9","2020","5","39.986392","-75.181628","","6","0","0","0","0","0","0","0","0","","0","0","0","","","1","N","0","","39 59:11.010","","0","75 10:53.860","3","0","0","0","67301","1","0","0","N","1","0","0","1","67301","0","","9.0","","1","N","N","N","0","","1","0","0","","0","","","2","1","0","0","0","0","0","2","0","1","","03","","N","","","","","","","","","",""
"2020036920","","1","0","0","0","0","0","0","0","0","4","0","","67","5","2020","3","40.040258","-75.058429","","6","0","0","0","0","0","1","0","0","","0","0","0","","","0","","1","","40 02:24.930","1","0","75 03:30.344","0","0","0","0","67301","0","0","0","N","0","0","0","2","67301","0","","1.0","1405.0","1","N","N","N","0","","0","0","1","","2","Y","","2","0","0","0","0","0","0","2","0","2","","","","N","","","","","","","","","",""
"2020037486","","4","0","0","0","0","0","0","0","0","4","0","","67","5","2020","5","39.932592","-75.181344","","6","0","0","0","0","0","0","0","0","","0","0","0","","","0","N","5","","39 55:57.332","","0","75 10:52.838","0","0","0","0","67301","0","0","0","N","0","0","0","1","67301","0","","1.0","","1","N","N","N","0","","0","0","2","","0","","","6","0","0","0","0","0","0","2","0","6","","03","","N","","","","","","","","","",""
"2020036024","","1","0","0","0","0","0","0","0","0","5","0","","67","5","2020","7","40.041917","-75.15905","","6","0","0","0","0","0","0","0","0","","0","0","0","","","0","N","0","","40 02:30.900","","0","75 09:32.581","0","0","0","0","67301","0","0","0","N","0","0","0","2","67301","0","","1.0","","1","N","N","N","0","","0","0","0","","9","","","2","0","0","0","0","0","0","2","0","2","","03","","N","","","","","","","","","",""
"2020037047","","1","0","0","0","0","0","0","0","0","7","0","","67","5","2020","3","39.944484","-75.238595","","6","0","0","0","0","0","0","1","0","","0","0","0","","","0","N","0","","39 56:40.142","2","3","75 14:18.942","0","0","0","0","67301","0","0","0","N","0","0","0","1","67301","0","","2.0","100.0","1","N","N","N","0","","0","0","0","","0","Y","","1","0","0","0","0","0","0","2","0","1","","03","","N","","","","","","","","","",""
"2020078395","","1","0","0","0","0","0","0","0","0","1","0","","67","9","2020","5","40.009278","-75.204916","","6","0","0","0","0","0","0","0","0","","0","0","0","","","0","N","0","","40 00:33.399","","0","75 12:17.699","0","0","0","0","67301","0","0","0","N","0","0","0","2","68K01","0","","3.0","","1","N","N","N","1","","0","0","0","","0","","","2","0","0","0","0","0","0","2","0","2","","","","N","","","","","","","","","",""
"2020036640","","0","0","0","0","0","0","0","0","0","7","0","","67","5","2020","1","39.8874","-75.204501","","6","0","0","0","0","0","0","0","0","","0","0","0","","","0","N","0","","39 53:14.640","2","0","75 12:16.202","0","0","0","0","67301","0","0","0","N","0","0","0","2","68K01","0","","3.0","30.0","9","N","N","N","1","","0","0","0","","0","N","","1","0","0","0","0","0","0","2","0","1","","","","N","","","","","","","","","",""
"2020036023","","1","0","0","0","0","0","0","0","0","5","0","","67","5","2020","7","39.903856","-75.249506","","6","0","0","0","0","0","0","0","0","","0","0","0","","","0","N","0","","39 54:13.880","","0","75 14:58.220","0","0","0","0","67301","0","0","0","N","0","0","0","1","67301","0","","6.0","","1","N","N","N","0","","0","0","0","","0","","","2","0","0","0","0","0","0","2","1","2","","03","","N","","","","","","","","","",""
"2020037393","","1","0","0","0","0","0","0","0","0","4","0","","67","5","2020","6","40.033438","-75.030976","","6","0","0","0","0","0","1","0","0","","0","0","0","","","0","","1","","40 02:00.376","","0","75 01:51.513","9","0","0","0","67301","0","0","0","N","0","0","0","3","67301","0","","1.0","","1","N","N","N","0","","0","0","1","","3","","","2","0","0","0","0","0","3","2","0","2","","","","N","","","","","","","","","",""
"2020079059","","2","0","0","0","0","0","0","0","0","4","0","","67","9","2020","5","40.009628","-75.156078","","6","0","0","0","0","0","0","0","0","","0","0","0","","","1","N","0","","40 00:34.660","","0","75 09:21.880","8","0","0","0","67301","0","0","0","N","0","0","0","1","67301","0","","1.0","","1","N","N","Y","0","","0","0","2","","0","","","4","1","0","0","0","1","0","2","0","4","","","","N","","","","","","","","","",""
"2020038385","","1","0","0","0","0","0","0","0","0","8","0","","67","5","2020","3","39.966947","-75.128792","","6","0","0","0","0","0","0","0","0","","0","0","0","","","1","N","0","","39 58:01.010","","7","75 07:43.650","3","0","0","0","67301","1","0","0","N","1","0","0","2","67301","0","","1.0","","1","N","N","N","0","","1","0","0","","9","","","2","1","0","0","0","0","0","2","0","1","","","","N","","","","","","","","","",""
"2020038732","","1","0","0","0","0","0","0","0","0","7","0","","67","5","2020","2","40.033121","-75.020715","","6","0","0","0","0","0","0","0","0","","0","0","0","","","0","N","0","","40 01:59.234","","0","75 01:14.575","0","0","0","0","67301","0","0","0","N","0","0","0","1","68K01","0","","4.0","","1","N","N","N","0","","0","0","0","","0","","","1","0","0","0","0","0","0","2","0","1","","","","N","","","","","","","","","",""
"2020073408","","1","0","0","0","0","0","0","0","0","8","0","","67","9","2020","1","39.937868","-75.166809","","6","0","0","0","0","0","0","0","0","","1","0","0","","","1","N","1","","39 56:16.326","5","0","75 10:00.512","1","0","0","0","67301","1","1","0","N","1","1","0","2","67301","0","2","1.0","330.0","1","N","N","N","0","0","1","0","0","","2","Y","","2","1","0","0","0","0","0","2","0","1","","","","N","","","","","","","","","",""
"2020078387","","1","0","0","0","0","0","0","0","0","1","0","","67","9","2020","4","39.957874","-75.161869","","6","0","0","0","0","0","1","0","0","","0","0","0","","","0","N","0","","39 57:28.347","","0","75 09:42.730","0","0","0","0","67301","0","0","0","N","0","0","0","9","68K01","0","","1.0","","1","N","N","N","0","","0","0","2","","0","","","3","0","0","0","0","0","0","2","0","3","","","","N","","","","","","","","","",""
"2020035978","","0","0","0","0","0","0","0","0","0","4","0","","67","5","2020","6","40.113145","-75.01693","","6","0","0","0","0","0","1","0","0","","0","0","0","","","1","","1","","40 06:47.322","1","0","75 01:00.948","8","0","0","0","67301","0","0","0","N","0","0","0","2","67301","0","","1.0","1820.0","1","N","N","N","0","","0","0","2","","3","N","","2","1","0","0","0","1","0","2","0","2","","","","N","","","","","","","","","",""
"2020078412","","1","0","0","0","0","0","0","0","0","7","0","","67","9","2020","7","40.006249","-75.07401","","6","0","0","0","0","0","0","0","0","","0","0","0","","","0","N","0","","40 00:22.497","","2","75 04:26.436","9","0","0","0","67301","0","0","0","N","0","0","0","1","68K01","0","","4.0","","1","N","N","N","0","","0","0","0","","0","","","1","0","0","0","0","0","1","2","0","1","","03","","N","","","","","","","","","",""
"2020039640","","2","0","0","0","0","0","0","0","0","4","0","","67","5","2020","5","40.020398","-75.140103","","6","0","0","0","0","0","0","0","0","","0","0","0","","","2","","1","","40 01:13.432","","0","75 08:24.370","3","0","0","0","67301","0","0","0","N","0","0","0","3","67301","0","","1.0","","1","N","N","N","0","","2","0","0","","3","","","2","2","1","0","0","0","1","2","0","2","","03","","N","","","","","","","","","",""
"2020077984","","1","0","0","0","0","0","0","0","0","1","0","","67","9","2020","2","40.007942","-75.201575","","6","0","0","0","0","0","0","0","0","","0","0","0","","","0","N","0","","40 00:28.591","","0","75 12:05.670","9","0","0","0","67301","0","0","0","N","0","0","0","3","68K01","0","","1.0","","1","N","N","N","0","","0","0","0","","0","","","2","0","0","0","0","0","1","2","0","2","","","","N","","","","","","","","","",""
"2020038093","","2","0","0","0","0","0","0","0","0","4","0","","67","5","2020","6","39.938621","-75.221623","","6","0","0","0","0","0","2","0","0","","0","0","0","","","0","","1","","39 56:19.035","","0","75 13:17.843","9","0","0","0","67301","0","0","0","N","0","0","0","2","67301","0","","1.0","","9","N","N","N","0","","0","0","0","","2","","","2","0","2","0","0","0","2","2","0","2","","07","","N","","","","","","","","","",""
"2020034783","","1","0","0","0","0","0","0","0","0","1","0","","67","4","2020","6","39.929439","-75.228836","","6","0","0","0","0","0","0","0","0","","0","0","0","","","1","N","0","","39 55:45.980","","0","75 13:43.810","4","0","0","0","67301","0","0","0","N","0","0","0","1","67301","1","","6.0","","1","N","N","N","0","","0","0","2","","0","","","3","1","0","0","0","0","0","2","0","3","","03","","N","","","","","","","","","",""
"2020041965","","1","0","0","0","0","0","0","0","0","7","0","","67","5","2020","2","39.901748","-75.151913","","6","0","0","0","0","0","0","1","0","","0","0","0","","","0","N","0","","39 54:06.294","2","0","75 09:06.887","0","0","0","0","67301","0","0","0","N","0","0","0","1","68K01","0","","3.0","514.0","1","N","N","N","0","","0","0","0","","0","N","","1","0","0","0","0","0","0","2","0","1","","","","N","","","","","","","","","",""
"2020077116","","2","0","0","0","0","0","0","0","0","4","0","","67","9","2020","7","40.080757","-75.028601","","6","0","0","0","0","0","1","0","0","","0","0","0","","","1","","1","","40 04:50.725","","0","75 01:42.964","3","0","0","0","67301","0","0","0","N","0","0","0","2","67301","0","","1.0","","1","N","N","N","0","","1","0","0","","2","","","2","1","0","0","0","0","0","2","0","2","","03","","N","","","","","","","","","",""
"2020037995","","0","0","0","0","0","0","0","0","0","4","0","","67","5","2020","5","39.976176","-75.160962","","6","0","0","0","1","0","0","0","0","","0","0","0","","","0","","1","","39 58:34.232","","0","75 09:39.464","0","0","0","0","67301","0","0","0","N","0","0","0","2","67301","0","","1.0","","1","N","N","N","0","","0","0","2","","3","","","2","0","0","0","0","0","0","2","0","2","","","","N","","","","","","","","","",""
"2020079058","","2","0","0","0","0","0","0","0","0","1","0","","67","9","2020","4","40.010609","-75.178527","","6","0","0","1","0","0","0","0","0","","0","0","0","","","0","Y","0","","40 00:38.193","","0","75 10:42.696","0","0","0","0","67301","0","0","0","N","0","0","0","2","67301","0","","1.0","","1","N","N","N","0","","0","0","0","","2","","","2","0","0","0","0","0","0","2","0","2","","","","N","","","","","","","","","",""
"2020039849","","1","0","0","0","0","0","0","0","0","7","0","","67","5","2020","6","40.030871","-75.021809","","6","0","0","0","0","0","0","0","0","","0","0","0","","","0","N","0","","40 01:51.135","2","0","75 01:18.511","0","0","0","0","67301","0","0","0","N","0","0","0","1","68K01","0","","2.0","30.0","9","N","N","N","0","","0","0","0","","0","N","","1","0","0","0","0","0","0","2","0","1","","","","N","","","","","","","","","",""
"2020037173","","3","0","0","0","0","0","0","0","0","4","0","","67","5","2020","5","40.051038","-75.180563","","6","0","0","0","0","0","0","0","0","","0","0","0","","","1","","2","","40 03:03.737","6","0","75 10:50.025","4","0","0","0","67301","0","0","0","N","0","0","0","2","67301","1","","1.0","200.0","9","N","N","N","0","","0","0","1","","3","Y","","4","1","2","0","0","0","0","2","0","4","","03","","N","","","","","","","","","",""
"2020037888","","1","0","0","0","0","0","0","0","0","4","0","","67","5","2020","2","40.027527","-75.099106","","6","0","0","0","0","0","1","0","0","","0","0","0","","","4","","1","","40 01:39.097","1","0","75 05:56.781","3","0","0","0","67301","0","0","0","N","0","0","0","5","67301","0","","1.0","1915.0","1","N","N","N","0","","4","0","0","","2","N","","2","4","1","0","0","0","0","2","1","2","","","","N","","","","","","","","","",""
"2020037090","","1","0","0","0","0","0","0","0","0","4","0","","67","5","2020","5","40.074609","-75.035074","","6","0","0","0","0","0","1","0","0","","0","0","0","","","1","","1","","40 04:28.594","","0","75 02:06.267","3","0","0","0","67301","0","0","0","N","0","0","0","2","67301","0","","1.0","","1","N","N","N","0","","1","0","1","","2","","","2","1","0","0","0","0","0","2","0","2","","03","","N","","","","","","","","","",""
"2020078716","","0","0","0","0","0","0","0","0","0","8","0","","67","9","2020","6","40.005386","-75.108933","","6","0","0","0","0","0","0","0","0","","1","0","0","","","0","N","0","","40 00:19.388","","0","75 06:32.160","1","0","0","0","67301","1","1","0","N","1","1","0","2","67301","0","2","6.0","","1","N","N","N","1","0","0","0","0","","0","","","2","0","0","0","0","0","0","2","0","1","","","","N","","","","","","","","","",""
"2020037648","","1","0","0","0","0","0","0","0","0","7","0","","67","5","2020","7","40.018211","-75.047583","","6","0","0","0","0","0","0","0","0","","0","0","0","","","0","N","0","","40 01:05.559","1","0","75 02:51.298","0","0","0","0","67301","0","0","0","N","0","0","0","2","68K01","0","","2.0","1500.0","1","N","N","N","0","","0","0","0","","0","N","","1","0","2","0","0","0","0","2","0","1","","03","","N","","","","","","","","","",""
"2020036235","","1","0","0","0","0","0","0","0","0","7","0","","67","5","2020","1","40.023533","-75.196517","","6","0","0","0","1","0","0","0","0","","0","0","0","","","0","N","0","","40 01:24.720","1","0","75 11:47.460","0","0","0","0","67301","0","0","0","N","0","0","0","1","67301","0","","2.0","930.0","9","N","N","N","0","","0","0","0","","0","Y","","1","0","0","0","0","0","0","2","0","1","","07","","N","","","","","","","","","",""
"2020039855","","2","0","0","0","0","0","0","0","0","7","0","","67","5","2020","7","39.890115","-75.220007","","6","0","0","0","0","0","0","0","0","","0","0","0","","","1","","7","","39 53:24.415","2","2","75 13:12.026","8","0","0","0","67301","0","0","0","N","0","0","0","2","68K01","0","","4.0","100.0","1","N","N","N","0","","0","0","0","","0","N","","2","1","0","0","0","1","0","2","0","2","","","","N","","","","","","","","","",""
"2020037726","","1","0","0","0","0","0","0","0","0","8","0","","67","5","2020","1","39.990938","-75.130917","","6","0","0","0","0","0","0","0","0","","0","0","0","","","1","","1","","39 59:27.376","","0","75 07:51.301","3","0","0","0","67301","1","0","0","N","1","0","0","2","67301","0","","1.0","","1","N","N","N","0","","1","0","0","","9","","","2","1","0","0","0","0","0","2","0","1","","03","","N","","","","","","","","","",""
"2020078445","","3","0","0","0","0","0","0","0","0","1","0","45","67","9","2020","5","39.959012","-75.170938","","6","0","0","0","0","0","0","0","0","","0","0","0","","","0","N","0","","39 57:32.443","","0","75 10:15.376","0","0","0","0","67301","0","0","0","N","0","0","0","3","68K01","0","","1.0","","1","N","N","N","0","","0","0","0","","0","","","3","0","0","0","0","0","0","2","0","3","","","Y","Y","4","2","N","N","N","Y","N","N","N","N"
"2020077972","","1","0","0","0","0","0","0","0","0","1","1","45","67","9","2020","6","39.97928","-75.108765","","6","0","0","0","0","0","0","1","0","","0","1","0","","","1","N","0","","39 58:45.409","2","0","75 06:31.553","3","0","0","0","67301","0","0","0","N","0","0","0","2","68K01","0","","1.0","450.0","1","N","N","N","0","","1","0","0","","0","N","","2","1","0","0","0","0","0","2","0","2","","","N","Y","4","1","","","N","","","","Y","N"
"2020037045","","1","0","0","0","0","0","0","0","0","4","0","","67","5","2020","1","40.027028","-75.097734","","6","0","0","0","0","0","0","0","0","","0","0","0","","","2","N","0","","40 01:37.299","2","0","75 05:51.841","3","0","0","0","67301","0","0","0","N","0","0","0","2","67301","0","","1.0","1235.0","1","N","N","N","0","","2","0","1","","8","Y","","2","2","1","0","0","0","0","2","0","2","","","","N","","","","","","","","","",""
"2020037650","","1","0","0","0","0","0","0","0","0","1","0","","67","5","2020","1","40.003531","-75.214564","","6","0","0","0","0","0","0","1","1","","0","0","0","","","0","Y","0","","40 00:12.710","","0","75 12:52.430","0","0","0","0","67301","0","0","0","N","0","0","0","2","68K01","0","","1.0","","1","N","N","N","0","","0","0","1","","2","","","2","0","0","0","0","0","0","2","0","2","","03","","N","","","","","","","","","",""
"2020036121","","1","0","0","0","0","0","0","0","0","8","0","","67","5","2020","7","39.952871","-75.212184","","6","0","0","0","0","0","0","0","1","","0","0","0","","","1","","1","","39 57:10.335","","0","75 12:43.862","8","0","0","0","67301","1","0","0","N","1","0","0","2","67301","0","","1.0","","1","N","N","N","0","","0","0","0","","2","","","2","1","0","0","0","1","0","2","0","1","","","","N","","","","","","","","","",""
"2020036491","","0","0","0","0","0","0","0","0","0","1","0","","67","5","2020","1","39.964102","-75.180455","","6","0","0","0","0","0","0","0","0","","0","0","0","","","1","N","0","","39 57:50.767","","0","75 10:49.638","3","0","0","0","67301","0","0","0","N","0","0","0","2","67301","0","","1.0","","1","N","N","N","0","","1","0","2","","0","","","2","1","0","0","0","0","0","2","0","2","","03","","N","","","","","","","","","",""
"2020039851","","1","0","0","0","0","0","0","0","0","7","0","","67","5","2020","6","39.939537","-75.143566","","6","0","0","0","0","0","0","0","0","","0","0","0","","","0","N","0","","39 56:22.332","2","2","75 08:36.839","0","0","0","0","67301","0","0","0","N","0","0","0","1","68K01","0","","4.0","15.0","9","N","N","N","0","","0","0","0","","0","N","","1","0","0","0","0","0","0","2","0","1","","","","N","","","","","","","","","",""
"2020038050","","1","0","0","0","0","0","0","0","0","4","0","","67","5","2020","4","40.001318","-75.215301","","6","0","0","0","0","0","1","0","0","","0","0","0","","","2","","5","","40 00:04.744","2","0","75 12:55.083","3","0","0","0","67301","0","0","0","N","0","0","0","3","67301","0","","1.0","1800.0","9","N","N","N","0","","2","0","1","","2","Y","","2","2","0","0","0","0","0","2","0","2","","04","","N","","","","","","","","","",""
"2020039839","","1","0","0","0","0","0","0","0","0","7","0","","67","5","2020","4","40.034861","-75.018353","","6","0","0","0","0","0","0","0","0","","0","0","0","","","0","N","0","","40 02:05.501","1","0","75 01:06.072","0","0","0","0","67301","0","0","0","N","0","0","0","2","68K01","0","","2.0","15.0","9","N","N","N","0","","0","0","0","","0","N","","1","0","0","0","0","0","0","2","0","1","","","","N","","","","","","","","","",""
"2020036230","","2","0","0","0","0","0","0","0","0","1","0","","67","5","2020","7","40.016941","-75.060645","","6","0","0","0","1","0","0","0","0","","0","0","0","","","1","","1","","40 01:00.988","","0","75 03:38.322","3","0","0","0","67301","0","0","0","N","0","0","0","2","67301","0","","1.0","","1","N","N","N","0","","1","0","0","","2","","","2","1","0","0","0","0","0","2","0","2","","03","","N","","","","","","","","","",""
"2020036393","","1","0","0","0","0","0","0","0","0","4","0","","67","5","2020","7","39.965289","-75.201546","","6","0","0","0","0","0","1","0","0","","0","0","0","","","1","","1","","39 57:55.040","","0","75 12:05.565","4","0","0","0","67301","0","0","0","N","0","0","0","4","67301","1","","1.0","","1","N","N","N","0","","0","0","1","","3","","","2","1","0","0","0","0","0","2","0","2","","03","","N","","","","","","","","","",""
"2020037676","","1","0","0","0","0","0","0","0","0","1","0","","67","5","2020","5","40.015303","-75.137158","","6","0","0","0","0","0","0","0","0","","0","0","0","","","1","","1","","40 00:55.090","","0","75 08:13.768","3","0","0","0","67301","0","0","0","N","0","0","0","2","67301","0","","1.0","","1","N","N","N","0","","1","0","1","","2","","","2","1","1","0","0","0","0","2","0","2","","03","","N","","","","","","","","","",""
"2020078103","","1","0","0","0","0","0","0","0","0","1","0","90","67","9","2020","3","39.974751","-75.198071","","6","0","0","0","0","0","0","0","0","","0","0","0","","","0","N","0","","39 58:29.103","","0","75 11:53.055","0","0","0","0","67301","0","0","0","N","0","0","0","1","67301","0","","3.0","","1","N","N","N","0","","0","0","1","","2","","","2","0","0","0","0","0","0","2","0","2","","","Y","Y","8","2","N","N","N","Y","N","N","N","N"
"2020078715","","0","0","0","0","0","0","0","0","0","8","0","","67","9","2020","2","39.97089","-75.230653","","6","0","0","0","0","0","0","0","0","","0","0","0","","","1","","1","","39 58:15.204","","99","75 13:50.351","3","0","0","0","67301","1","0","0","N","1","0","0","2","67301","0","","1.0","","1","N","N","N","0","","1","0","1","","2","","","2","1","0","0","0","0","1","2","0","1","","03","","N","","","","","","","","","",""
"2020037469","","1","0","0","0","0","0","0","0","0","5","0","","67","5","2020","5","40.045827","-75.129964","","6","0","0","0","1","0","0","0","0","","0","0","0","","","2","N","0","","40 02:44.978","","0","75 07:47.871","3","0","0","0","67301","0","0","0","N","0","0","0","2","67301","0","","6.0","","1","N","N","N","0","","2","0","2","","0","","","4","2","0","0","0","0","0","2","0","3","","03","","N","","","","","","","","","",""
"2020037865","","0","0","0","0","0","0","0","0","0","8","0","","67","5","2020","6","40.045371","-75.164658","","6","0","0","0","0","0","0","0","0","","0","0","0","","","1","N","0","","40 02:43.337","","0","75 09:52.767","3","0","0","0","67301","1","0","0","N","1","0","0","2","67301","0","","1.0","","9","N","N","N","0","","1","0","0","","2","","","2","1","1","0","0","0","0","2","1","1","","","","N","","","","","","","","","",""
"2020077320","","2","0","0","0","0","0","0","0","0","6","0","","67","9","2020","7","39.952039","-75.239594","","6","0","1","0","0","0","0","0","0","","0","0","0","","","0","N","0","","39 57:07.340","","0","75 14:22.540","0","0","0","0","67301","0","0","0","N","0","0","0","1","67301","0","","6.0","","1","N","N","N","0","","0","0","0","","2","","","2","0","1","0","0","0","0","2","0","2","","03","","N","","","","","","","","","",""
"2020039844","","1","0","0","0","0","0","0","0","0","7","0","","67","5","2020","5","39.975369","-75.194724","","6","0","0","0","0","0","0","0","0","","0","0","0","","","0","N","0","","39 58:31.328","3","0","75 11:41.007","0","0","0","0","67301","0","0","0","N","0","0","0","1","68K01","0","","2.0","45.0","1","N","N","N","0","","0","0","0","","0","N","","1","0","0","0","0","0","0","2","0","1","","","","N","","","","","","","","","",""
"2020037691","","1","0","0","0","0","0","0","0","0","4","0","","67","5","2020","7","39.972115","-75.233642","","6","0","0","0","0","0","0","0","0","","0","0","0","","","1","","1","","39 58:19.613","","0","75 14:01.111","8","0","0","0","67301","0","0","0","N","0","0","0","4","67301","0","","1.0","","1","N","N","N","0","","0","0","1","","3","","","2","1","0","0","0","1","0","2","0","2","","03","","N","","","","","","","","","",""
"2020036299","","1","0","0","0","0","0","0","0","0","7","0","","67","5","2020","1","40.037925","-75.101058","","6","0","0","0","0","0","0","0","0","","0","0","0","","","0","N","0","","40 02:16.530","","0","75 06:03.810","0","0","0","0","67301","0","0","0","N","0","0","0","1","67301","0","","3.0","","1","N","N","N","0","","0","0","0","","0","","","1","0","1","0","0","0","0","2","0","1","","04","","N","","","","","","","","","",""