"CRN","ARRIVAL_TM","AUTOMOBILE_COUNT","BELTED_DEATH_COUNT","BELTED_SUSP_SERIOUS_INJ_COUNT","BICYCLE_COUNT","BICYCLE_DEATH_COUNT","BICYCLE_SUSP_SERIOUS_INJ_COUNT","BUS_COUNT","CHLDPAS_DEATH_COUNT","CHLDPAS_SUSP_SERIOUS_INJ_COUNT","COLLISION_TYPE","COMM_VEH_COUNT","CONS_ZONE_SPD_LIM","COUNTY","CRASH_MONTH","CRASH_YEAR","DAY_OF_WEEK","DEC_LATITUDE","DEC_LONGITUDE","DISPATCH_TM","DISTRICT","DRIVER_COUNT_16YR","DRIVER_COUNT_17YR","DRIVER_COUNT_18YR","DRIVER_COUNT_19YR","DRIVER_COUNT_20YR","DRIVER_COUNT_50_64YR","DRIVER_COUNT_65_74YR","DRIVER_COUNT_75PLUS","EST_HRS_CLOSED","FATAL_COUNT","HEAVY_TRUCK_COUNT","HORSE_BUGGY_COUNT","HOUR_OF_DAY","ILLUMINATION","INJURY_COUNT","INTERSECTION_RELATED","INTERSECT_TYPE","LANE_CLOSED","LATITUDE","LN_CLOSE_DIR","LOCATION_TYPE","LONGITUDE","MAX_SEVERITY_LEVEL","MCYCLE_DEATH_COUNT","MCYCLE_SUSP_SERIOUS_INJ_COUNT","MOTORCYCLE_COUNT","MUNICIPALITY","NONMOTR_COUNT","NONMOTR_DEATH_COUNT","NONMOTR_SUSP_SERIOUS_INJ_COUNT","NTFY_HIWY_MAINT","PED_COUNT","PED_DEATH_COUNT","PED_SUSP_SERIOUS_INJ_COUNT","PERSON_COUNT","POLICE_AGCY","POSSIBLE_INJ_COUNT","RDWY_SURF_TYPE_CD","RELATION_TO_ROAD","ROADWAY_CLEARED","ROAD_CONDITION","SCH_BUS_IND","SCH_ZONE_IND","SECONDARY_CRASH","SMALL_TRUCK_COUNT","SPEC_JURIS_CD","SUSP_MINOR_INJ_COUNT","SUSP_SERIOUS_INJ_COUNT","SUV_COUNT","TCD_FUNC_CD","TCD_TYPE","TFC_DETOUR_IND","TIME_OF_DAY","TOTAL_UNITS","TOT_INJ_COUNT","UNBELTED_OCC_COUNT","UNB_DEATH_COUNT","UNB_SUSP_SERIOUS_INJ_COUNT","UNK_INJ_DEG_COUNT","UNK_INJ_PER_COUNT","URBAN_RURAL","VAN_COUNT","VEHICLE_COUNT","WEATHER1","WEATHER2","WORKERS_PRES","WORK_ZONE_IND","WORK_ZONE_LOC","WORK_ZONE_TYPE","WZ_CLOSE_DETOUR","WZ_FLAGGER","WZ_LAW_OFFCR_IND","WZ_LN_CLOSURE","WZ_MOVING","WZ_OTHER","WZ_SHLDER_MDN","WZ_WORKERS_INJ_KILLED"
"2020036668","","0","0","0","0","0","0","0","0","0","5","0","","67","5","2020","2","40.045147","-75.032756","","6","0","0","0","0","0","0","0","0","","0","0","0","","","0","N","0","","40 02:42.530","","0","75 01:57.920","9","0","0","0","67301","0","0","0","N","0","0","0","1","67301","0","","6.0","","1","N","N","N","0","","0","0","1","","0","","","2","0","0","0","0","0","1","2","0","2","","03","","N","","","","","","","","","",""
"2020037511","","1","0","0","0","0","0","0","0","0","4","0","","67","5","2020","3","39.957939","-75.164142","","6","0","0","0","0","0","0","0","0","","0","0","0","","","1","","5","","39 57:28.581","7","2","75 09:50.910","3","0","0","0","67301","0","0","0","N","0","0","0","3","67301","0","","1.0","730.0","1","N","N","N","1","","1","0","1","","2","N","","3","1","0","0","0","0","0","2","0","3","","03","","N","","","","","","","","","",""
"2020048723","","0","0","0","0","0","0","0","0","0","4","0","","67","5","2020","5","40.041363","-75.028255","","6","0","0","0","0","0","0","0","0","","0","0","0","","","0","","1","","40 02:28.908","6","0","75 01:41.719","0","0","0","0","67301","0","0","0","N","0","0","0","2","67301","0","","1.0","730.0","1","N","N","N","1","","0","0","0","","2","Y","","2","0","0","0","0","0","0","2","1","2","","03","","N","","","","","","","","","",""
"2020077050","","2","0","0","0","0","0","0","0","0","5","0","","67","9","2020","7","40.021828","-75.148393","","6","0","0","0","0","0","0","0","0","","0","0","0","","","1","Y","0","","40 01:18.579","1","0","75 08:54.215","3","0","0","0","67301","0","0","0","N","0","0","0","4","67301","0","","1.0","1643.0","1","N","N","N","0","","1","0","1","","0","U","","3","1","0","0","0","0","0","2","0","3","","","","N","","","","","","","","","",""
"2020039857","","2","0","0","0","0","0","0","0","0","7","0","","67","5","2020","7","39.977789","-75.111371","","6","0","0","0","0","0","0","0","0","","0","0","0","","","1","N","0","","39 58:40.039","2","0","75 06:40.936","3","0","0","0","67301","0","0","0","N","0","0","0","2","68K01","0","","4.0","45.0","1","N","N","N","0","","1","0","0","","0","N","","2","1","0","0","0","0","0","2","0","2","","","","N","","","","","","","","","",""
"2020038276","","1","0","0","0","0","0","0","0","0","7","0","","67","5","2020","6","39.9601","-75.180472","","6","0","0","0","0","1","0","0","0","","0","0","0","","","0","N","0","","39 57:36.361","3","3","75 10:49.699","0","0","0","0","67301","0","0","0","N","0","0","0","1","68K01","0","","2.0","30.0","9","N","N","N","0","","0","0","0","","0","N","","1","0","0","0","0","0","0","2","0","1","","03","","N","","","","","","","","","",""
"2020072544","","1","0","0","1","0","0","0","0","0","8","0","","67","9","2020","7","39.952557","-75.190029","","6","0","0","0","0","0","0","0","0","","0","0","0","","","1","N","2","","39 57:09.205","","0","75 11:24.106","8","0","0","0","67301","1","0","0","N","0","0","0","3","67504","0","","1.0","","1","N","N","N","0","","0","0","0","","2","N","","2","1","0","0","0","1","0","2","0","1","","03","","N","","","","","","","","","",""
"2020036921","","3","0","0","0","0","0","0","0","0","4","0","","67","5","2020","3","39.985802","-75.215608","","6","0","0","0","0","0","0","0","0","","0","0","0","","","1","N","1","","39 59:08.888","","0","75 12:56.190","3","0","0","0","67301","0","0","0","N","0","0","0","4","67301","0","","1.0","","1","N","N","N","0","","1","0","0","","2","","","3","1","0","0","0","0","0","2","0","3","","04","","N","","","","","","","","","",""
"2020037791","","3","0","0","0","0","0","0","0","0","4","0","","67","5","2020","7","39.989247","-75.155616","","6","0","0","0","0","0","0","0","0","","0","0","0","","","0","N","0","","39 59:21.289","","7","75 09:20.217","0","0","0","0","67301","0","0","0","N","0","0","0","2","67301","0","","1.0","","1","N","N","N","0","","0","0","0","","0","","","3","0","0","0","0","0","0","2","0","3","","03","","N","","","","","","","","","",""
"2020038334","","0","0","0","0","0","0","0","0","0","4","0","","67","5","2020","6","39.925737","-75.168574","","6","0","0","0","0","0","0","0","0","","0","0","0","","","0","","3","","39 55:32.652","","0","75 10:06.868","0","0","0","0","67301","0","0","0","N","0","0","0","1","67301","0","","1.0","","1","N","N","N","0","","0","0","1","","0","","","2","0","0","0","0","0","0","2","0","2","","07","","N","","","","","","","","","",""
"2020037176","","1","0","0","1","0","0","0","0","0","8","0","","67","5","2020","4","39.952246","-75.23674","","6","0","0","0","0","0","0","0","0","","0","0","0","","","1","","1","","39 57:08.085","7","0","75 14:12.263","3","0","0","0","67301","1","0","0","N","0","0","0","2","67301","0","","1.0","1608.0","9","N","N","N","0","","1","0","0","","0","Y","","2","1","0","0","0","0","0","2","0","1","","04","","N","","","","","","","","","",""
"2020039837","","0","0","0","0","0","0","0","0","0","5","0","45","67","5","2020","3","39.968405","-75.129476","","6","0","0","0","0","0","0","0","0","","0","0","0","","","0","N","0","","39 58:06.259","2","0","75 07:46.115","0","0","0","0","67301","0","0","0","N","0","0","0","2","68K01","0","","1.0","1545.0","1","N","N","N","0","","0","0","1","","0","Y","","2","0","0","0","0","0","0","2","1","2","","","N","Y","4","1","","","N","Y","","","","N"
"2020048685","","0","0","0","0","0","0","0","0","0","4","0","","67","6","2020","1","39.95762","-75.145687","","6","0","0","0","0","0","0","0","0","","0","0","0","","","0","","1","","39 57:27.432","","99","75 08:44.473","9","0","0","0","67301","0","0","0","N","0","0","0","2","67301","0","","1.0","","1","N","N","N","0","","0","0","2","","2","","","2","0","0","0","0","0","1","2","0","2","","","","N","","","","","","","","","",""
"2020036166","","3","0","0","0","0","0","0","0","0","6","0","","67","5","2020","7","39.970172","-75.237217","","6","0","0","0","0","0","0","0","0","","0","0","0","","","4","N","0","","39 58:12.620","6","0","75 14:13.980","2","0","0","0","67301","0","0","0","N","0","0","0","4","67301","0","","6.0","2100.0","1","N","N","Y","0","","3","1","1","","0","Y","","4","4","1","0","1","0","0","2","0","4","","","","N","","","","","","","","","",""
"2020076745","","1","0","0","0","0","0","0","0","0","5","1","","67","9","2020","4","40.043428","-75.002825","","6","0","0","0","0","0","0","0","1","","0","1","0","","","1","N","0","","40 02:36.339","","0","75 00:10.171","4","0","0","0","67301","0","0","0","N","0","0","0","2","68K01","1","","1.0","","1","N","N","N","0","","0","0","0","","0","","","2","1","1","0","0","0","0","2","0","2","","03","","N","","","","","","","","","",""
"2020078245","","1","0","0","0","0","0","0","0","0","1","0","","67","9","2020","4","39.983494","-75.097998","","6","0","0","0","0","0","1","0","0","","0","0","0","","","1","N","0","","39 59:00.577","2","0","75 05:52.791","4","0","0","0","67301","0","0","0","N","0","0","0","2","68K01","1","","1.0","30.0","1","N","N","N","0","","0","0","1","","0","N","","2","1","0","0","0","0","0","2","0","2","","","","N","","","","","","","","","",""
"2020036163","","2","0","0","0","0","0","0","0","0","5","0","","67","5","2020","1","39.949717","-75.233272","","6","0","0","0","0","1","0","0","0","","0","0","0","","","0","N","0","","39 56:58.980","6","0","75 13:59.780","9","0","0","0","67301","0","0","0","N","0","0","0","1","67301","0","","6.0","255.0","1","N","N","N","0","","0","0","2","","0","Y","","4","0","0","0","0","0","1","2","0","4","","","","N","","","","","","","","","",""
"2020038396","","1","0","0","0","0","0","0","0","0","4","0","","67","5","2020","7","39.992957","-75.110258","","6","0","0","0","0","0","0","0","0","","0","0","0","","","1","","1","","39 59:34.645","","0","75 06:36.928","8","0","0","0","67301","0","0","0","N","0","0","0","2","67508","0","","1.0","","1","N","N","N","0","","0","0","1","","2","","","2","1","0","0","0","1","0","2","0","2","","","","N","","","","","","","","","",""
"2020036520","","2","0","0","0","0","0","0","0","0","2","0","","67","5","2020","1","39.91371","-75.243597","","6","0","0","0","0","0","0","0","0","","0","0","0","","","4","N","0","","39 54:49.356","5","0","75 14:36.949","2","0","0","0","67301","0","0","0","N","0","0","0","5","67301","0","","1.0","2045.0","1","N","N","N","0","","2","2","1","","0","Y","","3","4","0","0","0","0","0","2","0","3","","03","","N","","","","","","","","","",""
"2020037693","","1","0","0","0","0","0","0","0","0","5","0","","67","5","2020","7","39.980767","-75.136039","","6","0","0","0","0","0","1","0","0","","0","0","0","","","1","N","0","","39 58:50.760","","0","75 08:09.740","3","0","0","0","67301","0","0","0","N","0","0","0","2","67301","0","","6.0","","9","N","N","N","0","","1","0","1","","0","","","2","1","0","0","0","0","0","2","0","2","","07","","N","","","","","","","","","",""
"2020077413","","1","0","0","0","0","0","0","0","0","1","0","","67","9","2020","1","39.996982","-75.153799","","6","0","0","0","0","0","1","0","0","","0","0","0","","","1","N","0","","39 59:49.135","","0","75 09:13.675","4","0","0","0","67301","0","0","0","N","0","0","0","3","67301","1","","1.0","","1","N","N","N","0","","0","0","1","","2","","","3","1","0","0","0","0","1","2","0","3","","","","N","","","","","","","","","",""
"2020078238","","2","0","0","0","0","0","0","0","0","2","0","","67","9","2020","7","40.003183","-75.077455","","6","0","0","0","0","0","1","0","0","","0","0","0","","","1","N","0","","40 00:11.460","1","0","75 04:38.839","3","0","0","0","67301","0","0","0","N","0","0","0","3","68K01","0","","1.0","1604.0","1","N","N","N","0","","1","0","0","","0","N","","2","1","0","0","0","0","0","2","0","2","","","","N","","","","","","","","","",""
"2020038096","","3","0","0","0","0","0","0","0","0","4","0","","67","5","2020","4","39.970683","-75.232585","","6","0","0","0","0","0","0","0","0","","0","0","0","","","1","","1","","39 58:14.458","","0","75 13:57.306","3","0","0","0","67301","0","0","0","N","0","0","0","3","67301","0","","1.0","","1","N","N","N","0","","1","0","0","","0","","","3","1","0","0","0","0","0","2","0","3","","03","","N","","","","","","","","","",""
"2020038383","","2","0","0","0","0","0","0","0","0","1","0","","67","5","2020","7","39.955516","-75.213809","","6","0","0","0","0","0","0","0","0","","0","0","0","","","0","N","0","","39 57:19.859","","0","75 12:49.712","0","0","0","0","67301","0","0","0","N","0","0","0","2","67301","0","","1.0","","1","N","N","N","0","","0","0","0","","2","","","2","0","0","0","0","0","0","2","0","2","","","","N","","","","","","","","","",""
"2020039845","","3","0","0","0","0","0","0","0","0","1","0","","67","5","2020","5","39.959556","-75.175274","","6","0","0","0","0","0","0","0","0","","0","0","0","","","1","N","0","","39 57:34.401","4","0","75 10:30.988","3","0","0","0","67301","0","0","0","N","0","0","0","5","68K01","0","","1.0","15.0","1","N","N","N","1","","1","0","0","","0","N","","4","1","0","0","0","0","0","2","0","4","","03","","N","","","","","","","","","",""
"2020037025","","1","0","0","0","0","0","0","0","0","7","0","","67","5","2020","4","39.955567","-75.148196","","6","0","1","0","0","0","0","0","0","","0","0","0","","","0","N","0","","39 57:20.040","","2","75 08:53.507","0","0","0","0","67301","0","0","0","N","0","0","0","1","67501","0","","2.0","","9","N","N","N","0","","0","0","0","","2","","","1","0","0","0","0","0","0","2","0","1","","","","N","","","","","","","","","",""
"2020036118","","2","0","0","0","0","0","0","0","0","5","0","","67","5","2020","6","40.033986","-75.234083","","6","0","0","0","0","0","0","0","0","","0","0","0","","","0","N","0","","40 02:02.350","","0","75 14:02.700","0","0","0","0","67301","0","0","0","N","0","0","0","1","67301","0","","1.0","","1","N","N","N","0","","0","0","0","","0","","","2","0","0","0","0","0","0","2","0","2","","03","","N","","","","","","","","","",""
"2020039856","","1","0","0","0","0","0","0","0","0","7","0","","67","5","2020","7","39.998721","-75.080783","","6","0","0","0","0","0","0","0","0","","0","0","0","","","1","N","0","","39 59:55.395","","0","75 04:50.817","8","0","0","0","67301","0","0","0","N","0","0","0","1","68K01","0","","3.0","","1","N","N","N","0","","0","0","0","","0","","","1","1","1","0","0","1","0","2","0","1","","04","","N","","","","","","","","","",""
"2020078864","","2","0","0","0","0","0","0","0","0","4","0","","67","9","2020","2","40.019561","-75.058573","","6","0","1","0","0","0","0","0","0","","0","0","0","","","2","","1","","40 01:10.419","","0","75 03:30.862","4","0","0","0","67301","0","0","0","N","0","0","0","3","67301","2","","1.0","","1","N","N","N","0","","0","0","0","","3","","","2","2","0","0","0","0","1","2","0","2","","98","","N","","","","","","","","","",""
"2020039557","","1","0","0","0","0","0","0","0","0","7","0","","67","5","2020","4","39.980884","-75.206417","","6","0","0","0","0","0","0","0","0","","0","0","0","","","1","N","0","","39 58:51.181","","0","75 12:23.101","3","0","0","0","67301","0","0","0","N","0","0","0","1","68K01","0","","4.0","","9","N","N","N","0","","1","0","0","","0","","","1","1","0","0","0","0","0","2","0","1","","","","N","","","","","","","","","",""
"2020078549","","1","0","0","0","0","0","0","0","0","8","0","","67","9","2020","4","40.008796","-75.147623","","6","0","0","0","0","0","0","0","0","","0","0","0","","","1","","1","","40 00:31.666","","0","75 08:51.441","2","0","0","0","67301","1","0","1","N","1","0","1","2","67301","0","","1.0","","1","N","N","N","0","","0","1","0","","2","","","2","1","0","0","0","0","0","2","0","1","","03","","N","","","","","","","","","",""
"2020038830","","1","0","0","0","0","0","0","0","0","5","0","","67","5","2020","6","40.012558","-75.150521","","6","0","0","0","0","0","1","0","0","","0","0","0","","","1","N","0","","40 00:45.207","","0","75 09:01.874","4","0","0","0","67301","0","0","0","N","0","0","0","2","67301","1","","1.0","","1","N","N","N","0","","0","0","1","","9","","","2","1","1","0","0","0","0","2","0","2","","04","","N","","","","","","","","","",""
"2020036564","","1","0","0","0","0","0","0","0","0","4","0","","67","5","2020","2","39.916519","-75.140569","","6","0","0","0","0","0","0","0","1","","0","0","0","","","0","","1","","39 54:59.470","","7","75 08:26.050","0","0","0","0","67301","0","0","0","N","0","0","0","2","67301","0","","1.0","","1","N","N","N","0","","0","0","1","","3","","","2","0","0","0","0","0","0","2","0","2","","","","N","","","","","","","","","",""
"2020079116","","1","0","0","0","0","0","0","0","0","5","0","","67","9","2020","5","39.958401","-75.180398","","6","0","0","0","0","0","0","0","0","","0","0","0","","","2","N","0","","39 57:30.242","3","0","75 10:49.433","3","0","0","0","67301","0","0","0","N","0","0","0","5","68K01","0","","1.0","150.0","9","N","N","N","0","","2","0","0","","0","N","","2","2","0","0","0","0","1","2","0","2","","","","N","","","","","","","","","",""
"2020037177","","1","0","0","0","0","0","0","0","0","2","0","","67","5","2020","2","39.995613","-75.125956","","6","0","0","0","0","0","1","0","0","","0","0","0","","","1","N","0","","39 59:44.208","","0","75 07:33.440","3","0","0","0","67301","0","0","0","N","0","0","0","1","67301","0","","6.0","","1","N","N","N","0","","1","0","1","","8","","","2","1","0","0","0","0","0","2","0","2","","03","","N","","","","","","","","","",""
"2020076715","","0","0","0","0","0","0","0","0","0","5","0","","67","8","2020","3","40.049151","-74.997267","","6","0","0","0","0","0","0","0","0","","1","0","0","","","0","N","0","","40 02:56.945","2","0","74 59:50.161","1","0","0","0","67301","0","0","0","Y","0","0","0","3","68K01","0","2","1.0","327.0","1","N","N","N","1","0","0","0","1","","0","Y","","2","0","1","1","0","0","0","2","0","2","","","","N","","","","","","","","","",""
"2020038051","","2","0","0","0","0","0","0","0","0","2","0","","67","5","2020","7","39.974942","-75.255344","","6","0","0","0","0","0","0","0","0","","0","0","0","","","1","N","0","","39 58:29.790","","0","75 15:19.240","4","0","0","0","67301","0","0","0","N","0","0","0","3","67301","1","","6.0","","1","N","N","N","0","","0","0","1","","0","","","3","1","2","0","0","0","0","2","0","3","","03","","N","","","","","","","","","",""
"2020046086","","1","0","0","0","0","0","0","0","0","1","0","","67","6","2020","7","40.022233","-75.177749","","6","0","0","0","0","0","0","0","0","","0","0","0","","","0","N","0","","40 01:20.037","1","0","75 10:39.895","0","0","0","0","67301","0","0","0","N","0","0","0","1","67301","0","","1.0","345.0","1","N","N","N","0","","0","0","0","","0","Y","","2","0","0","0","0","0","0","2","1","2","","","","N","","","","","","","","","",""
"2020077115","","2","0","0","0","0","0","0","0","0","1","0","","67","9","2020","6","40.071324","-75.05783","","6","0","0","0","0","0","1","1","0","","0","0","0","","","1","","2","","40 04:16.767","","0","75 03:28.188","3","0","0","0","67301","0","0","0","N","0","0","0","3","67301","0","","1.0","","1","N","N","N","1","","1","0","0","","2","","","3","1","0","0","0","0","0","2","0","3","","03","","N","","","","","","","","","",""
"2020037677","","2","0","0","0","0","0","0","0","0","4","0","","67","5","2020","6","40.002789","-75.137842","","6","0","0","0","0","0","1","0","0","","0","0","0","","","1","","1","","40 00:10.040","","0","75 08:16.231","3","0","0","0","67301","0","0","0","N","0","0","0","2","67301","0","","1.0","","9","N","N","N","0","","1","0","0","","3","","","2","1","0","0","0","0","0","2","0","2","","07","","N","","","","","","","","","",""
"2020048770","","0","0","0","0","0","0","0","0","0","4","0","","67","6","2020","1","40.000308","-75.142818","","6","0","0","0","0","0","0","0","1","","0","0","0","","","2","","2","","40 00:01.107","4","0","75 08:34.146","3","0","0","0","67301","0","0","0","N","0","0","0","3","67301","0","","1.0","1950.0","1","N","N","N","0","","2","0","2","","0","Y","","2","2","0","0","0","0","0","2","0","2","","03","","N","","","","","","","","","",""
"2020037592","","1","0","0","0","0","0","0","0","0","4","0","","67","5","2020","6","40.025648","-75.122274","","6","0","0","0","0","0","0","1","0","","0","0","0","","","0","","1","","40 01:32.331","","0","75 07:20.187","0","0","0","0","67301","0","0","0","N","0","0","0","2","67301","0","","1.0","","9","N","N","N","0","","0","0","1","","2","","","2","0","0","0","0","0","0","2","0","2","","07","","N","","","","","","","","","",""
"2020077925","","1","0","0","0","0","0","0","0","0","4","0","","67","9","2020","7","40.02067","-75.148646","","6","0","0","0","0","0","1","0","0","","0","0","0","","","1","","1","","40 01:14.412","2","0","75 08:55.127","3","0","0","0","67301","0","0","0","N","0","0","0","3","67301","0","","1.0","1422.0","1","N","N","N","0","","1","0","1","","0","N","","2","1","0","0","0","0","0","2","0","2","","03","","N","","","","","","","","","",""
"2020076966","","1","0","0","0","0","0","0","0","0","4","0","","67","9","2020","7","39.970928","-75.155844","","6","0","0","0","0","0","1","0","0","","0","0","0","","","2","N","0","","39 58:15.341","4","0","75 09:21.038","3","0","0","0","67301","0","0","0","N","0","0","0","2","67301","1","","1.0","744.0","1","N","N","N","0","","1","0","1","","0","N","","2","2","0","0","0","0","0","2","0","2","","","","N","","","","","","","","","",""
"2020036493","","1","0","0","0","0","0","0","0","0","4","0","","67","5","2020","2","40.067193","-75.166061","","6","0","0","0","0","0","0","0","1","","0","0","0","","","0","","2","","40 04:01.893","","0","75 09:57.821","0","0","0","0","67301","0","0","0","N","0","0","0","2","67301","0","","1.0","","1","N","N","N","1","","0","0","0","","0","","","2","0","0","0","0","0","0","2","0","2","","03","","N","","","","","","","","","",""
"2020078525","","1","0","0","0","0","0","0","0","0","1","0","","67","9","2020","2","39.890104","-75.230397","","6","0","0","0","0","0","0","1","0","","0","0","0","","","0","","6","","39 53:24.373","","2","75 13:49.430","0","0","0","0","67301","0","0","0","N","0","0","0","2","67301","0","","1.0","","1","N","N","N","0","","0","0","1","","0","","","2","0","0","0","0","0","0","2","0","2","","03","","N","","","","","","","","","",""
"2020037049","","2","0","0","0","0","0","0","0","0","4","0","","67","5","2020","4","40.027544","-75.146423","","6","0","0","0","0","0","0","1","0","","0","0","0","","","1","","1","","40 01:39.158","","0","75 08:47.122","8","0","0","0","67301","0","0","0","N","0","0","0","3","67301","0","","1.0","","1","N","N","N","0","","0","0","1","","2","","","3","1","0","0","0","1","0","2","0","3","","04","","N","","","","","","","","","",""
"2020035979","","1","0","0","0","0","0","0","0","0","5","0","","67","5","2020","6","39.990914","-75.160183","","6","0","0","0","0","0","0","1","0","","0","0","0","","","3","N","0","","39 59:27.290","","0","75 09:36.660","3","0","0","0","67301","0","0","0","N","0","0","0","4","67301","2","","1.0","","9","N","N","N","1","","1","0","1","","0","","","4","3","0","0","0","0","0","2","1","4","","04","","N","","","","","","","","","",""
"2020037046","","2","0","0","0","0","0","0","0","0","5","0","","67","5","2020","7","39.934775","-75.218675","","6","0","0","0","0","0","0","0","0","","0","0","0","","","0","N","0","","39 56:05.190","","0","75 13:07.230","9","0","0","0","67301","0","0","0","N","0","0","0","1","67301","0","","6.0","","1","N","N","N","0","","0","0","0","","0","","","2","0","0","0","0","0","1","2","0","2","","03","","N","","","","","","","","","",""
"2020038730","","0","0","0","0","0","0","0","0","0","0","0","","67","5","2020","7","39.959805","-75.140191","","6","0","0","0","0","0","0","0","0","","0","0","0","","","4","N","0","","39 57:35.298","6","8","75 08:24.687","2","0","0","0","67301","0","0","0","Y","0","0","0","4","68K01","0","","4.0","1138.0","1","N","N","N","1","","1","1","0","","0","Y","","1","4","1","0","1","2","0","2","0","1","","","","N","","","","","","","","","",""
"2020078618","","2","0","0","0","0","0","0","0","0","2","0","","67","9","2020","4","39.979206","-75.16192","","6","0","0","0","0","1","0","0","0","","0","0","0","","","0","","2","","39 58:45.143","","0","75 09:42.913","0","0","0","0","67301","0","0","0","N","0","0","0","2","67301","0","","1.0","","1","N","N","N","0","","0","0","0","","3","","","2","0","0","0","0","0","0","2","0","2","","03","","N","","","","","","","","","",""
"2020037725","","0","0","0","0","0","0","0","0","0","8","0","","67","5","2020","7","39.959418","-75.245353","","6","0","0","0","0","0","0","0","0","","0","0","0","","","1","","1","","39 57:33.904","","0","75 14:43.272","4","0","0","0","67301","1","0","0","N","1","0","0","2","67301","1","","1.0","","1","N","N","N","0","","0","0","1","","1","","","2","1","0","0","0","0","0","2","0","1","","04","","N","","","","","","","","","",""
"2020078386","","0","0","0","0","0","0","0","0","0","1","0","","67","9","2020","4","39.946061","-75.189628","","6","0","0","0","0","0","0","1","0","","0","0","0","","","0","N","6","","39 56:45.818","","2","75 11:22.661","0","0","0","0","67301","0","0","0","N","0","0","0","3","68K01","0","","1.0","","1","N","N","N","1","","0","0","1","","0","","","2","0","0","0","0","0","0","2","0","2","","","","N","","","","","","","","","",""
"2020037311","","3","0","0","0","0","0","0","0","0","1","0","","67","5","2020","5","40.014571","-75.149975","","6","0","0","0","0","0","1","0","0","","0","0","0","","","0","N","0","","40 00:52.455","1","0","75 08:59.909","9","0","0","0","67301","0","0","0","N","0","0","0","1","67301","0","","1.0","30.0","1","N","N","N","0","","0","0","0","","0","N","","3","0","0","0","0","0","1","2","0","3","","","","N","","","","","","","","","",""
"2020033664","","3","0","0","0","0","0","0","0","0","5","0","","67","4","2020","1","40.035648","-75.081016","","6","0","0","0","0","1","0","0","0","","0","0","0","","","1","","1","","40 02:08.332","","0","75 04:51.656","8","0","0","0","67301","1","0","0","N","1","0","0","4","67301","0","","1.0","","1","N","N","N","0","","0","0","0","","2","","","4","1","0","0","0","1","0","2","0","3","","","","N","","","","","","","","","",""
"2020077974","","1","0","0","0","0","0","0","0","0","1","0","","67","9","2020","6","40.009939","-75.206316","","6","0","0","0","0","0","1","0","0","","0","0","0","","","0","N","0","","40 00:35.782","4","0","75 12:22.739","0","0","0","0","67301","0","0","0","N","0","0","0","3","68K01","0","","1.0","1400.0","1","N","N","N","1","","0","0","1","","0","N","","3","0","0","0","0","0","0","2","0","3","","","","N","","","","","","","","","",""
"2020038350","","1","0","0","0","0","0","0","0","0","7","0","","67","5","2020","7","39.917183","-75.246303","","6","0","0","0","0","0","0","0","0","","0","0","0","","","0","N","0","","39 55:01.859","","0","75 14:46.691","9","0","0","0","67301","0","0","0","N","0","0","0","2","67301","0","","3.0","","1","N","N","N","0","","0","0","0","","0","","","1","0","0","0","0","0","1","2","0","1","","04","","N","","","","","","","","","",""
"2020036337","","2","0","0","0","0","0","0","0","0","5","0","","67","5","2020","1","40.067822","-75.179017","","6","0","0","0","1","0","0","0","0","","0","0","0","","","0","N","0","","40 04:04.160","","0","75 10:44.460","0","0","0","0","67301","0","0","0","N","0","0","0","1","67301","0","","6.0","","9","N","N","N","0","","0","0","1","","0","","","3","0","0","0","0","0","0","2","0","3","","06","","N","","","","","","","","","",""
"2020041378","","1","0","0","0","0","0","0","0","0","5","0","","67","5","2020","5","40.002515","-75.194463","","6","0","0","0","0","0","0","0","0","","0","0","0","","","3","N","0","","40 00:09.055","4","0","75 11:40.067","3","0","0","0","67301","0","0","0","N","0","0","0","5","68K01","0","","1.0","35.0","1","N","N","N","1","","2","0","0","","0","N","","2","3","0","0","0","1","0","2","0","2","","03","","N","","","","","","","","","",""
"2020036788","","2","0","0","0","0","0","0","0","0","4","0","","67","5","2020","1","39.933675","-75.173669","","6","0","0","0","0","0","0","0","0","","0","0","0","","","3","","1","","39 56:01.230","","0","75 10:25.210","3","0","0","0","67301","0","0","0","N","0","0","0","7","67301","0","","1.0","","1","N","N","N","0","","3","0","0","","3","","","2","3","0","0","0","0","0","2","0","2","","03","","N","","","","","","","","","",""
"2020078402","","1","0","0","0","0","0","0","0","0","98","0","","67","9","2020","6","40.009972","-75.206378","","6","0","0","0","0","1","0","0","0","","0","0","0","","","0","N","0","","40 00:35.898","","0","75 12:22.961","0","0","0","0","67301","0","0","0","N","0","0","0","1","68K01","0","","1.0","","1","N","N","N","0","","0","0","0","","0","","","1","0","0","0","0","0","0","2","0","1","","03","","N","","","","","","","","","",""
"2020033986","","0","0","0","0","0","0","0","0","0","4","0","","67","4","2020","2","39.975349","-75.132641","","6","0","0","0","0","0","0","0","0","","0","0","0","","","1","","1","","39 58:31.257","","0","75 07:57.508","8","0","0","1","67301","0","0","0","N","0","0","0","2","67301","0","","1.0","","1","N","N","N","0","","0","0","1","","2","","","2","1","0","0","0","1","0","2","0","2","","98","","N","","","","","","","","","",""