"CRN","ARRIVAL_TM","AUTOMOBILE_COUNT","BELTED_DEATH_COUNT","BELTED_SUSP_SERIOUS_INJ_COUNT","BICYCLE_COUNT","BICYCLE_DEATH_COUNT","BICYCLE_SUSP_SERIOUS_INJ_COUNT","BUS_COUNT","CHLDPAS_DEATH_COUNT","CHLDPAS_SUSP_SERIOUS_INJ_COUNT","COLLISION_TYPE","COMM_VEH_COUNT","CONS_ZONE_SPD_LIM","COUNTY","CRASH_MONTH","CRASH_YEAR","DAY_OF_WEEK","DEC_LATITUDE","DEC_LONGITUDE","DISPATCH_TM","DISTRICT","DRIVER_COUNT_16YR","DRIVER_COUNT_17YR","DRIVER_COUNT_18YR","DRIVER_COUNT_19YR","DRIVER_COUNT_20YR","DRIVER_COUNT_50_64YR","DRIVER_COUNT_65_74YR","DRIVER_COUNT_75PLUS","EST_HRS_CLOSED","FATAL_COUNT","HEAVY_TRUCK_COUNT","HORSE_BUGGY_COUNT","HOUR_OF_DAY","ILLUMINATION","INJURY_COUNT","INTERSECTION_RELATED","INTERSECT_TYPE","LANE_CLOSED","LATITUDE","LN_CLOSE_DIR","LOCATION_TYPE","LONGITUDE","MAX_SEVERITY_LEVEL","MCYCLE_DEATH_COUNT","MCYCLE_SUSP_SERIOUS_INJ_COUNT","MOTORCYCLE_COUNT","MUNICIPALITY","NONMOTR_COUNT","NONMOTR_DEATH_COUNT","NONMOTR_SUSP_SERIOUS_INJ_COUNT","NTFY_HIWY_MAINT","PED_COUNT","PED_DEATH_COUNT","PED_SUSP_SERIOUS_INJ_COUNT","PERSON_COUNT","POLICE_AGCY","POSSIBLE_INJ_COUNT","RDWY_SURF_TYPE_CD","RELATION_TO_ROAD","ROADWAY_CLEARED","ROAD_CONDITION","SCH_BUS_IND","SCH_ZONE_IND","SECONDARY_CRASH","SMALL_TRUCK_COUNT","SPEC_JURIS_CD","SUSP_MINOR_INJ_COUNT","SUSP_SERIOUS_INJ_COUNT","SUV_COUNT","TCD_FUNC_CD","TCD_TYPE","TFC_DETOUR_IND","TIME_OF_DAY","TOTAL_UNITS","TOT_INJ_COUNT","UNBELTED_OCC_COUNT","UNB_DEATH_COUNT","UNB_SUSP_SERIOUS_INJ_COUNT","UNK_INJ_DEG_COUNT","UNK_INJ_PER_COUNT","URBAN_RURAL","VAN_COUNT","VEHICLE_COUNT","WEATHER1","WEATHER2","WORKERS_PRES","WORK_ZONE_IND","WORK_ZONE_LOC","WORK_ZONE_TYPE","WZ_CLOSE_DETOUR","WZ_FLAGGER","WZ_LAW_OFFCR_IND","WZ_LN_CLOSURE","WZ_MOVING","WZ_OTHER","WZ_SHLDER_MDN","WZ_WORKERS_INJ_KILLED"
"2020034508","","2","0","0","0","0","0","0","0","0","4","0","","67","4","2020","5","39.948691","-75.158986","","6","0","0","0","0","0","0","0","0","","0","0","0","","","1","","1","","39 56:55.289","","0","75 09:32.349","4","0","0","0","67301","0","0","0","N","0","0","0","2","39301","1","","1.0","","1","N","N","N","0","","0","0","0","","0","","","2","1","0","0","0","0","0","2","0","2","","03","","N","","","","","","","","","",""
"2020034598","","1","0","0","0","0","0","0","0","0","7","0","","67","4","2020","2","39.904061","-75.240291","","6","0","0","0","0","0","0","0","0","","0","0","0","","","0","","1","","39 54:14.619","","0","75 14:25.049","0","0","0","0","67301","0","0","0","N","0","0","0","1","67301","0","","4.0","","1","N","N","N","0","","0","0","0","","2","","","1","0","0","0","0","0","0","2","0","1","","03","","N","","","","","","","","","",""
"2020034867","","1","0","0","0","0","0","0","0","0","4","0","","67","4","2020","5","40.055596","-75.181285","","6","0","0","0","0","0","0","0","0","","0","0","0","","","1","","1","","40 03:20.145","","0","75 10:52.627","3","0","0","0","67301","0","0","0","N","0","0","0","4","67301","0","","1.0","","9","N","N","N","0","","1","0","1","","3","","","2","1","0","0","0","0","0","2","0","2","","04","","N","","","","","","","","","",""
"2020034126","","0","0","0","0","0","0","0","0","0","5","0","","67","4","2020","3","39.967822","-75.240583","","6","0","0","0","0","0","0","0","0","","0","0","0","","","0","N","0","","39 58:04.160","","0","75 14:26.100","9","0","0","0","67301","0","0","0","N","0","0","0","1","67301","0","","6.0","","1","N","N","N","0","","0","0","3","","0","","","4","0","0","0","0","0","1","2","1","4","","03","","N","","","","","","","","","",""
"2020073484","","0","0","0","0","0","0","0","0","0","7","0","","67","9","2020","5","39.976886","-75.119566","","6","0","0","0","0","0","0","0","0","","2","0","0","","","0","N","0","","39 58:36.790","","0","75 07:10.438","1","0","0","0","67301","0","0","0","N","0","0","0","2","67301","0","2","4.0","","1","N","N","N","0","0","0","0","1","","0","","","1","0","0","0","0","0","0","2","0","1","","03","","N","","","","","","","","","",""
"2020033871","","1","0","0","0","0","0","0","0","0","4","0","","67","4","2020","1","39.961565","-75.15179","","6","0","0","0","0","0","0","0","0","","0","0","0","","","5","","1","","39 57:41.635","","0","75 09:06.445","4","0","0","0","67301","0","0","0","N","0","0","0","6","67301","5","","1.0","","1","N","N","N","0","","0","0","1","","2","","","2","5","0","0","0","0","0","2","0","2","","","","N","","","","","","","","","",""
"2020034294","","2","0","0","0","0","0","0","0","0","4","0","","67","4","2020","3","39.953723","-75.23228","","6","0","0","0","0","0","0","0","0","","0","0","0","","","0","","1","","39 57:13.402","","0","75 13:56.207","0","0","0","0","67301","0","0","0","N","0","0","0","2","67301","0","","1.0","","9","N","N","N","0","","0","0","0","","3","","","2","0","0","0","0","0","0","2","0","2","","","","N","","","","","","","","","",""
"2020033041","","1","0","0","0","0","0","0","0","0","0","0","","67","4","2020","4","40.047901","-75.031635","","6","0","0","0","0","1","0","0","0","","0","0","0","","","0","","2","","40 02:52.443","","0","75 01:53.885","0","0","0","0","67301","0","0","0","N","0","0","0","1","67301","0","","9.0","","9","N","N","N","0","","0","0","0","","2","","","1","0","0","0","0","0","0","2","0","1","","07","","N","","","","","","","","","",""
"2020034607","","1","0","0","0","0","0","0","0","0","4","0","","67","4","2020","4","40.030567","-75.082639","","6","0","0","0","0","1","0","0","0","","0","0","0","","","1","","1","","40 01:50.040","6","0","75 04:57.502","8","0","0","0","67301","0","0","0","N","0","0","0","3","67301","0","","1.0","1000.0","1","N","N","N","1","","0","0","0","","2","Y","","2","1","0","0","0","1","0","2","0","2","","","","N","","","","","","","","","",""
"2020035720","","1","0","0","0","0","0","0","0","0","4","0","","67","4","2020","7","40.035118","-75.069504","","6","0","0","0","0","0","0","0","0","","0","0","0","","","0","","1","","40 02:06.425","1","0","75 04:10.216","0","0","0","0","67301","0","0","0","N","0","0","0","3","67301","0","","1.0","1220.0","1","N","N","N","0","","0","0","1","","2","N","","2","0","0","0","0","0","0","2","0","2","","","","N","","","","","","","","","",""
"2020034224","","0","0","0","0","0","0","0","0","0","6","0","","67","4","2020","3","40.080031","-74.992417","","6","0","0","0","0","0","0","0","0","","0","0","0","","","0","N","0","","40 04:48.110","3","0","74 59:32.700","0","0","0","0","67301","0","0","0","N","0","0","0","1","67301","0","","6.0","1530.0","9","N","N","N","3","","0","0","1","","0","N","","4","0","0","0","0","0","0","2","0","4","","03","","N","","","","","","","","","",""
"2020035267","","1","0","0","0","0","0","0","0","0","8","0","","67","4","2020","4","40.040819","-75.059625","","6","0","0","0","0","0","0","0","0","","0","0","0","","","3","N","0","","40 02:26.950","4","0","75 03:34.650","3","0","0","0","67301","2","0","0","N","2","0","0","4","67301","2","","5.0","2015.0","1","N","N","N","0","","1","0","0","","0","N","","4","3","0","0","0","0","0","2","1","2","","03","","N","","","","","","","","","",""
"2020033550","","1","0","0","0","0","0","0","0","0","7","0","","67","4","2020","6","39.998958","-75.094836","","6","0","0","0","0","0","0","0","0","","0","0","0","","","0","N","0","","39 59:56.250","4","0","75 05:41.410","0","0","0","0","67301","0","0","0","N","0","0","0","1","67301","0","","2.0","1430.0","1","N","N","N","0","","0","0","0","","0","N","","1","0","0","0","0","0","0","2","0","1","","04","","N","","","","","","","","","",""
"2020047910","","2","0","0","0","0","0","0","0","0","6","0","","67","6","2020","7","39.994008","-75.128197","","6","0","0","0","0","0","1","0","0","","0","0","0","","","0","N","0","","39 59:38.430","","0","75 07:41.510","0","0","0","0","67301","0","0","0","N","0","0","0","1","67301","0","","6.0","","1","N","N","N","0","","0","0","1","","0","","","3","0","1","0","0","0","0","2","0","3","","","","N","","","","","","","","","",""
"2020032961","","2","0","0","0","0","0","0","0","0","4","0","","67","4","2020","4","39.987068","-75.10506","","6","0","0","0","0","0","0","0","0","","0","0","0","","","0","","1","","39 59:13.445","","0","75 06:18.215","0","0","0","0","67301","0","0","0","N","0","0","0","2","67301","0","","1.0","","9","N","N","N","0","","0","0","4","","2","","","7","0","1","0","0","0","0","2","1","7","","07","","N","","","","","","","","","",""
"2020046365","","0","0","0","0","0","0","0","0","0","1","0","","67","6","2020","1","39.905417","-75.17356","","6","0","0","0","0","0","0","0","0","","0","0","0","","","0","","5","","39 54:19.501","","0","75 10:24.816","0","0","0","0","67301","0","0","0","N","0","0","0","3","67301","0","","1.0","","1","N","N","N","1","","0","0","1","","2","","","2","0","0","0","0","0","0","2","0","2","","03","","N","","","","","","","","","",""
"2020033873","","1","0","0","0","0","0","0","0","0","4","0","","67","4","2020","2","40.023853","-75.142546","","6","0","0","0","0","0","0","0","0","","0","0","0","","","0","","1","","40 01:25.870","","0","75 08:33.165","0","0","0","0","67301","0","0","0","N","0","0","0","2","67301","0","","1.0","","1","N","N","N","0","","0","0","1","","3","","","2","0","0","0","0","0","0","2","0","2","","03","","N","","","","","","","","","",""
"2020047826","","1","0","0","0","0","0","0","0","0","7","0","","67","6","2020","4","39.932639","-75.146667","","6","0","0","0","0","0","0","0","0","","0","0","0","","","1","N","0","","39 55:57.500","","0","75 08:48.000","4","0","0","0","67301","0","0","0","N","0","0","0","1","67301","1","","4.0","","1","N","N","N","0","","0","0","0","","0","","","1","1","0","0","0","0","0","2","0","1","","03","","N","","","","","","","","","",""
"2020034266","","1","0","0","0","0","0","0","0","0","7","0","","67","4","2020","5","39.957657","-75.149485","","6","0","0","0","0","0","0","0","0","","0","0","0","","","0","N","0","","39 57:27.566","3","0","75 08:58.147","0","0","0","0","67301","0","0","0","N","0","0","0","1","68K01","0","","4.0","440.0","1","N","N","N","0","","0","0","0","","0","N","","1","0","0","0","0","0","0","2","0","1","","03","","N","","","","","","","","","",""
"2020034202","","1","0","0","0","0","0","0","0","0","7","0","","67","4","2020","5","39.898783","-75.172689","","6","0","0","0","0","0","0","0","0","","0","0","0","","","0","N","0","","39 53:55.618","1","0","75 10:21.681","0","0","0","0","67301","0","0","0","N","0","0","0","2","68K01","0","","2.0","1617.0","1","N","N","N","1","","0","0","0","","0","Y","","2","0","1","0","0","0","0","2","0","2","","","","N","","","","","","","","","",""
"2020034460","","0","0","0","0","0","0","0","0","0","7","0","","67","4","2020","2","39.961051","-75.182029","","6","0","0","0","0","0","0","0","0","","0","0","0","","","0","N","0","","39 57:39.785","4","0","75 10:55.306","0","0","0","0","67301","0","0","0","N","0","0","0","1","68K01","0","","4.0","1050.0","9","N","N","N","0","","0","0","1","","0","N","","1","0","0","0","0","0","0","2","0","1","","","","N","","","","","","","","","",""
"2020045787","","1","0","0","0","0","0","0","0","0","4","0","","67","6","2020","4","39.997291","-75.089436","","6","0","0","0","0","0","0","1","0","","0","0","0","","","1","","1","","39 59:50.247","","0","75 05:21.971","3","0","0","0","67301","0","0","0","N","0","0","0","2","67301","0","","1.0","","1","N","N","N","1","","1","0","0","","2","","","2","1","1","0","0","0","0","2","0","2","","03","","N","","","","","","","","","",""
"2020032733","","1","0","0","0","0","0","0","0","0","7","0","","67","4","2020","2","39.948167","-75.191917","","6","0","0","0","0","0","0","0","0","","0","0","0","","","0","N","0","","39 56:53.400","","0","75 11:30.900","0","0","0","0","67301","0","0","0","N","0","0","0","1","67504","0","","5.0","","1","N","N","N","0","","0","0","0","","0","","","1","0","0","0","0","0","0","2","0","1","","","","N","","","","","","","","","",""
"2020033287","","0","0","0","0","0","0","0","0","0","1","0","","67","4","2020","4","39.917443","-75.21347","","6","0","0","0","0","0","1","0","0","","0","0","0","","","1","N","0","","39 55:02.795","6","0","75 12:48.493","3","0","0","0","67301","0","0","0","N","0","0","0","2","67301","0","","5.0","1628.0","1","N","N","Y","0","","1","0","2","","0","N","","3","1","0","0","0","0","0","2","0","3","","03","","N","","","","","","","","","",""
"2020072554","","1","0","0","0","0","0","0","0","0","4","0","","67","8","2020","2","40.057049","-75.034259","","6","0","0","0","0","0","1","0","0","","0","0","0","","","1","","1","","40 03:25.378","","0","75 02:03.334","3","0","0","0","67301","0","0","0","N","0","0","0","2","67301","0","","1.0","","1","N","N","N","0","","1","0","1","","2","","","2","1","0","0","0","0","1","2","0","2","","03","","N","","","","","","","","","",""
"2020033872","","1","0","0","0","0","0","0","0","0","4","0","","67","4","2020","2","40.044528","-75.193121","","6","0","0","0","0","0","2","0","0","","0","0","0","","","0","","1","","40 02:40.301","1","0","75 11:35.235","0","0","0","0","67301","0","0","0","N","0","0","0","2","67301","0","","1.0","1915.0","1","N","N","N","0","","0","0","1","","2","N","","2","0","0","0","0","0","0","2","0","2","","03","","N","","","","","","","","","",""
"2020073385","","1","0","0","0","0","0","0","0","0","4","0","","67","9","2020","1","39.965768","-75.138216","","6","0","0","0","0","0","0","0","0","","0","0","0","","","0","","2","","39 57:56.764","","0","75 08:17.577","0","0","0","0","67301","0","0","0","N","0","0","0","3","67301","0","","1.0","","1","N","N","N","0","","0","0","1","","3","","","2","0","1","0","0","0","0","2","0","2","","03","","N","","","","","","","","","",""
"2020045497","","1","0","0","0","0","0","0","0","0","4","0","","67","6","2020","5","39.975542","-75.190589","","6","0","0","0","0","0","0","0","0","","0","0","0","","","2","","3","","39 58:31.950","","0","75 11:26.120","3","0","0","0","67301","0","0","0","N","0","0","0","2","67301","0","","1.0","","9","N","N","N","0","","2","0","0","","9","","","2","2","0","0","0","0","0","2","1","2","","","","N","","","","","","","","","",""
"2020050511","","1","0","0","0","0","0","0","0","0","1","0","","67","6","2020","6","39.959482","-75.174683","","6","0","0","0","0","1","0","0","0","","0","0","0","","","3","N","0","","39 57:34.134","4","0","75 10:28.857","3","0","0","0","67301","0","0","0","N","0","0","0","5","68K01","0","","1.0","15.0","1","N","N","N","0","","3","0","1","","0","N","","2","3","0","0","0","0","0","2","0","2","","","","N","","","","","","","","","",""
"2020033400","","2","0","0","0","0","0","0","0","0","4","0","","67","4","2020","5","40.034629","-75.071139","","6","0","0","0","0","0","0","0","0","","0","0","0","","","2","","1","","40 02:04.664","1","0","75 04:16.099","2","0","0","0","67301","0","0","0","N","0","0","0","3","67301","0","","1.0","130.0","1","N","N","N","0","","1","1","1","","2","N","","3","2","0","0","0","0","1","2","0","3","","03","","N","","","","","","","","","",""
"2020074529","","2","0","0","0","0","0","0","0","0","5","0","","67","8","2020","5","39.957151","-75.156433","","6","0","0","0","0","0","1","0","0","","0","0","0","","","1","N","0","","39 57:25.744","4","0","75 09:23.158","8","0","0","0","67301","0","0","0","N","0","0","0","3","68K01","0","","1.0","844.0","1","N","N","N","1","","0","0","0","","0","N","","3","1","0","0","0","1","0","2","0","3","","03","","N","","","","","","","","","",""
"2020034601","","0","0","0","0","0","0","0","0","0","4","0","","67","4","2020","3","39.919583","-75.203414","","6","0","0","0","0","0","0","0","0","","0","0","0","","","0","N","0","","39 55:10.500","","3","75 12:12.290","0","0","0","0","67301","0","0","0","N","0","0","0","2","67301","0","","1.0","","1","N","N","N","0","","0","0","0","","0","","","2","0","0","0","0","0","0","2","1","2","","03","","N","","","","","","","","","",""
"2020032624","","1","0","0","0","0","0","0","0","0","4","0","","67","4","2020","2","39.94716","-75.237809","","6","0","0","0","1","0","1","0","0","","0","0","0","","","1","","1","","39 56:49.776","","0","75 14:16.112","3","0","0","0","67301","0","0","0","N","0","0","0","3","67301","0","","1.0","","9","N","N","N","0","","1","0","2","","3","","","3","1","1","0","0","0","0","2","0","3","","04","","N","","","","","","","","","",""
"2020050523","","1","0","0","0","0","0","0","0","0","7","0","","67","6","2020","1","39.901086","-75.152827","","6","0","1","0","0","0","0","0","0","","0","0","0","","","1","N","0","","39 54:03.910","1","3","75 09:10.177","8","0","0","0","67301","0","0","0","N","0","0","0","2","68K01","0","","3.0","330.0","1","N","N","N","0","","0","0","0","","0","N","","1","1","0","0","0","1","0","2","0","1","","03","","N","","","","","","","","","",""
"2020032899","","1","0","0","0","0","0","0","0","0","1","0","","67","4","2020","2","39.970972","-75.229917","","6","0","0","0","0","0","0","0","0","","0","0","0","","","0","N","0","","39 58:15.500","","0","75 13:47.700","0","0","0","0","67301","0","0","0","N","0","0","0","1","67301","0","","6.0","","9","N","N","N","0","","0","0","1","","0","","","2","0","0","0","0","0","0","2","0","2","","","","N","","","","","","","","","",""
"2020039536","","1","0","0","0","0","0","0","0","0","7","0","","67","4","2020","6","39.97586","-75.1952","","6","0","0","0","0","0","0","0","0","","0","0","0","","","0","N","0","","39 58:33.095","3","0","75 11:42.720","0","0","0","0","67301","0","0","0","N","0","0","0","2","68K01","0","","2.0","30.0","1","N","N","N","0","","0","0","0","","0","N","","1","0","0","0","0","0","0","2","0","1","","","","N","","","","","","","","","",""
"2020034769","","0","0","0","0","0","0","0","0","0","7","0","","67","4","2020","5","39.980778","-75.206267","","6","0","0","0","0","0","0","0","0","","0","0","0","","","1","N","0","","39 58:50.802","","0","75 12:22.562","8","0","0","0","67301","0","0","0","N","0","0","0","1","68K01","0","","3.0","","9","N","N","N","0","","0","0","1","","0","","","1","1","0","0","0","1","0","2","0","1","","07","","N","","","","","","","","","",""
"2020033118","","1","0","0","0","0","0","0","0","0","5","0","","67","4","2020","4","39.967458","-75.153672","","6","0","0","0","0","0","0","0","0","","0","0","0","","","0","N","0","","39 58:02.850","","0","75 09:13.220","0","0","0","0","67301","0","0","0","N","0","0","0","1","67301","0","","6.0","","1","N","N","N","0","","0","0","1","","0","","","2","0","1","0","0","0","0","2","0","2","","03","","N","","","","","","","","","",""
"2020034417","","1","0","0","0","0","0","0","0","0","5","0","","67","4","2020","4","40.015222","-75.056669","","6","1","0","0","0","0","0","0","0","","0","0","0","","","1","N","0","","40 00:54.800","","0","75 03:24.010","8","0","0","0","67301","0","0","0","N","0","0","0","1","67301","0","","6.0","","1","N","N","N","0","","0","0","1","","3","","","2","1","0","0","0","1","0","2","0","2","","03","","N","","","","","","","","","",""
"2020033552","","2","0","0","0","0","0","0","0","0","5","0","","67","4","2020","3","39.997654","-75.122738","","6","0","0","0","0","0","0","0","0","","0","0","0","","","0","N","0","","39 59:51.553","4","0","75 07:21.858","0","0","0","0","67301","0","0","0","N","0","0","0","1","67301","0","","6.0","1040.0","1","N","N","N","0","","0","0","1","","0","N","","4","0","0","0","0","0","0","2","1","4","","03","","N","","","","","","","","","",""
"2020047388","","3","0","0","0","0","0","0","0","0","99","0","","67","6","2020","3","39.986644","-75.171458","","6","0","0","0","0","0","0","0","0","","0","0","0","","","3","N","0","","39 59:11.920","","0","75 10:17.250","3","0","0","0","67301","0","0","0","N","0","0","0","4","67301","0","","1.0","","1","N","N","N","0","","3","0","0","","0","","","4","3","0","0","0","0","0","2","0","4","","03","","N","","","","","","","","","",""
"2020073485","","1","0","0","0","0","0","0","0","0","8","0","","67","9","2020","3","39.984608","-75.127021","","6","0","0","0","0","0","0","0","0","","0","0","0","","","1","","1","","39 59:04.588","","99","75 07:37.275","3","0","0","0","67301","1","0","0","N","1","0","0","1","67301","0","","1.0","","1","N","N","N","0","","1","0","0","","9","","","2","1","0","0","0","0","0","2","0","1","","03","","N","","","","","","","","","",""
"2020034785","","4","0","0","0","0","0","0","0","0","5","0","","67","4","2020","7","39.932017","-75.184836","","6","0","0","0","0","0","0","0","0","","0","0","0","","","0","N","0","","39 55:55.260","","0","75 11:05.410","0","0","0","0","67301","0","0","0","N","0","0","0","1","67301","0","","6.0","","1","N","N","N","0","","0","0","1","","0","","","5","0","0","0","0","0","0","2","0","5","","03","","N","","","","","","","","","",""
"2020034129","","1","0","0","0","0","0","0","0","0","4","0","","67","4","2020","3","39.992136","-75.140198","","6","0","0","0","0","0","0","0","0","","0","0","0","","","1","","1","","39 59:31.689","","0","75 08:24.712","3","0","0","0","67301","0","0","0","N","0","0","0","2","67301","0","","1.0","","1","N","N","N","0","","1","0","1","","2","","","2","1","0","0","0","0","0","2","0","2","","03","","N","","","","","","","","","",""
"2020070996","","0","0","0","0","0","0","1","0","0","1","2","","67","8","2020","2","40.028949","-75.089525","","6","0","0","0","0","0","1","0","0","","0","1","0","","","4","N","1","","40 01:44.217","","0","75 05:22.290","4","0","0","0","67301","0","0","0","N","0","0","0","6","67508","1","","1.0","","1","N","N","Y","0","","0","0","0","","2","","","2","4","0","0","0","3","0","2","0","2","","03","","N","","","","","","","","","",""
"2020033705","","2","0","0","0","0","0","0","0","0","5","0","","67","4","2020","2","40.070709","-75.152346","","6","0","0","0","1","0","0","0","0","","0","0","0","","","0","N","0","","40 04:14.552","","0","75 09:08.445","0","0","0","0","67301","0","0","0","N","0","0","0","1","67301","0","","6.0","","1","N","N","N","0","","0","0","1","","0","","","3","0","1","0","0","0","0","2","0","3","","03","","N","","","","","","","","","",""
"2020047312","","1","0","0","0","0","0","0","0","0","4","0","","67","6","2020","3","39.973006","-75.119682","","6","0","0","0","0","0","0","0","0","","0","0","0","","","2","","2","","39 58:22.820","","0","75 07:10.856","3","0","0","0","67301","0","0","0","N","0","0","0","3","67301","1","","1.0","","1","N","N","N","0","","1","0","1","","2","","","2","2","0","0","0","0","0","2","0","2","","03","","N","","","","","","","","","",""
"2020033348","","1","0","0","0","0","0","0","0","0","1","0","","67","4","2020","5","39.927","-75.151444","","6","0","0","0","0","0","1","0","0","","0","0","0","","","2","N","0","","39 55:37.200","","0","75 09:05.200","4","0","0","0","67301","0","0","0","N","0","0","0","2","67301","2","","1.0","","1","N","N","N","0","","0","0","1","","0","","","2","2","0","0","0","0","0","2","0","2","","03","","N","","","","","","","","","",""
"2020033366","","1","0","0","0","0","0","0","0","0","5","0","","67","4","2020","6","39.981575","-75.107514","","6","0","0","0","0","0","0","0","0","","0","0","0","","","0","N","0","","39 58:53.670","2","0","75 06:27.050","0","0","0","0","67301","0","0","0","N","0","0","0","1","67301","0","","6.0","222.0","1","N","N","N","0","","0","0","2","","0","Y","","3","0","0","0","0","0","0","2","0","3","","03","","N","","","","","","","","","",""
"2020034537","","1","0","0","0","0","0","0","0","0","4","0","","67","4","2020","3","40.050393","-75.153118","","6","0","0","0","0","0","1","0","0","","0","0","0","","","0","","1","","40 03:01.414","","0","75 09:11.224","9","0","0","0","67301","0","0","0","N","0","0","0","2","67301","0","","1.0","","1","N","N","N","0","","0","0","1","","3","","","3","0","0","0","0","0","1","2","1","3","","03","","N","","","","","","","","","",""
"2020047714","","3","0","0","0","0","0","0","0","0","4","0","","67","6","2020","5","40.006564","-75.165186","","6","0","0","0","0","0","0","0","0","","0","0","0","","","1","N","0","","40 00:23.630","","0","75 09:54.670","4","0","0","0","67301","0","0","0","N","0","0","0","2","67301","1","","1.0","","1","N","N","Y","0","","0","0","0","","0","","","3","1","2","0","0","0","0","2","0","3","","04","","N","","","","","","","","","",""
"2020072490","","0","0","0","0","0","0","0","0","0","1","1","","67","9","2020","6","40.104317","-75.001762","","6","0","0","0","0","0","1","0","0","","0","1","0","","","1","N","0","","40 06:15.541","1","0","75 00:06.343","3","0","0","0","67301","0","0","0","N","0","0","0","2","67301","0","","1.0","1620.0","1","N","N","N","0","","1","0","1","","2","N","","2","1","0","0","0","0","0","2","0","2","","03","","N","","","","","","","","","",""
"2020074318","","0","0","0","0","0","0","0","0","0","8","1","15","67","9","2020","3","39.907243","-75.228027","","6","0","0","0","0","0","0","1","0","","0","1","0","","","6","","2","","39 54:26.074","","0","75 13:40.897","4","0","0","0","67301","6","0","0","N","6","0","0","7","67301","6","","1.0","","1","N","N","N","0","","0","0","0","","0","","","7","6","0","0","0","0","0","2","0","1","","03","Y","Y","2","2","Y","","N","","","","","N"
"2020033205","","1","0","0","0","0","0","0","0","0","4","0","","67","4","2020","5","40.110069","-75.02077","","6","0","0","0","1","0","0","0","0","","0","0","0","","","0","","2","","40 06:36.248","","7","75 01:14.771","0","0","0","0","67301","0","0","0","N","0","0","0","1","67301","0","","4.0","","1","N","N","N","0","","0","0","1","","0","","","2","0","0","0","0","0","0","2","0","2","","03","","N","","","","","","","","","",""
"2020034749","","1","0","0","0","0","0","0","0","0","1","0","","67","4","2020","5","40.002925","-75.128856","","6","0","0","0","0","0","0","0","0","","0","0","0","","","0","N","0","","40 00:10.530","","0","75 07:43.880","9","0","0","0","67301","0","0","0","N","0","0","0","2","67301","0","","6.0","","1","N","N","N","0","","0","0","0","","0","","","2","0","0","0","0","0","1","2","1","2","","03","","N","","","","","","","","","",""
"2020033699","","1","0","0","0","0","0","1","0","0","4","1","","67","4","2020","7","39.979155","-75.137469","","6","0","0","0","0","0","0","0","0","","0","0","0","","","1","","1","","39 58:44.957","","0","75 08:14.888","8","0","0","0","67301","0","0","0","N","0","0","0","3","67508","0","","1.0","","1","N","N","N","0","","0","0","1","","2","","","3","1","0","0","0","1","0","2","0","3","","","","N","","","","","","","","","",""
"2020035356","","1","0","0","0","0","0","0","0","0","4","0","","67","4","2020","7","39.95768","-75.162367","","6","0","0","0","0","0","1","0","0","","0","0","0","","","1","","5","","39 57:27.649","","8","75 09:44.521","3","0","0","0","67301","0","0","0","N","0","0","0","2","67301","0","","1.0","","1","N","N","N","0","","1","0","1","","2","","","2","1","0","0","0","0","0","2","0","2","","03","","N","","","","","","","","","",""
"2020087793","","0","0","0","0","0","0","0","0","0","8","0","","67","10","2020","2","40.002944","-75.206269","","6","0","0","0","0","0","0","0","0","","0","0","0","","","1","N","0","","40 00:10.600","","7","75 12:22.570","3","0","0","0","67301","1","0","0","N","1","0","0","1","67301","0","","1.0","","1","N","N","N","0","","1","0","0","","9","U","","2","1","0","0","0","0","0","2","0","1","","03","","N","","","","","","","","","",""
"2020034344","","1","0","0","0","0","0","0","0","0","4","0","","67","4","2020","5","40.010771","-75.10223","","6","0","0","0","1","0","0","0","0","","0","0","0","","","1","","1","","40 00:38.775","","0","75 06:08.027","3","0","0","0","67301","0","0","0","N","0","0","0","2","67301","0","","1.0","","1","N","N","N","1","","1","0","0","","2","","","2","1","2","0","0","0","1","2","0","2","","","","N","","","","","","","","","",""
"2020074222","","0","0","0","0","0","0","0","0","0","7","0","","67","9","2020","4","40.047391","-75.059942","","6","0","0","0","0","0","0","0","0","","0","0","0","","","1","N","0","","40 02:50.609","","0","75 03:35.791","3","0","0","0","67301","0","0","0","N","0","0","0","1","67301","0","","5.0","","1","N","N","N","0","","1","0","1","","1","U","","1","1","0","0","0","0","0","2","0","1","","04","","N","","","","","","","","","",""
"2020073547","","0","0","0","0","0","0","0","0","0","6","0","","67","9","2020","4","40.022303","-75.162025","","6","0","0","0","0","0","1","0","0","","0","0","0","","","1","","1","","40 01:20.289","","0","75 09:43.290","3","0","0","1","67301","0","0","0","N","0","0","0","2","67301","0","","1.0","","9","N","N","N","0","","1","0","0","","2","","","2","1","0","0","0","0","1","2","0","2","","07","","N","","","","","","","","","",""
"2020046289","","1","0","0","0","0","0","0","0","0","4","0","","67","6","2020","7","40.039458","-75.077435","","6","0","0","1","1","0","0","0","0","","0","0","0","","","0","","1","","40 02:22.048","","0","75 04:38.765","0","0","0","0","67301","0","0","0","N","0","0","0","2","67301","0","","1.0","","1","N","N","N","0","","0","0","0","","2","","","2","0","0","0","0","0","0","2","1","2","","03","","N","","","","","","","","","",""