"CRN","ARRIVAL_TM","AUTOMOBILE_COUNT","BELTED_DEATH_COUNT","BELTED_SUSP_SERIOUS_INJ_COUNT","BICYCLE_COUNT","BICYCLE_DEATH_COUNT","BICYCLE_SUSP_SERIOUS_INJ_COUNT","BUS_COUNT","CHLDPAS_DEATH_COUNT","CHLDPAS_SUSP_SERIOUS_INJ_COUNT","COLLISION_TYPE","COMM_VEH_COUNT","CONS_ZONE_SPD_LIM","COUNTY","CRASH_MONTH","CRASH_YEAR","DAY_OF_WEEK","DEC_LATITUDE","DEC_LONGITUDE","DISPATCH_TM","DISTRICT","DRIVER_COUNT_16YR","DRIVER_COUNT_17YR","DRIVER_COUNT_18YR","DRIVER_COUNT_19YR","DRIVER_COUNT_20YR","DRIVER_COUNT_50_64YR","DRIVER_COUNT_65_74YR","DRIVER_COUNT_75PLUS","EST_HRS_CLOSED","FATAL_COUNT","HEAVY_TRUCK_COUNT","HORSE_BUGGY_COUNT","HOUR_OF_DAY","ILLUMINATION","INJURY_COUNT","INTERSECTION_RELATED","INTERSECT_TYPE","LANE_CLOSED","LATITUDE","LN_CLOSE_DIR","LOCATION_TYPE","LONGITUDE","MAX_SEVERITY_LEVEL","MCYCLE_DEATH_COUNT","MCYCLE_SUSP_SERIOUS_INJ_COUNT","MOTORCYCLE_COUNT","MUNICIPALITY","NONMOTR_COUNT","NONMOTR_DEATH_COUNT","NONMOTR_SUSP_SERIOUS_INJ_COUNT","NTFY_HIWY_MAINT","PED_COUNT","PED_DEATH_COUNT","PED_SUSP_SERIOUS_INJ_COUNT","PERSON_COUNT","POLICE_AGCY","POSSIBLE_INJ_COUNT","RDWY_SURF_TYPE_CD","RELATION_TO_ROAD","ROADWAY_CLEARED","ROAD_CONDITION","SCH_BUS_IND","SCH_ZONE_IND","SECONDARY_CRASH","SMALL_TRUCK_COUNT","SPEC_JURIS_CD","SUSP_MINOR_INJ_COUNT","SUSP_SERIOUS_INJ_COUNT","SUV_COUNT","TCD_FUNC_CD","TCD_TYPE","TFC_DETOUR_IND","TIME_OF_DAY","TOTAL_UNITS","TOT_INJ_COUNT","UNBELTED_OCC_COUNT","UNB_DEATH_COUNT","UNB_SUSP_SERIOUS_INJ_COUNT","UNK_INJ_DEG_COUNT","UNK_INJ_PER_COUNT","URBAN_RURAL","VAN_COUNT","VEHICLE_COUNT","WEATHER1","WEATHER2","WORKERS_PRES","WORK_ZONE_IND","WORK_ZONE_LOC","WORK_ZONE_TYPE","WZ_CLOSE_DETOUR","WZ_FLAGGER","WZ_LAW_OFFCR_IND","WZ_LN_CLOSURE","WZ_MOVING","WZ_OTHER","WZ_SHLDER_MDN","WZ_WORKERS_INJ_KILLED"
"2020033123","","1","0","0","0","0","0","0","0","0","4","0","","67","4","2020","5","39.969611","-75.140658","","6","0","0","0","0","0","0","0","0","","0","0","0","","","0","","1","","39 58:10.600","","0","75 08:26.370","0","0","0","0","67301","0","0","0","N","0","0","0","2","67301","0","","1.0","","1","N","N","N","0","","0","0","1","","0","","","2","0","0","0","0","0","0","2","0","2","","03","","N","","","","","","","","","",""
"2020034225","","2","0","0","0","0","0","0","0","0","4","0","","67","4","2020","4","40.075001","-75.026665","","6","0","0","0","0","0","0","0","1","","0","0","0","","","1","","2","","40 04:30.003","","0","75 01:35.994","8","0","0","0","67301","0","0","0","N","0","0","0","2","67301","0","","1.0","","1","N","N","N","0","","0","0","0","","0","","","2","1","0","0","0","1","0","2","0","2","","03","","N","","","","","","","","","",""
"2020045214","","1","0","0","0","0","0","0","0","0","7","0","","67","6","2020","6","39.919541","-75.148146","","6","0","0","0","1","0","0","0","0","","0","0","0","","","0","N","0","","39 55:10.348","2","0","75 08:53.327","0","0","0","0","67301","0","0","0","N","0","0","0","1","68K01","0","","3.0","100.0","9","N","N","N","0","","0","0","0","","0","N","","1","0","0","0","0","0","0","2","0","1","","","","N","","","","","","","","","",""
"2020074577","","1","0","0","0","0","0","0","0","0","4","0","","67","9","2020","2","40.044297","-75.054111","","6","0","0","0","1","0","0","0","0","","0","1","0","","","1","","5","","40 02:39.468","","0","75 03:14.798","4","0","0","0","67301","0","0","0","N","0","0","0","2","67301","1","","1.0","","1","N","N","N","0","","0","0","0","","2","","","2","1","0","0","0","0","0","2","0","2","","03","","N","","","","","","","","","",""
"2020073253","","0","0","0","0","0","0","0","0","0","8","1","15","67","9","2020","3","39.907243","-75.228147","","6","0","0","0","0","0","0","0","0","","0","1","0","","","1","","2","","39 54:26.074","6","0","75 13:41.329","8","0","0","0","67301","1","0","0","N","1","0","0","2","67301","0","","1.0","1500.0","1","N","N","N","0","","0","0","0","","7","Y","","2","1","0","0","0","1","0","2","0","1","","03","Y","Y","2","2","Y","N","N","N","N","N","N","Y"
"2020037632","","1","0","0","0","0","0","0","0","0","5","0","","67","4","2020","5","39.971635","-75.193304","","6","0","0","0","0","0","1","0","0","","0","0","0","","","0","","7","","39 58:17.885","4","2","75 11:35.895","0","0","0","0","67301","0","0","0","N","0","0","0","4","68K01","0","","1.0","735.0","1","N","N","N","1","","0","0","0","","0","Y","","2","0","0","0","0","0","0","2","0","2","","","","N","","","","","","","","","",""
"2020036092","","0","0","0","0","0","0","0","0","0","7","0","","67","4","2020","3","39.959878","-75.178823","","6","0","0","0","0","0","0","0","0","","0","0","0","","","1","N","0","","39 57:35.561","3","0","75 10:43.762","4","0","0","0","67301","0","0","0","N","0","0","0","1","68K01","1","","4.0","30.0","9","N","N","N","0","","0","0","1","","0","N","","1","1","0","0","0","0","0","2","0","1","","","","N","","","","","","","","","",""
"2020034307","","2","0","0","0","0","0","0","0","0","1","0","","67","4","2020","4","39.940625","-75.202856","","6","0","0","0","0","0","1","0","0","","0","0","0","","","2","N","0","","39 56:26.251","","3","75 12:10.282","2","0","0","0","67301","0","0","0","N","0","0","0","3","67301","0","","1.0","","1","N","N","N","0","","1","1","0","","0","","","3","2","0","0","0","0","0","2","0","3","","03","","N","","","","","","","","","",""
"2020073619","","1","0","0","0","0","0","0","0","0","4","0","","67","8","2020","6","39.898098","-75.184217","","6","0","0","0","0","1","1","0","0","","0","0","0","","","2","N","0","","39 53:53.153","","0","75 11:03.180","3","0","0","0","67301","0","0","0","N","0","0","0","3","68K01","0","","1.0","","1","N","N","N","0","","2","0","1","","0","","","2","2","1","0","0","0","0","2","0","2","","","","N","","","","","","","","","",""
"2020044517","","2","0","0","0","0","0","0","0","0","4","0","","67","6","2020","6","40.027055","-75.064993","","6","0","0","0","0","0","0","0","1","","0","0","0","","","0","","5","","40 01:37.398","5","0","75 03:53.973","0","0","0","0","67301","0","0","0","N","0","0","0","2","67301","0","","1.0","1200.0","1","N","N","Y","0","","0","0","0","","2","Y","","2","0","0","0","0","0","0","2","0","2","","","","N","","","","","","","","","",""
"2020073407","","1","0","0","0","0","0","0","0","0","5","0","","67","9","2020","3","40.06611","-75.026216","","6","0","0","0","0","0","0","0","0","","0","0","0","","","1","N","0","","40 03:57.995","6","0","75 01:34.378","3","0","0","0","67301","0","0","0","N","0","0","0","1","67301","0","","1.0","1815.0","1","N","N","N","0","","1","0","1","","0","Y","","2","1","0","0","0","0","0","2","0","2","","03","","N","","","","","","","","","",""
"2020074446","","2","0","0","0","0","0","0","0","0","4","0","","67","8","2020","2","39.970278","-75.205861","","6","0","0","0","0","0","0","0","0","","0","0","0","","","1","","1","","39 58:12.999","","0","75 12:21.099","3","0","0","0","67301","0","0","0","N","0","0","0","3","67301","0","","1.0","","1","N","N","N","0","","1","0","0","","0","","","2","1","0","0","0","0","1","2","0","2","","","","N","","","","","","","","","",""
"2020048751","","0","0","0","1","0","0","0","0","0","8","0","","67","6","2020","6","39.972147","-75.229919","","6","0","0","0","0","0","0","1","0","","0","0","0","","","1","N","0","","39 58:19.730","","0","75 13:47.710","8","0","0","0","67301","1","0","0","N","0","0","0","2","67301","0","","1.0","","1","N","N","N","0","","0","0","1","","0","","","2","1","0","0","0","1","0","2","0","1","","03","","N","","","","","","","","","",""
"2020089878","","0","0","0","0","0","0","0","0","0","6","1","","67","10","2020","2","39.899917","-75.140417","","6","0","0","0","0","0","1","0","0","","0","1","0","","","1","N","0","","39 53:59.700","","0","75 08:25.500","8","0","0","0","67301","0","0","0","N","0","0","0","1","67301","0","","6.0","","9","N","N","N","1","","0","0","0","","0","","","2","1","0","0","0","1","0","2","0","2","","","","N","","","","","","","","","",""
"2020045731","","1","0","0","0","0","0","0","0","0","4","0","","67","6","2020","4","40.000277","-75.153083","","6","0","0","0","0","0","0","0","0","","0","0","0","","","1","N","0","","40 00:00.997","","7","75 09:11.097","3","0","0","0","67301","0","0","0","N","0","0","0","2","67301","0","","1.0","","1","N","N","N","0","","1","0","0","","0","","","2","1","0","0","0","0","0","2","0","2","","03","","N","","","","","","","","","",""
"2020034813","","0","0","0","0","0","0","0","0","0","4","0","","67","4","2020","5","39.957933","-75.162313","","6","0","0","0","0","0","0","0","0","","0","0","0","","","0","","1","","39 57:28.559","","0","75 09:44.326","0","0","0","0","67301","0","0","0","N","0","0","0","2","67301","0","","1.0","","9","N","N","N","1","","0","0","1","","2","","","2","0","0","0","0","0","0","2","0","2","","04","","N","","","","","","","","","",""
"2020034748","","1","0","0","0","0","0","0","0","0","8","0","","67","4","2020","4","39.99999","-75.153145","","6","0","0","0","0","0","0","0","0","","0","0","0","","","1","","1","","39 59:59.964","","0","75 09:11.322","3","0","0","0","67301","1","0","0","N","1","0","0","2","67301","0","","3.0","","1","N","N","N","0","","1","0","0","","2","","","2","1","0","0","0","0","0","2","0","1","","03","","N","","","","","","","","","",""
"2020033225","","1","0","0","0","0","0","0","0","0","5","0","","67","4","2020","5","40.062378","-75.151864","","6","0","0","0","0","0","0","0","0","","0","0","0","","","1","N","0","","40 03:44.560","","0","75 09:06.710","3","0","0","0","67301","0","0","0","N","0","0","0","1","67301","0","","4.0","","1","N","N","N","0","","1","0","1","","0","","","2","1","0","0","0","0","0","2","0","2","","03","","N","","","","","","","","","",""
"2020034602","","1","0","0","0","0","0","0","0","0","4","0","","67","4","2020","3","39.941865","-75.225534","","6","0","0","0","0","0","1","0","0","","0","0","0","","","3","","1","","39 56:30.713","6","0","75 13:31.922","3","0","0","0","67301","0","0","0","N","0","0","0","3","67301","1","","1.0","1934.0","1","N","N","Y","1","","2","0","0","","2","N","","2","3","0","0","0","0","0","2","0","2","","03","","N","","","","","","","","","",""
"2020087842","","2","0","0","0","0","0","0","0","0","2","0","45","67","9","2020","4","40.008622","-75.069963","","6","0","0","0","0","0","1","0","0","","0","0","0","","","0","N","0","","40 00:31.040","","0","75 04:11.868","0","0","0","0","67301","0","0","0","N","0","0","0","2","68K01","0","","1.0","","1","N","N","N","0","","0","0","0","","2","","","2","0","0","0","0","0","0","2","0","2","","03","Y","Y","4","2","N","N","N","Y","N","N","Y","N"
"2020035016","","1","0","0","0","0","0","0","0","0","4","0","","67","4","2020","5","40.015229","-75.169953","","6","0","0","0","0","0","0","1","0","","0","0","0","","","0","","1","","40 00:54.823","6","0","75 10:11.829","9","0","0","0","67301","0","0","0","N","0","0","0","2","67301","0","","1.0","1912.0","9","N","N","N","0","","0","0","1","","2","N","","2","0","0","0","0","0","2","2","0","2","","","","N","","","","","","","","","",""
"2020033591","","0","0","0","0","0","0","0","0","0","4","0","","67","4","2020","7","39.981045","-75.242799","","6","0","0","0","0","0","0","0","0","","0","0","0","","","2","","1","","39 58:51.762","","0","75 14:34.076","3","0","0","0","67301","0","0","0","N","0","0","0","6","67301","0","","1.0","","1","N","N","N","1","","2","0","2","","2","","","3","2","0","0","0","0","0","2","0","3","","03","","N","","","","","","","","","",""
"2020033122","","1","0","0","0","0","0","0","0","0","4","1","","67","4","2020","4","39.994206","-75.107791","","6","0","0","0","0","0","0","0","0","","0","1","0","","","1","","1","","39 59:39.142","","0","75 06:28.047","4","0","0","0","67301","0","0","0","N","0","0","0","3","67301","1","","1.0","","1","N","N","N","0","","0","0","0","","2","","","2","1","0","0","0","0","0","2","0","2","","03","","N","","","","","","","","","",""
"2020033120","","1","0","0","0","0","0","0","0","0","5","0","","67","4","2020","5","39.990497","-75.158639","","6","0","0","0","0","0","1","0","0","","0","0","0","","","0","N","0","","39 59:25.790","1","0","75 09:31.100","0","0","0","0","67301","0","0","0","N","0","0","0","1","67301","0","","6.0","1055.0","1","N","N","N","1","","0","0","0","","0","Y","","2","0","0","0","0","0","0","2","0","2","","","","N","","","","","","","","","",""
"2020035719","","0","0","0","0","0","0","0","0","0","4","0","","67","4","2020","7","40.008621","-75.068836","","6","0","0","0","0","0","0","0","0","","0","0","0","","","1","","1","","40 00:31.034","","0","75 04:07.810","3","0","0","0","67301","0","0","0","N","0","0","0","5","67301","0","","1.0","","9","N","N","N","0","","1","0","1","","2","","","2","1","0","0","0","0","0","2","1","2","","","","N","","","","","","","","","",""
"2020034164","","2","0","0","0","0","0","0","0","0","5","0","","67","4","2020","3","40.00737","-75.189548","","6","0","0","0","0","0","0","0","0","","0","0","0","","","0","N","0","","40 00:26.531","2","0","75 11:22.374","0","0","0","0","67301","0","0","0","N","0","0","0","1","67301","0","","6.0","1330.0","9","N","N","N","0","","0","0","0","","0","N","","4","0","0","0","0","0","0","2","2","4","","04","","N","","","","","","","","","",""
"2020033650","","2","0","0","0","0","0","0","0","0","4","0","","67","4","2020","1","39.963255","-75.188499","","6","0","0","0","0","0","0","0","0","","0","0","0","","","2","","1","","39 57:47.719","7","0","75 11:18.596","3","0","0","0","67301","0","0","0","N","0","0","0","4","67507","0","","1.0","2315.0","1","N","N","Y","0","","2","0","0","","2","Y","","2","2","0","0","0","0","0","2","0","2","","","","N","","","","","","","","","",""
"2020034399","","1","0","0","0","0","0","0","0","0","7","0","","67","4","2020","5","39.947655","-75.142189","","6","0","0","0","0","0","0","0","0","","0","0","0","","","0","N","0","","39 56:51.557","","0","75 08:31.879","0","0","0","0","67301","0","0","0","N","0","0","0","1","68K01","0","","4.0","","1","N","N","N","0","","0","0","0","","0","","","1","0","0","0","0","0","0","2","0","1","","","","N","","","","","","","","","",""
"2020034197","","2","0","0","0","0","0","0","0","0","1","0","","67","4","2020","2","40.033417","-75.020121","","6","0","0","0","0","0","0","0","0","","0","0","0","","","0","N","0","","40 02:00.301","1","0","75 01:12.436","0","0","0","0","67301","0","0","0","N","0","0","0","3","68K01","0","","1.0","530.0","9","N","N","Y","0","","0","0","0","","0","N","","2","0","0","0","0","0","0","2","0","2","","04","","N","","","","","","","","","",""
"2020039537","","1","0","0","0","0","0","0","0","0","7","0","","67","4","2020","7","39.98086","-75.206383","","6","0","0","0","0","0","0","0","0","","0","0","0","","","1","N","0","","39 58:51.095","","0","75 12:22.978","4","0","0","0","67301","0","0","0","N","0","0","0","1","68K01","1","","5.0","","9","N","N","N","0","","0","0","0","","0","","","1","1","0","0","0","0","0","2","0","1","","04","","N","","","","","","","","","",""
"2020048038","","0","0","0","0","0","0","0","0","0","5","0","","67","6","2020","4","39.951399","-75.182655","","6","0","0","0","0","0","0","0","0","","0","0","0","","","1","","7","","39 57:05.035","4","2","75 10:57.558","8","0","0","0","67301","0","0","0","N","0","0","0","6","68K01","0","","7.0","100.0","1","N","N","N","0","","0","0","2","","0","Y","","2","1","0","0","0","1","4","2","0","2","","03","","N","","","","","","","","","",""
"2020048762","","1","0","0","0","0","0","0","0","0","4","0","","67","6","2020","6","39.995481","-75.108932","","6","0","0","0","0","0","0","0","0","","0","0","0","","","1","","1","","39 59:43.731","","0","75 06:32.155","3","0","0","0","67301","0","0","0","N","0","0","0","2","67301","0","","1.0","","1","N","N","N","0","","1","0","1","","2","","","2","1","1","0","0","0","0","2","0","2","","03","","N","","","","","","","","","",""
"2020051479","","1","0","0","0","0","0","0","0","0","5","0","","67","6","2020","5","39.981791","-75.117687","","6","0","0","0","0","0","0","0","0","","0","0","0","","","0","Y","0","","39 58:54.448","3","0","75 07:03.674","0","0","0","0","67301","0","0","0","N","0","0","0","3","67301","0","","1.0","850.0","1","N","N","N","1","","0","0","1","","2","N","","3","0","0","0","0","0","0","2","0","3","","03","","N","","","","","","","","","",""
"2020033594","","0","0","0","0","0","0","0","0","0","5","0","","67","4","2020","6","39.982544","-75.128433","","6","0","0","0","0","0","0","0","0","","0","0","0","","","0","N","0","","39 58:57.160","","0","75 07:42.360","0","0","0","0","67301","0","0","0","N","0","0","0","1","67301","0","","1.0","","1","N","N","N","2","","0","0","2","","9","","","5","0","1","0","0","0","0","2","1","5","","03","","N","","","","","","","","","",""
"2020073377","","0","0","0","0","0","0","0","0","0","4","0","","67","9","2020","3","40.008621","-75.068836","","6","0","0","0","0","0","1","0","0","","0","1","0","","","1","","1","","40 00:31.034","6","0","75 04:07.810","3","0","0","0","67301","0","0","0","N","0","0","0","2","67301","0","","1.0","930.0","1","N","N","N","1","","1","0","0","","2","N","","2","1","0","0","0","0","0","2","0","2","","03","","N","","","","","","","","","",""
"2020033401","","2","0","0","0","0","0","0","0","0","4","0","","67","4","2020","7","39.958437","-75.231274","","6","0","0","0","1","0","0","0","0","","0","0","0","","","0","","1","","39 57:30.373","","0","75 13:52.586","0","0","0","0","67301","0","0","0","N","0","0","0","4","67301","0","","1.0","","1","N","N","N","0","","0","0","0","","3","","","2","0","0","0","0","0","0","2","0","2","","03","","N","","","","","","","","","",""
"2020039539","","1","0","0","0","0","0","0","0","0","7","0","","67","4","2020","3","39.960013","-75.179842","","6","0","0","0","0","0","0","0","0","","0","0","0","","","0","N","0","","39 57:36.046","3","0","75 10:47.430","0","0","0","0","67301","0","0","0","N","0","0","0","1","68K01","0","","4.0","1230.0","9","N","N","N","0","","0","0","0","","8","N","","1","0","0","0","0","0","0","2","0","1","","","","N","","","","","","","","","",""
"2020086700","","0","0","0","0","0","0","1","0","0","1","1","","67","10","2020","6","40.025502","-75.15935","","6","0","0","0","0","0","1","0","0","","0","0","0","","","0","","2","","40 01:31.807","","0","75 09:33.660","0","0","0","0","67301","0","0","0","N","0","0","0","3","67301","0","","1.0","","9","Y","N","N","0","","0","0","1","","0","","","2","0","0","0","0","0","0","2","0","2","","07","","N","","","","","","","","","",""
"2020073375","","1","0","0","0","0","0","0","0","0","4","0","","67","2","2020","6","40.036682","-75.037001","","6","0","0","0","0","0","0","0","0","","0","0","0","","","1","","1","","40 02:12.054","","0","75 02:13.205","3","0","0","0","67301","1","0","0","N","1","0","0","2","67301","0","","1.0","","1","N","N","Y","0","","1","0","1","","3","","","3","1","0","0","0","0","0","2","0","2","","03","","N","","","","","","","","","",""
"2020046648","0816","0","0","0","0","0","0","0","0","0","7","0","","67","4","2020","7","39.959932","-75.17925","0816","6","0","0","0","0","0","0","0","0","","0","0","0","","","0","N","0","","39 57:35.755","3","0","75 10:45.301","0","0","0","0","67301","0","0","0","N","0","0","0","1","68K01","0","","4.0","900.0","9","N","N","N","1","","0","0","0","","0","N","","1","0","0","0","0","0","0","2","0","1","","","","N","","","","","","","","","",""
"2020033184","1159","1","0","0","0","0","0","0","0","0","4","0","","67","4","2020","5","40.093958","-74.989096","1155","6","0","0","0","0","0","1","0","1","","0","0","0","","","2","","2","","40 05:38.247","","0","74 59:20.747","8","0","0","0","67301","0","0","0","N","0","0","0","3","67301","0","","1.0","","1","N","N","N","0","","0","0","1","","2","","","3","2","1","0","0","2","0","2","1","3","","03","","N","","","","","","","","","",""
"2020033882","0455","1","0","0","0","0","0","0","0","0","5","0","","67","4","2020","1","39.976367","-75.252236","0445","6","0","0","0","0","0","0","0","0","","0","0","0","","","0","N","0","","39 58:34.920","","0","75 15:08.050","0","0","0","0","67301","0","0","0","N","0","0","0","1","67301","0","","6.0","","1","N","N","N","0","","0","0","1","","0","","","2","0","0","0","0","0","0","2","0","2","","","","N","","","","","","","","","",""
"2020034608","1326","1","0","0","0","0","0","0","0","0","7","0","","67","4","2020","5","40.027357","-75.056866","1315","6","0","0","0","0","0","1","0","0","","0","0","0","","","1","","2","","40 01:38.484","4","0","75 03:24.719","3","0","0","0","67301","0","0","0","N","0","0","0","1","67301","0","","4.0","1505.0","1","N","N","N","0","","1","0","0","","0","N","","1","1","0","0","0","0","0","2","0","1","","","","N","","","","","","","","","",""
"2020033367","0048","3","0","0","0","0","0","0","0","0","4","0","","67","4","2020","7","40.041412","-75.120105","0048","6","0","0","0","1","0","0","0","0","","0","0","0","","","0","","1","","40 02:29.083","","0","75 07:12.377","0","0","0","0","67301","0","0","0","N","0","0","0","3","67301","0","","1.0","","1","N","N","N","0","","0","0","0","","2","","","3","0","0","0","0","0","0","2","0","3","","03","","N","","","","","","","","","",""
"2020033549","0030","2","0","0","0","0","0","0","0","0","1","0","","67","4","2020","7","40.00251","-75.22361","0025","6","0","0","0","1","0","0","0","0","","0","0","0","","","0","","2","","40 00:09.037","6","0","75 13:24.996","0","0","0","0","67301","0","0","0","N","0","0","0","5","67301","0","","1.0","200.0","1","N","N","N","0","","0","0","0","","2","N","","2","0","0","0","0","0","0","2","0","2","","03","","N","","","","","","","","","",""
"2020046466","0032","2","0","0","0","0","0","0","0","0","2","0","","67","6","2020","7","40.051105","-75.159048","0001","6","0","0","0","0","0","0","0","0","","0","0","0","","","0","","1","","40 03:03.978","","0","75 09:32.572","0","0","0","0","67301","0","0","0","N","0","0","0","4","67301","0","","1.0","","1","N","N","N","0","","0","0","0","","2","","","2","0","1","0","0","0","0","2","0","2","","03","","N","","","","","","","","","",""
"2020032668","1350","2","0","0","0","0","0","0","0","0","4","0","","67","4","2020","2","39.990003","-75.160369","1348","6","0","0","1","0","0","0","0","0","","0","0","0","","","1","","1","","39 59:24.010","","6","75 09:37.328","3","0","0","0","67301","0","0","0","N","0","0","0","2","67301","0","","1.0","","9","N","N","N","0","","1","0","0","","2","","","2","1","1","0","0","0","0","2","0","2","","","","N","","","","","","","","","",""
"2020072319","0830","1","0","0","0","0","0","0","0","0","5","1","","67","9","2020","6","39.905757","-75.193824","0819","6","0","0","0","0","0","1","0","0","","0","1","0","","","1","","1","","39 54:20.725","","0","75 11:37.765","4","0","0","0","67301","0","0","0","N","0","0","0","2","67301","1","","1.0","","1","N","N","N","0","","0","0","0","","2","","","2","1","0","0","0","0","0","2","0","2","","","","N","","","","","","","","","",""
"2020032804","0206","0","0","0","0","0","0","0","0","0","1","0","","67","4","2020","2","39.960513","-75.181612","0206","6","0","0","0","0","0","1","0","0","","0","0","0","","","0","N","0","","39 57:37.847","3","0","75 10:53.802","0","0","0","0","67301","0","0","0","N","0","0","0","4","68K01","0","","1.0","245.0","9","N","N","N","0","","0","0","2","","0","N","","2","0","0","0","0","0","0","2","0","2","","","","N","","","","","","","","","",""
"2020072557","2035","0","0","0","0","0","0","0","0","0","0","0","","67","9","2020","6","40.010232","-75.166032","2028","6","0","0","0","0","0","0","0","0","","0","0","0","","","1","N","0","","40 00:36.836","","0","75 09:57.714","3","0","0","1","67301","0","0","0","N","0","0","0","1","67301","0","","1.0","","1","N","N","N","0","","1","0","0","","0","","","2","1","0","0","0","0","0","2","0","1","","03","","N","","","","","","","","","",""
"2020074526","0801","0","0","0","0","0","0","0","0","0","8","0","","67","8","2020","2","39.898734","-75.170341","0754","6","0","0","0","0","0","0","0","0","","0","0","0","","","1","N","0","","39 53:55.444","","0","75 10:13.229","3","0","0","0","67301","1","0","0","N","1","0","0","2","68K01","0","","1.0","","1","N","N","N","1","","1","0","0","","0","","","2","1","0","0","0","0","0","2","0","1","","","","N","","","","","","","","","",""
"2020044545","0855","2","0","0","0","0","0","0","0","0","5","0","","67","6","2020","7","39.983031","-75.125614","0847","6","0","0","0","0","0","0","0","0","","0","0","0","","","0","N","0","","39 58:58.910","","0","75 07:32.210","0","0","0","0","67301","0","0","0","N","0","0","0","1","67301","0","","6.0","","1","N","N","N","0","","0","0","1","","0","","","3","0","1","0","0","0","0","2","0","3","","03","","N","","","","","","","","","",""
"2020045118","1859","1","0","0","0","0","0","0","0","0","4","0","","67","6","2020","7","39.957191","-75.158716","1858","6","0","0","0","0","0","0","0","0","","0","0","0","","","3","","1","","39 57:25.888","","3","75 09:31.377","8","0","0","0","67301","0","0","0","N","0","0","0","3","67301","0","","1.0","","1","N","N","N","0","","0","0","1","","2","","","2","3","0","0","0","3","0","2","0","2","","03","","N","","","","","","","","","",""
"2020046238","1200","1","0","0","0","0","0","0","0","0","5","0","","67","6","2020","6","40.023918","-75.131577","1035","6","0","0","0","0","0","0","0","0","","0","0","0","","","1","N","0","","40 01:26.103","","0","75 07:53.676","3","0","0","0","67301","0","0","0","N","0","0","0","2","67301","0","","6.0","","1","N","N","N","0","","1","0","1","","0","","","2","1","0","0","0","0","0","2","0","2","","98","","N","","","","","","","","","",""
"2020029256","1149","1","0","0","0","0","0","0","0","0","8","0","","67","3","2020","4","40.074357","-75.166072","1149","6","0","0","0","0","0","0","1","0","","0","0","0","","","1","","1","","40 04:27.685","","0","75 09:57.859","3","0","0","0","67301","1","0","0","N","1","0","0","2","67301","0","","1.0","","1","N","N","N","0","","1","0","0","","3","","","2","1","0","0","0","0","0","2","0","1","","03","","N","","","","","","","","","",""
"2020052040","1447","1","0","0","0","0","0","0","0","0","5","0","","67","6","2020","2","39.885863","-75.207629","1433","6","0","0","0","0","0","0","0","0","","0","0","0","","","2","N","0","","39 53:09.108","1","3","75 12:27.463","4","0","0","0","67301","0","0","0","N","0","0","0","3","68K01","1","","1.0","1500.0","1","N","N","N","1","","0","0","0","","0","Y","","2","2","0","0","0","1","0","2","0","2","","","","N","","","","","","","","","",""
"2020073328","1917","2","0","0","0","0","0","0","0","0","4","0","","67","8","2020","7","39.959344","-75.173576","1905","6","0","0","0","1","0","1","0","0","","0","0","0","","","1","N","0","","39 57:33.640","4","0","75 10:24.873","3","0","0","0","67301","0","0","0","N","0","0","0","4","68K01","0","","1.0","30.0","1","N","N","N","0","","1","0","1","","0","N","","3","1","0","0","0","0","0","2","0","3","","","","N","","","","","","","","","",""
"2020039532","1645","1","0","0","0","0","0","0","0","0","7","0","","67","4","2020","2","39.981169","-75.206786","1639","6","0","0","0","0","0","0","0","0","","0","0","0","","","0","N","0","","39 58:52.207","3","0","75 12:24.430","0","0","0","0","67301","0","0","0","N","0","0","0","2","68K01","0","","3.0","30.0","9","N","N","N","0","","0","0","0","","0","N","","1","0","0","0","0","0","0","2","0","1","","","","N","","","","","","","","","",""
"2020047386","0836","2","0","0","0","0","0","0","0","0","1","0","","67","6","2020","4","40.070784","-75.1574","0836","6","0","0","0","0","0","1","0","0","","0","0","0","","","0","","1","","40 04:14.822","","0","75 09:26.639","0","0","0","0","67301","0","0","0","N","0","0","0","2","67301","0","","1.0","","1","N","N","N","0","","0","0","0","","1","","","2","0","0","0","0","0","0","2","0","2","","03","","N","","","","","","","","","",""
"2020032621","0900","1","0","0","0","0","0","0","0","0","7","0","","67","4","2020","2","40.084286","-75.227519","0837","6","0","0","0","0","0","0","0","0","","0","0","0","","","0","N","0","","40 05:03.430","","3","75 13:39.070","0","0","0","0","67301","0","0","0","N","0","0","0","1","67301","0","","4.0","","9","N","N","N","0","","0","0","0","","0","","","1","0","0","0","0","0","0","2","0","1","","08","","N","","","","","","","","","",""
"2020034597","1752","1","0","0","0","0","0","0","0","0","5","0","","67","4","2020","6","39.9254","-75.237467","1752","6","0","0","0","0","0","1","0","0","","0","0","0","","","1","N","0","","39 55:31.440","","0","75 14:14.880","3","0","0","0","67301","0","0","0","N","0","0","0","1","67301","0","","6.0","","98","N","N","N","1","","1","0","2","","0","","","4","1","0","0","0","0","0","2","0","4","","","","N","","","","","","","","","",""
"2020027327","0628","1","0","0","0","0","0","0","0","0","8","0","","67","3","2020","3","40.011333","-75.112331","0624","6","0","0","0","0","0","0","0","0","","0","0","0","","","1","N","0","","40 00:40.800","7","0","75 06:44.390","2","0","0","0","67301","1","0","1","N","1","0","1","2","67301","0","","1.0","700.0","9","N","N","N","0","","0","1","0","","0","Y","","2","1","0","0","0","0","0","2","0","1","","","","N","","","","","","","","","",""