"CRN","ARRIVAL_TM","AUTOMOBILE_COUNT","BELTED_DEATH_COUNT","BELTED_SUSP_SERIOUS_INJ_COUNT","BICYCLE_COUNT","BICYCLE_DEATH_COUNT","BICYCLE_SUSP_SERIOUS_INJ_COUNT","BUS_COUNT","CHLDPAS_DEATH_COUNT","CHLDPAS_SUSP_SERIOUS_INJ_COUNT","COLLISION_TYPE","COMM_VEH_COUNT","CONS_ZONE_SPD_LIM","COUNTY","CRASH_MONTH","CRASH_YEAR","DAY_OF_WEEK","DEC_LATITUDE","DEC_LONGITUDE","DISPATCH_TM","DISTRICT","DRIVER_COUNT_16YR","DRIVER_COUNT_17YR","DRIVER_COUNT_18YR","DRIVER_COUNT_19YR","DRIVER_COUNT_20YR","DRIVER_COUNT_50_64YR","DRIVER_COUNT_65_74YR","DRIVER_COUNT_75PLUS","EST_HRS_CLOSED","FATAL_COUNT","HEAVY_TRUCK_COUNT","HORSE_BUGGY_COUNT","HOUR_OF_DAY","ILLUMINATION","INJURY_COUNT","INTERSECTION_RELATED","INTERSECT_TYPE","LANE_CLOSED","LATITUDE","LN_CLOSE_DIR","LOCATION_TYPE","LONGITUDE","MAX_SEVERITY_LEVEL","MCYCLE_DEATH_COUNT","MCYCLE_SUSP_SERIOUS_INJ_COUNT","MOTORCYCLE_COUNT","MUNICIPALITY","NONMOTR_COUNT","NONMOTR_DEATH_COUNT","NONMOTR_SUSP_SERIOUS_INJ_COUNT","NTFY_HIWY_MAINT","PED_COUNT","PED_DEATH_COUNT","PED_SUSP_SERIOUS_INJ_COUNT","PERSON_COUNT","POLICE_AGCY","POSSIBLE_INJ_COUNT","RDWY_SURF_TYPE_CD","RELATION_TO_ROAD","ROADWAY_CLEARED","ROAD_CONDITION","SCH_BUS_IND","SCH_ZONE_IND","SECONDARY_CRASH","SMALL_TRUCK_COUNT","SPEC_JURIS_CD","SUSP_MINOR_INJ_COUNT","SUSP_SERIOUS_INJ_COUNT","SUV_COUNT","TCD_FUNC_CD","TCD_TYPE","TFC_DETOUR_IND","TIME_OF_DAY","TOTAL_UNITS","TOT_INJ_COUNT","UNBELTED_OCC_COUNT","UNB_DEATH_COUNT","UNB_SUSP_SERIOUS_INJ_COUNT","UNK_INJ_DEG_COUNT","UNK_INJ_PER_COUNT","URBAN_RURAL","VAN_COUNT","VEHICLE_COUNT","WEATHER1","WEATHER2","WORKERS_PRES","WORK_ZONE_IND","WORK_ZONE_LOC","WORK_ZONE_TYPE","WZ_CLOSE_DETOUR","WZ_FLAGGER","WZ_LAW_OFFCR_IND","WZ_LN_CLOSURE","WZ_MOVING","WZ_OTHER","WZ_SHLDER_MDN","WZ_WORKERS_INJ_KILLED"
"2020060680","0415","3","0","0","0","0","0","0","0","0","4","0","","67","6","2020","1","39.954893","-75.20877","0359","6","0","0","0","0","0","0","0","0","","0","0","0","","","2","","1","","39 57:17.614","","0","75 12:31.573","2","0","0","0","67301","0","0","0","N","0","0","0","3","67301","0","","1.0","","1","N","N","N","0","","0","2","1","","2","","","5","2","0","0","0","0","1","2","1","5","","","","N","","","","","","","","","",""
"2020034116","1920","0","0","0","0","0","0","0","0","0","5","0","","67","4","2020","2","40.025004","-75.129087","1911","6","0","0","0","0","0","1","0","0","","0","0","0","","","1","N","0","","40 01:30.015","","0","75 07:44.713","8","0","0","1","67301","0","0","0","N","0","0","0","2","67301","0","","1.0","","1","N","N","N","0","","0","0","0","","9","","","2","1","0","0","0","1","0","2","0","2","","03","","N","","","","","","","","","",""
"2020034398","0126","1","0","0","0","0","0","0","0","0","7","0","","67","4","2020","5","39.957753","-75.140408","0104","6","0","0","0","0","0","0","0","0","","0","0","0","","","4","N","0","","39 57:27.911","","8","75 08:25.470","3","0","0","0","67301","0","0","0","N","0","0","0","4","68K01","0","","3.0","","1","N","N","N","0","","4","0","0","","0","","","1","4","0","0","0","0","0","2","0","1","","","","N","","","","","","","","","",""
"2020032667","1241","1","0","0","0","0","0","0","0","0","7","0","","67","4","2020","2","39.919681","-75.202884","1241","6","0","0","0","0","0","0","0","0","","0","0","0","","","2","N","0","","39 55:10.852","4","3","75 12:10.382","4","0","0","0","67301","0","0","0","N","0","0","0","2","67301","2","","2.0","1301.0","9","N","N","N","0","","0","0","0","","9","N","","1","2","0","0","0","0","0","2","0","1","","08","","N","","","","","","","","","",""
"2020034117","2020","2","0","0","0","0","0","0","0","0","4","0","","67","4","2020","3","40.047508","-75.142894","2020","6","0","0","1","0","0","0","0","1","","0","0","0","","","0","","1","","40 02:51.028","","0","75 08:34.417","0","0","0","0","67301","0","0","0","N","0","0","0","2","67301","0","","1.0","","99","N","N","N","0","","0","0","0","","2","","","2","0","0","0","0","0","0","2","0","2","","","","N","","","","","","","","","",""
"2020073157","0725","1","0","0","0","0","0","0","0","0","1","0","","67","9","2020","3","40.063606","-75.087444","0713","6","0","0","0","0","0","0","0","0","","0","0","0","","","1","N","0","","40 03:48.981","","0","75 05:14.799","8","0","0","1","67301","0","0","0","N","0","0","0","2","67301","0","","1.0","","1","N","N","N","0","","0","0","0","","0","","","2","1","0","0","0","1","0","2","0","2","","03","","N","","","","","","","","","",""
"2020074094","1401","3","0","0","0","0","0","0","0","0","5","0","","67","9","2020","3","39.975015","-75.261338","1400","6","0","1","0","0","0","0","0","0","","1","0","0","","","8","","3","","39 58:30.054","","0","75 15:40.817","1","0","0","0","67301","0","0","0","N","0","0","0","10","67301","0","2","1.0","","1","N","N","N","0","0","8","0","1","","2","","","7","8","4","1","0","0","1","2","3","7","","03","","N","","","","","","","","","",""
"2020036339","1830","2","0","0","0","0","0","0","0","0","4","0","","67","4","2020","2","40.029923","-75.034999","1816","6","0","0","0","0","0","1","0","0","","0","0","0","","","3","N","0","","40 01:47.721","","7","75 02:05.996","3","0","0","0","67301","0","0","0","N","0","0","0","4","67301","0","","1.0","","1","N","N","N","0","","3","0","0","","2","","","3","3","0","0","0","0","0","2","1","3","","03","","N","","","","","","","","","",""
"2020073057","2105","1","0","0","0","0","0","0","0","0","7","0","","67","9","2020","5","40.013793","-75.055912","2057","6","0","0","0","0","0","0","0","0","","0","0","0","","","1","N","0","","40 00:49.653","","1","75 03:21.283","4","0","0","0","67301","0","0","0","N","0","0","0","1","67301","1","","4.0","","9","N","N","N","0","","0","0","0","","0","","","1","1","0","0","0","0","0","2","0","1","","04","","N","","","","","","","","","",""
"2020074319","0920","1","0","0","0","0","0","0","0","0","3","0","","67","9","2020","4","39.922138","-75.218069","0915","6","0","0","0","0","0","0","0","0","","0","0","0","","","2","","2","","39 55:19.695","","0","75 13:05.049","8","0","0","0","67301","0","0","0","N","0","0","0","3","67301","0","","1.0","","1","N","N","N","1","","0","0","0","","2","","","2","2","0","0","0","2","0","2","0","2","","04","","N","","","","","","","","","",""
"2020034392","1949","1","0","0","0","0","0","0","0","0","7","0","","67","4","2020","2","39.987172","-75.09065","1949","6","0","0","0","0","0","0","0","0","","0","0","0","","","1","N","0","","39 59:13.819","2","0","75 05:26.341","3","0","0","0","67301","0","0","0","N","0","0","0","1","68K01","0","","3.0","35.0","1","N","N","N","0","","1","0","0","","0","N","","1","1","0","0","0","0","0","2","0","1","","03","","N","","","","","","","","","",""
"2020034943","1449","1","0","0","0","0","0","0","0","0","8","0","","67","4","2020","4","39.904061","-75.240291","1449","6","0","0","0","0","0","0","0","0","","0","0","0","","","1","","1","","39 54:14.619","","0","75 14:25.049","8","0","0","0","67301","1","0","0","N","1","0","0","2","67301","0","","1.0","","1","N","N","N","0","","0","0","0","","2","","","2","1","0","0","0","1","0","2","0","1","","03","","N","","","","","","","","","",""
"2020033290","0325","1","0","0","0","0","0","0","0","0","5","0","","67","4","2020","6","39.959547","-75.224958","0318","6","0","0","0","0","0","0","0","0","","0","0","0","","","0","N","0","","39 57:34.368","","0","75 13:29.847","0","0","0","0","67301","0","0","0","N","0","0","0","1","67301","0","","6.0","","1","N","N","N","0","","0","0","1","","0","","","3","0","0","0","0","0","0","2","1","3","","","","N","","","","","","","","","",""
"2020034226","1324","0","0","0","0","0","0","0","0","0","7","0","","67","4","2020","3","39.999319","-75.190541","1322","6","0","0","0","0","0","0","0","0","","0","0","0","","","0","N","0","","39 59:57.550","","0","75 11:25.949","0","0","0","0","67301","0","0","0","N","0","0","0","1","67301","0","","5.0","","9","N","N","N","0","","0","0","1","","0","","","1","0","0","0","0","0","0","2","0","1","","04","","N","","","","","","","","","",""
"2020045266","1135","2","0","0","0","0","0","0","0","0","4","0","","67","6","2020","3","39.940369","-75.236609","1135","6","0","0","0","0","0","0","1","0","","0","0","0","","","1","","1","","39 56:25.327","","0","75 14:11.791","3","0","0","0","67301","0","0","0","N","0","0","0","4","67301","0","","1.0","","1","N","N","N","0","","1","0","0","","2","","","2","1","0","0","0","0","0","2","0","2","","03","","N","","","","","","","","","",""
"2020034596","1647","1","0","0","0","0","0","0","0","0","1","0","","67","4","2020","2","39.904005","-75.240101","1647","6","0","0","0","0","0","1","0","0","","0","0","0","","","0","","1","","39 54:14.419","","0","75 14:24.364","0","0","0","0","67301","0","0","0","N","0","0","0","2","67301","0","","1.0","","1","N","N","N","0","","0","0","1","","2","","","2","0","0","0","0","0","0","2","0","2","","03","","N","","","","","","","","","",""
"2020073056","1924","1","0","0","0","0","0","0","0","0","8","0","","67","9","2020","3","39.999615","-75.068966","1924","6","0","0","0","1","0","0","0","0","","0","0","0","","","1","","1","","39 59:58.614","","0","75 04:08.279","4","0","0","0","67301","1","0","0","N","1","0","0","3","67301","1","","1.0","","1","N","N","N","0","","0","0","0","","3","","","2","1","2","0","0","0","0","2","0","1","","03","","N","","","","","","","","","",""
"2020090779","1201","1","0","0","0","0","0","0","0","0","1","0","","67","10","2020","6","39.959637","-75.175923","1150","6","0","0","0","0","0","0","0","0","","0","0","0","","","1","N","0","","39 57:34.693","","0","75 10:33.322","8","0","0","0","67301","0","0","0","N","0","0","0","5","68K01","0","","1.0","","9","N","N","N","0","","0","0","1","","0","","","2","1","0","0","0","1","1","2","0","2","","07","","N","","","","","","","","","",""
"2020073899","0305","2","0","0","0","0","0","0","0","0","5","0","","67","8","2020","2","40.022467","-75.151108","0300","6","0","0","0","0","0","0","0","0","","0","0","0","","","0","N","0","","40 01:20.880","","0","75 09:03.990","9","0","0","0","67301","0","0","0","N","0","0","0","1","67301","0","","1.0","","1","N","N","N","0","","0","0","0","","0","","","2","0","0","0","0","0","1","2","0","2","","","","N","","","","","","","","","",""
"2020033706","1210","1","0","0","0","0","0","0","0","0","4","0","","67","4","2020","1","39.998157","-75.133428","1203","6","0","0","0","0","0","0","0","0","","0","0","0","","","1","","1","","39 59:53.365","2","0","75 08:00.340","3","0","0","1","67301","0","0","0","N","0","0","0","2","67301","0","","1.0","1239.0","1","N","N","N","0","","1","0","0","","3","Y","","2","1","1","0","0","0","0","2","0","2","","03","","N","","","","","","","","","",""
"2020033030","0405","1","0","0","0","0","0","0","0","0","1","0","","67","4","2020","4","39.958968","-75.235469","0400","6","0","0","0","0","0","0","0","0","","0","0","0","","","0","N","0","","39 57:32.286","","0","75 14:07.689","0","0","0","0","67301","0","0","0","N","0","0","0","1","67301","0","","6.0","","9","N","N","N","0","","0","0","2","","0","","","3","0","0","0","0","0","0","2","0","3","","","","N","","","","","","","","","",""
"2020047988","1114","0","0","0","0","0","0","0","0","0","8","0","","67","6","2020","5","40.025889","-75.14675","1101","6","0","0","0","0","0","0","0","0","","0","0","0","","","1","N","0","","40 01:33.200","","0","75 08:48.300","3","0","0","0","67301","1","0","0","N","1","0","0","2","67301","0","","1.0","","1","N","N","N","0","","1","0","0","","0","","","2","1","0","0","0","0","0","2","0","1","","03","","N","","","","","","","","","",""
"2020034163","0007","1","0","0","0","0","0","0","0","0","1","0","","67","4","2020","3","39.971881","-75.162714","0007","6","0","0","0","0","0","1","0","0","","0","0","0","","","0","","1","","39 58:18.772","3","0","75 09:45.771","0","0","0","0","67301","0","0","0","N","0","0","0","2","67301","0","","1.0","1220.0","1","N","N","N","0","","0","0","1","","2","N","","2","0","2","0","0","0","0","2","0","2","","03","","N","","","","","","","","","",""
"2020033526","0547","0","0","0","0","0","0","0","0","0","8","0","","67","4","2020","4","40.035367","-75.128833","0537","6","0","0","0","0","0","0","0","0","","0","0","0","","","1","N","0","","40 02:07.320","","0","75 07:43.800","8","0","0","0","67301","1","0","0","N","1","0","0","2","67301","0","","1.0","","1","N","N","N","0","","0","0","1","","0","","","3","1","0","0","0","1","0","2","1","2","","04","","N","","","","","","","","","",""
"2020036527","0827","0","0","0","0","0","0","0","0","0","1","1","","67","4","2020","1","40.011982","-75.07553","0825","6","0","0","0","0","0","0","0","0","","0","1","0","","","1","N","0","","40 00:43.135","5","0","75 04:31.909","3","0","0","0","67301","0","0","0","N","0","0","0","2","67301","0","","6.0","1000.0","1","N","N","N","0","","1","0","1","","1","Y","","2","1","1","0","0","0","0","2","0","2","","03","","N","","","","","","","","","",""
"2020035718","1007","2","0","0","0","0","0","0","0","0","4","0","","67","4","2020","7","40.026503","-75.04216","1003","6","0","0","0","0","0","0","0","0","","0","0","0","","","1","","1","","40 01:35.410","5","0","75 02:31.777","3","0","0","0","67301","0","0","0","N","0","0","0","3","67301","0","","1.0","1215.0","9","N","N","N","0","","1","0","0","","3","Y","","2","1","0","0","0","0","0","2","0","2","","","","N","","","","","","","","","",""
"2020033207","0131","1","0","0","0","0","0","0","0","0","8","0","","67","4","2020","6","40.029979","-75.122554","0128","6","0","0","0","0","0","0","0","0","","0","0","0","","","1","","1","","40 01:47.924","","0","75 07:21.194","8","0","0","0","67301","1","0","0","N","1","0","0","2","67301","0","","1.0","","1","N","N","N","0","","0","0","0","","0","","","2","1","0","0","0","1","0","2","0","1","","03","","N","","","","","","","","","",""
"2020084246","1827","2","0","0","0","0","0","0","0","0","4","0","","67","6","2020","3","40.01168","-75.163048","1827","6","0","0","0","0","0","0","0","0","","0","0","0","","","0","","1","","40 00:42.048","","0","75 09:46.973","9","0","0","0","67301","0","0","0","N","0","0","0","3","67301","0","","1.0","","1","N","N","N","0","","0","0","0","","0","","","2","0","0","0","0","0","2","2","0","2","","","","N","","","","","","","","","",""
"2020046017","1648","1","0","0","0","0","0","0","0","0","4","0","","67","6","2020","6","39.970374","-75.148139","1647","6","0","0","0","0","0","0","0","0","","0","0","0","","","1","","1","","39 58:13.346","","0","75 08:53.302","3","0","0","0","67301","0","0","0","N","0","0","0","2","67301","0","","1.0","","1","N","N","N","0","","1","0","1","","2","","","2","1","0","0","0","0","0","2","0","2","","03","","N","","","","","","","","","",""
"2020073260","0118","2","0","0","0","0","0","0","0","0","3","0","","67","9","2020","1","39.951817","-75.244006","0117","6","0","0","0","0","0","0","0","0","","0","0","0","","","3","N","0","","39 57:06.540","","0","75 14:38.420","3","0","0","0","67301","0","0","0","N","0","0","0","5","67301","0","","1.0","","1","N","N","N","0","","3","0","0","","0","U","","2","3","1","0","0","0","0","2","0","2","","","","N","","","","","","","","","",""
"2020037118","0856","0","0","0","0","0","0","0","0","0","7","0","","67","4","2020","2","40.03137","-75.021599","0856","6","0","0","0","0","0","0","0","0","","0","0","0","","","0","N","0","","40 01:52.932","","0","75 01:17.758","0","0","0","0","67301","0","0","0","N","0","0","0","1","68K01","0","","4.0","","9","N","N","N","1","","0","0","0","","0","","","1","0","0","0","0","0","0","2","0","1","","","","N","","","","","","","","","",""
"2020037627","1926","1","0","0","0","0","0","0","0","0","1","0","","67","4","2020","1","39.901337","-75.152306","1916","6","0","0","0","0","0","1","0","0","","0","0","0","","","2","N","0","","39 54:04.813","1","0","75 09:08.303","3","0","0","1","67301","0","0","0","N","0","0","0","3","68K01","0","","1.0","2010.0","1","N","N","N","0","","1","0","0","","0","N","","2","2","0","0","0","1","0","2","0","2","","","","N","","","","","","","","","",""
"2020033874","1849","2","0","0","0","0","0","0","0","0","4","0","","67","4","2020","2","40.041325","-75.115242","1827","6","0","0","0","0","0","1","0","0","","0","0","0","","","0","N","0","","40 02:28.770","","7","75 06:54.870","0","0","0","0","67301","0","0","0","N","0","0","0","2","67301","0","","1.0","","1","N","N","N","0","","0","0","0","","0","","","2","0","0","0","0","0","0","2","0","2","","","","N","","","","","","","","","",""
"2020047155","0709","0","0","0","0","0","0","0","0","0","0","0","","67","6","2020","2","39.976283","-75.195416","0706","6","0","0","0","1","0","0","0","0","","0","0","0","","","1","N","0","","39 58:34.617","","0","75 11:43.496","3","0","0","1","67301","0","0","0","N","0","0","0","1","68K01","0","","2.0","","1","N","N","N","0","","1","0","0","","0","","","1","1","0","0","0","0","0","2","0","1","","03","","N","","","","","","","","","",""
"2020034061","0729","1","0","0","0","0","0","0","0","0","1","0","","67","4","2020","2","40.031985","-75.021103","0729","6","0","0","0","0","0","0","0","0","","0","0","0","","","0","N","0","","40 01:55.145","1","0","75 01:15.971","0","0","0","0","67301","0","0","0","N","0","0","0","2","68K01","0","","1.0","744.0","9","N","N","N","0","","0","0","0","","0","N","","2","0","0","0","0","0","0","2","0","2","","07","","N","","","","","","","","","",""
"2020070926","0301","0","0","0","0","0","0","0","0","0","8","0","","67","8","2020","1","40.031731","-75.178861","0301","6","0","0","0","0","0","0","0","0","","0","0","0","","","1","","1","","40 01:54.231","","0","75 10:43.900","8","0","0","0","67301","1","0","0","N","1","0","0","2","67301","0","","1.0","","1","N","N","N","0","","0","0","1","","2","","","2","1","1","0","0","1","1","2","0","1","","03","","N","","","","","","","","","",""
"2020038922","0641","0","0","0","0","0","0","0","0","0","7","0","","67","4","2020","2","39.886477","-75.242696","0641","6","0","0","0","0","0","0","0","0","","0","0","0","","","0","N","0","","39 53:11.317","","0","75 14:33.707","0","0","0","0","67301","0","0","0","Y","0","0","0","1","68K01","0","","3.0","","9","N","N","N","0","","0","0","1","","0","","","1","0","0","0","0","0","0","2","0","1","","02","","N","","","","","","","","","",""
"2020073951","0138","1","0","0","0","0","0","1","0","0","1","1","","67","9","2020","4","39.955857","-75.19146","0133","6","0","0","0","0","0","1","0","0","","0","0","0","","","1","N","1","","39 57:21.085","","0","75 11:29.255","4","0","0","0","67301","0","0","0","N","0","0","0","2","67508","1","","1.0","","1","N","N","Y","0","","0","0","0","","2","N","","2","1","1","0","0","0","0","2","0","2","","03","","N","","","","","","","","","",""
"2020033126","1743","1","0","0","0","0","0","0","0","0","4","0","","67","4","2020","4","40.042948","-75.119781","1000","6","0","0","0","0","0","1","0","0","","0","0","0","","","1","","1","","40 02:34.612","","0","75 07:11.211","3","0","0","0","67301","0","0","0","N","0","0","0","2","67301","0","","1.0","","1","N","N","N","0","","1","0","1","","2","","","2","1","0","0","0","0","1","2","0","2","","04","","N","","","","","","","","","",""
"2020033182","1348","1","0","0","0","0","0","0","0","0","1","0","","67","4","2020","4","40.062104","-74.994805","1337","6","0","0","0","0","0","1","0","0","","0","0","0","","","2","N","0","","40 03:43.576","3","0","74 59:41.299","3","0","0","0","67301","0","0","0","N","0","0","0","2","67301","0","","1.0","1450.0","1","N","N","N","0","","2","0","1","","0","N","","2","2","0","0","0","0","0","2","0","2","","03","","N","","","","","","","","","",""
"2020046781","2032","2","0","0","0","0","0","0","0","0","5","0","","67","6","2020","1","39.922036","-75.243156","2029","6","0","0","0","0","0","0","0","0","","0","0","0","","","1","N","0","","39 55:19.330","","0","75 14:35.360","4","0","0","0","67301","0","0","0","N","0","0","0","2","67301","1","","6.0","","1","N","N","N","2","","0","0","1","","0","","","5","1","0","0","0","0","0","2","0","5","","03","","N","","","","","","","","","",""
"2020034962","2040","2","0","0","0","0","0","0","0","0","5","0","","67","4","2020","5","39.968637","-75.233854","2040","6","0","0","0","0","0","0","0","0","","0","0","0","","","0","","1","","39 58:07.093","","0","75 14:01.874","0","0","0","0","67301","0","0","0","N","0","0","0","2","67301","0","","1.0","","9","N","N","N","0","","0","0","1","","2","","","3","0","0","0","0","0","0","2","0","3","","07","","N","","","","","","","","","",""
"2020039534","1620","1","0","0","0","0","0","0","0","0","5","0","","67","4","2020","4","39.97099","-75.193104","1615","6","0","0","0","0","0","1","0","0","","0","0","0","","","0","N","0","","39 58:15.564","4","0","75 11:35.173","0","0","0","0","67301","0","0","0","N","0","0","0","2","68K01","0","","1.0","30.0","1","N","N","N","0","","0","0","1","","0","N","","2","0","0","0","0","0","0","2","0","2","","","","N","","","","","","","","","",""
"2020048300","1910","1","0","0","0","0","0","0","0","0","4","0","","67","6","2020","7","39.970171","-75.159648","1905","6","0","0","2","0","0","0","0","0","","0","0","0","","","2","","1","","39 58:12.616","3","0","75 09:34.731","3","0","0","0","67301","0","0","0","N","0","0","0","6","67301","0","","1.0","2030.0","1","N","N","N","0","","2","0","1","","2","N","","2","2","1","0","0","0","0","2","0","2","","","","N","","","","","","","","","",""
"2020035140","0845","1","0","0","0","0","0","0","0","0","7","0","","67","4","2020","1","40.032388","-75.021166","0831","6","0","0","0","0","0","0","0","0","","0","0","0","","","0","Y","0","","40 01:56.595","","0","75 01:16.199","0","0","0","0","67301","0","0","0","N","0","0","0","3","68K01","0","","3.0","","1","N","N","N","0","","0","0","0","","0","","","1","0","0","0","0","0","0","2","0","1","","","","N","","","","","","","","","",""
"2020073050","0015","2","0","0","0","0","0","0","0","0","1","0","","67","9","2020","1","40.02662","-75.096383","0010","6","0","0","0","0","0","0","0","0","","0","0","0","","","3","N","0","","40 01:35.833","","0","75 05:46.980","3","0","0","0","67301","0","0","0","N","0","0","0","4","67301","0","","1.0","","1","N","N","N","0","","3","0","0","","2","","","2","3","0","0","0","0","0","2","0","2","","03","","N","","","","","","","","","",""
"2020047708","1217","2","0","0","0","0","0","0","0","0","4","0","","67","6","2020","4","40.030572","-75.103892","1217","6","0","0","0","0","0","3","0","0","","0","0","0","","","1","","2","","40 01:50.059","","0","75 06:14.011","4","0","0","0","67301","0","0","0","N","0","0","0","4","67301","1","","1.0","","1","N","N","N","0","","0","0","1","","2","","","3","1","0","0","0","0","0","2","0","3","","","","N","","","","","","","","","",""
"2020050143","2255","1","0","0","1","0","0","0","0","0","8","0","","67","6","2020","7","39.954405","-75.163068","2245","6","0","0","0","0","0","0","0","0","","0","0","0","","","1","","1","","39 57:15.859","","0","75 09:47.045","8","0","0","0","67301","1","0","0","N","0","0","0","2","67301","0","","1.0","","1","N","N","N","0","","0","0","0","","2","","","2","1","1","0","0","1","0","2","0","1","","","","N","","","","","","","","","",""
"2020033714","1200","1","0","0","0","0","0","0","0","0","4","0","90","67","4","2020","2","39.980213","-75.157468","1155","6","0","0","0","0","0","0","0","0","","0","0","0","","","0","N","1","","39 58:48.767","2","0","75 09:26.884","0","0","0","0","67301","0","0","0","N","0","0","0","4","67505","0","","1.0","1215.0","1","N","N","N","1","","0","0","0","","2","Y","","2","0","0","0","0","0","0","2","0","2","","03","N","Y","3","8","Y","","Y","Y","","","","N"
"2020050521","1907","1","0","0","0","0","0","0","0","0","1","0","","67","6","2020","7","39.967684","-75.131006","1903","6","0","0","0","0","0","0","0","0","","0","0","0","","","1","N","0","","39 58:03.661","","0","75 07:51.623","3","0","0","0","67301","0","0","0","N","0","0","0","3","68K01","0","","1.0","","1","N","N","N","0","","1","0","0","","0","","","2","1","0","0","0","0","0","2","1","2","","","","N","","","","","","","","","",""
"2020033042","2345","2","0","0","0","0","0","0","0","0","4","0","","67","4","2020","4","40.022833","-75.148284","2343","6","0","0","0","0","0","0","0","0","","0","0","0","","","1","","5","","40 01:22.197","2","0","75 08:53.823","2","0","0","0","67301","0","0","0","N","0","0","0","2","67301","0","","1.0","5.0","1","N","N","N","0","","0","1","0","","2","N","","2","1","0","0","0","0","0","2","0","2","","","","N","","","","","","","","","",""
"2020048416","1915","1","0","0","1","0","0","0","0","0","8","0","","67","6","2020","4","40.043068","-75.029538","1911","6","0","0","0","0","0","0","0","0","","0","0","0","","","1","N","0","","40 02:35.045","","0","75 01:46.335","3","0","0","0","67301","1","0","0","N","0","0","0","2","67301","0","","1.0","","1","N","N","N","0","","1","0","0","","0","","","2","1","0","0","0","0","0","2","0","1","","03","","N","","","","","","","","","",""
"2020073593","2202","4","0","0","0","0","0","0","0","0","1","0","","67","7","2020","4","39.986644","-75.091289","2202","6","0","0","0","0","0","1","0","0","","0","0","0","","","2","N","0","","39 59:11.917","1","0","75 05:28.641","3","0","0","0","67301","0","0","0","N","0","0","0","7","68K01","0","","1.0","2215.0","1","N","N","Y","0","","2","0","0","","0","Y","","4","2","0","0","0","0","0","2","0","4","","","","N","","","","","","","","","",""
"2020046937","1045","1","0","0","0","0","0","0","0","0","1","0","","67","6","2020","2","40.020536","-75.156034","1045","6","0","0","0","0","0","0","0","0","","0","0","0","","","1","N","0","","40 01:13.931","","3","75 09:21.722","3","0","0","0","67301","0","0","0","N","0","0","0","4","67301","0","","1.0","","1","N","N","Y","0","","1","0","0","","0","","","4","1","0","0","0","0","3","2","1","4","","03","","N","","","","","","","","","",""
"2020033398","1446","2","0","0","0","0","0","0","0","0","5","0","","67","4","2020","6","39.955496","-75.14812","1445","6","0","0","0","0","1","0","0","0","","0","0","0","","","0","N","0","","39 57:19.787","4","2","75 08:53.233","0","0","0","0","67301","0","0","0","N","0","0","0","2","67501","0","","1.0","1520.0","1","N","N","N","0","","0","0","0","","8","N","","2","0","0","0","0","0","0","2","0","2","","","","N","","","","","","","","","",""
"2020089749","","2","0","0","0","0","0","0","0","0","4","0","","67","4","2020","3","40.02758","-75.147134","","6","0","0","0","0","1","0","0","0","","0","0","0","","","2","","1","","40 01:39.287","","0","75 08:49.681","8","0","0","0","67301","0","0","0","N","0","0","0","2","00000","0","","1.0","","1","N","N","N","0","","0","0","0","","2","","","2","2","0","0","0","2","0","2","0","2","","","","N","","","","","","","","","",""
"2020073161","0745","1","0","0","0","0","0","0","0","0","4","0","","67","9","2020","3","39.939866","-75.211417","0744","6","0","0","0","0","0","0","0","0","","0","1","0","","","1","","1","","39 56:23.517","","0","75 12:41.102","3","0","0","0","67301","0","0","0","N","0","0","0","1","67301","0","","1.0","","1","N","N","N","0","","1","0","0","","2","","","2","1","0","0","0","0","0","2","0","2","","03","","N","","","","","","","","","",""
"2020033288","1635","3","0","0","0","0","0","0","0","0","4","0","","67","4","2020","4","39.918225","-75.208762","1635","6","0","0","0","0","0","0","0","0","","0","0","0","","","0","","2","","39 55:05.610","","0","75 12:31.544","0","0","0","0","67301","0","0","0","N","0","0","0","6","67301","0","","1.0","","1","N","N","N","0","","0","0","0","","2","","","3","0","1","0","0","0","0","2","0","3","","03","","N","","","","","","","","","",""
"2020033289","2039","1","0","0","0","0","0","0","0","0","1","0","","67","4","2020","5","39.939786","-75.214134","2037","6","0","0","0","0","0","0","0","0","","0","0","0","","","2","N","0","","39 56:23.230","","0","75 12:50.883","3","0","0","0","67301","2","0","0","N","2","0","0","3","67301","0","","1.0","","1","N","N","Y","1","","2","0","1","","0","","","5","2","0","0","0","0","0","2","0","3","","03","","N","","","","","","","","","",""
"2020073901","2100","1","0","0","0","0","0","0","0","0","1","0","","67","9","2020","2","39.996617","-75.175291","1940","6","0","0","0","0","0","0","0","0","","0","0","0","","","2","N","0","","39 59:47.822","","0","75 10:31.047","3","0","0","0","67301","0","0","0","N","0","0","0","2","67301","0","","1.0","","1","N","N","N","0","","2","0","1","","0","U","","2","2","0","0","0","0","0","2","0","2","","","","N","","","","","","","","","",""
"2020033770","0914","1","0","0","0","0","0","0","0","0","4","0","","67","4","2020","1","39.988524","-75.106326","0908","6","0","0","0","0","0","1","0","0","","0","0","0","","","1","","1","","39 59:18.686","","0","75 06:22.773","3","0","0","0","67301","0","0","0","N","0","0","0","3","67301","0","","1.0","","1","N","N","N","0","","1","0","1","","0","","","2","1","2","0","0","0","0","2","0","2","","03","","N","","","","","","","","","",""