"CRN","ARRIVAL_TM","AUTOMOBILE_COUNT","BELTED_DEATH_COUNT","BELTED_SUSP_SERIOUS_INJ_COUNT","BICYCLE_COUNT","BICYCLE_DEATH_COUNT","BICYCLE_SUSP_SERIOUS_INJ_COUNT","BUS_COUNT","CHLDPAS_DEATH_COUNT","CHLDPAS_SUSP_SERIOUS_INJ_COUNT","COLLISION_TYPE","COMM_VEH_COUNT","CONS_ZONE_SPD_LIM","COUNTY","CRASH_MONTH","CRASH_YEAR","DAY_OF_WEEK","DEC_LATITUDE","DEC_LONGITUDE","DISPATCH_TM","DISTRICT","DRIVER_COUNT_16YR","DRIVER_COUNT_17YR","DRIVER_COUNT_18YR","DRIVER_COUNT_19YR","DRIVER_COUNT_20YR","DRIVER_COUNT_50_64YR","DRIVER_COUNT_65_74YR","DRIVER_COUNT_75PLUS","EST_HRS_CLOSED","FATAL_COUNT","HEAVY_TRUCK_COUNT","HORSE_BUGGY_COUNT","HOUR_OF_DAY","ILLUMINATION","INJURY_COUNT","INTERSECTION_RELATED","INTERSECT_TYPE","LANE_CLOSED","LATITUDE","LN_CLOSE_DIR","LOCATION_TYPE","LONGITUDE","MAX_SEVERITY_LEVEL","MCYCLE_DEATH_COUNT","MCYCLE_SUSP_SERIOUS_INJ_COUNT","MOTORCYCLE_COUNT","MUNICIPALITY","NONMOTR_COUNT","NONMOTR_DEATH_COUNT","NONMOTR_SUSP_SERIOUS_INJ_COUNT","NTFY_HIWY_MAINT","PED_COUNT","PED_DEATH_COUNT","PED_SUSP_SERIOUS_INJ_COUNT","PERSON_COUNT","POLICE_AGCY","POSSIBLE_INJ_COUNT","RDWY_SURF_TYPE_CD","RELATION_TO_ROAD","ROADWAY_CLEARED","ROAD_CONDITION","SCH_BUS_IND","SCH_ZONE_IND","SECONDARY_CRASH","SMALL_TRUCK_COUNT","SPEC_JURIS_CD","SUSP_MINOR_INJ_COUNT","SUSP_SERIOUS_INJ_COUNT","SUV_COUNT","TCD_FUNC_CD","TCD_TYPE","TFC_DETOUR_IND","TIME_OF_DAY","TOTAL_UNITS","TOT_INJ_COUNT","UNBELTED_OCC_COUNT","UNB_DEATH_COUNT","UNB_SUSP_SERIOUS_INJ_COUNT","UNK_INJ_DEG_COUNT","UNK_INJ_PER_COUNT","URBAN_RURAL","VAN_COUNT","VEHICLE_COUNT","WEATHER1","WEATHER2","WORKERS_PRES","WORK_ZONE_IND","WORK_ZONE_LOC","WORK_ZONE_TYPE","WZ_CLOSE_DETOUR","WZ_FLAGGER","WZ_LAW_OFFCR_IND","WZ_LN_CLOSURE","WZ_MOVING","WZ_OTHER","WZ_SHLDER_MDN","WZ_WORKERS_INJ_KILLED"
"2020047300","2150","1","0","0","0","0","0","0","0","0","4","0","","67","6","2020","2","39.949556","-75.165965","2146","6","0","0","0","0","0","0","0","0","","0","0","0","","","0","","1","","39 56:58.402","","0","75 09:57.474","0","0","0","0","67301","0","0","0","N","0","0","0","2","67301","0","","1.0","","1","N","N","N","0","","0","0","0","","2","","","2","0","0","0","0","0","0","2","1","2","","03","","N","","","","","","","","","",""
"2020035818","1620","3","0","1","0","0","0","0","0","0","1","0","","67","4","2020","3","40.041867","-75.072972","1615","6","0","0","0","1","0","1","0","0","","0","0","0","","","2","N","0","","40 02:30.720","2","0","75 04:22.700","2","0","0","0","67301","0","0","0","N","0","0","0","2","67301","0","","1.0","1753.0","1","N","N","N","0","","1","1","1","","0","Y","","4","2","0","0","0","0","0","2","0","4","","03","","N","","","","","","","","","",""
"2020073257","2140","2","0","0","0","0","0","0","0","0","5","0","","67","9","2020","2","40.052842","-75.161904","2140","6","0","0","0","0","1","0","0","0","","0","0","0","","","1","","2","","40 03:10.230","","0","75 09:42.853","4","0","0","0","67301","0","0","0","N","0","0","0","1","67301","1","","1.0","","1","N","N","N","0","","0","0","0","","0","","","2","1","0","0","0","0","0","2","0","2","","03","","N","","","","","","","","","",""
"2020036599","0452","0","0","0","0","0","0","0","0","0","7","0","","67","4","2020","1","39.930268","-75.198309","0450","6","0","0","0","0","0","0","0","0","","0","0","0","","","1","N","0","","39 55:48.966","","0","75 11:53.913","4","0","0","0","67301","0","0","0","N","0","0","0","2","68K01","1","","3.0","","1","N","N","N","0","","0","0","1","","0","","","1","1","0","0","0","0","0","2","0","1","","","","N","","","","","","","","","",""
"2020073545","1350","1","0","0","0","0","0","0","0","0","5","0","","67","9","2020","6","39.998627","-75.142514","1343","6","0","0","0","0","0","1","0","0","","0","0","0","","","1","","1","","39 59:55.057","","0","75 08:33.050","3","0","0","0","67301","0","0","0","N","0","0","0","1","67301","0","","1.0","","1","N","N","N","1","","1","0","1","","3","","","3","1","0","0","0","0","0","2","0","3","","","","N","","","","","","","","","",""
"2020073541","1515","1","0","0","0","0","0","0","0","0","7","0","","67","9","2020","2","40.117469","-75.021386","1510","6","0","0","0","0","0","0","0","0","","0","0","0","","","1","N","0","","40 07:02.890","","0","75 01:16.990","8","0","0","0","67301","0","0","0","N","0","0","0","1","67301","0","","5.0","","1","N","N","N","0","","0","0","0","","0","","","1","1","0","0","0","1","0","2","0","1","","03","","N","","","","","","","","","",""
"2020074586","1855","2","0","0","0","0","0","0","0","0","1","0","","67","9","2020","5","39.981209","-75.188697","1854","6","0","0","0","0","0","1","0","0","","0","0","0","","","2","","2","","39 58:52.351","1","0","75 11:19.309","3","0","0","0","67301","0","0","0","N","0","0","0","2","67301","0","","1.0","100.0","9","N","N","N","0","","2","0","0","","0","Y","","2","2","0","0","0","0","0","2","0","2","","04","","N","","","","","","","","","",""
"2020048527","1635","1","0","0","0","0","0","0","0","0","4","0","","67","6","2020","7","39.946088","-75.176762","1629","6","0","0","0","0","0","2","0","0","","0","0","0","","","0","","1","","39 56:45.916","","0","75 10:36.344","0","0","0","0","67301","0","0","0","N","0","0","0","2","67301","0","","1.0","","9","N","N","N","0","","0","0","1","","2","","","2","0","0","0","0","0","0","2","0","2","","07","","N","","","","","","","","","",""
"2020046523","0026","2","0","0","0","0","0","0","0","0","5","0","","67","6","2020","1","39.929064","-75.167008","0013","6","0","0","0","0","0","0","0","0","","0","0","0","","","0","N","0","","39 55:44.630","","0","75 10:01.230","0","0","0","0","67301","0","0","0","N","0","0","0","1","67301","0","","6.0","","1","N","N","N","0","","0","0","1","","0","","","3","0","0","0","0","0","0","2","0","3","","03","","N","","","","","","","","","",""
"2020034604","1020","1","0","0","0","0","0","0","0","0","1","0","","67","4","2020","5","39.924353","-75.236062","1016","6","0","0","0","0","0","2","0","0","","0","0","0","","","0","Y","0","","39 55:27.671","","0","75 14:09.823","0","0","0","0","67301","0","0","0","N","0","0","0","4","67301","0","","1.0","","1","N","N","N","0","","0","0","1","","0","","","2","0","0","0","0","0","0","2","0","2","","03","","N","","","","","","","","","",""
"2020032665","2315","1","0","0","0","0","0","0","0","0","2","0","","67","4","2020","2","40.051096","-75.065787","2312","6","0","0","0","0","0","0","0","0","","0","0","0","","","1","N","0","","40 03:03.946","3","7","75 03:56.832","3","0","0","0","67301","0","0","0","N","0","0","0","2","67301","0","","1.0","1200.0","1","N","N","N","0","","1","0","1","","2","N","","2","1","0","0","0","0","0","2","0","2","","03","","N","","","","","","","","","",""
"2020048419","2215","0","0","0","0","0","0","0","0","0","8","0","","67","6","2020","6","40.016931","-75.157675","2159","6","0","0","0","0","0","0","0","0","","0","0","0","","","1","N","0","","40 01:00.950","","0","75 09:27.630","3","0","0","0","67301","1","0","0","N","1","0","0","2","67301","0","","1.0","","1","N","N","N","0","","1","0","1","","0","","","2","1","0","0","0","0","1","2","0","1","","","","N","","","","","","","","","",""
"2020069353","1947","0","0","0","0","0","0","0","0","0","1","0","","67","8","2020","5","39.958727","-75.168602","1925","6","0","0","0","0","0","0","0","0","","0","0","0","","","0","N","0","","39 57:31.418","4","1","75 10:06.966","0","0","0","0","67301","0","0","0","N","0","0","0","2","68K01","0","","1.0","1950.0","1","N","N","N","1","","0","0","1","","0","N","","2","0","0","0","0","0","0","2","0","2","","03","","N","","","","","","","","","",""
"2020034343","1558","2","0","0","0","0","0","0","0","0","5","0","","67","4","2020","4","39.9604","-75.24072","1558","6","0","0","0","0","0","0","0","0","","0","0","0","","","1","N","0","","39 57:37.440","3","0","75 14:26.592","3","0","0","0","67301","0","0","0","N","0","0","0","2","67301","0","","1.0","1900.0","1","N","N","N","0","","1","0","0","","0","Y","","3","1","1","0","0","0","1","2","1","3","","03","","N","","","","","","","","","",""
"2020073063","2335","0","0","0","0","0","0","0","0","0","8","0","","67","9","2020","7","39.989183","-75.158925","2328","6","0","0","0","0","0","0","0","0","","0","0","0","","","1","N","0","","39 59:21.060","","0","75 09:32.130","8","0","0","0","67301","1","0","0","N","1","0","0","3","67301","0","","1.0","","1","N","N","N","0","","0","0","1","","0","","","2","1","0","0","0","1","0","2","0","1","","03","","N","","","","","","","","","",""
"2020074255","2329","3","0","0","0","0","0","0","0","0","4","0","","67","9","2020","2","40.033736","-75.030463","2322","6","0","1","0","0","0","0","0","0","","0","0","0","","","1","","1","","40 02:01.451","6","0","75 01:49.668","3","0","0","0","67301","0","0","0","N","0","0","0","2","67301","0","","1.0","20.0","1","N","N","N","0","","1","0","0","","3","N","","3","1","0","0","0","0","1","2","0","3","","","","N","","","","","","","","","",""
"2020072491","2218","0","0","0","0","0","0","0","0","0","1","0","","67","9","2020","6","40.060398","-74.990435","2209","6","0","0","0","0","0","0","1","0","","0","0","0","","","2","","1","","40 03:37.434","","0","74 59:25.565","3","0","0","0","67301","0","0","0","N","0","0","0","3","67301","0","","1.0","","1","N","N","N","0","","2","0","2","","2","","","2","2","0","0","0","0","1","2","0","2","","03","","N","","","","","","","","","",""
"2020035009","1801","0","0","0","1","0","0","0","0","0","4","0","","67","4","2020","4","39.95237","-75.1468","1800","6","0","0","0","0","0","0","0","0","","0","0","0","","","1","","1","","39 57:08.532","","0","75 08:48.479","3","0","0","0","67301","1","0","0","N","0","0","0","2","67301","0","","1.0","","1","N","N","N","1","","1","0","0","","2","","","2","1","1","0","0","0","0","2","0","1","","","","N","","","","","","","","","",""
"2020034345","0906","2","0","0","0","0","0","0","0","0","4","0","","67","4","2020","4","40.005821","-75.097023","0905","6","0","0","0","0","0","1","0","0","","0","0","0","","","2","","1","","40 00:20.957","","0","75 05:49.283","3","0","0","0","67301","0","0","0","N","0","0","0","2","67301","0","","1.0","","1","N","N","Y","0","","2","0","0","","2","","","2","2","2","0","0","0","0","2","0","2","","03","","N","","","","","","","","","",""
"2020034295","1742","3","0","0","0","0","0","0","0","0","4","0","","67","4","2020","6","39.997621","-75.129468","1741","6","0","0","0","0","0","0","0","0","","0","0","0","","","1","","1","","39 59:51.435","","0","75 07:46.084","3","0","0","0","67301","0","0","0","N","0","0","0","3","67301","0","","1.0","","9","N","N","N","0","","1","0","1","","3","","","4","1","1","0","0","0","0","2","0","4","","04","","N","","","","","","","","","",""
"2020046299","1245","0","0","0","0","0","0","0","0","0","4","0","","67","6","2020","1","39.970374","-75.148139","1243","6","0","0","0","0","0","0","0","0","","0","0","0","","","0","","1","","39 58:13.346","","0","75 08:53.302","9","0","0","0","67301","0","0","0","N","0","0","0","2","67301","0","","1.0","","1","N","N","N","0","","0","0","1","","2","","","2","0","0","0","0","0","1","2","0","2","","03","","N","","","","","","","","","",""
"2020046294","0245","2","0","0","0","0","0","0","0","0","5","0","","67","6","2020","1","40.044152","-75.164428","0240","6","0","0","0","0","0","0","0","0","","0","0","0","","","0","N","0","","40 02:38.947","","0","75 09:51.940","0","0","0","0","67301","0","0","0","N","0","0","0","2","67301","0","","6.0","","1","N","N","N","0","","0","0","0","","0","","","3","0","0","0","0","0","0","2","1","3","","03","","N","","","","","","","","","",""
"2020033399","1508","1","0","0","0","0","0","1","0","0","1","1","","67","4","2020","6","40.081163","-75.028471","1503","6","0","0","0","0","0","1","0","0","","0","0","0","","","0","N","0","","40 04:52.185","","0","75 01:42.494","0","0","0","0","67301","0","0","0","N","0","0","0","2","67301","0","","1.0","","1","N","N","N","0","","0","0","0","","0","","","2","0","0","0","0","0","0","2","0","2","","03","","N","","","","","","","","","",""
"2020033544","1300","0","0","0","0","0","0","0","0","0","4","0","","67","4","2020","7","39.927106","-75.142714","1255","6","0","0","0","0","0","0","0","0","","0","0","0","","","0","N","0","","39 55:37.580","6","7","75 08:33.770","0","0","0","0","67301","0","0","0","N","0","0","0","3","67301","0","","1.0","30.0","1","N","N","N","0","","0","0","1","","3","Y","","2","0","0","0","0","0","0","2","1","2","","","","N","","","","","","","","","",""
"2020034308","0008","1","0","0","0","0","0","0","0","0","5","0","","67","4","2020","3","39.957618","-75.230797","0008","6","0","0","0","0","0","0","0","0","","0","0","0","","","1","N","0","","39 57:27.426","4","0","75 13:50.868","4","0","0","0","67301","0","0","0","N","0","0","0","2","67301","1","","1.0","200.0","1","N","N","N","0","","0","0","2","","0","N","","3","1","0","0","0","0","0","2","0","3","","03","","N","","","","","","","","","",""
"2020074579","0830","2","0","0","0","0","0","0","0","0","5","0","","67","8","2020","6","39.973339","-75.201544","0830","6","0","0","0","0","0","0","0","0","","0","0","0","","","0","N","0","","39 58:24.020","","0","75 12:05.560","0","0","0","0","67301","0","0","0","N","0","0","0","0","67301","0","","6.0","","1","N","N","N","0","","0","0","0","","0","","","2","0","0","0","0","0","0","2","0","2","","03","","N","","","","","","","","","",""
"2020046084","1525","1","0","0","0","0","0","0","0","0","1","0","","67","6","2020","5","40.000603","-75.186785","1525","6","0","0","0","0","0","0","0","0","","0","0","0","","","1","","3","","40 00:02.170","","3","75 11:12.425","4","0","0","0","67301","0","0","0","N","0","0","0","3","67301","1","","1.0","","9","N","N","N","0","","0","0","1","","2","","","2","1","0","0","0","0","0","2","0","2","","04","","N","","","","","","","","","",""
"2020055225","2325","0","0","0","0","0","0","0","0","0","8","0","","67","7","2020","3","39.935962","-75.168898","2318","6","0","0","0","0","0","0","0","0","","0","0","0","","","1","","1","","39 56:09.463","","0","75 10:08.032","4","0","0","0","67301","1","0","0","N","1","0","0","2","67301","1","","1.0","","1","N","N","N","0","","0","0","0","","9","","","2","1","0","0","0","0","1","2","0","1","","","","N","","","","","","","","","",""
"2020032896","1356","0","0","0","0","0","0","0","0","0","4","0","","67","4","2020","3","39.957933","-75.162313","1346","6","0","0","0","0","0","0","0","0","","0","0","0","","","0","","1","","39 57:28.559","1","0","75 09:44.326","0","0","0","0","67301","0","0","0","N","0","0","0","2","67301","0","","1.0","1430.0","1","N","N","N","0","","0","0","2","","2","N","","2","0","0","0","0","0","0","2","0","2","","","","N","","","","","","","","","",""
"2020033553","1205","1","0","0","0","0","0","0","0","0","4","0","","67","4","2020","6","40.017108","-75.138466","1148","6","0","0","0","0","0","1","0","0","","0","0","0","","","1","","1","","40 01:01.588","","0","75 08:18.477","3","0","0","0","67301","0","0","0","N","0","0","0","3","67301","0","","1.0","","1","N","N","N","0","","1","0","1","","3","","","2","1","0","0","0","0","0","2","0","2","","03","","N","","","","","","","","","",""
"2020048712","0744","1","0","0","0","0","0","0","0","0","5","0","","67","6","2020","7","40.018778","-75.211119","0740","6","0","0","0","0","0","1","0","0","","0","0","0","","","0","N","0","","40 01:07.601","","0","75 12:40.028","0","0","0","0","67301","0","0","0","N","0","0","0","1","67301","0","","6.0","","1","N","N","Y","1","","0","0","1","","0","","","3","0","0","0","0","0","0","2","0","3","","03","","N","","","","","","","","","",""
"2020034016","2103","0","0","0","0","0","0","0","0","0","4","0","","67","4","2020","2","39.997642","-75.146786","2100","6","0","0","0","0","0","0","0","0","9","0","0","0","","","1","","5","","39 59:51.511","","0","75 08:48.429","3","0","0","0","67301","0","0","0","N","0","0","0","3","67301","0","","1.0","","1","N","N","N","0","","1","0","1","","3","","","2","1","1","0","0","0","0","2","1","2","","","","N","","","","","","","","","",""
"2020074450","1600","1","0","0","0","0","0","0","0","0","4","0","","67","9","2020","1","40.020142","-75.149028","1600","6","0","0","0","0","0","0","0","0","","0","0","0","","","1","N","0","","40 01:12.510","","0","75 08:56.500","3","0","0","0","67301","0","0","0","N","0","0","0","2","67301","0","","1.0","","1","N","N","N","0","","1","0","1","","2","U","","2","1","0","0","0","0","1","2","0","2","","03","","N","","","","","","","","","",""
"2020031512","1709","0","0","0","0","0","0","0","0","0","7","0","","67","3","2020","1","39.935314","-75.199782","1709","6","0","0","0","0","0","0","0","0","","0","0","0","","","0","N","0","","39 56:07.130","4","0","75 11:59.215","0","0","0","0","67301","0","0","0","N","0","0","0","1","68K01","0","","4.0","1712.0","1","N","N","N","0","","0","0","1","","0","N","","1","0","1","0","0","0","0","2","0","1","","05","","N","","","","","","","","","",""
"2020033291","2106","1","0","0","0","0","0","0","0","0","5","0","","67","4","2020","5","39.972902","-75.171435","2055","6","0","0","0","0","0","0","0","0","","0","0","0","","","0","N","0","","39 58:22.448","","0","75 10:17.166","0","0","0","0","67301","0","0","0","N","0","0","0","1","67301","0","","6.0","","1","N","N","N","0","","0","0","1","","0","","","2","0","0","0","0","0","0","2","0","2","","03","","N","","","","","","","","","",""
"2020033867","2116","1","0","0","0","0","0","0","0","0","5","0","","67","4","2020","2","39.955071","-75.204069","2116","6","0","0","0","0","0","0","1","0","","0","0","0","","","0","N","0","","39 57:18.257","","0","75 12:14.650","0","0","0","0","67301","0","0","0","N","0","0","0","1","67504","0","","6.0","","1","N","N","N","1","","0","0","1","","0","","","3","0","0","0","0","0","0","2","0","3","","03","","N","","","","","","","","","",""
"2020033592","0253","3","0","0","0","0","0","0","0","0","1","0","","67","4","2020","1","39.993032","-75.15466","0252","6","0","0","0","0","0","0","0","0","","0","0","0","","","0","N","0","","39 59:34.915","","0","75 09:16.777","9","0","0","0","67301","0","0","0","N","0","0","0","1","67301","0","","6.0","","1","N","N","N","0","","0","0","1","","0","","","4","0","0","0","0","0","1","2","0","4","","","","N","","","","","","","","","",""
"2020029906","1630","2","0","0","0","0","0","0","0","0","4","0","","67","3","2020","6","39.926271","-75.164973","1622","6","0","0","0","0","0","1","0","0","","0","0","0","","","1","","1","","39 55:34.575","","0","75 09:53.902","3","0","0","1","67301","0","0","0","N","0","0","0","2","67301","0","","1.0","","1","N","N","N","0","","1","0","0","","0","","","3","1","0","0","0","0","0","2","0","3","","03","","N","","","","","","","","","",""
"2020033590","0735","4","0","0","0","0","0","0","0","0","4","0","","67","4","2020","7","39.959725","-75.235189","0647","6","0","0","0","0","0","0","0","0","","0","0","0","","","1","","1","","39 57:35.009","","0","75 14:06.680","3","0","0","0","67301","0","0","0","N","0","0","0","2","67301","0","","1.0","","9","N","N","N","0","","1","0","0","","2","","","4","1","0","0","0","0","0","2","0","4","","04","","N","","","","","","","","","",""
"2020034128","1908","1","0","0","0","0","0","0","0","0","4","0","","67","4","2020","2","40.000149","-75.15324","1908","6","0","0","0","0","0","0","0","0","","0","0","0","","","2","N","0","","40 00:00.537","4","0","75 09:11.664","2","0","0","0","67301","0","0","0","N","0","0","0","2","67301","0","","1.0","1953.0","1","N","N","N","0","","1","1","0","","2","N","","2","2","2","0","1","0","0","2","1","2","","","","N","","","","","","","","","",""
"2020068084","1402","0","0","0","0","0","0","0","0","0","0","0","","67","8","2020","6","39.889813","-75.24036","1356","6","0","0","0","0","1","0","0","0","","0","0","0","","","1","N","0","","39 53:23.328","","0","75 14:25.297","8","0","0","0","67301","0","0","0","N","0","0","0","1","68K01","0","","4.0","","1","N","N","N","0","","0","0","1","","0","","","1","1","1","0","0","1","0","2","0","1","","","","N","","","","","","","","","",""
"2020034099","1444","0","0","0","0","0","0","0","0","0","7","0","","67","4","2020","1","40.033527","-75.020386","1420","6","0","0","0","0","0","0","0","0","","0","0","0","","","1","N","0","","40 02:00.696","2","0","75 01:13.391","8","0","0","0","67301","0","0","0","N","0","0","0","2","68K01","0","","4.0","100.0","1","N","N","N","1","","0","0","0","","0","N","","1","1","2","0","0","1","0","2","0","1","","","","N","","","","","","","","","",""
"2020038921","0617","0","0","0","0","0","0","0","0","0","7","0","","67","4","2020","2","39.886169","-75.242879","0609","6","0","0","0","0","0","0","0","0","","0","0","0","","","0","N","0","","39 53:10.209","1","0","75 14:34.366","0","0","0","0","67301","0","0","0","Y","0","0","0","1","68K01","0","","2.0","615.0","9","N","N","N","0","","0","0","1","","0","N","","1","0","0","0","0","0","0","2","0","1","","","","N","","","","","","","","","",""
"2020033180","2031","1","0","0","0","0","0","0","0","0","4","0","","67","4","2020","4","40.033408","-75.09061","2031","6","0","0","0","0","1","0","0","0","","0","0","0","","","0","","1","","40 02:00.267","2","0","75 05:26.196","0","0","0","0","67301","0","0","0","N","0","0","0","2","67301","0","","1.0","100.0","1","N","N","N","0","","0","0","1","","2","N","","2","0","0","0","0","0","0","2","0","2","","03","","N","","","","","","","","","",""
"2020035400","1503","1","0","0","0","0","0","0","0","0","7","0","","67","4","2020","3","39.973024","-75.121139","1454","6","0","0","0","0","0","0","0","0","","0","0","0","","","0","N","0","","39 58:22.888","","0","75 07:16.100","0","0","0","0","67301","0","0","0","N","0","0","0","1","68K01","0","","3.0","","9","N","N","N","0","","0","0","0","","0","","","1","0","0","0","0","0","0","2","0","1","","04","","N","","","","","","","","","",""
"2020037631","0640","1","0","0","0","0","0","0","0","0","7","0","","67","4","2020","5","40.040535","-75.005359","0638","6","0","0","0","0","0","0","0","0","","0","0","0","","","0","N","0","","40 02:25.927","1","0","75 00:19.292","0","0","0","0","67301","0","0","0","N","0","0","0","1","68K01","0","","2.0","645.0","1","N","N","N","0","","0","0","0","","0","N","","1","0","0","0","0","0","0","2","0","1","","03","","N","","","","","","","","","",""
"2020070944","1716","0","0","0","0","0","0","0","0","0","8","0","","67","8","2020","7","39.994795","-75.15932","1705","6","0","0","0","0","0","0","0","0","","0","0","0","","","1","","1","","39 59:41.261","","0","75 09:33.552","8","0","0","0","67301","2","0","0","N","2","0","0","3","67301","0","","1.0","","1","N","N","N","0","","0","0","0","","2","","","3","1","0","0","0","1","1","2","0","1","","","","N","","","","","","","","","",""
"2020074091","1331","1","0","0","0","0","0","0","0","0","4","0","","67","9","2020","5","40.085884","-75.036891","1328","6","0","0","0","0","0","0","0","0","","0","0","0","","","0","N","0","","40 05:09.184","","7","75 02:12.809","0","0","0","0","67301","0","0","0","N","0","0","0","2","67301","0","","1.0","","1","N","N","N","0","","0","0","1","","0","","","2","0","0","0","0","0","0","2","0","2","","04","","N","","","","","","","","","",""
"2020033119","1805","0","0","0","0","0","0","0","0","0","4","0","","67","4","2020","4","40.052316","-75.007986","1757","6","0","0","0","0","0","1","0","0","","0","0","0","","","1","","1","","40 03:08.339","","0","75 00:28.750","3","0","0","0","67301","0","0","0","N","0","0","0","2","67301","0","","1.0","","1","N","N","N","1","","1","0","1","","2","","","2","1","0","0","0","0","0","2","0","2","","03","","N","","","","","","","","","",""
"2020033365","0034","2","0","0","0","0","0","0","0","0","4","0","","67","4","2020","7","40.027704","-75.098746","0030","6","0","0","0","0","0","0","0","0","","0","0","0","","","0","","1","","40 01:39.734","2","0","75 05:55.484","9","0","0","0","67301","0","0","0","N","0","0","0","2","67301","0","","1.0","20.0","8","N","N","N","0","","0","0","0","","2","N","","2","0","0","0","0","0","1","2","0","2","","","","N","","","","","","","","","",""
"2020033701","1850","2","0","0","0","0","0","0","0","0","1","0","","67","4","2020","1","39.897788","-75.211686","1846","6","0","0","0","0","0","0","0","0","","0","0","0","","","1","N","0","","39 53:52.038","7","3","75 12:42.068","3","0","0","0","67301","0","0","0","N","0","0","0","2","67301","0","","1.0","1915.0","1","N","N","N","0","","1","0","0","","0","Y","","2","1","0","0","0","0","0","2","0","2","","","","N","","","","","","","","","",""
"2020048218","1059","3","0","0","0","0","0","0","0","0","4","0","","67","6","2020","7","40.012222","-75.082528","1050","6","0","0","0","0","0","0","0","0","","0","0","0","","","1","","2","","40 00:44.000","","0","75 04:57.100","3","0","0","0","67301","0","0","0","N","0","0","0","3","67301","0","","1.0","","1","N","N","N","0","","1","0","1","","3","","","4","1","0","0","0","0","0","2","0","4","","","","N","","","","","","","","","",""
"2020072492","0223","0","0","0","0","0","0","0","0","0","7","0","","67","9","2020","3","39.892011","-75.224421","0238","6","0","0","0","0","0","0","1","0","","0","1","0","","","1","N","0","","39 53:31.239","","1","75 13:27.915","3","0","0","0","67301","0","0","0","N","0","0","0","1","67301","0","","4.0","","1","N","N","N","0","","1","0","0","","0","","","1","1","0","0","0","0","0","2","0","1","","03","","N","","","","","","","","","",""
"2020033293","1055","2","0","0","0","0","0","0","0","0","1","0","","67","4","2020","6","39.999176","-75.099746","1037","6","0","0","0","0","0","1","0","0","","0","0","0","","","0","Y","0","","39 59:57.034","","0","75 05:59.086","0","0","0","0","67301","0","0","0","N","0","0","0","1","67301","0","","6.0","","1","N","N","N","0","","0","0","0","","0","","","2","0","1","0","0","0","0","2","0","2","","03","","N","","","","","","","","","",""
"2020033440","0855","1","0","0","0","0","0","0","0","0","7","0","","67","4","2020","7","40.117119","-75.006472","0832","6","0","0","0","0","0","0","0","0","","0","0","0","","","0","N","0","","40 07:01.630","","7","75 00:23.300","9","0","0","0","67301","0","0","0","N","0","0","0","1","67301","0","","4.0","","9","N","N","N","0","","0","0","0","","0","","","1","0","0","0","0","0","1","2","0","1","","","","N","","","","","","","","","",""
"2020032842","2240","1","0","0","0","0","0","0","0","0","4","0","","67","4","2020","2","39.973478","-75.209839","2231","6","0","0","0","0","0","1","0","0","","0","0","0","","","3","","2","","39 58:24.522","6","0","75 12:35.421","3","0","0","0","67301","0","0","0","N","0","0","0","5","67301","0","","1.0","120.0","1","N","N","Y","0","","3","0","2","","2","Y","","4","3","1","0","0","0","1","2","1","4","","03","","N","","","","","","","","","",""
"2020034162","1345","0","0","0","0","0","0","0","0","0","4","0","","67","4","2020","3","39.97552","-75.166764","1340","6","0","0","0","0","0","0","0","0","","0","0","0","","","0","","1","","39 58:31.871","","0","75 10:00.351","0","0","0","0","67301","0","0","0","N","0","0","0","2","67301","0","","1.0","","1","N","N","N","0","","0","0","1","","2","","","2","0","0","0","0","0","0","2","0","2","","03","","N","","","","","","","","","",""
"2020038184","1842","1","0","0","0","0","0","0","0","0","7","0","","67","4","2020","1","39.976598","-75.196076","1837","6","0","0","0","0","0","0","0","0","","0","0","0","","","0","N","0","","39 58:35.752","4","0","75 11:45.874","0","0","0","0","67301","0","0","0","N","0","0","0","2","68K01","0","","2.0","1910.0","1","N","N","N","0","","0","0","0","","0","N","","1","0","2","0","0","0","0","2","0","1","","03","","N","","","","","","","","","",""
"2020044518","1855","3","0","0","0","0","0","0","0","0","4","0","","67","6","2020","6","40.032197","-75.036907","1849","6","0","0","0","0","0","0","0","1","","0","0","0","","","1","","1","","40 01:55.909","","0","75 02:12.865","4","0","0","0","67301","0","0","0","N","0","0","0","3","67301","1","","1.0","","9","N","N","N","0","","0","0","1","","2","","","4","1","0","0","0","0","0","2","0","4","","07","","N","","","","","","","","","",""
"2020032625","1743","2","0","0","0","0","0","0","0","0","5","0","","67","4","2020","2","40.029801","-75.127828","1741","6","0","0","0","0","0","0","0","0","","0","0","0","","","0","","2","","40 01:47.283","","0","75 07:40.180","9","0","0","0","67301","0","0","0","N","0","0","0","1","67301","0","","2.0","","9","N","N","N","0","","0","0","0","","0","","","2","0","0","0","0","0","1","2","0","2","","04","","N","","","","","","","","","",""
"2020029763","1755","2","0","0","0","0","0","0","0","0","1","0","","67","3","2020","6","40.000911","-75.123075","1725","6","0","0","0","0","0","1","0","0","","0","0","0","","","2","N","0","","40 00:03.280","3","0","75 07:23.070","3","0","0","0","67301","0","0","0","N","0","0","0","4","67301","1","","1.0","1815.0","1","N","N","Y","1","","1","0","0","","0","Y","","3","2","0","0","0","0","1","2","0","3","","03","","N","","","","","","","","","",""