"CRN","ARRIVAL_TM","AUTOMOBILE_COUNT","BELTED_DEATH_COUNT","BELTED_SUSP_SERIOUS_INJ_COUNT","BICYCLE_COUNT","BICYCLE_DEATH_COUNT","BICYCLE_SUSP_SERIOUS_INJ_COUNT","BUS_COUNT","CHLDPAS_DEATH_COUNT","CHLDPAS_SUSP_SERIOUS_INJ_COUNT","COLLISION_TYPE","COMM_VEH_COUNT","CONS_ZONE_SPD_LIM","COUNTY","CRASH_MONTH","CRASH_YEAR","DAY_OF_WEEK","DEC_LATITUDE","DEC_LONGITUDE","DISPATCH_TM","DISTRICT","DRIVER_COUNT_16YR","DRIVER_COUNT_17YR","DRIVER_COUNT_18YR","DRIVER_COUNT_19YR","DRIVER_COUNT_20YR","DRIVER_COUNT_50_64YR","DRIVER_COUNT_65_74YR","DRIVER_COUNT_75PLUS","EST_HRS_CLOSED","FATAL_COUNT","HEAVY_TRUCK_COUNT","HORSE_BUGGY_COUNT","HOUR_OF_DAY","ILLUMINATION","INJURY_COUNT","INTERSECTION_RELATED","INTERSECT_TYPE","LANE_CLOSED","LATITUDE","LN_CLOSE_DIR","LOCATION_TYPE","LONGITUDE","MAX_SEVERITY_LEVEL","MCYCLE_DEATH_COUNT","MCYCLE_SUSP_SERIOUS_INJ_COUNT","MOTORCYCLE_COUNT","MUNICIPALITY","NONMOTR_COUNT","NONMOTR_DEATH_COUNT","NONMOTR_SUSP_SERIOUS_INJ_COUNT","NTFY_HIWY_MAINT","PED_COUNT","PED_DEATH_COUNT","PED_SUSP_SERIOUS_INJ_COUNT","PERSON_COUNT","POLICE_AGCY","POSSIBLE_INJ_COUNT","RDWY_SURF_TYPE_CD","RELATION_TO_ROAD","ROADWAY_CLEARED","ROAD_CONDITION","SCH_BUS_IND","SCH_ZONE_IND","SECONDARY_CRASH","SMALL_TRUCK_COUNT","SPEC_JURIS_CD","SUSP_MINOR_INJ_COUNT","SUSP_SERIOUS_INJ_COUNT","SUV_COUNT","TCD_FUNC_CD","TCD_TYPE","TFC_DETOUR_IND","TIME_OF_DAY","TOTAL_UNITS","TOT_INJ_COUNT","UNBELTED_OCC_COUNT","UNB_DEATH_COUNT","UNB_SUSP_SERIOUS_INJ_COUNT","UNK_INJ_DEG_COUNT","UNK_INJ_PER_COUNT","URBAN_RURAL","VAN_COUNT","VEHICLE_COUNT","WEATHER1","WEATHER2","WORKERS_PRES","WORK_ZONE_IND","WORK_ZONE_LOC","WORK_ZONE_TYPE","WZ_CLOSE_DETOUR","WZ_FLAGGER","WZ_LAW_OFFCR_IND","WZ_LN_CLOSURE","WZ_MOVING","WZ_OTHER","WZ_SHLDER_MDN","WZ_WORKERS_INJ_KILLED"
"2020028823","1757","1","0","0","0","0","0","0","0","0","4","0","","67","3","2020","2","40.05061","-75.177451","1747","6","0","0","0","0","0","0","0","0","","0","0","0","","","1","","1","","40 03:02.195","","0","75 10:38.823","3","0","0","0","67301","0","0","0","N","0","0","0","3","67301","0","","1.0","","9","N","N","N","0","","1","0","0","","2","","","2","1","0","0","0","0","0","2","0","2","","07","","N","","","","","","","","","",""
"2020069612","1945","0","0","0","0","0","0","0","0","0","0","0","","67","8","2020","5","40.108889","-75.025817","1943","6","0","0","0","0","0","0","0","0","","1","0","0","","","0","N","0","","40 06:32.001","5","7","75 01:32.941","1","1","0","1","67301","0","0","0","N","0","0","0","1","67301","0","2","1.0","2130.0","1","N","N","N","0","0","0","0","0","","0","Y","","2","0","0","0","0","0","0","2","0","1","","03","","N","","","","","","","","","",""
"2020069741","2322","2","0","0","0","0","0","0","0","0","4","0","","67","8","2020","4","39.990225","-75.220067","2319","6","0","0","0","0","0","1","0","0","","0","0","0","","","2","","1","","39 59:24.809","","0","75 13:12.240","8","0","0","0","67301","0","0","0","N","0","0","0","3","67301","0","","1.0","","1","N","N","N","0","","0","0","0","","2","","","2","2","0","0","0","2","0","2","0","2","","03","","N","","","","","","","","","",""
"2020029343","0112","2","0","0","0","0","0","0","0","0","1","0","","67","3","2020","1","39.959399","-75.17402","0109","6","0","0","0","0","0","0","0","0","","0","0","0","","","1","N","0","","39 57:33.838","","0","75 10:26.471","3","0","0","0","67301","0","0","0","N","0","0","0","4","68K01","0","","1.0","","1","N","N","N","0","","1","0","0","","0","","","2","1","0","0","0","0","0","2","0","2","","03","","N","","","","","","","","","",""
"2020069608","1440","2","0","0","0","0","0","0","0","0","2","0","","67","8","2020","4","39.924208","-75.190575","1436","6","0","1","0","0","0","0","0","0","","0","0","0","","","0","N","0","","39 55:27.150","5","0","75 11:26.070","0","0","0","0","67301","0","0","0","N","0","0","0","2","67301","0","","1.0","1630.0","1","N","N","N","0","","0","0","1","","0","Y","","3","0","0","0","0","0","0","2","0","3","","","","N","","","","","","","","","",""
"2020030937","1458","1","0","0","0","0","0","0","0","0","7","0","","67","3","2020","1","40.033767","-75.020178","1440","6","0","0","0","0","0","0","0","0","","0","0","0","","","1","N","0","","40 02:01.560","2","0","75 01:12.641","4","0","0","0","67301","0","0","0","N","0","0","0","1","68K01","1","","4.0","1546.0","1","N","N","N","0","","0","0","0","","0","Y","","1","1","0","0","0","0","0","2","0","1","","","","N","","","","","","","","","",""
"2020032960","0617","1","0","0","0","0","0","0","0","0","8","0","","67","3","2020","5","39.996794","-75.103369","0606","6","0","0","0","0","0","0","0","0","","0","0","0","","","1","","1","","39 59:48.460","","0","75 06:12.128","8","0","0","0","67301","1","0","0","N","1","0","0","2","67301","0","","1.0","","1","N","N","N","0","","0","0","0","","2","","","2","1","0","0","0","1","0","2","0","1","","03","","N","","","","","","","","","",""
"2020027527","1405","2","0","0","0","0","0","0","0","0","4","0","","67","3","2020","3","39.964536","-75.147632","1405","6","0","0","0","0","0","0","0","0","","0","0","0","","","0","","1","","39 57:52.329","3","0","75 08:51.475","0","0","0","0","67301","0","0","0","N","0","0","0","5","67301","0","","1.0","1530.0","1","N","N","N","0","","0","0","1","","3","Y","","3","0","4","0","0","0","0","2","0","3","","","","N","","","","","","","","","",""
"2020034037","0453","1","0","0","0","0","0","0","0","0","7","0","","67","3","2020","1","40.007549","-75.201223","0446","6","0","0","0","0","0","0","0","0","","0","0","0","","","1","N","0","","40 00:27.175","3","0","75 12:04.404","4","0","0","0","67301","0","0","0","N","0","0","0","1","68K01","1","","4.0","520.0","9","N","N","N","0","","0","0","0","","0","N","","1","1","0","0","0","0","0","2","0","1","","03","","N","","","","","","","","","",""
"2020069851","1108","1","0","0","0","0","0","0","0","0","1","0","","67","8","2020","1","39.969625","-75.192465","1108","6","0","0","0","0","1","1","0","0","","0","0","0","","","0","N","0","","39 58:10.651","","0","75 11:32.873","0","0","0","0","67301","0","0","0","N","0","0","0","3","68K01","0","","1.0","","1","N","N","N","0","","0","0","1","","0","","","2","0","0","0","0","0","0","2","0","2","","03","","N","","","","","","","","","",""
"2020029664","0524","0","0","0","0","0","0","0","0","0","7","0","","67","3","2020","5","40.040857","-75.004957","0506","6","0","0","0","0","0","0","0","0","","0","0","0","","","0","N","0","","40 02:27.084","","0","75 00:17.845","0","0","0","0","67301","0","0","0","N","0","0","0","1","68K01","0","","3.0","","9","N","N","N","0","","0","0","1","","0","","","1","0","0","0","0","0","0","2","0","1","","","","N","","","","","","","","","",""
"2020028403","0536","3","0","0","0","0","0","0","0","0","5","0","","67","3","2020","6","39.984369","-75.231356","0529","6","0","0","0","0","0","0","0","0","","0","0","0","","","0","N","0","","39 59:03.730","","0","75 13:52.880","0","0","0","0","67301","0","0","0","N","0","0","0","1","67301","0","","6.0","","9","N","N","N","0","","0","0","2","","0","","","5","0","0","0","0","0","0","2","0","5","","07","","N","","","","","","","","","",""
"2020068093","0708","1","0","0","0","0","0","0","0","0","5","0","","67","8","2020","1","39.968565","-75.128951","0654","6","0","0","0","0","0","0","0","0","","0","0","0","","","2","N","0","","39 58:06.834","2","0","75 07:44.224","8","0","0","0","67301","0","0","0","N","0","0","0","2","68K01","0","","1.0","745.0","9","N","N","N","0","","0","0","0","","0","N","","2","2","0","0","0","2","0","2","0","2","","","","N","","","","","","","","","",""
"2020026957","1530","1","0","0","0","0","0","0","0","0","8","0","","67","3","2020","2","39.923","-75.188598","1526","6","0","0","0","0","0","0","0","0","","0","0","0","","","1","","1","","39 55:22.800","","0","75 11:18.952","3","0","0","0","67301","1","0","0","N","1","0","0","2","67301","0","","1.0","","1","N","N","N","0","","1","0","0","","0","","","2","1","0","0","0","0","0","2","0","1","","03","","N","","","","","","","","","",""
"2020032315","1620","0","0","0","0","0","0","0","0","0","0","0","","67","3","2020","4","39.940832","-75.143506","1614","6","0","0","0","0","0","0","0","0","","0","0","0","","","1","N","7","","39 56:26.994","","2","75 08:36.622","8","0","0","0","67301","0","0","0","N","0","0","0","1","68K01","0","","4.0","","1","N","N","N","1","","0","0","0","","0","","","1","1","1","0","0","1","0","2","0","1","","03","","N","","","","","","","","","",""
"2020030515","1810","3","0","0","0","0","0","0","0","0","4","0","","67","3","2020","1","39.995994","-75.13388","1810","6","0","0","0","0","0","1","0","0","","0","0","0","","","3","","1","","39 59:45.578","","0","75 08:01.967","3","0","0","0","67301","0","0","0","N","0","0","0","4","67301","0","","1.0","","1","N","N","N","0","","3","0","0","","2","","","3","3","0","0","0","0","0","2","0","3","","04","","N","","","","","","","","","",""
"2020031953","0815","2","0","0","0","0","0","0","0","0","6","0","","67","3","2020","7","39.985628","-75.21316","0803","6","0","0","0","0","0","0","0","0","","0","0","0","","","1","N","1","","39 59:08.260","","0","75 12:47.375","3","0","0","0","67301","0","0","0","N","0","0","0","2","67301","0","","1.0","","9","N","N","N","0","","1","0","0","","0","","","2","1","0","0","0","0","0","2","0","2","","07","","N","","","","","","","","","",""
"2020030500","1850","3","0","0","0","0","0","0","0","0","4","0","","67","3","2020","1","40.017878","-75.080686","1842","6","0","0","0","0","0","0","1","0","","0","0","0","","","2","","1","","40 01:04.360","","0","75 04:50.469","3","0","0","0","67301","0","0","0","N","0","0","0","3","67301","0","","1.0","","1","N","N","Y","0","","2","0","0","","0","","","3","2","0","0","0","0","0","2","0","3","","","","N","","","","","","","","","",""
"2020068092","0639","0","0","0","0","0","0","0","0","0","5","1","","67","8","2020","1","40.042013","-75.003793","0639","6","0","0","0","0","0","0","0","0","","0","0","0","","","0","N","0","","40 02:31.246","1","0","75 00:13.655","9","0","0","0","67301","0","0","0","N","0","0","0","2","68K01","0","","1.0","700.0","9","N","N","Y","0","","0","0","0","","0","N","","2","0","0","0","0","0","1","2","1","2","","","","N","","","","","","","","","",""
"2020027326","1731","1","0","0","0","0","0","0","0","0","4","0","","67","3","2020","3","40.059605","-75.187809","1731","6","0","0","0","0","0","0","0","1","","0","0","0","","","2","","1","","40 03:34.577","","0","75 11:16.111","3","0","0","0","67301","0","0","0","N","0","0","0","3","67301","0","","1.0","","1","N","N","N","0","","2","0","1","","3","","","2","2","0","0","0","0","0","2","0","2","","03","","N","","","","","","","","","",""
"2020068361","1605","1","0","0","0","0","0","0","0","0","1","1","","67","8","2020","7","39.894612","-75.236717","1600","6","0","0","0","0","0","0","0","0","","0","1","0","","","0","","1","","39 53:40.603","","0","75 14:12.181","0","0","0","0","67301","0","0","0","N","0","0","0","8","67301","0","","1.0","","1","N","N","N","0","","0","0","1","","2","","","3","0","0","0","0","0","0","2","0","3","","03","","N","","","","","","","","","",""
"2020028400","1955","1","0","0","0","0","0","0","0","0","4","0","","67","3","2020","3","39.925519","-75.241733","1950","6","0","0","0","1","0","1","0","0","","0","0","0","","","2","","1","","39 55:31.869","2","0","75 14:30.237","4","0","0","0","67301","0","0","0","N","0","0","0","2","67301","2","","1.0","2011.0","1","N","N","N","0","","0","0","1","","3","N","","2","2","0","0","0","0","0","2","0","2","","03","","N","","","","","","","","","",""
"2020029908","2040","0","0","0","0","0","0","0","0","0","7","0","","67","3","2020","2","40.011496","-75.131811","2035","6","0","0","0","0","0","0","0","0","","0","0","0","","","0","","2","","40 00:41.387","","0","75 07:54.518","0","0","0","0","67301","0","0","0","N","0","0","0","4","67301","0","","5.0","","9","N","N","N","0","","0","0","1","","3","","","1","0","0","0","0","0","0","2","0","1","","","","N","","","","","","","","","",""
"2020069948","1710","2","0","0","0","0","0","0","0","0","4","0","","67","8","2020","2","39.918903","-75.246863","1705","6","0","0","1","0","0","0","0","0","","0","0","0","","","1","","3","","39 55:08.049","2","0","75 14:48.706","4","0","0","0","67301","0","0","0","N","0","0","0","2","67301","1","","1.0","1820.0","1","N","N","N","0","","0","0","0","","0","N","","2","1","0","0","0","0","1","2","0","2","","","","N","","","","","","","","","",""
"2020029445","0543","1","0","0","0","0","0","0","0","0","7","0","","67","3","2020","5","39.956586","-75.152414","0537","6","0","0","0","0","0","0","0","0","","0","0","0","","","0","","1","","39 57:23.709","7","0","75 09:08.690","9","0","0","0","67301","0","0","0","N","0","0","0","3","67301","0","","4.0","755.0","1","N","N","N","0","","0","0","0","","2","Y","","1","0","0","0","0","0","3","2","0","1","","03","","N","","","","","","","","","",""
"2020030602","1418","1","0","0","0","0","0","0","0","0","8","0","","67","3","2020","7","40.030853","-75.156533","1418","6","0","0","0","0","0","0","0","0","","0","0","0","","","1","N","0","","40 01:51.070","","0","75 09:23.520","3","0","0","0","67301","2","0","0","N","2","0","0","3","67301","0","","1.0","","1","N","N","N","0","","1","0","0","","9","","","3","1","1","0","0","0","0","2","0","1","","03","","N","","","","","","","","","",""
"2020030134","0700","0","0","0","0","0","0","0","0","0","7","0","","67","3","2020","3","39.948583","-75.142024","0652","6","0","0","0","0","0","0","0","0","","0","0","0","","","1","N","0","","39 56:54.897","2","0","75 08:31.286","4","0","0","0","67301","0","0","0","N","0","0","0","1","68K01","1","","4.0","730.0","9","N","N","N","0","","0","0","1","","0","N","","1","1","0","0","0","0","0","2","0","1","","07","","N","","","","","","","","","",""
"2020027937","1614","0","0","0","0","0","0","0","0","0","4","0","","67","3","2020","5","39.956239","-75.248096","1610","6","0","0","0","0","0","1","0","0","","0","0","0","","","0","","2","","39 57:22.461","1","0","75 14:53.147","9","0","0","0","67301","0","0","0","N","0","0","0","2","67301","0","","1.0","1620.0","1","N","N","N","0","","0","0","2","","0","N","","2","0","0","0","0","0","2","2","0","2","","","","N","","","","","","","","","",""
"2020029253","1747","1","0","0","0","0","0","0","0","0","4","0","","67","3","2020","7","40.034409","-75.082208","1747","6","0","0","0","0","0","0","1","0","","0","0","0","","","1","","1","","40 02:03.872","2","0","75 04:55.948","4","0","0","0","67301","0","0","0","N","0","0","0","2","67301","1","","1.0","1817.0","1","N","N","N","0","","0","0","1","","2","N","","2","1","1","0","0","0","0","2","0","2","","03","","N","","","","","","","","","",""
"2020028222","1640","2","0","0","0","0","0","0","0","0","4","0","","67","3","2020","6","40.00868","-75.068855","1633","6","0","0","0","0","0","0","0","0","","0","0","0","","","1","","1","","40 00:31.249","","0","75 04:07.877","3","0","0","0","67301","0","0","0","N","0","0","0","2","67301","0","","1.0","","1","N","N","N","0","","1","0","0","","2","","","2","1","0","0","0","0","0","2","0","2","","03","","N","","","","","","","","","",""
"2020068068","2144","1","0","0","0","0","0","0","0","0","1","0","","67","7","2020","1","39.968213","-75.129141","2138","6","0","0","0","0","0","0","0","0","","0","0","0","","","0","N","0","","39 58:05.565","","0","75 07:44.909","9","0","0","0","67301","0","0","0","N","0","0","0","2","68K01","0","","1.0","","1","N","N","N","0","","0","0","1","","0","","","2","0","0","0","0","0","1","2","0","2","","03","","N","","","","","","","","","",""
"2020028670","2100","2","0","0","0","0","0","0","0","0","4","0","","67","3","2020","1","40.028984","-75.10606","2054","6","0","0","0","0","0","0","0","0","","0","0","0","","","1","","1","","40 01:44.341","","0","75 06:21.815","3","0","0","0","67301","0","0","0","N","0","0","0","4","67301","0","","1.0","","1","N","N","N","0","","1","0","0","","2","","","2","1","0","0","0","0","2","2","0","2","","","","N","","","","","","","","","",""
"2020029928","0000","1","0","0","0","0","0","0","0","0","4","0","","67","3","2020","5","40.03054","-75.118198","2357","6","0","0","0","0","1","1","0","0","","0","0","0","","","0","","1","","40 01:49.943","5","0","75 07:05.511","0","0","0","0","67301","0","0","0","N","0","0","0","2","67301","0","","1.0","100.0","1","N","N","N","0","","0","0","1","","1","Y","","2","0","0","0","0","0","0","2","0","2","","","","N","","","","","","","","","",""
"2020028221","1727","2","0","0","0","0","0","0","0","0","5","0","","67","3","2020","6","39.918489","-75.177544","1724","6","0","0","0","0","0","0","0","1","","0","0","0","","","1","N","0","","39 55:06.560","1","0","75 10:39.160","3","0","0","0","67301","0","0","0","N","0","0","0","1","67301","0","","6.0","30.0","1","N","N","N","0","","1","0","1","","0","Y","","3","1","0","0","0","0","0","2","0","3","","","","N","","","","","","","","","",""
"2020031073","1740","0","0","0","0","0","0","0","0","0","7","0","","67","3","2020","2","39.986491","-75.091957","1740","6","0","0","0","0","0","0","0","0","","0","0","0","","","0","N","0","","39 59:11.368","2","0","75 05:31.046","0","0","0","0","67301","0","0","0","N","0","0","0","1","68K01","0","","3.0","625.0","9","N","N","N","0","","0","0","1","","0","N","","1","0","0","0","0","0","0","2","0","1","","03","","N","","","","","","","","","",""
"2020068098","1340","0","0","0","0","0","0","0","0","0","7","0","","67","8","2020","2","39.971635","-75.193304","1334","6","0","0","0","0","0","1","0","0","","0","0","0","","","1","N","7","","39 58:17.885","4","2","75 11:35.895","8","0","0","0","67301","0","0","0","N","0","0","0","1","68K01","0","","4.0","1440.0","1","N","N","N","1","","0","0","0","","0","Y","","1","1","1","0","0","1","0","2","0","1","","03","","N","","","","","","","","","",""
"2020029674","1423","0","0","0","0","0","0","0","0","0","7","0","","67","3","2020","4","39.959931","-75.179243","1417","6","0","0","0","0","0","0","0","0","","0","0","0","","","1","N","0","","39 57:35.752","3","0","75 10:45.275","3","0","0","0","67301","0","0","0","N","0","0","0","1","68K01","0","","2.0","30.0","9","N","N","N","0","","1","0","1","","0","N","","1","1","0","0","0","0","0","2","0","1","","","","N","","","","","","","","","",""
"2020030047","1027","1","0","0","0","0","0","0","0","0","7","0","","67","3","2020","7","39.946359","-75.189238","1007","6","0","0","0","0","0","0","0","0","","0","0","0","","","0","N","0","","39 56:46.894","","0","75 11:21.258","0","0","0","0","67301","0","0","0","N","0","0","0","1","68K01","0","","4.0","","9","N","N","N","0","","0","0","0","","0","","","1","0","0","0","0","0","0","2","0","1","","","","N","","","","","","","","","",""
"2020068078","1642","1","0","0","0","0","0","0","0","0","5","0","","67","8","2020","4","39.878615","-75.249687","1642","6","0","0","0","0","0","1","0","0","","0","0","0","","","0","N","0","","39 52:43.013","","0","75 14:58.872","0","0","0","0","67301","0","0","0","N","0","0","0","3","68K01","0","","1.0","","9","N","N","N","0","","0","0","1","","0","","","2","0","0","0","0","0","0","2","0","2","","","","N","","","","","","","","","",""
"2020069348","1606","0","0","0","0","0","0","0","0","0","1","0","","67","8","2020","5","39.909129","-75.14934","1556","6","0","0","0","0","0","0","0","0","","0","0","0","","","0","N","0","","39 54:32.865","2","0","75 08:57.624","0","0","0","0","67301","0","0","0","N","0","0","0","2","68K01","0","","1.0","20.0","1","N","N","N","0","","0","0","2","","0","N","","2","0","0","0","0","0","0","2","0","2","","","","N","","","","","","","","","",""
"2020030539","1100","2","0","0","0","0","0","0","0","0","4","0","","67","3","2020","1","40.028204","-75.109973","1057","6","0","0","0","0","0","0","1","0","","0","0","0","","","0","","1","","40 01:41.536","","0","75 06:35.902","0","0","0","0","67301","0","0","0","N","0","0","0","2","67301","0","","1.0","","1","N","N","N","0","","0","0","0","","2","","","2","0","0","0","0","0","0","2","0","2","","03","","N","","","","","","","","","",""
"2020031709","1906","2","0","0","0","0","0","0","0","0","4","0","","67","3","2020","1","39.973555","-75.208895","1904","6","0","0","0","0","0","0","0","0","","0","0","0","","","0","","2","","39 58:24.799","","0","75 12:32.023","9","0","0","0","67301","0","0","0","N","0","0","0","3","67301","0","","1.0","","1","N","N","N","0","","0","0","0","","2","","","2","0","0","0","0","0","1","2","0","2","","03","","N","","","","","","","","","",""
"2020029764","0006","0","0","0","0","0","0","0","0","0","7","0","","67","3","2020","7","40.007185","-75.135146","0006","6","0","0","0","0","0","0","0","0","","0","0","0","","","0","N","0","","40 00:25.866","6","3","75 08:06.526","9","0","0","0","67301","0","0","0","N","0","0","0","1","67301","0","","1.0","145.0","1","N","N","N","0","","0","0","1","","0","Y","","1","0","0","0","0","0","1","2","0","1","","03","","N","","","","","","","","","",""
"2020027340","2340","2","0","0","0","0","0","0","0","0","2","0","","67","3","2020","3","40.121519","-74.999083","2321","6","0","0","0","0","0","0","0","0","","0","0","0","","","0","N","0","","40 07:17.470","","0","74 59:56.700","0","0","0","0","67301","0","0","0","N","0","0","0","1","67301","0","","6.0","","1","N","N","N","1","","0","0","0","","0","","","3","0","0","0","0","0","0","2","0","3","","03","","N","","","","","","","","","",""
"2020029115","2010","1","0","0","0","0","0","0","0","0","7","0","","67","3","2020","1","39.881025","-75.228689","2010","6","0","0","0","0","0","0","0","0","","0","0","0","","","2","","11","","39 52:51.690","","0","75 13:43.280","2","0","0","0","67301","0","0","0","N","0","0","0","2","67301","0","","2.0","","1","N","N","N","0","","1","1","0","","3","","","1","2","0","0","0","0","0","2","0","1","","03","","N","","","","","","","","","",""
"2020034248","2319","1","0","0","0","0","0","0","0","0","7","0","","67","3","2020","7","39.981475","-75.207119","2300","6","0","0","0","0","0","0","0","0","","0","0","0","","","0","N","0","","39 58:53.311","3","0","75 12:25.629","9","0","0","0","67301","0","0","0","N","0","0","0","1","68K01","0","","4.0","30.0","98","N","N","N","0","","0","0","0","","0","N","","1","0","0","0","0","0","1","2","0","1","","07","","N","","","","","","","","","",""
"2020031885","1404","2","0","0","0","0","0","0","0","0","4","0","","67","3","2020","2","39.969513","-75.225371","1400","6","0","0","0","0","0","1","0","0","","0","0","0","","","0","","1","","39 58:10.246","","0","75 13:31.336","0","0","0","0","67301","0","0","0","N","0","0","0","2","67301","0","","1.0","","9","N","N","N","0","","0","0","0","","2","","","2","0","0","0","0","0","0","2","0","2","","","","N","","","","","","","","","",""
"2020029162","1622","1","0","0","0","0","0","0","0","0","8","0","","67","3","2020","3","40.039924","-75.120428","1622","6","0","0","0","0","0","0","0","0","","0","0","0","","","1","","1","","40 02:23.726","","0","75 07:13.540","4","0","0","0","67301","1","0","0","N","1","0","0","2","67301","1","","1.0","","1","N","N","N","0","","0","0","0","","2","","","2","1","0","0","0","0","1","2","0","1","","03","","N","","","","","","","","","",""
"2020029159","1201","1","0","0","0","0","0","0","0","0","4","1","","67","3","2020","3","40.023936","-75.035428","1200","6","0","0","0","0","0","0","0","0","","0","1","0","","","2","","1","","40 01:26.170","7","2","75 02:07.540","8","0","0","0","67301","0","0","0","N","0","0","0","5","67301","0","","1.0","100.0","1","N","N","N","0","","0","0","1","","2","Y","","3","2","1","0","0","2","0","2","0","3","","","","N","","","","","","","","","",""
"2020027526","1624","0","0","0","0","0","0","0","0","0","5","0","","67","3","2020","2","39.95762","-75.145687","1619","6","0","0","0","0","0","1","0","0","","0","0","0","","","0","","1","","39 57:27.432","4","0","75 08:44.473","0","0","0","0","67301","0","0","0","N","0","0","0","3","67301","0","","1.0","1722.0","1","N","N","N","0","","0","0","1","","2","N","","2","0","0","0","0","0","0","2","1","2","","03","","N","","","","","","","","","",""
"2020067731","0140","2","0","0","0","0","0","0","0","0","2","0","","67","8","2020","7","40.028579","-75.108376","0137","6","0","0","0","0","0","0","0","0","","0","0","0","","","1","N","0","","40 01:42.886","","0","75 06:30.154","3","0","0","0","67301","0","0","0","N","0","0","0","4","67301","0","","1.0","","1","N","N","N","0","","1","0","0","","0","","","2","1","3","0","0","0","0","2","0","2","","03","","N","","","","","","","","","",""
"2020031902","0913","1","0","0","0","0","0","0","0","0","7","0","","67","3","2020","5","39.932693","-75.20004","0902","6","0","0","0","0","0","0","0","1","","0","0","0","","","1","N","0","","39 55:57.696","4","0","75 12:00.145","3","0","0","0","67301","0","0","0","N","0","0","0","2","68K01","0","","4.0","15.0","9","N","N","N","0","","1","0","1","","0","N","","2","1","0","0","0","0","0","2","0","2","","04","","N","","","","","","","","","",""
"2020069358","1705","3","0","0","0","0","0","0","0","0","4","0","","67","8","2020","6","40.024955","-75.029807","1642","6","0","0","0","0","0","0","0","0","","0","0","0","","","2","N","0","","40 01:29.837","2","0","75 01:47.304","3","0","0","0","67301","0","0","0","N","0","0","0","3","68K01","0","","1.0","30.0","1","N","N","N","0","","1","0","0","","0","N","","3","2","0","0","0","1","0","2","0","3","","","","N","","","","","","","","","",""
"2020027977","0725","3","0","0","0","0","0","0","0","0","1","0","","67","3","2020","6","39.952667","-75.132417","0723","6","0","0","0","0","0","0","0","0","","0","0","0","","","0","N","0","","39 57:09.600","4","3","75 07:56.700","0","0","0","0","67301","0","0","0","N","0","0","0","3","67501","0","","1.0","758.0","9","N","N","Y","0","","0","0","0","","1","N","","3","0","0","0","0","0","0","1","0","3","","05","","N","","","","","","","","","",""
"2020069621","1755","0","0","0","0","0","0","0","0","0","0","0","","67","8","2020","4","40.046919","-75.138404","1755","6","0","0","0","0","0","1","0","0","","1","0","0","","","0","N","0","","40 02:48.909","6","0","75 08:18.254","1","1","0","1","67301","0","0","0","N","0","0","0","1","67301","0","2","1.0","1901.0","1","N","N","N","0","0","0","0","0","","0","Y","","1","0","0","0","0","0","0","2","0","1","","03","","N","","","","","","","","","",""
"2020028245","2330","0","0","0","0","0","0","0","0","0","8","0","","67","3","2020","6","39.994452","-75.145748","2330","6","0","0","0","0","0","0","0","0","","0","0","0","","","1","","1","","39 59:40.027","","0","75 08:44.692","8","0","0","0","67301","1","0","0","N","1","0","0","2","67301","0","","1.0","","1","N","N","N","0","","0","0","0","","0","","","2","1","0","0","0","1","0","2","0","1","","03","","N","","","","","","","","","",""
"2020030947","1437","1","0","0","0","0","0","0","0","0","7","0","","67","3","2020","4","39.981235","-75.206861","1426","6","0","0","0","0","0","1","0","0","","0","0","0","","","1","N","0","","39 58:52.446","3","0","75 12:24.698","8","0","0","0","67301","0","0","0","N","0","0","0","1","68K01","0","","4.0","1445.0","9","N","N","N","0","","0","0","0","","0","Y","","1","1","0","0","0","1","0","2","0","1","","","","N","","","","","","","","","",""
"2020069372","1637","0","0","0","0","0","0","0","0","0","1","0","","67","8","2020","1","39.958518","-75.166931","1629","6","0","0","0","0","1","0","1","0","","0","0","0","","","1","N","0","","39 57:30.666","","1","75 10:00.953","3","0","0","0","67301","0","0","0","N","0","0","0","3","68K01","0","","1.0","","1","N","N","N","0","","1","0","2","","0","","","2","1","0","0","0","0","0","2","0","2","","03","","N","","","","","","","","","",""
"2020034031","2154","0","0","0","0","0","0","0","0","0","7","0","","67","3","2020","6","39.933144","-75.145441","2143","6","0","0","0","0","0","0","0","0","","0","0","0","","","0","N","0","","39 55:59.317","2","0","75 08:43.587","0","0","0","0","67301","0","0","0","N","0","0","0","1","68K01","0","","5.0","30.0","1","N","N","N","0","","0","0","1","","0","N","","1","0","1","0","0","0","0","2","0","1","","03","","N","","","","","","","","","",""
"2020027325","1614","0","0","0","1","0","0","0","0","0","8","0","","67","3","2020","3","40.046818","-75.185998","1600","6","0","0","0","0","0","0","0","0","","0","0","0","","","1","","1","","40 02:48.544","","0","75 11:09.592","3","0","0","0","67301","1","0","0","N","0","0","0","2","67301","0","","1.0","","1","N","N","N","0","","1","0","1","","0","","","2","1","0","0","0","0","0","2","0","1","","03","","N","","","","","","","","","",""
"2020027341","2033","0","0","0","0","0","0","0","0","0","7","0","","67","3","2020","2","39.940108","-75.188079","2032","6","0","0","0","0","0","0","0","0","","0","0","0","","","1","","2","","39 56:24.388","","0","75 11:17.084","3","0","0","0","67301","0","0","0","N","0","0","0","1","67301","0","","4.0","","1","N","N","N","1","","1","0","0","","2","","","1","1","0","0","0","0","0","2","0","1","","","","N","","","","","","","","","",""