"CRN","ARRIVAL_TM","AUTOMOBILE_COUNT","BELTED_DEATH_COUNT","BELTED_SUSP_SERIOUS_INJ_COUNT","BICYCLE_COUNT","BICYCLE_DEATH_COUNT","BICYCLE_SUSP_SERIOUS_INJ_COUNT","BUS_COUNT","CHLDPAS_DEATH_COUNT","CHLDPAS_SUSP_SERIOUS_INJ_COUNT","COLLISION_TYPE","COMM_VEH_COUNT","CONS_ZONE_SPD_LIM","COUNTY","CRASH_MONTH","CRASH_YEAR","DAY_OF_WEEK","DEC_LATITUDE","DEC_LONGITUDE","DISPATCH_TM","DISTRICT","DRIVER_COUNT_16YR","DRIVER_COUNT_17YR","DRIVER_COUNT_18YR","DRIVER_COUNT_19YR","DRIVER_COUNT_20YR","DRIVER_COUNT_50_64YR","DRIVER_COUNT_65_74YR","DRIVER_COUNT_75PLUS","EST_HRS_CLOSED","FATAL_COUNT","HEAVY_TRUCK_COUNT","HORSE_BUGGY_COUNT","HOUR_OF_DAY","ILLUMINATION","INJURY_COUNT","INTERSECTION_RELATED","INTERSECT_TYPE","LANE_CLOSED","LATITUDE","LN_CLOSE_DIR","LOCATION_TYPE","LONGITUDE","MAX_SEVERITY_LEVEL","MCYCLE_DEATH_COUNT","MCYCLE_SUSP_SERIOUS_INJ_COUNT","MOTORCYCLE_COUNT","MUNICIPALITY","NONMOTR_COUNT","NONMOTR_DEATH_COUNT","NONMOTR_SUSP_SERIOUS_INJ_COUNT","NTFY_HIWY_MAINT","PED_COUNT","PED_DEATH_COUNT","PED_SUSP_SERIOUS_INJ_COUNT","PERSON_COUNT","POLICE_AGCY","POSSIBLE_INJ_COUNT","RDWY_SURF_TYPE_CD","RELATION_TO_ROAD","ROADWAY_CLEARED","ROAD_CONDITION","SCH_BUS_IND","SCH_ZONE_IND","SECONDARY_CRASH","SMALL_TRUCK_COUNT","SPEC_JURIS_CD","SUSP_MINOR_INJ_COUNT","SUSP_SERIOUS_INJ_COUNT","SUV_COUNT","TCD_FUNC_CD","TCD_TYPE","TFC_DETOUR_IND","TIME_OF_DAY","TOTAL_UNITS","TOT_INJ_COUNT","UNBELTED_OCC_COUNT","UNB_DEATH_COUNT","UNB_SUSP_SERIOUS_INJ_COUNT","UNK_INJ_DEG_COUNT","UNK_INJ_PER_COUNT","URBAN_RURAL","VAN_COUNT","VEHICLE_COUNT","WEATHER1","WEATHER2","WORKERS_PRES","WORK_ZONE_IND","WORK_ZONE_LOC","WORK_ZONE_TYPE","WZ_CLOSE_DETOUR","WZ_FLAGGER","WZ_LAW_OFFCR_IND","WZ_LN_CLOSURE","WZ_MOVING","WZ_OTHER","WZ_SHLDER_MDN","WZ_WORKERS_INJ_KILLED"
"2020027941","2055","1","0","0","0","0","0","0","0","0","4","0","","67","3","2020","3","40.03969","-75.118776","2049","6","0","0","0","0","0","0","0","0","","0","0","0","","","4","","2","","40 02:22.884","","0","75 07:07.593","3","0","0","0","67301","0","0","0","N","0","0","0","5","67301","0","","1.0","","1","N","N","N","0","","4","0","1","","3","","","2","4","0","0","0","0","0","2","0","2","","04","","N","","","","","","","","","",""
"2020068091","0640","1","0","0","0","0","0","0","0","0","2","0","","67","8","2020","1","39.898841","-75.17102","0629","6","0","0","1","0","0","0","0","0","","0","0","0","","","3","N","0","","39 53:55.826","2","0","75 10:15.671","3","0","0","0","67301","0","0","0","N","0","0","0","4","68K01","1","","1.0","650.0","9","N","N","N","0","","2","0","1","","0","N","","2","3","0","0","0","0","0","2","0","2","","07","","N","","","","","","","","","",""
"2020029130","0102","1","0","0","0","0","0","0","0","0","7","0","","67","3","2020","4","40.050379","-75.051494","0100","6","0","0","0","1","0","0","0","0","","0","0","0","","","1","","2","","40 03:01.364","2","0","75 03:05.380","3","0","0","0","67301","0","0","0","N","0","0","0","1","67301","0","","3.0","220.0","1","N","N","N","0","","1","0","0","","2","N","","1","1","0","0","0","0","0","2","0","1","","03","","N","","","","","","","","","",""
"2020032556","1712","1","0","0","0","0","0","0","0","0","7","0","","67","3","2020","1","40.054944","-74.985146","1710","6","0","0","0","0","0","0","0","0","","0","0","0","","","0","N","0","","40 03:17.799","","0","74 59:06.527","0","0","0","0","67301","0","0","0","N","0","0","0","1","68K01","0","","4.0","","1","N","N","N","0","","0","0","0","","0","","","1","0","0","0","0","0","0","2","0","1","","","","N","","","","","","","","","",""
"2020030724","0303","3","0","0","0","0","0","0","0","0","5","0","","67","3","2020","1","39.967612","-75.180066","0301","6","0","0","0","0","0","0","0","0","","0","0","0","","","0","N","0","","39 58:03.403","","0","75 10:48.237","0","0","0","0","67301","0","0","0","N","0","0","0","1","67301","0","","6.0","","9","N","N","N","0","","0","0","1","","3","","","4","0","0","0","0","0","0","2","0","4","","","","N","","","","","","","","","",""
"2020029786","2039","0","0","0","0","0","0","0","0","0","1","0","","67","3","2020","5","40.007717","-75.172048","2039","6","0","0","0","0","0","1","0","0","","0","0","0","","","0","Y","0","","40 00:27.782","1","0","75 10:19.374","0","0","0","0","67301","0","0","0","N","0","0","0","3","67301","0","","1.0","2135.0","1","N","N","N","1","","0","0","0","","2","N","","2","0","0","0","0","0","0","2","1","2","","","","N","","","","","","","","","",""
"2020029834","2126","3","0","0","0","0","0","0","0","0","4","0","","67","3","2020","6","39.954837","-75.227984","2126","6","0","0","0","0","1","0","1","0","","0","0","0","","","0","","1","","39 57:17.413","","0","75 13:40.742","0","0","0","0","67301","0","0","0","N","0","0","0","4","67301","0","","1.0","","1","N","N","N","0","","0","0","1","","2","","","4","0","0","0","0","0","0","2","0","4","","","","N","","","","","","","","","",""
"2020030324","1052","2","0","0","0","0","0","0","0","0","5","0","","67","3","2020","1","40.036111","-75.042039","1049","6","0","0","0","0","0","0","0","0","","0","0","0","","","0","N","0","","40 02:10.000","","0","75 02:31.339","0","0","0","0","67301","0","0","0","N","0","0","0","1","67301","0","","6.0","","9","N","N","N","0","","0","0","0","","0","","","2","0","0","0","0","0","0","2","0","2","","","","N","","","","","","","","","",""
"2020028313","1606","1","0","0","0","0","0","0","0","0","4","0","","67","3","2020","6","40.030129","-75.035161","1600","6","0","0","0","0","0","0","0","0","","0","0","0","","","0","","1","","40 01:48.464","","0","75 02:06.579","0","0","0","0","67301","0","0","0","N","0","0","0","4","67301","0","","1.0","","1","N","N","N","0","","0","0","0","","2","","","2","0","0","0","0","0","0","2","1","2","","03","","N","","","","","","","","","",""
"2020036589","0908","1","0","0","0","0","0","0","0","0","1","0","25","67","3","2020","5","39.982667","-75.098704","0858","6","0","0","0","0","0","0","0","0","","0","0","0","","","0","N","0","","39 58:57.601","1","2","75 05:55.336","0","0","0","0","67301","0","0","0","N","0","0","0","2","68K01","0","","1.0","925.0","1","N","N","N","0","","0","0","1","","0","N","","2","0","0","0","0","0","0","2","0","2","","","N","Y","5","1","","","N","","","Y","","N"
"2020069616","2136","2","0","0","0","0","0","0","0","0","8","0","","67","8","2020","4","39.964483","-75.193319","2135","6","0","0","0","1","0","0","0","0","","2","0","0","","","2","Y","0","","39 57:52.140","","0","75 11:35.950","1","0","0","0","67301","3","2","0","N","3","2","0","4","67301","0","2","4.0","","1","N","N","N","0","0","0","0","0","","0","","","5","2","0","0","0","2","0","2","0","2","","","","N","","","","","","","","","",""
"2020029254","1610","1","0","0","0","0","0","0","0","0","4","0","","67","3","2020","3","40.053484","-75.054921","1603","6","0","0","0","0","0","0","1","0","","0","0","0","","","3","","1","","40 03:12.544","","0","75 03:17.714","8","0","0","0","67301","0","0","0","N","0","0","0","5","67301","0","","1.0","","1","N","N","N","0","","0","0","1","","2","","","2","3","0","0","0","3","0","2","0","2","","","","N","","","","","","","","","",""
"2020068230","1944","1","0","0","0","0","0","0","0","0","8","0","","67","8","2020","7","40.040589","-75.076083","1940","6","0","0","0","0","0","0","0","0","","0","0","0","","","1","N","0","","40 02:26.120","6","0","75 04:33.900","3","0","0","0","67301","1","0","0","N","1","0","0","2","67301","0","","1.0","2115.0","1","N","N","N","0","","1","0","0","","0","Y","","2","1","0","0","0","0","0","2","0","1","","03","","N","","","","","","","","","",""
"2020028100","1841","1","0","0","0","0","0","0","0","0","7","0","","67","3","2020","5","40.03355","-75.023989","1831","6","0","0","0","0","0","0","0","0","","0","0","0","","","1","N","0","","40 02:00.781","","0","75 01:26.360","3","0","0","0","67301","0","0","0","N","0","0","0","1","67301","0","","4.0","","1","N","N","N","0","","1","0","0","","0","","","1","1","0","0","0","0","0","2","0","1","","","","N","","","","","","","","","",""
"2020030948","1452","1","0","0","0","0","0","0","0","0","0","0","","67","3","2020","4","39.981285","-75.206916","1452","6","0","0","0","0","0","0","1","0","","0","0","0","","","1","N","0","","39 58:52.625","3","0","75 12:24.899","3","0","0","0","67301","0","0","0","N","0","0","0","3","68K01","0","","4.0","1445.0","9","N","N","Y","0","","1","0","0","","0","Y","","1","1","0","0","0","0","0","2","0","1","","","","N","","","","","","","","","",""
"2020036522","1244","1","0","0","0","0","0","0","0","0","7","0","","67","3","2020","1","40.008446","-75.070376","1240","6","0","0","0","0","0","0","0","0","","0","0","0","","","0","N","0","","40 00:30.407","","1","75 04:13.355","9","0","0","0","67301","0","0","0","N","0","0","0","1","67301","0","","5.0","","1","N","N","N","0","","0","0","0","","0","","","1","0","0","0","0","0","1","2","0","1","","","","N","","","","","","","","","",""
"2020033702","2318","0","0","0","0","0","0","0","0","0","5","0","","67","3","2020","6","39.908129","-75.156263","2315","6","0","0","0","0","0","0","0","0","","0","0","0","","","1","N","0","","39 54:29.266","6","0","75 09:22.548","8","0","0","0","67301","0","0","0","N","0","0","0","3","67301","0","","1.0","130.0","1","N","N","N","1","","0","0","1","","0","Y","","2","1","0","0","0","1","2","2","0","2","","","","N","","","","","","","","","",""
"2020067295","1941","3","0","0","0","0","0","0","0","0","4","0","","67","8","2020","5","39.977607","-75.160654","1940","6","0","0","0","0","0","0","0","0","","0","0","0","","","1","","1","","39 58:39.385","","0","75 09:38.355","3","0","0","0","67301","0","0","0","N","0","0","0","3","67505","0","","1.0","","1","N","N","N","0","","1","0","0","","3","","","3","1","0","0","0","0","0","2","0","3","","03","","N","","","","","","","","","",""
"2020032323","1702","0","0","0","0","0","0","0","0","0","7","0","","67","3","2020","2","39.98246","-75.207683","1702","6","0","0","0","0","0","0","0","0","","0","0","0","","","0","N","0","","39 58:56.855","4","0","75 12:27.658","0","0","0","0","67301","0","0","0","N","0","0","0","1","68K01","0","","2.0","1740.0","9","N","N","N","1","","0","0","0","","0","N","","1","0","0","0","0","0","0","2","0","1","","07","","N","","","","","","","","","",""
"2020027938","1622","2","0","0","0","0","0","0","0","0","4","0","","67","3","2020","5","39.9582","-75.235503","1615","6","0","0","0","0","0","0","1","0","","0","0","0","","","0","","1","","39 57:29.521","","0","75 14:07.811","0","0","0","0","67301","0","0","0","N","0","0","0","2","67301","0","","1.0","","1","N","N","N","0","","0","0","0","","2","","","2","0","2","0","0","0","0","2","0","2","","","","N","","","","","","","","","",""
"2020029488","0652","1","0","0","0","0","0","0","0","0","7","0","","67","3","2020","5","40.032178","-75.021263","0632","6","0","0","0","1","0","0","0","0","","0","0","0","","","0","N","0","","40 01:55.839","","0","75 01:16.548","0","0","0","0","67301","0","0","0","N","0","0","0","2","68K01","0","","4.0","","9","N","N","N","0","","0","0","0","","0","","","1","0","0","0","0","0","0","2","0","1","","","","N","","","","","","","","","",""
"2020069609","2020","1","0","0","0","0","0","0","0","0","8","0","","67","8","2020","3","40.039151","-75.110002","2009","6","0","0","0","0","0","0","0","0","","0","0","0","","","1","","1","","40 02:20.942","","0","75 06:36.006","3","0","0","0","67301","1","0","0","N","1","0","0","1","67301","0","","1.0","","1","N","N","N","0","","1","0","0","","2","","","2","1","0","0","0","0","0","2","0","1","","","","N","","","","","","","","","",""
"2020069347","1530","1","0","0","0","0","0","0","0","0","5","0","","67","8","2020","5","39.896871","-75.189953","1511","6","0","0","0","0","0","0","1","0","","0","0","0","","","1","N","0","","39 53:48.737","2","3","75 11:23.832","8","0","0","0","67301","0","0","0","N","0","0","0","2","68K01","0","","3.0","30.0","1","N","N","N","0","","0","0","0","","0","N","","1","1","0","0","0","1","0","2","0","1","","","","N","","","","","","","","","",""
"2020028992","1640","1","0","0","0","0","0","0","0","0","4","0","","67","3","2020","2","40.048889","-75.045123","1638","6","0","0","0","0","0","1","0","0","","0","0","0","","","1","","1","","40 02:56.000","3","0","75 02:42.442","3","0","0","0","67301","0","0","0","N","0","0","0","3","67301","0","","1.0","1730.0","9","N","N","N","0","","1","0","0","","2","Y","","2","1","0","0","0","0","0","2","1","2","","04","","N","","","","","","","","","",""
"2020029990","2328","1","0","0","0","0","0","0","0","0","7","0","","67","3","2020","7","39.960035","-75.180006","2310","6","0","0","0","0","1","0","0","0","","0","0","0","","","1","N","0","","39 57:36.127","3","0","75 10:48.023","8","0","0","0","67301","0","0","0","N","0","0","0","2","68K01","0","","4.0","30.0","9","N","N","N","1","","0","0","0","","0","N","","2","1","0","0","0","1","0","2","0","2","","","","N","","","","","","","","","",""
"2020028844","2318","3","0","0","0","0","0","0","0","0","1","0","","67","3","2020","2","40.124758","-75.014923","2309","6","0","0","0","0","0","0","0","0","","0","0","0","","","1","N","0","","40 07:29.130","","0","75 00:53.721","3","0","0","0","67301","0","0","0","N","0","0","0","3","67301","0","","1.0","","9","N","N","N","0","","1","0","0","","0","","","3","1","0","0","0","0","0","2","0","3","","03","","N","","","","","","","","","",""
"2020028671","1659","2","0","0","0","0","0","0","0","0","4","0","","67","3","2020","1","39.983183","-75.144946","1655","6","0","0","0","0","0","1","0","0","","0","0","0","","","0","N","1","","39 58:59.458","","0","75 08:41.805","9","0","0","0","67301","0","0","0","N","0","0","0","3","67301","0","","1.0","","1","N","N","N","0","","0","0","0","","3","","","2","0","0","0","0","0","2","2","0","2","","03","","N","","","","","","","","","",""
"2020028484","2004","0","0","0","0","0","0","0","0","0","4","0","","67","3","2020","5","40.007174","-75.098744","2002","6","0","0","0","0","0","0","0","0","","0","0","0","","","1","","1","","40 00:25.828","1","0","75 05:55.477","8","0","0","0","67301","0","0","0","N","0","0","0","3","67301","0","","1.0","30.0","1","N","N","N","0","","0","0","1","","2","N","","2","1","0","0","0","1","0","2","1","2","","03","","N","","","","","","","","","",""
"2020032228","1203","1","0","0","0","0","0","0","0","0","7","0","","67","3","2020","2","40.035248","-75.017657","1200","6","0","0","0","0","0","0","0","0","","0","0","0","","","0","N","0","","40 02:06.894","","0","75 01:03.565","0","0","0","0","67301","0","0","0","N","0","0","0","1","68K01","0","","3.0","","9","N","N","N","0","","0","0","0","","0","","","1","0","0","0","0","0","0","2","0","1","","04","","N","","","","","","","","","",""
"2020067007","2135","2","0","0","0","0","0","0","0","0","4","0","","67","8","2020","4","39.951249","-75.199138","2131","6","0","0","0","0","0","1","0","0","","0","0","0","","","1","","1","","39 57:04.496","","0","75 11:56.898","4","0","0","0","67301","0","0","0","N","0","0","0","3","67504","1","","1.0","","1","N","N","N","0","","0","0","0","","2","","","2","1","0","0","0","0","0","2","0","2","","03","","N","","","","","","","","","",""
"2020034036","1529","0","0","0","0","0","0","0","0","0","7","0","","67","3","2020","7","39.960183","-75.180386","1516","6","0","0","0","0","0","0","0","0","","0","0","0","","","1","N","0","","39 57:36.657","","0","75 10:49.390","4","0","0","0","67301","0","0","0","N","0","0","0","1","68K01","1","","2.0","","9","N","N","N","0","","0","0","1","","0","","","1","1","0","0","0","0","0","2","0","1","","07","","N","","","","","","","","","",""
"2020069613","0810","2","0","0","0","0","0","0","0","0","4","0","","67","8","2020","5","40.078308","-75.024241","0807","6","0","0","0","0","0","1","0","0","","0","0","0","","","1","N","0","","40 04:41.910","","7","75 01:27.268","4","0","0","0","67301","0","0","0","N","0","0","0","2","67301","1","","2.0","","1","N","N","N","0","","0","0","0","","0","","","2","1","2","0","0","0","0","2","0","2","","03","","N","","","","","","","","","",""
"2020069024","0523","1","0","0","0","0","0","0","0","0","7","0","","67","8","2020","2","39.974057","-75.204458","0523","6","0","0","0","0","0","0","0","0","","0","0","0","","","0","N","0","","39 58:26.606","3","0","75 12:16.048","0","0","0","0","67301","0","0","0","N","0","0","0","1","67301","0","","3.0","605.0","1","N","N","N","0","","0","0","0","","0","Y","","1","0","0","0","0","0","0","2","0","1","","","","N","","","","","","","","","",""
"2020026729","0515","1","0","0","0","0","0","0","0","0","8","0","","67","3","2020","2","40.054139","-75.167803","0508","6","0","0","0","0","0","1","0","0","","0","0","0","","","1","N","0","","40 03:14.900","7","0","75 10:04.090","3","0","0","0","67301","1","0","0","N","1","0","0","2","67301","0","","1.0","600.0","1","N","N","N","0","","1","0","0","","0","Y","","2","1","1","0","0","0","0","2","0","1","","03","","N","","","","","","","","","",""
"2020029647","1615","0","0","0","0","0","0","0","0","0","0","0","","67","3","2020","3","40.014557","-75.178229","1615","6","0","0","0","0","0","0","0","0","","0","0","0","","","1","N","0","","40 00:52.405","2","0","75 10:41.625","8","0","0","0","67301","0","0","0","N","0","0","0","1","67301","0","","1.0","1650.0","1","N","N","N","0","","0","0","1","","0","Y","","1","1","0","0","0","1","0","2","0","1","","","","N","","","","","","","","","",""
"2020032559","0102","0","0","0","0","0","0","0","0","0","7","0","","67","3","2020","2","39.935804","-75.19941","0058","6","0","0","0","0","0","0","0","0","","0","0","0","","","1","N","3","","39 56:08.895","","2","75 11:57.877","3","0","0","0","67301","0","0","0","Y","0","0","0","1","68K01","0","","3.0","","1","N","N","N","0","","1","0","0","","0","","","1","1","1","0","0","0","0","2","1","1","","03","","N","","","","","","","","","",""
"2020036598","2225","1","0","0","0","0","0","0","0","0","1","0","","67","4","2020","7","39.986611","-75.208051","2225","6","0","0","0","0","0","0","0","0","","0","0","0","","","1","N","0","","39 59:11.799","3","0","75 12:28.985","8","0","0","0","67301","0","0","0","N","0","0","0","2","68K01","0","","1.0","30.0","1","N","N","N","1","","0","0","0","","0","N","","2","1","0","0","0","1","0","2","0","2","","03","","N","","","","","","","","","",""
"2020029838","1215","1","0","0","0","0","0","0","0","0","1","0","","67","3","2020","6","40.007932","-75.140877","1201","6","0","0","0","0","0","1","0","0","","0","0","0","","","1","N","0","","40 00:28.554","","0","75 08:27.158","4","0","0","0","67301","0","0","0","N","0","0","0","3","67301","1","","1.0","","1","N","N","N","0","","0","0","1","","2","","","2","1","1","0","0","0","0","2","0","2","","03","","N","","","","","","","","","",""
"2020029157","2126","2","0","0","0","0","0","0","0","0","4","0","","67","3","2020","2","40.035027","-75.069419","2118","6","0","0","0","0","0","0","0","0","","0","0","0","","","0","","1","","40 02:06.097","1","0","75 04:09.909","0","0","0","0","67301","0","0","0","N","0","0","0","2","67301","0","","1.0","100.0","1","N","N","N","0","","0","0","0","","2","N","","2","0","0","0","0","0","0","2","0","2","","","","N","","","","","","","","","",""
"2020069614","1945","1","0","0","0","0","0","0","0","0","8","0","","67","8","2020","7","39.9185","-75.209278","1945","6","0","0","0","0","0","0","0","0","","1","0","0","","","0","N","0","","39 55:06.600","","0","75 12:33.400","1","0","0","0","67301","1","1","0","N","1","1","0","3","67301","0","2","1.0","","1","N","N","N","0","0","0","0","0","","0","","","2","0","1","0","0","0","0","2","0","1","","03","","N","","","","","","","","","",""
"2020029605","1650","2","0","0","0","0","0","0","0","0","4","0","","67","3","2020","5","39.975639","-75.265581","1650","6","0","0","0","0","0","0","0","0","","0","0","0","","","0","","1","","39 58:32.300","1","0","75 15:56.091","0","0","0","0","67301","0","0","0","N","0","0","0","3","67301","0","","1.0","100.0","1","N","N","N","0","","0","0","0","","2","N","","2","0","0","0","0","0","0","2","0","2","","","","N","","","","","","","","","",""
"2020029761","1614","2","0","0","0","0","0","0","0","0","4","0","","67","3","2020","6","39.973776","-75.245295","1613","6","0","0","0","0","0","1","0","0","","0","0","0","","","1","","1","","39 58:25.594","","0","75 14:43.063","3","0","0","0","67301","0","0","0","N","0","0","0","4","67301","0","","1.0","","1","N","N","N","0","","1","0","0","","2","","","2","1","0","0","0","0","0","2","0","2","","03","","N","","","","","","","","","",""
"2020030281","1637","1","0","0","0","0","0","0","0","0","4","0","","67","3","2020","7","39.984361","-75.234389","1635","6","0","0","0","0","0","0","0","0","","0","0","0","","","1","","2","","39 59:03.700","","0","75 14:03.800","4","0","0","0","67301","0","0","0","N","0","0","0","1","67301","1","","1.0","","9","N","N","N","1","","0","0","0","","0","","","2","1","0","0","0","0","0","2","0","2","","04","","N","","","","","","","","","",""
"2020030326","1232","1","0","0","0","0","0","0","0","0","8","0","","67","3","2020","5","40.054578","-75.046554","1222","6","0","0","0","0","0","0","0","0","","0","0","0","","","1","","1","","40 03:16.480","","0","75 02:47.594","3","0","0","0","67301","1","0","0","N","1","0","0","2","67301","0","","1.0","","99","N","N","N","0","","1","0","0","","0","","","2","1","0","0","0","0","0","2","0","1","","","","N","","","","","","","","","",""
"2020069367","1116","1","0","0","0","0","0","0","0","0","1","0","","67","8","2020","1","39.958694","-75.168337","1059","6","0","0","0","0","0","0","0","0","","0","0","0","","","0","N","0","","39 57:31.298","","0","75 10:06.014","0","0","0","0","67301","0","0","0","N","0","0","0","2","68K01","0","","1.0","","1","N","N","N","0","","0","0","1","","0","","","2","0","0","0","0","0","0","2","0","2","","","","N","","","","","","","","","",""
"2020031507","1306","1","0","0","0","0","0","0","0","0","7","0","","67","3","2020","4","40.031133","-75.021697","1257","6","0","0","0","0","0","0","0","0","","0","0","0","","","1","N","0","","40 01:52.079","2","0","75 01:18.110","3","0","0","0","67301","0","0","0","N","0","0","0","1","68K01","0","","4.0","15.0","9","N","N","N","0","","1","0","0","","0","N","","1","1","0","0","0","0","0","2","0","1","","07","","N","","","","","","","","","",""
"2020031135","0738","1","0","0","0","0","0","0","0","0","7","0","","67","3","2020","2","39.98226","-75.207554","0734","6","0","0","0","0","0","0","0","0","","0","0","0","","","1","N","0","","39 58:56.137","3","0","75 12:27.194","4","0","0","0","67301","0","0","0","N","0","0","0","1","68K01","1","","2.0","800.0","9","N","N","Y","0","","0","0","0","","0","N","","1","1","0","0","0","0","0","2","0","1","","07","","N","","","","","","","","","",""
"2020030944","2148","1","0","0","0","0","0","0","0","0","7","0","","67","3","2020","2","39.989235","-75.206313","2148","6","0","0","0","0","0","0","0","0","","0","0","0","","","1","N","0","","39 59:21.245","","0","75 12:22.728","8","0","0","0","67301","0","0","0","N","0","0","0","1","68K01","0","","2.0","","9","N","N","N","0","","0","0","0","","0","","","1","1","0","0","0","1","0","2","0","1","","","","N","","","","","","","","","",""
"2020027043","2106","1","0","0","1","0","0","0","0","0","8","0","","67","3","2020","2","39.969829","-75.142413","2057","6","0","0","0","0","0","0","0","0","","0","0","0","","","1","","1","","39 58:11.385","","0","75 08:32.688","3","0","0","0","67301","1","0","0","N","0","0","0","2","67301","0","","1.0","","1","N","N","N","0","","1","0","0","","3","","","2","1","0","0","0","0","0","2","0","1","","03","","N","","","","","","","","","",""
"2020029333","0640","2","0","0","0","0","0","0","0","0","1","0","","67","3","2020","3","40.03344","-75.020101","0640","6","0","0","0","0","1","0","0","0","","0","0","0","","","1","N","0","","40 02:00.384","1","0","75 01:12.365","4","0","0","0","67301","0","0","0","N","0","0","0","2","68K01","1","","1.0","15.0","9","N","N","N","0","","0","0","0","","0","N","","2","1","0","0","0","0","0","2","0","2","","","","N","","","","","","","","","",""
"2020030111","1230","1","0","0","0","0","0","0","0","0","8","0","","67","3","2020","7","40.015873","-75.153841","1213","6","0","0","0","0","0","0","0","0","","0","0","0","","","1","","1","","40 00:57.144","","0","75 09:13.828","3","0","0","0","67301","1","0","0","N","1","0","0","2","67301","0","","1.0","","9","N","N","N","0","","1","0","0","","2","","","2","1","0","0","0","0","0","2","0","1","","","","N","","","","","","","","","",""
"2020031954","1251","0","0","0","0","0","0","0","0","0","2","0","","67","3","2020","7","39.985628","-75.21316","1245","6","0","0","0","0","0","0","0","0","","0","0","0","","","4","","1","","39 59:08.260","","0","75 12:47.375","8","0","0","0","67301","0","0","0","N","0","0","0","4","67301","0","","1.0","","9","N","N","N","0","","0","0","2","","0","","","2","4","0","0","0","4","0","2","0","2","","07","","N","","","","","","","","","",""
"2020068074","1452","0","0","0","0","0","0","0","0","0","5","0","","67","8","2020","3","39.984151","-75.208331","1449","6","0","0","0","0","0","1","0","0","","0","0","0","","","0","N","0","","39 59:02.942","","0","75 12:29.993","0","0","0","0","67301","0","0","0","N","0","0","0","2","68K01","0","","1.0","","1","N","N","N","1","","0","0","1","","0","","","2","0","0","0","0","0","0","2","0","2","","03","","N","","","","","","","","","",""
"2020069370","1424","0","0","0","0","0","0","0","0","0","1","0","","67","8","2020","1","39.948298","-75.142082","1411","6","0","0","0","0","0","0","0","0","","0","0","0","","","0","N","0","","39 56:53.873","","1","75 08:31.496","0","0","0","0","67301","0","0","0","N","0","0","0","2","68K01","0","","1.0","","9","N","N","N","0","","0","0","2","","0","","","2","0","0","0","0","0","0","2","0","2","","07","","N","","","","","","","","","",""
"2020029991","2340","1","0","0","0","0","0","0","0","0","7","0","","67","3","2020","7","40.030884","-75.021803","2328","6","0","0","1","0","0","0","0","0","","0","0","0","","","0","N","0","","40 01:51.182","","0","75 01:18.491","0","0","0","0","67301","0","0","0","N","0","0","0","1","68K01","0","","4.0","","9","N","N","N","0","","0","0","0","","0","","","1","0","0","0","0","0","0","2","0","1","","","","N","","","","","","","","","",""
"2020068081","1704","0","0","0","0","0","0","0","0","0","7","0","","67","8","2020","5","39.943177","-75.142796","1656","6","0","0","0","0","0","1","0","0","","0","0","0","","","1","N","0","","39 56:35.438","1","0","75 08:34.067","3","0","0","0","67301","0","0","0","N","0","0","0","1","68K01","0","","2.0","1815.0","9","N","N","N","1","","1","0","0","","0","N","","1","1","0","0","0","0","0","2","0","1","","","","N","","","","","","","","","",""
"2020067669","1903","1","0","0","0","0","0","0","0","0","8","0","","67","8","2020","4","39.962785","-75.234532","1900","6","0","0","0","0","0","0","0","0","","0","0","0","","","2","","1","","39 57:46.026","1","0","75 14:04.315","3","0","0","0","67301","2","0","0","N","2","0","0","3","67301","0","","1.0","1920.0","1","N","N","N","0","","1","0","0","","2","Y","","3","2","0","0","0","1","0","2","0","1","","","","N","","","","","","","","","",""
"2020037532","1926","2","0","0","0","0","0","0","0","0","7","0","","67","3","2020","2","39.982407","-75.207651","1913","6","0","0","0","0","0","0","0","0","","0","0","0","","","2","N","0","","39 58:56.666","4","3","75 12:27.544","4","0","0","0","67301","0","0","0","N","0","0","0","3","68K01","2","","2.0","2030.0","9","N","N","N","0","","0","0","0","","0","N","","2","2","0","0","0","0","0","2","0","2","","03","","N","","","","","","","","","",""
"2020031946","1430","2","0","0","0","0","0","0","0","0","1","0","","67","3","2020","6","40.073309","-75.084641","1429","6","0","0","0","0","0","0","0","1","","0","0","0","","","1","N","0","","40 04:23.912","","0","75 05:04.706","3","0","0","0","67301","0","0","0","N","0","0","0","2","67301","0","","1.0","","1","N","N","N","0","","1","0","0","","2","","","2","1","2","0","0","0","0","2","0","2","","03","","N","","","","","","","","","",""
"2020030939","0808","1","0","0","0","0","0","0","0","0","7","0","","67","3","2020","2","39.887103","-75.20502","0808","6","0","0","0","0","0","0","0","0","","0","0","0","","","0","N","0","","39 53:13.571","2","0","75 12:18.071","0","0","0","0","67301","0","0","0","N","0","0","0","1","68K01","0","","2.0","30.0","9","N","N","N","0","","0","0","0","","0","N","","1","0","1","0","0","0","0","2","0","1","","","","N","","","","","","","","","",""
"2020027398","1521","0","0","0","0","0","0","0","0","0","8","0","","67","3","2020","2","39.972608","-75.246106","1520","6","0","0","0","0","0","0","0","0","","0","0","0","","","1","N","0","","39 58:21.390","","0","75 14:45.980","3","0","0","0","67301","1","0","0","N","1","0","0","2","67301","0","","1.0","","1","N","N","N","0","","1","0","1","","0","","","2","1","0","0","0","0","0","2","0","1","","03","","N","","","","","","","","","",""