"CRN","ARRIVAL_TM","AUTOMOBILE_COUNT","BELTED_DEATH_COUNT","BELTED_SUSP_SERIOUS_INJ_COUNT","BICYCLE_COUNT","BICYCLE_DEATH_COUNT","BICYCLE_SUSP_SERIOUS_INJ_COUNT","BUS_COUNT","CHLDPAS_DEATH_COUNT","CHLDPAS_SUSP_SERIOUS_INJ_COUNT","COLLISION_TYPE","COMM_VEH_COUNT","CONS_ZONE_SPD_LIM","COUNTY","CRASH_MONTH","CRASH_YEAR","DAY_OF_WEEK","DEC_LATITUDE","DEC_LONGITUDE","DISPATCH_TM","DISTRICT","DRIVER_COUNT_16YR","DRIVER_COUNT_17YR","DRIVER_COUNT_18YR","DRIVER_COUNT_19YR","DRIVER_COUNT_20YR","DRIVER_COUNT_50_64YR","DRIVER_COUNT_65_74YR","DRIVER_COUNT_75PLUS","EST_HRS_CLOSED","FATAL_COUNT","HEAVY_TRUCK_COUNT","HORSE_BUGGY_COUNT","HOUR_OF_DAY","ILLUMINATION","INJURY_COUNT","INTERSECTION_RELATED","INTERSECT_TYPE","LANE_CLOSED","LATITUDE","LN_CLOSE_DIR","LOCATION_TYPE","LONGITUDE","MAX_SEVERITY_LEVEL","MCYCLE_DEATH_COUNT","MCYCLE_SUSP_SERIOUS_INJ_COUNT","MOTORCYCLE_COUNT","MUNICIPALITY","NONMOTR_COUNT","NONMOTR_DEATH_COUNT","NONMOTR_SUSP_SERIOUS_INJ_COUNT","NTFY_HIWY_MAINT","PED_COUNT","PED_DEATH_COUNT","PED_SUSP_SERIOUS_INJ_COUNT","PERSON_COUNT","POLICE_AGCY","POSSIBLE_INJ_COUNT","RDWY_SURF_TYPE_CD","RELATION_TO_ROAD","ROADWAY_CLEARED","ROAD_CONDITION","SCH_BUS_IND","SCH_ZONE_IND","SECONDARY_CRASH","SMALL_TRUCK_COUNT","SPEC_JURIS_CD","SUSP_MINOR_INJ_COUNT","SUSP_SERIOUS_INJ_COUNT","SUV_COUNT","TCD_FUNC_CD","TCD_TYPE","TFC_DETOUR_IND","TIME_OF_DAY","TOTAL_UNITS","TOT_INJ_COUNT","UNBELTED_OCC_COUNT","UNB_DEATH_COUNT","UNB_SUSP_SERIOUS_INJ_COUNT","UNK_INJ_DEG_COUNT","UNK_INJ_PER_COUNT","URBAN_RURAL","VAN_COUNT","VEHICLE_COUNT","WEATHER1","WEATHER2","WORKERS_PRES","WORK_ZONE_IND","WORK_ZONE_LOC","WORK_ZONE_TYPE","WZ_CLOSE_DETOUR","WZ_FLAGGER","WZ_LAW_OFFCR_IND","WZ_LN_CLOSURE","WZ_MOVING","WZ_OTHER","WZ_SHLDER_MDN","WZ_WORKERS_INJ_KILLED"
"2020037536","1318","1","0","0","0","0","0","0","0","0","7","0","","67","3","2020","7","39.887067","-75.205092","1308","6","0","0","0","0","0","0","0","0","","0","0","0","","","0","N","0","","39 53:13.442","2","0","75 12:18.332","0","0","0","0","67301","0","0","0","N","0","0","0","1","68K01","0","","2.0","1405.0","9","N","N","N","0","","0","0","0","","0","N","","1","0","0","0","0","0","0","2","0","1","","","","N","","","","","","","","","",""
"2020069349","1808","3","0","0","0","0","0","0","0","0","1","0","","67","8","2020","5","39.958841","-75.169513","1758","6","0","0","0","0","0","0","0","0","","0","0","0","","","1","N","0","","39 57:31.827","4","0","75 10:10.245","3","0","0","0","67301","0","0","0","N","0","0","0","6","68K01","0","","1.0","1845.0","1","N","N","N","1","","1","0","1","","0","N","","5","1","0","0","0","0","0","2","0","5","","03","","N","","","","","","","","","",""
"2020027324","1950","1","0","0","1","0","0","0","0","0","8","0","","67","3","2020","2","39.923299","-75.161318","1949","6","0","0","0","0","0","0","0","0","","0","0","0","","","1","","1","","39 55:23.877","","0","75 09:40.743","3","0","0","0","67301","1","0","0","N","0","0","0","2","67301","0","","1.0","","1","N","N","N","0","","1","0","0","","2","","","2","1","0","0","0","0","0","2","0","1","","","","N","","","","","","","","","",""
"2020030270","2316","2","0","0","0","0","0","0","0","0","4","0","","67","3","2020","6","40.029911","-75.103076","2314","6","0","0","0","0","0","0","0","0","","0","0","0","","","1","","1","","40 01:47.679","","0","75 06:11.073","3","0","0","0","67301","0","0","0","N","0","0","0","2","67301","0","","1.0","","1","N","N","Y","0","","1","0","0","","2","","","2","1","0","0","0","0","0","2","0","2","","03","","N","","","","","","","","","",""
"2020034115","1330","1","0","0","0","0","0","0","0","0","1","0","","67","4","2020","3","40.063756","-75.200058","1325","6","0","0","0","0","0","0","0","0","","0","0","0","","","1","N","0","","40 03:49.520","","0","75 12:00.210","4","0","0","0","67301","0","0","0","N","0","0","0","3","67301","1","","1.0","","9","N","N","N","0","","0","0","1","","3","","","2","1","0","0","0","0","0","2","0","2","","09","","N","","","","","","","","","",""
"2020028598","2007","1","0","0","0","0","0","0","0","0","8","0","","67","3","2020","1","40.009747","-75.155076","2005","6","0","0","0","0","0","0","0","0","","0","0","0","","","1","N","0","","40 00:35.088","","0","75 09:18.274","3","0","0","0","67301","1","0","0","N","1","0","0","2","67301","0","","1.0","","1","N","N","N","0","","1","0","0","","2","","","2","1","0","0","0","0","0","2","0","1","","03","","N","","","","","","","","","",""
"2020029517","1402","0","0","0","0","0","0","0","0","0","4","0","","67","3","2020","2","39.986404","-75.169612","1354","6","0","0","0","0","0","0","0","0","","0","0","0","","","0","","1","","39 59:11.054","","0","75 10:10.603","0","0","0","0","67301","0","0","0","N","0","0","0","4","67301","0","","1.0","","9","N","N","N","0","","0","0","2","","2","","","2","0","0","0","0","0","0","2","0","2","","04","","N","","","","","","","","","",""
"2020029833","0816","2","0","0","0","0","0","0","0","0","4","0","","67","3","2020","7","39.918882","-75.243858","0812","6","0","0","0","0","0","0","0","0","","0","0","0","","","2","","2","","39 55:07.975","6","0","75 14:37.888","4","0","0","0","67301","0","0","0","N","0","0","0","3","67301","1","","1.0","920.0","9","N","N","N","0","","0","0","0","","3","Y","","3","2","0","0","0","1","1","2","1","3","","","","N","","","","","","","","","",""
"2020027682","1117","1","0","0","0","0","0","0","0","0","4","0","","67","3","2020","4","40.074609","-75.035074","1115","6","0","0","0","0","0","0","1","1","","0","0","0","","","2","","1","","40 04:28.594","","0","75 02:06.267","3","0","0","0","67301","0","0","0","N","0","0","0","3","67301","0","","1.0","","1","N","N","N","0","","2","0","2","","2","","","3","2","0","0","0","0","0","2","0","3","","03","","N","","","","","","","","","",""
"2020073989","0941","1","0","0","0","0","0","0","0","0","8","0","","67","9","2020","4","40.070063","-74.981485","0940","6","0","0","0","0","0","0","0","0","","0","0","0","","","1","N","0","","40 04:12.225","","0","74 58:53.346","8","0","0","0","67301","1","0","0","N","1","0","0","2","67301","0","","1.0","","1","N","N","N","0","","0","0","0","","2","","","2","1","0","0","0","1","0","2","0","1","","04","","N","","","","","","","","","",""
"2020069375","2329","1","0","0","0","0","0","0","0","0","1","0","","67","8","2020","1","39.950169","-75.141704","2322","6","0","0","0","0","0","1","0","0","","0","0","0","","","0","N","0","","39 57:00.610","","0","75 08:30.136","0","0","0","0","67301","0","0","0","N","0","0","0","4","68K01","0","","1.0","","9","N","N","N","0","","0","0","1","","0","","","2","0","0","0","0","0","0","2","0","2","","","","N","","","","","","","","","",""
"2020028485","2045","2","0","0","0","0","0","0","0","0","4","0","","67","3","2020","6","39.983323","-75.104166","2030","6","0","0","0","0","0","1","0","0","","0","0","0","","","2","","1","","39 58:59.961","2","0","75 06:14.999","8","0","0","0","67301","0","0","0","N","0","0","0","3","67301","0","","1.0","2130.0","1","N","N","N","0","","0","0","0","","3","N","","2","2","0","0","0","2","0","2","0","2","","","","N","","","","","","","","","",""
"2020069350","1849","2","0","0","0","0","0","0","0","0","1","0","","67","8","2020","5","39.98017","-75.104739","1804","6","0","0","0","0","0","2","0","0","","0","0","0","","","1","N","0","","39 58:48.611","1","3","75 06:17.060","4","0","0","0","67301","0","0","0","N","0","0","0","8","68K01","1","","3.0","45.0","1","N","N","N","0","","0","0","1","","0","N","","3","1","0","0","0","0","0","2","0","3","","","","N","","","","","","","","","",""
"2020032324","1940","1","0","0","0","0","0","0","0","0","7","0","","67","3","2020","2","39.959964","-75.179483","1918","6","0","0","0","0","0","0","0","0","","0","0","0","","","0","N","0","","39 57:35.869","3","0","75 10:46.140","0","0","0","0","67301","0","0","0","N","0","0","0","2","68K01","0","","4.0","1945.0","9","N","N","Y","0","","0","0","1","","0","N","","2","0","0","0","0","0","0","2","0","2","","07","","N","","","","","","","","","",""
"2020029837","1616","1","0","0","0","0","0","0","0","0","4","0","","67","3","2020","6","40.015808","-75.141118","1611","6","0","0","0","0","0","1","0","0","","0","0","0","","","0","","1","","40 00:56.908","","0","75 08:28.024","0","0","0","0","67301","0","0","0","N","0","0","0","2","67301","0","","1.0","","1","N","N","N","0","","0","0","1","","2","","","2","0","0","0","0","0","0","2","0","2","","03","","N","","","","","","","","","",""
"2020069619","1445","2","0","0","0","0","0","0","0","0","1","0","","67","8","2020","4","39.95608","-75.199778","1444","6","0","0","0","0","0","0","0","0","","0","0","0","","","1","","1","","39 57:21.888","","0","75 11:59.200","3","0","0","0","67301","0","0","0","N","0","0","0","3","67301","0","","1.0","","1","N","N","N","0","","1","0","0","","3","","","2","1","0","0","0","0","1","2","0","2","","03","","N","","","","","","","","","",""
"2020069944","0545","2","0","0","0","0","0","0","0","0","4","0","","67","8","2020","1","39.933803","-75.215343","0541","6","0","0","0","0","0","0","0","0","","0","0","0","","","0","N","0","","39 56:01.691","","0","75 12:55.233","9","0","0","0","67301","0","0","0","N","0","0","0","1","67301","0","","1.0","","9","N","N","N","0","","0","0","0","","0","","","2","0","0","0","0","0","1","2","0","2","","","","N","","","","","","","","","",""
"2020069615","2007","1","0","0","0","0","0","0","0","0","4","0","","67","8","2020","6","40.011529","-75.069799","2003","6","0","0","0","0","0","1","0","0","","1","0","0","","","2","N","1","","40 00:41.506","2","0","75 04:11.278","1","1","0","1","67301","0","0","0","N","0","0","0","5","67301","2","2","1.0","2330.0","1","N","N","N","0","0","0","0","0","","2","N","","2","2","0","0","0","0","0","2","0","2","","","","N","","","","","","","","","",""
"2020027403","1453","0","0","0","0","0","0","0","0","0","4","0","","67","3","2020","3","40.052077","-75.141781","1429","6","0","0","0","0","1","1","0","0","","0","0","0","","","2","","1","","40 03:07.476","1","0","75 08:30.412","3","0","0","0","67301","0","0","0","N","0","0","0","3","67301","0","","1.0","1431.0","1","N","N","N","0","","1","0","2","","2","N","","2","2","2","0","0","1","0","2","0","2","","03","","N","","","","","","","","","",""
"2020031679","1025","1","0","0","0","0","0","0","0","0","7","0","","67","3","2020","5","40.029501","-75.103319","1015","6","0","0","0","0","0","0","0","0","","0","0","0","","","2","N","0","","40 01:46.203","","0","75 06:11.949","8","0","0","0","67301","0","0","0","N","0","0","0","2","67301","0","","4.0","","1","N","N","N","0","","0","0","0","","2","","","1","2","0","0","0","2","0","2","0","1","","03","","N","","","","","","","","","",""
"2020069515","1604","0","0","0","0","0","0","0","0","0","8","0","","67","8","2020","4","39.920014","-75.155601","1601","6","0","0","0","0","0","0","1","0","","0","0","0","","","1","","1","","39 55:12.050","","0","75 09:20.163","4","0","0","0","67301","1","0","0","N","1","0","0","2","67301","1","","1.0","","1","N","N","N","0","","0","0","1","","3","","","2","1","0","0","0","0","0","2","0","1","","03","","N","","","","","","","","","",""
"2020029400","1812","1","0","0","0","0","0","0","0","0","8","0","","67","3","2020","4","39.944416","-75.209766","1812","6","0","0","0","0","0","0","0","0","","0","0","0","","","1","","1","","39 56:39.897","","0","75 12:35.157","3","0","0","0","67301","1","0","0","N","1","0","0","2","67301","0","","1.0","","1","N","N","N","0","","1","0","0","","2","","","2","1","0","0","0","0","0","2","0","1","","03","","N","","","","","","","","","",""
"2020033149","1005","2","0","0","0","0","0","0","0","0","5","0","","67","3","2020","7","40.037905","-75.011661","0956","6","0","0","0","0","0","0","0","0","","0","0","0","","","0","N","0","","40 02:16.458","","0","75 00:41.981","0","0","0","0","67301","0","0","0","N","0","0","0","2","68K01","0","","1.0","","9","N","N","Y","0","","0","0","0","","0","","","2","0","0","0","0","0","0","2","0","2","","04","","N","","","","","","","","","",""
"2020029950","1646","0","0","0","0","0","0","0","0","0","7","0","","67","3","2020","7","40.00713","-75.094069","1640","6","0","0","0","0","0","0","0","0","","0","0","0","","","0","","1","","40 00:25.667","","0","75 05:38.650","9","0","0","0","67301","0","0","0","N","0","0","0","1","67301","0","","1.0","","9","N","N","N","1","","0","0","0","","2","","","1","0","0","0","0","0","1","2","0","1","","07","","N","","","","","","","","","",""
"2020033150","0826","1","0","0","0","0","0","0","0","0","7","0","","67","3","2020","1","39.980756","-75.206236","0825","6","0","0","0","0","0","0","0","0","","0","0","0","","","0","N","0","","39 58:50.722","","0","75 12:22.449","0","0","0","0","67301","0","0","0","N","0","0","0","1","68K01","0","","5.0","","1","N","N","N","0","","0","0","0","","0","","","1","0","0","0","0","0","0","2","0","1","","04","","N","","","","","","","","","",""
"2020047395","2242","1","0","0","0","0","0","0","0","0","1","0","","67","3","2020","4","40.007794","-75.172525","2242","6","0","0","0","0","0","0","1","0","","0","0","0","","","1","Y","0","","40 00:28.058","","0","75 10:21.090","3","0","0","0","67301","0","0","0","N","0","0","0","2","67301","0","","1.0","","9","N","N","N","0","","1","0","1","","2","","","2","1","0","0","0","0","0","2","0","2","","07","","N","","","","","","","","","",""
"2020006955","2123","1","0","0","0","0","0","0","0","0","4","0","","67","1","2020","4","40.048018","-75.09282","2119","6","0","0","0","0","0","1","0","0","","0","0","0","","","2","","1","","40 02:52.866","6","0","75 05:34.153","3","0","0","0","67301","0","0","0","N","0","0","0","2","67301","0","","1.0","2204.0","1","N","N","N","0","","2","0","1","","3","Y","","3","2","0","0","0","0","0","2","1","3","","","","N","","","","","","","","","",""
"2020036394","2305","3","0","0","0","0","0","0","0","0","4","0","","67","3","2020","5","39.929458","-75.173545","2300","6","0","0","0","0","0","0","0","0","","0","0","0","","","2","","2","","39 55:46.049","2","0","75 10:24.762","8","0","0","0","67301","0","0","0","N","0","0","0","2","67301","0","","1.0","200.0","1","N","N","N","0","","0","0","0","","3","Y","","3","2","1","0","0","2","0","2","0","3","","03","","N","","","","","","","","","",""
"2020037747","1140","1","0","0","0","0","0","0","0","0","7","0","","67","3","2020","7","40.032005","-75.021339","1132","6","0","0","0","0","0","0","0","0","","0","0","0","","","3","N","0","","40 01:55.217","2","3","75 01:16.821","3","0","0","0","67301","0","0","0","N","0","0","0","3","68K01","0","","4.0","1230.0","9","N","N","N","0","","3","0","1","","0","N","","2","3","1","0","0","0","0","2","0","2","","","","N","","","","","","","","","",""
"2020027989","0719","3","0","0","0","0","0","0","0","0","5","0","","67","3","2020","2","40.019075","-75.134292","0718","6","0","0","0","0","0","0","0","0","","0","0","0","","","0","N","0","","40 01:08.670","","0","75 08:03.450","9","0","0","0","67301","0","0","0","N","0","0","0","2","67301","0","","6.0","","1","N","N","N","0","","0","0","0","","9","","","4","0","1","0","0","0","1","2","0","3","","03","","N","","","","","","","","","",""
"2020067953","1752","0","0","0","1","0","0","1","0","0","8","1","","67","8","2020","5","39.937269","-75.170226","1742","6","0","0","0","0","0","1","0","0","","0","0","0","","","1","N","1","","39 56:14.168","","0","75 10:12.813","4","0","0","0","67301","1","0","0","N","0","0","0","2","67508","1","","1.0","","1","N","N","Y","0","","0","0","0","","0","","","2","1","0","0","0","0","0","2","0","1","","","","N","","","","","","","","","",""
"2020028668","0735","1","0","1","0","0","0","0","0","0","4","0","","67","3","2020","2","39.917183","-75.246303","0731","6","0","0","0","0","0","0","0","0","","0","0","0","","","1","","1","","39 55:01.859","","0","75 14:46.691","2","0","0","0","67301","0","0","0","N","0","0","0","2","67301","0","","1.0","","9","N","N","Y","1","","0","1","0","","2","","","2","1","0","0","0","0","0","2","0","2","","07","","N","","","","","","","","","",""
"2020029951","1535","0","0","0","1","0","0","0","0","0","8","0","","67","3","2020","4","40.032333","-75.1351","1531","6","0","0","0","0","0","1","0","0","","0","0","0","","","1","N","0","","40 01:56.400","","0","75 08:06.360","3","0","0","0","67301","1","0","0","N","0","0","0","3","67301","0","","1.0","","9","N","N","N","0","","1","0","0","","9","","","2","1","0","0","0","0","0","2","1","1","","","","N","","","","","","","","","",""
"2020031762","1628","2","0","0","0","0","0","0","0","0","5","0","","67","3","2020","6","39.898849","-75.179806","1628","6","0","0","0","0","0","0","0","0","","0","0","0","","","0","N","0","","39 53:55.855","2","0","75 10:47.303","0","0","0","0","67301","0","0","0","N","0","0","0","2","68K01","0","","1.0","100.0","1","N","N","N","0","","0","0","0","","0","N","","2","0","0","0","0","0","0","2","0","2","","","","N","","","","","","","","","",""
"2020027684","1105","1","0","0","1","0","0","0","0","0","8","0","","67","3","2020","4","39.994686","-75.164168","1100","6","0","0","0","0","0","0","0","0","","0","0","0","","","1","","2","","39 59:40.869","","0","75 09:51.004","8","0","0","0","67301","1","0","0","N","0","0","0","2","67301","0","","1.0","","1","N","N","N","0","","0","0","0","","3","","","2","1","0","0","0","1","0","2","0","1","","03","","N","","","","","","","","","",""
"2020028401","1650","1","0","0","0","0","0","0","0","0","1","0","","67","3","2020","6","39.889727","-75.233762","1650","6","0","0","0","0","0","0","1","0","","0","0","0","","","0","","1","","39 53:23.016","","0","75 14:01.544","0","0","0","0","67301","0","0","0","N","0","0","0","4","67301","0","","1.0","","1","N","N","N","1","","0","0","1","","2","","","3","0","0","0","0","0","0","2","0","3","","03","","N","","","","","","","","","",""
"2020029646","2142","0","0","0","0","0","0","0","0","0","8","0","","67","3","2020","5","39.979586","-75.171077","2139","6","0","0","0","0","0","0","0","0","","0","0","0","","","1","","2","","39 58:46.508","","0","75 10:15.876","4","0","0","0","67301","1","0","0","N","1","0","0","2","67301","1","","1.0","","1","N","N","N","0","","0","0","1","","2","","","2","1","0","0","0","0","0","2","0","1","","03","","N","","","","","","","","","",""
"2020069947","1425","1","0","0","0","0","0","0","0","0","8","0","","67","8","2020","2","39.924874","-75.223437","1417","6","0","0","0","0","0","0","0","0","","0","0","0","","","1","","1","","39 55:29.548","2","0","75 13:24.372","3","0","0","0","67301","1","0","0","N","1","0","0","2","67301","0","","1.0","1445.0","1","N","N","N","0","","1","0","0","","2","","","2","1","0","0","0","0","0","2","0","1","","","","N","","","","","","","","","",""
"2020067870","1530","0","0","0","0","0","0","0","0","0","1","0","","67","8","2020","6","39.926561","-75.194764","1530","6","0","0","0","0","0","0","0","0","","0","0","0","","","2","N","0","","39 55:35.620","","0","75 11:41.151","3","0","0","0","67301","0","0","0","N","0","0","0","2","68K01","0","","1.0","","1","N","N","N","0","","2","0","2","","0","","","2","2","0","0","0","0","0","2","0","2","","","","N","","","","","","","","","",""
"2020069920","0510","1","0","0","0","0","0","0","0","0","8","0","","67","8","2020","4","39.927808","-75.236981","0510","6","0","0","0","0","0","1","0","0","","0","0","0","","","1","","1","","39 55:40.109","","0","75 14:13.130","3","0","0","0","67301","1","0","0","N","1","0","0","2","67301","0","","1.0","","9","N","N","N","0","","1","0","0","","2","","","2","1","0","0","0","0","0","2","0","1","","","","N","","","","","","","","","",""
"2020027870","1230","1","0","0","0","0","0","0","0","0","8","0","","67","3","2020","4","40.069489","-75.050588","1228","6","0","0","0","0","0","0","0","1","","0","0","0","","","1","","1","","40 04:10.162","","0","75 03:02.117","8","0","0","0","67301","1","0","0","N","1","0","0","2","67301","0","","1.0","","1","N","N","N","0","","0","0","0","","2","","","2","1","0","0","0","1","0","2","0","1","","03","","N","","","","","","","","","",""
"2020069617","2018","0","0","0","0","0","0","0","0","0","8","0","","67","8","2020","6","39.951694","-75.249056","2018","6","0","0","0","0","0","0","0","0","","1","0","0","","","0","N","2","","39 57:06.100","","0","75 14:56.600","1","0","0","0","67301","1","1","0","N","1","1","0","3","67301","0","2","1.0","","1","N","N","N","0","0","0","0","1","","0","","","3","0","0","0","0","0","1","2","0","2","","03","","N","","","","","","","","","",""
"2020027990","1830","1","0","0","0","0","0","0","0","0","1","0","","67","3","2020","2","40.004806","-75.131997","1829","6","0","0","0","1","0","0","0","0","","0","0","0","","","2","Y","0","","40 00:17.300","","0","75 07:55.190","3","0","0","0","67301","0","0","0","N","0","0","0","3","67301","0","","1.0","","1","N","N","N","0","","2","0","1","","2","","","2","2","2","0","0","0","0","2","0","2","","03","","N","","","","","","","","","",""
"2020030009","1153","2","0","0","0","0","0","0","0","0","4","0","","67","3","2020","7","39.942869","-75.233047","1148","6","0","0","0","0","0","1","0","0","","0","0","0","","","0","N","1","","39 56:34.327","","0","75 13:58.969","9","0","0","0","67301","0","0","0","N","0","0","0","3","67301","0","","1.0","","9","N","N","N","0","","0","0","1","","3","","","3","0","0","0","0","0","2","2","0","3","","","","N","","","","","","","","","",""
"2020028098","0937","0","0","0","0","0","0","0","0","0","1","1","","67","3","2020","6","40.033216","-75.107011","0928","6","0","0","0","0","0","0","0","0","","0","1","0","","","0","Y","0","","40 01:59.579","","0","75 06:25.240","0","0","0","0","67301","0","0","0","N","0","0","0","2","67301","0","","1.0","","1","N","N","N","0","","0","0","1","","2","","","2","0","0","0","0","0","0","2","0","2","","","","N","","","","","","","","","",""
"2020028666","1730","1","0","0","0","0","0","0","0","0","4","0","","67","3","2020","7","40.04387","-75.228536","1730","6","0","0","0","0","0","0","0","0","","0","0","0","","","0","","2","","40 02:37.932","","0","75 13:42.728","9","0","0","0","67301","0","0","0","N","0","0","0","2","67301","0","","1.0","","99","N","N","N","0","","0","0","0","","2","","","2","0","0","0","0","0","1","2","0","2","","03","","N","","","","","","","","","",""
"2020039799","1012","1","0","0","0","0","0","0","0","0","7","0","","67","3","2020","2","39.959603","-75.176646","1008","6","0","0","0","0","0","0","0","0","","0","0","0","","","1","N","0","","39 57:34.570","3","0","75 10:35.926","4","0","0","0","67301","0","0","0","N","0","0","0","1","68K01","1","","4.0","1109.0","9","N","N","N","0","","0","0","0","","0","N","","1","1","0","0","0","0","0","2","0","1","","","","N","","","","","","","","","",""
"2020034246","0040","0","0","0","0","0","0","0","0","0","1","0","","67","3","2020","1","40.017486","-75.049036","0027","6","0","0","0","0","0","0","0","0","","0","0","0","","","1","N","0","","40 01:02.951","1","0","75 02:56.529","3","0","0","0","67301","0","0","0","N","0","0","0","2","68K01","0","","1.0","41.0","1","N","N","N","1","","1","0","1","","0","N","","2","1","1","0","0","0","0","2","0","2","","03","","N","","","","","","","","","",""
"2020030323","0427","5","0","0","0","0","0","0","0","0","5","0","","67","3","2020","7","40.035568","-75.185506","0422","6","0","0","0","0","0","0","0","0","","0","0","0","","","1","N","0","","40 02:08.046","","0","75 11:07.823","8","0","0","0","67301","0","0","0","N","0","0","0","1","67301","0","","6.0","","9","N","N","N","0","","0","0","2","","0","","","7","1","0","0","0","1","0","2","0","7","","07","","N","","","","","","","","","",""
"2020029373","0852","1","0","0","0","0","0","0","0","0","7","0","","67","3","2020","3","40.033347","-75.020535","0842","6","0","0","0","0","0","1","0","0","","0","0","0","","","1","N","0","","40 02:00.050","2","0","75 01:13.925","8","0","0","0","67301","0","0","0","N","0","0","0","1","68K01","0","","4.0","930.0","1","N","N","N","0","","0","0","0","","0","N","","1","1","0","0","0","1","0","2","0","1","","03","","N","","","","","","","","","",""
"2020029398","1450","1","0","0","0","0","0","0","0","0","4","0","","67","3","2020","4","40.072396","-75.157881","1449","6","0","0","0","0","0","1","0","0","","0","0","0","","","0","","1","","40 04:20.625","","0","75 09:28.371","0","0","0","0","67301","0","0","0","N","0","0","0","2","67301","0","","1.0","","9","N","N","N","0","","0","0","1","","2","","","2","0","0","0","0","0","0","2","0","2","","07","","N","","","","","","","","","",""
"2020029077","1134","1","0","0","0","0","0","0","0","0","7","0","","67","3","2020","2","39.885985","-75.242989","1114","6","0","0","0","0","0","0","0","0","","0","0","0","","","0","N","0","","39 53:09.546","1","0","75 14:34.759","0","0","0","0","67301","0","0","0","N","0","0","0","1","68K01","0","","4.0","1215.0","9","N","N","N","0","","0","0","0","","0","N","","1","0","0","0","0","0","0","2","0","1","","07","","N","","","","","","","","","",""
"2020030064","1340","1","0","0","0","0","0","0","0","0","1","0","","67","3","2020","4","39.939081","-75.143848","1337","6","0","0","0","0","0","1","0","0","","0","0","0","","","1","N","0","","39 56:20.692","","0","75 08:37.853","3","0","0","0","67301","0","0","0","N","0","0","0","2","67301","0","","1.0","","9","N","N","N","0","","1","0","1","","0","","","2","1","2","0","0","0","0","2","0","2","","07","","N","","","","","","","","","",""
"2020069357","1545","2","0","0","0","0","0","0","0","0","1","0","","67","8","2020","6","39.957151","-75.151949","1534","6","0","0","0","0","0","0","0","0","","0","0","0","","","0","N","0","","39 57:25.742","3","0","75 09:07.017","0","0","0","0","67301","0","0","0","N","0","0","0","2","68K01","0","","1.0","1546.0","1","N","N","N","0","","0","0","0","","0","N","","2","0","0","0","0","0","0","2","0","2","","03","","N","","","","","","","","","",""
"2020069954","0738","1","0","0","0","0","0","0","0","0","4","0","","67","8","2020","2","39.970559","-75.14996","0733","6","0","0","0","0","0","0","0","0","","0","0","0","","","0","","1","","39 58:14.012","","0","75 08:59.857","0","0","0","0","67301","0","0","0","N","0","0","0","2","67301","0","","1.0","","1","N","N","N","0","","0","0","1","","2","","","2","0","1","0","0","0","0","2","0","2","","03","","N","","","","","","","","","",""
"2020027991","0231","2","0","0","0","0","0","0","0","0","5","0","","67","3","2020","6","40.0052","-75.156656","0229","6","0","0","0","0","0","0","0","0","","0","0","0","","","0","N","0","","40 00:18.720","","0","75 09:23.960","0","0","0","0","67301","0","0","0","N","0","0","0","3","67301","0","","6.0","","1","N","N","N","0","","0","0","1","","0","","","3","0","0","0","0","0","0","2","0","3","","03","","N","","","","","","","","","",""
"2020069816","2359","2","0","0","0","0","0","0","0","0","4","0","","67","8","2020","6","40.030219","-75.088211","2359","6","0","0","0","0","1","0","0","0","","0","0","0","","","0","","1","","40 01:48.790","","0","75 05:17.559","0","0","0","0","67301","0","0","0","N","0","0","0","2","67301","0","","1.0","","1","N","N","N","0","","0","0","0","","2","","","2","0","1","0","0","0","0","2","0","2","","","","N","","","","","","","","","",""
"2020033703","1134","2","0","0","0","0","0","0","0","0","4","0","","67","4","2020","1","39.962047","-75.159293","1132","6","0","0","0","0","0","0","0","0","","0","0","0","","","3","","1","","39 57:43.370","1","0","75 09:33.455","3","0","0","0","67301","0","0","0","N","0","0","0","3","67301","0","","1.0","1300.0","1","N","N","N","0","","3","0","0","","2","Y","","2","3","1","0","0","0","0","2","0","2","","03","","N","","","","","","","","","",""
"2020027760","0859","2","0","0","0","0","0","0","0","0","4","0","","67","3","2020","4","39.989683","-75.158001","0858","6","0","0","0","0","0","0","0","0","","0","0","0","","","1","","1","","39 59:22.858","","0","75 09:28.803","3","0","0","0","67301","0","0","0","N","0","0","0","3","67301","0","","1.0","","1","N","N","N","0","","1","0","0","","3","","","2","1","1","0","0","0","0","2","0","2","","03","","N","","","","","","","","","",""
"2020029952","0040","1","0","0","0","0","0","0","0","0","7","0","","67","3","2020","6","39.997097","-75.172414","0034","6","0","0","0","0","0","0","0","0","","0","0","0","","","0","N","0","","39 59:49.550","","0","75 10:20.690","0","0","0","0","67301","0","0","0","N","0","0","0","1","67301","0","","4.0","","1","N","N","N","0","","0","0","0","","0","","","1","0","0","0","0","0","0","2","0","1","","03","","N","","","","","","","","","",""
"2020034296","1613","2","0","0","0","0","0","0","0","0","1","0","","67","4","2020","4","40.063242","-75.141119","1605","6","0","0","0","0","0","0","0","0","","0","0","0","","","0","N","0","","40 03:47.670","","0","75 08:28.030","9","0","0","0","67301","0","0","0","N","0","0","0","2","67301","0","","1.0","","1","N","N","N","0","","0","0","0","","0","","","2","0","0","0","0","0","1","2","0","2","","","","N","","","","","","","","","",""