"CRN","ARRIVAL_TM","AUTOMOBILE_COUNT","BELTED_DEATH_COUNT","BELTED_SUSP_SERIOUS_INJ_COUNT","BICYCLE_COUNT","BICYCLE_DEATH_COUNT","BICYCLE_SUSP_SERIOUS_INJ_COUNT","BUS_COUNT","CHLDPAS_DEATH_COUNT","CHLDPAS_SUSP_SERIOUS_INJ_COUNT","COLLISION_TYPE","COMM_VEH_COUNT","CONS_ZONE_SPD_LIM","COUNTY","CRASH_MONTH","CRASH_YEAR","DAY_OF_WEEK","DEC_LATITUDE","DEC_LONGITUDE","DISPATCH_TM","DISTRICT","DRIVER_COUNT_16YR","DRIVER_COUNT_17YR","DRIVER_COUNT_18YR","DRIVER_COUNT_19YR","DRIVER_COUNT_20YR","DRIVER_COUNT_50_64YR","DRIVER_COUNT_65_74YR","DRIVER_COUNT_75PLUS","EST_HRS_CLOSED","FATAL_COUNT","HEAVY_TRUCK_COUNT","HORSE_BUGGY_COUNT","HOUR_OF_DAY","ILLUMINATION","INJURY_COUNT","INTERSECTION_RELATED","INTERSECT_TYPE","LANE_CLOSED","LATITUDE","LN_CLOSE_DIR","LOCATION_TYPE","LONGITUDE","MAX_SEVERITY_LEVEL","MCYCLE_DEATH_COUNT","MCYCLE_SUSP_SERIOUS_INJ_COUNT","MOTORCYCLE_COUNT","MUNICIPALITY","NONMOTR_COUNT","NONMOTR_DEATH_COUNT","NONMOTR_SUSP_SERIOUS_INJ_COUNT","NTFY_HIWY_MAINT","PED_COUNT","PED_DEATH_COUNT","PED_SUSP_SERIOUS_INJ_COUNT","PERSON_COUNT","POLICE_AGCY","POSSIBLE_INJ_COUNT","RDWY_SURF_TYPE_CD","RELATION_TO_ROAD","ROADWAY_CLEARED","ROAD_CONDITION","SCH_BUS_IND","SCH_ZONE_IND","SECONDARY_CRASH","SMALL_TRUCK_COUNT","SPEC_JURIS_CD","SUSP_MINOR_INJ_COUNT","SUSP_SERIOUS_INJ_COUNT","SUV_COUNT","TCD_FUNC_CD","TCD_TYPE","TFC_DETOUR_IND","TIME_OF_DAY","TOTAL_UNITS","TOT_INJ_COUNT","UNBELTED_OCC_COUNT","UNB_DEATH_COUNT","UNB_SUSP_SERIOUS_INJ_COUNT","UNK_INJ_DEG_COUNT","UNK_INJ_PER_COUNT","URBAN_RURAL","VAN_COUNT","VEHICLE_COUNT","WEATHER1","WEATHER2","WORKERS_PRES","WORK_ZONE_IND","WORK_ZONE_LOC","WORK_ZONE_TYPE","WZ_CLOSE_DETOUR","WZ_FLAGGER","WZ_LAW_OFFCR_IND","WZ_LN_CLOSURE","WZ_MOVING","WZ_OTHER","WZ_SHLDER_MDN","WZ_WORKERS_INJ_KILLED"
"2020069304","1306","1","0","0","0","0","0","0","0","0","7","0","","67","8","2020","4","39.891921","-75.236999","1256","6","0","0","0","0","0","0","0","0","","0","0","0","","","0","N","0","","39 53:30.916","","0","75 14:13.195","0","0","0","0","67301","0","0","0","N","0","0","0","1","68K01","0","","2.0","","1","N","N","N","0","","0","0","0","","0","","","1","0","0","0","0","0","0","2","0","1","","03","","N","","","","","","","","","",""
"2020067666","0853","0","0","0","0","0","0","0","0","0","6","1","","67","8","2020","6","40.061918","-75.021359","0841","6","0","0","0","0","0","0","0","0","","0","1","0","","","1","N","0","","40 03:42.905","3","0","75 01:16.893","8","0","0","0","67301","0","0","0","N","0","0","0","2","67301","0","","1.0","853.0","1","N","N","N","0","","0","0","1","","0","Y","","2","1","0","0","0","1","0","2","0","2","","03","","N","","","","","","","","","",""
"2020033726","1726","1","0","0","0","0","0","0","0","0","7","0","","67","3","2020","7","39.960155","-75.180773","1726","6","0","0","0","0","0","0","0","0","","0","0","0","","","1","N","0","","39 57:36.559","3","0","75 10:50.783","4","0","0","0","67301","0","0","0","N","0","0","0","3","68K01","1","","3.0","30.0","9","N","N","N","0","","0","0","0","","0","N","","1","1","0","0","0","0","0","2","0","1","","04","","N","","","","","","","","","",""
"2020030890","1725","0","0","0","0","0","0","1","0","0","4","1","","67","3","2020","4","40.028791","-75.132182","1710","6","0","0","0","0","0","0","0","0","","0","0","0","","","1","","1","","40 01:43.647","","0","75 07:55.855","8","0","0","0","67301","0","0","0","N","0","0","0","2","67508","0","","1.0","","9","N","N","N","0","","0","0","1","","2","N","","2","1","0","0","0","1","0","2","0","2","","","","N","","","","","","","","","",""
"2020029131","1500","4","0","0","0","0","0","0","0","0","1","0","","67","3","2020","2","39.983295","-75.125802","1500","6","0","0","0","0","0","0","0","0","","0","0","0","","","1","N","0","","39 58:59.861","","0","75 07:32.886","3","0","0","0","67301","0","0","0","N","0","0","0","1","67301","0","","6.0","","9","N","N","N","1","","1","0","0","","2","","","5","1","1","0","0","0","0","2","0","5","","04","","N","","","","","","","","","",""
"2020033548","1635","1","0","0","0","0","0","0","0","0","1","0","","67","4","2020","6","39.984572","-75.224281","1624","6","0","0","0","0","0","0","0","0","","0","0","0","","","0","N","0","","39 59:04.460","","0","75 13:27.410","0","0","0","0","67301","0","0","0","N","0","0","0","3","67301","0","","1.0","","1","N","N","N","0","","0","0","1","","0","","","2","0","0","0","0","0","0","2","0","2","","03","","N","","","","","","","","","",""
"2020030499","1407","2","0","0","0","0","0","0","0","0","4","0","","67","3","2020","1","40.032128","-75.067698","1400","6","0","0","0","0","0","0","0","0","","0","0","0","","","0","","1","","40 01:55.659","","0","75 04:03.711","0","0","0","0","67301","0","0","0","N","0","0","0","2","67301","0","","1.0","","1","N","N","N","0","","0","0","0","","0","","","2","0","2","0","0","0","0","2","0","2","","98","","N","","","","","","","","","",""
"2020029948","2108","1","0","0","0","0","0","0","0","0","4","0","","67","3","2020","5","40.051536","-75.163264","2105","6","0","0","0","0","0","0","0","0","","0","0","0","","","0","N","0","","40 03:05.530","","0","75 09:47.750","9","0","0","0","67301","0","0","0","N","0","0","0","2","67301","0","","1.0","","1","N","N","N","0","","0","0","1","","2","","","2","0","0","0","0","0","1","2","0","2","","03","","N","","","","","","","","","",""
"2020027681","0609","2","0","0","0","0","0","0","0","0","4","0","","67","3","2020","3","40.05431","-75.049499","0604","6","0","0","0","0","0","1","0","0","","0","0","0","","","0","","1","","40 03:15.517","2","0","75 02:58.198","0","0","0","0","67301","0","0","0","N","0","0","0","2","67301","0","","1.0","630.0","9","N","N","N","0","","0","0","0","","2","N","","2","0","0","0","0","0","0","2","0","2","","07","","N","","","","","","","","","",""
"2020034033","1452","1","0","0","0","0","0","0","0","0","1","0","","67","3","2020","2","39.887175","-75.204889","1442","6","0","0","0","0","0","0","0","0","","0","0","0","","","2","N","0","","39 53:13.829","2","0","75 12:17.599","8","0","0","0","67301","0","0","0","N","0","0","0","2","68K01","0","","2.0","1532.0","9","N","N","N","0","","0","0","1","","8","N","","2","2","0","0","0","2","0","2","0","2","","","","N","","","","","","","","","",""
"2020035229","1011","1","0","0","0","0","0","0","0","0","4","0","","67","3","2020","6","40.032724","-75.072201","1009","6","0","0","0","0","0","1","1","0","","0","0","0","","","0","","1","","40 01:57.808","6","0","75 04:19.924","0","0","0","0","67301","0","0","0","N","0","0","0","3","67301","0","","1.0","1045.0","1","N","N","N","0","","0","0","1","","1","N","","2","0","0","0","0","0","0","2","0","2","","03","","N","","","","","","","","","",""
"2020068247","0046","2","0","0","0","0","0","0","0","0","4","0","","67","8","2020","6","39.970843","-75.214811","0046","6","0","0","0","1","0","0","0","0","","0","0","0","","","2","N","0","","39 58:15.035","","0","75 12:53.318","2","0","0","0","67301","0","0","0","N","0","0","0","2","67301","1","","1.0","","1","N","N","N","0","","0","1","2","","0","","","4","2","0","0","0","0","0","2","0","4","","03","","N","","","","","","","","","",""
"2020034347","1715","3","0","0","0","0","0","0","0","0","5","0","","67","3","2020","3","40.040642","-75.149031","1705","6","0","0","0","0","0","0","0","0","","0","0","0","","","0","N","0","","40 02:26.310","","0","75 08:56.510","0","0","0","0","67301","0","0","0","N","0","0","0","1","67301","0","","6.0","","1","N","N","N","0","","0","0","1","","0","","","4","0","0","0","0","0","0","2","0","4","","03","","N","","","","","","","","","",""
"2020028546","1335","1","0","0","0","0","0","0","0","0","7","0","","67","3","2020","1","40.031348","-75.084948","1330","6","0","0","0","0","0","0","0","0","","0","0","0","","","1","","1","","40 01:52.852","","3","75 05:05.812","8","0","0","0","67301","0","0","0","N","0","0","0","1","67301","0","","3.0","","1","N","N","N","0","","0","0","0","","2","","","1","1","0","0","0","1","0","2","0","1","","03","","N","","","","","","","","","",""
"2020069517","1617","0","0","0","0","0","0","0","0","0","2","0","","67","8","2020","2","40.043236","-75.167125","1617","6","0","0","0","0","0","0","2","0","","0","0","0","","","1","N","0","","40 02:35.650","","0","75 10:01.650","4","0","0","0","67301","0","0","0","N","0","0","0","2","67301","1","","1.0","","1","N","N","N","0","","0","0","2","","0","","","2","1","0","0","0","0","0","2","0","2","","03","","N","","","","","","","","","",""
"2020029988","2339","0","0","0","0","0","0","0","0","0","7","0","","67","3","2020","6","40.033847","-75.020104","2311","6","0","0","0","1","0","0","0","0","","0","0","0","","","1","N","0","","40 02:01.850","2","0","75 01:12.375","4","0","0","0","67301","0","0","0","N","0","0","0","1","68K01","1","","4.0","1.0","1","N","N","N","0","","0","0","1","","0","Y","","1","1","0","0","0","0","0","2","0","1","","","","N","","","","","","","","","",""
"2020033503","0752","2","0","0","0","0","0","0","0","0","4","0","","67","4","2020","5","40.036732","-75.064498","0729","6","0","0","0","0","0","0","0","0","","0","0","0","","","1","","1","","40 02:12.235","3","0","75 03:52.193","3","0","0","0","67301","0","0","0","N","0","0","0","2","67301","0","","1.0","756.0","1","N","N","N","0","","1","0","0","","2","N","","2","1","1","0","0","0","0","2","0","2","","03","","N","","","","","","","","","",""
"2020030601","1250","1","0","0","0","0","0","0","0","0","4","0","","67","3","2020","7","40.021949","-75.127578","1248","6","0","0","0","0","0","0","0","0","","0","0","0","","","1","","2","","40 01:19.016","3","0","75 07:39.280","3","0","0","0","67301","0","0","0","N","0","0","0","3","67301","0","","1.0","1315.0","9","N","N","N","0","","1","0","1","","0","N","","2","1","0","0","0","0","0","2","0","2","","07","","N","","","","","","","","","",""
"2020027763","1130","0","0","0","0","0","0","0","0","0","8","0","","67","3","2020","2","40.009244","-75.151133","1130","6","0","0","0","0","0","0","0","0","","0","0","0","","","1","","1","","40 00:33.277","","0","75 09:04.079","3","0","0","0","67301","1","0","0","N","1","0","0","2","67301","0","","1.0","","1","N","N","N","0","","1","0","1","","0","","","2","1","0","0","0","0","0","2","0","1","","03","","N","","","","","","","","","",""
"2020032317","2210","1","0","0","0","0","0","0","0","0","7","0","","67","3","2020","5","40.023818","-75.03294","2155","6","0","0","0","0","0","1","0","0","","0","0","0","","","0","N","0","","40 01:25.743","","0","75 01:58.585","0","0","0","0","67301","0","0","0","N","0","0","0","1","68K01","0","","4.0","","1","N","N","N","0","","0","0","0","","0","","","1","0","0","0","0","0","0","2","0","1","","","","N","","","","","","","","","",""
"2020068235","2220","1","0","0","0","0","0","0","0","0","7","0","","67","8","2020","3","39.925339","-75.146594","2217","6","0","0","0","0","0","0","0","0","","0","0","0","","","0","N","0","","39 55:31.220","","0","75 08:47.740","0","0","0","0","67301","0","0","0","N","0","0","0","1","67301","0","","4.0","","1","N","N","N","0","","0","0","0","","0","","","1","0","0","0","0","0","0","2","0","1","","03","","N","","","","","","","","","",""
"2020028824","1745","0","0","0","1","0","0","0","0","0","8","0","","67","3","2020","2","39.946081","-75.242079","1741","6","0","0","0","0","0","0","0","0","","0","0","0","","","1","","1","","39 56:45.891","","0","75 14:31.486","3","0","0","0","67301","1","0","0","N","0","0","0","2","67301","0","","1.0","","9","N","N","N","0","","1","0","1","","2","","","2","1","0","0","0","0","0","2","0","1","","","","N","","","","","","","","","",""
"2020031884","1145","1","0","0","0","0","0","0","0","0","4","0","","67","3","2020","4","39.973555","-75.208895","1137","6","0","0","0","0","0","0","0","0","","0","0","0","","","1","","2","","39 58:24.799","3","0","75 12:32.023","3","0","0","0","67301","0","0","0","N","0","0","0","4","67301","0","","1.0","200.0","1","N","N","N","0","","1","0","1","","2","N","","2","1","0","0","0","0","1","2","0","2","","03","","N","","","","","","","","","",""
"2020028242","2130","0","0","0","0","0","0","0","0","0","7","0","","67","3","2020","4","39.979247","-75.217399","2125","6","0","0","0","0","0","0","1","0","","0","0","0","","","1","N","0","","39 58:45.288","","0","75 13:02.636","4","0","0","0","67301","0","0","0","N","0","0","0","1","67301","1","","2.0","","1","N","N","N","0","","0","0","1","","0","","","1","1","0","0","0","0","0","2","0","1","","03","","N","","","","","","","","","",""
"2020029161","0110","0","0","0","0","0","0","0","0","0","7","0","","67","3","2020","4","39.988737","-75.124586","0109","6","0","0","0","0","0","0","0","0","","0","0","0","","","0","N","0","","39 59:19.454","","0","75 07:28.511","0","0","0","0","67301","0","0","0","N","0","0","0","1","67301","0","","2.0","","1","N","N","N","0","","0","0","0","","3","","","1","0","0","0","0","0","0","2","1","1","","03","","N","","","","","","","","","",""
"2020029689","1846","0","0","0","0","0","0","0","0","0","4","0","","67","3","2020","4","40.009467","-75.084795","1840","6","0","0","0","0","0","1","0","0","","0","0","0","","","1","","5","","40 00:34.081","7","0","75 05:05.261","4","0","0","0","67301","0","0","0","N","0","0","0","2","67301","1","","1.0","1855.0","1","N","N","N","0","","0","0","2","","3","N","","2","1","0","0","0","0","0","2","0","2","","","","N","","","","","","","","","",""
"2020029836","0910","0","0","0","0","0","0","0","0","0","4","0","","67","3","2020","7","39.989348","-75.167307","0908","6","0","0","0","0","0","1","0","0","","0","0","0","","","0","N","1","","39 59:21.653","","0","75 10:02.305","0","0","0","0","67301","0","0","0","N","0","0","0","2","67301","0","","1.0","","9","N","N","N","0","","0","0","1","","2","","","2","0","0","0","0","0","0","2","0","2","","04","","N","","","","","","","","","",""
"2020068439","1552","1","0","0","0","0","0","0","0","0","1","1","","67","8","2020","2","39.947556","-75.191306","1550","6","0","0","0","0","0","0","0","0","","0","1","0","","","0","N","2","","39 56:51.200","","0","75 11:28.700","0","0","0","0","67301","0","0","0","N","0","0","0","2","67504","0","","1.0","","1","N","N","N","0","","0","0","0","","2","","","2","0","1","0","0","0","0","2","0","2","","","","N","","","","","","","","","",""
"2020030282","1305","1","0","0","0","0","0","0","0","0","4","0","","67","3","2020","1","39.963282","-75.238456","1300","6","0","0","0","0","0","1","0","0","","0","0","0","","","1","","1","","39 57:47.815","","0","75 14:18.441","3","0","0","0","67301","0","0","0","N","0","0","0","2","67301","0","","1.0","","1","N","N","N","0","","1","0","1","","2","","","2","1","0","0","0","0","1","2","0","2","","04","","N","","","","","","","","","",""
"2020028402","1310","1","0","0","0","0","0","0","0","0","8","0","","67","3","2020","7","40.029261","-75.163771","1307","6","0","0","0","0","1","0","0","0","","0","0","0","","","1","","1","","40 01:45.341","","0","75 09:49.577","3","0","0","0","67301","1","0","0","N","1","0","0","2","67301","0","","1.0","","1","N","N","N","0","","1","0","0","","2","","","2","1","0","0","0","0","0","2","0","1","","03","","N","","","","","","","","","",""
"2020070049","1605","2","0","0","0","0","0","0","0","0","2","0","","67","8","2020","5","39.932572","-75.230216","1605","6","0","0","0","1","0","1","0","0","","0","0","0","","","1","","1","","39 55:57.258","7","0","75 13:48.778","3","0","0","0","67301","0","0","0","N","0","0","0","4","67301","0","","1.0","200.0","1","N","N","N","0","","1","0","0","","2","Y","","2","1","0","0","0","0","0","2","0","2","","03","","N","","","","","","","","","",""
"2020027528","0847","1","0","0","0","0","0","0","0","0","4","0","","67","3","2020","4","39.958132","-75.150458","0846","6","0","0","0","0","0","0","0","0","","0","0","0","","","1","","1","","39 57:29.275","1","0","75 09:01.648","3","0","0","0","67301","0","0","0","N","0","0","0","2","67301","0","","1.0","1020.0","1","N","N","N","0","","1","0","1","","8","Y","","2","1","0","0","0","0","0","2","0","2","","03","","N","","","","","","","","","",""
"2020069942","0102","2","0","0","0","0","0","0","0","0","5","0","","67","8","2020","7","39.920547","-75.214136","0102","6","0","0","0","0","0","0","0","0","","0","0","0","","","1","N","0","","39 55:13.970","","0","75 12:50.890","3","0","0","0","67301","0","0","0","N","0","0","0","2","67301","0","","1.0","","1","N","N","N","0","","1","0","0","","0","","","3","1","0","0","0","0","1","2","0","3","","03","","N","","","","","","","","","",""
"2020028822","1538","2","0","0","0","0","0","0","0","0","5","0","","67","3","2020","1","40.061264","-75.023839","1535","6","0","0","0","0","0","0","0","1","","0","0","0","","","2","N","0","","40 03:40.550","","0","75 01:25.820","3","0","0","0","67301","0","0","0","N","0","0","0","2","67301","0","","6.0","","1","N","N","N","1","","2","0","1","","9","","","4","2","0","0","0","0","0","2","0","4","","","","N","","","","","","","","","",""
"2020073163","0205","0","0","0","0","0","0","0","0","0","2","0","","67","9","2020","2","40.018713","-75.127176","0159","6","0","0","0","0","0","0","0","0","","0","0","0","","","1","","1","","40 01:07.367","","0","75 07:37.834","4","0","0","0","67301","0","0","0","N","0","0","0","4","67301","1","","1.0","","1","N","N","N","0","","0","0","2","","2","","","2","1","2","0","0","0","2","2","0","2","","03","","N","","","","","","","","","",""
"2020028667","1445","0","0","0","0","0","0","0","0","0","2","0","","67","3","2020","4","39.967636","-75.160199","1440","6","0","0","1","0","0","1","0","0","","0","0","0","","","1","N","0","","39 58:03.489","1","0","75 09:36.717","2","0","0","0","67301","0","0","0","N","0","0","0","2","67301","0","","6.0","1340.0","1","N","N","N","0","","0","1","1","","0","Y","","2","1","0","0","0","0","0","2","0","2","","03","","N","","","","","","","","","",""
"2020069151","0350","0","0","0","0","0","0","1","0","0","1","1","","67","8","2020","4","40.009257","-75.151239","0340","6","0","0","0","0","0","1","0","0","","0","0","0","","","2","N","1","","40 00:33.325","","0","75 09:04.460","4","0","0","0","67301","0","0","0","N","0","0","0","3","67508","2","","1.0","","1","N","N","Y","0","","0","0","1","","2","N","","2","2","0","0","0","0","0","2","0","2","","03","","N","","","","","","","","","",""
"2020029832","2241","1","0","1","0","0","0","0","0","0","4","0","","67","3","2020","5","39.945561","-75.165024","2144","6","0","0","0","0","0","1","0","0","","0","0","0","","","2","","1","","39 56:44.019","","0","75 09:54.085","2","0","0","0","67301","0","0","0","N","0","0","0","4","67301","0","","1.0","","1","N","N","N","0","","1","1","1","","2","","","2","2","0","0","0","0","0","2","0","2","","03","","N","","","","","","","","","",""
"2020030077","0114","2","0","0","0","0","0","0","0","0","6","0","","67","3","2020","1","39.969147","-75.247842","0109","6","0","0","0","0","0","0","0","0","","0","0","0","","","0","N","0","","39 58:08.930","","0","75 14:52.230","0","0","0","0","67301","0","0","0","N","0","0","0","1","67301","0","","6.0","","9","N","N","N","1","","0","0","2","","0","","","5","0","0","0","0","0","0","2","0","5","","","","N","","","","","","","","","",""
"2020069305","0843","0","0","0","0","0","0","0","0","0","5","0","","67","8","2020","5","39.900106","-75.158802","0824","6","0","0","0","0","0","0","0","0","","0","0","0","","","0","N","0","","39 54:00.383","","0","75 09:31.686","0","0","0","0","67301","0","0","0","N","0","0","0","1","68K01","0","","4.0","","9","N","N","N","0","","0","0","1","","8","","","1","0","0","0","0","0","0","2","0","1","","04","","N","","","","","","","","","",""
"2020031072","1547","1","0","0","0","0","0","0","0","0","7","0","","67","3","2020","1","39.996983","-75.196407","1539","6","0","0","0","0","0","0","0","0","","0","0","0","","","0","Y","0","","39 59:49.137","4","0","75 11:47.065","0","0","0","0","67301","0","0","0","N","0","0","0","1","68K01","0","","2.0","1610.0","1","N","N","N","0","","0","0","0","","0","Y","","2","0","0","0","0","0","0","2","0","1","","","","N","","","","","","","","","",""
"2020033525","1900","0","0","0","0","0","0","0","0","0","4","0","","67","4","2020","7","40.01198","-75.135844","1900","6","0","0","0","0","0","0","0","0","","0","0","0","","","1","","1","","40 00:43.128","","0","75 08:09.038","8","0","0","2","67301","0","0","0","N","0","0","0","2","67301","0","","1.0","","1","N","N","N","0","","0","0","0","","2","","","2","1","0","0","0","1","0","2","0","2","","03","","N","","","","","","","","","",""
"2020027761","1446","2","0","0","0","0","0","0","0","0","4","0","","67","3","2020","4","40.042717","-75.143822","1446","6","0","0","0","0","0","0","1","0","","0","0","0","","","1","N","0","","40 02:33.782","","0","75 08:37.759","3","0","0","0","67301","0","0","0","N","0","0","0","2","67301","0","","1.0","","1","N","N","N","0","","1","0","0","","0","","","2","1","0","0","0","0","0","2","0","2","","03","","N","","","","","","","","","",""
"2020031513","1932","1","0","0","0","0","0","0","0","0","7","0","","67","3","2020","1","40.033956","-75.019599","1923","6","0","0","0","0","1","0","0","0","","0","0","0","","","0","N","0","","40 02:02.241","","0","75 01:10.558","0","0","0","0","67301","0","0","0","N","0","0","0","2","68K01","0","","2.0","","9","N","N","N","0","","0","0","0","","0","","","1","0","0","0","0","0","0","2","0","1","","","","N","","","","","","","","","",""
"2020027936","2155","1","0","0","0","0","0","0","0","0","6","0","","67","3","2020","4","40.08382","-75.207834","2145","6","0","0","0","0","0","1","0","0","","0","0","0","","","1","N","0","","40 05:01.753","","0","75 12:28.202","4","0","0","0","67301","0","0","0","N","0","0","0","2","67301","1","","1.0","","1","N","N","N","0","","0","0","1","","0","","","2","1","0","0","0","0","0","2","0","2","","","","N","","","","","","","","","",""
"2020028101","0758","4","0","0","0","0","0","0","0","0","5","0","","67","3","2020","6","39.988344","-75.184633","0752","6","0","0","0","0","0","0","0","0","","0","0","0","","","2","N","0","","39 59:18.040","","0","75 11:04.680","4","0","0","0","67301","0","0","0","N","0","0","0","4","67301","1","","6.0","","9","N","N","N","0","","0","0","0","","0","","","4","2","1","0","0","1","2","2","0","4","","04","","N","","","","","","","","","",""
"2020033724","1502","2","0","0","0","0","0","0","0","0","7","0","","67","3","2020","4","39.974103","-75.118294","1500","6","0","0","0","0","0","0","0","0","","0","0","0","","","0","N","0","","39 58:26.769","2","0","75 07:05.857","0","0","0","0","67301","0","0","0","N","0","0","0","4","68K01","0","","3.0","30.0","9","N","N","N","0","","0","0","0","","0","N","","2","0","0","0","0","0","0","2","0","2","","07","","N","","","","","","","","","",""
"2020068082","1201","1","0","0","0","0","0","0","0","0","0","1","","67","8","2020","6","40.021364","-75.040317","1157","6","0","0","0","1","0","1","0","0","","0","1","0","","","1","N","0","","40 01:16.911","1","0","75 02:25.141","8","0","0","0","67301","0","0","0","N","0","0","0","2","68K01","0","","1.0","30.0","1","N","N","N","0","","0","0","0","","0","N","","2","1","0","0","0","1","0","2","0","2","","","","N","","","","","","","","","",""
"2020069332","0411","1","0","0","0","0","0","0","0","0","7","0","","67","8","2020","3","39.958345","-75.180388","0350","6","0","0","0","0","0","0","0","0","","0","0","0","","","2","N","7","","39 57:30.041","4","2","75 10:49.395","3","0","0","0","67301","0","0","0","Y","0","0","0","2","68K01","0","","7.0","455.0","1","N","N","N","0","","1","0","0","","0","N","","1","2","2","0","0","1","0","2","0","1","","","","N","","","","","","","","","",""
"2020069303","2224","0","0","0","0","0","0","0","0","0","5","0","","67","8","2020","3","39.90358","-75.150308","2224","6","0","0","0","0","0","0","0","0","","0","0","0","","","0","N","0","","39 54:12.889","1","0","75 09:01.108","0","0","0","0","67301","0","0","0","N","0","0","0","1","68K01","0","","1.0","2230.0","1","N","N","N","0","","0","0","1","","0","N","","2","0","0","0","0","0","0","2","0","2","","03","","N","","","","","","","","","",""
"2020034309","0701","2","0","0","0","0","0","0","0","0","4","0","","67","4","2020","6","39.980491","-75.224744","0657","6","0","0","0","0","0","1","1","0","","0","0","0","","","0","","1","","39 58:49.769","","0","75 13:29.078","0","0","0","0","67301","0","0","0","N","0","0","0","2","67301","0","","1.0","","1","N","N","N","0","","0","0","0","","2","","","2","0","0","0","0","0","0","2","0","2","","03","","N","","","","","","","","","",""
"2020031116","1705","0","0","0","0","0","0","0","0","0","7","0","","67","3","2020","4","40.073069","-75.242858","1700","6","0","0","0","0","0","0","0","0","","0","0","0","","","0","N","0","","40 04:23.050","","99","75 14:34.290","0","0","0","0","67301","0","0","0","N","0","0","0","1","67301","0","","5.0","","1","N","N","N","0","","0","0","1","","9","","","1","0","0","0","0","0","0","2","0","1","","03","","N","","","","","","","","","",""
"2020029835","1159","0","0","0","0","0","0","0","0","0","4","0","","67","3","2020","5","39.99562","-75.167583","1156","6","0","0","0","0","0","0","0","0","","0","0","0","","","2","","1","","39 59:44.232","","0","75 10:03.297","4","0","0","0","67301","0","0","0","N","0","0","0","3","67301","2","","1.0","","1","N","N","N","0","","0","0","1","","2","","","2","2","0","0","0","0","0","2","1","2","","","","N","","","","","","","","","",""
"2020069618","1848","1","0","0","0","0","0","0","0","0","1","0","","67","8","2020","2","39.95325","-75.240578","1848","6","0","0","1","0","0","1","0","0","","0","0","0","","","1","N","0","","39 57:11.700","","0","75 14:26.080","8","0","0","0","67301","0","0","0","N","0","0","0","3","67301","0","","1.0","","1","N","N","N","1","","0","0","0","","0","","","2","1","1","0","0","1","0","2","0","2","","03","","N","","","","","","","","","",""
"2020030271","0730","2","0","0","0","0","0","0","0","0","4","0","","67","3","2020","7","40.056814","-75.047008","0714","6","0","0","0","0","0","1","0","0","","0","0","0","","","2","","1","","40 03:24.532","2","0","75 02:49.228","3","0","0","0","67301","0","0","0","N","0","0","0","4","67301","0","","1.0","900.0","9","N","N","N","0","","2","0","1","","2","N","","3","2","0","0","0","0","0","2","0","3","","","","N","","","","","","","","","",""
"2020037534","2107","2","0","0","0","0","0","0","0","0","4","0","","67","3","2020","2","39.981202","-75.206823","2106","6","0","0","0","0","0","0","0","0","","0","0","0","","","1","N","0","","39 58:52.326","3","3","75 12:24.564","4","0","0","0","67301","0","0","0","N","0","0","0","5","68K01","1","","2.0","2134.0","9","N","N","N","0","","0","0","1","","0","N","","3","1","0","0","0","0","0","2","0","3","","03","","N","","","","","","","","","",""
"2020067835","1443","1","0","0","0","0","0","0","0","0","5","0","","67","8","2020","4","39.958272","-75.236084","1442","6","0","0","0","0","0","0","0","0","","0","0","0","","","1","N","0","","39 57:29.780","","0","75 14:09.904","4","0","0","0","67301","0","0","0","N","0","0","0","2","67301","1","","1.0","","9","N","N","N","0","","0","0","1","","0","","","2","1","0","0","0","0","0","2","0","2","","03","","N","","","","","","","","","",""
"2020032368","0654","1","0","0","0","0","0","0","0","0","5","0","","67","3","2020","5","39.946469","-75.142139","0642","6","0","0","0","0","0","1","0","0","","0","0","0","","","1","N","0","","39 56:47.288","","1","75 08:31.700","3","0","0","0","67301","0","0","0","N","0","0","0","2","68K01","0","","1.0","","9","N","N","N","0","","1","0","1","","0","","","2","1","0","0","0","0","0","2","0","2","","","","N","","","","","","","","","",""
"2020032326","2118","1","0","0","0","0","0","0","0","0","7","0","","67","3","2020","2","39.901793","-75.151609","2111","6","0","0","0","0","0","0","0","0","","0","0","0","","","0","N","0","","39 54:06.456","","0","75 09:05.794","0","0","0","0","67301","0","0","0","N","0","0","0","1","68K01","0","","2.0","","9","N","N","N","0","","0","0","0","","0","","","1","0","0","0","0","0","0","2","0","1","","","","N","","","","","","","","","",""
"2020027759","2123","1","0","0","0","0","0","0","0","0","4","0","","67","3","2020","4","39.94998","-75.222934","2123","6","0","0","0","0","0","0","1","0","","0","0","0","","","1","","1","","39 56:59.928","","0","75 13:22.562","3","0","0","0","67301","0","0","0","N","0","0","0","3","67301","0","","1.0","","1","N","N","N","0","","1","0","1","","3","","","2","1","3","0","0","0","0","2","0","2","","03","","N","","","","","","","","","",""
"2020026551","0020","1","0","0","0","0","0","0","0","0","4","0","","67","3","2020","1","40.065126","-75.185775","0015","6","0","0","0","0","0","0","1","0","","0","0","0","","","1","","1","","40 03:54.455","","0","75 11:08.790","3","0","0","0","67301","0","0","0","N","0","0","0","3","67301","0","","1.0","","9","N","N","N","0","","1","0","0","","3","","","2","1","0","0","0","0","0","2","1","2","","","","N","","","","","","","","","",""