"CRN","ARRIVAL_TM","AUTOMOBILE_COUNT","BELTED_DEATH_COUNT","BELTED_SUSP_SERIOUS_INJ_COUNT","BICYCLE_COUNT","BICYCLE_DEATH_COUNT","BICYCLE_SUSP_SERIOUS_INJ_COUNT","BUS_COUNT","CHLDPAS_DEATH_COUNT","CHLDPAS_SUSP_SERIOUS_INJ_COUNT","COLLISION_TYPE","COMM_VEH_COUNT","CONS_ZONE_SPD_LIM","COUNTY","CRASH_MONTH","CRASH_YEAR","DAY_OF_WEEK","DEC_LATITUDE","DEC_LONGITUDE","DISPATCH_TM","DISTRICT","DRIVER_COUNT_16YR","DRIVER_COUNT_17YR","DRIVER_COUNT_18YR","DRIVER_COUNT_19YR","DRIVER_COUNT_20YR","DRIVER_COUNT_50_64YR","DRIVER_COUNT_65_74YR","DRIVER_COUNT_75PLUS","EST_HRS_CLOSED","FATAL_COUNT","HEAVY_TRUCK_COUNT","HORSE_BUGGY_COUNT","HOUR_OF_DAY","ILLUMINATION","INJURY_COUNT","INTERSECTION_RELATED","INTERSECT_TYPE","LANE_CLOSED","LATITUDE","LN_CLOSE_DIR","LOCATION_TYPE","LONGITUDE","MAX_SEVERITY_LEVEL","MCYCLE_DEATH_COUNT","MCYCLE_SUSP_SERIOUS_INJ_COUNT","MOTORCYCLE_COUNT","MUNICIPALITY","NONMOTR_COUNT","NONMOTR_DEATH_COUNT","NONMOTR_SUSP_SERIOUS_INJ_COUNT","NTFY_HIWY_MAINT","PED_COUNT","PED_DEATH_COUNT","PED_SUSP_SERIOUS_INJ_COUNT","PERSON_COUNT","POLICE_AGCY","POSSIBLE_INJ_COUNT","RDWY_SURF_TYPE_CD","RELATION_TO_ROAD","ROADWAY_CLEARED","ROAD_CONDITION","SCH_BUS_IND","SCH_ZONE_IND","SECONDARY_CRASH","SMALL_TRUCK_COUNT","SPEC_JURIS_CD","SUSP_MINOR_INJ_COUNT","SUSP_SERIOUS_INJ_COUNT","SUV_COUNT","TCD_FUNC_CD","TCD_TYPE","TFC_DETOUR_IND","TIME_OF_DAY","TOTAL_UNITS","TOT_INJ_COUNT","UNBELTED_OCC_COUNT","UNB_DEATH_COUNT","UNB_SUSP_SERIOUS_INJ_COUNT","UNK_INJ_DEG_COUNT","UNK_INJ_PER_COUNT","URBAN_RURAL","VAN_COUNT","VEHICLE_COUNT","WEATHER1","WEATHER2","WORKERS_PRES","WORK_ZONE_IND","WORK_ZONE_LOC","WORK_ZONE_TYPE","WZ_CLOSE_DETOUR","WZ_FLAGGER","WZ_LAW_OFFCR_IND","WZ_LN_CLOSURE","WZ_MOVING","WZ_OTHER","WZ_SHLDER_MDN","WZ_WORKERS_INJ_KILLED"
"2020027045","0916","2","0","0","0","0","0","0","0","0","4","0","","67","3","2020","2","40.031716","-75.14254","0916","6","0","0","0","0","0","0","0","0","","0","0","0","","","1","","1","","40 01:54.177","","0","75 08:33.144","3","0","0","0","67301","0","0","0","N","0","0","0","2","67301","0","","1.0","","1","N","N","N","0","","1","0","0","","3","","","2","1","0","0","0","0","0","2","0","2","","03","","N","","","","","","","","","",""
"2020028404","1026","1","0","0","0","0","0","0","0","0","4","0","","67","3","2020","4","39.996251","-75.124277","1026","6","0","0","0","0","0","1","0","0","","0","0","0","","","2","","1","","39 59:46.503","","0","75 07:27.397","8","0","0","0","67301","0","0","0","N","0","0","0","5","67301","0","","1.0","","1","N","N","N","0","","0","0","1","","3","","","2","2","0","0","0","2","0","2","0","2","","03","","N","","","","","","","","","",""
"2020073072","1942","2","0","0","0","0","0","0","0","0","2","0","","67","9","2020","5","40.02659","-75.169862","1940","6","0","0","0","0","0","0","0","1","","0","0","0","","","1","N","0","","40 01:35.723","5","0","75 10:11.503","4","0","0","0","67301","0","0","0","N","0","0","0","2","67301","1","","1.0","2030.0","9","N","N","N","0","","0","0","0","","0","Y","","2","1","0","0","0","0","0","2","0","2","","07","","N","","","","","","","","","",""
"2020029340","0338","1","0","0","0","0","0","0","0","0","7","0","","67","3","2020","5","39.892173","-75.197946","0319","6","0","0","0","0","0","0","0","0","","0","0","0","","","0","N","0","","39 53:31.824","2","0","75 11:52.604","0","0","0","0","67301","0","0","0","N","0","0","0","1","68K01","0","","4.0","345.0","9","N","N","N","0","","0","0","0","","0","N","","1","0","0","0","0","0","0","2","0","1","","","","N","","","","","","","","","",""
"2020068652","2029","1","0","0","0","0","0","0","0","0","7","0","","67","8","2020","2","40.018852","-75.190131","2027","6","0","0","0","0","0","0","0","0","","0","0","0","","","1","N","0","","40 01:07.866","2","0","75 11:24.473","3","0","0","0","67301","0","0","0","N","0","0","0","3","67301","0","","2.0","1030.0","1","N","N","N","0","","1","0","0","","0","Y","","1","1","0","0","0","0","2","2","0","1","","","","N","","","","","","","","","",""
"2020028243","0215","0","0","0","0","0","0","0","0","0","8","0","","67","3","2020","5","39.964898","-75.224562","0208","6","0","0","0","0","0","0","0","0","","0","0","0","","","1","","1","","39 57:53.634","","0","75 13:28.424","8","0","0","0","67301","1","0","0","N","1","0","0","2","67301","0","","1.0","","99","N","N","N","0","","0","0","0","","2","","","2","1","0","0","0","1","0","2","0","1","","","","N","","","","","","","","","",""
"2020027136","0359","0","0","0","0","0","0","0","0","0","7","0","","67","3","2020","2","39.97601","-75.195377","0353","6","0","0","0","0","0","0","0","0","","0","0","0","","","1","N","0","","39 58:33.635","3","0","75 11:43.356","3","0","0","0","67301","0","0","0","N","0","0","0","1","68K01","0","","5.0","30.0","1","N","N","N","0","","1","0","1","","0","N","","1","1","0","0","0","0","0","2","0","1","","","","N","","","","","","","","","",""
"2020030010","1348","1","0","0","0","0","0","0","0","0","4","0","","67","3","2020","7","40.039341","-75.184832","1324","6","0","0","0","0","0","0","0","0","","0","0","0","","","2","","1","","40 02:21.627","","0","75 11:05.396","3","0","0","0","67301","0","0","0","N","0","0","0","2","67301","0","","1.0","","9","N","N","N","0","","2","0","1","","2","","","2","2","0","0","0","0","0","2","0","2","","04","","N","","","","","","","","","",""
"2020068511","2349","3","0","0","0","0","0","0","0","0","5","0","","67","8","2020","1","40.03732","-75.013284","2344","6","0","0","0","1","0","0","0","0","","0","0","0","","","0","N","0","","40 02:14.352","","0","75 00:47.822","0","0","0","0","67301","0","0","0","N","0","0","0","7","68K01","0","","1.0","","9","N","N","N","0","","0","0","0","","0","","","3","0","0","0","0","0","0","2","0","3","","03","","N","","","","","","","","","",""
"2020026634","1352","1","0","0","0","0","0","0","0","0","4","0","","67","3","2020","1","39.954283","-75.228102","1345","6","0","0","0","1","0","0","0","0","","0","0","0","","","1","","1","","39 57:15.418","","0","75 13:41.167","8","0","0","0","67301","0","0","0","N","0","0","0","5","67301","0","","1.0","","1","N","N","N","0","","0","0","1","","0","","","2","1","0","0","0","1","3","2","0","2","","03","","N","","","","","","","","","",""
"2020030008","1540","1","0","0","0","0","0","0","0","0","4","0","","67","3","2020","6","39.918225","-75.208762","1530","6","0","0","0","0","0","1","0","0","","0","0","0","","","2","","2","","39 55:05.610","","6","75 12:31.544","3","0","0","0","67301","0","0","0","N","0","0","0","2","67301","0","","1.0","","1","N","N","N","0","","2","0","1","","2","","","2","2","0","0","0","0","0","2","0","2","","03","","N","","","","","","","","","",""
"2020069321","1929","2","0","0","0","0","0","0","0","0","1","0","","67","8","2020","6","39.989357","-75.206395","1845","6","0","0","0","1","0","1","0","0","","0","0","0","","","1","N","6","","39 59:21.686","","2","75 12:23.023","8","0","0","0","67301","0","0","0","N","0","0","0","2","68K01","0","","1.0","","9","N","N","N","0","","0","0","0","","0","","","2","1","0","0","0","1","0","2","0","2","","","","N","","","","","","","","","",""
"2020068253","2125","1","0","0","0","0","0","0","0","0","6","0","","67","8","2020","7","39.979524","-75.253502","2124","6","0","0","0","0","0","0","0","0","","0","0","0","","","0","N","1","","39 58:46.286","","0","75 15:12.607","0","0","0","0","67301","0","0","0","N","0","0","0","1","67301","0","","1.0","","1","N","N","N","0","","0","0","1","","0","","","2","0","0","0","0","0","0","2","0","2","","","","N","","","","","","","","","",""
"2020037533","2030","1","0","0","0","0","0","0","0","0","7","0","","67","3","2020","2","39.981216","-75.20684","2026","6","0","0","0","0","0","0","0","0","","0","0","0","","","1","N","0","","39 58:52.378","","3","75 12:24.623","4","0","0","0","67301","0","0","0","N","0","0","0","1","68K01","1","","4.0","","9","N","N","N","0","","0","0","0","","0","","","1","1","0","0","0","0","0","2","0","1","","","","N","","","","","","","","","",""
"2020027712","1100","1","0","0","0","0","0","0","0","0","4","0","","67","3","2020","3","40.081908","-75.171634","1055","6","0","0","0","0","0","0","1","0","","0","0","0","","","1","","1","","40 04:54.867","","0","75 10:17.881","3","0","0","0","67301","0","0","0","N","0","0","0","2","67301","0","","1.0","","9","N","N","N","0","","1","0","1","","2","","","2","1","0","0","0","0","0","2","0","2","","07","","N","","","","","","","","","",""
"2020068073","1255","1","0","0","0","0","0","0","0","0","1","0","","67","8","2020","3","39.95767","-75.160332","1251","6","0","0","0","0","0","0","0","1","","0","0","0","","","0","N","0","","39 57:27.611","","0","75 09:37.195","0","0","0","0","67301","0","0","0","N","0","0","0","2","68K01","0","","1.0","","1","N","N","N","0","","0","0","1","","0","","","2","0","0","0","0","0","0","2","0","2","","","","N","","","","","","","","","",""
"2020028996","0045","1","0","0","0","0","0","0","0","0","7","0","","67","3","2020","2","39.968083","-75.196933","0045","6","0","0","0","0","0","0","0","0","","0","0","0","","","1","N","0","","39 58:05.100","","0","75 11:48.960","3","0","0","0","67301","0","0","0","N","0","0","0","2","67301","0","","5.0","","1","N","N","N","0","","1","0","0","","0","","","1","1","2","0","0","0","1","2","0","1","","03","","N","","","","","","","","","",""
"2020069744","1830","0","0","0","0","0","0","0","0","0","8","0","","67","8","2020","5","39.991569","-75.136583","1830","6","0","0","0","0","0","0","0","0","","0","0","0","","","1","N","0","","39 59:29.648","","0","75 08:11.699","3","0","0","0","67301","1","0","0","N","1","0","0","1","67301","0","","1.0","","1","N","N","N","0","","1","0","0","","0","","","2","1","0","0","0","0","0","2","0","1","","","","N","","","","","","","","","",""
"2020030109","1747","1","0","0","0","0","0","0","0","0","6","0","","67","3","2020","1","39.987748","-75.105653","1747","6","0","0","0","0","0","0","0","0","","0","0","0","","","0","N","0","","39 59:15.891","","0","75 06:20.349","0","0","0","0","67301","0","0","0","N","0","0","0","2","67301","0","","1.0","","1","N","N","N","0","","0","0","0","","0","","","2","0","1","0","0","0","0","2","1","2","","04","","N","","","","","","","","","",""
"2020027531","1225","0","0","0","0","0","0","0","0","0","4","1","","67","3","2020","4","39.967208","-75.145742","1220","6","0","0","0","0","0","0","0","0","","0","1","0","","","0","N","0","","39 58:01.950","","7","75 08:44.670","0","0","0","0","67301","0","0","0","N","0","0","0","1","67301","0","","6.0","","1","N","N","N","0","","0","0","1","","0","","","2","0","1","0","0","0","0","2","0","2","","03","","N","","","","","","","","","",""
"2020067675","0055","2","0","0","0","0","0","0","0","0","2","0","","67","8","2020","7","39.923728","-75.169752","0055","6","0","0","0","0","0","0","0","0","","0","0","0","","","1","N","0","","39 55:25.419","1","0","75 10:11.106","8","0","0","0","67301","0","0","0","N","0","0","0","2","67505","0","","1.0","130.0","1","N","N","N","0","","0","0","0","","0","N","","2","1","1","0","0","1","1","2","0","2","","03","","N","","","","","","","","","",""
"2020032319","1325","1","0","0","0","0","0","0","0","0","7","0","","67","3","2020","2","39.886757","-75.205787","1315","6","0","0","0","0","0","0","0","0","","0","0","0","","","0","N","0","","39 53:12.324","","0","75 12:20.833","0","0","0","0","67301","0","0","0","N","0","0","0","2","68K01","0","","2.0","","9","N","N","N","0","","0","0","0","","0","","","1","0","0","0","0","0","0","2","0","1","","07","","N","","","","","","","","","",""
"2020031445","0240","3","0","0","0","0","0","0","0","0","4","0","","67","3","2020","1","40.032778","-75.072292","0231","6","0","0","0","0","0","1","0","0","","0","0","0","","","0","","1","","40 01:58.001","","0","75 04:20.252","0","0","0","0","67301","0","0","0","N","0","0","0","2","67301","0","","1.0","","9","N","N","N","1","","0","0","1","","2","","","5","0","0","0","0","0","0","2","0","5","","","","N","","","","","","","","","",""
"2020068651","1435","2","0","0","0","0","0","0","0","0","4","0","","67","8","2020","2","40.027807","-75.176053","1432","6","0","0","0","0","0","1","0","0","","0","0","0","","","2","","1","","40 01:40.105","","0","75 10:33.790","3","0","0","0","67301","0","0","0","N","0","0","0","2","67301","0","","1.0","","1","N","N","N","0","","2","0","0","","3","","","2","2","0","0","0","0","0","2","0","2","","","","N","","","","","","","","","",""
"2020067936","2041","1","0","0","0","0","0","1","0","0","1","1","","67","8","2020","2","39.975085","-75.194986","2031","6","0","0","0","0","0","0","0","0","","0","0","0","","","1","N","1","","39 58:30.307","","0","75 11:41.951","8","0","0","0","67301","0","0","0","N","0","0","0","2","67508","0","","1.0","","1","N","N","Y","0","","0","0","0","","2","","","2","1","0","0","0","1","0","2","0","2","","03","","N","","","","","","","","","",""
"2020068069","2128","2","0","0","0","0","0","0","0","0","1","0","","67","7","2020","4","39.959795","-75.177184","2125","6","0","0","0","0","0","1","0","0","","0","0","0","","","0","N","0","","39 57:35.261","4","0","75 10:37.863","0","0","0","0","67301","0","0","0","N","0","0","0","2","68K01","0","","1.0","30.0","1","N","N","N","0","","0","0","0","","0","N","","2","0","0","0","0","0","0","2","0","2","","03","","N","","","","","","","","","",""
"2020034415","1740","1","0","0","0","0","0","0","0","0","4","0","","67","4","2020","4","39.931837","-75.15942","1740","6","0","0","0","1","0","0","0","0","","0","0","0","","","1","","1","","39 55:54.614","","0","75 09:33.911","3","0","0","0","67301","0","0","0","N","0","0","0","2","67301","0","","1.0","","1","N","N","N","1","","1","0","0","","3","","","2","1","1","0","0","0","0","2","0","2","","03","","N","","","","","","","","","",""
"2020032174","1417","1","0","0","0","0","0","0","0","0","7","0","","67","3","2020","2","39.887178","-75.204883","1410","6","0","0","0","0","0","0","0","0","","0","0","0","","","0","Y","0","","39 53:13.841","2","0","75 12:17.578","0","0","0","0","67301","0","0","0","N","0","0","0","1","68K01","0","","2.0","1427.0","9","N","N","N","0","","0","0","0","","0","N","","1","0","0","0","0","0","0","2","0","1","","05","","N","","","","","","","","","",""
"2020067668","1630","2","0","0","0","0","0","0","0","0","5","0","","67","8","2020","4","39.964333","-75.234464","1630","6","0","0","0","0","0","0","0","0","","0","0","0","","","0","N","0","","39 57:51.600","","0","75 14:04.070","9","0","0","0","67301","0","0","0","N","0","0","0","1","67301","0","","1.0","","1","N","N","N","0","","0","0","0","","0","","","2","0","0","0","0","0","1","2","0","2","","03","","N","","","","","","","","","",""
"2020030863","1903","0","0","0","0","0","0","0","0","0","4","0","","67","3","2020","6","39.944662","-75.165226","1733","6","0","0","0","0","0","0","0","1","","0","0","0","","","1","","1","","39 56:40.784","","0","75 09:54.813","3","0","0","1","67301","0","0","0","N","0","0","0","2","67301","0","","1.0","","1","N","N","N","0","","1","0","1","","2","","","2","1","0","0","0","0","0","2","0","2","","03","","N","","","","","","","","","",""
"2020032077","1714","2","0","0","0","0","0","0","0","0","4","0","","67","3","2020","1","39.960706","-75.236993","1713","6","0","0","0","0","1","0","0","0","","0","0","0","","","2","","1","","39 57:38.541","5","0","75 14:13.174","4","0","0","0","67301","0","0","0","N","0","0","0","2","67301","2","","1.0","1914.0","1","N","N","N","0","","0","0","0","","3","N","","3","2","0","0","0","0","0","2","1","3","","03","","N","","","","","","","","","",""
"2020068087","0803","1","0","0","0","0","0","0","0","0","5","0","","67","8","2020","7","39.920881","-75.148146","0752","6","0","0","0","0","0","0","0","0","","0","0","0","","","0","N","0","","39 55:15.172","","0","75 08:53.325","0","0","0","0","67301","0","0","0","N","0","0","0","2","68K01","0","","1.0","","1","N","Y","N","0","","0","0","1","","0","","","2","0","0","0","0","0","0","2","0","2","","","","N","","","","","","","","","",""
"2020029160","1825","3","0","0","0","0","0","0","0","0","2","0","","67","3","2020","3","40.031784","-75.031934","1822","6","0","0","0","0","0","0","0","0","","0","0","0","","","0","N","1","","40 01:54.422","","0","75 01:54.962","0","0","0","1","67301","0","0","0","N","0","0","0","2","67301","0","","1.0","","1","N","N","N","0","","0","0","0","","0","","","4","0","0","0","0","0","0","2","0","4","","03","","N","","","","","","","","","",""
"2020033547","1110","0","0","0","0","0","0","0","0","0","8","0","","67","3","2020","4","39.97406","-75.22773","1109","6","0","0","0","0","0","0","0","0","","0","0","0","","","1","","1","","39 58:26.615","","6","75 13:39.827","3","0","0","0","67301","1","0","0","N","1","0","0","2","67301","0","","1.0","","1","N","N","N","0","","1","0","0","","3","","","2","1","0","0","0","0","0","2","0","1","","03","","N","","","","","","","","","",""
"2020029645","2127","2","0","0","0","0","0","0","0","0","1","0","","67","3","2020","5","40.076534","-75.032678","2122","6","0","0","0","0","0","1","0","0","","0","0","0","","","0","Y","0","","40 04:35.523","1","0","75 01:57.640","0","0","0","0","67301","0","0","0","N","0","0","0","2","67301","0","","1.0","30.0","1","N","N","Y","0","","0","0","0","","2","N","","2","0","0","0","0","0","0","2","0","2","","03","","N","","","","","","","","","",""
"2020027041","1020","0","0","0","0","0","0","0","0","0","4","0","","67","3","2020","2","39.957799","-75.147108","1010","6","0","0","0","0","0","1","0","0","","0","0","0","","","0","","1","","39 57:28.076","","0","75 08:49.588","0","0","0","0","67301","0","0","0","N","0","0","0","2","67301","0","","1.0","","1","N","N","N","0","","0","0","2","","2","","","2","0","0","0","0","0","0","2","0","2","","03","","N","","","","","","","","","",""
"2020069262","1133","1","0","0","0","0","0","0","0","0","8","0","","67","8","2020","3","40.046738","-75.142945","1133","6","0","0","0","0","0","0","0","0","","0","0","0","","","2","N","0","","40 02:48.258","","0","75 08:34.602","2","0","0","0","67301","2","0","1","N","2","0","1","3","67301","0","","1.0","","1","N","N","N","0","","1","1","0","","0","","","3","2","0","0","0","0","1","2","0","1","","03","","N","","","","","","","","","",""
"2020002203","2332","1","0","0","0","0","0","0","0","0","7","0","","67","1","2020","7","39.960048","-75.180103","2332","6","0","0","0","0","0","0","0","0","2","0","0","0","","","0","N","0","","39 57:36.173","3","0","75 10:48.372","0","0","0","0","67301","0","0","0","N","0","0","0","1","68K01","0","","3.0","9999.0","9","N","N","N","0","","0","0","0","","0","N","","1","0","0","0","0","0","0","2","0","1","","","","N","","","","","","","","","",""
"2020006081","2041","1","0","0","0","0","0","0","0","0","4","0","","67","1","2020","4","40.048643","-75.076853","2035","6","0","0","0","1","0","0","0","0","","0","0","0","","","1","","1","","40 02:55.114","3","0","75 04:36.670","2","0","1","1","67301","0","0","0","N","0","0","0","2","67301","0","","1.0","2130.0","1","N","N","N","0","","0","1","0","","2","N","","2","1","0","0","0","0","0","2","0","2","","","","N","","","","","","","","","",""
"2020007838","1630","2","0","0","0","0","0","0","0","0","1","0","","67","1","2020","5","40.021776","-75.139679","1630","6","0","0","0","0","0","0","0","0","","0","0","0","","","2","N","0","","40 01:18.394","","0","75 08:22.846","8","0","0","0","67301","0","0","0","N","0","0","0","2","67301","0","","1.0","","1","N","N","N","0","","0","0","0","","2","","","2","2","0","0","0","2","0","2","0","2","","03","","N","","","","","","","","","",""
"2020019698","0920","2","0","0","0","0","0","0","0","0","5","0","","67","1","2020","7","39.950883","-75.141578","0902","6","0","0","0","0","1","0","0","0","","0","0","0","","","2","N","0","","39 57:03.177","2","0","75 08:29.681","4","0","0","0","67301","0","0","0","N","0","0","0","2","68K01","1","","1.0","1000.0","9","N","N","N","0","","0","0","0","","0","N","","2","2","0","0","0","1","0","2","0","2","","","","N","","","","","","","","","",""
"2020019177","0636","2","0","0","0","0","0","0","0","0","1","0","","67","1","2020","4","40.009653","-75.205729","0634","6","0","0","0","0","0","0","0","0","","0","0","0","","","2","N","0","","40 00:34.751","4","0","75 12:20.624","4","0","0","0","67301","0","0","0","N","0","0","0","2","68K01","2","","1.0","652.0","1","N","N","N","0","","0","0","0","","0","N","","2","2","1","0","0","0","0","2","0","2","","","","N","","","","","","","","","",""
"2020002077","1542","2","0","0","0","0","0","0","0","0","1","0","","67","1","2020","1","40.093663","-75.031141","1542","6","0","0","0","0","0","0","0","1","","0","0","0","","","2","Y","0","","40 05:37.185","","0","75 01:52.109","3","0","0","0","67301","0","0","0","N","0","0","0","4","67301","0","","1.0","","1","N","N","N","0","","2","0","1","","2","","","3","2","0","0","0","0","0","2","0","3","","03","","N","","","","","","","","","",""
"2020048141","0235","1","0","0","0","0","0","0","0","0","8","0","","67","6","2020","5","40.049663","-75.171639","0235","6","0","0","0","0","0","0","0","0","","0","0","0","","","1","N","0","","40 02:58.786","","0","75 10:17.899","3","0","0","0","67301","1","0","0","N","1","0","0","1","67301","0","","1.0","","1","N","N","N","0","","1","0","0","","0","U","","2","1","0","0","0","0","0","2","0","1","","03","","N","","","","","","","","","",""
"2020014704","0845","1","0","0","0","0","0","0","0","0","7","0","","67","1","2020","4","40.018718","-75.101737","0840","6","0","0","0","0","1","0","0","0","","0","0","0","","","0","","1","","40 01:07.384","","0","75 06:06.253","0","0","0","0","67301","0","0","0","N","0","0","0","1","67301","0","","4.0","","1","N","N","N","0","","0","0","0","","2","","","1","0","1","0","0","0","0","2","0","1","","","","N","","","","","","","","","",""
"2020047784","1522","0","0","0","0","0","0","0","0","0","1","0","","67","6","2020","4","39.996002","-75.082774","1522","6","0","0","0","0","0","2","0","0","","0","0","0","","","0","N","0","","39 59:45.607","","0","75 04:57.986","0","0","0","0","67301","0","0","0","N","0","0","0","3","68K01","0","","1.0","","1","N","N","N","1","","0","0","2","","0","","","3","0","0","0","0","0","0","2","0","3","","03","","N","","","","","","","","","",""
"2020046151","2050","1","0","0","0","0","0","0","0","0","4","0","","67","6","2020","6","40.045472","-75.164822","2050","6","0","0","0","0","0","2","0","0","","0","0","0","","","0","","1","","40 02:43.700","","0","75 09:53.358","0","0","0","0","67301","0","0","0","N","0","0","0","3","67301","0","","1.0","","1","N","N","N","0","","0","0","1","","2","","","2","0","0","0","0","0","0","2","0","2","","03","","N","","","","","","","","","",""
"2020004292","0123","2","0","0","0","0","0","0","0","0","4","0","","67","1","2020","1","40.02346","-75.139367","0123","6","0","0","0","0","0","0","0","0","","0","0","0","","","2","","1","","40 01:24.455","","0","75 08:21.721","3","0","0","0","67301","0","0","0","N","0","0","0","5","67301","1","","1.0","","9","N","N","N","0","","1","0","0","","2","","","2","2","0","0","0","0","0","2","0","2","","07","","N","","","","","","","","","",""
"2020047785","1843","1","0","0","0","0","0","0","0","0","1","0","","67","6","2020","4","39.961114","-75.139986","1823","6","0","0","0","1","0","0","0","0","","0","0","0","","","2","N","0","","39 57:40.009","1","0","75 08:23.950","8","0","0","0","67301","0","0","0","N","0","0","0","5","68K01","0","","1.0","655.0","1","N","N","N","0","","0","0","1","","0","N","","3","2","0","0","0","2","0","2","1","3","","03","","N","","","","","","","","","",""
"2020002459","0231","1","0","0","0","0","0","0","0","0","4","0","","67","1","2020","1","39.947968","-75.172756","0226","6","0","0","0","0","0","0","0","0","","0","0","0","","","4","","1","","39 56:52.685","","0","75 10:21.920","8","0","0","0","67301","0","0","0","N","0","0","0","5","67301","0","","1.0","","1","N","N","N","0","","0","0","1","","2","","","2","4","0","0","0","4","1","2","0","2","","","","N","","","","","","","","","",""
"2020005202","0102","1","0","0","0","0","0","0","0","0","4","0","","67","1","2020","3","39.953327","-75.183701","0102","6","0","0","0","0","0","0","0","0","","0","0","0","","","2","","1","","39 57:11.978","","0","75 11:01.324","3","0","0","0","67301","0","0","0","N","0","0","0","4","67301","0","","1.0","","1","N","N","N","0","","2","0","1","","2","","","2","2","1","0","0","0","0","2","0","2","","03","","N","","","","","","","","","",""
"2020001967","1445","2","0","0","0","0","0","0","0","0","4","0","","67","1","2020","7","39.975156","-75.188114","1437","6","0","0","0","0","0","0","0","0","","0","0","0","","","1","","3","","39 58:30.561","4","0","75 11:17.209","8","0","0","0","67301","0","0","0","N","0","0","0","3","67301","0","","1.0","1536.0","9","N","N","N","0","","0","0","1","","2","N","","3","1","0","0","0","1","0","2","0","3","","04","","N","","","","","","","","","",""
"2020001425","0800","2","0","0","0","0","0","0","0","0","5","0","","67","1","2020","1","40.068414","-75.159944","0800","6","0","0","0","0","0","0","0","0","","0","0","0","","","0","N","0","","40 04:06.290","","0","75 09:35.800","0","0","0","0","67301","0","0","0","N","0","0","0","1","67301","0","","6.0","","1","N","N","N","0","","0","0","1","","3","","","3","0","0","0","0","0","0","2","0","3","","03","","N","","","","","","","","","",""
"2020011163","1604","0","0","0","0","0","0","0","0","0","4","0","","67","1","2020","4","39.8902","-75.22068","1553","6","0","0","0","0","0","1","0","0","","0","0","0","","","3","N","0","","39 53:24.719","1","0","75 13:14.447","4","0","0","0","67301","0","0","0","N","0","0","0","5","68K01","1","","1.0","1635.0","1","N","N","N","1","","0","0","2","","0","N","","3","3","1","0","0","2","1","2","0","3","","","","N","","","","","","","","","",""
"2020009267","0155","0","0","0","0","0","0","0","0","0","5","0","","67","1","2020","6","40.009936","-75.157639","0155","6","0","0","0","0","0","0","0","0","","0","0","0","","","1","N","0","","40 00:35.770","","0","75 09:27.500","3","0","0","0","67301","0","0","0","N","0","0","0","1","67301","0","","6.0","","1","N","N","N","0","","1","0","2","","0","","","3","1","1","0","0","0","0","2","1","3","","03","","N","","","","","","","","","",""
"2020046934","0708","2","0","0","0","0","0","0","0","0","5","1","","67","6","2020","3","40.001519","-75.152291","0706","6","0","0","0","0","1","0","0","0","","0","0","0","","","1","N","0","","40 00:05.468","","0","75 09:08.247","4","0","0","0","67301","0","0","0","N","0","0","0","2","67301","1","","6.0","","1","N","N","N","0","","0","0","0","","2","","","3","1","0","0","0","0","0","2","1","3","","03","","N","","","","","","","","","",""
"2020013757","1249","1","0","0","0","0","0","0","0","0","1","0","","67","1","2020","4","39.960099","-75.17967","1249","6","0","0","0","0","1","0","0","0","2","0","0","0","","","0","N","0","","39 57:36.357","4","0","75 10:46.811","0","0","0","0","67301","0","0","0","N","0","0","0","2","68K01","0","","1.0","9999.0","1","N","N","N","0","","0","0","1","","0","N","","2","0","0","0","0","0","0","2","0","2","","","","N","","","","","","","","","",""
"2020009864","1330","1","0","0","0","0","0","0","0","0","4","0","","67","1","2020","6","40.023853","-75.142546","1330","6","0","0","0","0","0","1","1","0","","0","0","0","","","1","","1","","40 01:25.870","","0","75 08:33.165","3","0","0","0","67301","0","0","0","N","0","0","0","2","67301","0","","1.0","","1","N","N","N","0","","1","0","1","","3","","","2","1","0","0","0","0","0","2","0","2","","03","","N","","","","","","","","","",""
"2020000367","1739","1","0","0","0","0","0","0","0","0","8","0","","67","1","2020","4","39.948389","-75.219196","1730","6","0","0","0","0","0","0","0","0","","0","0","0","","","1","","5","","39 56:54.201","","0","75 13:09.107","3","0","0","0","67301","1","0","0","N","1","0","0","2","67301","0","","1.0","","1","N","N","N","0","","1","0","0","","2","","","2","1","0","0","0","0","1","2","0","1","","","","N","","","","","","","","","",""
"2020008710","0717","1","0","0","0","0","0","0","0","0","7","0","","67","1","2020","1","39.983399","-75.208058","0707","6","0","0","0","0","0","0","0","0","","0","0","0","","","0","N","0","","39 59:00.237","4","0","75 12:29.008","0","0","0","0","67301","0","0","0","N","0","0","0","2","68K01","0","","4.0","750.0","9","N","N","N","0","","0","0","0","","0","N","","1","0","1","0","0","0","0","2","0","1","","","","N","","","","","","","","","",""
"2020002540","1107","0","0","0","0","0","0","0","0","0","4","0","","67","1","2020","3","40.031508","-75.128634","1103","6","0","1","0","0","0","0","0","0","","0","0","0","","","2","","1","","40 01:53.428","7","0","75 07:43.082","8","0","0","0","67301","0","0","0","N","0","0","0","3","67301","0","","1.0","100.0","1","N","N","N","0","","0","0","2","","3","Y","","2","2","0","0","0","2","0","2","0","2","","04","","N","","","","","","","","","",""
"2020013368","2022","3","0","0","0","0","0","0","0","0","6","0","","67","2","2020","1","39.956248","-75.219717","2022","6","0","0","0","0","0","0","0","0","","0","0","0","","","0","N","0","","39 57:22.491","","0","75 13:10.982","0","0","0","0","67301","0","0","0","N","0","0","0","3","67301","0","","1.0","","1","N","N","N","0","","0","0","0","","2","","","3","0","0","0","0","0","0","2","0","3","","03","","N","","","","","","","","","",""