"CRN","ARRIVAL_TM","AUTOMOBILE_COUNT","BELTED_DEATH_COUNT","BELTED_SUSP_SERIOUS_INJ_COUNT","BICYCLE_COUNT","BICYCLE_DEATH_COUNT","BICYCLE_SUSP_SERIOUS_INJ_COUNT","BUS_COUNT","CHLDPAS_DEATH_COUNT","CHLDPAS_SUSP_SERIOUS_INJ_COUNT","COLLISION_TYPE","COMM_VEH_COUNT","CONS_ZONE_SPD_LIM","COUNTY","CRASH_MONTH","CRASH_YEAR","DAY_OF_WEEK","DEC_LATITUDE","DEC_LONGITUDE","DISPATCH_TM","DISTRICT","DRIVER_COUNT_16YR","DRIVER_COUNT_17YR","DRIVER_COUNT_18YR","DRIVER_COUNT_19YR","DRIVER_COUNT_20YR","DRIVER_COUNT_50_64YR","DRIVER_COUNT_65_74YR","DRIVER_COUNT_75PLUS","EST_HRS_CLOSED","FATAL_COUNT","HEAVY_TRUCK_COUNT","HORSE_BUGGY_COUNT","HOUR_OF_DAY","ILLUMINATION","INJURY_COUNT","INTERSECTION_RELATED","INTERSECT_TYPE","LANE_CLOSED","LATITUDE","LN_CLOSE_DIR","LOCATION_TYPE","LONGITUDE","MAX_SEVERITY_LEVEL","MCYCLE_DEATH_COUNT","MCYCLE_SUSP_SERIOUS_INJ_COUNT","MOTORCYCLE_COUNT","MUNICIPALITY","NONMOTR_COUNT","NONMOTR_DEATH_COUNT","NONMOTR_SUSP_SERIOUS_INJ_COUNT","NTFY_HIWY_MAINT","PED_COUNT","PED_DEATH_COUNT","PED_SUSP_SERIOUS_INJ_COUNT","PERSON_COUNT","POLICE_AGCY","POSSIBLE_INJ_COUNT","RDWY_SURF_TYPE_CD","RELATION_TO_ROAD","ROADWAY_CLEARED","ROAD_CONDITION","SCH_BUS_IND","SCH_ZONE_IND","SECONDARY_CRASH","SMALL_TRUCK_COUNT","SPEC_JURIS_CD","SUSP_MINOR_INJ_COUNT","SUSP_SERIOUS_INJ_COUNT","SUV_COUNT","TCD_FUNC_CD","TCD_TYPE","TFC_DETOUR_IND","TIME_OF_DAY","TOTAL_UNITS","TOT_INJ_COUNT","UNBELTED_OCC_COUNT","UNB_DEATH_COUNT","UNB_SUSP_SERIOUS_INJ_COUNT","UNK_INJ_DEG_COUNT","UNK_INJ_PER_COUNT","URBAN_RURAL","VAN_COUNT","VEHICLE_COUNT","WEATHER1","WEATHER2","WORKERS_PRES","WORK_ZONE_IND","WORK_ZONE_LOC","WORK_ZONE_TYPE","WZ_CLOSE_DETOUR","WZ_FLAGGER","WZ_LAW_OFFCR_IND","WZ_LN_CLOSURE","WZ_MOVING","WZ_OTHER","WZ_SHLDER_MDN","WZ_WORKERS_INJ_KILLED"
"2020010999","1806","0","0","0","0","0","0","0","0","0","8","0","","67","1","2020","3","39.953879","-75.158909","1802","6","0","0","0","0","0","0","0","0","","0","0","0","","","1","N","0","","39 57:13.965","","0","75 09:32.074","3","0","0","0","67301","1","0","0","N","1","0","0","2","67301","0","","4.0","","1","N","N","N","0","","1","0","1","","0","","","2","1","0","0","0","0","0","2","0","1","","","","N","","","","","","","","","",""
"2020005981","1310","1","0","0","0","0","0","0","0","0","1","0","","67","1","2020","6","39.920888","-75.195811","1307","6","0","0","0","0","0","1","0","0","","0","0","0","","","1","N","0","","39 55:15.196","3","3","75 11:44.920","3","0","0","0","67301","0","0","0","N","0","0","0","2","67301","0","","1.0","15.0","1","N","N","N","1","","1","0","0","","0","N","","2","1","0","0","0","0","0","2","0","2","","","","N","","","","","","","","","",""
"2020030284","2154","0","0","0","0","0","0","0","0","0","5","0","","67","3","2020","6","39.995819","-75.138425","2144","6","0","0","0","0","0","0","0","0","","0","0","0","","","2","N","0","","39 59:44.950","","0","75 08:18.330","2","0","1","1","67301","0","0","0","N","0","0","0","2","67301","0","","6.0","","1","N","N","N","0","","1","1","1","","0","","","2","2","0","0","0","0","0","2","0","2","","03","","N","","","","","","","","","",""
"2020046810","0115","0","0","0","0","0","0","0","0","0","8","0","","67","6","2020","7","39.924299","-75.175933","0115","6","0","0","0","0","0","0","0","0","","0","0","0","","","1","N","0","","39 55:27.477","","0","75 10:33.358","8","0","0","0","67301","1","0","0","N","1","0","0","1","67301","0","","1.0","","1","N","N","N","0","","0","0","0","","0","U","","2","1","0","0","0","1","0","2","0","1","","03","","N","","","","","","","","","",""
"2020013646","2155","3","0","0","0","0","0","0","0","0","4","0","","67","1","2020","6","39.999733","-75.174893","2154","6","0","0","0","0","0","0","0","0","","0","0","0","","","2","","1","","39 59:59.038","","0","75 10:29.614","3","0","0","0","67301","0","0","0","N","0","0","0","3","67301","1","","1.0","","9","N","N","N","0","","1","0","3","","3","","","6","2","1","0","0","0","0","2","0","6","","","","N","","","","","","","","","",""
"2020052213","2211","1","0","0","0","0","0","0","0","0","5","1","45","67","6","2020","2","40.008984","-75.067961","2211","6","0","0","0","0","0","0","0","0","","0","1","0","","","1","N","0","","40 00:32.343","","0","75 04:04.660","4","0","0","0","67301","0","0","0","N","0","0","0","2","68K01","1","","1.0","","1","N","N","N","0","","0","0","0","","0","","","2","1","0","0","0","0","0","2","0","2","","03","Y","Y","4","2","N","N","Y","Y","N","N","N","N"
"2020012676","0815","0","0","0","0","0","0","0","0","0","7","0","","67","1","2020","6","40.023463","-75.133737","0803","6","0","0","0","0","0","0","0","0","","0","0","0","","","1","N","0","","40 01:24.466","","0","75 08:01.453","3","0","0","0","67301","0","0","0","N","0","0","0","1","67301","0","","4.0","","9","N","N","N","0","","1","0","1","","2","","","1","1","0","0","0","0","0","2","0","1","","07","","N","","","","","","","","","",""
"2020047827","2022","0","0","0","0","0","0","0","0","0","4","0","","67","6","2020","4","39.933858","-75.215305","2020","6","0","0","0","0","0","0","0","0","","0","0","0","","","1","N","0","","39 56:01.889","","7","75 12:55.098","3","0","0","0","67301","0","0","0","N","0","0","0","3","67301","0","","1.0","","1","N","N","N","0","","1","0","1","","2","","","2","1","0","0","0","0","1","2","0","2","","03","","N","","","","","","","","","",""
"2020031481","1840","1","0","0","0","0","0","0","0","0","7","0","","67","1","2020","7","39.974735","-75.199203","1830","6","0","0","0","0","0","0","0","0","","0","0","0","","","0","","1","","39 58:29.046","","2","75 11:57.130","9","0","0","0","67301","0","0","0","N","0","0","0","2","67301","0","","4.0","","9","N","N","N","0","","0","0","0","","2","","","1","0","0","0","0","0","1","2","0","1","","07","","N","","","","","","","","","",""
"2020023907","0349","0","0","0","0","0","0","0","0","0","7","0","","67","1","2020","6","39.924101","-75.192418","0340","6","0","0","0","0","0","0","0","0","","0","0","0","","","0","N","0","","39 55:26.762","4","0","75 11:32.704","0","0","0","0","67301","0","0","0","N","0","0","0","1","68K01","0","","3.0","30.0","1","N","N","N","0","","0","0","0","","0","N","","1","0","0","0","0","0","0","2","1","1","","","","N","","","","","","","","","",""
"2020010020","1305","2","0","0","0","0","0","0","0","0","5","0","","67","1","2020","3","39.958355","-75.166581","1305","6","0","0","0","1","0","0","1","0","","0","0","0","","","0","N","0","","39 57:30.079","3","0","75 09:59.690","0","0","0","0","67301","0","0","0","N","0","0","0","4","68K01","0","","1.0","1310.0","1","N","N","N","0","","0","0","0","","0","Y","","2","0","0","0","0","0","0","2","0","2","","","","N","","","","","","","","","",""
"2020009206","1945","0","0","0","0","0","0","0","0","0","8","0","","67","1","2020","4","40.039076","-75.144733","1945","6","0","0","0","0","0","1","0","0","","0","0","0","","","1","","1","","40 02:20.672","","0","75 08:41.040","3","0","0","0","67301","1","0","0","N","1","0","0","2","67301","0","","1.0","","1","N","N","N","0","","1","0","1","","2","","","2","1","0","0","0","0","0","2","0","1","","","","N","","","","","","","","","",""
"2020001446","1841","0","0","0","0","0","0","0","0","0","8","0","","67","1","2020","4","40.01978","-75.150624","1837","6","0","0","0","0","0","1","0","0","","0","0","0","","","1","","1","","40 01:11.208","","0","75 09:02.246","3","0","0","0","67301","1","0","0","N","1","0","0","2","67301","0","","1.0","","1","N","N","N","0","","1","0","1","","0","","","2","1","0","0","0","0","0","2","0","1","","","","N","","","","","","","","","",""
"2020009802","0300","3","0","0","0","0","0","0","0","0","5","0","","67","1","2020","1","39.927352","-75.163622","0300","6","0","0","0","0","0","0","0","0","","0","0","0","","","0","Y","0","","39 55:38.467","1","0","75 09:49.039","0","0","0","0","67301","0","0","0","N","0","0","0","1","67505","0","","6.0","400.0","1","N","N","N","0","","0","0","0","","0","Y","","3","0","0","0","0","0","0","2","0","3","","03","","N","","","","","","","","","",""
"2020014073","1050","1","0","0","0","0","0","0","0","0","5","0","","67","2","2020","1","39.995203","-75.128025","1044","6","0","0","0","0","0","0","0","0","","0","0","0","","","1","N","0","","39 59:42.730","","0","75 07:40.890","8","0","0","0","67301","0","0","0","N","0","0","0","2","67301","0","","6.0","","1","N","N","N","0","","0","0","1","","3","","","2","1","1","0","0","1","0","2","0","2","","03","","N","","","","","","","","","",""
"2020022540","1121","0","0","0","0","0","0","0","0","0","0","0","","67","2","2020","1","39.898668","-75.180094","1114","6","0","0","0","0","0","0","0","0","","0","0","0","","","0","N","0","","39 53:55.204","","0","75 10:48.339","0","0","0","0","67301","0","0","0","N","0","0","0","2","68K01","0","","1.0","","1","N","N","N","0","","0","0","1","","0","","","2","0","0","0","0","0","0","2","1","2","","04","","N","","","","","","","","","",""
"2020012436","2005","2","0","0","0","0","0","0","0","0","4","0","","67","2","2020","7","40.04727","-75.167746","2002","6","0","0","1","0","0","0","0","0","","0","0","0","","","0","","1","","40 02:50.173","5","0","75 10:03.884","0","0","0","0","67301","0","0","0","N","0","0","0","2","67301","0","","1.0","2045.0","9","N","N","N","0","","0","0","0","","2","N","","2","0","0","0","0","0","0","2","0","2","","","","N","","","","","","","","","",""
"2020010052","2130","1","0","0","0","0","0","0","0","0","4","0","","67","1","2020","1","39.960207","-75.190892","2128","6","0","0","0","0","0","0","0","0","","0","0","0","","","0","N","1","","39 57:36.745","","0","75 11:27.211","0","0","0","0","67301","0","0","0","N","0","0","0","2","67507","0","","1.0","","1","N","N","N","0","","0","0","0","","2","","","2","0","0","0","0","0","0","2","1","2","","","","N","","","","","","","","","",""
"2020006413","1520","1","0","0","0","0","0","0","0","0","1","0","","67","1","2020","3","40.044636","-75.143514","1520","6","0","0","0","0","0","0","0","0","","0","0","0","","","0","N","0","","40 02:40.688","","0","75 08:36.651","0","0","0","0","67301","0","0","0","N","0","0","0","3","67301","0","","1.0","","9","N","N","N","0","","0","0","1","","2","","","2","0","0","0","0","0","0","2","0","2","","","","N","","","","","","","","","",""
"2020046601","0800","1","0","0","0","0","0","0","0","0","4","0","","67","6","2020","7","40.055789","-75.176185","0800","6","0","0","0","0","0","0","0","0","","0","0","0","","","0","","1","","40 03:20.841","","0","75 10:34.267","0","0","0","0","67301","0","0","0","N","0","0","0","1","67301","0","","3.0","","1","N","N","N","0","","0","0","0","","0","","","2","0","0","0","0","0","0","2","0","2","","03","","N","","","","","","","","","",""
"2020002191","2313","1","0","0","0","0","0","0","0","0","5","0","","67","1","2020","6","39.960232","-75.180679","2306","6","0","0","0","0","0","0","0","0","2","0","0","0","","","0","N","0","","39 57:36.834","3","3","75 10:50.444","9","0","0","0","67301","0","0","0","N","0","0","0","4","68K01","0","","1.0","9999.0","9","N","N","N","0","","0","0","0","","0","N","","2","0","0","0","0","0","1","2","0","2","","","","N","","","","","","","","","",""
"2020020438","2305","1","0","0","0","0","0","0","0","0","7","0","","67","1","2020","1","39.990326","-75.205305","2255","6","0","0","0","0","0","0","0","0","","0","0","0","","","1","N","0","","39 59:25.173","","0","75 12:19.097","4","0","0","0","67301","0","0","0","N","0","0","0","1","68K01","1","","4.0","","1","N","N","N","0","","0","0","0","","0","","","1","1","0","0","0","0","0","2","0","1","","03","","N","","","","","","","","","",""
"2020002419","2010","0","0","0","0","0","0","0","0","0","4","0","","67","1","2020","6","39.92735","-75.183071","2008","6","0","0","0","0","0","1","0","0","","0","0","0","","","1","","1","","39 55:38.460","","0","75 10:59.055","3","0","0","0","67301","0","0","0","N","0","0","0","6","67301","0","","1.0","","9","N","N","N","0","","1","0","1","","3","","","2","1","1","0","0","0","0","2","1","2","","05","","N","","","","","","","","","",""
"2020000637","0001","1","0","0","0","0","0","0","0","0","8","0","","67","1","2020","4","40.044833","-75.165481","0001","6","0","0","0","0","0","0","0","0","","0","0","0","","","1","N","0","","40 02:41.400","","0","75 09:55.730","3","0","0","0","67301","1","0","0","N","1","0","0","2","67301","0","","1.0","","1","N","N","N","0","","1","0","0","","0","","","2","1","1","0","0","0","0","2","0","1","","","","N","","","","","","","","","",""
"2020000311","1831","0","0","0","0","0","0","0","0","0","8","0","","67","1","2020","4","40.019747","-75.150375","1831","6","0","0","0","0","0","0","0","0","","0","0","0","","","1","N","0","","40 01:11.090","","0","75 09:01.350","8","0","0","0","67301","1","0","0","N","1","0","0","2","67301","0","","1.0","","1","N","N","N","0","","0","0","1","","0","","","2","1","0","0","0","1","0","2","0","1","","","","N","","","","","","","","","",""
"2020001928","0305","2","0","0","0","0","0","0","0","0","4","0","","67","1","2020","1","39.95768","-75.162367","0300","6","0","0","0","0","0","0","0","0","","0","0","0","","","1","","5","","39 57:27.649","","2","75 09:44.521","3","0","0","0","67301","0","0","0","N","0","0","0","2","67301","0","","1.0","","1","N","N","N","0","","1","0","0","","2","","","2","1","0","0","0","0","0","2","0","2","","03","","N","","","","","","","","","",""
"2020000256","0712","1","0","0","0","0","0","0","0","0","7","0","","67","1","2020","4","40.007633","-75.105361","0711","6","0","0","0","0","0","0","0","0","","0","0","0","","","0","N","0","","40 00:27.480","","0","75 06:19.300","0","0","0","0","67301","0","0","0","N","0","0","0","1","67301","0","","4.0","","1","N","N","N","0","","0","0","0","","0","","","1","0","1","0","0","0","0","2","0","1","","","","N","","","","","","","","","",""
"2020012779","0824","0","0","0","0","0","0","0","0","0","4","0","","67","2","2020","1","40.053585","-75.141452","0824","6","0","0","0","0","0","0","1","1","","0","0","0","","","3","","1","","40 03:12.905","","0","75 08:29.228","3","0","0","0","67301","0","0","0","N","0","0","0","3","67301","0","","1.0","","9","N","N","N","0","","3","0","2","","2","","","2","3","0","0","0","0","0","2","0","2","","03","","N","","","","","","","","","",""
"2020046932","2255","2","0","0","0","0","0","0","0","0","4","0","","67","6","2020","2","39.954593","-75.225995","2255","6","0","0","0","0","1","0","0","0","","0","0","0","","","1","","1","","39 57:16.533","","0","75 13:33.583","3","0","0","0","67301","0","0","0","N","0","0","0","1","67301","0","","1.0","","1","N","N","N","0","","1","0","0","","2","","","2","1","0","0","0","0","0","2","0","2","","03","","N","","","","","","","","","",""
"2020018323","0929","2","0","0","0","0","0","0","0","0","5","0","","67","1","2020","7","39.950148","-75.141709","0924","6","0","0","0","0","0","0","0","0","","0","0","0","","","1","N","0","","39 57:00.531","2","0","75 08:30.151","3","0","0","0","67301","0","0","0","N","0","0","0","1","68K01","0","","1.0","100.0","9","N","N","Y","0","","1","0","0","","0","N","","2","1","0","0","0","0","0","2","0","2","","","","N","","","","","","","","","",""
"2020003419","1619","0","0","0","0","0","0","0","0","0","4","0","","67","1","2020","2","39.959725","-75.235189","1618","6","0","1","0","0","0","0","0","0","","0","0","0","","","1","","1","","39 57:35.009","","0","75 14:06.680","3","0","0","1","67301","0","0","0","N","0","0","0","2","67301","0","","1.0","","1","N","N","N","0","","1","0","1","","2","","","2","1","0","0","0","0","0","2","0","2","","03","","N","","","","","","","","","",""
"2020001236","0950","1","0","0","0","0","0","0","0","0","1","1","","67","1","2020","5","40.056672","-75.158839","0937","6","0","0","0","0","0","0","0","0","","0","1","0","","","1","N","0","","40 03:24.020","","0","75 09:31.820","3","0","0","0","67301","0","0","0","N","0","0","0","4","67301","0","","1.0","","1","N","N","N","0","","1","0","0","","0","","","2","1","0","0","0","0","2","2","0","2","","","","N","","","","","","","","","",""
"2020019395","1541","2","0","0","0","0","0","0","0","0","1","0","","67","2","2020","6","39.988174","-75.128478","1541","6","0","0","0","0","0","1","0","0","","0","0","0","","","1","","1","","39 59:17.426","","0","75 07:42.520","8","0","0","0","67301","0","0","0","N","0","0","0","2","67301","0","","1.0","","1","N","N","N","0","","0","0","0","","9","","","2","1","0","0","0","1","0","2","0","2","","","","N","","","","","","","","","",""
"2020008848","1305","2","0","0","0","0","0","0","0","0","4","0","","67","1","2020","4","39.987006","-75.122382","1257","6","0","0","0","0","0","0","0","0","","0","0","0","","","0","","5","","39 59:13.221","","0","75 07:20.575","0","0","0","0","67301","0","0","0","N","0","0","0","2","67301","0","","1.0","","1","N","N","N","0","","0","0","0","","2","","","2","0","2","0","0","0","0","2","0","2","","03","","N","","","","","","","","","",""
"2020028826","1612","3","0","0","0","0","0","0","0","0","5","0","","67","3","2020","1","39.995225","-75.144569","1605","6","0","0","0","0","0","0","0","0","","0","0","0","","","0","N","0","","39 59:42.810","","0","75 08:40.450","0","0","0","0","67301","0","0","0","N","0","0","0","1","67301","0","","6.0","","1","N","N","N","0","","0","0","1","","0","","","4","0","0","0","0","0","0","2","0","4","","03","","N","","","","","","","","","",""
"2020000021","0152","3","0","0","0","0","0","0","0","0","7","0","","67","1","2020","4","39.983637","-75.160147","0152","6","0","0","0","0","0","0","0","0","","0","0","0","","","1","N","1","","39 59:01.093","","0","75 09:36.529","4","0","0","0","67301","0","0","0","N","0","0","0","2","67505","1","","4.0","","1","N","N","N","0","","0","0","0","","2","","","3","1","0","0","0","0","1","2","0","3","","03","","N","","","","","","","","","",""
"2020001251","1620","3","0","0","0","0","0","0","0","0","4","0","","67","1","2020","5","40.054938","-75.155154","1616","6","0","1","1","0","0","0","0","0","","0","0","0","","","2","","1","","40 03:17.776","5","0","75 09:18.554","8","0","0","0","67301","0","0","0","N","0","0","0","3","67301","0","","1.0","1720.0","1","N","N","N","0","","0","0","1","","3","Y","","4","2","0","0","0","2","1","2","0","4","","03","","N","","","","","","","","","",""
"2020001426","2055","0","0","0","0","0","0","0","0","0","4","0","","67","1","2020","5","40.015873","-75.153841","2049","6","0","0","0","0","0","0","0","0","","0","0","0","","","1","","2","","40 00:57.144","","0","75 09:13.828","3","0","0","0","67301","0","0","0","N","0","0","0","2","67301","0","","1.0","","1","N","N","N","0","","1","0","3","","2","","","4","1","0","0","0","0","0","2","1","4","","03","","N","","","","","","","","","",""
"2020009858","0048","2","0","0","0","0","0","0","0","0","5","0","","67","1","2020","6","39.946367","-75.169886","0041","6","0","0","0","0","0","0","0","0","","0","0","0","","","1","N","0","","39 56:46.920","2","0","75 10:11.590","3","0","0","0","67301","0","0","0","N","0","0","0","1","67301","0","","6.0","321.0","1","N","N","N","0","","1","0","0","","0","Y","","2","1","0","0","0","0","0","2","0","2","","03","","N","","","","","","","","","",""
"2020047908","1042","0","0","0","0","0","0","0","0","0","6","0","","67","5","2020","6","39.953597","-75.165049","1039","6","0","0","0","0","0","1","0","0","","0","0","0","","","1","N","0","","39 57:12.949","4","0","75 09:54.175","8","0","0","0","67301","0","0","0","N","0","0","0","2","67301","0","","1.0","100.0","1","N","N","N","0","","0","0","2","","2","N","","2","1","1","0","0","1","0","2","0","2","","","","N","","","","","","","","","",""
"2020007314","0303","1","0","0","0","0","0","0","0","0","1","0","","67","1","2020","7","40.033998","-75.074369","0300","6","0","0","0","0","0","1","0","0","","0","0","0","","","0","","1","","40 02:02.392","1","0","75 04:27.730","0","0","0","0","67301","0","0","0","N","0","0","0","3","67301","0","","1.0","415.0","1","N","N","N","0","","0","0","1","","2","N","","2","0","0","0","0","0","0","2","0","2","","03","","N","","","","","","","","","",""
"2020048045","0445","1","0","0","0","0","0","0","0","0","1","0","","67","6","2020","6","39.968582","-75.191188","0439","6","0","0","0","0","0","1","0","0","","0","0","0","","","1","N","0","","39 58:06.895","","0","75 11:28.275","8","0","0","0","67301","0","0","0","N","0","0","0","2","68K01","0","","1.0","","1","N","N","N","0","","0","0","1","","0","","","2","1","0","0","0","1","0","2","0","2","","03","","N","","","","","","","","","",""
"2020012906","1915","1","0","0","0","0","0","0","0","0","4","0","","67","1","2020","2","40.0014","-75.081573","1900","6","0","0","0","0","0","0","1","0","","0","0","0","","","0","","3","","40 00:05.039","4","0","75 04:53.662","0","0","0","0","67301","0","0","0","N","0","0","0","7","67301","0","","1.0","2006.0","1","N","N","N","0","","0","0","0","","2","Y","","2","0","0","0","0","0","0","2","1","2","","03","","N","","","","","","","","","",""
"2020047854","0329","1","0","0","0","0","0","0","0","0","7","0","","67","6","2020","7","40.019578","-75.095672","0321","6","0","0","0","0","0","0","0","0","","0","0","0","","","0","N","0","","40 01:10.480","","0","75 05:44.420","0","0","0","0","67301","0","0","0","N","0","0","0","0","67301","0","","2.0","","1","N","Y","N","0","","0","0","0","","0","","","1","0","0","0","0","0","0","2","0","1","","","","N","","","","","","","","","",""
"2020017302","1303","3","0","0","0","0","0","0","0","0","1","0","","67","1","2020","4","39.958394","-75.166908","1256","6","0","0","0","0","0","0","0","0","","0","0","0","","","0","N","0","","39 57:30.220","3","0","75 10:00.869","0","0","0","0","67301","0","0","0","N","0","0","0","3","68K01","0","","1.0","30.0","1","N","N","N","0","","0","0","0","","0","N","","3","0","0","0","0","0","0","2","0","3","","","","N","","","","","","","","","",""
"2020001927","1700","1","0","0","0","0","0","0","0","0","4","0","","67","1","2020","1","40.070862","-75.241404","1655","6","0","0","0","0","1","0","0","0","","0","0","0","","","2","N","0","","40 04:15.104","2","0","75 14:29.055","8","0","0","0","67301","0","0","0","N","0","0","0","3","67301","0","","1.0","1800.0","1","N","N","N","0","","0","0","0","","0","N","","2","2","0","0","0","2","0","2","1","2","","03","","N","","","","","","","","","",""
"2020001750","0605","2","0","0","0","0","0","0","0","0","5","0","","67","1","2020","4","39.975117","-75.145656","0600","6","0","0","0","0","0","0","0","0","","0","0","0","","","0","N","0","","39 58:30.420","2","0","75 08:44.360","0","0","0","0","67301","0","0","0","N","0","0","0","1","67301","0","","6.0","630.0","1","N","N","N","0","","0","0","1","","0","N","","3","0","0","0","0","0","0","2","0","3","","03","","N","","","","","","","","","",""
"2020004004","0210","0","0","0","0","0","0","0","0","0","5","0","","67","1","2020","2","40.024914","-75.081728","0152","6","0","0","0","0","0","0","0","0","","0","0","0","","","0","N","0","","40 01:29.690","1","0","75 04:54.220","0","0","0","0","67301","0","0","0","N","0","0","0","1","67301","0","","6.0","315.0","1","N","N","N","0","","0","0","1","","0","Y","","2","0","0","0","0","0","0","2","1","2","","03","","N","","","","","","","","","",""
"2020006868","1305","0","0","0","0","0","0","0","0","0","1","0","","67","1","2020","6","40.044692","-75.054594","1252","6","0","0","0","0","0","0","0","0","","0","0","0","","","1","","1","","40 02:40.890","","0","75 03:16.537","8","0","0","0","67301","0","0","0","N","0","0","0","6","67301","0","","1.0","","1","N","N","N","0","","0","0","0","","2","","","3","1","0","0","0","1","0","2","1","3","","03","","N","","","","","","","","","",""
"2020002928","0830","0","0","0","0","0","0","0","0","0","7","0","99","67","1","2020","5","39.991653","-75.229","0827","6","0","0","0","0","0","0","0","0","","0","0","0","","","1","N","0","","39 59:29.950","","0","75 13:44.400","3","0","0","0","67301","0","0","0","N","0","0","0","2","67301","0","","1.0","","1","N","N","N","0","","1","0","0","","8","","","1","1","0","0","0","0","1","2","1","1","","","N","Y","4","2","","","N","Y","","","","N"
"2020005986","0555","1","0","0","0","0","0","0","0","0","5","0","","67","1","2020","4","40.007436","-75.192495","0553","6","0","0","0","0","0","0","0","0","","0","0","0","","","0","N","0","","40 00:26.770","","0","75 11:32.982","0","0","0","0","67301","0","0","0","N","0","0","0","2","67301","0","","1.0","","9","N","N","N","0","","0","0","1","","0","","","2","0","0","0","0","0","0","2","0","2","","04","","N","","","","","","","","","",""
"2020007743","0440","1","0","0","1","0","0","0","0","0","8","0","","67","1","2020","2","40.129225","-75.024888","0435","6","0","0","0","0","0","1","0","0","","0","0","0","","","1","","1","","40 07:45.210","","0","75 01:29.597","3","0","0","0","67301","1","0","0","N","0","0","0","2","67301","0","","1.0","","1","N","N","N","0","","1","0","0","","1","","","2","1","0","0","0","0","0","2","0","1","","03","","N","","","","","","","","","",""
"2020015754","0845","1","0","0","0","0","0","0","0","0","7","0","","67","1","2020","6","39.998183","-75.087729","0832","6","0","0","0","0","0","0","0","0","","0","0","0","","","2","N","0","","39 59:53.457","","0","75 05:15.825","3","0","0","0","67301","0","0","0","N","0","0","0","2","67301","0","","4.0","","9","N","N","N","0","","2","0","0","","0","","","1","2","0","0","0","0","0","2","0","1","","","","N","","","","","","","","","",""
"2020047558","1609","0","0","0","0","0","0","0","0","0","7","1","","67","6","2020","4","39.931067","-75.179094","1605","6","0","0","0","0","0","0","0","0","","0","1","0","","","1","N","0","","39 55:51.840","","0","75 10:44.740","8","0","0","0","67301","1","0","0","N","1","0","0","2","67301","0","","4.0","","1","N","N","N","0","","0","0","0","","9","","","2","1","0","0","0","1","0","2","0","1","","03","","N","","","","","","","","","",""
"2020012623","1232","2","0","0","0","0","0","0","0","0","5","0","","67","1","2020","3","39.946024","-75.142234","1232","6","0","0","0","1","0","0","1","0","","0","0","0","","","0","N","0","","39 56:45.687","1","0","75 08:32.043","0","0","0","0","67301","0","0","0","N","0","0","0","3","68K01","0","","1.0","45.0","1","N","N","N","0","","0","0","1","","0","N","","3","0","0","0","0","0","0","2","0","3","","03","","N","","","","","","","","","",""
"2020005439","1631","2","0","0","0","0","0","0","0","0","4","0","","67","1","2020","4","39.98627","-75.156147","1631","6","0","0","0","0","0","1","0","0","","0","0","0","","","1","N","1","","39 59:10.572","2","0","75 09:22.129","3","0","0","0","67301","0","0","0","N","0","0","0","4","67505","0","","1.0","1710.0","1","N","N","N","0","","1","0","0","","2","N","","2","1","2","0","0","0","0","2","0","2","","03","","N","","","","","","","","","",""
"2020046782","1050","0","0","0","0","0","0","0","0","0","3","1","","67","6","2020","2","39.881878","-75.229489","1040","6","0","0","0","0","0","0","0","0","","0","1","0","","","1","N","0","","39 52:54.760","","6","75 13:46.160","3","0","0","0","67301","0","0","0","N","0","0","0","2","67301","0","","1.0","","1","N","N","N","0","","1","0","0","","0","","","2","1","0","0","0","0","0","2","1","2","","98","","N","","","","","","","","","",""
"2020003369","1425","1","0","0","0","0","0","0","0","0","4","0","","67","1","2020","1","40.062019","-74.988776","1420","6","0","0","0","0","0","1","0","0","","0","0","0","","","0","","2","","40 03:43.268","","0","74 59:19.593","0","0","0","0","67301","0","0","0","N","0","0","0","2","67301","0","","1.0","","1","N","N","N","0","","0","0","1","","3","","","2","0","0","0","0","0","0","2","0","2","","04","","N","","","","","","","","","",""
"2020001584","2045","1","0","0","0","0","0","0","0","0","5","0","","67","1","2020","1","40.059453","-75.025678","2042","6","0","0","0","0","0","0","0","0","","0","0","0","","","0","N","0","","40 03:34.030","","0","75 01:32.440","0","0","0","0","67301","0","0","0","N","0","0","0","4","67301","0","","6.0","","1","N","N","N","1","","0","0","1","","0","","","3","0","0","0","0","0","0","2","0","3","","03","","N","","","","","","","","","",""
"2020000065","0406","1","0","0","0","0","0","0","0","0","7","0","","67","1","2020","4","39.948791","-75.212589","0405","6","0","0","0","0","0","0","0","0","","0","0","0","","","0","","1","","39 56:55.647","","0","75 12:45.320","9","0","0","0","67301","0","0","0","N","0","0","0","1","67301","0","","4.0","","1","N","N","N","0","","0","0","0","","3","","","1","0","0","0","0","0","1","2","0","1","","","","N","","","","","","","","","",""
"2020017224","1825","1","0","0","0","0","0","0","0","0","5","0","","67","1","2020","4","39.898975","-75.169043","1755","6","0","0","0","0","0","1","0","0","","0","0","0","","","3","N","0","","39 53:56.309","2","0","75 10:08.556","4","0","0","0","67301","0","0","0","N","0","0","0","4","68K01","3","","1.0","1942.0","1","N","N","N","0","","0","0","1","","0","N","","3","3","2","0","0","0","0","2","1","3","","03","","N","","","","","","","","","",""