"CRN","ARRIVAL_TM","AUTOMOBILE_COUNT","BELTED_DEATH_COUNT","BELTED_SUSP_SERIOUS_INJ_COUNT","BICYCLE_COUNT","BICYCLE_DEATH_COUNT","BICYCLE_SUSP_SERIOUS_INJ_COUNT","BUS_COUNT","CHLDPAS_DEATH_COUNT","CHLDPAS_SUSP_SERIOUS_INJ_COUNT","COLLISION_TYPE","COMM_VEH_COUNT","CONS_ZONE_SPD_LIM","COUNTY","CRASH_MONTH","CRASH_YEAR","DAY_OF_WEEK","DEC_LATITUDE","DEC_LONGITUDE","DISPATCH_TM","DISTRICT","DRIVER_COUNT_16YR","DRIVER_COUNT_17YR","DRIVER_COUNT_18YR","DRIVER_COUNT_19YR","DRIVER_COUNT_20YR","DRIVER_COUNT_50_64YR","DRIVER_COUNT_65_74YR","DRIVER_COUNT_75PLUS","EST_HRS_CLOSED","FATAL_COUNT","HEAVY_TRUCK_COUNT","HORSE_BUGGY_COUNT","HOUR_OF_DAY","ILLUMINATION","INJURY_COUNT","INTERSECTION_RELATED","INTERSECT_TYPE","LANE_CLOSED","LATITUDE","LN_CLOSE_DIR","LOCATION_TYPE","LONGITUDE","MAX_SEVERITY_LEVEL","MCYCLE_DEATH_COUNT","MCYCLE_SUSP_SERIOUS_INJ_COUNT","MOTORCYCLE_COUNT","MUNICIPALITY","NONMOTR_COUNT","NONMOTR_DEATH_COUNT","NONMOTR_SUSP_SERIOUS_INJ_COUNT","NTFY_HIWY_MAINT","PED_COUNT","PED_DEATH_COUNT","PED_SUSP_SERIOUS_INJ_COUNT","PERSON_COUNT","POLICE_AGCY","POSSIBLE_INJ_COUNT","RDWY_SURF_TYPE_CD","RELATION_TO_ROAD","ROADWAY_CLEARED","ROAD_CONDITION","SCH_BUS_IND","SCH_ZONE_IND","SECONDARY_CRASH","SMALL_TRUCK_COUNT","SPEC_JURIS_CD","SUSP_MINOR_INJ_COUNT","SUSP_SERIOUS_INJ_COUNT","SUV_COUNT","TCD_FUNC_CD","TCD_TYPE","TFC_DETOUR_IND","TIME_OF_DAY","TOTAL_UNITS","TOT_INJ_COUNT","UNBELTED_OCC_COUNT","UNB_DEATH_COUNT","UNB_SUSP_SERIOUS_INJ_COUNT","UNK_INJ_DEG_COUNT","UNK_INJ_PER_COUNT","URBAN_RURAL","VAN_COUNT","VEHICLE_COUNT","WEATHER1","WEATHER2","WORKERS_PRES","WORK_ZONE_IND","WORK_ZONE_LOC","WORK_ZONE_TYPE","WZ_CLOSE_DETOUR","WZ_FLAGGER","WZ_LAW_OFFCR_IND","WZ_LN_CLOSURE","WZ_MOVING","WZ_OTHER","WZ_SHLDER_MDN","WZ_WORKERS_INJ_KILLED"
"2020001581","2135","1","0","0","0","0","0","0","0","0","4","0","","67","1","2020","5","40.048374","-75.079807","2131","6","0","0","0","0","0","0","0","0","","0","0","0","","","0","","1","","40 02:54.146","","0","75 04:47.305","0","0","0","0","67301","0","0","0","N","0","0","0","2","67301","0","","1.0","","1","N","N","N","0","","0","0","1","","2","","","2","0","0","0","0","0","0","2","0","2","","03","","N","","","","","","","","","",""
"2020005519","0812","1","0","0","0","0","0","0","0","0","1","0","","67","1","2020","2","40.04555","-75.00173","0812","6","0","0","0","0","0","0","0","0","","0","0","0","","","0","N","0","","40 02:43.979","","0","75 00:06.228","0","0","0","0","67301","0","0","0","N","0","0","0","2","68K01","0","","1.0","","1","N","N","N","0","","0","0","1","","0","","","2","0","0","0","0","0","0","2","0","2","","","","N","","","","","","","","","",""
"2020012379","1014","0","0","0","0","0","0","0","0","0","8","0","","67","1","2020","6","39.972426","-75.253301","1014","6","0","0","0","0","0","0","0","0","","0","0","0","","","1","","1","","39 58:20.733","","0","75 15:11.885","3","0","0","0","67301","1","0","0","N","1","0","0","4","67301","0","","1.0","","1","N","N","N","0","","1","0","1","","2","","","2","1","0","0","0","0","0","2","0","1","","03","","N","","","","","","","","","",""
"2020009665","2053","0","0","0","0","0","0","0","0","0","1","0","","67","1","2020","4","39.996647","-75.11488","2051","6","0","0","0","0","0","0","0","0","","0","0","0","","","1","N","0","","39 59:47.929","","0","75 06:53.567","3","0","0","0","67301","0","0","0","N","0","0","0","2","67301","0","","1.0","","1","N","N","N","0","","1","0","1","","0","","","2","1","0","0","0","0","0","2","1","2","","03","","N","","","","","","","","","",""
"2020005501","2337","1","0","0","0","0","0","0","0","0","5","0","","67","1","2020","3","40.031706","-75.021464","2329","6","0","0","1","0","0","0","0","0","","0","0","0","","","1","N","0","","40 01:54.142","2","0","75 01:17.272","3","0","0","0","67301","0","0","0","N","0","0","0","4","68K01","0","","1.0","5.0","9","N","N","N","0","","1","0","0","","0","N","","2","1","0","0","0","0","0","2","1","2","","","","N","","","","","","","","","",""
"2020000366","0029","4","0","0","0","0","0","0","0","0","4","0","","67","1","2020","4","39.956769","-75.211376","0020","6","0","0","0","1","0","1","0","0","4","0","0","0","","","1","","1","","39 57:24.369","3","0","75 12:40.953","3","0","0","0","67301","0","0","0","N","0","0","0","2","67301","0","","1.0","9999.0","1","N","N","N","0","","1","0","1","","2","Y","","5","1","0","0","0","0","0","2","0","5","","","","N","","","","","","","","","",""
"2020001429","0444","1","0","0","0","0","0","0","0","0","6","0","","67","1","2020","7","40.019453","-75.17225","0441","6","0","0","0","1","0","0","0","0","","0","0","0","","","2","N","0","","40 01:10.030","","0","75 10:20.100","3","0","0","0","67301","0","0","0","N","0","0","0","2","67301","0","","6.0","","9","N","N","N","0","","2","0","1","","0","","","2","2","2","0","0","0","0","2","0","2","","05","","N","","","","","","","","","",""
"2020004051","0901","1","0","0","0","0","0","0","0","0","8","0","","67","1","2020","6","39.943442","-75.178963","0901","6","0","0","0","0","0","0","0","0","","0","0","0","","","1","","1","","39 56:36.391","","0","75 10:44.267","3","0","0","0","67301","1","0","0","N","1","0","0","2","67301","0","","1.0","","9","N","N","N","0","","1","0","0","","2","","","2","1","0","0","0","0","0","2","0","1","","","","N","","","","","","","","","",""
"2020045944","0809","0","0","0","0","0","0","0","0","0","7","1","","67","5","2020","7","40.043286","-75.003185","0802","6","0","0","0","0","0","0","0","0","","0","1","0","","","0","N","0","","40 02:35.831","","0","75 00:11.466","0","0","0","0","67301","0","0","0","N","0","0","0","1","68K01","0","","3.0","","9","N","N","N","0","","0","0","0","","0","","","1","0","0","0","0","0","0","2","0","1","","04","","N","","","","","","","","","",""
"2020011801","0339","1","0","0","0","0","0","0","0","0","1","0","","67","1","2020","2","39.9985","-75.148089","0335","6","0","0","0","0","0","0","0","0","","0","0","0","","","0","N","0","","39 59:54.600","","0","75 08:53.120","0","0","0","0","67301","0","0","0","N","0","0","0","1","67301","0","","6.0","","1","N","N","N","0","","0","0","0","","3","","","2","0","0","0","0","0","0","2","1","2","","03","","N","","","","","","","","","",""
"2020018330","1310","1","0","0","0","0","0","0","0","0","7","0","","67","1","2020","7","39.876081","-75.251946","1243","6","0","0","0","0","0","0","0","0","","0","0","0","","","0","N","0","","39 52:33.891","","8","75 15:07.004","0","0","0","0","67301","0","0","0","N","0","0","0","1","68K01","0","","4.0","","9","N","N","N","0","","0","0","0","","0","","","1","0","0","0","0","0","0","2","0","1","","","","N","","","","","","","","","",""
"2020048222","2319","2","0","0","0","0","0","0","0","0","4","0","","67","6","2020","6","40.025904","-75.123399","2319","6","0","0","0","0","0","1","0","0","","0","0","0","","","0","","2","","40 01:33.254","4","0","75 07:24.238","0","0","0","0","67301","0","0","0","N","0","0","0","2","67301","0","","1.0","2319.0","1","N","N","N","0","","0","0","0","","2","N","","2","0","0","0","0","0","0","2","0","2","","03","","N","","","","","","","","","",""
"2020011414","1752","0","0","0","0","0","0","0","0","0","1","0","","67","1","2020","4","40.107343","-74.995919","1745","6","0","0","0","0","0","2","0","0","","0","0","0","","","0","N","0","","40 06:26.435","4","0","74 59:45.307","0","0","0","0","67301","0","0","0","N","0","0","0","2","67301","0","","1.0","1850.0","1","N","N","N","0","","0","0","2","","0","N","","2","0","0","0","0","0","0","2","0","2","","03","","N","","","","","","","","","",""
"2020043510","","0","0","0","0","0","0","0","0","0","4","0","","67","2","2020","6","39.977221","-75.226774","","6","0","0","0","0","0","1","0","0","","0","0","0","","","1","","1","","39 58:37.995","","0","75 13:36.385","8","0","0","0","67301","0","0","0","N","0","0","0","2","00000","0","","1.0","","1","N","N","N","0","","0","0","1","","2","","","2","1","0","0","0","1","0","2","0","2","","","","N","","","","","","","","","",""
"2020043565","","1","0","0","0","0","0","0","0","0","1","0","","67","3","2020","3","39.973833","-75.206444","","6","0","0","0","0","0","0","0","0","","0","0","0","","","1","","1","","39 58:25.797","","0","75 12:23.198","8","0","0","0","67301","0","0","0","N","0","0","0","4","00000","0","","1.0","","9","N","N","N","0","","0","0","0","","2","","","4","1","0","0","0","1","0","2","0","4","","","","N","","","","","","","","","",""
"2020004415","0053","1","0","0","0","0","0","0","0","0","5","0","","67","1","2020","4","39.956602","-75.149893","0026","6","0","0","0","0","0","0","0","0","","0","0","0","","","0","N","0","","39 57:23.766","","2","75 08:59.614","0","0","0","0","67301","0","0","0","N","0","0","0","4","68K01","0","","1.0","","1","N","N","N","0","","0","0","2","","0","","","3","0","0","0","0","0","0","2","0","3","","03","","N","","","","","","","","","",""
"2020001395","2344","0","0","0","0","0","0","0","0","0","1","0","","67","1","2020","6","39.93518","-75.144966","2344","6","0","0","0","0","0","0","0","0","","0","0","0","","","3","N","0","","39 56:06.647","2","0","75 08:41.877","3","0","0","0","67301","0","0","0","N","0","0","0","4","68K01","0","","1.0","7.0","9","N","N","Y","0","","2","0","3","","0","N","","3","3","2","0","0","1","0","2","0","3","","07","","N","","","","","","","","","",""
"2020053522","1504","1","0","0","0","0","0","0","0","0","1","0","","67","6","2020","6","39.958359","-75.165677","1428","6","0","0","0","0","0","0","1","0","","0","0","0","","","1","N","0","","39 57:30.092","","1","75 09:56.438","4","0","0","0","67301","0","0","0","N","0","0","0","3","68K01","1","","1.0","","1","N","N","N","1","","0","0","1","","0","","","3","1","0","0","0","0","1","2","0","3","","","","N","","","","","","","","","",""
"2020047335","2205","1","0","0","0","0","0","0","0","0","1","0","","67","5","2020","7","39.960464","-75.181814","2205","6","0","0","0","0","0","1","0","0","","0","0","0","","","0","N","0","","39 57:37.669","","0","75 10:54.532","0","0","0","0","67301","0","0","0","N","0","0","0","4","68K02","0","","1.0","","1","N","N","N","1","","0","0","1","","0","","","3","0","0","0","0","0","0","2","0","3","","03","","N","","","","","","","","","",""
"2020002422","0705","3","0","0","0","0","0","0","0","0","4","0","","67","1","2020","3","39.958712","-75.162143","0700","6","0","0","0","0","0","1","0","0","","0","0","0","","","1","","2","","39 57:31.362","","0","75 09:43.713","3","0","0","0","67301","0","0","0","N","0","0","0","4","67301","0","","1.0","","1","N","N","N","0","","1","0","1","","0","","","4","1","0","0","0","0","0","2","0","4","","03","","N","","","","","","","","","",""
"2020047710","0328","1","0","0","0","0","0","0","0","0","7","0","","67","6","2020","5","39.973294","-75.153608","0326","6","0","0","0","0","0","0","0","0","","0","0","0","","","1","N","0","","39 58:23.860","","0","75 09:12.990","3","0","0","0","67301","0","0","0","N","0","0","0","1","67301","0","","5.0","","1","N","N","N","0","","1","0","0","","0","","","1","1","0","0","0","0","0","2","0","1","","03","","N","","","","","","","","","",""
"2020027593","0839","1","0","0","0","0","0","0","0","0","7","0","","67","1","2020","7","39.960105","-75.180504","0831","6","0","0","0","0","0","0","0","0","","0","0","0","","","0","N","0","","39 57:36.378","3","0","75 10:49.815","0","0","0","0","67301","0","0","0","N","0","0","0","1","68K01","0","","2.0","900.0","9","N","N","N","0","","0","0","0","","0","N","","1","0","0","0","0","0","0","2","0","1","","04","","N","","","","","","","","","",""
"2020009011","1945","1","0","0","0","0","0","0","0","0","1","0","","67","1","2020","3","40.020086","-75.150978","1921","6","0","0","0","0","1","0","0","0","","0","0","0","","","0","N","0","","40 01:12.311","2","0","75 09:03.522","0","0","0","0","67301","0","0","0","N","0","0","0","5","67301","0","","1.0","2000.0","1","N","N","N","0","","0","0","1","","0","N","","2","0","0","0","0","0","0","2","0","2","","03","","N","","","","","","","","","",""
"2020010996","0135","1","0","0","0","0","0","0","0","0","7","0","","67","1","2020","2","40.036815","-75.069206","0130","6","0","1","0","0","0","0","0","0","","0","0","0","","","1","Y","0","","40 02:12.533","","0","75 04:09.142","3","0","0","0","67301","0","0","0","N","0","0","0","1","67301","0","","5.0","","1","N","N","N","0","","1","0","0","","0","","","1","1","0","0","0","0","0","2","0","1","","03","","N","","","","","","","","","",""
"2020002011","1121","1","0","0","0","0","0","0","0","0","4","0","","67","1","2020","4","40.021542","-75.139806","1121","6","0","0","0","0","0","0","0","0","2","0","0","0","","","1","","1","","40 01:17.552","2","0","75 08:23.303","3","0","0","0","67301","0","0","0","N","0","0","0","6","67301","0","","1.0","9999.0","1","N","N","N","0","","1","0","1","","2","Y","","2","1","0","0","0","0","0","2","0","2","","","","N","","","","","","","","","",""
"2020053266","1930","1","0","0","0","0","0","0","0","0","1","0","","67","7","2020","2","39.924219","-75.193189","1923","6","0","0","0","0","0","0","0","0","","0","0","0","","","1","N","0","","39 55:27.190","","0","75 11:35.480","3","0","0","0","67301","0","0","0","N","0","0","0","1","67301","0","","6.0","","9","N","N","N","0","","1","0","1","","0","","","2","1","0","0","0","0","0","2","0","2","","07","","N","","","","","","","","","",""
"2020027595","1009","1","0","0","0","0","0","0","0","0","7","0","","67","1","2020","7","39.959999","-75.179738","0959","6","0","0","0","0","0","0","0","0","","0","0","0","","","0","N","0","","39 57:35.995","","0","75 10:47.056","0","0","0","0","67301","0","0","0","N","0","0","0","2","68K01","0","","2.0","","9","N","N","N","0","","0","0","1","","0","","","2","0","1","0","0","0","0","2","0","2","","","","N","","","","","","","","","",""
"2020001189","1645","0","0","0","0","0","0","0","0","0","5","0","","67","1","2020","4","39.9522","-75.143247","1645","6","0","0","0","0","0","0","0","0","","0","0","0","","","1","N","0","","39 57:07.920","","0","75 08:35.690","8","0","0","0","67301","0","0","0","N","0","0","0","2","67301","0","","6.0","","1","N","N","N","0","","0","0","1","","9","","","2","1","0","0","0","1","0","2","0","2","","","","N","","","","","","","","","",""
"2020010705","0917","1","0","0","0","0","0","0","0","0","7","0","","67","1","2020","7","39.960175","-75.180864","0910","6","0","0","0","0","0","0","0","0","","0","0","0","","","0","N","0","","39 57:36.629","3","0","75 10:51.111","0","0","0","0","67301","0","0","0","N","0","0","0","1","68K01","0","","4.0","30.0","9","N","N","N","0","","0","0","0","","0","N","","1","0","0","0","0","0","0","2","0","1","","05","","N","","","","","","","","","",""
"2020000310","2020","2","0","0","0","0","0","0","0","0","1","0","","67","1","2020","4","40.014449","-75.206124","2008","6","0","0","0","0","0","1","0","0","","0","0","0","","","1","N","0","","40 00:52.017","","0","75 12:22.048","3","0","0","0","67301","0","0","0","N","0","0","0","3","67301","0","","1.0","","1","N","N","N","0","","1","0","0","","4","","","2","1","0","0","0","0","0","2","0","2","","","","N","","","","","","","","","",""
"2020009009","0835","3","0","0","0","0","0","0","0","0","7","0","","67","1","2020","5","39.988044","-75.139647","0833","6","0","0","0","0","0","0","0","0","","0","0","0","","","0","N","0","","39 59:16.960","1","0","75 08:22.730","0","0","0","0","67301","0","0","0","N","0","0","0","1","67301","0","","4.0","945.0","1","N","N","N","0","","0","0","1","","0","Y","","4","0","0","0","0","0","0","2","0","4","","03","","N","","","","","","","","","",""
"2020005565","1705","0","0","0","0","0","0","0","0","0","1","0","","67","1","2020","5","","","1655","6","0","0","0","0","0","0","0","0","","0","0","0","","","1","","1","","","","0","","3","0","0","0","67301","0","0","0","N","0","0","0","2","67301","0","","1.0","","1","N","N","N","1","","1","0","0","","4","","","2","1","2","0","0","0","0","1","1","2","","03","","N","","","","","","","","","",""
"2020015762","2303","3","0","0","0","0","0","0","0","0","5","0","","67","1","2020","7","40.040031","-75.039731","2257","6","0","0","0","0","0","0","0","0","","0","0","0","","","1","N","0","","40 02:24.110","","0","75 02:23.030","3","0","0","0","67301","0","0","0","N","0","0","0","1","67301","0","","6.0","","1","N","N","N","1","","1","0","0","","0","","","4","1","0","0","0","0","0","2","0","4","","","","N","","","","","","","","","",""
"2020000299","2359","0","0","0","0","0","0","0","0","0","5","0","","67","1","2020","4","40.07765","-75.177911","2352","6","0","0","0","0","0","0","0","0","","0","0","0","","","0","N","0","","40 04:39.540","","0","75 10:40.480","0","0","0","0","67301","0","0","0","N","0","0","0","1","67301","0","","6.0","","1","N","N","N","0","","0","0","1","","0","","","2","0","0","0","0","0","0","2","1","2","","","","N","","","","","","","","","",""
"2020007823","2315","0","0","0","0","0","0","0","0","0","8","0","","67","1","2020","5","39.928361","-75.152124","2313","6","0","0","0","0","0","1","0","0","","0","0","0","","","1","","1","","39 55:42.101","","0","75 09:07.645","4","0","0","0","67301","1","0","0","N","1","0","0","2","67301","1","","1.0","","1","N","N","N","0","","0","0","1","","3","","","2","1","0","0","0","0","0","2","0","1","","03","","N","","","","","","","","","",""
"2020047981","1306","0","0","0","0","0","0","0","0","0","8","0","","67","6","2020","4","39.928469","-75.23298","1306","6","0","0","0","0","0","0","0","0","","0","0","0","","","1","","5","","39 55:42.487","","0","75 13:58.727","3","0","0","0","67301","1","0","0","N","1","0","0","1","67301","0","","1.0","","1","N","N","N","0","","1","0","1","","3","","","2","1","0","0","0","0","0","2","0","1","","03","","N","","","","","","","","","",""
"2020047449","1228","1","0","0","0","0","0","0","0","0","1","0","","67","6","2020","5","39.891962","-75.236904","1219","6","0","0","0","0","0","1","0","0","","0","0","0","","","0","N","0","","39 53:31.064","","0","75 14:12.855","0","0","0","0","67301","0","0","0","N","0","0","0","2","68K01","0","","1.0","","1","N","N","N","1","","0","0","0","","0","","","2","0","0","0","0","0","0","2","0","2","","","","N","","","","","","","","","",""
"2020018322","0832","0","0","0","0","0","0","0","0","0","7","0","","67","1","2020","7","40.029921","-75.022255","0830","6","0","0","0","0","0","0","0","0","","0","0","0","","","0","N","0","","40 01:47.714","2","0","75 01:20.119","0","0","0","0","67301","0","0","0","N","0","0","0","1","68K01","0","","4.0","100.0","9","N","N","N","1","","0","0","0","","0","N","","1","0","0","0","0","0","0","2","0","1","","","","N","","","","","","","","","",""
"2020002265","0506","1","0","0","0","0","0","0","0","0","4","0","","67","1","2020","2","39.903342","-75.243131","0502","6","0","0","0","0","0","1","0","0","","0","0","0","","","1","","2","","39 54:12.031","","0","75 14:35.271","3","0","0","0","67301","0","0","0","N","0","0","0","2","67301","0","","1.0","","1","N","N","N","0","","1","0","1","","2","","","2","1","1","0","0","0","0","2","0","2","","03","","N","","","","","","","","","",""
"2020001742","1313","1","0","0","0","0","0","0","0","0","4","0","","67","1","2020","6","39.966718","-75.160533","1310","6","0","0","0","0","0","0","0","1","","0","0","0","","","0","","1","","39 58:00.185","","0","75 09:37.919","0","0","0","0","67301","0","0","0","N","0","0","0","2","67301","0","","1.0","","9","N","N","N","0","","0","0","1","","2","","","2","0","0","0","0","0","0","2","0","2","","","","N","","","","","","","","","",""
"2020002939","0640","2","0","0","0","0","0","0","0","0","4","0","","67","1","2020","5","39.98469","-75.236826","0637","6","0","0","1","0","0","0","0","0","","0","0","0","","","2","","2","","39 59:04.885","","0","75 14:12.573","4","0","0","0","67301","0","0","0","N","0","0","0","3","67301","2","","1.0","","1","N","N","N","0","","0","0","0","","2","","","2","2","0","0","0","0","0","2","0","2","","03","","N","","","","","","","","","",""
"2020008520","0834","2","0","0","0","0","0","0","0","0","4","0","","67","1","2020","4","40.076539","-75.082429","0824","6","0","0","0","0","0","0","0","1","","0","0","0","","","1","","1","","40 04:35.542","","0","75 04:56.744","8","0","0","0","67301","0","0","0","N","0","0","0","2","67301","0","","1.0","","1","N","N","N","0","","0","0","0","","2","","","2","1","0","0","0","1","0","2","0","2","","03","","N","","","","","","","","","",""
"2020046675","1516","1","0","0","0","0","0","0","0","0","1","0","","67","5","2020","6","39.959399","-75.175037","1512","6","0","0","0","0","0","0","0","0","","0","1","0","","","0","N","0","","39 57:33.838","3","0","75 10:30.132","0","0","0","0","67301","0","0","0","N","0","0","0","2","68K01","0","","1.0","1516.0","1","N","N","N","0","","0","0","0","","0","N","","2","0","0","0","0","0","0","2","0","2","","03","","N","","","","","","","","","",""
"2020006087","2117","0","0","0","0","0","0","0","0","0","5","0","","67","1","2020","2","39.932936","-75.167879","2117","6","0","0","0","0","0","0","0","0","","0","0","0","","","0","N","0","","39 55:58.569","2","0","75 10:04.364","0","0","0","0","67301","0","0","0","N","0","0","0","1","67301","0","","6.0","2200.0","1","N","N","N","0","","0","0","2","","0","N","","2","0","0","0","0","0","0","2","0","2","","03","","N","","","","","","","","","",""
"2020048040","1139","1","0","0","0","0","0","0","0","0","0","0","","67","6","2020","5","39.981204","-75.206826","1138","6","0","0","0","0","0","0","0","0","","0","0","0","","","1","N","0","","39 58:52.334","","0","75 12:24.573","3","0","0","0","67301","0","0","0","N","0","0","0","1","68K01","0","","4.0","","9","N","N","N","0","","1","0","0","","0","","","1","1","0","0","0","0","0","2","0","1","","","","N","","","","","","","","","",""
"2020002537","2215","2","0","0","0","0","0","0","0","0","5","0","","67","1","2020","2","40.070923","-75.152796","2201","6","0","0","0","0","0","0","0","0","","0","0","0","","","1","N","2","","40 04:15.323","","0","75 09:10.066","3","0","0","0","67301","0","0","0","N","0","0","0","2","67301","0","","1.0","","1","N","N","Y","0","","1","0","0","","0","","","2","1","0","0","0","0","0","2","0","2","","03","","N","","","","","","","","","",""
"2020002682","2110","2","0","0","0","0","0","0","0","0","4","0","","67","1","2020","4","39.98627","-75.156147","2110","6","0","0","0","0","0","0","0","0","2","0","0","0","","","2","","1","","39 59:10.572","7","0","75 09:22.129","3","0","0","0","67301","0","0","0","N","0","0","0","3","67301","0","","1.0","9999.0","1","N","N","N","0","","1","0","1","","1","N","","3","2","1","0","0","1","0","2","0","3","","","","N","","","","","","","","","",""
"2020007287","2315","1","0","0","0","0","0","0","0","0","4","0","","67","1","2020","2","39.999338","-75.135665","2310","6","0","0","0","0","0","0","0","0","","0","0","0","","","3","","2","","39 59:57.618","","0","75 08:08.393","3","0","0","0","67301","0","0","0","N","0","0","0","3","67301","0","","1.0","","1","N","N","N","1","","3","0","0","","2","","","2","3","0","0","0","0","0","2","0","2","","03","","N","","","","","","","","","",""
"2020004200","1251","0","0","0","0","0","0","0","0","0","7","0","","67","1","2020","6","39.957065","-75.150732","1251","6","0","0","0","0","0","0","0","1","","0","0","0","","","0","N","0","","39 57:25.435","4","0","75 09:02.636","0","0","0","0","67301","0","0","0","N","0","0","0","1","68K01","0","","2.0","10.0","1","N","N","N","0","","0","0","1","","0","N","","1","0","0","0","0","0","0","2","0","1","","03","","N","","","","","","","","","",""
"2020000663","0655","1","0","0","0","0","0","0","0","0","1","0","","67","1","2020","4","40.006476","-75.11771","0650","6","0","0","0","0","0","0","0","0","","0","0","0","","","1","N","0","","40 00:23.313","","0","75 07:03.756","2","0","0","0","67301","0","0","0","N","0","0","0","1","67301","0","","6.0","","1","N","N","N","1","","0","1","0","","0","","","2","1","0","0","0","0","0","2","0","2","","","","N","","","","","","","","","",""
"2020011435","0052","1","0","0","0","0","0","0","0","0","4","0","","67","1","2020","2","40.027194","-75.151242","0052","6","0","0","0","0","0","1","0","0","","0","0","0","","","2","","1","","40 01:37.898","","0","75 09:04.471","8","0","0","0","67301","0","0","0","N","0","0","0","3","67301","0","","1.0","","1","N","N","N","0","","0","0","1","","2","","","2","2","0","0","0","2","0","2","0","2","","03","","N","","","","","","","","","",""
"2020045798","1216","0","0","0","0","0","0","0","0","0","1","1","","67","6","2020","6","39.955857","-75.19146","1213","6","0","0","0","0","0","0","0","0","","0","0","0","","","1","","1","","39 57:21.085","","0","75 11:29.255","8","0","0","0","67301","0","0","0","N","0","0","0","4","67507","0","","1.0","","1","","","N","1","","0","0","1","","2","N","","2","1","0","0","0","1","0","2","0","2","","","","N","","","","","","","","","",""
"2020001745","1711","3","0","0","0","0","0","0","0","0","1","0","","67","1","2020","6","40.028888","-75.061891","1706","6","0","0","0","0","0","0","1","0","","0","0","0","","","0","Y","0","","40 01:43.998","1","0","75 03:42.807","0","0","0","0","67301","0","0","0","N","0","0","0","3","67301","0","","1.0","1725.0","9","N","N","N","0","","0","0","0","","0","N","","3","0","0","0","0","0","0","2","0","3","","","","N","","","","","","","","","",""
"2020003368","1735","0","0","0","0","0","0","0","0","0","8","0","","67","1","2020","3","40.054091","-75.071199","1730","6","0","0","0","0","0","0","0","1","","0","0","0","","","1","N","0","","40 03:14.726","","0","75 04:16.318","3","0","0","0","67301","1","0","0","N","1","0","0","2","67301","0","","1.0","","9","N","N","N","0","","1","0","1","","2","","","2","1","0","0","0","0","0","2","0","1","","06","","N","","","","","","","","","",""
"2020001748","1254","2","0","0","0","0","0","0","0","0","5","0","","67","1","2020","5","40.015339","-75.137425","1254","6","0","0","0","0","0","2","0","0","","0","0","0","","","0","N","0","","40 00:55.220","","0","75 08:14.730","0","0","0","0","67301","0","0","0","N","0","0","0","2","67301","0","","1.0","","1","N","Y","N","0","","0","0","0","","2","","","2","0","0","0","0","0","0","2","0","2","","03","","N","","","","","","","","","",""
"2020009854","2030","1","0","0","0","0","0","0","0","0","8","0","","67","1","2020","7","39.923095","-75.159735","2024","6","0","0","0","0","0","1","0","0","","0","0","0","","","2","","1","","39 55:23.141","","0","75 09:35.045","3","0","0","0","67301","2","0","0","N","2","0","0","3","67301","0","","1.0","","1","N","N","N","0","","2","0","0","","2","","","3","2","0","0","0","0","0","2","0","1","","03","","N","","","","","","","","","",""
"2020002462","0350","1","0","0","0","0","0","0","0","0","7","0","","67","1","2020","4","39.940142","-75.1852","0348","6","0","0","0","0","0","0","0","0","","0","0","0","","","1","N","0","","39 56:24.510","","0","75 11:06.720","3","0","0","0","67301","0","0","0","N","0","0","0","1","67301","0","","4.0","","1","N","N","N","0","","1","0","0","","0","","","1","1","0","0","0","0","0","2","0","1","","","","N","","","","","","","","","",""
"2020004052","1250","1","0","0","0","0","0","0","0","0","4","0","","67","1","2020","7","40.009179","-75.196724","1245","6","0","0","0","0","0","0","0","0","","0","0","0","","","0","","1","","40 00:33.046","","0","75 11:48.208","0","0","0","0","67301","0","0","0","N","0","0","0","3","67301","0","","1.0","","1","N","N","N","0","","0","0","1","","2","","","2","0","0","0","0","0","0","2","0","2","","03","","N","","","","","","","","","",""
"2020046152","2227","2","0","0","0","0","0","0","0","0","4","0","","67","6","2020","6","40.086041","-75.211941","2214","6","0","1","0","0","0","0","0","0","","0","0","0","","","0","","1","","40 05:09.747","","0","75 12:42.989","0","0","0","0","67301","0","0","0","N","0","0","0","2","67301","0","","1.0","","1","N","N","N","0","","0","0","0","","2","","","2","0","0","0","0","0","0","2","0","2","","03","","N","","","","","","","","","",""
"2020002534","0525","0","0","0","0","0","0","0","0","0","8","0","","67","1","2020","6","40.072541","-75.033303","0520","6","0","0","0","0","0","0","0","0","","0","0","0","","","1","N","0","","40 04:21.148","","7","75 01:59.892","3","0","0","0","67301","1","0","0","N","1","0","0","2","67301","0","","1.0","","9","N","N","N","0","","1","0","0","","0","","","2","1","0","0","0","0","0","2","0","1","","07","","N","","","","","","","","","",""
"2020045639","1117","3","1","0","0","0","0","0","0","0","1","0","","67","5","2020","6","39.943098","-75.143111","1104","6","0","0","0","0","0","3","0","0","","1","0","0","","","2","N","0","","39 56:35.151","2","0","75 08:35.200","1","0","0","0","67301","0","0","0","N","0","0","0","5","68K01","0","1","1.0","200.0","9","N","N","N","1","0","1","0","0","","0","Y","","4","2","0","0","0","1","0","2","0","4","","04","","N","","","","","","","","","",""