"CRN","ARRIVAL_TM","AUTOMOBILE_COUNT","BELTED_DEATH_COUNT","BELTED_SUSP_SERIOUS_INJ_COUNT","BICYCLE_COUNT","BICYCLE_DEATH_COUNT","BICYCLE_SUSP_SERIOUS_INJ_COUNT","BUS_COUNT","CHLDPAS_DEATH_COUNT","CHLDPAS_SUSP_SERIOUS_INJ_COUNT","COLLISION_TYPE","COMM_VEH_COUNT","CONS_ZONE_SPD_LIM","COUNTY","CRASH_MONTH","CRASH_YEAR","DAY_OF_WEEK","DEC_LATITUDE","DEC_LONGITUDE","DISPATCH_TM","DISTRICT","DRIVER_COUNT_16YR","DRIVER_COUNT_17YR","DRIVER_COUNT_18YR","DRIVER_COUNT_19YR","DRIVER_COUNT_20YR","DRIVER_COUNT_50_64YR","DRIVER_COUNT_65_74YR","DRIVER_COUNT_75PLUS","EST_HRS_CLOSED","FATAL_COUNT","HEAVY_TRUCK_COUNT","HORSE_BUGGY_COUNT","HOUR_OF_DAY","ILLUMINATION","INJURY_COUNT","INTERSECTION_RELATED","INTERSECT_TYPE","LANE_CLOSED","LATITUDE","LN_CLOSE_DIR","LOCATION_TYPE","LONGITUDE","MAX_SEVERITY_LEVEL","MCYCLE_DEATH_COUNT","MCYCLE_SUSP_SERIOUS_INJ_COUNT","MOTORCYCLE_COUNT","MUNICIPALITY","NONMOTR_COUNT","NONMOTR_DEATH_COUNT","NONMOTR_SUSP_SERIOUS_INJ_COUNT","NTFY_HIWY_MAINT","PED_COUNT","PED_DEATH_COUNT","PED_SUSP_SERIOUS_INJ_COUNT","PERSON_COUNT","POLICE_AGCY","POSSIBLE_INJ_COUNT","RDWY_SURF_TYPE_CD","RELATION_TO_ROAD","ROADWAY_CLEARED","ROAD_CONDITION","SCH_BUS_IND","SCH_ZONE_IND","SECONDARY_CRASH","SMALL_TRUCK_COUNT","SPEC_JURIS_CD","SUSP_MINOR_INJ_COUNT","SUSP_SERIOUS_INJ_COUNT","SUV_COUNT","TCD_FUNC_CD","TCD_TYPE","TFC_DETOUR_IND","TIME_OF_DAY","TOTAL_UNITS","TOT_INJ_COUNT","UNBELTED_OCC_COUNT","UNB_DEATH_COUNT","UNB_SUSP_SERIOUS_INJ_COUNT","UNK_INJ_DEG_COUNT","UNK_INJ_PER_COUNT","URBAN_RURAL","VAN_COUNT","VEHICLE_COUNT","WEATHER1","WEATHER2","WORKERS_PRES","WORK_ZONE_IND","WORK_ZONE_LOC","WORK_ZONE_TYPE","WZ_CLOSE_DETOUR","WZ_FLAGGER","WZ_LAW_OFFCR_IND","WZ_LN_CLOSURE","WZ_MOVING","WZ_OTHER","WZ_SHLDER_MDN","WZ_WORKERS_INJ_KILLED"
"2020001535","0245","2","0","0","0","0","0","0","0","0","1","0","","67","1","2020","4","40.069172","-75.007253","0240","6","0","0","0","0","0","0","0","0","1","0","0","0","","","0","","1","","40 04:09.018","6","0","75 00:26.111","0","0","0","0","67301","0","0","0","N","0","0","0","2","67301","0","","1.0","9999.0","1","N","N","N","0","","0","0","0","","2","N","","2","0","0","0","0","0","0","2","0","2","","","","N","","","","","","","","","",""
"2020006409","0844","0","0","0","0","0","0","0","0","0","8","0","","67","1","2020","4","39.915638","-75.236602","0843","6","0","0","0","0","0","0","0","0","","0","0","0","","","1","","1","","39 54:56.296","","0","75 14:11.767","8","0","0","0","67301","1","0","0","N","1","0","0","2","67301","0","","1.0","","9","N","Y","N","0","","0","0","1","","3","","","2","1","0","0","0","1","0","2","0","1","","03","","N","","","","","","","","","",""
"2020047301","1426","2","0","0","0","0","0","0","0","0","2","0","","67","6","2020","2","39.920083","-75.213006","1424","6","0","0","0","0","0","0","0","0","","2","0","0","","","13","N","0","","39 55:12.300","5","0","75 12:46.820","1","0","0","0","67301","0","0","0","N","0","0","0","15","67301","0","2","1.0","1745.0","1","N","N","N","1","0","5","8","2","","0","Y","","5","13","12","2","8","0","0","2","0","5","","03","","N","","","","","","","","","",""
"2020001586","0110","0","0","0","0","0","0","0","0","0","7","0","","67","1","2020","2","39.969469","-75.139139","0110","6","0","0","0","0","0","0","0","0","","0","0","0","","","0","N","0","","39 58:10.090","","0","75 08:20.899","0","0","0","0","67301","0","0","0","N","0","0","0","1","67301","0","","3.0","","1","N","N","N","0","","0","0","1","","2","","","1","0","0","0","0","0","0","2","0","1","","03","","N","","","","","","","","","",""
"2020046673","0545","0","0","0","0","0","0","0","0","0","0","0","","67","5","2020","6","40.043503","-75.003074","0533","6","0","0","0","0","0","1","0","0","","0","0","0","","","1","N","0","","40 02:36.611","2","0","75 00:11.067","8","0","0","0","67301","0","0","0","N","0","0","0","1","68K01","0","","1.0","600.0","9","N","N","N","1","","0","0","0","","0","N","","1","1","0","0","0","1","0","2","0","1","","03","","N","","","","","","","","","",""
"2020019178","1200","1","0","0","0","0","0","0","0","0","0","0","","67","1","2020","4","39.943555","-75.192274","1146","6","0","0","0","0","0","1","1","0","","0","0","0","","","1","N","0","","39 56:36.798","","8","75 11:32.185","3","0","0","0","67301","0","0","0","N","0","0","0","3","68K01","0","","1.0","","1","N","N","N","0","","1","0","1","","0","","","2","1","0","0","0","0","0","2","0","2","","03","","N","","","","","","","","","",""
"2020011269","0837","1","0","0","0","0","0","0","0","0","4","0","","67","1","2020","4","39.986601","-75.131335","0835","6","0","0","0","0","0","1","0","0","","0","0","0","","","1","","2","","39 59:11.763","","0","75 07:52.806","3","0","0","0","67301","0","0","0","N","0","0","0","3","67301","0","","1.0","","1","N","N","N","1","","1","0","0","","0","","","2","1","2","0","0","0","0","2","0","2","","03","","N","","","","","","","","","",""
"2020011528","1301","0","0","0","0","0","0","0","0","0","8","0","","67","1","2020","3","39.952785","-75.16685","1300","6","0","0","0","0","0","0","0","0","","0","0","0","","","1","","1","","39 57:10.026","","0","75 10:00.660","4","0","0","0","67301","1","0","0","N","1","0","0","2","67301","1","","1.0","","1","N","N","N","0","","0","0","0","","2","","","2","1","0","0","0","0","0","2","1","1","","03","","N","","","","","","","","","",""
"2020000623","0113","2","0","0","0","0","0","0","0","0","5","0","","67","1","2020","4","40.021247","-75.139679","0113","6","0","0","0","1","0","0","0","0","3","0","0","0","","","0","N","0","","40 01:16.488","1","0","75 08:22.843","0","0","0","0","67301","0","0","0","N","0","0","0","2","67301","0","","1.0","9999.0","1","N","N","N","0","","0","0","0","","0","N","","2","0","0","0","0","0","0","2","0","2","","","","N","","","","","","","","","",""
"2020012892","0607","0","0","0","0","0","0","0","0","0","4","0","","67","1","2020","5","39.921017","-75.22412","0558","6","0","0","0","0","0","0","0","0","","0","0","0","","","2","","1","","39 55:15.660","","0","75 13:26.832","4","0","0","0","67301","0","0","0","N","0","0","0","2","67301","2","","1.0","","1","N","N","N","0","","0","0","1","","2","","","2","2","0","0","0","0","0","2","1","2","","03","","N","","","","","","","","","",""
"2020011270","1538","1","0","0","0","0","0","0","0","0","4","0","","67","1","2020","6","40.05843","-75.149239","1537","6","0","0","0","0","0","1","0","0","","0","0","0","","","1","","5","","40 03:30.348","","0","75 08:57.260","3","0","0","0","67301","0","0","0","N","0","0","0","2","67301","0","","1.0","","99","N","N","N","0","","1","0","1","","2","","","2","1","0","0","0","0","0","2","0","2","","98","","N","","","","","","","","","",""
"2020001585","0044","1","0","0","0","0","0","0","0","0","4","0","","67","1","2020","1","40.014214","-75.141461","0044","6","0","0","0","0","0","0","0","0","","0","0","0","","","2","","1","","40 00:51.170","","0","75 08:29.259","8","0","0","0","67301","0","0","0","N","0","0","0","3","67301","0","","1.0","","9","N","N","N","1","","0","0","1","","2","","","4","2","0","0","0","2","1","2","1","4","","","","N","","","","","","","","","",""
"2020014791","1355","0","0","0","0","0","0","0","0","0","4","0","","67","1","2020","4","40.029611","-75.086821","1352","6","0","0","0","0","0","1","0","0","","0","0","0","","","1","","1","","40 01:46.600","","0","75 05:12.554","3","0","0","0","67301","0","0","0","N","0","0","0","2","67301","0","","1.0","","1","N","N","N","0","","1","0","0","","3","","","2","1","0","0","0","0","0","2","2","2","","02","","N","","","","","","","","","",""
"2020015752","1241","0","0","0","0","0","0","0","0","0","8","0","","67","1","2020","5","40.02335","-75.076698","1238","6","0","0","0","0","0","0","0","0","","0","0","0","","","1","N","0","","40 01:24.060","","0","75 04:36.111","3","0","0","0","67301","1","0","0","N","1","0","0","2","67301","0","","6.0","","1","N","N","N","0","","1","0","1","","0","","","2","1","0","0","0","0","0","2","0","1","","03","","N","","","","","","","","","",""
"2020001968","0058","1","0","0","0","0","0","0","0","0","4","0","","67","1","2020","1","39.971403","-75.164433","0056","6","0","0","0","0","1","0","0","0","","0","0","0","","","3","","1","","39 58:17.050","2","0","75 09:51.958","3","0","0","0","67301","0","0","0","N","0","0","0","4","67301","0","","1.0","230.0","9","N","N","N","0","","3","0","1","","3","N","","2","3","0","0","0","0","0","2","0","2","","03","","N","","","","","","","","","",""
"2020046646","1115","1","0","0","0","0","0","0","0","0","7","0","","67","1","2020","7","40.03837","-75.010381","1109","6","0","0","0","0","0","0","0","1","","0","0","0","","","0","N","0","","40 02:18.131","2","0","75 00:37.370","0","0","0","0","67301","0","0","0","N","0","0","0","3","68K01","0","","4.0","1200.0","1","N","N","N","0","","0","0","1","","0","N","","2","0","0","0","0","0","0","2","0","2","","","","N","","","","","","","","","",""
"2020003718","1947","1","0","0","0","0","0","0","0","0","4","0","","67","1","2020","6","39.964289","-75.246466","1918","6","0","0","0","0","0","0","0","0","","0","0","0","","","0","","1","","39 57:51.442","","0","75 14:47.279","0","0","0","0","67301","0","0","0","N","0","0","0","2","67301","0","","1.0","","9","N","N","N","0","","0","0","0","","0","","","2","0","2","0","0","0","0","2","1","2","","05","","N","","","","","","","","","",""
"2020046082","1933","2","0","0","0","0","0","0","0","0","4","0","","67","6","2020","6","40.043911","-75.009622","1924","6","0","0","0","0","0","0","0","0","","0","0","0","","","1","","1","","40 02:38.081","","0","75 00:34.638","3","0","0","0","67301","0","0","0","N","0","0","0","5","67301","0","","1.0","","1","N","N","Y","0","","1","0","0","","3","","","2","1","0","0","0","0","4","2","0","2","","03","","N","","","","","","","","","",""
"2020048220","1410","1","0","0","0","0","0","0","0","0","8","0","","67","6","2020","7","39.9864","-75.169576","1404","6","0","0","0","0","0","0","0","0","","0","0","0","","","1","","1","","39 59:11.041","","0","75 10:10.472","3","0","0","0","67301","1","0","0","N","1","0","0","2","67301","0","","1.0","","1","N","N","N","0","","1","0","0","","2","","","2","1","0","0","0","0","0","2","0","1","","03","","N","","","","","","","","","",""
"2020002942","0214","2","0","0","0","0","0","0","0","0","4","0","","67","1","2020","4","39.999227","-75.147381","0211","6","0","0","0","0","0","0","0","0","","0","0","0","","","1","","1","","39 59:57.217","","0","75 08:50.570","3","0","0","0","67301","0","0","0","N","0","0","0","2","67301","0","","1.0","","1","N","N","N","0","","1","0","0","","2","","","2","1","0","0","0","0","0","2","0","2","","03","","N","","","","","","","","","",""
"2020045917","1914","0","0","0","0","0","0","0","0","0","7","1","","67","5","2020","3","40.009723","-75.064507","1905","6","0","0","0","0","0","0","0","0","","0","1","0","","","1","N","0","","40 00:35.001","1","0","75 03:52.226","8","0","0","0","67301","0","0","0","Y","0","0","0","2","68K01","0","","4.0","1950.0","1","N","N","N","0","","0","0","1","","0","N","","2","1","1","0","0","1","0","2","0","2","","","","N","","","","","","","","","",""
"2020047160","1743","2","0","0","0","0","0","0","0","0","1","0","","67","6","2020","2","39.977485","-75.11192","1730","6","0","0","0","1","0","0","0","0","","0","0","0","","","0","N","0","","39 58:38.947","1","0","75 06:42.912","0","0","0","0","67301","0","0","0","N","0","0","0","5","68K01","0","","1.0","30.0","1","N","N","N","0","","0","0","1","","0","N","","3","0","0","0","0","0","0","2","0","3","","","","N","","","","","","","","","",""
"2020001583","1643","1","0","0","0","0","0","0","0","0","4","0","","67","1","2020","6","40.03331","-75.080064","1633","6","0","0","0","0","0","1","0","0","","0","0","0","","","1","","1","","40 01:59.916","","0","75 04:48.230","3","0","0","0","67301","0","0","0","N","0","0","0","4","67301","0","","1.0","","9","N","N","N","0","","1","0","1","","3","","","2","1","0","0","0","0","0","2","0","2","","","","N","","","","","","","","","",""
"2020041922","1633","0","0","0","0","0","0","0","0","0","8","0","","67","5","2020","5","39.949883","-75.204681","1631","6","0","0","0","0","0","1","0","0","","0","0","0","","","1","","1","","39 56:59.578","","0","75 12:16.853","3","0","0","0","67301","1","0","0","N","1","0","0","2","67504","0","","1.0","","1","N","N","N","0","","1","0","1","","2","N","","2","1","0","0","0","0","0","2","0","1","","","","N","","","","","","","","","",""
"2020046698","1500","1","0","0","0","0","0","0","0","0","5","1","","67","6","2020","2","39.95762","-75.15996","1500","6","0","0","0","1","0","0","0","0","","0","1","0","","","2","N","0","","39 57:27.433","4","0","75 09:35.856","4","0","0","0","67301","0","0","0","N","0","0","0","5","68K01","2","","1.0","1600.0","1","N","N","N","0","","0","0","1","","8","N","","3","2","0","0","0","0","0","2","0","3","","","","N","","","","","","","","","",""
"2020002913","1919","0","0","0","0","0","0","0","0","0","5","0","","67","1","2020","3","39.994933","-75.117861","1919","6","0","0","0","0","0","0","0","0","","0","0","0","","","1","N","0","","39 59:41.760","","0","75 07:04.300","3","0","0","0","67301","0","0","0","N","0","0","0","1","67301","0","","6.0","","9","N","N","N","1","","1","0","2","","0","","","4","1","1","0","0","0","0","2","1","4","","04","","N","","","","","","","","","",""
"2020001307","0605","1","0","0","0","0","0","0","0","0","4","0","","67","1","2020","5","39.926961","-75.151163","0557","6","0","0","0","0","0","0","0","0","","0","0","0","","","0","","1","","39 55:37.059","","0","75 09:04.186","0","0","0","0","67301","0","0","0","N","0","0","0","2","67301","0","","1.0","","1","N","N","N","1","","0","0","0","","2","","","2","0","0","0","0","0","0","2","0","2","","03","","N","","","","","","","","","",""
"2020000066","0550","0","0","0","0","0","0","0","0","0","7","0","","67","1","2020","4","39.950459","-75.226856","0529","6","0","0","0","0","0","0","0","0","","0","0","0","","","0","","1","","39 57:01.652","","0","75 13:36.680","9","0","0","0","67301","0","0","0","N","0","0","0","1","67301","0","","9.0","","1","N","N","N","0","","0","0","1","","2","","","1","0","0","0","0","0","1","2","0","1","","","","N","","","","","","","","","",""
"2020013645","2135","1","0","0","0","0","0","0","0","0","4","0","","67","1","2020","6","40.004935","-75.178718","2130","6","0","0","0","0","0","1","0","0","","0","0","0","","","4","","5","","40 00:17.766","6","0","75 10:43.386","3","0","0","0","67301","0","0","0","N","0","0","0","4","67301","0","","1.0","1120.0","9","N","N","N","0","","3","0","1","","2","Y","","2","4","0","0","0","1","0","2","0","2","","","","N","","","","","","","","","",""
"2020046525","1738","2","0","0","0","0","0","0","0","0","2","0","25","67","6","2020","7","39.949448","-75.225066","1735","6","0","1","0","0","0","0","0","0","","0","0","0","","","0","","1","","39 56:58.014","","0","75 13:30.236","0","0","0","0","67301","0","0","0","N","0","0","0","3","67301","0","","1.0","","1","N","N","N","0","","0","0","0","","3","","","2","0","0","0","0","0","0","2","0","2","","03","N","Y","8","1","N","N","N","Y","N","N","N","N"
"2020002081","0544","1","0","0","0","0","0","0","0","0","5","0","","67","1","2020","1","40.029611","-75.150719","0536","6","0","0","0","0","0","0","0","0","","0","0","0","","","0","N","0","","40 01:46.600","","0","75 09:02.590","0","0","0","0","67301","0","0","0","N","0","0","0","1","67301","0","","6.0","","1","N","N","N","0","","0","0","3","","0","","","4","0","0","0","0","0","0","2","0","4","","03","","N","","","","","","","","","",""
"2020012381","1900","3","0","0","0","0","0","0","0","0","1","0","","67","1","2020","4","39.966575","-75.239816","1900","6","0","0","0","0","0","0","0","0","","0","0","0","","","0","","1","","39 57:59.670","","0","75 14:23.337","0","0","0","0","67301","0","0","0","N","0","0","0","3","67301","0","","1.0","","1","N","N","N","0","","0","0","0","","2","","","3","0","2","0","0","0","0","2","0","3","","03","","N","","","","","","","","","",""
"2020018391","1930","0","0","0","1","0","0","0","0","0","8","0","","67","2","2020","5","39.967951","-75.210073","1930","6","0","0","0","0","0","0","0","0","","0","0","0","","","1","","3","","39 58:04.622","","0","75 12:36.264","8","0","0","0","67301","1","0","0","N","0","0","0","2","67301","0","","1.0","","1","N","N","N","1","","0","0","0","","0","","","2","1","0","0","0","1","0","2","0","1","","03","","N","","","","","","","","","",""
"2020002423","1600","2","0","0","0","0","0","0","0","0","4","0","","67","1","2020","3","39.956845","-75.229391","1600","6","0","0","0","0","0","0","0","0","","0","0","0","","","1","","1","","39 57:24.641","","0","75 13:45.807","8","0","0","0","67301","0","0","0","N","0","0","0","2","67301","0","","1.0","","1","N","N","N","0","","0","0","0","","3","","","2","1","0","0","0","1","0","2","0","2","","03","","N","","","","","","","","","",""
"2020009208","0249","1","0","0","0","0","0","0","0","0","5","0","","67","1","2020","5","40.026","-75.146417","0249","6","0","0","0","0","0","0","0","0","","0","0","0","","","2","N","0","","40 01:33.600","","0","75 08:47.100","3","0","0","0","67301","0","0","0","N","0","0","0","3","67301","0","","6.0","","1","N","N","N","0","","2","0","0","","9","","","2","2","0","0","0","0","0","2","1","2","","03","","N","","","","","","","","","",""
"2020001929","0815","1","0","0","0","0","0","0","0","0","8","0","","67","1","2020","2","39.952296","-75.175409","0810","6","0","0","0","0","0","0","0","0","","0","0","0","","","1","","1","","39 57:08.267","","0","75 10:31.472","4","0","0","0","67301","1","0","0","N","1","0","0","2","67301","1","","1.0","","1","N","N","N","0","","0","0","0","","2","","","2","1","0","0","0","0","0","2","0","1","","03","","N","","","","","","","","","",""
"2020046929","1653","2","0","0","0","0","0","0","0","0","1","0","","67","6","2020","2","39.967699","-75.160185","1649","6","0","0","0","0","0","0","0","0","","0","0","0","","","0","N","0","","39 58:03.716","","0","75 09:36.667","0","0","0","0","67301","0","0","0","N","0","0","0","2","67301","0","","1.0","","1","N","N","N","0","","0","0","0","","0","","","2","0","0","0","0","0","0","2","0","2","","","","N","","","","","","","","","",""
"2020047532","2143","2","0","0","0","0","0","0","0","0","5","0","","67","6","2020","3","39.942325","-75.233821","2142","6","0","0","0","0","0","1","0","0","","0","0","0","","","1","","1","","39 56:32.369","4","0","75 14:01.754","3","0","0","1","67301","0","0","0","N","0","0","0","2","67301","0","","1.0","2307.0","1","N","N","N","0","","1","0","0","","2","Y","","3","1","0","0","0","0","0","2","0","3","","98","","N","","","","","","","","","",""
"2020046706","1418","0","0","0","0","0","0","0","0","0","0","1","","67","6","2020","4","39.892095","-75.197924","1415","6","0","0","0","0","0","0","0","0","","0","1","0","","","0","N","0","","39 53:31.542","1","3","75 11:52.525","0","0","0","0","67301","0","0","0","Y","0","0","0","1","68K01","0","","1.0","1600.0","9","N","N","N","0","","0","0","0","","0","N","","1","0","0","0","0","0","0","1","0","1","","07","","N","","","","","","","","","",""
"2020010019","2109","0","0","0","0","0","0","0","0","0","1","0","","67","1","2020","2","40.022109","-75.038027","2050","6","0","0","0","0","0","0","1","0","","0","0","0","","","0","N","0","","40 01:19.594","1","0","75 02:16.898","0","0","0","0","67301","0","0","0","N","0","0","0","5","68K01","0","","1.0","15.0","1","N","N","N","0","","0","0","2","","0","N","","2","0","0","0","0","0","0","2","0","2","","","","N","","","","","","","","","",""
"2020002193","0030","1","0","0","0","0","0","0","0","0","7","0","","67","1","2020","7","39.983289","-75.208025","0019","6","0","0","0","0","0","0","0","0","","0","0","0","","","0","N","0","","39 58:59.841","","0","75 12:28.891","0","0","0","0","67301","0","0","0","N","0","0","0","1","68K01","0","","2.0","","9","N","N","N","0","","0","0","0","","0","","","1","0","0","0","0","0","0","2","0","1","","","","N","","","","","","","","","",""
"2020001645","0854","1","0","0","0","0","0","0","0","0","4","1","","67","1","2020","2","40.024576","-75.130555","0854","6","0","0","0","0","0","0","0","0","","0","1","0","","","1","","1","","40 01:28.473","","0","75 07:49.997","3","0","0","0","67301","0","0","0","N","0","0","0","2","67301","0","","1.0","","1","N","N","N","0","","1","0","0","","2","","","2","1","1","0","0","0","0","2","0","2","","","","N","","","","","","","","","",""
"2020047555","2050","0","0","0","0","0","0","0","0","0","4","0","","67","6","2020","6","39.943226","-75.153714","2047","6","0","0","0","0","0","0","0","0","","0","0","0","","","1","","2","","39 56:35.612","","0","75 09:13.370","3","0","0","1","67301","0","0","0","N","0","0","0","1","67301","0","","1.0","","1","N","N","N","0","","1","0","0","","2","","","2","1","0","0","0","0","0","2","0","1","","","","N","","","","","","","","","",""
"2020014790","0732","1","0","0","0","0","0","0","0","0","5","0","","67","1","2020","1","40.018661","-75.055958","0723","6","0","0","0","0","0","0","0","0","","0","0","0","","","0","N","0","","40 01:07.180","","0","75 03:21.450","0","0","0","0","67301","0","0","0","N","0","0","0","1","67301","0","","6.0","","1","N","N","N","0","","0","0","0","","0","","","2","0","0","0","0","0","0","2","1","2","","03","","N","","","","","","","","","",""
"2020003198","1855","2","0","0","0","0","0","0","0","0","5","0","","67","1","2020","3","40.018542","-75.167095","1851","6","0","0","0","0","0","1","0","0","","0","0","0","","","0","","6","","40 01:06.752","","2","75 10:01.543","0","0","0","0","67301","0","0","0","N","0","0","0","5","67301","0","","7.0","","9","N","N","N","0","","0","0","1","","0","","","3","0","0","0","0","0","0","2","0","3","","07","","N","","","","","","","","","",""
"2020003332","1900","0","0","0","1","0","0","0","0","0","8","0","","67","1","2020","3","39.938065","-75.16844","1815","6","0","0","0","0","0","0","0","0","","0","0","0","","","1","","1","","39 56:17.034","","0","75 10:06.383","8","0","0","0","67301","1","0","0","N","0","0","0","2","67301","0","","1.0","","9","N","N","Y","0","","0","0","0","","2","","","2","1","0","0","0","1","0","2","0","1","","06","","N","","","","","","","","","",""
"2020046774","1223","2","0","0","0","0","0","1","0","0","4","1","","67","6","2020","3","39.939972","-75.213864","1213","6","0","0","0","0","0","1","0","0","","0","0","0","","","3","","1","","39 56:23.899","","0","75 12:49.910","3","0","0","0","67301","0","0","0","N","0","0","0","4","67301","0","","1.0","","1","N","N","N","0","","3","0","0","","2","","","3","3","0","0","0","0","0","2","0","3","","03","","N","","","","","","","","","",""
"2020001430","0304","0","0","0","0","0","0","0","0","0","1","0","","67","1","2020","1","40.001601","-75.152925","0301","6","0","0","0","0","0","0","0","0","","0","0","0","","","3","","1","","40 00:05.763","","0","75 09:10.529","4","0","0","0","67301","0","0","0","N","0","0","0","4","67301","3","","1.0","","1","N","N","Y","0","","0","0","2","","2","","","2","3","0","0","0","0","0","2","0","2","","03","","N","","","","","","","","","",""
"2020047534","0051","2","0","0","0","0","0","0","0","0","1","0","","67","6","2020","4","40.011956","-75.176015","0051","6","0","0","0","0","0","1","0","0","","0","0","0","","","1","","1","","40 00:43.041","","0","75 10:33.654","3","0","0","0","67301","0","0","0","N","0","0","0","4","67301","0","","9.0","","1","N","N","N","0","","1","0","0","","2","","","2","1","3","0","0","0","0","2","0","2","","03","","N","","","","","","","","","",""
"2020004342","1545","0","0","0","0","0","0","0","0","0","8","0","","67","1","2020","4","40.040306","-75.055058","1534","6","0","0","0","0","0","0","0","0","","0","0","0","","","1","","1","","40 02:25.101","","0","75 03:18.208","3","0","0","0","67301","1","0","0","N","1","0","0","2","67301","0","","1.0","","1","N","N","N","0","","1","0","0","","3","","","2","1","0","0","0","0","0","2","1","1","","","","N","","","","","","","","","",""
"2020000646","0155","2","0","0","0","0","0","0","0","0","1","0","","67","1","2020","6","40.025178","-75.125421","0150","6","0","0","0","0","0","0","0","0","9","0","0","0","","","1","","1","","40 01:30.639","","0","75 07:31.514","3","0","0","0","67301","0","0","0","N","0","0","0","4","67301","0","","1.0","","1","N","Y","N","0","","1","0","1","","2","","","3","1","0","0","0","0","0","2","0","3","","","","N","","","","","","","","","",""
"2020014558","0401","2","0","0","0","0","0","0","0","0","5","0","","67","2","2020","7","39.98239","-75.207641","0355","6","0","0","0","0","0","0","0","0","","0","0","0","","","2","N","0","","39 58:56.604","4","0","75 12:27.506","3","0","0","0","67301","0","0","0","N","0","0","0","3","68K01","0","","1.0","430.0","1","N","N","Y","0","","2","0","1","","0","N","","3","2","0","0","0","0","0","2","0","3","","","","N","","","","","","","","","",""
"2020046777","1110","1","0","0","0","0","0","0","0","0","5","0","","67","6","2020","6","39.913561","-75.235928","1110","6","0","0","0","0","0","0","0","0","","0","0","0","","","0","N","0","","39 54:48.820","","0","75 14:09.340","0","0","0","0","67301","0","0","0","N","0","0","0","1","67301","0","","2.0","","1","N","N","N","0","","0","0","1","","0","","","2","0","0","0","0","0","0","2","0","2","","03","","N","","","","","","","","","",""
"2020051997","1015","1","0","0","0","0","0","0","0","0","4","0","","67","7","2020","4","39.991528","-75.100461","1015","6","0","0","0","0","0","0","0","0","","0","0","0","","","0","N","0","","39 59:29.499","","0","75 06:01.661","0","0","0","0","67301","0","0","0","N","0","0","0","1","67301","0","","1.0","","1","N","N","N","0","","0","0","0","","2","U","","2","0","0","0","0","0","0","2","0","1","","03","","N","","","","","","","","","",""
"2020001153","1330","2","0","0","0","0","0","0","0","0","4","0","","67","1","2020","5","39.957337","-75.144132","1330","6","0","0","0","0","0","0","0","0","","0","0","0","","","2","","5","","39 57:26.412","","2","75 08:38.875","3","0","0","0","67301","0","0","0","N","0","0","0","6","67301","0","","1.0","","1","N","N","N","1","","2","0","1","","2","","","5","2","1","0","0","0","0","2","1","5","","03","","N","","","","","","","","","",""
"2020001157","2331","1","0","0","0","0","0","0","0","0","4","0","","67","1","2020","5","39.924042","-75.227707","2328","6","0","1","0","0","0","0","0","0","","0","0","0","","","1","","1","","39 55:26.552","","0","75 13:39.745","3","0","0","0","67301","0","0","0","N","0","0","0","5","67301","0","","1.0","","1","N","N","N","0","","1","0","1","","2","","","2","1","1","0","0","0","0","2","0","2","","03","","N","","","","","","","","","",""
"2020010032","1435","0","0","0","0","0","0","0","0","0","7","0","","67","1","2020","7","39.899165","-75.176218","1435","6","0","0","0","0","0","1","0","0","3","0","0","0","","","0","N","0","","39 53:56.993","1","0","75 10:34.385","0","0","0","0","67301","0","0","0","N","0","0","0","1","68K01","0","","3.0","9999.0","7","N","N","N","0","","0","0","1","","0","N","","1","0","0","0","0","0","0","2","0","1","","","","N","","","","","","","","","",""
"2020033504","0612","1","0","0","0","0","0","0","0","0","5","0","","67","1","2020","6","40.068283","-75.029787","0604","6","0","0","0","0","0","0","0","0","","0","0","0","","","0","N","0","","40 04:05.818","4","0","75 01:47.233","0","0","0","0","67301","0","0","0","N","0","0","0","1","67301","0","","6.0","713.0","1","N","N","N","1","","0","0","1","","0","N","","3","0","0","0","0","0","0","2","0","3","","03","","N","","","","","","","","","",""
"2020017476","1955","2","0","0","0","0","0","0","0","0","1","0","","67","1","2020","2","39.892385","-75.224361","1944","6","0","0","0","0","0","1","0","0","","0","0","0","","","0","N","0","","39 53:32.587","2","0","75 13:27.699","0","0","0","0","67301","0","0","0","N","0","0","0","3","68K01","0","","1.0","40.0","1","N","N","N","0","","0","0","0","","0","N","","2","0","0","0","0","0","0","2","0","2","","03","","N","","","","","","","","","",""
"2020007745","0220","2","0","0","0","0","0","0","0","0","4","0","","67","1","2020","7","40.007181","-75.147912","0215","6","0","0","0","0","0","1","0","0","","0","0","0","","","1","","2","","40 00:25.851","","0","75 08:52.483","4","0","0","0","67301","0","0","0","N","0","0","0","2","67301","1","","1.0","","1","N","N","N","0","","0","0","0","","0","","","2","1","0","0","0","0","0","2","0","2","","03","","N","","","","","","","","","",""
"2020018361","2125","0","0","0","0","0","0","0","0","0","0","0","","67","1","2020","2","40.022074","-75.03814","2103","6","0","0","0","0","0","0","1","0","","0","0","0","","","0","N","0","","40 01:19.465","1","0","75 02:17.304","9","0","0","0","67301","0","0","0","N","0","0","0","4","68K01","0","","1.0","25.0","1","N","N","N","0","","0","0","1","","0","N","","3","0","0","0","0","0","1","2","1","3","","","","N","","","","","","","","","",""