"CRN","ARRIVAL_TM","AUTOMOBILE_COUNT","BELTED_DEATH_COUNT","BELTED_SUSP_SERIOUS_INJ_COUNT","BICYCLE_COUNT","BICYCLE_DEATH_COUNT","BICYCLE_SUSP_SERIOUS_INJ_COUNT","BUS_COUNT","CHLDPAS_DEATH_COUNT","CHLDPAS_SUSP_SERIOUS_INJ_COUNT","COLLISION_TYPE","COMM_VEH_COUNT","CONS_ZONE_SPD_LIM","COUNTY","CRASH_MONTH","CRASH_YEAR","DAY_OF_WEEK","DEC_LATITUDE","DEC_LONGITUDE","DISPATCH_TM","DISTRICT","DRIVER_COUNT_16YR","DRIVER_COUNT_17YR","DRIVER_COUNT_18YR","DRIVER_COUNT_19YR","DRIVER_COUNT_20YR","DRIVER_COUNT_50_64YR","DRIVER_COUNT_65_74YR","DRIVER_COUNT_75PLUS","EST_HRS_CLOSED","FATAL_COUNT","HEAVY_TRUCK_COUNT","HORSE_BUGGY_COUNT","HOUR_OF_DAY","ILLUMINATION","INJURY_COUNT","INTERSECTION_RELATED","INTERSECT_TYPE","LANE_CLOSED","LATITUDE","LN_CLOSE_DIR","LOCATION_TYPE","LONGITUDE","MAX_SEVERITY_LEVEL","MCYCLE_DEATH_COUNT","MCYCLE_SUSP_SERIOUS_INJ_COUNT","MOTORCYCLE_COUNT","MUNICIPALITY","NONMOTR_COUNT","NONMOTR_DEATH_COUNT","NONMOTR_SUSP_SERIOUS_INJ_COUNT","NTFY_HIWY_MAINT","PED_COUNT","PED_DEATH_COUNT","PED_SUSP_SERIOUS_INJ_COUNT","PERSON_COUNT","POLICE_AGCY","POSSIBLE_INJ_COUNT","RDWY_SURF_TYPE_CD","RELATION_TO_ROAD","ROADWAY_CLEARED","ROAD_CONDITION","SCH_BUS_IND","SCH_ZONE_IND","SECONDARY_CRASH","SMALL_TRUCK_COUNT","SPEC_JURIS_CD","SUSP_MINOR_INJ_COUNT","SUSP_SERIOUS_INJ_COUNT","SUV_COUNT","TCD_FUNC_CD","TCD_TYPE","TFC_DETOUR_IND","TIME_OF_DAY","TOTAL_UNITS","TOT_INJ_COUNT","UNBELTED_OCC_COUNT","UNB_DEATH_COUNT","UNB_SUSP_SERIOUS_INJ_COUNT","UNK_INJ_DEG_COUNT","UNK_INJ_PER_COUNT","URBAN_RURAL","VAN_COUNT","VEHICLE_COUNT","WEATHER1","WEATHER2","WORKERS_PRES","WORK_ZONE_IND","WORK_ZONE_LOC","WORK_ZONE_TYPE","WZ_CLOSE_DETOUR","WZ_FLAGGER","WZ_LAW_OFFCR_IND","WZ_LN_CLOSURE","WZ_MOVING","WZ_OTHER","WZ_SHLDER_MDN","WZ_WORKERS_INJ_KILLED"
"2020001930","1725","0","0","0","1","0","0","0","0","0","8","0","","67","1","2020","2","39.987806","-75.131564","1700","6","0","0","0","0","0","1","0","0","","0","0","0","","","1","N","0","","39 59:16.100","","0","75 07:53.630","8","0","0","0","67301","1","0","0","N","0","0","0","2","67301","0","","1.0","","1","N","N","N","0","","0","0","1","","2","","","2","1","0","0","0","1","0","2","0","1","","03","","N","","","","","","","","","",""
"2020006089","1118","1","0","0","0","0","0","0","0","0","7","0","","67","1","2020","4","40.00713","-75.094069","1115","6","0","0","0","0","0","0","0","0","","0","0","0","","","1","","1","","40 00:25.667","","0","75 05:38.650","3","0","0","0","67301","0","0","0","N","0","0","0","1","67301","0","","4.0","","1","N","N","N","0","","1","0","0","","2","","","1","1","0","0","0","0","0","2","0","1","","03","","N","","","","","","","","","",""
"2020014606","2220","1","0","0","0","0","0","0","0","0","7","0","","67","1","2020","2","39.976491","-75.195802","2219","6","0","0","0","0","0","0","0","0","","0","0","0","","","1","N","0","","39 58:35.367","4","0","75 11:44.887","3","0","0","0","67301","0","0","0","N","0","0","0","1","68K01","0","","4.0","2300.0","1","N","N","N","0","","1","0","0","","0","N","","1","1","0","0","0","0","0","2","0","1","","03","","N","","","","","","","","","",""
"2020002421","1750","1","0","0","0","0","0","0","0","0","4","0","","67","1","2020","6","39.927338","-75.144778","1730","6","0","0","0","0","0","2","0","0","","0","0","0","","","2","","1","","39 55:38.416","","0","75 08:41.201","4","0","0","0","67301","0","0","0","N","0","0","0","4","67301","2","","1.0","","9","N","N","N","0","","0","0","1","","2","","","2","2","1","0","0","0","0","2","0","2","","","","N","","","","","","","","","",""
"2020014223","2138","3","0","0","0","0","0","0","0","0","4","0","","67","1","2020","6","40.030115","-75.145975","2134","6","0","0","0","0","1","1","0","0","","0","0","0","","","1","N","0","","40 01:48.413","5","7","75 08:45.511","8","0","0","0","67301","0","0","0","N","0","0","0","4","67301","0","","1.0","2210.0","9","N","N","N","0","","0","0","0","","2","Y","","3","1","3","0","0","1","0","2","0","3","","03","","N","","","","","","","","","",""
"2020005840","1500","2","0","0","0","0","0","0","0","0","1","0","","67","1","2020","4","39.994914","-75.162141","1458","6","0","0","0","0","0","0","1","0","","0","0","0","","","1","N","0","","39 59:41.690","4","0","75 09:43.707","8","0","0","0","67301","0","0","0","N","0","0","0","2","67301","0","","1.0","20.0","1","N","N","N","0","","0","0","0","","0","N","","2","1","2","0","0","1","0","2","0","2","","03","","N","","","","","","","","","",""
"2020008298","0305","1","0","0","0","0","0","0","0","0","5","0","","67","1","2020","2","40.044097","-75.051367","0303","6","0","0","0","0","1","0","0","0","","0","0","0","","","1","N","0","","40 02:38.750","","0","75 03:04.920","8","0","0","0","67301","0","0","0","N","0","0","0","1","67301","0","","6.0","","1","N","N","N","0","","0","0","0","","0","","","2","1","0","0","0","1","0","2","1","2","","03","","N","","","","","","","","","",""
"2020001557","0510","1","0","0","0","0","0","0","0","0","5","0","","67","1","2020","4","40.030369","-75.10955","0510","6","0","0","0","0","0","0","0","0","","0","0","0","","","0","N","0","","40 01:49.330","","0","75 06:34.380","9","0","0","0","67301","0","0","0","N","0","0","0","1","67301","0","","6.0","","1","N","N","N","0","","0","0","1","","0","","","3","0","0","0","0","0","1","2","1","3","","","","N","","","","","","","","","",""
"2020002941","0730","2","0","0","0","0","0","0","0","0","4","0","","67","1","2020","3","39.977605","-75.235544","0728","6","0","0","0","0","0","1","0","0","","0","0","0","","","1","","1","","39 58:39.377","1","0","75 14:07.958","3","0","0","0","67301","0","0","0","N","0","0","0","2","67301","0","","1.0","750.0","1","N","N","N","0","","1","0","0","","0","Y","","2","1","0","0","0","0","0","2","0","2","","03","","N","","","","","","","","","",""
"2020002201","2307","2","0","0","0","0","0","0","0","0","1","0","","67","1","2020","7","39.984394","-75.208346","2306","6","0","0","0","0","0","0","0","0","","0","0","0","","","0","N","0","","39 59:03.818","3","0","75 12:30.046","0","0","0","0","67301","0","0","0","N","0","0","0","3","68K01","0","","1.0","45.0","9","N","N","N","0","","0","0","1","","0","N","","3","0","0","0","0","0","0","2","0","3","","","","N","","","","","","","","","",""
"2020048628","0455","1","0","0","0","0","0","0","0","0","7","0","","67","6","2020","5","39.981084","-75.20668","0455","6","0","0","0","0","0","0","0","0","","0","0","0","","","1","N","0","","39 58:51.901","3","0","75 12:24.049","3","0","0","0","67301","0","0","0","N","0","0","0","2","68K01","0","","4.0","530.0","9","N","N","N","0","","1","0","0","","0","N","","1","1","0","0","0","0","0","2","0","1","","","","N","","","","","","","","","",""
"2020046154","1721","2","0","0","0","0","0","0","0","0","4","0","","67","6","2020","5","40.026996","-75.147372","1721","6","0","0","0","0","0","1","0","0","","0","0","0","","","1","N","0","","40 01:37.184","","0","75 08:50.539","3","0","0","0","67301","0","0","0","N","0","0","0","2","67301","0","","1.0","","99","N","N","N","0","","1","0","0","","0","","","2","1","0","0","0","0","0","2","0","2","","","","N","","","","","","","","","",""
"2020002565","0730","1","0","0","0","0","0","0","0","0","4","0","","67","1","2020","4","39.985595","-75.150912","0723","6","0","0","0","0","0","0","0","0","2","0","0","0","","","3","","1","","39 59:08.141","1","0","75 09:03.283","3","0","0","0","67301","0","0","0","N","0","0","0","3","67301","0","","1.0","9999.0","1","N","N","N","0","","3","0","0","","2","N","","2","3","0","0","0","0","0","2","1","2","","","","N","","","","","","","","","",""
"2020012672","1823","0","0","0","0","0","0","0","0","0","1","0","","67","2","2020","7","39.953154","-75.248748","1823","6","0","0","0","0","0","0","0","0","","0","0","0","","","1","","2","","39 57:11.353","","0","75 14:55.491","3","0","0","0","67301","0","0","0","N","0","0","0","2","67301","0","","1.0","","9","N","N","N","0","","1","0","2","","2","","","2","1","2","0","0","0","0","2","0","2","","07","","N","","","","","","","","","",""
"2020001379","1853","1","0","0","0","0","0","0","0","0","4","0","","67","1","2020","5","39.959686","-75.176314","1843","6","0","0","0","0","0","1","0","0","","0","0","0","","","2","N","0","","39 57:34.869","4","0","75 10:34.730","3","0","0","0","67301","0","0","0","N","0","0","0","3","68K01","0","","1.0","30.0","1","N","N","N","0","","2","0","0","","0","N","","2","2","0","0","0","0","0","2","1","2","","03","","N","","","","","","","","","",""
"2020051030","0105","0","0","0","0","0","0","0","0","0","8","0","","67","6","2020","3","40.022286","-75.148402","0057","6","0","0","0","0","0","0","0","0","","1","0","0","","","1","N","0","","40 01:20.231","2","0","75 08:54.248","1","0","1","1","67301","1","1","0","N","1","1","0","2","67301","0","2","1.0","210.0","1","N","N","N","0","0","0","1","0","","0","Y","","2","1","0","0","0","0","0","2","0","1","","","","N","","","","","","","","","",""
"2020001746","1929","1","0","0","0","0","0","0","0","0","4","0","","67","1","2020","6","40.016783","-75.049746","1922","6","0","0","0","0","0","0","0","0","","0","0","0","","","0","","3","","40 01:00.420","","0","75 02:59.087","0","0","0","0","67301","0","0","0","N","0","0","0","2","67301","0","","1.0","","9","N","N","N","0","","0","0","1","","2","","","2","0","0","0","0","0","0","2","0","2","","07","","N","","","","","","","","","",""
"2020000293","1730","0","0","0","0","0","0","0","0","0","8","0","","67","1","2020","4","40.054174","-75.071346","1727","6","0","0","0","0","0","0","0","0","3","0","0","0","","","1","N","0","","40 03:15.026","3","0","75 04:16.845","2","0","0","0","67301","1","0","1","N","1","0","1","2","67301","0","","1.0","9999.0","1","N","N","N","0","","0","1","1","","2","Y","","2","1","0","0","0","0","0","2","0","1","","","","N","","","","","","","","","",""
"2020006083","1008","1","0","0","0","0","0","0","0","0","7","0","","67","1","2020","5","40.033142","-75.079519","1004","6","0","0","0","0","0","0","0","0","","0","0","0","","","1","N","0","","40 01:59.310","","0","75 04:46.267","3","0","0","0","67301","0","0","0","N","0","0","0","1","67301","0","","4.0","","1","N","N","N","0","","1","0","0","","0","","","1","1","0","0","0","0","0","2","0","1","","","","N","","","","","","","","","",""
"2020001749","1200","1","0","0","0","0","0","0","0","0","8","0","","67","1","2020","4","40.02026","-75.114068","1200","6","0","0","0","0","0","0","0","0","","0","0","0","","","1","","1","","40 01:12.937","","0","75 06:50.646","3","0","0","0","67301","1","0","0","N","1","0","0","2","67301","0","","1.0","","99","N","N","N","0","","1","0","0","","2","","","2","1","0","0","0","0","0","2","0","1","","03","","N","","","","","","","","","",""
"2020047131","0016","1","0","0","0","0","0","0","0","0","1","0","","67","6","2020","6","39.935343","-75.144927","0011","6","0","0","0","0","0","0","0","0","","0","0","0","","","1","N","0","","39 56:07.235","","0","75 08:41.736","4","0","0","0","67301","0","0","0","N","0","0","0","2","68K01","1","","1.0","","9","N","N","N","0","","0","0","0","","0","","","2","1","0","0","0","0","1","2","0","2","","","","N","","","","","","","","","",""
"2020001599","0807","1","0","0","0","0","0","0","0","0","5","0","","67","1","2020","4","40.044222","-75.121722","0807","6","0","0","0","0","0","0","0","0","","0","0","0","","","0","N","0","","40 02:39.200","","0","75 07:18.200","0","0","0","0","67301","0","0","0","N","0","0","0","2","67301","0","","4.0","","1","N","N","N","0","","0","0","1","","0","","","2","0","0","0","0","0","0","2","0","2","","","","N","","","","","","","","","",""
"2020049117","1905","2","0","0","0","0","0","0","0","0","2","0","","67","6","2020","2","39.923523","-75.163051","1900","6","0","0","0","0","0","0","0","0","","0","0","0","","","1","N","0","","39 55:24.682","4","7","75 09:46.985","3","0","0","0","67301","0","0","0","N","0","0","0","4","67301","0","","1.0","2000.0","1","N","N","N","0","","1","0","0","","9","N","","2","1","0","0","0","0","0","2","0","2","","","","N","","","","","","","","","",""
"2020053999","0100","2","0","0","0","0","0","0","0","0","6","0","","67","7","2020","5","39.955842","-75.242039","0100","6","0","0","0","0","0","0","0","0","","0","0","0","","","0","N","0","","39 57:21.030","","0","75 14:31.340","9","0","0","0","67301","0","0","0","N","0","0","0","1","67301","0","","1.0","","1","N","N","N","0","","0","0","0","","0","","","2","0","0","0","0","0","1","2","0","2","","","","N","","","","","","","","","",""
"2020001582","1342","2","0","0","0","0","0","0","0","0","4","0","","67","1","2020","6","40.050691","-75.066524","1332","6","0","0","0","0","0","1","0","0","","0","0","0","","","1","N","0","","40 03:02.488","1","7","75 03:59.485","3","0","0","0","67301","0","0","0","N","0","0","0","4","67301","0","","1.0","1500.0","9","N","N","N","0","","1","0","0","","0","N","","2","1","0","0","0","0","3","2","0","2","","","","N","","","","","","","","","",""
"2020012674","2010","1","0","0","0","0","0","0","0","0","5","0","","67","1","2020","4","40.021208","-75.116197","2005","6","0","0","0","0","0","0","0","0","","0","0","0","","","0","N","0","","40 01:16.350","","0","75 06:58.310","0","0","0","0","67301","0","0","0","N","0","0","0","1","67301","0","","6.0","","1","N","N","N","0","","0","0","5","","0","","","6","0","0","0","0","0","0","2","0","6","","","","N","","","","","","","","","",""
"2020013371","1510","0","0","0","0","0","0","0","0","0","5","0","","67","2","2020","7","40.017213","-75.188688","1457","6","0","0","0","0","0","0","0","0","","0","0","0","","","0","N","0","","40 01:01.967","","0","75 11:19.275","0","0","0","0","67301","0","0","0","N","0","0","0","2","67301","0","","1.0","","1","N","N","N","0","","0","0","2","","0","","","2","0","0","0","0","0","0","2","0","2","","04","","N","","","","","","","","","",""
"2020017304","1058","1","0","0","0","0","0","0","0","0","5","0","","67","1","2020","7","40.005151","-75.195383","1052","6","0","1","0","0","0","0","0","0","","0","0","0","","","0","N","0","","40 00:18.545","","0","75 11:43.380","0","0","0","0","67301","0","0","0","N","0","0","0","2","68K01","0","","1.0","","7","N","N","N","0","","0","0","1","","0","","","2","0","0","0","0","0","0","2","0","2","","04","","N","","","","","","","","","",""
"2020001747","1028","0","0","0","0","0","0","0","0","0","8","0","","67","1","2020","5","40.00777","-75.139599","1028","6","0","0","0","0","0","0","1","0","","0","0","0","","","1","","1","","40 00:27.973","","0","75 08:22.555","3","0","0","0","67301","1","0","0","N","1","0","0","2","67301","0","","1.0","","1","N","N","N","0","","1","0","1","","3","","","2","1","1","0","0","0","0","2","0","1","","03","","N","","","","","","","","","",""
"2020000064","0022","1","0","0","0","0","0","0","0","0","8","0","","67","1","2020","4","39.949008","-75.240069","0020","6","0","0","0","0","0","0","0","0","","0","0","0","","","1","N","0","","39 56:56.430","","0","75 14:24.250","3","0","0","0","67301","1","0","0","N","1","0","0","2","67301","0","","1.0","","1","N","N","N","0","","1","0","0","","0","","","2","1","0","0","0","0","0","2","0","1","","","","N","","","","","","","","","",""
"2020002998","1437","2","0","0","0","0","0","0","0","0","5","0","","67","1","2020","3","39.917605","-75.212605","1437","6","0","0","0","0","0","0","1","0","","0","0","0","","","0","N","0","","39 55:03.377","6","0","75 12:45.377","0","0","0","0","67301","0","0","0","N","0","0","0","1","67301","0","","4.0","1630.0","1","N","N","N","0","","0","0","0","","0","N","","2","0","0","0","0","0","0","2","0","2","","03","","N","","","","","","","","","",""
"2020003001","0840","0","0","0","0","0","0","0","0","0","8","0","","67","1","2020","2","40.028369","-75.179992","0833","6","0","0","0","0","0","0","0","0","","0","0","0","","","1","N","0","","40 01:42.130","","0","75 10:47.970","3","0","0","0","67301","1","0","0","N","1","0","0","2","67301","0","","1.0","","1","N","N","N","0","","1","0","0","","0","","","2","1","0","0","0","0","0","2","0","1","","","","N","","","","","","","","","",""
"2020003772","1100","2","0","0","0","0","0","0","0","0","4","0","","67","1","2020","4","39.950969","-75.152003","1055","6","0","0","0","0","0","1","0","0","","0","0","0","","","1","","1","","39 57:03.489","","0","75 09:07.210","3","0","0","0","67301","0","0","0","N","0","0","0","2","67301","0","","1.0","","1","N","N","N","0","","1","0","0","","2","","","2","1","0","0","0","0","0","2","0","2","","03","","N","","","","","","","","","",""
"2020046684","1257","1","0","0","0","0","0","0","0","0","1","0","","67","5","2020","7","39.958104","-75.164466","1257","6","0","0","0","0","0","0","0","0","","0","0","0","","","1","N","0","","39 57:29.174","","0","75 09:52.076","8","0","0","0","67301","0","0","0","N","0","0","0","6","68K01","0","","1.0","","1","N","N","N","0","","0","0","1","","0","","","2","1","0","0","0","1","0","2","0","2","","03","","N","","","","","","","","","",""
"2020007380","0109","2","0","0","0","0","0","0","0","0","4","0","","67","1","2020","2","39.967289","-75.136685","0104","6","0","0","0","0","1","1","0","0","","0","0","0","","","0","","1","","39 58:02.240","","0","75 08:12.065","0","0","0","0","67301","0","0","0","N","0","0","0","2","67301","0","","1.0","","1","N","N","N","0","","0","0","0","","3","","","2","0","0","0","0","0","0","2","0","2","","03","","N","","","","","","","","","",""
"2020017913","1240","0","0","0","0","0","0","0","0","0","8","0","","67","2","2020","1","39.921237","-75.158566","1240","6","0","0","0","0","0","0","0","0","","0","0","0","","","1","","1","","39 55:16.453","","0","75 09:30.837","8","0","0","0","67301","1","0","0","N","1","0","0","2","67301","0","","1.0","","1","N","N","N","0","","0","0","1","","3","","","2","1","0","0","0","1","1","2","0","1","","03","","N","","","","","","","","","",""
"2020003334","1700","1","0","0","0","0","0","0","0","0","4","0","","67","1","2020","6","40.029072","-75.178133","1650","6","0","0","0","0","0","0","0","0","","0","0","0","","","0","","1","","40 01:44.659","","0","75 10:41.278","0","0","0","0","67301","0","0","0","N","0","0","0","2","67301","0","","1.0","","9","N","N","N","0","","0","0","0","","3","","","2","0","0","0","0","0","0","2","1","2","","04","","N","","","","","","","","","",""
"2020031076","1026","1","0","0","0","0","0","0","0","0","7","0","","67","3","2020","3","39.952024","-75.141466","1019","6","0","0","0","0","0","0","0","0","","0","0","0","","","0","N","0","","39 57:07.287","","0","75 08:29.276","0","0","0","0","67301","0","0","0","N","0","0","0","1","68K01","0","","3.0","","9","N","N","N","0","","0","0","0","","0","","","1","0","0","0","0","0","0","2","0","1","","03","","N","","","","","","","","","",""
"2020038485","0130","1","0","0","0","0","0","0","0","0","7","0","","67","4","2020","7","39.901531","-75.152252","0130","6","0","0","0","0","0","0","0","0","","0","0","0","","","0","N","0","","39 54:05.512","","0","75 09:08.106","0","0","0","0","67301","0","0","0","N","0","0","0","1","68K01","0","","3.0","","1","N","N","N","0","","0","0","0","","0","","","1","0","0","0","0","0","0","2","0","1","","","","N","","","","","","","","","",""
"2020033127","0325","0","0","0","0","0","0","0","0","0","4","0","","67","4","2020","6","40.003666","-75.168958","0320","6","0","0","0","0","0","0","0","0","","0","0","0","","","1","","5","","40 00:13.197","7","0","75 10:08.247","3","0","0","0","67301","0","0","0","N","0","0","0","3","67301","0","","1.0","503.0","1","N","N","N","1","","1","0","1","","1","Y","","2","1","0","0","0","0","0","2","0","2","","03","","N","","","","","","","","","",""
"2020032406","1308","1","0","0","0","0","0","0","0","0","5","0","","67","4","2020","5","39.990814","-75.123656","1308","6","0","0","0","0","0","0","1","0","","0","0","0","","","1","N","0","","39 59:26.930","5","0","75 07:25.160","3","0","0","0","67301","0","0","0","N","0","0","0","1","67301","0","","6.0","100.0","9","N","N","N","1","","1","0","0","","9","Y","","2","1","0","0","0","0","0","2","0","2","","07","","N","","","","","","","","","",""
"2020003195","2205","0","0","0","0","0","0","0","0","0","5","0","","67","1","2020","3","39.940564","-75.226686","2200","6","0","0","0","0","0","0","0","0","","0","0","0","","","0","N","0","","39 56:26.030","","0","75 13:36.070","9","0","0","0","67301","0","0","0","N","0","0","0","1","67301","0","","6.0","","9","N","N","N","0","","0","0","2","","3","","","2","0","0","0","0","0","1","2","0","2","","07","","N","","","","","","","","","",""
"2020038708","0035","3","0","0","0","0","0","0","0","0","1","0","","67","4","2020","7","40.002644","-75.195027","0030","6","0","0","0","0","1","0","0","0","","0","0","0","","","1","N","0","","40 00:09.519","3","0","75 11:42.097","8","0","0","0","67301","0","0","0","N","0","0","0","4","68K01","0","","1.0","40.0","1","N","N","N","0","","0","0","1","","0","N","","4","1","1","0","0","1","0","2","0","4","","","","N","","","","","","","","","",""
"2020031880","1327","1","0","0","0","0","0","0","0","0","8","0","","67","4","2020","5","40.047694","-75.05983","1326","6","0","0","0","0","0","0","0","0","","0","0","0","","","1","","1","","40 02:51.700","","0","75 03:35.389","8","0","0","0","67301","1","0","0","N","1","0","0","2","67301","0","","1.0","","1","N","N","N","0","","0","0","0","","2","","","2","1","0","0","0","1","0","2","0","1","","03","","N","","","","","","","","","",""
"2020032161","1740","1","0","0","0","0","0","0","0","0","4","0","","67","4","2020","6","39.940145","-75.225996","1734","6","0","0","0","0","0","0","0","0","","0","0","0","","","0","","1","","39 56:24.521","","0","75 13:33.585","0","0","0","0","67301","0","0","0","N","0","0","0","3","67301","0","","1.0","","1","N","N","N","0","","0","0","1","","0","","","2","0","0","0","0","0","0","2","0","2","","03","","N","","","","","","","","","",""
"2020030840","1037","1","0","0","0","0","0","0","0","0","4","0","","67","4","2020","5","39.999744","-75.138521","1032","6","0","0","0","0","0","1","0","0","","0","0","0","","","0","","1","","39 59:59.077","","0","75 08:18.677","0","0","0","0","67301","0","0","0","N","0","0","0","4","67301","0","","1.0","","1","N","N","N","0","","0","0","1","","2","","","2","0","0","0","0","0","0","2","0","2","","03","","N","","","","","","","","","",""
"2020034447","1103","1","0","0","0","0","0","0","0","0","7","0","","67","4","2020","5","39.981693","-75.207133","1101","6","0","0","1","0","0","0","0","0","","0","0","0","","","0","N","0","","39 58:54.093","","0","75 12:25.678","0","0","0","0","67301","0","0","0","N","0","0","0","1","68K01","0","","2.0","","1","N","N","N","0","","0","0","0","","0","","","1","0","0","0","0","0","0","2","0","1","","03","","N","","","","","","","","","",""
"2020041370","1806","1","0","0","0","0","0","0","0","0","1","0","","67","4","2020","6","39.96704","-75.188273","1801","6","0","0","0","0","0","1","0","0","","0","0","0","","","3","N","0","","39 58:01.343","3","0","75 11:17.782","4","0","0","0","67301","0","0","0","N","0","0","0","4","68K01","3","","1.0","45.0","1","N","N","N","0","","0","0","0","","0","N","","2","3","0","0","0","0","1","2","0","2","","","","N","","","","","","","","","",""
"2020036345","0005","2","0","0","0","0","0","0","0","0","4","0","","67","4","2020","6","40.02686","-75.121252","2356","6","0","0","0","0","0","0","0","0","","0","0","0","","","2","","3","","40 01:36.696","5","0","75 07:16.506","3","0","0","0","67301","0","0","0","N","0","0","0","2","67301","0","","1.0","231.0","1","N","N","N","0","","2","0","3","","3","Y","","6","2","0","0","0","0","0","2","1","6","","03","","N","","","","","","","","","",""
"2020033283","1206","1","0","0","0","0","0","0","0","0","1","0","","67","4","2020","7","39.924062","-75.245505","1202","6","0","0","0","0","0","1","0","0","","0","0","0","","","0","","5","","39 55:26.624","3","0","75 14:43.817","0","0","0","0","67301","0","0","0","N","0","0","0","2","67301","0","","1.0","1330.0","1","N","N","N","0","","0","0","1","","2","N","","2","0","0","0","0","0","0","2","0","2","","04","","N","","","","","","","","","",""
"2020032129","1540","1","0","0","0","0","0","0","0","0","3","0","","67","4","2020","6","40.06431","-75.153541","1535","6","0","0","0","0","0","0","0","0","","0","0","0","","","3","","5","","40 03:51.516","","0","75 09:12.747","8","0","0","0","67301","0","0","0","N","0","0","0","4","67301","0","","1.0","","1","N","N","N","1","","0","0","2","","2","","","4","3","3","0","0","3","1","2","0","4","","03","","N","","","","","","","","","",""
"2020031887","2250","2","0","0","0","0","0","0","0","0","5","0","","67","4","2020","3","40.016367","-75.140992","2247","6","0","0","0","0","0","0","0","0","","0","0","0","","","0","N","0","","40 00:58.920","","0","75 08:27.570","0","0","0","0","67301","0","0","0","N","0","0","0","1","67301","0","","6.0","","1","N","N","N","0","","0","0","1","","0","","","3","0","0","0","0","0","0","2","0","3","","","","N","","","","","","","","","",""
"2020030766","2352","3","0","0","0","0","0","0","0","0","4","0","","67","4","2020","4","39.956072","-75.237961","2348","6","0","0","0","0","0","0","0","0","","0","0","0","","","1","","1","","39 57:21.859","1","0","75 14:16.659","3","0","0","0","67301","0","0","0","N","0","0","0","4","67301","0","","1.0","116.0","1","N","N","N","0","","1","0","1","","2","N","","5","1","0","0","0","0","3","2","1","5","","03","","N","","","","","","","","","",""
"2020031462","0736","0","0","0","0","0","0","0","0","0","4","0","","67","4","2020","3","39.956236","-75.194153","0734","6","0","0","0","0","0","0","1","0","","0","0","0","","","0","N","1","","39 57:22.450","3","0","75 11:38.949","0","0","0","0","67301","0","0","0","N","0","0","0","2","67504","0","","1.0","800.0","1","N","N","N","0","","0","0","2","","2","Y","","2","0","0","0","0","0","0","2","0","2","","03","","N","","","","","","","","","",""
"2020002940","2020","2","0","0","0","0","0","0","0","0","4","0","","67","1","2020","2","39.975739","-75.223606","2015","6","0","0","0","0","0","0","0","0","","0","0","0","","","2","","2","","39 58:32.662","","0","75 13:24.981","3","0","0","0","67301","0","0","0","N","0","0","0","3","67301","0","","1.0","","1","N","N","N","0","","2","0","0","","0","","","2","2","3","0","0","0","0","2","0","2","","","","N","","","","","","","","","",""
"2020001969","0205","2","0","0","0","0","0","0","0","0","6","0","","67","1","2020","2","40.024244","-75.131848","0150","6","0","0","2","0","0","0","0","0","","0","0","0","","","2","N","0","","40 01:27.280","2","0","75 07:54.654","3","0","0","0","67301","0","0","0","N","0","0","0","3","67301","0","","1.0","400.0","1","N","N","N","0","","2","0","1","","2","Y","","3","2","1","0","0","0","0","2","0","3","","03","","N","","","","","","","","","",""
"2020031482","2120","1","0","0","0","0","0","0","0","0","7","0","","67","3","2020","3","40.005133","-75.09281","2111","6","0","0","0","0","0","0","0","0","","0","0","0","","","0","","3","","40 00:18.478","","0","75 05:34.115","9","0","0","0","67301","0","0","0","N","0","0","0","1","67301","0","","5.0","","1","N","N","N","0","","0","0","0","","0","","","1","0","0","0","0","0","1","2","0","1","","03","","N","","","","","","","","","",""
"2020032285","1840","2","0","0","0","0","0","0","0","0","4","0","","67","4","2020","7","39.960201","-75.239103","1837","6","0","0","0","0","0","0","0","0","","0","0","0","","","0","","1","","39 57:36.724","3","0","75 14:20.772","0","0","0","0","67301","0","0","0","N","0","0","0","3","67301","0","","1.0","1945.0","1","N","N","N","0","","0","0","0","","2","Y","","2","0","0","0","0","0","0","2","0","2","","03","","N","","","","","","","","","",""
"2020071966","0835","0","0","0","0","0","0","0","0","0","7","0","","67","9","2020","5","40.094556","-75.002233","0817","6","0","0","0","0","0","0","0","0","","0","0","0","","","0","N","0","","40 05:40.400","","0","75 00:08.040","0","0","0","0","67301","0","0","0","N","0","0","0","1","67301","0","","2.0","","1","N","N","N","0","","0","0","1","","0","","","1","0","0","0","0","0","0","2","0","1","","03","","N","","","","","","","","","",""
"2020032206","1550","1","0","0","0","0","0","0","0","0","4","0","","67","4","2020","2","39.993391","-75.15471","1547","6","0","0","0","0","0","0","0","0","","0","0","0","","","3","N","0","","39 59:36.208","","0","75 09:16.957","3","0","0","0","67301","0","0","0","N","0","0","0","3","67301","1","","1.0","","1","N","N","N","0","","2","0","1","","0","","","3","3","0","0","0","0","0","2","1","3","","","","N","","","","","","","","","",""
"2020031231","1918","2","0","0","0","0","0","0","0","0","4","0","","67","4","2020","1","40.080757","-75.028601","1911","6","0","0","0","1","0","1","0","0","","0","0","0","","","3","","1","","40 04:50.725","","0","75 01:42.964","4","0","0","0","67301","0","0","0","N","0","0","0","3","67301","2","","1.0","","1","N","N","N","0","","0","0","0","","2","","","2","3","0","0","0","1","0","2","0","2","","","","N","","","","","","","","","",""