"CRN","ARRIVAL_TM","AUTOMOBILE_COUNT","BELTED_DEATH_COUNT","BELTED_SUSP_SERIOUS_INJ_COUNT","BICYCLE_COUNT","BICYCLE_DEATH_COUNT","BICYCLE_SUSP_SERIOUS_INJ_COUNT","BUS_COUNT","CHLDPAS_DEATH_COUNT","CHLDPAS_SUSP_SERIOUS_INJ_COUNT","COLLISION_TYPE","COMM_VEH_COUNT","CONS_ZONE_SPD_LIM","COUNTY","CRASH_MONTH","CRASH_YEAR","DAY_OF_WEEK","DEC_LATITUDE","DEC_LONGITUDE","DISPATCH_TM","DISTRICT","DRIVER_COUNT_16YR","DRIVER_COUNT_17YR","DRIVER_COUNT_18YR","DRIVER_COUNT_19YR","DRIVER_COUNT_20YR","DRIVER_COUNT_50_64YR","DRIVER_COUNT_65_74YR","DRIVER_COUNT_75PLUS","EST_HRS_CLOSED","FATAL_COUNT","HEAVY_TRUCK_COUNT","HORSE_BUGGY_COUNT","HOUR_OF_DAY","ILLUMINATION","INJURY_COUNT","INTERSECTION_RELATED","INTERSECT_TYPE","LANE_CLOSED","LATITUDE","LN_CLOSE_DIR","LOCATION_TYPE","LONGITUDE","MAX_SEVERITY_LEVEL","MCYCLE_DEATH_COUNT","MCYCLE_SUSP_SERIOUS_INJ_COUNT","MOTORCYCLE_COUNT","MUNICIPALITY","NONMOTR_COUNT","NONMOTR_DEATH_COUNT","NONMOTR_SUSP_SERIOUS_INJ_COUNT","NTFY_HIWY_MAINT","PED_COUNT","PED_DEATH_COUNT","PED_SUSP_SERIOUS_INJ_COUNT","PERSON_COUNT","POLICE_AGCY","POSSIBLE_INJ_COUNT","RDWY_SURF_TYPE_CD","RELATION_TO_ROAD","ROADWAY_CLEARED","ROAD_CONDITION","SCH_BUS_IND","SCH_ZONE_IND","SECONDARY_CRASH","SMALL_TRUCK_COUNT","SPEC_JURIS_CD","SUSP_MINOR_INJ_COUNT","SUSP_SERIOUS_INJ_COUNT","SUV_COUNT","TCD_FUNC_CD","TCD_TYPE","TFC_DETOUR_IND","TIME_OF_DAY","TOTAL_UNITS","TOT_INJ_COUNT","UNBELTED_OCC_COUNT","UNB_DEATH_COUNT","UNB_SUSP_SERIOUS_INJ_COUNT","UNK_INJ_DEG_COUNT","UNK_INJ_PER_COUNT","URBAN_RURAL","VAN_COUNT","VEHICLE_COUNT","WEATHER1","WEATHER2","WORKERS_PRES","WORK_ZONE_IND","WORK_ZONE_LOC","WORK_ZONE_TYPE","WZ_CLOSE_DETOUR","WZ_FLAGGER","WZ_LAW_OFFCR_IND","WZ_LN_CLOSURE","WZ_MOVING","WZ_OTHER","WZ_SHLDER_MDN","WZ_WORKERS_INJ_KILLED"
"2020072320","1845","0","0","0","0","0","0","0","0","0","4","0","","67","9","2020","5","40.053407","-75.070005","1835","6","0","0","0","0","0","0","1","0","","0","0","0","","","1","N","0","","40 03:12.266","","0","75 04:12.017","8","0","0","1","67301","0","0","0","N","0","0","0","2","67301","0","","1.0","","9","N","N","N","0","","0","0","1","","0","U","","2","1","0","0","0","1","0","2","0","2","","07","","N","","","","","","","","","",""
"2020036592","1611","0","0","0","0","0","0","0","0","0","7","0","","67","4","2020","7","39.975434","-75.194776","1600","6","0","0","0","0","0","0","0","0","","0","0","0","","","1","N","0","","39 58:31.563","3","0","75 11:41.194","8","0","0","1","67301","0","0","0","N","0","0","0","1","68K01","0","","3.0","1700.0","1","N","N","N","0","","0","0","0","","0","N","","1","1","0","0","0","1","0","2","0","1","","","","N","","","","","","","","","",""
"2020036343","2311","4","0","0","0","0","0","0","0","0","4","0","","67","4","2020","4","40.01198","-75.135844","2311","6","0","0","0","0","0","0","0","0","","0","0","0","","","1","","1","","40 00:43.128","","0","75 08:09.038","3","0","0","0","67301","0","0","0","N","0","0","0","3","67301","0","","1.0","","1","N","N","N","0","","1","0","0","","2","","","4","1","0","0","0","0","1","2","0","4","","","","N","","","","","","","","","",""
"2020070629","1620","0","0","0","0","0","0","0","0","0","0","1","","67","8","2020","4","39.955636","-75.148254","1615","6","0","0","0","0","0","0","0","0","","0","1","0","","","0","N","0","","39 57:20.288","4","2","75 08:53.716","0","0","0","0","67301","0","0","0","N","0","0","0","1","67501","0","","1.0","1743.0","1","N","N","N","0","","0","0","0","","0","N","","1","0","0","0","0","0","0","2","0","1","","","","N","","","","","","","","","",""
"2020031119","0546","1","0","0","0","0","0","0","0","0","4","0","","67","4","2020","4","39.983348","-75.243128","0542","6","0","0","0","0","0","0","0","0","","0","0","0","","","2","","3","","39 59:00.054","","0","75 14:35.261","3","0","0","0","67301","0","0","0","N","0","0","0","2","67301","0","","1.0","","1","N","N","N","1","","2","0","0","","3","","","2","2","0","0","0","0","0","2","0","2","","03","","N","","","","","","","","","",""
"2020003770","1106","2","0","0","0","0","0","0","0","0","5","0","","67","1","2020","5","39.954039","-75.154556","1106","6","0","0","0","0","0","0","0","0","","0","0","0","","","1","N","0","","39 57:14.540","","0","75 09:16.400","8","0","0","0","67301","0","0","0","N","0","0","0","6","67301","0","","1.0","","1","N","N","N","0","","0","0","0","","0","","","2","1","0","0","0","1","0","2","0","2","","03","","N","","","","","","","","","",""
"2020047380","1610","0","0","0","0","0","0","0","0","0","4","1","","67","6","2020","2","39.957208","-75.142176","1609","6","0","0","0","0","0","1","0","0","","0","1","0","","","0","","5","","39 57:25.948","","2","75 08:31.833","0","0","0","0","67301","0","0","0","N","0","0","0","2","67301","0","","1.0","","1","N","N","N","0","","0","0","1","","2","","","2","0","0","0","0","0","0","2","0","2","","03","","N","","","","","","","","","",""
"2020033731","1611","0","0","0","0","0","0","0","0","0","1","0","","67","4","2020","7","39.891866","-75.235953","1608","6","0","0","0","0","0","0","0","0","","0","0","0","","","1","N","0","","39 53:30.717","1","0","75 14:09.430","2","0","1","1","67301","0","0","0","N","0","0","0","2","68K01","0","","1.0","1711.0","1","N","N","N","0","","0","1","0","","8","Y","","2","1","0","0","0","0","1","2","0","2","","","","N","","","","","","","","","",""
"2020034452","0854","1","0","0","0","0","0","0","0","0","7","0","","67","4","2020","5","39.960176","-75.180868","0850","6","0","0","0","0","0","0","0","0","","0","0","0","","","0","N","0","","39 57:36.633","3","0","75 10:51.123","0","0","0","0","67301","0","0","0","N","0","0","0","1","68K01","0","","4.0","930.0","9","N","N","N","0","","0","0","0","","0","N","","1","0","0","0","0","0","0","2","0","1","","","","N","","","","","","","","","",""
"2020069949","1248","0","0","1","0","0","0","0","0","0","4","1","","67","8","2020","3","39.921553","-75.216614","1242","6","0","0","0","0","0","0","0","0","","0","1","0","","","1","N","0","","39 55:17.590","","7","75 12:59.810","2","0","0","0","67301","0","0","0","N","0","0","0","2","67301","0","","1.0","","1","N","N","N","0","","0","1","1","","0","","","2","1","0","0","0","0","0","2","0","2","","03","","N","","","","","","","","","",""
"2020030865","1436","3","0","0","0","0","0","0","0","0","4","0","","67","4","2020","4","39.990586","-75.128968","1434","6","0","0","1","0","0","1","0","0","","0","0","0","","","1","","2","","39 59:26.111","","0","75 07:44.284","3","0","0","0","67301","0","0","0","N","0","0","0","4","67301","0","","1.0","","1","N","N","N","0","","1","0","1","","2","","","4","1","0","0","0","0","0","2","0","4","","03","","N","","","","","","","","","",""
"2020071969","2314","0","0","0","0","0","0","0","0","0","7","0","","67","9","2020","3","39.993294","-75.154602","2307","6","0","0","0","0","0","0","0","0","","0","0","0","","","0","N","0","","39 59:35.860","","0","75 09:16.568","0","0","0","0","67301","0","0","0","N","0","0","0","2","67301","0","","2.0","","9","N","N","N","0","","0","0","1","","2","","","1","0","2","0","0","0","0","2","0","1","","07","","N","","","","","","","","","",""
"2020030512","0500","2","0","0","0","0","0","0","0","0","4","0","","67","3","2020","3","40.070397","-75.155281","0456","6","0","0","0","0","0","0","1","0","","0","0","0","","","2","","3","","40 04:13.429","","0","75 09:19.010","3","0","0","0","67301","0","0","0","N","0","0","0","2","67301","1","","1.0","","9","N","N","N","0","","1","0","1","","3","","","3","2","0","0","0","0","0","2","0","3","","","","N","","","","","","","","","",""
"2020002539","0340","0","0","0","0","0","0","0","0","0","7","0","","67","1","2020","4","40.08353","-75.222278","0327","6","0","0","0","0","0","0","0","0","","0","0","0","","","0","","2","","40 05:00.708","","0","75 13:20.200","0","0","0","0","67301","0","0","0","N","0","0","0","1","67301","0","","4.0","","9","N","N","N","0","","0","0","1","","2","","","1","0","0","0","0","0","0","2","0","1","","07","","N","","","","","","","","","",""
"2020031232","1705","2","0","0","0","0","0","0","0","0","4","0","","67","4","2020","1","40.044276","-75.174478","1700","6","0","0","0","0","0","0","0","0","","0","0","0","","","1","","2","","40 02:39.393","","0","75 10:28.120","4","0","0","0","67301","0","0","0","N","0","0","0","3","67301","1","","1.0","","1","N","N","N","0","","0","0","2","","3","","","4","1","0","0","0","0","0","2","0","4","","03","","N","","","","","","","","","",""
"2020031282","0915","1","0","0","0","0","0","0","0","0","4","0","","67","4","2020","6","40.02564","-75.125365","0909","6","0","0","0","0","0","0","0","0","","0","0","0","","","1","","1","","40 01:32.303","","0","75 07:31.314","3","0","0","0","67301","0","0","0","N","0","0","0","2","67301","0","","1.0","","9","N","N","N","1","","1","0","0","","2","","","2","1","0","0","0","0","0","2","0","2","","04","","N","","","","","","","","","",""
"2020032744","1420","3","0","0","0","0","0","0","0","0","4","0","","67","4","2020","7","40.003653","-75.150215","1413","6","0","0","0","0","0","0","0","0","","0","0","0","","","1","","1","","40 00:13.150","","0","75 09:00.773","4","0","0","0","67301","0","0","0","N","0","0","0","2","67301","1","","1.0","","1","N","N","N","1","","0","0","0","","3","","","4","1","0","0","0","0","1","2","0","4","","03","","N","","","","","","","","","",""
"2020031443","0055","1","0","0","0","0","0","0","0","0","4","0","","67","4","2020","2","40.036426","-75.080266","0055","6","0","0","0","0","0","0","0","0","","0","0","0","","","0","","2","","40 02:11.133","5","0","75 04:48.959","0","0","0","0","67301","0","0","0","N","0","0","0","2","67301","0","","1.0","215.0","1","N","N","N","0","","0","0","2","","3","Y","","3","0","0","0","0","0","0","2","0","3","","03","","N","","","","","","","","","",""
"2020047383","0639","1","0","0","0","0","0","0","0","0","1","1","","67","6","2020","4","39.963118","-75.179174","0639","6","0","0","0","0","0","0","0","0","","0","1","0","","","0","","1","","39 57:47.225","2","0","75 10:45.028","0","0","0","0","67301","0","0","0","N","0","0","0","3","67301","0","","1.0","700.0","1","N","N","N","0","","0","0","0","","2","N","","2","0","0","0","0","0","0","2","0","2","","03","","N","","","","","","","","","",""
"2020031878","2050","0","0","0","0","0","0","0","0","0","4","0","","67","3","2020","2","40.045516","-75.088316","2039","6","0","0","0","0","0","1","1","0","","0","0","0","","","0","","1","","40 02:43.859","1","0","75 05:17.937","0","0","0","0","67301","0","0","0","N","0","0","0","2","67301","0","","1.0","2130.0","9","N","N","Y","0","","0","0","2","","2","N","","2","0","0","0","0","0","0","2","0","2","","04","","N","","","","","","","","","",""
"2020034448","1342","1","0","0","0","0","0","0","0","0","1","0","","67","4","2020","5","40.03957","-75.006857","1333","6","0","0","0","0","0","1","2","0","","0","0","0","","","2","N","0","","40 02:22.453","1","0","75 00:24.686","3","0","0","0","67301","0","0","0","N","0","0","0","6","68K01","0","","1.0","1429.0","1","N","N","N","0","","2","0","3","","0","N","","4","2","0","0","0","0","0","2","0","4","","03","","N","","","","","","","","","",""
"2020032841","1308","2","0","0","0","0","0","0","0","0","4","0","","67","4","2020","1","39.917516","-75.156135","1304","6","0","0","0","0","0","0","0","0","","0","0","0","","","2","","1","","39 55:03.057","","0","75 09:22.085","4","0","0","0","67301","0","0","0","N","0","0","0","4","67301","2","","1.0","","1","N","N","N","0","","0","0","0","","2","","","2","2","0","0","0","0","0","2","0","2","","03","","N","","","","","","","","","",""
"2020047191","1800","1","0","0","0","0","0","0","0","0","1","0","","67","6","2020","7","39.942946","-75.193135","1742","6","0","0","0","0","0","0","0","0","","0","0","0","","","2","N","0","","39 56:34.605","4","0","75 11:35.286","8","0","0","0","67301","0","0","0","N","0","0","0","4","68K01","0","","1.0","1920.0","1","N","N","N","0","","0","0","3","","0","N","","4","2","0","0","0","2","0","2","0","4","","03","","N","","","","","","","","","",""
"2020032743","0958","1","0","0","0","0","0","0","0","0","4","0","","67","4","2020","7","40.027437","-75.120769","0947","6","0","0","0","0","0","1","0","0","","0","0","0","","","1","","3","","40 01:38.773","","0","75 07:14.770","8","0","0","0","67301","0","0","0","N","0","0","0","2","67301","0","","1.0","","1","N","N","N","0","","0","0","1","","2","","","2","1","0","0","0","1","0","2","0","2","","03","","N","","","","","","","","","",""
"2020032157","0425","0","0","0","0","0","0","0","0","0","0","0","","67","4","2020","1","39.938677","-75.210282","0421","6","0","0","0","0","0","0","0","0","","0","0","0","","","1","N","0","","39 56:19.238","","0","75 12:37.014","3","0","0","0","67301","0","0","0","N","0","0","0","2","67301","0","","4.0","","1","N","N","N","1","","1","0","0","","0","","","1","1","0","0","0","0","1","2","0","1","","03","","N","","","","","","","","","",""
"2020039800","0759","1","0","0","0","0","0","0","0","0","1","0","","67","4","2020","2","39.937576","-75.198328","0750","6","0","0","0","0","0","0","0","0","","0","0","0","","","0","N","0","","39 56:15.274","","2","75 11:53.980","0","0","0","0","67301","0","0","0","N","0","0","0","2","68K01","0","","1.0","","1","N","N","N","0","","0","0","1","","0","","","2","0","0","0","0","0","0","2","0","2","","03","","N","","","","","","","","","",""
"2020034561","1558","1","0","0","0","0","0","0","0","0","7","0","","67","4","2020","4","40.013806","-75.056909","1546","6","0","0","0","0","0","0","0","0","","0","0","0","","","0","N","0","","40 00:49.703","","0","75 03:24.874","0","0","0","0","67301","0","0","0","N","0","0","0","1","68K01","0","","3.0","","1","N","N","N","0","","0","0","0","","0","","","1","0","0","0","0","0","0","2","0","1","","","","N","","","","","","","","","",""
"2020030901","0730","0","0","0","0","0","0","0","0","0","8","0","","67","4","2020","4","40.030602","-75.166129","0730","6","0","0","0","0","0","0","1","0","","0","0","0","","","1","","2","","40 01:50.168","","0","75 09:58.065","3","0","0","0","67301","1","0","0","N","1","0","0","2","67301","0","","1.0","","1","N","N","N","0","","1","0","1","","3","","","2","1","0","0","0","0","0","2","0","1","","","","N","","","","","","","","","",""
"2020032257","2015","2","0","0","0","0","0","0","0","0","5","0","","67","4","2020","7","39.957444","-75.150028","2015","6","0","0","0","0","0","0","0","0","","0","0","0","","","1","","3","","39 57:26.800","","2","75 09:00.100","3","0","0","0","67301","0","0","0","N","0","0","0","3","67501","0","","1.0","","1","N","N","N","0","","1","0","0","","4","","","2","1","1","0","0","0","0","2","0","2","","03","","N","","","","","","","","","",""
"2020034045","0923","1","0","0","0","0","0","0","0","0","7","0","","67","4","2020","5","39.968441","-75.128398","0911","6","0","0","0","0","1","0","0","0","","0","0","0","","","0","N","0","","39 58:06.386","1","0","75 07:42.231","0","0","0","0","67301","0","0","0","N","0","0","0","1","68K01","0","","4.0","5.0","9","N","N","N","0","","0","0","0","","0","N","","1","0","0","0","0","0","0","2","0","1","","","","N","","","","","","","","","",""
"2020070138","0805","0","0","0","0","0","0","0","0","0","1","0","","67","8","2020","6","40.079007","-75.174004","0755","6","0","0","0","0","0","0","0","0","","0","0","0","","","3","","1","","40 04:44.426","","0","75 10:26.416","8","0","0","0","67301","0","0","0","N","0","0","0","4","67301","0","","1.0","","9","N","N","N","0","","0","0","2","","2","","","2","3","0","0","0","3","1","2","0","2","","07","","N","","","","","","","","","",""
"2020034255","0036","1","0","0","0","0","0","0","0","0","7","0","","67","4","2020","4","40.035369","-75.017422","0025","6","0","0","0","0","0","0","0","0","","0","0","0","","","2","N","0","","40 02:07.328","","0","75 01:02.719","3","0","0","0","67301","0","0","0","N","0","0","0","2","68K01","0","","4.0","","1","N","N","N","0","","2","0","0","","0","","","1","2","0","0","0","0","0","2","0","1","","","","N","","","","","","","","","",""
"2020031883","1426","2","0","0","0","0","0","0","0","0","4","0","","67","4","2020","4","40.045516","-75.088316","1426","6","0","0","0","0","0","0","0","0","","0","0","0","","","0","","1","","40 02:43.859","3","0","75 05:17.937","0","0","0","0","67301","0","0","0","N","0","0","0","3","67301","0","","1.0","1528.0","1","N","N","N","0","","0","0","0","","2","N","","2","0","0","0","0","0","0","2","0","2","","03","","N","","","","","","","","","",""
"2020031427","2045","2","0","0","0","0","0","0","0","0","4","0","","67","4","2020","2","40.05843","-75.149239","2038","6","0","0","1","0","0","0","0","0","","0","0","0","","","0","","5","","40 03:30.348","","0","75 08:57.260","0","0","0","0","67301","0","0","0","N","0","0","0","2","67301","0","","1.0","","1","N","N","N","0","","0","0","0","","2","","","2","0","0","0","0","0","0","2","0","2","","03","","N","","","","","","","","","",""
"2020032006","1620","2","0","0","0","0","0","0","0","0","4","0","","67","4","2020","5","39.982651","-75.227038","1613","6","0","0","0","0","1","1","0","0","","0","0","0","","","0","","3","","39 58:57.545","","0","75 13:37.336","0","0","0","0","67301","0","0","0","N","0","0","0","3","67301","0","","1.0","","1","N","N","N","0","","0","0","0","","2","","","2","0","0","0","0","0","0","2","0","2","","03","","N","","","","","","","","","",""
"2020070329","0746","1","0","0","0","0","0","0","0","0","8","0","","67","8","2020","5","39.953994","-75.234313","0746","6","0","0","0","0","0","0","0","0","","0","0","0","","","1","","1","","39 57:14.378","","6","75 14:03.526","8","0","0","0","67301","1","0","0","N","1","0","0","2","67301","0","","1.0","","1","N","N","N","0","","0","0","0","","3","","","2","1","0","0","0","1","1","2","0","1","","03","","N","","","","","","","","","",""
"2020034256","0452","0","0","0","0","0","0","0","0","0","7","0","","67","4","2020","4","39.920848","-75.148151","0436","6","0","0","0","0","0","0","0","0","","0","0","0","","","0","N","0","","39 55:15.054","","0","75 08:53.343","0","0","0","0","67301","0","0","0","N","0","0","0","1","68K01","0","","4.0","","9","N","N","N","0","","0","0","1","","0","","","1","0","0","0","0","0","0","2","0","1","","","","N","","","","","","","","","",""
"2020001250","1900","0","0","0","1","0","0","0","0","0","8","0","","67","1","2020","6","39.969244","-75.163363","1855","6","0","0","0","0","0","0","0","0","","0","0","0","","","1","N","0","","39 58:09.280","3","0","75 09:48.106","3","0","0","0","67301","1","0","0","N","0","0","0","2","67301","0","","1.0","30.0","9","N","N","N","0","","1","0","0","","0","N","","2","1","0","0","0","0","0","2","0","1","","","","N","","","","","","","","","",""
"2020070470","1837","0","0","0","0","0","0","0","0","0","2","0","","67","8","2020","7","40.038192","-75.049593","1834","6","0","0","0","0","0","1","0","0","","0","0","0","","","0","","2","","40 02:17.491","","0","75 02:58.534","0","0","0","0","67301","0","0","0","N","0","0","0","3","67301","0","","1.0","","1","N","N","N","0","","0","0","1","","3","","","2","0","0","0","0","0","0","2","0","2","","03","","N","","","","","","","","","",""
"2020034184","0631","0","0","0","0","0","0","0","0","0","7","0","","67","4","2020","7","40.006219","-75.074597","0613","6","0","0","0","0","0","0","0","0","","0","0","0","","","1","N","0","","40 00:22.389","2","0","75 04:28.549","8","0","0","0","67301","0","0","0","N","0","0","0","1","68K01","0","","3.0","700.0","1","N","N","N","0","","0","0","1","","0","N","","1","1","0","0","0","1","0","2","0","1","","03","","N","","","","","","","","","",""
"2020030325","1042","0","0","0","0","0","0","0","0","0","1","0","","67","3","2020","2","40.027061","-75.041079","1034","6","0","0","0","0","0","1","0","0","","0","0","0","","","1","","1","","40 01:37.419","","0","75 02:27.883","3","0","0","0","67301","0","0","0","N","0","0","0","3","67301","0","","1.0","","1","N","N","N","0","","1","0","1","","2","","","2","1","0","0","0","0","0","2","1","2","","","","N","","","","","","","","","",""
"2020032076","1425","0","0","0","0","0","0","0","0","0","8","0","","67","4","2020","4","39.966552","-75.145898","1425","6","0","0","0","0","0","0","0","0","","0","0","0","","","1","","1","","39 57:59.587","","0","75 08:45.232","8","0","0","0","67301","1","0","0","N","1","0","0","2","67301","0","","1.0","","1","N","N","Y","0","","0","0","1","","3","","","2","1","0","0","0","1","0","2","0","1","","03","","N","","","","","","","","","",""
"2020031952","1800","3","0","0","0","0","0","0","0","0","5","0","","67","4","2020","1","40.032278","-75.178369","1645","6","0","0","0","0","0","0","0","1","","0","0","0","","","0","N","0","","40 01:56.200","","0","75 10:42.130","0","0","0","0","67301","0","0","0","N","0","0","0","2","67301","0","","6.0","","1","N","N","N","0","","0","0","0","","0","","","3","0","0","0","0","0","0","2","0","3","","03","","N","","","","","","","","","",""
"2020031644","0326","2","0","0","0","0","0","0","0","0","4","0","","67","4","2020","1","39.967994","-75.238819","0321","6","0","0","0","0","0","0","0","0","","0","0","0","","","3","N","1","","39 58:04.778","","0","75 14:19.748","4","0","0","0","67301","0","0","0","N","0","0","0","5","67301","3","","1.0","","1","N","N","N","0","","0","0","0","","3","","","2","3","0","0","0","0","1","2","0","2","","03","","N","","","","","","","","","",""
"2020030903","1420","1","0","0","0","0","0","0","0","0","7","0","","67","4","2020","6","39.995891","-75.191423","1409","6","0","0","0","0","0","0","0","0","","0","0","0","","","0","","3","","39 59:45.209","","0","75 11:29.122","0","0","0","0","67301","0","0","0","N","0","0","0","1","67301","0","","2.0","","1","N","N","N","0","","0","0","0","","0","","","1","0","1","0","0","0","0","2","0","1","","03","","N","","","","","","","","","",""
"2020031681","1333","0","0","0","0","0","0","0","0","0","8","0","","67","4","2020","2","40.0294","-75.056079","1328","6","0","0","0","0","0","0","0","0","","0","0","0","","","1","","1","","40 01:45.839","","0","75 03:21.884","3","0","0","0","67301","1","0","0","N","1","0","0","5","67301","0","","1.0","","1","N","N","N","0","","1","0","1","","2","","","2","1","0","0","0","0","0","2","0","1","","03","","N","","","","","","","","","",""
"2020031630","1720","1","0","0","0","0","0","0","0","0","7","0","","67","4","2020","1","39.982104","-75.223731","1708","6","0","0","0","0","0","0","0","0","","0","0","0","","","0","","2","","39 58:55.574","","7","75 13:25.431","0","0","0","0","67301","0","0","0","N","0","0","0","1","67301","0","","5.0","","1","N","N","N","0","","0","0","0","","2","","","1","0","0","0","0","0","0","2","0","1","","04","","N","","","","","","","","","",""
"2020032162","1818","2","0","0","0","0","0","0","0","0","4","0","","67","4","2020","4","40.054565","-75.144645","1818","6","1","0","0","0","0","0","0","0","","0","0","0","","","1","","2","","40 03:16.434","","0","75 08:40.721","3","0","0","0","67301","0","0","0","N","0","0","0","2","67301","0","","1.0","","1","N","N","N","0","","1","0","0","","0","","","2","1","1","0","0","0","0","2","0","2","","03","","N","","","","","","","","","",""
"2020030902","1415","1","0","0","0","0","0","0","0","0","4","0","","67","4","2020","5","40.040323","-75.058538","1410","6","0","0","0","0","0","1","0","0","","0","0","0","","","0","","1","","40 02:25.164","","0","75 03:30.737","0","0","0","0","67301","0","0","0","N","0","0","0","2","67301","0","","1.0","","1","N","N","N","0","","0","0","1","","2","","","2","0","0","0","0","0","0","2","0","2","","03","","N","","","","","","","","","",""
"2020030679","2153","0","0","0","0","0","0","0","0","0","7","0","","67","3","2020","2","39.912281","-75.231267","2150","6","0","0","0","0","0","0","0","0","","0","0","0","","","2","N","0","","39 54:44.210","","0","75 13:52.560","3","0","0","0","67301","0","0","0","N","0","0","0","2","67301","0","","4.0","","9","N","N","Y","0","","2","0","1","","0","","","1","2","0","0","0","0","0","2","0","1","","04","","N","","","","","","","","","",""
"2020041947","2016","1","0","0","0","0","0","0","0","0","7","0","55","67","4","2020","1","39.982183","-75.100448","2009","6","0","0","0","0","0","0","0","0","","0","0","0","","","1","N","0","","39 58:55.859","","0","75 06:01.611","8","0","0","0","67301","0","0","0","N","0","0","0","1","68K01","0","","4.0","","1","N","N","N","0","","0","0","0","","0","","","1","1","0","0","0","1","0","2","0","1","","03","N","Y","4","1","","","N","","","Y","","N"
"2020032403","1600","1","0","0","0","0","0","0","0","0","8","0","","67","4","2020","1","39.954667","-75.239808","1548","6","0","0","0","0","0","0","0","0","","0","0","0","","","1","N","0","","39 57:16.800","","0","75 14:23.310","3","0","0","0","67301","1","0","0","N","1","0","0","2","67301","0","","1.0","","1","N","N","N","0","","1","0","0","","3","","","2","1","0","0","0","0","0","2","0","1","","03","","N","","","","","","","","","",""
"2020031790","2303","1","0","0","0","0","0","0","0","0","7","0","","67","4","2020","5","39.949817","-75.183944","2300","6","0","0","0","0","0","0","0","0","","0","0","0","","","0","N","0","","39 56:59.342","3","0","75 11:02.200","0","0","0","0","67301","0","0","0","N","0","0","0","1","68K01","0","","4.0","30.0","1","N","N","N","0","","0","0","0","","0","N","","1","0","1","0","0","0","0","2","0","1","","","","N","","","","","","","","","",""
"2020001644","1025","1","0","0","0","0","0","0","0","0","4","0","","67","1","2020","1","39.921229","-75.145342","1022","6","0","0","0","0","0","0","0","0","","0","0","0","","","1","N","0","","39 55:16.426","","7","75 08:43.231","3","0","0","0","67301","0","0","0","N","0","0","0","2","67301","0","","1.0","","1","N","N","N","0","","1","0","2","","0","","","3","1","0","0","0","0","0","2","0","3","","03","","N","","","","","","","","","",""
"2020037115","2115","1","0","0","0","0","0","0","0","0","7","0","","67","4","2020","3","40.001048","-75.079283","2104","6","0","0","0","0","0","0","0","0","","0","0","0","","","1","N","0","","40 00:03.774","","0","75 04:45.418","4","0","0","0","67301","0","0","0","N","0","0","0","1","68K01","1","","4.0","","1","N","N","N","0","","0","0","0","","0","","","1","1","0","0","0","0","0","2","0","1","","","","N","","","","","","","","","",""
"2020030381","1608","1","0","0","0","0","0","0","0","0","5","0","","67","3","2020","2","39.887026","-75.205178","1602","6","0","0","0","0","0","1","0","0","","0","0","0","","","1","N","0","","39 53:13.292","2","0","75 12:18.639","8","0","0","0","67301","0","0","0","N","0","0","0","4","68K01","0","","1.0","1700.0","1","N","N","N","1","","0","0","0","","0","N","","2","1","1","0","0","1","0","2","0","2","","","","N","","","","","","","","","",""
"2020072251","0945","0","0","0","0","0","0","0","0","0","8","0","","67","9","2020","5","39.938897","-75.146131","0942","6","0","0","0","0","0","0","0","0","","0","0","0","","","1","N","0","","39 56:20.030","","0","75 08:46.070","8","0","0","0","67301","1","0","0","N","1","0","0","1","67301","0","","6.0","","1","N","N","N","0","","0","0","0","","0","","","2","1","0","0","0","1","0","2","0","1","","","","N","","","","","","","","","",""
"2020031949","1805","1","0","0","0","0","0","0","0","0","5","0","","67","4","2020","5","40.040792","-75.098628","1804","6","0","0","0","0","0","1","1","0","","0","0","0","","","0","N","0","","40 02:26.850","2","0","75 05:55.060","9","0","0","0","67301","0","0","0","N","0","0","0","3","67301","0","","1.0","1850.0","1","N","N","N","1","","0","0","3","","0","N","","5","0","2","0","0","0","1","2","0","5","","03","","N","","","","","","","","","",""
"2020032163","2150","2","0","0","0","0","0","0","0","0","5","0","","67","4","2020","4","40.030347","-75.131958","2137","6","0","0","0","0","0","0","0","0","","0","0","0","","","1","N","0","","40 01:49.250","","0","75 07:55.050","3","0","0","0","67301","0","0","0","N","0","0","0","1","67301","0","","6.0","","1","N","N","N","0","","1","0","3","","0","","","5","1","0","0","0","0","0","2","0","5","","03","","N","","","","","","","","","",""
"2020070937","0724","0","0","0","0","0","0","0","0","0","4","0","","67","8","2020","1","39.994631","-75.115694","0724","6","0","0","0","0","0","0","0","0","","0","0","0","","","0","N","0","","39 59:40.670","2","0","75 06:56.500","9","0","0","0","67301","0","0","0","N","0","0","0","1","67301","0","","1.0","815.0","1","N","N","N","1","","0","0","1","","0","Y","","2","0","0","0","0","0","1","2","0","2","","03","","N","","","","","","","","","",""
"2020032050","1136","1","0","0","0","0","0","0","0","0","7","0","","67","4","2020","3","39.976169","-75.195236","1134","6","0","0","0","0","0","0","0","0","","0","0","0","","","0","N","0","","39 58:34.209","","0","75 11:42.850","0","0","0","0","67301","0","0","0","N","0","0","0","2","68K01","0","","4.0","","1","N","N","N","0","","0","0","1","","0","","","2","0","0","0","0","0","0","2","0","2","","","","N","","","","","","","","","",""