"CRN","ARRIVAL_TM","AUTOMOBILE_COUNT","BELTED_DEATH_COUNT","BELTED_SUSP_SERIOUS_INJ_COUNT","BICYCLE_COUNT","BICYCLE_DEATH_COUNT","BICYCLE_SUSP_SERIOUS_INJ_COUNT","BUS_COUNT","CHLDPAS_DEATH_COUNT","CHLDPAS_SUSP_SERIOUS_INJ_COUNT","COLLISION_TYPE","COMM_VEH_COUNT","CONS_ZONE_SPD_LIM","COUNTY","CRASH_MONTH","CRASH_YEAR","DAY_OF_WEEK","DEC_LATITUDE","DEC_LONGITUDE","DISPATCH_TM","DISTRICT","DRIVER_COUNT_16YR","DRIVER_COUNT_17YR","DRIVER_COUNT_18YR","DRIVER_COUNT_19YR","DRIVER_COUNT_20YR","DRIVER_COUNT_50_64YR","DRIVER_COUNT_65_74YR","DRIVER_COUNT_75PLUS","EST_HRS_CLOSED","FATAL_COUNT","HEAVY_TRUCK_COUNT","HORSE_BUGGY_COUNT","HOUR_OF_DAY","ILLUMINATION","INJURY_COUNT","INTERSECTION_RELATED","INTERSECT_TYPE","LANE_CLOSED","LATITUDE","LN_CLOSE_DIR","LOCATION_TYPE","LONGITUDE","MAX_SEVERITY_LEVEL","MCYCLE_DEATH_COUNT","MCYCLE_SUSP_SERIOUS_INJ_COUNT","MOTORCYCLE_COUNT","MUNICIPALITY","NONMOTR_COUNT","NONMOTR_DEATH_COUNT","NONMOTR_SUSP_SERIOUS_INJ_COUNT","NTFY_HIWY_MAINT","PED_COUNT","PED_DEATH_COUNT","PED_SUSP_SERIOUS_INJ_COUNT","PERSON_COUNT","POLICE_AGCY","POSSIBLE_INJ_COUNT","RDWY_SURF_TYPE_CD","RELATION_TO_ROAD","ROADWAY_CLEARED","ROAD_CONDITION","SCH_BUS_IND","SCH_ZONE_IND","SECONDARY_CRASH","SMALL_TRUCK_COUNT","SPEC_JURIS_CD","SUSP_MINOR_INJ_COUNT","SUSP_SERIOUS_INJ_COUNT","SUV_COUNT","TCD_FUNC_CD","TCD_TYPE","TFC_DETOUR_IND","TIME_OF_DAY","TOTAL_UNITS","TOT_INJ_COUNT","UNBELTED_OCC_COUNT","UNB_DEATH_COUNT","UNB_SUSP_SERIOUS_INJ_COUNT","UNK_INJ_DEG_COUNT","UNK_INJ_PER_COUNT","URBAN_RURAL","VAN_COUNT","VEHICLE_COUNT","WEATHER1","WEATHER2","WORKERS_PRES","WORK_ZONE_IND","WORK_ZONE_LOC","WORK_ZONE_TYPE","WZ_CLOSE_DETOUR","WZ_FLAGGER","WZ_LAW_OFFCR_IND","WZ_LN_CLOSURE","WZ_MOVING","WZ_OTHER","WZ_SHLDER_MDN","WZ_WORKERS_INJ_KILLED"
"2020034454","1937","2","0","1","0","0","0","0","0","0","5","0","","67","4","2020","6","39.89585","-75.192558","1926","6","0","0","0","0","0","0","0","0","","0","0","0","","","3","N","0","","39 53:45.061","2","3","75 11:33.208","2","0","0","0","67301","0","0","0","N","0","0","0","4","68K01","0","","1.0","2010.0","1","N","N","N","1","","2","1","0","","0","N","","3","3","0","0","0","0","0","2","0","3","","03","","N","","","","","","","","","",""
"2020031008","1113","2","0","0","0","0","0","0","0","0","5","0","","67","4","2020","5","39.990564","-75.104464","1112","6","0","0","0","0","0","0","0","0","","0","0","0","","","0","N","0","","39 59:26.030","","0","75 06:16.070","9","0","0","0","67301","0","0","0","N","0","0","0","1","67301","0","","6.0","","1","N","N","N","0","","0","0","1","","9","","","3","0","0","0","0","0","1","2","0","3","","","","N","","","","","","","","","",""
"2020031086","1345","2","0","0","0","0","0","0","0","0","5","0","","67","4","2020","4","39.916631","-75.244286","1342","6","0","0","0","0","1","0","0","0","","0","0","0","","","1","N","0","","39 54:59.870","6","0","75 14:39.430","8","0","0","0","67301","0","0","0","N","0","0","0","1","67301","0","","6.0","1424.0","1","N","N","N","0","","0","0","0","","3","Y","","2","1","0","0","0","1","0","2","0","2","","03","","N","","","","","","","","","",""
"2020031686","1100","1","0","0","0","0","0","0","0","0","5","0","","67","4","2020","3","39.955333","-75.205944","1100","6","0","0","0","0","0","0","0","0","","0","0","0","","","0","N","0","","39 57:19.200","","0","75 12:21.400","0","0","0","0","67301","0","0","0","N","0","0","0","1","67504","0","","6.0","","1","N","N","N","0","","0","0","0","","0","","","2","0","0","0","0","0","0","2","0","2","","03","","N","","","","","","","","","",""
"2020031958","1935","3","0","0","0","0","0","0","0","0","7","0","","67","4","2020","4","40.020356","-75.153729","1921","6","0","0","0","0","0","1","0","0","","0","0","0","","","5","N","0","","40 01:13.281","","0","75 09:13.425","2","0","0","0","67301","0","0","0","N","0","0","0","8","67301","0","","1.0","","1","N","N","N","0","","2","3","3","","0","","","6","5","0","0","0","0","0","2","0","6","","03","","N","","","","","","","","","",""
"2020031007","1350","2","0","0","0","0","0","0","0","0","4","0","","67","4","2020","6","40.022752","-75.032744","1341","6","0","0","0","0","1","0","0","0","","0","0","0","","","0","","2","","40 01:21.907","2","2","75 01:57.878","9","0","0","0","67301","0","0","0","N","0","0","0","4","67301","0","","1.0","1415.0","1","N","N","N","0","","0","0","0","","2","N","","2","0","0","0","0","0","3","2","0","2","","","","N","","","","","","","","","",""
"2020030839","1005","0","0","0","0","0","0","0","0","0","4","0","","67","4","2020","5","39.978916","-75.232258","1000","6","0","0","0","0","0","0","0","1","","0","0","0","","","0","","1","","39 58:44.097","","0","75 13:56.128","0","0","0","0","67301","0","0","0","N","0","0","0","2","67301","0","","1.0","","1","N","N","N","1","","0","0","1","","3","","","2","0","0","0","0","0","0","2","0","2","","03","","N","","","","","","","","","",""
"2020032456","2018","0","0","0","0","0","0","0","0","0","4","0","","67","4","2020","6","39.988058","-75.182408","2020","6","0","0","0","0","0","1","0","0","","0","0","0","","","0","","5","","39 59:17.008","","0","75 10:56.669","0","0","0","0","67301","0","0","0","N","0","0","0","2","67301","0","","1.0","","1","N","N","N","0","","0","0","2","","2","","","2","0","0","0","0","0","0","2","0","2","","03","","N","","","","","","","","","",""
"2020032352","1228","1","0","0","0","0","0","0","0","0","4","0","","67","4","2020","7","39.917695","-75.177717","1222","6","0","0","0","0","0","1","0","0","","0","0","0","","","1","","1","","39 55:03.702","","6","75 10:39.781","8","0","0","0","67301","0","0","0","N","0","0","0","2","67301","0","","1.0","","1","N","N","N","0","","0","0","1","","2","","","2","1","0","0","0","1","0","2","0","2","","03","","N","","","","","","","","","",""
"2020032599","0504","1","0","0","0","0","0","0","0","0","7","0","","67","4","2020","1","39.907174","-75.149532","0445","6","0","0","0","0","0","0","0","0","","0","0","0","","","0","N","0","","39 54:25.826","","2","75 08:58.315","0","0","0","0","67301","0","0","0","N","0","0","0","1","68K01","0","","2.0","","1","N","N","N","0","","0","0","0","","0","","","1","0","0","0","0","0","0","2","0","1","","","","N","","","","","","","","","",""
"2020031280","1247","1","0","0","0","0","0","0","0","0","4","0","","67","4","2020","1","40.033377","-75.066538","1245","6","0","0","0","0","0","1","0","0","","0","0","0","","","0","","1","","40 02:00.156","","0","75 03:59.535","0","0","0","0","67301","0","0","0","N","0","0","0","2","67301","0","","1.0","","1","N","N","N","0","","0","0","1","","2","","","2","0","1","0","0","0","0","2","0","2","","03","","N","","","","","","","","","",""
"2020031955","2002","0","0","0","0","0","0","0","0","0","8","0","","67","3","2020","2","39.969853","-75.222036","1953","6","0","0","0","0","0","0","0","0","","0","0","0","","","1","N","0","","39 58:11.470","","0","75 13:19.330","8","0","0","0","67301","1","0","0","N","1","0","0","2","67301","0","","4.0","","9","N","N","N","0","","0","0","0","","0","","","2","1","0","0","0","1","0","2","0","1","","","","N","","","","","","","","","",""
"2020031632","1644","2","0","0","0","0","0","0","0","0","4","0","","67","4","2020","2","40.043679","-75.149791","1644","6","1","0","0","0","0","1","0","0","","0","0","0","","","2","","1","","40 02:37.244","","0","75 08:59.247","3","0","0","0","67301","0","0","0","N","0","0","0","2","67301","0","","1.0","","1","N","N","N","0","","2","0","0","","2","","","2","2","0","0","0","0","0","2","0","2","","03","","N","","","","","","","","","",""
"2020030827","1755","1","0","0","0","0","0","0","0","0","7","0","","67","4","2020","5","39.95532","-75.147747","1753","6","0","0","0","0","0","0","0","0","","0","0","0","","","0","N","7","","39 57:19.151","","2","75 08:51.889","0","0","0","0","67301","0","0","0","N","0","0","0","1","67501","0","","4.0","","1","N","N","N","0","","0","0","0","","0","","","1","0","0","0","0","0","0","2","0","1","","03","","N","","","","","","","","","",""
"2020030680","2024","2","0","0","0","0","0","0","0","0","5","0","","67","3","2020","3","39.93983","-75.235986","2020","6","0","0","0","0","0","0","0","0","","0","0","0","","","0","N","0","","39 56:23.388","","0","75 14:09.549","9","0","0","0","67301","0","0","0","N","0","0","0","2","67301","0","","6.0","","1","N","N","N","0","","0","0","0","","2","","","2","0","0","0","0","0","1","2","0","2","","03","","N","","","","","","","","","",""
"2020031444","2023","1","0","0","0","0","0","0","0","0","4","0","","67","4","2020","2","40.091549","-74.965606","2019","6","0","0","0","0","0","0","0","0","","0","0","0","","","0","","2","","40 05:29.578","","7","74 57:56.181","0","0","0","0","67301","0","0","0","N","0","0","0","4","67301","0","","1.0","","1","N","N","N","0","","0","0","0","","2","","","2","0","1","0","0","0","0","2","1","2","","03","","N","","","","","","","","","",""
"2020032007","1640","1","0","0","0","0","0","0","0","0","4","0","","67","4","2020","5","39.962497","-75.238328","1638","6","0","0","0","0","0","0","0","0","","0","0","0","","","0","N","0","","39 57:44.990","","0","75 14:17.980","0","0","0","0","67301","0","0","0","N","0","0","0","1","67301","0","","1.0","","1","N","N","N","0","","0","0","0","","0","","","2","0","0","0","0","0","0","2","1","2","","03","","N","","","","","","","","","",""
"2020031886","1118","2","0","0","0","0","0","0","0","0","4","0","","67","4","2020","2","39.958665","-75.213988","1116","6","0","0","0","0","0","1","0","0","","0","0","0","","","0","","1","","39 57:31.195","","0","75 12:50.358","0","0","0","0","67301","0","0","0","N","0","0","0","2","67301","0","","1.0","","1","N","N","N","0","","0","0","0","","2","","","2","0","0","0","0","0","0","2","0","2","","03","","N","","","","","","","","","",""
"2020002195","0154","1","0","0","0","0","0","0","0","0","7","0","","67","1","2020","7","39.887205","-75.204834","0132","6","0","0","0","0","0","1","0","0","","0","0","0","","","1","N","0","","39 53:13.937","","0","75 12:17.402","4","0","0","0","67301","0","0","0","N","0","0","0","1","68K01","1","","4.0","","9","N","N","N","0","","0","0","0","","0","","","1","1","0","0","0","0","0","2","0","1","","07","","N","","","","","","","","","",""
"2020033551","1200","2","0","0","0","0","0","0","0","0","5","0","","67","4","2020","1","40.010011","-75.120633","1200","6","0","0","0","0","0","0","0","0","","0","0","0","","","0","N","0","","40 00:36.040","","0","75 07:14.280","0","0","0","0","67301","0","0","0","N","0","0","0","1","67301","0","","6.0","","99","N","N","N","0","","0","0","1","","0","","","3","0","0","0","0","0","0","2","0","3","","","","N","","","","","","","","","",""
"2020031059","1250","0","0","0","0","0","0","0","0","0","7","0","","67","4","2020","5","40.0659","-75.041519","1244","6","0","0","0","0","0","0","0","0","","0","0","0","","","0","N","0","","40 03:57.240","","0","75 02:29.467","0","0","0","0","67301","0","0","0","N","0","0","0","1","67301","0","","2.0","","1","N","N","N","0","","0","0","1","","2","","","1","0","0","0","0","0","0","2","0","1","","","","N","","","","","","","","","",""
"2020070608","2325","2","0","0","0","0","0","0","0","0","4","0","","67","8","2020","1","40.012422","-75.114806","2325","6","0","0","0","0","0","0","0","0","","0","0","0","","","1","N","0","","40 00:44.720","7","0","75 06:53.300","4","0","0","0","67301","0","0","0","N","0","0","0","2","67301","1","","1.0","47.0","1","N","N","N","0","","0","0","0","","2","Y","","2","1","2","0","0","0","0","2","0","2","","03","","N","","","","","","","","","",""
"2020032404","1150","1","0","0","0","0","0","0","0","0","7","0","","67","4","2020","3","39.987245","-75.108766","1149","6","0","0","0","0","0","0","0","0","","0","0","0","","","1","","1","","39 59:14.081","","0","75 06:31.557","4","0","0","0","67301","0","0","0","N","0","0","0","1","67301","1","","2.0","","1","N","N","N","0","","0","0","0","","2","","","1","1","1","0","0","0","0","2","0","1","","03","","N","","","","","","","","","",""
"2020071355","0016","0","0","0","0","0","0","0","0","0","7","0","","67","8","2020","3","40.052316","-75.007986","0013","6","0","0","0","0","0","0","0","0","","0","0","0","","","1","","2","","40 03:08.339","","0","75 00:28.750","4","0","0","0","67301","0","0","0","N","0","0","0","1","67301","1","","5.0","","1","N","N","N","0","","0","0","1","","2","","","1","1","0","0","0","0","0","2","0","1","","03","","N","","","","","","","","","",""
"2020002456","0140","0","0","0","0","0","0","0","0","0","5","0","","67","1","2020","4","39.930944","-75.171925","0135","6","0","0","0","0","0","1","0","0","","0","0","0","","","0","N","0","","39 55:51.400","","0","75 10:18.930","0","0","0","0","67301","0","0","0","N","0","0","0","1","67301","0","","6.0","","1","N","N","N","0","","0","0","1","","0","","","2","0","0","0","0","0","0","2","1","2","","","","N","","","","","","","","","",""
"2020036524","1759","0","0","0","0","0","0","0","0","0","1","0","","67","4","2020","1","40.018139","-75.074981","1759","6","0","0","0","0","0","0","0","0","","0","0","0","","","0","N","0","","40 01:05.300","","0","75 04:29.930","0","0","0","0","67301","0","0","0","N","0","0","0","4","67301","0","","1.0","","1","N","N","N","0","","0","0","3","","0","","","3","0","0","0","0","0","0","2","0","3","","03","","N","","","","","","","","","",""
"2020030502","1750","3","0","0","0","0","0","0","0","0","4","0","","67","3","2020","3","39.975269","-75.183314","1738","6","0","0","0","1","0","0","0","0","","0","0","0","","","1","","1","","39 58:30.969","","0","75 10:59.930","3","0","0","0","67301","0","0","0","N","0","0","0","5","67301","0","","1.0","","1","N","N","N","0","","1","0","1","","3","","","4","1","0","0","0","0","0","2","0","4","","","","N","","","","","","","","","",""
"2020047142","1403","3","0","0","0","0","0","0","0","0","1","0","","67","6","2020","7","39.967674","-75.189447","1343","6","0","0","0","1","0","0","0","0","","0","0","0","","","1","N","0","","39 58:03.625","","0","75 11:22.010","3","0","0","0","67301","0","0","0","N","0","0","0","10","68K01","0","","1.0","","1","N","N","N","0","","1","0","1","","0","","","4","1","0","0","0","0","0","2","0","4","","","","N","","","","","","","","","",""
"2020031117","0342","3","0","0","0","0","0","0","0","0","5","0","","67","4","2020","7","39.969788","-75.163981","0339","6","0","0","0","0","0","0","0","0","","0","0","0","","","1","N","0","","39 58:11.237","","0","75 09:50.331","4","0","0","0","67301","0","0","0","N","0","0","0","1","67301","1","","6.0","","1","N","N","N","0","","0","0","0","","0","","","3","1","0","0","0","0","0","2","0","3","","03","","N","","","","","","","","","",""
"2020032526","1000","1","0","0","0","0","0","0","0","0","4","0","","67","4","2020","3","40.030443","-75.116299","0945","6","0","0","0","0","0","0","0","0","","0","0","0","","","1","","1","","40 01:49.594","","0","75 06:58.676","4","0","0","0","67301","0","0","0","N","0","0","0","2","67301","1","","1.0","","1","N","N","N","0","","0","0","1","","0","","","2","1","0","0","0","0","0","2","0","2","","03","","N","","","","","","","","","",""
"2020031327","1430","1","0","0","0","0","0","0","0","0","4","0","","67","4","2020","1","39.987821","-75.180584","1420","6","0","0","0","0","0","0","0","0","","0","0","0","","","6","","1","","39 59:16.154","","0","75 10:50.102","3","0","0","0","67301","1","0","0","N","1","0","0","6","67301","0","","1.0","","1","N","N","N","0","","6","0","1","","2","","","3","6","2","0","0","0","0","2","0","2","","03","","N","","","","","","","","","",""
"2020046295","0052","2","0","0","0","0","0","0","0","0","2","0","","67","6","2020","6","40.003924","-75.220699","0048","6","0","0","0","0","0","0","0","0","","0","0","0","","","1","","1","","40 00:14.125","","0","75 13:14.515","8","0","0","0","67301","0","0","0","N","0","0","0","2","67301","0","","1.0","","1","N","N","N","0","","0","0","0","","2","U","","2","1","0","0","0","1","1","2","0","2","","03","","N","","","","","","","","","",""
"2020030541","0025","0","0","0","0","0","0","0","0","0","1","0","","67","4","2020","4","40.021125","-75.139925","0010","6","0","0","0","0","0","0","0","0","","0","0","0","","","0","","1","","40 01:16.051","","0","75 08:23.731","0","0","0","0","67301","0","0","0","N","0","0","0","2","67301","0","","1.0","","1","N","N","N","0","","0","0","2","","2","","","2","0","0","0","0","0","0","2","0","2","","03","","N","","","","","","","","","",""
"2020072091","0921","1","0","0","0","0","0","0","0","0","7","0","","67","9","2020","4","40.094882","-74.981416","0914","6","0","0","0","0","0","0","0","0","","0","0","0","","","1","N","0","","40 05:41.574","3","0","74 58:53.099","3","0","0","0","67301","0","0","0","N","0","0","0","1","67301","0","","2.0","1044.0","1","N","N","N","0","","1","0","0","","0","N","","1","1","0","0","0","0","0","2","0","1","","03","","N","","","","","","","","","",""
"2020070148","2208","1","0","0","0","0","0","0","0","0","7","0","","67","8","2020","4","39.986275","-75.174564","2208","6","0","0","0","0","0","0","0","0","","0","0","0","","","0","N","0","","39 59:10.590","2","0","75 10:28.430","0","0","0","0","67301","0","0","0","N","0","0","0","3","67301","0","","4.0","1200.0","1","N","N","N","0","","0","0","0","","0","Y","","1","0","0","0","0","0","0","2","0","1","","03","","N","","","","","","","","","",""
"2020030543","2001","1","0","0","0","0","0","0","0","0","5","0","","67","3","2020","3","39.986822","-75.147776","1954","6","0","0","0","0","0","0","0","0","","0","0","0","","","1","N","0","","39 59:12.558","3","0","75 08:51.992","3","0","0","0","67301","0","0","0","N","0","0","0","2","67301","0","","1.0","30.0","1","N","N","N","1","","1","0","0","","0","Y","","2","1","1","0","0","0","0","2","0","2","","","","N","","","","","","","","","",""
"2020070604","0035","1","0","0","0","0","0","0","0","0","4","0","","67","8","2020","1","39.997819","-75.10181","0032","6","0","0","0","0","0","0","0","0","","0","0","0","","","0","","2","","39 59:52.148","","0","75 06:06.517","0","0","0","0","67301","0","0","0","N","0","0","0","3","67301","0","","1.0","","1","N","N","N","0","","0","0","1","","3","","","2","0","1","0","0","0","0","2","0","2","","03","","N","","","","","","","","","",""
"2020031006","1904","2","0","0","0","0","0","0","0","0","4","0","","67","4","2020","5","40.072959","-75.047574","1859","6","0","0","0","0","0","0","0","0","","0","0","0","","","1","","2","","40 04:22.653","2","0","75 02:51.266","8","0","0","0","67301","0","0","0","N","0","0","0","2","67301","0","","1.0","1959.0","1","N","N","N","0","","0","0","0","","0","N","","2","1","0","0","0","1","0","2","0","2","","03","","N","","","","","","","","","",""
"2020031957","0513","1","0","0","0","0","0","0","0","0","7","0","","67","4","2020","4","39.987831","-75.227014","0513","6","0","0","0","0","0","0","0","0","","0","0","0","","","1","N","0","","39 59:16.190","","0","75 13:37.250","4","0","0","0","67301","0","0","0","N","0","0","0","1","67301","1","","4.0","","9","N","N","N","0","","0","0","0","","0","","","1","1","1","0","0","0","0","2","0","1","","04","","N","","","","","","","","","",""
"2020030976","1902","2","0","0","0","0","0","0","0","0","4","0","","67","4","2020","6","40.046243","-75.166073","1901","6","0","0","0","0","0","0","0","0","","0","0","0","","","0","","1","","40 02:46.473","","0","75 09:57.863","0","0","0","0","67301","0","0","0","N","0","0","0","2","67301","0","","1.0","","1","N","N","N","0","","0","0","0","","3","","","2","0","0","0","0","0","0","2","0","2","","03","","N","","","","","","","","","",""
"2020031325","2054","2","0","0","0","0","0","0","0","0","4","0","","67","4","2020","1","39.921679","-75.148769","2052","6","0","0","0","0","0","0","0","0","","0","0","0","","","1","","2","","39 55:18.043","6","0","75 08:55.567","3","0","0","0","67301","0","0","0","N","0","0","0","2","67301","0","","1.0","30.0","1","N","N","N","0","","1","0","0","","3","Y","","2","1","1","0","0","0","0","2","0","2","","","","N","","","","","","","","","",""
"2020070047","0910","0","0","0","0","0","0","0","0","0","8","0","","67","8","2020","5","39.940851","-75.212589","0909","6","0","0","0","0","0","0","0","0","","0","0","0","","","1","N","0","","39 56:27.063","","0","75 12:45.321","8","0","0","0","67301","1","0","0","N","1","0","0","2","67301","0","","1.0","","1","N","N","N","0","","0","0","0","","2","","","2","1","0","0","0","1","1","2","0","1","","03","","N","","","","","","","","","",""
"2020030689","1933","0","0","0","0","0","0","0","0","0","4","0","","67","4","2020","4","40.036518","-75.180392","1931","6","0","0","0","0","0","0","0","0","","0","0","0","","","0","","1","","40 02:11.464","7","0","75 10:49.411","0","0","0","0","67301","0","0","0","N","0","0","0","2","67301","0","","1.0","2010.0","1","N","N","N","0","","0","0","1","","2","Y","","2","0","2","0","0","0","0","2","1","2","","03","","N","","","","","","","","","",""
"2020030514","2355","0","0","0","0","0","0","0","0","0","7","0","","67","3","2020","2","40.025605","-75.072313","2355","6","0","0","0","0","0","0","0","0","","0","0","0","","","1","N","0","","40 01:32.177","","0","75 04:20.328","3","0","0","0","67301","0","0","0","N","0","0","0","1","67301","0","","4.0","","9","N","N","N","0","","1","0","0","","0","","","1","1","1","0","0","0","0","2","1","1","","","","N","","","","","","","","","",""
"2020034039","1913","1","0","0","0","0","0","0","0","0","0","0","","67","3","2020","2","39.982079","-75.207607","1913","6","0","0","0","0","0","0","0","0","","0","0","0","","","0","N","0","","39 58:55.485","3","0","75 12:27.385","0","0","0","0","67301","0","0","0","N","0","0","0","2","68K01","0","","4.0","30.0","9","N","N","N","0","","0","0","0","","0","N","","1","0","0","0","0","0","0","2","0","1","","","","N","","","","","","","","","",""
"2020031168","0750","1","0","0","0","0","0","0","0","0","4","0","","67","4","2020","1","40.116669","-75.019798","0742","6","0","0","0","0","0","0","1","0","","0","0","0","","","2","","1","","40 07:00.007","","0","75 01:11.272","3","0","0","0","67301","0","0","0","N","0","0","0","3","67301","0","","1.0","","1","N","N","N","1","","2","0","0","","2","","","2","2","2","0","0","0","0","2","0","2","","","","N","","","","","","","","","",""
"2020046783","2020","1","0","0","0","0","0","0","0","0","98","0","","67","6","2020","1","40.027416","-75.110568","2020","6","0","0","0","0","0","0","0","0","","0","0","0","","","1","N","0","","40 01:38.698","","0","75 06:38.046","3","0","0","0","67301","0","0","0","N","0","0","0","1","67301","0","","5.0","","1","N","N","N","0","","1","0","0","","0","","","1","1","0","0","0","0","0","2","0","1","","","","N","","","","","","","","","",""
"2020030675","2344","1","0","0","0","0","0","0","0","0","6","0","","67","3","2020","3","40.041754","-75.106066","2309","6","0","0","0","0","0","0","0","0","","0","0","0","","","1","N","0","","40 02:30.314","","7","75 06:21.838","3","0","0","0","67301","0","0","0","N","0","0","0","2","67301","0","","1.0","","1","N","N","N","0","","1","0","1","","0","","","2","1","0","0","0","0","1","2","0","2","","","","N","","","","","","","","","",""
"2020031009","1015","2","0","0","0","0","0","0","0","0","1","0","","67","4","2020","4","40.064678","-75.141689","1015","6","0","0","0","0","0","1","0","0","","0","0","0","","","1","N","0","","40 03:52.840","","0","75 08:30.080","3","0","0","0","67301","0","0","0","N","0","0","0","2","67301","0","","1.0","","1","N","N","N","0","","1","0","0","","0","","","2","1","0","0","0","0","0","2","0","2","","","","N","","","","","","","","","",""
"2020031210","0151","1","0","0","0","0","0","0","0","0","5","0","","67","4","2020","6","39.995351","-75.07731","0150","6","0","0","0","0","0","0","0","0","","0","0","0","","","1","N","0","","39 59:43.264","5","0","75 04:38.316","3","0","0","0","67301","0","0","0","N","0","0","0","1","67301","0","","6.0","230.0","1","N","N","N","0","","1","0","1","","0","N","","3","1","1","0","0","0","0","2","1","3","","03","","N","","","","","","","","","",""
"2020030682","","1","0","0","0","0","0","0","0","0","6","0","","67","3","2020","3","40.073097","-75.168164","","6","0","0","0","0","0","1","0","0","","0","0","0","","","0","N","0","","40 04:23.150","","0","75 10:05.390","0","0","0","0","67301","0","0","0","N","0","0","0","1","67301","0","","6.0","","1","N","N","N","0","","0","0","3","","0","","","4","0","0","0","0","0","0","2","0","4","","03","","N","","","","","","","","","",""
"2020036525","","1","0","0","0","0","0","0","0","0","5","0","","67","4","2020","1","40.030739","-75.078842","","6","0","0","0","0","0","0","0","0","","0","0","0","","","1","N","0","","40 01:50.660","","0","75 04:43.830","3","0","0","0","67301","0","0","0","N","0","0","0","1","67301","0","","6.0","","1","N","N","N","0","","1","0","2","","0","","","3","1","1","0","0","0","0","2","0","3","","98","","N","","","","","","","","","",""
"2020071781","","1","0","0","0","0","0","0","0","0","1","0","","67","8","2020","5","40.035301","-75.070709","","6","0","0","0","0","0","1","0","0","","0","0","0","","","1","","1","","40 02:07.082","","0","75 04:14.554","3","0","0","0","67301","0","0","0","N","0","0","0","1","67301","0","","1.0","","1","N","N","N","0","","1","0","1","","2","","","2","1","1","0","0","0","0","2","0","2","","03","","N","","","","","","","","","",""
"2020031170","","1","0","0","0","0","0","0","0","0","4","0","","67","4","2020","6","40.0262","-75.16915","","6","0","0","0","0","1","0","0","0","","0","0","0","","","1","","1","","40 01:34.321","","0","75 10:08.941","3","0","0","0","67301","0","0","0","N","0","0","0","2","67301","0","","1.0","","9","N","N","N","0","","1","0","1","","2","","","2","1","0","0","0","0","0","2","0","2","","","","N","","","","","","","","","",""
"2020037789","","1","0","0","0","0","0","0","0","0","4","0","","67","5","2020","1","40.087537","-74.971134","","6","0","0","0","0","0","1","0","0","","0","0","0","","","1","","1","","40 05:15.133","","2","74 58:16.083","3","0","0","0","67301","0","0","0","N","0","0","0","2","67301","0","","1.0","","1","N","N","N","0","","1","0","1","","2","","","2","1","0","0","0","0","0","2","0","2","","03","","N","","","","","","","","","",""
"2020066570","","2","0","0","0","0","0","0","0","0","2","0","","67","8","2020","3","40.031762","-75.084086","","6","0","0","0","0","1","1","0","0","","0","0","0","","","1","N","0","","40 01:54.343","","7","75 05:02.709","3","0","0","0","67301","0","0","0","N","0","0","0","3","67301","0","","1.0","","1","N","N","N","0","","1","0","0","","0","","","2","1","0","0","0","0","0","2","0","2","","03","","N","","","","","","","","","",""
"2020071361","","0","0","0","0","0","0","0","0","0","7","0","","67","9","2020","3","40.019986","-75.101136","","6","0","0","0","0","0","0","0","0","","0","0","0","","","1","N","0","","40 01:11.950","5","0","75 06:04.090","4","0","0","0","67301","0","0","0","N","0","0","0","1","67301","1","","4.0","1500.0","1","N","N","N","0","","0","0","1","","0","U","","1","1","0","0","0","0","0","2","0","1","","","","N","","","","","","","","","",""
"2020031326","","1","0","0","0","0","0","0","0","0","7","0","","67","4","2020","1","40.118983","-75.018214","","6","0","0","0","0","0","0","0","0","","0","0","0","","","0","N","0","","40 07:08.340","","0","75 01:05.570","9","0","0","0","67301","0","0","0","N","0","0","0","1","67301","0","","5.0","","1","N","N","N","0","","0","0","0","","0","","","1","0","0","0","0","0","1","2","0","1","","","","N","","","","","","","","","",""
"2020033284","","0","0","0","0","0","0","0","0","0","1","0","","67","4","2020","7","39.926988","-75.243496","","6","0","0","0","0","0","0","1","0","","0","0","0","","","2","","3","","39 55:37.155","5","0","75 14:36.586","4","0","0","0","67301","0","0","0","N","0","0","0","3","67301","2","","1.0","1720.0","1","N","N","N","0","","0","0","2","","0","N","","3","2","0","0","0","0","1","2","0","3","","","","N","","","","","","","","","",""
"2020071472","","1","0","0","0","0","0","0","0","0","1","0","","67","8","2020","3","40.011468","-75.060783","","6","0","0","0","0","0","1","0","0","","0","0","0","","","0","N","0","","40 00:41.285","","0","75 03:38.819","0","0","0","0","67301","0","0","0","N","0","0","0","2","68K01","0","","1.0","","1","N","N","N","0","","0","0","1","","0","","","2","0","0","0","0","0","0","2","0","2","","03","","N","","","","","","","","","",""
"2020031211","","2","0","0","0","0","0","0","0","0","4","0","","67","4","2020","7","40.020206","-75.063111","","6","0","0","0","0","0","0","0","0","","0","0","0","","","0","N","0","","40 01:12.740","","0","75 03:47.200","0","0","0","0","67301","0","0","0","N","0","0","0","1","67301","0","","1.0","","1","N","N","N","1","","0","0","2","","0","","","5","0","0","0","0","0","0","2","0","5","","","","N","","","","","","","","","",""
"2020030496","","1","0","0","0","0","0","0","0","0","4","0","","67","3","2020","2","40.056616","-75.013154","","6","0","0","0","0","0","0","0","0","","0","0","0","","","0","","1","","40 03:23.817","","0","75 00:47.353","9","0","0","0","67301","0","0","0","N","0","0","0","3","67301","0","","1.0","","1","N","N","N","0","","0","0","1","","2","","","2","0","0","0","0","0","1","2","0","2","","03","","N","","","","","","","","","",""