"CRN","ARRIVAL_TM","AUTOMOBILE_COUNT","BELTED_DEATH_COUNT","BELTED_SUSP_SERIOUS_INJ_COUNT","BICYCLE_COUNT","BICYCLE_DEATH_COUNT","BICYCLE_SUSP_SERIOUS_INJ_COUNT","BUS_COUNT","CHLDPAS_DEATH_COUNT","CHLDPAS_SUSP_SERIOUS_INJ_COUNT","COLLISION_TYPE","COMM_VEH_COUNT","CONS_ZONE_SPD_LIM","COUNTY","CRASH_MONTH","CRASH_YEAR","DAY_OF_WEEK","DEC_LATITUDE","DEC_LONGITUDE","DISPATCH_TM","DISTRICT","DRIVER_COUNT_16YR","DRIVER_COUNT_17YR","DRIVER_COUNT_18YR","DRIVER_COUNT_19YR","DRIVER_COUNT_20YR","DRIVER_COUNT_50_64YR","DRIVER_COUNT_65_74YR","DRIVER_COUNT_75PLUS","EST_HRS_CLOSED","FATAL_COUNT","HEAVY_TRUCK_COUNT","HORSE_BUGGY_COUNT","HOUR_OF_DAY","ILLUMINATION","INJURY_COUNT","INTERSECTION_RELATED","INTERSECT_TYPE","LANE_CLOSED","LATITUDE","LN_CLOSE_DIR","LOCATION_TYPE","LONGITUDE","MAX_SEVERITY_LEVEL","MCYCLE_DEATH_COUNT","MCYCLE_SUSP_SERIOUS_INJ_COUNT","MOTORCYCLE_COUNT","MUNICIPALITY","NONMOTR_COUNT","NONMOTR_DEATH_COUNT","NONMOTR_SUSP_SERIOUS_INJ_COUNT","NTFY_HIWY_MAINT","PED_COUNT","PED_DEATH_COUNT","PED_SUSP_SERIOUS_INJ_COUNT","PERSON_COUNT","POLICE_AGCY","POSSIBLE_INJ_COUNT","RDWY_SURF_TYPE_CD","RELATION_TO_ROAD","ROADWAY_CLEARED","ROAD_CONDITION","SCH_BUS_IND","SCH_ZONE_IND","SECONDARY_CRASH","SMALL_TRUCK_COUNT","SPEC_JURIS_CD","SUSP_MINOR_INJ_COUNT","SUSP_SERIOUS_INJ_COUNT","SUV_COUNT","TCD_FUNC_CD","TCD_TYPE","TFC_DETOUR_IND","TIME_OF_DAY","TOTAL_UNITS","TOT_INJ_COUNT","UNBELTED_OCC_COUNT","UNB_DEATH_COUNT","UNB_SUSP_SERIOUS_INJ_COUNT","UNK_INJ_DEG_COUNT","UNK_INJ_PER_COUNT","URBAN_RURAL","VAN_COUNT","VEHICLE_COUNT","WEATHER1","WEATHER2","WORKERS_PRES","WORK_ZONE_IND","WORK_ZONE_LOC","WORK_ZONE_TYPE","WZ_CLOSE_DETOUR","WZ_FLAGGER","WZ_LAW_OFFCR_IND","WZ_LN_CLOSURE","WZ_MOVING","WZ_OTHER","WZ_SHLDER_MDN","WZ_WORKERS_INJ_KILLED"
"2020031075","","1","0","0","0","0","0","0","0","0","7","0","","67","3","2020","3","40.031002","-75.021754","","6","0","0","0","0","0","0","0","0","","0","0","0","","","0","N","0","","40 01:51.608","2","0","75 01:18.313","0","0","0","0","67301","0","0","0","N","0","0","0","1","68K01","0","","3.0","615.0","9","N","N","N","0","","0","0","0","","0","N","","1","0","0","0","0","0","0","2","0","1","","03","","N","","","","","","","","","",""
"2020032522","","1","0","0","0","0","0","0","0","0","4","0","","67","4","2020","7","40.042782","-75.076571","","6","0","0","0","0","0","1","0","0","","0","0","0","","","1","","1","","40 02:34.015","1","0","75 04:35.655","4","0","0","0","67301","0","0","0","N","0","0","0","3","67301","1","","1.0","1335.0","1","N","N","N","0","","0","0","1","","3","N","","2","1","0","0","0","0","1","2","0","2","","03","","N","","","","","","","","","",""
"2020032455","","2","0","0","0","0","0","0","0","0","4","0","","67","4","2020","7","39.97756","-75.210906","","6","0","0","0","0","0","0","0","0","","0","0","0","","","0","","1","","39 58:39.216","","0","75 12:39.261","9","0","0","0","67301","0","0","0","N","0","0","0","2","67301","0","","1.0","","99","N","N","N","0","","0","0","0","","3","","","2","0","0","0","0","0","2","2","0","2","","03","","N","","","","","","","","","",""
"2020030272","","2","0","0","0","0","0","0","0","0","4","0","","67","3","2020","2","39.994792","-75.169363","","6","0","0","0","1","0","0","0","0","","0","0","0","","","1","N","1","","39 59:41.251","1","0","75 10:09.706","3","0","0","0","67301","0","0","0","N","0","0","0","2","67301","0","","1.0","1717.0","9","N","N","N","0","","1","0","0","","3","N","","2","1","0","0","0","0","0","2","0","2","","07","","N","","","","","","","","","",""
"2020031956","","1","0","0","0","0","0","0","0","0","5","0","","67","3","2020","3","39.965924","-75.220295","","6","0","0","0","0","0","0","0","0","","0","0","0","","","0","","1","","39 57:57.326","","0","75 13:13.061","0","0","0","0","67301","0","0","0","N","0","0","0","2","67301","0","","1.0","","1","N","N","N","0","","0","0","1","","2","","","2","0","0","0","0","0","0","2","0","2","","","","N","","","","","","","","","",""
"2020045910","","1","0","0","0","0","0","0","0","0","1","0","","67","5","2020","7","40.032981","-75.020816","","6","0","0","0","0","0","0","0","0","","0","0","0","","","4","N","0","","40 01:58.732","2","0","75 01:14.938","4","0","0","0","67301","0","0","0","N","0","0","0","5","68K01","3","","1.0","1756.0","1","N","N","Y","0","","0","0","0","","0","N","","2","4","0","0","0","1","1","2","1","2","","03","","N","","","","","","","","","",""
"2020033029","","2","0","0","0","0","0","0","0","0","1","0","","67","4","2020","1","40.040499","-75.058879","","6","0","0","0","0","0","2","0","0","","0","0","0","","","2","","1","","40 02:25.798","2","0","75 03:31.964","3","0","0","0","67301","0","0","0","N","0","0","0","4","67301","0","","1.0","1845.0","1","N","N","N","0","","2","0","2","","2","N","","4","2","0","0","0","0","0","2","0","4","","03","","N","","","","","","","","","",""
"2020071419","","1","0","0","0","0","0","0","0","0","7","0","","67","8","2020","1","40.011243","-75.150698","","6","0","0","0","0","0","0","0","0","","0","0","0","","","0","N","0","","40 00:40.476","","0","75 09:02.514","0","0","0","0","67301","0","0","0","N","0","0","0","0","67301","0","","2.0","","1","N","N","N","0","","0","0","0","","0","","","1","0","0","0","0","0","0","2","0","1","","03","","N","","","","","","","","","",""
"2020030765","","1","0","0","0","0","0","0","0","0","5","0","","67","4","2020","4","40.098619","-74.975175","","6","0","0","0","0","0","0","0","0","","0","0","0","","","0","N","0","","40 05:55.030","","0","74 58:30.630","0","0","0","0","67301","0","0","0","N","0","0","0","1","67301","0","","6.0","","1","N","N","N","0","","0","0","1","","0","","","3","0","0","0","0","0","0","2","1","3","","03","","N","","","","","","","","","",""
"2020070924","","1","0","0","0","0","0","0","0","0","2","0","","67","8","2020","2","40.056773","-75.028755","","6","0","0","1","0","1","0","0","0","","0","0","0","","","1","","3","","40 03:24.384","","0","75 01:43.519","4","0","0","0","67301","0","0","0","N","0","0","0","4","67301","1","","1.0","","9","N","N","N","0","","0","0","1","","0","","","2","1","0","0","0","0","0","2","0","2","","03","","N","","","","","","","","","",""
"2020071208","","1","0","0","0","0","0","0","0","0","5","0","","67","8","2020","2","40.023927","-75.035446","","6","0","0","0","0","0","0","0","0","","0","0","0","","","0","","3","","40 01:26.136","","0","75 02:07.607","0","0","0","0","67301","0","0","0","N","0","0","0","2","67301","0","","1.0","","1","N","N","N","1","","0","0","0","","8","","","2","0","0","0","0","0","0","2","0","2","","03","","N","","","","","","","","","",""
"2020071124","","2","0","0","0","0","0","0","0","0","1","0","","67","8","2020","3","39.982992","-75.099098","","6","0","0","0","0","0","0","0","0","","0","0","0","","","0","N","0","","39 58:58.772","1","0","75 05:56.754","0","0","0","0","67301","0","0","0","N","0","0","0","1","68K01","0","","1.0","140.0","1","N","N","N","0","","0","0","0","","0","N","","2","0","0","0","0","0","0","2","0","2","","","","N","","","","","","","","","",""
"2020039193","","0","0","0","1","0","0","0","0","0","8","0","","67","5","2020","7","40.116527","-75.036586","","6","0","0","0","0","0","0","0","0","","0","0","0","","","1","","2","","40 06:59.497","4","0","75 02:11.709","8","0","0","0","67301","1","0","0","N","0","0","0","2","67301","0","","1.0","1520.0","1","N","N","N","1","","0","0","0","","0","N","","2","1","0","0","0","1","0","2","0","1","","","","N","","","","","","","","","",""
"2020031118","","0","0","0","0","0","0","0","0","0","4","0","","67","4","2020","7","40.027987","-75.057417","","6","0","0","0","0","0","1","0","0","","0","0","0","","","1","","1","","40 01:40.752","","0","75 03:26.701","3","0","0","0","67301","0","0","0","N","0","0","0","2","67301","0","","1.0","","1","N","N","N","0","","1","0","1","","2","","","2","1","2","0","0","0","0","2","1","2","","03","","N","","","","","","","","","",""
"2020033028","","0","0","0","0","0","0","0","0","0","4","0","","67","4","2020","6","40.042782","-75.076571","","6","0","0","0","0","0","1","0","0","","0","0","0","","","0","","1","","40 02:34.015","3","0","75 04:35.655","0","0","0","0","67301","0","0","0","N","0","0","0","2","67301","0","","1.0","850.0","1","N","N","N","0","","0","0","1","","2","N","","2","0","0","0","0","0","0","2","1","2","","03","","N","","","","","","","","","",""
"2020034056","","1","0","0","0","0","0","0","0","0","7","0","","67","4","2020","7","40.032837","-75.02092","","6","0","0","0","0","0","0","0","0","","0","0","0","","","2","N","0","","40 01:58.214","2","0","75 01:15.312","3","0","0","0","67301","0","0","0","N","0","0","0","2","68K01","0","","4.0","35.0","1","N","N","N","0","","2","0","0","","0","N","","1","2","0","0","0","0","0","2","0","1","","","","N","","","","","","","","","",""
"2020039035","","0","0","0","0","0","0","0","0","0","0","0","","67","5","2020","5","40.111756","-74.991888","","6","0","0","0","0","0","0","0","0","","0","0","0","","","1","N","0","","40 06:42.322","2","0","74 59:30.797","8","0","0","1","67301","0","0","0","N","0","0","0","1","67301","0","","1.0","1450.0","1","N","N","N","0","","0","0","0","","0","Y","","1","1","0","0","0","1","0","2","0","1","","","","N","","","","","","","","","",""
"2020032402","","5","0","0","0","0","0","0","0","0","5","0","","67","4","2020","1","40.018333","-75.057954","","6","0","0","0","0","0","0","0","0","","0","0","0","","","1","N","0","","40 01:05.998","","0","75 03:28.634","3","0","0","0","67301","0","0","0","N","0","0","0","1","67301","0","","6.0","","1","N","N","N","0","","1","0","0","","0","","","5","1","0","0","0","0","0","2","0","5","","","","N","","","","","","","","","",""
"2020033729","","1","0","0","0","0","0","0","0","0","7","0","","67","4","2020","5","39.983597","-75.208104","","6","0","0","0","0","0","0","0","0","","0","0","0","","","1","N","0","","39 59:00.948","4","0","75 12:29.174","4","0","0","0","67301","0","0","0","N","0","0","0","1","68K01","1","","2.0","30.0","9","N","N","N","0","","0","0","0","","0","N","","1","1","0","0","0","0","0","2","0","1","","04","","N","","","","","","","","","",""
"2020032208","","3","0","0","0","0","0","0","0","0","5","0","","67","4","2020","7","39.99351","-75.179343","","6","0","0","0","0","0","0","0","0","","0","0","0","","","1","N","0","","39 59:36.637","","0","75 10:45.636","3","0","0","0","67301","0","0","0","N","0","0","0","2","67301","0","","1.0","","1","N","N","N","1","","1","0","2","","0","","","6","1","1","0","0","0","0","2","0","6","","03","","N","","","","","","","","","",""
"2020071215","","0","0","0","0","0","0","0","0","0","4","1","","67","8","2020","2","39.9741","-75.144133","","6","0","0","0","0","0","0","0","0","","0","1","0","","","0","N","0","","39 58:26.760","","0","75 08:38.880","0","0","0","0","67301","0","0","0","N","0","0","0","2","67301","0","","1.0","","1","N","N","N","0","","0","0","1","","0","","","2","0","1","0","0","0","0","2","0","2","","03","","N","","","","","","","","","",""
"2020032290","","2","0","0","0","0","0","0","0","0","4","0","","67","4","2020","5","40.000123","-75.128919","","6","0","0","0","0","0","0","0","0","","0","0","0","","","1","","1","","40 00:00.442","","0","75 07:44.108","3","0","0","0","67301","0","0","0","N","0","0","0","3","67301","0","","1.0","","1","N","N","N","0","","1","0","1","","2","","","3","1","0","0","0","0","0","2","0","3","","03","","N","","","","","","","","","",""
"2020031233","","3","0","0","0","0","0","0","0","0","5","0","","67","4","2020","6","39.985608","-75.136113","","6","0","0","0","0","0","0","0","0","","0","0","0","","","1","N","0","","39 59:08.189","","0","75 08:10.008","8","0","0","0","67301","0","0","0","N","0","0","0","1","67301","0","","6.0","","1","N","N","N","0","","0","0","1","","2","","","4","1","0","0","0","1","0","2","0","4","","03","","N","","","","","","","","","",""
"2020071972","","2","0","0","0","0","0","0","1","0","4","0","","67","8","2020","1","40.00713","-75.094069","","6","0","0","0","0","0","0","0","0","","2","0","0","","","1","N","1","","40 00:25.667","7","1","75 05:38.650","1","0","0","0","67301","0","0","0","N","0","0","0","6","67301","1","2","1.0","345.0","1","N","N","N","0","0","0","0","0","","2","Y","","2","1","6","2","0","0","0","2","0","2","","03","","N","","","","","","","","","",""
"2020032289","","1","0","0","0","0","0","0","0","0","1","0","","67","4","2020","4","39.994403","-75.121933","","6","0","0","0","0","0","0","0","0","","0","0","0","","","0","","1","","39 59:39.850","","0","75 07:18.958","0","0","0","0","67301","0","0","0","N","0","0","0","1","67301","0","","1.0","","1","N","N","N","0","","0","0","1","","3","","","3","0","0","0","0","0","0","2","1","3","","03","","N","","","","","","","","","",""
"2020032898","","0","0","0","1","0","0","0","0","0","8","0","","67","4","2020","4","39.928406","-75.171599","","6","0","0","0","0","0","0","0","0","","0","0","0","","","1","","1","","39 55:42.263","","0","75 10:17.758","3","0","0","0","67301","1","0","0","N","0","0","0","2","67301","0","","1.0","","1","N","N","N","0","","1","0","0","","0","","","2","1","0","0","0","0","0","2","1","1","","03","","N","","","","","","","","","",""
"2020032620","","1","0","0","0","0","0","0","0","0","5","0","","67","4","2020","7","40.0445","-75.169478","","6","0","0","0","0","0","0","0","0","","0","0","0","","","0","N","0","","40 02:40.200","","0","75 10:10.120","0","0","0","0","67301","0","0","0","N","0","0","0","1","67301","0","","6.0","","99","N","N","N","0","","0","0","0","","0","","","2","0","0","0","0","0","0","2","0","2","","03","","N","","","","","","","","","",""
"2020034455","","0","0","0","0","0","0","0","0","0","7","0","","67","4","2020","6","39.958345","-75.180388","","6","0","0","0","0","0","1","0","0","","0","0","0","","","1","","6","","39 57:30.041","","2","75 10:49.395","8","0","0","0","67301","0","0","0","N","0","0","0","1","68K01","0","","7.0","","1","N","N","N","0","","0","0","1","","0","","","1","1","0","0","0","1","0","2","0","1","","03","","N","","","","","","","","","",""
"2020034047","","2","0","0","0","0","0","0","0","0","1","0","","67","4","2020","5","39.95723","-75.14139","","6","0","0","0","0","0","1","0","0","","0","0","0","","","2","N","0","","39 57:26.027","","0","75 08:29.004","3","0","0","0","67301","0","0","0","N","0","0","0","3","68K01","0","","1.0","","9","N","N","N","0","","2","0","0","","0","","","3","2","0","0","0","0","1","2","0","3","","","","N","","","","","","","","","",""
"2020072095","","0","0","0","0","0","0","0","0","0","5","1","","67","8","2020","2","40.008709","-75.210373","","6","0","0","0","0","0","0","0","0","","0","1","0","","","0","N","0","","40 00:31.353","","0","75 12:37.343","0","0","0","0","67301","0","0","0","N","0","0","0","2","67301","0","","1.0","","1","N","N","N","0","","0","0","1","","0","","","2","0","0","0","0","0","0","2","0","2","","03","","N","","","","","","","","","",""
"2020030681","","2","0","0","0","0","0","0","0","0","4","0","","67","3","2020","3","39.940698","-75.224153","","6","0","0","0","0","0","0","0","0","","0","0","0","","","1","","1","","39 56:26.512","","0","75 13:26.950","2","0","0","0","67301","0","0","0","N","0","0","0","2","67301","0","","1.0","","1","N","N","N","0","","0","1","0","","2","","","2","1","0","0","0","0","0","2","0","2","","03","","N","","","","","","","","","",""
"2020071497","","1","0","0","0","0","0","0","0","0","1","0","","67","8","2020","1","39.940213","-75.195846","","6","0","0","0","0","0","0","0","0","","0","0","0","","","3","N","0","","39 56:24.767","3","0","75 11:45.044","8","0","0","0","67301","0","0","0","N","0","0","0","3","68K01","0","","1.0","325.0","1","N","N","N","0","","0","0","0","","0","N","","2","3","0","0","0","3","0","2","1","2","","03","","N","","","","","","","","","",""
"2020070365","","2","0","0","0","0","0","0","0","0","4","0","","67","8","2020","7","39.93613","-75.175329","","6","0","0","0","0","0","0","0","0","","0","0","0","","","1","","1","","39 56:10.067","","0","75 10:31.184","8","0","0","0","67301","0","0","0","N","0","0","0","2","67301","0","","1.0","","1","N","N","N","0","","0","0","0","","3","","","2","1","0","0","0","1","0","2","0","2","","03","","N","","","","","","","","","",""
"2020034559","","1","0","0","0","0","0","0","0","0","7","0","","67","4","2020","3","39.900893","-75.153879","","6","0","0","0","0","0","0","0","0","","0","0","0","","","0","N","0","","39 54:03.213","2","0","75 09:13.963","0","0","0","0","67301","0","0","0","N","0","0","0","2","68K01","0","","3.0","30.0","1","N","N","N","0","","0","0","0","","0","N","","1","0","0","0","0","0","0","2","0","1","","","","N","","","","","","","","","",""
"2020080642","","0","0","0","0","0","0","0","0","0","2","1","","67","9","2020","3","40.011746","-75.076091","","6","0","0","0","0","0","0","0","0","","0","1","0","","","1","","2","","40 00:42.286","1","0","75 04:33.927","3","0","0","1","67301","0","0","0","N","0","0","0","2","67301","0","","1.0","100.0","1","N","N","N","0","","1","0","0","","0","Y","","2","1","0","0","0","0","0","2","0","2","","03","","N","","","","","","","","","",""
"2020039238","","0","0","0","0","0","0","0","0","0","1","0","","67","5","2020","7","39.995279","-75.093502","","6","0","0","0","0","0","0","0","0","","0","0","0","","","1","N","0","","39 59:43.003","","0","75 05:36.608","3","0","0","0","67301","0","0","0","N","0","0","0","2","67301","0","","1.0","","1","N","N","N","0","","1","0","2","","0","","","2","1","0","0","0","0","0","2","0","2","","03","","N","","","","","","","","","",""
"2020032158","","0","0","0","0","0","0","0","0","0","1","0","","67","4","2020","2","39.923081","-75.229076","","6","0","0","0","0","0","0","0","0","","0","0","0","","","1","","1","","39 55:23.090","","0","75 13:44.674","3","0","0","0","67301","0","0","0","N","0","0","0","2","67301","0","","1.0","","1","N","N","N","0","","1","0","2","","2","","","2","1","0","0","0","0","0","2","0","2","","03","","N","","","","","","","","","",""
"2020031329","","2","0","0","0","0","0","0","0","0","4","0","","67","4","2020","6","40.012063","-75.136521","","6","0","0","0","0","0","0","0","0","","0","0","0","","","0","","1","","40 00:43.426","","0","75 08:11.475","0","0","0","0","67301","0","0","0","N","0","0","0","2","67301","0","","1.0","","1","N","N","N","0","","0","0","0","","3","","","3","0","0","0","0","0","0","2","0","3","","03","","N","","","","","","","","","",""
"2020030107","","1","0","0","0","0","0","0","0","0","4","0","","67","3","2020","1","39.957321","-75.152234","","6","0","0","0","0","0","0","0","0","","0","0","0","","","0","","1","","39 57:26.357","","3","75 09:08.042","0","0","0","0","67301","0","0","0","Y","0","0","0","2","67301","0","","1.0","","1","N","N","N","0","","0","0","1","","2","","","2","0","0","0","0","0","0","2","0","2","","03","","N","","","","","","","","","",""
"2020036336","","1","0","0","0","0","0","0","0","0","7","0","","67","3","2020","3","40.047965","-75.168875","","6","0","0","0","0","0","0","0","0","","0","0","0","","","1","","2","","40 02:52.673","","0","75 10:07.951","3","0","0","0","67301","0","0","0","N","0","0","0","1","67301","0","","4.0","","9","N","N","N","0","","1","0","0","","0","","","1","1","0","0","0","0","0","2","0","1","","07","","N","","","","","","","","","",""
"2020030497","","1","0","0","0","0","0","0","0","0","4","0","","67","3","2020","3","39.945535","-75.23986","","6","0","0","0","0","0","0","0","0","","0","0","0","","","0","N","0","","39 56:43.925","","7","75 14:23.496","0","0","0","0","67301","0","0","0","N","0","0","0","4","67301","0","","1.0","","1","N","N","N","0","","0","0","1","","9","","","2","0","0","0","0","0","0","2","0","2","","04","","N","","","","","","","","","",""
"2020030676","","1","0","0","0","0","0","0","0","0","4","0","","67","4","2020","4","39.958132","-75.150458","","6","0","0","0","0","0","0","0","0","","0","0","0","","","0","","1","","39 57:29.275","4","0","75 09:01.648","0","0","0","0","67301","0","0","0","N","0","0","0","2","67301","0","","1.0","430.0","1","N","N","N","0","","0","0","1","","2","Y","","2","0","0","0","0","0","0","2","0","2","","03","","N","","","","","","","","","",""
"2020071203","","0","0","0","1","0","0","0","0","0","8","0","","67","9","2020","3","40.088831","-75.034146","","6","0","0","0","0","0","1","0","0","","0","0","0","","","1","N","0","","40 05:19.793","","0","75 02:02.924","3","0","0","0","67301","1","0","0","N","0","0","0","2","67301","0","","1.0","","1","N","N","N","1","","1","0","0","","0","","","2","1","0","0","0","0","0","2","0","1","","04","","N","","","","","","","","","",""
"2020071563","","1","0","0","0","0","0","0","0","0","7","0","","67","9","2020","3","40.007127","-75.094073","","6","0","0","0","0","0","0","1","0","","0","0","0","","","1","","1","","40 00:25.656","2","0","75 05:38.663","3","0","0","0","67301","0","0","0","N","0","0","0","1","67301","0","","1.0","1515.0","1","N","N","N","0","","1","0","0","","2","N","","1","1","1","0","0","0","0","2","0","1","","04","","N","","","","","","","","","",""
"2020032523","","1","0","0","0","0","0","0","0","0","4","0","","67","4","2020","1","39.998993","-75.100025","","6","0","0","0","0","0","1","0","0","","0","0","0","","","1","","2","","39 59:56.374","","0","75 06:00.089","3","0","0","1","67301","0","0","0","N","0","0","0","2","67301","0","","1.0","","1","N","N","N","0","","1","0","0","","0","","","2","1","1","0","0","0","0","2","0","2","","03","","N","","","","","","","","","",""
"2020038032","","0","0","0","0","0","0","0","0","0","4","0","","67","5","2020","2","39.995962","-75.078179","","6","0","0","1","0","0","0","0","0","","0","0","0","","","1","","1","","39 59:45.463","","0","75 04:41.444","3","0","0","1","67301","0","0","0","N","0","0","0","2","67301","0","","1.0","","1","N","N","N","1","","1","0","0","","3","","","2","1","0","0","0","0","0","2","0","2","","03","","N","","","","","","","","","",""
"2020032400","","2","0","0","0","0","0","0","0","0","4","0","","67","4","2020","1","39.967403","-75.178634","","6","0","0","0","0","0","0","0","0","","0","0","0","","","2","","1","","39 58:02.652","","0","75 10:43.082","4","0","0","0","67301","0","0","0","N","0","0","0","2","67301","2","","1.0","","1","N","N","N","0","","0","0","2","","1","","","4","2","0","0","0","0","0","2","0","4","","03","","N","","","","","","","","","",""
"2020070050","","2","0","0","0","0","0","0","0","0","4","1","","67","8","2020","6","39.941865","-75.225534","","6","0","0","0","0","0","0","0","0","","0","1","0","","","2","","1","","39 56:30.713","","0","75 13:31.922","3","0","0","0","67301","0","0","0","N","0","0","0","6","67301","0","","1.0","","1","N","N","N","0","","2","0","0","","2","","","3","2","0","0","0","0","2","2","0","3","","03","","N","","","","","","","","","",""
"2020070331","","0","0","0","0","0","0","0","0","0","4","0","","67","8","2020","3","39.992999","-75.134514","","6","0","0","0","0","0","0","0","0","","0","0","0","","","1","","1","","39 59:34.796","","0","75 08:04.250","4","0","0","0","67301","0","0","0","N","0","0","0","2","67301","1","","1.0","","1","N","N","Y","0","","0","0","0","","2","","","2","1","1","0","0","0","1","2","2","2","","03","","N","","","","","","","","","",""
"2020071211","","1","0","0","0","0","0","0","0","0","4","0","","67","3","2020","6","39.944846","-75.166982","","6","0","0","0","0","0","0","0","0","","0","0","0","","","1","","1","","39 56:41.445","","0","75 10:01.135","4","0","0","0","67301","0","0","0","N","0","0","0","3","67301","1","","1.0","","1","N","N","N","0","","0","0","1","","2","","","2","1","1","0","0","0","1","2","0","2","","","","N","","","","","","","","","",""
"2020030621","","2","0","0","0","0","0","0","0","0","4","0","","67","4","2020","4","39.953609","-75.198625","","6","0","0","0","0","0","0","0","0","","0","0","0","","","0","N","1","","39 57:12.991","4","0","75 11:55.051","0","0","0","0","67301","0","0","0","N","0","0","0","2","67504","0","","1.0","1842.0","1","N","N","N","0","","0","0","0","","2","Y","","2","0","1","0","0","0","0","2","0","2","","03","","N","","","","","","","","","",""
"2020030389","","1","0","0","0","0","0","0","0","0","7","0","","67","3","2020","3","40.111391","-75.000736","","6","0","0","0","0","0","0","0","0","","0","0","0","","","0","","2","","40 06:41.007","","0","75 00:02.648","0","0","0","0","67301","0","0","0","Y","0","0","0","1","67301","0","","5.0","","9","N","N","N","0","","0","0","0","","0","","","1","0","0","0","0","0","0","2","0","1","","04","","N","","","","","","","","","",""
"2020032574","","2","0","0","0","0","0","0","0","0","5","0","","67","4","2020","7","40.04936","-74.996551","","6","0","0","0","0","0","0","0","0","","0","0","0","","","0","N","0","","40 02:57.696","","0","74 59:47.583","0","0","0","0","67301","0","0","0","Y","0","0","0","2","68K01","0","","1.0","","1","N","N","N","0","","0","0","0","","0","","","2","0","0","0","0","0","0","2","0","2","","03","","N","","","","","","","","","",""
"2020034457","","1","0","0","0","0","0","0","0","0","7","0","","67","4","2020","1","39.973834","-75.194026","","6","0","0","0","0","1","0","0","0","","0","0","0","","","0","N","0","","39 58:25.804","4","8","75 11:38.495","0","0","0","0","67301","0","0","0","N","0","0","0","1","68K01","0","","4.0","1205.0","1","N","N","N","0","","0","0","0","","0","Y","","1","0","0","0","0","0","0","2","0","1","","03","","N","","","","","","","","","",""
"2020031879","","0","0","0","0","0","0","0","0","0","4","0","","67","4","2020","4","40.042809","-75.06315","","6","0","0","0","0","0","0","0","0","","0","0","0","","","3","","1","","40 02:34.113","","0","75 03:47.339","3","0","0","0","67301","0","0","0","N","0","0","0","4","67301","0","","1.0","","1","N","N","N","0","","3","0","2","","2","","","2","3","1","0","0","0","0","2","0","2","","03","","N","","","","","","","","","",""
"2020030904","","1","0","0","1","0","1","0","0","0","8","0","","67","4","2020","5","39.970153","-75.145021","","6","0","0","0","0","0","0","0","0","","0","0","0","","","1","","1","","39 58:12.552","","0","75 08:42.076","2","0","0","0","67301","1","0","1","N","0","0","0","2","67301","0","","1.0","","1","N","N","N","0","","0","1","0","","2","","","2","1","0","0","0","0","0","2","0","1","","03","","N","","","","","","","","","",""
"2020039037","","1","0","0","0","0","0","0","0","0","1","0","","67","5","2020","7","40.039506","-75.175739","","6","0","0","0","0","0","0","0","0","","0","0","0","","","2","N","0","","40 02:22.220","","0","75 10:32.660","4","0","0","0","67301","0","0","0","N","0","0","0","2","67301","2","","6.0","","1","N","N","N","1","","0","0","1","","0","","","3","2","0","0","0","0","0","2","0","3","","03","","N","","","","","","","","","",""
"2020031629","","2","0","0","0","0","0","0","0","0","4","0","","67","4","2020","3","40.037062","-75.160366","","6","0","0","0","0","0","1","0","0","","0","0","0","","","1","","2","","40 02:13.423","","0","75 09:37.317","3","0","0","0","67301","0","0","0","N","0","0","0","2","67301","0","","1.0","","1","N","N","N","0","","1","0","0","","3","","","2","1","0","0","0","0","0","2","0","2","","03","","N","","","","","","","","","",""
"2020031683","","1","0","0","0","0","0","0","0","0","1","0","","67","4","2020","3","40.06126","-75.139824","","6","0","0","0","0","0","0","0","0","","0","0","0","","","1","","1","","40 03:40.535","","0","75 08:23.366","3","0","0","0","67301","0","0","0","N","0","0","0","4","67301","0","","1.0","","1","N","N","N","0","","1","0","3","","2","","","4","1","0","0","0","0","0","2","0","4","","","","N","","","","","","","","","",""
"2020030767","","0","0","0","0","0","0","0","0","0","8","0","","67","3","2020","2","39.984681","-75.156494","","6","0","0","0","0","0","1","0","0","","0","0","0","","","1","","1","","39 59:04.850","","0","75 09:23.377","4","0","0","0","67301","1","0","0","N","1","0","0","2","67301","1","","1.0","","1","N","N","N","0","","0","0","1","","2","","","2","1","0","0","0","0","0","2","0","1","","","","N","","","","","","","","","",""
"2020032619","","2","0","0","0","0","0","0","0","0","5","0","","67","4","2020","1","39.962125","-75.149692","","6","0","0","0","0","0","0","0","0","","0","0","0","","","0","N","0","","39 57:43.650","","0","75 08:58.890","0","0","0","0","67301","0","0","0","N","0","0","0","1","67301","0","","6.0","","9","N","N","N","0","","0","0","0","","3","","","2","0","0","0","0","0","0","2","0","2","","","","N","","","","","","","","","",""
"2020030600","","2","0","0","0","0","0","0","0","0","5","0","","67","4","2020","4","39.958229","-75.235739","","6","0","0","0","0","0","1","0","0","","0","0","0","","","1","N","0","","39 57:29.626","","0","75 14:08.661","3","0","0","0","67301","0","0","0","N","0","0","0","1","67301","0","","6.0","","1","N","N","N","0","","1","0","0","","2","","","2","1","1","0","0","0","0","2","0","2","","03","","N","","","","","","","","","",""