"CRN","ARRIVAL_TM","AUTOMOBILE_COUNT","BELTED_DEATH_COUNT","BELTED_SUSP_SERIOUS_INJ_COUNT","BICYCLE_COUNT","BICYCLE_DEATH_COUNT","BICYCLE_SUSP_SERIOUS_INJ_COUNT","BUS_COUNT","CHLDPAS_DEATH_COUNT","CHLDPAS_SUSP_SERIOUS_INJ_COUNT","COLLISION_TYPE","COMM_VEH_COUNT","CONS_ZONE_SPD_LIM","COUNTY","CRASH_MONTH","CRASH_YEAR","DAY_OF_WEEK","DEC_LATITUDE","DEC_LONGITUDE","DISPATCH_TM","DISTRICT","DRIVER_COUNT_16YR","DRIVER_COUNT_17YR","DRIVER_COUNT_18YR","DRIVER_COUNT_19YR","DRIVER_COUNT_20YR","DRIVER_COUNT_50_64YR","DRIVER_COUNT_65_74YR","DRIVER_COUNT_75PLUS","EST_HRS_CLOSED","FATAL_COUNT","HEAVY_TRUCK_COUNT","HORSE_BUGGY_COUNT","HOUR_OF_DAY","ILLUMINATION","INJURY_COUNT","INTERSECTION_RELATED","INTERSECT_TYPE","LANE_CLOSED","LATITUDE","LN_CLOSE_DIR","LOCATION_TYPE","LONGITUDE","MAX_SEVERITY_LEVEL","MCYCLE_DEATH_COUNT","MCYCLE_SUSP_SERIOUS_INJ_COUNT","MOTORCYCLE_COUNT","MUNICIPALITY","NONMOTR_COUNT","NONMOTR_DEATH_COUNT","NONMOTR_SUSP_SERIOUS_INJ_COUNT","NTFY_HIWY_MAINT","PED_COUNT","PED_DEATH_COUNT","PED_SUSP_SERIOUS_INJ_COUNT","PERSON_COUNT","POLICE_AGCY","POSSIBLE_INJ_COUNT","RDWY_SURF_TYPE_CD","RELATION_TO_ROAD","ROADWAY_CLEARED","ROAD_CONDITION","SCH_BUS_IND","SCH_ZONE_IND","SECONDARY_CRASH","SMALL_TRUCK_COUNT","SPEC_JURIS_CD","SUSP_MINOR_INJ_COUNT","SUSP_SERIOUS_INJ_COUNT","SUV_COUNT","TCD_FUNC_CD","TCD_TYPE","TFC_DETOUR_IND","TIME_OF_DAY","TOTAL_UNITS","TOT_INJ_COUNT","UNBELTED_OCC_COUNT","UNB_DEATH_COUNT","UNB_SUSP_SERIOUS_INJ_COUNT","UNK_INJ_DEG_COUNT","UNK_INJ_PER_COUNT","URBAN_RURAL","VAN_COUNT","VEHICLE_COUNT","WEATHER1","WEATHER2","WORKERS_PRES","WORK_ZONE_IND","WORK_ZONE_LOC","WORK_ZONE_TYPE","WZ_CLOSE_DETOUR","WZ_FLAGGER","WZ_LAW_OFFCR_IND","WZ_LN_CLOSURE","WZ_MOVING","WZ_OTHER","WZ_SHLDER_MDN","WZ_WORKERS_INJ_KILLED"
"2020032666","","2","0","0","0","0","0","0","0","0","4","0","","67","4","2020","6","39.943372","-75.232331","","6","0","0","0","0","0","0","0","0","","0","0","0","","","0","","1","","39 56:36.138","","0","75 13:56.392","9","0","0","0","67301","0","0","0","N","0","0","0","2","67301","0","","1.0","","1","N","N","N","0","","0","0","2","","2","","","4","0","0","0","0","0","2","2","0","4","","03","","N","","","","","","","","","",""
"2020030691","","2","0","0","0","0","0","0","0","0","4","0","","67","4","2020","4","40.007639","-75.127327","","6","0","0","0","0","0","0","1","0","","0","0","0","","","1","","1","","40 00:27.502","","0","75 07:38.377","3","0","0","0","67301","0","0","0","N","0","0","0","3","67301","0","","1.0","","1","N","N","N","0","","1","0","1","","2","","","3","1","2","0","0","0","0","2","0","3","","03","","N","","","","","","","","","",""
"2020032251","","7","0","0","0","0","0","0","0","0","1","0","","67","4","2020","6","39.956769","-75.211376","","6","0","0","0","0","0","0","0","0","","0","0","0","","","1","N","1","","39 57:24.369","","0","75 12:40.953","2","0","0","0","67301","0","0","0","N","0","0","0","4","67301","0","","1.0","","1","N","N","N","0","","0","1","3","","2","","","11","1","4","0","1","0","0","2","1","11","","","","N","","","","","","","","","",""
"2020039237","","1","0","0","0","0","0","0","0","0","4","0","","67","5","2020","7","39.957823","-75.147242","","6","0","0","0","0","0","0","0","0","","0","0","0","","","1","","1","","39 57:28.162","","1","75 08:50.070","4","0","0","0","67301","0","0","0","N","0","0","0","3","67301","1","","1.0","","1","N","N","N","0","","0","0","1","","2","","","2","1","0","0","0","0","2","2","0","2","","03","","N","","","","","","","","","",""
"2020032454","","0","0","0","0","0","0","0","0","0","1","0","","67","4","2020","1","39.916217","-75.225822","","6","0","0","0","0","0","0","0","0","","0","0","0","","","1","","2","","39 54:58.380","3","0","75 13:32.960","3","0","0","1","67301","0","0","0","N","0","0","0","2","67301","0","","1.0","1715.0","1","N","N","N","0","","1","0","0","","2","N","","2","1","0","0","0","0","1","2","0","2","","03","","N","","","","","","","","","",""
"2020031431","","2","0","0","0","0","0","0","0","0","1","0","","67","4","2020","2","39.984422","-75.159975","","6","0","0","0","0","0","1","0","0","","0","0","0","","","1","N","0","","39 59:03.920","","0","75 09:35.910","3","0","0","0","67301","0","0","0","N","0","0","0","1","67301","0","","6.0","","1","N","N","N","0","","1","0","0","","0","","","2","1","0","0","0","0","0","2","0","2","","03","","N","","","","","","","","","",""
"2020079640","","0","0","0","0","0","0","0","0","0","4","0","","67","9","2020","7","40.080581","-74.990119","","6","0","0","0","0","0","0","0","0","","0","0","0","","","0","N","0","","40 04:50.090","","0","74 59:24.430","0","0","0","0","67301","0","0","0","N","0","0","0","1","67301","0","","6.0","","1","N","N","N","1","","0","0","2","","0","","","3","0","0","0","0","0","0","2","0","3","","","","N","","","","","","","","","",""
"2020032786","","2","0","0","0","0","0","0","0","0","7","0","","67","4","2020","2","39.980404","-75.205695","","6","0","0","0","0","0","0","0","0","","0","0","0","","","0","N","0","","39 58:49.456","3","0","75 12:20.502","0","0","0","0","67301","0","0","0","N","0","0","0","2","68K01","0","","4.0","415.0","9","N","N","N","0","","0","0","0","","0","N","","2","0","0","0","0","0","0","2","0","2","","","","N","","","","","","","","","",""
"2020031708","","2","0","0","0","0","0","0","0","0","4","0","","67","4","2020","4","40.067197","-75.155232","","6","0","0","0","0","0","0","0","0","","0","0","0","","","0","","1","","40 04:01.909","","0","75 09:18.835","0","0","0","0","67301","0","0","0","N","0","0","0","2","67301","0","","1.0","","1","N","N","N","0","","0","0","0","","3","","","2","0","0","0","0","0","0","2","0","2","","03","","N","","","","","","","","","",""
"2020039000","","1","0","0","0","0","0","0","0","0","4","0","","67","5","2020","5","40.028204","-75.109973","","6","0","0","0","1","0","0","0","0","","0","0","0","","","1","","1","","40 01:41.536","","0","75 06:35.902","3","0","0","1","67301","0","0","0","N","0","0","0","2","67301","0","","1.0","","1","N","N","N","0","","1","0","0","","2","","","2","1","0","0","0","0","0","2","0","2","","03","","N","","","","","","","","","",""
"2020031058","","0","0","0","0","0","0","0","0","0","4","0","","67","4","2020","6","39.924118","-75.1547","","6","0","0","0","0","0","0","0","0","","0","0","0","","","1","","1","","39 55:26.824","","0","75 09:16.920","3","0","0","0","67301","0","0","0","N","0","0","0","2","67301","0","","1.0","","1","N","N","N","0","","1","0","2","","0","","","2","1","0","0","0","0","0","2","0","2","","04","","N","","","","","","","","","",""
"2020031213","","1","0","0","0","0","0","0","0","0","8","0","","67","4","2020","1","39.939047","-75.176269","","6","0","0","0","0","0","1","0","0","","0","0","0","","","1","N","0","","39 56:20.570","","0","75 10:34.570","8","0","0","0","67301","1","0","0","N","1","0","0","2","67301","0","","1.0","","1","N","N","N","0","","0","0","0","","2","","","2","1","0","0","0","1","0","2","0","1","","","","N","","","","","","","","","",""
"2020079688","","2","0","0","0","0","0","0","0","0","4","0","","67","9","2020","4","39.963255","-75.188499","","6","0","0","0","0","0","0","0","0","","0","0","0","","","1","","1","","39 57:47.719","","0","75 11:18.596","8","0","0","0","67301","0","0","0","N","0","0","0","1","67301","0","","1.0","","1","N","N","N","0","","0","0","0","","2","","","2","1","1","0","0","1","0","2","0","2","","","","N","","","","","","","","","",""
"2020033181","","1","0","0","0","0","0","0","0","0","8","0","","67","3","2020","2","40.027517","-75.209737","","6","0","0","0","0","0","1","0","0","","0","0","0","","","1","N","0","","40 01:39.060","","0","75 12:35.053","8","0","0","0","67301","1","0","0","N","1","0","0","2","67301","0","","1.0","","1","N","N","N","0","","0","0","0","","0","","","2","1","0","0","0","1","0","2","0","1","","03","","N","","","","","","","","","",""
"2020033542","","2","0","0","0","0","0","0","0","0","5","0","","67","4","2020","7","40.066294","-75.069817","","6","0","0","0","0","0","0","1","0","","0","0","0","","","0","N","0","","40 03:58.660","","0","75 04:11.340","0","0","0","0","67301","0","0","0","N","0","0","0","1","67301","0","","6.0","","1","N","N","N","0","","0","0","0","","0","","","2","0","0","0","0","0","0","2","0","2","","03","","N","","","","","","","","","",""
"2020031549","","1","0","0","0","0","0","0","0","0","6","0","","67","4","2020","2","39.984559","-75.15652","","6","0","0","0","0","0","0","0","0","","0","0","0","","","1","N","0","","39 59:04.412","","0","75 09:23.473","8","0","0","0","67301","0","0","0","N","0","0","0","2","67301","0","","1.0","","1","N","N","N","0","","0","0","1","","9","","","2","1","0","0","0","1","1","2","0","2","","03","","N","","","","","","","","","",""
"2020072321","","0","0","0","0","0","0","0","0","0","2","0","","67","9","2020","5","40.02321","-75.062985","","6","0","0","0","0","0","0","0","0","","0","0","0","","","1","","1","","40 01:23.555","","0","75 03:46.746","3","0","0","0","67301","0","0","0","N","0","0","0","2","67301","0","","9.0","","1","N","N","N","2","","1","0","0","","3","","","2","1","1","0","0","0","0","2","0","2","","","","N","","","","","","","","","",""
"2020030690","","2","0","0","0","0","0","0","0","0","5","0","","67","4","2020","4","39.94835","-75.222183","","6","0","0","0","0","0","0","0","0","","0","0","0","","","0","N","0","","39 56:54.060","","0","75 13:19.860","0","0","0","0","67301","0","0","0","N","0","0","0","1","67301","0","","6.0","","1","N","N","N","0","","0","0","1","","0","","","3","0","1","0","0","0","0","2","0","3","","03","","N","","","","","","","","","",""
"2020031682","","2","0","0","0","0","0","0","0","0","4","0","","67","4","2020","2","40.047111","-75.139889","","6","0","0","0","0","0","1","0","0","","0","0","0","","","2","N","0","","40 02:49.600","5","0","75 08:23.601","3","0","0","0","67301","0","0","0","N","0","0","0","3","67301","0","","1.0","20.0","1","N","N","N","0","","2","0","0","","0","Y","","2","2","1","0","0","0","0","2","0","2","","03","","N","","","","","","","","","",""
"2020070980","","1","0","0","0","0","0","1","0","0","4","1","","67","8","2020","6","39.978691","-75.157926","","6","0","0","0","0","0","0","0","0","","0","0","0","","","1","","1","","39 58:43.287","","0","75 09:28.532","8","0","0","0","67301","0","0","0","N","0","0","0","4","67508","0","","1.0","","1","N","N","Y","0","","0","0","0","","0","N","","2","1","0","0","0","1","1","2","0","2","","03","","N","","","","","","","","","",""
"2020034187","","0","0","0","0","0","0","0","0","0","7","0","","67","4","2020","4","39.961002","-75.181981","","6","0","0","0","0","0","0","0","0","","0","0","0","","","2","N","0","","39 57:39.608","4","0","75 10:55.130","3","0","0","0","67301","0","0","0","N","0","0","0","3","68K01","0","","5.0","630.0","9","N","N","N","0","","2","0","1","","0","N","","1","2","0","0","0","0","1","2","0","1","","07","","N","","","","","","","","","",""
"2020032130","","3","0","0","0","0","0","0","0","0","4","0","","67","4","2020","6","39.952184","-75.240772","","6","0","0","0","0","0","0","0","0","","0","0","0","","","2","","1","","39 57:07.862","6","0","75 14:26.779","3","0","0","0","67301","0","0","0","N","0","0","0","3","67301","0","","1.0","1453.0","1","N","N","N","0","","2","0","0","","2","Y","","3","2","0","0","0","0","0","2","0","3","","","","N","","","","","","","","","",""
"2020031207","","3","0","0","0","0","0","0","0","0","4","0","","67","4","2020","6","40.029025","-75.100501","","6","0","0","0","0","1","0","0","0","","0","0","0","","","1","","2","","40 01:44.490","2","0","75 06:01.805","3","0","0","0","67301","0","0","0","N","0","0","0","3","67301","0","","1.0","2215.0","1","N","N","N","0","","1","0","0","","2","N","","3","1","0","0","0","0","0","2","0","3","","03","","N","","","","","","","","","",""
"2020039878","","0","0","0","0","0","0","0","0","0","0","0","","67","5","2020","4","40.04217","-75.003671","","6","0","0","0","0","0","0","0","0","","0","0","0","","","1","N","0","","40 02:31.811","","0","75 00:13.217","3","0","0","0","67301","0","0","0","N","0","0","0","1","68K01","0","","4.0","","1","N","N","N","0","","1","0","1","","0","","","1","1","0","0","0","0","0","2","0","1","","","","N","","","","","","","","","",""
"2020069893","","1","0","0","0","0","0","0","0","0","5","1","","67","8","2020","6","39.955167","-75.147694","","6","0","0","0","0","0","1","0","0","","0","1","0","","","0","","6","","39 57:18.600","","8","75 08:51.700","0","0","0","0","67301","0","0","0","N","0","0","0","2","67501","0","","1.0","","1","N","N","N","0","","0","0","0","","0","","","2","0","0","0","0","0","0","2","0","2","","","","N","","","","","","","","","",""
"2020069817","","1","0","0","0","0","0","0","0","0","1","0","","67","8","2020","4","39.951923","-75.165424","","6","0","0","0","0","0","0","0","0","","0","0","0","","","1","","3","","39 57:06.923","","0","75 09:55.526","8","0","0","1","67301","0","0","0","N","0","0","0","2","67301","0","","1.0","","1","N","N","N","0","","0","0","0","","2","","","2","1","0","0","0","1","0","2","0","2","","03","","N","","","","","","","","","",""
"2020031428","","1","0","0","0","0","0","0","0","0","4","0","","67","4","2020","1","40.040258","-75.058429","","6","0","0","0","0","0","1","0","0","","0","0","0","","","2","","1","","40 02:24.930","","0","75 03:30.344","3","0","0","0","67301","0","0","0","N","0","0","0","2","67301","1","","1.0","","1","N","N","N","0","","1","0","0","","2","","","2","2","0","0","0","0","0","2","1","2","","03","","N","","","","","","","","","",""
"2020070672","","2","0","0","0","0","0","0","0","0","2","0","","67","8","2020","1","39.946069","-75.184981","","6","0","0","0","0","0","0","0","0","","0","0","0","","","0","N","0","","39 56:45.850","4","0","75 11:05.930","0","0","0","0","67301","0","0","0","N","0","0","0","1","67301","0","","1.0","626.0","1","N","N","N","0","","0","0","0","","0","N","","2","0","0","0","0","0","0","2","0","2","","","","N","","","","","","","","","",""
"2020072096","","2","0","0","0","0","0","0","0","0","1","0","","67","9","2020","3","40.003486","-75.221558","","6","0","0","0","0","0","0","1","0","","0","0","0","","","0","N","0","","40 00:12.550","","0","75 13:17.607","0","0","0","0","67301","0","0","0","N","0","0","0","2","67301","0","","1.0","","1","N","N","N","0","","0","0","0","","0","","","2","0","0","0","0","0","0","2","0","2","","03","","N","","","","","","","","","",""
"2020032160","","1","0","0","0","0","0","0","0","0","5","0","","67","4","2020","6","39.925428","-75.234553","","6","0","0","0","0","0","1","1","0","","0","0","0","","","1","N","0","","39 55:31.540","","0","75 14:04.390","3","0","0","0","67301","0","0","0","N","0","0","0","4","67301","0","","1.0","","1","N","N","N","1","","1","0","1","","0","","","4","1","0","0","0","0","0","2","1","4","","","","N","","","","","","","","","",""
"2020070073","","0","0","0","0","0","0","0","0","0","1","1","","67","8","2020","5","40.067319","-75.028251","","6","0","0","0","0","0","1","0","0","","0","1","0","","","1","","2","","40 04:02.347","","0","75 01:41.704","4","0","0","0","67301","0","0","0","N","0","0","0","2","67301","1","","1.0","","1","N","N","N","0","","0","0","0","","2","","","2","1","0","0","0","0","0","2","1","2","","03","","N","","","","","","","","","",""
"2020031514","","1","0","0","0","0","0","0","0","0","7","0","","67","3","2020","2","39.960036","-75.18001","","6","0","0","0","1","0","0","0","0","","0","0","0","","","0","N","0","","39 57:36.128","","0","75 10:48.036","0","0","0","0","67301","0","0","0","N","0","0","0","2","68K01","0","","2.0","","9","N","N","N","0","","0","0","0","","0","","","1","0","0","0","0","0","0","2","0","1","","","","N","","","","","","","","","",""
"2020040099","","1","0","0","0","0","0","0","0","0","7","0","","67","5","2020","7","40.005731","-75.09952","","6","0","0","0","0","0","0","0","0","","0","0","0","","","1","N","0","","40 00:20.630","","0","75 05:58.273","3","0","0","0","67301","0","0","0","N","0","0","0","1","67301","0","","5.0","","1","N","N","N","0","","1","0","0","","0","","","1","1","0","0","0","0","0","2","0","1","","03","","N","","","","","","","","","",""
"2020039203","","0","0","0","0","0","0","0","0","0","8","0","","67","5","2020","7","40.031352","-75.131613","","6","0","0","0","0","0","0","0","0","","0","0","0","","","2","","2","","40 01:52.867","","0","75 07:53.806","3","0","0","1","67301","1","0","0","N","1","0","0","2","67301","0","","1.0","","1","N","N","N","0","","2","0","0","","0","","","2","2","0","0","0","0","0","2","0","1","","03","","N","","","","","","","","","",""
"2020032393","","1","0","0","0","0","0","0","0","0","7","0","","67","4","2020","7","39.966835","-75.187656","","6","0","0","0","0","0","0","0","0","","0","0","0","","","3","N","0","","39 58:00.606","","0","75 11:15.562","8","0","0","0","67301","0","0","0","N","0","0","0","3","68K01","0","","4.0","","1","N","N","N","0","","0","0","0","","0","","","1","3","0","0","0","3","0","2","0","1","","","","N","","","","","","","","","",""
"2020030513","","0","0","0","0","0","0","0","0","0","4","0","","67","3","2020","3","40.051105","-75.159048","","6","0","0","0","0","0","1","0","0","","0","0","0","","","1","","1","","40 03:03.978","","0","75 09:32.572","8","0","0","0","67301","0","0","0","N","0","0","0","4","67301","0","","1.0","","1","N","N","N","0","","0","0","1","","2","","","2","1","0","0","0","1","1","2","0","2","","","","N","","","","","","","","","",""
"2020030603","","3","0","0","0","0","0","0","0","0","5","0","","67","3","2020","2","40.046919","-75.147933","","6","0","0","0","0","0","0","0","0","","0","0","0","","","0","N","0","","40 02:48.910","","0","75 08:52.560","0","0","0","0","67301","0","0","0","N","0","0","0","2","67301","0","","6.0","","1","N","N","N","0","","0","0","2","","0","","","5","0","0","0","0","0","0","2","0","5","","03","","N","","","","","","","","","",""
"2020030106","","1","0","0","0","0","0","0","0","0","4","0","","67","3","2020","2","39.916677","-75.159551","","6","0","0","0","0","0","0","0","0","","0","0","0","","","0","","1","","39 55:00.037","","0","75 09:34.383","0","0","0","0","67301","0","0","0","N","0","0","0","2","67301","0","","1.0","","9","N","N","Y","1","","0","0","0","","3","","","2","0","0","0","0","0","0","2","0","2","","04","","N","","","","","","","","","",""
"2020033204","","1","0","0","0","0","0","0","0","0","4","0","","67","4","2020","1","40.066596","-75.05113","","6","0","0","0","0","1","0","0","0","","0","0","0","","","0","","1","","40 03:59.744","","0","75 03:04.067","0","0","0","0","67301","0","0","0","N","0","0","0","2","67301","0","","1.0","","1","N","N","N","0","","0","0","1","","2","","","2","0","0","0","0","0","0","2","0","2","","","","N","","","","","","","","","",""
"2020031209","","1","0","0","0","0","0","0","0","0","5","0","","67","3","2020","3","40.026056","-75.097256","","6","0","0","0","0","0","0","0","0","","0","0","0","","","2","N","0","","40 01:33.800","","0","75 05:50.120","4","0","0","0","67301","0","0","0","N","0","0","0","2","67301","2","","1.0","","1","N","N","N","0","","0","0","1","","0","","","2","2","0","0","0","0","0","2","0","2","","03","","N","","","","","","","","","",""
"2020031842","","0","0","0","0","0","0","0","0","0","7","0","","67","4","2020","3","39.976368","-75.192705","","6","0","0","0","0","0","1","0","0","","0","0","0","","","1","N","0","","39 58:34.924","","0","75 11:33.738","4","0","0","0","67301","0","0","0","N","0","0","0","1","67301","1","","1.0","","1","N","N","N","0","","0","0","1","","0","","","1","1","1","0","0","0","0","2","0","1","","03","","N","","","","","","","","","",""
"2020036526","","2","0","0","0","0","0","0","0","0","4","0","","67","4","2020","6","40.028579","-75.033945","","6","0","0","0","0","0","0","0","0","","0","0","0","","","0","","1","","40 01:42.885","","0","75 02:02.202","9","0","0","0","67301","0","0","0","N","0","0","0","2","67301","0","","1.0","","1","N","N","N","0","","0","0","0","","2","","","2","0","0","0","0","0","2","2","0","2","","","","N","","","","","","","","","",""
"2020070922","","0","0","0","0","0","0","0","0","0","8","0","","67","8","2020","3","39.905714","-75.175983","","6","0","0","0","0","0","0","0","0","","0","0","0","","","1","N","0","","39 54:20.570","","0","75 10:33.540","4","0","0","0","67301","1","0","0","N","1","0","0","1","67301","1","","1.0","","1","N","N","N","0","","0","0","0","","9","","","2","1","0","0","0","0","0","2","0","1","","","","N","","","","","","","","","",""
"2020032128","","1","0","0","0","0","0","0","0","0","4","0","","67","4","2020","4","39.935423","-75.220353","","6","0","0","0","0","0","0","0","0","","0","0","0","","","0","","1","","39 56:07.522","6","0","75 13:13.270","0","0","0","0","67301","0","0","0","N","0","0","0","2","67301","0","","1.0","1710.0","1","N","N","N","1","","0","0","0","","2","N","","2","0","0","0","0","0","0","2","0","2","","03","","N","","","","","","","","","",""
"2020032004","","3","0","0","0","0","0","0","0","0","1","0","","67","4","2020","4","39.922367","-75.163919","","6","0","0","0","0","0","0","0","0","","0","0","0","","","2","N","0","","39 55:20.520","4","0","75 09:50.110","3","0","0","0","67301","0","0","0","N","0","0","0","4","67301","0","","1.0","100.0","1","N","N","N","0","","1","0","2","","0","Y","","5","2","0","0","0","1","0","2","0","5","","","","N","","","","","","","","","",""
"2020072565","","1","0","0","0","0","0","0","0","0","5","0","","67","9","2020","7","39.956236","-75.194153","","6","0","0","0","1","0","0","0","0","","0","0","0","","","0","N","1","","39 57:22.450","","0","75 11:38.949","0","0","0","0","67301","0","0","0","N","0","0","0","2","67504","0","","1.0","","1","N","N","N","0","","0","0","1","","2","N","","2","0","0","0","0","0","0","2","0","2","","03","","N","","","","","","","","","",""
"2020037892","","1","0","1","0","0","0","0","0","0","7","0","","67","5","2020","1","40.016314","-75.175446","","6","0","0","0","0","0","0","0","0","","0","0","0","","","1","N","0","","40 00:58.729","2","0","75 10:31.607","2","0","0","0","67301","0","0","0","N","0","0","0","1","67301","0","","4.0","645.0","1","N","N","N","0","","0","1","0","","0","N","","1","1","0","0","0","0","0","2","0","1","","03","","N","","","","","","","","","",""
"2020039001","","1","0","0","0","0","0","0","0","0","6","0","","67","5","2020","5","39.96612","-75.245994","","6","0","0","0","0","0","1","0","0","","0","0","0","","","1","N","0","","39 57:58.031","","0","75 14:45.578","3","0","0","0","67301","0","0","0","N","0","0","0","2","67301","0","","6.0","","1","N","N","Y","0","","1","0","1","","0","","","2","1","2","0","0","0","0","2","0","2","","","","N","","","","","","","","","",""
"2020025891","","2","0","0","0","0","0","0","0","0","4","0","","67","3","2020","4","40.037084","-75.011336","","6","0","0","0","0","0","2","0","0","","0","0","0","","","2","","2","","40 02:13.501","5","0","75 00:40.810","3","0","0","0","67301","0","0","0","N","0","0","0","2","67301","0","","1.0","30.0","1","N","N","N","0","","1","0","0","","2","N","","2","2","0","0","0","1","0","2","0","2","","03","","N","","","","","","","","","",""
"2020038387","","2","0","0","0","0","0","0","0","0","4","0","","67","5","2020","4","39.984086","-75.160053","","6","0","0","0","0","0","0","1","0","","0","0","0","","","1","N","1","","39 59:02.710","","0","75 09:36.190","4","0","0","0","67301","0","0","0","N","0","0","0","3","67505","1","","1.0","","1","N","N","N","0","","0","0","0","","3","N","","2","1","0","0","0","0","0","2","0","2","","03","","N","","","","","","","","","",""
"2020039332","","2","0","0","0","0","0","0","0","0","5","0","","67","5","2020","6","40.007175","-75.142054","","6","0","0","0","1","1","0","0","0","","0","0","0","","","1","N","0","","40 00:25.830","","0","75 08:31.396","3","0","0","0","67301","0","0","0","N","0","0","0","2","67301","0","","1.0","","1","N","N","N","0","","1","0","0","","0","","","2","1","1","0","0","0","1","2","0","2","","","","N","","","","","","","","","",""
"2020080057","","0","0","0","0","0","0","0","0","0","4","1","","67","9","2020","2","39.921311","-75.216044","","6","0","0","0","0","0","0","0","0","","0","1","0","","","1","N","0","","39 55:16.720","","0","75 12:57.760","2","0","0","0","67301","0","0","0","N","0","0","0","2","67301","0","","1.0","","1","N","N","N","0","","0","1","1","","0","","","2","1","0","0","0","0","0","2","0","2","","","","N","","","","","","","","","",""
"2020038878","","1","0","0","0","0","0","0","0","0","4","0","","67","5","2020","3","39.945967","-75.168342","","6","0","0","0","0","0","0","1","0","","0","0","0","","","0","","1","","39 56:45.480","","0","75 10:06.032","0","0","0","0","67301","0","0","0","N","0","0","0","2","67301","0","","1.0","","1","N","N","N","0","","0","0","1","","2","","","2","0","0","0","0","0","0","2","0","2","","03","","N","","","","","","","","","",""
"2020038547","","2","0","0","0","0","0","0","0","0","4","0","","67","5","2020","4","39.9402","-75.198012","","6","0","0","0","0","0","0","0","0","","0","0","0","","","1","N","0","","39 56:24.720","1","7","75 11:52.843","3","0","0","0","67301","0","0","0","N","0","0","0","2","67301","0","","1.0","1607.0","1","N","N","N","0","","1","0","0","","0","N","","2","1","0","0","0","0","0","2","0","2","","03","","N","","","","","","","","","",""
"2020079551","","1","0","0","0","0","0","0","0","0","8","0","","67","9","2020","7","40.040785","-75.07299","","6","0","0","0","0","0","0","0","0","","0","0","0","","","1","","1","","40 02:26.826","","0","75 04:22.764","3","0","0","0","67301","1","0","0","N","1","0","0","2","67301","0","","1.0","","1","N","N","N","0","","1","0","0","","3","","","2","1","0","0","0","0","0","2","0","1","","","","N","","","","","","","","","",""
"2020080188","","1","0","0","0","0","0","0","0","0","7","0","","67","9","2020","2","40.039817","-75.164764","","6","0","0","0","0","0","0","0","0","","0","0","0","","","0","N","0","","40 02:23.340","","0","75 09:53.150","0","0","0","0","67301","0","0","0","N","0","0","0","1","67301","0","","4.0","","1","N","N","N","0","","0","0","0","","3","","","1","0","0","0","0","0","0","2","0","1","","03","","N","","","","","","","","","",""
"2020053556","","2","0","0","0","0","0","0","0","0","5","1","","67","7","2020","1","39.991717","-75.202488","","6","0","0","0","0","0","0","0","0","","0","1","0","","","1","Y","0","","39 59:30.180","","0","75 12:08.955","8","0","0","0","67301","0","0","0","N","0","0","0","2","68K01","0","","2.0","","1","N","N","N","0","","0","0","0","","0","","","3","1","0","0","0","1","0","2","0","3","","","","N","","","","","","","","","",""
"2020038136","","0","0","0","1","0","0","1","0","0","8","1","","67","5","2020","2","40.044281","-74.997318","","6","0","0","0","0","0","1","0","0","","0","0","0","","","1","N","0","","40 02:39.412","","0","74 59:50.346","8","0","0","0","67301","1","0","0","N","0","0","0","2","67301","0","","1.0","","1","N","N","N","0","","0","0","0","","0","","","2","1","0","0","0","1","0","2","0","1","","03","","N","","","","","","","","","",""
"2020039201","","1","0","0","0","0","0","0","0","0","5","0","","67","5","2020","7","40.025331","-75.138956","","6","0","0","0","0","0","0","0","0","","0","0","0","","","0","N","0","","40 01:31.190","1","0","75 08:20.240","0","0","0","0","67301","0","0","0","N","0","0","0","1","67301","0","","6.0","345.0","1","N","N","N","0","","0","0","1","","0","N","","2","0","0","0","0","0","0","2","0","2","","","","N","","","","","","","","","",""
"2020081550","","1","0","0","0","0","0","0","0","0","7","0","","67","10","2020","6","40.023419","-75.196578","","6","0","0","0","0","0","1","0","0","","0","0","0","","","1","N","0","","40 01:24.310","1","0","75 11:47.680","8","0","0","0","67301","0","0","0","N","0","0","0","1","67301","0","","4.0","1145.0","9","N","N","N","0","","0","0","0","","0","Y","","1","1","0","0","0","1","0","2","0","1","","04","","N","","","","","","","","","",""
"2020026259","","4","0","0","0","0","0","0","0","0","1","0","","67","3","2020","6","40.035867","-75.080894","","6","0","0","0","0","0","1","0","0","","0","0","0","","","0","Y","0","","40 02:09.122","2","0","75 04:51.220","0","0","0","0","67301","0","0","0","N","0","0","0","4","67301","0","","1.0","1030.0","9","N","N","Y","0","","0","0","0","","2","Y","","4","0","1","0","0","0","0","2","0","4","","07","","N","","","","","","","","","",""
"2020044983","","0","0","0","0","0","0","0","0","0","5","0","","67","5","2020","4","39.958132","-75.150458","","6","0","0","0","0","0","0","0","0","","0","0","0","","","0","","1","","39 57:29.275","1","0","75 09:01.648","9","0","0","0","67301","0","0","0","N","0","0","0","2","68K01","0","","1.0","1306.0","1","N","N","N","0","","0","0","0","","2","Y","","2","0","0","0","0","0","1","2","2","2","","","","N","","","","","","","","","",""