"CRN","ARRIVAL_TM","AUTOMOBILE_COUNT","BELTED_DEATH_COUNT","BELTED_SUSP_SERIOUS_INJ_COUNT","BICYCLE_COUNT","BICYCLE_DEATH_COUNT","BICYCLE_SUSP_SERIOUS_INJ_COUNT","BUS_COUNT","CHLDPAS_DEATH_COUNT","CHLDPAS_SUSP_SERIOUS_INJ_COUNT","COLLISION_TYPE","COMM_VEH_COUNT","CONS_ZONE_SPD_LIM","COUNTY","CRASH_MONTH","CRASH_YEAR","DAY_OF_WEEK","DEC_LATITUDE","DEC_LONGITUDE","DISPATCH_TM","DISTRICT","DRIVER_COUNT_16YR","DRIVER_COUNT_17YR","DRIVER_COUNT_18YR","DRIVER_COUNT_19YR","DRIVER_COUNT_20YR","DRIVER_COUNT_50_64YR","DRIVER_COUNT_65_74YR","DRIVER_COUNT_75PLUS","EST_HRS_CLOSED","FATAL_COUNT","HEAVY_TRUCK_COUNT","HORSE_BUGGY_COUNT","HOUR_OF_DAY","ILLUMINATION","INJURY_COUNT","INTERSECTION_RELATED","INTERSECT_TYPE","LANE_CLOSED","LATITUDE","LN_CLOSE_DIR","LOCATION_TYPE","LONGITUDE","MAX_SEVERITY_LEVEL","MCYCLE_DEATH_COUNT","MCYCLE_SUSP_SERIOUS_INJ_COUNT","MOTORCYCLE_COUNT","MUNICIPALITY","NONMOTR_COUNT","NONMOTR_DEATH_COUNT","NONMOTR_SUSP_SERIOUS_INJ_COUNT","NTFY_HIWY_MAINT","PED_COUNT","PED_DEATH_COUNT","PED_SUSP_SERIOUS_INJ_COUNT","PERSON_COUNT","POLICE_AGCY","POSSIBLE_INJ_COUNT","RDWY_SURF_TYPE_CD","RELATION_TO_ROAD","ROADWAY_CLEARED","ROAD_CONDITION","SCH_BUS_IND","SCH_ZONE_IND","SECONDARY_CRASH","SMALL_TRUCK_COUNT","SPEC_JURIS_CD","SUSP_MINOR_INJ_COUNT","SUSP_SERIOUS_INJ_COUNT","SUV_COUNT","TCD_FUNC_CD","TCD_TYPE","TFC_DETOUR_IND","TIME_OF_DAY","TOTAL_UNITS","TOT_INJ_COUNT","UNBELTED_OCC_COUNT","UNB_DEATH_COUNT","UNB_SUSP_SERIOUS_INJ_COUNT","UNK_INJ_DEG_COUNT","UNK_INJ_PER_COUNT","URBAN_RURAL","VAN_COUNT","VEHICLE_COUNT","WEATHER1","WEATHER2","WORKERS_PRES","WORK_ZONE_IND","WORK_ZONE_LOC","WORK_ZONE_TYPE","WZ_CLOSE_DETOUR","WZ_FLAGGER","WZ_LAW_OFFCR_IND","WZ_LN_CLOSURE","WZ_MOVING","WZ_OTHER","WZ_SHLDER_MDN","WZ_WORKERS_INJ_KILLED"
"2020062719","","1","0","0","0","0","0","0","0","0","1","1","","67","8","2020","4","40.019505","-75.149008","","6","0","0","0","0","0","0","0","0","","0","1","0","","","0","","2","","40 01:10.218","2","0","75 08:56.428","0","0","0","0","67301","0","0","0","N","0","0","0","3","67301","0","","1.0","1030.0","1","N","N","N","0","","0","0","0","","2","N","","2","0","0","0","0","0","0","2","0","2","","03","","N","","","","","","","","","",""
"2020038446","","1","0","0","0","0","0","0","0","0","1","0","","67","5","2020","3","40.05797","-75.236831","","6","0","0","0","0","0","0","0","0","","0","0","0","","","0","N","0","","40 03:28.693","2","0","75 14:12.591","0","0","0","0","67301","0","0","0","N","0","0","0","2","67301","0","","1.0","1735.0","1","N","N","N","0","","0","0","1","","0","Y","","2","0","0","0","0","0","0","2","0","2","","03","","N","","","","","","","","","",""
"2020032312","","1","0","0","0","0","0","0","0","0","1","0","","67","3","2020","5","40.019965","-75.044627","","6","0","0","0","0","0","0","0","0","","0","0","0","","","1","N","0","","40 01:11.873","","0","75 02:40.658","4","0","0","0","67301","0","0","0","N","0","0","0","3","68K01","1","","1.0","","1","N","N","N","0","","0","0","1","","8","","","3","1","0","0","0","0","1","2","1","3","","","","N","","","","","","","","","",""
"2020039239","","1","0","0","0","0","0","0","0","0","8","0","","67","5","2020","7","39.999598","-75.125066","","6","0","0","0","0","0","0","0","0","","0","0","0","","","1","","1","","39 59:58.554","","0","75 07:30.237","3","0","0","0","67301","1","0","0","N","1","0","0","2","67301","0","","1.0","","1","N","Y","N","0","","1","0","0","","2","","","2","1","0","0","0","0","0","2","0","1","","98","","N","","","","","","","","","",""
"2020026672","","1","0","0","0","0","0","0","0","0","8","0","","67","3","2020","6","40.105056","-75.027642","","6","0","0","0","0","0","0","0","0","","0","0","0","","","1","","2","","40 06:18.201","","0","75 01:39.512","3","0","0","0","67301","1","0","0","N","1","0","0","2","67301","0","","1.0","","9","N","N","N","0","","1","0","0","","0","","","2","1","0","0","0","0","0","2","0","1","","","","N","","","","","","","","","",""
"2020038352","","1","0","0","0","0","0","0","0","0","1","0","25","67","5","2020","3","40.014804","-75.17787","","6","0","0","0","0","0","1","0","0","","0","0","0","","","2","N","0","","40 00:53.293","2","0","75 10:40.331","8","0","0","0","67301","0","0","0","N","0","0","0","2","67301","0","","1.0","2215.0","1","N","N","N","0","","0","0","1","","8","N","","2","2","0","0","0","2","0","2","0","2","","","Y","Y","4","2","N","N","Y","Y","N","Y","Y","N"
"2020044539","","0","0","0","0","0","0","0","0","0","5","0","","67","6","2020","7","40.005458","-75.106917","","6","0","0","0","0","0","0","0","0","","0","0","0","","","2","N","0","","40 00:19.648","","0","75 06:24.902","2","0","0","0","67301","0","0","0","N","0","0","0","2","67301","0","","6.0","","9","N","N","N","0","","0","2","1","","0","","","2","2","1","0","1","0","0","2","1","2","","","","N","","","","","","","","","",""
"2020080422","","1","0","0","0","0","0","0","0","0","1","0","","67","9","2020","1","39.967026","-75.188246","","6","0","0","0","0","0","0","0","0","","0","0","0","","","2","N","0","","39 58:01.295","3","0","75 11:17.684","8","0","0","0","67301","0","0","0","N","0","0","0","2","68K01","0","","1.0","1210.0","1","N","N","N","0","","0","0","1","","0","N","","2","2","0","0","0","2","0","2","0","2","","","","N","","","","","","","","","",""
"2020065855","","1","0","0","0","0","0","0","0","0","8","0","","67","8","2020","7","39.95656","-75.241884","","6","0","0","0","0","0","0","0","0","","0","0","0","","","1","","1","","39 57:23.615","","0","75 14:30.782","3","0","0","0","67301","1","0","0","N","1","0","0","2","67301","0","","1.0","","1","N","N","N","0","","1","0","0","","1","","","2","1","1","0","0","0","0","2","0","1","","03","","N","","","","","","","","","",""
"2020039139","","0","0","0","0","0","0","0","0","0","4","0","","67","5","2020","6","39.96123","-75.146581","","6","0","0","0","0","0","0","0","0","","0","0","0","","","0","","1","","39 57:40.427","3","0","75 08:47.691","0","0","0","1","67301","0","0","0","N","0","0","0","2","67301","0","","1.0","330.0","1","N","N","N","0","","0","0","1","","2","Y","","2","0","0","0","0","0","0","2","0","2","","03","","N","","","","","","","","","",""
"2020039192","","1","0","0","0","0","0","0","0","0","1","0","","67","5","2020","7","40.093221","-75.029971","","6","0","0","0","0","0","0","0","0","","0","0","0","","","1","N","0","","40 05:35.595","","0","75 01:47.894","3","0","0","0","67301","0","0","0","N","0","0","0","2","67301","0","","6.0","","1","N","N","N","0","","1","0","2","","0","","","3","1","0","0","0","0","0","2","0","3","","","","N","","","","","","","","","",""
"2020026959","","0","0","0","1","0","0","0","0","0","8","0","","67","3","2020","4","39.959083","-75.170318","","6","0","0","0","0","0","0","0","0","","0","0","0","","","1","","1","","39 57:32.699","","0","75 10:13.146","4","0","0","0","67301","1","0","0","N","0","0","0","2","67301","1","","1.0","","1","N","N","N","0","","0","0","1","","1","","","2","1","0","0","0","0","0","2","0","1","","03","","N","","","","","","","","","",""
"2020027954","","1","0","0","0","0","0","0","0","0","4","0","","67","3","2020","7","39.959818","-75.22388","","6","0","0","0","0","0","0","0","0","","0","0","0","","","1","","2","","39 57:35.343","","6","75 13:25.968","3","0","0","0","67301","0","0","0","N","0","0","0","2","67301","0","","1.0","","1","N","N","N","0","","1","0","1","","0","","","2","1","0","0","0","0","1","2","0","2","","98","","N","","","","","","","","","",""
"2020057383","","1","0","0","0","0","0","0","0","0","4","0","","67","7","2020","1","40.056199","-75.155542","","6","0","0","0","0","0","1","0","0","","0","0","0","","","1","","1","","40 03:22.316","","0","75 09:19.951","3","0","0","0","67301","0","0","0","N","0","0","0","2","67301","0","","1.0","","1","N","N","N","0","","1","0","1","","3","","","3","1","1","0","0","0","0","2","1","3","","03","","N","","","","","","","","","",""
"2020026725","","0","0","0","0","0","0","0","0","0","5","1","","67","3","2020","4","39.917452","-75.216693","","6","0","0","0","0","0","0","0","0","","0","1","0","","","1","N","0","","39 55:02.827","","7","75 13:00.096","8","0","0","0","67301","0","0","0","N","0","0","0","3","67301","0","","1.0","","1","N","N","N","0","","0","0","0","","0","","","2","1","0","0","0","1","0","2","1","2","","","","N","","","","","","","","","",""
"2020076340","","1","0","0","0","0","0","0","0","0","3","0","","67","9","2020","2","39.927019","-75.161075","","6","0","0","0","0","0","1","0","0","","0","0","0","","","0","N","0","","39 55:37.270","","0","75 09:39.870","0","0","0","0","67301","0","0","0","N","0","0","0","2","67301","0","","1.0","","1","N","N","N","1","","0","0","1","","0","","","3","0","2","0","0","0","0","2","0","3","","","","N","","","","","","","","","",""
"2020072180","","1","0","0","0","0","0","0","0","0","5","1","","67","9","2020","5","40.093443","-75.016102","","6","0","0","0","0","0","0","0","0","","0","1","0","","","0","N","0","","40 05:36.395","1","6","75 00:57.967","0","0","0","0","67301","0","0","0","N","0","0","0","3","67301","0","","1.0","1219.0","1","N","N","N","0","","0","0","0","","0","N","","2","0","0","0","0","0","0","2","0","2","","03","","N","","","","","","","","","",""
"2020079601","","0","0","0","0","0","0","0","0","0","5","1","","67","9","2020","6","39.937767","-75.198279","","6","0","0","0","0","0","0","0","0","","0","1","0","","","1","N","0","","39 56:15.961","4","0","75 11:53.803","4","0","0","0","67301","0","0","0","N","0","0","0","2","68K01","1","","1.0","45.0","1","N","N","N","0","","0","0","1","","0","N","","2","1","0","0","0","0","0","2","0","2","","","","N","","","","","","","","","",""
"2020038982","","2","0","0","0","0","0","0","0","0","4","0","","67","5","2020","6","39.988251","-75.135001","","6","0","0","0","1","0","1","0","0","","0","0","0","","","1","","1","","39 59:17.703","","0","75 08:06.003","3","0","0","0","67301","0","0","0","N","0","0","0","3","67301","0","","1.0","","1","N","N","N","0","","1","0","1","","3","","","3","1","0","0","0","0","0","2","0","3","","","","N","","","","","","","","","",""
"2020038447","","2","0","0","0","0","0","0","0","0","2","0","","67","5","2020","3","40.009319","-75.081844","","6","0","0","0","0","0","0","0","1","","0","0","0","","","1","","1","","40 00:33.547","","0","75 04:54.638","3","0","0","0","67301","0","0","0","N","0","0","0","2","67301","0","","1.0","","1","N","N","N","0","","1","0","0","","0","","","2","1","0","0","0","0","0","2","0","2","","03","","N","","","","","","","","","",""
"2020065436","","1","0","0","0","0","0","0","0","0","1","0","","67","8","2020","6","40.036672","-75.173856","","6","0","0","0","0","0","1","0","0","","0","0","0","","","1","","2","","40 02:12.019","","0","75 10:25.881","3","0","0","0","67301","0","0","0","N","0","0","0","2","67301","0","","1.0","","1","N","N","N","1","","1","0","0","","2","","","2","1","0","0","0","0","0","2","0","2","","03","","N","","","","","","","","","",""
"2020076228","","0","0","0","0","0","0","0","0","0","5","1","","67","9","2020","4","39.913222","-75.18075","","6","0","0","0","0","0","1","0","0","","0","1","0","","","0","N","0","","39 54:47.600","","3","75 10:50.700","0","0","0","0","67301","0","0","0","N","0","0","0","9","67501","0","","1.0","","1","N","N","N","0","","0","0","1","","8","","","2","0","0","0","0","0","0","2","0","2","","03","","N","","","","","","","","","",""
"2020080102","","1","0","0","0","0","0","0","0","0","7","0","","67","9","2020","2","40.014153","-75.129967","","6","0","0","0","0","0","1","0","0","","0","0","0","","","0","N","0","","40 00:50.950","","0","75 07:47.880","0","0","0","0","67301","0","0","0","N","0","0","0","1","67301","0","","3.0","","9","N","N","Y","0","","0","0","0","","0","","","1","0","1","0","0","0","0","2","0","1","","07","","N","","","","","","","","","",""
"2020040288","","1","0","0","1","0","0","0","0","0","8","0","","67","5","2020","6","39.969718","-75.141518","","6","0","0","0","0","0","0","0","0","","0","0","0","","","1","","1","","39 58:10.985","4","0","75 08:29.466","3","0","0","0","67301","1","0","0","N","0","0","0","2","67301","0","","1.0","30.0","1","N","N","N","0","","1","0","0","","2","N","","2","1","0","0","0","0","0","2","0","1","","","","N","","","","","","","","","",""
"2020066273","","1","0","0","0","0","0","0","0","0","2","0","","67","7","2020","5","40.032826","-75.020928","","6","0","0","0","1","0","0","0","0","","0","0","0","","","1","N","0","","40 01:58.174","2","0","75 01:15.339","3","0","0","0","67301","0","0","0","N","0","0","0","2","68K01","0","","4.0","1916.0","1","N","N","N","0","","1","0","0","","0","N","","1","1","0","0","0","0","0","2","0","1","","","","N","","","","","","","","","",""
"2020037770","","0","0","0","0","0","0","0","0","0","4","0","","67","5","2020","1","39.963363","-75.187417","","6","0","0","0","0","0","1","0","0","","0","0","0","","","3","N","1","","39 57:48.108","7","0","75 11:14.701","8","0","0","0","67301","0","0","0","N","0","0","0","4","67507","0","","1.0","1500.0","1","N","N","N","0","","0","0","2","","2","Y","","2","3","0","0","0","3","0","2","0","2","","","","N","","","","","","","","","",""
"2020037864","","0","0","0","0","0","0","0","0","0","8","0","","67","5","2020","1","40.073084","-75.03629","","6","0","0","0","0","0","0","0","0","","0","0","0","","","2","N","0","","40 04:23.104","2","0","75 02:10.644","2","0","0","1","67301","1","0","1","N","1","0","1","2","67301","0","","1.0","300.0","1","N","N","N","0","","1","1","0","","0","N","","2","2","0","0","0","0","0","2","0","1","","03","","N","","","","","","","","","",""
"2020066323","","2","0","0","0","0","0","0","0","0","1","0","","67","8","2020","6","39.981825","-75.101228","","6","0","0","0","0","0","0","0","0","","0","0","0","","","1","N","0","","39 58:54.569","1","0","75 06:04.420","8","0","0","0","67301","0","0","0","N","0","0","0","3","68K01","0","","5.0","1656.0","1","N","N","N","0","","0","0","1","","0","N","","3","1","0","0","0","1","0","2","0","3","","03","","N","","","","","","","","","",""
"2020038620","","1","0","0","0","0","0","0","0","0","4","0","","67","5","2020","5","40.04099","-75.163704","","6","0","0","0","0","0","0","1","0","","0","0","0","","","2","","2","","40 02:27.564","7","0","75 09:49.334","3","0","0","0","67301","0","0","0","N","0","0","0","3","67301","0","","1.0","151.0","1","N","N","N","0","","2","0","1","","0","Y","","2","2","0","0","0","0","0","2","0","2","","03","","N","","","","","","","","","",""
"2020038035","","1","0","0","0","0","0","0","0","0","4","0","","67","5","2020","2","40.024266","-75.145707","","6","0","0","0","0","0","0","0","0","","0","0","0","","","1","","1","","40 01:27.357","","0","75 08:44.545","8","0","0","0","67301","0","0","0","N","0","0","0","2","67301","0","","1.0","","1","N","N","N","0","","0","0","0","","3","","","2","1","0","0","0","1","0","2","1","2","","03","","N","","","","","","","","","",""
"2020081453","","2","0","0","0","0","0","0","0","0","4","0","","67","9","2020","2","39.949965","-75.235163","","6","0","0","0","0","0","0","0","0","","0","0","0","","","0","","1","","39 56:59.874","","0","75 14:06.585","0","0","0","0","67301","0","0","0","N","0","0","0","2","67301","0","","1.0","","1","N","N","N","0","","0","0","0","","2","","","2","0","0","0","0","0","0","2","0","2","","03","","N","","","","","","","","","",""
"2020067570","","1","0","0","0","0","0","0","0","0","5","0","","67","7","2020","5","40.022355","-75.038173","","6","0","0","0","0","0","2","0","0","","0","1","0","","","0","N","0","","40 01:20.477","2","0","75 02:17.422","0","0","0","0","67301","0","0","0","N","0","0","0","2","68K01","0","","1.0","800.0","1","N","N","N","0","","0","0","0","","0","N","","2","0","0","0","0","0","0","2","0","2","","","","N","","","","","","","","","",""
"2020039202","","2","0","0","0","0","0","0","0","0","4","0","","67","5","2020","6","40.031508","-75.128634","","6","0","0","0","0","0","0","0","0","","0","0","0","","","1","","1","","40 01:53.428","","0","75 07:43.082","8","0","0","0","67301","0","0","0","N","0","0","0","2","67301","0","","1.0","","1","N","N","N","0","","0","0","0","","3","","","2","1","0","0","0","1","1","2","0","2","","03","","N","","","","","","","","","",""
"2020025865","","3","0","0","0","0","0","0","0","0","2","0","","67","3","2020","3","39.999672","-75.12505","","6","0","0","0","0","0","0","1","0","","0","0","0","","","1","","1","","39 59:58.819","","0","75 07:30.180","3","0","0","0","67301","0","0","0","N","0","0","0","1","67301","0","","1.0","","1","N","N","N","0","","1","0","0","","2","","","3","1","0","0","0","0","0","2","0","3","","04","","N","","","","","","","","","",""
"2020038566","","1","0","0","0","0","0","0","0","0","1","0","","67","5","2020","1","40.051403","-75.153025","","6","0","0","0","0","0","1","1","0","","0","0","0","","","0","N","0","","40 03:05.050","","0","75 09:10.890","9","0","0","0","67301","0","0","0","N","0","0","0","3","67301","0","","1.0","","1","N","N","N","0","","0","0","1","","0","","","3","0","0","0","0","0","2","2","1","3","","03","","N","","","","","","","","","",""
"2020039422","","1","0","0","1","0","0","0","0","0","8","0","","67","5","2020","7","39.985947","-75.166115","","6","0","0","0","0","0","0","0","0","","0","0","0","","","1","","1","","39 59:09.409","","0","75 09:58.013","8","0","0","0","67301","1","0","0","N","0","0","0","2","67301","0","","1.0","","1","N","N","N","0","","0","0","0","","2","","","2","1","0","0","0","1","0","2","0","1","","03","","N","","","","","","","","","",""
"2020081350","","0","0","0","0","0","0","0","0","0","8","0","","67","9","2020","6","39.999058","-75.108717","","6","0","0","0","0","0","0","0","0","","0","0","0","","","1","","1","","39 59:56.608","","1","75 06:31.380","8","0","0","0","67301","1","0","0","N","1","0","0","1","67301","0","","1.0","","1","N","N","N","0","","0","0","0","","2","","","2","1","0","0","0","1","0","2","0","1","","03","","N","","","","","","","","","",""
"2020026675","","2","0","0","0","0","0","0","0","0","4","0","","67","3","2020","1","40.124886","-75.014868","","6","0","0","0","0","0","0","0","0","","0","0","0","","","2","N","0","","40 07:29.590","","0","75 00:53.525","3","0","0","0","67301","0","0","0","N","0","0","0","7","67301","0","","1.0","","9","N","N","N","0","","1","0","0","","0","","","3","2","0","0","0","1","0","2","1","3","","04","","N","","","","","","","","","",""
"2020079598","","1","0","0","0","0","0","0","0","0","4","0","","67","9","2020","4","39.959229","-75.172732","","6","0","0","0","0","0","0","0","0","","0","0","0","","","2","N","0","","39 57:33.226","4","0","75 10:21.836","8","0","0","0","67301","0","0","0","N","0","0","0","2","68K01","0","","1.0","45.0","1","N","N","N","0","","0","0","1","","0","N","","2","2","0","0","0","2","0","2","0","2","","","","N","","","","","","","","","",""
"2020066714","","1","0","0","0","0","0","0","0","0","1","0","","67","8","2020","3","40.03218","-75.146239","","6","0","0","0","0","0","0","0","0","","0","0","0","","","1","","1","","40 01:55.848","","0","75 08:46.461","3","0","0","1","67301","0","0","0","N","0","0","0","2","67301","0","","1.0","","1","N","N","N","0","","1","0","0","","2","","","2","1","0","0","0","0","0","2","0","2","","","","N","","","","","","","","","",""
"2020079639","","0","0","0","0","0","0","0","0","0","8","0","","67","9","2020","7","40.122503","-75.015869","","6","0","0","0","0","0","0","1","0","","1","0","0","","","0","N","0","","40 07:21.012","1","0","75 00:57.129","1","0","0","0","67301","1","1","0","N","1","1","0","2","67301","0","2","1.0","2303.0","1","N","N","N","0","0","0","0","1","","0","N","","2","0","0","0","0","0","0","2","0","1","","03","","N","","","","","","","","","",""
"2020027396","","1","0","0","0","0","0","0","0","0","1","0","","67","3","2020","1","39.973776","-75.258236","","6","0","0","0","0","0","1","0","1","","0","0","0","","","1","","1","","39 58:25.593","","0","75 15:29.649","3","0","0","0","67301","0","0","0","N","0","0","0","3","67301","0","","1.0","","1","N","N","N","0","","1","0","1","","2","","","2","1","2","0","0","0","0","2","0","2","","03","","N","","","","","","","","","",""
"2020058805","","1","0","0","0","0","0","0","0","0","1","0","45","67","6","2020","3","39.976194","-75.115061","","6","0","0","0","0","0","1","0","0","","0","0","0","","","1","N","0","","39 58:34.299","2","0","75 06:54.221","3","0","0","0","67301","0","0","0","N","0","0","0","3","68K01","0","","1.0","1004.0","1","N","N","N","0","","1","0","1","","0","N","","3","1","0","0","0","0","0","2","1","3","","03","Y","Y","4","1","N","N","N","N","N","Y","N","N"
"2020025548","","1","0","0","0","0","0","0","0","0","1","0","","67","3","2020","3","39.929227","-75.2434","","6","0","0","0","0","0","2","0","0","","0","0","0","","","1","N","0","","39 55:45.218","","0","75 14:36.239","3","0","0","0","67301","0","0","0","N","0","0","0","2","67301","0","","1.0","","1","N","N","N","0","","1","0","1","","0","","","2","1","0","0","0","0","0","2","0","2","","03","","N","","","","","","","","","",""
"2020079692","","1","0","0","0","0","0","0","0","0","4","1","","67","9","2020","1","40.023986","-75.159578","","6","0","0","0","0","0","0","0","0","","0","1","0","","","0","N","1","","40 01:26.350","1","0","75 09:34.481","0","0","0","0","67301","0","0","0","N","0","0","0","1","67301","0","","4.0","218.0","9","N","N","N","0","","0","0","0","","0","N","","2","0","0","0","0","0","0","2","0","2","","07","","N","","","","","","","","","",""
"2020079881","","2","0","0","0","0","0","0","0","0","2","0","","67","9","2020","3","39.966939","-75.204103","","6","0","0","0","0","0","1","0","0","","0","0","0","","","0","N","0","","39 58:00.980","5","0","75 12:14.770","9","0","0","0","67301","0","0","0","N","0","0","0","6","67301","0","","1.0","1600.0","1","N","Y","N","0","","0","0","2","","0","N","","4","0","0","0","0","0","6","2","0","4","","03","","N","","","","","","","","","",""
"2020040096","","2","0","0","0","0","0","0","0","0","4","0","","67","5","2020","5","39.923927","-75.222089","","6","0","0","0","0","0","1","0","0","","0","0","0","","","1","","1","","39 55:26.137","","0","75 13:19.522","8","0","0","0","67301","0","0","0","N","0","0","0","4","67301","0","","1.0","","1","N","N","Y","1","","0","0","0","","2","","","3","1","0","0","0","1","3","2","0","3","","03","","N","","","","","","","","","",""
"2020038386","","1","0","0","0","0","0","0","0","0","4","0","","67","5","2020","1","40.028069","-75.117579","","6","0","0","0","0","0","0","0","0","","0","0","0","","","1","","2","","40 01:41.048","2","0","75 07:03.284","3","0","0","0","67301","0","0","0","N","0","0","0","4","67301","0","","1.0","213.0","1","N","N","N","0","","1","0","1","","0","N","","2","1","0","0","0","0","0","2","0","2","","","","N","","","","","","","","","",""
"2020052341","","1","0","0","0","0","0","0","0","0","5","2","","67","7","2020","5","40.041181","-75.139481","","6","0","0","0","0","0","0","0","0","","0","2","0","","","1","N","0","","40 02:28.250","","0","75 08:22.130","3","0","0","0","67301","0","0","0","N","0","0","0","1","67301","0","","6.0","","1","N","N","N","0","","1","0","0","","0","","","3","1","0","0","0","0","0","2","0","3","","03","","N","","","","","","","","","",""
"2020079201","","2","0","0","0","0","0","0","0","0","2","0","","67","9","2020","6","39.976535","-75.113265","","6","0","0","0","0","1","0","0","0","","0","0","0","","","4","N","0","","39 58:35.525","7","0","75 06:47.753","4","0","0","0","67301","0","0","0","N","0","0","0","4","67301","4","","1.0","30.0","1","N","N","N","0","","0","0","0","","2","Y","","2","4","0","0","0","0","0","2","0","2","","03","","N","","","","","","","","","",""
"2020038979","","1","0","0","0","0","0","0","0","0","4","0","","67","5","2020","5","39.953327","-75.183701","","6","0","0","0","0","0","1","0","0","","0","0","0","","","0","","1","","39 57:11.978","","0","75 11:01.324","0","0","0","0","67301","0","0","0","N","0","0","0","2","67301","0","","1.0","","1","N","N","N","0","","0","0","1","","2","","","2","0","0","0","0","0","0","2","0","2","","","","N","","","","","","","","","",""
"2020026425","","1","0","0","0","0","0","0","0","0","4","0","","67","3","2020","6","40.012514","-75.119719","","6","0","0","0","0","0","1","0","0","","0","0","0","","","1","N","0","","40 00:45.052","","7","75 07:10.990","4","0","0","0","67301","0","0","0","N","0","0","0","3","67301","1","","1.0","","1","N","N","N","0","","0","0","1","","0","","","2","1","0","0","0","0","0","2","0","2","","03","","N","","","","","","","","","",""
"2020025631","","2","0","0","0","0","0","0","0","0","4","0","","67","3","2020","5","39.923384","-75.231727","","6","0","0","0","0","0","1","0","0","","0","0","0","","","2","","1","","39 55:24.182","","0","75 13:54.217","3","0","0","0","67301","0","0","0","N","0","0","0","2","67301","0","","1.0","","1","N","N","N","0","","1","0","0","","2","","","2","2","0","0","0","1","0","2","0","2","","03","","N","","","","","","","","","",""
"2020068249","","3","0","0","0","0","0","0","0","0","4","1","","67","8","2020","1","39.950209","-75.237177","","6","0","0","0","0","0","0","0","0","","0","1","0","","","1","","1","","39 57:00.752","6","0","75 14:13.837","3","0","0","0","67301","0","0","0","N","0","0","0","4","67301","0","","1.0","415.0","1","N","N","N","0","","1","0","1","","2","Y","","5","1","0","0","0","0","0","2","0","5","","03","","N","","","","","","","","","",""
"2020041383","","1","0","0","0","0","0","0","0","0","7","0","","67","5","2020","3","39.933023","-75.200022","","6","0","0","0","0","0","0","0","0","","0","0","0","","","3","N","0","","39 55:58.884","4","0","75 12:00.078","8","0","0","0","67301","0","0","0","N","0","0","0","3","68K01","0","","2.0","1310.0","1","N","N","N","0","","0","0","0","","0","N","","1","3","0","0","0","3","0","2","0","1","","03","","N","","","","","","","","","",""
"2020038766","","0","0","0","0","0","0","0","0","0","7","0","","67","5","2020","1","40.002679","-75.148808","","6","0","0","0","0","0","0","0","0","","0","0","0","","","1","","1","","40 00:09.644","","0","75 08:55.708","4","0","0","0","67301","0","0","0","N","0","0","0","1","67301","1","","5.0","","1","N","N","N","0","","0","0","1","","2","","","1","1","0","0","0","0","0","2","0","1","","98","","N","","","","","","","","","",""
"2020048412","","0","0","0","0","0","0","0","0","0","4","1","","67","6","2020","7","40.112707","-75.023304","","6","0","0","0","0","0","2","0","0","","0","1","0","","","0","N","0","","40 06:45.745","2","0","75 01:23.894","0","0","0","0","67301","0","0","0","N","0","0","0","2","67301","0","","1.0","1720.0","1","N","N","N","0","","0","0","1","","0","N","","2","0","0","0","0","0","0","2","0","2","","04","","N","","","","","","","","","",""
"2020076792","","2","0","0","0","0","0","0","0","0","4","1","","67","9","2020","6","39.958712","-75.162143","","6","0","0","0","0","0","0","0","0","","0","1","0","","","1","","1","","39 57:31.362","2","0","75 09:43.713","3","0","0","0","67301","0","0","0","N","0","0","0","2","67301","0","","1.0","1050.0","1","N","N","N","0","","1","0","0","","0","Y","","3","1","0","0","0","0","0","2","0","3","","03","","N","","","","","","","","","",""
"2020080460","","2","0","0","0","0","0","0","0","0","1","0","","67","9","2020","6","39.98165","-75.101606","","6","0","0","1","0","0","0","0","0","","0","0","0","","","0","N","0","","39 58:53.941","1","0","75 06:05.782","0","0","0","0","67301","0","0","0","N","0","0","0","2","68K01","0","","1.0","1510.0","1","N","N","N","0","","0","0","0","","0","N","","2","0","0","0","0","0","0","2","0","2","","03","","N","","","","","","","","","",""
"2020039861","","0","0","0","0","0","0","0","0","0","7","0","","67","5","2020","1","40.004931","-75.196367","","6","0","0","0","0","0","0","0","0","","0","0","0","","","1","N","0","","40 00:17.753","","2","75 11:46.922","8","0","0","1","67301","0","0","0","N","0","0","0","1","68K01","0","","4.0","","1","N","N","N","0","","0","0","0","","0","","","1","1","0","0","0","1","0","2","0","1","","","","N","","","","","","","","","",""
"2020079783","","2","0","0","0","0","0","0","0","0","2","0","","67","9","2020","7","39.993711","-75.127003","","6","0","0","0","0","0","0","0","0","","0","0","0","","","0","Y","0","","39 59:37.360","","0","75 07:37.210","0","0","0","0","67301","0","0","0","N","0","0","0","2","67301","0","","1.0","","1","N","N","N","0","","0","0","0","","0","","","2","0","2","0","0","0","0","2","0","2","","","","N","","","","","","","","","",""
"2020039442","","1","0","0","0","0","0","0","0","0","0","0","","67","5","2020","3","39.957476","-75.150698","","6","0","0","0","0","0","2","0","0","","0","0","0","","","0","N","0","","39 57:26.914","","0","75 09:02.513","0","0","0","0","67301","0","0","0","N","0","0","0","2","68K01","0","","1.0","","1","N","N","N","0","","0","0","1","","0","","","2","0","0","0","0","0","0","2","0","2","","","","N","","","","","","","","","",""