"CRN","ARRIVAL_TM","AUTOMOBILE_COUNT","BELTED_DEATH_COUNT","BELTED_SUSP_SERIOUS_INJ_COUNT","BICYCLE_COUNT","BICYCLE_DEATH_COUNT","BICYCLE_SUSP_SERIOUS_INJ_COUNT","BUS_COUNT","CHLDPAS_DEATH_COUNT","CHLDPAS_SUSP_SERIOUS_INJ_COUNT","COLLISION_TYPE","COMM_VEH_COUNT","CONS_ZONE_SPD_LIM","COUNTY","CRASH_MONTH","CRASH_YEAR","DAY_OF_WEEK","DEC_LATITUDE","DEC_LONGITUDE","DISPATCH_TM","DISTRICT","DRIVER_COUNT_16YR","DRIVER_COUNT_17YR","DRIVER_COUNT_18YR","DRIVER_COUNT_19YR","DRIVER_COUNT_20YR","DRIVER_COUNT_50_64YR","DRIVER_COUNT_65_74YR","DRIVER_COUNT_75PLUS","EST_HRS_CLOSED","FATAL_COUNT","HEAVY_TRUCK_COUNT","HORSE_BUGGY_COUNT","HOUR_OF_DAY","ILLUMINATION","INJURY_COUNT","INTERSECTION_RELATED","INTERSECT_TYPE","LANE_CLOSED","LATITUDE","LN_CLOSE_DIR","LOCATION_TYPE","LONGITUDE","MAX_SEVERITY_LEVEL","MCYCLE_DEATH_COUNT","MCYCLE_SUSP_SERIOUS_INJ_COUNT","MOTORCYCLE_COUNT","MUNICIPALITY","NONMOTR_COUNT","NONMOTR_DEATH_COUNT","NONMOTR_SUSP_SERIOUS_INJ_COUNT","NTFY_HIWY_MAINT","PED_COUNT","PED_DEATH_COUNT","PED_SUSP_SERIOUS_INJ_COUNT","PERSON_COUNT","POLICE_AGCY","POSSIBLE_INJ_COUNT","RDWY_SURF_TYPE_CD","RELATION_TO_ROAD","ROADWAY_CLEARED","ROAD_CONDITION","SCH_BUS_IND","SCH_ZONE_IND","SECONDARY_CRASH","SMALL_TRUCK_COUNT","SPEC_JURIS_CD","SUSP_MINOR_INJ_COUNT","SUSP_SERIOUS_INJ_COUNT","SUV_COUNT","TCD_FUNC_CD","TCD_TYPE","TFC_DETOUR_IND","TIME_OF_DAY","TOTAL_UNITS","TOT_INJ_COUNT","UNBELTED_OCC_COUNT","UNB_DEATH_COUNT","UNB_SUSP_SERIOUS_INJ_COUNT","UNK_INJ_DEG_COUNT","UNK_INJ_PER_COUNT","URBAN_RURAL","VAN_COUNT","VEHICLE_COUNT","WEATHER1","WEATHER2","WORKERS_PRES","WORK_ZONE_IND","WORK_ZONE_LOC","WORK_ZONE_TYPE","WZ_CLOSE_DETOUR","WZ_FLAGGER","WZ_LAW_OFFCR_IND","WZ_LN_CLOSURE","WZ_MOVING","WZ_OTHER","WZ_SHLDER_MDN","WZ_WORKERS_INJ_KILLED"
"2020079687","","0","0","0","0","0","0","0","0","0","1","0","","67","9","2020","4","39.97758","-75.212933","","6","0","0","0","0","0","1","0","0","","0","0","0","","","1","","1","","39 58:39.289","","0","75 12:46.559","3","0","0","0","67301","0","0","0","N","0","0","0","2","67301","0","","1.0","","1","N","N","N","0","","1","0","2","","2","","","2","1","0","0","0","0","1","2","0","2","","","","N","","","","","","","","","",""
"2020042325","","1","0","0","1","0","1","0","0","0","8","0","","67","5","2020","6","39.997217","-75.119346","","6","0","0","0","0","0","0","0","0","","0","0","0","","","1","","1","","39 59:49.981","","0","75 07:09.644","2","0","0","0","67301","1","0","1","N","0","0","0","2","67301","0","","1.0","","1","N","N","N","0","","0","1","0","","2","","","2","1","0","0","0","0","0","2","0","1","","03","","N","","","","","","","","","",""
"2020079324","","1","0","0","0","0","0","0","0","0","4","0","","67","9","2020","7","40.047526","-75.112365","","6","0","0","0","0","0","0","0","0","","0","0","0","","","2","","3","","40 02:51.093","","0","75 06:44.514","3","0","0","0","67301","0","0","0","N","0","0","0","3","67301","0","","1.0","","9","N","N","N","0","","1","0","0","","2","","","2","2","0","0","0","1","0","2","1","2","","","","N","","","","","","","","","",""
"2020039871","","2","0","0","0","0","0","0","0","0","4","0","","67","5","2020","2","39.96859","-75.128872","","6","0","0","0","0","0","0","0","0","","0","0","0","","","2","N","0","","39 58:06.925","2","0","75 07:43.940","3","0","0","0","67301","0","0","0","N","0","0","0","4","68K01","0","","1.0","50.0","1","N","N","N","1","","1","0","0","","0","N","","3","2","0","0","0","1","0","2","0","3","","","","N","","","","","","","","","",""
"2020038135","","1","0","0","0","0","0","0","0","0","7","0","","67","5","2020","2","39.918222","-75.141611","","6","0","0","0","0","0","0","0","1","","0","0","0","","","1","N","0","","39 55:05.600","3","7","75 08:29.800","3","0","0","0","67301","0","0","0","N","0","0","0","1","67301","0","","5.0","1300.0","1","N","N","N","0","","1","0","0","","0","N","","1","1","0","0","0","0","0","2","0","1","","03","","N","","","","","","","","","",""
"2020075843","","0","0","0","0","0","0","0","0","0","7","0","","67","9","2020","7","40.016544","-75.142931","","6","0","0","0","0","1","0","0","0","","0","0","0","","","1","N","0","","40 00:59.560","","0","75 08:34.550","3","0","0","0","67301","0","0","0","N","0","0","0","1","67301","0","","5.0","","1","N","N","N","0","","1","0","0","","0","","","1","1","1","0","0","0","0","2","1","1","","03","","N","","","","","","","","","",""
"2020026215","","1","0","0","0","0","0","0","0","0","4","0","","67","3","2020","6","39.949444","-75.158802","","6","0","0","0","0","0","1","0","0","","0","0","0","","","0","","1","","39 56:57.997","","0","75 09:31.688","0","0","0","0","67301","0","0","0","N","0","0","0","2","67301","0","","1.0","","1","N","N","N","0","","0","0","1","","2","","","2","0","0","0","0","0","0","2","0","2","","03","","N","","","","","","","","","",""
"2020079566","","2","0","0","0","0","0","0","0","0","4","0","","67","9","2020","4","40.03125","-75.048717","","6","0","0","0","0","0","1","0","0","","0","0","0","","","0","N","0","","40 01:52.500","","0","75 02:55.380","0","0","0","0","67301","0","0","0","N","0","0","0","3","67301","0","","1.0","","1","N","N","N","0","","0","0","0","","0","","","2","0","0","0","0","0","0","2","0","2","","03","","N","","","","","","","","","",""
"2020080641","","1","0","0","0","0","0","0","0","0","8","0","","67","9","2020","3","40.021529","-75.051773","","6","0","0","0","0","0","0","0","0","","0","0","0","","","1","","1","","40 01:17.505","","0","75 03:06.381","3","0","0","0","67301","1","0","0","N","1","0","0","1","67301","0","","1.0","","1","N","N","N","0","","1","0","0","","2","","","2","1","0","0","0","0","0","2","0","1","","04","","N","","","","","","","","","",""
"2020066435","","0","0","0","0","0","0","1","0","0","8","1","","67","8","2020","5","40.043333","-75.161349","","6","0","0","0","0","0","1","0","0","","0","0","0","","","3","","1","","40 02:36.000","","0","75 09:40.857","3","0","0","0","67301","1","0","0","N","1","0","0","4","67508","0","","1.0","","1","N","N","Y","0","","3","0","0","","2","","","2","3","0","0","0","0","0","2","0","1","","03","","N","","","","","","","","","",""
"2020029481","","1","0","0","0","0","0","0","0","0","7","0","","67","3","2020","6","40.034805","-75.018451","","6","0","0","0","0","0","0","0","0","","0","0","0","","","0","N","0","","40 02:05.298","1","0","75 01:06.423","0","0","0","0","67301","0","0","0","N","0","0","0","1","68K01","0","","4.0","910.0","9","N","N","N","0","","0","0","0","","8","N","","1","0","0","0","0","0","0","2","0","1","","","","N","","","","","","","","","",""
"2020039074","","1","0","0","0","0","0","0","0","0","4","0","","67","5","2020","3","39.929372","-75.150254","","6","0","0","0","0","1","0","0","0","","0","0","0","","","1","","1","","39 55:45.739","","0","75 09:00.914","8","0","0","0","67301","0","0","0","N","0","0","0","2","67301","0","","1.0","","1","N","N","N","0","","0","0","1","","2","","","2","1","0","0","0","1","0","2","0","2","","","","N","","","","","","","","","",""
"2020053203","","1","0","0","0","0","0","0","0","0","1","1","","67","6","2020","2","40.010493","-75.063177","","6","0","0","0","0","0","0","0","0","","0","1","0","","","1","N","0","","40 00:37.773","2","2","75 03:47.436","8","0","0","0","67301","0","0","0","N","0","0","0","4","68K01","0","","1.0","930.0","1","N","N","N","0","","0","0","0","","0","Y","","2","1","2","0","0","1","0","2","0","2","","","","N","","","","","","","","","",""
"2020026731","","1","0","0","0","0","0","0","0","0","5","0","","67","3","2020","5","40.032419","-75.071544","","6","0","0","0","0","0","0","0","0","","0","0","0","","","1","N","0","","40 01:56.710","4","0","75 04:17.560","3","0","0","0","67301","0","0","0","N","0","0","0","2","67301","0","","6.0","2005.0","1","N","N","N","0","","1","0","3","","2","N","","4","1","1","0","0","0","0","2","0","4","","98","","N","","","","","","","","","",""
"2020080640","","1","0","0","0","0","0","0","0","0","4","1","","67","9","2020","3","40.027789","-75.060077","","6","0","0","0","0","0","0","0","0","","0","1","0","","","1","","1","","40 01:40.042","5","0","75 03:36.277","3","0","0","0","67301","0","0","0","N","0","0","0","2","67301","0","","1.0","1150.0","9","N","N","N","0","","1","0","0","","2","Y","","2","1","0","0","0","0","0","2","0","2","","07","","N","","","","","","","","","",""
"2020079556","","0","0","0","0","0","0","0","0","0","7","1","","67","9","2020","5","39.917306","-75.214204","","6","0","0","0","0","0","0","0","0","","0","1","0","","","0","N","0","","39 55:02.302","","0","75 12:51.135","9","0","0","0","67301","0","0","0","N","0","0","0","1","67301","0","","4.0","","1","N","N","N","0","","0","0","0","","4","","","1","0","0","0","0","0","1","2","0","1","","","","N","","","","","","","","","",""
"2020079878","","1","0","0","0","0","0","0","0","0","7","0","","67","9","2020","6","39.959657","-75.172808","","6","0","0","0","0","0","0","0","0","","1","0","0","","","1","N","0","","39 57:34.766","6","0","75 10:22.109","1","0","0","0","67301","0","0","0","N","0","0","0","4","67301","0","2","4.0","800.0","1","N","N","N","0","0","1","0","0","","2","Y","","1","1","0","0","0","0","0","2","0","1","","03","","N","","","","","","","","","",""
"2020047709","","2","0","0","0","0","0","0","0","0","6","1","","67","6","2020","5","40.032711","-75.169868","","6","0","0","0","0","0","0","0","0","","0","1","0","","","5","N","0","","40 01:57.760","5","0","75 10:11.526","2","0","0","0","67301","0","0","0","N","0","0","0","6","67301","0","","1.0","215.0","1","N","N","N","0","","3","2","1","","0","Y","","4","5","6","0","2","0","0","2","0","4","","04","","N","","","","","","","","","",""
"2020080055","","1","0","0","0","0","0","0","0","0","4","0","","67","9","2020","1","39.945306","-75.239588","","6","0","0","0","0","0","1","0","0","","0","0","0","","","0","Y","0","","39 56:43.103","","7","75 14:22.516","0","0","0","0","67301","0","0","0","N","0","0","0","3","67301","0","","4.0","","99","N","N","N","0","","0","0","1","","0","","","2","0","0","0","0","0","0","2","0","2","","","","N","","","","","","","","","",""
"2020038764","","1","0","0","0","0","0","0","0","0","4","0","","67","5","2020","4","39.944113","-75.153515","","6","0","0","0","0","0","0","0","0","","0","0","0","","","1","","1","","39 56:38.805","","0","75 09:12.654","3","0","0","0","67301","0","0","0","N","0","0","0","2","67301","0","","1.0","","1","N","N","N","0","","1","0","1","","2","","","2","1","0","0","0","0","0","2","0","2","","03","","N","","","","","","","","","",""
"2020025572","","1","0","0","0","0","0","0","0","0","1","0","","67","3","2020","4","39.921571","-75.191436","","6","0","0","0","0","0","0","0","0","","0","0","0","","","0","N","0","","39 55:17.654","","0","75 11:29.170","0","0","0","0","67301","0","0","0","N","0","0","0","2","67301","0","","1.0","","1","N","N","N","0","","0","0","1","","2","","","2","0","0","0","0","0","0","2","0","2","","03","","N","","","","","","","","","",""
"2020071209","","1","0","0","0","0","0","0","0","0","1","1","","67","8","2020","2","40.021725","-75.051394","","6","0","0","0","0","0","1","0","0","","0","1","0","","","1","N","0","","40 01:18.211","","0","75 03:05.017","3","0","0","0","67301","0","0","0","N","0","0","0","3","67301","0","","1.0","","9","N","N","N","1","","1","0","0","","0","","","3","1","0","0","0","0","0","2","0","3","","07","","N","","","","","","","","","",""
"2020037869","","1","0","0","0","0","0","0","0","0","4","0","","67","5","2020","1","40.051843","-75.155354","","6","0","0","0","0","1","0","0","0","","0","0","0","","","0","","1","","40 03:06.634","","0","75 09:19.274","9","0","0","0","67301","0","0","0","N","0","0","0","2","67301","0","","1.0","","1","N","N","N","0","","0","0","1","","2","","","2","0","0","0","0","0","2","2","0","2","","03","","N","","","","","","","","","",""
"2020060570","","1","0","0","0","0","0","0","0","0","5","1","","67","7","2020","3","39.98785","-75.131911","","6","0","0","0","0","0","1","0","0","","0","1","0","","","0","N","0","","39 59:16.260","","0","75 07:54.880","0","0","0","0","67301","0","0","0","N","0","0","0","4","67301","0","","1.0","","1","N","N","N","1","","0","0","2","","9","","","6","0","0","0","0","0","0","2","1","6","","","","N","","","","","","","","","",""
"2020025633","","2","0","0","0","0","0","0","0","0","4","0","","67","3","2020","4","40.034485","-75.048146","","6","0","0","0","0","0","0","0","1","","0","0","0","","","1","","1","","40 02:04.146","3","0","75 02:53.325","3","0","0","0","67301","0","0","0","N","0","0","0","2","67301","0","","1.0","30.0","1","N","N","N","0","","1","0","0","","3","N","","2","1","0","0","0","0","0","2","0","2","","03","","N","","","","","","","","","",""
"2020039424","","0","0","0","0","0","0","0","0","0","4","1","","67","5","2020","1","40.021492","-75.176859","","6","0","0","0","0","0","0","0","0","","0","1","0","","","1","","2","","40 01:17.371","","0","75 10:36.694","8","0","0","0","67301","0","0","0","N","0","0","0","2","67301","0","","1.0","","1","N","N","N","0","","0","0","1","","3","","","2","1","0","0","0","1","1","2","0","2","","","","N","","","","","","","","","",""
"2020039639","","0","0","0","0","0","0","0","0","0","8","0","","67","5","2020","7","40.011569","-75.0814","","6","0","0","0","0","0","0","0","0","","0","0","0","","","2","N","0","","40 00:41.650","7","0","75 04:53.040","3","0","0","0","67301","2","0","0","N","2","0","0","3","67301","0","","1.0","2200.0","1","N","N","N","0","","2","0","1","","0","Y","","3","2","0","0","0","0","0","2","0","1","","","","N","","","","","","","","","",""
"2020065435","","2","0","0","0","0","0","0","0","0","5","0","","67","8","2020","5","40.071742","-75.013447","","6","0","0","0","0","0","0","0","0","","0","0","0","","","1","N","0","","40 04:18.270","2","0","75 00:48.410","8","0","0","0","67301","0","0","0","N","0","0","0","1","67301","0","","4.0","630.0","1","N","N","N","0","","0","0","0","","0","N","","2","1","1","0","0","1","0","2","0","2","","03","","N","","","","","","","","","",""
"2020040488","","2","0","0","0","0","0","0","0","0","4","0","","67","5","2020","7","40.047527","-75.163923","","6","0","0","0","1","0","0","0","0","","0","0","0","","","1","","1","","40 02:51.097","","0","75 09:50.122","3","0","0","0","67301","0","0","0","N","0","0","0","4","67301","0","","1.0","","1","N","N","N","0","","1","0","0","","3","","","2","1","0","0","0","0","0","2","0","2","","03","","N","","","","","","","","","",""
"2020039326","","0","0","0","0","0","0","0","0","0","8","0","","67","5","2020","7","40.057655","-75.16607","","6","0","0","0","0","0","0","0","0","","0","0","0","","","1","","5","","40 03:27.557","","0","75 09:57.853","8","0","0","0","67301","1","0","0","N","1","0","0","2","67301","0","","1.0","","1","N","N","N","0","","0","0","0","","2","","","2","1","0","0","0","1","0","2","0","1","","03","","N","","","","","","","","","",""
"2020039004","","1","0","0","0","0","0","0","0","0","8","0","","67","5","2020","5","39.996817","-75.137244","","6","0","0","0","0","0","0","0","0","","0","0","0","","","1","N","0","","39 59:48.540","","0","75 08:14.080","3","0","0","0","67301","1","0","0","N","1","0","0","2","67301","0","","1.0","","1","N","N","N","0","","1","0","0","","0","","","2","1","0","0","0","0","0","2","0","1","","03","","N","","","","","","","","","",""
"2020076747","","1","0","0","0","0","0","0","0","0","5","0","","67","9","2020","3","39.956833","-75.153335","","6","0","0","0","0","0","0","0","0","","0","0","0","","","1","N","0","","39 57:24.598","","0","75 09:12.007","3","0","0","0","67301","0","0","0","N","0","0","0","2","68K01","0","","1.0","","1","N","N","N","0","","1","0","1","","0","","","2","1","0","0","0","0","0","2","0","2","","03","","N","","","","","","","","","",""
"2020038094","","3","0","0","0","0","0","0","0","0","1","0","","67","5","2020","2","39.959725","-75.235189","","6","0","0","0","0","0","2","0","0","","0","0","0","","","3","","1","","39 57:35.009","","0","75 14:06.680","3","0","0","0","67301","0","0","0","N","0","0","0","4","67301","0","","1.0","","1","N","N","N","0","","3","0","0","","2","","","3","3","0","0","0","0","0","2","0","3","","","","N","","","","","","","","","",""
"2020038983","","0","0","0","0","0","0","0","0","0","4","0","","67","5","2020","6","40.025551","-75.130912","","6","0","0","0","0","0","2","0","0","","0","0","0","","","0","","1","","40 01:31.983","","0","75 07:51.283","0","0","0","0","67301","0","0","0","N","0","0","0","2","67301","0","","1.0","","1","N","N","N","1","","0","0","1","","3","","","2","0","0","0","0","0","0","2","0","2","","98","","N","","","","","","","","","",""
"2020035600","","1","0","0","0","0","0","0","0","0","5","0","","67","4","2020","7","40.080855","-75.028774","","6","0","0","0","0","1","0","0","0","","0","0","0","","","0","","1","","40 04:51.077","","0","75 01:43.585","9","0","0","0","67301","0","0","0","N","0","0","0","2","67301","0","","1.0","","1","N","N","N","1","","0","0","0","","2","","","2","0","0","0","0","0","2","2","0","2","","03","","N","","","","","","","","","",""
"2020036872","","0","0","0","0","0","0","0","0","0","7","0","","67","4","2020","4","39.898841","-75.17102","","6","0","0","0","0","0","0","0","0","","0","0","0","","","0","N","0","","39 53:55.826","","0","75 10:15.671","0","0","0","0","67301","0","0","0","N","0","0","0","1","68K01","0","","2.0","","1","N","N","N","0","","0","0","1","","0","","","1","0","0","0","0","0","0","2","0","1","","03","","N","","","","","","","","","",""
"2020080903","","1","0","0","0","0","0","0","0","0","4","0","","67","9","2020","6","40.02006","-75.056173","","6","0","0","0","0","0","0","0","0","","0","0","0","","","2","","1","","40 01:12.215","3","0","75 03:22.222","3","0","0","0","67301","0","0","0","N","0","0","0","6","67301","0","","1.0","100.0","1","N","N","N","0","","2","0","1","","3","N","","2","2","2","0","0","0","0","2","0","2","","03","","N","","","","","","","","","",""
"2020040098","","1","0","0","0","0","0","0","0","0","4","0","","67","5","2020","5","40.018922","-75.049504","","6","0","0","0","0","0","0","0","0","","0","0","0","","","1","","1","","40 01:08.120","","0","75 02:58.216","3","0","0","0","67301","0","0","0","N","0","0","0","2","67301","0","","1.0","","1","N","N","N","0","","1","0","1","","3","","","2","1","2","0","0","0","0","2","0","2","","03","","N","","","","","","","","","",""
"2020080429","","1","0","0","0","0","0","0","0","0","5","0","","67","9","2020","2","39.967517","-75.132481","","6","0","0","0","0","0","0","0","0","","0","0","0","","","1","N","0","","39 58:03.060","","0","75 07:56.930","3","0","0","0","67301","0","0","0","N","0","0","0","6","68K01","0","","1.0","","1","N","N","N","0","","1","0","0","","0","","","2","1","0","0","0","0","0","2","1","2","","","","N","","","","","","","","","",""
"2020039462","","0","0","0","0","0","0","0","0","0","7","0","","67","5","2020","7","39.981237","-75.102423","","6","0","0","0","0","0","0","0","0","","0","0","0","","","1","N","0","","39 58:52.453","","0","75 06:08.724","3","0","0","1","67301","0","0","0","N","0","0","0","1","68K01","0","","1.0","","1","N","N","N","0","","1","0","0","","0","","","1","1","0","0","0","0","0","2","0","1","","","","N","","","","","","","","","",""
"2020070143","","1","0","0","0","0","0","0","0","0","1","0","","67","8","2020","4","40.042821","-75.051412","","6","0","0","0","1","0","1","0","0","","0","0","0","","","0","","2","","40 02:34.154","4","0","75 03:05.083","0","0","0","0","67301","0","0","0","N","0","0","0","3","67301","0","","1.0","950.0","1","N","N","N","1","","0","0","1","","0","N","","3","0","0","0","0","0","0","2","0","3","","03","","N","","","","","","","","","",""
"2020038449","","1","0","0","0","0","0","0","0","0","1","0","","67","5","2020","3","39.991147","-75.104461","","6","0","0","0","0","0","0","0","0","","0","0","0","","","0","N","0","","39 59:28.130","","0","75 06:16.060","0","0","0","0","67301","0","0","0","N","0","0","0","2","67301","0","","6.0","","1","N","N","N","0","","0","0","1","","9","","","2","0","1","0","0","0","0","2","0","2","","03","","N","","","","","","","","","",""
"2020074544","","0","0","0","0","0","0","0","0","0","7","0","","67","9","2020","2","39.922901","-75.147706","","6","0","0","0","0","0","0","0","0","","0","0","0","","","1","N","0","","39 55:22.445","","0","75 08:51.743","8","0","0","0","67301","0","0","0","N","0","0","0","1","68K01","0","","3.0","","1","N","N","N","1","","0","0","0","","0","","","1","1","0","0","0","1","0","2","0","1","","03","","N","","","","","","","","","",""
"2020039328","","3","0","0","0","0","0","0","0","0","4","0","","67","5","2020","7","39.963411","-75.197391","","6","0","0","0","0","0","0","0","0","","0","0","0","","","1","","1","","39 57:48.280","","0","75 11:50.607","8","0","0","0","67301","0","0","0","N","0","0","0","2","67301","0","","1.0","","1","N","N","N","0","","0","0","0","","3","","","3","1","1","0","0","1","0","2","0","3","","03","","N","","","","","","","","","",""
"2020038621","","2","0","0","0","0","0","0","0","0","4","0","","67","5","2020","4","39.99085","-75.155141","","6","0","0","0","0","0","0","0","0","","0","0","0","","","5","","1","","39 59:27.061","","0","75 09:18.508","3","0","0","0","67301","0","0","0","N","0","0","0","6","67301","0","","1.0","","1","N","N","N","0","","5","0","0","","2","","","2","5","0","0","0","0","0","2","0","2","","03","","N","","","","","","","","","",""
"2020080431","","0","0","0","0","0","0","0","0","0","1","1","45","67","9","2020","2","39.993964","-75.084569","","6","0","0","0","0","0","1","0","0","","0","0","0","","","2","N","0","","39 59:38.270","2","0","75 05:04.448","3","0","0","0","67301","0","0","0","N","0","0","0","4","68K01","0","","1.0","130.0","1","N","N","N","2","","2","0","1","","0","N","","3","2","0","0","0","0","0","2","0","3","","","Y","Y","4","1","N","N","N","N","N","N","Y","N"
"2020079565","","2","0","0","0","0","0","0","0","0","5","0","","67","9","2020","1","40.058464","-75.149839","","6","0","0","0","0","0","0","1","0","","0","0","0","","","1","N","0","","40 03:30.470","","0","75 08:59.420","3","0","0","0","67301","0","0","0","N","0","0","0","1","67301","0","","6.0","","1","N","N","N","0","","1","0","0","","0","","","2","1","1","0","0","0","0","2","0","2","","03","","N","","","","","","","","","",""
"2020076141","","1","0","0","0","0","0","0","0","0","8","0","","67","9","2020","3","39.979736","-75.21872","","6","0","0","0","0","0","0","0","0","","0","0","0","","","2","N","0","","39 58:47.051","","0","75 13:07.393","3","0","0","0","67301","2","0","0","N","2","0","0","2","67301","1","","6.0","","1","N","N","N","0","","1","0","0","","0","","","3","2","0","0","0","0","0","2","0","1","","03","","N","","","","","","","","","",""
"2020037727","","2","0","0","0","0","0","0","0","0","4","0","","67","5","2020","1","40.003847","-75.139665","","6","0","0","0","0","0","1","0","0","","0","0","0","","","3","","1","","40 00:13.849","","0","75 08:22.793","3","0","0","0","67301","0","0","0","N","0","0","0","3","67301","0","","1.0","","1","N","N","N","0","","3","0","0","","2","","","2","3","1","0","0","0","0","2","0","2","","03","","N","","","","","","","","","",""
"2020051480","","1","0","0","0","0","0","0","0","0","7","0","","67","6","2020","2","40.006594","-75.191551","","6","0","0","0","0","0","0","0","0","","0","0","0","","","0","N","0","","40 00:23.740","","1","75 11:29.584","0","0","0","0","67301","0","0","0","N","0","0","0","2","67301","0","","5.0","","1","N","N","N","0","","0","0","0","","0","","","2","0","0","0","0","0","0","2","1","2","","03","","N","","","","","","","","","",""
"2020051875","","1","0","0","0","0","0","0","0","0","5","1","","67","7","2020","5","39.940217","-75.167756","","6","0","0","0","0","0","0","0","1","","0","1","0","","","0","N","0","","39 56:24.780","6","0","75 10:03.920","9","0","0","0","67301","0","0","0","N","0","0","0","2","67301","0","","1.0","1152.0","1","N","N","N","0","","0","0","0","","0","Y","","2","0","0","0","0","0","1","2","0","2","","03","","N","","","","","","","","","",""
"2020058912","","0","0","0","0","0","0","0","0","0","5","0","","67","7","2020","7","39.9214","-75.175244","","6","0","0","0","0","0","0","0","0","","0","0","0","","","0","N","0","","39 55:17.040","","0","75 10:30.880","0","0","0","0","67301","0","0","0","N","0","0","0","1","67301","0","","6.0","","1","N","N","N","1","","0","0","2","","1","","","3","0","1","0","0","0","0","2","0","3","","03","","N","","","","","","","","","",""
"2020039117","","0","0","0","0","0","0","0","0","0","7","0","","67","5","2020","5","39.901548","-75.151953","","6","0","0","0","0","0","1","0","0","","0","0","0","","","0","N","0","","39 54:05.572","1","0","75 09:07.030","0","0","0","0","67301","0","0","0","N","0","0","0","1","68K01","0","","4.0","30.0","1","N","N","N","0","","0","0","0","","0","N","","1","0","0","0","0","0","0","2","1","1","","03","","N","","","","","","","","","",""
"2020079554","","2","0","0","0","0","0","0","0","0","4","0","","67","9","2020","6","40.082747","-75.049431","","6","0","0","0","0","0","1","0","0","","0","0","0","","","1","N","0","","40 04:57.890","","7","75 02:57.950","3","0","0","0","67301","0","0","0","N","0","0","0","2","67301","0","","1.0","","1","N","N","N","0","","1","0","0","","0","","","2","1","0","0","0","0","0","2","0","2","","03","","N","","","","","","","","","",""
"2020039189","","1","0","0","0","0","0","0","0","0","4","0","","67","5","2020","7","40.036732","-75.064498","","6","0","0","0","0","0","1","0","0","","0","0","0","","","1","","1","","40 02:12.235","2","0","75 03:52.193","4","0","0","0","67301","0","0","0","N","0","0","0","4","67301","1","","1.0","1705.0","1","N","N","N","0","","0","0","1","","2","N","","2","1","0","0","0","0","0","2","0","2","","","","N","","","","","","","","","",""
"2020079486","","1","0","0","0","0","0","0","0","0","5","1","","67","9","2020","6","40.022897","-75.088831","","6","0","1","0","0","0","0","0","0","","0","1","0","","","1","N","0","","40 01:22.430","","0","75 05:19.790","8","0","0","0","67301","0","0","0","N","0","0","0","1","67301","0","","6.0","","1","N","N","N","0","","0","0","0","","0","","","2","1","0","0","0","1","0","2","0","2","","03","","N","","","","","","","","","",""
"2020039141","","2","0","0","0","0","0","0","0","0","6","0","","67","5","2020","5","39.996308","-75.075438","","6","0","0","0","0","0","0","0","0","","0","0","0","","","1","N","0","","39 59:46.710","5","0","75 04:31.575","3","0","0","0","67301","0","0","0","N","0","0","0","2","67301","0","","1.0","130.0","1","N","N","N","0","","1","0","0","","2","Y","","2","1","0","0","0","0","0","2","0","2","","03","","N","","","","","","","","","",""
"2020079562","","1","0","0","0","0","0","0","0","0","4","0","","67","9","2020","7","39.940151","-75.216372","","6","0","0","0","0","0","0","0","0","","0","1","0","","","0","","1","","39 56:24.543","","0","75 12:58.939","9","0","0","0","67301","0","0","0","N","0","0","0","3","67301","0","","1.0","","9","N","N","N","0","","0","0","1","","2","","","4","0","0","0","0","0","1","2","1","4","","04","","N","","","","","","","","","",""
"2020038832","","2","0","0","0","0","0","0","0","0","5","0","","67","5","2020","5","40.017322","-75.156804","","6","0","0","0","0","0","0","0","0","","0","0","0","","","0","N","0","","40 01:02.359","","7","75 09:24.494","9","0","0","0","67301","0","0","0","N","0","0","0","1","67301","0","","6.0","","1","N","N","Y","0","","0","0","2","","0","","","4","0","0","0","0","0","1","2","0","4","","","","N","","","","","","","","","",""
"2020080065","","1","0","0","0","0","0","0","0","0","7","0","","67","9","2020","2","40.010019","-75.174153","","6","0","0","0","0","0","0","0","0","","0","0","0","","","2","N","0","","40 00:36.070","","0","75 10:26.950","3","0","0","0","67301","0","0","0","N","0","0","0","3","67301","0","","5.0","","1","N","N","N","0","","2","0","0","","0","","","1","2","0","0","0","0","1","2","0","1","","03","","N","","","","","","","","","",""
"2020037765","","2","0","0","0","0","0","0","0","0","4","0","","67","5","2020","1","39.977974","-75.152589","","6","0","0","0","0","0","0","0","0","","0","0","0","","","0","","1","","39 58:40.705","4","0","75 09:09.321","0","0","0","0","67301","0","0","0","N","0","0","0","3","67505","0","","1.0","1315.0","1","N","N","N","0","","0","0","0","","2","N","","2","0","1","0","0","0","0","2","0","2","","","","N","","","","","","","","","",""
"2020063346","","2","0","0","0","0","0","0","0","0","4","1","","67","8","2020","4","39.958807","-75.227779","","6","0","0","0","0","0","0","0","0","","0","1","0","","","0","","2","","39 57:31.706","","0","75 13:40.006","0","0","0","0","67301","0","0","0","N","0","0","0","4","67301","0","","1.0","","1","N","N","N","0","","0","0","0","","0","","","3","0","3","0","0","0","0","2","0","3","","03","","N","","","","","","","","","",""