"CRN","ARRIVAL_TM","AUTOMOBILE_COUNT","BELTED_DEATH_COUNT","BELTED_SUSP_SERIOUS_INJ_COUNT","BICYCLE_COUNT","BICYCLE_DEATH_COUNT","BICYCLE_SUSP_SERIOUS_INJ_COUNT","BUS_COUNT","CHLDPAS_DEATH_COUNT","CHLDPAS_SUSP_SERIOUS_INJ_COUNT","COLLISION_TYPE","COMM_VEH_COUNT","CONS_ZONE_SPD_LIM","COUNTY","CRASH_MONTH","CRASH_YEAR","DAY_OF_WEEK","DEC_LATITUDE","DEC_LONGITUDE","DISPATCH_TM","DISTRICT","DRIVER_COUNT_16YR","DRIVER_COUNT_17YR","DRIVER_COUNT_18YR","DRIVER_COUNT_19YR","DRIVER_COUNT_20YR","DRIVER_COUNT_50_64YR","DRIVER_COUNT_65_74YR","DRIVER_COUNT_75PLUS","EST_HRS_CLOSED","FATAL_COUNT","HEAVY_TRUCK_COUNT","HORSE_BUGGY_COUNT","HOUR_OF_DAY","ILLUMINATION","INJURY_COUNT","INTERSECTION_RELATED","INTERSECT_TYPE","LANE_CLOSED","LATITUDE","LN_CLOSE_DIR","LOCATION_TYPE","LONGITUDE","MAX_SEVERITY_LEVEL","MCYCLE_DEATH_COUNT","MCYCLE_SUSP_SERIOUS_INJ_COUNT","MOTORCYCLE_COUNT","MUNICIPALITY","NONMOTR_COUNT","NONMOTR_DEATH_COUNT","NONMOTR_SUSP_SERIOUS_INJ_COUNT","NTFY_HIWY_MAINT","PED_COUNT","PED_DEATH_COUNT","PED_SUSP_SERIOUS_INJ_COUNT","PERSON_COUNT","POLICE_AGCY","POSSIBLE_INJ_COUNT","RDWY_SURF_TYPE_CD","RELATION_TO_ROAD","ROADWAY_CLEARED","ROAD_CONDITION","SCH_BUS_IND","SCH_ZONE_IND","SECONDARY_CRASH","SMALL_TRUCK_COUNT","SPEC_JURIS_CD","SUSP_MINOR_INJ_COUNT","SUSP_SERIOUS_INJ_COUNT","SUV_COUNT","TCD_FUNC_CD","TCD_TYPE","TFC_DETOUR_IND","TIME_OF_DAY","TOTAL_UNITS","TOT_INJ_COUNT","UNBELTED_OCC_COUNT","UNB_DEATH_COUNT","UNB_SUSP_SERIOUS_INJ_COUNT","UNK_INJ_DEG_COUNT","UNK_INJ_PER_COUNT","URBAN_RURAL","VAN_COUNT","VEHICLE_COUNT","WEATHER1","WEATHER2","WORKERS_PRES","WORK_ZONE_IND","WORK_ZONE_LOC","WORK_ZONE_TYPE","WZ_CLOSE_DETOUR","WZ_FLAGGER","WZ_LAW_OFFCR_IND","WZ_LN_CLOSURE","WZ_MOVING","WZ_OTHER","WZ_SHLDER_MDN","WZ_WORKERS_INJ_KILLED"
"2020044713","","1","0","0","0","0","0","0","0","0","4","0","","67","6","2020","2","39.984194","-75.152838","","6","0","0","0","0","0","0","0","0","","0","0","0","","","2","","1","","39 59:03.100","","0","75 09:10.215","3","0","0","0","67301","0","0","0","N","0","0","0","4","67301","0","","1.0","","1","N","N","N","1","","2","0","0","","2","","","2","2","3","0","0","0","0","2","0","2","","03","","N","","","","","","","","","",""
"2020080832","","1","0","0","0","0","0","0","0","0","7","0","","67","3","2020","2","39.890827","-75.199782","","6","0","0","0","0","0","0","0","0","","0","0","0","","","0","N","0","","39 53:26.977","2","3","75 11:59.214","0","0","0","0","67301","0","0","0","N","0","0","0","1","68K01","0","","4.0","1220.0","9","N","N","N","0","","0","0","0","","0","Y","","1","0","0","0","0","0","0","2","0","1","","","","N","","","","","","","","","",""
"2020039570","","1","0","0","0","0","0","0","0","0","7","0","","67","5","2020","2","39.981163","-75.206779","","6","0","0","0","1","0","0","0","0","","0","0","0","","","0","N","0","","39 58:52.185","3","0","75 12:24.405","0","0","0","0","67301","0","0","0","N","0","0","0","2","68K01","0","","4.0","24.0","1","N","N","N","0","","0","0","0","","0","N","","1","0","0","0","0","0","0","2","0","1","","","","N","","","","","","","","","",""
"2020080414","","1","0","0","0","0","0","0","0","0","1","0","","67","9","2020","7","39.959501","-75.174841","","6","0","0","0","0","0","1","0","0","","0","0","0","","","0","N","0","","39 57:34.205","","0","75 10:29.428","0","0","0","0","67301","0","0","0","N","0","0","0","3","68K01","0","","1.0","","1","N","N","N","1","","0","0","0","","0","","","2","0","0","0","0","0","0","2","0","2","","","","N","","","","","","","","","",""
"2020039962","","1","0","0","0","0","0","0","0","0","4","0","","67","5","2020","7","40.031292","-75.029073","","6","0","0","0","0","0","0","0","0","","0","0","0","","","0","N","2","","40 01:52.651","","0","75 01:44.662","0","0","0","0","67301","0","0","0","N","0","0","0","4","67301","0","","1.0","","1","N","N","N","0","","0","0","1","","0","","","2","0","0","0","0","0","0","2","0","2","","","","N","","","","","","","","","",""
"2020039039","","0","0","0","0","0","0","0","0","0","8","0","","67","5","2020","6","39.974831","-75.142066","","6","0","0","0","0","0","0","1","0","","0","0","0","","","1","","1","","39 58:29.391","","0","75 08:31.437","4","0","0","0","67301","1","0","0","N","1","0","0","2","67301","1","","1.0","","1","N","N","N","1","","0","0","0","","3","","","2","1","0","0","0","0","0","2","0","1","","","","N","","","","","","","","","",""
"2020038479","","1","0","0","0","0","0","0","0","0","4","0","","67","5","2020","4","40.003165","-75.152455","","6","0","0","0","0","1","0","1","0","","0","0","0","","","0","","5","","40 00:11.393","","0","75 09:08.837","0","0","0","0","67301","0","0","0","N","0","0","0","3","67505","0","","1.0","","1","N","N","Y","1","","0","0","0","","2","","","2","0","0","0","0","0","0","2","0","2","","03","","N","","","","","","","","","",""
"2020038981","","2","0","0","0","0","0","0","0","0","1","0","","67","5","2020","6","39.956769","-75.211376","","6","0","0","0","0","0","1","0","0","","0","0","0","","","1","","1","","39 57:24.369","3","0","75 12:40.953","2","0","0","0","67301","0","0","0","N","0","0","0","2","67301","0","","1.0","1419.0","1","N","N","N","0","","0","1","0","","2","Y","","2","1","0","0","0","0","0","2","0","2","","03","","N","","","","","","","","","",""
"2020038678","","1","0","0","0","0","0","0","0","0","4","0","","67","5","2020","3","39.923833","-75.224936","","6","0","0","0","0","0","0","0","0","","0","0","0","","","1","","1","","39 55:25.798","7","0","75 13:29.769","3","0","0","0","67301","0","0","0","N","0","0","0","2","67301","0","","1.0","819.0","1","N","N","N","0","","1","0","1","","2","N","","2","1","0","0","0","0","0","2","0","2","","03","","N","","","","","","","","","",""
"2020039194","","1","0","0","0","0","0","0","0","0","7","0","","67","5","2020","7","39.974061","-75.204419","","6","0","0","0","0","0","0","0","0","","0","0","0","","","0","N","0","","39 58:26.621","4","0","75 12:15.907","0","0","0","0","67301","0","0","0","N","0","0","0","1","67301","0","","4.0","128.0","1","N","N","N","0","","0","0","0","","0","Y","","1","0","0","0","0","0","0","2","0","1","","","","N","","","","","","","","","",""
"2020079777","","1","0","0","0","0","0","0","0","0","8","0","","67","9","2020","2","40.055591","-75.232388","","6","0","0","0","0","0","0","0","0","","0","0","0","","","1","N","0","","40 03:20.129","","0","75 13:56.597","3","0","0","0","67301","1","0","0","N","1","0","0","2","67301","0","","1.0","","1","N","N","N","0","","1","0","0","","0","","","2","1","0","0","0","0","0","2","0","1","","03","","N","","","","","","","","","",""
"2020038829","","1","0","0","0","0","0","0","0","0","5","0","","67","5","2020","5","39.98291","-75.11868","","6","0","0","0","0","0","0","0","0","","0","0","0","","","3","N","0","","39 58:58.475","3","0","75 07:07.249","8","0","0","0","67301","0","0","0","N","0","0","0","3","67301","0","","6.0","1430.0","1","N","N","N","0","","0","0","1","","0","N","","3","3","0","0","0","3","0","2","1","3","","","","N","","","","","","","","","",""
"2020066769","","2","0","0","0","0","0","0","0","0","1","1","","67","7","2020","2","40.014734","-75.064271","","6","0","0","0","0","0","0","0","0","","0","1","0","","","2","N","0","","40 00:53.041","","0","75 03:51.375","2","0","0","0","67301","0","0","0","N","0","0","0","2","67301","0","","6.0","","1","N","N","N","0","","1","1","0","","0","","","3","2","2","0","1","0","0","2","0","3","","03","","N","","","","","","","","","",""
"2020044993","","1","0","0","0","0","0","0","0","0","1","0","","67","5","2020","7","39.959825","-75.178406","","6","0","0","0","0","0","1","0","0","","0","0","0","","","1","N","0","","39 57:35.371","3","0","75 10:42.262","3","0","0","0","67301","0","0","0","N","0","0","0","10","68K01","0","","1.0","1735.0","1","N","N","N","1","","1","0","2","","0","N","","5","1","0","0","0","0","0","2","1","5","","03","","N","","","","","","","","","",""
"2020080959","","1","0","0","0","0","0","0","0","0","8","0","","67","9","2020","4","40.031556","-75.085397","","6","0","0","0","0","0","0","0","0","","0","0","0","","","1","","1","","40 01:53.600","","0","75 05:07.428","3","0","0","0","67301","1","0","0","N","1","0","0","2","67301","0","","1.0","","1","N","N","N","0","","1","0","0","","2","","","2","1","0","0","0","0","0","2","0","1","","03","","N","","","","","","","","","",""
"2020055238","","0","0","0","0","0","0","0","0","0","4","0","","67","7","2020","2","40.040674","-75.12663","","6","0","0","0","0","0","1","0","0","","0","0","0","","","1","","1","","40 02:26.426","","0","75 07:35.868","3","0","0","0","67301","0","0","0","N","0","0","0","2","67301","0","","1.0","","1","N","N","N","1","","1","0","1","","3","","","2","1","0","0","0","0","0","2","0","2","","","","N","","","","","","","","","",""
"2020039190","","2","0","0","0","0","0","0","0","0","5","0","","67","5","2020","7","39.966303","-75.14595","","6","0","0","0","0","0","0","0","0","","0","0","0","","","0","N","0","","39 57:58.690","","0","75 08:45.420","0","0","0","0","67301","0","0","0","N","0","0","0","1","67301","0","","6.0","","1","N","N","N","0","","0","0","0","","0","","","2","0","0","0","0","0","0","2","0","2","","03","","N","","","","","","","","","",""
"2020041970","","1","0","0","0","0","0","0","0","0","7","0","","67","5","2020","5","39.898842","-75.170941","","6","0","0","0","1","0","0","0","0","","0","0","0","","","0","N","0","","39 53:55.831","2","0","75 10:15.386","0","0","0","0","67301","0","0","0","N","0","0","0","1","68K01","0","","2.0","2315.0","1","N","N","N","0","","0","0","0","","0","N","","1","0","0","0","0","0","0","2","0","1","","03","","N","","","","","","","","","",""
"2020042319","","1","0","0","0","0","0","0","0","0","7","1","","67","5","2020","3","39.955022","-75.244622","","6","0","0","0","0","0","0","0","0","","0","1","0","","","1","N","0","","39 57:18.080","","7","75 14:40.640","3","0","0","0","67301","0","0","0","N","0","0","0","1","67301","0","","2.0","","1","N","N","N","0","","1","0","0","","0","","","2","1","1","0","0","0","0","2","0","2","","03","","N","","","","","","","","","",""
"2020039697","","1","0","0","0","0","0","0","0","0","5","0","","67","5","2020","7","39.996869","-75.18145","","6","0","0","0","0","0","0","0","0","","0","0","0","","","0","N","0","","39 59:48.730","","0","75 10:53.220","0","0","0","0","67301","0","0","0","N","0","0","0","1","67301","0","","6.0","","1","N","N","N","0","","0","0","0","","0","","","2","0","0","0","0","0","0","2","0","2","","03","","N","","","","","","","","","",""
"2020037862","","0","0","0","0","0","0","0","0","0","4","0","","67","5","2020","1","39.936905","-75.150225","","6","0","0","0","0","0","0","0","0","","0","0","0","","","1","","1","","39 56:12.857","","0","75 09:00.810","3","0","0","0","67301","0","0","0","N","0","0","0","2","67301","0","","1.0","","1","N","N","N","0","","1","0","1","","3","","","2","1","0","0","0","0","0","2","0","2","","03","","N","","","","","","","","","",""
"2020076755","","3","0","0","0","0","0","0","0","0","1","0","","67","9","2020","5","40.026546","-75.026899","","6","0","0","0","0","0","1","0","0","","0","0","0","","","0","N","0","","40 01:35.565","","0","75 01:36.836","0","0","0","0","67301","0","0","0","N","0","0","0","3","68K01","0","","1.0","","1","N","N","N","0","","0","0","0","","0","","","3","0","0","0","0","0","0","2","0","3","","03","","N","","","","","","","","","",""
"2020038926","","1","0","0","0","0","0","0","0","0","7","0","","67","4","2020","6","39.948911","-75.141957","","6","0","0","0","0","0","0","0","0","","0","0","0","","","0","N","0","","39 56:56.078","","0","75 08:31.044","0","0","0","0","67301","0","0","0","N","0","0","0","1","68K01","0","","2.0","","9","N","N","N","0","","0","0","0","","0","","","1","0","0","0","0","0","0","2","0","1","","","","N","","","","","","","","","",""
"2020035614","","0","0","0","0","0","0","0","0","0","4","0","","67","4","2020","4","40.037061","-75.011178","","6","0","0","0","0","0","1","0","0","","0","0","0","","","0","","2","","40 02:13.421","","7","75 00:40.242","0","0","0","0","67301","0","0","0","N","0","0","0","5","67301","0","","1.0","","1","N","N","N","0","","0","0","1","","2","","","2","0","0","0","0","0","0","2","1","2","","04","","N","","","","","","","","","",""
"2020080072","","3","0","0","0","0","0","0","0","0","7","0","","67","9","2020","7","40.030567","-75.180575","","6","0","0","0","0","0","0","0","0","","0","0","0","","","0","N","0","","40 01:50.040","","0","75 10:50.070","0","0","0","0","67301","0","0","0","N","0","0","0","1","67301","0","","2.0","","9","N","N","N","0","","0","0","1","","0","","","4","0","0","0","0","0","0","2","0","4","","03","","N","","","","","","","","","",""
"2020038092","","1","0","0","0","0","0","0","0","0","3","0","","67","5","2020","3","40.065461","-75.062314","","6","0","0","0","0","0","0","0","0","","0","0","0","","","0","N","0","","40 03:55.660","","0","75 03:44.330","0","0","0","0","67301","0","0","0","N","0","0","0","1","67301","0","","6.0","","1","N","N","N","0","","0","0","2","","0","","","3","0","0","0","0","0","0","2","0","3","","","","N","","","","","","","","","",""
"2020035802","","1","0","0","0","0","0","0","0","0","2","0","","67","4","2020","2","40.031019","-75.149492","","6","0","0","0","0","0","1","0","0","","0","0","0","","","0","N","0","","40 01:51.670","","0","75 08:58.170","9","0","0","0","67301","0","0","0","N","0","0","0","1","67301","0","","6.0","","1","N","N","N","0","","0","0","0","","0","","","3","0","0","0","0","0","1","2","2","3","","","","N","","","","","","","","","",""
"2020038546","","3","0","0","0","0","0","0","0","0","5","0","","67","5","2020","4","40.080405","-75.028942","","6","0","0","1","0","0","0","2","0","","0","0","0","","","1","N","0","","40 04:49.458","1","0","75 01:44.192","3","0","0","0","67301","0","0","0","N","0","0","0","6","67301","0","","1.0","1649.0","1","N","N","N","0","","1","0","2","","2","N","","5","1","0","0","0","0","0","2","0","5","","03","","N","","","","","","","","","",""
"2020075128","","2","0","0","0","0","0","0","0","0","2","0","","67","9","2020","1","40.061736","-75.199992","","6","0","0","0","1","0","0","0","0","","0","0","0","","","0","N","0","","40 03:42.250","","0","75 11:59.970","0","0","0","0","67301","0","0","0","N","0","0","0","3","67301","0","","1.0","","1","N","N","N","0","","0","0","0","","0","","","2","0","0","0","0","0","0","2","0","2","","","","N","","","","","","","","","",""
"2020078398","","0","0","0","0","0","0","0","0","0","7","0","","67","9","2020","5","39.981563","-75.207198","","6","0","0","0","0","0","0","0","0","","0","0","0","","","1","N","0","","39 58:53.628","3","0","75 12:25.911","4","0","0","0","67301","0","0","0","N","0","0","0","4","68K01","1","","4.0","25.0","1","N","N","N","1","","0","0","0","","0","N","","1","1","0","0","0","0","0","2","0","1","","03","","N","","","","","","","","","",""
"2020071757","","0","0","0","0","0","0","0","0","0","4","1","","67","8","2020","1","40.005231","-75.194762","","6","0","0","0","0","0","0","0","0","","0","1","0","","","4","N","0","","40 00:18.831","2","2","75 11:41.143","3","0","0","0","67301","0","0","0","N","0","0","0","5","67301","0","","1.0","1900.0","1","N","N","N","0","","4","0","1","","0","N","","2","4","5","0","0","0","0","2","0","2","","03","","N","","","","","","","","","",""
"2020038928","","0","0","0","0","0","0","0","0","0","1","0","","67","4","2020","7","39.960099","-75.17967","","6","0","0","0","0","0","0","0","0","","0","0","0","","","0","N","0","","39 57:36.357","","0","75 10:46.811","0","0","0","0","67301","0","0","0","N","0","0","0","4","68K01","0","","1.0","","1","N","N","N","0","","0","0","2","","0","","","2","0","0","0","0","0","0","2","0","2","","","","N","","","","","","","","","",""
"2020079877","","1","0","0","0","0","0","0","0","0","1","0","","67","9","2020","1","40.054089","-75.074414","","6","0","0","0","0","0","0","0","0","","0","0","0","","","0","N","0","","40 03:14.720","","0","75 04:27.890","0","0","0","0","67301","0","0","0","N","0","0","0","0","67301","0","","1.0","","9","N","N","N","1","","0","0","0","","0","","","2","0","0","0","0","0","0","2","0","2","","04","","N","","","","","","","","","",""
"2020035228","","0","0","0","0","0","0","0","0","0","4","0","","67","4","2020","2","40.073538","-75.177145","","6","0","0","0","0","0","0","0","1","","0","0","0","","","0","","1","","40 04:24.736","7","0","75 10:37.722","9","0","0","0","67301","0","0","0","N","0","0","0","2","67301","0","","1.0","1702.0","1","N","N","N","0","","0","0","1","","3","Y","","2","0","0","0","0","0","1","2","0","2","","03","","N","","","","","","","","","",""
"2020076728","","2","0","0","0","0","0","0","0","0","1","0","","67","8","2020","7","39.9594","-75.174023","","6","0","0","0","0","0","0","1","0","","0","0","0","","","2","N","0","","39 57:33.840","","0","75 10:26.484","3","0","0","0","67301","0","0","0","N","0","0","0","4","68K01","0","","1.0","","1","N","N","N","0","","2","0","0","","0","","","2","2","0","0","0","0","0","2","0","2","","","","N","","","","","","","","","",""
"2020035588","","1","0","0","0","0","0","0","0","0","1","0","","67","4","2020","4","39.950602","-75.199312","","6","0","0","0","0","0","2","0","0","","0","0","0","","","1","Y","0","","39 57:02.168","","0","75 11:57.522","8","0","0","0","67301","0","0","0","N","0","0","0","3","67504","0","","1.0","","1","N","N","Y","0","","0","0","1","","2","","","3","1","0","0","0","1","0","2","1","3","","03","","N","","","","","","","","","",""
"2020041972","","1","0","0","0","0","0","0","0","0","7","0","","67","5","2020","6","40.028438","-75.023158","","6","0","0","0","0","0","0","0","0","","0","0","0","","","1","N","0","","40 01:42.376","1","3","75 01:23.367","8","0","0","0","67301","0","0","0","N","0","0","0","1","68K01","0","","4.0","30.0","1","N","N","N","0","","0","0","0","","0","N","","1","1","1","0","0","1","0","2","0","1","","","","N","","","","","","","","","",""
"2020062704","","0","0","0","0","0","0","0","0","0","5","0","","67","7","2020","6","40.002306","-75.145866","","6","0","0","0","0","0","0","0","0","","0","1","0","","","1","N","0","","40 00:08.303","","0","75 08:45.119","3","0","0","1","67301","0","0","0","N","0","0","0","2","67301","0","","1.0","","1","N","N","N","0","","1","0","0","","3","","","2","1","0","0","0","0","0","2","0","2","","03","","N","","","","","","","","","",""
"2020039487","","1","0","0","0","0","0","0","0","0","4","0","","67","5","2020","7","40.017191","-75.151132","","6","0","0","0","0","0","1","0","0","","0","0","0","","","1","","1","","40 01:01.889","4","0","75 09:04.074","3","0","0","0","67301","0","0","0","N","0","0","0","2","67301","0","","1.0","1150.0","1","N","N","N","1","","1","0","0","","2","N","","2","1","0","0","0","0","0","2","0","2","","","","N","","","","","","","","","",""
"2020037931","","2","0","0","0","0","0","0","0","0","4","0","","67","5","2020","2","40.020647","-75.156675","","6","0","0","0","0","0","0","0","0","","0","0","0","","","2","N","0","","40 01:14.329","2","0","75 09:24.031","3","0","0","0","67301","0","0","0","N","0","0","0","3","67301","0","","1.0","400.0","1","N","N","N","0","","2","0","0","","0","Y","","2","2","0","0","0","0","0","2","0","2","","03","","N","","","","","","","","","",""
"2020079319","","1","0","0","0","0","0","0","0","0","4","0","","67","9","2020","6","40.078915","-75.025321","","6","0","0","0","0","0","0","0","0","","0","0","0","","","0","N","0","","40 04:44.093","","0","75 01:31.156","0","0","0","0","67301","0","0","0","N","0","0","0","1","67301","0","","6.0","","1","N","N","N","0","","0","0","1","","0","","","2","0","0","0","0","0","0","2","0","2","","03","","N","","","","","","","","","",""
"2020036027","","2","0","0","0","0","0","0","0","0","4","0","","67","5","2020","6","39.974609","-75.137359","","6","0","0","0","0","0","0","0","0","","0","0","0","","","2","","1","","39 58:28.592","","0","75 08:14.492","3","0","0","0","67301","0","0","0","N","0","0","0","2","67301","0","","1.0","","1","N","N","N","1","","2","0","0","","3","","","3","2","2","0","0","0","0","2","0","3","","03","","N","","","","","","","","","",""
"2020034871","","1","0","0","0","0","0","0","0","0","7","0","","67","4","2020","7","39.988657","-75.187059","","6","0","0","0","0","0","0","0","0","","0","0","0","","","0","","1","","39 59:19.164","","0","75 11:13.413","0","0","0","0","67301","0","0","0","N","0","0","0","1","67301","0","","5.0","","9","N","N","N","0","","0","0","2","","2","","","3","0","0","0","0","0","0","2","0","3","","","","N","","","","","","","","","",""
"2020065131","","1","0","0","0","0","0","0","0","0","4","0","","67","8","2020","5","40.027594","-75.183161","","6","0","0","0","0","0","1","0","0","","0","0","0","","","0","N","0","","40 01:39.340","3","7","75 10:59.380","0","0","0","0","67301","0","0","0","N","0","0","0","2","67301","0","","1.0","958.0","1","N","N","N","1","","0","0","0","","0","N","","2","0","0","0","0","0","0","2","0","2","","","","N","","","","","","","","","",""
"2020038831","","1","0","0","0","0","0","0","0","0","7","0","","67","5","2020","4","40.004588","-75.179359","","6","0","0","0","0","0","0","0","0","","0","0","0","","","0","N","0","","40 00:16.515","","0","75 10:45.693","0","0","0","0","67301","0","0","0","N","0","0","0","1","67301","0","","4.0","","1","N","N","N","0","","0","0","0","","0","","","1","0","0","0","0","0","0","2","0","1","","","","N","","","","","","","","","",""
"2020076573","","0","0","0","0","0","0","0","0","0","7","0","","67","9","2020","7","39.948584","-75.185944","","6","0","0","0","0","0","1","0","0","","0","0","0","","","0","N","7","","39 56:54.903","","2","75 11:09.398","0","0","0","0","67301","0","0","0","Y","0","0","0","2","68K01","0","","2.0","","1","N","N","N","0","","0","0","1","","8","","","1","0","0","0","0","0","0","2","0","1","","","","N","","","","","","","","","",""
"2020038138","","1","0","0","0","0","0","0","0","0","5","0","","67","5","2020","1","39.926864","-75.228961","","6","0","0","0","0","0","0","0","0","","0","0","0","","","0","N","0","","39 55:36.710","","0","75 13:44.260","0","0","0","0","67301","0","0","0","N","0","0","0","1","67301","0","","6.0","","1","N","N","N","0","","0","0","1","","0","","","3","0","0","0","0","0","0","2","1","3","","03","","N","","","","","","","","","",""
"2020081407","","1","0","0","0","0","0","0","0","0","4","0","","67","9","2020","2","40.041686","-75.004093","","6","0","0","0","0","0","0","0","0","","0","0","0","","","1","N","0","","40 02:30.068","","0","75 00:14.733","8","0","0","0","67301","0","0","0","N","0","0","0","2","68K01","0","","1.0","","9","N","N","N","1","","0","0","0","","0","","","2","1","0","0","0","1","0","2","0","2","","07","","N","","","","","","","","","",""
"2020040576","","1","0","0","0","0","0","0","0","0","5","0","","67","5","2020","6","39.963253","-75.177139","","6","0","0","0","0","0","0","0","0","","0","0","0","","","1","","5","","39 57:47.711","","0","75 10:37.700","3","0","0","1","67301","0","0","0","N","0","0","0","2","67301","0","","1.0","","1","N","N","N","0","","1","0","0","","2","","","2","1","0","0","0","0","0","2","0","2","","03","","N","","","","","","","","","",""
"2020045702","","0","0","0","0","0","0","0","0","0","1","1","","67","6","2020","5","40.090799","-75.064361","","6","0","0","0","0","0","1","0","0","","0","1","0","","","1","","2","","40 05:26.876","","0","75 03:51.699","3","0","0","0","67301","0","0","0","N","0","0","0","3","67301","0","","1.0","","9","N","N","N","0","","1","0","1","","3","","","2","1","1","0","0","0","0","2","0","2","","","","N","","","","","","","","","",""
"2020038980","","1","0","0","0","0","0","0","0","0","4","0","","67","5","2020","5","39.955991","-75.217645","","6","0","0","0","0","0","0","0","1","","0","0","0","","","2","","1","","39 57:21.568","","0","75 13:03.523","8","0","0","0","67301","0","0","0","N","0","0","0","2","67301","0","","1.0","","1","N","N","N","0","","0","0","3","","2","","","4","2","0","0","0","2","0","2","0","4","","03","","N","","","","","","","","","",""
"2020072498","","2","0","0","0","0","0","0","0","0","5","0","","67","9","2020","6","40.052256","-75.131128","","6","0","0","0","0","0","0","0","0","","0","0","0","","","1","N","0","","40 03:08.120","4","0","75 07:52.060","4","0","0","0","67301","0","0","0","N","0","0","0","1","67301","1","","6.0","2359.0","1","N","N","N","1","","0","0","0","","0","Y","","3","1","0","0","0","0","0","2","0","3","","03","","N","","","","","","","","","",""
"2020058419","","0","0","0","0","0","0","0","0","0","4","0","","67","7","2020","5","39.904061","-75.240291","","6","0","0","0","0","0","1","0","0","","0","0","0","","","0","","1","","39 54:14.619","","0","75 14:25.049","9","0","0","0","67301","0","0","0","N","0","0","0","2","67301","0","","1.0","","1","N","N","N","1","","0","0","1","","2","","","2","0","0","0","0","0","2","2","0","2","","03","","N","","","","","","","","","",""
"2020080455","","0","0","0","0","0","0","0","0","0","5","1","45","67","9","2020","5","39.945389","-75.190378","","6","0","0","0","0","0","0","0","0","","0","1","0","","","0","N","0","","39 56:43.401","","0","75 11:25.361","0","0","0","0","67301","0","0","0","N","0","0","0","3","68K01","0","","1.0","","1","N","N","N","0","","0","0","0","","3","","","2","0","0","0","0","0","0","2","1","2","","","Y","Y","4","1","N","N","N","Y","N","N","N","N"
"2020039143","","1","0","0","0","0","0","0","0","0","5","0","","67","5","2020","6","40.028844","-75.089716","","6","0","0","0","0","0","0","0","0","","0","0","0","","","0","N","0","","40 01:43.838","","0","75 05:22.979","0","0","0","0","67301","0","0","0","N","0","0","0","2","67301","0","","1.0","","1","N","N","N","0","","0","0","0","","0","","","2","0","2","0","0","0","0","2","1","2","","03","","N","","","","","","","","","",""
"2020038828","","1","0","0","0","0","0","0","0","0","4","0","","67","5","2020","4","39.989651","-75.107345","","6","0","0","0","0","0","0","0","0","","0","0","0","","","0","","1","","39 59:22.742","","0","75 06:26.442","0","0","0","0","67301","0","0","0","Y","0","0","0","6","67301","0","","1.0","","1","N","N","N","0","","0","0","1","","2","","","2","0","6","0","0","0","0","2","0","2","","03","","N","","","","","","","","","",""
"2020038337","","0","0","0","1","0","0","0","0","0","8","0","","67","5","2020","2","39.993931","-75.154462","","6","0","0","0","0","0","0","0","0","","0","0","0","","","1","","1","","39 59:38.150","","0","75 09:16.063","3","0","0","0","67301","1","0","0","N","0","0","0","2","67301","0","","1.0","","1","N","N","N","0","","1","0","1","","2","","","2","1","0","0","0","0","0","2","0","1","","03","","N","","","","","","","","","",""
"2020063197","","1","0","0","0","0","0","0","0","0","1","1","","67","7","2020","2","39.958984","-75.170698","","6","0","0","0","0","0","0","0","0","","0","1","0","","","1","N","0","","39 57:32.344","4","0","75 10:14.513","3","0","0","0","67301","0","0","0","N","0","0","0","4","68K01","0","","1.0","1855.0","1","N","N","N","1","","1","0","0","","0","Y","","3","1","0","0","0","0","0","2","0","3","","","","N","","","","","","","","","",""
"2020038622","","2","0","0","0","0","0","0","0","0","4","0","","67","5","2020","4","39.988697","-75.162286","","6","0","0","0","0","0","0","0","0","","0","0","0","","","1","","1","","39 59:19.309","","0","75 09:44.228","3","0","0","0","67301","0","0","0","N","0","0","0","2","67301","0","","1.0","","1","N","N","N","0","","1","0","1","","2","","","3","1","0","0","0","0","0","2","0","3","","03","","N","","","","","","","","","",""
"2020037890","","3","0","0","0","0","0","0","0","0","6","0","","67","5","2020","2","40.015628","-75.138797","","6","0","0","0","0","0","0","0","0","","0","0","0","","","0","N","0","","40 00:56.260","1","0","75 08:19.670","9","0","0","0","67301","0","0","0","N","0","0","0","1","67301","0","","6.0","200.0","1","N","N","N","1","","0","0","0","","0","N","","4","0","0","0","0","0","1","2","0","4","","03","","N","","","","","","","","","",""
"2020038978","","0","0","0","0","0","0","0","0","0","8","0","","67","5","2020","6","40.100087","-75.030013","","6","0","0","0","0","0","1","0","0","","0","0","0","","","1","N","0","","40 06:00.313","","7","75 01:48.045","3","0","0","0","67301","1","0","0","N","1","0","0","2","67301","0","","1.0","","1","N","N","N","0","","1","0","1","","0","","","2","1","0","0","0","0","0","2","0","1","","","","N","","","","","","","","","",""
"2020039198","","1","0","0","0","0","0","0","0","0","4","0","","67","5","2020","6","39.981343","-75.166317","","6","0","0","0","0","0","0","0","0","","0","0","0","","","0","","1","","39 58:52.834","","0","75 09:58.741","9","0","0","0","67301","0","0","0","N","0","0","0","2","67301","0","","1.0","","1","N","N","N","0","","0","0","1","","3","","","2","0","0","0","0","0","1","2","0","2","","03","","N","","","","","","","","","",""