"CRN","ARRIVAL_TM","AUTOMOBILE_COUNT","BELTED_DEATH_COUNT","BELTED_SUSP_SERIOUS_INJ_COUNT","BICYCLE_COUNT","BICYCLE_DEATH_COUNT","BICYCLE_SUSP_SERIOUS_INJ_COUNT","BUS_COUNT","CHLDPAS_DEATH_COUNT","CHLDPAS_SUSP_SERIOUS_INJ_COUNT","COLLISION_TYPE","COMM_VEH_COUNT","CONS_ZONE_SPD_LIM","COUNTY","CRASH_MONTH","CRASH_YEAR","DAY_OF_WEEK","DEC_LATITUDE","DEC_LONGITUDE","DISPATCH_TM","DISTRICT","DRIVER_COUNT_16YR","DRIVER_COUNT_17YR","DRIVER_COUNT_18YR","DRIVER_COUNT_19YR","DRIVER_COUNT_20YR","DRIVER_COUNT_50_64YR","DRIVER_COUNT_65_74YR","DRIVER_COUNT_75PLUS","EST_HRS_CLOSED","FATAL_COUNT","HEAVY_TRUCK_COUNT","HORSE_BUGGY_COUNT","HOUR_OF_DAY","ILLUMINATION","INJURY_COUNT","INTERSECTION_RELATED","INTERSECT_TYPE","LANE_CLOSED","LATITUDE","LN_CLOSE_DIR","LOCATION_TYPE","LONGITUDE","MAX_SEVERITY_LEVEL","MCYCLE_DEATH_COUNT","MCYCLE_SUSP_SERIOUS_INJ_COUNT","MOTORCYCLE_COUNT","MUNICIPALITY","NONMOTR_COUNT","NONMOTR_DEATH_COUNT","NONMOTR_SUSP_SERIOUS_INJ_COUNT","NTFY_HIWY_MAINT","PED_COUNT","PED_DEATH_COUNT","PED_SUSP_SERIOUS_INJ_COUNT","PERSON_COUNT","POLICE_AGCY","POSSIBLE_INJ_COUNT","RDWY_SURF_TYPE_CD","RELATION_TO_ROAD","ROADWAY_CLEARED","ROAD_CONDITION","SCH_BUS_IND","SCH_ZONE_IND","SECONDARY_CRASH","SMALL_TRUCK_COUNT","SPEC_JURIS_CD","SUSP_MINOR_INJ_COUNT","SUSP_SERIOUS_INJ_COUNT","SUV_COUNT","TCD_FUNC_CD","TCD_TYPE","TFC_DETOUR_IND","TIME_OF_DAY","TOTAL_UNITS","TOT_INJ_COUNT","UNBELTED_OCC_COUNT","UNB_DEATH_COUNT","UNB_SUSP_SERIOUS_INJ_COUNT","UNK_INJ_DEG_COUNT","UNK_INJ_PER_COUNT","URBAN_RURAL","VAN_COUNT","VEHICLE_COUNT","WEATHER1","WEATHER2","WORKERS_PRES","WORK_ZONE_IND","WORK_ZONE_LOC","WORK_ZONE_TYPE","WZ_CLOSE_DETOUR","WZ_FLAGGER","WZ_LAW_OFFCR_IND","WZ_LN_CLOSURE","WZ_MOVING","WZ_OTHER","WZ_SHLDER_MDN","WZ_WORKERS_INJ_KILLED"
"2020069926","","0","0","0","0","0","0","0","0","0","2","0","","67","8","2020","3","39.897731","-75.22671","","6","0","0","0","0","0","0","0","0","","0","0","0","","","1","N","0","","39 53:51.833","","0","75 13:36.156","2","0","0","0","67301","0","0","0","N","0","0","0","2","67301","0","","1.0","","1","N","N","N","1","","0","1","0","","0","","","2","1","2","0","1","0","0","2","1","2","","03","","N","","","","","","","","","",""
"2020034536","","0","0","0","0","0","0","0","0","0","7","0","","67","4","2020","5","39.996438","-75.113451","","6","0","0","0","0","0","0","0","0","","0","0","0","","","1","","1","","39 59:47.175","","0","75 06:48.425","3","0","0","0","67301","0","0","0","N","0","0","0","2","67301","0","","4.0","","9","N","N","N","1","","1","0","0","","2","","","1","1","0","0","0","0","1","2","0","1","","98","","N","","","","","","","","","",""
"2020068787","","1","0","0","0","0","0","0","0","0","5","1","","67","8","2020","2","40.030165","-75.073611","","6","0","0","0","0","0","0","0","0","","0","1","0","","","0","N","0","","40 01:48.593","","0","75 04:25.001","0","0","0","0","67301","0","0","0","N","0","0","0","1","67301","0","","6.0","","1","N","N","N","1","","0","0","0","","0","","","3","0","0","0","0","0","0","2","0","3","","03","","N","","","","","","","","","",""
"2020080709","","1","0","0","0","0","0","0","0","0","5","0","","67","9","2020","3","39.919011","-75.174222","","6","0","0","0","0","0","0","0","0","","0","0","0","","","0","N","0","","39 55:08.440","","0","75 10:27.200","0","0","0","0","67301","0","0","0","N","0","0","0","1","67301","0","","1.0","","9","N","N","N","0","","0","0","0","","0","","","2","0","0","0","0","0","0","2","0","2","","","","N","","","","","","","","","",""
"2020039420","","1","0","0","0","0","0","0","0","0","4","0","","67","5","2020","7","40.03161","-75.20763","","6","0","0","0","0","0","1","0","0","","0","0","0","","","3","","1","","40 01:53.795","","0","75 12:27.467","3","0","0","0","67301","0","0","0","N","0","0","0","5","67301","0","","1.0","","1","N","N","N","0","","3","0","0","","2","","","2","3","1","0","0","0","0","2","1","2","","03","","N","","","","","","","","","",""
"2020039002","","1","0","0","0","0","0","0","0","0","1","0","","67","5","2020","6","39.962609","-75.245786","","6","0","0","0","1","0","0","1","0","","0","0","0","","","2","N","0","","39 57:45.391","","0","75 14:44.831","3","0","0","0","67301","0","0","0","N","0","0","0","6","67301","0","","1.0","","1","N","N","N","1","","2","0","1","","0","","","3","2","0","0","0","0","0","2","0","3","","","","N","","","","","","","","","",""
"2020076014","","1","0","0","0","0","0","0","0","0","4","1","","67","9","2020","2","39.992979","-75.217594","","6","0","0","0","0","0","0","0","0","","0","1","0","","","1","","1","","39 59:34.723","","0","75 13:03.338","3","0","0","0","67301","0","0","0","N","0","0","0","2","67301","0","","1.0","","1","N","N","N","0","","1","0","0","","9","","","2","1","0","0","0","0","1","2","0","2","","","","N","","","","","","","","","",""
"2020039959","","0","0","0","0","0","0","0","0","0","8","0","","67","5","2020","7","39.916829","-75.171324","","6","0","0","0","0","0","0","0","0","","0","0","0","","","1","","1","","39 55:00.583","","0","75 10:16.768","3","0","0","0","67301","1","0","0","N","1","0","0","2","67301","0","","1.0","","1","N","N","N","0","","1","0","0","","2","","","2","1","0","0","0","0","0","2","0","1","","","","N","","","","","","","","","",""
"2020061259","","0","0","0","0","0","0","0","0","0","1","1","","67","7","2020","5","40.091686","-74.982439","","6","0","0","0","0","0","1","0","0","","0","1","0","","","0","","2","","40 05:30.069","","0","74 58:56.779","0","0","0","0","67301","0","0","0","N","0","0","0","2","67301","0","","1.0","","1","N","N","N","0","","0","0","1","","2","","","2","0","0","0","0","0","0","2","0","2","","03","","N","","","","","","","","","",""
"2020075480","","2","0","0","0","0","0","0","0","0","4","0","","67","9","2020","2","40.083881","-75.177175","","6","0","0","0","0","0","1","0","0","","0","0","0","","","0","N","0","","40 05:01.970","","0","75 10:37.830","0","0","0","0","67301","0","0","0","N","0","0","0","1","67301","0","","1.0","","1","N","N","N","0","","0","0","1","","0","","","3","0","0","0","0","0","0","2","0","3","","","","N","","","","","","","","","",""
"2020038623","","2","0","0","0","0","0","0","0","0","2","0","","67","5","2020","5","39.998925","-75.100128","","6","0","0","0","0","0","0","0","0","","0","0","0","","","0","N","0","","39 59:56.131","","0","75 06:00.459","0","0","0","0","67301","0","0","0","N","0","0","0","1","67301","0","","6.0","","1","N","N","N","0","","0","0","2","","0","","","4","0","1","0","0","0","0","2","0","4","","03","","N","","","","","","","","","",""
"2020079320","","0","0","0","0","0","0","0","0","0","2","0","","67","9","2020","6","40.077481","-75.024228","","6","0","0","0","0","0","0","0","0","","0","0","0","","","2","N","0","","40 04:38.930","","0","75 01:27.220","8","0","0","0","67301","0","0","0","N","0","0","0","4","67301","0","","1.0","","1","N","N","N","0","","0","0","2","","0","","","2","2","0","0","0","2","0","2","0","2","","03","","N","","","","","","","","","",""
"2020039003","","1","0","0","0","0","0","0","0","0","4","0","","67","5","2020","5","40.002948","-75.127036","","6","0","0","0","0","0","0","0","0","","0","0","0","","","0","","1","","40 00:10.612","","0","75 07:37.329","0","0","0","0","67301","0","0","0","N","0","0","0","3","67301","0","","1.0","","1","N","N","N","0","","0","0","0","","3","","","2","0","0","0","0","0","0","2","0","2","","03","","N","","","","","","","","","",""
"2020038038","","1","0","0","0","0","0","0","0","0","0","0","","67","5","2020","2","40.01925","-75.190886","","6","0","0","0","0","0","0","0","0","","0","0","0","","","0","N","0","","40 01:09.300","","0","75 11:27.190","0","0","0","0","67301","0","0","0","N","0","0","0","1","67301","0","","1.0","","9","N","N","N","0","","0","0","0","","0","","","1","0","0","0","0","0","0","2","0","1","","07","","N","","","","","","","","","",""
"2020035857","","1","0","0","0","0","0","0","0","0","0","0","","67","4","2020","5","40.081198","-74.965925","","6","0","0","0","0","0","0","0","0","","0","0","0","","","1","N","0","","40 04:52.312","4","0","74 57:57.329","3","0","0","0","67301","0","0","0","N","0","0","0","1","67301","0","","1.0","2010.0","9","N","N","N","0","","1","0","0","","0","N","","1","1","0","0","0","0","0","2","0","1","","","","N","","","","","","","","","",""
"2020038382","","2","0","0","0","0","0","0","0","0","4","0","","67","5","2020","3","40.047081","-75.163182","","6","0","0","0","0","0","1","0","0","","0","0","0","","","2","","1","","40 02:49.491","4","0","75 09:47.455","8","0","0","0","67301","0","0","0","N","0","0","0","2","67301","0","","1.0","2130.0","1","N","N","N","0","","0","0","0","","2","Y","","2","2","0","0","0","2","0","2","0","2","","03","","N","","","","","","","","","",""
"2020041548","","1","0","0","0","0","0","0","0","0","4","0","","67","5","2020","7","40.008888","-75.071869","","6","0","0","1","0","0","0","0","0","","0","0","0","","","2","","5","","40 00:31.996","","0","75 04:18.728","8","0","0","0","67301","0","0","0","N","0","0","0","2","67301","0","","1.0","","1","N","N","N","1","","0","0","0","","2","","","2","2","0","0","0","2","0","2","0","2","","","","N","","","","","","","","","",""
"2020045922","","0","0","0","0","0","0","0","0","0","5","0","55","67","5","2020","4","39.968534","-75.129046","","6","0","0","0","0","0","1","0","0","","0","0","0","","","0","N","0","","39 58:06.724","2","0","75 07:44.565","0","0","0","0","67301","0","0","0","N","0","0","0","2","68K01","0","","1.0","1500.0","1","N","N","N","1","","0","0","1","","0","N","","2","0","0","0","0","0","0","2","0","2","","04","Y","Y","4","1","N","N","N","N","N","N","Y","N"
"2020080463","","1","0","0","0","0","0","0","0","0","4","0","","67","9","2020","6","39.899498","-75.16376","","6","0","0","0","0","0","0","0","0","","0","0","0","","","0","N","0","","39 53:58.191","1","0","75 09:49.536","0","0","0","0","67301","0","0","0","N","0","0","0","2","68K01","0","","1.0","1750.0","1","N","N","N","0","","0","0","1","","0","N","","2","0","0","0","0","0","0","2","0","2","","03","","N","","","","","","","","","",""
"2020071213","","3","0","0","0","0","0","0","0","0","5","0","","67","8","2020","5","39.960511","-75.241625","","6","0","0","0","0","0","0","0","0","","0","0","0","","","0","N","0","","39 57:37.840","3","0","75 14:29.850","0","0","0","0","67301","0","0","0","N","0","0","0","2","67301","0","","6.0","542.0","1","N","N","N","1","","0","0","0","","2","N","","4","0","2","0","0","0","0","2","0","4","","03","","N","","","","","","","","","",""
"2020041389","","0","0","0","0","0","0","0","0","0","7","0","","67","5","2020","6","39.915363","-75.147918","","6","0","0","0","0","0","0","0","0","","0","0","0","","","0","N","0","","39 54:55.307","","0","75 08:52.506","0","0","0","0","67301","0","0","0","N","0","0","0","1","68K01","0","","4.0","","1","N","N","N","0","","0","0","1","","0","","","1","0","1","0","0","0","0","2","0","1","","","","N","","","","","","","","","",""
"2020075133","","1","0","0","0","0","0","0","0","0","5","1","","67","9","2020","2","40.010208","-75.185439","","6","0","0","0","0","0","0","0","0","","0","1","0","","","0","N","0","","40 00:36.749","1","1","75 11:07.581","9","0","0","0","67301","0","0","0","N","0","0","0","2","67301","0","","1.0","631.0","1","N","N","N","0","","0","0","0","","0","N","","2","0","0","0","0","0","1","2","0","2","","03","","N","","","","","","","","","",""
"2020080795","","1","0","0","0","0","0","0","0","0","7","0","","67","9","2020","7","39.981156","-75.206772","","6","0","0","0","0","0","0","0","0","","0","0","0","","","0","N","0","","39 58:52.162","","0","75 12:24.380","0","0","0","0","67301","0","0","0","N","0","0","0","1","68K01","0","","2.0","","9","N","N","N","0","","0","0","0","","0","","","1","0","0","0","0","0","0","2","0","1","","","","N","","","","","","","","","",""
"2020039960","","1","0","0","0","0","0","0","0","0","8","0","","67","5","2020","7","39.922678","-75.184998","","6","0","0","0","0","0","0","0","0","","0","0","0","","","1","N","0","","39 55:21.642","","0","75 11:05.991","2","0","0","0","67301","1","0","1","N","1","0","1","2","67301","0","","1.0","","1","N","N","N","0","","0","1","0","","0","","","2","1","0","0","0","0","0","2","0","1","","03","","N","","","","","","","","","",""
"2020038448","","0","0","0","0","0","0","0","0","0","4","0","","67","5","2020","3","39.997763","-75.123589","","6","1","0","0","0","0","1","0","0","","0","0","0","","","1","N","0","","39 59:51.946","","7","75 07:24.921","3","0","0","1","67301","0","0","0","N","0","0","0","4","67301","0","","1.0","","1","N","N","N","0","","1","0","0","","0","","","2","1","1","0","0","0","0","2","1","2","","03","","N","","","","","","","","","",""
"2020034784","","0","0","0","0","0","0","0","0","0","1","0","","67","4","2020","6","40.011403","-75.0769","","6","0","0","0","0","0","0","0","0","","0","0","0","","","2","","1","","40 00:41.052","","0","75 04:36.839","3","0","0","0","67301","0","0","0","N","0","0","0","3","67301","0","","1.0","","1","N","N","N","1","","2","0","1","","2","","","2","2","2","0","0","0","0","2","0","2","","","","N","","","","","","","","","",""
"2020078382","","0","0","0","0","0","0","0","0","0","5","1","","67","9","2020","3","39.903059","-75.150536","","6","0","0","0","0","0","1","0","0","","0","1","0","","","0","N","0","","39 54:11.014","","0","75 09:01.928","0","0","0","0","67301","0","0","0","N","0","0","0","2","68K01","0","","1.0","","1","N","N","N","0","","0","0","0","","0","","","2","0","0","0","0","0","0","2","1","2","","","","N","","","","","","","","","",""
"2020039937","","2","0","0","0","0","0","0","0","0","2","0","","67","5","2020","7","39.935753","-75.219892","","6","0","0","0","0","0","0","0","0","","0","0","0","","","0","N","0","","39 56:08.710","","0","75 13:11.610","0","0","0","0","67301","0","0","0","N","0","0","0","2","67301","0","","1.0","","99","N","N","N","0","","0","0","0","","0","","","2","0","0","0","0","0","0","2","0","2","","03","","N","","","","","","","","","",""
"2020062295","","1","0","0","0","0","0","0","0","0","4","0","","67","8","2020","3","40.03523","-75.145573","","6","0","0","0","0","0","0","1","0","","0","1","0","","","2","","1","","40 02:06.827","","0","75 08:44.062","3","0","0","0","67301","0","0","0","N","0","0","0","3","67301","0","","1.0","","1","N","N","N","0","","2","0","0","","2","","","2","2","0","0","0","0","0","2","0","2","","03","","N","","","","","","","","","",""
"2020034869","","2","0","0","0","0","0","0","0","0","4","0","","67","4","2020","6","40.04405","-75.187661","","6","0","0","0","0","0","0","0","0","","0","0","0","","","0","N","0","","40 02:38.580","","7","75 11:15.580","0","0","0","0","67301","0","0","0","N","0","0","0","2","67301","0","","1.0","","9","N","N","N","0","","0","0","0","","0","","","2","0","0","0","0","0","0","2","0","2","","07","","N","","","","","","","","","",""
"2020030108","","2","0","0","0","0","0","0","0","0","4","0","","67","3","2020","1","39.997042","-75.178576","","6","0","0","0","0","0","0","0","0","","0","0","0","","","3","","1","","39 59:49.352","7","0","75 10:42.874","2","0","0","0","67301","0","0","0","N","0","0","0","3","67301","0","","1.0","30.0","9","N","N","N","0","","0","3","0","","2","Y","","2","3","0","0","0","0","0","2","0","2","","","","N","","","","","","","","","",""
"2020036022","","1","0","0","0","0","0","0","0","0","2","0","","67","5","2020","6","39.938941","-75.210357","","6","0","0","0","0","0","1","0","0","","0","0","0","","","2","N","0","","39 56:20.188","","0","75 12:37.284","3","0","0","0","67301","0","0","0","N","0","0","0","4","67301","0","","1.0","","9","N","N","Y","1","","2","0","0","","0","","","3","2","0","0","0","0","0","2","1","3","","07","","N","","","","","","","","","",""
"2020038934","","1","0","0","0","0","0","0","0","0","7","0","","67","4","2020","1","39.93897","-75.143872","","6","0","0","0","0","0","1","0","0","","0","0","0","","","0","N","0","","39 56:20.293","","0","75 08:37.940","0","0","0","0","67301","0","0","0","N","0","0","0","3","68K01","0","","2.0","","9","N","N","N","0","","0","0","0","","0","","","1","0","3","0","0","0","0","2","0","1","","","","N","","","","","","","","","",""
"2020035277","","1","0","0","0","0","0","0","0","0","5","0","","67","4","2020","1","40.014928","-75.147014","","6","0","0","0","0","0","0","0","0","","0","0","0","","","0","N","0","","40 00:53.740","","0","75 08:49.250","9","0","0","0","67301","0","0","0","N","0","0","0","1","67301","0","","6.0","","1","N","N","N","0","","0","0","1","","2","","","3","0","0","0","0","0","1","2","1","3","","03","","N","","","","","","","","","",""
"2020036073","","1","0","0","0","0","0","0","0","0","6","0","","67","5","2020","6","40.002076","-75.156649","","6","0","0","0","0","1","0","0","0","","0","0","0","","","0","N","0","","40 00:07.474","","0","75 09:23.935","0","0","0","0","67301","0","0","0","N","0","0","0","1","67301","0","","6.0","","1","N","N","N","0","","0","0","1","","2","","","2","0","0","0","0","0","0","2","0","2","","03","","N","","","","","","","","","",""
"2020035980","","1","0","0","0","0","0","0","0","0","4","0","","67","5","2020","6","39.990547","-75.168675","","6","0","0","0","0","0","0","0","0","","0","0","0","","","0","","1","","39 59:25.969","","0","75 10:07.230","0","0","0","0","67301","0","0","0","N","0","0","0","2","67301","0","","1.0","","1","N","N","N","0","","0","0","0","","2","","","2","0","0","0","0","0","0","2","1","2","","03","","N","","","","","","","","","",""
"2020038095","","0","0","0","0","0","0","0","0","0","4","0","","67","4","2020","3","39.965552","-75.226177","","6","0","0","0","0","0","1","0","0","","0","0","0","","","2","","1","","39 57:55.987","","0","75 13:34.237","3","0","0","0","67301","0","0","0","N","0","0","0","4","67301","0","","1.0","","1","N","N","N","1","","2","0","1","","2","","","2","2","4","0","0","0","0","2","0","2","","03","","N","","","","","","","","","",""
"2020036868","","1","0","0","0","0","0","0","0","0","7","0","","67","4","2020","1","39.982949","-75.207909","","6","0","0","0","0","0","1","0","0","","0","0","0","","","1","N","0","","39 58:58.616","4","0","75 12:28.473","8","0","0","0","67301","0","0","0","N","0","0","0","1","68K01","0","","3.0","1250.0","9","N","N","N","0","","0","0","0","","0","N","","1","1","0","0","0","1","0","2","0","1","","","","N","","","","","","","","","",""
"2020071457","","1","0","0","0","0","0","0","0","0","1","0","","67","8","2020","2","39.956305","-75.141517","","6","0","0","0","0","0","0","0","0","","0","0","0","","","1","N","0","","39 57:22.697","2","0","75 08:29.462","8","0","0","0","67301","0","0","0","N","0","0","0","3","68K01","0","","1.0","30.0","1","N","N","N","1","","0","0","0","","0","N","","2","1","0","0","0","1","0","2","0","2","","03","","N","","","","","","","","","",""
"2020038495","","1","0","0","0","0","0","0","0","0","7","0","","67","5","2020","6","40.040781","-75.005409","","6","0","0","0","0","0","0","0","0","","0","0","0","","","0","N","0","","40 02:26.810","2","0","75 00:19.472","0","0","0","0","67301","0","0","0","N","0","0","0","1","68K01","0","","4.0","315.0","9","N","N","N","0","","0","0","0","","0","N","","1","0","0","0","0","0","0","2","0","1","","","","N","","","","","","","","","",""
"2020035230","","2","0","0","0","0","0","0","0","0","5","0","","67","4","2020","2","40.025035","-75.074012","","6","0","0","0","0","0","0","0","0","","0","0","0","","","0","N","0","","40 01:30.126","","0","75 04:26.443","0","0","0","0","67301","0","0","0","N","0","0","0","2","67301","0","","1.0","","9","N","N","N","0","","0","0","0","","2","","","2","0","0","0","0","0","0","2","0","2","","04","","N","","","","","","","","","",""
"2020036609","","1","0","0","0","0","0","0","0","0","7","0","","67","4","2020","6","39.981117","-75.206723","","6","0","0","0","0","1","0","0","0","","0","0","0","","","0","N","0","","39 58:52.021","3","0","75 12:24.202","0","0","0","0","67301","0","0","0","N","0","0","0","2","68K01","0","","4.0","30.0","9","N","N","N","0","","0","0","0","","0","N","","1","0","0","0","0","0","0","2","0","1","","07","","N","","","","","","","","","",""
"2020035654","","2","0","0","0","0","0","0","0","0","5","0","","67","4","2020","4","40.008669","-75.099731","","6","0","0","0","0","0","0","0","0","","0","0","0","","","0","N","0","","40 00:31.210","","0","75 05:59.030","0","0","0","0","67301","0","0","0","N","0","0","0","1","67301","0","","6.0","","1","N","N","N","0","","0","0","0","","0","","","2","0","0","0","0","0","0","2","0","2","","03","","N","","","","","","","","","",""
"2020039658","","1","0","0","0","0","0","0","0","0","1","0","","67","5","2020","3","39.995017","-75.148864","","6","0","0","0","0","0","0","0","0","","0","0","0","","","1","N","0","","39 59:42.060","","0","75 08:55.910","4","0","0","0","67301","0","0","0","N","0","0","0","3","67301","1","","1.0","","1","N","N","N","0","","0","0","1","","3","","","2","1","0","0","0","0","0","2","0","2","","","","N","","","","","","","","","",""
"2020035997","","2","0","0","0","0","0","0","0","0","1","0","","67","4","2020","5","39.97822","-75.267116","","6","0","0","0","0","0","0","0","0","","0","0","0","","","0","N","0","","39 58:41.592","","0","75 16:01.617","0","0","0","0","67301","0","0","0","N","0","0","0","1","67301","0","","1.0","","9","N","N","N","0","","0","0","0","","0","","","2","0","1","0","0","0","0","2","0","2","","07","","N","","","","","","","","","",""
"2020034868","","1","0","0","0","0","0","0","0","0","1","0","","67","4","2020","6","40.081956","-75.173525","","6","0","0","0","0","0","1","0","0","","0","0","0","","","0","N","0","","40 04:55.040","","0","75 10:24.690","0","0","0","0","67301","0","0","0","N","0","0","0","1","67301","0","","6.0","","9","N","N","N","0","","0","0","1","","0","","","2","0","0","0","0","0","0","2","0","2","","","","N","","","","","","","","","",""
"2020036861","","2","0","0","0","0","0","0","0","0","7","0","","67","4","2020","6","39.960126","-75.180625","","6","0","0","0","0","2","0","0","0","","0","0","0","","","3","N","0","","39 57:36.455","3","0","75 10:50.249","4","0","0","0","67301","0","0","0","N","0","0","0","3","68K01","3","","2.0","1300.0","9","N","N","N","0","","0","0","0","","0","Y","","3","3","1","0","0","0","0","2","1","3","","07","","N","","","","","","","","","",""
"2020036021","","1","0","0","0","0","0","0","0","0","4","0","","67","4","2020","5","39.913816","-75.158379","","6","0","0","0","0","0","0","0","0","","0","0","0","","","0","","1","","39 54:49.737","","0","75 09:30.164","0","0","0","0","67301","0","0","0","N","0","0","0","2","67301","0","","1.0","","1","N","N","N","0","","0","0","3","","3","","","4","0","0","0","0","0","0","2","0","4","","","","N","","","","","","","","","",""
"2020034945","","1","0","0","0","0","0","0","0","0","4","0","","67","4","2020","1","40.030976","-75.128753","","6","0","0","0","0","0","1","0","0","","0","0","0","","","2","","1","","40 01:51.513","","0","75 07:43.510","3","0","0","0","67301","0","0","0","N","0","0","0","3","67301","0","","1.0","","9","N","N","N","0","","2","0","1","","3","","","3","2","0","0","0","0","0","2","1","3","","04","","N","","","","","","","","","",""
"2020074657","","1","0","0","0","0","0","0","0","0","2","0","","67","9","2020","6","39.948435","-75.235476","","6","0","0","0","0","0","0","0","0","","0","0","0","","","2","","1","","39 56:54.365","7","0","75 14:07.714","3","0","0","0","67301","0","0","0","N","0","0","0","2","67301","0","","1.0","1310.0","1","N","N","N","0","","2","0","1","","2","N","","2","2","2","0","0","0","0","2","0","2","","98","","N","","","","","","","","","",""
"2020076166","","1","0","0","0","0","0","0","0","0","4","0","","67","9","2020","5","40.056248","-75.066371","","6","0","0","0","0","0","0","0","0","","0","0","0","","","0","","5","","40 03:22.492","1","0","75 03:58.937","0","0","0","0","67301","0","0","0","N","0","0","0","2","67301","0","","1.0","30.0","1","N","N","N","1","","0","0","0","","0","Y","","2","0","0","0","0","0","0","2","0","2","","03","","N","","","","","","","","","",""
"2020035728","","1","0","0","0","0","0","0","0","0","4","0","","67","4","2020","4","40.0156","-75.139464","","6","0","0","0","0","0","1","0","0","","0","0","0","","","0","","1","","40 00:56.160","4","0","75 08:22.070","0","0","0","0","67301","0","0","0","N","0","0","0","5","67301","0","","1.0","1410.0","1","N","N","N","2","","0","0","0","","3","N","","3","0","0","0","0","0","0","2","0","3","","","","N","","","","","","","","","",""
"2020035727","","1","0","0","0","0","0","0","0","0","8","0","","67","4","2020","3","40.007671","-75.138834","","6","0","0","0","0","1","0","0","0","","0","0","0","","","1","","1","","40 00:27.617","","0","75 08:19.804","3","0","0","0","67301","1","0","0","N","1","0","0","2","67301","0","","1.0","","1","N","N","N","0","","1","0","0","","2","","","2","1","0","0","0","0","0","2","0","1","","","","N","","","","","","","","","",""
"2020035077","","2","0","0","0","0","0","0","0","0","1","0","","67","4","2020","1","39.922695","-75.156636","","6","0","1","0","0","0","0","0","0","","0","0","0","","","1","N","1","","39 55:21.702","4","0","75 09:23.890","4","0","0","0","67301","0","0","0","N","0","0","0","6","67301","1","","1.0","1545.0","9","N","N","N","0","","0","0","2","","2","Y","","4","1","0","0","0","0","1","2","0","4","","03","","N","","","","","","","","","",""
"2020035435","","2","0","0","0","0","0","0","0","0","2","0","","67","4","2020","7","39.966071","-75.246096","","6","0","0","0","0","0","1","0","0","","0","0","0","","","1","N","0","","39 57:57.856","1","0","75 14:45.946","4","0","0","0","67301","0","0","0","N","0","0","0","2","67301","1","","1.0","1600.0","1","N","N","N","0","","0","0","0","","2","N","","3","1","2","0","0","0","0","2","1","3","","03","","N","","","","","","","","","",""
"2020035212","","1","0","0","0","0","0","0","0","0","4","0","","67","4","2020","1","39.973586","-75.251732","","6","0","0","0","0","0","0","0","0","","0","0","0","","","0","N","1","","39 58:24.909","1","0","75 15:06.235","0","0","0","0","67301","0","0","0","N","0","0","0","1","67301","0","","1.0","2205.0","9","N","N","N","0","","0","0","2","","0","N","","3","0","0","0","0","0","0","2","0","3","","07","","N","","","","","","","","","",""
"2020036616","","1","0","0","0","0","0","0","0","0","7","0","","67","4","2020","1","40.03071","-75.021877","","6","0","0","0","0","0","0","0","0","","0","0","0","","","1","N","0","","40 01:50.556","2","0","75 01:18.756","8","0","0","0","67301","0","0","0","N","0","0","0","2","68K01","0","","4.0","40.0","9","N","N","N","0","","0","0","0","","0","Y","","1","1","0","0","0","1","0","2","0","1","","07","","N","","","","","","","","","",""
"2020074612","","1","0","0","0","0","0","0","0","0","4","0","","67","9","2020","5","40.050915","-75.008108","","6","0","1","0","0","0","1","0","0","","0","0","0","","","0","","2","","40 03:03.295","","0","75 00:29.189","0","0","0","0","67301","0","0","0","N","0","0","0","2","67301","0","","1.0","","9","N","N","N","1","","0","0","0","","0","","","2","0","0","0","0","0","0","2","0","2","","07","","N","","","","","","","","","",""
"2020035722","","1","0","0","0","0","0","0","0","0","4","0","","67","4","2020","3","40.029611","-75.086821","","6","0","0","0","0","0","0","0","0","","0","0","0","","","2","","1","","40 01:46.600","","0","75 05:12.554","3","0","0","0","67301","0","0","0","N","0","0","0","2","67301","0","","1.0","","1","N","N","N","0","","2","0","1","","2","","","2","2","0","0","0","0","0","2","0","2","","","","N","","","","","","","","","",""
"2020034944","","1","0","0","0","0","0","0","0","0","4","0","","67","4","2020","1","39.953294","-75.232366","","6","0","0","0","0","0","0","0","0","","0","0","0","","","1","","1","","39 57:11.858","","0","75 13:56.517","4","0","0","0","67301","0","0","0","N","0","0","0","3","67301","1","","1.0","","9","N","N","N","0","","0","0","0","","3","","","2","1","0","0","0","0","0","2","0","2","","04","","N","","","","","","","","","",""
"2020034503","","0","0","0","0","0","0","0","0","0","7","0","","67","4","2020","5","39.975914","-75.223987","","6","0","0","0","0","0","0","0","0","","0","0","0","","","0","N","0","","39 58:33.292","","0","75 13:26.353","0","0","0","0","67301","0","0","0","N","0","0","0","1","67301","0","","4.0","","1","N","N","N","0","","0","0","1","","0","","","1","0","0","0","0","0","0","2","0","1","","03","","N","","","","","","","","","",""
"2020075628","","0","0","0","0","0","0","0","0","0","5","1","","67","9","2020","2","39.945031","-75.231767","","6","0","0","0","0","0","0","0","0","","0","1","0","","","1","N","0","","39 56:42.110","","0","75 13:54.360","3","0","0","1","67301","0","0","0","N","0","0","0","1","67301","0","","1.0","","1","N","N","N","0","","1","0","0","","0","","","2","1","0","0","0","0","0","2","0","2","","03","","N","","","","","","","","","",""
"2020075624","","2","0","0","0","0","0","0","0","0","1","0","","67","9","2020","3","39.984681","-75.156494","","6","0","0","0","0","0","1","0","0","","0","0","0","","","0","","1","","39 59:04.850","","0","75 09:23.377","0","0","0","0","67301","0","0","0","N","0","0","0","2","67505","0","","1.0","","1","N","N","N","0","","0","0","0","","2","","","2","0","0","0","0","0","0","2","0","2","","03","","N","","","","","","","","","",""