"CRN","ARRIVAL_TM","AUTOMOBILE_COUNT","BELTED_DEATH_COUNT","BELTED_SUSP_SERIOUS_INJ_COUNT","BICYCLE_COUNT","BICYCLE_DEATH_COUNT","BICYCLE_SUSP_SERIOUS_INJ_COUNT","BUS_COUNT","CHLDPAS_DEATH_COUNT","CHLDPAS_SUSP_SERIOUS_INJ_COUNT","COLLISION_TYPE","COMM_VEH_COUNT","CONS_ZONE_SPD_LIM","COUNTY","CRASH_MONTH","CRASH_YEAR","DAY_OF_WEEK","DEC_LATITUDE","DEC_LONGITUDE","DISPATCH_TM","DISTRICT","DRIVER_COUNT_16YR","DRIVER_COUNT_17YR","DRIVER_COUNT_18YR","DRIVER_COUNT_19YR","DRIVER_COUNT_20YR","DRIVER_COUNT_50_64YR","DRIVER_COUNT_65_74YR","DRIVER_COUNT_75PLUS","EST_HRS_CLOSED","FATAL_COUNT","HEAVY_TRUCK_COUNT","HORSE_BUGGY_COUNT","HOUR_OF_DAY","ILLUMINATION","INJURY_COUNT","INTERSECTION_RELATED","INTERSECT_TYPE","LANE_CLOSED","LATITUDE","LN_CLOSE_DIR","LOCATION_TYPE","LONGITUDE","MAX_SEVERITY_LEVEL","MCYCLE_DEATH_COUNT","MCYCLE_SUSP_SERIOUS_INJ_COUNT","MOTORCYCLE_COUNT","MUNICIPALITY","NONMOTR_COUNT","NONMOTR_DEATH_COUNT","NONMOTR_SUSP_SERIOUS_INJ_COUNT","NTFY_HIWY_MAINT","PED_COUNT","PED_DEATH_COUNT","PED_SUSP_SERIOUS_INJ_COUNT","PERSON_COUNT","POLICE_AGCY","POSSIBLE_INJ_COUNT","RDWY_SURF_TYPE_CD","RELATION_TO_ROAD","ROADWAY_CLEARED","ROAD_CONDITION","SCH_BUS_IND","SCH_ZONE_IND","SECONDARY_CRASH","SMALL_TRUCK_COUNT","SPEC_JURIS_CD","SUSP_MINOR_INJ_COUNT","SUSP_SERIOUS_INJ_COUNT","SUV_COUNT","TCD_FUNC_CD","TCD_TYPE","TFC_DETOUR_IND","TIME_OF_DAY","TOTAL_UNITS","TOT_INJ_COUNT","UNBELTED_OCC_COUNT","UNB_DEATH_COUNT","UNB_SUSP_SERIOUS_INJ_COUNT","UNK_INJ_DEG_COUNT","UNK_INJ_PER_COUNT","URBAN_RURAL","VAN_COUNT","VEHICLE_COUNT","WEATHER1","WEATHER2","WORKERS_PRES","WORK_ZONE_IND","WORK_ZONE_LOC","WORK_ZONE_TYPE","WZ_CLOSE_DETOUR","WZ_FLAGGER","WZ_LAW_OFFCR_IND","WZ_LN_CLOSURE","WZ_MOVING","WZ_OTHER","WZ_SHLDER_MDN","WZ_WORKERS_INJ_KILLED"
"2020035725","","1","0","0","0","0","0","0","0","0","1","0","","67","4","2020","5","39.954837","-75.227984","","6","0","0","0","0","0","0","0","0","","0","0","0","","","0","","1","","39 57:17.413","","0","75 13:40.742","0","0","0","0","67301","0","0","0","N","0","0","0","2","67301","0","","1.0","","1","N","N","N","0","","0","0","1","","2","","","2","0","0","0","0","0","0","2","0","2","","","","N","","","","","","","","","",""
"2020031950","","2","0","0","0","0","0","0","0","0","6","0","","67","4","2020","3","40.049903","-75.089003","","6","0","0","0","0","0","0","0","0","","0","0","0","","","0","N","0","","40 02:59.650","","0","75 05:20.410","0","0","0","0","67301","0","0","0","N","0","0","0","1","67301","0","","2.0","","1","N","N","N","0","","0","0","0","","0","","","2","0","0","0","0","0","0","2","0","2","","03","","N","","","","","","","","","",""
"2020076294","","1","0","0","0","0","0","0","0","0","7","0","","67","9","2020","3","39.977239","-75.275881","","6","0","0","0","0","1","0","0","0","","0","0","0","","","1","N","0","","39 58:38.060","","0","75 16:33.170","3","0","0","0","67301","0","0","0","N","0","0","0","1","68K03","0","","5.0","","1","N","N","N","0","","1","0","0","","0","","","1","1","1","0","0","0","0","2","0","1","","","","N","","","","","","","","","",""
"2020076729","","2","0","0","0","0","0","0","0","0","1","0","","67","8","2020","7","39.976566","-75.114353","","6","0","0","0","0","1","0","0","0","","0","0","0","","","3","N","0","","39 58:35.636","","0","75 06:51.670","4","0","0","0","67301","0","0","0","N","0","0","0","3","68K01","3","","1.0","","1","N","N","N","0","","0","0","0","","0","","","2","3","0","0","0","0","0","2","0","2","","","","N","","","","","","","","","",""
"2020039817","","0","0","0","0","0","0","0","0","0","7","0","","67","4","2020","6","39.960201","-75.180956","","6","0","0","0","0","0","1","0","0","","0","0","0","","","1","N","0","","39 57:36.724","3","3","75 10:51.443","4","0","0","0","67301","0","0","0","N","0","0","0","1","68K01","1","","4.0","40.0","9","N","N","Y","1","","0","0","0","","0","Y","","1","1","0","0","0","0","0","2","0","1","","","","N","","","","","","","","","",""
"2020034963","","1","0","0","0","0","0","0","0","0","7","0","","67","4","2020","2","39.982594","-75.226994","","6","0","0","0","0","0","0","0","0","","0","0","0","","","1","N","0","","39 58:57.340","","0","75 13:37.180","3","0","0","0","67301","0","0","0","N","0","0","0","1","67301","0","","4.0","","9","N","N","N","0","","1","0","0","","2","","","1","1","0","0","0","0","0","2","0","1","","07","","N","","","","","","","","","",""
"2020035823","","0","0","0","0","0","0","0","0","0","8","0","","67","4","2020","5","39.959174","-75.243377","","6","0","0","0","0","0","0","0","0","","0","0","0","","","1","","1","","39 57:33.025","","0","75 14:36.157","3","0","0","0","67301","1","0","0","N","1","0","0","2","67301","0","","1.0","","9","N","N","N","0","","1","0","1","","2","","","2","1","0","0","0","0","0","2","0","1","","","","N","","","","","","","","","",""
"2020035533","","1","0","0","0","0","0","0","0","0","5","0","","67","4","2020","2","39.958969","-75.247502","","6","0","0","0","0","0","0","0","0","","0","0","0","","","1","N","0","","39 57:32.289","","0","75 14:51.006","2","0","0","0","67301","0","0","0","N","0","0","0","1","67301","0","","6.0","","1","N","N","N","0","","0","1","6","","0","","","7","1","0","0","0","0","0","2","0","7","","","","N","","","","","","","","","",""
"2020035436","","2","0","0","0","0","0","0","0","0","5","0","","67","4","2020","2","40.049384","-75.144508","","6","0","0","0","0","0","0","0","0","","0","0","0","","","2","N","0","","40 02:57.781","","0","75 08:40.227","3","0","0","0","67301","0","0","0","N","0","0","0","2","67301","0","","1.0","","1","N","N","N","0","","2","0","0","","0","","","2","2","0","0","0","0","0","2","0","2","","","","N","","","","","","","","","",""
"2020035079","","1","0","0","0","0","0","0","0","0","7","0","","67","4","2020","6","39.991668","-75.166514","","6","0","0","1","0","0","0","0","0","","0","0","0","","","0","","3","","39 59:30.004","","0","75 09:59.450","0","0","0","0","67301","0","0","0","N","0","0","0","4","67301","0","","4.0","","9","N","N","N","0","","0","0","0","","0","","","1","0","0","0","0","0","0","2","0","1","","98","","N","","","","","","","","","",""
"2020032637","","1","0","0","0","0","0","0","0","0","7","0","","67","4","2020","1","39.95892","-75.156737","","6","0","0","0","0","0","0","0","0","","0","0","0","","","0","","1","","39 57:32.111","","0","75 09:24.253","0","0","0","0","67301","0","0","0","N","0","0","0","1","67301","0","","4.0","","9","N","N","N","0","","0","0","0","","2","","","1","0","0","0","0","0","0","2","0","1","","","","N","","","","","","","","","",""
"2020034870","","2","0","0","0","0","0","0","0","0","2","0","","67","4","2020","6","40.069192","-75.169569","","6","0","0","0","0","0","0","0","0","","0","0","0","","","1","N","0","","40 04:09.090","","0","75 10:10.450","3","0","0","0","67301","0","0","0","N","0","0","0","1","67301","0","","6.0","","1","N","N","N","0","","1","0","0","","0","","","3","1","0","0","0","0","0","2","1","3","","03","","N","","","","","","","","","",""
"2020079603","","1","0","0","0","0","0","0","0","0","1","0","","67","9","2020","6","39.939843","-75.143682","","6","0","0","0","0","0","0","0","0","","0","0","0","","","0","N","0","","39 56:23.436","","0","75 08:37.256","0","0","0","0","67301","0","0","0","N","0","0","0","4","68K01","0","","1.0","","1","N","N","N","1","","0","0","0","","0","","","2","0","0","0","0","0","0","2","0","2","","","","N","","","","","","","","","",""
"2020035013","","2","0","0","0","0","0","0","0","0","4","0","","67","4","2020","1","40.037892","-75.139495","","6","0","0","0","0","0","0","0","0","","0","0","0","","","0","","1","","40 02:16.411","","0","75 08:22.183","0","0","0","0","67301","0","0","0","N","0","0","0","2","67301","0","","1.0","","9","N","N","N","0","","0","0","0","","2","","","2","0","0","0","0","0","0","2","0","2","","04","","N","","","","","","","","","",""
"2020036228","","0","0","0","0","0","0","0","0","0","8","0","","67","4","2020","5","39.918906","-75.160108","","6","0","0","0","0","0","0","0","0","","0","0","0","","","1","N","0","","39 55:08.060","","0","75 09:36.390","3","0","0","0","67301","1","0","0","N","1","0","0","2","67301","0","","1.0","","1","N","N","N","0","","1","0","0","","3","","","2","1","0","0","0","0","0","2","0","1","","07","","N","","","","","","","","","",""
"2020035996","","1","0","0","0","0","0","0","0","0","8","0","","67","4","2020","5","39.970683","-75.232585","","6","0","0","0","0","0","0","0","0","","0","0","0","","","1","","1","","39 58:14.458","","0","75 13:57.306","3","0","0","0","67301","1","0","0","N","1","0","0","2","67301","0","","1.0","","9","N","N","N","0","","1","0","0","","2","","","2","1","0","0","0","0","0","2","0","1","","07","","N","","","","","","","","","",""
"2020036528","","2","0","0","0","0","0","0","0","0","5","0","","67","4","2020","4","40.038846","-75.060119","","6","0","0","0","0","0","0","0","0","","0","0","0","","","0","N","0","","40 02:19.846","","0","75 03:36.427","0","0","0","0","67301","0","0","0","N","0","0","0","2","67301","0","","1.0","","1","N","N","N","0","","0","0","0","","0","","","2","0","0","0","0","0","0","2","0","2","","03","","N","","","","","","","","","",""
"2020035864","","1","0","0","0","0","0","0","0","0","7","0","","67","4","2020","5","39.920185","-75.199594","","6","0","0","0","0","1","0","0","0","","0","0","0","","","2","N","0","","39 55:12.666","3","3","75 11:58.537","4","0","0","0","67301","0","0","0","N","0","0","0","2","67301","2","","2.0","1640.0","9","N","N","N","0","","0","0","0","","0","Y","","1","2","0","0","0","0","0","2","0","1","","","","N","","","","","","","","","",""
"2020036301","","2","0","0","0","0","0","0","0","0","4","0","","67","5","2020","6","39.982781","-75.141737","","6","0","0","0","0","0","1","0","0","","0","0","0","","","0","","1","","39 58:58.011","2","0","75 08:30.253","9","0","0","0","67301","0","0","0","N","0","0","0","2","67301","0","","1.0","428.0","9","N","N","N","0","","0","0","0","","3","Y","","2","0","0","0","0","0","1","2","0","2","","03","","N","","","","","","","","","",""
"2020058083","","1","0","0","0","0","0","0","0","0","7","0","","67","7","2020","4","39.957348","-75.170704","","6","0","0","0","0","0","0","0","0","","0","0","0","","","0","","2","","39 57:26.453","","0","75 10:14.535","0","0","0","0","67301","0","0","0","N","0","0","0","1","67301","0","","3.0","","1","N","N","N","0","","0","0","0","","9","","","1","0","1","0","0","0","0","2","0","1","","03","","N","","","","","","","","","",""
"2020036282","","1","0","0","0","0","0","0","0","0","4","0","","67","4","2020","5","39.990003","-75.160369","","6","0","0","0","0","0","0","0","0","","0","0","0","","","3","","1","","39 59:24.010","","0","75 09:37.328","3","0","0","0","67301","0","0","0","N","0","0","0","3","67301","0","","1.0","","1","N","N","N","0","","3","0","1","","2","","","2","3","0","0","0","0","0","2","0","2","","04","","N","","","","","","","","","",""
"2020075026","","0","0","0","1","0","0","0","0","0","8","0","","67","9","2020","6","40.031591","-75.210028","","6","0","0","0","0","0","1","0","0","","0","0","0","","","1","","1","","40 01:53.726","","0","75 12:36.100","8","0","0","0","67301","1","0","0","N","0","0","0","2","67301","0","","1.0","","1","N","N","N","0","","0","0","1","","3","","","2","1","0","0","0","1","0","2","0","1","","03","","N","","","","","","","","","",""
"2020030540","","0","0","0","0","0","0","0","0","0","1","0","","67","3","2020","2","39.957941","-75.164222","","6","0","0","0","0","0","1","0","0","","0","0","0","","","0","Y","0","","39 57:28.586","","0","75 09:51.198","0","0","0","0","67301","0","0","0","N","0","0","0","2","67301","0","","1.0","","9","N","N","N","2","","0","0","0","","2","","","2","0","0","0","0","0","0","2","0","2","","07","","N","","","","","","","","","",""
"2020035271","","0","0","0","0","0","0","0","0","0","7","0","","67","4","2020","7","39.978571","-75.195009","","6","0","0","0","0","0","0","0","0","","0","0","0","","","0","N","0","","39 58:42.854","","0","75 11:42.034","0","0","0","1","67301","0","0","0","N","0","0","0","1","67301","0","","3.0","","1","N","N","N","0","","0","0","0","","0","","","1","0","0","0","0","0","0","2","0","1","","03","","N","","","","","","","","","",""
"2020034812","","0","0","0","0","0","0","0","0","0","7","0","","67","4","2020","1","39.908406","-75.173154","","6","0","0","0","0","0","0","0","0","","0","0","0","","","1","N","0","","39 54:30.262","","0","75 10:23.356","4","0","0","0","67301","0","0","0","N","0","0","0","1","67301","1","","5.0","","9","N","N","N","0","","0","0","0","","9","","","1","1","1","0","0","0","0","2","1","1","","07","","N","","","","","","","","","",""
"2020038207","","1","0","0","0","0","0","0","0","0","7","0","","67","4","2020","2","39.980928","-75.20648","","6","0","0","0","0","0","0","0","0","","0","0","0","","","1","N","0","","39 58:51.341","3","0","75 12:23.328","3","0","0","0","67301","0","0","0","N","0","0","0","1","68K01","0","","4.0","353.0","9","N","N","N","0","","1","0","0","","0","N","","1","1","0","0","0","0","0","2","0","1","","03","","N","","","","","","","","","",""
"2020035080","","1","0","0","0","0","0","0","0","0","4","0","","67","4","2020","6","39.977194","-75.179787","","6","0","0","0","0","0","0","0","0","","0","0","0","","","1","","1","","39 58:37.898","","0","75 10:47.233","3","0","0","0","67301","0","0","0","N","0","0","0","2","67301","0","","1.0","","1","N","N","N","0","","1","0","1","","3","","","2","1","0","0","0","0","1","2","0","2","","04","","N","","","","","","","","","",""
"2020034926","","3","0","0","0","0","0","0","0","0","1","0","","67","4","2020","6","39.959932","-75.17925","","6","0","0","0","0","0","0","0","0","","0","0","0","","","1","N","0","","39 57:35.755","","3","75 10:45.301","8","0","0","0","67301","0","0","0","N","0","0","0","3","68K01","0","","1.0","","9","N","N","N","0","","0","0","0","","0","","","3","1","0","0","0","1","0","2","0","3","","","","N","","","","","","","","","",""
"2020057384","","1","0","0","0","0","0","0","0","0","7","0","","67","7","2020","2","40.032245","-75.085076","","6","0","0","0","0","0","1","0","0","","0","0","0","","","1","N","0","","40 01:56.082","","0","75 05:06.275","3","0","0","0","67301","0","0","0","N","0","0","0","1","67301","0","","5.0","","1","N","N","N","0","","1","0","0","","2","","","1","1","0","0","0","0","0","2","0","1","","","","N","","","","","","","","","",""
"2020035995","","2","0","0","0","0","0","0","0","0","1","0","","67","4","2020","5","39.974525","-75.238558","","6","0","0","0","0","0","0","0","0","","0","0","0","","","0","N","0","","39 58:28.290","","0","75 14:18.810","0","0","0","0","67301","0","0","0","N","0","0","0","1","67301","0","","1.0","","8","N","N","N","0","","0","0","1","","0","","","4","0","0","0","0","0","0","2","1","4","","07","","N","","","","","","","","","",""
"2020035862","","1","0","0","0","0","0","0","0","0","4","0","","67","4","2020","3","39.903564","-75.241731","","6","0","0","0","0","0","0","0","0","","0","0","0","","","3","N","0","","39 54:12.830","3","7","75 14:30.230","3","0","0","0","67301","0","0","0","N","0","0","0","3","67301","2","","1.0","2045.0","1","N","N","N","0","","1","0","1","","2","N","","2","3","1","0","0","0","0","2","0","2","","","","N","","","","","","","","","",""
"2020035269","","0","0","0","0","0","0","0","0","0","1","0","","67","4","2020","2","39.969622","-75.192967","","6","0","0","0","0","0","0","0","0","","0","0","0","","","0","N","0","","39 58:10.640","","0","75 11:34.680","9","0","0","0","67301","0","0","0","N","0","0","0","4","67301","0","","1.0","","1","N","N","N","0","","0","0","1","","0","","","2","0","1","0","0","0","1","2","1","2","","","","N","","","","","","","","","",""
"2020035216","","2","0","0","0","0","0","0","0","0","4","0","","67","4","2020","2","40.026543","-75.138689","","6","0","0","0","0","1","0","1","0","","0","0","0","","","3","","1","","40 01:35.554","","0","75 08:19.280","3","0","0","0","67301","0","0","0","N","0","0","0","3","67301","0","","1.0","","1","N","N","N","0","","3","0","0","","2","","","2","3","0","0","0","0","0","2","0","2","","","","N","","","","","","","","","",""
"2020036866","","0","0","0","0","0","0","0","0","0","7","0","","67","4","2020","1","40.031472","-75.02156","","6","0","0","0","0","0","1","0","0","","0","0","0","","","0","N","0","","40 01:53.299","2","0","75 01:17.615","0","0","0","0","67301","0","0","0","N","0","0","0","1","68K01","0","","2.0","15.0","9","N","N","N","1","","0","0","0","","0","N","","1","0","0","0","0","0","0","2","0","1","","07","","N","","","","","","","","","",""
"2020075900","","0","0","0","0","0","0","1","0","0","5","1","","67","9","2020","4","39.951409","-75.168404","","6","0","0","0","0","0","1","0","0","","0","0","0","","","1","N","0","","39 57:05.073","","0","75 10:06.254","4","0","0","0","67301","0","0","0","N","0","0","0","3","67508","1","","1.0","","1","N","N","Y","1","","0","0","0","","2","N","","2","1","0","0","0","0","0","2","0","2","","03","","N","","","","","","","","","",""
"2020075167","","1","0","0","0","0","0","0","0","0","5","1","","67","9","2020","4","39.882879","-75.244868","","6","0","0","0","0","0","0","0","0","","0","1","0","","","0","N","0","","39 52:58.365","1","0","75 14:41.525","0","0","0","0","67301","0","0","0","N","0","0","0","3","68K01","0","","1.0","750.0","1","N","N","N","0","","0","0","0","","0","N","","2","0","0","0","0","0","0","2","0","2","","","","N","","","","","","","","","",""
"2020076732","","1","0","0","0","0","0","0","0","0","1","0","","67","8","2020","1","39.945281","-75.190638","","6","0","0","0","0","0","0","0","0","","0","0","0","","","2","N","0","","39 56:43.013","","0","75 11:26.295","4","0","0","0","67301","0","0","0","N","0","0","0","3","68K01","2","","1.0","","1","N","N","N","0","","0","0","2","","0","","","3","2","0","0","0","0","0","2","0","3","","03","","N","","","","","","","","","",""
"2020045916","","0","0","0","0","0","0","0","0","0","7","0","","67","4","2020","4","39.976951","-75.19869","","6","0","0","0","0","0","0","0","0","","0","0","0","","","0","N","0","","39 58:37.025","","0","75 11:55.283","0","0","0","0","67301","0","0","0","N","0","0","0","1","68K01","0","","4.0","","1","N","N","N","0","","0","0","1","","0","","","1","0","1","0","0","0","0","2","0","1","","","","N","","","","","","","","","",""
"2020076139","","0","0","0","0","0","0","0","0","0","4","0","","67","9","2020","2","39.953609","-75.198625","","6","0","0","0","0","0","0","0","0","","0","0","0","","","4","","1","","39 57:12.991","1","0","75 11:55.051","2","0","0","0","67301","0","0","0","N","0","0","0","4","67301","0","","1.0","0.0","1","N","N","N","0","","0","1","2","","2","Y","","2","4","0","0","0","3","0","2","0","2","","03","","N","","","","","","","","","",""
"2020035531","","2","0","0","0","0","0","0","0","0","4","0","","67","4","2020","4","40.046419","-75.162091","","6","0","0","0","0","0","1","0","0","","0","0","0","","","1","","1","","40 02:47.108","","0","75 09:43.527","3","0","0","0","67301","0","0","0","N","0","0","0","3","67301","0","","1.0","","1","N","N","N","0","","1","0","2","","3","","","4","1","0","0","0","0","0","2","0","4","","03","","N","","","","","","","","","",""
"2020035081","","2","0","0","0","0","0","0","0","0","0","0","","67","4","2020","1","40.000661","-75.126786","","6","0","0","0","0","0","0","0","0","","0","0","0","","","0","N","0","","40 00:02.380","","0","75 07:36.430","0","0","0","0","67301","0","0","0","N","0","0","0","1","67301","0","","1.0","","9","N","N","N","0","","0","0","1","","0","","","4","0","0","0","0","0","0","2","1","4","","04","","N","","","","","","","","","",""
"2020075035","","1","0","0","0","0","0","0","0","0","2","1","25","67","9","2020","7","39.961758","-75.242839","","6","0","0","0","0","0","0","0","0","","0","0","0","","","2","N","0","","39 57:42.330","5","0","75 14:34.220","4","0","0","0","67301","0","0","0","N","0","0","0","2","67301","2","","1.0","2330.0","1","N","N","N","0","","0","0","0","","0","Y","","2","2","0","0","0","0","0","2","0","2","","98","N","Y","4","8","N","N","N","N","N","Y","N","N"
"2020034818","","1","0","0","0","0","0","0","0","0","5","0","","67","4","2020","6","40.041908","-75.123964","","6","0","0","0","0","0","1","0","0","","0","0","0","","","1","","1","","40 02:30.868","","0","75 07:26.270","3","0","0","0","67301","0","0","0","N","0","0","0","2","67301","0","","1.0","","9","N","N","N","1","","1","0","0","","2","","","2","1","0","0","0","0","0","2","0","2","","07","","N","","","","","","","","","",""
"2020075108","","1","0","0","0","0","0","1","0","0","4","1","","67","9","2020","4","39.922222","-75.152993","","6","0","0","0","0","0","1","0","0","","0","0","0","","","1","N","2","","39 55:19.998","","0","75 09:10.775","4","0","0","0","67301","0","0","0","N","0","0","0","4","67508","1","","1.0","","1","N","N","Y","0","","0","0","0","","2","","","2","1","0","0","0","0","0","2","0","2","","03","","N","","","","","","","","","",""
"2020035866","","2","0","0","0","0","0","0","0","0","4","0","","67","4","2020","5","39.963392","-75.210656","","6","0","0","0","0","0","1","0","0","","0","0","0","","","0","","2","","39 57:48.211","","0","75 12:38.361","9","0","0","0","67301","0","0","0","N","0","0","0","2","67301","0","","1.0","","1","N","N","N","0","","0","0","0","","3","","","2","0","0","0","0","0","2","2","0","2","","","","N","","","","","","","","","",""
"2020035012","","1","0","0","0","0","0","0","0","0","4","0","","67","4","2020","6","39.970155","-75.207175","","6","0","0","0","0","0","0","0","0","","0","0","0","","","0","","1","","39 58:12.558","","0","75 12:25.830","0","0","0","0","67301","0","0","0","N","0","0","0","3","67301","0","","1.0","","9","N","N","N","0","","0","0","2","","0","","","3","0","0","0","0","0","0","2","0","3","","","","N","","","","","","","","","",""
"2020036627","","0","0","0","0","0","0","0","0","0","7","0","","67","4","2020","5","39.982912","-75.207896","","6","0","0","0","0","0","0","0","0","","0","0","0","","","0","N","0","","39 58:58.482","4","0","75 12:28.425","0","0","0","0","67301","0","0","0","N","0","0","0","2","68K01","0","","2.0","10.0","9","N","N","N","1","","0","0","0","","0","N","","1","0","0","0","0","0","0","2","0","1","","07","","N","","","","","","","","","",""
"2020035431","","3","0","0","0","0","0","0","0","0","5","0","","67","4","2020","2","40.033536","-75.085339","","6","0","0","0","0","0","0","0","0","","0","0","0","","","0","N","0","","40 02:00.731","","0","75 05:07.219","0","0","0","0","67301","0","0","0","N","0","0","0","1","67301","0","","6.0","","9","N","N","N","0","","0","0","0","","2","","","3","0","0","0","0","0","0","2","0","3","","","","N","","","","","","","","","",""
"2020076644","","0","0","0","0","0","0","0","0","0","8","0","","67","8","2020","5","40.014129","-75.103493","","6","0","0","0","0","0","1","0","0","","0","0","0","","","1","","2","","40 00:50.864","","0","75 06:12.576","3","0","0","0","67301","1","0","0","N","1","0","0","2","67301","0","","1.0","","1","N","N","N","0","","1","0","1","","2","","","2","1","0","0","0","0","0","2","0","1","","03","","N","","","","","","","","","",""
"2020076764","","1","0","0","0","0","0","0","0","0","1","0","","67","9","2020","3","39.990578","-75.086577","","6","0","0","0","0","0","0","0","0","","0","0","0","","","1","N","0","","39 59:26.082","1","0","75 05:11.678","4","0","0","0","67301","0","0","0","N","0","0","0","2","68K01","1","","1.0","30.0","1","N","N","N","0","","0","0","0","","0","N","","2","1","0","0","0","0","1","2","0","2","","","","N","","","","","","","","","",""
"2020075303","","1","0","0","0","0","0","0","0","0","1","0","","67","8","2020","6","39.97477","-75.11702","","6","0","0","0","0","0","1","1","0","","0","0","0","","","1","N","0","","39 58:29.172","","0","75 07:01.271","3","0","0","0","67301","0","0","0","N","0","0","0","5","68K01","0","","1.0","","1","N","N","N","1","","1","0","2","","0","","","5","1","0","0","0","0","1","2","0","5","","","","N","","","","","","","","","",""
"2020035215","","2","0","0","0","0","0","0","0","0","4","0","","67","4","2020","1","40.005582","-75.09689","","6","0","0","0","0","0","1","0","0","","0","0","0","","","0","","1","","40 00:20.095","","0","75 05:48.804","0","0","0","0","67301","0","0","0","N","0","0","0","2","67301","0","","1.0","","99","N","N","N","0","","0","0","0","","2","","","2","0","0","0","0","0","0","2","0","2","","","","N","","","","","","","","","",""
"2020037644","","0","0","0","0","0","0","0","0","0","1","0","","67","4","2020","5","40.036588","-75.0153","","6","0","0","1","0","0","0","0","0","","0","0","0","","","2","N","0","","40 02:11.715","2","0","75 00:55.080","8","0","0","0","67301","2","0","0","N","2","0","0","3","68K01","0","","2.0","2200.0","9","N","N","Y","0","","0","0","2","","0","N","","4","2","0","0","0","2","0","2","0","2","","98","","N","","","","","","","","","",""
"2020076584","","0","0","0","0","0","0","0","0","0","1","1","","67","9","2020","1","39.984594","-75.095619","","6","0","0","0","0","1","0","0","0","","0","1","0","","","0","N","0","","39 59:04.539","2","0","75 05:44.229","0","0","0","0","67301","0","0","0","N","0","0","0","2","68K01","0","","1.0","510.0","1","N","N","N","0","","0","0","1","","0","N","","2","0","0","0","0","0","0","2","0","2","","","","N","","","","","","","","","",""
"2020034817","","2","0","0","0","0","0","0","0","0","4","0","","67","4","2020","1","39.983738","-75.136511","","6","0","0","0","0","0","0","0","0","","0","0","0","","","0","","1","","39 59:01.456","","0","75 08:11.439","9","0","0","0","67301","0","0","0","N","0","0","0","2","67301","0","","1.0","","9","N","N","N","0","","0","0","0","","2","","","2","0","0","0","0","0","1","2","0","2","","","","N","","","","","","","","","",""
"2020075178","","1","0","0","0","0","0","0","0","0","1","0","","67","9","2020","5","39.959391","-75.174969","","6","0","0","0","0","0","0","0","0","","0","0","0","","","3","N","0","","39 57:33.807","3","0","75 10:29.887","2","0","0","0","67301","1","0","1","N","1","0","1","4","68K01","0","","1.0","30.0","9","N","N","N","0","","2","1","2","","0","N","","4","3","0","0","0","0","0","2","0","3","","03","","N","","","","","","","","","",""
"2020035615","","2","0","0","0","0","0","0","0","0","1","0","","67","4","2020","4","39.99178","-75.186379","","6","0","0","0","0","0","0","0","0","","0","0","0","","","0","","1","","39 59:30.408","2","0","75 11:10.966","0","0","0","0","67301","0","0","0","N","0","0","0","2","67301","0","","1.0","2130.0","1","N","N","N","0","","0","0","0","","2","N","","2","0","1","0","0","0","0","2","0","2","","03","","N","","","","","","","","","",""
"2020035867","","0","0","0","0","0","0","0","0","0","4","0","","67","4","2020","5","40.007441","-75.125171","","6","0","0","0","0","0","0","0","0","","0","0","0","","","2","","2","","40 00:26.789","","0","75 07:30.615","3","0","0","0","67301","0","0","0","N","0","0","0","2","67301","0","","1.0","","1","N","N","N","0","","2","0","1","","2","","","2","2","0","0","0","0","0","2","1","2","","03","","N","","","","","","","","","",""
"2020035934","","0","0","0","0","0","0","0","0","0","8","0","","67","4","2020","4","39.996077","-75.104459","","6","0","0","0","0","0","0","0","0","","0","0","0","","","1","N","0","","39 59:45.878","","0","75 06:16.051","8","0","0","0","67301","1","0","0","N","1","0","0","2","67301","0","","1.0","","1","N","N","N","0","","0","0","0","","9","","","2","1","0","0","0","1","0","2","0","1","","03","","N","","","","","","","","","",""
"2020076714","","1","0","0","0","0","0","0","0","0","1","0","","67","8","2020","3","39.959174","-75.172343","","6","0","0","0","0","0","0","0","0","","0","0","0","","","0","N","0","","39 57:33.025","4","0","75 10:20.434","9","0","0","0","67301","0","0","0","N","0","0","0","2","68K01","0","","1.0","1905.0","1","N","N","N","0","","0","0","0","","0","N","","2","0","0","0","0","0","1","2","0","2","","03","","N","","","","","","","","","",""
"2020035209","","0","0","0","0","0","0","0","0","0","5","0","","67","4","2020","7","39.942883","-75.215017","","6","0","0","0","0","0","0","0","0","","0","0","0","","","0","N","0","","39 56:34.380","","0","75 12:54.060","0","0","0","0","67301","0","0","0","N","0","0","0","1","67301","0","","6.0","","1","N","N","Y","0","","0","0","2","","2","","","2","0","0","0","0","0","0","2","0","2","","","","N","","","","","","","","","",""
"2020035511","","0","0","0","0","0","0","0","0","0","7","0","","67","4","2020","2","39.949184","-75.141758","","6","0","0","0","0","0","0","0","0","","0","0","0","","","3","N","0","","39 56:57.061","2","2","75 08:30.330","3","0","0","0","67301","0","0","0","N","0","0","0","3","68K01","0","","3.0","430.0","1","N","N","N","0","","3","0","1","","0","N","","1","3","1","0","0","0","0","2","0","1","","","","N","","","","","","","","","",""