"CRN","ARRIVAL_TM","AUTOMOBILE_COUNT","BELTED_DEATH_COUNT","BELTED_SUSP_SERIOUS_INJ_COUNT","BICYCLE_COUNT","BICYCLE_DEATH_COUNT","BICYCLE_SUSP_SERIOUS_INJ_COUNT","BUS_COUNT","CHLDPAS_DEATH_COUNT","CHLDPAS_SUSP_SERIOUS_INJ_COUNT","COLLISION_TYPE","COMM_VEH_COUNT","CONS_ZONE_SPD_LIM","COUNTY","CRASH_MONTH","CRASH_YEAR","DAY_OF_WEEK","DEC_LATITUDE","DEC_LONGITUDE","DISPATCH_TM","DISTRICT","DRIVER_COUNT_16YR","DRIVER_COUNT_17YR","DRIVER_COUNT_18YR","DRIVER_COUNT_19YR","DRIVER_COUNT_20YR","DRIVER_COUNT_50_64YR","DRIVER_COUNT_65_74YR","DRIVER_COUNT_75PLUS","EST_HRS_CLOSED","FATAL_COUNT","HEAVY_TRUCK_COUNT","HORSE_BUGGY_COUNT","HOUR_OF_DAY","ILLUMINATION","INJURY_COUNT","INTERSECTION_RELATED","INTERSECT_TYPE","LANE_CLOSED","LATITUDE","LN_CLOSE_DIR","LOCATION_TYPE","LONGITUDE","MAX_SEVERITY_LEVEL","MCYCLE_DEATH_COUNT","MCYCLE_SUSP_SERIOUS_INJ_COUNT","MOTORCYCLE_COUNT","MUNICIPALITY","NONMOTR_COUNT","NONMOTR_DEATH_COUNT","NONMOTR_SUSP_SERIOUS_INJ_COUNT","NTFY_HIWY_MAINT","PED_COUNT","PED_DEATH_COUNT","PED_SUSP_SERIOUS_INJ_COUNT","PERSON_COUNT","POLICE_AGCY","POSSIBLE_INJ_COUNT","RDWY_SURF_TYPE_CD","RELATION_TO_ROAD","ROADWAY_CLEARED","ROAD_CONDITION","SCH_BUS_IND","SCH_ZONE_IND","SECONDARY_CRASH","SMALL_TRUCK_COUNT","SPEC_JURIS_CD","SUSP_MINOR_INJ_COUNT","SUSP_SERIOUS_INJ_COUNT","SUV_COUNT","TCD_FUNC_CD","TCD_TYPE","TFC_DETOUR_IND","TIME_OF_DAY","TOTAL_UNITS","TOT_INJ_COUNT","UNBELTED_OCC_COUNT","UNB_DEATH_COUNT","UNB_SUSP_SERIOUS_INJ_COUNT","UNK_INJ_DEG_COUNT","UNK_INJ_PER_COUNT","URBAN_RURAL","VAN_COUNT","VEHICLE_COUNT","WEATHER1","WEATHER2","WORKERS_PRES","WORK_ZONE_IND","WORK_ZONE_LOC","WORK_ZONE_TYPE","WZ_CLOSE_DETOUR","WZ_FLAGGER","WZ_LAW_OFFCR_IND","WZ_LN_CLOSURE","WZ_MOVING","WZ_OTHER","WZ_SHLDER_MDN","WZ_WORKERS_INJ_KILLED"
"2020034961","","3","0","0","0","0","0","0","0","0","4","0","","67","4","2020","1","39.931164","-75.18334","","6","0","0","0","0","0","1","0","0","","0","0","0","","","0","","1","","39 55:52.190","","0","75 11:00.025","0","0","0","0","67301","0","0","0","N","0","0","0","2","67301","0","","1.0","","9","N","N","N","0","","0","0","0","","3","","","3","0","1","0","0","0","0","2","0","3","","07","","N","","","","","","","","","",""
"2020038825","","0","0","0","0","0","0","0","0","0","1","0","","67","5","2020","5","39.95075","-75.150724","","6","0","0","0","0","0","0","0","0","","0","0","0","","","1","N","0","","39 57:02.699","4","0","75 09:02.607","4","0","0","0","67301","0","0","0","N","0","0","0","2","67301","1","","1.0","1230.0","1","N","N","Y","0","","0","0","0","","2","N","","2","1","2","0","0","0","0","2","2","2","","03","","N","","","","","","","","","",""
"2020032284","","0","0","1","0","0","0","0","0","0","4","0","","67","4","2020","7","40.069339","-75.163423","","6","0","0","0","0","0","0","0","0","","0","0","0","","","5","","1","","40 04:09.619","7","0","75 09:48.322","2","0","0","0","67301","0","0","0","N","0","0","0","5","67301","3","","1.0","1958.0","1","N","N","N","0","","1","1","2","","0","Y","","2","5","0","0","0","0","0","2","0","2","","98","","N","","","","","","","","","",""
"2020039541","","0","0","0","0","0","0","0","0","0","7","0","","67","4","2020","6","39.979375","-75.108443","","6","0","0","0","0","0","0","0","0","","0","0","0","","","0","N","0","","39 58:45.750","2","0","75 06:30.396","0","0","0","0","67301","0","0","0","N","0","0","0","3","68K01","0","","4.0","1229.0","9","N","N","N","0","","0","0","1","","8","N","","1","0","0","0","0","0","0","2","0","1","","04","","N","","","","","","","","","",""
"2020035865","","2","0","0","0","0","0","0","0","0","4","0","","67","4","2020","5","40.02773","-75.10997","","6","0","0","0","0","0","0","1","0","","0","0","0","","","0","","1","","40 01:39.827","1","0","75 06:35.893","0","0","0","0","67301","0","0","0","N","0","0","0","3","67301","0","","1.0","1130.0","1","N","N","N","0","","0","0","0","","2","N","","2","0","0","0","0","0","0","2","0","2","","03","","N","","","","","","","","","",""
"2020036026","","2","0","0","0","0","0","0","0","0","4","0","","67","5","2020","6","39.96999","-75.143093","","6","0","0","0","0","0","0","0","0","","0","0","0","","","0","","1","","39 58:11.965","","0","75 08:35.133","9","0","0","0","67301","0","0","0","N","0","0","0","3","67301","0","","1.0","","9","N","N","N","0","","0","0","0","","2","","","2","0","0","0","0","0","3","2","0","2","","07","","N","","","","","","","","","",""
"2020034535","","0","0","0","0","0","0","0","0","0","4","0","","67","4","2020","5","39.992675","-75.16822","","6","0","0","0","0","0","0","0","0","","0","0","0","","","1","","1","","39 59:33.630","","0","75 10:05.591","3","0","0","0","67301","0","0","0","N","0","0","0","3","67301","0","","1.0","","1","N","N","N","1","","1","0","1","","2","","","2","1","0","0","0","0","0","2","0","2","","","","N","","","","","","","","","",""
"2020038785","","2","0","0","0","0","0","0","0","0","4","0","","67","5","2020","6","40.009758","-75.095186","","6","0","0","0","0","0","0","0","0","","0","0","0","","","0","N","0","","40 00:35.130","","7","75 05:42.670","0","0","0","0","67301","0","0","0","N","0","0","0","2","67301","0","","2.0","","1","N","N","N","0","","0","0","0","","0","","","2","0","0","0","0","0","0","2","0","2","","","","N","","","","","","","","","",""
"2020076447","","1","0","0","0","0","0","0","0","0","1","1","","67","9","2020","4","39.974624","-75.194882","","6","0","0","0","0","0","2","0","0","","0","1","0","","","0","Y","0","","39 58:28.647","","0","75 11:41.576","0","0","0","0","67301","0","0","0","N","0","0","0","3","67301","0","","1.0","","1","N","N","N","0","","0","0","1","","2","","","3","0","3","0","0","0","0","2","0","3","","03","","N","","","","","","","","","",""
"2020076748","","0","0","0","0","0","0","0","0","0","1","0","","67","9","2020","4","39.977187","-75.199246","","6","0","0","0","0","0","0","0","0","","0","0","0","","","0","N","0","","39 58:37.872","","0","75 11:57.285","9","0","0","0","67301","0","0","0","N","0","0","0","2","68K01","0","","1.0","","9","N","N","N","0","","0","0","1","","0","","","2","0","0","0","0","0","1","2","0","2","","","","N","","","","","","","","","",""
"2020036532","","2","0","0","0","0","0","0","0","0","4","0","","67","4","2020","4","40.023328","-75.136395","","6","0","0","0","0","0","1","0","0","","0","0","0","","","2","","5","","40 01:23.980","","0","75 08:11.021","3","0","0","0","67301","0","0","0","N","0","0","0","3","67301","0","","1.0","","1","N","N","N","0","","2","0","1","","2","","","3","2","0","0","0","0","0","2","0","3","","03","","N","","","","","","","","","",""
"2020035821","","1","0","0","0","0","0","0","0","0","7","0","","67","4","2020","5","40.069047","-75.193269","","6","0","0","0","0","0","0","0","0","","0","0","0","","","0","N","0","","40 04:08.570","","0","75 11:35.770","0","0","0","0","67301","0","0","0","N","0","0","0","1","67301","0","","4.0","","9","N","N","N","0","","0","0","0","","0","","","1","0","1","0","0","0","0","2","0","1","","","","N","","","","","","","","","",""
"2020035433","","2","0","0","0","0","0","0","0","0","5","0","","67","4","2020","1","39.940783","-75.218551","","6","0","0","0","0","0","0","0","0","","0","0","0","","","0","N","0","","39 56:26.817","","0","75 13:06.783","9","0","0","0","67301","0","0","0","N","0","0","0","1","67301","0","","6.0","","9","N","N","N","0","","0","0","1","","0","","","3","0","0","0","0","0","1","2","0","3","","","","N","","","","","","","","","",""
"2020034873","","1","0","0","0","0","0","0","0","0","7","0","","67","4","2020","1","40.029488","-75.14847","","6","0","0","0","1","0","0","0","0","","0","0","0","","","1","","11","","40 01:46.156","","0","75 08:54.492","3","0","0","0","67301","0","0","0","N","0","0","0","1","67301","0","","4.0","","9","N","N","N","0","","1","0","0","","3","","","1","1","0","0","0","0","0","2","0","1","","04","","N","","","","","","","","","",""
"2020030110","","2","0","0","0","0","0","0","0","0","4","0","","67","3","2020","1","40.044901","-75.122781","","6","0","1","0","0","0","0","0","0","","0","0","0","","","0","","2","","40 02:41.644","6","0","75 07:22.011","0","0","0","0","67301","0","0","0","N","0","0","0","3","67301","0","","1.0","200.0","9","N","N","N","0","","0","0","2","","3","Y","","4","0","0","0","0","0","0","2","0","4","","07","","N","","","","","","","","","",""
"2020038925","","1","0","0","0","0","0","0","0","0","7","0","","67","4","2020","6","40.035846","-75.017058","","6","0","0","0","0","0","0","0","0","","0","0","0","","","0","N","0","","40 02:09.047","","0","75 01:01.408","0","0","0","0","67301","0","0","0","N","0","0","0","2","68K01","0","","2.0","","9","N","N","N","0","","0","0","0","","0","","","1","0","0","0","0","0","0","2","0","1","","","","N","","","","","","","","","",""
"2020034928","","1","0","0","0","0","0","0","0","0","7","0","","67","4","2020","6","40.030137","-75.022138","","6","0","0","1","0","0","0","0","0","","0","0","0","","","0","N","0","","40 01:48.493","2","0","75 01:19.695","0","0","0","0","67301","0","0","0","N","0","0","0","1","68K01","0","","5.0","1815.0","9","N","N","N","0","","0","0","0","","0","N","","1","0","0","0","0","0","0","2","0","1","","04","","N","","","","","","","","","",""
"2020074925","","0","0","0","0","0","0","0","0","0","8","0","","67","9","2020","6","40.00985","-75.159267","","6","0","0","0","0","0","0","0","0","","0","0","0","","","1","N","0","","40 00:35.460","","0","75 09:33.360","4","0","0","1","67301","1","0","0","N","1","0","0","1","67301","1","","5.0","","1","N","N","N","0","","0","0","0","","0","","","2","1","0","0","0","0","0","2","0","1","","03","","N","","","","","","","","","",""
"2020034815","","2","0","0","0","0","0","0","0","0","4","0","","67","4","2020","6","39.9789","-75.147327","","6","0","0","0","0","0","0","0","0","","0","0","0","","","0","","1","","39 58:44.040","","0","75 08:50.377","0","0","0","0","67301","0","0","0","N","0","0","0","2","67301","0","","1.0","","9","N","N","N","0","","0","0","0","","3","","","2","0","0","0","0","0","0","2","0","2","","","","N","","","","","","","","","",""
"2020035863","","3","0","0","0","0","0","0","0","0","2","0","","67","4","2020","5","39.924842","-75.241039","","6","0","0","0","0","0","0","0","0","","0","0","0","","","0","N","0","","39 55:29.430","","0","75 14:27.740","0","0","0","0","67301","0","0","0","N","0","0","0","1","67301","0","","6.0","","1","N","N","N","1","","0","0","1","","9","","","5","0","0","0","0","0","0","2","0","5","","03","","N","","","","","","","","","",""
"2020039826","","0","0","0","0","0","0","0","0","0","5","0","","67","4","2020","4","40.00255","-75.195016","","6","0","0","0","0","0","0","0","0","","0","0","0","","","1","N","0","","40 00:09.179","","0","75 11:42.057","8","0","0","0","67301","0","0","0","N","0","0","0","2","68K01","0","","1.0","","1","N","N","N","0","","0","0","2","","0","","","2","1","1","0","0","1","0","2","0","2","","","","N","","","","","","","","","",""
"2020035173","","1","0","0","0","0","0","0","0","0","7","0","","67","4","2020","1","39.981025","-75.206606","","6","0","0","0","0","1","0","0","0","","0","0","0","","","1","N","0","","39 58:51.689","3","0","75 12:23.781","3","0","0","0","67301","0","0","0","N","0","0","0","1","68K01","0","","4.0","145.0","98","N","N","N","0","","1","0","0","","0","N","","1","1","0","0","0","0","0","2","0","1","","","","N","","","","","","","","","",""
"2020076752","","1","0","0","0","0","0","0","0","0","1","1","","67","9","2020","5","39.935557","-75.199834","","6","0","0","0","0","0","0","0","0","","0","1","0","","","2","N","0","","39 56:08.004","3","0","75 11:59.402","4","0","0","0","67301","0","0","0","N","0","0","0","3","68K01","2","","1.0","750.0","1","N","N","N","0","","0","0","1","","0","N","","3","2","0","0","0","0","0","2","0","3","","","","N","","","","","","","","","",""
"2020036164","","1","0","0","0","0","0","0","0","0","1","0","","67","4","2020","4","39.987972","-75.225536","","6","0","0","0","0","0","0","0","0","","0","0","0","","","0","N","0","","39 59:16.700","","0","75 13:31.930","0","0","0","0","67301","0","0","0","N","0","0","0","1","67301","0","","6.0","","1","N","N","N","0","","0","0","1","","2","","","2","0","0","0","0","0","0","2","0","2","","03","","N","","","","","","","","","",""
"2020075631","","2","0","0","0","0","0","0","0","0","4","0","","67","9","2020","3","39.904045","-75.240114","","6","0","0","0","0","0","0","0","0","","0","0","0","","","1","","1","","39 54:14.563","1","0","75 14:24.409","3","0","0","0","67301","0","0","0","N","0","0","0","2","67301","0","","1.0","637.0","1","N","N","N","0","","1","0","0","","2","N","","2","1","0","0","0","0","0","2","0","2","","03","","N","","","","","","","","","",""
"2020035532","","1","0","0","0","0","0","0","0","0","4","0","","67","4","2020","2","39.956107","-75.223687","","6","0","0","0","0","0","0","0","1","","0","0","0","","","0","","1","","39 57:21.985","","0","75 13:25.273","0","0","0","0","67301","0","0","0","N","0","0","0","2","67301","0","","1.0","","1","N","N","N","0","","0","0","1","","3","","","2","0","0","0","0","0","0","2","0","2","","","","N","","","","","","","","","",""
"2020034704","","2","0","0","0","0","0","0","0","0","4","0","","67","4","2020","6","40.027218","-75.171009","","6","0","0","0","0","0","0","0","0","","0","0","0","","","0","","1","","40 01:37.983","","0","75 10:15.634","0","0","0","0","67301","0","0","0","N","0","0","0","2","67301","0","","1.0","","9","N","N","N","0","","0","0","0","","2","","","2","0","0","0","0","0","0","2","0","2","","07","","N","","","","","","","","","",""
"2020041955","","1","0","0","0","0","0","0","0","0","1","0","","67","4","2020","7","39.992456","-75.201118","","6","0","0","0","0","0","1","0","0","","0","0","0","","","1","N","0","","39 59:32.840","4","0","75 12:04.025","4","0","0","0","67301","0","0","0","N","0","0","0","2","68K01","1","","1.0","1300.0","1","N","N","N","0","","0","0","1","","0","Y","","2","1","0","0","0","0","0","2","0","2","","","","N","","","","","","","","","",""
"2020075333","","1","0","1","0","0","0","0","0","0","5","0","","67","9","2020","5","40.003513","-75.077401","","6","0","0","0","0","0","0","0","0","","0","0","0","","","1","N","7","","40 00:12.647","2","2","75 04:38.645","2","0","0","0","67301","0","0","0","N","0","0","0","2","68K01","0","","1.0","2230.0","1","N","N","N","0","","0","1","0","","0","N","","2","1","0","0","0","0","1","2","0","2","","","","N","","","","","","","","","",""
"2020075063","","2","0","0","0","0","0","0","0","0","5","0","","67","9","2020","1","40.071881","-75.039275","","6","0","0","0","0","0","0","0","0","","0","0","0","","","0","N","0","","40 04:18.770","","0","75 02:21.390","0","0","0","0","67301","0","0","0","N","0","0","0","1","67301","0","","6.0","","1","N","N","N","0","","0","0","0","","0","","","2","0","0","0","0","0","0","2","0","2","","","","N","","","","","","","","","",""
"2020035536","","1","0","0","0","0","0","0","0","0","5","0","","67","4","2020","2","40.008981","-75.166339","","6","0","0","0","0","0","0","0","0","","0","0","0","","","0","N","0","","40 00:32.330","2","0","75 09:58.820","0","0","0","0","67301","0","0","0","N","0","0","0","1","67301","0","","6.0","2225.0","1","N","N","N","0","","0","0","2","","0","N","","4","0","0","0","0","0","0","2","1","4","","","","N","","","","","","","","","",""
"2020035083","","1","0","0","0","0","0","0","0","0","7","0","","67","4","2020","1","40.043956","-75.116036","","6","0","0","0","0","0","0","0","0","","0","0","0","","","1","N","0","","40 02:38.241","","0","75 06:57.729","3","0","0","0","67301","0","0","0","N","0","0","0","1","67301","0","","4.0","","9","N","N","N","0","","1","0","0","","9","","","1","1","0","0","0","0","0","2","0","1","","07","","N","","","","","","","","","",""
"2020035276","","0","0","0","0","0","0","0","0","0","7","0","","67","4","2020","3","39.984364","-75.112976","","6","0","0","0","0","0","0","0","0","","0","0","0","","","0","","2","","39 59:03.710","","0","75 06:46.713","0","0","0","0","67301","0","0","0","N","0","0","0","1","67301","0","","5.0","","1","N","N","N","0","","0","0","0","","3","","","1","0","0","0","0","0","0","2","1","1","","","","N","","","","","","","","","",""
"2020035014","","2","0","0","0","0","0","0","0","0","1","0","","67","4","2020","1","40.047131","-75.151076","","6","0","0","0","0","0","0","0","0","","0","0","0","","","0","","2","","40 02:49.671","","0","75 09:03.873","0","0","0","0","67301","0","0","0","N","0","0","0","2","67301","0","","1.0","","9","N","N","N","0","","0","0","0","","0","","","2","0","0","0","0","0","0","2","0","2","","","","N","","","","","","","","","",""
"2020035272","","1","0","0","0","0","0","0","0","0","4","0","","67","4","2020","7","39.999625","-75.190584","","6","0","0","0","0","0","0","0","0","","0","0","0","","","1","","2","","39 59:58.649","","0","75 11:26.101","4","0","0","1","67301","0","0","0","N","0","0","0","2","67301","1","","1.0","","1","N","N","N","0","","0","0","0","","2","","","2","1","0","0","0","0","0","2","0","2","","03","","N","","","","","","","","","",""
"2020074736","","1","0","0","0","0","0","0","0","0","8","0","","67","9","2020","3","39.973575","-75.234772","","6","0","0","0","0","0","0","0","0","","0","0","0","","","1","N","0","","39 58:24.870","","0","75 14:05.180","3","0","0","0","67301","1","0","0","N","1","0","0","1","67301","0","","1.0","","1","N","N","N","0","","1","0","0","","0","","","2","1","0","0","0","0","0","2","0","1","","03","","N","","","","","","","","","",""
"2020041954","","2","0","0","0","0","0","0","0","0","5","0","","67","4","2020","6","39.981052","-75.206641","","6","0","0","0","0","0","0","0","0","","0","0","0","","","0","N","0","","39 58:51.788","","0","75 12:23.906","0","0","0","0","67301","0","0","0","N","0","0","0","2","68K01","0","","1.0","","9","N","N","N","0","","0","0","0","","0","","","2","0","0","0","0","0","0","2","0","2","","","","N","","","","","","","","","",""
"2020035820","","1","0","0","0","0","0","0","0","0","4","0","","67","4","2020","6","40.027704","-75.098746","","6","0","0","0","0","0","1","1","0","","0","0","0","","","0","","1","","40 01:39.734","2","0","75 05:55.484","0","0","0","0","67301","0","0","0","N","0","0","0","2","67301","0","","1.0","1259.0","9","N","N","N","0","","0","0","0","","2","N","","2","0","1","0","0","0","0","2","1","2","","","","N","","","","","","","","","",""
"2020035649","","1","0","0","0","0","0","0","0","0","8","0","","67","4","2020","4","40.044178","-75.162719","","6","0","0","0","0","0","1","0","0","","0","0","0","","","1","","1","","40 02:39.040","","6","75 09:45.790","8","0","0","0","67301","1","0","0","N","1","0","0","2","67301","0","","1.0","","1","N","N","N","0","","0","0","0","","2","","","2","1","0","0","0","1","0","2","0","1","","03","","N","","","","","","","","","",""
"2020036732","","1","0","0","0","0","0","0","0","0","1","0","","67","4","2020","3","39.959481","-75.174679","","6","0","0","0","0","0","1","0","0","","0","0","0","","","0","N","0","","39 57:34.132","","0","75 10:28.844","0","0","0","0","67301","0","0","0","N","0","0","0","3","68K01","0","","1.0","","1","N","N","N","0","","0","0","1","","0","","","2","0","0","0","0","0","0","2","0","2","","","","N","","","","","","","","","",""
"2020069890","","1","0","0","1","0","0","0","0","0","8","0","","67","8","2020","6","39.954339","-75.191786","","6","0","0","0","0","0","0","0","0","","0","0","0","","","1","","1","","39 57:15.621","","0","75 11:30.428","3","0","0","0","67301","1","0","0","N","0","0","0","2","67504","0","","1.0","","1","N","N","N","0","","1","0","0","","2","","","2","1","0","0","0","0","0","2","0","1","","","","N","","","","","","","","","",""
"2020076727","","1","0","0","0","0","0","0","0","0","0","0","","67","8","2020","7","40.054567","-74.985067","","6","0","0","0","0","0","0","0","0","","0","0","0","","","1","N","0","","40 03:16.442","","0","74 59:06.242","8","0","0","0","67301","0","0","0","N","0","0","0","2","68K01","0","","1.0","","1","N","N","N","1","","0","0","0","","0","","","2","1","0","0","0","1","0","2","0","2","","03","","N","","","","","","","","","",""
"2020018667","","0","0","0","0","0","0","0","0","0","4","0","","67","2","2020","4","39.904061","-75.240291","","6","0","0","0","0","0","1","0","0","","0","0","0","","","7","","1","","39 54:14.619","","0","75 14:25.049","4","0","0","0","67301","0","0","0","N","0","0","0","8","67301","7","","1.0","","1","N","N","N","0","","0","0","1","","2","","","2","7","0","0","0","0","0","2","0","2","","03","","N","","","","","","","","","",""
"2020034782","","0","0","0","0","0","0","0","0","0","4","0","","67","4","2020","7","40.062557","-75.009433","","6","0","0","0","0","0","1","1","0","","0","0","0","","","1","","1","","40 03:45.204","","0","75 00:33.960","3","0","0","0","67301","0","0","0","N","0","0","0","3","67301","0","","1.0","","1","N","N","N","0","","1","0","2","","2","","","2","1","0","0","0","0","0","2","0","2","","","","N","","","","","","","","","",""
"2020035512","","1","0","0","0","0","0","0","0","0","7","0","","67","4","2020","3","39.956929","-75.152822","","6","0","0","0","0","0","1","0","0","","0","0","0","","","1","N","0","","39 57:24.944","3","0","75 09:10.159","4","0","0","0","67301","0","0","0","N","0","0","0","1","68K01","1","","4.0","230.0","1","N","N","N","0","","0","0","0","","0","N","","1","1","0","0","0","0","0","2","0","1","","","","N","","","","","","","","","",""
"2020035213","","1","0","0","0","0","0","0","0","0","7","0","","67","4","2020","2","39.997865","-75.185017","","6","0","0","0","0","0","0","0","0","","0","0","0","","","4","","2","","39 59:52.314","7","0","75 11:06.061","2","0","0","0","67301","0","0","0","Y","0","0","0","4","67301","0","","4.0","345.0","9","N","N","N","0","","1","3","0","","2","Y","","1","4","4","0","3","0","0","2","0","1","","04","","N","","","","","","","","","",""
"2020035993","","2","0","0","0","0","0","0","0","0","4","0","","67","4","2020","5","39.979529","-75.240907","","6","0","0","0","0","0","0","0","0","","0","0","0","","","2","","1","","39 58:46.304","","0","75 14:27.265","8","0","0","0","67301","0","0","0","N","0","0","0","2","67301","0","","1.0","","9","N","N","N","0","","0","0","0","","3","","","3","2","0","0","0","2","0","2","1","3","","07","","N","","","","","","","","","",""
"2020019480","","2","0","0","0","0","0","0","0","0","4","0","","67","2","2020","4","40.017859","-75.172577","","6","0","0","0","0","0","1","0","0","","0","0","0","","","0","N","0","","40 01:04.291","2","0","75 10:21.277","0","0","0","0","67301","0","0","0","N","0","0","0","2","67301","0","","1.0","555.0","1","N","N","N","0","","0","0","0","","0","N","","2","0","0","0","0","0","0","2","0","2","","03","","N","","","","","","","","","",""
"2020057293","","2","0","0","0","0","0","0","0","0","4","0","","67","7","2020","2","40.099299","-75.030149","","6","0","0","0","0","0","1","0","1","","0","0","0","","","0","N","0","","40 05:57.478","","7","75 01:48.538","0","0","0","0","67301","0","0","0","N","0","0","0","2","67301","0","","2.0","","1","N","N","N","0","","0","0","0","","0","","","2","0","0","0","0","0","0","2","0","2","","03","","N","","","","","","","","","",""
"2020019477","","1","0","0","0","0","0","0","0","0","4","0","","67","2","2020","5","39.959448","-75.224977","","6","0","0","0","0","0","0","0","0","","0","0","0","","","1","","2","","39 57:34.013","5","0","75 13:29.918","8","0","0","0","67301","0","0","0","N","0","0","0","3","67301","0","","1.0","2215.0","1","N","N","N","0","","0","0","1","","0","Y","","2","1","0","0","0","1","0","2","0","2","","03","","N","","","","","","","","","",""
"2020034674","","1","0","0","0","0","0","0","0","0","1","0","","67","4","2020","6","40.050265","-75.117128","","6","0","0","0","0","0","0","0","0","","0","0","0","","","3","","1","","40 03:00.954","","0","75 07:01.660","3","0","0","0","67301","0","0","0","N","0","0","0","5","67301","0","","1.0","","9","N","N","N","1","","3","0","0","","2","","","2","3","0","0","0","0","0","2","0","2","","","","N","","","","","","","","","",""
"2020034786","","6","0","0","0","0","0","0","0","0","1","0","","67","4","2020","6","39.938508","-75.172019","","6","0","0","0","0","0","1","0","0","","0","0","0","","","5","N","0","","39 56:18.630","","0","75 10:19.270","3","0","0","0","67301","0","0","0","N","0","0","0","5","67301","0","","1.0","","9","N","N","N","0","","1","0","2","","0","","","10","5","0","0","0","4","0","2","2","10","","04","","N","","","","","","","","","",""
"2020034502","","2","0","0","0","0","0","0","0","0","4","0","","67","4","2020","5","40.00805","-75.084852","","6","0","1","0","0","0","0","1","0","","0","0","0","","","1","","2","","40 00:28.981","","0","75 05:05.466","8","0","0","0","67301","0","0","0","N","0","0","0","3","67301","0","","1.0","","1","N","N","N","0","","0","0","0","","3","","","2","1","0","0","0","1","0","2","0","2","","03","","N","","","","","","","","","",""
"2020035011","","2","0","0","0","0","0","0","0","0","4","0","","67","4","2020","1","40.019014","-75.052415","","6","0","0","0","0","0","0","0","0","","0","0","0","","","0","N","0","","40 01:08.449","3","0","75 03:08.693","0","0","0","0","67301","0","0","0","N","0","0","0","2","67301","0","","1.0","1321.0","9","N","N","Y","2","","0","0","0","","0","N","","4","0","2","0","0","0","0","2","0","4","","04","","N","","","","","","","","","",""
"2020036227","","1","0","0","0","0","0","0","0","0","7","0","","67","4","2020","2","39.91199","-75.150514","","6","0","0","0","1","0","0","0","0","","0","0","0","","","0","","2","","39 54:43.164","","2","75 09:01.850","0","0","0","0","67301","0","0","0","N","0","0","0","2","67301","0","","4.0","","9","N","N","N","0","","0","0","0","","2","","","1","0","2","0","0","0","0","2","0","1","","04","","N","","","","","","","","","",""
"2020076444","","2","0","0","0","0","0","0","0","0","2","0","","67","9","2020","5","40.033072","-75.106907","","6","0","0","0","0","0","0","0","0","","0","0","0","","","2","N","0","","40 01:59.060","","7","75 06:24.865","3","0","0","0","67301","0","0","0","N","0","0","0","3","67301","0","","1.0","","1","N","N","N","0","","2","0","0","","0","","","2","2","0","0","0","0","0","2","0","2","","","","N","","","","","","","","","",""
"2020034534","","1","0","0","0","0","0","0","0","0","4","0","","67","4","2020","5","39.991709","-75.161643","","6","0","0","0","0","0","1","0","0","","0","0","0","","","0","","1","","39 59:30.152","","0","75 09:41.914","9","0","0","0","67301","0","0","0","N","0","0","0","2","67301","0","","1.0","","1","N","N","N","0","","0","0","1","","3","","","2","0","1","0","0","0","1","2","0","2","","03","","N","","","","","","","","","",""
"2020039820","","1","0","0","0","0","0","0","0","0","7","0","","67","4","2020","1","39.983311","-75.208032","","6","0","0","0","0","0","0","0","0","","0","0","0","","","1","N","0","","39 58:59.918","","0","75 12:28.914","3","0","0","0","67301","0","0","0","N","0","0","0","2","68K01","0","","2.0","","9","N","N","N","0","","1","0","0","","0","","","1","1","0","0","0","0","0","2","0","1","","","","N","","","","","","","","","",""
"2020036283","","1","0","0","0","0","0","0","0","0","5","0","","67","5","2020","6","39.991056","-75.156778","","6","0","0","0","0","0","0","0","0","","0","0","0","","","0","N","0","","39 59:27.800","","0","75 09:24.400","0","0","0","0","67301","0","0","0","N","0","0","0","2","67301","0","","6.0","","1","N","N","Y","0","","0","0","1","","0","","","2","0","0","0","0","0","0","2","0","2","","03","","N","","","","","","","","","",""
"2020034499","","2","0","0","0","0","0","0","0","0","3","0","","67","4","2020","5","40.032731","-75.091125","","6","0","0","0","0","0","0","0","0","","0","0","0","","","0","N","0","","40 01:57.830","","0","75 05:28.050","0","0","0","0","67301","0","0","0","N","0","0","0","1","67301","0","","1.0","","1","N","N","N","0","","0","0","1","","0","","","3","0","1","0","0","0","0","2","0","3","","03","","N","","","","","","","","","",""
"2020076694","","1","0","0","0","0","0","0","0","0","7","0","","67","8","2020","6","39.885922","-75.243026","","6","0","0","0","0","0","1","0","0","","0","0","0","","","1","N","0","","39 53:09.319","","0","75 14:34.895","8","0","0","0","67301","0","0","0","Y","0","0","0","1","68K01","0","","4.0","","9","N","N","N","0","","0","0","0","","0","","","1","1","0","0","0","1","0","2","0","1","","","","N","","","","","","","","","",""
"2020036120","","1","0","0","0","0","0","0","0","0","7","0","","67","4","2020","4","40.080757","-75.028601","","6","0","0","0","0","0","2","0","0","","0","0","0","","","4","N","1","","40 04:50.725","5","0","75 01:42.964","3","0","0","0","67301","0","0","0","Y","0","0","0","4","67301","0","","3.0","1230.0","1","N","N","N","0","","2","0","3","","2","Y","","4","4","0","0","0","2","0","2","0","4","","03","","N","","","","","","","","","",""