"CRN","ARRIVAL_TM","AUTOMOBILE_COUNT","BELTED_DEATH_COUNT","BELTED_SUSP_SERIOUS_INJ_COUNT","BICYCLE_COUNT","BICYCLE_DEATH_COUNT","BICYCLE_SUSP_SERIOUS_INJ_COUNT","BUS_COUNT","CHLDPAS_DEATH_COUNT","CHLDPAS_SUSP_SERIOUS_INJ_COUNT","COLLISION_TYPE","COMM_VEH_COUNT","CONS_ZONE_SPD_LIM","COUNTY","CRASH_MONTH","CRASH_YEAR","DAY_OF_WEEK","DEC_LATITUDE","DEC_LONGITUDE","DISPATCH_TM","DISTRICT","DRIVER_COUNT_16YR","DRIVER_COUNT_17YR","DRIVER_COUNT_18YR","DRIVER_COUNT_19YR","DRIVER_COUNT_20YR","DRIVER_COUNT_50_64YR","DRIVER_COUNT_65_74YR","DRIVER_COUNT_75PLUS","EST_HRS_CLOSED","FATAL_COUNT","HEAVY_TRUCK_COUNT","HORSE_BUGGY_COUNT","HOUR_OF_DAY","ILLUMINATION","INJURY_COUNT","INTERSECTION_RELATED","INTERSECT_TYPE","LANE_CLOSED","LATITUDE","LN_CLOSE_DIR","LOCATION_TYPE","LONGITUDE","MAX_SEVERITY_LEVEL","MCYCLE_DEATH_COUNT","MCYCLE_SUSP_SERIOUS_INJ_COUNT","MOTORCYCLE_COUNT","MUNICIPALITY","NONMOTR_COUNT","NONMOTR_DEATH_COUNT","NONMOTR_SUSP_SERIOUS_INJ_COUNT","NTFY_HIWY_MAINT","PED_COUNT","PED_DEATH_COUNT","PED_SUSP_SERIOUS_INJ_COUNT","PERSON_COUNT","POLICE_AGCY","POSSIBLE_INJ_COUNT","RDWY_SURF_TYPE_CD","RELATION_TO_ROAD","ROADWAY_CLEARED","ROAD_CONDITION","SCH_BUS_IND","SCH_ZONE_IND","SECONDARY_CRASH","SMALL_TRUCK_COUNT","SPEC_JURIS_CD","SUSP_MINOR_INJ_COUNT","SUSP_SERIOUS_INJ_COUNT","SUV_COUNT","TCD_FUNC_CD","TCD_TYPE","TFC_DETOUR_IND","TIME_OF_DAY","TOTAL_UNITS","TOT_INJ_COUNT","UNBELTED_OCC_COUNT","UNB_DEATH_COUNT","UNB_SUSP_SERIOUS_INJ_COUNT","UNK_INJ_DEG_COUNT","UNK_INJ_PER_COUNT","URBAN_RURAL","VAN_COUNT","VEHICLE_COUNT","WEATHER1","WEATHER2","WORKERS_PRES","WORK_ZONE_IND","WORK_ZONE_LOC","WORK_ZONE_TYPE","WZ_CLOSE_DETOUR","WZ_FLAGGER","WZ_LAW_OFFCR_IND","WZ_LN_CLOSURE","WZ_MOVING","WZ_OTHER","WZ_SHLDER_MDN","WZ_WORKERS_INJ_KILLED"
"2020075151","","2","0","0","0","0","0","0","0","0","1","0","","67","8","2020","1","39.974802","-75.194416","","6","0","1","0","0","0","0","0","0","","0","0","0","","","1","N","0","","39 58:29.287","3","0","75 11:39.897","3","0","0","0","67301","0","0","0","N","0","0","0","2","68K01","0","","1.0","30.0","1","N","N","N","0","","1","0","0","","0","Y","","2","1","0","0","0","0","0","2","0","2","","03","","N","","","","","","","","","",""
"2020034500","","2","0","0","0","0","0","0","0","0","1","0","","67","4","2020","5","40.066698","-75.027219","","6","0","0","0","0","0","0","0","0","","0","0","0","","","0","N","0","","40 04:00.112","5","0","75 01:37.987","0","0","0","0","67301","0","0","0","N","0","0","0","1","67301","0","","6.0","1243.0","1","N","N","N","0","","0","0","0","","0","Y","","2","0","0","0","0","0","0","2","0","2","","","","N","","","","","","","","","",""
"2020035860","","2","0","0","0","0","0","0","0","0","4","0","","67","4","2020","2","39.939674","-75.222944","","6","0","0","0","0","0","0","0","0","","0","0","0","","","0","","1","","39 56:22.826","","0","75 13:22.598","0","0","0","0","67301","0","0","0","N","0","0","0","3","67301","0","","1.0","","1","N","N","N","0","","0","0","0","","2","","","2","0","0","0","0","0","0","2","0","2","","03","","N","","","","","","","","","",""
"2020071968","","0","0","0","0","0","0","0","0","0","0","0","","67","8","2020","1","39.992347","-75.154811","","6","0","0","0","0","0","0","0","0","","1","0","0","","","1","N","2","","39 59:32.449","","0","75 09:17.320","1","0","0","0","67301","0","0","0","N","0","0","0","2","67301","0","2","1.0","","1","N","N","N","0","0","1","0","0","","0","","","1","1","0","0","0","0","0","2","0","1","","03","","N","","","","","","","","","",""
"2020015379","","0","0","0","0","0","0","0","0","0","1","0","","67","2","2020","7","39.900615","-75.205158","","6","0","0","0","0","0","0","0","0","","0","0","0","","","0","N","0","","39 54:02.214","","3","75 12:18.569","0","0","0","0","67301","0","0","0","N","0","0","0","3","67301","0","","1.0","","1","N","N","N","1","","0","0","2","","0","","","3","0","0","0","0","0","0","2","0","3","","","","N","","","","","","","","","",""
"2020076720","","2","0","0","0","0","0","0","0","0","1","0","","67","8","2020","5","39.958062","-75.163333","","6","0","0","0","0","0","0","0","0","","0","0","0","","","2","N","0","","39 57:29.024","","0","75 09:47.997","3","0","0","0","67301","0","0","0","N","0","0","0","3","68K01","0","","1.0","","1","N","N","N","0","","2","0","1","","0","","","3","2","0","0","0","0","0","2","0","3","","03","","N","","","","","","","","","",""
"2020071362","","1","0","0","0","0","0","0","0","0","7","0","","67","8","2020","5","39.953181","-75.248742","","6","0","0","0","0","1","0","0","0","","0","0","0","","","1","","2","","39 57:11.451","","0","75 14:55.471","4","0","0","0","67301","0","0","0","N","0","0","0","1","67301","1","","4.0","","1","N","N","N","0","","0","0","0","","1","","","1","1","1","0","0","0","0","2","0","1","","03","","N","","","","","","","","","",""
"2020019393","","0","0","0","0","0","0","0","0","0","8","0","","67","2","2020","2","39.957208","-75.227482","","6","0","0","0","0","0","0","0","0","","0","0","0","","","1","","1","","39 57:25.949","","0","75 13:38.934","3","0","0","0","67301","1","0","0","N","1","0","0","2","67301","0","","1.0","","9","N","N","N","0","","1","0","1","","2","","","2","1","0","0","0","0","0","2","0","1","","04","","N","","","","","","","","","",""
"2020075197","","1","0","0","0","0","0","1","0","0","4","1","","67","9","2020","3","40.061235","-75.083542","","6","0","0","0","0","0","0","0","0","","0","0","0","","","1","N","1","","40 03:40.446","","0","75 05:00.751","8","0","0","0","67301","0","0","0","N","0","0","0","3","67508","0","","1.0","","1","N","N","Y","0","","0","0","0","","0","","","2","1","0","0","0","1","0","2","0","2","","03","","N","","","","","","","","","",""
"2020016051","","1","0","0","0","0","0","0","0","0","6","0","","67","2","2020","1","39.924583","-75.152091","","6","0","0","0","0","0","0","0","0","","0","0","0","","","1","","1","","39 55:28.498","1","0","75 09:07.527","4","0","0","0","67301","0","0","0","N","0","0","0","2","67301","1","","1.0","1900.0","1","N","N","N","0","","0","0","1","","2","N","","2","1","0","0","0","0","0","2","0","2","","98","","N","","","","","","","","","",""
"2020057295","","1","0","0","0","0","0","0","0","0","4","0","","67","7","2020","6","40.012153","-75.112797","","6","0","0","0","0","0","0","0","0","","0","0","0","","","0","N","0","","40 00:43.750","","7","75 06:46.070","0","0","0","0","67301","0","0","0","N","0","0","0","2","67301","0","","1.0","","1","N","N","N","0","","0","0","1","","0","","","2","0","0","0","0","0","0","2","0","2","","03","","N","","","","","","","","","",""
"2020041956","","0","0","0","0","0","0","0","0","0","7","0","","67","4","2020","1","39.959993","-75.179695","","6","0","0","0","0","0","0","0","0","","0","0","0","","","0","N","0","","39 57:35.974","3","0","75 10:46.901","0","0","0","0","67301","0","0","0","N","0","0","0","1","68K01","0","","4.0","1530.0","9","N","N","N","1","","0","0","0","","0","Y","","1","0","0","0","0","0","0","2","0","1","","","","N","","","","","","","","","",""
"2020038121","","0","0","0","0","0","0","1","0","0","1","1","","67","5","2020","4","39.969513","-75.225371","","6","0","0","0","0","0","0","0","0","","0","0","0","","","1","","1","","39 58:10.246","","0","75 13:31.336","8","0","0","0","67301","0","0","0","N","0","0","0","3","67508","0","","1.0","","1","N","N","N","0","","0","0","1","","3","N","","2","1","0","0","0","1","0","2","0","2","","","","N","","","","","","","","","",""
"2020076142","","0","0","0","0","0","0","0","0","0","4","0","","67","9","2020","2","39.996505","-75.090937","","6","0","0","0","0","0","1","0","0","","0","0","0","","","1","N","0","","39 59:47.419","","7","75 05:27.372","3","0","0","1","67301","0","0","0","N","0","0","0","2","67301","0","","1.0","","1","N","N","N","0","","1","0","1","","0","","","2","1","0","0","0","0","0","2","0","2","","03","","N","","","","","","","","","",""
"2020035716","","2","0","0","0","0","0","0","0","0","1","0","","67","4","2020","1","39.905757","-75.193824","","6","0","0","0","0","0","0","0","0","","0","0","0","","","3","","1","","39 54:20.725","","0","75 11:37.765","3","0","0","0","67301","0","0","0","N","0","0","0","9","67301","0","","1.0","","9","N","N","N","0","","3","0","2","","2","","","4","3","0","0","0","0","0","2","0","4","","04","","N","","","","","","","","","",""
"2020076594","","1","0","0","0","0","0","0","0","0","4","0","","67","9","2020","4","40.035013","-75.018626","","6","0","0","0","0","0","0","0","0","","0","0","0","","","1","N","0","","40 02:06.047","2","0","75 01:07.053","8","0","0","0","67301","0","0","0","N","0","0","0","1","68K01","0","","4.0","130.0","1","N","N","N","0","","0","0","0","","0","N","","1","1","0","0","0","1","0","2","0","1","","03","","N","","","","","","","","","",""
"2020035406","","0","0","0","0","0","0","0","0","0","7","0","","67","4","2020","6","40.050639","-74.991218","","6","0","0","0","1","0","0","0","0","","0","0","0","","","1","N","0","","40 03:02.299","","0","74 59:28.386","8","0","0","0","67301","0","0","0","N","0","0","0","3","68K01","0","","3.0","","1","N","N","N","0","","0","0","1","","0","","","1","1","0","0","0","1","0","2","0","1","","03","","N","","","","","","","","","",""
"2020034744","","1","0","0","0","0","0","0","0","0","4","0","","67","4","2020","6","39.989348","-75.167307","","6","0","0","0","0","0","1","0","0","","0","0","0","","","0","","1","","39 59:21.653","","0","75 10:02.305","0","0","0","0","67301","0","0","0","N","0","0","0","3","67301","0","","1.0","","8","N","N","N","0","","0","0","1","","2","","","2","0","1","0","0","0","0","2","0","2","","04","","N","","","","","","","","","",""
"2020035355","","1","0","0","0","0","0","0","0","0","2","0","","67","4","2020","2","40.040699","-75.107661","","6","0","0","0","0","0","0","0","0","","0","0","0","","","0","N","0","","40 02:26.517","","0","75 06:27.579","0","0","0","0","67301","0","0","0","N","0","0","0","1","67301","0","","6.0","","1","N","N","N","0","","0","0","3","","2","","","4","0","1","0","0","0","0","2","0","4","","04","","N","","","","","","","","","",""
"2020076704","","1","0","0","0","0","0","0","0","0","1","0","","67","8","2020","1","39.945209","-75.142675","","6","0","0","0","0","0","1","0","0","","0","0","0","","","2","N","0","","39 56:42.751","","0","75 08:33.630","3","0","0","0","67301","0","0","0","N","0","0","0","3","68K01","0","","1.0","","9","N","N","N","0","","2","0","0","","0","","","2","2","0","0","0","0","1","2","0","2","","","","N","","","","","","","","","",""
"2020034925","","1","0","0","0","0","0","0","0","0","7","0","","67","4","2020","6","39.960079","-75.180329","","6","0","0","0","0","0","0","0","0","","0","0","0","","","1","N","0","","39 57:36.285","3","3","75 10:49.185","8","0","0","0","67301","0","0","0","N","0","0","0","2","68K01","0","","2.0","30.0","9","N","N","N","0","","0","0","0","","0","N","","1","1","0","0","0","1","0","2","0","1","","07","","N","","","","","","","","","",""
"2020036859","","1","0","0","0","0","0","0","0","0","7","0","","67","4","2020","6","39.887049","-75.20513","","6","0","0","0","0","0","0","0","0","","0","0","0","","","0","N","0","","39 53:13.376","","0","75 12:18.468","0","0","0","0","67301","0","0","0","N","0","0","0","1","68K01","0","","4.0","","9","N","N","N","0","","0","0","0","","0","","","1","0","0","0","0","0","0","2","0","1","","04","","N","","","","","","","","","",""
"2020076756","","1","0","0","0","0","0","0","0","0","1","0","","67","9","2020","5","40.004714","-75.076081","","6","0","0","0","0","0","0","0","0","","0","0","0","","","0","N","0","","40 00:16.971","1","0","75 04:33.891","0","0","0","0","67301","0","0","0","N","0","0","0","2","68K01","0","","3.0","15.0","1","N","N","N","1","","0","0","0","","0","N","","2","0","0","0","0","0","0","2","0","2","","","","N","","","","","","","","","",""
"2020035653","","0","0","0","0","0","0","0","0","0","4","0","","67","4","2020","3","39.988524","-75.106326","","6","0","0","0","0","0","0","1","0","","0","0","0","","","1","","1","","39 59:18.686","1","0","75 06:22.773","3","0","0","1","67301","0","0","0","N","0","0","0","2","67301","0","","1.0","15.0","1","N","N","N","0","","1","0","1","","2","N","","2","1","0","0","0","0","0","2","0","2","","03","","N","","","","","","","","","",""
"2020036825","","1","0","0","0","0","0","0","0","0","8","0","","67","5","2020","6","39.974938","-75.197404","","6","0","0","0","0","0","0","0","0","","0","0","0","","","1","N","0","","39 58:29.775","","0","75 11:50.655","3","0","0","0","67301","1","0","0","N","1","0","0","2","67301","0","","1.0","","1","N","N","N","0","","1","0","0","","2","","","2","1","0","0","0","0","0","2","0","1","","03","","N","","","","","","","","","",""
"2020035859","","1","0","0","0","0","0","0","0","0","7","0","","67","4","2020","2","39.940698","-75.224153","","6","0","0","0","0","0","0","0","0","","0","0","0","","","0","","1","","39 56:26.512","","0","75 13:26.950","9","0","0","0","67301","0","0","0","N","0","0","0","1","67301","0","","5.0","","9","N","N","N","0","","0","0","0","","2","","","1","0","0","0","0","0","1","2","0","1","","","","N","","","","","","","","","",""
"2020035211","","2","0","0","0","0","0","0","0","0","4","0","","67","4","2020","1","39.949699","-75.233135","","6","0","0","0","0","0","0","0","0","","0","0","0","","","0","","1","","39 56:58.916","","0","75 13:59.286","0","0","0","0","67301","0","0","0","N","0","0","0","2","67301","0","","1.0","","9","N","N","N","0","","0","0","1","","3","","","3","0","2","0","0","0","0","2","0","3","","04","","N","","","","","","","","","",""
"2020035994","","1","0","0","0","0","0","0","0","0","4","0","","67","4","2020","5","39.964651","-75.236844","","6","0","0","0","0","0","0","0","0","","0","0","0","","","1","","1","","39 57:52.743","","0","75 14:12.638","4","0","0","0","67301","0","0","0","N","0","0","0","2","67301","1","","1.0","","9","N","N","N","0","","0","0","3","","3","","","4","1","0","0","0","0","0","2","0","4","","07","","N","","","","","","","","","",""
"2020016653","","1","0","0","0","0","0","0","0","0","4","0","","67","2","2020","4","40.052488","-75.087164","","6","0","0","0","0","0","0","0","1","","0","0","0","","","1","","1","","40 03:08.956","","0","75 05:13.790","3","0","0","0","67301","0","0","0","N","0","0","0","2","67301","0","","4.0","","1","N","N","N","0","","1","0","0","","3","","","2","1","1","0","0","0","0","2","1","2","","03","","N","","","","","","","","","",""
"2020016973","","2","0","0","0","0","0","0","0","0","1","0","","67","2","2020","4","40.101264","-75.029317","","6","0","0","0","0","0","1","1","0","","0","0","0","","","0","N","0","","40 06:04.552","1","0","75 01:45.540","0","0","0","0","67301","0","0","0","N","0","0","0","3","67301","0","","1.0","1930.0","1","N","N","N","0","","0","0","1","","0","N","","4","0","0","0","0","0","0","2","0","3","","03","","N","","","","","","","","","",""
"2020035724","","1","0","0","0","0","0","0","0","0","4","0","","67","4","2020","4","40.028466","-75.058116","","6","0","0","0","0","0","0","0","0","","0","0","0","","","0","N","0","","40 01:42.477","","7","75 03:29.216","0","0","0","0","67301","0","0","0","N","0","0","0","3","67301","0","","1.0","","1","N","N","N","0","","0","0","1","","0","","","2","0","0","0","0","0","0","2","0","2","","","","N","","","","","","","","","",""
"2020034866","","1","0","0","0","0","0","0","0","0","4","0","","67","4","2020","7","39.957931","-75.164145","","6","0","0","0","0","0","0","0","0","","0","0","0","","","2","","1","","39 57:28.550","","3","75 09:50.921","3","0","0","0","67301","0","0","0","N","0","0","0","2","67301","0","","1.0","","1","N","N","N","0","","2","0","1","","2","","","2","2","0","0","0","0","0","2","0","2","","","","N","","","","","","","","","",""
"2020075335","","0","0","0","0","0","0","0","0","0","1","0","","67","9","2020","7","40.01543","-75.053221","","6","0","0","0","0","0","0","0","0","","0","0","0","","","0","N","0","","40 00:55.548","","0","75 03:11.596","0","0","0","0","67301","0","0","0","N","0","0","0","4","68K01","0","","1.0","","1","N","N","N","0","","0","0","3","","8","","","3","0","0","0","0","0","0","2","0","3","","","","N","","","","","","","","","",""
"2020019219","","3","0","0","0","0","0","0","0","0","4","0","","67","2","2020","5","40.058008","-75.059594","","6","0","0","0","0","0","0","1","0","","0","0","0","","","4","","1","","40 03:28.830","","0","75 03:34.539","3","0","0","0","67301","0","0","0","N","0","0","0","7","67301","2","","1.0","","1","N","N","N","0","","2","0","1","","2","","","4","4","0","0","0","0","0","2","0","4","","","","N","","","","","","","","","",""
"2020017058","","2","0","0","0","0","0","0","0","0","4","0","","67","2","2020","5","40.044953","-75.232914","","6","0","0","0","0","0","0","0","0","","0","0","0","","","2","N","0","","40 02:41.830","","7","75 13:58.490","3","0","0","0","67301","0","0","0","N","0","0","0","5","67301","0","","1.0","","9","N","N","Y","0","","2","0","1","","8","","","4","2","1","0","0","0","0","2","1","4","","04","","N","","","","","","","","","",""
"2020035535","","1","0","0","0","0","0","0","0","0","5","0","","67","4","2020","3","40.04515","-75.149767","","6","0","0","0","0","0","0","0","0","","0","0","0","","","0","N","0","","40 02:42.540","","0","75 08:59.160","0","0","0","0","67301","0","0","0","N","0","0","0","2","67301","0","","1.0","","1","N","N","N","0","","0","0","1","","0","","","2","0","0","0","0","0","0","2","0","2","","03","","N","","","","","","","","","",""
"2020055878","","1","0","0","0","0","0","0","0","0","5","0","","67","7","2020","1","39.963045","-75.177077","","6","0","0","0","0","0","0","0","0","","0","0","0","","","1","","1","","39 57:46.963","","0","75 10:37.477","3","0","0","0","67301","0","0","0","N","0","0","0","3","67301","0","","1.0","","1","N","N","N","0","","1","0","1","","2","","","2","1","0","0","0","0","0","2","0","2","","03","","N","","","","","","","","","",""
"2020076743","","1","0","0","0","0","0","0","0","0","1","0","","67","9","2020","3","39.961103","-75.13999","","6","0","0","0","0","0","0","1","0","","0","0","0","","","0","N","0","","39 57:39.972","","0","75 08:23.965","0","0","0","0","67301","0","0","0","N","0","0","0","2","68K01","0","","1.0","","1","N","N","N","0","","0","0","1","","0","","","2","0","0","0","0","0","0","2","0","2","","03","","N","","","","","","","","","",""
"2020034501","","0","0","0","0","0","0","0","0","0","4","0","","67","4","2020","5","40.027291","-75.028811","","6","0","0","0","0","0","0","1","0","","0","0","0","","","0","","1","","40 01:38.246","1","0","75 01:43.720","9","0","0","0","67301","0","0","0","N","0","0","0","3","67301","0","","1.0","100.0","1","N","N","N","1","","0","0","2","","2","N","","3","0","0","0","0","0","1","2","0","3","","03","","N","","","","","","","","","",""
"2020035075","","2","0","0","0","0","0","0","0","0","1","0","","67","4","2020","1","40.03255","-75.106266","","6","0","0","0","0","0","0","0","0","","0","0","0","","","1","N","0","","40 01:57.181","","0","75 06:22.556","8","0","0","0","67301","0","0","0","N","0","0","0","2","67301","0","","1.0","","9","N","N","N","0","","0","0","0","","0","","","2","1","0","0","0","1","1","2","0","2","","04","","N","","","","","","","","","",""
"2020036860","","1","0","0","0","0","0","0","0","0","7","0","","67","4","2020","6","39.96007","-75.180268","","6","0","0","0","0","0","1","0","0","","0","0","0","","","0","N","0","","39 57:36.253","3","0","75 10:48.966","0","0","0","0","67301","0","0","0","N","0","0","0","1","68K01","0","","2.0","1200.0","9","N","N","N","0","","0","0","0","","0","N","","1","0","0","0","0","0","0","2","0","1","","07","","N","","","","","","","","","",""
"2020075065","","0","0","0","0","0","0","0","0","0","3","0","","67","9","2020","4","40.03303","-75.048321","","6","0","0","0","0","0","0","0","0","","0","0","0","","","1","N","0","","40 01:58.908","","0","75 02:53.957","8","0","0","0","67301","0","0","0","N","0","0","0","1","67301","0","","6.0","","1","N","N","N","0","","0","0","2","","0","","","2","1","0","0","0","1","0","2","0","2","","03","","N","","","","","","","","","",""
"2020076740","","1","0","0","0","0","0","0","0","0","5","1","","67","8","2020","2","39.974683","-75.117186","","6","0","0","0","0","0","1","0","0","","0","1","0","","","0","N","0","","39 58:28.858","","0","75 07:01.868","0","0","0","0","67301","0","0","0","N","0","0","0","2","68K01","0","","1.0","","9","N","N","N","0","","0","0","0","","0","","","2","0","0","0","0","0","0","2","0","2","","","","N","","","","","","","","","",""
"2020034865","","1","0","0","0","0","0","0","0","0","1","0","","67","4","2020","1","40.099547","-75.021008","","6","0","0","0","0","0","0","0","0","","0","0","0","","","0","N","0","","40 05:58.370","","0","75 01:15.630","0","0","0","0","67301","0","0","0","N","0","0","0","3","67301","0","","1.0","","9","N","N","N","0","","0","0","2","","0","","","3","0","0","0","0","0","0","2","0","3","","07","","N","","","","","","","","","",""
"2020074448","","0","0","0","0","0","0","0","0","0","1","1","","67","9","2020","6","39.995128","-75.159242","","6","0","0","0","0","0","0","0","0","","0","1","0","","","4","Y","0","","39 59:42.460","","0","75 09:33.270","3","0","0","0","67301","0","0","0","N","0","0","0","4","67301","0","","1.0","","1","N","N","N","0","","4","0","0","","2","","","2","4","0","0","0","0","0","2","1","2","","03","","N","","","","","","","","","",""
"2020015480","","2","0","0","0","0","0","0","0","0","6","0","","67","2","2020","1","39.948989","-75.227472","","6","0","0","1","0","0","0","0","0","","0","0","0","","","0","N","0","","39 56:56.360","","0","75 13:38.900","0","0","0","0","67301","0","0","0","N","0","0","0","1","67301","0","","1.0","","1","N","N","N","0","","0","0","1","","0","","","3","0","0","0","0","0","0","2","0","3","","","","N","","","","","","","","","",""
"2020056796","","1","0","0","0","0","0","0","0","0","4","0","","67","7","2020","1","39.966208","-75.151922","","6","0","0","0","0","0","0","0","0","","0","0","0","","","0","N","0","","39 57:58.350","","0","75 09:06.920","0","0","0","0","67301","0","0","0","N","0","0","0","2","67301","0","","6.0","","1","N","N","N","0","","0","0","1","","3","","","2","0","0","0","0","0","0","2","0","2","","03","","N","","","","","","","","","",""
"2020015487","","0","0","0","0","0","0","0","0","0","1","0","","67","2","2020","7","40.00967","-75.154472","","6","0","0","0","0","0","1","0","1","","0","0","0","","","1","","1","","40 00:34.811","4","0","75 09:16.100","3","0","0","0","67301","0","0","0","N","0","0","0","3","67301","0","","1.0","2220.0","1","N","N","N","0","","1","0","2","","2","Y","","2","1","0","0","0","0","0","2","0","2","","","","N","","","","","","","","","",""
"2020035932","","1","0","0","0","0","0","0","0","0","8","0","","67","4","2020","3","39.996383","-75.102997","","6","0","0","0","0","0","0","0","0","","0","0","0","","","1","N","0","","39 59:46.980","","0","75 06:10.790","3","0","0","0","67301","1","0","0","N","1","0","0","2","67301","0","","1.0","","1","N","N","N","0","","1","0","0","","3","","","2","1","0","0","0","0","0","2","0","1","","","","N","","","","","","","","","",""
"2020037817","","1","0","0","0","0","0","0","0","0","7","0","","67","4","2020","2","39.941484","-75.143054","","6","0","0","0","0","0","0","0","0","","0","0","0","","","4","N","0","","39 56:29.342","1","0","75 08:34.996","2","0","0","0","67301","0","0","0","N","0","0","0","4","68K01","0","","4.0","2330.0","1","N","N","N","0","","2","1","0","","0","N","","1","4","4","0","1","1","0","2","0","1","","","","N","","","","","","","","","",""
"2020074662","","1","0","0","0","0","0","0","0","0","1","0","","67","9","2020","7","40.02443","-75.146919","","6","0","0","0","0","0","1","0","0","","0","0","0","","","0","","1","","40 01:27.947","","0","75 08:48.909","0","0","0","0","67301","0","0","0","N","0","0","0","1","67301","0","","1.0","","1","N","N","N","0","","0","0","1","","2","","","2","0","0","0","0","0","0","2","0","2","","03","","N","","","","","","","","","",""
"2020036123","","1","0","0","0","0","0","0","0","0","1","0","","67","5","2020","6","39.989651","-75.107345","","6","0","0","0","0","0","1","0","0","","0","0","0","","","1","","1","","39 59:22.742","","0","75 06:26.442","3","0","0","0","67301","0","0","0","N","0","0","0","2","67301","0","","1.0","","1","N","N","N","0","","1","0","1","","2","","","2","1","2","0","0","0","0","2","0","2","","03","","N","","","","","","","","","",""
"2020041375","","4","0","0","0","0","0","0","0","0","7","0","","67","4","2020","5","40.004097","-75.076893","","6","0","0","0","0","0","1","0","0","","0","0","0","","","1","N","0","","40 00:14.750","2","0","75 04:36.815","3","0","0","0","67301","0","0","0","N","0","0","0","3","68K01","0","","5.0","700.0","1","N","N","Y","1","","1","0","0","","0","Y","","5","1","1","0","0","0","0","2","0","5","","03","","N","","","","","","","","","",""
"2020027592","","0","0","0","0","0","0","0","0","0","1","0","","67","2","2020","2","39.947753","-75.187417","","6","0","0","0","0","0","1","0","0","","0","0","0","","","0","N","0","","39 56:51.911","3","0","75 11:14.700","0","0","0","0","67301","0","0","0","N","0","0","0","4","68K01","0","","1.0","720.0","9","N","N","N","0","","0","0","2","","0","N","","2","0","0","0","0","0","0","2","0","2","","07","","N","","","","","","","","","",""
"2020041957","","1","0","0","0","0","0","0","0","0","7","0","","67","4","2020","1","39.960003","-75.179766","","6","0","0","0","1","0","0","0","0","","0","0","0","","","3","N","0","","39 57:36.009","3","0","75 10:47.159","8","0","0","0","67301","0","0","0","N","0","0","0","3","68K01","0","","4.0","2000.0","9","N","N","N","0","","0","0","0","","0","Y","","1","3","1","0","0","3","0","2","0","1","","","","N","","","","","","","","","",""
"2020037390","","2","0","0","0","0","0","0","0","0","1","0","","67","5","2020","6","40.040323","-75.058538","","6","0","0","0","0","0","0","0","0","","0","0","0","","","1","","1","","40 02:25.164","1","0","75 03:30.737","3","0","0","0","67301","0","0","0","N","0","0","0","4","67301","0","","1.0","1530.0","1","N","N","N","0","","1","0","1","","2","N","","3","1","0","0","0","0","0","2","0","3","","03","","N","","","","","","","","","",""
"2020036133","","2","0","0","0","0","0","0","0","0","4","0","","67","4","2020","5","40.014088","-75.140447","","6","0","0","0","0","0","0","0","0","","0","0","0","","","3","","1","","40 00:50.716","","0","75 08:25.609","3","0","0","0","67301","0","0","0","N","0","0","0","3","67301","2","","1.0","","1","N","N","N","0","","1","0","0","","3","","","2","3","0","0","0","0","0","2","0","2","","04","","N","","","","","","","","","",""
"2020059455","","1","0","0","0","0","0","0","0","0","1","0","","67","7","2020","7","40.007908","-75.071423","","6","0","0","0","0","0","0","0","0","","0","0","0","","","3","N","0","","40 00:28.468","1","0","75 04:17.121","8","0","0","0","67301","0","0","0","N","0","0","0","3","68K01","0","","5.0","100.0","1","N","N","N","0","","0","0","1","","0","N","","2","3","3","0","0","3","0","2","0","2","","03","","N","","","","","","","","","",""
"2020016622","","1","0","0","0","0","0","0","0","0","4","0","","67","2","2020","4","39.917343","-75.213519","","6","0","0","0","0","0","1","0","0","","0","0","0","","","1","N","0","","39 55:02.433","","0","75 12:48.669","3","0","0","0","67301","0","0","0","N","0","0","0","2","67301","0","","1.0","","1","N","N","N","0","","1","0","1","","0","","","2","1","0","0","0","0","0","2","0","2","","03","","N","","","","","","","","","",""
"2020076725","","2","0","0","0","0","0","0","0","0","5","0","45","67","8","2020","7","39.89965","-75.163526","","6","0","0","0","0","0","1","0","0","","0","1","0","","","1","N","0","","39 53:58.740","2","0","75 09:48.695","3","0","0","0","67301","0","0","0","N","0","0","0","4","68K01","0","","1.0","55.0","1","N","N","N","0","","1","0","0","","0","N","","3","1","0","0","0","0","0","2","0","3","","","Y","Y","4","2","N","N","N","Y","N","N","N","N"
"2020056657","","0","0","0","0","0","0","0","0","0","7","0","","67","7","2020","5","39.97429","-75.194769","","6","0","0","0","0","0","0","0","0","","0","0","0","","","1","N","0","","39 58:27.445","","0","75 11:41.168","4","0","0","0","67301","0","0","0","N","0","0","0","2","67301","1","","7.0","","1","N","N","N","0","","0","0","1","","0","","","1","1","1","0","0","0","0","2","0","1","","","","N","","","","","","","","","",""
"2020016974","","1","0","0","0","0","0","0","0","0","1","0","","67","2","2020","5","40.108129","-74.996834","","6","0","0","0","0","0","1","0","0","","0","0","0","","","3","N","0","","40 06:29.265","4","0","74 59:48.601","3","0","0","0","67301","0","0","0","N","0","0","0","4","67301","0","","1.0","1847.0","9","N","N","Y","0","","2","0","2","","0","N","","3","3","0","0","0","1","0","2","0","3","","","","N","","","","","","","","","",""