"CRN","ARRIVAL_TM","AUTOMOBILE_COUNT","BELTED_DEATH_COUNT","BELTED_SUSP_SERIOUS_INJ_COUNT","BICYCLE_COUNT","BICYCLE_DEATH_COUNT","BICYCLE_SUSP_SERIOUS_INJ_COUNT","BUS_COUNT","CHLDPAS_DEATH_COUNT","CHLDPAS_SUSP_SERIOUS_INJ_COUNT","COLLISION_TYPE","COMM_VEH_COUNT","CONS_ZONE_SPD_LIM","COUNTY","CRASH_MONTH","CRASH_YEAR","DAY_OF_WEEK","DEC_LATITUDE","DEC_LONGITUDE","DISPATCH_TM","DISTRICT","DRIVER_COUNT_16YR","DRIVER_COUNT_17YR","DRIVER_COUNT_18YR","DRIVER_COUNT_19YR","DRIVER_COUNT_20YR","DRIVER_COUNT_50_64YR","DRIVER_COUNT_65_74YR","DRIVER_COUNT_75PLUS","EST_HRS_CLOSED","FATAL_COUNT","HEAVY_TRUCK_COUNT","HORSE_BUGGY_COUNT","HOUR_OF_DAY","ILLUMINATION","INJURY_COUNT","INTERSECTION_RELATED","INTERSECT_TYPE","LANE_CLOSED","LATITUDE","LN_CLOSE_DIR","LOCATION_TYPE","LONGITUDE","MAX_SEVERITY_LEVEL","MCYCLE_DEATH_COUNT","MCYCLE_SUSP_SERIOUS_INJ_COUNT","MOTORCYCLE_COUNT","MUNICIPALITY","NONMOTR_COUNT","NONMOTR_DEATH_COUNT","NONMOTR_SUSP_SERIOUS_INJ_COUNT","NTFY_HIWY_MAINT","PED_COUNT","PED_DEATH_COUNT","PED_SUSP_SERIOUS_INJ_COUNT","PERSON_COUNT","POLICE_AGCY","POSSIBLE_INJ_COUNT","RDWY_SURF_TYPE_CD","RELATION_TO_ROAD","ROADWAY_CLEARED","ROAD_CONDITION","SCH_BUS_IND","SCH_ZONE_IND","SECONDARY_CRASH","SMALL_TRUCK_COUNT","SPEC_JURIS_CD","SUSP_MINOR_INJ_COUNT","SUSP_SERIOUS_INJ_COUNT","SUV_COUNT","TCD_FUNC_CD","TCD_TYPE","TFC_DETOUR_IND","TIME_OF_DAY","TOTAL_UNITS","TOT_INJ_COUNT","UNBELTED_OCC_COUNT","UNB_DEATH_COUNT","UNB_SUSP_SERIOUS_INJ_COUNT","UNK_INJ_DEG_COUNT","UNK_INJ_PER_COUNT","URBAN_RURAL","VAN_COUNT","VEHICLE_COUNT","WEATHER1","WEATHER2","WORKERS_PRES","WORK_ZONE_IND","WORK_ZONE_LOC","WORK_ZONE_TYPE","WZ_CLOSE_DETOUR","WZ_FLAGGER","WZ_LAW_OFFCR_IND","WZ_LN_CLOSURE","WZ_MOVING","WZ_OTHER","WZ_SHLDER_MDN","WZ_WORKERS_INJ_KILLED"
"2020076344","","0","0","0","0","0","0","0","0","0","4","0","","67","9","2020","2","40.04297","-75.144426","","6","0","0","0","0","0","1","0","0","","0","0","0","","","2","","1","","40 02:34.692","","0","75 08:39.933","3","0","0","0","67301","0","0","0","N","0","0","0","3","67301","0","","1.0","","1","N","N","N","0","","2","0","2","","2","","","2","2","0","0","0","0","1","2","0","2","","03","","N","","","","","","","","","",""
"2020036395","","1","0","0","0","0","0","0","0","0","4","0","","67","5","2020","6","39.958248","-75.223253","","6","0","0","1","1","0","0","0","0","","0","0","0","","","3","","1","","39 57:29.691","3","0","75 13:23.712","3","0","0","2","67301","0","0","0","N","0","0","0","5","67301","0","","1.0","1400.0","1","N","N","Y","1","","3","0","0","","2","N","","4","3","0","0","0","0","0","2","0","4","","","","N","","","","","","","","","",""
"2020076703","","2","0","0","0","0","0","0","0","0","1","0","","67","8","2020","1","39.945567","-75.142599","","6","0","0","0","0","0","0","0","0","","0","0","0","","","0","N","0","","39 56:44.042","2","0","75 08:33.358","0","0","0","0","67301","0","0","0","N","0","0","0","2","68K01","0","","1.0","1455.0","9","N","N","N","0","","0","0","0","","0","N","","2","0","0","0","0","0","0","2","0","2","","03","","N","","","","","","","","","",""
"2020034872","","2","0","0","0","0","0","0","0","0","4","0","","67","4","2020","7","39.980367","-75.17092","","6","0","0","0","0","0","0","0","0","","0","0","0","","","0","","1","","39 58:49.320","","0","75 10:15.311","0","0","0","0","67301","0","0","0","N","0","0","0","2","67301","0","","1.0","","9","N","N","N","0","","0","0","0","","1","","","2","0","0","0","0","0","0","2","0","2","","04","","N","","","","","","","","","",""
"2020037637","","1","0","0","0","0","0","0","0","0","0","0","","67","4","2020","1","40.039106","-75.008367","","6","0","0","0","0","0","0","0","0","","0","0","0","","","0","N","0","","40 02:20.782","","0","75 00:30.120","0","0","0","0","67301","0","0","0","N","0","0","0","1","68K01","0","","2.0","","9","N","N","N","0","","0","0","0","","0","","","1","0","0","0","0","0","0","2","0","1","","","","N","","","","","","","","","",""
"2020036122","","0","0","0","0","0","0","0","0","0","2","0","","67","4","2020","4","39.997506","-75.102287","","6","0","0","0","0","0","0","1","0","","0","0","0","","","1","N","0","","39 59:51.021","","0","75 06:08.232","3","0","0","0","67301","0","0","0","N","0","0","0","2","67301","0","","1.0","","1","N","N","N","0","","1","0","1","","9","","","2","1","0","0","0","0","0","2","0","2","","03","","N","","","","","","","","","",""
"2020069519","","3","0","0","1","1","0","0","0","0","4","0","","67","8","2020","4","39.971418","-75.225834","","6","0","0","0","0","0","0","0","0","","1","0","0","","","0","","1","","39 58:17.106","7","0","75 13:33.004","1","0","0","0","67301","1","1","0","N","0","0","0","4","67301","0","2","1.0","100.0","1","N","N","Y","0","0","0","0","1","","2","Y","","5","0","2","0","0","0","0","2","0","4","","03","","N","","","","","","","","","",""
"2020043796","","1","0","0","0","0","0","0","0","0","7","0","","67","6","2020","5","39.989678","-75.171587","","6","0","0","0","0","0","0","0","0","","0","0","0","","","1","N","0","","39 59:22.840","","0","75 10:17.713","3","0","0","0","67301","0","0","0","N","0","0","0","1","67301","0","","5.0","","9","N","N","N","0","","1","0","0","","0","","","1","1","1","0","0","0","0","2","0","1","","04","","N","","","","","","","","","",""
"2020036331","","1","0","0","0","0","0","0","0","0","4","0","","67","4","2020","6","40.129225","-75.024888","","6","0","1","1","0","0","0","0","0","","0","0","0","","","0","","1","","40 07:45.210","4","0","75 01:29.597","0","0","0","0","67301","0","0","0","N","0","0","0","2","67301","0","","1.0","2155.0","9","N","N","N","0","","0","0","1","","2","N","","2","0","0","0","0","0","0","2","0","2","","","","N","","","","","","","","","",""
"2020058415","","1","0","0","0","0","0","0","0","0","8","0","","67","7","2020","4","40.110483","-75.023717","","6","0","0","0","0","0","0","0","0","","0","0","0","","","1","N","0","","40 06:37.740","","0","75 01:25.380","8","0","0","0","67301","1","0","0","N","1","0","0","3","67301","0","","1.0","","1","N","N","N","0","","0","0","0","","0","","","2","1","0","0","0","1","0","2","0","1","","","","N","","","","","","","","","",""
"2020036871","","0","0","0","0","0","0","0","0","0","7","0","","67","4","2020","4","39.931716","-75.199679","","6","0","0","0","0","0","1","0","0","","0","0","0","","","1","N","0","","39 55:54.177","4","0","75 11:58.846","4","0","0","0","67301","0","0","0","N","0","0","0","1","68K01","1","","5.0","1730.0","1","N","N","N","0","","0","0","1","","0","N","","1","1","0","0","0","0","0","2","0","1","","","","N","","","","","","","","","",""
"2020036071","","1","0","0","0","0","0","0","0","0","4","0","","67","5","2020","6","40.035444","-75.108593","","6","0","0","0","0","0","0","0","1","","0","0","0","","","1","","1","","40 02:07.600","","0","75 06:30.933","3","0","0","0","67301","0","0","0","N","0","0","0","3","67301","0","","1.0","","1","N","N","N","0","","1","0","1","","2","","","2","1","0","0","0","0","0","2","0","2","","04","","N","","","","","","","","","",""
"2020075025","","1","0","0","0","0","0","0","0","0","8","0","","67","9","2020","7","40.05011","-75.064241","","6","0","0","0","0","0","0","0","0","","0","0","0","","","1","","1","","40 03:00.396","3","0","75 03:51.268","3","0","0","0","67301","1","0","0","N","1","0","0","2","67301","0","","1.0","2138.0","1","N","N","N","0","","1","0","0","","2","N","","2","1","0","0","0","0","0","2","0","1","","","","N","","","","","","","","","",""
"2020034504","","1","0","0","0","0","0","0","0","0","4","0","","67","4","2020","5","40.044452","-75.123626","","6","0","0","0","0","0","1","0","0","","0","0","0","","","0","","1","","40 02:40.027","","0","75 07:25.053","9","0","0","0","67301","0","0","0","N","0","0","0","2","67301","0","","1.0","","9","N","N","N","0","","0","0","1","","3","","","2","0","0","0","0","0","1","2","0","2","","","","N","","","","","","","","","",""
"2020036827","","2","0","0","0","0","0","0","0","0","4","0","","67","4","2020","5","39.987839","-75.216828","","6","0","0","0","0","0","0","0","0","","0","0","0","","","0","N","0","","39 59:16.220","","0","75 13:00.580","0","0","0","0","67301","0","0","0","N","0","0","0","2","67301","0","","1.0","","9","N","N","N","0","","0","0","0","","2","","","2","0","0","0","0","0","0","2","0","2","","98","","N","","","","","","","","","",""
"2020018676","","2","0","0","0","0","0","0","0","0","1","0","","67","2","2020","5","39.988524","-75.106326","","6","0","0","0","0","1","0","0","0","","0","0","0","","","1","","1","","39 59:18.686","","0","75 06:22.773","3","0","0","0","67301","0","0","0","N","0","0","0","2","67301","0","","1.0","","1","N","N","N","0","","1","0","0","","2","","","2","1","0","0","0","0","0","2","0","2","","03","","N","","","","","","","","","",""
"2020059462","","1","0","0","0","0","0","0","0","0","1","0","","67","7","2020","1","39.948691","-75.185408","","6","0","0","0","1","0","1","0","0","","0","0","0","","","2","N","0","","39 56:55.289","4","0","75 11:07.467","3","0","0","0","67301","0","0","0","N","0","0","0","2","68K01","1","","1.0","130.0","9","N","N","N","0","","1","0","1","","0","N","","2","2","0","0","0","0","0","2","0","2","","","","N","","","","","","","","","",""
"2020036025","","0","0","0","0","0","0","0","0","0","7","0","","67","4","2020","5","39.988389","-75.136121","","6","0","0","0","0","0","0","0","0","","0","0","0","","","1","","1","","39 59:18.200","3","0","75 08:10.035","3","0","0","0","67301","0","0","0","N","0","0","0","1","67301","0","","5.0","215.0","1","N","N","N","0","","1","0","0","","3","N","","1","1","0","0","0","0","0","2","1","1","","03","","N","","","","","","","","","",""
"2020035430","","0","0","0","0","0","0","0","0","0","5","1","","67","4","2020","6","39.889101","-75.20214","","6","0","0","0","0","0","1","0","0","","0","1","0","","","0","N","0","","39 53:20.764","","0","75 12:07.703","0","0","0","0","67301","0","0","0","N","0","0","0","2","67301","0","","1.0","","1","N","N","N","0","","0","0","1","","0","","","2","0","1","0","0","0","0","2","0","2","","04","","N","","","","","","","","","",""
"2020035822","","3","0","0","0","0","0","0","0","0","5","0","","67","4","2020","5","39.963422","-75.19445","","6","0","0","0","0","0","0","0","0","","0","0","0","","","0","N","0","","39 57:48.320","2","0","75 11:40.020","0","0","0","0","67301","0","0","0","N","0","0","0","1","67301","0","","6.0","15.0","9","N","N","N","0","","0","0","0","","0","Y","","3","0","0","0","0","0","0","2","0","3","","","","N","","","","","","","","","",""
"2020075633","","0","0","0","0","0","0","0","0","0","1","0","","67","9","2020","2","39.998264","-75.171869","","6","0","0","0","0","0","0","0","0","","0","0","0","","","0","N","0","","39 59:53.750","","0","75 10:18.730","0","0","0","0","67301","0","0","0","N","0","0","0","1","67301","0","","1.0","","1","N","N","N","2","","0","0","0","","0","","","2","0","0","0","0","0","0","2","0","2","","","","N","","","","","","","","","",""
"2020035801","","1","0","0","0","0","0","0","0","0","4","0","","67","4","2020","2","40.047062","-75.139509","","6","0","0","0","0","0","0","0","0","","0","0","0","","","0","N","0","","40 02:49.423","","0","75 08:22.232","0","0","0","0","67301","0","0","0","N","0","0","0","2","67301","0","","1.0","","1","N","N","N","0","","0","0","2","","2","","","4","0","0","0","0","0","0","2","1","4","","","","N","","","","","","","","","",""
"2020035010","","0","0","0","0","0","0","0","0","0","7","0","","67","4","2020","1","40.065642","-75.169089","","6","0","0","0","0","0","0","0","0","","0","0","0","","","0","N","0","","40 03:56.310","","0","75 10:08.720","9","0","0","0","67301","0","0","0","N","0","0","0","1","67301","0","","5.0","","9","N","N","N","0","","0","0","1","","0","","","1","0","0","0","0","0","1","2","0","1","","03","","N","","","","","","","","","",""
"2020035861","","1","0","0","0","0","0","0","0","0","8","0","","67","4","2020","3","39.92705","-75.236079","","6","0","0","0","0","0","0","0","0","","0","0","0","","","1","N","0","","39 55:37.381","","0","75 14:09.885","3","0","0","0","67301","1","0","0","N","1","0","0","2","67301","0","","1.0","","1","N","N","N","0","","1","0","0","","0","","","2","1","0","0","0","0","0","2","0","1","","03","","N","","","","","","","","","",""
"2020060719","","2","0","0","0","0","0","0","0","0","4","0","","67","7","2020","5","39.998114","-75.138864","","6","0","0","0","0","0","0","0","0","","0","0","0","","","1","Y","0","","39 59:53.210","","0","75 08:19.910","4","0","0","0","67301","0","0","0","N","0","0","0","3","67301","1","","1.0","","1","N","N","N","0","","0","0","0","","2","","","2","1","0","0","0","0","0","2","0","2","","03","","N","","","","","","","","","",""
"2020019630","","2","0","0","0","0","0","0","0","0","4","0","","67","2","2020","6","39.998856","-75.105193","","6","0","0","0","0","0","0","0","0","","0","0","0","","","0","","1","","39 59:55.880","","0","75 06:18.695","0","0","0","0","67301","0","0","0","N","0","0","0","2","67301","0","","1.0","","1","N","N","N","0","","0","0","0","","2","","","2","0","0","0","0","0","0","2","0","2","","03","","N","","","","","","","","","",""
"2020034810","","0","0","0","0","0","0","0","0","0","7","0","","67","4","2020","1","39.919951","-75.201422","","6","0","0","0","0","0","0","0","0","","0","0","0","","","0","N","0","","39 55:11.824","","3","75 12:05.119","0","0","0","0","67301","0","0","0","N","0","0","0","1","67301","0","","1.0","","9","N","N","Y","1","","0","0","0","","0","","","1","0","0","0","0","0","0","2","0","1","","07","","N","","","","","","","","","",""
"2020076341","","2","0","0","0","0","0","0","0","0","1","0","","67","9","2020","5","40.077633","-74.964958","","6","0","0","0","0","0","0","0","0","","0","0","0","","","0","N","0","","40 04:39.477","3","0","74 57:53.848","0","0","0","0","67301","0","0","0","N","0","0","0","2","67301","0","","1.0","700.0","1","N","N","N","0","","0","0","0","","0","N","","2","0","0","0","0","0","0","2","0","2","","03","","N","","","","","","","","","",""
"2020038929","","1","0","0","0","0","0","0","0","0","7","0","","67","4","2020","1","39.96018","-75.180881","","6","0","0","0","0","0","0","0","0","","0","0","0","","","0","N","0","","39 57:36.647","3","3","75 10:51.172","0","0","0","0","67301","0","0","0","N","0","0","0","2","68K01","0","","2.0","1335.0","9","N","N","N","0","","0","0","0","","0","N","","1","0","2","0","0","0","0","2","0","1","","","","N","","","","","","","","","",""
"2020075075","","1","0","0","0","0","0","1","0","0","6","1","","67","9","2020","3","40.038943","-75.144151","","6","0","0","0","0","0","1","0","0","","0","0","0","","","3","N","0","","40 02:20.193","","0","75 08:38.942","4","0","0","0","67301","0","0","0","N","0","0","0","5","67508","3","","1.0","","1","N","N","Y","0","","0","0","0","","0","N","","2","3","0","0","0","0","0","2","0","2","","03","","N","","","","","","","","","",""
"2020034927","","1","0","0","0","0","0","0","0","0","7","0","","67","4","2020","6","39.960079","-75.179489","","6","0","0","0","0","0","0","0","0","","0","0","0","","","0","N","0","","39 57:36.284","4","3","75 10:46.162","0","0","0","0","67301","0","0","0","N","0","0","0","1","68K01","0","","4.0","1741.0","9","N","N","N","0","","0","0","0","","0","N","","1","0","0","0","0","0","0","2","0","1","","","","N","","","","","","","","","",""
"2020039816","","1","0","0","0","0","0","0","0","0","1","0","","67","4","2020","6","39.960136","-75.180678","","6","0","0","0","0","0","0","0","0","","0","0","0","","","0","N","0","","39 57:36.490","3","3","75 10:50.441","0","0","0","0","67301","0","0","0","N","0","0","0","2","68K01","0","","1.0","40.0","9","N","N","N","0","","0","0","1","","0","Y","","2","0","0","0","0","0","0","2","0","2","","","","N","","","","","","","","","",""
"2020059357","","1","0","0","0","0","0","0","0","0","5","1","","67","7","2020","2","39.999255","-75.195475","","6","0","0","1","0","0","0","0","0","","0","1","0","","","0","N","0","","39 59:57.317","3","0","75 11:43.709","0","0","0","0","67301","0","0","0","N","0","0","0","2","68K01","0","","1.0","100.0","1","N","N","N","0","","0","0","0","","0","N","","2","0","0","0","0","0","0","2","0","2","","","","N","","","","","","","","","",""
"2020075064","","1","0","0","0","0","0","0","0","0","4","0","","67","9","2020","1","40.041558","-75.013143","","6","0","0","0","0","0","1","0","0","","0","0","0","","","1","N","0","","40 02:29.607","","0","75 00:47.315","8","0","0","0","67301","0","0","0","N","0","0","0","1","67301","0","","1.0","","1","N","N","N","1","","0","0","0","","0","","","2","1","0","0","0","1","0","2","0","2","","03","","N","","","","","","","","","",""
"2020035150","","0","0","0","0","0","0","0","0","0","7","0","","67","4","2020","6","39.886391","-75.206852","","6","0","0","0","0","0","1","0","0","","0","0","0","","","0","N","0","","39 53:11.006","","3","75 12:24.666","9","0","0","0","67301","0","0","0","N","0","0","0","1","68K01","0","","4.0","","9","N","N","N","0","","0","0","1","","0","","","1","0","0","0","0","0","1","2","0","1","","","","N","","","","","","","","","",""
"2020035270","","1","0","0","0","0","0","0","0","0","7","0","","67","4","2020","2","39.958585","-75.214005","","6","0","0","0","0","0","0","1","0","","0","0","0","","","0","","1","","39 57:30.906","","0","75 12:50.417","9","0","0","0","67301","0","0","0","N","0","0","0","1","67301","0","","9.0","","99","N","N","N","0","","0","0","0","","2","","","1","0","0","0","0","0","1","2","0","1","","03","","N","","","","","","","","","",""
"2020039815","","0","0","0","0","0","0","0","0","0","7","0","","67","4","2020","6","39.960457","-75.181127","","6","0","0","0","0","0","0","0","0","","0","0","0","","","0","N","0","","39 57:37.646","3","2","75 10:52.058","0","0","0","0","67301","0","0","0","N","0","0","0","1","68K01","0","","4.0","40.0","9","N","N","N","0","","0","0","1","","0","Y","","1","0","0","0","0","0","0","2","0","1","","","","N","","","","","","","","","",""
"2020035078","","1","0","0","0","0","0","0","0","0","4","0","","67","4","2020","1","40.084828","-75.025244","","6","0","0","0","0","0","1","0","0","","0","0","0","","","1","","1","","40 05:05.382","","0","75 01:30.879","3","0","0","0","67301","0","0","0","N","0","0","0","2","67301","0","","1.0","","9","N","N","N","0","","1","0","0","","2","","","2","1","0","0","0","0","0","2","1","2","","07","","N","","","","","","","","","",""
"2020036117","","1","0","0","0","0","0","0","0","0","8","0","","67","5","2020","6","39.920686","-75.141094","","6","0","0","0","0","0","0","0","0","","0","0","0","","","1","","1","","39 55:14.471","","0","75 08:27.940","2","0","0","0","67301","1","0","1","N","1","0","1","2","67301","0","","1.0","","1","N","N","N","0","","0","1","0","","2","","","2","1","0","0","0","0","1","2","0","1","","","","N","","","","","","","","","",""
"2020076723","","1","0","0","0","0","0","0","0","0","1","0","","67","8","2020","6","39.958464","-75.167497","","6","0","0","0","0","1","0","0","0","","0","0","0","","","0","N","0","","39 57:30.472","3","0","75 10:02.989","0","0","0","0","67301","0","0","0","N","0","0","0","7","68K01","0","","1.0","1535.0","1","N","N","N","0","","0","0","2","","0","N","","3","0","0","0","0","0","0","2","0","3","","","","N","","","","","","","","","",""
"2020074744","","0","0","0","0","0","0","0","0","0","4","0","","67","8","2020","7","40.018956","-75.110697","","6","0","0","0","0","0","0","0","0","","0","0","0","","","1","N","0","","40 01:08.240","","0","75 06:38.510","3","0","0","1","67301","0","0","0","N","0","0","0","1","67301","0","","1.0","","1","N","N","N","0","","1","0","1","","0","","","2","1","0","0","0","0","0","2","0","2","","03","","N","","","","","","","","","",""
"2020076753","","0","0","0","0","0","0","0","0","0","2","1","","67","9","2020","5","39.949887","-75.183867","","6","0","0","0","0","0","0","0","0","","0","1","0","","","1","N","0","","39 56:59.593","3","0","75 11:01.922","3","0","0","0","67301","0","0","0","N","0","0","0","2","68K01","0","","1.0","810.0","1","N","N","N","1","","1","0","0","","0","N","","2","1","0","0","0","0","0","2","0","2","","03","","N","","","","","","","","","",""
"2020036072","","1","0","0","0","0","0","0","0","0","4","0","","67","4","2020","5","40.109907","-75.025113","","6","0","0","0","0","0","1","0","0","","0","0","0","","","1","","2","","40 06:35.664","","7","75 01:30.406","4","0","0","0","67301","0","0","0","N","0","0","0","2","67301","1","","1.0","","9","N","N","N","0","","0","0","1","","0","","","2","1","0","0","0","0","0","2","0","2","","07","","N","","","","","","","","","",""
"2020019666","","3","0","0","0","0","0","0","0","0","1","0","","67","2","2020","6","39.971235","-75.157272","","6","0","0","1","0","0","1","0","0","","0","0","0","","","2","","1","","39 58:16.445","","0","75 09:26.179","2","0","0","0","67301","0","0","0","N","0","0","0","3","67301","1","","1.0","","1","N","N","N","0","","0","1","1","","2","","","4","2","0","0","0","0","0","2","0","4","","03","","N","","","","","","","","","",""
"2020075326","","2","0","0","0","0","0","0","0","0","0","0","","67","9","2020","4","39.99443","-75.198755","","6","0","0","0","0","0","1","0","0","","0","0","0","","","0","N","0","","39 59:39.949","","0","75 11:55.517","0","0","0","0","67301","0","0","0","N","0","0","0","5","68K01","0","","1.0","","1","N","N","N","0","","0","0","1","","8","","","3","0","0","0","0","0","0","2","0","3","","03","","N","","","","","","","","","",""
"2020036610","","1","0","0","0","0","0","0","0","0","1","0","","67","4","2020","6","39.960647","-75.181788","","6","0","0","0","0","0","1","0","0","","0","0","0","","","0","N","0","","39 57:38.328","3","3","75 10:54.436","0","0","0","0","67301","0","0","0","N","0","0","0","2","68K01","0","","1.0","100.0","9","N","N","Y","0","","0","0","1","","0","Y","","2","0","0","0","0","0","0","2","0","2","","07","","N","","","","","","","","","",""
"2020036862","","1","0","0","0","0","0","0","0","0","7","0","","67","4","2020","6","39.958211","-75.141509","","6","0","0","0","0","0","1","0","0","","0","0","0","","","1","N","0","","39 57:29.558","2","8","75 08:29.432","3","0","0","0","67301","0","0","0","N","0","0","0","2","68K01","0","","4.0","1436.0","9","N","N","N","0","","1","0","0","","0","N","","1","1","0","0","0","0","0","2","0","1","","","","N","","","","","","","","","",""
"2020016655","","1","0","0","0","0","0","0","0","0","1","0","","67","2","2020","4","40.092024","-75.032199","","6","0","0","0","0","0","0","0","0","","0","0","0","","","1","N","0","","40 05:31.285","","0","75 01:55.915","3","0","0","0","67301","0","0","0","N","0","0","0","2","67301","0","","1.0","","8","N","N","N","0","","1","0","1","","2","","","2","1","0","0","0","0","0","2","0","2","","07","","N","","","","","","","","","",""
"2020058275","","1","1","0","0","0","0","0","0","0","1","0","","67","7","2020","3","39.958245","-75.141214","","6","0","0","0","0","0","1","0","0","","1","0","0","","","0","N","0","","39 57:29.683","2","0","75 08:28.372","1","0","0","0","67301","0","0","0","N","0","0","0","5","68K01","0","1","1.0","1800.0","1","N","N","N","0","0","0","0","0","","0","N","","2","0","0","0","0","0","0","2","1","2","","03","","N","","","","","","","","","",""
"2020015086","","1","0","0","0","0","0","0","0","0","4","0","","67","2","2020","7","39.984949","-75.158241","","6","0","0","0","0","0","1","0","0","","0","0","0","","","0","N","1","","39 59:05.816","","0","75 09:29.666","0","0","0","0","67301","0","0","0","Y","0","0","0","2","67505","0","","1.0","","1","N","N","N","0","","0","0","1","","2","","","2","0","1","0","0","0","0","2","0","2","","04","","N","","","","","","","","","",""
"2020017147","","1","0","0","0","0","0","0","0","0","5","0","","67","2","2020","5","40.117164","-75.029008","","6","0","0","0","0","0","0","1","0","","0","0","0","","","1","N","0","","40 07:01.790","","0","75 01:44.430","3","0","0","0","67301","0","0","0","N","0","0","0","1","67301","0","","1.0","","8","N","N","N","0","","1","0","1","","0","","","2","1","0","0","0","0","0","2","0","2","","","","N","","","","","","","","","",""
"2020058084","","0","0","0","0","0","0","0","0","0","8","0","","67","7","2020","4","40.052083","-75.157772","","6","0","0","0","0","0","0","0","0","","0","0","0","","","1","N","0","","40 03:07.500","","0","75 09:27.980","2","0","0","0","67301","1","0","1","N","1","0","1","1","67301","0","","1.0","","1","N","N","N","0","","0","1","0","","0","","","3","1","0","0","0","0","0","2","0","2","","","","N","","","","","","","","","",""
"2020057471","","0","0","0","0","0","0","1","0","0","8","1","","67","7","2020","2","39.965614","-75.232094","","6","0","0","0","0","0","0","0","0","","1","0","0","","","0","N","0","","39 57:56.210","6","0","75 13:55.540","1","0","0","0","67301","1","1","0","N","1","1","0","2","67301","0","2","1.0","400.0","1","N","N","N","0","0","0","0","0","","0","Y","","2","0","0","0","0","0","0","2","0","1","","03","","N","","","","","","","","","",""
"2020028155","","1","0","0","0","0","0","0","0","0","7","0","","67","2","2020","7","39.940556","-75.143128","","6","0","0","1","0","0","0","0","0","","0","0","0","","","1","N","0","","39 56:26.003","","0","75 08:35.259","3","0","0","0","67301","0","0","0","N","0","0","0","1","68K01","0","","4.0","","1","N","N","N","0","","1","0","0","","0","","","1","1","0","0","0","0","0","2","0","1","","03","","N","","","","","","","","","",""
"2020017332","","0","0","0","0","0","0","1","0","0","8","1","","67","2","2020","5","40.030129","-75.035161","","6","0","0","0","0","0","1","0","0","","0","0","0","","","1","","1","","40 01:48.464","","0","75 02:06.579","8","0","0","0","67301","1","0","0","N","1","0","0","2","67301","0","","1.0","","1","N","N","N","0","","0","0","0","","2","","","2","1","0","0","0","1","0","2","0","1","","","","N","","","","","","","","","",""
"2020056987","","1","0","0","0","0","0","0","0","0","7","0","","67","7","2020","2","40.005878","-75.149766","","6","0","0","0","0","0","0","0","0","","0","0","0","","","1","","1","","40 00:21.160","","0","75 08:59.157","3","0","0","0","67301","0","0","0","N","0","0","0","1","67505","0","","5.0","","1","N","N","N","0","","1","0","0","","2","","","1","1","0","0","0","0","0","2","0","1","","03","","N","","","","","","","","","",""
"2020039325","","0","0","0","0","0","0","0","0","0","8","0","","67","5","2020","7","39.919471","-75.234209","","6","0","0","0","0","0","0","1","0","","0","0","0","","","1","N","0","","39 55:10.096","","7","75 14:03.151","8","0","0","0","67301","1","0","0","N","1","0","0","2","67301","0","","1.0","","1","N","N","N","1","","0","0","0","","0","","","2","1","1","0","0","1","0","2","0","1","","03","","N","","","","","","","","","",""
"2020019478","","1","0","0","0","0","0","0","0","0","4","0","","67","2","2020","6","39.970836","-75.154134","","6","0","0","0","0","0","1","0","0","","0","0","0","","","2","","1","","39 58:15.009","","0","75 09:14.884","3","0","0","0","67301","0","0","0","N","0","0","0","2","67301","0","","1.0","","1","N","N","N","0","","2","0","1","","2","","","2","2","0","0","0","0","0","2","0","2","","03","","N","","","","","","","","","",""
"2020015479","","3","0","0","0","0","0","1","0","0","5","1","","67","2","2020","1","40.02924","-75.100828","","6","0","0","0","0","0","0","0","0","","0","0","0","","","2","N","0","","40 01:45.263","","0","75 06:02.980","3","0","0","0","67301","0","0","0","N","0","0","0","4","67301","0","","1.0","","1","N","N","N","0","","2","0","0","","0","","","4","2","0","0","0","0","0","2","0","4","","","","N","","","","","","","","","",""
"2020056651","","1","0","0","0","0","0","0","0","0","1","0","","67","7","2020","6","39.944933","-75.233742","","6","0","0","0","0","0","1","0","0","","0","0","0","","","2","N","0","","39 56:41.760","","0","75 14:01.470","3","0","0","0","67301","0","0","0","N","0","0","0","2","67301","0","","1.0","","1","N","N","N","1","","2","0","0","","2","","","2","2","0","0","0","0","0","2","0","2","","03","","N","","","","","","","","","",""
"2020015273","","1","0","0","0","0","0","0","0","0","8","0","","67","2","2020","7","40.102319","-75.02855","","6","0","0","0","0","0","0","0","0","","0","0","0","","","1","N","0","","40 06:08.350","","7","75 01:42.780","4","0","0","0","67301","1","0","0","N","1","0","0","2","67301","1","","1.0","","1","N","N","N","0","","0","0","0","","0","","","2","1","0","0","0","0","0","2","0","1","","03","","N","","","","","","","","","",""
"2020056698","","1","0","0","0","0","0","0","0","0","7","0","35","67","7","2020","7","39.911833","-75.168417","","6","0","0","0","0","0","0","0","0","","0","0","0","","","0","N","0","","39 54:42.600","","0","75 10:06.300","0","0","0","0","67301","0","0","0","N","0","0","0","1","67501","0","","5.0","","1","N","Y","N","0","","0","0","0","","8","","","1","0","0","0","0","0","0","2","0","1","","03","N","Y","4","1","Y","","N","Y","","","Y","N"
"2020017658","","1","0","0","0","0","0","0","0","0","4","0","","67","2","2020","1","40.00221","-75.1577","","6","0","0","0","0","0","0","0","0","","0","0","0","","","2","","1","","40 00:07.957","7","0","75 09:27.721","3","0","0","0","67301","0","0","0","N","0","0","0","2","67301","0","","1.0","2340.0","1","N","N","N","0","","2","0","1","","2","Y","","2","2","0","0","0","0","0","2","0","2","","","","N","","","","","","","","","",""