"CRN","ARRIVAL_TM","AUTOMOBILE_COUNT","BELTED_DEATH_COUNT","BELTED_SUSP_SERIOUS_INJ_COUNT","BICYCLE_COUNT","BICYCLE_DEATH_COUNT","BICYCLE_SUSP_SERIOUS_INJ_COUNT","BUS_COUNT","CHLDPAS_DEATH_COUNT","CHLDPAS_SUSP_SERIOUS_INJ_COUNT","COLLISION_TYPE","COMM_VEH_COUNT","CONS_ZONE_SPD_LIM","COUNTY","CRASH_MONTH","CRASH_YEAR","DAY_OF_WEEK","DEC_LATITUDE","DEC_LONGITUDE","DISPATCH_TM","DISTRICT","DRIVER_COUNT_16YR","DRIVER_COUNT_17YR","DRIVER_COUNT_18YR","DRIVER_COUNT_19YR","DRIVER_COUNT_20YR","DRIVER_COUNT_50_64YR","DRIVER_COUNT_65_74YR","DRIVER_COUNT_75PLUS","EST_HRS_CLOSED","FATAL_COUNT","HEAVY_TRUCK_COUNT","HORSE_BUGGY_COUNT","HOUR_OF_DAY","ILLUMINATION","INJURY_COUNT","INTERSECTION_RELATED","INTERSECT_TYPE","LANE_CLOSED","LATITUDE","LN_CLOSE_DIR","LOCATION_TYPE","LONGITUDE","MAX_SEVERITY_LEVEL","MCYCLE_DEATH_COUNT","MCYCLE_SUSP_SERIOUS_INJ_COUNT","MOTORCYCLE_COUNT","MUNICIPALITY","NONMOTR_COUNT","NONMOTR_DEATH_COUNT","NONMOTR_SUSP_SERIOUS_INJ_COUNT","NTFY_HIWY_MAINT","PED_COUNT","PED_DEATH_COUNT","PED_SUSP_SERIOUS_INJ_COUNT","PERSON_COUNT","POLICE_AGCY","POSSIBLE_INJ_COUNT","RDWY_SURF_TYPE_CD","RELATION_TO_ROAD","ROADWAY_CLEARED","ROAD_CONDITION","SCH_BUS_IND","SCH_ZONE_IND","SECONDARY_CRASH","SMALL_TRUCK_COUNT","SPEC_JURIS_CD","SUSP_MINOR_INJ_COUNT","SUSP_SERIOUS_INJ_COUNT","SUV_COUNT","TCD_FUNC_CD","TCD_TYPE","TFC_DETOUR_IND","TIME_OF_DAY","TOTAL_UNITS","TOT_INJ_COUNT","UNBELTED_OCC_COUNT","UNB_DEATH_COUNT","UNB_SUSP_SERIOUS_INJ_COUNT","UNK_INJ_DEG_COUNT","UNK_INJ_PER_COUNT","URBAN_RURAL","VAN_COUNT","VEHICLE_COUNT","WEATHER1","WEATHER2","WORKERS_PRES","WORK_ZONE_IND","WORK_ZONE_LOC","WORK_ZONE_TYPE","WZ_CLOSE_DETOUR","WZ_FLAGGER","WZ_LAW_OFFCR_IND","WZ_LN_CLOSURE","WZ_MOVING","WZ_OTHER","WZ_SHLDER_MDN","WZ_WORKERS_INJ_KILLED"
"2020016849","","1","0","0","0","0","0","0","0","0","8","0","","67","2","2020","2","39.947782","-75.193854","","6","0","0","0","0","0","0","0","0","","0","0","0","","","1","","2","","39 56:52.016","","0","75 11:37.876","2","0","0","0","67301","1","0","1","N","1","0","1","2","67301","0","","1.0","","9","N","N","N","0","","0","1","0","","9","","","2","1","0","0","0","0","1","2","0","1","","07","","N","","","","","","","","","",""
"2020015155","","1","0","0","0","0","0","0","0","0","7","0","","67","2","2020","7","39.982214","-75.264575","","6","0","0","0","0","0","0","0","0","","0","0","0","","","0","N","0","","39 58:55.970","6","0","75 15:52.470","0","0","0","0","67301","0","0","0","N","0","0","0","1","67301","0","","4.0","230.0","1","N","N","N","0","","0","0","0","","2","N","","1","0","0","0","0","0","0","2","0","1","","03","","N","","","","","","","","","",""
"2020058153","","1","0","0","0","0","0","0","0","0","5","0","","67","7","2020","5","40.001984","-75.078362","","6","0","0","0","0","0","0","0","0","","0","0","0","","","1","N","0","","40 00:07.141","1","0","75 04:42.102","8","0","0","0","67301","0","0","0","N","0","0","0","2","68K01","0","","1.0","100.0","1","N","N","N","0","","0","0","0","","0","N","","2","1","0","0","0","1","1","2","0","2","","","","N","","","","","","","","","",""
"2020028158","","1","0","0","0","0","0","0","0","0","1","0","","67","2","2020","2","39.957027","-75.152412","","6","0","0","0","0","0","0","0","0","","0","0","0","","","0","N","0","","39 57:25.297","3","0","75 09:08.682","9","0","0","0","67301","0","0","0","N","0","0","0","5","68K01","0","","1.0","1530.0","9","N","N","N","1","","0","0","0","","8","N","","3","0","1","0","0","0","1","2","0","3","","04","","N","","","","","","","","","",""
"2020016850","","2","0","0","0","0","0","0","0","0","4","0","","67","2","2020","5","40.009272","-75.122186","","6","0","0","0","0","0","1","0","0","","0","0","0","","","0","N","0","","40 00:33.378","","7","75 07:19.871","0","0","0","0","67301","0","0","0","N","0","0","0","1","67301","0","","1.0","","9","N","N","N","0","","0","0","0","","0","","","2","0","1","0","0","0","0","2","0","2","","04","","N","","","","","","","","","",""
"2020017152","","2","0","0","0","0","0","0","0","0","4","0","","67","2","2020","5","39.993698","-75.139853","","6","0","0","0","0","0","0","0","0","","0","0","0","","","1","","1","","39 59:37.312","","0","75 08:23.470","3","0","0","0","67301","0","0","0","N","0","0","0","3","67301","0","","1.0","","9","N","N","N","0","","1","0","0","","2","","","2","1","0","0","0","0","0","2","0","2","","","","N","","","","","","","","","",""
"2020058422","","1","0","0","0","0","0","0","0","0","2","0","","67","7","2020","5","40.031008","-75.166858","","6","0","0","0","0","0","1","0","0","","0","0","0","","","2","N","0","","40 01:51.629","","0","75 10:00.690","2","0","0","0","67301","0","0","0","N","0","0","0","2","67301","0","","1.0","","9","N","N","N","0","","0","1","1","","0","","","2","2","2","0","1","1","0","2","0","2","","","","N","","","","","","","","","",""
"2020020368","","1","0","0","0","0","0","0","0","0","7","0","","67","2","2020","2","40.031127","-75.0217","","6","0","0","0","0","0","0","0","0","","0","0","0","","","0","N","0","","40 01:52.056","","0","75 01:18.121","0","0","0","0","67301","0","0","0","N","0","0","0","1","68K01","0","","4.0","","9","N","N","N","0","","0","0","0","","0","","","1","0","0","0","0","0","0","2","0","1","","07","","N","","","","","","","","","",""
"2020015486","","1","0","0","0","0","0","0","0","0","5","0","","67","2","2020","7","40.017706","-75.202083","","6","0","0","0","0","0","0","0","0","","0","0","0","","","1","N","0","","40 01:03.740","1","0","75 12:07.500","8","0","0","0","67301","0","0","0","N","0","0","0","3","67301","0","","1.0","1005.0","2","N","N","N","1","","0","0","1","","3","N","","3","1","0","0","0","1","0","2","0","3","","03","","N","","","","","","","","","",""
"2020015811","","1","0","0","0","0","0","0","0","0","5","0","","67","2","2020","2","39.979733","-75.115801","","6","0","0","1","0","0","0","0","0","","0","0","0","","","0","N","0","","39 58:47.040","","0","75 06:56.885","0","0","0","0","67301","0","0","0","N","0","0","0","2","67301","0","","6.0","","9","N","N","N","0","","0","0","0","","0","","","2","0","0","0","0","0","0","2","1","2","","","","N","","","","","","","","","",""
"2020017596","","1","0","0","0","0","0","0","0","0","4","0","","67","2","2020","6","39.960334","-75.161786","","6","0","0","0","0","0","0","0","0","","0","0","0","","","0","","2","","39 57:37.202","","0","75 09:42.430","0","0","0","0","67301","0","0","0","N","0","0","0","2","67301","0","","1.0","","1","N","N","N","0","","0","0","1","","0","","","2","0","2","0","0","0","0","2","0","2","","03","","N","","","","","","","","","",""
"2020015380","","0","0","0","0","0","0","0","0","0","4","0","","67","2","2020","7","40.055518","-75.06194","","6","0","0","0","0","0","0","0","0","","0","0","0","","","1","","1","","40 03:19.863","","0","75 03:42.983","3","0","0","0","67301","0","0","0","N","0","0","0","7","67301","0","","1.0","","1","N","N","N","0","","1","0","1","","0","","","2","1","0","0","0","0","0","2","1","2","","03","","N","","","","","","","","","",""
"2020017598","","1","0","0","0","0","0","0","0","0","5","0","","67","2","2020","5","40.063753","-75.02725","","6","0","0","0","0","0","0","0","0","","0","0","0","","","0","N","0","","40 03:49.510","7","0","75 01:38.100","9","0","0","0","67301","0","0","0","N","0","0","0","1","67301","0","","6.0","100.0","1","N","N","N","0","","0","0","2","","0","Y","","5","0","0","0","0","0","1","2","2","5","","98","","N","","","","","","","","","",""
"2020017814","","4","0","0","0","0","0","0","0","0","1","0","","67","2","2020","6","39.905757","-75.193824","","6","0","0","0","0","0","0","0","0","","0","0","0","","","1","","1","","39 54:20.725","","0","75 11:37.765","3","0","0","0","67301","0","0","0","N","0","0","0","5","67301","0","","1.0","","1","N","N","N","1","","1","0","0","","0","","","5","1","5","0","0","0","0","2","0","5","","03","","N","","","","","","","","","",""
"2020056644","","1","0","0","0","0","0","0","0","0","4","0","","67","7","2020","5","40.045593","-75.071436","","6","0","0","0","0","1","1","0","0","","0","0","0","","","0","","1","","40 02:44.136","3","0","75 04:17.168","9","0","0","0","67301","0","0","0","N","0","0","0","4","67301","0","","1.0","1300.0","1","N","N","N","0","","0","0","1","","3","N","","2","0","0","0","0","0","3","2","0","2","","03","","N","","","","","","","","","",""
"2020022548","","1","0","0","0","0","0","0","0","0","7","0","","67","2","2020","5","39.942986","-75.143134","","6","0","0","0","0","0","0","0","1","","0","0","0","","","1","N","0","","39 56:34.751","","0","75 08:35.284","4","0","0","0","67301","0","0","0","N","0","0","0","1","68K01","1","","4.0","","9","N","N","N","0","","0","0","0","","0","","","1","1","0","0","0","0","0","2","0","1","","","","N","","","","","","","","","",""
"2020016628","","2","0","0","0","0","0","0","0","0","6","0","","67","2","2020","4","39.996715","-75.115443","","6","0","0","0","0","0","2","0","0","","0","0","0","","","2","N","0","","39 59:48.173","6","0","75 06:55.595","3","0","0","0","67301","0","0","0","N","0","0","0","3","67301","0","","1.0","400.0","1","N","N","N","1","","2","0","1","","2","Y","","5","2","3","0","0","0","0","2","1","5","","","","N","","","","","","","","","",""
"2020019392","","2","0","0","0","0","0","0","0","0","4","0","","67","2","2020","6","39.974598","-75.199484","","6","0","0","0","0","0","0","0","0","","0","0","0","","","5","","1","","39 58:28.552","","2","75 11:58.141","3","0","0","0","67301","0","0","0","N","0","0","0","7","67301","0","","1.0","","1","N","N","N","0","","2","0","0","","2","","","2","5","0","0","0","3","0","2","0","2","","","","N","","","","","","","","","",""
"2020015482","","2","0","0","0","0","0","0","0","0","1","0","","67","2","2020","7","39.991585","-75.136707","","6","0","0","0","0","0","1","0","0","","0","0","0","","","0","N","0","","39 59:29.705","","0","75 08:12.144","0","0","0","0","67301","0","0","0","N","0","0","0","4","67301","0","","1.0","","1","N","N","N","0","","0","0","0","","2","","","2","0","0","0","0","0","0","2","0","2","","03","","N","","","","","","","","","",""
"2020058203","","1","1","0","0","0","0","0","0","0","7","0","","67","7","2020","1","40.03278","-75.079628","","6","0","0","0","0","0","0","0","0","","1","0","0","","","1","N","0","","40 01:58.009","","0","75 04:46.659","1","0","0","0","67301","0","0","0","N","0","0","0","2","67301","0","2","3.0","","1","N","N","N","0","0","0","1","0","","0","","","1","1","0","0","0","0","0","2","0","1","","03","","N","","","","","","","","","",""
"2020017060","","2","0","0","0","0","0","0","0","0","5","0","","67","2","2020","5","39.948465","-75.16451","","6","0","0","0","0","0","1","0","0","","0","0","0","","","0","N","0","","39 56:54.475","","0","75 09:52.236","0","0","0","0","67301","0","0","0","N","0","0","0","1","67301","0","","6.0","","9","N","N","N","0","","0","0","0","","0","","","2","0","0","0","0","0","0","2","0","2","","07","","N","","","","","","","","","",""
"2020017412","","0","0","0","0","0","0","0","0","0","5","0","","67","2","2020","6","39.966342","-75.231806","","6","0","0","0","0","0","1","0","0","","0","0","0","","","0","N","0","","39 57:58.830","","0","75 13:54.500","0","0","0","0","67301","0","0","0","N","0","0","0","1","67301","0","","6.0","","1","N","N","N","0","","0","0","1","","2","","","2","0","0","0","0","0","0","2","1","2","","03","","N","","","","","","","","","",""
"2020057661","","2","0","0","0","0","0","0","0","0","4","0","","67","7","2020","3","39.977255","-75.158096","","6","0","0","0","0","0","0","0","0","","0","0","0","","","5","","1","","39 58:38.118","2","0","75 09:29.146","8","0","0","0","67301","0","0","0","N","0","0","0","5","67505","0","","1.0","1220.0","1","N","N","N","0","","0","0","0","","2","N","","2","5","1","0","0","5","0","2","0","2","","03","","N","","","","","","","","","",""
"2020016251","","1","0","0","0","0","0","0","0","0","8","0","","67","2","2020","3","40.059538","-75.165456","","6","0","0","0","0","0","0","0","0","","0","0","0","","","1","","1","","40 03:34.337","","0","75 09:55.640","8","0","0","0","67301","1","0","0","N","1","0","0","2","67301","0","","1.0","","9","N","N","N","0","","0","0","0","","2","","","2","1","0","0","0","1","1","2","0","1","","07","","N","","","","","","","","","",""
"2020018011","","0","0","0","0","0","0","0","0","0","8","0","","67","2","2020","4","40.041363","-75.028255","","6","0","0","0","0","0","0","0","0","","0","0","0","","","1","","1","","40 02:28.908","","0","75 01:41.719","3","0","0","0","67301","1","0","0","N","1","0","0","2","67301","0","","1.0","","1","N","N","N","0","","1","0","0","","2","","","2","1","0","0","0","0","0","2","0","1","","03","","N","","","","","","","","","",""
"2020028336","","0","0","0","0","0","0","0","0","0","7","0","","67","2","2020","5","40.052801","-74.98732","","6","0","0","0","0","1","0","0","0","","0","0","0","","","0","N","0","","40 03:10.083","","0","74 59:14.353","0","0","0","0","67301","0","0","0","N","0","0","0","2","68K01","0","","4.0","","1","N","N","N","0","","0","0","1","","0","","","1","0","0","0","0","0","0","2","0","1","","03","","N","","","","","","","","","",""
"2020016575","","0","0","0","0","0","0","0","0","0","7","0","","67","2","2020","3","40.035769","-75.017217","","6","0","0","0","0","0","0","0","0","","0","0","0","","","0","N","0","","40 02:08.769","2","0","75 01:01.980","0","0","0","0","67301","0","0","0","N","0","0","0","1","68K01","0","","4.0","510.0","9","N","N","N","0","","0","0","0","","0","N","","1","0","0","0","0","0","0","2","1","1","","05","","N","","","","","","","","","",""
"2020017648","","2","0","0","0","0","0","0","0","0","6","0","","67","2","2020","4","40.0387","-75.055694","","6","0","0","0","0","0","0","0","0","","0","0","0","","","0","N","0","","40 02:19.320","","0","75 03:20.500","9","0","0","0","67301","0","0","0","N","0","0","0","4","67301","0","","1.0","","1","N","N","N","1","","0","0","0","","0","","","3","0","0","0","0","0","3","2","0","3","","04","","N","","","","","","","","","",""
"2020058318","","1","0","0","0","0","0","0","0","0","8","0","","67","7","2020","4","40.040631","-75.172881","","6","0","0","0","0","0","0","0","0","","0","0","0","","","1","N","0","","40 02:26.270","","0","75 10:22.370","8","0","0","0","67301","1","0","0","N","1","0","0","2","67301","0","","1.0","","1","N","N","N","0","","0","0","0","","0","","","2","1","0","0","0","1","0","2","0","1","","","","N","","","","","","","","","",""
"2020019394","","1","0","0","0","0","0","0","0","0","4","0","","67","2","2020","7","39.977272","-75.25165","","6","0","0","0","0","0","1","0","0","","0","0","0","","","1","N","0","","39 58:38.180","","0","75 15:05.940","3","0","0","0","67301","0","0","0","N","0","0","0","3","67301","0","","1.0","","1","N","N","N","0","","1","0","1","","0","","","2","1","0","0","0","0","0","2","0","2","","03","","N","","","","","","","","","",""
"2020024102","","1","0","0","0","0","0","0","0","0","4","0","","67","2","2020","1","40.012972","-75.119206","","6","0","0","0","0","0","0","0","0","","0","0","0","","","1","N","0","","40 00:46.700","","7","75 07:09.140","2","0","1","1","67301","0","0","0","N","0","0","0","2","67301","0","","1.0","","99","N","N","N","0","","0","1","0","","0","","","2","1","0","0","0","0","0","2","0","2","","","","N","","","","","","","","","",""
"2020058200","","1","0","0","0","0","0","0","0","0","2","0","","67","7","2020","4","39.911708","-75.172371","","6","0","0","0","0","1","1","0","0","","0","0","0","","","1","","1","","39 54:42.148","","0","75 10:20.534","3","0","0","0","67301","0","0","0","N","0","0","0","3","67301","0","","1.0","","1","N","N","N","1","","1","0","0","","2","","","2","1","1","0","0","0","0","2","0","2","","03","","N","","","","","","","","","",""
"2020027778","","1","0","0","0","0","0","0","0","0","0","0","","67","2","2020","2","39.979882","-75.105547","","6","0","0","0","0","0","0","0","0","","0","0","0","","","0","N","0","","39 58:47.575","1","0","75 06:19.969","0","0","0","0","67301","0","0","0","N","0","0","0","1","68K01","0","","1.0","15.0","1","N","N","N","0","","0","0","0","","0","N","","1","0","0","0","0","0","0","2","0","1","","","","N","","","","","","","","","",""
"2020017013","","2","0","0","0","0","0","0","0","0","4","1","","67","2","2020","5","40.039531","-75.084418","","6","0","0","0","0","0","1","0","0","","0","1","0","","","2","","1","","40 02:22.311","","0","75 05:03.904","3","0","0","0","67301","0","0","0","N","0","0","0","3","67301","0","","1.0","","9","N","Y","N","0","","2","0","0","","2","","","3","2","3","0","0","0","0","2","0","3","","07","","N","","","","","","","","","",""
"2020019330","","0","0","0","0","0","0","0","0","0","7","0","","67","2","2020","5","39.982075","-75.192306","","6","0","0","0","0","0","1","0","0","","0","0","0","","","0","N","0","","39 58:55.470","","0","75 11:32.300","0","0","0","0","67301","0","0","0","N","0","0","0","1","67301","0","","2.0","","1","N","N","N","1","","0","0","1","","0","","","2","0","0","0","0","0","0","2","0","2","","","","N","","","","","","","","","",""
"2020016450","","0","0","0","0","0","0","0","0","0","7","0","","67","2","2020","2","40.124127","-75.015212","","6","0","0","0","0","0","1","0","0","","0","0","0","","","1","N","0","","40 07:26.857","","0","75 00:54.762","3","0","0","0","67301","0","0","0","N","0","0","0","1","67301","0","","4.0","","9","N","N","N","0","","1","0","1","","0","","","1","1","0","0","0","0","0","2","0","1","","","","N","","","","","","","","","",""
"2020016055","","2","0","0","0","0","0","0","0","0","1","0","","67","2","2020","3","40.006803","-75.082752","","6","0","0","0","0","0","1","0","0","","0","0","0","","","1","","1","","40 00:24.490","","0","75 04:57.907","3","0","0","0","67301","0","0","0","N","0","0","0","3","67301","0","","1.0","","9","N","Y","N","0","","1","0","1","","2","","","3","1","1","0","0","0","0","2","0","3","","05","","N","","","","","","","","","",""
"2020016254","","2","0","0","0","0","0","0","0","0","4","0","","67","2","2020","3","39.996838","-75.15383","","6","0","0","0","0","0","0","0","0","","0","0","0","","","1","","1","","39 59:48.618","","0","75 09:13.788","3","0","0","0","67301","0","0","0","N","0","0","0","2","67301","0","","1.0","","1","N","N","N","0","","1","0","0","","2","","","2","1","0","0","0","0","0","2","0","2","","03","","N","","","","","","","","","",""
"2020017361","","2","0","0","0","0","0","0","0","0","4","0","","67","2","2020","2","39.949079","-75.162124","","6","0","0","0","0","0","1","0","0","","0","0","0","","","2","","1","","39 56:56.686","","0","75 09:43.648","4","0","0","0","67301","0","0","0","N","0","0","0","4","67301","2","","1.0","","99","N","N","N","0","","0","0","0","","2","","","2","2","2","0","0","0","0","2","0","2","","03","","N","","","","","","","","","",""
"2020060512","","0","0","0","0","0","0","0","0","0","5","1","","67","7","2020","2","39.950592","-75.161791","","6","0","0","0","0","0","1","0","0","","0","1","0","","","0","","1","","39 57:02.132","7","0","75 09:42.447","0","0","0","0","67301","0","0","0","N","0","0","0","1","67301","0","","4.0","1148.0","1","N","N","N","0","","0","0","1","","2","Y","","2","0","0","0","0","0","0","2","0","2","","03","","N","","","","","","","","","",""
"2020017952","","1","0","0","0","0","0","0","0","0","7","0","","67","2","2020","5","39.984134","-75.20833","","6","0","0","0","0","0","0","0","0","","0","0","0","","","1","N","0","","39 59:02.883","3","0","75 12:29.989","3","0","0","0","67301","0","0","0","N","0","0","0","1","68K01","0","","3.0","23.0","9","N","N","N","0","","1","0","0","","0","N","","1","1","0","0","0","0","0","2","0","1","","07","","N","","","","","","","","","",""
"2020056930","","2","0","0","0","0","0","0","0","0","4","0","","67","7","2020","6","39.958785","-75.225117","","6","0","0","0","0","0","0","0","0","","0","0","0","","","0","Y","2","","39 57:31.626","","0","75 13:30.421","9","0","0","0","67301","0","0","0","N","0","0","0","4","67301","0","","1.0","","1","N","N","N","0","","0","0","0","","0","","","2","0","0","0","0","0","3","2","0","2","","","","N","","","","","","","","","",""
"2020017362","","1","0","0","0","0","0","0","0","0","4","0","","67","2","2020","5","39.96089","-75.143382","","6","0","0","0","0","0","0","0","0","","0","0","0","","","0","","1","","39 57:39.204","","0","75 08:36.176","0","0","0","0","67301","0","0","0","N","0","0","0","3","67301","0","","1.0","","9","N","N","N","0","","0","0","1","","2","","","2","0","0","0","0","0","0","2","0","2","","07","","N","","","","","","","","","",""
"2020018670","","1","0","0","0","0","0","0","0","0","5","0","","67","2","2020","1","39.931733","-75.216779","","6","0","0","0","0","0","0","0","0","","0","0","0","","","0","N","0","","39 55:54.238","","0","75 13:00.405","0","0","0","0","67301","0","0","0","N","0","0","0","1","67301","0","","6.0","","1","N","N","N","0","","0","0","1","","1","","","2","0","0","0","0","0","0","2","0","2","","03","","N","","","","","","","","","",""
"2020059363","","2","0","0","0","0","0","0","0","0","1","0","","67","7","2020","3","39.972056","-75.193574","","6","0","0","0","0","0","1","0","0","","0","0","0","","","1","N","0","","39 58:19.401","4","0","75 11:36.868","4","0","0","0","67301","0","0","0","N","0","0","0","3","68K01","1","","1.0","5.0","1","N","N","N","0","","0","0","0","","0","N","","2","1","0","0","0","0","0","2","0","2","","03","","N","","","","","","","","","",""
"2020057653","","1","0","0","0","0","0","0","0","0","7","0","","67","7","2020","3","39.947761","-75.141245","","6","0","0","0","0","0","0","0","0","","0","0","0","","","0","N","0","","39 56:51.941","2","0","75 08:28.482","0","0","0","0","67301","0","0","0","N","0","0","0","1","67301","0","","5.0","100.0","1","N","N","N","0","","0","0","0","","2","N","","1","0","1","0","0","0","0","2","0","1","","03","","N","","","","","","","","","",""
"2020019741","","0","0","0","0","0","0","0","0","0","1","0","","67","2","2020","6","39.947236","-75.226833","","6","0","0","0","0","0","2","0","0","","0","0","0","","","1","","1","","39 56:50.048","4","0","75 13:36.599","3","0","0","0","67301","0","0","0","N","0","0","0","5","67301","0","","1.0","1145.0","1","N","N","N","1","","1","0","1","","2","N","","3","1","0","0","0","0","0","2","1","3","","03","","N","","","","","","","","","",""
"2020017507","","2","0","0","0","0","0","0","0","0","4","0","","67","2","2020","7","40.129225","-75.024888","","6","0","0","0","0","0","1","0","0","","0","0","0","","","0","","1","","40 07:45.210","","0","75 01:29.597","0","0","0","0","67301","0","0","0","N","0","0","0","2","67301","0","","1.0","","1","N","N","N","0","","0","0","0","","2","","","2","0","0","0","0","0","0","2","0","2","","03","","N","","","","","","","","","",""
"2020017057","","2","0","0","0","0","0","0","0","0","5","0","","67","2","2020","5","39.937978","-75.154186","","6","0","0","0","0","0","0","0","0","","0","0","0","","","0","N","0","","39 56:16.720","6","0","75 09:15.070","0","0","0","0","67301","0","0","0","N","0","0","0","1","67301","0","","6.0","745.0","9","N","N","N","0","","0","0","1","","0","Y","","3","0","0","0","0","0","0","2","0","3","","04","","N","","","","","","","","","",""
"2020019020","","2","0","0","0","0","0","0","0","0","4","0","","67","2","2020","3","39.957059","-75.148977","","6","0","0","0","0","0","2","0","0","","0","0","0","","","0","","1","","39 57:25.413","7","2","75 08:56.318","0","0","0","0","67301","0","0","0","N","0","0","0","3","67301","0","","1.0","200.0","1","N","N","N","0","","0","0","0","","0","N","","3","0","0","0","0","0","0","2","1","3","","03","","N","","","","","","","","","",""
"2020044507","","2","0","0","0","0","0","0","0","0","5","0","","67","6","2020","6","40.077667","-75.177731","","6","0","0","0","1","0","0","0","0","","0","0","0","","","0","N","0","","40 04:39.600","","0","75 10:39.830","0","0","0","0","67301","0","0","0","N","0","0","0","1","67301","0","","9.0","","9","N","N","N","0","","0","0","0","","0","","","2","0","1","0","0","0","0","2","0","2","","","","N","","","","","","","","","",""
"2020016617","","1","0","0","0","0","0","0","0","0","5","0","","67","2","2020","2","39.945194","-75.232836","","6","0","0","0","0","0","0","0","0","","0","0","0","","","0","N","0","","39 56:42.700","","0","75 13:58.210","9","0","0","0","67301","0","0","0","N","0","0","0","1","67301","0","","6.0","","9","N","N","N","0","","0","0","2","","0","","","3","0","0","0","0","0","1","2","0","3","","07","","N","","","","","","","","","",""
"2020057749","","0","0","0","0","0","0","0","0","0","1","2","","67","7","2020","2","39.902822","-75.242969","","6","0","0","0","0","0","0","0","0","","0","2","0","","","0","N","0","","39 54:10.160","1","0","75 14:34.690","9","0","0","0","67301","0","0","0","N","0","0","0","2","67301","0","","1.0","100.0","1","N","N","N","0","","0","0","0","","0","N","","2","0","0","0","0","0","1","2","0","2","","","","N","","","","","","","","","",""
"2020017712","","1","0","0","0","0","0","0","0","0","6","0","","67","2","2020","6","40.040906","-75.120242","","6","0","0","0","0","0","0","0","0","","0","0","0","","","0","N","0","","40 02:27.260","","0","75 07:12.870","0","0","0","0","67301","0","0","0","N","0","0","0","1","67301","0","","6.0","","1","N","N","N","0","","0","0","0","","0","","","2","0","0","0","0","0","0","2","1","2","","98","","N","","","","","","","","","",""
"2020016613","","1","0","0","0","0","0","0","0","0","5","0","","67","2","2020","3","40.083331","-75.051156","","6","0","0","0","0","0","0","0","0","","0","0","0","","","1","N","0","","40 04:59.990","","0","75 03:04.160","3","0","0","0","67301","0","0","0","N","0","0","0","1","67301","0","","6.0","","9","N","N","N","1","","1","0","0","","0","","","2","1","1","0","0","0","0","2","0","2","","","","N","","","","","","","","","",""
"2020018177","","2","0","0","0","0","0","0","0","0","4","0","","67","2","2020","2","40.101876","-75.039725","","6","0","0","1","0","0","0","1","0","","0","0","0","","","1","","1","","40 06:06.752","","0","75 02:23.010","3","0","0","0","67301","0","0","0","N","0","0","0","3","67301","0","","1.0","","1","N","N","N","0","","1","0","1","","2","","","3","1","0","0","0","0","0","2","0","3","","","","N","","","","","","","","","",""
"2020017018","","1","0","0","0","0","0","0","0","0","8","0","","67","2","2020","2","39.973904","-75.122717","","6","0","0","0","0","0","0","1","0","","0","0","0","","","1","","1","","39 58:26.053","","0","75 07:21.780","8","0","0","0","67301","1","0","0","N","1","0","0","2","67301","0","","1.0","","99","N","N","N","0","","0","0","0","","3","","","2","1","0","0","0","1","0","2","0","1","","","","N","","","","","","","","","",""
"2020043522","","0","0","0","0","0","0","1","0","0","5","1","","67","5","2020","4","39.998445","-75.138783","","6","0","0","0","0","0","0","0","0","","0","0","0","","","2","N","0","","39 59:54.403","","0","75 08:19.617","4","0","0","0","67301","0","0","0","N","0","0","0","4","67508","2","","1.0","","1","N","N","N","0","","0","0","1","","0","N","","2","2","0","0","0","0","0","2","0","2","","","","N","","","","","","","","","",""
"2020042826","","2","0","0","0","0","0","0","0","0","4","0","","67","6","2020","2","40.086342","-75.038902","","6","0","0","0","1","0","0","0","0","","2","0","0","","","3","N","0","","40 05:10.832","","0","75 02:20.047","1","0","0","0","67301","0","0","0","N","0","0","0","6","67301","0","2","1.0","","1","N","N","N","0","0","1","2","0","","0","","","2","3","0","0","0","0","0","2","0","2","","03","","N","","","","","","","","","",""
"2020017654","","2","0","0","0","0","0","0","0","0","5","0","","67","2","2020","6","39.9925","-75.17975","","6","0","0","0","0","0","0","0","0","","0","0","0","","","0","N","0","","39 59:33.000","4","0","75 10:47.100","0","0","0","0","67301","0","0","0","N","0","0","0","1","67301","0","","6.0","2248.0","1","N","N","N","0","","0","0","2","","0","N","","5","0","0","0","0","0","0","2","1","5","","03","","N","","","","","","","","","",""
"2020029292","","1","0","0","0","0","0","0","0","0","7","0","","67","2","2020","7","39.942544","-75.193434","","6","0","0","0","0","0","0","0","0","","0","0","0","","","0","N","0","","39 56:33.160","4","0","75 11:36.362","0","0","0","0","67301","0","0","0","N","0","0","0","1","68K01","0","","4.0","45.0","1","N","N","N","0","","0","0","0","","0","N","","1","0","0","0","0","0","0","2","0","1","","","","N","","","","","","","","","",""
"2020015385","","0","0","0","0","0","0","0","0","0","4","0","","67","2","2020","1","39.947783","-75.231252","","6","0","0","0","0","0","0","1","0","","0","0","0","","","2","","2","","39 56:52.020","3","0","75 13:52.507","3","0","0","0","67301","0","0","0","N","0","0","0","6","67301","0","","1.0","1511.0","1","N","N","N","0","","2","0","2","","3","N","","2","2","4","0","0","0","0","2","0","2","","03","","N","","","","","","","","","",""