"CRN","ARRIVAL_TM","AUTOMOBILE_COUNT","BELTED_DEATH_COUNT","BELTED_SUSP_SERIOUS_INJ_COUNT","BICYCLE_COUNT","BICYCLE_DEATH_COUNT","BICYCLE_SUSP_SERIOUS_INJ_COUNT","BUS_COUNT","CHLDPAS_DEATH_COUNT","CHLDPAS_SUSP_SERIOUS_INJ_COUNT","COLLISION_TYPE","COMM_VEH_COUNT","CONS_ZONE_SPD_LIM","COUNTY","CRASH_MONTH","CRASH_YEAR","DAY_OF_WEEK","DEC_LATITUDE","DEC_LONGITUDE","DISPATCH_TM","DISTRICT","DRIVER_COUNT_16YR","DRIVER_COUNT_17YR","DRIVER_COUNT_18YR","DRIVER_COUNT_19YR","DRIVER_COUNT_20YR","DRIVER_COUNT_50_64YR","DRIVER_COUNT_65_74YR","DRIVER_COUNT_75PLUS","EST_HRS_CLOSED","FATAL_COUNT","HEAVY_TRUCK_COUNT","HORSE_BUGGY_COUNT","HOUR_OF_DAY","ILLUMINATION","INJURY_COUNT","INTERSECTION_RELATED","INTERSECT_TYPE","LANE_CLOSED","LATITUDE","LN_CLOSE_DIR","LOCATION_TYPE","LONGITUDE","MAX_SEVERITY_LEVEL","MCYCLE_DEATH_COUNT","MCYCLE_SUSP_SERIOUS_INJ_COUNT","MOTORCYCLE_COUNT","MUNICIPALITY","NONMOTR_COUNT","NONMOTR_DEATH_COUNT","NONMOTR_SUSP_SERIOUS_INJ_COUNT","NTFY_HIWY_MAINT","PED_COUNT","PED_DEATH_COUNT","PED_SUSP_SERIOUS_INJ_COUNT","PERSON_COUNT","POLICE_AGCY","POSSIBLE_INJ_COUNT","RDWY_SURF_TYPE_CD","RELATION_TO_ROAD","ROADWAY_CLEARED","ROAD_CONDITION","SCH_BUS_IND","SCH_ZONE_IND","SECONDARY_CRASH","SMALL_TRUCK_COUNT","SPEC_JURIS_CD","SUSP_MINOR_INJ_COUNT","SUSP_SERIOUS_INJ_COUNT","SUV_COUNT","TCD_FUNC_CD","TCD_TYPE","TFC_DETOUR_IND","TIME_OF_DAY","TOTAL_UNITS","TOT_INJ_COUNT","UNBELTED_OCC_COUNT","UNB_DEATH_COUNT","UNB_SUSP_SERIOUS_INJ_COUNT","UNK_INJ_DEG_COUNT","UNK_INJ_PER_COUNT","URBAN_RURAL","VAN_COUNT","VEHICLE_COUNT","WEATHER1","WEATHER2","WORKERS_PRES","WORK_ZONE_IND","WORK_ZONE_LOC","WORK_ZONE_TYPE","WZ_CLOSE_DETOUR","WZ_FLAGGER","WZ_LAW_OFFCR_IND","WZ_LN_CLOSURE","WZ_MOVING","WZ_OTHER","WZ_SHLDER_MDN","WZ_WORKERS_INJ_KILLED"
"2020015488","","1","0","0","0","0","0","0","0","0","7","0","","67","2","2020","1","40.015873","-75.153841","","6","0","0","0","0","0","0","0","0","","0","0","0","","","0","","1","","40 00:57.144","","0","75 09:13.828","9","0","0","0","67301","0","0","0","N","0","0","0","1","67301","0","","5.0","","1","N","N","N","0","","0","0","0","","9","","","1","0","0","0","0","0","1","2","0","1","","03","","N","","","","","","","","","",""
"2020040498","","1","0","0","0","0","0","0","0","0","4","1","","67","5","2020","4","40.019886","-75.174968","","6","0","0","0","0","0","0","0","0","","0","1","0","","","0","","1","","40 01:11.588","","0","75 10:29.885","0","0","0","0","67301","0","0","0","N","0","0","0","2","67301","0","","1.0","","1","N","N","N","0","","0","0","0","","2","","","2","0","0","0","0","0","0","2","0","2","","03","","N","","","","","","","","","",""
"2020017978","","1","0","0","0","0","0","0","0","0","7","0","","67","2","2020","1","40.001512","-75.194959","","6","0","0","0","1","0","0","0","0","","0","0","0","","","1","N","0","","40 00:05.443","","0","75 11:41.852","8","0","0","0","67301","0","0","0","N","0","0","0","2","68K01","0","","4.0","","1","N","N","N","0","","0","0","0","","0","","","1","1","0","0","0","1","0","2","0","1","","","","N","","","","","","","","","",""
"2020016659","","3","0","0","0","0","0","0","0","0","5","0","","67","2","2020","5","40.04205","-75.176769","","6","0","0","0","0","0","0","0","0","","0","0","0","","","0","N","0","","40 02:31.380","","0","75 10:36.370","0","0","0","0","67301","0","0","0","N","0","0","0","1","67301","0","","6.0","","9","N","N","N","0","","0","0","0","","3","","","3","0","0","0","0","0","0","2","0","3","","07","","N","","","","","","","","","",""
"2020019224","","1","0","0","0","0","0","0","0","0","4","0","","67","2","2020","3","39.95774","-75.162761","","6","0","0","0","0","0","0","0","0","","0","0","0","","","1","Y","0","","39 57:27.865","","0","75 09:45.939","3","0","0","0","67301","0","0","0","N","0","0","0","3","67301","0","","1.0","","1","N","N","N","0","","1","0","1","","2","","","2","1","0","0","0","0","0","2","0","2","","03","","N","","","","","","","","","",""
"2020017911","","0","0","0","0","0","0","0","0","0","4","0","","67","2","2020","1","40.05494","-75.053943","","6","0","0","0","0","0","1","0","0","","0","0","0","","","3","","1","","40 03:17.783","","0","75 03:14.193","3","0","0","0","67301","0","0","0","N","0","0","0","3","67301","0","","1.0","","1","N","N","N","0","","3","0","1","","2","","","2","3","2","0","0","0","0","2","1","2","","03","","N","","","","","","","","","",""
"2020015806","","3","0","0","0","0","0","0","0","0","4","0","","67","2","2020","2","40.046411","-75.069551","","6","0","0","0","0","0","1","0","0","","0","0","0","","","1","","1","","40 02:47.079","4","0","75 04:10.383","3","0","0","0","67301","0","0","0","N","0","0","0","2","67301","0","","1.0","630.0","9","N","N","N","0","","1","0","1","","3","N","","4","1","0","0","0","0","1","2","0","4","","","","N","","","","","","","","","",""
"2020017012","","1","0","0","0","0","0","0","0","0","4","0","","67","2","2020","5","40.054478","-75.085875","","6","0","0","0","0","0","0","0","0","","0","0","0","","","1","","5","","40 03:16.120","","0","75 05:09.150","3","0","0","0","67301","0","0","0","N","0","0","0","2","67301","0","","1.0","","9","N","N","N","0","","1","0","0","","2","","","2","1","0","0","0","0","0","2","1","2","","04","","N","","","","","","","","","",""
"2020015808","","1","0","0","0","0","0","0","0","0","8","0","","67","2","2020","2","40.062435","-75.155264","","6","0","0","0","0","0","0","0","0","","0","0","0","","","1","","1","","40 03:44.765","","0","75 09:18.950","4","0","0","0","67301","1","0","0","N","1","0","0","2","67301","1","","1.0","","9","N","N","N","0","","0","0","0","","2","","","2","1","0","0","0","0","0","2","0","1","","","","N","","","","","","","","","",""
"2020016627","","1","0","0","0","0","0","0","0","0","2","0","","67","2","2020","1","39.998044","-75.110931","","6","0","0","0","0","0","1","0","0","","0","0","0","","","1","Y","0","","39 59:52.960","","0","75 06:39.350","8","0","0","0","67301","0","0","0","N","0","0","0","2","67301","0","","1.0","","1","N","N","N","0","","0","0","2","","2","","","3","1","0","0","0","1","0","2","0","3","","","","N","","","","","","","","","",""
"2020060565","","1","0","0","0","0","0","0","0","0","4","0","","67","7","2020","1","39.99999","-75.153145","","6","0","0","0","0","0","1","0","0","","1","0","0","","","0","N","1","","39 59:59.964","","0","75 09:11.322","1","1","0","1","67301","0","0","0","N","0","0","0","2","67301","0","2","1.0","","1","N","N","N","0","0","0","0","0","","2","","","2","0","0","0","0","0","1","2","0","2","","03","","N","","","","","","","","","",""
"2020017597","","1","0","0","0","0","0","0","0","0","5","0","","67","2","2020","6","40.062183","-75.046644","","6","0","0","0","0","0","0","0","0","","0","0","0","","","1","N","0","","40 03:43.860","6","0","75 02:47.920","3","0","0","0","67301","0","0","0","N","0","0","0","1","67301","0","","6.0","2100.0","1","N","N","N","0","","1","0","1","","0","Y","","2","1","0","0","0","0","0","2","0","2","","03","","N","","","","","","","","","",""
"2020055962","","1","0","0","0","0","0","0","0","0","8","1","","67","7","2020","6","39.941467","-75.214828","","6","0","0","0","0","0","0","0","0","","0","0","0","","","1","N","0","","39 56:29.280","","0","75 12:53.380","3","0","0","0","67301","1","0","0","N","1","0","0","2","67301","0","","1.0","","1","N","N","N","0","","1","0","0","","3","","","2","1","0","0","0","0","0","2","0","1","","03","","N","","","","","","","","","",""
"2020058077","","1","0","0","0","0","0","0","0","0","5","1","","67","7","2020","4","39.955536","-75.148171","","6","0","0","0","0","1","0","0","0","","0","1","0","","","0","N","0","","39 57:19.931","","2","75 08:53.415","0","0","0","0","67301","0","0","0","N","0","0","0","2","67501","0","","1.0","","1","N","N","N","0","","0","0","0","","2","","","2","0","0","0","0","0","0","2","0","2","","","","N","","","","","","","","","",""
"2020015147","","1","0","0","0","0","0","0","0","0","4","0","","67","2","2020","7","39.965249","-75.150104","","6","0","0","0","0","0","0","1","1","","0","0","0","","","1","","1","","39 57:54.896","","0","75 09:00.374","8","0","0","0","67301","0","0","0","N","0","0","0","2","67301","0","","1.0","","1","N","N","N","0","","0","0","1","","3","","","2","1","0","0","0","1","0","2","0","2","","03","","N","","","","","","","","","",""
"2020017951","","1","0","0","0","0","0","0","0","0","7","0","","67","2","2020","4","40.030069","-75.022169","","6","0","0","0","0","0","0","0","0","","0","0","0","","","0","N","0","","40 01:48.247","2","0","75 01:19.809","0","0","0","0","67301","0","0","0","N","0","0","0","1","68K01","0","","3.0","2315.0","9","N","N","N","0","","0","0","0","","0","N","","1","0","0","0","0","0","0","2","0","1","","07","","N","","","","","","","","","",""
"2020016746","","1","0","0","0","0","0","0","0","0","4","0","","67","2","2020","1","39.975578","-75.191855","","6","0","1","0","0","0","0","0","0","","0","0","0","","","2","","2","","39 58:32.079","4","0","75 11:30.679","3","0","0","0","67301","0","0","0","N","0","0","0","2","67301","1","","1.0","1350.0","1","N","N","N","0","","1","0","1","","0","Y","","2","2","0","0","0","0","0","2","0","2","","03","","N","","","","","","","","","",""
"2020060534","","1","0","0","0","0","0","0","0","0","4","0","","67","7","2020","3","40.012455","-75.058453","","6","0","0","0","0","0","2","0","0","","1","0","0","","","0","N","2","","40 00:44.838","","0","75 03:30.430","1","1","0","1","67301","0","0","0","N","0","0","0","4","67301","0","2","1.0","","1","N","N","N","0","0","0","0","0","","2","","","2","0","1","0","0","0","0","2","0","2","","03","","N","","","","","","","","","",""
"2020057204","","1","0","0","0","0","0","0","0","0","2","1","","67","6","2020","4","39.882096","-75.245419","","6","0","0","0","0","0","1","0","0","","0","1","0","","","1","N","0","","39 52:55.547","1","0","75 14:43.507","3","0","0","0","67301","0","0","0","N","0","0","0","2","68K01","0","","1.0","1527.0","1","N","N","N","0","","1","0","0","","0","Y","","2","1","0","0","0","0","0","2","0","2","","03","","N","","","","","","","","","",""
"2020020838","","0","0","0","0","0","0","0","0","0","4","0","","67","2","2020","7","40.022908","-75.148267","","6","0","0","0","0","0","0","0","0","","0","0","0","","","1","","5","","40 01:22.470","","0","75 08:53.760","3","0","0","0","67301","0","0","0","N","0","0","0","2","67301","0","","1.0","","1","N","N","N","1","","1","0","0","","2","","","2","1","0","0","0","0","0","2","0","2","","","","N","","","","","","","","","",""
"2020051912","","1","0","0","0","0","0","1","0","0","1","1","","67","6","2020","5","40.089564","-75.033613","","6","0","0","0","0","0","1","0","2","","0","0","0","","","0","","2","","40 05:22.431","2","0","75 02:01.007","0","0","0","0","67301","0","0","0","N","0","0","0","4","67508","0","","1.0","30.0","1","N","N","N","0","","0","0","1","","0","N","","3","0","0","0","0","0","0","2","0","3","","","","N","","","","","","","","","",""
"2020016656","","3","0","0","0","0","0","0","0","0","1","0","","67","2","2020","4","40.059531","-75.028061","","6","0","0","0","0","0","0","0","0","","0","0","0","","","0","N","0","","40 03:34.310","3","0","75 01:41.020","0","0","0","0","67301","0","0","0","N","0","0","0","1","67301","0","","6.0","1130.0","1","N","Y","N","0","","0","0","0","","0","N","","3","0","1","0","0","0","0","2","0","3","","03","","N","","","","","","","","","",""
"2020028338","","1","0","0","0","0","0","0","0","0","1","0","","67","2","2020","6","40.000331","-75.194874","","6","0","0","0","0","0","0","0","0","","0","0","0","","","1","N","0","","40 00:01.193","4","0","75 11:41.548","3","0","0","0","67301","0","0","0","N","0","0","0","6","68K01","0","","1.0","10.0","1","N","N","N","0","","1","0","1","","0","N","","2","1","0","0","0","0","0","2","0","2","","","","N","","","","","","","","","",""
"2020058971","","0","0","0","0","0","0","0","0","0","7","1","","67","7","2020","6","40.035498","-75.017152","","6","0","0","0","0","0","1","0","0","","0","1","0","","","0","N","0","","40 02:07.794","1","0","75 01:01.746","0","0","0","0","67301","0","0","0","Y","0","0","0","1","68K01","0","","4.0","1615.0","8","N","N","N","0","","0","0","0","","0","N","","1","0","0","0","0","0","0","2","0","1","","07","","N","","","","","","","","","",""
"2020019854","","1","0","0","0","0","0","0","0","0","5","0","","67","2","2020","7","40.008136","-75.147728","","6","0","0","0","0","0","0","0","0","","0","0","0","","","0","N","0","","40 00:29.290","","0","75 08:51.820","0","0","0","0","67301","0","0","0","N","0","0","0","1","67301","0","","6.0","","1","N","N","N","0","","0","0","1","","2","","","3","0","0","0","0","0","0","2","1","3","","03","","N","","","","","","","","","",""
"2020019391","","0","0","0","0","0","0","0","0","0","1","0","","67","2","2020","7","40.018922","-75.049504","","6","0","0","0","0","0","1","0","0","","0","0","0","","","2","","1","","40 01:08.120","","0","75 02:58.216","3","0","0","0","67301","0","0","0","N","0","0","0","4","67301","0","","1.0","","1","N","N","N","0","","2","0","1","","2","","","2","2","3","0","0","0","0","2","0","2","","03","","N","","","","","","","","","",""
"2020018016","","1","0","0","0","0","0","0","0","0","1","0","","67","2","2020","7","39.99562","-75.167583","","6","0","0","0","0","0","2","0","0","","0","0","0","","","0","","1","","39 59:44.232","","0","75 10:03.297","9","0","0","0","67301","0","0","0","N","0","0","0","3","67301","0","","1.0","","1","N","N","N","0","","0","0","1","","2","","","2","0","0","0","0","0","1","2","0","2","","03","","N","","","","","","","","","",""
"2020015603","","3","0","0","0","0","0","0","0","0","5","0","","67","2","2020","1","40.065175","-75.024019","","6","0","0","0","0","0","0","0","0","","0","0","0","","","0","N","0","","40 03:54.630","","0","75 01:26.470","0","0","0","0","67301","0","0","0","N","0","0","0","1","67301","0","","6.0","","1","N","N","N","0","","0","0","0","","0","","","3","0","0","0","0","0","0","2","0","3","","03","","N","","","","","","","","","",""
"2020017710","","1","0","0","0","0","0","0","0","0","8","0","","67","2","2020","5","39.950925","-75.230654","","6","0","0","0","0","0","0","1","0","","0","0","0","","","1","","1","","39 57:03.330","","0","75 13:50.354","3","0","0","0","67301","1","0","0","N","1","0","0","2","67301","0","","1.0","","9","N","N","N","0","","1","0","0","","2","","","2","1","0","0","0","0","0","2","0","1","","","","N","","","","","","","","","",""
"2020017019","","2","0","0","0","0","0","0","0","0","4","0","","67","2","2020","3","40.033058","-75.124114","","6","0","0","0","0","0","0","0","0","","0","0","0","","","0","N","0","","40 01:59.010","","7","75 07:26.810","9","0","0","0","67301","0","0","0","N","0","0","0","3","67301","0","","1.0","","1","N","N","N","0","","0","0","1","","0","","","3","0","0","0","0","0","1","2","0","3","","03","","N","","","","","","","","","",""
"2020017294","","1","0","0","0","0","0","0","0","0","7","0","","67","2","2020","5","40.040119","-75.005947","","6","0","0","0","1","0","0","0","0","","0","0","0","","","0","N","0","","40 02:24.427","","0","75 00:21.410","0","0","0","0","67301","0","0","0","N","0","0","0","2","68K01","0","","4.0","","9","N","N","N","0","","0","0","0","","0","","","1","0","0","0","0","0","0","2","0","1","","","","N","","","","","","","","","",""
"2020019021","","1","0","0","0","0","0","0","0","0","4","0","","67","2","2020","4","39.952184","-75.240772","","6","0","0","0","0","0","1","0","0","","0","0","0","","","1","","1","","39 57:07.862","","0","75 14:26.779","8","0","0","0","67301","0","0","0","N","0","0","0","2","67301","0","","1.0","","1","N","N","N","0","","0","0","1","","2","","","2","1","0","0","0","1","1","2","0","2","","","","N","","","","","","","","","",""
"2020021358","","2","0","0","0","0","0","0","0","0","1","0","","67","2","2020","7","40.097311","-75.018475","","6","0","0","0","0","0","0","0","1","","0","0","0","","","1","N","0","","40 05:50.320","","7","75 01:06.510","8","0","0","0","67301","0","0","0","N","0","0","0","4","67301","0","","1.0","","1","N","N","N","0","","0","0","1","","0","","","3","1","0","0","0","1","0","2","0","3","","03","","N","","","","","","","","","",""
"2020016250","","2","0","0","0","0","0","0","0","0","3","0","","67","2","2020","1","40.024992","-75.213475","","6","0","0","0","0","0","0","0","0","","0","0","0","","","1","N","0","","40 01:29.970","","0","75 12:48.510","3","0","0","0","67301","0","0","0","N","0","0","0","2","67301","0","","1.0","","1","N","N","N","0","","1","0","0","","0","","","2","1","1","0","0","0","0","2","0","2","","","","N","","","","","","","","","",""
"2020057853","","0","0","0","0","0","0","0","0","0","4","0","","67","7","2020","3","40.051369","-75.149781","","6","0","0","0","0","0","2","0","0","","0","0","0","","","9","","2","","40 03:04.928","5","0","75 08:59.211","3","0","0","0","67301","0","0","0","N","0","0","0","9","67301","7","","1.0","1930.0","1","N","N","N","0","","2","0","1","","3","N","","2","9","7","0","0","0","0","2","1","2","","03","","N","","","","","","","","","",""
"2020017649","","1","0","0","0","0","0","0","0","0","4","0","","67","2","2020","5","39.973833","-75.206444","","6","0","0","0","0","0","0","1","0","","0","0","0","","","1","","1","","39 58:25.797","","0","75 12:23.198","3","0","0","0","67301","0","0","0","N","0","0","0","3","67301","0","","1.0","","9","N","N","N","0","","1","0","0","","2","","","2","1","1","0","0","0","0","2","1","2","","07","","N","","","","","","","","","",""
"2020015381","","1","0","0","0","0","0","0","0","0","1","0","","67","2","2020","1","40.057354","-75.076833","","6","0","0","0","0","0","1","0","0","","0","0","0","","","0","","1","","40 03:26.473","","0","75 04:36.598","0","0","0","0","67301","0","0","0","N","0","0","0","3","67301","0","","1.0","","1","N","N","N","0","","0","0","2","","2","","","3","0","0","0","0","0","0","2","0","3","","03","","N","","","","","","","","","",""
"2020015146","","2","0","0","0","0","0","0","0","0","4","0","","67","2","2020","1","40.026906","-75.227196","","6","0","0","0","0","0","1","0","0","","0","0","0","","","1","","1","","40 01:36.861","","0","75 13:37.905","3","0","0","0","67301","0","0","0","N","0","0","0","3","67301","0","","1.0","","1","N","N","N","0","","1","0","0","","2","","","2","1","0","0","0","0","0","2","0","2","","","","N","","","","","","","","","",""
"2020017708","","1","0","0","0","0","0","0","0","0","7","0","","67","2","2020","7","40.090839","-74.985311","","6","0","0","0","0","0","0","0","0","","0","0","0","","","0","N","0","","40 05:27.021","","0","74 59:07.119","0","0","0","0","67301","0","0","0","N","0","0","0","1","67301","0","","4.0","","1","N","N","N","0","","0","0","0","","0","","","1","0","0","0","0","0","0","2","0","1","","03","","N","","","","","","","","","",""
"2020017334","","1","0","0","0","0","0","0","0","0","4","0","","67","2","2020","5","39.950649","-75.247179","","6","0","0","0","0","0","1","0","0","","0","0","0","","","1","","1","","39 57:02.336","","0","75 14:49.844","8","0","0","0","67301","0","0","0","N","0","0","0","2","67301","0","","1.0","","9","N","N","N","0","","0","0","1","","3","","","2","1","1","0","0","1","0","2","0","2","","04","","N","","","","","","","","","",""
"2020058199","","0","0","0","0","0","0","0","0","0","8","0","","67","7","2020","5","39.922654","-75.185384","","6","0","0","0","1","0","0","0","0","","0","0","0","","","1","N","0","","39 55:21.553","","0","75 11:07.383","3","0","0","0","67301","1","0","0","N","1","0","0","2","67301","0","","1.0","","9","N","N","N","0","","1","0","1","","2","","","2","1","1","0","0","0","0","2","0","1","","","","N","","","","","","","","","",""
"2020015149","","2","0","0","0","0","0","0","0","0","4","0","","67","2","2020","7","40.043012","-75.183518","","6","0","0","0","0","0","0","0","0","","0","0","0","","","0","","1","","40 02:34.843","","0","75 11:00.664","9","0","0","0","67301","0","0","0","N","0","0","0","2","67301","0","","1.0","","1","N","N","N","0","","0","0","2","","3","","","4","0","0","0","0","0","1","2","0","4","","03","","N","","","","","","","","","",""
"2020017508","","0","0","0","0","0","0","0","0","0","8","0","","67","2","2020","6","40.081388","-74.976183","","6","0","0","0","0","0","0","1","0","","0","0","0","","","1","","2","","40 04:52.997","","0","74 58:34.259","8","0","0","0","67301","1","0","0","N","1","0","0","2","67301","0","","1.0","","1","N","N","N","0","","0","0","1","","2","","","2","1","0","0","0","1","0","2","0","1","","03","","N","","","","","","","","","",""
"2020016658","","1","0","0","0","0","0","0","0","0","4","0","","67","2","2020","4","40.037371","-75.190983","","6","0","0","0","0","0","0","0","0","","0","0","0","","","1","","1","","40 02:14.535","","0","75 11:27.538","3","0","0","0","67301","0","0","0","N","0","0","0","2","67301","0","","1.0","","9","N","N","N","0","","1","0","1","","2","","","2","1","0","0","0","0","0","2","0","2","","07","","N","","","","","","","","","",""
"2020019483","","1","0","0","0","0","0","0","0","0","4","0","","67","2","2020","5","39.996838","-75.15383","","6","0","0","0","0","0","0","2","0","","0","0","0","","","1","","1","","39 59:48.618","1","0","75 09:13.788","3","0","0","0","67301","0","0","0","N","0","0","0","5","67301","0","","1.0","208.0","1","N","N","N","0","","1","0","1","","2","N","","2","1","0","0","0","0","0","2","0","2","","","","N","","","","","","","","","",""
"2020017713","","2","0","0","0","0","0","0","0","0","5","0","","67","2","2020","7","40.055919","-75.149519","","6","0","0","0","0","0","0","0","0","","0","0","0","","","0","N","0","","40 03:21.310","","0","75 08:58.270","9","0","0","0","67301","0","0","0","N","0","0","0","1","67301","0","","6.0","","99","N","N","N","0","","0","0","2","","0","","","4","0","0","0","0","0","1","2","0","4","","03","","N","","","","","","","","","",""
"2020057212","","0","0","0","0","0","0","0","0","0","1","0","","67","6","2020","2","39.957816","-75.16143","","6","0","1","0","0","0","1","0","0","","0","0","0","","","0","N","0","","39 57:28.137","4","0","75 09:41.147","0","0","0","0","67301","0","0","0","N","0","0","0","6","68K01","0","","1.0","1650.0","1","N","N","N","1","","0","0","1","","0","N","","4","0","0","0","0","0","0","2","2","4","","","","N","","","","","","","","","",""
"2020016975","","0","0","0","0","0","0","0","0","0","8","0","","67","2","2020","5","40.068663","-75.156786","","6","0","0","0","0","0","0","0","0","","0","0","0","","","1","","5","","40 04:07.186","","0","75 09:24.430","3","0","0","0","67301","1","0","0","N","1","0","0","2","67301","0","","1.0","","9","N","N","N","0","","1","0","0","","2","","","2","1","0","0","0","0","1","2","0","1","","04","","N","","","","","","","","","",""
"2020060519","","1","0","0","0","0","0","0","0","0","1","1","","67","7","2020","6","39.91155","-75.229933","","6","0","0","0","0","0","0","0","0","","0","1","0","","","0","N","0","","39 54:41.580","","0","75 13:47.760","0","0","0","0","67301","0","0","0","N","0","0","0","2","67301","0","","1.0","","1","N","N","N","0","","0","0","0","","0","","","2","0","0","0","0","0","0","2","0","2","","","","N","","","","","","","","","",""
"2020039330","","1","0","0","0","0","0","0","0","0","6","0","","67","4","2020","4","39.999846","-75.190595","","6","0","0","0","0","1","0","1","0","","0","0","0","","","1","N","0","","39 59:59.446","","0","75 11:26.143","8","0","0","0","67301","0","0","0","N","0","0","0","2","67301","0","","1.0","","1","N","N","N","0","","0","0","1","","0","","","2","1","0","0","0","1","0","2","0","2","","03","","N","","","","","","","","","",""
"2020016616","","1","0","0","0","0","0","0","0","0","6","0","","67","2","2020","1","39.941292","-75.234831","","6","0","0","0","0","0","0","0","0","","0","0","0","","","3","N","0","","39 56:28.650","5","0","75 14:05.390","3","0","0","0","67301","0","0","0","N","0","0","0","3","67301","0","","1.0","130.0","1","N","N","N","0","","3","0","0","","9","Y","","2","3","0","0","0","0","0","2","1","2","","03","","N","","","","","","","","","",""
"2020017146","","0","0","0","0","0","0","0","0","0","5","0","","67","2","2020","3","39.901936","-75.165142","","6","0","0","0","0","0","0","0","0","","0","0","0","","","1","N","0","","39 54:06.970","","0","75 09:54.510","3","0","0","0","67301","0","0","0","N","0","0","0","1","67301","0","","6.0","","1","N","N","N","0","","1","0","4","","0","","","4","1","0","0","0","0","0","2","0","4","","03","","N","","","","","","","","","",""
"2020015384","","0","0","0","0","0","0","0","0","0","4","0","","67","2","2020","1","40.056736","-75.046864","","6","0","0","0","0","0","1","0","0","","0","0","0","","","4","","1","","40 03:24.250","","0","75 02:48.711","2","0","0","0","67301","0","0","0","N","0","0","0","4","67301","0","","1.0","","1","N","N","N","0","","3","1","2","","2","","","2","4","4","0","1","0","0","2","0","2","","03","","N","","","","","","","","","",""
"2020017061","","1","0","0","0","0","0","0","0","0","4","0","","67","2","2020","6","40.036314","-75.064305","","6","0","0","1","0","0","0","0","0","","0","0","0","","","2","","1","","40 02:10.729","","0","75 03:51.497","8","0","0","0","67301","0","0","0","N","0","0","0","3","67301","0","","1.0","","1","N","N","N","0","","0","0","1","","2","","","2","2","0","0","0","2","0","2","0","2","","03","","N","","","","","","","","","",""
"2020016751","","0","0","0","0","0","0","0","0","0","8","0","","67","2","2020","4","40.005931","-75.113497","","6","0","0","0","0","0","0","0","0","","0","0","0","","","1","","1","","40 00:21.351","","0","75 06:48.588","8","0","0","0","67301","1","0","0","N","1","0","0","2","67301","0","","1.0","","9","N","N","N","0","","0","0","1","","2","","","2","1","0","0","0","1","0","2","0","1","","07","","N","","","","","","","","","",""
"2020028157","","2","0","0","0","0","0","0","0","0","1","0","","67","2","2020","7","39.977237","-75.113066","","6","0","0","0","0","0","0","0","0","","0","0","0","","","0","N","0","","39 58:38.054","2","0","75 06:47.036","0","0","0","0","67301","0","0","0","N","0","0","0","3","68K01","0","","1.0","30.0","1","N","N","N","0","","0","0","0","","0","N","","2","0","0","0","0","0","0","2","0","2","","","","N","","","","","","","","","",""
"2020020364","","1","0","0","0","0","0","0","0","0","7","0","","67","2","2020","1","39.970917","-75.193205","","6","0","0","0","0","0","0","0","0","","0","0","0","","","1","N","0","","39 58:15.302","3","0","75 11:35.537","3","0","0","0","67301","0","0","0","N","0","0","0","3","68K01","0","","4.0","420.0","1","N","N","N","0","","1","0","1","","0","N","","2","1","2","0","0","0","0","2","0","2","","03","","N","","","","","","","","","",""
"2020017148","","0","0","0","0","0","0","0","0","0","4","0","","67","2","2020","5","40.078112","-75.023623","","6","0","0","0","0","0","0","0","0","","0","0","0","","","1","","2","","40 04:41.204","3","0","75 01:25.042","3","0","0","0","67301","0","0","0","N","0","0","0","2","67301","0","","1.0","1400.0","9","N","N","N","0","","1","0","2","","2","N","","2","1","0","0","0","0","1","2","0","2","","07","","N","","","","","","","","","",""
"2020015750","","0","0","0","0","0","0","0","0","0","8","0","","67","2","2020","2","39.951743","-75.158313","","6","0","0","0","0","0","1","0","0","","0","0","0","","","1","","1","","39 57:06.276","","0","75 09:29.927","8","0","0","0","67301","1","0","0","N","1","0","0","2","67301","0","","1.0","","9","N","N","N","0","","0","0","1","","2","","","2","1","0","0","0","1","0","2","0","1","","07","","N","","","","","","","","","",""
"2020058090","","0","0","0","0","0","0","0","0","0","7","0","","67","7","2020","6","40.023722","-75.132503","","6","0","0","0","0","0","0","0","0","","1","0","0","","","1","N","0","","40 01:25.399","3","0","75 07:57.012","1","0","0","0","67301","0","0","0","N","0","0","0","2","67301","0","2","4.0","442.0","1","N","N","N","0","0","0","1","1","","8","Y","","1","1","1","1","0","0","0","2","0","1","","03","","N","","","","","","","","","",""
"2020017017","","2","0","0","0","0","0","0","0","0","4","0","","67","2","2020","4","40.000347","-75.118623","","6","0","0","0","0","0","0","0","0","","0","0","0","","","0","","1","","40 00:01.249","","0","75 07:07.042","0","0","0","0","67301","0","0","0","N","0","0","0","2","67301","0","","1.0","","9","N","N","N","0","","0","0","0","","0","","","2","0","0","0","0","0","0","2","0","2","","07","","N","","","","","","","","","",""
"2020016753","","1","0","0","0","0","0","0","0","0","4","0","","67","2","2020","3","40.015267","-75.198349","","6","0","0","0","0","1","1","0","0","","0","0","0","","","0","","2","","40 00:54.961","","0","75 11:54.056","0","0","0","0","67301","0","0","0","N","0","0","0","3","67301","0","","1.0","","9","N","N","N","0","","0","0","2","","3","","","3","0","0","0","0","0","0","2","0","3","","03","","N","","","","","","","","","",""