"CRN","ARRIVAL_TM","AUTOMOBILE_COUNT","BELTED_DEATH_COUNT","BELTED_SUSP_SERIOUS_INJ_COUNT","BICYCLE_COUNT","BICYCLE_DEATH_COUNT","BICYCLE_SUSP_SERIOUS_INJ_COUNT","BUS_COUNT","CHLDPAS_DEATH_COUNT","CHLDPAS_SUSP_SERIOUS_INJ_COUNT","COLLISION_TYPE","COMM_VEH_COUNT","CONS_ZONE_SPD_LIM","COUNTY","CRASH_MONTH","CRASH_YEAR","DAY_OF_WEEK","DEC_LATITUDE","DEC_LONGITUDE","DISPATCH_TM","DISTRICT","DRIVER_COUNT_16YR","DRIVER_COUNT_17YR","DRIVER_COUNT_18YR","DRIVER_COUNT_19YR","DRIVER_COUNT_20YR","DRIVER_COUNT_50_64YR","DRIVER_COUNT_65_74YR","DRIVER_COUNT_75PLUS","EST_HRS_CLOSED","FATAL_COUNT","HEAVY_TRUCK_COUNT","HORSE_BUGGY_COUNT","HOUR_OF_DAY","ILLUMINATION","INJURY_COUNT","INTERSECTION_RELATED","INTERSECT_TYPE","LANE_CLOSED","LATITUDE","LN_CLOSE_DIR","LOCATION_TYPE","LONGITUDE","MAX_SEVERITY_LEVEL","MCYCLE_DEATH_COUNT","MCYCLE_SUSP_SERIOUS_INJ_COUNT","MOTORCYCLE_COUNT","MUNICIPALITY","NONMOTR_COUNT","NONMOTR_DEATH_COUNT","NONMOTR_SUSP_SERIOUS_INJ_COUNT","NTFY_HIWY_MAINT","PED_COUNT","PED_DEATH_COUNT","PED_SUSP_SERIOUS_INJ_COUNT","PERSON_COUNT","POLICE_AGCY","POSSIBLE_INJ_COUNT","RDWY_SURF_TYPE_CD","RELATION_TO_ROAD","ROADWAY_CLEARED","ROAD_CONDITION","SCH_BUS_IND","SCH_ZONE_IND","SECONDARY_CRASH","SMALL_TRUCK_COUNT","SPEC_JURIS_CD","SUSP_MINOR_INJ_COUNT","SUSP_SERIOUS_INJ_COUNT","SUV_COUNT","TCD_FUNC_CD","TCD_TYPE","TFC_DETOUR_IND","TIME_OF_DAY","TOTAL_UNITS","TOT_INJ_COUNT","UNBELTED_OCC_COUNT","UNB_DEATH_COUNT","UNB_SUSP_SERIOUS_INJ_COUNT","UNK_INJ_DEG_COUNT","UNK_INJ_PER_COUNT","URBAN_RURAL","VAN_COUNT","VEHICLE_COUNT","WEATHER1","WEATHER2","WORKERS_PRES","WORK_ZONE_IND","WORK_ZONE_LOC","WORK_ZONE_TYPE","WZ_CLOSE_DETOUR","WZ_FLAGGER","WZ_LAW_OFFCR_IND","WZ_LN_CLOSURE","WZ_MOVING","WZ_OTHER","WZ_SHLDER_MDN","WZ_WORKERS_INJ_KILLED"
"2020022634","","1","0","0","0","0","0","0","0","0","4","0","","67","2","2020","4","39.990683","-75.141864","","6","0","0","0","0","0","2","0","0","","0","0","0","","","1","","1","","39 59:26.458","","0","75 08:30.710","8","0","0","0","67301","0","0","0","N","0","0","0","3","67301","0","","1.0","","1","N","N","N","1","","0","0","0","","3","","","2","1","1","0","0","1","0","2","0","2","","03","","N","","","","","","","","","",""
"2020017016","","0","0","0","0","0","0","0","0","0","5","0","","67","2","2020","1","39.989825","-75.114189","","6","0","0","0","0","0","0","0","0","","0","0","0","","","0","N","0","","39 59:23.370","","0","75 06:51.080","0","0","0","0","67301","0","0","0","N","0","0","0","1","67301","0","","6.0","","99","N","N","N","0","","0","0","0","","9","","","2","0","0","0","0","0","0","2","1","2","","03","","N","","","","","","","","","",""
"2020020489","","1","0","0","0","0","0","0","0","0","4","0","","67","2","2020","3","40.053149","-75.040237","","6","0","0","0","0","0","1","0","0","","0","0","0","","","2","","1","","40 03:11.336","","0","75 02:24.854","3","0","0","0","67301","0","0","0","N","0","0","0","4","67301","0","","1.0","","1","N","N","N","0","","2","0","0","","2","","","2","2","0","0","0","0","0","2","1","2","","03","","N","","","","","","","","","",""
"2020036340","","0","0","0","0","0","0","0","0","0","5","0","","67","2","2020","7","39.962896","-75.201892","","6","0","0","0","0","0","0","0","0","","0","0","0","","","0","","1","","39 57:46.426","","0","75 12:06.810","0","0","0","0","67301","0","0","0","N","0","0","0","6","67301","0","","1.0","","1","N","N","N","0","","0","0","2","","2","","","2","0","0","0","0","0","0","2","0","2","","03","","N","","","","","","","","","",""
"2020022308","","2","0","0","0","0","0","0","0","0","5","0","","67","3","2020","1","40.019699","-75.143799","","6","0","0","0","1","0","0","0","0","","0","0","0","","","0","N","0","","40 01:10.917","2","0","75 08:37.677","9","0","0","0","67301","0","0","0","N","0","0","0","4","67301","0","","1.0","330.0","1","N","N","N","0","","0","0","1","","0","Y","","3","0","0","0","0","0","1","2","0","3","","03","","N","","","","","","","","","",""
"2020017413","","1","0","0","0","0","0","0","0","0","4","0","","67","2","2020","6","39.982476","-75.101024","","6","0","0","0","0","0","0","0","0","","0","0","0","","","0","","1","","39 58:56.914","","2","75 06:03.688","0","0","0","0","67301","0","0","0","N","0","0","0","3","67301","0","","1.0","","1","N","N","N","1","","0","0","0","","2","","","2","0","3","0","0","0","0","2","0","2","","03","","N","","","","","","","","","",""
"2020019481","","1","0","0","0","0","0","0","0","0","8","0","","67","2","2020","4","40.028772","-75.166853","","6","0","0","0","0","0","0","0","0","","0","0","0","","","1","N","0","","40 01:43.580","","0","75 10:00.670","3","0","0","0","67301","1","0","0","N","1","0","0","2","67301","0","","1.0","","1","N","N","N","0","","1","0","0","","3","","","2","1","0","0","0","0","1","2","0","1","","","","N","","","","","","","","","",""
"2020015275","","1","0","0","0","0","0","0","0","0","1","0","","67","2","2020","7","40.076772","-75.032993","","6","0","0","0","0","0","1","0","0","","0","0","0","","","1","","1","","40 04:36.380","","0","75 01:58.776","3","0","0","0","67301","0","0","0","N","0","0","0","2","67301","0","","1.0","","1","N","N","N","0","","1","0","1","","2","","","2","1","0","0","0","0","0","2","0","2","","03","","N","","","","","","","","","",""
"2020016970","","1","0","0","0","0","0","0","0","0","4","0","","67","2","2020","4","40.05575","-75.089564","","6","0","0","0","1","0","1","0","0","","0","0","0","","","1","","1","","40 03:20.701","","0","75 05:22.429","3","0","0","0","67301","0","0","0","N","0","0","0","2","67301","0","","1.0","","9","N","N","N","1","","1","0","0","","2","","","2","1","0","0","0","0","0","2","0","2","","04","","N","","","","","","","","","",""
"2020028156","","1","0","0","0","0","0","0","0","0","1","0","","67","2","2020","7","39.999071","-75.195327","","6","0","0","0","0","0","0","0","0","","0","0","0","","","1","N","0","","39 59:56.656","4","0","75 11:43.176","3","0","0","0","67301","0","0","0","N","0","0","0","3","68K01","0","","1.0","15.0","1","N","N","N","1","","1","0","1","","0","N","","3","1","0","0","0","0","0","2","0","3","","","","N","","","","","","","","","",""
"2020017816","","1","0","0","0","0","0","0","0","0","4","0","","67","2","2020","7","40.094644","-75.015196","","6","0","0","0","0","0","0","0","0","","0","0","0","","","0","","1","","40 05:40.718","","0","75 00:54.707","0","0","0","0","67301","0","0","0","N","0","0","0","2","67301","0","","1.0","","1","N","N","N","0","","0","0","0","","2","","","2","0","0","0","0","0","0","2","1","2","","03","","N","","","","","","","","","",""
"2020017707","","0","0","0","0","0","0","0","0","0","1","0","","67","2","2020","5","40.066736","-75.083983","","6","0","0","0","0","0","1","0","0","","0","0","0","","","1","","5","","40 04:00.249","","0","75 05:02.340","8","0","0","0","67301","0","0","0","N","0","0","0","3","67301","0","","1.0","","9","N","N","N","0","","0","0","1","","2","","","2","1","0","0","0","1","0","2","1","2","","","","N","","","","","","","","","",""
"2020022543","","1","0","0","0","0","0","0","0","0","7","0","","67","2","2020","2","39.96009","-75.180404","","6","0","0","0","0","0","0","0","0","","0","0","0","","","0","N","0","","39 57:36.325","3","0","75 10:49.455","0","0","0","0","67301","0","0","0","N","0","0","0","1","68K01","0","","3.0","2124.0","9","N","N","N","0","","0","0","0","","0","N","","1","0","0","0","0","0","0","2","0","1","","","","N","","","","","","","","","",""
"2020036338","","2","0","0","0","0","0","0","0","0","4","0","","67","2","2020","1","40.034471","-75.07183","","6","0","0","0","0","0","0","0","0","","0","0","0","","","1","","3","","40 02:04.095","1","0","75 04:18.588","3","0","0","0","67301","0","0","0","N","0","0","0","4","67301","0","","1.0","2011.0","1","N","N","N","0","","1","0","0","","0","Y","","2","1","0","0","0","0","0","2","0","2","","","","N","","","","","","","","","",""
"2020017410","","1","0","0","0","0","0","0","0","0","4","0","","67","2","2020","5","40.058311","-75.015829","","6","0","0","0","0","0","1","0","0","","0","0","0","","","0","","2","","40 03:29.918","6","0","75 00:56.984","0","0","0","0","67301","0","0","0","N","0","0","0","2","67301","0","","1.0","200.0","9","N","N","N","1","","0","0","0","","0","Y","","2","0","0","0","0","0","0","2","0","2","","04","","N","","","","","","","","","",""
"2020017326","","1","0","0","0","0","0","0","0","0","4","0","","67","2","2020","6","40.033509","-75.093084","","6","0","0","0","0","0","0","0","0","","0","0","0","","","1","","2","","40 02:00.632","7","0","75 05:35.102","8","0","0","0","67301","0","0","0","N","0","0","0","3","67301","0","","1.0","2200.0","1","N","N","N","1","","0","0","0","","3","Y","","2","1","0","0","0","1","1","2","0","2","","","","N","","","","","","","","","",""
"2020017330","","1","0","0","0","0","0","0","0","0","8","0","","67","2","2020","3","40.03406","-75.1829","","6","0","0","0","0","0","1","0","0","","0","0","0","","","1","","1","","40 02:02.615","","0","75 10:58.439","4","0","0","0","67301","1","0","0","N","1","0","0","2","67301","1","","1.0","","1","N","N","N","0","","0","0","0","","2","","","2","1","1","0","0","0","1","2","0","1","","","","N","","","","","","","","","",""
"2020015160","","1","0","0","0","0","0","0","0","0","1","0","","67","2","2020","7","40.021125","-75.139925","","6","0","0","0","0","0","0","0","0","","0","0","0","","","1","","1","","40 01:16.051","","0","75 08:23.731","4","0","0","0","67301","0","0","0","N","0","0","0","4","67301","1","","1.0","","1","N","N","N","0","","0","0","1","","2","","","2","1","0","0","0","0","0","2","0","2","","03","","N","","","","","","","","","",""
"2020018180","","0","0","0","0","0","0","0","0","0","8","0","","67","2","2020","5","40.007639","-75.127327","","6","0","0","0","0","0","0","0","0","","0","0","0","","","1","","1","","40 00:27.502","","0","75 07:38.377","3","0","0","0","67301","1","0","0","N","1","0","0","2","67301","0","","1.0","","9","N","N","N","0","","1","0","0","","9","","","2","1","0","0","0","0","0","2","1","1","","03","","N","","","","","","","","","",""
"2020020371","","1","0","0","0","0","0","0","0","0","5","0","45","67","2","2020","4","39.981833","-75.101668","","6","0","0","0","0","0","0","0","0","","0","0","0","","","1","","6","","39 58:54.597","2","2","75 06:06.006","8","0","0","0","67301","0","0","0","N","0","0","0","2","68K01","0","","1.0","30.0","1","N","N","N","0","","0","0","0","","0","N","","2","1","0","0","0","1","0","2","1","2","","","N","Y","4","1","","","N","","","Y","","N"
"2020015153","","1","0","0","0","0","0","0","0","0","4","0","","67","2","2020","7","39.954457","-75.214902","","6","0","0","0","0","0","0","1","0","","0","0","0","","","0","","1","","39 57:16.045","","0","75 12:53.647","0","0","0","0","67301","0","0","0","N","0","0","0","2","67301","0","","1.0","","1","N","N","N","0","","0","0","1","","3","","","2","0","2","0","0","0","0","2","0","2","","03","","N","","","","","","","","","",""
"2020016661","","3","0","0","0","0","0","0","0","0","6","0","","67","2","2020","5","39.972901","-75.170605","","6","0","0","0","0","0","0","0","0","","0","0","0","","","2","N","0","","39 58:22.442","7","0","75 10:14.178","3","0","0","0","67301","0","0","0","N","0","0","0","2","67301","0","","1.0","430.0","9","N","N","N","0","","2","0","1","","0","Y","","4","2","0","0","0","0","0","2","0","4","","","","N","","","","","","","","","",""
"2020018811","","1","0","0","0","0","0","0","0","0","4","0","","67","2","2020","1","39.959468","-75.161976","","6","0","0","0","0","1","1","0","0","","0","0","0","","","1","","1","","39 57:34.085","","0","75 09:43.114","3","0","0","0","67301","0","0","0","N","0","0","0","4","67301","0","","1.0","","1","N","N","N","0","","1","0","0","","2","","","2","1","0","0","0","0","1","2","1","2","","03","","N","","","","","","","","","",""
"2020015772","","2","0","0","0","0","0","0","0","0","4","0","","67","2","2020","2","39.990328","-75.240679","","6","0","0","0","0","1","0","0","0","","0","0","0","","","0","","1","","39 59:25.180","","0","75 14:26.444","0","0","0","0","67301","0","0","0","N","0","0","0","2","67301","0","","1.0","","9","N","N","N","0","","0","0","0","","0","","","2","0","0","0","0","0","0","2","0","2","","07","","N","","","","","","","","","",""
"2020015151","","1","0","0","0","0","0","0","0","0","7","0","","67","2","2020","7","40.012504","-75.087545","","6","0","0","0","0","0","0","0","0","","0","0","0","","","0","","1","","40 00:45.016","","0","75 05:15.162","0","0","0","0","67301","0","0","0","N","0","0","0","1","67301","0","","3.0","","1","N","N","N","0","","0","0","0","","2","","","1","0","0","0","0","0","0","2","0","1","","03","","N","","","","","","","","","",""
"2020017653","","2","0","1","0","0","0","0","0","0","4","0","","67","2","2020","6","39.975396","-75.189907","","6","0","0","0","0","0","1","0","0","","0","0","0","","","1","","3","","39 58:31.425","","0","75 11:23.665","2","0","0","0","67301","0","0","0","N","0","0","0","2","67301","0","","1.0","","1","N","N","N","0","","0","1","0","","2","","","2","1","0","0","0","0","0","2","0","2","","03","","N","","","","","","","","","",""
"2020022547","","1","0","0","0","0","0","0","0","0","7","0","","67","2","2020","4","39.957091","-75.155984","","6","0","0","0","0","0","0","0","0","","0","0","0","","","1","N","0","","39 57:25.529","6","0","75 09:21.543","8","0","0","0","67301","0","0","0","N","0","0","0","2","68K01","0","","4.0","2254.0","9","N","N","N","0","","0","0","0","","0","N","","1","1","0","0","0","1","0","2","0","1","","","","N","","","","","","","","","",""
"2020017059","","0","0","0","0","0","0","0","0","0","4","0","","67","2","2020","5","40.059114","-75.044722","","6","0","0","0","0","0","1","0","0","","0","0","0","","","0","","1","","40 03:32.810","2","0","75 02:40.998","0","0","0","0","67301","0","0","0","N","0","0","0","4","67301","0","","1.0","1250.0","9","N","N","N","1","","0","0","1","","2","N","","2","0","0","0","0","0","0","2","0","2","","","","N","","","","","","","","","",""
"2020027594","","0","0","0","0","0","0","0","0","0","7","0","","67","2","2020","3","39.89914","-75.166669","","6","0","0","0","0","0","0","0","0","","0","0","0","","","0","N","0","","39 53:56.905","1","0","75 10:00.008","0","0","0","0","67301","0","0","0","N","0","0","0","1","68K01","0","","4.0","1600.0","1","N","N","N","0","","0","0","1","","0","Y","","1","0","0","0","0","0","0","2","0","1","","","","N","","","","","","","","","",""
"2020022546","","1","0","0","0","0","0","0","0","0","7","0","","67","2","2020","3","39.957708","-75.150078","","6","0","0","0","0","0","1","0","0","","0","0","0","","","0","N","0","","39 57:27.750","4","0","75 09:00.282","0","0","0","0","67301","0","0","0","N","0","0","0","3","68K01","0","","3.0","1823.0","1","N","N","N","0","","0","0","2","","0","N","","3","0","0","0","0","0","0","2","0","3","","","","N","","","","","","","","","",""
"2020017600","","1","0","0","0","0","0","0","0","0","7","0","","67","2","2020","4","39.946463","-75.237262","","6","0","0","0","0","0","0","0","0","","0","0","0","","","2","","2","","39 56:47.267","","0","75 14:14.143","3","0","0","0","67301","0","0","0","N","0","0","0","2","67301","0","","4.0","","1","N","N","N","0","","2","0","0","","2","","","1","2","0","0","0","0","0","2","0","1","","03","","N","","","","","","","","","",""
"2020017145","","0","0","0","0","0","0","0","0","0","4","0","","67","2","2020","3","39.913946","-75.149463","","6","0","0","0","0","0","2","0","0","","0","0","0","","","4","N","0","","39 54:50.205","","0","75 08:58.067","4","0","0","0","67301","0","0","0","N","0","0","0","4","67301","4","","1.0","","1","N","N","N","0","","0","0","1","","0","","","2","4","4","0","0","0","0","2","1","2","","04","","N","","","","","","","","","",""
"2020018015","","1","0","0","0","0","0","0","0","0","5","0","","67","2","2020","6","39.962858","-75.202348","","6","0","0","0","0","0","0","0","0","","0","0","0","","","5","N","1","","39 57:46.289","6","0","75 12:08.453","2","0","0","0","67301","0","0","0","N","0","0","0","7","67301","2","","1.0","2338.0","1","N","N","N","0","","0","1","1","","2","Y","","3","5","1","0","0","2","1","2","1","3","","03","","N","","","","","","","","","",""
"2020017009","","3","0","0","0","0","0","0","0","0","1","0","","67","2","2020","4","40.030972","-75.109228","","6","0","0","0","0","0","1","0","0","","0","0","0","","","1","N","0","","40 01:51.500","3","0","75 06:33.220","8","0","0","0","67301","0","0","0","N","0","0","0","3","67301","0","","1.0","1020.0","9","N","N","N","0","","0","0","0","","0","N","","3","1","0","0","0","1","0","2","0","3","","07","","N","","","","","","","","","",""
"2020017411","","0","0","0","0","0","0","0","0","0","1","0","","67","2","2020","7","39.953605","-75.165047","","6","0","0","0","0","0","0","0","0","","0","0","0","","","0","","2","","39 57:12.978","4","6","75 09:54.168","0","0","0","0","67301","0","0","0","N","0","0","0","3","67301","0","","1.0","200.0","1","N","N","N","0","","0","0","2","","2","N","","2","0","0","0","0","0","0","2","0","2","","","","N","","","","","","","","","",""
"2020064528","","1","0","0","0","0","0","0","0","0","4","0","","67","8","2020","3","39.954615","-75.149531","","6","0","0","0","0","0","0","0","0","","0","0","0","","","0","","1","","39 57:16.613","","0","75 08:58.311","0","0","0","0","67301","0","0","0","N","0","0","0","2","67301","0","","1.0","","1","N","N","N","0","","0","0","1","","2","","","2","0","0","0","0","0","0","2","0","2","","03","","N","","","","","","","","","",""
"2020018663","","1","0","0","0","0","0","0","0","0","7","0","","67","2","2020","5","39.960353","-75.161905","","6","0","0","0","0","0","0","0","0","","0","0","0","","","1","","2","","39 57:37.272","","0","75 09:42.857","8","0","0","0","67301","0","0","0","N","0","0","0","1","67301","0","","5.0","","1","N","N","N","0","","0","0","0","","0","","","1","1","0","0","0","1","0","2","0","1","","03","","N","","","","","","","","","",""
"2020016750","","1","0","0","0","0","0","0","0","0","5","0","","67","2","2020","3","39.992152","-75.08876","","6","0","0","0","0","0","0","0","0","","0","0","0","","","0","","1","","39 59:31.747","","0","75 05:19.536","0","0","0","0","67301","0","0","0","N","0","0","0","2","67301","0","","1.0","","9","N","N","N","0","","0","0","0","","0","","","2","0","1","0","0","0","0","2","0","2","","07","","N","","","","","","","","","",""
"2020020835","","1","0","0","0","0","0","0","0","0","5","0","","67","2","2020","6","39.998381","-75.106106","","6","0","0","0","0","0","1","0","0","","0","0","0","","","0","N","0","","39 59:54.170","","0","75 06:21.980","0","0","0","0","67301","0","0","0","N","0","0","0","1","67301","0","","6.0","","1","N","N","Y","1","","0","0","1","","0","","","3","0","0","0","0","0","0","2","0","3","","03","","N","","","","","","","","","",""
"2020057745","","0","0","0","0","0","0","0","0","0","0","0","","67","7","2020","2","39.965114","-75.181867","","6","0","0","0","0","0","0","0","0","","0","0","0","","","1","N","0","","39 57:54.410","3","0","75 10:54.720","3","0","0","1","67301","0","0","0","N","0","0","0","1","67301","0","","1.0","2210.0","1","N","N","N","0","","1","0","0","","0","N","","1","1","0","0","0","0","0","2","0","1","","03","","N","","","","","","","","","",""
"2020017650","","1","0","0","0","0","0","0","0","0","4","0","","67","2","2020","5","39.940126","-75.167053","","6","0","0","0","0","0","0","1","0","","0","0","0","","","0","","2","","39 56:24.454","2","0","75 10:01.391","0","0","0","0","67301","0","0","0","N","0","0","0","2","67301","0","","1.0","1600.0","9","N","N","N","0","","0","0","1","","3","N","","2","0","0","0","0","0","0","2","0","2","","","","N","","","","","","","","","",""
"2020021257","","2","0","0","0","0","0","0","0","0","4","0","","67","2","2020","6","40.028854","-75.208015","","6","0","0","0","0","0","0","0","0","","0","0","0","","","0","","1","","40 01:43.874","","0","75 12:28.853","0","0","0","0","67301","0","0","0","N","0","0","0","5","67301","0","","1.0","","1","N","N","N","0","","0","0","0","","3","","","2","0","0","0","0","0","0","2","0","2","","","","N","","","","","","","","","",""
"2020018668","","1","0","0","0","0","0","0","0","0","1","0","","67","2","2020","6","39.903685","-75.240003","","6","0","0","0","0","0","0","0","1","","0","0","0","","","3","N","0","","39 54:13.265","","0","75 14:24.010","8","0","0","0","67301","0","0","0","N","0","0","0","3","67301","0","","1.0","","1","N","N","N","0","","0","0","1","","9","","","2","3","1","0","0","3","0","2","0","2","","03","","N","","","","","","","","","",""
"2020017150","","1","0","0","0","0","0","0","0","0","4","0","","67","2","2020","2","40.001613","-75.11641","","6","0","0","0","0","0","0","0","0","","0","0","0","","","1","","1","","40 00:05.806","","0","75 06:59.075","3","0","0","0","67301","0","0","0","N","0","0","0","2","67301","0","","1.0","","8","N","N","Y","0","","1","0","0","","2","","","2","1","0","0","0","0","0","2","0","2","","07","","N","","","","","","","","","",""
"2020016971","","0","0","0","0","0","0","0","0","0","8","0","","67","2","2020","3","40.082494","-75.040519","","6","0","0","0","0","0","0","0","0","","0","0","0","","","1","","2","","40 04:56.979","","0","75 02:25.870","3","0","0","0","67301","1","0","0","N","1","0","0","2","67301","0","","1.0","","1","N","N","N","0","","1","0","1","","2","","","2","1","0","0","0","0","0","2","0","1","","","","N","","","","","","","","","",""
"2020053363","","1","0","0","0","0","0","0","0","0","4","1","","67","7","2020","2","40.016906","-75.151603","","6","0","0","1","0","0","0","0","0","","0","1","0","","","1","N","0","","40 01:00.861","","0","75 09:05.772","3","0","0","0","67301","0","0","0","N","0","0","0","1","67301","0","","1.0","","1","N","N","N","1","","1","0","0","","2","","","3","1","1","0","0","0","0","2","0","3","","03","","N","","","","","","","","","",""
"2020015809","","0","0","0","0","0","0","0","0","0","4","0","","67","2","2020","1","40.008621","-75.068836","","6","0","0","0","0","0","0","0","0","","0","1","0","","","1","","1","","40 00:31.034","7","0","75 04:07.810","3","0","0","0","67301","0","0","0","N","0","0","0","5","67301","0","","1.0","130.0","1","N","N","Y","0","","1","0","2","","2","Y","","3","1","0","0","0","0","1","2","0","3","","","","N","","","","","","","","","",""
"2020017329","","2","0","0","0","0","0","0","0","0","1","0","","67","2","2020","6","39.935531","-75.226012","","6","0","0","0","0","0","0","0","0","","0","0","0","","","1","N","0","","39 56:07.913","","0","75 13:33.644","3","0","0","0","67301","0","0","0","N","0","0","0","4","67301","0","","1.0","","1","N","N","N","0","","1","0","0","","0","","","2","1","0","0","0","0","0","2","0","2","","98","","N","","","","","","","","","",""
"2020058618","","2","0","0","0","0","0","0","0","0","4","0","","67","7","2020","6","39.957787","-75.225328","","6","0","0","0","0","0","1","0","0","","0","0","0","","","2","N","0","","39 57:28.032","","0","75 13:31.181","3","0","0","0","67301","0","0","0","N","0","0","0","4","67301","0","","1.0","","1","N","N","N","0","","2","0","0","","3","","","2","2","4","0","0","0","0","2","0","2","","03","","N","","","","","","","","","",""
"2020016344","","2","0","0","0","0","0","0","0","0","4","0","","67","2","2020","3","39.974508","-75.148083","","6","0","0","0","0","1","0","0","0","","0","0","0","","","0","","1","","39 58:28.228","","0","75 08:53.098","0","0","0","0","67301","0","0","0","N","0","0","0","2","67301","0","","1.0","","9","N","N","N","0","","0","0","0","","3","","","2","0","0","0","0","0","0","2","0","2","","04","","N","","","","","","","","","",""
"2020056672","","2","0","0","0","0","0","0","0","0","1","0","","67","7","2020","6","40.013561","-75.135503","","6","0","0","0","0","1","1","0","0","","0","0","0","","","1","N","0","","40 00:48.820","","0","75 08:07.810","3","0","0","0","67301","0","0","0","N","0","0","0","3","67301","0","","1.0","","1","N","N","N","0","","1","0","1","","2","","","3","1","0","0","0","0","1","2","0","3","","03","","N","","","","","","","","","",""
"2020018175","","3","0","0","0","0","0","0","0","0","4","0","","67","2","2020","2","40.063063","-75.086585","","6","0","0","0","0","0","1","0","0","","0","0","0","","","0","","2","","40 03:47.028","","0","75 05:11.707","0","0","0","0","67301","0","0","0","N","0","0","0","3","67301","0","","1.0","","1","N","N","N","0","","0","0","0","","2","","","3","0","0","0","0","0","0","2","0","3","","03","","N","","","","","","","","","",""
"2020025688","","1","0","0","0","0","0","0","0","0","1","0","","67","3","2020","3","39.977032","-75.199115","","6","0","0","0","0","0","0","0","0","","0","0","0","","","0","N","0","","39 58:37.314","","0","75 11:56.814","0","0","0","0","67301","0","0","0","N","0","0","0","5","68K01","0","","1.0","","1","N","N","N","0","","0","0","1","","0","","","2","0","0","0","0","0","0","2","0","2","","03","","N","","","","","","","","","",""
"2020016747","","0","0","0","0","0","0","0","0","0","4","1","","67","2","2020","4","40.053344","-75.156503","","6","0","0","0","0","0","1","0","0","","0","1","0","","","0","N","0","","40 03:12.040","","0","75 09:23.410","0","0","0","0","67301","0","0","0","N","0","0","0","3","67301","0","","1.0","","1","N","N","N","1","","0","0","1","","0","","","3","0","3","0","0","0","0","2","0","3","","03","","N","","","","","","","","","",""
"2020022862","","2","0","0","0","0","0","0","0","0","4","0","","67","3","2020","2","39.951943","-75.2388","","6","0","0","0","0","0","0","0","0","","0","0","0","","","1","","1","","39 57:06.994","","0","75 14:19.679","3","0","0","0","67301","0","0","0","N","0","0","0","2","67301","0","","1.0","","9","N","N","N","0","","1","0","0","","2","","","2","1","1","0","0","0","0","2","0","2","","","","N","","","","","","","","","",""
"2020017651","","2","0","0","0","0","0","0","0","0","5","0","","67","2","2020","1","39.948811","-75.241494","","6","0","0","0","0","0","0","0","0","","0","0","0","","","0","N","0","","39 56:55.720","2","0","75 14:29.380","9","0","0","0","67301","0","0","0","N","0","0","0","1","67301","0","","1.0","130.0","1","N","N","N","0","","0","0","0","","0","Y","","2","0","0","0","0","0","1","2","0","2","","03","","N","","","","","","","","","",""
"2020015417","","0","0","0","0","0","0","0","0","0","8","0","","67","2","2020","1","40.019349","-75.114808","","6","0","0","0","0","0","0","0","0","","0","0","0","","","1","N","0","","40 01:09.657","","0","75 06:53.307","3","0","0","0","67301","1","0","0","N","1","0","0","2","67301","0","","1.0","","1","N","N","N","1","","1","0","0","","0","","","2","1","0","0","0","0","0","2","0","1","","03","","N","","","","","","","","","",""
"2020023845","","1","0","0","0","0","0","0","0","0","8","0","","67","3","2020","5","40.02758","-75.147134","","6","0","0","0","0","0","0","0","0","","0","0","0","","","1","","1","","40 01:39.287","1","0","75 08:49.681","2","0","0","0","67301","1","0","1","N","1","0","1","2","67301","0","","1.0","531.0","1","N","N","N","0","","0","1","0","","2","N","","2","1","0","0","0","0","0","2","0","1","","","","N","","","","","","","","","",""
"2020051730","","0","0","0","0","0","0","0","0","0","5","2","","67","6","2020","6","39.90825","-75.147361","","6","0","0","0","0","0","0","1","0","","0","1","0","","","1","N","0","","39 54:29.700","3","3","75 08:50.500","3","0","0","0","67301","0","0","0","N","0","0","0","4","67501","0","","1.0","650.0","1","N","N","N","1","","1","0","1","","2","N","","3","1","0","0","0","0","1","2","0","3","","03","","N","","","","","","","","","",""
"2020041236","","2","0","0","0","0","0","0","0","0","4","0","","67","5","2020","6","40.019639","-75.073373","","6","0","0","0","0","0","1","0","0","","0","0","0","","","1","","1","","40 01:10.699","","0","75 04:24.144","8","0","0","0","67301","0","0","0","N","0","0","0","3","67301","0","","1.0","","1","N","N","N","0","","0","0","0","","2","","","2","1","1","0","0","1","0","2","0","2","","","","N","","","","","","","","","",""
"2020015307","","1","0","0","1","0","0","0","0","0","8","0","","67","2","2020","1","39.0","-74.0","","6","0","0","0","0","0","0","0","0","","0","0","0","","","1","N","0","","39 00:00.000","","0","74 00:00.000","3","0","0","0","67301","1","0","0","N","0","0","0","2","67504","0","","1.0","","1","N","N","N","0","","1","0","0","","0","","","2","1","0","0","0","0","0","1","0","1","","03","","N","","","","","","","","","",""
"2020019873","","1","0","0","0","0","0","0","0","0","0","0","","67","2","2020","3","40.001094","-75.116519","","6","0","0","0","0","0","0","0","0","","0","0","0","","","2","N","0","","40 00:03.940","","0","75 06:59.470","3","0","0","0","67301","0","0","0","N","0","0","0","2","67301","1","","1.0","","99","N","N","N","0","","1","0","0","","0","","","1","2","0","0","0","0","0","2","0","1","","","","N","","","","","","","","","",""