"CRN","ARRIVAL_TM","AUTOMOBILE_COUNT","BELTED_DEATH_COUNT","BELTED_SUSP_SERIOUS_INJ_COUNT","BICYCLE_COUNT","BICYCLE_DEATH_COUNT","BICYCLE_SUSP_SERIOUS_INJ_COUNT","BUS_COUNT","CHLDPAS_DEATH_COUNT","CHLDPAS_SUSP_SERIOUS_INJ_COUNT","COLLISION_TYPE","COMM_VEH_COUNT","CONS_ZONE_SPD_LIM","COUNTY","CRASH_MONTH","CRASH_YEAR","DAY_OF_WEEK","DEC_LATITUDE","DEC_LONGITUDE","DISPATCH_TM","DISTRICT","DRIVER_COUNT_16YR","DRIVER_COUNT_17YR","DRIVER_COUNT_18YR","DRIVER_COUNT_19YR","DRIVER_COUNT_20YR","DRIVER_COUNT_50_64YR","DRIVER_COUNT_65_74YR","DRIVER_COUNT_75PLUS","EST_HRS_CLOSED","FATAL_COUNT","HEAVY_TRUCK_COUNT","HORSE_BUGGY_COUNT","HOUR_OF_DAY","ILLUMINATION","INJURY_COUNT","INTERSECTION_RELATED","INTERSECT_TYPE","LANE_CLOSED","LATITUDE","LN_CLOSE_DIR","LOCATION_TYPE","LONGITUDE","MAX_SEVERITY_LEVEL","MCYCLE_DEATH_COUNT","MCYCLE_SUSP_SERIOUS_INJ_COUNT","MOTORCYCLE_COUNT","MUNICIPALITY","NONMOTR_COUNT","NONMOTR_DEATH_COUNT","NONMOTR_SUSP_SERIOUS_INJ_COUNT","NTFY_HIWY_MAINT","PED_COUNT","PED_DEATH_COUNT","PED_SUSP_SERIOUS_INJ_COUNT","PERSON_COUNT","POLICE_AGCY","POSSIBLE_INJ_COUNT","RDWY_SURF_TYPE_CD","RELATION_TO_ROAD","ROADWAY_CLEARED","ROAD_CONDITION","SCH_BUS_IND","SCH_ZONE_IND","SECONDARY_CRASH","SMALL_TRUCK_COUNT","SPEC_JURIS_CD","SUSP_MINOR_INJ_COUNT","SUSP_SERIOUS_INJ_COUNT","SUV_COUNT","TCD_FUNC_CD","TCD_TYPE","TFC_DETOUR_IND","TIME_OF_DAY","TOTAL_UNITS","TOT_INJ_COUNT","UNBELTED_OCC_COUNT","UNB_DEATH_COUNT","UNB_SUSP_SERIOUS_INJ_COUNT","UNK_INJ_DEG_COUNT","UNK_INJ_PER_COUNT","URBAN_RURAL","VAN_COUNT","VEHICLE_COUNT","WEATHER1","WEATHER2","WORKERS_PRES","WORK_ZONE_IND","WORK_ZONE_LOC","WORK_ZONE_TYPE","WZ_CLOSE_DETOUR","WZ_FLAGGER","WZ_LAW_OFFCR_IND","WZ_LN_CLOSURE","WZ_MOVING","WZ_OTHER","WZ_SHLDER_MDN","WZ_WORKERS_INJ_KILLED"
"2020057984","","0","0","0","0","0","0","0","0","0","5","0","","67","7","2020","6","39.982145","-75.184724","","6","0","0","0","0","0","1","0","0","","0","0","0","","","1","","3","","39 58:55.721","","0","75 11:05.006","4","0","0","0","67301","0","0","0","N","0","0","0","1","67301","1","","2.0","","1","N","N","N","0","","0","0","2","","2","","","2","1","1","0","0","0","0","2","0","2","","03","","N","","","","","","","","","",""
"2020017820","","2","0","0","0","0","0","0","0","0","4","0","","67","2","2020","6","40.038461","-75.036321","","6","0","0","0","0","0","2","1","0","","0","0","0","","","2","","1","","40 02:18.460","","0","75 02:10.757","3","0","0","0","67301","0","0","0","N","0","0","0","4","67301","0","","1.0","","1","N","N","Y","0","","2","0","0","","2","","","3","2","0","0","0","0","0","2","1","3","","03","","N","","","","","","","","","",""
"2020046600","","3","0","0","0","0","0","0","0","0","4","0","","67","6","2020","6","40.067197","-75.155232","","6","0","0","0","0","0","1","0","0","","0","0","0","","","1","","1","","40 04:01.909","","0","75 09:18.835","8","0","0","0","67301","0","0","0","N","0","0","0","2","67301","0","","1.0","","1","N","N","N","0","","0","0","0","","3","","","3","1","0","0","0","1","0","2","0","3","","03","","N","","","","","","","","","",""
"2020015144","","1","0","0","0","0","0","0","0","0","4","0","","67","2","2020","7","40.037652","-75.075953","","6","0","0","0","0","0","1","0","0","","0","0","0","","","0","","2","","40 02:15.547","","0","75 04:33.430","0","0","0","0","67301","0","0","0","N","0","0","0","2","67301","0","","1.0","","1","N","N","N","0","","0","0","1","","3","","","3","0","0","0","0","0","0","2","0","3","","03","","N","","","","","","","","","",""
"2020057199","","1","0","0","0","0","0","0","0","0","4","0","","67","6","2020","1","39.945205","-75.190614","","6","0","0","0","0","0","1","1","0","","0","0","0","","","1","N","0","","39 56:42.737","4","0","75 11:26.210","3","0","0","0","67301","0","0","0","N","0","0","0","5","68K01","0","","1.0","15.0","1","N","N","N","0","","1","0","2","","0","N","","3","1","0","0","0","0","0","2","0","3","","","","N","","","","","","","","","",""
"2020016972","","0","0","0","0","0","0","0","0","0","7","0","","67","2","2020","4","40.094726","-75.064947","","6","0","0","0","0","0","0","0","0","","0","0","0","","","1","","2","","40 05:41.013","","0","75 03:53.809","8","0","0","0","67301","0","0","0","N","0","0","0","1","67301","0","","5.0","","1","N","N","N","0","","0","0","0","","0","","","1","1","0","0","0","1","0","2","1","1","","03","","N","","","","","","","","","",""
"2020019743","","0","0","0","0","0","0","0","0","0","8","0","","67","2","2020","4","40.025129","-75.082673","","6","0","0","0","0","0","0","0","0","","0","0","0","","","1","","1","","40 01:30.464","","0","75 04:57.622","4","0","0","0","67301","1","0","0","N","1","0","0","2","67301","1","","1.0","","1","N","N","N","0","","0","0","1","","3","","","2","1","1","0","0","0","0","2","0","1","","03","","N","","","","","","","","","",""
"2020042829","","1","0","0","0","0","0","0","0","0","1","0","","67","6","2020","2","40.112137","-74.990663","","6","0","0","0","0","0","1","0","0","","0","0","0","","","1","","1","","40 06:43.694","1","0","74 59:26.387","8","0","0","0","67301","0","0","0","N","0","0","0","7","67301","0","","1.0","1800.0","1","N","N","N","0","","0","0","1","","2","N","","2","1","0","0","0","1","5","2","0","2","","03","","N","","","","","","","","","",""
"2020016255","","0","0","0","0","0","0","0","0","0","8","0","","67","2","2020","2","40.025747","-75.172514","","6","0","0","0","0","0","0","0","1","","0","0","0","","","2","","1","","40 01:32.689","","0","75 10:21.050","3","0","0","0","67301","2","0","0","N","2","0","0","3","67301","0","","1.0","","9","N","N","N","0","","2","0","0","","3","","","3","2","0","0","0","0","0","2","1","1","","04","","N","","","","","","","","","",""
"2020017599","","1","0","0","0","0","0","0","0","0","8","0","","67","2","2020","6","39.968289","-75.163186","","6","0","0","0","0","0","0","0","0","","0","0","0","","","1","N","0","","39 58:05.840","","0","75 09:47.470","3","0","0","0","67301","1","0","0","N","1","0","0","2","67301","0","","1.0","","1","N","N","N","0","","1","0","0","","3","","","2","1","0","0","0","0","0","2","0","1","","03","","N","","","","","","","","","",""
"2020058202","","1","0","0","0","0","0","0","0","0","4","0","","67","7","2020","6","40.04324","-75.052268","","6","0","0","0","0","0","0","0","0","","1","0","0","","","0","","1","","40 02:35.664","5","0","75 03:08.163","1","1","0","1","67301","0","0","0","N","0","0","0","2","67301","0","2","1.0","102.0","1","N","N","N","0","0","0","0","0","","2","N","","2","0","0","0","0","0","0","2","0","2","","03","","N","","","","","","","","","",""
"2020028895","","1","0","0","0","0","0","0","0","0","4","0","","67","3","2020","3","39.948019","-75.240411","","6","0","0","0","0","0","1","0","0","","0","0","0","","","0","N","0","","39 56:52.870","","0","75 14:25.480","0","0","0","0","67301","0","0","0","N","0","0","0","2","67301","0","","1.0","","1","N","N","N","1","","0","0","0","","9","","","2","0","0","0","0","0","0","2","0","2","","03","","N","","","","","","","","","",""
"2020016280","","0","0","0","0","0","0","0","0","0","4","0","","67","2","2020","3","40.051651","-75.060087","","6","0","0","0","0","0","0","0","0","","0","0","0","","","1","","2","","40 03:05.943","","0","75 03:36.313","4","0","0","0","67301","0","0","0","N","0","0","0","3","67301","1","","1.0","","9","N","N","N","0","","0","0","2","","3","","","2","1","1","0","0","0","0","2","0","2","","03","","N","","","","","","","","","",""
"2020016657","","0","0","0","0","0","0","0","0","0","4","0","","67","2","2020","4","40.050713","-75.010048","","6","0","0","1","0","1","0","0","0","","0","0","0","","","1","N","0","","40 03:02.568","1","7","75 00:36.173","2","0","1","1","67301","0","0","0","N","0","0","0","3","67301","0","","1.0","2150.0","9","N","N","N","0","","0","1","1","","2","N","","2","1","0","0","0","0","0","2","0","2","","07","","N","","","","","","","","","",""
"2020016752","","1","0","0","0","0","0","0","0","0","1","0","","67","2","2020","2","40.027353","-75.192483","","6","0","0","0","0","0","0","0","0","","0","0","0","","","0","N","0","","40 01:38.470","","0","75 11:32.940","0","0","0","0","67301","0","0","0","N","0","0","0","2","67301","0","","1.0","","9","N","N","N","0","","0","0","1","","0","","","2","0","0","0","0","0","0","2","0","2","","07","","N","","","","","","","","","",""
"2020018666","","5","0","0","0","0","0","0","0","0","4","0","","67","2","2020","1","39.942955","-75.231826","","6","0","0","0","0","0","1","0","0","","0","0","0","","","0","","1","","39 56:34.638","2","0","75 13:54.573","0","0","0","0","67301","0","0","0","N","0","0","0","3","67301","0","","1.0","1508.0","1","N","N","N","1","","0","0","1","","0","N","","7","0","0","0","0","0","0","2","0","7","","03","","N","","","","","","","","","",""
"2020057211","","0","0","0","0","0","0","0","0","0","5","1","","67","6","2020","2","39.960452","-75.181239","","6","0","0","0","0","0","2","0","0","","0","1","0","","","2","N","6","","39 57:37.626","","0","75 10:52.459","8","0","0","0","67301","0","0","0","N","0","0","0","3","68K01","0","","1.0","","1","N","N","N","0","","0","0","1","","0","","","2","2","0","0","0","2","0","2","0","2","","","","N","","","","","","","","","",""
"2020022802","","3","0","0","0","0","0","1","0","0","4","1","","67","2","2020","7","40.051","-75.142016","","6","0","0","0","0","0","1","0","0","","0","0","0","","","5","N","0","","40 03:03.600","5","0","75 08:31.256","3","0","0","0","67301","0","0","0","N","0","0","0","5","67301","0","","1.0","800.0","1","N","N","N","0","","5","0","0","","0","Y","","4","5","0","0","0","0","0","2","0","4","","","","N","","","","","","","","","",""
"2020017409","","0","0","0","0","0","0","0","0","0","8","0","","67","2","2020","6","40.037089","-75.228856","","6","0","0","0","0","0","0","0","0","","0","0","0","","","1","N","0","","40 02:13.520","","0","75 13:43.880","3","0","0","0","67301","1","0","0","N","1","0","0","2","67301","0","","1.0","","1","N","N","N","1","","1","0","0","","0","","","2","1","1","0","0","0","0","2","0","1","","03","","N","","","","","","","","","",""
"2020015604","","2","0","0","0","0","0","0","0","0","1","0","","67","2","2020","1","40.0488","-75.024761","","6","0","0","0","0","0","0","0","0","","0","0","0","","","0","N","0","","40 02:55.680","","0","75 01:29.140","0","0","0","0","67301","0","0","0","N","0","0","0","1","67301","0","","6.0","","1","N","N","N","0","","0","0","1","","4","","","3","0","0","0","0","0","0","2","0","3","","03","","N","","","","","","","","","",""
"2020022544","","3","0","0","0","0","0","0","0","0","1","0","","67","2","2020","2","39.961677","-75.18269","","6","0","0","0","0","0","3","0","0","","0","0","0","","","1","N","0","","39 57:42.037","3","0","75 10:57.685","8","0","0","0","67301","0","0","0","N","0","0","0","8","68K01","0","","1.0","1030.0","1","N","N","Y","0","","0","0","4","","0","N","","7","1","0","0","0","1","0","2","0","7","","","","N","","","","","","","","","",""
"2020024411","","1","0","0","0","0","0","0","0","0","7","0","","67","3","2020","7","39.877553","-75.213522","","6","0","0","0","1","0","0","0","0","","0","0","0","","","2","N","0","","39 52:39.190","","0","75 12:48.680","3","0","0","0","67301","0","0","0","N","0","0","0","3","67301","0","","5.0","","1","N","N","N","0","","2","0","0","","0","","","1","2","1","0","0","0","0","2","0","1","","03","","N","","","","","","","","","",""
"2020019227","","1","0","0","0","0","0","0","0","0","5","1","","67","2","2020","6","39.989972","-75.117166","","6","0","0","0","0","0","0","0","0","","0","1","0","","","1","N","1","","39 59:23.899","5","0","75 07:01.796","8","0","0","0","67301","0","0","0","N","0","0","0","1","67301","0","","1.0","1500.0","1","N","N","N","0","","0","0","0","","0","Y","","2","1","0","0","0","1","0","2","0","2","","03","","N","","","","","","","","","",""
"2020017595","","0","0","0","0","0","0","0","0","0","4","0","","67","2","2020","6","40.061916","-75.083443","","6","0","0","0","0","0","0","0","0","","0","0","0","","","4","","2","","40 03:42.896","","0","75 05:00.396","3","0","0","0","67301","0","0","0","N","0","0","0","5","67301","1","","1.0","","1","N","N","N","0","","3","0","0","","3","","","2","4","0","0","0","0","0","2","2","2","","03","","N","","","","","","","","","",""
"2020056645","","1","0","0","0","0","0","0","0","0","1","0","","67","7","2020","6","40.035301","-75.070709","","6","0","0","0","0","0","0","1","0","","0","0","0","","","1","","3","","40 02:07.082","","0","75 04:14.554","3","0","0","0","67301","0","0","0","N","0","0","0","2","67301","0","","1.0","","1","N","N","N","0","","1","0","1","","2","","","2","1","0","0","0","0","0","2","0","2","","03","","N","","","","","","","","","",""
"2020017333","","0","0","0","0","0","0","0","0","0","5","0","","67","2","2020","6","39.940111","-75.184949","","6","0","0","0","0","0","0","0","0","","0","0","0","","","0","","1","","39 56:24.399","","0","75 11:05.816","0","0","0","0","67301","0","0","0","N","0","0","0","2","67301","0","","1.0","","1","N","N","N","0","","0","0","1","","1","","","2","0","0","0","0","0","0","2","1","2","","","","N","","","","","","","","","",""
"2020039418","","1","0","0","0","0","0","0","0","0","7","0","","67","5","2020","1","39.928928","-75.196686","","6","0","0","0","0","0","0","0","0","","0","0","0","","","1","N","0","","39 55:44.140","","0","75 11:48.070","8","0","0","0","67301","0","0","0","N","0","0","0","1","67301","0","","5.0","","1","N","N","N","0","","0","0","0","","4","","","1","1","0","0","0","1","0","2","0","1","","03","","N","","","","","","","","","",""
"2020017331","","1","0","0","0","0","0","0","0","0","6","0","","67","2","2020","4","39.991206","-75.070061","","6","0","0","0","0","0","0","0","0","","0","0","0","","","0","N","0","","39 59:28.340","","0","75 04:12.220","0","0","0","0","67301","0","0","0","N","0","0","0","2","67301","0","","1.0","","1","N","N","N","0","","0","0","1","","3","","","2","0","0","0","0","0","0","2","0","2","","","","N","","","","","","","","","",""
"2020020411","","2","0","0","0","0","0","0","0","0","1","0","45","67","2","2020","6","39.981176","-75.102544","","6","0","0","0","0","0","1","0","0","","0","0","0","","","0","N","0","","39 58:52.234","1","0","75 06:09.158","0","0","0","0","67301","0","0","0","N","0","0","0","2","68K01","0","","4.0","15.0","1","N","N","N","0","","0","0","0","","0","N","","2","0","0","0","0","0","0","2","0","2","","03","N","Y","4","1","","","N","","","Y","","N"
"2020063969","","1","0","0","0","0","0","0","0","0","4","0","","67","8","2020","1","40.012311","-75.150574","","6","0","0","0","0","0","0","0","0","","0","0","0","","","2","","1","","40 00:44.321","","0","75 09:02.067","3","0","0","0","67301","0","0","0","N","0","0","0","2","67301","0","","1.0","","1","N","N","Y","0","","2","0","1","","2","","","2","2","0","0","0","0","0","2","0","2","","","","N","","","","","","","","","",""
"2020046465","","2","1","0","0","0","0","0","0","0","4","0","","67","6","2020","1","40.064235","-75.053862","","6","0","0","0","1","0","1","0","0","","1","0","0","","","1","N","1","","40 03:51.246","2","0","75 03:13.903","1","0","0","0","67301","0","0","0","N","0","0","0","2","67301","0","2","1.0","2130.0","1","N","N","N","0","0","0","0","0","","2","N","","2","1","0","0","0","1","0","2","0","2","","03","","N","","","","","","","","","",""
"2020015157","","1","0","0","0","0","0","0","0","0","8","0","","67","2","2020","7","39.997715","-75.12322","","6","0","0","0","0","0","0","0","0","","0","0","0","","","1","","1","","39 59:51.775","","0","75 07:23.592","8","0","0","0","67301","1","0","0","N","1","0","0","2","67301","0","","1.0","","99","N","N","N","0","","0","0","0","","0","","","2","1","0","0","0","1","0","2","0","1","","03","","N","","","","","","","","","",""
"2020055730","","2","0","0","0","0","0","0","0","0","6","1","","67","7","2020","3","40.010408","-75.165663","","6","0","0","0","0","0","1","0","0","","0","1","0","","","1","N","0","","40 00:37.467","","0","75 09:56.388","3","0","0","0","67301","0","0","0","N","0","0","0","3","67301","0","","1.0","","1","N","N","N","0","","1","0","0","","0","","","3","1","0","0","0","0","0","2","0","3","","03","","N","","","","","","","","","",""
"2020036584","","0","0","0","0","0","0","0","0","0","1","0","","67","2","2020","4","40.046027","-75.001978","","6","0","0","0","0","0","0","0","0","","0","0","0","","","0","N","3","","40 02:45.698","","2","75 00:07.121","0","0","0","0","67301","0","0","0","N","0","0","0","2","68K01","0","","1.0","","1","N","N","N","0","","0","0","2","","4","","","2","0","0","0","0","0","0","2","0","2","","","","N","","","","","","","","","",""
"2020015810","","2","0","0","0","0","0","0","0","0","4","0","","67","2","2020","2","39.968836","-75.24543","","6","0","0","0","0","0","0","0","0","","0","0","0","","","1","","1","","39 58:07.811","","0","75 14:43.548","3","0","0","0","67301","0","0","0","N","0","0","0","2","67301","0","","1.0","","9","N","N","N","0","","1","0","0","","2","","","2","1","0","0","0","0","0","2","0","2","","07","","N","","","","","","","","","",""
"2020057193","","2","0","0","0","0","0","0","0","0","1","0","","67","6","2020","2","39.993047","-75.08496","","6","0","0","0","0","0","2","0","0","","0","0","0","","","0","N","0","","39 59:34.968","","0","75 05:05.855","0","0","0","0","67301","0","0","0","N","0","0","0","2","68K01","0","","1.0","","1","N","N","N","0","","0","0","0","","0","","","2","0","0","0","0","0","0","2","0","2","","03","","N","","","","","","","","","",""
"2020017328","","2","0","0","0","0","0","0","0","0","1","0","","67","2","2020","6","39.885164","-75.250086","","6","0","0","0","0","0","1","0","0","","0","0","0","","","3","N","0","","39 53:06.592","","0","75 15:00.311","3","0","0","0","67301","0","0","0","N","0","0","0","3","67301","0","","1.0","","1","N","N","N","0","","3","0","0","","0","","","2","3","0","0","0","0","0","2","0","2","","03","","N","","","","","","","","","",""
"2020017363","","1","0","0","0","0","0","0","0","0","5","0","","67","2","2020","6","40.081889","-75.173592","","6","0","0","0","0","0","0","0","0","","0","0","0","","","0","","2","","40 04:54.800","","0","75 10:24.931","0","0","0","0","67301","0","0","0","N","0","0","0","1","67301","0","","1.0","","1","N","N","N","0","","0","0","1","","0","","","3","0","0","0","0","0","0","2","1","3","","03","","N","","","","","","","","","",""
"2020019222","","1","0","0","0","0","0","0","0","0","7","0","","67","2","2020","2","40.028231","-75.205181","","6","0","0","0","0","0","0","0","0","","0","0","0","","","0","N","3","","40 01:41.630","","0","75 12:18.652","0","0","0","0","67301","0","0","0","N","0","0","0","1","67301","0","","5.0","","1","N","N","N","0","","0","0","0","","2","","","1","0","0","0","0","0","0","2","0","1","","","","N","","","","","","","","","",""
"2020058947","","0","0","0","0","0","0","0","0","0","1","0","","67","7","2020","1","39.965394","-75.136776","","6","0","0","0","0","0","1","0","0","","0","0","0","","","0","N","0","","39 57:55.420","","0","75 08:12.395","0","0","0","0","67301","0","0","0","N","0","0","0","5","68K01","0","","1.0","","1","N","N","N","0","","0","0","2","","0","","","3","0","0","0","0","0","0","2","1","3","","03","","N","","","","","","","","","",""
"2020063609","","0","0","0","0","0","0","0","0","0","7","0","","67","7","2020","6","39.970361","-75.124722","","6","0","0","0","0","0","0","0","0","","0","0","0","","","1","","7","","39 58:13.300","1","2","75 07:29.000","3","0","0","0","67301","0","0","0","N","0","0","0","1","68K01","0","","7.0","405.0","9","N","N","N","0","","1","0","1","","0","N","","1","1","0","0","0","0","0","2","0","1","","07","","N","","","","","","","","","",""
"2020062720","","3","0","0","0","0","0","0","0","0","4","0","","67","8","2020","4","40.017588","-75.187388","","6","0","0","0","1","0","0","0","0","","0","1","0","","","0","N","0","","40 01:03.317","3","0","75 11:14.595","0","0","0","0","67301","0","0","0","N","0","0","0","1","67301","0","","1.0","1500.0","1","N","N","N","0","","0","0","0","","0","N","","4","0","0","0","0","0","0","2","0","4","","03","","N","","","","","","","","","",""
"2020064536","","1","0","0","0","0","0","0","0","0","7","0","","67","8","2020","3","40.024213","-75.130698","","6","0","0","1","0","0","0","0","0","","0","0","0","","","0","N","0","","40 01:27.165","2","0","75 07:50.511","0","0","0","0","67301","0","0","0","N","0","0","0","1","67301","0","","3.0","100.0","1","N","N","N","0","","0","0","0","","0","N","","1","0","0","0","0","0","0","2","0","1","","03","","N","","","","","","","","","",""
"2020020869","","1","0","0","0","0","0","0","0","0","8","0","","67","2","2020","5","39.986664","-75.250626","","6","0","0","0","0","0","0","0","0","","0","0","0","","","1","","1","","39 59:11.992","","0","75 15:02.255","8","0","0","0","67301","1","0","0","N","1","0","0","2","67301","0","","1.0","","1","N","N","N","0","","0","0","0","","3","","","2","1","1","0","0","1","0","2","0","1","","","","N","","","","","","","","","",""
"2020027391","","3","0","0","0","0","0","0","0","0","6","0","","67","3","2020","2","39.977419","-75.238828","","6","0","0","0","0","0","0","0","0","","0","0","0","","","1","N","0","","39 58:38.710","1","0","75 14:19.780","3","0","0","0","67301","0","0","0","N","0","0","0","8","67301","0","","1.0","1925.0","1","N","N","N","0","","1","0","0","","0","N","","3","1","2","0","0","0","0","2","0","3","","03","","N","","","","","","","","","",""
"2020059881","","3","0","0","0","0","0","0","0","0","2","0","","67","7","2020","2","39.994035","-75.199194","","6","0","0","0","0","1","1","0","0","","0","0","0","","","2","N","0","","39 59:38.526","3","0","75 11:57.099","3","0","0","0","67301","0","0","0","N","0","0","0","5","68K01","0","","1.0","1545.0","1","N","N","N","1","","2","0","1","","0","N","","5","2","0","0","0","0","1","2","0","5","","03","","N","","","","","","","","","",""
"2020018259","","1","0","0","0","0","0","0","0","0","7","0","","67","2","2020","2","39.923527","-75.143278","","6","0","0","0","0","0","0","0","0","","0","0","0","","","1","N","0","","39 55:24.696","","0","75 08:35.801","3","0","0","0","67301","0","0","0","N","0","0","0","1","67301","0","","4.0","","1","N","N","N","0","","1","0","0","","0","","","1","1","0","0","0","0","0","2","0","1","","03","","N","","","","","","","","","",""
"2020029477","","1","0","0","0","0","0","0","0","0","7","0","","67","3","2020","1","39.98497","-75.0945","","6","0","0","0","0","0","0","0","0","","0","0","0","","","0","N","0","","39 59:05.893","1","3","75 05:40.201","0","0","0","0","67301","0","0","0","N","0","0","0","2","68K01","0","","4.0","2100.0","1","N","N","N","0","","0","0","0","","0","N","","1","0","0","0","0","0","0","2","0","1","","","","N","","","","","","","","","",""
"2020019746","","1","0","0","0","0","0","0","0","0","4","0","","67","2","2020","4","39.876667","-75.248111","","6","0","0","0","0","0","0","0","0","","0","0","0","","","0","N","0","","39 52:36.000","","7","75 14:53.200","0","0","0","0","67301","0","0","0","N","0","0","0","2","67301","0","","5.0","","1","N","N","N","0","","0","0","1","","0","","","2","0","0","0","0","0","0","2","0","2","","03","","N","","","","","","","","","",""
"2020019853","","1","0","0","0","0","0","0","0","0","4","0","","67","2","2020","6","39.939497","-75.197849","","6","0","0","0","0","0","1","0","0","","0","1","0","","","0","","1","","39 56:22.189","","0","75 11:52.257","0","0","0","0","67301","0","0","0","N","0","0","0","3","67301","0","","1.0","","1","N","N","N","0","","0","0","0","","1","","","2","0","0","0","0","0","0","2","0","2","","03","","N","","","","","","","","","",""
"2020025554","","1","0","0","0","0","0","0","0","0","4","0","","67","3","2020","2","40.033684","-75.145797","","6","0","0","0","0","0","0","0","0","","0","0","0","","","1","","1","","40 02:01.264","3","0","75 08:44.868","4","0","0","0","67301","0","0","0","N","0","0","0","3","67301","1","","1.0","1830.0","1","N","N","N","0","","0","0","1","","2","N","","2","1","0","0","0","0","0","2","0","2","","03","","N","","","","","","","","","",""
"2020065276","","2","0","0","0","0","0","0","0","0","1","0","","67","8","2020","3","40.023885","-75.131731","","6","0","0","0","0","0","1","0","0","","0","0","0","","","1","N","0","","40 01:25.985","","0","75 07:54.232","8","0","0","0","67301","0","0","0","N","0","0","0","3","67301","0","","1.0","","1","N","N","N","0","","0","0","1","","2","","","3","1","0","0","0","1","0","2","0","3","","03","","N","","","","","","","","","",""
"2020060201","","1","0","0","0","0","0","0","0","0","4","0","","67","7","2020","6","39.941521","-75.143394","","6","0","0","0","0","0","0","0","0","","0","0","0","","","0","N","0","","39 56:29.474","2","0","75 08:36.218","0","0","0","0","67301","0","0","0","N","0","0","0","2","68K01","0","","3.0","30.0","9","N","N","N","1","","0","0","0","","0","N","","2","0","0","0","0","0","0","2","0","2","","","","N","","","","","","","","","",""
"2020017858","","3","0","0","0","0","0","0","0","0","5","0","","67","2","2020","7","39.938558","-75.169953","","6","0","0","0","0","0","0","0","0","","0","0","0","","","0","N","0","","39 56:18.810","","0","75 10:11.830","0","0","0","0","67301","0","0","0","N","0","0","0","1","67301","0","","6.0","","1","N","N","N","0","","0","0","0","","0","","","3","0","0","0","0","0","0","2","0","3","","03","","N","","","","","","","","","",""
"2020026217","","0","0","0","0","0","0","0","0","0","4","0","","67","3","2020","2","40.016904","-75.071818","","6","0","0","0","0","0","0","0","0","","0","0","0","","","1","","1","","40 01:00.855","","0","75 04:18.545","3","0","0","0","67301","0","0","0","N","0","0","0","3","67301","0","","1.0","","1","N","N","N","0","","1","0","1","","3","","","3","1","1","0","0","0","0","2","2","3","","03","","N","","","","","","","","","",""
"2020028845","","0","0","0","1","0","0","0","0","0","8","0","","67","3","2020","4","39.983348","-75.243128","","6","0","0","0","0","0","0","0","0","","0","0","0","","","1","","3","","39 59:00.054","","0","75 14:35.261","3","0","0","0","67301","1","0","0","N","0","0","0","2","67301","0","","1.0","","1","N","N","N","0","","1","0","0","","3","","","2","1","0","0","0","0","0","2","1","1","","03","","N","","","","","","","","","",""
"2020064535","","2","0","0","0","0","0","0","0","0","5","0","","67","8","2020","2","39.991836","-75.138655","","6","0","0","0","0","0","0","0","0","","0","0","0","","","0","N","0","","39 59:30.610","","0","75 08:19.159","0","0","0","0","67301","0","0","0","N","0","0","0","6","67301","0","","1.0","","1","N","N","N","1","","0","0","1","","0","","","4","0","4","0","0","0","0","2","0","4","","03","","N","","","","","","","","","",""
"2020023317","","1","0","0","1","0","0","0","0","0","8","0","","67","3","2020","2","40.006696","-75.143074","","6","0","0","0","0","0","0","0","0","","0","0","0","","","1","","1","","40 00:24.105","","0","75 08:35.066","8","0","0","0","67301","1","0","0","N","0","0","0","2","67301","0","","1.0","","1","N","N","N","0","","0","0","0","","2","","","2","1","0","0","0","1","1","2","0","1","","03","","N","","","","","","","","","",""
"2020064155","","0","0","0","0","0","0","0","0","0","8","0","","67","8","2020","2","39.971858","-75.244883","","6","0","0","0","0","0","0","0","0","","0","0","0","","","1","","1","","39 58:18.687","","0","75 14:41.580","8","0","0","0","67301","1","0","0","N","1","0","0","2","67301","0","","1.0","","1","N","N","N","0","","0","0","0","","2","","","2","1","0","0","0","1","1","2","0","1","","","","N","","","","","","","","","",""
"2020019482","","0","0","0","0","0","0","0","0","0","4","0","","67","2","2020","4","40.024314","-75.161267","","6","0","0","0","0","0","1","0","0","","0","0","0","","","1","","1","","40 01:27.530","","0","75 09:40.561","3","0","0","0","67301","0","0","0","N","0","0","0","3","67301","0","","1.0","","1","N","N","N","1","","1","0","1","","3","","","2","1","0","0","0","0","0","2","0","2","","03","","N","","","","","","","","","",""
"2020025747","","0","0","0","0","0","0","0","0","0","4","0","","67","3","2020","7","39.998317","-75.149866","","6","0","0","0","1","0","0","0","0","","0","0","0","","","1","","2","","39 59:53.941","","0","75 08:59.517","3","0","0","0","67301","0","0","0","N","0","0","0","2","67301","0","","1.0","","1","N","N","N","0","","1","0","2","","2","","","2","1","1","0","0","0","0","2","0","2","","03","","N","","","","","","","","","",""
"2020025311","","2","0","0","0","0","0","0","0","0","5","0","","67","3","2020","1","39.932197","-75.183119","","6","0","0","0","0","0","0","0","0","","0","0","0","","","0","N","0","","39 55:55.910","2","0","75 10:59.230","0","0","0","0","67301","0","0","0","N","0","0","0","1","67301","0","","1.0","1836.0","1","N","N","N","0","","0","0","0","","0","N","","2","0","0","0","0","0","0","2","0","2","","","","N","","","","","","","","","",""