"CRN","ARRIVAL_TM","AUTOMOBILE_COUNT","BELTED_DEATH_COUNT","BELTED_SUSP_SERIOUS_INJ_COUNT","BICYCLE_COUNT","BICYCLE_DEATH_COUNT","BICYCLE_SUSP_SERIOUS_INJ_COUNT","BUS_COUNT","CHLDPAS_DEATH_COUNT","CHLDPAS_SUSP_SERIOUS_INJ_COUNT","COLLISION_TYPE","COMM_VEH_COUNT","CONS_ZONE_SPD_LIM","COUNTY","CRASH_MONTH","CRASH_YEAR","DAY_OF_WEEK","DEC_LATITUDE","DEC_LONGITUDE","DISPATCH_TM","DISTRICT","DRIVER_COUNT_16YR","DRIVER_COUNT_17YR","DRIVER_COUNT_18YR","DRIVER_COUNT_19YR","DRIVER_COUNT_20YR","DRIVER_COUNT_50_64YR","DRIVER_COUNT_65_74YR","DRIVER_COUNT_75PLUS","EST_HRS_CLOSED","FATAL_COUNT","HEAVY_TRUCK_COUNT","HORSE_BUGGY_COUNT","HOUR_OF_DAY","ILLUMINATION","INJURY_COUNT","INTERSECTION_RELATED","INTERSECT_TYPE","LANE_CLOSED","LATITUDE","LN_CLOSE_DIR","LOCATION_TYPE","LONGITUDE","MAX_SEVERITY_LEVEL","MCYCLE_DEATH_COUNT","MCYCLE_SUSP_SERIOUS_INJ_COUNT","MOTORCYCLE_COUNT","MUNICIPALITY","NONMOTR_COUNT","NONMOTR_DEATH_COUNT","NONMOTR_SUSP_SERIOUS_INJ_COUNT","NTFY_HIWY_MAINT","PED_COUNT","PED_DEATH_COUNT","PED_SUSP_SERIOUS_INJ_COUNT","PERSON_COUNT","POLICE_AGCY","POSSIBLE_INJ_COUNT","RDWY_SURF_TYPE_CD","RELATION_TO_ROAD","ROADWAY_CLEARED","ROAD_CONDITION","SCH_BUS_IND","SCH_ZONE_IND","SECONDARY_CRASH","SMALL_TRUCK_COUNT","SPEC_JURIS_CD","SUSP_MINOR_INJ_COUNT","SUSP_SERIOUS_INJ_COUNT","SUV_COUNT","TCD_FUNC_CD","TCD_TYPE","TFC_DETOUR_IND","TIME_OF_DAY","TOTAL_UNITS","TOT_INJ_COUNT","UNBELTED_OCC_COUNT","UNB_DEATH_COUNT","UNB_SUSP_SERIOUS_INJ_COUNT","UNK_INJ_DEG_COUNT","UNK_INJ_PER_COUNT","URBAN_RURAL","VAN_COUNT","VEHICLE_COUNT","WEATHER1","WEATHER2","WORKERS_PRES","WORK_ZONE_IND","WORK_ZONE_LOC","WORK_ZONE_TYPE","WZ_CLOSE_DETOUR","WZ_FLAGGER","WZ_LAW_OFFCR_IND","WZ_LN_CLOSURE","WZ_MOVING","WZ_OTHER","WZ_SHLDER_MDN","WZ_WORKERS_INJ_KILLED"
"2020020311","","3","0","0","0","0","0","0","0","0","6","0","","67","2","2020","5","40.025806","-75.194331","","6","0","0","0","0","0","2","0","0","","0","0","0","","","0","N","0","","40 01:32.900","6","0","75 11:39.590","9","0","0","0","67301","0","0","0","N","0","0","0","4","67301","0","","1.0","940.0","2","N","N","N","0","","0","0","0","","0","N","","5","0","0","0","0","0","1","2","1","4","","03","","N","","","","","","","","","",""
"2020025316","","2","0","0","0","0","0","0","0","0","4","0","","67","3","2020","1","40.024577","-75.123187","","6","0","0","0","0","0","0","0","0","","0","0","0","","","5","","1","","40 01:28.477","1","0","75 07:23.473","3","0","0","0","67301","0","0","0","N","0","0","0","6","67301","0","","1.0","100.0","1","N","N","N","0","","5","0","0","","2","Y","","2","5","0","0","0","0","0","2","0","2","","","","N","","","","","","","","","",""
"2020019390","","2","0","0","0","0","0","0","0","0","4","0","","67","2","2020","5","40.099146","-74.986864","","6","0","0","0","0","0","1","0","0","","0","0","0","","","0","","1","","40 05:56.927","4","2","74 59:12.712","0","0","0","0","67301","0","0","0","N","0","0","0","2","67301","0","","1.0","648.0","1","N","N","N","0","","0","0","0","","2","N","","2","0","0","0","0","0","0","2","0","2","","03","","N","","","","","","","","","",""
"2020018264","","1","0","0","0","0","0","0","0","0","4","0","","67","2","2020","2","39.981952","-75.239038","","6","0","0","0","0","0","0","0","0","","0","0","0","","","6","","1","","39 58:55.028","","0","75 14:20.537","4","0","0","0","67301","0","0","0","N","0","0","0","6","67301","6","","1.0","","1","N","N","N","0","","0","0","1","","2","","","2","6","2","0","0","0","0","2","0","2","","03","","N","","","","","","","","","",""
"2020019346","","2","0","0","0","0","0","0","0","0","4","0","","67","2","2020","5","40.015043","-75.135168","","6","0","0","0","0","0","0","0","0","","0","0","0","","","6","","1","","40 00:54.154","","0","75 08:06.604","3","0","0","0","67301","0","0","0","N","0","0","0","6","67301","0","","1.0","","1","N","N","N","0","","6","0","0","","2","","","2","6","0","0","0","0","0","2","0","2","","03","","N","","","","","","","","","",""
"2020020310","","1","0","0","0","0","0","0","0","0","5","0","","67","2","2020","5","40.016853","-75.174828","","6","0","0","0","0","0","0","0","0","","0","0","0","","","2","N","0","","40 01:00.670","","0","75 10:29.380","8","0","0","0","67301","0","0","0","N","0","0","0","3","67301","0","","6.0","","1","N","N","N","0","","0","0","1","","0","","","2","2","0","0","0","2","0","2","0","2","","03","","N","","","","","","","","","",""
"2020024130","","0","0","0","0","0","0","0","0","0","8","0","","67","3","2020","6","40.019513","-75.094408","","6","0","0","0","0","0","0","0","0","","0","0","0","","","1","","1","","40 01:10.246","","0","75 05:39.868","4","0","0","0","67301","1","0","0","N","1","0","0","2","67301","1","","1.0","","9","N","N","N","1","","0","0","0","","3","","","2","1","0","0","0","0","0","2","0","1","","07","","N","","","","","","","","","",""
"2020051897","","1","0","0","0","0","0","1","0","0","4","1","","67","6","2020","2","39.956072","-75.237961","","6","0","0","0","0","0","1","0","0","","0","0","0","","","2","N","1","","39 57:21.859","","0","75 14:16.659","8","0","0","0","67301","0","0","0","N","0","0","0","3","67508","0","","1.0","","1","N","N","N","0","","0","0","0","","2","N","","2","2","0","0","0","2","0","2","0","2","","","","N","","","","","","","","","",""
"2020063581","","1","0","0","0","0","0","0","0","0","8","0","","67","8","2020","1","40.101966","-75.006096","","6","0","0","0","0","0","0","0","0","","0","0","0","","","1","","1","","40 06:07.078","","0","75 00:21.945","8","0","0","0","67301","1","0","0","N","1","0","0","2","67301","0","","1.0","","1","N","N","N","0","","0","0","0","","2","","","2","1","0","0","0","1","1","2","0","1","","03","","N","","","","","","","","","",""
"2020019745","","1","0","0","0","0","0","0","0","0","4","0","","67","2","2020","6","39.990944","-75.101578","","6","0","0","0","0","0","0","0","0","","0","0","0","","","2","","1","","39 59:27.397","","0","75 06:05.681","3","0","0","0","67301","0","0","0","N","0","0","0","3","67301","0","","1.0","","1","N","N","N","1","","2","0","0","","2","","","2","2","0","0","0","0","0","2","0","2","","","","N","","","","","","","","","",""
"2020024890","","1","0","0","0","0","0","0","0","0","5","0","","67","3","2020","2","39.916275","-75.174818","","6","0","0","0","0","0","0","0","0","","0","0","0","","","0","N","0","","39 54:58.590","","0","75 10:29.344","0","0","0","0","67301","0","0","0","N","0","0","0","1","67301","0","","6.0","","1","N","N","N","0","","0","0","1","","0","","","2","0","0","0","0","0","0","2","0","2","","03","","N","","","","","","","","","",""
"2020064043","","1","0","0","0","0","0","0","0","0","7","0","","67","8","2020","1","39.942536","-75.19354","","6","0","0","0","0","0","0","0","0","","0","0","0","","","4","N","7","","39 56:33.129","3","2","75 11:36.744","3","0","0","0","67301","0","0","0","Y","0","0","0","4","68K01","0","","7.0","30.0","1","N","N","N","0","","4","0","0","","0","N","","1","4","0","0","0","0","0","2","0","1","","","","N","","","","","","","","","",""
"2020019668","","1","0","0","0","0","0","0","0","0","7","0","","67","2","2020","7","39.972896","-75.159196","","6","0","0","0","0","0","0","0","0","","0","0","0","","","2","N","0","","39 58:22.425","","0","75 09:33.106","3","0","0","0","67301","0","0","0","N","0","0","0","2","67301","0","","2.0","","1","N","N","N","0","","2","0","0","","0","","","1","2","0","0","0","0","0","2","0","1","","","","N","","","","","","","","","",""
"2020059449","","0","0","0","0","0","0","0","0","0","1","0","","67","7","2020","7","39.94601","-75.189446","","6","0","0","0","0","0","0","0","0","","0","0","0","","","1","N","0","","39 56:45.637","","0","75 11:22.007","4","0","0","0","67301","0","0","0","N","0","0","0","2","68K01","1","","1.0","","9","N","N","N","1","","0","0","1","","0","","","2","1","0","0","0","0","0","2","0","2","","","","N","","","","","","","","","",""
"2020019667","","0","0","0","0","0","0","0","0","0","8","0","","67","2","2020","6","39.970624","-75.16298","","6","0","0","0","0","0","0","1","0","","0","0","0","","","1","","1","","39 58:14.246","","0","75 09:46.727","3","0","0","0","67301","1","0","0","N","1","0","0","2","67301","0","","1.0","","1","N","N","N","0","","1","0","1","","2","","","2","1","0","0","0","0","0","2","0","1","","","","N","","","","","","","","","",""
"2020025278","","2","0","0","0","0","0","0","0","0","4","0","","67","3","2020","2","40.069339","-75.163423","","6","0","0","1","0","0","0","0","0","","0","0","0","","","4","","1","","40 04:09.619","","0","75 09:48.322","3","0","0","0","67301","0","0","0","N","0","0","0","4","67301","0","","1.0","","1","N","N","N","0","","4","0","0","","3","","","2","4","0","0","0","0","0","2","0","2","","98","","N","","","","","","","","","",""
"2020025551","","1","0","0","0","0","0","0","0","0","1","0","","67","3","2020","1","39.952328","-75.248915","","6","0","0","0","0","0","0","0","0","","0","0","0","","","3","N","0","","39 57:08.381","","0","75 14:56.093","4","0","0","0","67301","0","0","0","N","0","0","0","5","67301","3","","1.0","","1","N","N","N","0","","0","0","1","","0","","","2","3","0","0","0","0","0","2","0","2","","03","","N","","","","","","","","","",""
"2020043066","","0","0","0","0","0","0","0","0","0","1","1","","67","6","2020","2","40.010379","-75.063277","","6","0","0","0","1","0","2","0","0","","0","1","0","","","1","N","0","","40 00:37.363","2","0","75 03:47.798","3","0","0","0","67301","0","0","0","N","0","0","0","3","68K01","0","","1.0","100.0","1","N","N","N","0","","1","0","2","","0","N","","3","1","1","0","0","0","0","2","0","3","","","","N","","","","","","","","","",""
"2020022448","","0","0","0","0","0","0","0","0","0","4","0","","67","3","2020","1","39.968637","-75.233854","","6","0","0","0","0","0","1","0","0","","0","0","0","","","1","","1","","39 58:07.093","","0","75 14:01.874","3","0","0","0","67301","0","0","0","N","0","0","0","2","67301","0","","1.0","","1","N","N","N","1","","1","0","0","","2","","","2","1","0","0","0","0","0","2","1","2","","03","","N","","","","","","","","","",""
"2020022500","","1","0","0","0","0","0","0","0","0","7","0","","67","3","2020","1","39.907492","-75.151237","","6","0","0","0","0","1","0","0","0","","0","0","0","","","0","","2","","39 54:26.971","","0","75 09:04.453","0","0","0","0","67301","0","0","0","N","0","0","0","1","67301","0","","3.0","","1","N","N","N","0","","0","0","0","","2","","","1","0","0","0","0","0","0","2","0","1","","03","","N","","","","","","","","","",""
"2020023147","","2","0","0","0","0","0","0","0","0","4","0","","67","3","2020","3","40.007552","-75.086033","","6","0","0","0","0","0","0","0","0","","0","0","0","","","1","N","0","","40 00:27.187","2","0","75 05:09.718","8","0","0","0","67301","0","0","0","N","0","0","0","2","67301","0","","1.0","1520.0","9","N","N","N","0","","0","0","0","","0","N","","2","1","0","0","0","1","1","2","0","2","","03","","N","","","","","","","","","",""
"2020051330","","0","0","0","0","0","0","1","0","0","1","1","","67","6","2020","5","39.966718","-75.160533","","6","0","0","0","0","0","0","0","0","","0","0","0","","","3","N","1","","39 58:00.185","","0","75 09:37.919","8","0","0","0","67301","0","0","0","N","0","0","0","5","67508","0","","1.0","","1","N","N","N","0","","0","0","1","","0","","","2","3","1","0","0","3","0","2","0","2","","","","N","","","","","","","","","",""
"2020053103","","0","0","0","0","0","0","0","0","0","4","0","","67","7","2020","7","39.961123","-75.146612","","6","0","0","0","0","0","0","0","0","","2","0","0","","","2","N","1","","39 57:40.044","3","0","75 08:47.803","1","0","0","0","67301","0","0","0","N","0","0","0","4","67301","0","2","1.0","300.0","1","N","N","N","0","0","1","0","2","","2","Y","","2","2","0","0","0","1","0","2","0","2","","03","","N","","","","","","","","","",""
"2020058959","","2","0","0","0","0","0","0","0","0","1","0","","67","7","2020","5","40.002663","-75.194454","","6","0","0","0","1","0","0","0","0","","0","0","0","","","1","N","0","","40 00:09.586","","0","75 11:40.035","8","0","0","0","67301","0","0","0","N","0","0","0","2","68K01","0","","3.0","","1","N","N","N","0","","0","0","0","","0","","","2","1","0","0","0","1","0","2","0","2","","","","N","","","","","","","","","",""
"2020026555","","7","0","0","0","0","0","0","0","0","5","0","","67","3","2020","7","40.022233","-75.117053","","6","0","0","0","0","0","0","0","0","","0","0","0","","","0","N","0","","40 01:20.040","","0","75 07:01.390","0","0","0","0","67301","0","0","0","N","0","0","0","1","67301","0","","6.0","","1","N","N","N","0","","0","0","1","","0","","","9","0","0","0","0","0","0","2","1","9","","03","","N","","","","","","","","","",""
"2020061930","","0","0","0","1","0","0","0","0","0","8","0","","67","8","2020","2","39.953093","-75.181793","","6","0","0","0","0","0","0","1","0","","0","0","0","","","1","","2","","39 57:11.135","","0","75 10:54.456","3","0","0","0","67301","1","0","0","N","0","0","0","2","67504","0","","2.0","","1","N","N","N","0","","1","0","1","","2","","","2","1","0","0","0","0","0","2","0","1","","03","","N","","","","","","","","","",""
"2020058848","","0","0","0","1","0","0","0","0","0","8","1","","67","7","2020","5","39.982401","-75.100964","","6","0","0","0","0","0","0","0","0","","0","1","0","","","1","","1","","39 58:56.643","","2","75 06:03.471","3","0","0","0","67301","1","0","0","N","0","0","0","2","67301","0","","1.0","","1","N","N","N","0","","1","0","0","","9","","","2","1","0","0","0","0","0","2","0","1","","03","","N","","","","","","","","","",""
"2020030503","","0","0","0","0","0","0","0","0","0","8","0","","67","2","2020","6","40.038971","-75.144274","","6","0","0","0","0","0","0","0","0","","0","0","0","","","1","N","0","","40 02:20.294","","0","75 08:39.386","3","0","0","0","67301","1","0","0","N","1","0","0","2","67301","0","","1.0","","1","N","N","N","0","","1","0","0","","2","","","2","1","0","0","0","0","0","2","0","1","","03","","N","","","","","","","","","",""
"2020023885","","1","0","0","0","0","0","0","0","0","6","0","","67","3","2020","5","40.033358","-75.130939","","6","0","0","0","0","0","0","0","0","","0","0","0","","","0","N","0","","40 02:00.090","","0","75 07:51.380","0","0","0","0","67301","0","0","0","N","0","0","0","1","67301","0","","6.0","","1","N","N","N","0","","0","0","1","","0","","","2","0","0","0","0","0","0","2","0","2","","03","","N","","","","","","","","","",""
"2020063580","","2","0","0","0","0","0","0","0","0","4","0","","67","8","2020","6","39.927454","-75.193658","","6","0","0","0","0","0","1","1","0","","0","0","0","","","1","N","0","","39 55:38.835","","0","75 11:37.167","8","0","0","0","67301","0","0","0","N","0","0","0","2","67301","0","","1.0","","1","N","N","N","0","","0","0","0","","0","","","2","1","0","0","0","1","0","2","0","2","","","","N","","","","","","","","","",""
"2020025281","","1","0","0","0","0","0","0","0","0","4","0","","67","3","2020","1","40.031392","-75.152378","","6","0","0","0","0","0","0","0","0","","0","0","0","","","0","","1","","40 01:53.011","","0","75 09:08.560","9","0","0","0","67301","0","0","0","N","0","0","0","3","67301","0","","1.0","","1","N","N","N","0","","0","0","1","","2","","","2","0","0","0","0","0","1","2","0","2","","03","","N","","","","","","","","","",""
"2020060551","","0","0","0","0","0","0","0","0","0","8","1","","67","7","2020","3","39.985794","-75.111547","","6","0","0","0","0","0","0","0","0","","1","1","0","","","0","N","1","","39 59:08.858","7","0","75 06:41.568","1","0","0","0","67301","1","1","0","N","1","1","0","2","67301","0","2","1.0","1330.0","1","N","N","N","0","0","0","0","0","","2","Y","","2","0","0","0","0","0","0","2","0","1","","03","","N","","","","","","","","","",""
"2020020541","","1","0","0","0","0","0","0","0","0","4","0","","67","2","2020","7","39.938889","-75.229764","","6","0","0","0","0","0","0","0","0","","0","0","0","","","1","","1","","39 56:20.000","","0","75 13:47.150","8","0","0","0","67301","0","0","0","N","0","0","0","3","67301","0","","1.0","","1","N","N","N","0","","0","0","1","","3","","","2","1","0","0","0","1","0","2","0","2","","03","","N","","","","","","","","","",""
"2020018014","","0","0","0","0","0","0","0","0","0","4","0","","67","2","2020","2","40.050667","-75.173272","","6","0","0","0","0","0","1","0","0","","0","0","0","","","0","","1","","40 03:02.401","","0","75 10:23.780","0","0","0","0","67301","0","0","0","N","0","0","0","2","67301","0","","1.0","","1","N","N","N","1","","0","0","1","","3","","","2","0","0","0","0","0","0","2","0","2","","","","N","","","","","","","","","",""
"2020024190","","1","0","0","0","0","0","0","0","0","8","0","","67","3","2020","2","40.035865","-75.139921","","6","0","0","0","0","0","0","0","0","","0","0","0","","","1","N","0","","40 02:09.115","","0","75 08:23.716","3","0","0","0","67301","1","0","0","N","1","0","0","2","67301","0","","1.0","","1","N","N","N","0","","1","0","0","","3","","","2","1","0","0","0","0","0","2","0","1","","03","","N","","","","","","","","","",""
"2020019662","","1","0","0","0","0","0","0","0","0","1","0","","67","2","2020","6","40.04287","-75.024086","","6","0","0","0","0","0","0","1","0","","0","0","0","","","2","N","0","","40 02:34.332","","0","75 01:26.710","8","0","0","0","67301","0","0","0","N","0","0","0","4","67301","0","","1.0","","1","N","N","N","0","","0","0","1","","0","","","2","2","0","0","0","2","0","2","0","2","","03","","N","","","","","","","","","",""
"2020020465","","1","0","0","0","0","0","0","0","0","7","0","","67","2","2020","6","39.959035","-75.247488","","6","0","0","0","0","0","0","0","0","","0","0","0","","","1","N","0","","39 57:32.526","","0","75 14:50.958","3","0","0","0","67301","0","0","0","N","0","0","0","1","67301","0","","5.0","","1","N","N","N","0","","1","0","0","","0","","","1","1","0","0","0","0","0","2","0","1","","","","N","","","","","","","","","",""
"2020063348","","0","0","0","0","0","0","0","0","0","5","1","","67","7","2020","5","39.994486","-75.113544","","6","0","0","0","0","0","0","0","0","","0","1","0","","","1","N","0","","39 59:40.150","2","0","75 06:48.760","8","0","0","0","67301","0","0","0","N","0","0","0","2","67301","0","","6.0","1618.0","1","N","N","N","0","","0","0","1","","0","Y","","2","1","0","0","0","1","0","2","0","2","","03","","N","","","","","","","","","",""
"2020018810","","1","0","0","0","0","0","0","0","0","1","0","","67","2","2020","4","39.957717","-75.146456","","6","0","0","0","0","0","1","0","0","","0","0","0","","","0","N","0","","39 57:27.780","","0","75 08:47.240","0","0","0","0","67301","0","0","0","N","0","0","0","3","67301","0","","1.0","","1","N","N","N","0","","0","0","1","","2","","","3","0","0","0","0","0","0","2","1","3","","03","","N","","","","","","","","","",""
"2020017821","","1","0","0","0","0","0","0","0","0","1","0","","67","2","2020","7","39.945744","-75.20827","","6","0","0","0","0","0","1","0","0","","0","0","0","","","1","","1","","39 56:44.678","","0","75 12:29.771","3","0","0","0","67301","0","0","0","N","0","0","0","3","67301","0","","1.0","","1","N","N","N","0","","1","0","0","","2","","","2","1","0","0","0","0","0","2","1","2","","03","","N","","","","","","","","","",""
"2020017822","","0","0","0","0","0","0","0","0","0","4","0","","67","2","2020","7","40.008907","-75.169088","","6","0","0","0","0","0","1","0","0","","0","0","0","","","1","","2","","40 00:32.064","4","0","75 10:08.718","3","0","0","0","67301","0","0","0","N","0","0","0","2","67301","0","","1.0","1740.0","1","N","N","N","1","","1","0","1","","0","N","","2","1","0","0","0","0","0","2","0","2","","","","N","","","","","","","","","",""
"2020034459","","0","0","0","0","0","0","0","0","0","7","1","","67","4","2020","2","39.957146","-75.144388","","6","0","0","0","0","0","1","0","0","","0","1","0","","","1","N","6","","39 57:25.725","3","2","75 08:39.796","3","0","0","0","67301","0","0","0","N","0","0","0","1","68K01","0","","4.0","847.0","9","N","N","N","0","","1","0","0","","0","N","","1","1","0","0","0","0","0","2","0","1","","","","N","","","","","","","","","",""
"2020064027","","2","0","0","0","0","0","0","0","0","1","0","","67","7","2020","6","39.958821","-75.170412","","6","0","0","0","0","0","0","0","0","","0","0","0","","","1","N","0","","39 57:31.756","","0","75 10:13.484","3","0","0","0","67301","0","0","0","N","0","0","0","3","68K01","0","","1.0","","1","N","N","N","0","","1","0","0","","0","","","2","1","0","0","0","0","0","2","0","2","","03","","N","","","","","","","","","",""
"2020064135","","0","0","0","0","0","0","0","0","0","8","0","","67","8","2020","7","39.967381","-75.229064","","6","0","0","0","0","0","0","0","0","","0","0","0","","","1","N","0","","39 58:02.570","","0","75 13:44.630","8","0","0","0","67301","1","0","0","N","1","0","0","1","67301","0","","1.0","","1","N","N","N","0","","0","0","0","","0","","","2","1","0","0","0","1","0","2","0","1","","03","","N","","","","","","","","","",""
"2020058961","","0","0","0","0","0","0","0","0","0","7","1","","67","7","2020","6","39.889716","-75.21936","","6","0","0","0","0","0","1","0","0","","0","1","0","","","1","N","0","","39 53:22.979","2","0","75 13:09.697","8","0","0","0","67301","0","0","0","N","0","0","0","1","68K01","0","","4.0","100.0","9","N","N","N","0","","0","0","0","","0","Y","","1","1","0","0","0","1","0","2","0","1","","07","","N","","","","","","","","","",""
"2020025280","","2","0","0","0","0","0","0","0","0","1","0","","67","3","2020","1","40.038417","-75.130072","","6","0","0","0","0","0","1","0","0","","0","0","0","","","2","N","0","","40 02:18.300","","0","75 07:48.260","3","0","0","0","67301","0","0","0","N","0","0","0","3","67301","0","","1.0","","1","N","N","N","0","","2","0","0","","0","","","3","2","2","0","0","0","0","2","1","3","","03","","N","","","","","","","","","",""
"2020024100","","4","0","0","0","0","0","0","0","0","1","0","","67","3","2020","4","39.956758","-75.211288","","6","0","0","0","0","0","0","0","0","","0","0","0","","","0","N","0","","39 57:24.329","","0","75 12:40.636","0","0","0","0","67301","0","0","0","N","0","0","0","1","67301","0","","1.0","","1","N","N","N","0","","0","0","2","","2","","","6","0","0","0","0","0","0","2","0","6","","03","","N","","","","","","","","","",""
"2020025277","","2","0","0","0","0","0","0","0","0","1","0","","67","3","2020","2","40.05195","-75.179628","","6","0","0","0","0","0","1","0","0","","0","0","0","","","3","","1","","40 03:07.021","","0","75 10:46.660","3","0","0","0","67301","0","0","0","N","0","0","0","4","67301","0","","1.0","","1","N","N","N","0","","3","0","0","","3","","","2","3","0","0","0","0","0","2","0","2","","","","N","","","","","","","","","",""
"2020033722","","1","0","0","0","0","0","0","0","0","7","0","","67","3","2020","1","39.904669","-75.150229","","6","0","0","0","0","0","0","0","0","","0","0","0","","","1","N","0","","39 54:16.810","","0","75 09:00.825","3","0","0","0","67301","0","0","0","N","0","0","0","1","68K01","0","","4.0","","1","N","N","N","0","","1","0","0","","2","","","1","1","0","0","0","0","0","2","0","1","","03","","N","","","","","","","","","",""
"2020059206","","1","0","0","0","0","0","0","0","0","1","1","","67","7","2020","6","39.905344","-75.194607","","6","0","0","0","0","0","1","0","0","","0","1","0","","","1","N","0","","39 54:19.238","","0","75 11:40.584","3","0","0","0","67301","0","0","0","N","0","0","0","4","67301","0","","1.0","","9","N","N","N","0","","1","0","0","","0","","","2","1","1","0","0","0","0","2","0","2","","04","","N","","","","","","","","","",""
"2020026038","","2","0","0","0","0","0","0","0","0","4","0","","67","3","2020","2","40.016829","-75.171426","","6","0","0","0","0","0","0","0","0","","0","0","0","","","3","N","0","","40 01:00.585","","0","75 10:17.133","3","0","0","0","67301","0","0","0","N","0","0","0","3","67301","0","","1.0","","1","N","Y","N","0","","3","0","0","","0","","","2","3","0","0","0","0","0","2","0","2","","","","N","","","","","","","","","",""
"2020019827","","0","0","0","0","0","0","0","0","0","8","0","","67","2","2020","4","39.953837","-75.175075","","6","0","0","0","0","0","0","0","0","","0","0","0","","","1","","1","","39 57:13.814","","0","75 10:30.270","3","0","0","0","67301","1","0","0","N","1","0","0","2","67301","0","","1.0","","1","N","N","N","0","","1","0","1","","5","","","2","1","0","0","0","0","0","2","0","1","","03","","N","","","","","","","","","",""
"2020017861","","0","0","0","0","0","0","0","0","0","5","0","","67","2","2020","1","39.972041","-75.124971","","6","0","0","0","0","0","0","0","0","","0","0","0","","","0","N","0","","39 58:19.348","","0","75 07:29.894","0","0","0","0","67301","0","0","0","N","0","0","0","2","67301","0","","1.0","","1","N","N","N","0","","0","0","2","","0","","","2","0","2","0","0","0","0","2","0","2","","03","","N","","","","","","","","","",""
"2020060574","","3","0","0","0","0","0","0","0","0","2","0","","67","7","2020","4","40.026588","-75.147351","","6","0","0","0","0","0","0","0","0","","0","0","0","","","2","N","0","","40 01:35.715","","0","75 08:50.463","8","0","0","0","67301","0","0","0","N","0","0","0","2","67301","0","","1.0","","1","N","N","N","0","","0","0","0","","0","U","","3","2","0","0","0","2","0","2","0","3","","03","","N","","","","","","","","","",""
"2020024776","","0","0","0","1","0","0","0","0","0","8","0","","67","3","2020","2","39.930202","-75.15657","","6","0","0","0","0","0","0","0","0","","0","0","0","","","1","","1","","39 55:48.726","","0","75 09:23.652","3","0","0","0","67301","1","0","0","N","0","0","0","2","67301","0","","1.0","","1","N","Y","N","0","","1","0","0","","3","","","2","1","0","0","0","0","1","2","0","1","","03","","N","","","","","","","","","",""
"2020017656","","1","0","0","0","0","0","0","0","0","7","0","","67","2","2020","7","40.001585","-75.152798","","6","0","0","0","0","0","0","0","0","","0","0","0","","","0","","1","","40 00:05.705","","0","75 09:10.074","0","0","0","0","67301","0","0","0","N","0","0","0","1","67301","0","","3.0","","1","N","N","N","0","","0","0","0","","2","","","1","0","1","0","0","0","0","2","0","1","","03","","N","","","","","","","","","",""
"2020059121","","2","0","0","0","0","0","0","0","0","4","1","","67","7","2020","7","40.037084","-75.011336","","6","0","0","0","0","0","0","0","0","","0","1","0","","","3","","1","","40 02:13.501","","0","75 00:40.810","3","0","0","0","67301","0","0","0","N","0","0","0","4","67301","0","","1.0","","1","N","N","N","0","","3","0","0","","2","","","3","3","0","0","0","0","0","2","0","3","","03","","N","","","","","","","","","",""
"2020049018","","0","0","0","0","0","0","0","0","0","8","0","","67","6","2020","3","40.00468","-75.152126","","6","0","0","0","0","0","1","0","0","","0","0","0","","","1","","1","","40 00:16.847","","0","75 09:07.652","8","0","0","0","67301","1","0","0","N","1","0","0","4","67505","0","","1.0","","1","N","N","N","1","","0","0","0","","2","","","2","1","0","0","0","1","0","2","0","1","","03","","N","","","","","","","","","",""
"2020018204","","1","0","0","0","0","0","0","0","0","7","0","","67","2","2020","2","40.033551","-75.076295","","6","0","0","0","0","0","0","0","0","","0","0","0","","","1","N","0","","40 02:00.785","1","0","75 04:34.661","2","0","0","0","67301","0","0","0","N","0","0","0","1","67301","0","","3.0","445.0","1","N","N","N","0","","0","1","0","","0","N","","1","1","0","0","0","0","0","2","0","1","","03","","N","","","","","","","","","",""
"2020029296","","0","0","0","0","0","0","0","0","0","1","0","","67","2","2020","2","39.958763","-75.168883","","6","0","0","0","0","0","1","0","0","","0","0","0","","","2","N","0","","39 57:31.546","4","0","75 10:07.979","3","0","0","0","67301","0","0","0","N","0","0","0","7","68K01","1","","1.0","45.0","1","N","N","N","0","","1","0","2","","0","N","","2","2","0","0","0","0","0","2","0","2","","","","N","","","","","","","","","",""
"2020019628","","2","0","0","0","0","0","0","0","0","1","0","","67","2","2020","6","40.040323","-75.058538","","6","0","0","0","1","0","0","0","0","","0","0","0","","","1","","1","","40 02:25.164","1","0","75 03:30.737","3","0","0","0","67301","0","0","0","N","0","0","0","2","67301","0","","1.0","200.0","1","N","N","N","0","","1","0","0","","2","N","","2","1","0","0","0","0","0","2","0","2","","03","","N","","","","","","","","","",""
"2020021256","","1","0","0","0","0","0","0","0","0","6","0","","67","2","2020","3","40.027333","-75.216428","","6","0","0","0","0","0","1","1","0","","0","0","0","","","2","N","0","","40 01:38.400","2","0","75 12:59.140","3","0","0","0","67301","0","0","0","N","0","0","0","2","67301","1","","1.0","820.0","1","N","N","N","0","","1","0","0","","0","Y","","2","2","0","0","0","0","0","2","1","2","","04","","N","","","","","","","","","",""
"2020023437","","1","0","0","0","0","0","0","0","0","7","0","","67","3","2020","4","39.930975","-75.198998","","6","0","0","0","0","1","0","0","0","","0","0","0","","","1","N","0","","39 55:51.511","","0","75 11:56.391","3","0","0","0","67301","0","0","0","N","0","0","0","1","68K01","0","","4.0","","1","N","N","N","0","","1","0","0","","0","","","1","1","0","0","0","0","0","2","0","1","","","","N","","","","","","","","","",""