"CRN","ARRIVAL_TM","AUTOMOBILE_COUNT","BELTED_DEATH_COUNT","BELTED_SUSP_SERIOUS_INJ_COUNT","BICYCLE_COUNT","BICYCLE_DEATH_COUNT","BICYCLE_SUSP_SERIOUS_INJ_COUNT","BUS_COUNT","CHLDPAS_DEATH_COUNT","CHLDPAS_SUSP_SERIOUS_INJ_COUNT","COLLISION_TYPE","COMM_VEH_COUNT","CONS_ZONE_SPD_LIM","COUNTY","CRASH_MONTH","CRASH_YEAR","DAY_OF_WEEK","DEC_LATITUDE","DEC_LONGITUDE","DISPATCH_TM","DISTRICT","DRIVER_COUNT_16YR","DRIVER_COUNT_17YR","DRIVER_COUNT_18YR","DRIVER_COUNT_19YR","DRIVER_COUNT_20YR","DRIVER_COUNT_50_64YR","DRIVER_COUNT_65_74YR","DRIVER_COUNT_75PLUS","EST_HRS_CLOSED","FATAL_COUNT","HEAVY_TRUCK_COUNT","HORSE_BUGGY_COUNT","HOUR_OF_DAY","ILLUMINATION","INJURY_COUNT","INTERSECTION_RELATED","INTERSECT_TYPE","LANE_CLOSED","LATITUDE","LN_CLOSE_DIR","LOCATION_TYPE","LONGITUDE","MAX_SEVERITY_LEVEL","MCYCLE_DEATH_COUNT","MCYCLE_SUSP_SERIOUS_INJ_COUNT","MOTORCYCLE_COUNT","MUNICIPALITY","NONMOTR_COUNT","NONMOTR_DEATH_COUNT","NONMOTR_SUSP_SERIOUS_INJ_COUNT","NTFY_HIWY_MAINT","PED_COUNT","PED_DEATH_COUNT","PED_SUSP_SERIOUS_INJ_COUNT","PERSON_COUNT","POLICE_AGCY","POSSIBLE_INJ_COUNT","RDWY_SURF_TYPE_CD","RELATION_TO_ROAD","ROADWAY_CLEARED","ROAD_CONDITION","SCH_BUS_IND","SCH_ZONE_IND","SECONDARY_CRASH","SMALL_TRUCK_COUNT","SPEC_JURIS_CD","SUSP_MINOR_INJ_COUNT","SUSP_SERIOUS_INJ_COUNT","SUV_COUNT","TCD_FUNC_CD","TCD_TYPE","TFC_DETOUR_IND","TIME_OF_DAY","TOTAL_UNITS","TOT_INJ_COUNT","UNBELTED_OCC_COUNT","UNB_DEATH_COUNT","UNB_SUSP_SERIOUS_INJ_COUNT","UNK_INJ_DEG_COUNT","UNK_INJ_PER_COUNT","URBAN_RURAL","VAN_COUNT","VEHICLE_COUNT","WEATHER1","WEATHER2","WORKERS_PRES","WORK_ZONE_IND","WORK_ZONE_LOC","WORK_ZONE_TYPE","WZ_CLOSE_DETOUR","WZ_FLAGGER","WZ_LAW_OFFCR_IND","WZ_LN_CLOSURE","WZ_MOVING","WZ_OTHER","WZ_SHLDER_MDN","WZ_WORKERS_INJ_KILLED"
"2020059430","","1","0","0","0","0","0","0","0","0","5","1","","67","7","2020","5","39.972963","-75.193849","","6","0","0","0","0","0","0","0","0","","0","1","0","","","0","N","0","","39 58:22.667","","0","75 11:37.856","0","0","0","0","67301","0","0","0","N","0","0","0","2","68K01","0","","1.0","","1","N","N","N","0","","0","0","0","","0","","","2","0","0","0","0","0","0","2","0","2","","03","","N","","","","","","","","","",""
"2020060873","","1","0","0","0","0","0","0","0","0","4","0","","67","7","2020","5","40.061508","-75.147981","","6","0","0","0","0","0","0","0","0","","0","0","0","","","1","N","0","","40 03:41.430","","0","75 08:52.730","3","0","0","0","67301","0","0","0","N","0","0","0","1","67301","0","","2.0","","1","N","N","N","0","","1","0","1","","0","","","2","1","0","0","0","0","0","2","0","2","","","","N","","","","","","","","","",""
"2020022288","","3","0","0","0","0","0","0","0","0","5","0","","67","3","2020","1","39.961429","-75.191168","","6","0","0","0","0","0","0","0","0","","0","0","0","","","0","N","0","","39 57:41.144","6","0","75 11:28.205","0","0","0","0","67301","0","0","0","N","0","0","0","1","67507","0","","6.0","700.0","1","N","N","Y","0","","0","0","2","","0","Y","","5","0","1","0","0","0","0","2","0","5","","03","","N","","","","","","","","","",""
"2020024977","","2","0","0","0","0","0","0","0","0","4","0","","67","3","2020","3","39.97741","-75.159132","","6","0","0","0","2","0","0","0","0","","0","0","0","","","0","N","1","","39 58:38.677","","0","75 09:32.876","9","0","0","0","67301","0","0","0","N","0","0","0","2","67505","0","","1.0","","9","N","N","N","0","","0","0","0","","3","","","2","0","0","0","0","0","1","2","0","2","","03","","N","","","","","","","","","",""
"2020036329","","0","0","0","0","0","0","0","0","0","5","0","","67","3","2020","6","40.043212","-75.227469","","6","0","0","0","0","0","0","0","0","","0","0","0","","","0","","2","","40 02:35.563","7","0","75 13:38.889","0","0","0","0","67301","0","0","0","N","0","0","0","1","67301","0","","2.0","45.0","1","N","N","N","0","","0","0","1","","0","Y","","2","0","0","0","0","0","0","2","1","2","","03","","N","","","","","","","","","",""
"2020023844","","1","0","0","0","0","0","0","0","0","1","0","","67","3","2020","5","39.973066","-75.119373","","6","0","0","0","0","0","0","0","0","","0","0","0","","","0","N","0","","39 58:23.037","","0","75 07:09.743","0","0","0","0","67301","0","0","0","N","0","0","0","2","67301","0","","1.0","","1","N","N","N","0","","0","0","1","","2","","","2","0","0","0","0","0","0","2","0","2","","","","N","","","","","","","","","",""
"2020024677","","1","0","0","0","0","0","0","0","0","5","0","","67","3","2020","1","39.995197","-75.127347","","6","0","0","0","0","0","0","0","0","","0","0","0","","","0","Y","0","","39 59:42.710","","0","75 07:38.450","0","0","0","0","67301","0","0","0","N","0","0","0","1","67301","0","","6.0","","1","N","N","N","0","","0","0","1","","0","","","2","0","1","0","0","0","0","2","0","2","","03","","N","","","","","","","","","",""
"2020063906","","1","0","0","0","0","0","0","0","0","7","0","","67","8","2020","3","39.997055","-75.082248","","6","0","0","0","0","0","0","0","0","","0","0","0","","","1","N","0","","39 59:49.398","","0","75 04:56.091","8","0","0","0","67301","0","0","0","N","0","0","0","1","68K01","0","","4.0","","9","N","N","N","0","","0","0","0","","0","","","1","1","0","0","0","1","0","2","0","1","","04","","N","","","","","","","","","",""
"2020018673","","2","0","0","0","0","0","0","0","0","4","0","","67","2","2020","4","39.958583","-75.213987","","6","0","0","0","0","0","0","0","0","","0","0","0","","","1","","1","","39 57:30.898","3","0","75 12:50.353","8","0","0","0","67301","0","0","0","N","0","0","0","3","67301","0","","1.0","800.0","1","N","N","N","0","","0","0","0","","2","Y","","2","1","0","0","0","1","2","2","0","2","","03","","N","","","","","","","","","",""
"2020059485","","0","0","0","0","0","0","0","0","0","1","1","","67","7","2020","6","40.008782","-75.203741","","6","0","0","0","0","0","1","1","0","","0","1","0","","","2","N","0","","40 00:31.614","4","0","75 12:13.468","3","0","0","0","67301","0","0","0","N","0","0","0","3","68K01","1","","1.0","1400.0","1","N","N","N","1","","1","0","0","","0","N","","2","2","0","0","0","0","0","2","0","2","","","","N","","","","","","","","","",""
"2020018813","","3","0","0","0","0","0","0","0","0","4","0","","67","2","2020","2","40.043229","-75.180874","","6","0","0","0","0","0","0","1","1","","0","0","0","","","1","","1","","40 02:35.626","","0","75 10:51.146","3","0","0","0","67301","0","0","0","N","0","0","0","5","67301","0","","1.0","","1","N","N","N","0","","1","0","0","","2","","","4","1","0","0","0","0","0","2","0","4","","03","","N","","","","","","","","","",""
"2020023499","","1","0","0","0","0","0","0","0","0","8","0","","67","3","2020","4","40.001064","-75.132797","","6","0","0","0","0","0","0","0","0","","0","0","0","","","1","N","0","","40 00:03.830","","0","75 07:58.070","3","0","0","0","67301","1","0","0","N","1","0","0","2","67301","0","","1.0","","1","N","N","N","0","","1","0","0","","0","","","2","1","1","0","0","0","0","2","0","1","","03","","N","","","","","","","","","",""
"2020026724","","1","0","0","0","0","0","0","0","0","1","0","","67","3","2020","3","39.894009","-75.238504","","6","0","0","0","0","0","0","0","0","","0","0","0","","","0","N","0","","39 53:38.432","","0","75 14:18.615","9","0","0","0","67301","0","0","0","N","0","0","0","2","67301","0","","1.0","","1","N","N","N","0","","0","0","1","","0","","","2","0","0","0","0","0","1","2","0","2","","03","","N","","","","","","","","","",""
"2020019663","","2","0","0","0","0","0","0","0","0","1","0","","67","2","2020","3","40.043081","-75.167276","","6","0","0","0","0","0","0","0","1","","0","0","0","","","2","Y","0","","40 02:35.091","","0","75 10:02.194","2","0","0","0","67301","0","0","0","N","0","0","0","2","67301","0","","1.0","","1","N","N","N","1","","1","1","1","","9","","","5","2","0","0","0","0","0","2","1","5","","03","","N","","","","","","","","","",""
"2020048413","","1","0","0","0","0","0","0","0","0","4","1","","67","6","2020","6","40.056373","-75.028181","","6","0","0","0","0","0","1","0","0","","0","1","0","","","1","","1","","40 03:22.942","","0","75 01:41.453","4","0","0","0","67301","0","0","0","N","0","0","0","3","67301","1","","1.0","","1","N","N","N","0","","0","0","0","","2","","","2","1","0","0","0","0","0","2","0","2","","03","","N","","","","","","","","","",""
"2020019861","","1","0","0","0","0","0","0","0","0","5","0","","67","2","2020","7","39.925139","-75.181322","","6","0","0","0","0","0","0","0","0","","0","0","0","","","1","N","0","","39 55:30.500","2","0","75 10:52.760","3","0","0","0","67301","0","0","0","N","0","0","0","1","67301","0","","6.0","100.0","1","N","N","N","0","","1","0","3","","0","Y","","4","1","0","0","0","0","0","2","0","4","","03","","N","","","","","","","","","",""
"2020018389","","0","0","0","0","0","0","0","0","0","7","0","","67","2","2020","3","40.132139","-75.009871","","6","0","0","0","0","0","0","0","0","","0","0","0","","","0","N","0","","40 07:55.701","","0","75 00:35.537","0","0","0","0","67301","0","0","0","N","0","0","0","3","67301","0","","5.0","","1","N","N","N","0","","0","0","1","","0","","","1","0","0","0","0","0","0","2","0","1","","03","","N","","","","","","","","","",""
"2020033545","","0","0","0","0","0","0","0","0","0","8","0","","67","2","2020","6","39.971211","-75.227592","","6","0","0","0","0","0","0","0","0","","0","0","0","","","1","N","0","","39 58:16.360","","0","75 13:39.330","4","0","0","0","67301","1","0","0","N","1","0","0","2","67301","1","","1.0","","1","N","N","N","0","","0","0","1","","0","","","2","1","1","0","0","0","0","2","0","1","","03","","N","","","","","","","","","",""
"2020026039","","1","0","0","0","0","0","0","0","0","8","0","","67","3","2020","3","40.010057","-75.157482","","6","0","0","0","0","0","1","0","0","","0","0","0","","","1","N","0","","40 00:36.204","3","0","75 09:26.934","3","0","0","0","67301","1","0","0","N","1","0","0","2","67301","0","","1.0","215.0","1","N","N","N","0","","1","0","0","","0","N","","2","1","0","0","0","0","0","2","0","1","","03","","N","","","","","","","","","",""
"2020048726","","0","0","0","0","0","0","0","0","0","4","0","","67","5","2020","7","39.96787","-75.180152","","6","0","0","0","0","0","1","0","0","","0","0","0","","","1","","3","","39 58:04.333","","0","75 10:48.546","8","0","0","1","67301","0","0","0","N","0","0","0","3","67301","0","","1.0","","1","N","N","N","0","","0","0","1","","0","","","2","1","0","0","0","1","0","2","0","2","","03","","N","","","","","","","","","",""
"2020018182","","2","0","0","0","0","0","0","0","0","5","0","","67","2","2020","2","40.027654","-75.171808","","6","0","0","0","0","1","0","0","0","","0","0","0","","","2","N","0","","40 01:39.556","","0","75 10:18.510","3","0","0","0","67301","0","0","0","N","0","0","0","2","67301","0","","6.0","","1","N","N","N","0","","2","0","1","","0","","","3","2","0","0","0","0","0","2","0","3","","03","","N","","","","","","","","","",""
"2020024186","","1","0","0","0","0","0","0","0","0","1","0","","67","3","2020","6","40.11425","-74.987299","","6","0","0","0","0","0","2","0","0","","0","0","0","","","1","N","0","","40 06:51.299","1","0","74 59:14.278","3","0","0","0","67301","0","0","0","N","0","0","0","3","67301","0","","1.0","1200.0","1","N","N","N","0","","1","0","1","","0","N","","3","1","0","0","0","0","0","2","1","3","","","","N","","","","","","","","","",""
"2020023463","","0","0","0","1","0","0","0","0","0","8","0","","67","2","2020","1","39.954583","-75.172983","","6","0","0","0","0","0","0","0","0","","0","0","0","","","1","","1","","39 57:16.499","","0","75 10:22.738","8","0","0","0","67301","1","0","0","N","0","0","0","2","67301","0","","1.0","","1","N","N","N","0","","0","0","1","","2","","","2","1","0","0","0","1","0","2","0","1","","03","","N","","","","","","","","","",""
"2020023973","","1","0","0","0","0","0","0","0","0","5","0","","67","3","2020","5","39.942029","-75.165797","","6","0","0","0","0","0","0","1","0","","0","0","0","","","1","N","0","","39 56:31.303","1","0","75 09:56.869","3","0","0","0","67301","0","0","0","N","0","0","0","1","67301","0","","5.0","1400.0","1","N","N","N","0","","1","0","1","","0","N","","2","1","1","0","0","0","0","2","0","2","","03","","N","","","","","","","","","",""
"2020025893","","1","0","0","0","0","0","0","0","0","1","0","","67","3","2020","3","39.974133","-75.204317","","6","0","0","0","0","0","0","0","0","","0","0","0","","","1","","1","","39 58:26.878","","0","75 12:15.541","3","0","0","0","67301","0","0","0","N","0","0","0","2","67301","0","","1.0","","1","N","N","N","1","","1","0","0","","2","","","2","1","0","0","0","0","0","2","0","2","","03","","N","","","","","","","","","",""
"2020033082","","1","0","0","0","0","0","1","0","0","5","1","","67","3","2020","3","39.92464","-75.238546","","6","0","0","0","0","0","0","0","0","","0","0","0","","","0","N","0","","39 55:28.705","1","0","75 14:18.766","0","0","0","0","67301","0","0","0","N","0","0","0","2","67508","0","","1.0","30.0","1","N","N","N","0","","0","0","0","","0","Y","","2","0","0","0","0","0","0","2","0","2","","03","","N","","","","","","","","","",""
"2020023496","","1","0","0","0","0","0","0","0","0","4","0","","67","3","2020","4","39.949826","-75.161956","","6","0","0","0","0","0","0","0","0","","0","0","0","","","1","","1","","39 56:59.372","7","0","75 09:43.043","8","0","0","0","67301","0","0","0","N","0","0","0","2","67301","0","","1.0","329.0","1","N","N","N","0","","0","0","1","","2","N","","2","1","0","0","0","1","0","2","0","2","","03","","N","","","","","","","","","",""
"2020055699","","1","0","0","0","0","0","1","0","0","4","1","","67","6","2020","2","40.034782","-75.117531","","6","0","0","0","0","0","0","1","0","","0","0","0","","","1","N","1","","40 02:05.216","","0","75 07:03.111","4","0","0","0","67301","0","0","0","N","0","0","0","3","67508","1","","1.0","","1","","","N","0","","0","0","0","","0","N","","2","1","0","0","0","0","0","2","0","2","","03","","N","","","","","","","","","",""
"2020018205","","0","0","0","0","0","0","0","0","0","4","0","","67","2","2020","2","39.934222","-75.197524","","6","0","0","0","0","0","0","1","0","","0","0","0","","","1","","1","","39 56:03.198","","0","75 11:51.085","3","0","0","0","67301","0","0","0","N","0","0","0","2","67301","0","","1.0","","1","N","N","N","0","","1","0","1","","3","","","2","1","0","0","0","0","0","2","0","2","","03","","N","","","","","","","","","",""
"2020051378","","0","0","0","0","0","0","1","0","0","8","1","","67","6","2020","3","40.035778","-75.12542","","6","0","0","0","0","0","1","0","0","","0","0","0","","","1","N","0","","40 02:08.801","","0","75 07:31.511","8","0","0","0","67301","1","0","0","N","1","0","0","2","67508","0","","2.0","","1","N","N","N","0","","0","0","0","","0","N","","2","1","0","0","0","1","0","2","0","1","","","","N","","","","","","","","","",""
"2020019664","","0","0","0","0","0","0","0","0","0","5","0","","67","2","2020","6","40.057897","-75.173928","","6","0","0","0","0","0","0","0","0","","0","0","0","","","1","N","0","","40 03:28.430","","0","75 10:26.140","8","0","0","0","67301","0","0","0","N","0","0","0","1","67301","0","","6.0","","1","N","N","N","0","","0","0","2","","0","","","2","1","0","0","0","1","0","2","0","2","","03","","N","","","","","","","","","",""
"2020018674","","1","0","0","0","0","0","0","0","0","2","0","","67","2","2020","1","39.991125","-75.189517","","6","0","0","0","0","0","0","0","0","","0","0","0","","","3","N","0","","39 59:28.050","","99","75 11:22.260","3","0","0","0","67301","0","0","0","N","0","0","0","3","67301","0","","1.0","","1","N","N","N","0","","3","0","0","","0","","","2","3","3","0","0","0","0","2","1","2","","03","","N","","","","","","","","","",""
"2020018878","","1","0","0","0","0","0","0","0","0","1","0","","67","2","2020","4","39.956753","-75.198386","","6","0","0","0","0","0","0","0","0","","0","0","0","","","1","N","0","","39 57:24.312","","0","75 11:54.191","8","0","0","0","67301","0","0","0","N","0","0","0","2","67504","0","","1.0","","2","N","N","N","1","","0","0","0","","2","","","2","1","0","0","0","1","0","2","0","2","","03","","N","","","","","","","","","",""
"2020024463","","0","0","1","0","0","0","0","0","0","1","0","","67","3","2020","6","39.925313","-75.176932","","6","0","0","0","0","0","1","0","0","","0","0","0","","","2","N","0","","39 55:31.127","","0","75 10:36.954","2","0","0","0","67301","0","0","0","N","0","0","0","4","67301","0","","1.0","","9","N","N","N","0","","1","1","1","","0","","","2","2","0","0","0","0","0","2","0","2","","","","N","","","","","","","","","",""
"2020019124","","1","0","0","0","0","0","0","0","0","4","0","","67","2","2020","4","39.956562","-75.15133","","6","0","0","0","0","0","0","0","0","","0","0","0","","","0","","1","","39 57:23.624","1","0","75 09:04.788","0","0","0","0","67301","0","0","0","N","0","0","0","2","67301","0","","1.0","1330.0","1","N","N","N","0","","0","0","0","","2","N","","2","0","0","0","0","0","0","2","1","2","","","","N","","","","","","","","","",""
"2020019866","","0","0","0","0","0","0","0","0","0","8","0","","67","2","2020","6","40.020522","-75.053729","","6","0","0","0","0","0","0","0","0","","0","0","0","","","1","","1","","40 01:13.878","","0","75 03:13.426","3","0","0","0","67301","1","0","0","N","1","0","0","2","67301","0","","1.0","","1","N","N","N","0","","1","0","0","","2","","","2","1","0","0","0","0","0","2","0","1","","03","","N","","","","","","","","","",""
"2020019869","","0","0","0","0","0","0","0","0","0","7","0","","67","2","2020","1","40.032274","-75.050985","","6","0","0","0","0","0","0","0","0","","0","0","0","","","1","","1","","40 01:56.185","","0","75 03:03.545","4","0","0","0","67301","0","0","0","N","0","0","0","1","67301","1","","4.0","","1","N","N","N","0","","0","0","0","","2","","","1","1","0","0","0","0","0","2","1","1","","03","","N","","","","","","","","","",""
"2020065042","","1","0","0","0","0","0","0","0","0","0","0","","67","7","2020","2","39.895833","-75.192592","","6","0","0","0","0","0","0","0","0","","0","0","0","","","0","N","0","","39 53:44.999","","0","75 11:33.332","0","0","0","0","67301","0","0","0","N","0","0","0","1","68K01","0","","1.0","","1","N","N","N","0","","0","0","0","","0","","","1","0","0","0","0","0","0","2","0","1","","","","N","","","","","","","","","",""
"2020036606","","2","0","0","0","0","0","0","0","0","1","1","","67","4","2020","5","39.982991","-75.099534","","6","0","0","0","0","0","1","0","0","","0","1","0","","","1","N","0","","39 58:58.769","2","2","75 05:58.321","4","0","0","0","67301","0","0","0","N","0","0","0","5","68K01","1","","1.0","30.0","9","N","N","N","0","","0","0","1","","2","Y","","4","1","1","0","0","0","0","2","0","4","","","","N","","","","","","","","","",""
"2020059855","","0","0","0","0","0","0","0","0","0","1","0","","67","6","2020","7","39.898821","-75.169321","","6","0","0","0","0","0","0","0","0","","0","0","0","","","0","N","6","","39 53:55.755","1","0","75 10:09.555","9","0","0","0","67301","0","0","0","N","0","0","0","1","68K01","0","","1.0","300.0","1","N","N","N","1","","0","0","1","","0","N","","2","0","0","0","0","0","1","2","0","2","","03","","N","","","","","","","","","",""
"2020022801","","5","0","0","0","0","0","0","0","0","5","0","","67","3","2020","2","40.011575","-75.076495","","6","0","0","0","0","0","0","0","0","","0","0","0","","","0","N","0","","40 00:41.669","","0","75 04:35.383","0","0","0","0","67301","0","0","0","N","0","0","0","1","67301","0","","6.0","","1","N","N","Y","0","","0","0","0","","0","","","6","0","0","0","0","0","0","2","1","6","","03","","N","","","","","","","","","",""
"2020060632","","2","0","0","0","0","0","0","0","0","1","1","","67","7","2020","4","39.956934","-75.153424","","6","0","0","0","0","0","0","0","0","","0","1","0","","","2","N","0","","39 57:24.964","4","0","75 09:12.327","8","0","0","0","67301","0","0","0","N","0","0","0","4","68K01","0","","1.0","1305.0","1","N","N","N","0","","0","0","0","","0","N","","3","2","0","0","0","2","0","2","0","3","","03","","N","","","","","","","","","",""
"2020027433","","0","0","0","0","0","0","0","0","0","1","0","","67","2","2020","7","39.945892","-75.189624","","6","0","0","0","0","0","1","0","0","","0","0","0","","","1","N","0","","39 56:45.211","","0","75 11:22.645","8","0","0","0","67301","0","0","0","N","0","0","0","3","68K01","0","","1.0","","1","N","N","N","0","","0","0","1","","0","","","2","1","0","0","0","1","0","2","1","2","","","","N","","","","","","","","","",""
"2020018390","","1","0","0","0","0","0","0","0","0","8","0","","67","2","2020","1","40.061196","-75.191949","","6","0","0","0","0","0","0","0","1","","0","0","0","","","1","N","0","","40 03:40.306","","7","75 11:31.018","3","0","0","0","67301","1","0","0","N","1","0","0","2","67301","0","","1.0","","1","N","N","N","0","","1","0","0","","2","","","2","1","0","0","0","0","0","2","0","1","","","","N","","","","","","","","","",""
"2020024360","","1","0","0","0","0","0","0","0","0","4","0","","67","3","2020","5","39.984721","-75.12028","","6","0","0","0","0","0","0","1","0","","0","0","0","","","1","N","2","","39 59:04.996","","0","75 07:13.008","3","0","0","0","67301","0","0","0","N","0","0","0","2","67301","0","","1.0","","1","N","N","N","0","","1","0","1","","0","","","2","1","0","0","0","0","0","2","0","2","","03","","N","","","","","","","","","",""
"2020058075","","0","0","0","0","0","0","1","0","0","8","1","","67","6","2020","6","39.953555","-75.173176","","6","0","0","0","0","0","0","0","0","","0","0","0","","","1","N","1","","39 57:12.798","","0","75 10:23.433","8","0","0","0","67301","1","0","0","N","1","0","0","2","67508","0","","1.0","","1","N","N","Y","0","","0","0","0","","2","N","","2","1","0","0","0","1","0","2","0","1","","03","","N","","","","","","","","","",""
"2020021304","","3","0","0","0","0","0","0","0","0","4","0","","67","2","2020","7","39.972632","-75.217776","","6","0","0","0","0","0","0","0","0","","0","0","0","","","3","","3","","39 58:21.476","","0","75 13:03.992","2","0","0","0","67301","0","0","0","N","0","0","0","5","67301","1","","1.0","","1","N","N","N","0","","1","1","0","","2","","","3","3","1","0","1","0","0","2","0","3","","","","N","","","","","","","","","",""
"2020056802","","0","0","0","0","0","0","0","0","0","5","1","","67","7","2020","5","39.984649","-75.236722","","6","0","0","0","0","0","0","0","0","","0","1","0","","","1","N","0","","39 59:04.737","","0","75 14:12.200","3","0","0","1","67301","0","0","0","N","0","0","0","1","67301","0","","6.0","","1","N","N","N","0","","1","0","0","","0","","","2","1","0","0","0","0","0","2","0","2","","03","","N","","","","","","","","","",""
"2020019739","","2","0","0","0","0","0","0","0","0","4","0","","67","2","2020","6","40.059513","-75.05199","","6","0","0","0","0","0","1","0","2","","0","0","0","","","1","","1","","40 03:34.246","5","0","75 03:07.165","3","0","0","0","67301","0","0","0","N","0","0","0","3","67301","0","","1.0","1415.0","1","N","N","N","0","","1","0","1","","2","Y","","3","1","0","0","0","0","0","2","0","3","","03","","N","","","","","","","","","",""
"2020059207","","0","0","0","0","0","0","0","0","0","7","0","","67","7","2020","1","40.068347","-75.155636","","6","0","0","0","0","0","0","0","0","","0","0","0","","","0","N","0","","40 04:06.050","","7","75 09:20.290","9","0","0","0","67301","0","0","0","N","0","0","0","1","67301","0","","5.0","","1","N","N","N","0","","0","0","1","","0","","","1","0","0","0","0","0","1","2","0","1","","03","","N","","","","","","","","","",""
"2020023044","","0","0","0","1","0","0","0","0","0","8","0","","67","3","2020","3","39.952256","-75.192213","","6","0","0","0","0","0","0","0","0","","0","0","0","","","1","N","0","","39 57:08.121","","0","75 11:31.968","8","0","0","0","67301","1","0","0","N","0","0","0","2","67504","0","","1.0","","1","N","N","N","0","","0","0","1","","0","N","","2","1","0","0","0","1","1","2","0","1","","03","","N","","","","","","","","","",""
"2020023497","","1","0","0","0","0","0","0","0","0","4","0","","67","3","2020","5","40.036518","-75.180392","","6","0","0","0","0","0","0","0","0","","0","0","0","","","1","","1","","40 02:11.464","7","0","75 10:49.411","3","0","0","0","67301","0","0","0","N","0","0","0","2","67301","0","","1.0","110.0","1","N","N","N","0","","1","0","1","","2","Y","","2","1","1","0","0","0","0","2","0","2","","","","N","","","","","","","","","",""
"2020058943","","2","0","0","0","0","0","0","0","0","5","0","","67","7","2020","7","40.027134","-75.025213","","6","0","0","0","0","0","0","0","0","","0","0","0","","","1","N","0","","40 01:37.683","1","0","75 01:30.765","8","0","0","0","67301","0","0","0","N","0","0","0","2","68K01","0","","1.0","1600.0","1","N","N","Y","0","","0","0","0","","0","N","","2","1","1","0","0","1","0","2","0","2","","03","","N","","","","","","","","","",""
"2020049648","","0","0","0","0","0","0","0","0","0","5","0","","67","6","2020","4","39.99424","-75.159452","","6","0","0","0","0","0","0","0","0","","0","1","0","","","0","N","0","","39 59:39.264","","0","75 09:34.026","0","0","0","0","67301","0","0","0","N","0","0","0","1","67301","0","","6.0","","1","N","N","N","0","","0","0","1","","2","","","3","0","0","0","0","0","0","2","0","3","","03","","N","","","","","","","","","",""
"2020024666","","1","0","0","0","0","0","0","0","0","1","0","","67","3","2020","1","40.024336","-75.03573","","6","0","0","0","0","0","0","0","0","","0","0","0","","","0","Y","0","","40 01:27.609","","0","75 02:08.629","0","0","0","0","67301","0","0","0","N","0","0","0","2","67301","0","","1.0","","1","N","N","N","0","","0","0","1","","0","","","2","0","0","0","0","0","0","2","0","2","","03","","N","","","","","","","","","",""
"2020025549","","2","0","0","0","0","0","0","0","0","1","0","","67","3","2020","2","40.021529","-75.051773","","6","0","0","0","0","0","0","0","0","","0","0","0","","","2","","1","","40 01:17.505","","0","75 03:06.381","3","0","0","0","67301","0","0","0","N","0","0","0","4","67301","0","","1.0","","1","N","N","N","0","","2","0","1","","0","","","3","2","0","0","0","0","1","2","0","3","","03","","N","","","","","","","","","",""
"2020059467","","0","0","0","0","0","0","0","0","0","7","1","","67","7","2020","2","40.030169","-75.021836","","6","0","0","0","0","0","0","0","0","","0","1","0","","","1","N","0","","40 01:48.609","1","0","75 01:18.609","3","0","0","0","67301","0","0","0","N","0","0","0","2","68K01","0","","2.0","100.0","1","N","N","N","0","","1","0","1","","0","N","","2","1","0","0","0","0","0","2","0","2","","","","N","","","","","","","","","",""
"2020059493","","2","0","0","0","0","0","0","0","0","1","0","","67","7","2020","7","39.959921","-75.179164","","6","1","0","0","0","0","0","0","0","","0","0","0","","","1","N","0","","39 57:35.716","3","0","75 10:44.990","3","0","0","0","67301","0","0","0","N","0","0","0","3","68K01","0","","1.0","1037.0","1","N","N","N","0","","1","0","1","","0","N","","3","1","0","0","0","0","0","2","0","3","","03","","N","","","","","","","","","",""
"2020024097","","1","0","0","0","0","0","0","0","0","8","0","","67","3","2020","4","40.056485","-75.046402","","6","0","0","0","0","0","0","0","0","","0","0","0","","","1","","1","","40 03:23.345","","0","75 02:47.046","3","0","0","0","67301","1","0","0","N","1","0","0","2","67301","0","","1.0","","1","N","N","N","0","","1","0","0","","2","","","2","1","0","0","0","0","0","2","0","1","","","","N","","","","","","","","","",""
"2020058960","","2","0","0","0","0","0","0","0","0","1","0","45","67","7","2020","5","39.9499","-75.183854","","6","0","0","0","0","0","1","0","0","","0","0","0","","","1","N","0","","39 56:59.640","","0","75 11:01.876","8","0","0","0","67301","0","0","0","N","0","0","0","2","68K01","0","","1.0","","1","N","N","N","0","","0","0","0","","0","","","2","1","0","0","0","1","0","2","0","2","","03","Y","Y","4","1","N","N","Y","Y","N","N","Y","N"
"2020063296","","2","0","0","0","0","0","0","0","0","1","0","","67","8","2020","6","40.055899","-75.003128","","6","0","0","0","0","0","0","0","0","","0","0","0","","","2","N","0","","40 03:21.238","","0","75 00:11.262","3","0","0","0","67301","0","0","0","N","0","0","0","3","67301","1","","1.0","","1","N","N","N","0","","1","0","1","","0","","","3","2","0","0","0","0","0","2","0","3","","03","","N","","","","","","","","","",""
"2020020665","","1","0","0","0","0","0","0","0","0","4","0","","67","2","2020","7","40.039661","-75.067603","","6","0","0","0","0","0","2","0","0","","0","0","0","","","1","","1","","40 02:22.779","","0","75 04:03.370","8","0","0","0","67301","0","0","0","N","0","0","0","5","67301","0","","1.0","","1","N","N","N","0","","0","0","1","","3","","","3","1","0","0","0","1","0","2","1","3","","03","","N","","","","","","","","","",""