"CRN","ARRIVAL_TM","AUTOMOBILE_COUNT","BELTED_DEATH_COUNT","BELTED_SUSP_SERIOUS_INJ_COUNT","BICYCLE_COUNT","BICYCLE_DEATH_COUNT","BICYCLE_SUSP_SERIOUS_INJ_COUNT","BUS_COUNT","CHLDPAS_DEATH_COUNT","CHLDPAS_SUSP_SERIOUS_INJ_COUNT","COLLISION_TYPE","COMM_VEH_COUNT","CONS_ZONE_SPD_LIM","COUNTY","CRASH_MONTH","CRASH_YEAR","DAY_OF_WEEK","DEC_LATITUDE","DEC_LONGITUDE","DISPATCH_TM","DISTRICT","DRIVER_COUNT_16YR","DRIVER_COUNT_17YR","DRIVER_COUNT_18YR","DRIVER_COUNT_19YR","DRIVER_COUNT_20YR","DRIVER_COUNT_50_64YR","DRIVER_COUNT_65_74YR","DRIVER_COUNT_75PLUS","EST_HRS_CLOSED","FATAL_COUNT","HEAVY_TRUCK_COUNT","HORSE_BUGGY_COUNT","HOUR_OF_DAY","ILLUMINATION","INJURY_COUNT","INTERSECTION_RELATED","INTERSECT_TYPE","LANE_CLOSED","LATITUDE","LN_CLOSE_DIR","LOCATION_TYPE","LONGITUDE","MAX_SEVERITY_LEVEL","MCYCLE_DEATH_COUNT","MCYCLE_SUSP_SERIOUS_INJ_COUNT","MOTORCYCLE_COUNT","MUNICIPALITY","NONMOTR_COUNT","NONMOTR_DEATH_COUNT","NONMOTR_SUSP_SERIOUS_INJ_COUNT","NTFY_HIWY_MAINT","PED_COUNT","PED_DEATH_COUNT","PED_SUSP_SERIOUS_INJ_COUNT","PERSON_COUNT","POLICE_AGCY","POSSIBLE_INJ_COUNT","RDWY_SURF_TYPE_CD","RELATION_TO_ROAD","ROADWAY_CLEARED","ROAD_CONDITION","SCH_BUS_IND","SCH_ZONE_IND","SECONDARY_CRASH","SMALL_TRUCK_COUNT","SPEC_JURIS_CD","SUSP_MINOR_INJ_COUNT","SUSP_SERIOUS_INJ_COUNT","SUV_COUNT","TCD_FUNC_CD","TCD_TYPE","TFC_DETOUR_IND","TIME_OF_DAY","TOTAL_UNITS","TOT_INJ_COUNT","UNBELTED_OCC_COUNT","UNB_DEATH_COUNT","UNB_SUSP_SERIOUS_INJ_COUNT","UNK_INJ_DEG_COUNT","UNK_INJ_PER_COUNT","URBAN_RURAL","VAN_COUNT","VEHICLE_COUNT","WEATHER1","WEATHER2","WORKERS_PRES","WORK_ZONE_IND","WORK_ZONE_LOC","WORK_ZONE_TYPE","WZ_CLOSE_DETOUR","WZ_FLAGGER","WZ_LAW_OFFCR_IND","WZ_LN_CLOSURE","WZ_MOVING","WZ_OTHER","WZ_SHLDER_MDN","WZ_WORKERS_INJ_KILLED"
"2020018809","","0","0","0","0","0","0","0","0","0","8","0","","67","2","2020","4","39.920772","-75.151597","","6","0","0","0","0","0","0","0","0","","0","0","0","","","1","","1","","39 55:14.779","","0","75 09:05.749","8","0","0","0","67301","1","0","0","N","1","0","0","2","67301","0","","1.0","","1","N","N","N","0","","0","0","0","","0","","","2","1","0","0","0","1","0","2","1","1","","03","","N","","","","","","","","","",""
"2020019829","","1","0","0","0","0","0","0","0","0","4","0","","67","2","2020","1","39.956294","-75.229503","","6","0","0","0","0","0","0","0","0","","0","0","0","","","0","","1","","39 57:22.658","7","0","75 13:46.210","9","0","0","0","67301","0","0","0","N","0","0","0","2","67301","0","","1.0","15.0","1","N","N","N","0","","0","0","1","","3","N","","2","0","0","0","0","0","2","2","0","2","","03","","N","","","","","","","","","",""
"2020059520","","2","0","0","0","0","0","0","0","1","4","0","","67","7","2020","1","40.01978","-75.150624","","6","0","0","0","0","1","0","0","0","","0","0","0","","","2","","1","","40 01:11.208","1","0","75 09:02.246","2","0","0","0","67301","0","0","0","N","0","0","0","5","67301","0","","1.0","1410.0","1","N","N","N","0","","1","1","0","","2","N","","2","2","0","0","0","0","0","2","0","2","","","","N","","","","","","","","","",""
"2020022447","","1","0","0","0","0","0","0","0","0","5","0","","67","3","2020","2","40.016049","-75.084399","","6","0","0","0","0","0","0","0","0","","0","0","0","","","1","N","0","","40 00:57.778","","0","75 05:03.835","3","0","0","0","67301","0","0","0","N","0","0","0","1","67301","0","","6.0","","1","N","N","N","0","","1","0","0","","0","","","3","1","0","0","0","0","0","2","2","3","","","","N","","","","","","","","","",""
"2020058940","","1","0","0","0","0","0","0","0","0","5","0","","67","7","2020","7","40.007408","-75.200824","","6","0","1","0","0","0","0","0","0","","0","0","0","","","0","N","0","","40 00:26.669","","0","75 12:02.968","0","0","0","0","67301","0","0","0","N","0","0","0","3","68K01","0","","1.0","","1","N","N","N","1","","0","0","0","","0","","","2","0","0","0","0","0","0","2","0","2","","","","N","","","","","","","","","",""
"2020060542","","1","0","0","0","0","0","0","0","0","7","0","","67","7","2020","3","39.969647","-75.261739","","6","0","0","0","0","0","0","0","0","","1","0","0","","","1","N","0","","39 58:10.730","6","0","75 15:42.260","1","0","0","0","67301","0","0","0","N","0","0","0","2","67301","0","2","4.0","200.0","1","N","N","N","0","0","1","0","0","","0","Y","","1","1","0","0","0","0","0","2","0","1","","","","N","","","","","","","","","",""
"2020031551","","1","0","0","0","0","0","0","0","0","4","1","","67","4","2020","2","40.004675","-75.17691","","6","0","0","0","0","1","0","0","0","","0","1","0","","","1","","1","","40 00:16.831","","0","75 10:36.876","3","0","0","0","67301","0","0","0","N","0","0","0","2","67301","0","","1.0","","1","N","N","N","0","","1","0","0","","2","","","2","1","2","0","0","0","0","2","0","2","","03","","N","","","","","","","","","",""
"2020024134","","0","0","0","0","0","0","0","0","0","8","0","","67","3","2020","3","39.979037","-75.216833","","6","0","0","0","0","0","0","0","0","","0","0","0","","","1","","2","","39 58:44.533","","0","75 13:00.598","4","0","0","0","67301","1","0","0","N","1","0","0","2","67301","1","","1.0","","9","N","N","N","0","","0","0","0","","0","","","2","1","1","0","0","0","0","2","1","1","","07","","N","","","","","","","","","",""
"2020058797","","0","0","0","0","0","0","0","0","0","7","0","","67","6","2020","4","39.905761","-75.150013","","6","0","0","0","0","0","1","0","0","","0","0","0","","","0","N","0","","39 54:20.738","","0","75 09:00.048","0","0","0","0","67301","0","0","0","N","0","0","0","2","68K01","0","","2.0","","1","N","N","N","0","","0","0","2","","0","","","2","0","0","0","0","0","0","2","0","2","","03","","N","","","","","","","","","",""
"2020021603","","1","0","0","0","0","0","0","0","0","4","0","","67","2","2020","7","40.111362","-75.000906","","6","0","0","0","1","0","0","0","0","","0","0","0","","","2","","3","","40 06:40.904","","0","75 00:03.263","3","0","0","0","67301","0","0","0","N","0","0","0","4","67301","0","","1.0","","1","N","N","N","0","","2","0","1","","3","","","2","2","1","0","0","0","0","2","0","2","","03","","N","","","","","","","","","",""
"2020018672","","2","0","1","0","0","0","0","0","0","4","0","","67","2","2020","3","40.059854","-75.173438","","6","0","0","0","0","0","0","0","0","","0","0","0","","","3","","1","","40 03:35.475","7","0","75 10:24.377","2","0","0","0","67301","0","0","0","N","0","0","0","4","67301","0","","1.0","1928.0","1","N","N","N","0","","1","1","0","","2","Y","","2","3","0","0","0","1","0","2","0","2","","03","","N","","","","","","","","","",""
"2020028422","","0","0","0","0","0","0","0","0","0","7","0","","67","3","2020","3","39.945904","-75.142529","","6","0","0","0","0","0","0","0","0","","0","0","0","","","4","N","0","","39 56:45.253","2","0","75 08:33.103","3","0","0","0","67301","0","0","0","N","0","0","0","5","68K01","2","","4.0","1610.0","9","N","N","N","0","","2","0","0","","0","N","","1","4","2","0","0","0","0","2","1","1","","07","","N","","","","","","","","","",""
"2020025746","","1","0","0","0","0","0","0","0","0","4","0","","67","3","2020","2","40.061913","-75.163162","","6","0","0","0","0","1","1","0","0","","0","0","0","","","1","","1","","40 03:42.886","","0","75 09:47.382","3","0","0","0","67301","0","0","0","N","0","0","0","2","67301","0","","1.0","","1","N","N","N","0","","1","0","0","","2","","","2","1","0","0","0","0","0","2","1","2","","","","N","","","","","","","","","",""
"2020058769","","1","0","0","0","0","0","0","0","0","7","0","","67","7","2020","6","39.990242","-75.165158","","6","0","0","0","0","0","0","0","0","","0","0","0","","","0","N","0","","39 59:24.870","","0","75 09:54.570","0","0","0","0","67301","0","0","0","N","0","0","0","0","67301","0","","5.0","","9","N","N","N","0","","0","0","0","","0","","","1","0","0","0","0","0","0","2","0","1","","04","","N","","","","","","","","","",""
"2020036261","","2","0","0","0","0","0","0","0","0","7","1","","67","4","2020","2","39.980447","-75.20576","","6","0","0","0","0","0","1","1","0","","0","1","0","","","1","N","0","","39 58:49.608","3","0","75 12:20.737","3","0","0","0","67301","0","0","0","N","0","0","0","3","68K01","0","","4.0","400.0","9","N","N","Y","0","","1","0","0","","0","N","","3","1","0","0","0","0","0","2","0","3","","","","N","","","","","","","","","",""
"2020058942","","2","0","0","0","0","0","0","0","0","1","0","","67","7","2020","7","40.027126","-75.025228","","6","0","0","0","0","0","2","0","0","","0","0","0","","","0","N","0","","40 01:37.652","1","0","75 01:30.822","0","0","0","0","67301","0","0","0","N","0","0","0","3","68K01","0","","1.0","1600.0","1","N","N","N","0","","0","0","1","","0","N","","3","0","0","0","0","0","0","2","0","3","","03","","N","","","","","","","","","",""
"2020017857","","2","0","0","0","0","0","0","0","0","5","0","","67","2","2020","7","39.938803","-75.169897","","6","0","0","0","0","0","0","0","0","","0","0","0","","","0","N","0","","39 56:19.690","","0","75 10:11.630","0","0","0","0","67301","0","0","0","N","0","0","0","1","67301","0","","6.0","","1","N","N","N","0","","0","0","0","","0","","","2","0","0","0","0","0","0","2","0","2","","03","","N","","","","","","","","","",""
"2020060510","","1","0","0","0","0","0","0","0","0","8","0","","67","7","2020","3","39.930106","-75.155878","","6","0","0","0","1","0","0","0","0","","0","0","0","","","1","N","0","","39 55:48.380","","0","75 09:21.160","8","0","0","0","67301","1","0","0","N","1","0","0","2","67301","0","","6.0","","1","N","N","N","0","","0","0","0","","0","","","2","1","1","0","0","1","0","2","0","1","","","","N","","","","","","","","","",""
"2020064872","","1","0","0","0","0","0","0","0","0","7","0","","67","8","2020","6","39.890217","-75.220174","","6","0","0","0","0","0","0","0","0","","0","0","0","","","0","N","0","","39 53:24.781","","0","75 13:12.625","0","0","0","0","67301","0","0","0","N","0","0","0","1","68K01","0","","2.0","","9","N","N","N","0","","0","0","0","","0","","","1","0","0","0","0","0","0","2","0","1","","","","N","","","","","","","","","",""
"2020019830","","2","0","0","0","0","0","0","0","0","1","0","","67","2","2020","7","39.957112","-75.231552","","6","0","0","0","0","0","0","0","0","","0","0","0","","","1","","1","","39 57:25.603","","0","75 13:53.587","3","0","0","0","67301","0","0","0","N","0","0","0","2","67301","0","","1.0","","1","N","N","N","0","","1","0","1","","3","","","4","1","0","0","0","0","0","2","0","4","","03","","N","","","","","","","","","",""
"2020023917","","0","0","0","0","0","0","0","0","0","7","0","","67","2","2020","5","39.901777","-75.151871","","6","0","0","0","0","0","0","0","0","","0","0","0","","","0","N","0","","39 54:06.397","2","0","75 09:06.737","0","0","0","0","67301","0","0","0","N","0","0","0","2","68K01","0","","2.0","2330.0","1","N","N","N","0","","0","0","1","","0","N","","1","0","0","0","0","0","0","2","0","1","","03","","N","","","","","","","","","",""
"2020024347","","1","0","0","0","0","0","0","0","0","4","0","","67","3","2020","7","39.924042","-75.227707","","6","0","0","0","0","0","1","0","0","","0","0","0","","","0","","1","","39 55:26.552","7","0","75 13:39.745","9","0","0","0","67301","0","0","0","N","0","0","0","1","67301","0","","1.0","2135.0","1","N","N","N","0","","0","0","1","","0","N","","2","0","0","0","0","0","1","2","0","2","","","","N","","","","","","","","","",""
"2020018581","","1","0","0","0","0","0","0","0","0","1","0","","67","2","2020","3","40.065231","-74.987178","","6","0","0","0","0","0","0","0","0","","0","0","0","","","1","N","0","","40 03:54.830","","7","74 59:13.840","3","0","0","0","67301","0","0","0","N","0","0","0","4","67301","0","","1.0","","1","N","N","N","0","","1","0","0","","0","","","2","1","0","0","0","0","0","2","1","2","","04","","N","","","","","","","","","",""
"2020024958","","1","0","0","0","0","0","0","0","0","1","0","","67","3","2020","6","39.970026","-75.145051","","6","0","1","0","0","0","0","0","0","","0","0","0","","","5","Y","0","","39 58:12.095","","0","75 08:42.185","3","0","0","0","67301","0","0","0","N","0","0","0","6","67301","0","","1.0","","9","N","N","N","2","","5","0","0","","2","","","3","5","0","0","0","0","0","2","0","3","","","","N","","","","","","","","","",""
"2020023974","","1","0","0","0","0","0","0","0","0","4","0","","67","3","2020","5","39.899129","-75.17484","","6","0","0","0","0","0","0","0","0","","0","0","0","","","1","","2","","39 53:56.864","","6","75 10:29.424","4","0","0","0","67301","0","0","0","N","0","0","0","2","67301","1","","1.0","","1","N","N","N","0","","0","0","1","","2","","","2","1","0","0","0","0","0","2","0","2","","","","N","","","","","","","","","",""
"2020059444","","1","0","0","0","0","0","0","0","0","4","0","","67","7","2020","6","40.035916","-75.016913","","6","0","0","0","0","0","1","0","0","","0","0","0","","","0","N","0","","40 02:09.299","","0","75 01:00.886","0","0","0","0","67301","0","0","0","N","0","0","0","4","68K01","0","","3.0","","9","N","N","N","0","","0","0","0","","0","","","3","0","0","0","0","0","0","2","2","3","","","","N","","","","","","","","","",""
"2020065857","","1","0","0","0","0","0","0","0","0","8","0","","67","8","2020","3","39.964156","-75.245686","","6","0","0","0","0","0","1","0","0","","0","0","0","","","1","N","0","","39 57:50.960","","0","75 14:44.470","8","0","0","0","67301","1","0","0","N","1","0","0","2","67301","0","","1.0","","1","N","N","N","0","","0","0","0","","0","U","","2","1","1","0","0","1","0","2","0","1","","03","","N","","","","","","","","","",""
"2020035671","","2","0","0","0","0","0","0","0","0","1","0","","67","2","2020","4","39.979672","-75.106166","","6","0","0","0","0","0","0","2","0","","0","0","0","","","0","N","0","","39 58:46.819","1","0","75 06:22.196","0","0","0","0","67301","0","0","0","N","0","0","0","6","68K01","0","","1.0","1538.0","1","N","N","N","0","","0","0","2","","0","N","","6","0","0","0","0","0","0","2","2","6","","","","N","","","","","","","","","",""
"2020059361","","0","0","0","0","0","0","0","0","0","1","0","","67","7","2020","3","39.941611","-75.194349","","6","0","0","0","0","0","0","1","1","","0","0","0","","","1","N","0","","39 56:29.798","4","0","75 11:39.655","3","0","0","0","67301","0","0","0","N","0","0","0","3","68K01","0","","1.0","30.0","1","N","N","N","0","","1","0","1","","0","N","","3","1","0","0","0","0","0","2","2","3","","","","N","","","","","","","","","",""
"2020024893","","0","0","0","0","0","0","0","0","0","8","0","","67","3","2020","2","40.082944","-74.988478","","6","0","0","0","0","0","0","0","0","","0","0","0","","","1","","2","","40 04:58.598","","0","74 59:18.520","3","0","0","0","67301","1","0","0","N","1","0","0","2","67301","0","","1.0","","1","N","N","N","0","","1","0","0","","0","","","2","1","0","0","0","0","1","2","0","1","","03","","N","","","","","","","","","",""
"2020033978","","2","0","0","0","0","0","1","0","0","4","1","","67","3","2020","2","40.034815","-75.08713","","6","0","0","0","0","0","1","0","0","","0","0","0","","","1","","1","","40 02:05.335","","0","75 05:13.669","8","0","0","0","67301","0","0","0","N","0","0","0","4","67508","0","","1.0","","1","N","N","N","0","","0","0","0","","2","N","","3","1","0","0","0","1","1","2","0","3","","03","","N","","","","","","","","","",""
"2020060869","","0","0","0","0","0","0","0","0","0","2","0","","67","7","2020","6","40.10257","-75.02886","","6","0","0","0","0","0","1","0","0","","0","0","0","","","2","","1","","40 06:09.252","","0","75 01:43.896","3","0","0","0","67301","0","0","0","N","0","0","0","2","67301","0","","1.0","","9","N","N","N","1","","1","0","1","","2","","","2","2","0","0","0","1","0","2","0","2","","07","","N","","","","","","","","","",""
"2020049019","","1","0","0","0","0","0","1","0","0","1","1","","67","6","2020","3","39.991895","-75.13833","","6","0","0","0","0","0","1","1","0","","0","0","0","","","2","","1","","39 59:30.821","3","0","75 08:17.989","8","0","0","0","67301","0","0","0","N","0","0","0","3","67508","0","","1.0","30.0","1","N","N","N","1","","0","0","0","","2","N","","3","2","0","0","0","2","0","2","0","3","","","","N","","","","","","","","","",""
"2020020190","","1","0","0","0","0","0","0","0","0","4","0","","67","2","2020","6","39.969513","-75.225371","","6","0","0","0","0","0","0","0","0","","0","0","0","","","1","","1","","39 58:10.246","","0","75 13:31.336","3","0","0","0","67301","0","0","0","N","0","0","0","2","67301","0","","1.0","","1","N","N","N","0","","1","0","1","","2","","","2","1","0","0","0","0","0","2","0","2","","03","","N","","","","","","","","","",""
"2020019050","","1","0","0","0","0","0","0","0","0","1","0","","67","2","2020","4","40.054819","-75.010443","","6","0","0","0","0","0","0","1","0","","0","0","0","","","0","N","0","","40 03:17.349","4","0","75 00:37.595","0","0","0","0","67301","0","0","0","N","0","0","0","3","67301","0","","1.0","1720.0","1","N","N","N","1","","0","0","0","","0","N","","2","0","0","0","0","0","0","2","0","2","","","","N","","","","","","","","","",""
"2020019226","","1","0","0","0","0","0","0","0","0","4","0","","67","2","2020","3","39.965289","-75.201546","","6","0","0","0","0","0","1","0","0","","0","0","0","","","1","","1","","39 57:55.040","","0","75 12:05.565","8","0","0","0","67301","0","0","0","N","0","0","0","2","67301","0","","1.0","","1","N","N","N","0","","0","0","1","","3","","","2","1","0","0","0","1","0","2","0","2","","03","","N","","","","","","","","","",""
"2020023843","","2","0","0","0","0","0","0","0","0","4","0","","67","3","2020","4","40.027214","-75.114526","","6","0","0","0","0","0","0","0","0","","0","0","0","","","2","","1","","40 01:37.970","","0","75 06:52.293","3","0","0","0","67301","0","0","0","N","0","0","0","3","67301","0","","1.0","","1","N","N","N","0","","2","0","0","","0","","","2","2","0","0","0","0","0","2","0","2","","03","","N","","","","","","","","","",""
"2020024610","","2","0","0","0","0","0","0","0","0","5","0","","67","3","2020","1","40.070946","-75.071912","","6","0","0","0","0","0","0","0","0","","0","0","0","","","1","N","0","","40 04:15.407","3","0","75 04:18.883","3","0","0","0","67301","0","0","0","N","0","0","0","1","67301","0","","6.0","500.0","1","N","N","N","0","","1","0","0","","0","N","","2","1","0","0","0","0","0","2","0","2","","03","","N","","","","","","","","","",""
"2020023813","","1","0","0","0","0","0","0","0","0","4","0","","67","3","2020","5","39.989555","-75.168904","","6","0","0","0","0","0","0","1","0","","0","0","0","","","1","","1","","39 59:22.398","","0","75 10:08.055","4","0","0","0","67301","0","0","0","N","0","0","0","6","67301","1","","1.0","","1","N","N","N","0","","0","0","1","","2","","","2","1","0","0","0","0","0","2","0","2","","03","","N","","","","","","","","","",""
"2020059847","","1","0","0","0","0","0","0","0","0","5","0","","67","7","2020","3","39.991311","-75.086111","","6","0","0","0","0","0","0","0","0","","0","0","0","","","2","N","0","","39 59:28.718","1","0","75 05:10.000","4","0","0","0","67301","0","0","0","N","0","0","0","2","68K01","2","","1.0","30.0","1","N","N","N","0","","0","0","1","","0","N","","2","2","0","0","0","0","0","2","0","2","","","","N","","","","","","","","","",""
"2020033117","","3","0","0","0","0","0","0","0","0","4","0","","67","3","2020","2","39.916811","-75.160548","","6","0","0","0","0","1","0","0","0","","0","0","0","","","3","","1","","39 55:00.519","","0","75 09:37.972","3","0","0","0","67301","0","0","0","N","0","0","0","3","67301","0","","1.0","","1","N","N","N","0","","2","0","2","","3","","","5","3","2","0","0","1","0","2","0","5","","03","","N","","","","","","","","","",""
"2020059374","","0","0","0","0","0","0","0","0","0","4","0","","67","7","2020","4","40.038821","-75.008456","","6","0","0","0","0","0","0","1","0","","0","0","0","","","0","N","0","","40 02:19.757","","0","75 00:30.440","0","0","0","0","67301","0","0","0","N","0","0","0","3","68K01","0","","1.0","","9","N","N","N","2","","0","0","1","","0","","","3","0","0","0","0","0","0","2","0","3","","07","","N","","","","","","","","","",""
"2020063233","","0","0","0","0","0","0","0","0","0","7","1","","67","8","2020","3","39.960112","-75.179783","","6","0","0","0","0","0","0","0","0","","0","1","0","","","0","Y","0","","39 57:36.403","4","0","75 10:47.217","0","0","0","0","67301","0","0","0","N","0","0","0","1","68K01","0","","3.0","1027.0","9","N","N","N","0","","0","0","0","","0","N","","1","0","0","0","0","0","0","2","0","1","","","","N","","","","","","","","","",""
"2020017860","","0","0","0","0","0","0","0","0","0","7","0","","67","2","2020","1","40.016616","-75.14718","","6","0","0","0","0","0","0","0","0","","0","0","0","","","0","","1","","40 00:59.817","","0","75 08:49.848","0","0","0","0","67301","0","0","0","N","0","0","0","2","67301","0","","4.0","","1","N","N","N","0","","0","0","1","","2","","","1","0","1","0","0","0","0","2","0","1","","03","","N","","","","","","","","","",""
"2020024779","","0","0","0","0","0","0","0","0","0","4","0","","67","3","2020","1","39.933508","-75.240138","","6","0","0","0","0","0","1","0","0","","0","0","0","","","0","N","0","","39 56:00.630","","0","75 14:24.496","0","0","0","0","67301","0","0","0","N","0","0","0","2","67301","0","","1.0","","99","N","N","N","0","","0","0","1","","0","","","2","0","0","0","0","0","0","2","0","2","","","","N","","","","","","","","","",""
"2020018664","","0","0","0","0","0","0","0","0","0","8","0","","67","2","2020","3","39.945152","-75.142029","","6","0","0","0","0","0","0","0","0","","0","0","0","","","1","","1","","39 56:42.548","","0","75 08:31.305","8","0","0","0","67301","1","0","0","N","1","0","0","2","67301","0","","1.0","","1","N","N","N","0","","0","0","1","","2","","","2","1","0","0","0","1","0","2","0","1","","03","","N","","","","","","","","","",""
"2020022860","","1","0","0","0","0","0","0","0","0","4","0","","67","3","2020","2","40.0141","-75.078059","","6","0","0","0","0","0","1","0","0","","0","0","0","","","0","","1","","40 00:50.760","","0","75 04:41.012","9","0","0","0","67301","0","0","0","N","0","0","0","2","67301","0","","1.0","","1","N","N","N","0","","0","0","0","","3","","","2","0","0","0","0","0","1","2","1","2","","04","","N","","","","","","","","","",""
"2020018206","","1","0","0","0","0","0","0","0","0","4","0","","67","2","2020","1","40.01913","-75.117874","","6","0","0","0","0","0","0","0","0","","0","0","0","","","2","","2","","40 01:08.867","","0","75 07:04.346","4","0","0","0","67301","0","0","0","N","0","0","0","3","67301","2","","1.0","","1","N","N","N","0","","0","0","1","","2","","","2","2","0","0","0","0","0","2","0","2","","03","","N","","","","","","","","","",""
"2020058963","","1","0","0","0","0","0","0","0","0","1","0","","67","7","2020","6","39.958212","-75.165376","","6","0","0","0","0","0","1","0","0","","0","0","0","","","0","N","0","","39 57:29.562","4","0","75 09:55.352","0","0","0","0","67301","0","0","0","N","0","0","0","2","68K01","0","","1.0","1120.0","9","N","N","N","1","","0","0","0","","0","N","","2","0","0","0","0","0","0","2","0","2","","04","","N","","","","","","","","","",""
"2020020309","","1","0","0","0","0","0","0","0","0","4","0","","67","2","2020","2","40.034746","-75.130874","","6","0","0","0","0","0","0","0","0","","0","0","0","","","0","","1","","40 02:05.085","6","0","75 07:51.146","0","0","0","0","67301","0","0","0","N","0","0","0","3","67301","0","","1.0","635.0","1","N","N","N","0","","0","0","0","","2","Y","","2","0","1","0","0","0","0","2","1","2","","03","","N","","","","","","","","","",""
"2020024101","","3","0","0","0","0","0","0","0","0","4","0","","67","3","2020","6","39.950649","-75.247179","","6","0","0","0","0","1","0","0","0","","0","0","0","","","3","","1","","39 57:02.336","","0","75 14:49.844","3","0","0","0","67301","0","0","0","N","0","0","0","4","67301","0","","1.0","","9","N","N","N","1","","3","0","0","","3","","","4","3","0","0","0","0","0","2","0","4","","04","","N","","","","","","","","","",""
"2020028510","","1","0","0","0","0","0","0","0","0","7","0","","67","2","2020","3","40.035808","-75.017136","","6","0","0","0","0","0","0","0","0","","0","0","0","","","0","N","0","","40 02:08.910","","0","75 01:01.689","0","0","0","0","67301","0","0","0","N","0","0","0","1","68K01","0","","3.0","","1","N","N","N","0","","0","0","0","","0","","","1","0","0","0","0","0","0","2","0","1","","","","N","","","","","","","","","",""
"2020064042","","3","0","0","0","0","0","0","0","0","1","0","","67","8","2020","1","39.958896","-75.169959","","6","0","0","0","0","0","0","1","0","","0","0","0","","","1","N","0","","39 57:32.026","4","0","75 10:11.853","4","0","0","0","67301","0","0","0","N","0","0","0","4","68K01","1","","1.0","100.0","1","N","N","N","0","","0","0","0","","0","N","","3","1","0","0","0","0","0","2","0","3","","","","N","","","","","","","","","",""
"2020035357","","0","0","0","0","0","0","0","0","0","4","0","30","67","4","2020","3","40.010232","-75.098089","","6","0","0","0","0","0","0","0","0","","0","1","0","","","0","","1","","40 00:36.834","5","0","75 05:53.119","0","0","0","0","67301","0","0","0","N","0","0","0","3","67301","0","","1.0","1700.0","1","N","N","N","0","","0","0","1","","2","Y","","2","0","0","0","0","0","0","2","0","2","","03","N","Y","8","1","Y","N","Y","N","N","N","N","N"
"2020056216","","1","0","0","0","0","0","0","0","0","8","0","","67","7","2020","5","40.037772","-75.139514","","6","0","0","0","0","0","0","0","0","","0","0","0","","","1","N","0","","40 02:15.980","","0","75 08:22.250","8","0","0","0","67301","1","0","0","N","1","0","0","2","67301","0","","1.0","","1","N","N","N","0","","0","0","0","","2","","","2","1","0","0","0","1","0","2","0","1","","03","","N","","","","","","","","","",""
"2020032525","","1","0","0","0","0","0","0","0","0","5","1","","67","4","2020","2","39.979031","-75.118585","","6","0","0","0","0","0","0","0","0","","0","1","0","","","0","N","0","","39 58:44.512","","0","75 07:06.907","0","0","0","0","67301","0","0","0","N","0","0","0","2","67301","0","","1.0","","9","N","N","N","0","","0","0","0","","2","","","2","0","0","0","0","0","0","2","0","2","","08","","N","","","","","","","","","",""
"2020028374","","0","0","0","0","0","0","0","0","0","1","1","","67","3","2020","5","40.061611","-75.051861","","6","0","0","0","0","0","0","0","0","","0","1","0","","","2","N","0","","40 03:41.798","2","0","75 03:06.698","8","0","0","0","67301","0","0","0","N","0","0","0","2","67301","0","","1.0","1334.0","1","N","N","N","0","","0","0","1","","0","N","","2","2","0","0","0","2","0","2","0","2","","04","","N","","","","","","","","","",""
"2020034243","","1","0","0","0","0","0","0","0","0","7","0","45","67","3","2020","3","39.977896","-75.111794","","6","0","0","0","0","0","0","0","0","","0","0","0","","","0","N","0","","39 58:40.426","","0","75 06:42.459","0","0","0","0","67301","0","0","0","N","0","0","0","1","68K01","0","","4.0","","1","N","N","N","0","","0","0","0","","0","","","1","0","0","0","0","0","0","2","0","1","","","N","Y","4","1","","","N","","","","Y","N"
"2020063744","","0","0","0","0","0","0","0","0","0","8","0","","67","8","2020","7","39.967494","-75.229083","","6","0","0","0","0","0","0","0","0","","0","0","0","","","1","N","0","","39 58:02.980","","0","75 13:44.700","4","0","0","0","67301","1","0","0","N","1","0","0","1","67301","1","","1.0","","1","N","N","N","0","","0","0","0","","0","","","2","1","0","0","0","0","0","2","0","1","","03","","N","","","","","","","","","",""
"2020024781","","2","0","0","0","0","0","0","0","0","5","0","","67","3","2020","2","39.974317","-75.202071","","6","0","0","0","0","0","0","0","0","","0","0","0","","","0","N","0","","39 58:27.541","","0","75 12:07.455","0","0","0","0","67301","0","0","0","N","0","0","0","1","67301","0","","6.0","","1","N","N","N","0","","0","0","1","","0","","","3","0","0","0","0","0","0","2","0","3","","","","N","","","","","","","","","",""
"2020023311","","2","0","0","0","0","0","0","0","0","6","0","","67","2","2020","6","39.948733","-75.178831","","6","0","0","0","0","0","1","0","0","","0","0","0","","","1","N","0","","39 56:55.440","","0","75 10:43.790","3","0","0","0","67301","0","0","0","N","0","0","0","1","67301","0","","6.0","","1","N","N","N","0","","1","0","0","","0","","","2","1","0","0","0","0","0","2","0","2","","03","","N","","","","","","","","","",""
"2020060028","","1","0","0","0","0","0","1","0","0","4","1","","67","7","2020","1","40.051546","-75.1501","","6","0","0","0","0","0","0","0","0","","0","0","0","","","3","N","1","","40 03:05.564","","0","75 09:00.360","4","0","0","0","67301","0","0","0","N","0","0","0","4","67508","3","","1.0","","1","N","N","Y","0","","0","0","0","","2","N","","2","3","0","0","0","0","1","2","0","2","","03","","N","","","","","","","","","",""