"CRN","ARRIVAL_TM","AUTOMOBILE_COUNT","BELTED_DEATH_COUNT","BELTED_SUSP_SERIOUS_INJ_COUNT","BICYCLE_COUNT","BICYCLE_DEATH_COUNT","BICYCLE_SUSP_SERIOUS_INJ_COUNT","BUS_COUNT","CHLDPAS_DEATH_COUNT","CHLDPAS_SUSP_SERIOUS_INJ_COUNT","COLLISION_TYPE","COMM_VEH_COUNT","CONS_ZONE_SPD_LIM","COUNTY","CRASH_MONTH","CRASH_YEAR","DAY_OF_WEEK","DEC_LATITUDE","DEC_LONGITUDE","DISPATCH_TM","DISTRICT","DRIVER_COUNT_16YR","DRIVER_COUNT_17YR","DRIVER_COUNT_18YR","DRIVER_COUNT_19YR","DRIVER_COUNT_20YR","DRIVER_COUNT_50_64YR","DRIVER_COUNT_65_74YR","DRIVER_COUNT_75PLUS","EST_HRS_CLOSED","FATAL_COUNT","HEAVY_TRUCK_COUNT","HORSE_BUGGY_COUNT","HOUR_OF_DAY","ILLUMINATION","INJURY_COUNT","INTERSECTION_RELATED","INTERSECT_TYPE","LANE_CLOSED","LATITUDE","LN_CLOSE_DIR","LOCATION_TYPE","LONGITUDE","MAX_SEVERITY_LEVEL","MCYCLE_DEATH_COUNT","MCYCLE_SUSP_SERIOUS_INJ_COUNT","MOTORCYCLE_COUNT","MUNICIPALITY","NONMOTR_COUNT","NONMOTR_DEATH_COUNT","NONMOTR_SUSP_SERIOUS_INJ_COUNT","NTFY_HIWY_MAINT","PED_COUNT","PED_DEATH_COUNT","PED_SUSP_SERIOUS_INJ_COUNT","PERSON_COUNT","POLICE_AGCY","POSSIBLE_INJ_COUNT","RDWY_SURF_TYPE_CD","RELATION_TO_ROAD","ROADWAY_CLEARED","ROAD_CONDITION","SCH_BUS_IND","SCH_ZONE_IND","SECONDARY_CRASH","SMALL_TRUCK_COUNT","SPEC_JURIS_CD","SUSP_MINOR_INJ_COUNT","SUSP_SERIOUS_INJ_COUNT","SUV_COUNT","TCD_FUNC_CD","TCD_TYPE","TFC_DETOUR_IND","TIME_OF_DAY","TOTAL_UNITS","TOT_INJ_COUNT","UNBELTED_OCC_COUNT","UNB_DEATH_COUNT","UNB_SUSP_SERIOUS_INJ_COUNT","UNK_INJ_DEG_COUNT","UNK_INJ_PER_COUNT","URBAN_RURAL","VAN_COUNT","VEHICLE_COUNT","WEATHER1","WEATHER2","WORKERS_PRES","WORK_ZONE_IND","WORK_ZONE_LOC","WORK_ZONE_TYPE","WZ_CLOSE_DETOUR","WZ_FLAGGER","WZ_LAW_OFFCR_IND","WZ_LN_CLOSURE","WZ_MOVING","WZ_OTHER","WZ_SHLDER_MDN","WZ_WORKERS_INJ_KILLED"
"2020022299","","1","0","0","0","0","0","0","0","0","4","0","","67","3","2020","1","39.995034","-75.227631","","6","0","0","0","0","0","1","0","0","","0","0","0","","","0","","1","","39 59:42.122","","0","75 13:39.471","0","0","0","0","67301","0","0","0","N","0","0","0","2","67301","0","","1.0","","1","N","N","N","0","","0","0","0","","3","","","2","0","0","0","0","0","0","2","1","2","","03","","N","","","","","","","","","",""
"2020031448","","1","0","0","0","0","0","0","0","0","4","1","","67","4","2020","1","39.987686","-75.142515","","6","0","0","0","0","0","0","0","0","","0","1","0","","","0","","1","","39 59:15.669","","0","75 08:33.053","0","0","0","0","67301","0","0","0","N","0","0","0","2","67301","0","","1.0","","1","N","N","N","0","","0","0","0","","3","","","3","0","0","0","0","0","0","2","0","3","","03","","N","","","","","","","","","",""
"2020023890","","1","0","0","0","0","0","0","0","0","0","0","","67","3","2020","6","39.91925","-75.189639","","6","0","0","0","0","0","0","0","0","","0","0","0","","","0","N","0","","39 55:09.300","4","3","75 11:22.700","0","0","0","0","67301","0","0","0","N","0","0","0","1","67501","0","","2.0","748.0","1","N","N","N","0","","0","0","0","","0","N","","1","0","0","0","0","0","0","2","0","1","","","","N","","","","","","","","","",""
"2020023669","","0","0","0","0","0","0","0","0","0","7","0","","67","3","2020","3","39.9067","-75.183391","","6","0","0","0","0","0","0","0","0","","0","0","0","","","2","","2","","39 54:24.119","","0","75 11:00.207","8","0","0","0","67301","0","0","0","N","0","0","0","2","67301","0","","2.0","","9","N","N","N","0","","0","0","0","","2","","","1","2","0","0","0","2","0","2","1","1","","","","N","","","","","","","","","",""
"2020019878","","2","0","0","0","0","0","0","0","0","6","0","","67","2","2020","7","40.013023","-75.169131","","6","0","0","0","0","0","0","0","0","","0","0","0","","","5","N","0","","40 00:46.882","7","0","75 10:08.871","2","0","0","0","67301","0","0","0","N","0","0","0","5","67301","0","","1.0","650.0","1","N","N","N","0","","0","2","0","","0","Y","","2","5","0","0","0","3","0","2","0","2","","03","","N","","","","","","","","","",""
"2020058980","","1","0","0","0","0","0","0","0","0","7","0","","67","7","2020","6","39.983583","-75.097801","","6","0","0","0","0","0","0","0","0","","0","0","0","","","2","N","0","","39 59:00.898","","0","75 05:52.084","8","0","0","0","67301","0","0","0","N","0","0","0","2","68K01","0","","4.0","","9","N","N","N","0","","0","0","0","","0","","","1","2","0","0","0","2","0","2","0","1","","03","","N","","","","","","","","","",""
"2020024675","","2","0","0","0","0","0","0","0","0","4","0","","67","3","2020","7","40.006878","-75.108316","","6","0","0","0","0","0","1","0","1","","0","0","0","","","0","","1","","40 00:24.761","","0","75 06:29.939","0","0","0","0","67301","0","0","0","N","0","0","0","2","67301","0","","1.0","","1","N","N","N","0","","0","0","0","","0","","","3","0","0","0","0","0","0","2","1","3","","03","","N","","","","","","","","","",""
"2020024191","","1","0","0","0","0","0","0","0","0","6","0","","67","3","2020","3","40.0367","-75.158147","","6","0","0","0","0","0","0","0","0","","0","0","0","","","2","N","0","","40 02:12.120","","0","75 09:29.330","3","0","0","0","67301","0","0","0","N","0","0","0","2","67301","0","","1.0","","9","N","N","N","0","","2","0","1","","0","","","2","2","0","0","0","0","0","2","0","2","","07","","N","","","","","","","","","",""
"2020019599","","1","0","0","0","0","0","0","0","0","5","0","","67","2","2020","1","40.056485","-75.046402","","6","0","0","0","0","0","0","0","0","","0","0","0","","","0","","1","","40 03:23.345","1","0","75 02:47.046","0","0","0","0","67301","0","0","0","N","0","0","0","2","67301","0","","1.0","45.0","1","N","N","N","0","","0","0","1","","2","N","","2","0","2","0","0","0","0","2","0","2","","","","N","","","","","","","","","",""
"2020025367","","1","0","0","0","0","0","0","0","0","5","0","","67","3","2020","1","40.040378","-75.234642","","6","0","0","0","0","0","0","0","0","","0","0","0","","","1","N","0","","40 02:25.360","","0","75 14:04.710","4","0","0","0","67301","0","0","0","N","0","0","0","1","67301","1","","6.0","","1","N","N","N","1","","0","0","0","","0","","","2","1","0","0","0","0","0","2","0","2","","03","","N","","","","","","","","","",""
"2020026176","","1","0","0","0","0","0","0","0","0","4","0","","67","3","2020","7","39.916139","-75.225806","","6","0","0","0","1","0","0","0","0","","0","0","0","","","2","","2","","39 54:58.100","","0","75 13:32.900","3","0","0","0","67301","0","0","0","N","0","0","0","3","67301","0","","1.0","","1","N","N","N","0","","2","0","1","","4","","","2","2","0","0","0","0","0","2","0","2","","03","","N","","","","","","","","","",""
"2020026262","","0","0","0","0","0","0","0","0","0","2","0","","67","3","2020","1","40.010225","-75.166047","","6","0","0","0","0","0","1","0","0","","0","0","0","","","1","N","0","","40 00:36.809","","0","75 09:57.770","3","0","0","0","67301","0","0","0","N","0","0","0","2","67301","0","","1.0","","1","N","N","N","0","","1","0","1","","0","","","2","1","0","0","0","0","0","2","1","2","","","","N","","","","","","","","","",""
"2020022863","","2","0","0","0","0","0","0","0","0","1","0","","67","2","2020","1","40.014143","-75.103481","","6","0","0","0","1","0","0","0","0","","0","0","0","","","0","","1","","40 00:50.914","","0","75 06:12.531","0","0","0","0","67301","0","0","0","N","0","0","0","3","67301","0","","1.0","","1","N","N","N","0","","0","0","1","","2","","","3","0","0","0","0","0","0","2","0","3","","03","","N","","","","","","","","","",""
"2020066453","","0","0","0","0","0","0","0","0","0","5","1","","67","8","2020","2","40.088936","-74.969569","","6","0","0","0","0","0","0","0","0","","0","1","0","","","1","N","0","","40 05:20.169","3","7","74 58:10.448","2","0","1","1","67301","0","0","0","N","0","0","0","3","67301","0","","1.0","1449.0","1","N","N","N","0","","0","1","0","","2","N","","2","1","0","0","0","0","0","2","0","2","","03","","N","","","","","","","","","",""
"2020058610","","2","0","0","0","0","0","0","0","0","1","1","","67","7","2020","2","39.897689","-75.211681","","6","0","0","0","0","0","0","0","0","","0","1","0","","","0","N","0","","39 53:51.679","","3","75 12:42.051","0","0","0","0","67301","0","0","0","N","0","0","0","3","67301","0","","1.0","","1","N","N","N","0","","0","0","0","","0","","","3","0","0","0","0","0","0","2","0","3","","","","N","","","","","","","","","",""
"2020023792","","1","0","0","0","0","0","0","0","0","6","0","","67","3","2020","5","39.960665","-75.187209","","6","0","0","0","0","0","0","1","0","","0","0","0","","","1","N","0","","39 57:38.395","1","0","75 11:13.954","8","0","0","0","67301","0","0","0","N","0","0","0","3","67507","0","","6.0","2100.0","1","N","N","Y","0","","0","0","1","","8","Y","","3","1","0","0","0","1","0","2","1","3","","03","","N","","","","","","","","","",""
"2020058701","","1","0","0","0","0","0","0","0","0","0","0","","67","7","2020","6","40.061502","-75.168873","","6","0","0","0","0","0","0","0","0","","0","0","0","","","0","N","0","","40 03:41.408","","0","75 10:07.942","9","0","0","0","67301","0","0","0","N","0","0","0","1","67301","0","","1.0","","9","N","N","N","0","","0","0","0","","0","","","1","0","0","0","0","0","1","2","0","1","","","","N","","","","","","","","","",""
"2020020072","","1","0","0","0","0","0","0","0","0","8","0","","67","2","2020","4","39.960957","-75.141364","","6","0","0","0","0","0","0","0","0","","0","0","0","","","1","","1","","39 57:39.445","","0","75 08:28.910","4","0","0","0","67301","1","0","0","N","1","0","0","2","67301","1","","1.0","","1","N","N","N","0","","0","0","0","","2","","","2","1","0","0","0","0","0","2","0","1","","03","","N","","","","","","","","","",""
"2020025451","","2","0","0","0","0","0","0","0","0","4","0","","67","3","2020","5","39.962851","-75.222263","","6","0","0","0","0","0","0","1","0","","0","0","0","","","1","","1","","39 57:46.263","2","0","75 13:20.146","8","0","0","0","67301","0","0","0","N","0","0","0","2","67301","0","","1.0","1005.0","1","N","N","N","0","","0","0","0","","3","Y","","2","1","0","0","0","1","1","2","0","2","","03","","N","","","","","","","","","",""
"2020027394","","0","0","0","0","0","0","0","0","0","4","0","","67","3","2020","7","39.988303","-75.253969","","6","0","1","0","0","0","0","0","0","","0","0","0","","","0","","1","","39 59:17.890","","0","75 15:14.288","9","0","0","0","67301","0","0","0","N","0","0","0","3","67301","0","","1.0","","1","N","N","N","0","","0","0","1","","2","","","2","0","1","0","0","0","1","2","1","2","","","","N","","","","","","","","","",""
"2020024669","","1","0","0","0","0","0","0","0","0","1","0","","67","3","2020","1","39.989819","-75.250844","","6","0","0","0","0","0","0","0","0","","0","0","0","","","0","","2","","39 59:23.348","1","0","75 15:03.040","9","0","0","0","67301","0","0","0","N","0","0","0","2","67301","0","","1.0","640.0","1","N","N","N","0","","0","0","1","","2","N","","2","0","1","0","0","0","1","2","0","2","","","","N","","","","","","","","","",""
"2020023673","","3","0","0","0","0","0","0","0","0","5","0","","67","3","2020","4","39.925474","-75.244542","","6","0","0","0","0","0","0","0","0","","0","0","0","","","0","N","0","","39 55:31.705","2","0","75 14:40.351","0","0","0","0","67301","0","0","0","N","0","0","0","1","67301","0","","6.0","30.0","1","N","N","N","0","","0","0","1","","0","N","","4","0","0","0","0","0","0","2","0","4","","03","","N","","","","","","","","","",""
"2020024959","","0","0","0","0","0","0","0","0","0","5","1","","67","3","2020","2","40.051192","-75.127258","","6","0","0","0","0","0","0","0","0","","0","1","0","","","0","N","0","","40 03:04.290","","0","75 07:38.130","0","0","0","0","67301","0","0","0","N","0","0","0","2","67301","0","","1.0","","1","N","N","N","0","","0","0","1","","0","","","2","0","0","0","0","0","0","2","0","2","","","","N","","","","","","","","","",""
"2020066771","","0","0","0","0","0","0","0","0","0","1","1","","67","8","2020","6","40.031072","-75.035876","","6","0","0","0","0","0","1","0","0","","0","1","0","","","0","N","0","","40 01:51.858","6","0","75 02:09.152","0","0","0","0","67301","0","0","0","N","0","0","0","2","67301","0","","1.0","1455.0","1","N","N","N","0","","0","0","1","","0","N","","2","0","0","0","0","0","0","2","0","2","","04","","N","","","","","","","","","",""
"2020019019","","1","0","0","0","0","0","0","0","0","1","0","","67","2","2020","3","39.897373","-75.212617","","6","0","0","0","0","0","1","0","0","","0","0","0","","","0","N","0","","39 53:50.541","4","3","75 12:45.420","0","0","0","0","67301","0","0","0","N","0","0","0","2","67301","0","","1.0","100.0","1","N","N","N","0","","0","0","1","","0","N","","2","0","0","0","0","0","0","2","0","2","","03","","N","","","","","","","","","",""
"2020023209","","0","0","0","0","0","0","0","0","0","1","0","","67","3","2020","2","40.030192","-75.093719","","6","0","0","0","0","0","1","0","0","","0","0","0","","","0","N","0","","40 01:48.690","","0","75 05:37.390","0","0","0","0","67301","0","0","0","N","0","0","0","3","67301","0","","1.0","","1","N","N","N","0","","0","0","2","","2","","","3","0","0","0","0","0","0","2","1","3","","03","","N","","","","","","","","","",""
"2020063862","","1","0","0","0","0","0","0","0","0","7","0","","67","8","2020","1","40.016741","-75.083858","","6","0","0","0","0","0","1","0","0","","0","0","0","","","1","","3","","40 01:00.267","","0","75 05:01.888","4","0","0","0","67301","0","0","0","N","0","0","0","1","67301","1","","2.0","","1","N","N","N","0","","0","0","0","","2","","","1","1","0","0","0","0","0","2","0","1","","","","N","","","","","","","","","",""
"2020063661","","3","0","0","0","0","0","0","0","0","5","0","","67","8","2020","1","39.907508","-75.183225","","6","0","0","0","0","0","0","0","0","","0","0","0","","","0","N","0","","39 54:27.030","","0","75 10:59.610","0","0","0","0","67301","0","0","0","N","0","0","0","1","67301","0","","6.0","","1","N","N","N","0","","0","0","0","","0","","","3","0","0","0","0","0","0","2","0","3","","","","N","","","","","","","","","",""
"2020067400","","1","0","0","0","0","0","0","0","0","4","0","","67","8","2020","5","40.034491","-75.08222","","6","0","0","0","0","0","0","0","0","","1","0","0","","","0","N","1","","40 02:04.167","7","0","75 04:55.991","1","1","0","1","67301","0","0","0","N","0","0","0","4","67301","0","2","1.0","200.0","1","N","N","N","0","0","0","0","0","","2","N","","2","0","0","0","0","0","0","2","0","2","","03","","N","","","","","","","","","",""
"2020064425","","1","0","0","0","0","0","0","0","0","7","0","","67","7","2020","6","39.877769","-75.251568","","6","0","0","0","0","1","0","0","0","","0","0","0","","","0","N","0","","39 52:39.970","1","0","75 15:05.645","0","0","0","0","67301","0","0","0","N","0","0","0","1","68K02","0","","2.0","1615.0","8","N","N","N","0","","0","0","0","","0","N","","1","0","0","0","0","0","0","2","0","1","","","","N","","","","","","","","","",""
"2020034241","","1","0","0","0","0","0","0","0","0","7","0","","67","3","2020","7","39.959733","-75.177677","","6","0","0","0","0","0","0","0","0","","0","0","0","","","0","N","0","","39 57:35.039","","0","75 10:39.637","0","0","0","0","67301","0","0","0","N","0","0","0","1","68K01","0","","4.0","","9","N","N","N","0","","0","0","0","","0","","","1","0","0","0","0","0","0","2","0","1","","","","N","","","","","","","","","",""
"2020032682","","0","0","0","0","0","0","1","0","0","4","1","","67","3","2020","7","40.027881","-75.060153","","6","0","0","0","0","0","0","0","0","","0","0","0","","","1","","1","","40 01:40.371","","99","75 03:36.552","4","0","0","0","67301","0","0","0","N","0","0","0","3","67508","1","","1.0","","1","N","N","N","0","","0","0","0","","2","N","","2","1","0","0","0","0","0","2","1","2","","03","","N","","","","","","","","","",""
"2020024609","","1","0","0","0","0","0","0","0","0","1","0","","67","3","2020","2","40.040499","-75.058879","","6","0","0","0","0","0","1","0","0","","0","0","0","","","2","","1","","40 02:25.798","2","0","75 03:31.964","4","0","0","0","67301","0","0","0","N","0","0","0","3","67301","1","","1.0","315.0","1","N","N","N","0","","0","0","1","","2","N","","2","2","1","0","0","1","1","2","0","2","","03","","N","","","","","","","","","",""
"2020019831","","1","0","0","0","0","0","0","0","0","7","0","","67","2","2020","7","40.006963","-75.146246","","6","0","0","0","0","0","0","0","0","","0","0","0","","","0","","1","","40 00:25.066","","0","75 08:46.485","9","0","0","0","67301","0","0","0","N","0","0","0","1","67301","0","","5.0","","1","N","N","N","0","","0","0","0","","0","","","1","0","0","0","0","0","1","2","0","1","","03","","N","","","","","","","","","",""
"2020051907","","1","0","0","0","0","0","1","0","0","4","1","","67","6","2020","4","39.966051","-75.205556","","6","0","0","0","0","0","0","0","0","","0","0","0","","","1","","1","","39 57:57.785","","0","75 12:20.003","4","0","0","0","67301","0","0","0","N","0","0","0","2","67508","1","","1.0","","1","N","N","N","0","","0","0","0","","3","N","","2","1","1","0","0","0","0","2","0","2","","","","N","","","","","","","","","",""
"2020051920","","1","0","0","0","0","0","1","0","0","4","1","","67","6","2020","4","39.956589","-75.152428","","6","0","0","0","0","0","1","0","0","","0","0","0","","","2","","1","","39 57:23.720","2","0","75 09:08.740","4","0","0","0","67301","0","0","0","N","0","0","0","4","67508","1","","1.0","30.0","1","N","N","N","0","","0","0","0","","2","N","","2","2","0","0","0","1","0","2","0","2","","","","N","","","","","","","","","",""
"2020024871","","1","0","0","0","0","0","0","0","0","4","0","","67","3","2020","2","40.063063","-75.086585","","6","0","0","0","0","0","1","0","1","","0","0","0","","","0","","1","","40 03:47.028","","0","75 05:11.707","0","0","0","0","67301","0","0","0","N","0","0","0","2","67301","0","","1.0","","1","N","N","N","0","","0","0","1","","2","","","2","0","0","0","0","0","0","2","0","2","","03","","N","","","","","","","","","",""
"2020028444","","1","0","0","0","0","0","0","0","0","7","0","","67","3","2020","7","39.977068","-75.198566","","6","0","0","0","0","0","0","0","0","","0","0","0","","","1","N","0","","39 58:37.445","","0","75 11:54.837","3","0","0","0","67301","0","0","0","N","0","0","0","1","68K01","0","","3.0","","1","N","N","N","0","","1","0","0","","0","","","1","1","1","0","0","0","0","2","0","1","","03","","N","","","","","","","","","",""
"2020060228","","2","0","0","0","0","0","0","0","0","1","0","","67","7","2020","2","39.958535","-75.167073","","6","0","0","0","0","0","0","0","0","","0","0","0","","","1","N","0","","39 57:30.727","4","0","75 10:01.463","3","0","0","0","67301","0","0","0","N","0","0","0","3","68K01","0","","1.0","1145.0","1","N","N","N","0","","1","0","1","","0","N","","3","1","0","0","0","0","1","2","0","3","","","","N","","","","","","","","","",""
"2020054125","","0","0","0","0","0","0","0","0","0","1","1","","67","7","2020","5","39.926628","-75.220419","","6","0","0","0","0","1","0","0","0","","0","1","0","","","1","N","0","","39 55:35.860","","0","75 13:13.508","3","0","0","0","67301","0","0","0","N","0","0","0","1","67301","0","","6.0","","1","N","N","N","0","","1","0","1","","0","","","2","1","0","0","0","0","0","2","0","2","","03","","N","","","","","","","","","",""
"2020020308","","2","0","0","0","0","0","0","0","0","4","0","","67","2","2020","6","40.063013","-75.055012","","6","0","0","0","0","0","0","0","1","","0","0","0","","","2","","1","","40 03:46.848","","0","75 03:18.044","3","0","0","0","67301","0","0","0","N","0","0","0","4","67301","1","","1.0","","1","N","N","N","0","","1","0","0","","3","","","2","2","0","0","0","0","0","2","0","2","","03","","N","","","","","","","","","",""
"2020023500","","1","0","0","0","0","0","0","0","0","4","0","","67","3","2020","5","40.050494","-75.155453","","6","0","0","0","0","0","0","0","0","","0","0","0","","","1","","1","","40 03:01.778","7","0","75 09:19.630","3","0","0","0","67301","0","0","0","N","0","0","0","4","67301","0","","1.0","145.0","1","N","N","N","0","","1","0","1","","3","Y","","3","1","0","0","0","0","1","2","1","3","","03","","N","","","","","","","","","",""
"2020024891","","1","0","0","0","0","0","0","0","0","5","0","","67","3","2020","1","40.045865","-75.060478","","6","0","0","0","0","0","0","0","0","","0","0","0","","","0","N","0","","40 02:45.113","1","0","75 03:37.722","9","0","0","0","67301","0","0","0","N","0","0","0","1","67301","0","","6.0","745.0","1","N","N","N","0","","0","0","1","","0","N","","3","0","0","0","0","0","1","2","1","3","","","","N","","","","","","","","","",""
"2020019052","","2","0","0","0","0","0","0","0","0","1","0","","67","2","2020","4","40.059926","-75.018391","","6","0","0","0","0","0","1","0","0","","0","0","0","","","0","","1","","40 03:35.733","6","0","75 01:06.209","0","0","0","0","67301","0","0","0","N","0","0","0","2","67301","0","","1.0","43.0","1","N","N","N","0","","0","0","2","","2","Y","","4","0","0","0","0","0","0","2","0","4","","03","","N","","","","","","","","","",""
"2020059225","","3","0","0","0","0","0","0","0","0","5","0","","67","7","2020","1","39.981158","-75.103167","","6","0","0","0","0","0","0","0","0","","0","0","0","","","1","N","0","","39 58:52.168","2","0","75 06:11.400","3","0","0","1","67301","0","0","0","N","0","0","0","3","68K01","0","","1.0","1405.0","1","N","N","N","0","","1","0","0","","0","N","","4","1","0","0","0","0","0","2","0","4","","","","N","","","","","","","","","",""
"2020033116","","1","0","0","0","0","0","0","0","0","4","0","","67","3","2020","2","39.915514","-75.160788","","6","0","0","0","0","0","1","0","0","","0","0","0","","","0","","2","","39 54:55.852","","0","75 09:38.835","0","0","0","0","67301","0","0","0","N","0","0","0","2","67301","0","","1.0","","1","N","N","N","0","","0","0","1","","0","","","2","0","0","0","0","0","0","2","0","2","","","","N","","","","","","","","","",""
"2020020403","","1","0","0","0","0","0","0","0","0","7","0","","67","2","2020","6","39.983916","-75.208155","","6","0","0","0","0","0","0","0","0","","0","0","0","","","1","N","0","","39 59:02.097","4","0","75 12:29.358","8","0","0","0","67301","0","0","0","N","0","0","0","1","68K01","0","","4.0","300.0","1","N","N","N","0","","0","0","0","","0","N","","1","1","0","0","0","1","0","2","0","1","","03","","N","","","","","","","","","",""
"2020019527","","1","0","0","0","0","0","0","0","0","4","0","","67","2","2020","6","40.00468","-75.152126","","6","0","0","0","0","0","0","0","0","","0","0","0","","","0","N","1","","40 00:16.847","","0","75 09:07.652","0","0","0","0","67301","0","0","0","N","0","0","0","4","67505","0","","1.0","","1","N","N","N","0","","0","0","1","","2","","","2","0","0","0","0","0","0","2","0","2","","03","","N","","","","","","","","","",""
"2020058955","","0","0","0","0","0","0","0","0","0","1","2","","67","7","2020","3","39.95679","-75.154064","","6","0","0","0","0","0","1","0","0","","0","2","0","","","0","N","0","","39 57:24.444","3","0","75 09:14.631","0","0","0","0","67301","0","0","0","N","0","0","0","2","68K01","0","","1.0","100.0","1","N","N","N","0","","0","0","0","","0","Y","","2","0","0","0","0","0","0","2","0","2","","03","","N","","","","","","","","","",""
"2020022504","","1","0","0","0","0","0","0","0","0","4","0","","67","3","2020","2","39.990968","-75.131924","","6","0","0","0","0","0","0","0","0","","0","0","0","","","0","","1","","39 59:27.484","","0","75 07:54.928","0","0","0","0","67301","0","0","0","N","0","0","0","2","67301","0","","1.0","","1","N","N","N","0","","0","0","1","","0","","","2","0","0","0","0","0","0","2","0","2","","03","","N","","","","","","","","","",""
"2020017815","","0","0","0","0","0","0","0","0","0","7","0","","67","2","2020","1","40.071277","-75.049258","","6","0","0","0","0","0","0","0","0","","0","0","0","","","0","N","0","","40 04:16.596","","0","75 02:57.328","0","0","0","0","67301","0","0","0","N","0","0","0","1","67301","0","","3.0","","1","N","N","N","1","","0","0","0","","0","","","1","0","0","0","0","0","0","2","0","1","","03","","N","","","","","","","","","",""
"2020023140","","1","0","0","0","0","0","0","0","0","7","0","","67","2","2020","1","39.913083","-75.243294","","6","0","0","0","0","0","0","0","0","","0","0","0","","","1","","1","","39 54:47.100","","0","75 14:35.859","4","0","0","0","67301","0","0","0","N","0","0","0","1","67301","1","","3.0","","1","N","N","N","0","","0","0","0","","2","","","1","1","0","0","0","0","0","2","0","1","","03","","N","","","","","","","","","",""
"2020024780","","2","0","0","0","0","0","0","0","0","1","0","","67","3","2020","1","39.903781","-75.240032","","6","0","0","0","0","0","1","0","0","","0","0","0","","","2","N","0","","39 54:13.611","1","0","75 14:24.116","4","0","0","0","67301","0","0","0","N","0","0","0","5","67301","2","","1.0","30.0","1","N","N","N","1","","0","0","1","","2","N","","4","2","0","0","0","0","0","2","0","4","","","","N","","","","","","","","","",""
"2020017914","","2","0","0","0","0","0","0","0","0","6","0","","67","2","2020","1","39.987226","-75.248926","","6","0","0","0","0","0","0","0","0","","0","0","0","","","0","N","0","","39 59:14.013","","0","75 14:56.133","0","0","0","0","67301","0","0","0","N","0","0","0","1","67301","0","","6.0","","1","N","N","N","0","","0","0","2","","0","","","4","0","1","0","0","0","0","2","0","4","","","","N","","","","","","","","","",""
"2020018671","","1","0","0","1","0","0","0","0","0","8","0","","67","2","2020","1","39.943837","-75.237835","","6","0","0","0","0","0","0","0","0","","0","0","0","","","1","","1","","39 56:37.812","","0","75 14:16.207","8","0","0","0","67301","1","0","0","N","0","0","0","2","67301","0","","1.0","","1","N","N","N","0","","0","0","0","","0","","","2","1","1","0","0","1","0","2","0","1","","03","","N","","","","","","","","","",""
"2020024667","","2","0","0","0","0","0","0","0","0","2","0","","67","2","2020","7","39.964252","-75.18994","","6","0","0","0","0","0","0","0","0","","0","0","0","","","1","N","0","","39 57:51.306","","0","75 11:23.784","3","0","0","0","67301","0","0","0","N","0","0","0","3","67301","0","","1.0","","1","N","N","N","0","","1","0","0","","2","","","2","1","0","0","0","0","0","2","0","2","","03","","N","","","","","","","","","",""
"2020027605","","1","0","0","0","0","0","0","0","0","1","0","","67","2","2020","6","39.98528","-75.208184","","6","0","0","0","0","0","1","0","0","","0","0","0","","","0","N","0","","39 59:07.008","4","0","75 12:29.462","0","0","0","0","67301","0","0","0","N","0","0","0","2","68K01","0","","1.0","1850.0","1","N","N","N","0","","0","0","1","","0","N","","2","0","0","0","0","0","0","2","0","2","","","","N","","","","","","","","","",""
"2020058808","","1","0","0","0","0","0","0","0","0","1","0","","67","7","2020","5","39.973427","-75.193991","","6","0","0","0","0","0","0","0","0","","0","0","0","","","1","N","0","","39 58:24.337","3","0","75 11:38.366","3","0","0","0","67301","0","0","0","N","0","0","0","4","68K01","0","","1.0","1030.0","1","N","N","N","0","","1","0","2","","0","N","","4","1","0","0","0","0","0","2","1","4","","03","","N","","","","","","","","","",""
"2020065126","","1","0","0","0","0","0","0","0","0","4","0","","67","7","2020","7","40.021739","-75.139756","","6","0","0","0","0","0","0","0","0","","1","0","0","","","0","","1","","40 01:18.260","","0","75 08:23.123","1","1","0","1","67301","0","0","0","N","0","0","0","2","67301","0","2","1.0","","1","N","N","N","0","0","0","0","0","","2","","","2","0","0","0","0","0","0","2","0","2","","03","","N","","","","","","","","","",""
"2020024664","","0","0","0","0","0","0","0","0","0","4","0","","67","3","2020","4","39.965415","-75.174144","","6","0","0","0","0","0","1","0","0","","0","0","0","","","0","","1","","39 57:55.493","","0","75 10:26.918","0","0","0","0","67301","0","0","0","N","0","0","0","4","67301","0","","1.0","","1","N","N","N","0","","0","0","2","","2","","","2","0","0","0","0","0","0","2","0","2","","03","","N","","","","","","","","","",""
"2020059027","","2","0","0","0","0","0","0","0","0","4","0","","67","7","2020","1","40.050393","-75.153118","","6","0","0","0","0","0","0","0","0","","0","0","0","","","0","","1","","40 03:01.414","","0","75 09:11.224","9","0","0","0","67301","0","0","0","N","0","0","0","2","67301","0","","1.0","","1","N","N","N","0","","0","0","0","","3","","","2","0","0","0","0","0","1","2","0","2","","","","N","","","","","","","","","",""
"2020060552","","0","0","0","0","0","0","0","0","0","8","0","","67","7","2020","4","39.995174","-75.115786","","6","0","0","0","0","0","0","0","0","","0","0","0","","","1","","5","","39 59:42.626","","0","75 06:56.828","3","0","0","0","67301","1","0","0","N","1","0","0","2","67301","0","","1.0","","1","N","N","N","0","","1","0","0","","2","","","2","1","0","0","0","0","1","2","0","1","","03","","N","","","","","","","","","",""