"CRN","ARRIVAL_TM","AUTOMOBILE_COUNT","BELTED_DEATH_COUNT","BELTED_SUSP_SERIOUS_INJ_COUNT","BICYCLE_COUNT","BICYCLE_DEATH_COUNT","BICYCLE_SUSP_SERIOUS_INJ_COUNT","BUS_COUNT","CHLDPAS_DEATH_COUNT","CHLDPAS_SUSP_SERIOUS_INJ_COUNT","COLLISION_TYPE","COMM_VEH_COUNT","CONS_ZONE_SPD_LIM","COUNTY","CRASH_MONTH","CRASH_YEAR","DAY_OF_WEEK","DEC_LATITUDE","DEC_LONGITUDE","DISPATCH_TM","DISTRICT","DRIVER_COUNT_16YR","DRIVER_COUNT_17YR","DRIVER_COUNT_18YR","DRIVER_COUNT_19YR","DRIVER_COUNT_20YR","DRIVER_COUNT_50_64YR","DRIVER_COUNT_65_74YR","DRIVER_COUNT_75PLUS","EST_HRS_CLOSED","FATAL_COUNT","HEAVY_TRUCK_COUNT","HORSE_BUGGY_COUNT","HOUR_OF_DAY","ILLUMINATION","INJURY_COUNT","INTERSECTION_RELATED","INTERSECT_TYPE","LANE_CLOSED","LATITUDE","LN_CLOSE_DIR","LOCATION_TYPE","LONGITUDE","MAX_SEVERITY_LEVEL","MCYCLE_DEATH_COUNT","MCYCLE_SUSP_SERIOUS_INJ_COUNT","MOTORCYCLE_COUNT","MUNICIPALITY","NONMOTR_COUNT","NONMOTR_DEATH_COUNT","NONMOTR_SUSP_SERIOUS_INJ_COUNT","NTFY_HIWY_MAINT","PED_COUNT","PED_DEATH_COUNT","PED_SUSP_SERIOUS_INJ_COUNT","PERSON_COUNT","POLICE_AGCY","POSSIBLE_INJ_COUNT","RDWY_SURF_TYPE_CD","RELATION_TO_ROAD","ROADWAY_CLEARED","ROAD_CONDITION","SCH_BUS_IND","SCH_ZONE_IND","SECONDARY_CRASH","SMALL_TRUCK_COUNT","SPEC_JURIS_CD","SUSP_MINOR_INJ_COUNT","SUSP_SERIOUS_INJ_COUNT","SUV_COUNT","TCD_FUNC_CD","TCD_TYPE","TFC_DETOUR_IND","TIME_OF_DAY","TOTAL_UNITS","TOT_INJ_COUNT","UNBELTED_OCC_COUNT","UNB_DEATH_COUNT","UNB_SUSP_SERIOUS_INJ_COUNT","UNK_INJ_DEG_COUNT","UNK_INJ_PER_COUNT","URBAN_RURAL","VAN_COUNT","VEHICLE_COUNT","WEATHER1","WEATHER2","WORKERS_PRES","WORK_ZONE_IND","WORK_ZONE_LOC","WORK_ZONE_TYPE","WZ_CLOSE_DETOUR","WZ_FLAGGER","WZ_LAW_OFFCR_IND","WZ_LN_CLOSURE","WZ_MOVING","WZ_OTHER","WZ_SHLDER_MDN","WZ_WORKERS_INJ_KILLED"
"2020019851","","1","0","0","0","0","0","0","0","0","1","0","","67","2","2020","7","40.027524","-75.110611","","6","0","1","0","0","0","0","0","0","","0","0","0","","","0","Y","0","","40 01:39.087","1","0","75 06:38.200","0","0","0","0","67301","0","0","0","N","0","0","0","2","67301","0","","1.0","1630.0","1","N","N","N","0","","0","0","1","","2","N","","2","0","0","0","0","0","0","2","0","2","","","","N","","","","","","","","","",""
"2020058807","","1","0","0","0","0","0","0","0","0","1","0","","67","7","2020","5","39.972605","-75.193588","","6","0","0","0","0","0","1","0","0","","0","0","0","","","1","N","0","","39 58:21.377","4","0","75 11:36.915","8","0","0","0","67301","0","0","0","N","0","0","0","2","68K01","0","","1.0","612.0","1","N","N","N","0","","0","0","1","","0","N","","2","1","0","0","0","1","0","2","0","2","","","","N","","","","","","","","","",""
"2020060514","","2","0","0","0","0","0","0","0","0","4","0","","67","7","2020","4","40.06211","-75.021464","","6","0","0","0","0","0","0","0","0","","0","0","0","","","1","","2","","40 03:43.597","","0","75 01:17.271","4","0","0","0","67301","0","0","0","N","0","0","0","2","67301","1","","1.0","","1","N","N","N","0","","0","0","0","","0","","","2","1","0","0","0","0","0","2","0","2","","03","","N","","","","","","","","","",""
"2020028377","","0","0","0","0","0","0","0","0","0","4","1","","67","3","2020","6","39.989302","-75.131252","","6","0","0","0","0","0","0","0","0","","0","1","0","","","0","","1","","39 59:21.487","","0","75 07:52.507","0","0","0","0","67301","0","0","0","N","0","0","0","2","67301","0","","1.0","","1","N","N","N","1","","0","0","0","","2","","","2","0","0","0","0","0","0","2","0","2","","","","N","","","","","","","","","",""
"2020026556","","2","0","0","0","0","0","0","0","0","4","0","","67","3","2020","2","40.017411","-75.140759","","6","0","0","0","0","0","0","0","0","","0","0","0","","","5","","2","","40 01:02.679","","0","75 08:26.732","3","0","0","0","67301","0","0","0","N","0","0","0","6","67301","0","","1.0","","1","N","N","N","0","","5","0","0","","3","","","2","5","0","0","0","0","0","2","0","2","","","","N","","","","","","","","","",""
"2020019875","","1","0","0","0","0","0","0","0","0","4","0","","67","2","2020","5","40.006186","-75.151915","","6","0","0","0","0","0","0","0","0","","0","0","0","","","1","","1","","40 00:22.269","","0","75 09:06.895","3","0","0","0","67301","0","0","0","N","0","0","0","2","67301","0","","1.0","","1","N","N","N","0","","1","0","1","","2","","","2","1","0","0","0","0","0","2","0","2","","03","","N","","","","","","","","","",""
"2020053994","","0","0","0","0","0","0","0","0","0","4","1","","67","7","2020","5","39.909385","-75.161144","","6","0","0","0","0","0","0","1","0","","0","1","0","","","1","","1","","39 54:33.787","","0","75 09:40.120","3","0","0","0","67301","0","0","0","N","0","0","0","2","67301","0","","1.0","","1","N","N","N","0","","1","0","1","","2","","","2","1","0","0","0","0","0","2","0","2","","03","","N","","","","","","","","","",""
"2020026352","","0","0","0","0","0","0","0","0","0","4","0","","67","3","2020","6","39.993949","-75.154587","","6","0","0","0","0","0","0","0","0","","0","0","0","","","0","","1","","39 59:38.216","","0","75 09:16.512","0","0","0","1","67301","0","0","0","N","0","0","0","2","67301","0","","1.0","","1","N","N","N","0","","0","0","1","","2","","","2","0","0","0","0","0","0","2","0","2","","03","","N","","","","","","","","","",""
"2020059461","","0","0","0","0","0","0","0","0","0","1","0","","67","7","2020","1","39.959346","-75.17359","","6","0","0","0","0","0","0","0","0","","0","0","0","","","7","N","0","","39 57:33.646","4","0","75 10:24.923","8","0","0","0","67301","0","0","0","N","0","0","0","9","68K01","0","","1.0","2230.0","1","N","N","N","0","","0","0","3","","0","N","","4","7","0","0","0","7","0","2","1","4","","03","","N","","","","","","","","","",""
"2020024129","","2","0","0","0","0","0","0","0","0","4","0","","67","3","2020","6","40.039548","-75.045812","","6","0","0","0","0","0","1","0","0","","0","0","0","","","1","","1","","40 02:22.372","","0","75 02:44.922","4","0","0","0","67301","0","0","0","N","0","0","0","2","67301","1","","1.0","","9","N","N","N","0","","0","0","0","","2","","","2","1","0","0","0","0","0","2","0","2","","04","","N","","","","","","","","","",""
"2020029153","","0","0","0","0","0","0","1","0","0","5","1","","67","3","2020","4","40.035667","-75.174889","","6","0","0","0","0","0","0","0","0","","0","0","0","","","1","N","0","","40 02:08.400","","0","75 10:29.600","4","0","0","0","67301","0","0","0","N","0","0","0","2","67508","1","","6.0","","1","N","N","N","0","","0","0","1","","0","N","","2","1","0","0","0","0","0","2","0","2","","","","Y","","","","","","","","","",""
"2020018174","","2","0","0","0","0","0","0","0","0","4","0","","67","2","2020","2","40.050625","-75.091638","","6","0","0","0","0","0","0","0","0","","0","0","0","","","1","","5","","40 03:02.250","","0","75 05:29.896","4","0","0","0","67301","0","0","0","N","0","0","0","3","67301","1","","1.0","","1","N","N","N","0","","0","0","0","","2","","","2","1","0","0","0","0","0","2","0","2","","","","N","","","","","","","","","",""
"2020065198","","3","0","0","0","0","0","0","0","0","1","0","","67","8","2020","1","39.958121","-75.163796","","6","0","0","0","0","0","0","0","0","","0","0","0","","","2","N","0","","39 57:29.235","3","1","75 09:49.665","3","0","0","0","67301","0","0","0","N","0","0","0","5","68K01","1","","1.0","30.0","1","N","N","N","0","","1","0","0","","0","N","","3","2","0","0","0","0","0","2","0","3","","","","N","","","","","","","","","",""
"2020024098","","0","0","0","0","0","0","0","0","0","4","0","","67","3","2020","5","40.058997","-75.044079","","6","0","0","0","0","0","2","0","0","","0","0","0","","","0","","1","","40 03:32.389","4","0","75 02:38.685","0","0","0","0","67301","0","0","0","N","0","0","0","2","67301","0","","1.0","1725.0","1","N","N","N","1","","0","0","1","","2","N","","2","0","0","0","0","0","0","2","0","2","","03","","N","","","","","","","","","",""
"2020025632","","2","0","0","0","0","0","0","0","0","4","0","","67","3","2020","4","","","","6","0","0","0","0","0","0","0","0","","0","0","0","","","1","","1","","","","99","","3","0","0","0","67301","0","0","0","N","0","0","0","2","67301","0","","1.0","","1","N","N","N","0","","1","0","0","","0","","","2","1","0","0","0","0","0","1","0","2","","03","","N","","","","","","","","","",""
"2020019049","","0","0","0","0","0","0","0","0","0","8","0","","67","2","2020","1","40.055587","-74.985006","","6","0","0","0","0","0","0","0","0","","0","0","0","","","1","","2","","40 03:20.112","","0","74 59:06.020","8","0","0","0","67301","1","0","0","N","1","0","0","2","67301","0","","4.0","","1","N","N","N","0","","0","0","1","","0","","","2","1","0","0","0","1","0","2","0","1","","","","N","","","","","","","","","",""
"2020026737","","1","0","0","0","0","0","0","0","0","4","0","","67","3","2020","6","40.04564","-75.128489","","6","0","0","0","0","0","0","0","0","","0","0","0","","","3","","1","","40 02:44.303","","0","75 07:42.560","3","0","0","0","67301","0","0","0","N","0","0","0","3","67301","0","","1.0","","1","N","N","N","0","","3","0","1","","2","","","2","3","0","0","0","0","0","2","0","2","","","","N","","","","","","","","","",""
"2020063861","","1","0","0","0","0","0","0","0","0","8","0","","67","8","2020","7","40.065936","-75.079119","","6","0","0","0","0","0","0","0","0","","0","0","0","","","1","N","0","","40 03:57.370","","7","75 04:44.830","8","0","0","0","67301","1","0","0","N","1","0","0","2","67301","0","","1.0","","1","N","N","N","0","","0","0","0","","0","","","2","1","0","0","0","1","1","2","0","1","","03","","N","","","","","","","","","",""
"2020059436","","1","0","0","0","0","0","0","0","0","5","1","","67","7","2020","2","39.912533","-75.148651","","6","0","0","0","1","0","0","0","0","","0","1","0","","","0","N","0","","39 54:45.120","","0","75 08:55.144","0","0","0","0","67301","0","0","0","N","0","0","0","2","68K01","0","","1.0","","9","N","N","N","0","","0","0","0","","0","","","2","0","0","0","0","0","0","2","0","2","","07","","N","","","","","","","","","",""
"2020060683","","0","0","0","0","0","0","0","0","0","8","1","","67","7","2020","5","40.002586","-75.123794","","6","0","0","0","0","0","1","0","0","","0","1","0","","","1","N","0","","40 00:09.310","7","0","75 07:25.660","3","0","0","0","67301","1","0","0","N","1","0","0","2","67301","0","","1.0","30.0","1","N","N","N","0","","1","0","0","","0","Y","","2","1","0","0","0","0","0","2","0","1","","","","N","","","","","","","","","",""
"2020021258","","1","0","0","0","0","0","0","0","0","8","0","","67","2","2020","6","40.034144","-75.22915","","6","0","0","0","0","0","0","0","0","","0","0","0","","","1","N","0","","40 02:02.920","","0","75 13:44.940","3","0","0","0","67301","1","0","0","N","1","0","0","2","67301","0","","1.0","","1","N","N","N","0","","1","0","0","","0","","","2","1","1","0","0","0","0","2","0","1","","03","","N","","","","","","","","","",""
"2020021605","","0","0","0","0","0","0","0","0","0","5","0","","67","2","2020","7","40.059888","-75.166065","","6","0","0","0","0","0","0","0","0","","0","0","0","","","0","N","0","","40 03:35.595","","0","75 09:57.835","0","0","0","0","67301","0","0","0","N","0","0","0","4","67301","0","","6.0","","1","N","N","N","0","","0","0","3","","0","","","3","0","0","0","0","0","0","2","0","3","","03","","N","","","","","","","","","",""
"2020066770","","1","0","0","0","0","0","0","0","0","4","1","","67","8","2020","2","40.010571","-75.061531","","6","0","0","0","0","0","0","0","0","","0","1","0","","","0","N","0","","40 00:38.054","","7","75 03:41.512","0","0","0","0","67301","0","0","0","N","0","0","0","2","67301","0","","1.0","","1","N","N","N","0","","0","0","0","","0","","","2","0","2","0","0","0","0","2","0","2","","98","","N","","","","","","","","","",""
"2020029469","","1","0","0","0","0","0","0","0","0","7","0","","67","3","2020","2","39.951399","-75.182655","","6","0","0","0","0","0","0","0","0","","0","0","0","","","0","N","7","","39 57:05.035","","2","75 10:57.558","9","0","0","0","67301","0","0","0","N","0","0","0","1","68K01","0","","3.0","","1","N","N","N","0","","0","0","0","","0","","","1","0","0","0","0","0","1","2","0","1","","","","N","","","","","","","","","",""
"2020025276","","1","0","0","0","0","0","0","0","0","8","0","","67","3","2020","5","39.953555","-75.173176","","6","0","0","0","0","0","0","0","0","","0","0","0","","","1","","1","","39 57:12.798","","0","75 10:23.433","3","0","0","0","67301","1","0","0","N","1","0","0","2","67301","0","","1.0","","1","N","N","N","0","","1","0","0","","2","","","2","1","0","0","0","0","0","2","0","1","","","","N","","","","","","","","","",""
"2020020830","","1","0","0","0","0","0","0","0","0","8","0","","67","2","2020","7","40.057","-75.189417","","6","0","0","0","0","0","0","0","0","","0","0","0","","","1","N","0","","40 03:25.200","","7","75 11:21.900","3","0","0","0","67301","1","0","0","N","1","0","0","2","67301","0","","1.0","","1","N","N","N","0","","1","0","0","","0","","","2","1","0","0","0","0","0","2","0","1","","03","","N","","","","","","","","","",""
"2020024873","","1","0","0","0","0","0","0","0","0","4","0","","67","3","2020","4","39.948517","-75.20568","","6","0","0","0","0","0","2","0","0","","0","0","0","","","2","","1","","39 56:54.661","","0","75 12:20.448","3","0","0","0","67301","0","0","0","N","0","0","0","2","67301","0","","1.0","","1","N","N","N","0","","2","0","1","","3","","","2","2","0","0","0","0","0","2","0","2","","03","","N","","","","","","","","","",""
"2020017912","","1","0","0","0","0","0","0","0","0","8","0","","67","2","2020","1","40.041979","-75.074918","","6","0","0","0","0","0","0","0","0","","0","0","0","","","1","N","0","","40 02:31.123","","0","75 04:29.704","8","0","0","0","67301","1","0","0","N","1","0","0","2","67301","0","","1.0","","1","N","N","N","0","","0","0","0","","9","","","2","1","0","0","0","1","1","2","0","1","","03","","N","","","","","","","","","",""
"2020023309","","2","0","0","0","0","0","0","0","0","4","0","","67","3","2020","3","39.95762","-75.145687","","6","0","0","0","0","0","1","0","0","","0","0","0","","","1","","1","","39 57:27.432","2","0","75 08:44.473","4","0","0","0","67301","0","0","0","N","0","0","0","2","67301","1","","1.0","1818.0","9","N","N","N","0","","0","0","0","","2","N","","2","1","1","0","0","0","0","2","0","2","","","","N","","","","","","","","","",""
"2020019865","","1","0","0","0","0","0","0","0","0","1","0","","67","2","2020","7","40.056199","-75.155542","","6","0","0","0","0","0","0","0","0","","0","0","0","","","1","","1","","40 03:22.316","","0","75 09:19.951","3","0","0","0","67301","0","0","0","N","0","0","0","4","67301","0","","1.0","","1","N","N","N","0","","1","0","0","","0","","","2","1","0","0","0","0","0","2","0","2","","03","","N","","","","","","","","","",""
"2020058702","","2","0","0","0","0","0","0","0","0","5","0","","67","7","2020","6","40.048678","-75.182958","","6","0","0","0","0","0","1","0","0","","0","0","0","","","2","N","0","","40 02:55.239","3","0","75 10:58.648","3","0","0","0","67301","0","0","0","N","0","0","0","2","67301","0","","1.0","2200.0","1","N","N","N","0","","2","0","1","","0","Y","","3","2","0","0","0","0","0","2","0","3","","03","","N","","","","","","","","","",""
"2020065123","","1","0","0","0","0","0","0","0","0","4","0","","67","7","2020","5","39.911336","-75.242664","","6","0","0","0","0","0","0","0","0","","1","0","0","","","2","N","5","","39 54:40.810","","0","75 14:33.592","1","1","1","1","67301","0","0","0","N","0","0","0","3","67301","0","2","1.0","","1","N","N","N","0","0","1","1","0","","2","","","2","2","1","0","0","0","0","2","0","2","","03","","N","","","","","","","","","",""
"2020026636","","1","0","0","0","0","0","0","0","0","5","0","","67","3","2020","1","39.985939","-75.168867","","6","0","0","0","0","0","0","0","0","","0","0","0","","","0","N","0","","39 59:09.380","","0","75 10:07.920","0","0","0","0","67301","0","0","0","N","0","0","0","1","67301","0","","6.0","","1","N","N","N","0","","0","0","0","","0","","","2","0","0","0","0","0","0","2","0","2","","03","","N","","","","","","","","","",""
"2020060513","","2","0","0","0","0","0","0","0","0","4","0","","67","7","2020","5","40.095433","-75.016122","","6","0","0","0","0","0","0","0","0","","0","0","0","","","2","N","0","","40 05:43.560","","6","75 00:58.040","3","0","0","0","67301","0","0","0","N","0","0","0","2","67301","0","","1.0","","1","N","N","N","0","","1","0","0","","0","","","2","2","1","0","0","1","0","2","0","2","","03","","N","","","","","","","","","",""
"2020060194","","1","0","0","0","0","0","0","0","0","7","1","","67","7","2020","6","40.033828","-75.019734","","6","0","0","0","0","0","0","0","0","","0","1","0","","","1","N","0","","40 02:01.779","1","0","75 01:11.041","3","0","0","0","67301","0","0","0","N","0","0","0","2","68K01","0","","4.0","600.0","9","N","N","Y","0","","1","0","0","","0","N","","2","1","0","0","0","0","0","2","0","2","","01","","N","","","","","","","","","",""
"2020019584","","1","0","0","1","0","0","0","0","0","8","0","","67","2","2020","6","39.986286","-75.156264","","6","0","0","0","0","0","0","0","0","","0","0","0","","","1","","1","","39 59:10.631","","0","75 09:22.550","3","0","0","0","67301","1","0","0","N","0","0","0","2","67505","0","","1.0","","1","N","N","N","0","","1","0","0","","2","","","2","1","0","0","0","0","0","2","0","1","","03","","N","","","","","","","","","",""
"2020022436","","1","0","0","1","0","0","0","0","0","8","0","","67","3","2020","2","39.949456","-75.209818","","6","0","0","0","0","0","0","0","0","","0","0","0","","","1","N","0","","39 56:58.041","","0","75 12:35.346","3","0","0","0","67301","1","0","0","N","0","0","0","2","67504","0","","1.0","","1","N","N","N","0","","1","0","0","","0","","","2","1","0","0","0","0","1","2","0","1","","03","","N","","","","","","","","","",""
"2020018260","","2","0","0","0","0","0","0","0","0","4","0","","67","2","2020","1","40.111198","-75.024348","","6","0","0","0","0","0","1","0","0","","0","0","0","","","4","","1","","40 06:40.311","","0","75 01:27.652","3","0","0","0","67301","2","0","0","N","2","0","0","4","67301","0","","1.0","","1","N","N","N","0","","4","0","0","","2","","","4","4","0","0","0","0","0","2","0","2","","03","","N","","","","","","","","","",""
"2020018178","","1","0","0","0","0","0","0","0","0","5","0","","67","2","2020","2","40.099422","-75.039083","","6","0","0","0","0","0","0","0","1","","0","0","0","","","0","N","0","","40 05:57.920","","0","75 02:20.700","0","0","0","0","67301","0","0","0","N","0","0","0","1","67301","0","","6.0","","1","N","N","N","0","","0","0","0","","0","","","2","0","0","0","0","0","0","2","1","2","","03","","N","","","","","","","","","",""
"2020059297","","0","0","0","0","0","0","0","0","0","5","0","","67","7","2020","1","40.025039","-75.078972","","6","0","0","0","0","0","0","0","0","","0","0","0","","","0","N","0","","40 01:30.140","5","0","75 04:44.300","9","0","0","0","67301","0","0","0","N","0","0","0","4","67301","0","","6.0","1825.0","1","N","N","N","0","","0","0","2","","0","Y","","2","0","0","0","0","0","1","2","0","2","","03","","N","","","","","","","","","",""
"2020019871","","1","0","0","0","0","0","0","0","0","4","0","","67","2","2020","7","39.977789","-75.176374","","6","0","0","0","0","0","0","0","0","","0","0","0","","","2","","1","","39 58:40.040","","0","75 10:34.946","3","0","0","0","67301","0","0","0","N","0","0","0","3","67301","0","","1.0","","1","N","N","N","0","","2","0","1","","3","","","2","2","0","0","0","0","1","2","0","2","","","","N","","","","","","","","","",""
"2020018262","","2","0","0","0","0","0","0","0","0","4","0","","67","2","2020","2","40.074464","-75.03495","","6","0","0","0","0","0","0","0","0","","0","0","0","","","3","","1","","40 04:28.071","","0","75 02:05.821","3","0","0","0","67301","0","0","0","N","0","0","0","5","67301","0","","1.0","","1","N","N","N","0","","3","0","0","","9","","","2","3","5","0","0","0","0","2","0","2","","03","","N","","","","","","","","","",""
"2020058966","","2","0","0","0","0","0","0","0","0","1","0","","67","7","2020","6","39.960018","-75.178949","","6","0","0","0","0","0","1","0","0","","0","0","0","","","0","N","0","","39 57:36.064","","0","75 10:44.216","0","0","0","0","67301","0","0","0","N","0","0","0","5","68K01","0","","1.0","","9","N","N","N","0","","0","0","1","","0","","","3","0","0","0","0","0","0","2","0","3","","04","","N","","","","","","","","","",""
"2020024192","","1","0","0","0","0","0","0","0","0","4","0","","67","3","2020","6","40.053585","-75.141452","","6","0","0","0","0","0","0","0","0","","0","0","0","","","0","","1","","40 03:12.905","4","0","75 08:29.228","9","0","0","0","67301","0","0","0","N","0","0","0","2","67301","0","","1.0","1305.0","9","N","N","N","0","","0","0","1","","2","N","","2","0","0","0","0","0","2","2","0","2","","","","N","","","","","","","","","",""
"2020059019","","1","0","0","0","0","0","0","0","0","1","0","","67","7","2020","4","40.067539","-75.156447","","6","0","0","0","0","0","1","0","0","","0","0","0","","","1","N","0","","40 04:03.140","","0","75 09:23.210","3","0","0","0","67301","0","0","0","N","0","0","0","2","67301","0","","1.0","","9","N","N","N","0","","1","0","1","","0","","","2","1","1","0","0","0","0","2","0","2","","","","N","","","","","","","","","",""
"2020025186","","0","0","0","0","0","0","0","0","0","1","0","","67","3","2020","2","39.962631","-75.139179","","6","0","0","0","0","0","0","0","0","","0","0","0","","","0","N","0","","39 57:45.472","","0","75 08:21.043","0","0","0","0","67301","0","0","0","N","0","0","0","2","68K01","0","","1.0","","1","N","N","N","1","","0","0","1","","0","","","2","0","0","0","0","0","0","2","0","2","","","","N","","","","","","","","","",""
"2020028439","","1","0","0","0","0","0","0","0","0","7","0","","67","3","2020","6","39.984259","-75.208189","","6","0","0","0","0","0","0","0","0","","0","0","0","","","0","N","0","","39 59:03.331","","0","75 12:29.481","0","0","0","0","67301","0","0","0","N","0","0","0","1","68K01","0","","3.0","","9","N","N","N","0","","0","0","0","","0","","","1","0","0","0","0","0","0","2","0","1","","03","","N","","","","","","","","","",""
"2020024583","","2","0","0","0","0","0","0","0","0","5","0","","67","3","2020","1","39.980452","-75.159244","","6","0","0","0","0","0","0","0","0","","0","0","0","","","0","N","0","","39 58:49.628","2","0","75 09:33.277","0","0","0","0","67301","0","0","0","N","0","0","0","2","67505","0","","6.0","620.0","1","N","N","N","0","","0","0","0","","0","Y","","2","0","0","0","0","0","0","2","0","2","","03","","N","","","","","","","","","",""
"2020062946","","0","0","0","0","0","0","0","0","0","5","1","","67","8","2020","5","39.975176","-75.188268","","6","0","0","0","0","0","1","0","0","","0","1","0","","","1","N","0","","39 58:30.634","","0","75 11:17.764","4","0","0","0","67301","0","0","0","N","0","0","0","2","67301","1","","1.0","","9","N","N","N","0","","0","0","1","","2","","","2","1","0","0","0","0","0","2","0","2","","04","","N","","","","","","","","","",""
"2020025448","","1","0","0","0","0","0","0","0","0","4","0","","67","3","2020","2","39.916732","-75.17306","","6","0","0","0","0","0","0","0","0","","0","0","0","","","1","","1","","39 55:00.236","","0","75 10:23.017","3","0","0","0","67301","0","0","0","N","0","0","0","2","67301","0","","1.0","","1","N","N","N","0","","1","0","2","","2","","","3","1","0","0","0","0","0","2","0","3","","03","","N","","","","","","","","","",""
"2020017714","","2","0","0","0","0","0","0","0","0","4","0","","67","2","2020","7","40.050494","-75.155453","","6","0","0","0","0","0","0","0","0","","0","0","0","","","0","","1","","40 03:01.778","","0","75 09:19.630","9","0","0","0","67301","0","0","0","N","0","0","0","2","67301","0","","1.0","","1","N","N","N","0","","0","0","0","","3","","","2","0","0","0","0","0","1","2","0","2","","","","N","","","","","","","","","",""
"2020065242","","2","0","0","0","0","0","0","0","0","4","0","","67","8","2020","4","39.986369","-75.141442","","6","0","0","0","0","0","0","0","0","","0","0","0","","","0","N","0","","39 59:10.930","","0","75 08:29.190","0","0","0","0","67301","0","0","0","N","0","0","0","2","67301","0","","1.0","","1","N","N","N","0","","0","0","0","","0","","","2","0","1","0","0","0","0","2","0","2","","03","","N","","","","","","","","","",""
"2020059150","","1","0","0","0","0","0","0","0","0","4","0","","67","7","2020","1","39.927421","-75.231712","","6","0","0","0","0","0","0","0","0","","0","0","0","","","1","N","1","","39 55:38.715","","0","75 13:54.163","8","0","0","0","67301","0","0","0","N","0","0","0","3","67508","0","","1.0","","1","N","N","N","0","","0","0","0","","2","N","","2","1","0","0","0","1","0","2","0","2","","","","N","","","","","","","","","",""
"2020023215","","5","0","0","0","0","0","0","0","0","6","0","","67","2","2020","7","39.982158","-75.107939","","6","0","0","0","0","0","0","0","0","","0","0","0","","","0","N","0","","39 58:55.770","","0","75 06:28.580","9","0","0","0","67301","0","0","0","N","0","0","0","1","67301","0","","6.0","","1","N","N","Y","0","","0","0","1","","0","","","6","0","1","0","0","0","1","2","0","6","","03","","N","","","","","","","","","",""
"2020060520","","1","0","0","0","0","0","0","0","0","7","0","","67","7","2020","6","39.892192","-75.256058","","6","0","0","0","0","0","0","0","0","","0","0","0","","","1","N","0","","39 53:31.890","","0","75 15:21.810","3","0","0","0","67301","0","0","0","N","0","0","0","1","67301","0","","9.0","","1","N","N","N","0","","1","0","0","","9","","","1","1","1","0","0","0","0","2","0","1","","03","","N","","","","","","","","","",""
"2020029657","","1","0","0","0","0","0","0","0","0","5","0","","67","3","2020","2","39.965072","-75.185437","","6","0","0","0","0","0","0","0","0","","0","0","0","","","0","N","0","","39 57:54.259","","0","75 11:07.574","9","0","0","0","67301","0","0","0","N","0","0","0","2","68K01","0","","1.0","","1","N","N","N","0","","0","0","0","","0","","","2","0","0","0","0","0","1","2","0","2","","","","N","","","","","","","","","",""
"2020024957","","1","0","0","0","0","0","0","0","0","4","0","","67","3","2020","2","39.983906","-75.186354","","6","0","0","0","0","0","1","0","0","","0","0","0","","","0","","1","","39 59:02.061","","0","75 11:10.874","9","0","0","0","67301","0","0","0","N","0","0","0","2","67301","0","","1.0","","1","N","N","N","0","","0","0","0","","2","","","2","0","0","0","0","0","1","2","0","2","","03","","N","","","","","","","","","",""
"2020019479","","0","0","0","0","0","0","0","0","0","8","0","","67","2","2020","3","40.00221","-75.1577","","6","0","0","0","0","0","0","0","0","","0","0","0","","","1","","1","","40 00:07.957","","0","75 09:27.721","3","0","0","0","67301","1","0","0","N","1","0","0","2","67301","0","","1.0","","1","N","N","N","0","","1","0","0","","2","","","2","1","0","0","0","0","1","2","0","1","","03","","N","","","","","","","","","",""
"2020017859","","2","0","0","0","0","0","0","0","0","1","0","","67","2","2020","7","40.022353","-75.139606","","6","0","0","0","0","0","0","0","0","","0","0","0","","","1","Y","0","","40 01:20.470","","0","75 08:22.580","3","0","0","0","67301","0","0","0","N","0","0","0","2","67301","0","","1.0","","1","N","N","N","0","","1","0","0","","1","","","2","1","0","0","0","0","0","2","0","2","","03","","N","","","","","","","","","",""
"2020023225","","2","0","0","0","0","0","0","0","0","1","0","","67","3","2020","3","40.016103","-75.175646","","6","0","0","0","0","0","0","0","0","","0","0","0","","","1","N","0","","40 00:57.969","","0","75 10:32.324","3","0","0","0","67301","0","0","0","N","0","0","0","3","67301","0","","1.0","","9","N","N","N","0","","1","0","0","","0","","","3","1","0","0","0","0","1","2","0","3","","98","","N","","","","","","","","","",""
"2020024124","","2","0","0","0","0","0","0","0","0","4","0","","67","3","2020","6","39.945919","-75.240041","","6","0","0","0","0","0","0","0","0","","0","0","0","","","1","","1","","39 56:45.307","","0","75 14:24.149","4","0","0","0","67301","0","0","0","N","0","0","0","3","67301","1","","1.0","","9","N","N","N","0","","0","0","0","","2","","","3","1","0","0","0","0","0","2","0","3","","","","N","","","","","","","","","",""
"2020064841","","0","0","0","0","0","0","0","0","0","1","0","","67","7","2020","3","39.962861","-75.1395","","6","0","0","0","0","0","0","0","0","","1","0","0","","","1","N","7","","39 57:46.300","2","2","75 08:22.200","1","0","0","0","67301","0","0","0","N","0","0","0","3","68K01","0","2","7.0","135.0","1","N","N","N","1","0","0","1","0","","0","N","","2","1","1","1","0","0","0","2","1","2","","03","","N","","","","","","","","","",""
"2020024131","","1","0","0","0","0","0","0","0","0","8","0","","67","3","2020","6","40.036582","-75.040634","","6","0","0","0","0","0","0","0","0","","0","0","0","","","1","N","0","","40 02:11.696","","0","75 02:26.284","8","0","0","0","67301","1","0","0","N","1","0","0","2","67301","0","","1.0","","9","N","N","N","0","","0","0","0","","0","","","2","1","0","0","0","1","0","2","0","1","","","","N","","","","","","","","","",""