"CRN","ARRIVAL_TM","AUTOMOBILE_COUNT","BELTED_DEATH_COUNT","BELTED_SUSP_SERIOUS_INJ_COUNT","BICYCLE_COUNT","BICYCLE_DEATH_COUNT","BICYCLE_SUSP_SERIOUS_INJ_COUNT","BUS_COUNT","CHLDPAS_DEATH_COUNT","CHLDPAS_SUSP_SERIOUS_INJ_COUNT","COLLISION_TYPE","COMM_VEH_COUNT","CONS_ZONE_SPD_LIM","COUNTY","CRASH_MONTH","CRASH_YEAR","DAY_OF_WEEK","DEC_LATITUDE","DEC_LONGITUDE","DISPATCH_TM","DISTRICT","DRIVER_COUNT_16YR","DRIVER_COUNT_17YR","DRIVER_COUNT_18YR","DRIVER_COUNT_19YR","DRIVER_COUNT_20YR","DRIVER_COUNT_50_64YR","DRIVER_COUNT_65_74YR","DRIVER_COUNT_75PLUS","EST_HRS_CLOSED","FATAL_COUNT","HEAVY_TRUCK_COUNT","HORSE_BUGGY_COUNT","HOUR_OF_DAY","ILLUMINATION","INJURY_COUNT","INTERSECTION_RELATED","INTERSECT_TYPE","LANE_CLOSED","LATITUDE","LN_CLOSE_DIR","LOCATION_TYPE","LONGITUDE","MAX_SEVERITY_LEVEL","MCYCLE_DEATH_COUNT","MCYCLE_SUSP_SERIOUS_INJ_COUNT","MOTORCYCLE_COUNT","MUNICIPALITY","NONMOTR_COUNT","NONMOTR_DEATH_COUNT","NONMOTR_SUSP_SERIOUS_INJ_COUNT","NTFY_HIWY_MAINT","PED_COUNT","PED_DEATH_COUNT","PED_SUSP_SERIOUS_INJ_COUNT","PERSON_COUNT","POLICE_AGCY","POSSIBLE_INJ_COUNT","RDWY_SURF_TYPE_CD","RELATION_TO_ROAD","ROADWAY_CLEARED","ROAD_CONDITION","SCH_BUS_IND","SCH_ZONE_IND","SECONDARY_CRASH","SMALL_TRUCK_COUNT","SPEC_JURIS_CD","SUSP_MINOR_INJ_COUNT","SUSP_SERIOUS_INJ_COUNT","SUV_COUNT","TCD_FUNC_CD","TCD_TYPE","TFC_DETOUR_IND","TIME_OF_DAY","TOTAL_UNITS","TOT_INJ_COUNT","UNBELTED_OCC_COUNT","UNB_DEATH_COUNT","UNB_SUSP_SERIOUS_INJ_COUNT","UNK_INJ_DEG_COUNT","UNK_INJ_PER_COUNT","URBAN_RURAL","VAN_COUNT","VEHICLE_COUNT","WEATHER1","WEATHER2","WORKERS_PRES","WORK_ZONE_IND","WORK_ZONE_LOC","WORK_ZONE_TYPE","WZ_CLOSE_DETOUR","WZ_FLAGGER","WZ_LAW_OFFCR_IND","WZ_LN_CLOSURE","WZ_MOVING","WZ_OTHER","WZ_SHLDER_MDN","WZ_WORKERS_INJ_KILLED"
"2020019218","","2","0","0","0","0","0","0","0","0","4","0","","67","2","2020","4","40.045545","-75.095155","","6","0","0","0","0","0","0","0","1","","0","0","0","","","1","","1","","40 02:43.962","","0","75 05:42.558","3","0","0","0","67301","0","0","0","N","0","0","0","3","67301","0","","1.0","","1","N","N","N","0","","1","0","0","","8","","","2","1","0","0","0","0","0","2","0","2","","03","","N","","","","","","","","","",""
"2020024348","","0","0","0","0","0","0","0","0","0","7","0","","67","3","2020","6","40.016942","-75.151525","","6","0","0","0","0","0","0","0","0","","0","0","0","","","1","N","0","","40 01:00.990","","0","75 09:05.491","3","0","0","0","67301","0","0","0","N","0","0","0","3","67301","0","","5.0","","9","N","N","N","0","","1","0","2","","2","","","2","1","0","0","0","0","1","2","0","2","","04","","N","","","","","","","","","",""
"2020033721","","1","0","0","0","0","0","0","0","0","7","0","","67","3","2020","6","39.957322","-75.18037","","6","0","0","0","0","0","0","0","0","","0","0","0","","","0","N","0","","39 57:26.359","3","0","75 10:49.332","9","0","0","0","67301","0","0","0","N","0","0","0","1","68K01","0","","4.0","45.0","9","N","N","N","0","","0","0","0","","0","N","","1","0","0","0","0","0","1","2","0","1","","07","","N","","","","","","","","","",""
"2020019345","","0","0","0","0","0","0","0","0","0","7","0","99","67","2","2020","5","39.978597","-75.213624","","6","0","0","0","0","0","0","0","0","","0","0","0","","","2","","1","","39 58:42.950","","0","75 12:49.048","3","0","0","0","67301","0","0","0","N","0","0","0","2","67301","0","","4.0","","1","N","N","N","0","","2","0","1","","2","","","1","2","0","0","0","0","0","2","0","1","","","Y","Y","2","1","N","N","Y","Y","N","N","N","N"
"2020024464","","1","0","0","1","0","0","0","0","0","8","0","","67","3","2020","7","39.920635","-75.153823","","6","0","0","0","0","0","0","0","0","","0","0","0","","","1","","1","","39 55:14.286","","0","75 09:13.762","4","0","0","0","67301","1","0","0","N","0","0","0","2","67301","1","","1.0","","1","N","N","N","0","","0","0","0","","3","","","2","1","0","0","0","0","0","2","0","1","","","","N","","","","","","","","","",""
"2020018181","","0","0","0","0","0","0","0","0","0","4","0","","67","2","2020","1","40.00006","-75.15313","","6","0","0","0","0","0","0","0","0","","0","0","0","","","1","N","0","","40 00:00.217","1","7","75 09:11.267","8","0","0","1","67301","0","0","0","N","0","0","0","2","67301","0","","1.0","1925.0","1","N","N","N","1","","0","0","0","","2","Y","","2","1","0","0","0","1","0","2","0","2","","","","N","","","","","","","","","",""
"2020022794","","1","0","0","0","0","0","0","0","0","1","0","","67","3","2020","1","40.03435","-75.172696","","6","0","0","1","0","0","1","0","0","","0","0","0","","","3","","1","","40 02:03.660","","0","75 10:21.707","3","0","0","0","67301","0","0","0","N","0","0","0","4","67301","0","","1.0","","1","N","N","N","1","","1","0","3","","2","","","5","3","1","0","0","2","0","2","0","5","","03","","N","","","","","","","","","",""
"2020024956","","2","0","0","0","0","0","0","0","0","1","0","","67","3","2020","2","39.986343","-75.180236","","6","0","0","0","0","0","0","1","0","","0","0","0","","","3","N","1","","39 59:10.834","7","0","75 10:48.850","3","0","0","0","67301","1","0","0","N","1","0","0","4","67301","2","","1.0","1730.0","1","N","N","N","0","","1","0","0","","2","Y","","4","3","1","0","0","0","0","2","1","3","","03","","N","","","","","","","","","",""
"2020024569","","0","0","0","0","0","0","0","0","0","1","0","","67","3","2020","1","39.977297","-75.158231","","6","0","0","0","0","0","1","0","0","","0","0","0","","","0","","1","","39 58:38.270","","0","75 09:29.632","9","0","0","0","67301","0","0","0","N","0","0","0","3","67301","0","","1.0","","1","N","N","N","0","","0","0","2","","2","","","2","0","0","0","0","0","1","2","0","2","","03","","N","","","","","","","","","",""
"2020025626","","0","0","0","0","0","0","0","0","0","8","0","","67","3","2020","4","40.029253","-75.089966","","6","0","0","0","1","0","0","0","0","","0","0","0","","","1","","1","","40 01:45.310","","0","75 05:23.878","2","0","0","0","67301","1","0","1","N","1","0","1","2","67301","0","","1.0","","1","N","N","N","0","","0","1","0","","0","","","2","1","0","0","0","0","0","2","1","1","","03","","N","","","","","","","","","",""
"2020025860","","0","0","0","0","0","0","0","0","0","4","0","","67","3","2020","5","40.036992","-75.07981","","6","0","0","0","0","0","0","0","0","","0","0","0","","","0","","1","","40 02:13.172","","0","75 04:47.317","0","0","0","0","67301","0","0","0","N","0","0","0","1","67301","0","","5.0","","1","N","N","N","0","","0","0","1","","2","","","2","0","0","0","0","0","0","2","1","2","","03","","N","","","","","","","","","",""
"2020026856","","1","0","0","0","0","0","0","0","0","4","0","","67","3","2020","7","39.987213","-75.098251","","6","0","0","0","0","0","0","0","0","","0","0","0","","","0","","1","","39 59:13.966","","0","75 05:53.703","0","0","0","0","67301","0","0","0","N","0","0","0","2","67301","0","","1.0","","1","N","N","N","0","","0","0","1","","3","","","2","0","0","0","0","0","0","2","0","2","","","","N","","","","","","","","","",""
"2020027683","","2","0","0","0","0","0","0","0","0","1","0","","67","3","2020","1","39.984286","-75.161622","","6","0","0","0","0","0","0","0","0","","0","0","0","","","1","","1","","39 59:03.429","","0","75 09:41.838","4","0","0","0","67301","0","0","0","N","0","0","0","2","67301","1","","1.0","","1","N","N","N","0","","0","0","0","","3","","","2","1","2","0","0","0","0","2","0","2","","03","","N","","","","","","","","","",""
"2020026728","","3","0","0","0","0","0","0","0","0","4","0","","67","3","2020","7","39.938889","-75.229764","","6","0","0","0","0","0","0","0","0","","0","0","0","","","4","","1","","39 56:20.000","","0","75 13:47.150","3","0","0","0","67301","0","0","0","N","0","0","0","4","67301","0","","1.0","","1","N","N","N","0","","4","0","0","","3","","","3","4","0","0","0","0","0","2","0","3","","03","","N","","","","","","","","","",""
"2020022446","","1","0","0","0","0","0","0","0","0","5","0","","67","3","2020","2","40.033908","-75.074273","","6","0","0","0","0","0","0","1","0","","0","0","0","","","0","","1","","40 02:02.069","","0","75 04:27.384","9","0","0","0","67301","0","0","0","N","0","0","0","2","67301","0","","1.0","","1","N","N","N","0","","0","0","0","","2","","","2","0","0","0","0","0","1","2","0","2","","03","","N","","","","","","","","","",""
"2020064964","","2","0","0","0","0","0","0","0","0","4","0","","67","8","2020","3","40.017178","-75.081326","","6","0","0","0","0","0","0","0","0","","0","0","0","","","2","","1","","40 01:01.842","","0","75 04:52.774","3","0","0","0","67301","0","0","0","N","0","0","0","3","67301","0","","1.0","","1","N","N","N","0","","2","0","0","","3","","","2","2","0","0","0","0","0","2","0","2","","03","","N","","","","","","","","","",""
"2020025801","","1","0","0","0","0","0","0","0","0","4","0","","67","3","2020","5","40.00468","-75.152126","","6","0","0","0","0","0","0","0","0","","0","0","0","","","0","N","1","","40 00:16.847","3","0","75 09:07.652","0","0","0","0","67301","0","0","0","N","0","0","0","2","67505","0","","1.0","9999.0","1","N","N","Y","0","","0","0","1","","2","N","","2","0","0","0","0","0","0","2","0","2","","03","","N","","","","","","","","","",""
"2020026180","","0","0","0","0","0","0","0","0","0","8","0","","67","3","2020","6","39.98627","-75.156147","","6","0","0","0","0","0","0","0","0","","0","0","0","","","1","","1","","39 59:10.572","5","0","75 09:22.129","3","0","0","0","67301","1","0","0","N","1","0","0","2","67301","0","","1.0","115.0","9","N","N","N","0","","1","0","1","","2","N","","2","1","0","0","0","0","0","2","0","1","","04","","N","","","","","","","","","",""
"2020023217","","2","0","0","0","0","0","0","0","0","5","0","","67","3","2020","4","39.995528","-75.118658","","6","0","0","0","0","0","0","0","0","","0","0","0","","","0","N","0","","39 59:43.900","3","0","75 07:07.170","0","0","0","0","67301","0","0","0","N","0","0","0","1","67301","0","","6.0","415.0","9","N","N","N","0","","0","0","1","","0","Y","","3","0","0","0","0","0","0","2","0","3","","","","N","","","","","","","","","",""
"2020028272","","2","0","0","0","0","0","0","0","0","4","0","","67","3","2020","1","40.010723","-75.162622","","6","0","0","0","0","0","0","0","0","","0","0","0","","","2","","1","","40 00:38.603","","0","75 09:45.439","3","0","0","0","67301","0","0","0","N","0","0","0","3","67301","0","","1.0","","1","N","N","N","0","","2","0","0","","0","","","2","2","0","0","0","0","0","2","0","2","","","","N","","","","","","","","","",""
"2020038031","","1","0","0","0","0","0","0","0","0","8","0","","67","5","2020","2","40.060388","-75.053583","","6","0","0","0","0","0","0","0","0","","0","0","0","","","1","N","0","","40 03:37.395","6","0","75 03:12.899","8","0","0","0","67301","1","0","0","N","1","0","0","2","67301","0","","1.0","1310.0","1","N","N","N","0","","0","0","0","","0","N","","2","1","1","0","0","1","0","2","0","1","","03","","N","","","","","","","","","",""
"2020063608","","1","0","0","0","0","0","0","0","0","5","0","","67","7","2020","6","39.942004","-75.143003","","6","0","0","0","1","0","0","0","0","","0","0","0","","","1","N","0","","39 56:31.213","","0","75 08:34.809","3","0","0","0","67301","0","0","0","N","0","0","0","2","68K01","0","","1.0","","9","N","N","N","0","","1","0","0","","0","","","2","1","0","0","0","0","1","2","0","2","","","","N","","","","","","","","","",""
"2020063889","","1","0","0","0","0","0","0","0","0","1","0","","67","7","2020","2","39.966586","-75.187291","","6","0","0","0","0","1","0","0","0","","0","0","0","","","0","N","0","","39 57:59.708","","0","75 11:14.247","9","0","0","0","67301","0","0","0","N","0","0","0","2","68K01","0","","1.0","","1","N","N","N","0","","0","0","0","","0","","","2","0","0","0","0","0","1","2","0","2","","03","","N","","","","","","","","","",""
"2020028050","","0","0","0","0","0","0","0","0","0","7","0","","67","3","2020","5","39.949261","-75.141743","","6","0","0","0","0","0","0","0","0","","0","0","0","","","0","N","0","","39 56:57.338","","2","75 08:30.274","0","0","0","0","67301","0","0","0","N","0","0","0","1","68K01","0","","2.0","","1","N","N","N","0","","0","0","1","","0","","","1","0","0","0","0","0","0","2","0","1","","03","","N","","","","","","","","","",""
"2020025314","","1","0","0","0","0","0","0","0","0","4","0","","67","3","2020","7","40.00853","-75.210732","","6","0","0","0","0","0","1","0","0","","0","0","0","","","0","","1","","40 00:30.708","","0","75 12:38.635","0","0","0","0","67301","0","0","0","N","0","0","0","2","67301","0","","1.0","","1","N","N","N","0","","0","0","0","","0","","","2","0","0","0","0","0","0","2","1","2","","03","","N","","","","","","","","","",""
"2020024955","","3","0","0","0","0","0","0","0","0","4","0","","67","3","2020","4","39.985854","-75.165321","","6","0","0","0","0","0","0","0","0","","0","0","0","","","0","","2","","39 59:09.074","6","0","75 09:55.155","0","0","0","0","67301","0","0","0","N","0","0","0","2","67301","0","","1.0","1230.0","1","N","N","N","0","","0","0","0","","3","N","","4","0","0","0","0","0","0","2","1","4","","03","","N","","","","","","","","","",""
"2020025892","","2","0","0","0","0","0","0","0","0","5","0","","67","3","2020","5","40.080379","-75.027648","","6","0","0","0","0","1","1","0","0","","0","0","0","","","1","N","0","","40 04:49.365","","0","75 01:39.533","3","0","0","0","67301","0","0","0","N","0","0","0","4","67301","0","","1.0","","1","N","N","N","1","","1","0","0","","0","","","3","1","4","0","0","0","0","2","0","3","","03","","N","","","","","","","","","",""
"2020026422","","2","0","0","0","0","0","0","0","0","5","0","","67","3","2020","7","39.9299","-75.163419","","6","0","0","0","0","0","0","1","0","","0","0","0","","","0","N","0","","39 55:47.640","","0","75 09:48.310","0","0","0","0","67301","0","0","0","N","0","0","0","1","67301","0","","6.0","","1","N","N","N","0","","0","0","1","","0","","","3","0","0","0","0","0","0","2","0","3","","03","","N","","","","","","","","","",""
"2020065343","","1","0","0","0","0","0","0","0","0","8","0","","67","7","2020","2","40.009257","-75.151239","","6","0","0","0","0","0","1","0","0","","1","0","0","","","0","N","1","","40 00:33.325","7","0","75 09:04.460","1","0","0","0","67301","1","1","0","N","1","1","0","2","67301","0","2","1.0","735.0","1","N","N","N","0","0","0","0","0","","2","Y","","2","0","0","0","0","0","0","2","0","1","","03","","N","","","","","","","","","",""
"2020066365","","2","0","0","0","0","0","0","0","0","5","0","","67","8","2020","7","39.926491","-75.186022","","6","0","0","0","0","0","0","0","0","","0","0","0","","","1","N","1","","39 55:35.367","","0","75 11:09.679","4","0","0","0","67301","0","0","0","N","0","0","0","2","67301","1","","1.0","","1","N","N","N","0","","0","0","0","","0","","","2","1","2","0","0","0","0","2","0","2","","03","","N","","","","","","","","","",""
"2020067044","","2","0","0","0","0","0","0","0","0","4","0","","67","8","2020","4","40.046444","-74.995408","","6","0","0","0","0","0","0","0","1","","0","0","0","","","0","N","0","","40 02:47.200","","0","74 59:43.470","0","0","0","0","67301","0","0","0","N","0","0","0","3","67301","0","","1.0","","9","N","N","Y","0","","0","0","0","","0","","","2","0","0","0","0","0","0","2","0","2","","07","","N","","","","","","","","","",""
"2020026219","","1","0","0","0","0","0","0","0","0","4","0","","67","3","2020","3","40.033656","-75.063639","","6","0","0","0","0","0","0","0","0","","0","0","0","","","0","","5","","40 02:01.162","","0","75 03:49.102","0","0","0","0","67301","0","0","0","N","0","0","0","2","67301","0","","1.0","","1","N","N","N","0","","0","0","1","","2","","","2","0","0","0","0","0","0","2","0","2","","04","","N","","","","","","","","","",""
"2020025450","","0","0","0","0","0","0","0","0","0","8","0","","67","3","2020","2","39.955722","-75.158661","","6","0","0","0","0","0","1","0","0","","0","0","0","","","1","N","0","","39 57:20.600","","0","75 09:31.180","8","0","0","0","67301","1","0","0","N","1","0","0","2","67301","0","","1.0","","1","N","N","N","0","","0","0","1","","0","","","2","1","0","0","0","1","0","2","0","1","","98","","N","","","","","","","","","",""
"2020067309","1240","2","0","0","0","0","0","0","0","0","1","1","","67","8","2020","5","40.074316","-75.034824","1232","6","0","0","0","0","0","0","0","0","","0","1","0","","","0","","1","","40 04:27.539","7","0","75 02:05.367","0","0","0","0","67301","0","0","0","N","0","0","0","3","67301","0","","1.0","1325.0","1","N","N","N","0","","0","0","0","","2","Y","","3","0","0","0","0","0","0","2","0","3","","03","","N","","","","","","","","","",""
"2020067334","2336","1","0","0","0","0","0","0","0","0","7","0","","67","8","2020","4","40.035094","-75.175475","2330","6","0","0","0","0","0","0","0","0","","0","0","0","","","1","N","0","","40 02:06.340","","0","75 10:31.710","8","0","0","0","67301","0","0","0","N","0","0","0","1","67301","0","","4.0","","1","N","N","N","0","","0","0","0","","0","","","1","1","0","0","0","1","0","2","0","1","","03","","N","","","","","","","","","",""
"2020025867","1725","2","0","0","0","0","0","0","0","0","4","0","","67","3","2020","4","39.997272","-75.173765","1722","6","0","0","0","0","0","0","0","0","","0","0","0","","","2","","1","","39 59:50.179","2","0","75 10:25.553","3","0","0","0","67301","0","0","0","N","0","0","0","3","67301","0","","1.0","1845.0","1","N","N","N","0","","2","0","0","","3","Y","","2","2","0","0","0","0","0","2","0","2","","07","","N","","","","","","","","","",""
"2020027529","1923","2","0","0","0","0","0","0","0","0","4","0","","67","3","2020","6","39.970586","-75.150867","1918","6","0","0","0","2","0","0","0","0","","0","0","0","","","0","","1","","39 58:14.108","","0","75 09:03.120","0","0","0","0","67301","0","0","0","N","0","0","0","2","67301","0","","1.0","","9","N","N","N","0","","0","0","0","","0","","","2","0","0","0","0","0","0","2","0","2","","07","","N","","","","","","","","","",""
"2020024415","2345","1","0","0","0","0","0","0","0","0","8","0","","67","3","2020","5","40.045265","-75.125618","2340","6","0","0","0","0","0","0","0","0","","0","0","0","","","1","","1","","40 02:42.955","","0","75 07:32.224","2","0","0","0","67301","1","0","1","N","1","0","1","2","67301","0","","1.0","","1","N","N","N","0","","0","1","0","","2","","","2","1","0","0","0","0","0","2","0","1","","03","","N","","","","","","","","","",""
"2020064023","0649","1","0","0","0","0","0","0","0","0","1","0","","67","7","2020","6","39.930076","-75.198104","0638","6","0","0","0","0","0","0","0","0","","0","0","0","","","1","N","0","","39 55:48.272","","0","75 11:53.173","8","0","0","0","67301","0","0","0","N","0","0","0","3","68K01","0","","1.0","","9","N","N","N","0","","0","0","2","","0","","","3","1","1","0","0","1","0","2","0","3","","","","N","","","","","","","","","",""
"2020025365","0934","2","0","0","0","0","0","0","0","0","4","0","","67","3","2020","6","40.062467","-75.234219","0933","6","0","0","0","0","0","0","0","0","","0","0","0","","","0","N","0","","40 03:44.880","","7","75 14:03.190","0","0","0","0","67301","0","0","0","N","0","0","0","2","67301","0","","1.0","","1","N","N","N","0","","0","0","0","","9","","","2","0","0","0","0","0","0","2","0","2","","03","","N","","","","","","","","","",""
"2020066271","1901","3","0","0","0","0","0","0","0","0","5","0","","67","7","2020","1","39.95998","-75.178628","1901","6","0","0","0","0","0","0","0","0","","0","0","0","","","0","N","0","","39 57:35.928","4","0","75 10:43.061","9","0","0","0","67301","0","0","0","N","0","0","0","5","68K01","0","","1.0","2025.0","1","N","N","N","0","","0","0","0","","0","N","","3","0","0","0","0","0","2","2","0","3","","","","N","","","","","","","","","",""
"2020026558","0932","1","0","0","0","0","0","0","0","0","4","0","","67","3","2020","6","40.00161","-75.128583","0932","6","0","0","0","0","0","0","0","0","","0","0","0","","","0","","1","","40 00:05.796","3","0","75 07:42.898","0","0","0","0","67301","0","0","0","N","0","0","0","2","67301","0","","1.0","20.0","9","N","N","N","0","","0","0","1","","2","Y","","2","0","0","0","0","0","0","2","0","2","","07","","N","","","","","","","","","",""
"2020025309","2032","0","0","0","0","0","0","0","0","0","5","0","","67","3","2020","1","40.094504","-74.968315","2029","6","0","0","0","1","0","0","0","0","","0","0","0","","","1","N","0","","40 05:40.214","","0","74 58:05.933","3","0","0","1","67301","0","0","0","N","0","0","0","1","67301","0","","6.0","","1","N","N","N","0","","1","0","1","","0","","","2","1","0","0","0","0","0","2","0","2","","03","","N","","","","","","","","","",""
"2020026522","0446","1","0","0","0","0","0","0","0","0","1","0","","67","3","2020","6","39.985802","-75.215608","0444","6","0","0","0","0","0","0","0","0","","0","0","0","","","1","","1","","39 59:08.888","","0","75 12:56.190","8","0","0","0","67301","0","0","0","N","0","0","0","2","68K01","0","","1.0","","9","N","N","N","0","","0","0","1","","2","","","2","1","0","0","0","1","0","2","0","2","","","","N","","","","","","","","","",""
"2020027392","1400","1","0","0","0","0","0","0","0","0","4","0","","67","3","2020","6","39.998004","-75.233208","1352","6","0","0","0","0","0","0","0","0","","0","0","0","","","3","","1","","39 59:52.816","","0","75 13:59.550","3","0","0","0","67301","0","0","0","N","0","0","0","4","67301","1","","1.0","","1","N","N","N","0","","2","0","2","","3","","","3","3","0","0","0","0","0","2","0","3","","03","","N","","","","","","","","","",""
"2020027987","2115","0","0","0","0","0","0","0","0","0","8","0","","67","3","2020","5","40.016016","-75.134969","2107","6","0","0","0","0","0","0","0","0","","0","0","0","","","1","N","0","","40 00:57.659","","0","75 08:05.890","8","0","0","0","67301","1","0","0","N","1","0","0","2","67301","0","","1.0","","9","N","N","N","0","","0","0","1","","2","","","2","1","0","0","0","1","0","2","0","1","","","","N","","","","","","","","","",""
"2020065770","1808","1","0","0","0","0","0","1","0","0","4","1","","67","8","2020","5","39.987779","-75.167648","1806","6","0","0","0","0","0","0","0","0","","0","0","0","","","1","","1","","39 59:16.004","","0","75 10:03.532","3","0","0","0","67301","0","0","0","N","0","0","0","3","67301","0","","1.0","","9","N","N","N","0","","1","0","0","","2","","","2","1","0","0","0","0","0","2","0","2","","04","","N","","","","","","","","","",""
"2020026493","1610","0","0","0","0","0","0","0","0","0","4","0","","67","3","2020","7","39.970153","-75.145021","1557","6","0","0","0","0","0","0","0","0","","0","0","0","","","0","","1","","39 58:12.552","","0","75 08:42.076","0","0","0","0","67301","0","0","0","N","0","0","0","2","67301","0","","1.0","","1","N","N","N","0","","0","0","1","","2","","","2","0","0","0","0","0","0","2","1","2","","03","","N","","","","","","","","","",""
"2020022865","0840","3","0","0","0","0","0","0","0","0","4","0","","67","3","2020","2","40.008415","-75.096481","0720","6","0","0","0","0","0","0","0","0","","0","0","0","","","2","","1","","40 00:30.293","","0","75 05:47.331","3","0","0","0","67301","0","0","0","N","0","0","0","4","67301","0","","1.0","","1","N","N","N","0","","2","0","0","","2","","","3","2","0","0","0","0","1","2","0","3","","03","","N","","","","","","","","","",""
"2020064003","1130","0","0","0","0","0","0","0","0","0","1","2","","67","7","2020","6","39.946413","-75.142421","1119","6","0","0","0","0","0","0","0","0","","0","2","0","","","0","N","0","","39 56:47.085","2","0","75 08:32.717","0","0","0","0","67301","0","0","0","N","0","0","0","2","68K01","0","","3.0","200.0","9","N","N","N","0","","0","0","0","","0","N","","2","0","0","0","0","0","0","2","0","2","","","","N","","","","","","","","","",""
"2020026635","0820","1","0","0","0","0","0","0","0","0","2","0","","67","3","2020","1","39.971633","-75.159473","0814","6","0","0","0","0","0","0","0","1","","0","0","0","","","1","N","0","","39 58:17.877","","0","75 09:34.102","4","0","0","0","67301","0","0","0","N","0","0","0","2","67301","1","","1.0","","1","N","N","N","0","","0","0","0","","0","","","2","1","0","0","0","0","0","2","0","2","","04","","N","","","","","","","","","",""
"2020024777","1732","0","0","0","0","0","0","0","0","0","8","0","","67","3","2020","7","40.062854","-75.046136","1727","6","0","0","0","0","0","0","0","0","","0","0","0","","","1","N","0","","40 03:46.276","","0","75 02:46.088","4","0","0","0","67301","1","0","0","N","1","0","0","2","67301","1","","1.0","","1","N","N","N","0","","0","0","0","","0","","","2","1","0","0","0","0","0","2","1","1","","","","N","","","","","","","","","",""
"2020027757","0111","0","0","0","0","0","0","0","0","0","7","0","","67","3","2020","1","40.069072","-75.242039","0102","6","0","0","0","0","0","1","0","0","","0","0","0","","","0","N","0","","40 04:08.660","","0","75 14:31.340","0","0","0","0","67301","0","0","0","N","0","0","0","1","67301","0","","4.0","","1","N","N","N","1","","0","0","0","","0","","","1","0","0","0","0","0","0","2","0","1","","","","N","","","","","","","","","",""
"2020026960","0733","0","0","0","0","0","0","0","0","0","8","0","","67","3","2020","5","39.956647","-75.165993","0724","6","0","0","0","0","0","1","0","0","","0","0","0","","","1","","1","","39 57:23.929","","0","75 09:57.574","3","0","0","0","67301","1","0","0","N","1","0","0","2","67301","0","","1.0","","1","N","N","N","0","","1","0","1","","2","","","2","1","0","0","0","0","0","2","0","1","","","","N","","","","","","","","","",""
"2020024257","0925","1","0","0","0","0","0","0","0","0","4","0","","67","3","2020","7","40.024675","-75.17056","0920","6","0","0","0","0","0","1","0","0","","0","0","0","","","0","","1","","40 01:28.829","","0","75 10:14.015","0","0","0","0","67301","0","0","0","N","0","0","0","3","67301","0","","1.0","","1","N","N","N","0","","0","0","1","","3","","","2","0","0","0","0","0","0","2","0","2","","","","N","","","","","","","","","",""
"2020026726","0200","2","0","0","0","0","0","0","0","0","2","0","","67","3","2020","5","39.929501","-75.243384","0200","6","0","0","0","0","0","0","0","0","","0","0","0","","","3","N","0","","39 55:46.205","5","0","75 14:36.181","3","0","0","0","67301","0","0","0","N","0","0","0","3","67301","0","","1.0","500.0","1","N","N","N","0","","3","0","0","","0","Y","","2","3","0","0","0","0","0","2","0","2","","03","","N","","","","","","","","","",""
"2020027940","0715","0","0","0","0","0","0","0","0","0","8","0","","67","3","2020","5","40.04564","-75.128489","0710","6","0","0","0","0","0","0","0","0","","0","0","0","","","1","","1","","40 02:44.303","","0","75 07:42.560","8","0","0","0","67301","1","0","0","N","1","0","0","2","67301","0","","1.0","","1","N","N","N","0","","0","0","1","","2","","","2","1","1","0","0","1","0","2","0","1","","03","","N","","","","","","","","","",""
"2020026041","0550","1","0","0","0","0","0","0","0","0","7","0","","67","3","2020","6","40.005691","-75.177293","0550","6","0","0","0","0","0","1","0","0","","0","0","0","","","1","N","0","","40 00:20.486","","0","75 10:38.254","8","0","0","0","67301","0","0","0","N","0","0","0","1","67301","0","","5.0","","9","N","N","N","0","","0","0","0","","0","","","1","1","0","0","0","1","0","2","0","1","","07","","N","","","","","","","","","",""
"2020025628","1843","2","0","0","0","0","0","0","0","0","4","0","","67","3","2020","4","40.024732","-75.214454","1836","6","0","0","0","0","0","0","0","0","","0","0","0","","","0","","2","","40 01:29.035","","0","75 12:52.034","0","0","0","0","67301","0","0","0","N","0","0","0","2","67301","0","","1.0","","1","N","N","N","0","","0","0","0","","0","","","2","0","0","0","0","0","0","2","0","2","","03","","N","","","","","","","","","",""
"2020024095","1640","1","0","0","0","0","0","0","0","0","1","0","","67","3","2020","6","40.108824","-74.997883","1600","6","0","0","0","0","0","0","0","0","","0","0","0","","","1","N","0","","40 06:31.768","","0","74 59:52.377","8","0","0","0","67301","0","0","0","N","0","0","0","2","67301","0","","1.0","","9","N","N","N","0","","0","0","1","","4","","","2","1","0","0","0","1","0","2","0","2","","07","","N","","","","","","","","","",""
"2020029446","0710","1","0","0","1","0","0","0","0","0","8","0","","67","3","2020","6","39.957134","-75.169743","0710","6","0","0","0","0","0","0","0","0","","0","0","0","","","1","N","0","","39 57:25.684","","0","75 10:11.076","8","0","0","0","67301","1","0","0","N","0","0","0","2","67301","0","","1.0","","9","N","N","N","0","","0","0","0","","2","","","2","1","0","0","0","1","0","2","0","1","","","","N","","","","","","","","","",""