"CRN","ARRIVAL_TM","AUTOMOBILE_COUNT","BELTED_DEATH_COUNT","BELTED_SUSP_SERIOUS_INJ_COUNT","BICYCLE_COUNT","BICYCLE_DEATH_COUNT","BICYCLE_SUSP_SERIOUS_INJ_COUNT","BUS_COUNT","CHLDPAS_DEATH_COUNT","CHLDPAS_SUSP_SERIOUS_INJ_COUNT","COLLISION_TYPE","COMM_VEH_COUNT","CONS_ZONE_SPD_LIM","COUNTY","CRASH_MONTH","CRASH_YEAR","DAY_OF_WEEK","DEC_LATITUDE","DEC_LONGITUDE","DISPATCH_TM","DISTRICT","DRIVER_COUNT_16YR","DRIVER_COUNT_17YR","DRIVER_COUNT_18YR","DRIVER_COUNT_19YR","DRIVER_COUNT_20YR","DRIVER_COUNT_50_64YR","DRIVER_COUNT_65_74YR","DRIVER_COUNT_75PLUS","EST_HRS_CLOSED","FATAL_COUNT","HEAVY_TRUCK_COUNT","HORSE_BUGGY_COUNT","HOUR_OF_DAY","ILLUMINATION","INJURY_COUNT","INTERSECTION_RELATED","INTERSECT_TYPE","LANE_CLOSED","LATITUDE","LN_CLOSE_DIR","LOCATION_TYPE","LONGITUDE","MAX_SEVERITY_LEVEL","MCYCLE_DEATH_COUNT","MCYCLE_SUSP_SERIOUS_INJ_COUNT","MOTORCYCLE_COUNT","MUNICIPALITY","NONMOTR_COUNT","NONMOTR_DEATH_COUNT","NONMOTR_SUSP_SERIOUS_INJ_COUNT","NTFY_HIWY_MAINT","PED_COUNT","PED_DEATH_COUNT","PED_SUSP_SERIOUS_INJ_COUNT","PERSON_COUNT","POLICE_AGCY","POSSIBLE_INJ_COUNT","RDWY_SURF_TYPE_CD","RELATION_TO_ROAD","ROADWAY_CLEARED","ROAD_CONDITION","SCH_BUS_IND","SCH_ZONE_IND","SECONDARY_CRASH","SMALL_TRUCK_COUNT","SPEC_JURIS_CD","SUSP_MINOR_INJ_COUNT","SUSP_SERIOUS_INJ_COUNT","SUV_COUNT","TCD_FUNC_CD","TCD_TYPE","TFC_DETOUR_IND","TIME_OF_DAY","TOTAL_UNITS","TOT_INJ_COUNT","UNBELTED_OCC_COUNT","UNB_DEATH_COUNT","UNB_SUSP_SERIOUS_INJ_COUNT","UNK_INJ_DEG_COUNT","UNK_INJ_PER_COUNT","URBAN_RURAL","VAN_COUNT","VEHICLE_COUNT","WEATHER1","WEATHER2","WORKERS_PRES","WORK_ZONE_IND","WORK_ZONE_LOC","WORK_ZONE_TYPE","WZ_CLOSE_DETOUR","WZ_FLAGGER","WZ_LAW_OFFCR_IND","WZ_LN_CLOSURE","WZ_MOVING","WZ_OTHER","WZ_SHLDER_MDN","WZ_WORKERS_INJ_KILLED"
"2020065338","2215","0","0","0","0","0","0","0","0","0","8","0","","67","7","2020","3","39.996854","-75.116526","2215","6","0","0","0","0","0","0","0","0","","1","0","0","","","0","N","0","","39 59:48.675","7","0","75 06:59.494","1","0","0","0","67301","1","1","0","N","1","1","0","2","67301","0","2","1.0","1140.0","1","N","N","N","0","0","0","0","1","","0","N","","2","0","0","0","0","0","0","2","0","1","","03","","N","","","","","","","","","",""
"2020024363","0235","2","0","0","0","0","0","0","0","0","5","0","","67","3","2020","7","40.045844","-75.150297","0235","6","0","0","0","0","0","0","0","0","","0","0","0","","","0","N","0","","40 02:45.040","","0","75 09:01.070","0","0","0","0","67301","0","0","0","N","0","0","0","2","67301","0","","6.0","","9","N","N","N","0","","0","0","0","","2","","","2","0","0","0","0","0","0","2","0","2","","03","","N","","","","","","","","","",""
"2020066874","0745","1","0","0","0","0","0","0","0","0","7","0","","67","8","2020","1","40.01728","-75.211421","0743","6","0","0","0","0","0","0","0","0","","0","0","0","","","0","N","0","","40 01:02.207","","0","75 12:41.115","0","0","0","0","67301","0","0","0","N","0","0","0","1","67301","0","","4.0","","9","N","N","N","0","","0","0","0","","0","","","1","0","0","0","0","0","0","2","0","1","","07","","N","","","","","","","","","",""
"2020023975","0120","2","0","0","0","0","0","0","0","0","1","0","","67","3","2020","3","39.951232","-75.179417","0054","6","0","0","0","0","0","0","0","0","","0","0","0","","","1","N","0","","39 57:04.436","","0","75 10:45.900","3","0","0","0","67301","0","0","0","N","0","0","0","3","67301","0","","1.0","","9","N","N","N","0","","1","0","0","","2","","","2","1","0","0","0","0","0","2","0","2","","","","N","","","","","","","","","",""
"2020026557","1100","1","0","0","0","0","0","0","0","0","1","0","","67","3","2020","3","40.025151","-75.124856","1100","6","0","0","0","0","0","0","0","0","","0","0","0","","","1","Y","0","","40 01:30.544","","0","75 07:29.481","3","0","0","0","67301","0","0","0","N","0","0","0","3","67301","0","","1.0","","99","N","N","Y","0","","1","0","0","","0","","","3","1","0","0","0","0","0","2","0","3","","98","","N","","","","","","","","","",""
"2020067336","1812","0","0","0","0","0","0","0","0","0","8","0","","67","8","2020","5","39.968928","-75.250581","1808","6","0","0","0","0","0","0","0","0","","0","0","0","","","1","N","0","","39 58:08.140","2","0","75 15:02.090","2","0","0","0","67301","1","0","1","N","1","0","1","2","67301","0","","1.0","2003.0","1","N","N","N","0","","0","1","1","","0","Y","","2","1","0","0","0","0","0","2","0","1","","","","N","","","","","","","","","",""
"2020024894","2105","0","0","0","0","0","0","0","0","0","7","0","","67","3","2020","2","40.064221","-74.983934","2102","6","0","0","0","0","0","0","0","1","","0","0","0","","","0","N","0","","40 03:51.195","2","0","74 59:02.163","0","0","0","0","67301","0","0","0","N","0","0","0","1","67301","0","","4.0","2200.0","1","N","N","N","0","","0","0","1","","0","N","","1","0","0","0","0","0","0","2","0","1","","03","","N","","","","","","","","","",""
"2020065756","0752","1","0","0","0","0","0","0","0","0","4","0","","67","8","2020","5","40.057794","-75.008743","0739","6","0","0","0","0","0","0","0","0","","0","0","0","","","2","","1","","40 03:28.059","","0","75 00:31.473","8","0","0","0","67301","0","0","0","N","0","0","0","3","67301","0","","1.0","","1","N","N","N","0","","0","0","0","","2","","","2","2","0","0","0","2","0","2","1","2","","04","","N","","","","","","","","","",""
"2020023310","2007","0","0","0","0","0","0","0","0","0","7","0","","67","3","2020","3","40.086514","-75.034919","1959","6","0","0","0","0","0","0","0","1","","0","0","0","","","1","N","0","","40 05:11.450","","0","75 02:05.710","3","0","0","0","67301","0","0","0","N","0","0","0","1","67301","0","","5.0","","1","N","N","N","0","","1","0","0","","0","","","1","1","1","0","0","0","0","2","1","1","","03","","N","","","","","","","","","",""
"2020026491","2215","2","0","0","0","0","0","0","0","0","5","0","","67","3","2020","7","40.012384","-75.073976","2213","6","0","0","0","0","0","1","0","0","","0","0","0","","","1","N","0","","40 00:44.582","","0","75 04:26.312","3","0","0","0","67301","0","0","0","N","0","0","0","1","67301","0","","6.0","","1","N","N","N","0","","1","0","0","","0","","","3","1","0","0","0","0","0","2","1","3","","","","N","","","","","","","","","",""
"2020067022","1653","1","0","0","0","0","0","0","0","0","8","0","","67","8","2020","1","39.985431","-75.149333","1646","6","0","0","0","0","0","0","0","0","","0","0","0","","","1","N","0","","39 59:07.550","","0","75 08:57.600","3","0","0","0","67301","1","0","0","N","1","0","0","2","67301","0","","6.0","","1","N","N","N","0","","1","0","0","","0","","","2","1","0","0","0","0","1","2","0","1","","03","","N","","","","","","","","","",""
"2020066459","1348","0","0","0","0","0","0","0","0","0","8","0","","67","8","2020","2","40.026132","-75.121859","1345","6","0","0","0","0","0","0","0","0","","0","0","0","","","1","","5","","40 01:34.076","","0","75 07:18.694","2","0","0","0","67301","1","0","1","N","1","0","1","1","67301","0","","1.0","","1","N","N","N","0","","0","1","0","","2","","","2","1","0","0","0","0","0","2","0","1","","","","N","","","","","","","","","",""
"2020023308","1048","0","0","0","0","0","0","0","0","0","4","0","","67","3","2020","2","39.95768","-75.162367","1045","6","0","0","0","0","0","1","0","0","","0","0","0","","","1","","5","","39 57:27.649","","2","75 09:44.521","3","0","0","0","67301","0","0","0","N","0","0","0","3","67301","0","","1.0","","1","N","N","N","0","","1","0","1","","2","","","2","1","0","0","0","0","0","2","1","2","","03","","N","","","","","","","","","",""
"2020026424","1130","1","0","0","0","0","0","0","0","0","1","0","","67","3","2020","6","39.971464","-75.15951","1130","6","0","0","0","0","0","0","0","0","","0","0","0","","","1","","1","","39 58:17.270","","0","75 09:34.235","3","0","0","0","67301","0","0","0","N","0","0","0","2","67301","0","","1.0","","1","N","N","N","0","","1","0","1","","2","","","2","1","1","0","0","0","1","2","0","2","","03","","N","","","","","","","","","",""
"2020063046","2210","1","0","0","0","0","0","1","0","0","2","1","","67","8","2020","2","39.995198","-75.1856","2200","6","0","0","0","0","0","0","0","0","","0","0","0","","","2","N","0","","39 59:42.711","","0","75 11:08.159","3","0","0","0","67301","0","0","0","N","0","0","0","2","67508","0","","1.0","","1","N","N","Y","0","","2","0","0","","0","N","","2","2","0","0","0","0","0","2","0","2","","03","","N","","","","","","","","","",""
"2020025257","2012","1","0","0","0","0","0","0","0","0","1","0","","67","3","2020","3","39.984694","-75.156612","2010","6","0","0","0","0","0","0","0","0","","0","0","0","","","1","","1","","39 59:04.898","","0","75 09:23.804","3","0","0","0","67301","0","0","0","N","0","0","0","2","67505","0","","1.0","","1","N","N","N","0","","1","0","1","","2","","","2","1","0","0","0","0","0","2","0","2","","","","N","","","","","","","","","",""
"2020066460","1628","2","0","0","0","0","0","0","0","0","5","1","","67","8","2020","2","40.021219","-75.158811","1623","6","0","0","0","0","0","0","0","0","","0","1","0","","","0","N","0","","40 01:16.390","","0","75 09:31.720","9","0","0","0","67301","0","0","0","N","0","0","0","1","67301","0","","6.0","","1","N","N","N","0","","0","0","0","","0","","","3","0","0","0","0","0","1","2","0","3","","","","N","","","","","","","","","",""
"2020026855","1015","2","0","0","0","0","0","0","0","0","1","0","","67","3","2020","7","39.991444","-75.084969","1000","6","0","0","0","0","0","1","0","0","","0","0","0","","","0","","2","","39 59:29.199","","0","75 05:05.889","9","0","0","0","67301","0","0","0","N","0","0","0","2","67301","0","","1.0","","1","N","N","N","0","","0","0","0","","0","","","2","0","0","0","0","0","1","2","0","2","","","","N","","","","","","","","","",""
"2020022414","1713","1","0","0","0","0","0","0","0","0","8","0","","67","3","2020","1","40.022351","-75.078135","1652","6","0","0","0","0","0","0","0","0","","0","0","0","","","1","","1","","40 01:20.463","","0","75 04:41.285","3","0","0","0","67301","1","0","0","N","1","0","0","2","67301","0","","1.0","","1","N","N","N","0","","1","0","0","","2","","","2","1","0","0","0","0","0","2","0","1","","03","","N","","","","","","","","","",""
"2020024588","0258","0","0","0","0","0","0","0","0","0","7","0","","67","3","2020","7","39.910833","-75.173639","0258","6","0","0","0","0","0","0","0","0","","0","0","0","","","0","N","0","","39 54:39.000","3","2","75 10:25.100","0","0","0","0","67301","0","0","0","N","0","0","0","4","67501","0","","4.0","400.0","9","N","N","N","0","","0","0","1","","0","Y","","1","0","0","0","0","0","0","2","0","1","","","","N","","","","","","","","","",""
"2020025307","1948","0","0","0","0","0","0","0","0","0","8","0","","67","3","2020","3","39.953622","-75.142942","1948","6","0","0","0","0","0","0","0","0","","0","0","0","","","1","N","0","","39 57:13.040","","0","75 08:34.590","4","0","0","0","67301","1","0","0","N","1","0","0","2","67301","1","","1.0","","1","N","N","N","0","","0","0","1","","2","","","2","1","0","0","0","0","0","2","0","1","","","","N","","","","","","","","","",""
"2020025630","1020","1","0","0","0","0","0","0","0","0","3","0","","67","3","2020","3","39.963049","-75.161192","1014","6","0","0","0","0","0","1","0","0","","0","0","0","","","1","","1","","39 57:46.975","","0","75 09:40.291","3","0","0","0","67301","0","0","0","N","0","0","0","2","67301","0","","1.0","","1","N","N","N","0","","1","0","1","","1","","","2","1","0","0","0","0","0","2","0","2","","03","","N","","","","","","","","","",""
"2020022502","1215","1","0","0","0","0","0","0","0","0","1","0","","67","3","2020","2","40.042323","-75.025601","1215","6","0","0","0","0","0","0","0","0","","0","0","0","","","0","","1","","40 02:32.362","2","0","75 01:32.162","0","0","0","0","67301","0","0","0","N","0","0","0","2","67301","0","","1.0","30.0","1","N","N","N","0","","0","0","1","","2","Y","","2","0","0","0","0","0","0","2","0","2","","03","","N","","","","","","","","","",""
"2020064857","1239","1","0","0","0","0","0","0","0","0","1","0","","67","8","2020","1","39.978599","-75.202921","1239","6","0","0","0","0","0","0","0","0","","0","0","0","","","5","N","0","","39 58:42.956","","0","75 12:10.514","3","0","0","0","67301","0","0","0","N","0","0","0","6","68K01","2","","1.0","","1","N","N","N","1","","3","0","1","","0","","","3","5","0","0","0","0","0","2","0","3","","","","N","","","","","","","","","",""
"2020064880","1850","1","0","0","0","0","0","0","0","0","1","0","","67","8","2020","6","39.993426","-75.084681","1832","6","0","0","0","0","0","0","0","0","","0","0","0","","","1","N","0","","39 59:36.335","1","0","75 05:04.853","8","0","0","0","67301","0","0","0","N","0","0","0","3","68K01","0","","1.0","1850.0","1","N","N","N","0","","0","0","1","","0","N","","3","1","0","0","0","1","0","2","1","3","","04","","N","","","","","","","","","",""
"2020023226","2008","0","0","0","0","0","0","0","0","0","8","0","","67","3","2020","3","40.006779","-75.156711","2004","6","0","0","0","0","0","0","0","0","","0","0","0","","","1","","1","","40 00:24.404","","0","75 09:24.159","3","0","0","0","67301","1","0","0","N","1","0","0","2","67301","0","","1.0","","9","N","N","N","0","","1","0","0","","3","","","2","1","0","0","0","0","0","2","0","1","","","","N","","","","","","","","","",""
"2020022861","2307","1","0","0","0","0","0","0","0","0","4","0","","67","3","2020","2","40.014992","-75.064411","2258","6","0","0","0","0","0","0","0","0","","0","0","0","","","1","","1","","40 00:53.971","","0","75 03:51.880","8","0","0","0","67301","0","0","0","N","0","0","0","3","67301","0","","1.0","","9","N","N","N","0","","0","0","1","","3","","","2","1","0","0","0","1","1","2","0","2","","","","N","","","","","","","","","",""
"2020026676","0045","0","0","0","1","0","0","0","0","0","8","0","","67","3","2020","1","39.981952","-75.239038","0040","6","0","0","0","0","0","0","1","0","","0","0","0","","","1","","1","","39 58:55.028","","0","75 14:20.537","3","0","0","0","67301","1","0","0","N","0","0","0","2","67301","0","","1.0","","1","N","N","N","0","","1","0","1","","2","","","2","1","0","0","0","0","0","2","0","1","","","","N","","","","","","","","","",""
"2020025748","1735","1","0","0","0","0","0","0","0","0","1","0","","67","3","2020","3","40.004314","-75.128004","1730","6","0","0","0","0","0","0","0","0","","0","0","0","","","1","","1","","40 00:15.530","","0","75 07:40.814","3","0","0","0","67301","0","0","0","N","0","0","0","2","67301","0","","1.0","","1","N","N","N","1","","1","0","0","","2","","","2","1","0","0","0","0","0","2","0","2","","03","","N","","","","","","","","","",""
"2020032313","1321","3","0","0","0","0","0","0","0","0","7","0","","67","3","2020","7","40.023573","-75.033973","1318","6","0","0","0","0","0","0","0","0","","0","0","0","","","0","N","0","","40 01:24.862","","0","75 02:02.302","0","0","0","0","67301","0","0","0","N","0","0","0","6","68K01","0","","5.0","","1","N","N","N","0","","0","0","1","","0","","","4","0","0","0","0","0","0","2","0","4","","","","N","","","","","","","","","",""
"2020067610","2300","1","0","0","0","0","0","0","0","0","1","0","","67","8","2020","2","39.956305","-75.141517","2300","6","0","0","0","0","1","1","0","0","","0","0","0","","","1","N","0","","39 57:22.697","2","0","75 08:29.462","3","0","0","0","67301","0","0","0","N","0","0","0","3","68K01","0","","1.0","30.0","1","N","N","Y","0","","1","0","1","","1","N","","2","1","0","0","0","0","0","2","0","2","","03","","N","","","","","","","","","",""
"2020026220","0012","0","0","0","0","0","0","0","0","0","4","0","","67","3","2020","6","40.021128","-75.139919","0012","6","0","0","0","0","0","0","0","0","","0","0","0","","","0","","1","","40 01:16.062","","0","75 08:23.710","0","0","0","0","67301","0","0","0","N","0","0","0","4","67301","0","","1.0","","1","N","N","N","0","","0","0","2","","2","","","2","0","0","0","0","0","0","2","0","2","","03","","N","","","","","","","","","",""
"2020026822","2246","3","0","0","0","0","0","0","0","0","1","0","50","67","3","2020","6","39.957659","-75.141324","2237","6","0","0","0","0","0","0","0","0","","0","0","0","","","1","N","0","","39 57:27.571","2","0","75 08:28.766","3","0","0","0","67301","0","0","0","N","0","0","0","3","68K01","0","","1.0","2330.0","1","N","N","N","0","","1","0","0","","0","N","","3","1","0","0","0","0","0","2","0","3","","","N","Y","4","1","","","N","","","Y","","N"
"2020066301","1346","2","0","0","0","0","0","0","0","0","1","0","","67","8","2020","7","40.014993","-75.054565","1328","6","0","0","0","0","0","1","0","0","","0","0","0","","","2","N","0","","40 00:53.975","","0","75 03:16.435","3","0","0","0","67301","0","0","0","N","0","0","0","5","68K01","1","","1.0","","1","N","N","N","0","","1","0","1","","0","","","3","2","0","0","0","0","0","2","0","3","","","","N","","","","","","","","","",""
"2020023494","2230","2","0","0","0","0","0","0","0","0","4","0","","67","3","2020","3","40.028662","-75.20553","2222","6","0","0","0","0","0","0","0","0","","0","0","0","","","0","","1","","40 01:43.183","3","0","75 12:19.909","0","0","0","0","67301","0","0","0","N","0","0","0","3","67301","0","","1.0","1130.0","9","N","N","N","0","","0","0","0","","2","N","","2","0","0","0","0","0","0","2","0","2","","07","","N","","","","","","","","","",""
"2020025866","1617","2","0","0","0","0","0","0","0","0","2","0","","67","3","2020","3","40.007164","-75.156711","1612","6","0","0","0","0","0","0","0","0","","0","0","0","","","0","N","0","","40 00:25.790","","0","75 09:24.160","0","0","0","0","67301","0","0","0","N","0","0","0","1","67301","0","","6.0","","1","N","N","N","0","","0","0","0","","0","","","3","0","0","0","0","0","0","2","1","3","","03","","N","","","","","","","","","",""
"2020029479","0923","1","0","0","0","0","0","0","0","0","1","0","","67","3","2020","4","39.978634","-75.202975","0921","6","0","0","0","0","0","0","0","0","","0","0","0","","","1","N","0","","39 58:43.084","","0","75 12:10.709","4","0","0","0","67301","0","0","0","N","0","0","0","3","68K01","1","","1.0","","1","N","N","N","0","","0","0","1","","0","","","2","1","0","0","0","0","0","2","0","2","","","","N","","","","","","","","","",""
"2020026221","1315","0","0","0","0","0","0","0","0","0","8","0","","67","3","2020","6","39.977212","-75.123928","1312","6","0","0","0","0","0","1","0","0","","0","0","0","","","1","","1","","39 58:37.963","","0","75 07:26.140","3","0","0","0","67301","1","0","0","N","1","0","0","2","67301","0","","1.0","","1","N","N","N","0","","1","0","1","","3","","","2","1","0","0","0","0","0","2","0","1","","","","N","","","","","","","","","",""
"2020066690","0934","0","0","0","0","0","0","0","0","0","1","1","","67","8","2020","2","40.020952","-75.139961","0932","6","0","0","0","0","0","1","0","0","","0","1","0","","","2","","1","","40 01:15.426","","0","75 08:23.859","8","0","0","0","67301","0","0","0","N","0","0","0","3","67301","0","","1.0","","1","N","N","N","0","","0","0","1","","2","","","2","2","0","0","0","2","0","2","0","2","","03","","N","","","","","","","","","",""
"2020026637","2111","1","0","0","0","0","0","0","0","0","1","0","","67","3","2020","7","40.014367","-75.153038","2110","6","0","0","0","0","0","0","0","0","","0","0","0","","","2","","1","","40 00:51.722","2","0","75 09:10.938","3","0","0","0","67301","0","0","0","N","0","0","0","3","67301","0","","1.0","2135.0","1","N","N","N","0","","2","0","0","","2","N","","2","2","1","0","0","0","1","2","0","2","","","","N","","","","","","","","","",""
"2020023977","1115","0","0","0","0","0","0","0","0","0","4","0","","67","3","2020","6","40.040363","-75.124174","1040","6","0","0","0","0","0","1","0","0","","0","0","0","","","1","","1","","40 02:25.306","6","0","75 07:27.026","4","0","0","0","67301","0","0","0","N","0","0","0","4","67301","1","","1.0","1115.0","1","N","N","N","0","","0","0","1","","2","N","","2","1","0","0","0","0","0","2","1","2","","07","","N","","","","","","","","","",""
"2020023552","1520","1","0","0","0","0","0","0","0","0","5","0","","67","3","2020","2","40.038114","-75.06825","1515","6","0","0","0","0","0","0","1","0","","0","0","0","","","1","N","0","","40 02:17.210","4","0","75 04:05.700","3","0","0","0","67301","0","0","0","N","0","0","0","3","67301","0","","1.0","1544.0","1","N","Y","N","0","","1","0","0","","2","N","","3","1","0","0","0","0","0","2","2","3","","03","","N","","","","","","","","","",""
"2020067528","1545","3","0","0","0","0","0","0","0","0","5","0","","67","8","2020","5","39.953843","-75.248602","1537","6","0","0","0","0","1","0","0","0","","0","0","0","","","0","N","0","","39 57:13.835","1","0","75 14:54.968","0","0","0","0","67301","0","0","0","N","0","0","0","2","67301","0","","1.0","1650.0","1","N","N","Y","0","","0","0","0","","0","N","","3","0","0","0","0","0","0","2","0","3","","03","","N","","","","","","","","","",""
"2020067401","0212","1","0","0","0","0","0","0","0","0","4","0","","67","8","2020","7","40.075708","-75.168475","0209","6","0","0","0","0","0","0","0","0","","0","0","0","","","0","N","0","","40 04:32.550","","0","75 10:06.510","0","0","0","0","67301","0","0","0","N","0","0","0","1","67301","0","","4.0","","1","N","N","N","0","","0","0","0","","0","","","2","0","0","0","0","0","0","2","0","2","","","","N","","","","","","","","","",""
"2020066103","","0","0","0","0","0","0","0","0","0","5","0","","67","1","2020","6","39.894612","-75.236717","","6","0","0","0","0","0","0","0","0","","0","0","0","","","2","","1","","39 53:40.603","","0","75 14:12.181","2","0","0","0","67301","0","0","0","N","0","0","0","3","00000","0","","1.0","","1","N","N","N","0","","1","1","0","","2","","","2","2","0","0","0","0","0","2","0","2","","","","N","","","","","","","","","",""
"2020025894","0156","2","0","0","0","0","0","0","0","0","5","0","","67","3","2020","5","39.971814","-75.209386","0154","6","0","0","0","0","0","0","0","0","","0","0","0","","","0","N","0","","39 58:18.530","","0","75 12:33.790","0","0","0","0","67301","0","0","0","N","0","0","0","1","67301","0","","6.0","","1","N","N","N","1","","0","0","0","","0","","","3","0","0","0","0","0","0","2","0","3","","03","","N","","","","","","","","","",""
"2020066571","1945","1","0","0","0","0","0","0","0","0","4","0","","67","8","2020","7","39.987191","-75.200001","1938","6","0","0","0","0","0","0","0","0","","1","0","0","","","0","N","0","","39 59:13.887","3","7","75 12:00.002","1","1","0","1","67301","0","0","0","N","0","0","0","2","67301","0","2","1.0","2130.0","1","N","N","N","0","0","0","0","0","","0","N","","2","0","0","0","0","0","0","2","0","2","","03","","N","","","","","","","","","",""
"2020024188","2123","0","0","0","0","0","0","0","0","0","4","0","","67","3","2020","6","40.010125","-75.121436","2123","6","0","0","0","0","0","0","0","0","","0","0","0","","","0","","1","","40 00:36.450","","0","75 07:17.168","0","0","0","0","67301","0","0","0","N","0","0","0","2","67301","0","","1.0","","9","N","N","N","1","","0","0","1","","2","","","2","0","0","0","0","0","0","2","0","2","","","","N","","","","","","","","","",""
"2020023671","2032","0","0","0","0","0","0","0","0","0","8","0","","67","3","2020","4","39.920235","-75.157175","2032","6","0","0","0","0","0","0","0","0","","0","0","0","","","1","","1","","39 55:12.846","","0","75 09:25.830","4","0","0","0","67301","1","0","0","N","1","0","0","2","67301","1","","1.0","","1","N","N","N","0","","0","0","0","","3","","","2","1","0","0","0","0","0","2","0","1","","","","N","","","","","","","","","",""
"2020028058","2048","1","0","0","0","0","0","0","0","0","7","0","","67","3","2020","1","39.959831","-75.178449","2040","6","0","0","0","0","0","0","0","0","","0","0","0","","","0","N","7","","39 57:35.391","3","2","75 10:42.417","0","0","0","0","67301","0","0","0","Y","0","0","0","1","68K01","0","","7.0","30.0","1","N","N","N","0","","0","0","0","","0","N","","1","0","1","0","0","0","0","2","0","1","","03","","N","","","","","","","","","",""
"2020025896","1030","0","0","0","0","0","0","0","0","0","4","0","","67","3","2020","5","39.979529","-75.240907","1030","6","0","0","0","0","0","0","0","0","","0","0","0","","","0","","1","","39 58:46.304","","0","75 14:27.265","9","0","0","0","67301","0","0","0","N","0","0","0","3","67301","0","","1.0","","1","N","N","N","0","","0","0","3","","3","","","3","0","0","0","0","0","1","2","0","3","","03","","N","","","","","","","","","",""
"2020064882","1923","2","0","0","0","0","0","0","0","0","1","0","","67","8","2020","6","39.958471","-75.166532","1915","6","0","0","0","0","0","0","0","0","","0","0","0","","","0","N","0","","39 57:30.494","","0","75 09:59.515","0","0","0","0","67301","0","0","0","N","0","0","0","2","68K01","0","","1.0","","9","N","N","N","0","","0","0","0","","0","","","3","0","0","0","0","0","0","2","0","3","","","","N","","","","","","","","","",""
"2020027174","2025","2","0","0","0","0","0","0","0","0","4","0","","67","3","2020","5","39.954758","-75.236221","2024","6","0","0","0","0","0","1","0","0","","0","0","0","","","3","","1","","39 57:17.128","","0","75 14:10.395","3","0","0","0","67301","0","0","0","N","0","0","0","4","67301","0","","1.0","","9","N","N","N","0","","3","0","1","","2","","","4","3","0","0","0","0","0","2","1","4","","","","N","","","","","","","","","",""
"2020066880","0950","0","0","0","0","0","0","0","0","0","8","1","","67","8","2020","3","39.952981","-75.16842","0940","6","0","0","0","0","0","1","0","0","","0","1","0","","","1","","1","","39 57:10.730","","0","75 10:06.313","3","0","0","0","67301","1","0","0","N","1","0","0","2","67301","0","","1.0","","1","N","N","N","0","","1","0","0","","2","","","2","1","0","0","0","0","0","2","0","1","","03","","N","","","","","","","","","",""
"2020025635","2353","0","0","0","0","0","0","0","0","0","7","0","","67","3","2020","3","39.971281","-75.121302","2353","6","0","0","0","0","0","1","0","0","","0","0","0","","","1","","1","","39 58:16.610","","2","75 07:16.686","8","0","0","1","67301","0","0","0","N","0","0","0","1","67301","0","","5.0","","1","N","N","N","0","","0","0","0","","2","","","1","1","0","0","0","1","0","2","0","1","","03","","N","","","","","","","","","",""
"2020066210","1510","1","0","0","0","0","0","0","0","0","1","0","","67","8","2020","1","40.01845","-75.167912","1500","6","0","0","0","0","0","0","0","0","","0","0","0","","","2","N","0","","40 01:06.420","2","0","75 10:04.482","3","0","0","0","67301","0","0","0","N","0","0","0","4","67301","0","","1.0","1525.0","1","N","N","N","0","","2","0","1","","0","N","","3","2","3","0","0","0","1","2","0","3","","03","","N","","","","","","","","","",""
"2020066280","1233","1","0","0","0","0","0","0","0","0","5","2","","67","8","2020","2","40.035395","-75.017369","1223","6","0","0","0","0","0","0","1","0","","0","2","0","","","1","N","0","","40 02:07.422","1","0","75 01:02.530","8","0","0","0","67301","0","0","0","N","0","0","0","3","68K01","0","","1.0","1304.0","1","N","N","N","0","","0","0","0","","8","N","","3","1","1","0","0","1","0","2","0","3","","","","N","","","","","","","","","",""
"2020024676","1800","0","0","0","0","0","0","0","0","0","8","0","","67","3","2020","7","39.990933","-75.130882","1800","6","0","0","0","0","0","0","0","0","","0","0","0","","","1","N","0","","39 59:27.360","","0","75 07:51.174","3","0","0","0","67301","1","0","0","N","1","0","0","2","67301","0","","1.0","","1","N","N","N","0","","1","0","0","","9","","","2","1","0","0","0","0","0","2","0","1","","","","N","","","","","","","","","",""
"2020063996","1950","1","0","0","0","0","0","0","0","0","5","0","","67","7","2020","2","39.993933","-75.199317","1944","6","0","0","0","0","0","0","0","0","","0","0","0","","","1","N","0","","39 59:38.157","","0","75 11:57.542","8","0","0","0","67301","0","0","0","N","0","0","0","2","68K01","0","","1.0","","1","N","N","N","0","","0","0","0","","0","","","2","1","0","0","0","1","1","2","0","2","","","","N","","","","","","","","","",""
"2020025862","2248","2","0","0","0","0","0","0","0","0","4","0","","67","3","2020","3","39.951423","-75.247045","2245","6","0","0","0","0","0","0","1","0","","0","0","0","","","0","","1","","39 57:05.122","","0","75 14:49.361","9","0","0","0","67301","0","0","0","N","0","0","0","3","67301","0","","1.0","","1","N","N","N","0","","0","0","0","","3","","","3","0","0","0","0","0","1","2","1","3","","03","","N","","","","","","","","","",""
"2020025315","0017","1","0","0","0","0","0","0","0","0","4","0","","67","3","2020","1","40.008176","-75.142761","0017","6","0","0","0","0","0","0","0","0","","0","1","0","","","0","","1","","40 00:29.432","","0","75 08:33.941","0","0","0","0","67301","0","0","0","N","0","0","0","4","67301","0","","1.0","","1","N","N","N","0","","0","0","0","","2","","","2","0","0","0","0","0","0","2","0","2","","03","","N","","","","","","","","","",""