"CRN","ARRIVAL_TM","AUTOMOBILE_COUNT","BELTED_DEATH_COUNT","BELTED_SUSP_SERIOUS_INJ_COUNT","BICYCLE_COUNT","BICYCLE_DEATH_COUNT","BICYCLE_SUSP_SERIOUS_INJ_COUNT","BUS_COUNT","CHLDPAS_DEATH_COUNT","CHLDPAS_SUSP_SERIOUS_INJ_COUNT","COLLISION_TYPE","COMM_VEH_COUNT","CONS_ZONE_SPD_LIM","COUNTY","CRASH_MONTH","CRASH_YEAR","DAY_OF_WEEK","DEC_LATITUDE","DEC_LONGITUDE","DISPATCH_TM","DISTRICT","DRIVER_COUNT_16YR","DRIVER_COUNT_17YR","DRIVER_COUNT_18YR","DRIVER_COUNT_19YR","DRIVER_COUNT_20YR","DRIVER_COUNT_50_64YR","DRIVER_COUNT_65_74YR","DRIVER_COUNT_75PLUS","EST_HRS_CLOSED","FATAL_COUNT","HEAVY_TRUCK_COUNT","HORSE_BUGGY_COUNT","HOUR_OF_DAY","ILLUMINATION","INJURY_COUNT","INTERSECTION_RELATED","INTERSECT_TYPE","LANE_CLOSED","LATITUDE","LN_CLOSE_DIR","LOCATION_TYPE","LONGITUDE","MAX_SEVERITY_LEVEL","MCYCLE_DEATH_COUNT","MCYCLE_SUSP_SERIOUS_INJ_COUNT","MOTORCYCLE_COUNT","MUNICIPALITY","NONMOTR_COUNT","NONMOTR_DEATH_COUNT","NONMOTR_SUSP_SERIOUS_INJ_COUNT","NTFY_HIWY_MAINT","PED_COUNT","PED_DEATH_COUNT","PED_SUSP_SERIOUS_INJ_COUNT","PERSON_COUNT","POLICE_AGCY","POSSIBLE_INJ_COUNT","RDWY_SURF_TYPE_CD","RELATION_TO_ROAD","ROADWAY_CLEARED","ROAD_CONDITION","SCH_BUS_IND","SCH_ZONE_IND","SECONDARY_CRASH","SMALL_TRUCK_COUNT","SPEC_JURIS_CD","SUSP_MINOR_INJ_COUNT","SUSP_SERIOUS_INJ_COUNT","SUV_COUNT","TCD_FUNC_CD","TCD_TYPE","TFC_DETOUR_IND","TIME_OF_DAY","TOTAL_UNITS","TOT_INJ_COUNT","UNBELTED_OCC_COUNT","UNB_DEATH_COUNT","UNB_SUSP_SERIOUS_INJ_COUNT","UNK_INJ_DEG_COUNT","UNK_INJ_PER_COUNT","URBAN_RURAL","VAN_COUNT","VEHICLE_COUNT","WEATHER1","WEATHER2","WORKERS_PRES","WORK_ZONE_IND","WORK_ZONE_LOC","WORK_ZONE_TYPE","WZ_CLOSE_DETOUR","WZ_FLAGGER","WZ_LAW_OFFCR_IND","WZ_LN_CLOSURE","WZ_MOVING","WZ_OTHER","WZ_SHLDER_MDN","WZ_WORKERS_INJ_KILLED"
"2020065189","1231","1","0","0","0","0","0","0","0","0","5","1","","67","8","2020","3","39.886336","-75.24278","1220","6","0","0","0","0","0","1","0","0","","0","1","0","","","0","N","0","","39 53:10.808","","0","75 14:34.009","0","0","0","0","67301","0","0","0","N","0","0","0","2","68K01","0","","1.0","","9","N","N","N","0","","0","0","0","","0","","","2","0","0","0","0","0","0","2","0","2","","08","","N","","","","","","","","","",""
"2020022859","1517","2","0","0","0","0","0","0","0","0","4","0","","67","3","2020","2","40.024431","-75.062811","1515","6","0","0","0","0","0","0","0","0","","0","0","0","","","1","","5","","40 01:27.953","1","0","75 03:46.121","4","0","0","0","67301","0","0","0","N","0","0","0","5","67301","1","","1.0","1530.0","1","N","N","N","0","","0","0","0","","2","N","","3","1","1","0","0","0","0","2","1","3","","","","N","","","","","","","","","",""
"2020022866","2049","0","0","0","0","0","0","0","0","0","8","0","","67","3","2020","2","39.994795","-75.15932","2048","6","0","0","0","0","0","0","0","0","","0","0","0","","","1","","1","","39 59:41.261","","0","75 09:33.552","3","0","0","0","67301","1","0","0","N","1","0","0","2","67301","0","","1.0","","1","N","N","N","0","","1","0","1","","2","","","2","1","0","0","0","0","0","2","0","1","","03","","N","","","","","","","","","",""
"2020025627","0500","1","0","0","0","0","0","0","0","0","5","0","","67","3","2020","4","40.045517","-75.223211","0501","6","0","0","0","0","0","0","0","0","","0","0","0","","","1","N","0","","40 02:43.860","","0","75 13:23.560","8","0","0","0","67301","0","0","0","N","0","0","0","1","67301","0","","6.0","","1","N","N","N","0","","0","0","1","","0","","","2","1","1","0","0","1","0","2","0","2","","","","N","","","","","","","","","",""
"2020026736","2320","2","0","0","0","0","0","0","0","0","4","0","","67","3","2020","5","40.035268","-75.145564","2311","6","0","0","0","1","0","0","0","0","","0","0","0","","","0","","1","","40 02:06.964","","0","75 08:44.032","0","0","0","0","67301","0","0","0","N","0","0","0","3","67301","0","","1.0","","1","N","N","N","0","","0","0","0","","2","","","2","0","1","0","0","0","0","2","0","2","","03","","N","","","","","","","","","",""
"2020026674","0022","1","0","0","0","0","0","0","0","0","7","0","","67","3","2020","1","40.088803","-75.045186","0020","6","0","0","0","0","0","0","0","0","","0","0","0","","","0","N","0","","40 05:19.690","","0","75 02:42.670","0","0","0","0","67301","0","0","0","N","0","0","0","1","67301","0","","4.0","","9","N","N","N","0","","0","0","0","","0","","","1","0","0","0","0","0","0","2","0","1","","","","N","","","","","","","","","",""
"2020062696","0249","1","0","0","0","0","0","0","0","0","1","0","","67","8","2020","4","40.025376","-75.073317","0247","6","0","0","0","0","0","0","0","0","","0","0","0","","","0","","1","","40 01:31.355","","0","75 04:23.942","0","0","0","0","67301","0","0","0","N","0","0","0","2","67301","0","","1.0","","1","N","N","N","0","","0","0","1","","0","","","2","0","2","0","0","0","0","2","0","2","","03","","N","","","","","","","","","",""
"2020024870","2135","0","0","0","0","0","0","0","0","0","4","0","","67","3","2020","1","40.029911","-75.103076","2127","6","0","0","0","0","0","1","0","0","","0","0","0","","","0","","1","","40 01:47.679","","0","75 06:11.073","0","0","0","0","67301","0","0","0","N","0","0","0","2","67301","0","","1.0","","1","N","N","N","0","","0","0","1","","2","","","2","0","0","0","0","0","0","2","1","2","","03","","N","","","","","","","","","",""
"2020007507","1640","1","0","0","0","0","0","0","0","0","4","0","","67","1","2020","1","40.032566","-75.124186","1629","6","0","0","0","0","0","1","0","0","","0","0","0","","","2","","1","","40 01:57.237","","0","75 07:27.069","3","0","0","0","67301","0","0","0","N","0","0","0","2","67301","0","","1.0","","1","N","N","N","0","","2","0","1","","2","","","2","2","0","0","0","0","0","2","0","2","","03","","N","","","","","","","","","",""
"2020025863","1538","2","0","0","0","0","0","0","0","0","1","0","","67","3","2020","5","39.993309","-75.186024","1533","6","0","0","0","0","0","1","1","0","","0","0","0","","","2","","1","","39 59:35.912","","0","75 11:09.686","3","0","0","0","67301","0","0","0","N","0","0","0","4","67301","0","","1.0","","1","N","N","N","0","","2","0","0","","3","","","2","2","2","0","0","0","0","2","0","2","","03","","N","","","","","","","","","",""
"2020064004","1615","1","0","0","0","0","0","0","0","0","5","1","","67","7","2020","6","39.996145","-75.082669","1605","6","0","0","0","0","0","0","0","0","","0","1","0","","","1","N","0","","39 59:46.123","1","0","75 04:57.608","8","0","0","0","67301","0","0","0","N","0","0","0","2","68K01","0","","1.0","1700.0","9","N","N","N","0","","0","0","0","","0","Y","","2","1","0","0","0","1","0","2","0","2","","","","N","","","","","","","","","",""
"2020067405","2040","0","0","0","0","0","0","0","0","0","4","0","","67","8","2020","5","39.990128","-75.161342","2036","6","0","0","0","0","0","1","0","0","","0","0","0","","","1","N","0","","39 59:24.460","","99","75 09:40.830","3","0","0","1","67301","0","0","0","N","0","0","0","2","67301","0","","1.0","","1","N","N","N","0","","1","0","1","","0","","","2","1","0","0","0","0","0","2","0","2","","03","","N","","","","","","","","","",""
"2020066352","0345","1","0","0","0","0","0","0","0","0","1","1","","67","7","2020","4","39.955565","-75.141596","0339","6","0","0","0","0","0","1","0","0","","0","1","0","","","3","N","0","","39 57:20.035","2","0","75 08:29.745","8","0","0","0","67301","0","0","0","N","0","0","0","4","68K01","0","","1.0","445.0","1","N","N","N","0","","0","0","0","","0","N","","2","3","0","0","0","3","0","2","0","2","","03","","N","","","","","","","","","",""
"2020024193","2148","0","0","0","0","0","0","0","0","0","8","0","","67","3","2020","6","40.012425","-75.177303","2140","6","0","0","0","0","0","0","0","0","","0","0","0","","","1","","2","","40 00:44.730","","0","75 10:38.290","3","0","0","0","67301","1","0","0","N","1","0","0","2","67301","0","","1.0","","9","N","N","N","0","","1","0","0","","3","","","2","1","0","0","0","0","0","2","0","1","","","","N","","","","","","","","","",""
"2020024412","1622","0","0","0","0","0","0","0","0","0","5","0","","67","3","2020","7","40.034525","-75.16585","1614","6","0","0","0","0","0","1","0","0","","0","0","0","","","0","N","0","","40 02:04.290","","0","75 09:57.060","0","0","0","0","67301","0","0","0","N","0","0","0","1","67301","0","","6.0","","1","N","N","N","2","","0","0","0","","0","","","2","0","0","0","0","0","0","2","0","2","","03","","N","","","","","","","","","",""
"2020064932","0936","1","0","0","0","0","0","0","0","0","7","0","","67","8","2020","4","40.108472","-74.995962","0931","6","0","0","0","0","0","1","0","0","","0","0","0","","","1","N","0","","40 06:30.498","1","0","74 59:45.464","3","0","0","0","67301","0","0","0","N","0","0","0","1","67301","0","","4.0","950.0","1","N","N","N","0","","1","0","0","","0","N","","1","1","0","0","0","0","0","2","0","1","","03","","N","","","","","","","","","",""
"2020066353","0135","1","0","0","0","0","0","0","0","0","1","0","","67","7","2020","7","39.938918","-75.143379","0135","6","0","0","0","0","0","0","0","0","","0","0","0","","","1","N","0","","39 56:20.105","","0","75 08:36.164","8","0","0","0","67301","0","0","0","N","0","0","0","1","68K01","0","","1.0","","1","N","N","N","0","","0","0","0","","0","","","2","1","0","0","0","1","0","2","0","2","","03","","N","","","","","","","","","",""
"2020051690","1315","1","0","0","0","0","0","1","0","0","4","1","","67","6","2020","6","40.011138","-75.153322","1300","6","0","0","0","0","0","1","0","0","","0","0","0","","","3","","1","","40 00:40.096","","0","75 09:11.959","8","0","0","0","67301","0","0","0","N","0","0","0","3","67508","0","","1.0","","1","N","N","N","0","","0","0","0","","3","","","2","3","0","0","0","3","0","2","0","2","","","","N","","","","","","","","","",""
"2020026175","0315","1","0","0","0","0","0","0","0","0","7","0","","67","3","2020","6","40.047488","-75.091868","0310","6","0","0","0","0","0","0","0","0","","0","0","0","","","1","","1","","40 02:50.956","","0","75 05:30.725","8","0","0","0","67301","0","0","0","N","0","0","0","1","67301","0","","4.0","","9","N","N","N","0","","0","0","0","","2","","","1","1","1","0","0","1","0","2","0","1","","04","","N","","","","","","","","","",""
"2020022413","1610","3","0","0","0","0","0","0","0","0","1","1","","67","3","2020","1","40.025008","-75.030939","1556","6","0","0","0","0","0","1","0","0","","0","1","0","","","0","N","0","","40 01:30.030","","0","75 01:51.380","9","0","0","0","67301","0","0","0","N","0","0","0","1","67301","0","","6.0","","1","N","N","N","0","","0","0","2","","0","","","6","0","0","0","0","0","1","2","0","6","","03","","N","","","","","","","","","",""
"2020026494","1923","1","0","0","0","0","0","0","0","0","4","0","","67","3","2020","7","39.969246","-75.133394","1917","6","0","0","0","0","0","0","0","0","","0","0","0","","","0","Y","0","","39 58:09.286","","0","75 08:00.217","0","0","0","0","67301","0","0","0","N","0","0","0","2","67301","0","","1.0","","1","N","N","N","0","","0","0","1","","3","","","2","0","0","0","0","0","0","2","0","2","","03","","N","","","","","","","","","",""
"2020051474","1650","1","0","0","0","0","0","0","0","0","4","0","","67","6","2020","7","40.039341","-75.184832","1644","6","0","0","0","0","0","1","0","0","","1","0","0","","","0","","1","","40 02:21.627","","0","75 11:05.396","1","0","0","0","67301","0","0","0","N","0","0","0","2","67301","0","2","1.0","","1","N","N","N","0","0","0","0","1","","2","","","2","0","0","0","0","0","0","2","0","2","","03","","N","","","","","","","","","",""
"2020026350","0815","2","0","0","0","0","0","0","0","0","4","0","","67","3","2020","6","39.960201","-75.239103","0815","6","0","0","0","1","0","1","0","0","","0","0","0","","","0","","1","","39 57:36.724","","0","75 14:20.772","0","0","0","0","67301","0","0","0","N","0","0","0","2","67301","0","","1.0","","9","N","N","N","0","","0","0","0","","2","","","2","0","2","0","0","0","0","2","0","2","","04","","N","","","","","","","","","",""
"2020026560","1634","1","0","0","0","0","0","0","0","0","5","0","","67","3","2020","7","39.998933","-75.13252","1630","6","0","0","0","0","0","0","0","0","","0","0","0","","","1","N","0","","39 59:56.157","","0","75 07:57.071","2","0","0","0","67301","0","0","0","N","0","0","0","1","67301","0","","6.0","","1","N","N","N","0","","0","1","2","","0","","","3","1","1","0","1","0","0","2","0","3","","03","","N","","","","","","","","","",""
"2020022503","1929","2","0","0","0","0","0","0","0","0","4","0","","67","3","2020","1","40.044192","-75.162742","1928","6","0","0","0","0","0","0","0","0","","0","0","0","","","0","","1","","40 02:39.090","2","0","75 09:45.870","0","0","0","0","67301","0","0","0","N","0","0","0","4","67301","0","","1.0","2020.0","1","N","N","N","0","","0","0","0","","2","N","","2","0","0","0","0","0","0","2","0","2","","03","","N","","","","","","","","","",""
"2020026037","0859","1","0","0","0","0","0","0","0","0","5","0","","67","3","2020","2","40.013073","-75.16004","0857","6","0","0","0","0","0","0","0","0","","0","0","0","","","1","N","0","","40 00:47.061","","0","75 09:36.144","4","0","0","0","67301","0","0","0","N","0","0","0","1","67301","1","","6.0","","1","N","N","N","0","","0","0","2","","0","","","3","1","0","0","0","0","0","2","0","3","","03","","N","","","","","","","","","",""
"2020026261","2230","0","0","0","0","0","0","0","0","0","4","0","","67","3","2020","6","39.977336","-75.119354","2230","6","0","0","0","0","0","0","0","0","","0","0","0","","","2","N","0","","39 58:38.409","","7","75 07:09.674","3","0","0","0","67301","0","0","0","N","0","0","0","3","67301","0","","1.0","","1","N","N","N","0","","2","0","2","","0","","","2","2","0","0","0","0","0","2","0","2","","03","","N","","","","","","","","","",""
"2020052199","2110","0","0","0","0","0","0","0","0","0","8","0","","67","7","2020","6","39.992522","-75.143977","2105","6","0","0","0","0","0","0","0","0","","0","0","0","","","1","N","0","","39 59:33.079","","0","75 08:38.316","8","0","0","0","67301","1","0","0","N","1","0","0","2","67301","0","","1.0","","1","N","N","N","0","","0","0","0","","0","","","2","1","0","0","0","1","1","2","0","1","","03","","N","","","","","","","","","",""
"2020025553","1612","1","0","0","0","0","0","0","0","0","8","0","","67","3","2020","4","39.97404","-75.165452","1608","6","0","0","0","0","0","0","0","0","","0","0","0","","","1","","1","","39 58:26.545","","0","75 09:55.626","3","0","0","0","67301","1","0","0","N","1","0","0","2","67301","0","","1.0","","1","N","Y","N","0","","1","0","0","","3","","","2","1","0","0","0","0","0","2","0","1","","","","N","","","","","","","","","",""
"2020024416","0025","3","0","0","0","0","0","0","0","0","5","0","","67","3","2020","7","40.025008","-75.178586","0021","6","0","0","0","0","0","0","0","0","","0","0","0","","","2","N","0","","40 01:30.030","","0","75 10:42.910","3","0","0","0","67301","0","0","0","N","0","0","0","2","67301","0","","6.0","","1","N","N","N","0","","2","0","0","","9","","","3","2","0","0","0","0","0","2","0","3","","03","","N","","","","","","","","","",""
"2020066328","1925","2","0","0","0","0","0","0","0","0","1","0","","67","8","2020","6","39.959487","-75.174728","1853","6","0","0","0","0","0","0","0","0","","0","0","0","","","0","N","0","","39 57:34.154","4","0","75 10:29.022","0","0","0","0","67301","0","0","0","N","0","0","0","2","68K01","0","","1.0","1908.0","1","N","N","Y","0","","0","0","0","","0","N","","2","0","0","0","0","0","0","2","0","2","","03","","N","","","","","","","","","",""
"2020026559","1310","2","0","0","0","0","0","0","0","0","4","0","","67","3","2020","6","39.994954","-75.149691","1300","6","0","0","0","0","0","0","0","1","","0","0","0","","","3","","1","","39 59:41.834","","0","75 08:58.887","3","0","0","0","67301","0","0","0","N","0","0","0","3","67301","1","","1.0","","1","N","N","N","0","","2","0","0","","3","","","2","3","3","0","0","0","0","2","0","2","","03","","N","","","","","","","","","",""
"2020023218","1945","2","0","0","0","0","0","0","0","0","4","0","","67","3","2020","3","39.979155","-75.137469","1942","6","0","0","0","0","0","0","0","0","","0","0","0","","","1","","1","","39 58:44.957","","0","75 08:14.888","3","0","0","0","67301","0","0","0","N","0","0","0","3","67301","0","","1.0","","9","N","N","N","0","","1","0","0","","2","","","2","1","0","0","0","0","0","2","0","2","","03","","N","","","","","","","","","",""
"2020027393","1250","2","0","0","0","0","0","0","0","0","4","0","","67","3","2020","7","39.978916","-75.232258","1245","6","0","0","0","0","0","1","0","0","","0","0","0","","","1","","1","","39 58:44.097","","0","75 13:56.128","3","0","0","0","67301","0","0","0","N","0","0","0","2","67301","0","","1.0","","1","N","N","N","0","","1","0","0","","3","","","2","1","0","0","0","0","0","2","0","2","","","","N","","","","","","","","","",""
"2020026426","2315","1","0","0","0","0","0","0","0","0","5","0","","67","3","2020","6","40.005603","-75.165388","2314","6","0","0","0","0","0","1","0","0","","0","0","0","","","3","N","2","","40 00:20.170","","0","75 09:55.396","4","0","0","0","67301","0","0","0","N","0","0","0","3","67301","3","","1.0","","1","N","N","N","0","","0","0","1","","9","","","2","3","0","0","0","0","0","2","0","2","","03","","N","","","","","","","","","",""
"2020065120","0517","1","0","0","0","0","0","0","0","0","7","0","","67","8","2020","1","40.088739","-75.045086","0513","6","0","0","0","0","0","0","0","0","","0","0","0","","","0","N","0","","40 05:19.460","","0","75 02:42.310","9","0","0","0","67301","0","0","0","N","0","0","0","1","67301","0","","2.0","","1","N","N","N","0","","0","0","0","","3","","","1","0","0","0","0","0","1","2","0","1","","03","","N","","","","","","","","","",""
"2020026495","1930","2","0","0","0","0","0","0","0","0","4","0","","67","3","2020","7","39.96924","-75.138335","1926","6","0","0","0","0","0","0","0","0","","0","0","0","","","0","N","0","","39 58:09.263","","0","75 08:18.005","9","0","0","0","67301","0","0","0","N","0","0","0","2","67301","0","","1.0","","1","N","N","N","0","","0","0","0","","0","","","2","0","0","0","0","0","2","2","0","2","","03","","N","","","","","","","","","",""
"2020066781","1315","0","0","0","0","0","0","0","0","0","8","2","","67","8","2020","5","39.991687","-75.127092","1300","6","0","0","0","0","0","0","0","0","","0","2","0","","","1","N","0","","39 59:30.073","","0","75 07:37.531","2","0","0","0","67301","1","0","1","N","1","0","1","2","67301","0","","1.0","","1","N","N","N","0","","0","1","0","","0","","","3","1","0","0","0","0","0","2","0","2","","03","","N","","","","","","","","","",""
"2020026554","0301","1","0","0","0","0","0","0","0","0","7","0","","67","3","2020","1","39.94775","-75.231948","0259","6","0","0","0","0","0","0","0","0","","0","0","0","","","0","N","0","","39 56:51.899","","0","75 13:55.012","0","0","0","0","67301","0","0","0","N","0","0","0","1","67301","0","","4.0","","9","N","N","N","0","","0","0","0","","0","","","1","0","0","0","0","0","0","2","0","1","","07","","N","","","","","","","","","",""
"2020024466","0850","0","0","0","0","0","0","0","0","0","4","0","","67","3","2020","1","40.020404","-75.152107","0835","6","0","0","0","0","0","0","0","1","","0","0","0","","","2","","1","","40 01:13.453","","0","75 09:07.586","3","0","0","0","67301","0","0","0","N","0","0","0","2","67301","0","","1.0","","1","N","N","N","0","","2","0","2","","2","","","2","2","0","0","0","0","0","2","0","2","","","","N","","","","","","","","","",""
"2020065328","2116","0","0","0","0","0","0","0","0","0","7","0","","67","7","2020","5","39.920955","-75.246628","2116","6","0","1","0","0","0","0","0","0","","2","0","0","","","3","N","0","","39 55:15.439","5","0","75 14:47.862","1","0","0","0","67301","0","0","0","N","0","0","0","5","67301","0","2","5.0","2120.0","1","N","N","N","0","0","0","3","1","","0","N","","1","3","4","2","2","0","0","2","0","1","","03","","N","","","","","","","","","",""
"2020023313","0812","1","0","0","0","0","0","0","0","0","4","0","","67","3","2020","4","39.991043","-75.168557","0756","6","0","0","0","0","0","1","0","0","","0","0","0","","","0","","1","","39 59:27.754","","0","75 10:06.805","9","0","0","0","67301","0","0","0","N","0","0","0","2","67301","0","","1.0","","1","N","N","N","0","","0","0","0","","2","","","2","0","0","0","0","0","2","2","1","2","","03","","N","","","","","","","","","",""
"2020027044","1715","1","0","0","0","0","0","0","0","0","4","0","","67","3","2020","1","40.026543","-75.138689","0715","6","0","0","0","0","0","0","0","0","","0","0","0","","","4","","1","","40 01:35.554","","0","75 08:19.280","8","0","0","0","67301","0","0","0","N","0","0","0","5","67301","0","","1.0","","1","N","N","N","0","","0","0","0","","2","","","2","4","0","0","0","4","0","2","0","2","","03","","N","","","","","","","","","",""
"2020065854","0933","2","0","0","0","0","0","0","0","0","2","0","","67","8","2020","7","39.954726","-75.240255","0929","6","0","0","0","0","0","1","0","0","","0","0","0","","","0","","1","","39 57:17.013","2","0","75 14:24.917","0","0","0","0","67301","0","0","0","N","0","0","0","2","67301","0","","1.0","1033.0","1","N","N","N","0","","0","0","0","","3","N","","2","0","1","0","0","0","0","2","0","2","","03","","N","","","","","","","","","",""
"2020051991","1839","2","0","0","0","0","0","0","0","0","4","0","","67","6","2020","3","39.992497","-75.130546","1830","6","0","0","0","0","0","1","0","0","","0","0","0","","","1","","1","","39 59:32.989","","0","75 07:49.965","8","0","0","0","67301","0","0","0","N","0","0","0","3","67301","0","","1.0","","1","N","N","N","0","","0","0","1","","0","","","3","1","1","0","0","1","2","2","0","3","","03","","N","","","","","","","","","",""
"2020025313","1739","0","0","0","0","0","0","0","0","0","4","0","","67","3","2020","2","39.939171","-75.191658","1738","6","0","0","0","0","0","0","0","0","","0","0","0","","","1","","2","","39 56:21.015","","0","75 11:29.968","3","0","0","1","67301","0","0","0","N","0","0","0","2","67301","0","","1.0","","1","N","N","N","0","","1","0","1","","2","","","2","1","0","0","0","0","0","2","0","2","","03","","N","","","","","","","","","",""
"2020023227","1320","0","0","0","0","0","0","0","0","0","7","0","","67","3","2020","2","39.87685","-75.248961","1320","6","0","0","0","1","0","0","0","0","","0","0","0","","","1","N","0","","39 52:36.660","","0","75 14:56.260","2","0","0","0","67301","0","0","0","N","0","0","0","1","67301","0","","4.0","","1","N","N","N","0","","0","1","1","","0","","","1","1","0","0","0","0","0","2","0","1","","","","N","","","","","","","","","",""
"2020066267","1632","2","0","0","0","0","0","0","0","0","1","0","","67","7","2020","6","39.959394","-75.173974","1614","6","0","0","0","0","0","0","0","0","","0","0","0","","","0","N","0","","39 57:33.818","4","0","75 10:26.306","0","0","0","0","67301","0","0","0","N","0","0","0","3","68K01","0","","1.0","15.0","1","N","N","Y","1","","0","0","0","","0","N","","3","0","0","0","0","0","0","2","0","3","","03","","N","","","","","","","","","",""
"2020024256","1618","1","0","0","0","0","0","0","0","0","8","0","","67","3","2020","6","","-75.023028","1615","6","0","0","0","0","0","0","1","0","","0","0","0","","","1","N","0","","40 4:59.800","5","7","75 01:22.900","3","0","0","0","67301","1","0","0","N","1","0","0","2","67301","0","","1.0","1634.0","9","N","N","N","0","","1","0","0","","0","N","","2","1","1","0","0","0","0","1","0","1","","07","","N","","","","","","","","","",""
"2020028399","1200","3","0","0","0","0","0","0","0","0","4","0","","67","3","2020","7","39.916116","-75.238978","1145","6","0","0","0","0","0","0","0","0","","0","0","0","","","2","","1","","39 54:58.016","","0","75 14:20.319","4","0","0","0","67301","0","0","0","N","0","0","0","3","67301","2","","1.0","","1","N","N","N","0","","0","0","1","","2","","","4","2","3","0","0","0","0","2","0","4","","03","","N","","","","","","","","","",""
"2020026353","0514","1","0","0","0","0","0","0","0","0","7","0","","67","3","2020","7","39.983628","-75.197658","0514","6","0","0","0","0","0","0","0","0","","0","0","0","","","1","N","0","","39 59:01.060","6","0","75 11:51.570","3","0","0","0","67301","0","0","0","N","0","0","0","1","67301","0","","4.0","641.0","1","N","N","N","0","","1","0","0","","0","N","","1","1","0","0","0","0","0","2","0","1","","03","","N","","","","","","","","","",""
"2020031132","1944","0","0","0","0","0","0","0","0","0","7","0","","67","3","2020","7","40.00436","-75.194807","1935","6","0","0","0","0","0","0","0","0","","0","0","0","","","1","N","0","","40 00:15.697","4","0","75 11:41.304","8","0","0","0","67301","0","0","0","N","0","0","0","1","68K01","0","","2.0","2017.0","1","N","N","N","0","","0","0","1","","0","N","","1","1","0","0","0","1","0","2","0","1","","03","","N","","","","","","","","","",""
"2020026961","0815","1","0","0","0","0","0","0","0","0","6","0","","67","3","2020","5","39.97166","-75.190035","0808","6","0","0","0","0","0","0","1","0","","0","0","0","","","3","N","0","","39 58:17.976","5","0","75 11:24.125","2","0","0","0","67301","0","0","0","N","0","0","0","3","67301","0","","1.0","1143.0","1","N","N","N","0","","1","2","1","","1","Y","","2","3","0","0","0","0","0","2","0","2","","03","","N","","","","","","","","","",""
"2020024465","1411","1","0","0","0","0","0","0","0","0","1","0","","67","3","2020","2","39.960217","-75.23923","1400","6","0","0","1","0","0","0","0","0","","0","0","0","","","2","N","0","","39 57:36.780","3","0","75 14:21.228","4","0","0","0","67301","0","0","0","N","0","0","0","3","67301","2","","1.0","1428.0","1","N","N","N","0","","0","0","0","","2","N","","2","2","0","0","0","0","1","2","1","2","","03","","N","","","","","","","","","",""
"2020067601","0245","0","0","0","0","0","0","0","0","0","4","0","","67","8","2020","7","39.974017","-75.194013","0234","6","0","0","0","0","0","0","0","0","","0","0","0","","","3","N","0","","39 58:26.462","4","0","75 11:38.445","3","0","0","0","67301","0","0","0","N","0","0","0","3","68K01","0","","1.0","340.0","1","N","N","N","0","","3","0","2","","0","N","","2","3","0","0","0","0","0","2","0","2","","","","N","","","","","","","","","",""
"2020067333","0415","2","0","0","0","0","0","0","0","0","1","0","","67","8","2020","4","40.072528","-75.157919","0402","6","0","0","0","0","0","0","0","0","","0","0","0","","","1","N","0","","40 04:21.100","","0","75 09:28.510","8","0","0","0","67301","0","0","0","N","0","0","0","1","67301","0","","6.0","","1","N","N","N","0","","0","0","0","","0","","","2","1","0","0","0","1","0","2","0","2","","03","","N","","","","","","","","","",""
"2020063162","0928","1","0","0","0","0","0","0","0","0","1","0","","67","7","2020","2","39.959012","-75.170938","0928","6","0","0","0","0","0","1","0","0","","0","0","0","","","1","N","0","","39 57:32.443","4","0","75 10:15.376","8","0","0","0","67301","0","0","0","N","0","0","0","5","68K01","0","","1.0","930.0","1","N","N","N","1","","0","0","1","","0","N","","3","1","0","0","0","1","0","2","0","3","","03","","N","","","","","","","","","",""
"2020026989","0633","0","0","0","0","0","0","0","0","0","7","0","","67","3","2020","7","40.10615","-74.986092","0623","6","0","0","0","0","0","0","0","0","","0","0","0","","","1","N","0","","40 06:22.140","4","0","74 59:09.930","4","0","0","0","67301","0","0","0","N","0","0","0","1","67301","1","","4.0","633.0","1","N","N","N","1","","0","0","0","","0","Y","","1","1","0","0","0","0","0","2","0","1","","98","","N","","","","","","","","","",""
"2020024346","1816","1","0","0","0","0","0","0","0","0","8","0","","67","3","2020","6","39.934656","-75.232705","1815","6","0","0","0","0","0","0","0","0","","0","0","0","","","2","","1","","39 56:04.761","","0","75 13:57.737","3","0","0","0","67301","2","0","0","N","2","0","0","3","67301","0","","1.0","","9","N","N","N","0","","1","0","0","","2","","","3","2","0","0","0","1","0","2","0","1","","","","N","","","","","","","","","",""
"2020026679","0157","1","0","0","0","0","0","0","0","0","4","0","","67","3","2020","1","40.027544","-75.146423","0154","6","0","0","0","0","0","0","0","0","","0","0","0","","","0","","1","","40 01:39.158","","0","75 08:47.122","9","0","0","0","67301","0","0","0","N","0","0","0","3","67301","0","","1.0","","9","N","N","N","1","","0","0","1","","2","","","3","0","0","0","0","0","1","2","0","3","","07","","N","","","","","","","","","",""
"2020065847","1645","0","0","0","0","0","0","0","0","0","5","1","","67","8","2020","3","40.026393","-75.097546","1640","6","0","0","0","0","0","0","0","0","","0","1","0","","","1","","1","","40 01:35.013","","0","75 05:51.166","8","0","0","0","67301","0","0","0","N","0","0","0","2","67301","0","","1.0","","1","N","N","N","0","","0","0","1","","2","","","2","1","0","0","0","1","0","2","0","2","","03","","N","","","","","","","","","",""
"2020025057","0940","2","0","0","0","0","0","0","0","0","4","0","","67","3","2020","3","39.975578","-75.191855","0917","6","0","0","0","0","0","0","0","0","","0","0","0","","","0","","2","","39 58:32.079","","0","75 11:30.679","0","0","0","0","67301","0","0","0","N","0","0","0","2","67301","0","","1.0","","1","N","N","N","0","","0","0","0","","0","","","2","0","0","0","0","0","0","2","0","2","","04","","N","","","","","","","","","",""