"CRN","ARRIVAL_TM","AUTOMOBILE_COUNT","BELTED_DEATH_COUNT","BELTED_SUSP_SERIOUS_INJ_COUNT","BICYCLE_COUNT","BICYCLE_DEATH_COUNT","BICYCLE_SUSP_SERIOUS_INJ_COUNT","BUS_COUNT","CHLDPAS_DEATH_COUNT","CHLDPAS_SUSP_SERIOUS_INJ_COUNT","COLLISION_TYPE","COMM_VEH_COUNT","CONS_ZONE_SPD_LIM","COUNTY","CRASH_MONTH","CRASH_YEAR","DAY_OF_WEEK","DEC_LATITUDE","DEC_LONGITUDE","DISPATCH_TM","DISTRICT","DRIVER_COUNT_16YR","DRIVER_COUNT_17YR","DRIVER_COUNT_18YR","DRIVER_COUNT_19YR","DRIVER_COUNT_20YR","DRIVER_COUNT_50_64YR","DRIVER_COUNT_65_74YR","DRIVER_COUNT_75PLUS","EST_HRS_CLOSED","FATAL_COUNT","HEAVY_TRUCK_COUNT","HORSE_BUGGY_COUNT","HOUR_OF_DAY","ILLUMINATION","INJURY_COUNT","INTERSECTION_RELATED","INTERSECT_TYPE","LANE_CLOSED","LATITUDE","LN_CLOSE_DIR","LOCATION_TYPE","LONGITUDE","MAX_SEVERITY_LEVEL","MCYCLE_DEATH_COUNT","MCYCLE_SUSP_SERIOUS_INJ_COUNT","MOTORCYCLE_COUNT","MUNICIPALITY","NONMOTR_COUNT","NONMOTR_DEATH_COUNT","NONMOTR_SUSP_SERIOUS_INJ_COUNT","NTFY_HIWY_MAINT","PED_COUNT","PED_DEATH_COUNT","PED_SUSP_SERIOUS_INJ_COUNT","PERSON_COUNT","POLICE_AGCY","POSSIBLE_INJ_COUNT","RDWY_SURF_TYPE_CD","RELATION_TO_ROAD","ROADWAY_CLEARED","ROAD_CONDITION","SCH_BUS_IND","SCH_ZONE_IND","SECONDARY_CRASH","SMALL_TRUCK_COUNT","SPEC_JURIS_CD","SUSP_MINOR_INJ_COUNT","SUSP_SERIOUS_INJ_COUNT","SUV_COUNT","TCD_FUNC_CD","TCD_TYPE","TFC_DETOUR_IND","TIME_OF_DAY","TOTAL_UNITS","TOT_INJ_COUNT","UNBELTED_OCC_COUNT","UNB_DEATH_COUNT","UNB_SUSP_SERIOUS_INJ_COUNT","UNK_INJ_DEG_COUNT","UNK_INJ_PER_COUNT","URBAN_RURAL","VAN_COUNT","VEHICLE_COUNT","WEATHER1","WEATHER2","WORKERS_PRES","WORK_ZONE_IND","WORK_ZONE_LOC","WORK_ZONE_TYPE","WZ_CLOSE_DETOUR","WZ_FLAGGER","WZ_LAW_OFFCR_IND","WZ_LN_CLOSURE","WZ_MOVING","WZ_OTHER","WZ_SHLDER_MDN","WZ_WORKERS_INJ_KILLED"
"2020026214","0200","1","0","0","0","0","0","0","0","0","7","0","","67","3","2020","2","39.94417","-75.141964","0158","6","0","0","0","0","0","0","0","0","","0","0","0","","","0","","2","","39 56:39.012","","0","75 08:31.072","0","0","0","0","67301","0","0","0","N","0","0","0","1","67301","0","","4.0","","1","N","N","N","0","","0","0","0","","0","","","1","0","0","0","0","0","0","2","0","1","","03","","N","","","","","","","","","",""
"2020062814","0843","1","0","0","0","0","0","0","0","0","4","2","","67","8","2020","5","40.028966","-75.106116","0834","6","0","0","0","0","0","1","0","0","","0","2","0","","","9","N","0","","40 01:44.277","2","0","75 06:22.016","3","0","0","0","67301","0","0","0","N","0","0","0","11","67301","6","","1.0","1155.0","9","N","N","N","0","","3","0","0","","2","Y","","5","9","0","0","0","0","0","2","2","5","","07","","N","","","","","","","","","",""
"2020066114","1250","3","0","0","0","0","0","0","0","0","4","0","","67","8","2020","1","40.028241","-75.078483","1244","6","0","0","0","0","0","1","0","0","","0","0","0","","","1","","1","","40 01:41.667","6","0","75 04:42.538","3","0","0","0","67301","0","0","0","N","0","0","0","2","67301","0","","1.0","1330.0","9","N","N","Y","0","","1","0","0","","3","Y","","3","1","0","0","0","0","0","2","0","3","","","","N","","","","","","","","","",""
"2020026553","0010","1","0","0","0","0","0","0","0","0","1","0","","67","3","2020","7","39.956314","-75.239905","0008","6","0","0","0","0","0","1","0","0","","0","0","0","","","1","","1","","39 57:22.730","","0","75 14:23.657","4","0","0","0","67301","0","0","0","N","0","0","0","2","67301","1","","1.0","","1","N","N","N","0","","0","0","1","","2","","","2","1","0","0","0","0","0","2","0","2","","","","N","","","","","","","","","",""
"2020027803","2328","2","0","0","0","0","0","0","0","0","5","0","45","67","3","2020","6","39.975038","-75.116508","2305","6","0","0","0","0","0","0","0","0","","0","0","0","","","0","N","0","","39 58:30.137","1","0","75 06:59.427","9","0","0","0","67301","0","0","0","N","0","0","0","4","68K01","0","","1.0","30.0","9","N","N","N","0","","0","0","1","","0","N","","4","0","0","0","0","0","1","2","0","4","","","N","Y","4","1","","","N","","","","Y","N"
"2020067017","1448","1","0","0","0","0","0","0","0","0","2","0","","67","8","2020","7","39.976833","-75.208947","1423","6","0","0","0","0","0","0","0","0","","0","0","0","","","1","N","0","","39 58:36.600","","0","75 12:32.210","8","0","0","1","67301","0","0","0","N","0","0","0","5","67301","0","","1.0","","1","N","N","N","0","","0","0","0","","0","","","2","1","0","0","0","1","0","2","0","2","","04","","N","","","","","","","","","",""
"2020009517","0458","1","0","0","0","0","0","0","0","0","5","0","","67","1","2020","6","40.049906","-75.15315","0457","6","0","0","0","0","0","0","0","0","","0","0","0","","","0","N","0","","40 02:59.660","","0","75 09:11.340","0","0","0","0","67301","0","0","0","N","0","0","0","2","67301","0","","6.0","","1","N","N","N","0","","0","0","1","","0","","","3","0","0","0","0","0","0","2","1","3","","03","","N","","","","","","","","","",""
"2020029662","0316","1","0","0","0","0","0","0","0","0","7","0","","67","3","2020","1","40.035444","-75.017266","0312","6","0","0","0","0","1","0","0","0","","0","0","0","","","0","N","0","","40 02:07.599","","0","75 01:02.156","0","0","0","0","67301","0","0","0","N","0","0","0","1","68K01","0","","4.0","","9","N","N","N","0","","0","0","0","","0","","","1","0","0","0","0","0","0","2","0","1","","07","","N","","","","","","","","","",""
"2020023436","2305","1","0","0","0","0","0","0","0","0","7","0","","67","3","2020","3","39.957428","-75.158517","2258","6","0","0","0","0","0","0","0","0","","0","0","0","","","0","N","0","","39 57:26.742","4","0","75 09:30.662","0","0","0","0","67301","0","0","0","N","0","0","0","1","68K01","0","","4.0","2330.0","1","N","N","N","0","","0","0","0","","0","N","","1","0","0","0","0","0","0","2","0","1","","","","N","","","","","","","","","",""
"2020023222","2218","2","0","0","0","0","0","0","0","0","4","0","","67","3","2020","2","40.055909","-75.127157","2204","6","0","0","0","1","0","0","0","0","","0","0","0","","","2","","1","","40 03:21.274","3","0","75 07:37.766","8","0","0","0","67301","0","0","0","N","0","0","0","2","67301","0","","1.0","1200.0","1","N","N","N","0","","0","0","0","","2","Y","","2","2","0","0","0","2","0","2","0","2","","","","N","","","","","","","","","",""
"2020027871","1400","1","0","0","0","0","0","0","0","0","7","0","","67","3","2020","1","40.027194","-75.086394","1355","6","0","0","0","0","0","1","0","0","","0","0","0","","","0","N","0","","40 01:37.900","","0","75 05:11.020","0","0","0","0","67301","0","0","0","N","0","0","0","1","67301","0","","4.0","","1","N","N","N","0","","0","0","0","","0","","","1","0","0","0","0","0","0","2","0","1","","03","","N","","","","","","","","","",""
"2020024413","1230","1","0","0","0","0","0","0","0","0","4","0","","67","3","2020","7","40.032077","-75.081228","1218","6","0","0","0","0","0","0","0","0","","0","0","0","","","1","","1","","40 01:55.477","","0","75 04:52.420","4","0","0","0","67301","0","0","0","N","0","0","0","4","67301","1","","1.0","","1","N","N","N","0","","0","0","2","","3","","","3","1","0","0","0","0","0","2","0","3","","03","","N","","","","","","","","","",""
"2020026732","1240","2","0","0","0","0","0","0","0","0","1","0","","67","3","2020","7","40.034135","-75.027402","1223","6","0","0","0","0","0","0","0","0","","0","0","0","","","1","","1","","40 02:02.885","","0","75 01:38.648","3","0","0","0","67301","0","0","0","N","0","0","0","2","67301","0","","1.0","","1","N","N","N","0","","1","0","0","","2","","","2","1","0","0","0","0","1","2","0","2","","03","","N","","","","","","","","","",""
"2020064060","1428","1","0","0","0","0","0","0","0","0","1","0","","67","8","2020","3","39.942785","-75.193294","1418","6","0","0","0","0","0","2","0","0","","0","0","0","","","1","N","0","","39 56:34.025","3","0","75 11:35.859","3","0","0","0","67301","0","0","0","N","0","0","0","2","68K01","0","","1.0","15.0","9","N","N","N","0","","1","0","1","","0","N","","2","1","0","0","0","0","0","2","0","2","","","","N","","","","","","","","","",""
"2020063432","1310","1","0","0","0","0","0","0","0","0","8","0","","67","8","2020","7","39.977419","-75.16948","1310","6","0","0","0","0","0","0","0","0","","0","0","0","","","1","N","0","","39 58:38.709","6","0","75 10:10.128","8","0","0","0","67301","1","0","0","N","1","0","0","2","67301","0","","1.0","1420.0","1","N","N","N","0","","0","0","0","","0","Y","","2","1","0","0","0","1","0","2","0","1","","04","","N","","","","","","","","","",""
"2020026677","0020","2","0","0","0","0","0","0","0","0","1","0","","67","3","2020","7","40.044413","-75.143452","2307","6","0","0","0","0","0","0","0","0","","0","0","0","","","0","","1","","40 02:39.888","","0","75 08:36.428","9","0","0","0","67301","0","0","0","N","0","0","0","3","67301","0","","1.0","","9","N","N","N","0","","0","0","0","","2","","","2","0","0","0","0","0","1","2","0","2","","","","N","","","","","","","","","",""
"2020011102","1422","1","0","0","0","0","0","0","0","0","1","0","","67","1","2020","2","40.015367","-75.155082","1420","6","0","0","0","0","0","0","0","0","","0","0","0","","","1","Y","0","","40 00:55.321","","0","75 09:18.295","3","0","0","0","67301","0","0","0","N","0","0","0","2","67301","0","","1.0","","1","N","N","N","0","","1","0","0","","2","","","2","1","1","0","0","0","0","2","1","2","","","","N","","","","","","","","","",""
"2020065183","2004","1","0","0","0","0","0","0","0","0","1","0","","67","7","2020","6","39.957671","-75.160342","1955","6","0","0","0","0","0","2","0","0","","0","0","0","","","1","N","0","","39 57:27.616","4","0","75 09:37.232","3","0","0","0","67301","0","0","0","N","0","0","0","4","68K01","0","","1.0","10.0","1","N","N","N","0","","1","0","2","","0","N","","3","1","0","0","0","0","0","2","0","3","","","","N","","","","","","","","","",""
"2020023976","1410","1","0","0","0","0","0","0","0","0","6","0","","67","3","2020","3","40.036189","-75.155609","1410","6","0","0","0","0","0","0","0","0","","0","0","0","","","1","","3","","40 02:10.280","","0","75 09:20.192","8","0","0","0","67301","0","0","0","N","0","0","0","2","67301","0","","1.0","","99","N","N","N","0","","0","0","1","","0","","","2","1","0","0","0","1","1","2","0","2","","98","","N","","","","","","","","","",""
"2020065744","0125","1","0","0","0","0","0","0","0","0","2","0","","67","8","2020","1","39.946827","-75.198395","0123","6","0","0","0","0","0","0","0","0","","0","0","0","","","2","N","0","","39 56:48.576","","0","75 11:54.222","8","0","0","0","67301","0","0","0","Y","0","0","0","2","67504","0","","4.0","","1","N","N","N","0","","0","0","0","","0","N","","1","2","2","0","0","2","0","2","0","1","","03","","N","","","","","","","","","",""
"2020067195","1558","0","0","0","0","0","0","0","0","0","7","0","","67","8","2020","3","40.046226","-75.060353","1555","6","0","0","0","0","0","0","0","0","","1","0","0","","","0","N","0","","40 02:46.414","","0","75 03:37.269","1","1","0","1","67301","0","0","0","N","0","0","0","1","67301","0","2","5.0","","1","N","N","N","0","0","0","0","0","","0","","","1","0","0","0","0","0","0","2","0","1","","04","","N","","","","","","","","","",""
"2020064019","1730","1","0","0","0","0","0","0","0","0","1","0","","67","7","2020","5","39.968805","-75.127413","1718","6","0","0","0","0","0","0","0","0","","0","0","0","","","0","N","0","","39 58:07.697","1","0","75 07:38.688","0","0","0","0","67301","0","0","0","N","0","0","0","2","68K01","0","","1.0","1732.0","1","N","N","N","1","","0","0","0","","0","N","","2","0","0","0","0","0","0","2","0","2","","04","","N","","","","","","","","","",""
"2020025634","1218","1","0","0","0","0","0","0","0","0","4","0","","67","3","2020","2","39.997352","-75.089528","1218","6","0","0","0","0","0","1","0","0","","0","0","0","","","1","","1","","39 59:50.466","","0","75 05:22.299","8","0","0","0","67301","0","0","0","N","0","0","0","2","67301","0","","1.0","","99","N","N","N","0","","0","0","1","","2","","","2","1","0","0","0","1","0","2","0","2","","","","N","","","","","","","","","",""
"2020026179","0024","2","0","0","0","0","0","0","0","0","4","0","","67","3","2020","4","39.957511","-75.217339","0015","6","0","0","1","0","0","0","0","0","","0","0","0","","","0","","1","","39 57:27.041","3","0","75 13:02.421","0","0","0","0","67301","0","0","0","N","0","0","0","3","67301","0","","1.0","120.0","1","N","N","N","0","","0","0","0","","2","N","","2","0","1","0","0","0","0","2","0","2","","","","N","","","","","","","","","",""
"2020063967","0235","1","0","0","0","0","0","0","0","0","2","1","","67","8","2020","4","40.012825","-75.205105","0230","6","0","0","0","0","0","1","0","0","","0","1","0","","","1","N","0","","40 00:46.170","4","2","75 12:18.379","3","0","0","0","67301","0","0","0","N","0","0","0","2","67301","0","","1.0","200.0","9","N","N","N","0","","1","0","0","","0","Y","","2","1","0","0","0","0","0","2","0","2","","04","","N","","","","","","","","","",""
"2020066336","1800","2","0","0","0","0","0","0","0","0","1","0","","67","8","2020","7","39.979314","-75.204013","1751","6","0","1","0","0","0","0","0","0","","0","0","0","","","0","N","0","","39 58:45.530","","0","75 12:14.447","0","0","0","0","67301","0","0","0","N","0","0","0","2","68K01","0","","2.0","","1","N","N","N","0","","0","0","0","","0","","","2","0","0","0","0","0","0","2","0","2","","","","N","","","","","","","","","",""
"2020009862","0626","2","0","0","0","0","0","0","0","0","5","0","","67","1","2020","6","40.016597","-75.140942","0623","6","0","0","0","0","0","0","0","0","","0","0","0","","","0","N","0","","40 00:59.750","1","0","75 08:27.390","0","0","0","0","67301","0","0","0","N","0","0","0","1","67301","0","","6.0","715.0","1","N","N","N","0","","0","0","1","","0","N","","4","0","0","0","0","0","0","2","1","4","","03","","N","","","","","","","","","",""
"2020026369","1700","0","0","0","1","0","0","0","0","0","8","0","","67","3","2020","7","39.951563","-75.19907","1657","6","0","0","0","0","0","0","0","0","","0","0","0","","","1","Y","0","","39 57:05.625","","0","75 11:56.652","8","0","0","0","67301","1","0","0","N","0","0","0","3","67504","0","","1.0","","1","N","N","N","0","","0","0","1","","0","","","2","1","0","0","0","1","0","2","0","1","","03","","N","","","","","","","","","",""
"2020025617","0637","0","0","0","0","0","0","0","0","0","1","0","","67","3","2020","5","39.909","-75.151028","0631","6","0","0","0","0","0","0","0","0","","0","0","0","","","0","N","0","","39 54:32.400","4","3","75 09:03.700","0","0","0","0","67301","0","0","0","N","0","0","0","2","67501","0","","1.0","730.0","1","N","N","N","1","","0","0","0","","8","N","","2","0","0","0","0","0","0","2","1","2","","","","N","","","","","","","","","",""
"2020025547","1810","1","0","0","0","0","0","0","0","0","8","0","","67","3","2020","4","39.949079","-75.162124","1810","6","0","0","0","0","0","0","0","0","","0","0","0","","","1","","1","","39 56:56.686","","6","75 09:43.648","3","0","0","0","67301","1","0","0","N","1","0","0","2","67301","0","","1.0","","1","N","N","N","0","","1","0","0","","2","","","2","1","0","0","0","0","0","2","0","1","","04","","N","","","","","","","","","",""
"2020026088","1720","1","0","0","0","0","0","0","0","0","4","0","","67","3","2020","6","39.978988","-75.160225","1717","6","0","0","0","0","0","1","0","0","","0","0","0","","","1","N","1","","39 58:44.355","","0","75 09:36.809","4","0","0","0","67301","0","0","0","N","0","0","0","2","67505","1","","1.0","","1","N","N","N","0","","0","0","1","","0","","","2","1","0","0","0","0","0","2","0","2","","03","","N","","","","","","","","","",""
"2020027114","2335","1","0","0","0","0","0","0","0","0","0","0","","67","3","2020","5","39.998536","-75.195564","2306","6","0","0","0","1","0","0","0","0","","0","0","0","","","1","N","0","","39 59:54.731","4","0","75 11:44.031","3","0","0","0","67301","0","0","0","N","0","0","0","5","68K01","0","","1.0","0.0","1","N","N","N","0","","1","0","1","","0","N","","2","1","0","0","0","0","0","2","0","2","","","","N","","","","","","","","","",""
"2020025368","1623","0","0","0","0","0","0","0","0","0","6","0","","67","3","2020","2","40.037951","-75.222436","1613","6","0","0","0","0","0","1","1","0","","0","0","0","","","2","N","0","","40 02:16.622","2","0","75 13:20.770","3","0","0","0","67301","0","0","0","N","0","0","0","2","67301","0","","1.0","1610.0","1","N","N","N","0","","2","0","2","","2","N","","2","2","0","0","0","0","0","2","0","2","","","","N","","","","","","","","","",""
"2020023210","1251","0","0","0","0","0","0","0","0","0","7","0","","67","3","2020","2","40.045744","-75.057903","1242","6","0","0","0","0","0","0","0","0","","0","0","0","","","1","N","0","","40 02:44.680","","0","75 03:28.450","4","0","0","0","67301","0","0","0","N","0","0","0","1","67301","1","","5.0","","1","N","N","N","0","","0","0","1","","0","","","1","1","0","0","0","0","0","2","0","1","","04","","N","","","","","","","","","",""
"2020025895","2017","1","0","0","0","0","0","0","0","0","4","0","","67","3","2020","4","39.966575","-75.239816","2016","6","0","0","0","1","0","0","0","0","","0","0","0","","","2","","1","","39 57:59.670","","0","75 14:23.337","3","0","0","0","67301","0","0","0","N","0","0","0","2","67301","1","","1.0","","1","N","N","N","0","","1","0","1","","2","","","2","2","0","0","0","0","0","2","0","2","","03","","N","","","","","","","","","",""
"2020025550","0622","0","0","0","0","0","0","0","0","0","5","0","","67","3","2020","3","40.042633","-75.055889","0618","6","0","0","0","0","0","0","1","0","","0","0","0","","","1","N","0","","40 02:33.480","","6","75 03:21.201","3","0","0","0","67301","0","0","0","N","0","0","0","2","67301","0","","1.0","","1","N","N","N","0","","1","0","1","","0","","","2","1","0","0","0","0","0","2","1","2","","03","","N","","","","","","","","","",""
"2020023812","1152","2","0","0","0","0","0","0","0","0","1","0","","67","3","2020","4","39.953772","-75.161092","1149","6","0","0","0","0","0","1","0","0","","0","0","0","","","0","Y","0","","39 57:13.580","","0","75 09:39.930","0","0","0","0","67301","0","0","0","N","0","0","0","3","67301","0","","1.0","","1","N","N","N","0","","0","0","1","","2","","","3","0","0","0","0","0","0","2","0","3","","03","","N","","","","","","","","","",""
"2020028548","1100","1","0","0","0","0","0","0","0","0","4","0","","67","3","2020","5","40.021538","-75.139814","1055","6","0","0","0","0","1","0","0","0","","0","0","0","","","2","","1","","40 01:17.537","","0","75 08:23.331","8","0","0","0","67301","0","0","0","N","0","0","0","2","67301","0","","1.0","","1","N","N","N","0","","0","0","1","","2","","","2","2","0","0","0","2","0","2","0","2","","04","","N","","","","","","","","","",""
"2020012433","0808","0","0","0","0","0","0","0","0","0","4","0","","67","1","2020","5","40.051621","-75.236314","0805","6","0","0","0","0","0","1","0","0","","0","0","0","","","2","N","0","","40 03:05.836","","7","75 14:10.731","8","0","0","1","67301","0","0","0","N","0","0","0","2","67301","0","","1.0","","1","N","N","N","0","","0","0","1","","0","","","2","2","0","0","0","2","0","2","0","2","","03","","N","","","","","","","","","",""
"2020067311","1723","1","0","0","0","0","0","0","0","0","4","0","","67","8","2020","5","39.996842","-75.116434","1723","6","0","0","0","0","0","0","0","0","","0","0","0","","","1","","2","","39 59:48.632","","0","75 06:59.164","3","0","0","0","67301","0","0","0","N","0","0","0","2","67301","0","","1.0","","1","N","N","N","0","","1","0","1","","3","","","2","1","1","0","0","0","0","2","0","2","","03","","N","","","","","","","","","",""
"2020063960","0430","2","0","0","0","0","0","0","0","0","4","0","","67","8","2020","5","39.995014","-75.106293","0430","6","0","0","0","0","0","0","0","0","","0","0","0","","","0","N","0","","39 59:42.052","1","0","75 06:22.656","9","0","0","0","67301","0","0","0","N","0","0","0","1","67301","0","","1.0","620.0","1","N","N","N","0","","0","0","1","","0","Y","","3","0","0","0","0","0","1","2","0","3","","03","","N","","","","","","","","","",""
"2020032311","1534","1","0","0","0","0","0","0","0","0","4","0","","67","3","2020","4","39.949627","-75.141809","1502","6","0","0","0","0","0","1","0","0","","0","0","0","","","0","N","0","","39 56:58.657","","0","75 08:30.513","0","0","0","0","67301","0","0","0","N","0","0","0","2","68K01","0","","1.0","","1","N","N","N","0","","0","0","1","","0","","","2","0","0","0","0","0","0","2","0","2","","","","N","","","","","","","","","",""
"2020024778","0018","0","0","0","0","0","0","0","0","0","1","0","","67","3","2020","6","39.895561","-75.233545","0010","6","0","0","0","0","0","0","0","0","","0","0","0","","","1","","2","","39 53:44.021","","0","75 14:00.761","3","0","0","0","67301","0","0","0","N","0","0","0","2","67301","0","","1.0","","1","N","N","N","0","","1","0","1","","2","","","2","1","0","0","0","0","0","2","1","2","","03","","N","","","","","","","","","",""
"2020028034","0642","0","0","0","0","0","0","0","0","0","0","0","","67","3","2020","1","39.979288","-75.203972","0637","6","0","0","0","0","0","0","0","0","","0","0","0","","","1","N","0","","39 58:45.435","3","0","75 12:14.300","8","0","0","0","67301","0","0","0","N","0","0","0","1","68K01","0","","1.0","748.0","1","N","N","N","0","","0","0","1","","0","N","","1","1","0","0","0","1","0","2","0","1","","","","N","","","","","","","","","",""
"2020004693","0142","2","0","0","0","0","0","0","0","0","5","0","","67","1","2020","7","40.012085","-75.181826","0133","6","0","0","0","0","0","0","0","1","","0","0","0","","","0","N","0","","40 00:43.507","","0","75 10:54.575","0","0","0","0","67301","0","0","0","N","0","0","0","1","67301","0","","1.0","","1","N","N","N","0","","0","0","0","","8","","","2","0","0","0","0","0","0","2","0","2","","03","","N","","","","","","","","","",""
"2020026040","1015","1","0","0","1","0","0","0","0","0","8","0","","67","3","2020","4","40.002618","-75.160847","1013","6","0","0","0","0","0","0","0","0","","0","0","0","","","1","","2","","40 00:09.425","","0","75 09:39.049","3","0","0","0","67301","1","0","0","N","0","0","0","2","67301","0","","1.0","","1","N","N","N","0","","1","0","0","","0","","","2","1","0","0","0","0","0","2","0","1","","03","","N","","","","","","","","","",""
"2020056926","2136","1","0","0","0","0","0","0","0","0","1","0","","67","7","2020","4","39.953312","-75.162885","2132","6","0","0","0","0","0","0","0","0","","0","0","0","","","1","Y","0","","39 57:11.924","","0","75 09:46.385","8","0","0","0","67301","0","0","0","N","0","0","0","2","67301","0","","1.0","","1","N","N","N","1","","0","0","0","","2","","","2","1","0","0","0","1","1","2","0","2","","03","","N","","","","","","","","","",""
"2020037336","1530","0","0","0","0","0","0","1","0","0","4","1","","67","3","2020","5","39.961565","-75.15179","9999","6","0","0","0","0","0","0","0","0","","0","0","0","","","1","","1","","39 57:41.635","","0","75 09:06.445","3","0","0","0","67301","0","0","0","N","0","0","0","3","67508","0","","1.0","","1","N","N","N","1","","1","0","0","","2","","","2","1","0","0","0","0","0","2","0","2","","","","N","","","","","","","","","",""
"2020024128","2024","1","0","0","0","0","0","0","0","0","4","0","","67","3","2020","5","40.031222","-75.021724","2022","6","0","0","0","0","0","0","0","1","","0","0","0","","","0","","2","","40 01:52.399","2","0","75 01:18.206","0","0","0","0","67301","0","0","0","N","0","0","0","2","67301","0","","1.0","100.0","1","N","N","Y","0","","0","0","1","","2","Y","","2","0","0","0","0","0","0","2","0","2","","","","N","","","","","","","","","",""
"2020031131","1803","1","0","0","0","0","0","0","0","0","1","0","","67","3","2020","7","39.942166","-75.193805","1759","6","0","0","0","0","0","1","0","0","","0","0","0","","","1","N","0","","39 56:31.797","4","0","75 11:37.697","8","0","0","0","67301","0","0","0","N","0","0","0","9","68K01","0","","1.0","1710.0","1","N","N","N","0","","0","0","2","","0","N","","3","1","0","0","0","1","0","2","0","3","","03","","N","","","","","","","","","",""
"2020025306","0849","0","0","0","0","0","0","0","0","0","5","0","","67","3","2020","2","40.029488","-75.089253","0849","6","0","0","0","0","0","1","0","0","","0","0","0","","","1","N","0","","40 01:46.157","","6","75 05:21.309","4","0","0","0","67301","0","0","0","N","0","0","0","2","67301","1","","1.0","","1","N","N","N","1","","0","0","1","","0","","","2","1","0","0","0","0","0","2","0","2","","03","","N","","","","","","","","","",""
"2020023675","0800","1","0","0","0","0","0","0","0","0","1","0","","67","3","2020","5","40.044417","-75.128758","0800","6","0","0","0","0","0","0","0","0","","0","0","0","","","1","N","0","","40 02:39.900","","0","75 07:43.530","3","0","0","0","67301","0","0","0","N","0","0","0","7","67301","0","","1.0","","1","N","N","N","0","","1","0","1","","2","","","2","1","0","0","0","0","0","2","0","2","","03","","N","","","","","","","","","",""
"2020023146","1250","1","0","0","0","0","0","0","0","0","4","0","","67","3","2020","3","40.045221","-75.032597","1238","6","0","0","0","0","0","0","0","0","","0","0","0","","","1","","2","","40 02:42.795","","0","75 01:57.349","3","0","0","0","67301","0","0","0","N","0","0","0","2","67301","0","","1.0","","1","N","N","N","1","","1","0","0","","3","","","2","1","2","0","0","0","0","2","0","2","","03","","N","","","","","","","","","",""
"2020064069","1022","1","0","0","0","0","0","0","0","0","7","0","","67","8","2020","5","40.04309","-75.003307","1017","6","0","0","0","0","0","0","0","0","","0","0","0","","","0","N","0","","40 02:35.124","","0","75 00:11.905","0","0","0","0","67301","0","0","0","Y","0","0","0","1","68K01","0","","3.0","","9","N","N","N","0","","0","0","0","","0","","","1","0","0","0","0","0","0","2","0","1","","07","","N","","","","","","","","","",""
"2020026525","0104","2","0","0","0","0","0","0","0","0","1","0","","67","3","2020","7","39.931339","-75.145829","0055","6","0","0","0","0","0","1","0","0","","0","0","0","","","1","N","0","","39 55:52.821","2","0","75 08:44.985","3","0","0","0","67301","0","0","0","N","0","0","0","5","68K01","0","","1.0","35.0","1","N","N","N","0","","1","0","1","","0","N","","3","1","0","0","0","0","0","2","0","3","","","","N","","","","","","","","","",""
"2020027395","2150","0","0","0","0","0","0","0","0","0","4","0","","67","3","2020","7","39.970354","-75.235708","2140","6","0","0","0","0","0","0","0","0","","0","0","0","","","4","","1","","39 58:13.274","","0","75 14:08.548","3","0","0","0","67301","0","0","0","N","0","0","0","6","67301","0","","1.0","","1","N","N","N","0","","4","0","3","","2","","","4","4","1","0","0","0","0","2","0","4","","03","","N","","","","","","","","","",""
"2020066343","1800","1","0","0","0","0","0","0","0","0","1","0","","67","8","2020","1","39.958201","-75.164433","1747","6","0","0","0","0","0","0","0","0","","0","0","0","","","1","N","0","","39 57:29.524","","0","75 09:51.959","8","0","0","0","67301","0","0","0","N","0","0","0","2","68K01","0","","1.0","","1","N","N","N","0","","0","0","1","","0","","","2","1","0","0","0","1","0","2","0","2","","03","","N","","","","","","","","","",""
"2020063635","1055","0","0","0","0","0","0","0","0","0","1","0","","67","8","2020","7","39.898841","-75.170987","1050","6","0","0","0","0","0","0","0","0","","0","0","0","","","0","N","6","","39 53:55.828","1","2","75 10:15.552","0","0","0","0","67301","0","0","0","N","0","0","0","3","68K01","0","","1.0","1100.0","1","N","N","N","0","","0","0","2","","0","N","","2","0","1","0","0","0","0","2","0","2","","","","N","","","","","","","","","",""
"2020010523","1737","1","0","0","0","0","0","0","0","0","1","0","","67","1","2020","2","40.100205","-75.043237","1734","6","0","0","0","0","0","1","0","0","","0","0","0","","","2","Y","0","","40 06:00.738","","0","75 02:35.652","8","0","0","0","67301","0","0","0","N","0","0","0","3","67301","0","","1.0","","1","N","N","N","0","","0","0","1","","0","","","3","2","0","0","0","2","0","2","1","3","","","","N","","","","","","","","","",""
"2020026681","0540","1","0","0","0","0","0","0","0","0","6","0","","67","3","2020","1","40.022964","-75.136909","0532","6","0","0","0","0","0","0","0","0","","0","0","0","","","0","N","0","","40 01:22.672","3","0","75 08:12.871","0","0","0","0","67301","0","0","0","N","0","0","0","2","67301","0","","1.0","615.0","1","N","N","N","0","","0","0","1","","2","Y","","2","0","0","0","0","0","0","2","0","2","","03","","N","","","","","","","","","",""
"2020023138","0815","1","0","0","0","0","0","0","0","0","4","1","","67","3","2020","3","40.086857","-74.971971","0805","6","0","0","0","0","0","0","0","0","","0","1","0","","","2","","1","","40 05:12.685","3","0","74 58:19.097","4","0","0","0","67301","0","0","0","N","0","0","0","4","67301","2","","1.0","1500.0","1","N","N","N","0","","0","0","0","","2","Y","","2","2","0","0","0","0","1","2","0","2","","03","","N","","","","","","","","","",""