"CRN","ARRIVAL_TM","AUTOMOBILE_COUNT","BELTED_DEATH_COUNT","BELTED_SUSP_SERIOUS_INJ_COUNT","BICYCLE_COUNT","BICYCLE_DEATH_COUNT","BICYCLE_SUSP_SERIOUS_INJ_COUNT","BUS_COUNT","CHLDPAS_DEATH_COUNT","CHLDPAS_SUSP_SERIOUS_INJ_COUNT","COLLISION_TYPE","COMM_VEH_COUNT","CONS_ZONE_SPD_LIM","COUNTY","CRASH_MONTH","CRASH_YEAR","DAY_OF_WEEK","DEC_LATITUDE","DEC_LONGITUDE","DISPATCH_TM","DISTRICT","DRIVER_COUNT_16YR","DRIVER_COUNT_17YR","DRIVER_COUNT_18YR","DRIVER_COUNT_19YR","DRIVER_COUNT_20YR","DRIVER_COUNT_50_64YR","DRIVER_COUNT_65_74YR","DRIVER_COUNT_75PLUS","EST_HRS_CLOSED","FATAL_COUNT","HEAVY_TRUCK_COUNT","HORSE_BUGGY_COUNT","HOUR_OF_DAY","ILLUMINATION","INJURY_COUNT","INTERSECTION_RELATED","INTERSECT_TYPE","LANE_CLOSED","LATITUDE","LN_CLOSE_DIR","LOCATION_TYPE","LONGITUDE","MAX_SEVERITY_LEVEL","MCYCLE_DEATH_COUNT","MCYCLE_SUSP_SERIOUS_INJ_COUNT","MOTORCYCLE_COUNT","MUNICIPALITY","NONMOTR_COUNT","NONMOTR_DEATH_COUNT","NONMOTR_SUSP_SERIOUS_INJ_COUNT","NTFY_HIWY_MAINT","PED_COUNT","PED_DEATH_COUNT","PED_SUSP_SERIOUS_INJ_COUNT","PERSON_COUNT","POLICE_AGCY","POSSIBLE_INJ_COUNT","RDWY_SURF_TYPE_CD","RELATION_TO_ROAD","ROADWAY_CLEARED","ROAD_CONDITION","SCH_BUS_IND","SCH_ZONE_IND","SECONDARY_CRASH","SMALL_TRUCK_COUNT","SPEC_JURIS_CD","SUSP_MINOR_INJ_COUNT","SUSP_SERIOUS_INJ_COUNT","SUV_COUNT","TCD_FUNC_CD","TCD_TYPE","TFC_DETOUR_IND","TIME_OF_DAY","TOTAL_UNITS","TOT_INJ_COUNT","UNBELTED_OCC_COUNT","UNB_DEATH_COUNT","UNB_SUSP_SERIOUS_INJ_COUNT","UNK_INJ_DEG_COUNT","UNK_INJ_PER_COUNT","URBAN_RURAL","VAN_COUNT","VEHICLE_COUNT","WEATHER1","WEATHER2","WORKERS_PRES","WORK_ZONE_IND","WORK_ZONE_LOC","WORK_ZONE_TYPE","WZ_CLOSE_DETOUR","WZ_FLAGGER","WZ_LAW_OFFCR_IND","WZ_LN_CLOSURE","WZ_MOVING","WZ_OTHER","WZ_SHLDER_MDN","WZ_WORKERS_INJ_KILLED"
"2020026734","1824","1","0","0","0","0","0","0","0","0","7","0","","67","3","2020","7","40.014286","-75.085908","1820","6","0","0","0","0","0","1","0","0","","0","0","0","","","1","N","0","","40 00:51.429","","0","75 05:09.270","3","0","0","0","67301","0","0","0","N","0","0","0","1","67301","0","","5.0","","1","N","N","N","0","","1","0","0","","0","","","1","1","1","0","0","0","0","2","0","1","","03","","N","","","","","","","","","",""
"2020065764","1734","1","0","0","0","0","0","0","0","0","1","1","","67","8","2020","3","39.883557","-75.251536","1726","6","0","0","0","0","0","1","0","0","","0","1","0","","","0","","2","","39 53:00.806","","2","75 15:05.531","0","0","0","0","67301","0","0","0","N","0","0","0","2","67301","0","","1.0","","1","N","N","N","0","","0","0","0","","2","","","2","0","0","0","0","0","0","2","0","2","","03","","N","","","","","","","","","",""
"2020062118","1840","0","0","0","0","0","0","0","0","0","1","0","","67","8","2020","1","40.034431","-75.072001","1840","6","0","0","0","0","0","1","0","0","","0","0","0","","","1","N","0","","40 02:03.952","","0","75 04:19.205","8","0","0","0","67301","0","0","0","N","0","0","0","3","67301","0","","1.0","","1","N","N","N","0","","0","0","2","","0","","","2","1","0","0","0","1","1","2","0","2","","03","","N","","","","","","","","","",""
"2020027680","1604","1","0","0","0","0","0","0","0","0","8","0","","67","3","2020","7","40.058751","-75.050583","1558","6","0","0","0","0","0","0","0","0","","0","0","0","","","1","","1","","40 03:31.504","","0","75 03:02.099","8","0","0","0","67301","1","0","0","N","1","0","0","3","67301","0","","1.0","","1","N","N","N","0","","0","0","0","","0","","","2","1","0","0","0","1","0","2","0","1","","03","","N","","","","","","","","","",""
"2020026178","1740","1","0","0","0","0","0","0","0","0","1","0","","67","3","2020","6","39.936718","-75.234192","1735","6","0","0","0","0","0","0","0","0","","0","0","0","","","2","N","0","","39 56:12.184","","0","75 14:03.090","3","0","0","0","67301","0","0","0","N","0","0","0","3","67301","0","","1.0","","1","N","N","N","0","","2","0","1","","9","","","2","2","0","0","0","0","0","2","0","2","","03","","N","","","","","","","","","",""
"2020022795","1116","2","0","0","0","0","0","0","0","0","4","0","","67","3","2020","2","40.04727","-75.167746","1102","6","0","0","0","0","0","0","0","0","","0","0","0","","","2","","1","","40 02:50.173","","0","75 10:03.884","3","0","0","0","67301","0","0","0","N","0","0","0","4","67301","0","","1.0","","1","N","N","N","0","","2","0","0","","2","","","2","2","1","0","0","0","0","2","0","2","","03","","N","","","","","","","","","",""
"2020028376","1012","2","0","0","0","0","0","0","0","0","5","0","","67","3","2020","1","40.0164","-75.139286","1009","6","0","0","0","0","0","0","0","0","","0","0","0","","","0","N","0","","40 00:59.040","","0","75 08:21.430","0","0","0","0","67301","0","0","0","N","0","0","0","3","67301","0","","6.0","","1","N","N","N","0","","0","0","1","","0","","","3","0","1","0","0","0","0","2","0","3","","03","","N","","","","","","","","","",""
"2020023884","1840","0","0","0","1","0","0","0","0","0","8","0","","67","3","2020","5","39.989359","-75.15547","1830","6","0","0","0","0","0","1","0","0","","0","0","0","","","1","N","0","","39 59:21.692","","7","75 09:19.691","4","0","0","0","67301","1","0","0","N","0","0","0","2","67301","1","","4.0","","1","N","N","N","0","","0","0","0","","2","","","2","1","0","0","0","0","0","2","1","1","","","","N","","","","","","","","","",""
"2020012781","0901","0","0","0","0","0","0","0","0","0","4","0","","67","2","2020","1","40.020001","-75.152208","0851","6","0","0","0","0","0","0","1","0","","0","0","0","","","1","","1","","40 01:12.005","7","2","75 09:07.947","3","0","0","0","67301","0","0","0","N","0","0","0","5","67301","0","","1.0","951.0","1","N","N","N","0","","1","0","2","","3","Y","","2","1","0","0","0","0","0","2","0","2","","","","N","","","","","","","","","",""
"2020026036","2030","1","0","0","1","0","0","0","0","0","8","0","","67","3","2020","4","40.001039","-75.105158","2025","6","0","0","0","0","0","0","0","0","","0","0","0","","","1","N","0","","40 00:03.740","","0","75 06:18.570","3","0","0","0","67301","1","0","0","N","0","0","0","2","67301","0","","1.0","","1","N","N","N","0","","1","0","0","","0","","","2","1","0","0","0","0","0","2","0","1","","03","","N","","","","","","","","","",""
"2020025056","1435","1","0","0","0","0","0","0","0","0","7","0","","67","3","2020","6","39.919659","-75.203005","1435","6","0","0","0","0","0","0","0","0","","0","0","0","","","1","N","0","","39 55:10.772","","3","75 12:10.818","3","0","0","0","67301","0","0","0","N","0","0","0","1","67301","0","","2.0","","9","N","N","N","0","","1","0","0","","0","","","1","1","0","0","0","0","0","2","0","1","","04","","N","","","","","","","","","",""
"2020023883","1720","3","0","0","0","0","0","0","0","0","2","0","","67","3","2020","2","39.966319","-75.145944","1718","6","0","0","0","0","0","0","0","0","","0","0","0","","","1","N","0","","39 57:58.750","","0","75 08:45.400","8","0","0","0","67301","0","0","0","N","0","0","0","2","67301","0","","1.0","","1","N","N","N","0","","0","0","0","","0","","","3","1","0","0","0","1","1","2","0","3","","03","","N","","","","","","","","","",""
"2020065122","0735","0","0","0","0","0","0","0","0","0","8","0","","67","8","2020","4","39.9482","-75.16443","0728","6","0","0","0","0","0","0","0","0","","0","0","0","","","1","","1","","39 56:53.519","","0","75 09:51.947","4","0","0","0","67301","1","0","0","N","1","0","0","1","67301","1","","1.0","","1","N","N","N","0","","0","0","0","","2","","","2","1","0","0","0","0","0","2","0","1","","","","N","","","","","","","","","",""
"2020067585","1711","2","0","0","0","0","0","0","0","0","1","0","","67","8","2020","1","39.930752","-75.145733","1705","6","0","0","0","0","0","0","0","0","","0","0","0","","","3","N","0","","39 55:50.706","1","3","75 08:44.638","3","0","0","0","67301","0","0","0","N","0","0","0","4","68K01","0","","1.0","1808.0","1","N","N","N","0","","1","0","0","","0","N","","2","3","0","0","0","2","0","2","0","2","","","","N","","","","","","","","","",""
"2020013639","1655","2","0","0","0","0","0","0","0","0","5","0","","67","1","2020","6","39.956952","-75.225504","1650","6","0","0","0","0","0","0","0","0","","0","0","0","","","1","","1","","39 57:25.028","","0","75 13:31.815","3","0","0","0","67301","0","0","0","N","0","0","0","3","67301","0","","1.0","","1","N","N","N","0","","1","0","0","","2","","","2","1","0","0","0","0","0","2","0","2","","","","N","","","","","","","","","",""
"2020017915","0740","3","0","0","0","0","0","0","0","0","5","0","","67","2","2020","7","40.016528","-75.139906","0740","6","0","0","0","0","0","0","0","0","","0","0","0","","","0","N","0","","40 00:59.500","","0","75 08:23.660","0","0","0","0","67301","0","0","0","N","0","0","0","1","67301","0","","6.0","","1","N","N","N","0","","0","0","3","","0","","","6","0","0","0","0","0","0","2","0","6","","03","","N","","","","","","","","","",""
"2020013638","1325","1","0","0","0","0","0","0","0","0","6","0","","67","2","2020","1","40.006457","-75.191445","1315","6","0","0","0","0","0","1","1","0","","0","0","0","","","3","N","0","","40 00:23.246","","1","75 11:29.201","8","0","0","0","67301","0","0","0","N","0","0","0","3","67301","0","","1.0","","9","N","N","N","0","","0","0","2","","0","","","3","3","0","0","0","3","0","2","0","3","","04","","N","","","","","","","","","",""
"2020019740","1537","1","0","0","0","0","0","0","0","0","4","0","","67","2","2020","5","39.965615","-75.175768","1532","6","0","0","0","0","0","1","0","0","","0","0","0","","","1","","1","","39 57:56.214","","0","75 10:32.764","3","0","0","0","67301","0","0","0","N","0","0","0","2","67301","0","","1.0","","1","N","N","N","0","","1","0","0","","3","","","2","1","0","0","0","0","0","2","1","2","","03","","N","","","","","","","","","",""
"2020060578","1900","2","0","0","0","0","0","0","0","0","4","0","","67","7","2020","2","40.008394","-75.157358","1900","6","0","0","0","0","0","0","0","0","","0","0","0","","","0","N","0","","40 00:30.220","","0","75 09:26.490","0","0","0","0","67301","0","0","0","N","0","0","0","1","67301","0","","6.0","","1","N","N","N","0","","0","0","0","","0","","","2","0","0","0","0","0","0","2","0","2","","03","","N","","","","","","","","","",""
"2020024099","1142","1","0","0","0","0","0","0","0","0","1","0","","67","3","2020","6","40.094541","-75.015043","1131","6","0","0","0","0","0","1","0","0","","0","0","0","","","1","","2","","40 05:40.347","","0","75 00:54.154","8","0","0","0","67301","0","0","0","N","0","0","0","3","67301","0","","1.0","","9","N","N","N","0","","0","0","1","","2","","","2","1","0","0","0","1","0","2","0","2","","07","","N","","","","","","","","","",""
"2020008383","0230","1","0","0","0","0","0","0","0","0","4","0","","67","1","2020","1","40.024164","-75.095536","0230","6","0","0","0","0","0","0","0","0","","0","0","0","","","0","","1","","40 01:26.990","","0","75 05:43.929","9","0","0","0","67301","0","0","0","N","0","0","0","2","67301","0","","1.0","","2","N","N","N","0","","0","0","0","","9","","","2","0","0","0","0","0","1","2","1","2","","07","","N","","","","","","","","","",""
"2020006449","1939","0","0","0","0","0","0","0","0","0","1","0","","67","1","2020","6","40.082221","-74.975805","1932","6","0","0","0","0","0","2","0","0","","0","0","0","","","1","N","0","","40 04:55.997","","0","74 58:32.897","4","0","0","0","67301","0","0","0","N","0","0","0","5","67301","1","","1.0","","1","N","N","N","0","","0","0","1","","0","","","2","1","1","0","0","0","0","2","1","2","","03","","N","","","","","","","","","",""
"2020018388","1720","0","0","0","0","0","0","0","0","0","4","0","","67","2","2020","2","39.920725","-75.141396","1710","6","0","0","0","0","0","0","0","1","","0","0","0","","","2","","1","","39 55:14.610","","0","75 08:29.025","3","0","0","0","67301","0","0","0","N","0","0","0","2","67301","0","","1.0","","1","N","N","N","0","","2","0","1","","1","","","2","2","1","0","0","0","0","2","1","2","","03","","N","","","","","","","","","",""
"2020014482","0416","3","0","0","0","0","0","0","0","0","6","0","","67","1","2020","1","39.964239","-75.218253","0414","6","0","0","0","0","0","0","0","0","","0","0","0","","","0","N","0","","39 57:51.260","","0","75 13:05.710","0","0","0","0","67301","0","0","0","N","0","0","0","1","67301","0","","6.0","","1","N","N","N","0","","0","0","1","","0","","","4","0","1","0","0","0","0","2","0","4","","03","","N","","","","","","","","","",""
"2020014793","1743","0","0","0","0","0","0","1","0","0","8","1","","67","1","2020","2","40.024052","-75.076845","1738","6","0","0","0","0","0","1","0","0","","0","0","0","","","2","","1","","40 01:26.587","","0","75 04:36.643","3","0","0","0","67301","1","0","0","N","1","0","0","4","67301","0","","1.0","","1","Y","Y","N","0","","2","0","0","","6","","","2","2","0","0","0","0","1","2","0","1","","","","N","","","","","","","","","",""
"2020059390","2344","2","0","0","0","0","0","0","0","0","5","0","","67","7","2020","5","40.02288","-75.035525","2329","6","0","0","0","1","0","0","0","0","","0","0","0","","","0","N","0","","40 01:22.368","","0","75 02:07.890","9","0","0","0","67301","0","0","0","N","0","0","0","2","68K01","0","","1.0","","9","N","N","N","0","","0","0","0","","0","","","2","0","0","0","0","0","1","2","0","2","","","","N","","","","","","","","","",""
"2020005199","0047","1","0","0","0","0","0","0","0","0","4","0","","67","1","2020","4","40.00741","-75.078059","0037","6","0","0","0","0","0","0","0","0","","0","0","0","","","2","","1","","40 00:26.675","7","0","75 04:41.014","3","0","0","0","67301","0","0","0","N","0","0","0","4","67301","0","","1.0","230.0","9","N","N","N","0","","2","0","0","","2","Y","","2","2","0","0","0","0","1","2","1","2","","","","N","","","","","","","","","",""
"2020017977","2305","1","0","0","0","0","0","0","0","0","7","0","","67","2","2020","7","40.006839","-75.199252","2303","6","0","0","1","0","0","0","0","0","","0","0","0","","","0","N","0","","40 00:24.620","3","0","75 11:57.306","0","0","0","0","67301","0","0","0","N","0","0","0","4","68K01","0","","4.0","30.0","1","N","N","N","0","","0","0","0","","0","N","","1","0","0","0","0","0","0","2","0","1","","03","","N","","","","","","","","","",""
"2020050337","1800","2","0","0","0","0","0","0","0","0","5","0","","67","6","2020","6","39.953461","-75.216919","1740","6","0","0","0","0","0","0","0","0","","0","1","0","","","1","N","0","","39 57:12.460","4","0","75 13:00.910","4","0","0","0","67301","0","0","0","N","0","0","0","1","67301","1","","1.0","1900.0","1","N","N","N","0","","0","0","0","","0","N","","3","1","0","0","0","0","0","2","0","3","","03","","N","","","","","","","","","",""
"2020029293","1635","1","0","0","0","0","0","0","0","0","7","0","","67","2","2020","1","39.945634","-75.142585","1628","6","0","0","0","1","0","0","0","0","","0","0","0","","","2","N","0","","39 56:44.284","2","0","75 08:33.307","4","0","0","0","67301","0","0","0","N","0","0","0","2","68K01","2","","4.0","30.0","1","N","N","N","0","","0","0","0","","0","N","","1","2","0","0","0","0","0","2","0","1","","","","N","","","","","","","","","",""
"2020006828","1325","2","0","0","0","0","0","0","0","0","5","0","","67","1","2020","7","40.102163","-75.049891","1320","6","0","0","0","0","0","0","0","0","","0","0","0","","","0","N","0","","40 06:07.785","","0","75 02:59.608","0","0","0","0","67301","0","0","0","N","0","0","0","2","67301","0","","1.0","","7","N","N","N","0","","0","0","0","","0","","","2","0","0","0","0","0","0","2","0","2","","","","N","","","","","","","","","",""
"2020004349","1600","0","0","0","0","0","0","0","0","0","8","0","","67","1","2020","6","39.967243","-75.12902","1558","6","0","0","0","0","0","1","0","0","","0","0","0","","","1","N","0","","39 58:02.074","","0","75 07:44.473","2","0","0","0","67301","1","0","1","N","1","0","1","2","67301","0","","1.0","","1","N","N","N","0","","0","1","1","","1","","","2","1","0","0","0","0","0","2","0","1","","","","N","","","","","","","","","",""
"2020052090","0901","3","0","0","0","0","0","0","0","0","1","0","","67","6","2020","7","39.958498","-75.166761","0901","6","0","0","0","0","0","1","0","0","","0","0","0","","","0","N","0","","39 57:30.592","","0","75 10:00.339","0","0","0","0","67301","0","0","0","N","0","0","0","3","68K01","0","","1.0","","9","N","N","N","0","","0","0","0","","0","","","3","0","0","0","0","0","0","2","0","3","","","","N","","","","","","","","","",""
"2020009948","2101","2","0","0","0","0","0","0","0","0","4","0","","67","1","2020","6","39.920386","-75.160315","2101","6","0","0","0","0","0","0","0","0","","0","0","0","","","0","","1","","39 55:13.389","","0","75 09:37.133","0","0","0","0","67301","0","0","0","N","0","0","0","2","67301","0","","1.0","","1","N","N","Y","0","","0","0","2","","3","","","4","0","0","0","0","0","0","2","0","4","","03","","N","","","","","","","","","",""
"2020003528","0011","2","0","0","0","0","0","0","0","0","6","0","","67","1","2020","4","40.121683","-75.012189","0004","6","0","0","0","0","0","1","0","0","","0","0","0","","","2","N","0","","40 07:18.060","","0","75 00:43.880","3","0","0","0","67301","0","0","0","N","0","0","0","2","67301","0","","1.0","","1","N","N","N","0","","1","0","0","","0","","","2","2","1","0","0","1","0","2","0","2","","","","N","","","","","","","","","",""
"2020009852","1243","2","0","0","0","0","0","0","0","0","1","0","","67","1","2020","6","40.030041","-75.103207","1233","6","0","0","0","0","0","0","0","0","","0","0","0","","","2","","1","","40 01:48.146","","0","75 06:11.546","4","0","0","0","67301","0","0","0","N","0","0","0","3","67301","2","","1.0","","1","N","N","N","0","","0","0","0","","2","","","2","2","0","0","0","0","0","2","0","2","","","","N","","","","","","","","","",""
"2020012262","2100","0","0","0","0","0","0","0","0","0","5","0","","67","1","2020","6","39.961153","-75.149875","2053","6","0","0","0","0","0","0","0","0","","0","0","0","","","1","N","0","","39 57:40.150","","0","75 08:59.550","3","0","0","0","67301","0","0","0","N","0","0","0","1","67301","0","","6.0","","9","N","N","N","2","","1","0","0","","0","","","2","1","1","0","0","0","0","2","0","2","","","","N","","","","","","","","","",""
"2020007376","1450","0","0","0","0","0","0","0","0","0","7","0","","67","1","2020","1","39.977806","-75.186069","1445","6","0","0","0","0","0","0","0","0","","0","0","0","","","0","Y","0","","39 58:40.100","","0","75 11:09.850","9","0","0","0","67301","0","0","0","N","0","0","0","1","67301","0","","4.0","","1","N","N","N","0","","0","0","1","","3","","","1","0","0","0","0","0","1","2","0","1","","03","","N","","","","","","","","","",""
"2020010631","1720","1","0","0","0","0","0","0","0","0","4","0","","67","1","2020","3","39.965659","-75.210947","1715","6","0","0","0","0","0","0","0","0","","0","0","0","","","1","","1","","39 57:56.372","","0","75 12:39.409","4","0","0","0","67301","0","0","0","N","0","0","0","5","67301","1","","1.0","","99","N","N","N","0","","0","0","3","","3","","","4","1","0","0","0","0","2","2","0","4","","03","","N","","","","","","","","","",""
"2020003773","1054","2","0","0","0","0","0","0","0","0","4","0","","67","1","2020","6","39.995222","-75.188333","1054","6","0","0","0","0","0","0","0","0","","0","0","0","","","2","","2","","39 59:42.800","","0","75 11:18.000","3","0","0","0","67301","0","0","0","N","0","0","0","3","67301","0","","1.0","","1","N","N","N","0","","1","0","0","","3","","","3","2","0","0","0","1","1","2","0","3","","03","","N","","","","","","","","","",""
"2020008297","0435","0","0","0","0","0","0","0","0","0","7","0","","67","1","2020","7","40.018858","-75.102858","0426","6","0","0","0","0","0","0","0","0","","0","0","0","","","0","N","0","","40 01:07.890","","0","75 06:10.290","0","0","0","0","67301","0","0","0","N","0","0","0","1","67301","0","","5.0","","1","N","N","N","0","","0","0","1","","0","","","1","0","0","0","0","0","0","2","0","1","","03","","N","","","","","","","","","",""
"2020017916","1152","1","0","0","0","0","0","0","0","0","4","0","","67","2","2020","7","40.013455","-75.135524","1131","6","0","0","0","1","0","0","0","0","","0","0","0","","","1","","2","","40 00:48.437","","0","75 08:07.886","3","0","0","0","67301","0","0","0","N","0","0","0","2","67301","0","","1.0","","1","N","N","N","0","","1","0","1","","0","","","2","1","1","0","0","0","0","2","0","2","","","","N","","","","","","","","","",""
"2020032078","1253","0","0","0","0","0","0","0","0","0","8","0","","67","1","2020","4","40.044562","-75.144627","1253","6","0","0","0","0","0","0","0","0","","0","0","0","","","1","","1","","40 02:40.423","","0","75 08:40.657","3","0","0","0","67301","1","0","0","N","1","0","0","2","67301","0","","1.0","","1","N","N","N","0","","1","0","1","","2","","","2","1","1","0","0","0","0","2","0","1","","","","N","","","","","","","","","",""
"2020041306","1445","1","0","0","0","0","0","1","0","0","6","1","","67","4","2020","2","40.044949","-75.163971","1430","6","0","0","1","0","0","0","0","0","","0","0","0","","","8","N","0","","40 02:41.815","","0","75 09:50.294","4","0","0","0","67301","0","0","0","N","0","0","0","10","67508","8","","1.0","","1","N","N","N","0","","0","0","0","","0","N","","2","8","0","0","0","0","0","2","0","2","","","","N","","","","","","","","","",""
"2020011774","1940","1","0","0","0","0","0","0","0","0","1","0","","67","1","2020","3","39.907405","-75.193645","1933","6","0","0","0","0","0","1","0","0","","0","0","0","","","1","N","0","","39 54:26.658","","0","75 11:37.122","3","0","0","0","67301","0","0","0","N","0","0","0","4","67301","0","","1.0","","1","N","N","N","0","","1","0","1","","0","","","2","1","0","0","0","0","0","2","0","2","","03","","N","","","","","","","","","",""
"2020006960","1054","1","0","0","0","0","0","0","0","0","4","0","","67","1","2020","4","40.034318","-75.191902","1052","6","0","0","0","0","0","1","0","0","","0","0","0","","","0","N","2","","40 02:03.546","","0","75 11:30.847","9","0","0","0","67301","0","0","0","N","0","0","0","2","67301","0","","1.0","","1","N","N","N","1","","0","0","0","","0","","","2","0","0","0","0","0","1","2","0","2","","","","N","","","","","","","","","",""
"2020017709","0222","0","0","0","0","0","0","0","0","0","7","0","","67","2","2020","1","40.082038","-75.208631","0213","6","0","0","0","0","0","0","0","0","","0","0","0","","","0","N","0","","40 04:55.336","6","0","75 12:31.070","0","0","0","0","67301","0","0","0","N","0","0","0","1","67301","0","","4.0","245.0","1","N","N","N","0","","0","0","1","","0","N","","1","0","0","0","0","0","0","2","0","1","","03","","N","","","","","","","","","",""
"2020014381","1520","0","0","0","0","0","0","0","0","0","8","0","","67","1","2020","2","40.029292","-75.123658","1520","6","0","0","0","0","0","0","0","0","","0","0","0","","","1","N","0","","40 01:45.450","","0","75 07:25.170","8","0","0","0","67301","1","0","0","N","1","0","0","2","67301","0","","1.0","","1","N","Y","N","0","","0","0","0","","0","","","2","1","1","0","0","1","0","2","1","1","","","","N","","","","","","","","","",""
"2020011101","1345","2","0","0","0","0","0","0","0","0","4","0","","67","1","2020","7","40.024052","-75.165223","1345","6","0","0","0","0","1","0","0","0","","0","0","0","","","2","","2","","40 01:26.587","2","0","75 09:54.803","3","0","0","0","67301","0","0","0","N","0","0","0","3","67301","0","","1.0","1430.0","9","N","N","Y","0","","2","0","1","","3","Y","","3","2","0","0","0","0","0","2","0","3","","","","N","","","","","","","","","",""
"2020003532","0835","2","0","0","0","0","0","0","0","0","4","0","","67","1","2020","5","39.975315","-75.245493","0830","6","0","0","0","0","0","1","0","0","","0","0","0","","","0","","1","","39 58:31.135","","0","75 14:43.775","0","0","0","0","67301","0","0","0","N","0","0","0","2","67301","0","","1.0","","1","N","N","N","0","","0","0","1","","2","","","3","0","0","0","0","0","0","2","0","3","","03","","N","","","","","","","","","",""
"2020015386","1824","0","0","0","0","0","0","0","0","0","8","0","","67","1","2020","3","40.013174","-75.070434","1818","6","0","0","0","0","0","1","0","0","","0","0","0","","","2","","1","","40 00:47.428","6","0","75 04:13.563","3","0","0","0","67301","2","0","0","N","2","0","0","3","67301","1","","1.0","1900.0","9","N","N","N","0","","1","0","0","","2","Y","","3","2","0","0","0","0","0","2","1","1","","04","","N","","","","","","","","","",""
"2020006279","0821","0","0","0","0","0","0","0","0","0","6","0","","67","1","2020","2","39.935939","-75.219625","0800","6","0","0","0","0","0","0","0","0","","0","0","0","","","1","Y","0","","39 56:09.380","","0","75 13:10.650","3","0","0","0","67301","0","0","0","N","0","0","0","2","67301","0","","1.0","","1","N","N","N","0","","1","0","1","","0","","","2","1","0","0","0","0","0","2","1","2","","","","N","","","","","","","","","",""
"2020011430","1650","0","0","0","0","0","0","0","0","0","8","0","","67","1","2020","4","40.093464","-75.031375","1650","6","0","0","0","0","0","0","0","0","","0","0","0","","","1","","2","","40 05:36.471","2","0","75 01:52.949","3","0","0","0","67301","1","0","0","N","1","0","0","2","67301","0","","1.0","1650.0","1","N","N","N","0","","1","0","1","","2","N","","2","1","0","0","0","0","0","2","0","1","","03","","N","","","","","","","","","",""
"2020019976","1247","2","0","0","0","0","0","0","0","0","4","0","","67","2","2020","7","40.085335","-75.210409","1240","6","0","1","0","0","0","0","1","0","","0","0","0","","","1","","3","","40 05:07.207","","0","75 12:37.474","8","0","0","0","67301","0","0","0","N","0","0","0","2","67301","0","","1.0","","99","N","N","N","0","","0","0","0","","2","","","2","1","0","0","0","1","0","2","0","2","","03","","N","","","","","","","","","",""
"2020012904","1247","2","0","0","0","0","0","0","0","0","4","0","","67","1","2020","5","40.00741","-75.078059","1241","6","0","0","0","0","0","1","0","0","","0","0","0","","","1","","1","","40 00:26.675","2","0","75 04:41.014","8","0","0","0","67301","0","0","0","N","0","0","0","2","67301","0","","1.0","1425.0","1","N","N","N","0","","0","0","0","","2","Y","","3","1","0","0","0","1","0","2","1","3","","","","N","","","","","","","","","",""
"2020011851","1117","1","0","2","0","0","0","0","0","0","4","0","","67","1","2020","5","40.01207","-75.112176","1116","6","0","0","0","0","0","1","0","0","","0","0","0","","","2","","1","","40 00:43.452","6","0","75 06:43.833","2","0","0","0","67301","0","0","0","N","0","0","0","2","67301","0","","1.0","300.0","1","N","N","N","0","","0","2","1","","2","Y","","2","2","0","0","0","0","0","2","0","2","","03","","N","","","","","","","","","",""
"2020005408","1020","1","0","0","0","0","0","0","0","0","5","0","","67","1","2020","4","39.947289","-75.157656","1015","6","0","0","0","0","0","0","0","0","","0","0","0","","","0","N","0","","39 56:50.240","2","0","75 09:27.560","0","0","0","0","67301","0","0","0","N","0","0","0","1","67301","0","","6.0","1120.0","1","N","N","N","0","","0","0","0","","0","Y","","2","0","0","0","0","0","0","2","1","2","","03","","N","","","","","","","","","",""
"2020059511","1439","1","0","0","0","0","0","0","0","0","1","0","","67","7","2020","1","40.056616","-75.013154","1439","6","0","0","0","0","0","0","0","1","","0","0","0","","","1","","1","","40 03:23.817","","0","75 00:47.353","3","0","0","0","67301","0","0","0","N","0","0","0","2","67301","0","","1.0","","1","N","N","N","0","","1","0","0","","2","","","2","1","0","0","0","0","1","2","0","2","","03","","N","","","","","","","","","",""
"2020048711","1842","3","0","0","0","0","0","0","0","0","1","0","","67","6","2020","1","39.920346","-75.140852","1837","6","0","0","0","0","0","0","0","0","","0","0","0","","","5","N","0","","39 55:13.244","1","0","75 08:27.067","3","0","0","0","67301","0","0","0","N","0","0","0","8","67301","2","","1.0","2000.0","1","N","N","N","0","","3","0","0","","2","N","","3","5","0","0","0","0","0","2","0","3","","","","N","","","","","","","","","",""
"2020050427","1829","1","0","0","0","0","0","0","0","0","1","0","","67","6","2020","7","40.05163","-74.989071","1829","6","0","0","0","0","0","1","0","0","","0","0","0","","","1","N","0","","40 03:05.867","","0","74 59:20.655","8","0","0","0","67301","0","0","0","Y","0","0","0","4","68K01","0","","1.0","","1","N","N","N","1","","0","0","0","","0","","","2","1","1","0","0","1","0","2","0","2","","","","N","","","","","","","","","",""
"2020006086","1608","1","0","0","0","0","0","0","0","0","8","0","","67","1","2020","6","39.960466","-75.139412","1601","6","0","0","0","0","0","0","0","1","","0","0","0","","","1","N","0","","39 57:37.677","","0","75 08:21.883","8","0","0","0","67301","1","0","0","N","1","0","0","2","67301","0","","1.0","","1","N","N","N","0","","0","0","0","","2","","","2","1","0","0","0","1","0","2","0","1","","03","","N","","","","","","","","","",""