"CRN","ARRIVAL_TM","AUTOMOBILE_COUNT","BELTED_DEATH_COUNT","BELTED_SUSP_SERIOUS_INJ_COUNT","BICYCLE_COUNT","BICYCLE_DEATH_COUNT","BICYCLE_SUSP_SERIOUS_INJ_COUNT","BUS_COUNT","CHLDPAS_DEATH_COUNT","CHLDPAS_SUSP_SERIOUS_INJ_COUNT","COLLISION_TYPE","COMM_VEH_COUNT","CONS_ZONE_SPD_LIM","COUNTY","CRASH_MONTH","CRASH_YEAR","DAY_OF_WEEK","DEC_LATITUDE","DEC_LONGITUDE","DISPATCH_TM","DISTRICT","DRIVER_COUNT_16YR","DRIVER_COUNT_17YR","DRIVER_COUNT_18YR","DRIVER_COUNT_19YR","DRIVER_COUNT_20YR","DRIVER_COUNT_50_64YR","DRIVER_COUNT_65_74YR","DRIVER_COUNT_75PLUS","EST_HRS_CLOSED","FATAL_COUNT","HEAVY_TRUCK_COUNT","HORSE_BUGGY_COUNT","HOUR_OF_DAY","ILLUMINATION","INJURY_COUNT","INTERSECTION_RELATED","INTERSECT_TYPE","LANE_CLOSED","LATITUDE","LN_CLOSE_DIR","LOCATION_TYPE","LONGITUDE","MAX_SEVERITY_LEVEL","MCYCLE_DEATH_COUNT","MCYCLE_SUSP_SERIOUS_INJ_COUNT","MOTORCYCLE_COUNT","MUNICIPALITY","NONMOTR_COUNT","NONMOTR_DEATH_COUNT","NONMOTR_SUSP_SERIOUS_INJ_COUNT","NTFY_HIWY_MAINT","PED_COUNT","PED_DEATH_COUNT","PED_SUSP_SERIOUS_INJ_COUNT","PERSON_COUNT","POLICE_AGCY","POSSIBLE_INJ_COUNT","RDWY_SURF_TYPE_CD","RELATION_TO_ROAD","ROADWAY_CLEARED","ROAD_CONDITION","SCH_BUS_IND","SCH_ZONE_IND","SECONDARY_CRASH","SMALL_TRUCK_COUNT","SPEC_JURIS_CD","SUSP_MINOR_INJ_COUNT","SUSP_SERIOUS_INJ_COUNT","SUV_COUNT","TCD_FUNC_CD","TCD_TYPE","TFC_DETOUR_IND","TIME_OF_DAY","TOTAL_UNITS","TOT_INJ_COUNT","UNBELTED_OCC_COUNT","UNB_DEATH_COUNT","UNB_SUSP_SERIOUS_INJ_COUNT","UNK_INJ_DEG_COUNT","UNK_INJ_PER_COUNT","URBAN_RURAL","VAN_COUNT","VEHICLE_COUNT","WEATHER1","WEATHER2","WORKERS_PRES","WORK_ZONE_IND","WORK_ZONE_LOC","WORK_ZONE_TYPE","WZ_CLOSE_DETOUR","WZ_FLAGGER","WZ_LAW_OFFCR_IND","WZ_LN_CLOSURE","WZ_MOVING","WZ_OTHER","WZ_SHLDER_MDN","WZ_WORKERS_INJ_KILLED"
"2020005260","0338","1","0","0","1","0","0","0","0","0","8","0","","67","1","2020","1","39.922897","-75.158205","0336","6","0","0","0","0","0","0","0","0","","0","0","0","","","1","","1","","39 55:22.430","","0","75 09:29.537","3","0","0","0","67301","1","0","0","N","0","0","0","2","67301","0","","1.0","","9","N","N","N","0","","1","0","0","","2","","","2","1","0","0","0","0","0","2","0","1","","","","N","","","","","","","","","",""
"2020005258","0748","1","0","0","1","0","0","0","0","0","8","0","","67","1","2020","3","39.961565","-75.15179","0732","6","0","0","0","0","0","0","0","0","","0","0","0","","","1","","1","","39 57:41.635","","0","75 09:06.445","3","0","0","0","67301","1","0","0","N","0","0","0","2","67301","0","","1.0","","1","N","N","N","0","","1","0","0","","2","","","2","1","0","0","0","0","0","2","0","1","","03","","N","","","","","","","","","",""
"2020008747","1815","1","0","0","0","0","0","0","0","0","5","0","","67","1","2020","3","39.899865","-75.174678","1806","6","0","0","0","0","0","2","0","0","","0","0","0","","","0","N","0","","39 53:59.515","","6","75 10:28.839","0","0","0","0","67301","0","0","0","N","0","0","0","2","67301","0","","1.0","","1","N","N","Y","0","","0","0","0","","3","","","2","0","0","0","0","0","0","2","1","2","","03","","N","","","","","","","","","",""
"2020050785","0800","1","0","0","0","0","0","0","0","0","1","0","","67","6","2020","2","40.034008","-75.074324","0746","6","0","0","0","0","0","1","0","0","","0","0","0","","","0","N","0","","40 02:02.429","","0","75 04:27.568","0","0","0","0","67301","0","0","0","N","0","0","0","3","67301","0","","1.0","","1","N","N","N","0","","0","0","1","","2","","","2","0","0","0","0","0","0","2","0","2","","03","","N","","","","","","","","","",""
"2020011524","1853","2","0","0","0","0","0","0","0","0","1","0","","67","1","2020","2","39.963491","-75.169388","1848","6","0","0","0","0","0","1","0","0","","0","0","0","","","1","","1","","39 57:48.569","","0","75 10:09.796","3","0","0","0","67301","0","0","0","N","0","0","0","5","67301","0","","1.0","","1","N","N","N","0","","1","0","0","","1","","","2","1","0","0","0","0","0","2","0","2","","03","","N","","","","","","","","","",""
"2020004344","1631","1","0","0","0","0","0","0","0","0","5","0","","67","1","2020","5","40.026153","-75.096871","1621","6","0","0","0","0","0","1","0","0","","0","0","0","","","1","N","1","","40 01:34.149","","0","75 05:48.734","4","0","0","0","67301","0","0","0","N","0","0","0","2","67301","1","","1.0","","1","N","N","N","0","","0","0","1","","0","","","2","1","0","0","0","0","0","2","0","2","","03","","N","","","","","","","","","",""
"2020014608","1609","0","0","0","0","0","0","0","0","0","1","0","","67","1","2020","3","39.957973","-75.163373","1557","6","0","0","0","0","0","1","0","0","","0","0","0","","","0","N","0","","39 57:28.704","","0","75 09:48.141","0","0","0","0","67301","0","0","0","N","0","0","0","2","68K01","0","","1.0","","1","N","N","N","1","","0","0","1","","0","","","2","0","1","0","0","0","0","2","0","2","","03","","N","","","","","","","","","",""
"2020007379","0044","1","0","0","0","0","0","0","0","0","4","0","","67","1","2020","7","39.978917","-75.135513","0044","6","0","0","0","0","0","0","0","0","","0","0","0","","","0","","1","","39 58:44.101","","0","75 08:07.846","0","0","0","0","67301","0","0","0","N","0","0","0","2","67301","0","","1.0","","9","N","N","N","0","","0","0","1","","3","","","2","0","2","0","0","0","0","2","0","2","","06","","N","","","","","","","","","",""
"2020006276","1138","0","0","0","0","0","0","0","0","0","8","0","","67","1","2020","3","40.026943","-75.209429","1128","6","0","0","0","0","0","0","0","0","","0","0","0","","","1","","1","","40 01:36.995","","0","75 12:33.945","8","0","0","0","67301","1","0","0","N","1","0","0","2","67301","0","","1.0","","1","N","N","N","0","","0","0","0","","2","","","2","1","0","0","0","1","0","2","0","1","","03","","N","","","","","","","","","",""
"2020005769","0801","0","0","0","0","0","0","0","0","0","7","0","","67","1","2020","1","39.960006","-75.179795","0754","6","0","0","0","0","0","1","0","0","","0","0","0","","","0","N","0","","39 57:36.023","3","3","75 10:47.262","0","0","0","0","67301","0","0","0","N","0","0","0","1","68K01","0","","2.0","822.0","9","N","N","N","1","","0","0","0","","0","N","","1","0","0","0","0","0","0","2","0","1","","","","N","","","","","","","","","",""
"2020006084","1222","1","0","0","0","0","0","0","0","0","1","1","","67","1","2020","5","40.033149","-75.106881","1214","6","0","0","0","0","0","0","0","0","","0","1","0","","","1","","1","","40 01:59.336","","0","75 06:24.771","3","0","0","0","67301","0","0","0","N","0","0","0","2","67301","0","","1.0","","1","N","N","N","0","","1","0","0","","2","","","2","1","0","0","0","0","0","2","0","2","","03","","N","","","","","","","","","",""
"2020003720","2325","2","0","0","0","0","0","0","0","0","4","0","","67","1","2020","5","39.998509","-75.129281","2323","6","1","0","0","0","0","0","0","0","","0","0","0","","","0","","2","","39 59:54.633","","0","75 07:45.412","0","0","0","0","67301","0","0","0","N","0","0","0","2","67301","0","","1.0","","1","N","N","Y","0","","0","0","0","","2","","","2","0","0","0","0","0","0","2","0","2","","03","","N","","","","","","","","","",""
"2020019665","1938","1","0","0","0","0","0","0","0","0","8","0","","67","2","2020","6","40.062588","-75.192864","1938","6","0","0","0","0","0","0","0","0","","0","0","0","","","1","","1","","40 03:45.318","","0","75 11:34.309","4","0","0","0","67301","1","0","0","N","1","0","0","2","67301","1","","1.0","","1","N","N","N","0","","0","0","0","","2","","","2","1","0","0","0","0","0","2","0","1","","03","","N","","","","","","","","","",""
"2020051230","1515","0","0","0","0","0","0","0","0","0","1","1","","67","6","2020","5","39.966292","-75.187096","1515","6","0","0","0","0","0","2","0","0","","0","1","0","","","1","N","0","","39 57:58.650","","0","75 11:13.546","3","0","0","1","67301","0","0","0","N","0","0","0","2","68K01","0","","1.0","","1","N","Y","N","0","","1","0","0","","0","","","2","1","0","0","0","0","0","2","0","2","","03","","N","","","","","","","","","",""
"2020010998","1650","2","0","0","0","0","0","0","0","0","4","0","","67","1","2020","3","40.040691","-75.076248","1645","6","0","0","0","0","0","1","0","0","","0","0","0","","","1","","1","","40 02:26.486","3","0","75 04:34.494","4","0","0","0","67301","0","0","0","N","0","0","0","3","67301","1","","1.0","1700.0","1","N","N","N","0","","0","0","0","","2","N","","2","1","0","0","0","0","0","2","0","2","","03","","N","","","","","","","","","",""
"2020059487","1712","1","0","0","0","0","0","0","0","0","1","0","","67","7","2020","6","39.95832","-75.165372","1712","6","0","0","0","1","0","0","0","0","","0","0","0","","","0","N","0","","39 57:29.951","","0","75 09:55.340","9","0","0","0","67301","0","0","0","N","0","0","0","2","68K01","0","","1.0","","1","N","N","N","0","","0","0","1","","0","","","2","0","0","0","0","0","1","2","0","2","","","","N","","","","","","","","","",""
"2020024665","0739","1","0","0","0","0","0","0","0","0","5","1","","67","3","2020","2","40.064606","-75.145267","0734","6","0","0","0","0","0","0","0","0","","0","1","0","","","1","N","0","","40 03:52.580","","0","75 08:42.960","3","0","0","0","67301","0","0","0","N","0","0","0","1","67301","0","","6.0","","1","N","N","N","0","","1","0","1","","0","","","3","1","1","0","0","0","0","2","0","3","","","","N","","","","","","","","","",""
"2020012183","1150","1","0","0","0","0","0","0","0","0","4","0","","67","1","2020","7","39.967289","-75.136685","1147","6","0","0","0","0","0","0","1","0","","0","0","0","","","1","","1","","39 58:02.240","","0","75 08:12.065","3","0","0","0","67301","0","0","0","N","0","0","0","2","67301","0","","1.0","","9","N","N","N","0","","1","0","0","","0","","","2","1","0","0","0","0","0","2","1","2","","07","","N","","","","","","","","","",""
"2020011413","1459","0","0","0","0","0","0","0","0","0","4","0","","67","1","2020","4","40.04032","-75.015428","1458","6","0","0","0","0","0","0","1","1","","0","0","0","","","2","","1","","40 02:25.152","2","0","75 00:55.542","8","0","0","0","67301","0","0","0","N","0","0","0","3","67301","0","","1.0","1558.0","1","N","N","N","0","","0","0","2","","2","Y","","2","2","0","0","0","2","1","2","0","2","","03","","N","","","","","","","","","",""
"2020004494","0825","0","0","0","0","0","0","0","0","0","1","1","","67","1","2020","2","39.960173","-75.137197","0808","6","0","0","0","0","0","0","1","0","","0","1","0","","","1","","2","","39 57:36.624","","0","75 08:13.909","8","0","0","0","67301","0","0","0","N","0","0","0","3","67301","0","","1.0","","1","N","N","N","0","","0","0","0","","2","","","2","1","0","0","0","1","0","2","1","2","","03","","N","","","","","","","","","",""
"2020014383","2020","2","0","0","0","0","0","0","0","0","8","0","","67","1","2020","4","40.038826","-75.143636","2020","6","0","0","0","0","0","0","0","0","","0","0","0","","","1","","1","","40 02:19.772","","0","75 08:37.091","3","0","0","0","67301","1","0","0","N","1","0","0","4","67301","0","","1.0","","1","N","N","N","0","","1","0","1","","2","","","4","1","0","0","0","0","2","2","0","3","","03","","N","","","","","","","","","",""
"2020058958","0341","0","0","0","0","0","0","0","0","0","98","0","45","67","7","2020","5","40.007927","-75.071708","0332","6","0","0","0","0","0","1","0","0","","0","0","0","","","0","N","0","","40 00:28.536","","0","75 04:18.150","0","0","0","0","67301","0","0","0","N","0","0","0","1","68K01","0","","1.0","","1","N","N","N","0","","0","0","1","","0","","","1","0","0","0","0","0","0","2","0","1","","","Y","Y","4","1","N","N","Y","N","N","N","Y","N"
"2020004690","0414","1","0","0","0","0","0","0","0","0","4","0","","67","1","2020","7","40.040499","-75.058879","0412","6","0","0","0","0","0","0","0","0","","0","0","0","","","1","","1","","40 02:25.798","2","0","75 03:31.964","8","0","0","0","67301","0","0","0","N","0","0","0","2","67301","0","","1.0","600.0","1","N","N","N","0","","0","0","1","","2","Y","","2","1","0","0","0","1","0","2","0","2","","04","","N","","","","","","","","","",""
"2020052148","2137","2","0","0","0","0","0","0","0","0","4","0","","67","7","2020","6","39.967403","-75.178634","2134","6","0","0","0","0","0","0","0","0","","0","0","0","","","0","","1","","39 58:02.652","","0","75 10:43.082","0","0","0","0","67301","0","0","0","N","0","0","0","2","67301","0","","1.0","","1","N","N","N","0","","0","0","0","","2","","","2","0","0","0","0","0","0","2","0","2","","03","","N","","","","","","","","","",""
"2020012349","1300","0","0","0","0","0","0","0","0","0","8","0","","67","1","2020","4","39.951994","-75.167033","1255","6","0","0","0","0","0","0","0","0","","0","0","0","","","1","N","0","","39 57:07.180","","7","75 10:01.320","3","0","0","0","67301","1","0","0","N","1","0","0","2","67301","0","","1.0","","1","N","N","N","0","","1","0","1","","0","","","2","1","0","0","0","0","0","2","0","1","","03","","N","","","","","","","","","",""
"2020006288","0821","1","0","0","0","0","0","0","0","0","4","0","","67","1","2020","4","40.022924","-75.163161","0820","6","0","0","0","0","0","0","0","1","","0","0","0","","","1","","1","","40 01:22.525","","0","75 09:47.379","4","0","0","0","67301","0","0","0","N","0","0","0","3","67301","1","","1.0","","1","N","N","N","0","","0","0","1","","3","","","2","1","0","0","0","0","0","2","0","2","","03","","N","","","","","","","","","",""
"2020006450","1430","1","0","0","0","0","0","0","0","0","7","0","","67","1","2020","6","39.971026","-75.190119","1420","6","0","0","0","0","0","0","0","0","","0","0","0","","","1","N","0","","39 58:15.695","6","0","75 11:24.429","4","0","0","0","67301","0","0","0","N","0","0","0","2","67301","1","","4.0","1500.0","1","N","N","N","0","","0","0","0","","0","Y","","1","1","0","0","0","0","1","2","0","1","","03","","N","","","","","","","","","",""
"2020005984","1358","1","0","0","0","0","0","0","0","0","4","0","","67","1","2020","3","40.020659","-75.148756","1353","6","0","0","0","0","0","1","1","0","","0","0","0","","","3","","1","","40 01:14.374","","0","75 08:55.521","8","0","0","0","67301","0","0","0","N","0","0","0","4","67301","0","","1.0","","9","N","N","N","0","","0","0","1","","0","","","2","3","0","0","0","3","0","2","0","2","","04","","N","","","","","","","","","",""
"2020011920","0106","1","0","0","0","0","0","0","0","0","7","0","","67","1","2020","5","40.04459","-75.002235","0103","6","0","0","0","0","0","0","0","0","","0","0","0","","","0","N","0","","40 02:40.524","","0","75 00:08.045","0","0","0","0","67301","0","0","0","N","0","0","0","1","68K01","0","","4.0","","1","N","N","N","0","","0","0","0","","0","","","1","0","0","0","0","0","0","2","0","1","","","","N","","","","","","","","","",""
"2020005201","2310","2","0","0","0","0","0","0","0","0","1","0","","67","1","2020","7","39.958248","-75.223253","2310","6","0","0","0","0","0","0","0","0","","0","0","0","","","0","N","0","","39 57:29.691","","0","75 13:23.712","0","0","0","0","67301","0","0","0","N","0","0","0","1","67301","0","","6.0","","99","N","N","N","0","","0","0","0","","2","","","2","0","0","0","0","0","0","2","0","2","","03","","N","","","","","","","","","",""
"2020004927","1349","1","0","0","0","0","0","0","0","0","1","0","","67","1","2020","1","39.955714","-75.155814","1345","6","0","0","0","0","0","1","0","0","","0","0","0","","","2","N","0","","39 57:20.570","","0","75 09:20.930","3","0","0","0","67301","0","0","0","N","0","0","0","3","67301","0","","1.0","","1","N","N","N","0","","2","0","1","","0","","","2","2","0","0","0","0","0","2","0","2","","03","","N","","","","","","","","","",""
"2020011267","0910","2","0","0","0","0","0","0","0","0","4","0","","67","1","2020","3","40.002476","-75.09413","0905","6","0","0","0","1","0","0","0","0","","0","0","0","","","1","","2","","40 00:08.913","","0","75 05:38.867","3","0","0","0","67301","0","0","0","N","0","0","0","2","67301","0","","1.0","","1","N","N","N","0","","1","0","0","","3","","","2","1","0","0","0","0","0","2","0","2","","03","","N","","","","","","","","","",""
"2020012140","0035","0","0","0","0","0","0","0","0","0","4","0","","67","1","2020","3","39.967495","-75.231958","0026","6","0","0","0","0","0","0","0","0","","0","0","0","","","1","","5","","39 58:02.983","","0","75 13:55.048","8","0","0","0","67301","0","0","0","N","0","0","0","4","67301","0","","1.0","","1","N","N","N","0","","0","0","0","","2","","","2","1","0","0","0","1","0","2","1","2","","03","","N","","","","","","","","","",""
"2020060355","1447","1","0","0","1","0","0","0","0","0","8","0","","67","7","2020","4","39.950299","-75.191739","1443","6","0","0","0","0","0","0","0","0","","0","0","0","","","1","N","2","","39 57:01.078","","0","75 11:30.262","4","0","0","0","67301","1","0","0","N","0","0","0","2","67504","1","","1.0","","1","N","N","N","0","","0","0","0","","2","","","2","1","1","0","0","0","0","2","0","1","","03","","N","","","","","","","","","",""
"2020048773","1251","1","0","0","0","0","0","0","0","0","5","1","","67","6","2020","2","40.040064","-75.1444","1248","6","0","0","0","0","0","0","0","0","","0","1","0","","","1","N","0","","40 02:24.232","","0","75 08:39.841","3","0","0","0","67301","0","0","0","N","0","0","0","5","67301","0","","1.0","","1","N","N","N","0","","1","0","0","","0","","","2","1","0","0","0","0","2","2","0","2","","03","","N","","","","","","","","","",""
"2020034712","1948","2","0","0","0","0","0","0","0","0","5","0","","67","2","2020","7","39.946787","-75.188484","1936","6","0","0","0","0","0","1","0","0","","0","0","0","","","0","Y","0","","39 56:48.432","4","2","75 11:18.544","0","0","0","0","67301","0","0","0","N","0","0","0","3","68K01","0","","1.0","2030.0","9","N","N","N","0","","0","0","1","","0","N","","3","0","1","0","0","0","0","2","0","3","","","","N","","","","","","","","","",""
"2020015760","1305","1","0","0","0","0","0","0","0","0","1","0","","67","1","2020","5","40.016905","-75.077252","1304","6","0","0","0","0","0","1","0","0","","0","0","0","","","1","","1","","40 01:00.857","","0","75 04:38.107","3","0","0","0","67301","0","0","0","N","0","0","0","2","67301","0","","1.0","","1","N","N","N","0","","1","0","1","","3","","","2","1","0","0","0","0","0","2","0","2","","03","","N","","","","","","","","","",""
"2020007101","1704","2","0","0","0","0","0","0","0","0","6","0","","67","1","2020","7","40.051475","-75.176561","1702","6","0","0","0","0","0","1","0","0","","0","0","0","","","0","N","0","","40 03:05.310","","0","75 10:35.620","0","0","0","0","67301","0","0","0","N","0","0","0","3","67301","0","","1.0","","6","N","N","N","0","","0","0","1","","9","","","3","0","0","0","0","0","0","2","0","3","","10","","N","","","","","","","","","",""
"2020003004","2020","1","0","0","0","0","0","0","0","0","4","0","","67","1","2020","4","40.013391","-75.184124","2015","6","0","0","0","0","0","0","0","0","","0","0","0","","","2","","2","","40 00:48.207","","0","75 11:02.845","3","0","0","0","67301","0","0","0","N","0","0","0","3","67301","0","","1.0","","1","N","N","N","0","","2","0","1","","0","","","2","2","0","0","0","0","0","2","0","2","","03","","N","","","","","","","","","",""
"2020012264","0018","2","0","0","0","0","0","0","0","0","2","0","","67","2","2020","7","39.97121","-75.162852","0017","6","0","0","0","0","0","0","0","0","","0","0","0","","","0","","1","","39 58:16.355","","0","75 09:46.267","0","0","0","0","67301","0","0","0","N","0","0","0","2","67301","0","","1.0","","1","N","N","N","0","","0","0","0","","3","","","2","0","0","0","0","0","0","2","0","2","","03","","N","","","","","","","","","",""
"2020010065","1125","2","0","0","0","0","0","0","0","0","4","0","","67","1","2020","3","40.054746","-75.151295","1125","6","0","0","0","0","0","0","2","0","","0","0","0","","","1","","1","","40 03:17.085","","0","75 09:04.662","3","0","0","0","67301","0","0","0","N","0","0","0","3","67301","0","","1.0","","1","N","N","N","1","","1","0","0","","3","","","3","1","0","0","0","0","0","2","0","3","","03","","N","","","","","","","","","",""
"2020036342","0345","2","0","0","0","0","0","0","0","0","4","0","","67","1","2020","4","40.025022","-75.125744","0341","6","0","0","0","0","0","0","0","0","","0","0","0","","","2","","1","","40 01:30.078","","0","75 07:32.678","3","0","0","0","67301","0","0","0","N","0","0","0","2","67301","0","","1.0","","1","N","N","N","0","","2","0","0","","2","","","2","2","0","0","0","0","0","2","0","2","","03","","N","","","","","","","","","",""
"2020020437","0114","1","0","0","0","0","0","0","0","0","7","0","","67","1","2020","7","40.038194","-75.010863","0110","6","0","0","0","0","0","0","0","0","","0","0","0","","","0","N","0","","40 02:17.500","2","0","75 00:39.107","0","0","0","0","67301","0","0","0","N","0","0","0","1","68K01","0","","4.0","200.0","1","N","N","N","0","","0","0","0","","0","N","","1","0","0","0","0","0","0","2","0","1","","03","","N","","","","","","","","","",""
"2020051472","1744","1","0","0","1","1","0","0","0","0","8","0","","67","6","2020","1","40.025595","-75.202433","1741","6","0","0","0","0","0","0","0","0","","1","0","0","","","0","N","2","","40 01:32.143","","0","75 12:08.758","1","0","0","0","67301","1","1","0","N","0","0","0","3","67301","0","2","1.0","","1","N","N","N","0","0","0","0","0","","0","","","2","0","0","0","0","0","0","2","0","1","","","","N","","","","","","","","","",""
"2020007286","2000","1","0","0","0","0","0","0","0","0","8","0","","67","1","2020","7","39.981209","-75.188697","1957","6","0","0","0","0","0","0","0","0","","0","0","0","","","1","","1","","39 58:52.351","","0","75 11:19.309","3","0","0","0","67301","1","0","0","N","1","0","0","2","67301","0","","1.0","","2","N","N","N","0","","1","0","0","","2","","","2","1","0","0","0","0","0","2","0","1","","02","","N","","","","","","","","","",""
"2020020071","1827","1","0","0","0","0","0","0","0","0","8","0","","67","2","2020","7","39.946054","-75.216496","1825","6","0","0","0","0","0","0","0","0","","0","0","0","","","2","","1","","39 56:45.794","","0","75 12:59.385","3","0","0","0","67301","2","0","0","N","2","0","0","6","67301","0","","1.0","","1","N","N","N","0","","2","0","0","","3","","","3","2","0","0","0","0","0","2","0","1","","03","","N","","","","","","","","","",""
"2020010181","1555","1","0","0","0","0","0","0","0","0","8","0","","67","1","2020","7","40.063674","-75.022318","1550","6","0","0","0","0","0","0","0","0","","0","0","0","","","1","N","0","","40 03:49.225","","7","75 01:20.345","3","0","0","0","67301","1","0","0","N","1","0","0","2","67301","0","","1.0","","9","N","N","N","0","","1","0","0","","0","","","2","1","0","0","0","0","0","2","0","1","","07","","N","","","","","","","","","",""
"2020010109","1646","1","0","0","0","0","0","0","0","0","4","0","","67","1","2020","7","40.040691","-75.076248","1637","6","0","0","0","0","0","0","0","0","","0","0","0","","","1","","1","","40 02:26.486","2","0","75 04:34.494","3","0","0","0","67301","0","0","0","N","0","0","0","2","67301","0","","1.0","1740.0","9","N","N","N","0","","1","0","0","","2","Y","","2","1","0","0","0","0","0","2","1","2","","03","","N","","","","","","","","","",""
"2020011262","2012","1","0","0","0","0","0","0","0","0","1","0","","67","1","2020","3","39.959347","-75.145317","2009","6","0","0","0","0","0","0","1","0","","0","0","0","","","1","N","0","","39 57:33.650","","0","75 08:43.140","8","0","0","0","67301","0","0","0","N","0","0","0","2","67301","0","","1.0","","1","N","N","N","0","","0","0","0","","0","","","2","1","0","0","0","1","0","2","1","2","","03","","N","","","","","","","","","",""
"2020012352","1120","0","0","0","0","0","0","0","0","0","8","0","","67","1","2020","3","39.999552","-75.112632","2255","6","0","0","0","0","0","0","0","0","","0","0","0","","","1","","1","","39 59:58.387","","99","75 06:45.475","2","0","0","0","67301","1","0","1","N","1","0","1","2","67301","0","","1.0","","99","N","N","N","0","","0","1","0","","3","","","2","1","0","0","0","0","0","2","0","1","","98","","N","","","","","","","","","",""
"2020060184","2129","1","0","0","0","0","0","0","0","0","1","0","","67","7","2020","4","39.947869","-75.186646","2112","6","0","0","0","0","0","0","0","0","","0","0","0","","","0","N","0","","39 56:52.330","","0","75 11:11.926","0","0","0","0","67301","0","0","0","N","0","0","0","2","68K01","0","","1.0","","9","N","N","N","0","","0","0","1","","0","","","2","0","0","0","0","0","0","2","0","2","","","","N","","","","","","","","","",""
"2020051850","1700","1","0","0","0","0","0","0","0","0","4","0","","67","7","2020","4","40.017619","-75.172315","1657","6","0","0","0","0","0","0","0","0","","0","0","0","","","1","","7","","40 01:03.429","","2","75 10:20.334","3","0","0","0","67301","0","0","0","N","0","0","0","2","67301","0","","1.0","","1","N","N","N","0","","1","0","1","","0","","","2","1","0","0","0","0","0","2","0","2","","03","","N","","","","","","","","","",""
"2020049116","1900","1","0","0","0","0","0","0","0","0","8","0","","67","6","2020","2","39.916829","-75.171324","1851","6","0","0","0","0","0","0","0","0","","0","0","0","","","1","","1","","39 55:00.583","","0","75 10:16.768","3","0","0","0","67301","1","0","0","N","1","0","0","1","67301","0","","2.0","","1","N","N","N","0","","1","0","0","","2","","","2","1","0","0","0","0","0","2","0","1","","03","","N","","","","","","","","","",""
"2020009262","0630","1","0","0","0","0","0","0","0","0","4","0","","67","1","2020","1","39.921334","-75.231561","0621","6","0","0","0","0","0","0","0","0","","0","0","0","","","0","","1","","39 55:16.804","","0","75 13:53.620","9","0","0","0","67301","0","0","0","N","0","0","0","3","67301","0","","1.0","","9","N","N","N","0","","0","0","2","","2","","","3","0","0","0","0","0","2","2","0","3","","07","","N","","","","","","","","","",""
"2020019874","1202","1","0","0","0","0","0","0","0","0","4","0","","67","2","2020","4","40.010821","-75.126649","1201","6","0","0","0","0","0","0","0","0","","0","0","0","","","1","","1","","40 00:38.955","","0","75 07:35.936","3","0","0","0","67301","0","0","0","N","0","0","0","2","67301","0","","1.0","","1","N","N","N","0","","1","0","1","","9","","","2","1","1","0","0","0","0","2","0","2","","03","","N","","","","","","","","","",""
"2020051270","1012","1","0","0","0","0","0","0","0","0","2","0","","67","6","2020","3","40.036904","-75.079806","1011","6","0","0","0","0","0","0","1","0","","0","0","0","","","1","","1","","40 02:12.854","","0","75 04:47.301","3","0","0","0","67301","0","0","0","N","0","0","0","2","67301","0","","1.0","","1","N","N","N","0","","1","0","1","","2","","","2","1","0","0","0","0","0","2","0","2","","03","","N","","","","","","","","","",""
"2020007374","2140","3","0","0","0","0","0","0","0","0","4","0","","67","1","2020","6","39.938466","-75.171588","2135","6","0","0","0","0","0","0","0","0","","0","0","0","","","3","","1","","39 56:18.477","7","0","75 10:17.716","8","0","0","0","67301","0","0","0","N","0","0","0","3","67301","0","","1.0","2200.0","2","N","N","N","0","","0","0","2","","2","N","","5","3","0","0","0","3","0","2","0","5","","07","","N","","","","","","","","","",""
"2020019862","1932","2","0","0","0","0","0","0","0","0","4","0","","67","2","2020","7","40.042809","-75.06315","1930","6","0","0","0","0","0","0","1","0","","0","0","0","","","0","","1","","40 02:34.113","1","0","75 03:47.339","0","0","0","0","67301","0","0","0","N","0","0","0","2","67301","0","","1.0","2045.0","1","N","N","N","0","","0","0","0","","2","Y","","2","0","0","0","0","0","0","2","0","2","","03","","N","","","","","","","","","",""
"2020023145","1825","2","0","0","0","0","0","0","0","0","4","0","","67","2","2020","4","39.928983","-75.220683","1822","6","0","0","0","0","0","0","0","0","","0","0","0","","","1","N","0","","39 55:44.337","","0","75 13:14.460","8","0","0","0","67301","0","0","0","N","0","0","0","4","67301","0","","1.0","","1","N","N","N","0","","0","0","0","","2","","","2","1","0","0","0","1","0","2","0","2","","03","","N","","","","","","","","","",""
"2020012909","1802","1","0","0","0","0","0","0","0","0","4","0","","67","1","2020","4","40.029788","-75.060109","1801","6","0","0","0","0","0","0","0","0","","0","0","0","","","1","","1","","40 01:47.237","","0","75 03:36.393","3","0","0","0","67301","0","0","0","N","0","0","0","6","67301","0","","1.0","","1","N","N","N","0","","1","0","0","","2","","","2","1","0","0","0","0","0","2","1","2","","03","","N","","","","","","","","","",""
"2020058914","0038","0","0","0","0","0","0","0","0","0","6","0","","67","7","2020","7","39.972134","-75.189957","0006","6","0","0","0","0","0","1","0","0","","0","0","0","","","1","N","0","","39 58:19.682","","0","75 11:23.846","2","0","1","1","67301","0","0","0","N","0","0","0","2","67301","0","","1.0","","1","N","N","N","0","","0","1","1","","0","U","","2","1","0","0","0","0","0","2","0","2","","03","","N","","","","","","","","","",""