"CRN","ARRIVAL_TM","AUTOMOBILE_COUNT","BELTED_DEATH_COUNT","BELTED_SUSP_SERIOUS_INJ_COUNT","BICYCLE_COUNT","BICYCLE_DEATH_COUNT","BICYCLE_SUSP_SERIOUS_INJ_COUNT","BUS_COUNT","CHLDPAS_DEATH_COUNT","CHLDPAS_SUSP_SERIOUS_INJ_COUNT","COLLISION_TYPE","COMM_VEH_COUNT","CONS_ZONE_SPD_LIM","COUNTY","CRASH_MONTH","CRASH_YEAR","DAY_OF_WEEK","DEC_LATITUDE","DEC_LONGITUDE","DISPATCH_TM","DISTRICT","DRIVER_COUNT_16YR","DRIVER_COUNT_17YR","DRIVER_COUNT_18YR","DRIVER_COUNT_19YR","DRIVER_COUNT_20YR","DRIVER_COUNT_50_64YR","DRIVER_COUNT_65_74YR","DRIVER_COUNT_75PLUS","EST_HRS_CLOSED","FATAL_COUNT","HEAVY_TRUCK_COUNT","HORSE_BUGGY_COUNT","HOUR_OF_DAY","ILLUMINATION","INJURY_COUNT","INTERSECTION_RELATED","INTERSECT_TYPE","LANE_CLOSED","LATITUDE","LN_CLOSE_DIR","LOCATION_TYPE","LONGITUDE","MAX_SEVERITY_LEVEL","MCYCLE_DEATH_COUNT","MCYCLE_SUSP_SERIOUS_INJ_COUNT","MOTORCYCLE_COUNT","MUNICIPALITY","NONMOTR_COUNT","NONMOTR_DEATH_COUNT","NONMOTR_SUSP_SERIOUS_INJ_COUNT","NTFY_HIWY_MAINT","PED_COUNT","PED_DEATH_COUNT","PED_SUSP_SERIOUS_INJ_COUNT","PERSON_COUNT","POLICE_AGCY","POSSIBLE_INJ_COUNT","RDWY_SURF_TYPE_CD","RELATION_TO_ROAD","ROADWAY_CLEARED","ROAD_CONDITION","SCH_BUS_IND","SCH_ZONE_IND","SECONDARY_CRASH","SMALL_TRUCK_COUNT","SPEC_JURIS_CD","SUSP_MINOR_INJ_COUNT","SUSP_SERIOUS_INJ_COUNT","SUV_COUNT","TCD_FUNC_CD","TCD_TYPE","TFC_DETOUR_IND","TIME_OF_DAY","TOTAL_UNITS","TOT_INJ_COUNT","UNBELTED_OCC_COUNT","UNB_DEATH_COUNT","UNB_SUSP_SERIOUS_INJ_COUNT","UNK_INJ_DEG_COUNT","UNK_INJ_PER_COUNT","URBAN_RURAL","VAN_COUNT","VEHICLE_COUNT","WEATHER1","WEATHER2","WORKERS_PRES","WORK_ZONE_IND","WORK_ZONE_LOC","WORK_ZONE_TYPE","WZ_CLOSE_DETOUR","WZ_FLAGGER","WZ_LAW_OFFCR_IND","WZ_LN_CLOSURE","WZ_MOVING","WZ_OTHER","WZ_SHLDER_MDN","WZ_WORKERS_INJ_KILLED"
"2020006957","0420","0","0","0","0","0","0","0","0","0","7","0","","67","1","2020","1","40.045561","-75.108878","0420","6","0","0","0","0","0","0","0","0","","0","0","0","","","0","N","0","","40 02:44.020","","0","75 06:31.960","0","0","0","0","67301","0","0","0","N","0","0","0","1","67301","0","","4.0","","9","N","N","N","0","","0","0","1","","0","","","1","0","0","0","0","0","0","2","0","1","","","","N","","","","","","","","","",""
"2020019870","1417","1","0","0","0","0","0","0","0","0","4","0","","67","2","2020","7","39.979193","-75.161814","1416","6","0","0","0","0","0","1","0","0","","0","0","0","","","0","","1","","39 58:45.093","","0","75 09:42.531","9","0","0","0","67301","0","0","0","N","0","0","0","2","67301","0","","1.0","","1","N","N","N","0","","0","0","2","","3","","","3","0","0","0","0","0","1","2","0","3","","03","","N","","","","","","","","","",""
"2020059480","0653","1","0","0","0","0","0","0","0","0","5","0","","67","7","2020","5","39.960941","-75.182106","0652","6","0","0","0","0","0","0","0","0","","0","0","0","","","0","N","0","","39 57:39.387","3","0","75 10:55.582","0","0","0","0","67301","0","0","0","N","0","0","0","2","68K01","0","","1.0","800.0","1","N","N","N","1","","0","0","0","","0","N","","2","0","0","0","0","0","0","2","0","2","","","","N","","","","","","","","","",""
"2020024717","1129","1","0","0","0","0","0","0","0","0","1","0","","67","2","2020","7","39.959852","-75.177635","1119","6","0","0","0","0","0","0","0","0","","0","0","0","","","0","N","0","","39 57:35.468","4","0","75 10:39.486","0","0","0","0","67301","0","0","0","N","0","0","0","3","68K01","0","","1.0","1132.0","1","N","N","N","0","","0","0","1","","8","N","","2","0","0","0","0","0","0","2","0","2","","","","N","","","","","","","","","",""
"2020005179","0100","1","0","0","0","0","0","0","0","0","4","0","","67","1","2020","4","39.976383","-75.162534","0059","6","0","0","0","0","0","0","0","0","","0","0","0","","","2","N","1","","39 58:34.977","3","0","75 09:45.122","8","0","0","0","67301","0","0","0","N","0","0","0","4","67505","0","","1.0","150.0","9","N","N","N","0","","0","0","0","","3","Y","","2","2","0","0","0","2","0","2","1","2","","03","","N","","","","","","","","","",""
"2020009264","0935","1","0","0","0","0","0","0","0","0","5","0","","67","1","2020","4","39.941233","-75.234758","0933","6","0","0","0","0","0","0","0","0","","0","0","0","","","0","N","0","","39 56:28.440","","0","75 14:05.130","9","0","0","0","67301","0","0","0","N","0","0","0","1","67301","0","","6.0","","1","N","N","N","0","","0","0","2","","0","","","3","0","1","0","0","0","1","2","0","3","","03","","N","","","","","","","","","",""
"2020005985","1830","0","0","0","0","0","0","0","0","0","8","0","","67","1","2020","3","40.031099","-75.177779","1830","6","0","0","0","0","0","0","0","1","","0","0","0","","","1","","1","","40 01:51.956","","99","75 10:40.006","3","0","0","0","67301","1","0","0","N","1","0","0","2","67301","0","","1.0","","9","N","N","N","0","","1","0","1","","2","","","2","1","1","0","0","0","0","2","0","1","","","","N","","","","","","","","","",""
"2020010525","2130","0","0","0","0","0","0","0","0","0","5","0","","67","1","2020","6","40.012194","-75.150492","2125","6","0","0","0","0","0","1","0","0","","0","0","0","","","0","N","0","","40 00:43.897","","0","75 09:01.770","9","0","0","0","67301","0","0","0","N","0","0","0","2","67301","0","","1.0","","1","N","N","N","1","","0","0","0","","2","","","2","0","1","0","0","0","1","2","1","2","","","","N","","","","","","","","","",""
"2020012348","1430","0","0","0","0","0","0","0","0","0","4","0","","67","1","2020","5","40.066128","-75.063046","1430","6","0","0","0","0","0","0","1","0","","0","0","0","","","1","","1","","40 03:58.061","2","0","75 03:46.964","4","0","0","0","67301","0","0","0","N","0","0","0","2","67301","1","","1.0","1500.0","1","N","N","N","0","","0","0","2","","2","Y","","2","1","0","0","0","0","0","2","0","2","","03","","N","","","","","","","","","",""
"2020019868","1535","1","0","0","0","0","0","0","0","0","5","0","","67","2","2020","6","39.993841","-75.084659","1535","6","0","0","0","0","0","0","0","1","","0","0","0","","","0","N","0","","39 59:37.828","","0","75 05:04.773","0","0","0","0","67301","0","0","0","N","0","0","0","5","67301","0","","1.0","","1","N","N","N","1","","0","0","0","","0","","","2","0","0","0","0","0","0","2","0","2","","03","","N","","","","","","","","","",""
"2020051374","1411","1","0","0","0","0","0","0","0","0","8","0","","67","6","2020","1","40.022442","-75.156161","1409","6","0","0","0","0","0","1","0","0","","0","0","0","","","1","N","0","","40 01:20.790","3","0","75 09:22.180","2","0","0","0","67301","1","0","1","N","1","0","1","2","67301","0","","1.0","1600.0","1","N","N","N","0","","0","1","0","","0","N","","2","1","0","0","0","0","0","2","0","1","","03","","N","","","","","","","","","",""
"2020019123","1050","0","0","0","1","0","0","0","0","0","8","0","","67","2","2020","3","39.947713","-75.1511","1050","6","0","0","0","0","0","0","0","0","","0","0","0","","","1","","1","","39 56:51.765","","0","75 09:03.961","3","0","0","0","67301","1","0","0","N","0","0","0","2","67301","0","","1.0","","1","N","N","N","0","","1","0","1","","0","","","2","1","0","0","0","0","0","2","0","1","","","","N","","","","","","","","","",""
"2020015761","1814","2","0","0","0","0","0","0","0","0","4","0","","67","1","2020","6","40.006004","-75.091851","1810","6","0","0","0","0","0","1","0","0","","0","0","0","","","1","","5","","40 00:21.613","","0","75 05:30.664","3","0","0","0","67301","0","0","0","N","0","0","0","2","67301","0","","1.0","","1","N","N","N","0","","1","0","0","","2","","","2","1","1","0","0","0","0","2","0","2","","","","N","","","","","","","","","",""
"2020004732","2258","1","0","0","0","0","0","0","0","0","5","0","","67","1","2020","2","40.019586","-75.134181","2258","6","0","0","0","0","0","0","0","0","","0","0","0","","","0","N","0","","40 01:10.510","","0","75 08:03.050","0","0","0","0","67301","0","0","0","N","0","0","0","1","67301","0","","6.0","","1","N","N","N","1","","0","0","1","","0","","","3","0","0","0","0","0","0","2","0","3","","","","N","","","","","","","","","",""
"2020004007","0049","2","0","0","0","0","0","0","0","0","5","0","","67","1","2020","7","39.969583","-75.202617","0037","6","0","0","0","0","0","0","0","0","","0","0","0","","","1","N","0","","39 58:10.500","","0","75 12:09.420","4","0","0","0","67301","0","0","0","N","0","0","0","1","67301","1","","6.0","","1","N","N","N","0","","0","0","0","","0","","","2","1","0","0","0","0","0","2","0","2","","03","","N","","","","","","","","","",""
"2020009382","0743","0","0","0","0","0","0","0","0","0","4","0","","67","1","2020","6","39.922561","-75.235417","0741","6","0","0","0","0","0","0","0","0","","0","0","0","","","0","N","0","","39 55:21.220","","0","75 14:07.500","0","0","0","0","67301","0","0","0","N","0","0","0","2","67301","0","","1.0","","1","N","N","N","0","","0","0","1","","0","","","2","0","0","0","0","0","0","2","1","2","","03","","N","","","","","","","","","",""
"2020049649","1230","0","0","0","0","0","0","0","0","0","4","1","","67","6","2020","3","39.992323","-75.109699","1221","6","0","0","0","0","0","1","0","0","","0","1","0","","","1","","2","","39 59:32.361","","0","75 06:34.917","2","0","1","1","67301","0","0","0","N","0","0","0","2","67301","0","","1.0","","1","N","N","N","0","","0","1","0","","0","","","2","1","0","0","0","0","0","2","0","2","","03","","N","","","","","","","","","",""
"2020007832","1130","1","0","0","0","0","0","0","0","0","6","0","","67","1","2020","7","40.016561","-75.048925","1130","6","0","0","0","0","0","1","0","0","","0","0","0","","","1","N","0","","40 00:59.620","","0","75 02:56.130","4","0","0","0","67301","0","0","0","N","0","0","0","3","67301","1","","1.0","","7","N","N","N","0","","0","0","0","","0","","","2","1","1","0","0","0","0","2","1","2","","","","N","","","","","","","","","",""
"2020013234","1307","3","0","0","0","0","0","0","0","0","2","0","","67","2","2020","7","40.020461","-75.136622","1307","6","0","0","0","0","0","0","0","0","","0","0","0","","","0","N","0","","40 01:13.660","","0","75 08:11.840","0","0","0","0","67301","0","0","0","N","0","0","0","1","67301","0","","1.0","","1","N","N","N","0","","0","0","1","","0","","","4","0","0","0","0","0","0","2","0","4","","03","","N","","","","","","","","","",""
"2020003777","2017","2","0","0","0","0","0","0","0","0","5","0","","67","1","2020","6","40.010745","-75.162793","2016","6","0","0","0","0","0","0","0","0","","0","0","0","","","0","N","0","","40 00:38.682","","0","75 09:46.053","0","0","0","0","67301","0","0","0","N","0","0","0","3","67301","0","","1.0","","1","N","N","N","0","","0","0","0","","0","","","2","0","0","0","0","0","0","2","0","2","","03","","N","","","","","","","","","",""
"2020006282","0136","1","0","0","0","0","0","0","0","0","5","0","","67","1","2020","5","39.925901","-75.243983","0136","6","0","0","0","0","0","0","0","0","","0","0","0","","","0","N","0","","39 55:33.245","3","0","75 14:38.339","0","0","0","0","67301","0","0","0","N","0","0","0","1","67301","0","","6.0","250.0","9","N","N","N","0","","0","0","1","","0","N","","2","0","0","0","0","0","0","2","0","2","","07","","N","","","","","","","","","",""
"2020051677","1505","1","0","0","0","0","0","1","0","0","4","1","","67","7","2020","4","40.08721","-75.022121","1505","6","0","0","0","0","0","1","0","0","","0","0","0","","","1","","2","","40 05:13.956","","0","75 01:19.634","3","0","0","0","67301","0","0","0","N","0","0","0","10","67301","0","","1.0","","1","N","N","N","0","","1","0","0","","3","","","2","1","0","0","0","0","0","2","0","2","","03","","N","","","","","","","","","",""
"2020013108","1950","2","0","0","0","0","0","0","0","0","1","0","","67","1","2020","3","39.975868","-75.158544","1945","6","0","0","0","0","1","0","0","0","","0","0","0","","","1","","1","","39 58:33.125","","0","75 09:30.760","4","0","0","0","67301","0","0","0","N","0","0","0","2","67301","1","","1.0","","1","N","N","N","0","","0","0","0","","2","","","2","1","0","0","0","0","0","2","0","2","","","","N","","","","","","","","","",""
"2020006826","1843","0","0","0","0","0","0","0","0","0","8","0","","67","1","2020","2","40.042424","-75.082666","1842","6","0","0","0","0","0","1","0","0","","0","0","0","","","1","","1","","40 02:32.725","","0","75 04:57.598","3","0","0","0","67301","1","0","0","N","1","0","0","2","67301","0","","1.0","","1","N","N","N","0","","1","0","1","","2","","","2","1","0","0","0","0","0","2","0","1","","03","","N","","","","","","","","","",""
"2020008275","1622","1","0","0","0","0","0","0","0","0","5","0","","67","1","2020","3","40.057056","-75.140732","1622","6","0","0","0","0","0","2","0","0","","0","0","0","","","2","N","0","","40 03:25.402","","0","75 08:26.634","3","0","0","0","67301","0","0","0","N","0","0","0","4","67301","0","","1.0","","1","N","N","N","0","","2","0","0","","0","","","2","2","0","0","0","0","1","2","1","2","","03","","N","","","","","","","","","",""
"2020047950","1950","0","0","0","1","0","0","1","0","0","8","1","","67","6","2020","7","39.949198","-75.150529","1943","6","0","0","0","0","0","0","0","0","","0","0","0","","","1","Y","0","","39 56:57.113","","0","75 09:01.904","4","0","0","0","67301","1","0","0","N","0","0","0","2","67508","1","","1.0","","1","N","N","N","0","","0","0","0","","0","N","","2","1","0","0","0","0","0","2","0","1","","","","N","","","","","","","","","",""
"2020052052","1200","1","0","0","0","0","0","0","0","0","1","0","","67","6","2020","5","39.944618","-75.191326","1155","6","0","0","0","0","0","0","0","0","","0","0","0","","","1","N","6","","39 56:40.625","4","2","75 11:28.773","3","0","0","0","67301","0","0","0","N","0","0","0","4","68K01","0","","1.0","1205.0","1","N","N","N","0","","1","0","1","","0","N","","2","1","0","0","0","0","0","2","0","2","","03","","N","","","","","","","","","",""
"2020052048","0032","1","0","0","0","0","0","0","0","0","7","0","","67","6","2020","5","39.884729","-75.243744","0015","6","0","0","0","0","0","0","0","0","","0","0","0","","","0","N","0","","39 53:05.023","","0","75 14:37.480","0","0","0","0","67301","0","0","0","N","0","0","0","1","68K01","0","","4.0","","1","N","N","N","0","","0","0","0","","0","","","1","0","0","0","0","0","0","2","0","1","","","","N","","","","","","","","","",""
"2020018812","0436","2","0","0","0","0","0","0","0","0","5","0","","67","2","2020","2","39.9483","-75.175283","0434","6","0","0","0","0","0","0","0","0","","0","0","0","","","0","N","0","","39 56:53.880","","0","75 10:31.020","9","0","0","0","67301","0","0","0","N","0","0","0","2","67301","0","","6.0","","1","N","N","N","0","","0","0","1","","0","","","3","0","0","0","0","0","1","2","0","3","","03","","N","","","","","","","","","",""
"2020028337","1521","1","0","0","0","0","0","0","0","0","1","0","","67","2","2020","6","39.979992","-75.105229","1435","6","0","0","0","1","0","1","0","0","","0","0","0","","","1","N","0","","39 58:47.970","2","0","75 06:18.826","8","0","0","0","67301","0","0","0","N","0","0","0","3","68K01","0","","1.0","30.0","1","N","N","N","0","","0","0","2","","0","N","","3","1","0","0","0","1","0","2","0","3","","","","N","","","","","","","","","",""
"2020049009","1435","1","0","0","0","0","0","0","0","0","8","0","","67","6","2020","2","39.922203","-75.230327","1430","6","0","0","0","0","0","0","0","0","","0","0","0","","","1","","1","","39 55:19.930","","0","75 13:49.176","8","0","0","0","67301","1","0","0","N","1","0","0","2","67301","0","","1.0","","1","N","N","N","0","","0","0","0","","2","","","2","1","0","0","0","1","0","2","0","1","","03","","N","","","","","","","","","",""
"2020005409","0910","1","0","0","0","0","0","0","0","0","4","0","","67","1","2020","4","40.059276","-75.044578","0903","6","0","0","0","0","0","0","0","0","","0","0","0","","","1","","1","","40 03:33.392","","0","75 02:40.479","4","0","0","0","67301","0","0","0","N","0","0","0","3","67301","1","","1.0","","1","N","N","N","0","","0","0","1","","2","","","2","1","0","0","0","0","0","2","0","2","","03","","N","","","","","","","","","",""
"2020008276","1900","0","0","0","0","0","0","0","0","0","2","0","","67","1","2020","7","40.024291","-75.195318","1900","6","0","0","0","0","0","0","0","0","","0","0","0","","","1","N","0","","40 01:27.447","","0","75 11:43.144","3","0","0","0","67301","0","0","0","N","0","0","0","2","67301","0","","1.0","","7","N","N","N","0","","1","0","1","","0","","","2","1","0","0","0","0","0","2","0","2","","09","","N","","","","","","","","","",""
"2020005407","0956","1","0","0","0","0","0","0","0","0","4","0","","67","1","2020","3","39.938667","-75.156306","0950","6","0","0","0","0","0","0","0","0","","0","0","0","","","0","N","2","","39 56:19.200","","0","75 09:22.700","0","0","0","0","67301","0","0","0","N","0","0","0","2","67301","0","","1.0","","1","N","N","N","0","","0","0","1","","0","","","2","0","1","0","0","0","0","2","0","2","","03","","N","","","","","","","","","",""
"2020005982","2100","1","0","0","0","0","0","0","0","0","4","0","","67","1","2020","3","39.904061","-75.240291","2100","6","0","0","0","0","0","0","0","0","","0","0","0","","","1","","1","","39 54:14.619","","0","75 14:25.049","3","0","0","0","67301","0","0","0","N","0","0","0","3","67301","0","","1.0","","1","N","N","N","0","","1","0","1","","2","","","2","1","0","0","0","0","0","2","0","2","","","","N","","","","","","","","","",""
"2020018675","2100","1","0","0","0","0","0","0","0","0","4","0","","67","2","2020","3","39.975156","-75.188114","2045","6","0","0","0","0","0","1","0","0","","0","0","0","","","1","","1","","39 58:30.561","3","0","75 11:17.209","4","0","0","0","67301","0","0","0","N","0","0","0","2","67301","1","","1.0","2136.0","1","N","N","N","1","","0","0","0","","2","N","","2","1","1","0","0","0","0","2","0","2","","03","","N","","","","","","","","","",""
"2020054003","1102","1","0","0","0","0","0","0","0","0","2","0","","67","7","2020","4","39.978904","-75.159573","1059","6","0","0","0","0","0","1","0","0","","0","0","0","","","1","","2","","39 58:44.053","","0","75 09:34.464","3","0","0","0","67301","0","0","0","N","0","0","0","2","67301","0","","1.0","","1","N","N","N","0","","1","0","1","","2","","","2","1","0","0","0","0","0","2","0","2","","03","","N","","","","","","","","","",""
"2020004046","1045","0","0","0","0","0","0","0","0","0","4","0","","67","1","2020","7","39.899725","-75.174708","1036","6","0","0","0","0","1","1","0","0","","0","0","0","","","1","","3","","39 53:59.011","","2","75 10:28.950","3","0","0","0","67301","0","0","0","N","0","0","0","2","67301","0","","1.0","","1","N","N","N","0","","1","0","1","","2","","","2","1","0","0","0","0","0","2","1","2","","03","","N","","","","","","","","","",""
"2020008750","1545","0","0","0","0","0","0","0","0","0","7","0","","67","1","2020","3","39.907318","-75.241593","1543","6","0","0","0","0","0","0","0","1","","0","0","0","","","1","","2","","39 54:26.344","4","0","75 14:29.734","3","0","0","0","67301","0","0","0","N","0","0","0","1","67301","0","","4.0","300.0","1","N","N","N","0","","1","0","0","","0","Y","","1","1","0","0","0","0","0","2","1","1","","03","","N","","","","","","","","","",""
"2020011532","2248","1","0","0","0","0","0","0","0","0","4","0","","67","1","2020","3","40.067954","-75.157378","2248","6","0","0","0","0","0","1","0","0","","0","0","0","","","1","","2","","40 04:04.634","","0","75 09:26.560","3","0","0","0","67301","0","0","0","N","0","0","0","2","67301","0","","1.0","","1","N","N","N","0","","1","0","1","","3","","","2","1","1","0","0","0","0","2","0","2","","","","N","","","","","","","","","",""
"2020011715","0907","2","0","0","0","0","0","0","0","0","5","0","","67","1","2020","4","39.878276","-75.250376","0852","6","0","0","0","0","0","1","0","0","","0","0","0","","","0","N","0","","39 52:41.792","","0","75 15:01.353","0","0","0","0","67301","0","0","0","N","0","0","0","2","68K01","0","","1.0","","1","N","N","N","0","","0","0","0","","0","","","2","0","0","0","0","0","0","2","0","2","","03","","N","","","","","","","","","",""
"2020004928","1810","2","0","0","0","0","0","0","0","0","4","0","","67","1","2020","2","39.965087","-75.16075","1805","6","0","0","0","0","0","1","0","0","","0","0","0","","","2","","1","","39 57:54.312","","0","75 09:38.700","3","0","0","0","67301","0","0","0","N","0","0","0","2","67301","1","","1.0","","1","N","N","N","0","","1","0","0","","2","","","2","2","1","0","0","0","0","2","0","2","","03","","N","","","","","","","","","",""
"2020007378","1320","1","0","0","0","0","0","0","0","0","8","0","","67","1","2020","3","39.978627","-75.133487","1305","6","0","0","0","0","0","0","0","0","","0","0","0","","","1","","2","","39 58:43.057","","0","75 08:00.553","3","0","0","0","67301","1","0","0","N","1","0","0","2","67301","0","","1.0","","99","N","N","N","0","","1","0","0","","2","","","2","1","0","0","0","0","0","2","0","1","","","","N","","","","","","","","","",""
"2020012894","0212","1","0","0","0","0","0","0","0","0","1","0","","67","1","2020","6","39.919933","-75.222767","0212","6","0","0","0","0","0","1","0","0","","0","0","0","","","1","","1","","39 55:11.759","","0","75 13:21.960","3","0","0","0","67301","0","0","0","N","0","0","0","3","67301","0","","1.0","","1","N","N","N","0","","1","0","0","","2","","","2","1","0","0","0","0","0","2","0","2","","03","","N","","","","","","","","","",""
"2020003680","1630","1","0","0","0","0","0","0","0","0","8","0","","67","1","2020","6","39.988839","-75.139477","1630","6","0","0","0","0","0","0","0","0","","0","0","0","","","1","N","1","","39 59:19.820","","0","75 08:22.117","3","0","0","0","67301","1","0","0","N","1","0","0","2","67301","0","","1.0","","1","N","N","N","0","","1","0","0","","3","","","2","1","0","0","0","0","0","2","0","1","","","","N","","","","","","","","","",""
"2020033124","0850","1","0","0","0","0","0","0","0","0","1","0","","67","1","2020","2","39.908721","-75.241999","0840","6","0","0","0","1","0","0","0","0","","0","0","0","","","1","Y","0","","39 54:31.396","","0","75 14:31.198","4","0","0","0","67301","0","0","0","N","0","0","0","2","67301","1","","1.0","","1","N","N","N","0","","0","0","1","","2","","","2","1","0","0","0","0","0","2","0","2","","04","","N","","","","","","","","","",""
"2020012913","1648","1","0","0","0","0","0","0","0","0","5","0","","67","2","2020","1","40.014417","-75.065522","1642","6","0","0","0","0","0","1","0","0","","0","0","0","","","0","","2","","40 00:51.901","","0","75 03:55.879","0","0","0","0","67301","0","0","0","N","0","0","0","1","67301","0","","4.0","","1","N","N","Y","0","","0","0","0","","0","","","2","0","0","0","0","0","0","2","1","2","","","","N","","","","","","","","","",""
"2020005200","1935","1","0","0","0","0","0","0","0","0","8","0","","67","1","2020","3","39.938656","-75.173175","1930","6","0","0","0","0","0","0","0","0","","0","0","0","","","1","","1","","39 56:19.161","","0","75 10:23.429","4","0","0","0","67301","1","0","0","N","1","0","0","2","67301","1","","1.0","","9","N","N","N","0","","0","0","0","","2","","","2","1","0","0","0","0","0","2","0","1","","03","","N","","","","","","","","","",""
"2020009777","1138","1","0","0","0","0","0","0","0","0","7","0","","67","1","2020","7","40.085494","-74.96949","1129","6","0","0","0","0","0","0","0","0","","0","0","0","","","0","N","0","","40 05:07.777","","0","74 58:10.164","0","0","0","0","67301","0","0","0","N","0","0","0","1","67301","0","","2.0","","9","N","N","N","0","","0","0","0","","0","","","1","0","0","0","0","0","0","2","0","1","","07","","N","","","","","","","","","",""
"2020019975","2356","0","0","0","0","0","0","0","0","0","5","0","","67","2","2020","7","39.944778","-75.147061","2342","6","0","0","0","0","0","0","0","0","","0","0","0","","","0","N","0","","39 56:41.200","","0","75 08:49.420","0","0","0","0","67301","0","0","0","N","0","0","0","1","67301","0","","6.0","","1","N","N","N","0","","0","0","2","","0","","","2","0","0","0","0","0","0","2","0","2","","","","N","","","","","","","","","",""
"2020009822","0452","3","0","0","0","0","0","0","0","0","5","0","","67","1","2020","1","39.979694","-75.153444","0451","6","0","0","0","0","0","0","0","0","","0","0","0","","","0","N","0","","39 58:46.900","3","0","75 09:12.400","0","0","0","0","67301","0","0","0","N","0","0","0","1","67505","0","","6.0","530.0","1","N","N","N","0","","0","0","2","","3","Y","","5","0","0","0","0","0","0","2","0","5","","03","","N","","","","","","","","","",""
"2020051745","2107","1","0","0","0","0","0","0","0","0","8","0","","67","6","2020","5","39.92992","-75.144444","2105","6","0","0","0","0","0","0","0","0","","1","0","0","","","1","","2","","39 55:47.711","","0","75 08:40.000","1","0","0","0","67301","1","1","0","N","1","1","0","2","67301","0","2","1.0","","1","N","N","N","0","0","1","0","0","","2","","","2","1","0","0","0","0","0","2","0","1","","03","","N","","","","","","","","","",""
"2020051298","0310","2","0","0","0","0","0","0","0","0","6","0","","67","6","2020","5","40.032111","-75.232089","0310","6","0","0","0","0","0","0","0","0","","0","0","0","","","0","N","0","","40 01:55.600","","0","75 13:55.520","0","0","0","0","67301","0","0","0","N","0","0","0","0","67301","0","","1.0","","1","N","N","N","0","","0","0","0","","0","","","2","0","0","0","0","0","0","2","0","2","","03","","N","","","","","","","","","",""
"2020059484","1313","1","0","0","0","0","0","0","0","0","5","0","","67","7","2020","6","39.945947","-75.189542","1252","6","0","0","0","0","1","0","0","0","","0","0","0","","","0","N","0","","39 56:45.408","4","0","75 11:22.350","9","0","0","0","67301","0","0","0","N","0","0","0","11","68K01","0","","1.0","1318.0","1","N","N","N","0","","0","0","3","","0","N","","5","0","0","0","0","0","1","2","0","5","","","","N","","","","","","","","","",""
"2020019744","1748","0","0","0","0","0","0","0","0","0","4","0","","67","2","2020","4","40.005566","-75.103995","1747","6","0","0","0","0","0","0","0","0","","0","0","0","","","0","N","0","","40 00:20.036","","7","75 06:14.381","0","0","0","0","67301","0","0","0","N","0","0","0","2","67301","0","","1.0","","1","N","N","N","1","","0","0","1","","0","","","2","0","0","0","0","0","0","2","0","2","","03","","N","","","","","","","","","",""
"2020012104","1650","3","0","0","0","0","0","0","0","0","4","0","","67","1","2020","4","40.040711","-75.158406","1647","6","0","0","0","0","1","0","0","0","","0","0","0","","","0","","2","","40 02:26.559","6","0","75 09:30.261","0","0","0","0","67301","0","0","0","N","0","0","0","3","67301","0","","1.0","1802.0","1","N","N","N","0","","0","0","0","","0","Y","","3","0","0","0","0","0","0","2","0","3","","","","N","","","","","","","","","",""
"2020026351","0830","1","0","0","0","0","0","0","0","0","1","0","","67","3","2020","6","39.956202","-75.239043","0825","6","0","0","0","0","0","0","0","0","","0","0","0","","","1","N","0","","39 57:22.326","","7","75 14:20.554","8","0","0","0","67301","0","0","0","N","0","0","0","2","67301","0","","1.0","","9","N","Y","N","0","","0","0","0","","0","","","2","1","0","0","0","1","1","2","0","2","","04","","N","","","","","","","","","",""
"2020006284","1408","2","0","0","0","0","0","0","0","0","4","0","","67","1","2020","5","39.916981","-75.215894","1405","6","0","0","0","0","0","0","0","0","","0","0","0","","","0","","2","","39 55:01.131","","0","75 12:57.219","0","0","0","0","67301","0","0","0","N","0","0","0","2","67301","0","","1.0","","1","N","N","N","0","","0","0","0","","2","","","2","0","0","0","0","0","0","2","0","2","","03","","N","","","","","","","","","",""
"2020048740","1842","0","0","0","0","0","0","0","0","0","4","0","","67","6","2020","4","40.02676","-75.046109","1830","6","0","0","0","0","0","0","0","0","","0","0","0","","","1","","1","","40 01:36.336","6","0","75 02:45.992","3","0","0","1","67301","0","0","0","N","0","0","0","2","67301","0","","1.0","35.0","1","N","N","N","0","","1","0","1","","3","N","","2","1","0","0","0","0","0","2","0","2","","03","","N","","","","","","","","","",""
"2020013301","0142","1","0","0","0","0","0","0","0","0","7","0","","67","2","2020","1","40.038461","-75.010127","0132","6","0","0","0","0","0","0","0","0","","0","0","0","","","0","N","0","","40 02:18.461","","0","75 00:36.458","0","0","0","0","67301","0","0","0","N","0","0","0","1","68K01","0","","3.0","","8","N","N","N","0","","0","0","0","","0","","","1","0","0","0","0","0","0","2","0","1","","03","","N","","","","","","","","","",""
"2020008756","2105","1","0","0","1","0","0","0","0","0","8","0","","67","1","2020","3","40.001808","-75.154545","2059","6","0","0","0","0","0","0","0","0","","0","0","0","","","1","","1","","40 00:06.508","","0","75 09:16.363","3","0","0","0","67301","1","0","0","N","0","0","0","2","67301","0","","1.0","","1","N","N","N","0","","1","0","0","","2","","","2","1","0","0","0","0","0","2","0","1","","","","N","","","","","","","","","",""