"CRN","ARRIVAL_TM","AUTOMOBILE_COUNT","BELTED_DEATH_COUNT","BELTED_SUSP_SERIOUS_INJ_COUNT","BICYCLE_COUNT","BICYCLE_DEATH_COUNT","BICYCLE_SUSP_SERIOUS_INJ_COUNT","BUS_COUNT","CHLDPAS_DEATH_COUNT","CHLDPAS_SUSP_SERIOUS_INJ_COUNT","COLLISION_TYPE","COMM_VEH_COUNT","CONS_ZONE_SPD_LIM","COUNTY","CRASH_MONTH","CRASH_YEAR","DAY_OF_WEEK","DEC_LATITUDE","DEC_LONGITUDE","DISPATCH_TM","DISTRICT","DRIVER_COUNT_16YR","DRIVER_COUNT_17YR","DRIVER_COUNT_18YR","DRIVER_COUNT_19YR","DRIVER_COUNT_20YR","DRIVER_COUNT_50_64YR","DRIVER_COUNT_65_74YR","DRIVER_COUNT_75PLUS","EST_HRS_CLOSED","FATAL_COUNT","HEAVY_TRUCK_COUNT","HORSE_BUGGY_COUNT","HOUR_OF_DAY","ILLUMINATION","INJURY_COUNT","INTERSECTION_RELATED","INTERSECT_TYPE","LANE_CLOSED","LATITUDE","LN_CLOSE_DIR","LOCATION_TYPE","LONGITUDE","MAX_SEVERITY_LEVEL","MCYCLE_DEATH_COUNT","MCYCLE_SUSP_SERIOUS_INJ_COUNT","MOTORCYCLE_COUNT","MUNICIPALITY","NONMOTR_COUNT","NONMOTR_DEATH_COUNT","NONMOTR_SUSP_SERIOUS_INJ_COUNT","NTFY_HIWY_MAINT","PED_COUNT","PED_DEATH_COUNT","PED_SUSP_SERIOUS_INJ_COUNT","PERSON_COUNT","POLICE_AGCY","POSSIBLE_INJ_COUNT","RDWY_SURF_TYPE_CD","RELATION_TO_ROAD","ROADWAY_CLEARED","ROAD_CONDITION","SCH_BUS_IND","SCH_ZONE_IND","SECONDARY_CRASH","SMALL_TRUCK_COUNT","SPEC_JURIS_CD","SUSP_MINOR_INJ_COUNT","SUSP_SERIOUS_INJ_COUNT","SUV_COUNT","TCD_FUNC_CD","TCD_TYPE","TFC_DETOUR_IND","TIME_OF_DAY","TOTAL_UNITS","TOT_INJ_COUNT","UNBELTED_OCC_COUNT","UNB_DEATH_COUNT","UNB_SUSP_SERIOUS_INJ_COUNT","UNK_INJ_DEG_COUNT","UNK_INJ_PER_COUNT","URBAN_RURAL","VAN_COUNT","VEHICLE_COUNT","WEATHER1","WEATHER2","WORKERS_PRES","WORK_ZONE_IND","WORK_ZONE_LOC","WORK_ZONE_TYPE","WZ_CLOSE_DETOUR","WZ_FLAGGER","WZ_LAW_OFFCR_IND","WZ_LN_CLOSURE","WZ_MOVING","WZ_OTHER","WZ_SHLDER_MDN","WZ_WORKERS_INJ_KILLED"
"2020006453","2340","1","0","0","0","0","0","0","0","0","8","0","","67","1","2020","6","40.059737","-75.140162","2334","6","0","0","0","0","0","0","0","0","","0","0","0","","","1","","1","","40 03:35.053","","0","75 08:24.583","3","0","0","0","67301","1","0","0","N","1","0","0","2","67301","0","","1.0","","99","N","N","N","0","","1","0","0","","2","","","2","1","0","0","0","0","0","2","0","1","","03","","N","","","","","","","","","",""
"2020004495","0500","1","0","0","0","0","0","0","0","0","5","0","","67","1","2020","6","39.991599","-75.091853","0446","6","0","0","0","0","0","1","0","0","","0","0","0","","","0","N","0","","39 59:29.755","","0","75 05:30.672","0","0","0","0","67301","0","0","0","N","0","0","0","2","67301","0","","1.0","","1","N","N","N","1","","0","0","0","","9","","","2","0","2","0","0","0","0","2","0","2","","03","","N","","","","","","","","","",""
"2020019659","1608","1","0","0","0","0","0","0","0","0","1","0","","67","2","2020","5","39.915124","-75.137798","1554","6","0","0","0","0","0","1","0","0","","0","0","0","","","2","N","0","","39 54:54.445","2","0","75 08:16.072","3","0","0","0","67301","0","0","0","N","0","0","0","3","67301","0","","1.0","1730.0","1","N","N","N","0","","2","0","0","","2","N","","2","2","0","0","0","0","0","2","1","2","","03","","N","","","","","","","","","",""
"2020053304","2300","1","0","0","0","0","0","0","0","0","4","0","","67","7","2020","3","40.02958","-75.103989","2140","6","0","0","0","0","0","1","0","0","","0","0","0","","","0","","2","","40 01:46.488","","0","75 06:14.359","9","0","0","0","67301","0","0","0","N","0","0","0","2","67301","0","","1.0","","1","N","N","N","0","","0","0","1","","2","","","2","0","0","0","0","0","1","2","0","2","","03","","N","","","","","","","","","",""
"2020006832","1549","1","0","0","0","0","0","0","0","0","5","0","","67","1","2020","7","40.047248","-75.142834","1549","6","0","0","0","0","0","0","0","1","","0","0","0","","","1","N","0","","40 02:50.091","","0","75 08:34.201","3","0","0","0","67301","0","0","0","N","0","0","0","1","67301","0","","6.0","","6","N","N","N","0","","1","0","0","","0","","","2","1","0","0","0","0","0","2","0","2","","06","","N","","","","","","","","","",""
"2020009263","1400","1","0","0","0","0","0","0","0","0","1","1","","67","1","2020","1","39.882416","-75.252741","1346","6","0","0","0","0","0","1","0","0","","0","1","0","","","2","N","0","","39 52:56.699","","0","75 15:09.866","3","0","0","0","67301","0","0","0","N","0","0","0","4","67301","0","","1.0","","1","N","N","N","0","","2","0","0","","0","","","2","2","4","0","0","0","0","2","0","2","","03","","N","","","","","","","","","",""
"2020008775","2022","0","0","0","0","0","0","0","0","0","8","0","","67","1","2020","1","40.039151","-75.110002","2019","6","0","0","0","0","0","0","0","0","","0","0","0","","","1","","1","","40 02:20.942","1","0","75 06:36.006","3","0","0","0","67301","1","0","0","N","1","0","0","2","67301","0","","1.0","2035.0","1","N","N","N","0","","1","0","1","","1","N","","2","1","0","0","0","0","0","2","0","1","","03","","N","","","","","","","","","",""
"2020052829","1640","1","0","0","0","0","0","0","0","0","1","0","","67","6","2020","7","39.951207","-75.182891","1612","6","0","0","0","0","0","0","0","0","","0","0","0","","","0","N","0","","39 57:04.346","4","1","75 10:58.409","0","0","0","0","67301","0","0","0","N","0","0","0","2","68K01","0","","1.0","25.0","1","N","N","N","0","","0","0","1","","0","N","","2","0","0","0","0","0","0","2","0","2","","03","","N","","","","","","","","","",""
"2020014379","1714","2","0","0","0","0","0","0","0","0","1","0","","67","1","2020","5","40.021982","-75.139257","1706","6","0","0","0","0","0","0","0","1","","0","0","0","","","1","N","0","","40 01:19.135","","0","75 08:21.324","3","0","0","0","67301","0","0","0","N","0","0","0","2","67301","0","","1.0","","1","N","N","N","0","","1","0","0","","9","","","2","1","1","0","0","0","0","2","0","2","","03","","N","","","","","","","","","",""
"2020004116","2035","1","0","0","0","0","0","0","0","0","4","0","","67","1","2020","5","39.958","-75.221263","2035","6","0","0","0","0","0","0","0","0","","0","0","0","","","1","","1","","39 57:28.799","","0","75 13:16.548","3","0","0","0","67301","0","0","0","N","0","0","0","2","67301","0","","1.0","","1","N","N","N","0","","1","0","1","","2","","","2","1","0","0","0","0","0","2","0","2","","03","","N","","","","","","","","","",""
"2020006822","0820","1","0","0","0","0","0","0","0","0","1","0","","67","1","2020","6","40.049062","-75.096116","0814","6","0","0","0","0","0","2","0","0","","0","0","0","","","1","N","0","","40 02:56.623","1","0","75 05:46.018","3","0","0","0","67301","0","0","0","N","0","0","0","3","67301","0","","1.0","840.0","1","N","N","N","0","","1","0","2","","0","N","","3","1","0","0","0","0","0","2","0","3","","","","N","","","","","","","","","",""
"2020013644","2115","1","0","0","0","0","0","0","0","0","7","0","","67","1","2020","5","40.013692","-75.156817","2105","6","0","0","0","0","0","1","0","0","","0","0","0","","","1","N","0","","40 00:49.290","","0","75 09:24.540","3","0","0","0","67301","0","0","0","N","0","0","0","2","67301","0","","4.0","","1","N","N","N","0","","1","0","0","","0","","","1","1","1","0","0","0","0","2","0","1","","03","","N","","","","","","","","","",""
"2020007834","1355","1","0","0","0","0","0","0","0","0","4","0","","67","1","2020","1","40.017373","-75.0749","1348","6","0","0","0","0","0","1","0","0","","0","0","0","","","1","","1","","40 01:02.542","","0","75 04:29.640","3","0","0","0","67301","0","0","0","N","0","0","0","2","67301","0","","1.0","","1","N","N","N","0","","1","0","1","","0","","","2","1","0","0","0","0","0","2","0","2","","03","","N","","","","","","","","","",""
"2020008752","2355","2","0","1","0","0","0","0","0","0","1","0","","67","1","2020","4","39.897593","-75.211894","2353","6","0","0","0","0","0","0","0","0","","0","0","0","","","3","N","0","","39 53:51.335","6","3","75 12:42.818","2","0","0","0","67301","0","0","0","N","0","0","0","3","67301","0","","1.0","200.0","1","N","N","N","0","","2","1","0","","8","Y","","3","3","0","0","0","0","0","2","1","3","","03","","N","","","","","","","","","",""
"2020050522","2219","1","0","0","0","0","0","0","0","0","7","0","","67","6","2020","7","39.959814","-75.17832","2218","6","0","0","0","0","1","0","0","0","","0","0","0","","","0","N","0","","39 57:35.332","3","0","75 10:41.952","0","0","0","0","67301","0","0","0","N","0","0","0","2","68K01","0","","2.0","2250.0","1","N","N","N","0","","0","0","0","","0","N","","1","0","0","0","0","0","0","2","0","1","","","","N","","","","","","","","","",""
"2020059348","0310","0","0","0","0","0","0","0","0","0","0","0","","67","7","2020","1","40.002243","-75.194491","0310","6","0","0","0","0","0","0","0","0","","0","0","0","","","1","N","0","","40 00:08.074","","0","75 11:40.169","2","0","1","1","67301","0","0","0","N","0","0","0","1","68K01","0","","1.0","","1","N","N","N","0","","0","1","0","","0","","","2","1","0","0","0","0","0","2","0","1","","","","N","","","","","","","","","",""
"2020009174","1625","1","0","0","0","0","0","0","0","0","5","0","","67","1","2020","5","39.938369","-75.227428","1622","6","0","0","0","0","0","1","0","0","","0","0","0","","","0","N","0","","39 56:18.130","","0","75 13:38.740","0","0","0","0","67301","0","0","0","N","0","0","0","2","67301","0","","6.0","","1","N","N","N","0","","0","0","1","","0","","","2","0","0","0","0","0","0","2","0","2","","03","","N","","","","","","","","","",""
"2020005368","1253","1","0","0","0","0","0","0","0","0","7","0","","67","1","2020","4","","-75.154639","1250","6","0","0","0","0","0","0","0","0","","0","0","0","","","0","N","0","","39 54:33.50","3","3","75 09:16.700","0","0","0","0","67301","0","0","0","N","0","0","0","1","67501","0","","2.0","1306.0","1","N","N","N","0","","0","0","0","","8","N","","1","0","0","0","0","0","0","1","0","1","","03","","N","","","","","","","","","",""
"2020011003","1923","0","0","0","0","0","0","0","0","0","2","0","","67","1","2020","3","39.974944","-75.118531","1920","6","0","0","0","0","0","0","0","0","","0","0","0","","","0","N","0","","39 58:29.800","","0","75 07:06.710","0","0","0","0","67301","0","0","0","N","0","0","0","1","67301","0","","6.0","","1","N","N","N","0","","0","0","2","","0","","","2","0","0","0","0","0","0","2","0","2","","","","N","","","","","","","","","",""
"2020005264","2218","1","0","0","0","0","0","0","0","0","4","0","","67","1","2020","3","40.001155","-75.097198","2155","6","0","0","1","0","0","1","0","0","","0","0","0","","","0","","2","","40 00:04.157","","0","75 05:49.913","0","0","0","0","67301","0","0","0","N","0","0","0","2","67301","0","","1.0","","9","N","N","N","0","","0","0","1","","3","","","2","0","0","0","0","0","0","2","0","2","","","","N","","","","","","","","","",""
"2020004792","0745","0","0","0","0","0","0","0","0","0","5","0","","67","1","2020","3","40.057961","-75.042651","0739","6","0","0","0","0","0","0","0","0","","0","0","0","","","0","N","0","","40 03:28.659","3","0","75 02:33.544","0","0","0","0","67301","0","0","0","N","0","0","0","1","67301","0","","6.0","850.0","1","N","N","N","0","","0","0","2","","0","Y","","2","0","0","0","0","0","0","2","0","2","","04","","N","","","","","","","","","",""
"2020003530","1420","1","0","0","0","0","0","0","0","0","4","0","","67","1","2020","5","39.955578","-75.233984","1332","6","0","0","0","0","0","1","1","0","","0","0","0","","","1","","1","","39 57:20.080","","0","75 14:02.342","3","0","0","0","67301","0","0","0","N","0","0","0","2","67301","0","","1.0","","1","N","N","N","0","","1","0","1","","2","","","2","1","0","0","0","0","0","2","0","2","","03","","N","","","","","","","","","",""
"2020020208","1955","1","0","0","0","0","0","0","0","0","7","0","","67","1","2020","5","39.992056","-75.202154","1953","6","0","0","0","0","0","0","0","0","","0","0","0","","","1","N","0","","39 59:31.400","","0","75 12:07.755","8","0","0","0","67301","0","0","0","N","0","0","0","1","68K01","0","","4.0","","1","N","N","N","0","","0","0","0","","0","","","2","1","1","0","0","1","0","2","0","1","","","","N","","","","","","","","","",""
"2020003526","0811","2","0","0","0","0","0","0","0","0","4","0","","67","1","2020","6","39.954315","-75.139727","0746","6","0","0","0","0","0","1","0","0","","0","0","0","","","1","","2","","39 57:15.535","","2","75 08:23.018","3","0","0","0","67301","0","0","0","N","0","0","0","2","67301","0","","1.0","","1","N","N","N","0","","1","0","0","","0","","","2","1","2","0","0","0","0","2","0","2","","03","","N","","","","","","","","","",""
"2020012896","0010","0","0","0","0","0","0","0","0","0","8","0","","67","2","2020","1","39.930019","-75.219214","0004","6","0","0","0","0","0","0","0","0","","0","0","0","","","1","","1","","39 55:48.070","","0","75 13:09.172","3","0","0","0","67301","1","0","0","N","1","0","0","2","67301","0","","1.0","","9","N","N","N","0","","1","0","0","","3","","","2","1","0","0","0","0","0","2","0","1","","03","","N","","","","","","","","","",""
"2020003870","1735","0","0","0","0","0","0","0","0","0","5","0","","67","1","2020","6","40.039756","-75.150717","1735","6","0","0","0","0","0","1","0","0","","0","0","0","","","0","N","0","","40 02:23.120","","0","75 09:02.580","0","0","0","0","67301","0","0","0","N","0","0","0","2","67301","0","","1.0","","1","N","N","N","1","","0","0","1","","9","","","2","0","0","0","0","0","0","2","0","2","","","","N","","","","","","","","","",""
"2020006830","2126","1","0","0","0","0","0","0","0","0","5","0","","67","1","2020","2","39.957892","-75.235567","2125","6","0","0","0","0","0","1","0","0","","0","0","0","","","0","N","0","","39 57:28.410","","0","75 14:08.040","0","0","0","0","67301","0","0","0","N","0","0","0","1","67301","0","","6.0","","1","N","N","N","0","","0","0","0","","0","","","2","0","0","0","0","0","0","2","1","2","","03","","N","","","","","","","","","",""
"2020052685","2331","1","0","0","0","0","0","0","0","0","1","0","","67","7","2020","1","39.974051","-75.204508","2329","6","0","0","0","0","0","0","0","0","","0","0","0","","","1","N","0","","39 58:26.585","","0","75 12:16.227","4","0","0","0","67301","0","0","0","N","0","0","0","1","67301","1","","1.0","","1","N","N","N","1","","0","0","0","","2","","","2","1","0","0","0","0","0","2","0","2","","","","N","","","","","","","","","",""
"2020005545","1735","1","0","0","0","0","0","0","0","0","1","0","","67","1","2020","4","40.095499","-74.977593","1730","6","0","0","0","0","0","0","0","1","","0","0","0","","","1","N","0","","40 05:43.797","2","0","74 58:39.336","8","0","0","0","67301","0","0","0","N","0","0","0","2","67301","0","","1.0","1745.0","1","N","N","N","0","","0","0","1","","0","N","","2","1","0","0","0","1","0","2","0","2","","03","","N","","","","","","","","","",""
"2020006082","0730","0","0","0","0","0","0","0","0","0","4","0","","67","1","2020","5","40.041948","-75.075038","0725","6","0","0","0","0","0","1","0","1","","0","0","0","","","3","","5","","40 02:31.011","2","0","75 04:30.138","3","0","0","0","67301","0","0","0","N","0","0","0","3","67301","1","","1.0","100.0","9","N","N","N","1","","2","0","0","","2","N","","2","3","1","0","0","0","0","2","1","2","","03","","N","","","","","","","","","",""
"2020015154","2045","0","0","0","0","0","0","0","0","0","7","0","","67","2","2020","7","39.977758","-75.234281","2043","6","0","0","0","0","0","1","0","0","","0","0","0","","","0","N","0","","39 58:39.930","","0","75 14:03.410","0","0","0","0","67301","0","0","0","N","0","0","0","1","67301","0","","4.0","","9","N","N","N","0","","0","0","1","","0","","","1","0","0","0","0","0","0","2","0","1","","","","N","","","","","","","","","",""
"2020050507","0139","0","0","0","0","0","0","0","0","0","5","1","45","67","6","2020","4","40.004028","-75.076954","0133","6","0","0","0","0","0","0","0","0","","0","1","0","","","0","N","0","","40 00:14.500","2","0","75 04:37.036","0","0","0","0","67301","0","0","0","N","0","0","0","1","68K01","0","","1.0","30.0","1","N","N","N","1","","0","0","0","","0","N","","2","0","0","0","0","0","0","2","0","2","","03","Y","Y","4","1","N","N","N","Y","N","N","Y","N"
"2020015767","1250","2","0","0","0","0","0","0","0","0","4","0","","67","1","2020","6","40.008148","-75.072467","1241","6","0","0","0","0","0","0","1","0","","0","0","0","","","3","","1","","40 00:29.331","","0","75 04:20.880","3","0","0","0","67301","0","0","0","N","0","0","0","5","67301","0","","1.0","","1","N","N","N","0","","3","0","1","","2","","","3","3","0","0","0","0","0","2","0","3","","03","","N","","","","","","","","","",""
"2020021490","2018","1","0","0","0","0","0","0","0","0","4","0","","67","2","2020","1","40.040711","-75.158406","2015","6","0","0","0","0","0","1","0","0","","0","0","0","","","1","","2","","40 02:26.559","","0","75 09:30.261","8","0","0","0","67301","0","0","0","N","0","0","0","2","67301","0","","1.0","","1","N","N","N","0","","0","0","1","","3","","","2","1","0","0","0","1","0","2","0","2","","03","","N","","","","","","","","","",""
"2020050029","0807","2","0","0","0","0","0","0","0","0","1","0","","67","6","2020","5","39.998511","-75.149347","0805","6","0","0","0","0","0","0","0","0","","0","0","0","","","0","N","0","","39 59:54.640","","0","75 08:57.650","0","0","0","0","67301","0","0","0","N","0","0","0","0","67301","0","","2.0","","1","N","N","N","0","","0","0","0","","0","","","2","0","0","0","0","0","0","2","0","2","","03","","N","","","","","","","","","",""
"2020007315","2200","2","0","0","0","0","0","0","0","0","1","0","","67","1","2020","1","40.007441","-75.125171","2200","6","0","0","0","0","0","1","0","0","","0","0","0","","","2","","2","","40 00:26.789","","0","75 07:30.615","4","0","0","0","67301","0","0","0","N","0","0","0","4","67301","2","","1.0","","1","N","N","N","0","","0","0","0","","2","","","2","2","0","0","0","0","2","2","0","2","","03","","N","","","","","","","","","",""
"2020007099","2045","0","0","0","0","0","0","0","0","0","1","0","","67","1","2020","6","39.939565","-75.220281","2045","6","0","0","0","0","0","1","0","0","","0","0","0","","","1","","1","","39 56:22.435","","0","75 13:13.013","8","0","0","0","67301","0","0","0","N","0","0","0","2","67301","0","","1.0","","1","N","N","N","0","","0","0","2","","2","","","2","1","0","0","0","1","0","2","0","2","","","","N","","","","","","","","","",""
"2020052813","1710","0","0","0","0","0","0","0","0","0","5","0","","67","7","2020","7","39.989489","-75.181008","1705","6","0","0","0","0","1","0","0","0","","0","0","0","","","0","N","0","","39 59:22.160","","0","75 10:51.630","9","0","0","0","67301","0","0","0","N","0","0","0","2","67301","0","","1.0","","1","N","N","N","0","","0","0","2","","0","","","2","0","0","0","0","0","1","2","0","2","","03","","N","","","","","","","","","",""
"2020006829","1600","0","0","0","1","0","0","0","0","0","8","0","","67","1","2020","7","39.949784","-75.207141","1600","6","0","0","0","0","0","0","0","0","","0","0","0","","","1","","1","","39 56:59.221","","0","75 12:25.709","3","0","0","0","67301","1","0","0","N","0","0","0","2","67301","0","","1.0","","1","N","N","N","0","","1","0","1","","2","","","2","1","0","0","0","0","1","2","0","1","","03","","N","","","","","","","","","",""
"2020060196","0247","1","0","0","0","0","0","0","0","0","0","0","","67","7","2020","6","39.982935","-75.208068","0237","6","0","0","0","0","1","0","0","0","","0","0","0","","","0","N","0","","39 58:58.567","3","0","75 12:29.043","0","0","0","0","67301","0","0","0","N","0","0","0","1","68K01","0","","4.0","45.0","9","N","N","N","0","","0","0","0","","0","Y","","1","0","0","0","0","0","0","2","0","1","","","","N","","","","","","","","","",""
"2020003000","2205","1","0","0","0","0","0","0","0","0","4","0","","67","1","2020","4","39.9751","-75.173703","2200","6","0","0","0","0","0","0","0","0","","0","0","0","","","2","","1","","39 58:30.361","","0","75 10:25.331","4","0","0","0","67301","0","0","0","N","0","0","0","3","67301","2","","1.0","","1","N","N","N","0","","0","0","0","","3","","","2","2","0","0","0","0","1","2","1","2","","03","","N","","","","","","","","","",""
"2020009207","0645","1","0","0","0","0","0","0","0","0","4","0","","67","1","2020","5","40.025551","-75.130912","0638","6","0","0","0","0","0","1","0","0","","0","0","0","","","1","","1","","40 01:31.983","","0","75 07:51.283","3","0","0","0","67301","0","0","0","N","0","0","0","2","67301","0","","1.0","","1","N","N","N","0","","1","0","1","","3","","","2","1","0","0","0","0","0","2","0","2","","98","","N","","","","","","","","","",""
"2020013285","1051","1","0","0","0","0","0","0","0","0","1","0","45","67","1","2020","5","39.982987","-75.099111","1035","6","0","0","0","0","0","0","0","0","","0","0","0","","","1","N","0","","39 58:58.752","2","0","75 05:56.798","3","0","0","0","67301","0","0","0","N","0","0","0","3","68K01","0","","1.0","1053.0","1","N","N","N","0","","1","0","2","","0","N","","3","1","0","0","0","0","0","2","0","3","","03","N","Y","4","1","","","N","","","","Y","N"
"2020009261","0438","3","0","0","0","0","0","0","0","0","5","0","","67","1","2020","1","39.935192","-75.220681","0438","6","0","0","0","0","0","0","0","0","","0","0","0","","","0","N","0","","39 56:06.690","","0","75 13:14.450","0","0","0","0","67301","0","0","0","N","0","0","0","1","67301","0","","6.0","","9","N","N","N","0","","0","0","0","","9","","","3","0","0","0","0","0","0","2","0","3","","","","N","","","","","","","","","",""
"2020053496","0058","1","0","0","0","0","0","0","0","0","7","0","","67","5","2020","6","39.956562","-75.15133","0058","6","0","0","0","0","0","0","0","0","","0","0","0","","","0","Y","2","","39 57:23.624","1","1","75 09:04.788","0","0","0","0","67301","0","0","0","N","0","0","0","1","68K01","0","","4.0","58.0","1","N","N","N","0","","0","0","0","","2","N","","1","0","1","0","0","0","0","2","0","1","","","","N","","","","","","","","","",""
"2020002911","1555","1","0","0","0","0","0","0","0","0","4","0","","67","1","2020","4","40.074464","-75.03495","1547","6","0","0","0","0","0","0","0","0","","0","0","0","","","1","","1","","40 04:28.071","","0","75 02:05.821","3","0","0","0","67301","0","0","0","N","0","0","0","2","67301","0","","1.0","","1","N","N","N","0","","1","0","0","","2","","","2","1","0","0","0","0","0","2","0","2","","03","","N","","","","","","","","","",""
"2020060978","1314","0","0","0","0","0","0","0","0","0","8","0","","67","7","2020","6","40.064269","-75.152661","1313","6","0","0","0","0","0","0","0","0","","0","0","0","","","1","N","0","","40 03:51.370","","0","75 09:09.580","3","0","0","0","67301","1","0","0","N","1","0","0","2","67301","0","","1.0","","9","N","N","N","0","","1","0","1","","0","","","2","1","0","0","0","0","0","2","0","1","","07","","N","","","","","","","","","",""
"2020052054","1821","1","0","0","0","0","0","0","0","0","1","0","","67","6","2020","5","39.95851","-75.166859","1813","6","0","0","0","0","0","0","0","1","","0","0","0","","","0","N","0","","39 57:30.635","","0","75 10:00.692","0","0","0","0","67301","0","0","0","N","0","0","0","2","68K01","0","","1.0","","1","N","N","N","0","","0","0","1","","0","","","2","0","0","0","0","0","0","2","0","2","","03","","N","","","","","","","","","",""
"2020052261","0705","1","0","0","0","0","0","0","0","0","4","0","","67","6","2020","2","40.009088","-75.189339","0700","6","0","0","0","0","0","1","0","0","","0","0","0","","","1","N","0","","40 00:32.715","","0","75 11:21.620","3","0","0","0","67301","0","0","0","N","0","0","0","2","67301","0","","1.0","","1","N","N","N","1","","1","0","0","","0","","","2","1","0","0","0","0","0","2","0","2","","03","","N","","","","","","","","","",""
"2020002999","0954","1","0","0","0","0","0","0","0","0","6","0","","67","1","2020","4","39.917814","-75.217577","0921","6","0","0","0","0","0","0","1","0","","0","0","0","","","2","N","0","","39 55:04.129","","0","75 13:03.276","3","0","0","0","67301","0","0","0","N","0","0","0","2","67301","0","","1.0","","1","N","N","N","1","","2","0","1","","9","","","3","2","0","0","0","0","0","2","0","3","","","","N","","","","","","","","","",""
"2020005987","0700","2","0","0","0","0","0","0","0","0","4","0","","67","1","2020","5","40.022789","-75.159023","0652","6","0","0","0","0","0","1","0","0","","0","0","0","","","1","","5","","40 01:22.042","","0","75 09:32.483","8","0","0","0","67301","0","0","0","N","0","0","0","2","67301","0","","1.0","","9","N","N","N","0","","0","0","0","","2","","","2","1","2","0","0","1","0","2","0","2","","03","","N","","","","","","","","","",""
"2020003987","1919","1","0","0","0","0","0","0","0","0","7","0","","67","1","2020","6","39.909722","-75.154361","1919","6","0","0","0","1","0","0","0","0","","0","0","0","","","1","N","0","","39 54:35.000","","5","75 09:15.700","3","0","0","0","67301","0","0","0","N","0","0","0","1","67501","0","","4.0","","1","N","N","N","0","","1","0","0","","0","","","1","1","0","0","0","0","0","2","0","1","","","","N","","","","","","","","","",""
"2020011265","1640","2","0","0","0","0","0","0","0","0","4","0","","67","1","2020","6","40.071027","-75.037788","1628","6","0","0","0","0","0","0","2","0","","0","0","0","","","2","","1","","40 04:15.698","1","0","75 02:16.038","3","0","0","0","67301","0","0","0","N","0","0","0","2","67301","1","","1.0","1705.0","1","N","N","N","0","","1","0","0","","2","N","","2","2","0","0","0","0","0","2","0","2","","03","","N","","","","","","","","","",""
"2020052357","0207","1","0","0","0","0","0","0","0","0","4","0","","67","7","2020","1","40.029697","-75.109783","0204","6","0","0","0","0","1","0","0","0","","0","1","0","","","1","N","0","","40 01:46.910","6","0","75 06:35.220","3","0","0","0","67301","0","0","0","N","0","0","0","1","67301","0","","1.0","400.0","1","N","N","N","0","","1","0","0","","0","U","","2","1","0","0","0","0","0","2","0","2","","03","","N","","","","","","","","","",""
"2020053515","1610","1","0","0","0","0","0","0","0","0","4","0","","67","6","2020","3","39.992773","-75.217626","1610","6","0","0","0","0","0","1","0","0","","0","0","0","","","2","Y","0","","39 59:33.984","4","0","75 13:03.453","8","0","0","0","67301","0","0","0","N","0","0","0","2","68K01","0","","1.0","100.0","1","N","N","N","0","","0","0","1","","0","Y","","2","2","0","0","0","2","0","2","0","2","","03","","N","","","","","","","","","",""
"2020012443","0936","1","0","0","0","0","0","0","0","0","4","0","","67","2","2020","7","40.037331","-75.125066","0936","6","0","0","0","0","0","0","0","0","","0","0","0","","","1","","1","","40 02:14.391","","0","75 07:30.237","3","0","0","0","67301","0","0","0","N","0","0","0","2","67301","0","","1.0","","9","N","N","N","0","","1","0","1","","3","","","2","1","0","0","0","0","0","2","0","2","","","","N","","","","","","","","","",""
"2020006448","1429","1","0","0","0","0","0","0","0","0","4","0","","67","1","2020","1","40.091549","-74.965606","1421","6","1","0","0","0","0","0","0","0","","0","0","0","","","4","","2","","40 05:29.578","1","0","74 57:56.181","3","0","0","0","67301","0","0","0","N","0","0","0","4","67301","2","","1.0","1630.0","1","N","N","N","0","","2","0","1","","2","N","","2","4","0","0","0","0","0","2","0","2","","03","","N","","","","","","","","","",""
"2020007027","0319","0","0","0","0","0","0","0","0","0","7","0","","67","1","2020","5","39.959951","-75.180465","0309","6","0","0","0","0","0","0","0","0","1","0","0","0","","","0","N","0","","39 57:35.825","3","8","75 10:49.674","0","0","0","0","67301","0","0","0","N","0","0","0","1","68K01","0","","4.0","9999.0","9","N","N","N","0","","0","0","1","","0","N","","1","0","0","0","0","0","0","2","0","1","","","","N","","","","","","","","","",""
"2020015271","0945","2","0","0","0","0","0","0","0","0","4","0","","67","1","2020","6","39.922678","-75.191208","0929","6","0","0","0","0","1","0","0","0","","0","0","0","","","0","N","0","","39 55:21.642","","0","75 11:28.347","0","0","0","0","67301","0","0","0","N","0","0","0","3","67301","0","","1.0","","1","N","N","N","0","","0","0","0","","0","","","2","0","0","0","0","0","0","2","0","2","","","","N","","","","","","","","","",""
"2020060553","1648","1","0","0","0","0","0","0","0","0","7","0","","67","7","2020","4","39.992447","-75.081136","1636","6","0","0","0","0","0","0","0","0","","0","0","0","","","2","N","0","","39 59:32.810","3","0","75 04:52.090","3","0","0","0","67301","0","0","0","N","0","0","0","2","67301","0","","5.0","1735.0","1","N","N","N","0","","2","0","0","","0","N","","1","2","0","0","0","0","0","2","0","1","","03","","N","","","","","","","","","",""
"2020005265","0100","2","0","0","0","0","0","0","0","0","1","0","","67","1","2020","4","40.005943","-75.101776","1250","6","0","0","0","0","1","0","0","0","","0","0","0","","","0","N","0","","40 00:21.394","","0","75 06:06.395","0","0","0","0","67301","0","0","0","N","0","0","0","2","67301","0","","1.0","","9","N","N","N","0","","0","0","0","","0","","","2","0","2","0","0","0","0","2","0","2","","98","","N","","","","","","","","","",""