"CRN","ARRIVAL_TM","AUTOMOBILE_COUNT","BELTED_DEATH_COUNT","BELTED_SUSP_SERIOUS_INJ_COUNT","BICYCLE_COUNT","BICYCLE_DEATH_COUNT","BICYCLE_SUSP_SERIOUS_INJ_COUNT","BUS_COUNT","CHLDPAS_DEATH_COUNT","CHLDPAS_SUSP_SERIOUS_INJ_COUNT","COLLISION_TYPE","COMM_VEH_COUNT","CONS_ZONE_SPD_LIM","COUNTY","CRASH_MONTH","CRASH_YEAR","DAY_OF_WEEK","DEC_LATITUDE","DEC_LONGITUDE","DISPATCH_TM","DISTRICT","DRIVER_COUNT_16YR","DRIVER_COUNT_17YR","DRIVER_COUNT_18YR","DRIVER_COUNT_19YR","DRIVER_COUNT_20YR","DRIVER_COUNT_50_64YR","DRIVER_COUNT_65_74YR","DRIVER_COUNT_75PLUS","EST_HRS_CLOSED","FATAL_COUNT","HEAVY_TRUCK_COUNT","HORSE_BUGGY_COUNT","HOUR_OF_DAY","ILLUMINATION","INJURY_COUNT","INTERSECTION_RELATED","INTERSECT_TYPE","LANE_CLOSED","LATITUDE","LN_CLOSE_DIR","LOCATION_TYPE","LONGITUDE","MAX_SEVERITY_LEVEL","MCYCLE_DEATH_COUNT","MCYCLE_SUSP_SERIOUS_INJ_COUNT","MOTORCYCLE_COUNT","MUNICIPALITY","NONMOTR_COUNT","NONMOTR_DEATH_COUNT","NONMOTR_SUSP_SERIOUS_INJ_COUNT","NTFY_HIWY_MAINT","PED_COUNT","PED_DEATH_COUNT","PED_SUSP_SERIOUS_INJ_COUNT","PERSON_COUNT","POLICE_AGCY","POSSIBLE_INJ_COUNT","RDWY_SURF_TYPE_CD","RELATION_TO_ROAD","ROADWAY_CLEARED","ROAD_CONDITION","SCH_BUS_IND","SCH_ZONE_IND","SECONDARY_CRASH","SMALL_TRUCK_COUNT","SPEC_JURIS_CD","SUSP_MINOR_INJ_COUNT","SUSP_SERIOUS_INJ_COUNT","SUV_COUNT","TCD_FUNC_CD","TCD_TYPE","TFC_DETOUR_IND","TIME_OF_DAY","TOTAL_UNITS","TOT_INJ_COUNT","UNBELTED_OCC_COUNT","UNB_DEATH_COUNT","UNB_SUSP_SERIOUS_INJ_COUNT","UNK_INJ_DEG_COUNT","UNK_INJ_PER_COUNT","URBAN_RURAL","VAN_COUNT","VEHICLE_COUNT","WEATHER1","WEATHER2","WORKERS_PRES","WORK_ZONE_IND","WORK_ZONE_LOC","WORK_ZONE_TYPE","WZ_CLOSE_DETOUR","WZ_FLAGGER","WZ_LAW_OFFCR_IND","WZ_LN_CLOSURE","WZ_MOVING","WZ_OTHER","WZ_SHLDER_MDN","WZ_WORKERS_INJ_KILLED"
"2020036327","0807","6","0","0","0","0","0","0","0","0","4","0","","67","1","2020","7","39.923404","-75.17167","0803","6","0","0","0","0","0","0","0","0","","0","0","0","","","0","","1","","39 55:24.254","","0","75 10:18.012","9","0","0","0","67301","0","0","0","N","0","0","0","2","67301","0","","1.0","","1","N","N","N","0","","0","0","3","","3","","","9","0","0","0","0","0","1","2","0","9","","","","N","","","","","","","","","",""
"2020009794","2216","1","0","0","0","0","0","0","0","0","7","0","","67","1","2020","7","39.989029","-75.074535","2214","6","0","0","0","0","0","1","0","0","","0","0","0","","","1","N","0","","39 59:20.503","4","3","75 04:28.325","8","0","0","0","67301","0","0","0","N","0","0","0","1","67501","0","","2.0","2322.0","9","N","N","N","0","","0","0","0","","8","Y","","1","1","0","0","0","1","0","2","0","1","","03","","N","","","","","","","","","",""
"2020052895","1420","1","0","0","0","0","0","0","0","0","2","0","","67","7","2020","2","39.946061","-75.198524","1414","6","0","0","0","0","0","2","0","0","","0","0","0","","","3","N","2","","39 56:45.821","2","0","75 11:54.688","3","0","0","0","67301","0","0","0","N","0","0","0","3","67504","0","","1.0","1445.0","9","N","N","N","1","","3","0","1","","0","N","","3","3","0","0","0","0","0","2","0","3","","07","","N","","","","","","","","","",""
"2020006962","1936","0","0","0","0","0","0","0","0","0","8","0","","67","1","2020","1","40.023986","-75.159578","1934","6","0","0","0","0","0","0","0","0","","0","0","0","","","1","","1","","40 01:26.350","","0","75 09:34.481","3","0","0","0","67301","1","0","0","N","1","0","0","2","67301","0","","1.0","","1","N","N","N","0","","1","0","0","","2","","","2","1","0","0","0","0","1","2","0","1","","","","N","","","","","","","","","",""
"2020003533","1043","0","0","0","0","0","0","0","0","0","8","0","","67","1","2020","5","39.972124","-75.251464","1040","6","0","0","0","0","0","0","0","0","","0","0","0","","","1","","1","","39 58:19.645","","0","75 15:05.269","3","0","0","0","67301","1","0","0","N","1","0","0","2","67301","0","","1.0","","1","N","N","N","1","","1","0","0","","2","","","2","1","0","0","0","0","0","2","0","1","","","","N","","","","","","","","","",""
"2020012374","2304","1","0","0","0","0","0","0","0","0","7","0","","67","1","2020","3","39.912417","-75.173917","2300","6","0","0","0","0","0","0","0","0","","0","0","0","","","0","N","7","","39 54:44.700","","8","75 10:26.100","0","0","0","0","67301","0","0","0","N","0","0","0","1","67501","0","","7.0","","1","N","N","N","0","","0","0","0","","1","","","1","0","0","0","0","0","0","2","0","1","","","","N","","","","","","","","","",""
"2020009495","1137","2","0","0","0","0","0","1","0","0","1","1","","67","1","2020","6","39.986972","-75.109289","1135","6","0","0","0","0","0","1","0","0","","0","0","0","","","1","Y","0","","39 59:13.098","5","0","75 06:33.442","3","0","0","0","67301","0","0","0","N","0","0","0","10","67301","0","","1.0","1230.0","1","N","N","N","0","","1","0","0","","0","Y","","3","1","1","0","0","0","0","2","0","3","","03","","N","","","","","","","","","",""
"2020005983","1630","1","0","0","1","0","0","0","0","0","8","0","","67","1","2020","5","39.942603","-75.172305","1630","6","0","0","0","0","0","0","0","0","","0","0","0","","","1","","1","","39 56:33.370","","0","75 10:20.298","8","0","0","0","67301","1","0","0","N","0","0","0","2","67301","0","","1.0","","1","N","N","N","0","","0","0","0","","9","","","2","1","0","0","0","1","0","2","0","1","","","","N","","","","","","","","","",""
"2020014345","1700","0","0","0","1","0","0","0","0","0","8","0","","67","1","2020","5","39.953789","-75.174696","1700","6","0","0","0","0","0","0","0","0","","0","0","0","","","1","N","0","","39 57:13.639","","0","75 10:28.904","8","0","0","0","67301","1","0","0","N","0","0","0","2","67301","0","","1.0","","1","N","N","N","0","","0","0","1","","0","","","2","1","0","0","0","1","0","2","0","1","","03","","N","","","","","","","","","",""
"2020020462","1520","0","0","0","0","0","0","0","0","0","8","0","","67","2","2020","6","40.065301","-75.090355","1515","6","0","0","0","0","0","0","0","0","","0","0","0","","","1","","1","","40 03:55.083","","6","75 05:25.277","8","0","0","0","67301","1","0","0","N","1","0","0","2","67301","0","","1.0","","1","N","N","N","0","","0","0","1","","2","","","2","1","1","0","0","1","1","2","0","1","","","","N","","","","","","","","","",""
"2020012350","2057","1","0","0","0","0","0","0","0","0","4","0","","67","1","2020","6","39.962581","-75.213044","2053","6","0","0","0","0","0","0","0","0","","0","0","0","","","2","","1","","39 57:45.290","","0","75 12:46.959","3","0","0","0","67301","0","0","0","N","0","0","0","3","67301","0","","1.0","","9","N","N","N","0","","2","0","1","","2","","","2","2","0","0","0","0","0","2","0","2","","","","N","","","","","","","","","",""
"2020009855","2358","0","0","0","0","0","0","0","0","0","8","0","","67","1","2020","7","39.964259","-75.146447","2356","6","0","0","0","0","0","0","0","0","","0","0","0","","","1","","1","","39 57:51.332","","0","75 08:47.209","4","0","0","0","67301","1","0","0","N","1","0","0","2","67301","1","","1.0","","1","N","N","N","0","","0","0","1","","3","","","2","1","0","0","0","0","0","2","0","1","","03","","N","","","","","","","","","",""
"2020003867","1856","2","0","0","0","0","0","0","0","0","4","0","","67","1","2020","6","39.913083","-75.243294","1856","6","0","0","1","0","0","1","0","0","","0","0","0","","","0","","1","","39 54:47.100","","0","75 14:35.859","0","0","0","0","67301","0","0","0","N","0","0","0","2","67301","0","","1.0","","1","N","N","N","0","","0","0","0","","2","","","2","0","0","0","0","0","0","2","0","2","","03","","N","","","","","","","","","",""
"2020008463","2236","2","0","0","0","0","0","0","0","0","1","0","","67","1","2020","7","40.007879","-75.071487","2203","6","0","0","0","0","1","0","0","0","","0","0","0","","","0","N","0","","40 00:28.363","","0","75 04:17.354","0","0","0","0","67301","0","0","0","N","0","0","0","4","68K01","0","","1.0","","9","N","N","N","0","","0","0","0","","0","","","2","0","0","0","0","0","0","2","0","2","","09","","N","","","","","","","","","",""
"2020052084","2320","1","0","0","0","0","0","0","0","0","5","1","","67","6","2020","4","39.888355","-75.217167","2313","6","0","0","0","0","0","1","0","0","","0","1","0","","","0","N","0","","39 53:18.077","","0","75 13:01.800","0","0","0","0","67301","0","0","0","N","0","0","0","2","68K01","0","","1.0","","1","N","N","N","0","","0","0","0","","0","","","2","0","0","0","0","0","0","2","0","2","","03","","N","","","","","","","","","",""
"2020009664","1543","1","0","0","0","0","0","0","0","0","8","0","","67","1","2020","3","39.953047","-75.166789","1543","6","0","0","0","0","0","0","0","0","","0","0","0","","","1","N","0","","39 57:10.970","","0","75 10:00.440","3","0","0","0","67301","1","0","0","N","1","0","0","2","67301","0","","1.0","","1","N","N","N","0","","1","0","0","","0","","","2","1","0","0","0","0","0","2","0","1","","03","","N","","","","","","","","","",""
"2020007833","1300","3","0","0","0","0","0","0","0","0","5","0","","67","1","2020","7","40.030508","-75.052036","1245","6","0","0","0","0","0","0","0","0","","0","0","0","","","0","N","0","","40 01:49.830","3","0","75 03:07.330","9","0","0","0","67301","0","0","0","N","0","0","0","1","67301","0","","6.0","1435.0","7","N","N","N","1","","0","0","1","","0","Y","","5","0","0","0","0","0","1","2","0","5","","","","N","","","","","","","","","",""
"2020052691","0951","1","0","0","0","0","0","0","0","0","5","0","","67","7","2020","2","40.039169","-75.144584","0951","6","0","0","0","0","0","0","0","0","","0","0","0","","","1","N","0","","40 02:21.009","","0","75 08:40.503","8","0","0","0","67301","0","0","0","N","0","0","0","2","67301","0","","4.0","","1","N","N","N","1","","0","0","0","","3","","","2","1","0","0","0","1","0","2","0","2","","","","N","","","","","","","","","",""
"2020052063","1706","1","0","0","0","0","0","0","0","0","7","0","","67","6","2020","7","40.045928","-75.001816","1704","6","0","0","0","0","0","0","0","0","","0","0","0","","","2","N","7","","40 02:45.339","","2","75 00:06.539","2","0","0","0","67301","0","0","0","N","0","0","0","3","68K01","0","","4.0","","9","N","N","N","0","","1","1","0","","0","","","1","2","1","0","1","0","0","2","0","1","","","","N","","","","","","","","","",""
"2020014376","0921","1","0","0","0","0","0","0","0","0","5","0","","67","1","2020","1","40.033279","-75.077002","0912","6","0","0","0","0","0","1","0","1","","0","0","0","","","0","N","0","","40 01:59.803","","6","75 04:37.207","0","0","0","0","67301","0","0","0","N","0","0","0","2","67301","0","","1.0","","9","N","N","N","0","","0","0","1","","0","","","2","0","0","0","0","0","0","2","0","2","","03","","N","","","","","","","","","",""
"2020012897","0032","2","0","0","0","0","0","0","0","0","4","0","","67","2","2020","1","39.894555","-75.229568","0019","6","0","0","0","0","1","0","0","0","","0","0","0","","","0","","2","","39 53:40.398","3","0","75 13:46.445","0","0","0","0","67301","0","0","0","N","0","0","0","2","67301","0","","1.0","220.0","9","N","N","N","0","","0","0","0","","2","N","","2","0","0","0","0","0","0","2","0","2","","","","N","","","","","","","","","",""
"2020011775","1215","0","0","0","0","0","0","0","0","0","4","0","","67","1","2020","3","39.922695","-75.156636","1210","6","0","0","0","0","0","1","0","0","","0","0","0","","","1","","1","","39 55:21.702","","0","75 09:23.890","3","0","0","0","67301","0","0","0","N","0","0","0","3","67301","0","","1.0","","1","N","N","N","0","","1","0","2","","2","","","2","1","0","0","0","0","1","2","0","2","","03","","N","","","","","","","","","",""
"2020052254","1105","1","0","0","0","0","0","0","0","0","8","0","","67","7","2020","5","39.942987","-75.160214","1100","6","0","0","0","0","0","0","0","0","","0","0","0","","","1","","1","","39 56:34.753","","0","75 09:36.770","4","0","0","0","67301","1","0","0","N","1","0","0","2","67301","1","","1.0","","1","N","N","N","0","","0","0","0","","2","","","2","1","0","0","0","0","0","2","0","1","","03","","N","","","","","","","","","",""
"2020013023","0401","1","0","0","0","0","0","0","0","0","7","0","","67","2","2020","7","39.98239","-75.207641","0354","6","0","0","0","0","0","0","0","0","","0","0","0","","","1","N","0","","39 58:56.604","4","0","75 12:27.506","3","0","0","0","67301","0","0","0","N","0","0","0","1","68K01","0","","2.0","430.0","1","N","N","Y","0","","1","0","0","","0","N","","1","1","0","0","0","0","0","2","0","1","","","","N","","","","","","","","","",""
"2020009951","1200","0","0","0","0","0","0","0","0","0","4","0","","67","1","2020","1","39.95768","-75.162367","1148","6","0","0","0","0","0","0","0","0","","0","0","0","","","0","","5","","39 57:27.649","","2","75 09:44.521","0","0","0","0","67301","0","0","0","N","0","0","0","2","67301","0","","1.0","","1","N","N","N","1","","0","0","1","","2","","","2","0","0","0","0","0","0","2","0","2","","","","N","","","","","","","","","",""
"2020051133","1043","0","0","0","0","0","0","0","0","0","8","0","","67","6","2020","6","40.05494","-75.053943","1040","6","0","0","0","0","0","0","0","0","","1","0","0","","","0","N","1","","40 03:17.783","","0","75 03:14.193","1","0","0","0","67301","1","1","0","N","1","1","0","2","67301","0","2","9.0","","1","N","N","N","0","0","0","0","0","","2","","","2","0","0","0","0","0","1","2","0","1","","03","","N","","","","","","","","","",""
"2020009176","2005","0","0","0","1","0","0","0","0","0","8","0","","67","1","2020","3","39.952989","-75.234525","2002","6","0","0","0","0","0","0","0","0","","0","0","0","","","1","","1","","39 57:10.760","","0","75 14:04.290","3","0","0","0","67301","1","0","0","N","0","0","0","2","67301","0","","1.0","","1","N","N","N","0","","1","0","1","","3","","","2","1","0","0","0","0","0","2","0","1","","","","N","","","","","","","","","",""
"2020012667","1902","0","0","0","1","0","0","0","0","0","8","0","","67","1","2020","6","39.939611","-75.144348","1900","6","0","0","0","0","0","1","0","0","","0","0","0","","","1","N","1","","39 56:22.600","","0","75 08:39.653","3","0","0","0","67301","1","0","0","N","0","0","0","2","67301","0","","1.0","","1","N","N","N","0","","1","0","1","","3","","","2","1","0","0","0","0","0","2","0","1","","04","","N","","","","","","","","","",""
"2020010035","1517","1","0","0","0","0","0","0","0","0","5","0","","67","1","2020","7","39.899165","-75.176218","1517","6","0","0","0","0","0","0","0","0","3","0","0","0","","","1","N","0","","39 53:56.993","1","0","75 10:34.385","8","0","0","0","67301","0","0","0","N","0","0","0","2","68K01","0","","1.0","9999.0","7","N","N","N","0","","0","0","1","","0","N","","2","1","0","0","0","1","1","2","0","2","","","","N","","","","","","","","","",""
"2020005136","1954","1","0","0","0","0","0","0","0","0","8","0","","67","1","2020","3","39.979193","-75.161814","1953","6","0","0","0","0","0","0","0","0","","0","0","0","","","2","N","1","","39 58:45.093","","0","75 09:42.531","4","0","0","0","67301","2","0","0","N","2","0","0","3","67505","1","","1.0","","9","N","N","N","0","","0","0","0","","0","","","3","2","0","0","0","1","0","2","0","1","","07","","N","","","","","","","","","",""
"2020053537","0417","0","0","0","0","0","0","0","0","0","7","0","","67","6","2020","3","39.959784","-75.178079","0411","6","0","0","0","0","0","0","0","0","","0","0","0","","","0","N","0","","39 57:35.222","3","0","75 10:41.085","0","0","0","0","67301","0","0","0","N","0","0","0","1","68K01","0","","3.0","30.0","1","N","N","N","1","","0","0","0","","0","N","","1","0","0","0","0","0","0","2","0","1","","","","N","","","","","","","","","",""
"2020009666","0150","2","0","0","0","0","0","0","0","0","6","0","","67","1","2020","7","40.016775","-75.152037","0149","6","0","0","0","0","0","0","0","0","","0","0","0","","","1","N","0","","40 01:00.390","","0","75 09:07.332","3","0","0","0","67301","0","0","0","N","0","0","0","1","67301","0","","6.0","","1","N","N","N","0","","1","0","0","","0","","","3","1","0","0","0","0","0","2","1","3","","03","","N","","","","","","","","","",""
"2020052049","0909","1","0","0","0","0","0","0","0","0","4","0","","67","6","2020","5","40.00859","-75.069627","0906","6","0","0","0","0","0","0","0","0","","0","0","0","","","0","N","0","","40 00:30.925","1","0","75 04:10.657","0","0","0","0","67301","0","0","0","N","0","0","0","2","68K01","0","","1.0","933.0","9","N","N","N","0","","0","0","1","","0","N","","2","0","1","0","0","0","0","2","0","2","","","","N","","","","","","","","","",""
"2020005544","0614","1","0","0","0","0","0","0","0","0","4","0","","67","1","2020","3","40.06149","-75.083805","0610","6","0","0","0","0","0","0","0","0","","0","0","0","","","0","","1","","40 03:41.363","","0","75 05:01.699","0","0","0","0","67301","0","0","0","N","0","0","0","2","67301","0","","1.0","","1","N","N","N","0","","0","0","1","","2","","","2","0","0","0","0","0","0","2","0","2","","","","N","","","","","","","","","",""
"2020012382","0915","1","0","0","0","0","0","0","0","0","1","0","","67","1","2020","6","39.984131","-75.235344","0850","6","0","0","0","0","0","1","0","1","","0","0","0","","","0","N","0","","39 59:02.870","","0","75 14:07.240","0","0","0","0","67301","0","0","0","N","0","0","0","4","67301","0","","1.0","","1","N","N","N","0","","0","0","3","","0","","","4","0","3","0","0","0","0","2","0","4","","03","","N","","","","","","","","","",""
"2020006281","1140","1","0","0","0","0","0","0","0","0","4","0","","67","1","2020","2","39.923927","-75.222089","1129","6","0","0","0","0","0","1","0","0","","0","0","0","","","1","","1","","39 55:26.137","","0","75 13:19.522","3","0","0","0","67301","0","0","0","N","0","0","0","2","67301","0","","1.0","","1","N","N","N","1","","1","0","0","","2","","","2","1","0","0","0","0","0","2","0","2","","","","N","","","","","","","","","",""
"2020012708","0308","1","0","0","0","0","0","0","0","0","4","0","","67","2","2020","1","39.981952","-75.239038","0302","6","0","0","0","0","0","0","0","0","","0","0","0","","","1","","1","","39 58:55.028","","0","75 14:20.537","8","0","0","0","67301","0","0","0","N","0","0","0","2","67301","0","","1.0","","9","N","N","N","0","","0","0","1","","2","","","2","1","0","0","0","1","0","2","0","2","","03","","N","","","","","","","","","",""
"2020005410","1810","2","0","0","0","0","0","0","0","0","4","0","","67","1","2020","3","40.042323","-75.025601","1756","6","0","0","0","0","0","1","0","0","","0","0","0","","","0","","1","","40 02:32.362","","0","75 01:32.162","0","0","0","0","67301","0","0","0","N","0","0","0","3","67301","0","","1.0","","9","N","N","N","0","","0","0","0","","2","","","2","0","0","0","0","0","0","2","0","2","","07","","N","","","","","","","","","",""
"2020006447","2230","0","0","0","0","0","0","0","0","0","4","0","","67","1","2020","6","40.028641","-75.205652","2215","6","0","0","0","0","0","0","0","0","","0","0","0","","","1","","1","","40 01:43.107","","0","75 12:20.348","4","0","0","0","67301","0","0","0","N","0","0","0","2","67301","1","","1.0","","1","N","N","N","0","","0","0","2","","9","","","2","1","0","0","0","0","0","2","0","2","","","","N","","","","","","","","","",""
"2020011637","1946","2","0","0","0","0","0","0","0","0","4","0","","67","1","2020","3","39.95872","-75.162257","1946","6","0","0","0","0","0","0","0","0","","0","0","0","","","0","","1","","39 57:31.392","","0","75 09:44.125","0","0","0","0","67301","0","0","0","N","0","0","0","3","67301","0","","1.0","","1","N","N","N","0","","0","0","0","","0","","","2","0","0","0","0","0","0","2","0","2","","03","","N","","","","","","","","","",""
"2020016584","0130","1","0","0","0","0","0","0","0","0","7","0","","67","1","2020","3","39.911424","-75.149374","0126","6","0","0","0","1","0","0","0","0","","0","0","0","","","0","N","0","","39 54:41.125","2","8","75 08:57.747","0","0","0","0","67301","0","0","0","N","0","0","0","2","68K01","0","","2.0","150.0","1","N","N","N","0","","0","0","0","","0","N","","1","0","0","0","0","0","0","2","0","1","","03","","N","","","","","","","","","",""
"2020033442","1316","2","0","0","0","0","0","0","0","0","4","0","","67","1","2020","5","40.054643","-75.124996","1310","6","0","0","0","0","0","0","0","0","","0","0","0","","","1","","1","","40 03:16.716","","0","75 07:29.987","3","0","0","0","67301","0","0","0","N","0","0","0","4","67301","0","","1.0","","1","N","N","N","0","","1","0","0","","2","","","2","1","0","0","0","0","0","2","0","2","","03","","N","","","","","","","","","",""
"2020012670","1638","2","0","0","0","0","0","0","0","0","4","0","","67","2","2020","1","40.079683","-75.026687","1628","6","0","0","0","0","0","1","0","0","","0","0","0","","","1","N","0","","40 04:46.857","3","0","75 01:36.072","3","0","0","0","67301","0","0","0","N","0","0","0","2","67301","0","","1.0","1705.0","9","N","N","N","0","","1","0","0","","8","N","","2","1","0","0","0","0","0","2","0","2","","07","","N","","","","","","","","","",""
"2020053458","2005","1","0","0","0","0","0","0","0","0","1","0","","67","7","2020","3","39.990642","-75.132033","1953","6","0","0","0","0","0","0","0","0","","0","0","0","","","0","N","0","","39 59:26.310","1","0","75 07:55.320","9","0","0","0","67301","0","0","0","N","0","0","0","1","67301","0","","1.0","2129.0","1","N","N","N","0","","0","0","1","","0","Y","","2","0","1","0","0","0","1","2","0","2","","03","","N","","","","","","","","","",""
"2020060502","0311","3","0","0","0","0","0","0","0","0","4","1","","67","7","2020","2","39.923631","-75.193322","0311","6","0","0","0","0","0","0","0","0","","0","1","0","","","0","N","0","","39 55:25.070","","0","75 11:35.960","0","0","0","0","67301","0","0","0","N","0","0","0","1","67301","0","","1.0","","1","N","N","N","0","","0","0","0","","8","","","4","0","0","0","0","0","0","2","0","4","","","","N","","","","","","","","","",""
"2020009667","0244","2","0","0","0","0","0","0","0","0","6","0","","67","1","2020","7","40.021964","-75.176378","0237","6","0","0","0","0","0","0","0","0","","0","0","0","","","0","N","0","","40 01:19.070","6","0","75 10:34.960","0","0","0","0","67301","0","0","0","N","0","0","0","1","67301","0","","6.0","325.0","1","N","N","N","0","","0","0","2","","0","Y","","4","0","0","0","0","0","0","2","0","4","","03","","N","","","","","","","","","",""
"2020052046","1646","1","0","0","0","0","0","0","0","0","1","0","","67","6","2020","4","39.898731","-75.170403","1630","6","0","0","0","0","0","0","0","1","","0","0","0","","","2","N","0","","39 53:55.432","1","0","75 10:13.451","3","0","0","0","67301","0","0","0","N","0","0","0","3","68K01","1","","1.0","1735.0","1","N","N","N","0","","1","0","2","","0","N","","3","2","0","0","0","0","0","2","0","3","","04","","N","","","","","","","","","",""
"2020051475","1538","2","0","0","0","0","0","0","0","0","4","0","","67","6","2020","2","39.962479","-75.244704","1529","6","0","0","0","0","0","0","1","0","","0","0","0","","","1","","1","","39 57:44.923","","0","75 14:40.936","3","0","0","0","67301","0","0","0","N","0","0","0","1","67301","0","","1.0","","1","N","N","N","0","","1","0","0","","2","U","","2","1","0","0","0","0","0","2","0","2","","03","","N","","","","","","","","","",""
"2020003863","1032","2","0","0","0","0","0","0","0","0","4","0","","67","1","2020","7","39.944113","-75.153515","1023","6","0","0","0","0","0","2","0","0","","0","0","0","","","1","","1","","39 56:38.805","","0","75 09:12.654","3","0","0","0","67301","0","0","0","N","0","0","0","3","67301","0","","1.0","","1","N","N","N","0","","1","0","0","","2","","","2","1","0","0","0","0","0","2","0","2","","03","","N","","","","","","","","","",""
"2020013132","1215","3","0","0","0","0","0","0","0","0","4","0","","67","1","2020","6","40.040196","-75.099346","1208","6","0","0","1","0","0","1","0","0","","0","0","0","","","3","","2","","40 02:24.705","3","0","75 05:57.645","3","0","0","0","67301","0","0","0","N","0","0","0","5","67301","0","","1.0","150.0","1","N","N","N","0","","3","0","0","","0","N","","3","3","3","0","0","0","0","2","0","3","","","","N","","","","","","","","","",""
"2020019826","1805","1","0","0","0","0","0","0","0","0","4","0","","67","2","2020","7","39.914008","-75.149937","1759","6","0","0","1","0","0","0","0","0","","0","0","0","","","0","","1","","39 54:50.430","","0","75 08:59.773","0","0","0","0","67301","0","0","0","N","0","0","0","3","67301","0","","1.0","","1","N","N","N","1","","0","0","0","","2","","","2","0","0","0","0","0","0","2","0","2","","03","","N","","","","","","","","","",""
"2020010310","1739","1","0","0","0","0","0","0","0","0","4","0","","67","1","2020","6","39.969199","-75.228382","1736","6","0","0","0","0","0","0","1","0","","0","0","0","","","2","","1","","39 58:09.116","","0","75 13:42.175","8","0","0","0","67301","0","0","0","N","0","0","0","6","67301","0","","1.0","","1","N","N","N","0","","0","0","1","","3","","","2","2","0","0","0","2","1","2","0","2","","03","","N","","","","","","","","","",""
"2020052423","1655","2","0","0","0","0","0","0","0","0","4","0","","67","7","2020","7","40.022344","-75.147886","1655","6","0","0","0","0","0","1","0","0","","0","0","0","","","0","N","0","","40 01:20.440","","0","75 08:52.390","0","0","0","0","67301","0","0","0","N","0","0","0","2","67301","0","","1.0","","1","N","N","N","0","","0","0","0","","0","","","2","0","0","0","0","0","0","2","0","2","","","","N","","","","","","","","","",""
"2020018263","1656","0","0","0","0","0","0","0","0","0","1","0","","67","2","2020","2","40.005929","-75.09407","1652","6","0","0","0","0","0","1","0","0","","0","0","0","","","1","Y","0","","40 00:21.345","","0","75 05:38.652","3","0","0","0","67301","0","0","0","N","0","0","0","4","67301","0","","1.0","","1","N","N","N","1","","1","0","2","","2","","","4","1","0","0","0","0","0","2","1","4","","03","","N","","","","","","","","","",""
"2020048774","0825","1","0","0","0","0","0","0","0","0","5","0","","67","6","2020","2","40.01652","-75.175103","0816","6","0","0","0","0","0","0","0","0","","0","0","0","","","0","N","0","","40 00:59.471","","0","75 10:30.370","9","0","0","0","67301","0","0","0","N","0","0","0","2","67301","0","","1.0","","1","N","N","N","1","","0","0","0","","0","","","2","0","0","0","0","0","1","2","0","2","","","","N","","","","","","","","","",""
"2020011530","1719","1","0","0","0","0","0","0","0","0","7","0","","67","1","2020","3","39.929394","-75.232853","1719","6","0","0","0","0","0","0","0","0","","0","0","0","","","0","","11","","39 55:45.820","","0","75 13:58.270","9","0","0","0","67301","0","0","0","N","0","0","0","1","67301","0","","5.0","","99","N","N","N","0","","0","0","0","","9","","","1","0","0","0","0","0","1","2","0","1","","03","","N","","","","","","","","","",""
"2020021145","1723","0","0","0","0","0","0","0","0","0","1","0","","67","1","2020","6","39.978166","-75.110662","1710","6","0","0","0","0","0","0","1","0","","0","0","0","","","0","N","0","","39 58:41.396","","0","75 06:38.383","0","0","0","0","67301","0","0","0","N","0","0","0","5","68K01","0","","1.0","","1","N","N","N","0","","0","0","0","","0","","","2","0","0","0","0","0","0","2","1","2","","","","N","","","","","","","","","",""
"2020003775","1423","2","0","0","0","0","0","0","0","0","6","0","15","67","1","2020","6","40.005699","-75.100373","1421","6","0","0","0","0","0","1","0","0","","0","0","0","","","2","N","0","","40 00:20.517","","0","75 06:01.343","8","0","0","0","67301","0","0","0","N","0","0","0","2","67301","0","","1.0","","1","N","N","N","0","","0","0","1","","0","","","3","2","0","0","0","2","0","2","0","3","","03","Y","Y","8","3","N","N","N","N","N","N","Y","N"
"2020011800","2340","2","0","0","0","0","0","0","0","0","3","0","","67","1","2020","4","40.037269","-75.179008","2335","6","0","0","0","0","0","0","0","0","","0","0","0","","","2","N","0","","40 02:14.170","","0","75 10:44.430","3","0","0","0","67301","0","0","0","N","0","0","0","3","67301","0","","1.0","","99","N","N","N","0","","2","0","0","","0","","","2","2","0","0","0","0","1","2","0","2","","03","","N","","","","","","","","","",""
"2020012182","0340","1","0","0","0","0","0","0","0","0","5","0","","67","1","2020","2","39.998497","-75.148094","0332","6","0","0","0","0","0","0","0","0","","0","0","0","","","0","N","0","","39 59:54.590","","0","75 08:53.140","0","0","0","0","67301","0","0","0","N","0","0","0","1","67301","0","","6.0","","1","N","N","N","0","","0","0","0","","3","","","2","0","0","0","0","0","0","2","1","2","","03","","N","","","","","","","","","",""
"2020052748","1838","0","0","0","0","0","0","0","0","0","1","0","","67","6","2020","4","39.89971","-75.162027","1825","6","0","0","0","0","0","1","0","0","","0","1","0","","","0","N","0","","39 53:58.957","","0","75 09:43.298","9","0","0","0","67301","0","0","0","N","0","0","0","2","68K01","0","","1.0","","1","N","N","N","0","","0","0","0","","0","","","2","0","0","0","0","0","1","2","0","2","","03","","N","","","","","","","","","",""