"CRN","ARRIVAL_TM","AUTOMOBILE_COUNT","BELTED_DEATH_COUNT","BELTED_SUSP_SERIOUS_INJ_COUNT","BICYCLE_COUNT","BICYCLE_DEATH_COUNT","BICYCLE_SUSP_SERIOUS_INJ_COUNT","BUS_COUNT","CHLDPAS_DEATH_COUNT","CHLDPAS_SUSP_SERIOUS_INJ_COUNT","COLLISION_TYPE","COMM_VEH_COUNT","CONS_ZONE_SPD_LIM","COUNTY","CRASH_MONTH","CRASH_YEAR","DAY_OF_WEEK","DEC_LATITUDE","DEC_LONGITUDE","DISPATCH_TM","DISTRICT","DRIVER_COUNT_16YR","DRIVER_COUNT_17YR","DRIVER_COUNT_18YR","DRIVER_COUNT_19YR","DRIVER_COUNT_20YR","DRIVER_COUNT_50_64YR","DRIVER_COUNT_65_74YR","DRIVER_COUNT_75PLUS","EST_HRS_CLOSED","FATAL_COUNT","HEAVY_TRUCK_COUNT","HORSE_BUGGY_COUNT","HOUR_OF_DAY","ILLUMINATION","INJURY_COUNT","INTERSECTION_RELATED","INTERSECT_TYPE","LANE_CLOSED","LATITUDE","LN_CLOSE_DIR","LOCATION_TYPE","LONGITUDE","MAX_SEVERITY_LEVEL","MCYCLE_DEATH_COUNT","MCYCLE_SUSP_SERIOUS_INJ_COUNT","MOTORCYCLE_COUNT","MUNICIPALITY","NONMOTR_COUNT","NONMOTR_DEATH_COUNT","NONMOTR_SUSP_SERIOUS_INJ_COUNT","NTFY_HIWY_MAINT","PED_COUNT","PED_DEATH_COUNT","PED_SUSP_SERIOUS_INJ_COUNT","PERSON_COUNT","POLICE_AGCY","POSSIBLE_INJ_COUNT","RDWY_SURF_TYPE_CD","RELATION_TO_ROAD","ROADWAY_CLEARED","ROAD_CONDITION","SCH_BUS_IND","SCH_ZONE_IND","SECONDARY_CRASH","SMALL_TRUCK_COUNT","SPEC_JURIS_CD","SUSP_MINOR_INJ_COUNT","SUSP_SERIOUS_INJ_COUNT","SUV_COUNT","TCD_FUNC_CD","TCD_TYPE","TFC_DETOUR_IND","TIME_OF_DAY","TOTAL_UNITS","TOT_INJ_COUNT","UNBELTED_OCC_COUNT","UNB_DEATH_COUNT","UNB_SUSP_SERIOUS_INJ_COUNT","UNK_INJ_DEG_COUNT","UNK_INJ_PER_COUNT","URBAN_RURAL","VAN_COUNT","VEHICLE_COUNT","WEATHER1","WEATHER2","WORKERS_PRES","WORK_ZONE_IND","WORK_ZONE_LOC","WORK_ZONE_TYPE","WZ_CLOSE_DETOUR","WZ_FLAGGER","WZ_LAW_OFFCR_IND","WZ_LN_CLOSURE","WZ_MOVING","WZ_OTHER","WZ_SHLDER_MDN","WZ_WORKERS_INJ_KILLED"
"2020019742","1628","1","0","0","0","0","0","0","0","0","4","0","","67","2","2020","6","40.018922","-75.049504","1617","6","0","0","0","0","0","1","0","0","","0","0","0","","","1","","1","","40 01:08.120","","0","75 02:58.216","3","0","0","0","67301","0","0","0","N","0","0","0","2","67301","0","","1.0","","1","N","N","N","0","","1","0","1","","3","","","2","1","0","0","0","0","0","2","0","2","","","","N","","","","","","","","","",""
"2020003421","0724","1","0","0","0","0","0","0","0","0","4","0","","67","1","2020","5","39.959684","-75.247408","0722","6","0","0","0","0","0","0","0","0","","0","0","0","","","0","","1","","39 57:34.864","","0","75 14:50.667","0","0","0","0","67301","0","0","0","N","0","0","0","2","67301","0","","1.0","","1","N","N","N","0","","0","0","1","","2","","","2","0","0","0","0","0","0","2","0","2","","03","","N","","","","","","","","","",""
"2020008746","1745","1","0","0","0","0","0","0","0","0","4","0","","67","1","2020","4","39.92691","-75.189411","1742","6","0","0","0","0","0","1","1","0","","0","0","0","","","2","","5","","39 55:36.875","","0","75 11:21.878","4","0","0","0","67301","0","0","0","N","0","0","0","2","67301","1","","1.0","","1","N","N","N","1","","0","0","0","","2","","","2","2","0","0","0","1","0","2","0","2","","03","","N","","","","","","","","","",""
"2020050751","2020","1","0","0","0","0","0","0","0","0","1","0","","67","6","2020","7","39.963935","-75.184328","2013","6","0","0","0","0","0","0","0","0","","0","0","0","","","2","N","0","","39 57:50.166","3","0","75 11:03.580","4","0","0","0","67301","0","0","0","N","0","0","0","2","68K01","1","","1.0","20.0","1","N","N","N","1","","0","0","0","","0","N","","2","2","0","0","0","1","0","2","0","2","","","","N","","","","","","","","","",""
"2020006283","1100","0","0","0","0","0","0","0","0","0","7","0","","67","1","2020","5","39.882283","-75.226514","1056","6","0","0","0","0","0","0","0","0","","0","0","0","","","1","N","0","","39 52:56.220","","0","75 13:35.450","2","0","0","0","67301","0","0","0","N","0","0","0","1","67301","0","","4.0","","1","N","N","N","0","","0","1","1","","0","","","1","1","0","0","0","0","0","2","0","1","","03","","N","","","","","","","","","",""
"2020003422","1745","2","0","0","0","0","0","0","0","0","4","0","","67","1","2020","5","39.953744","-75.240475","1745","6","0","0","0","0","0","1","0","0","","0","0","0","","","1","","1","","39 57:13.478","","0","75 14:25.709","8","0","0","0","67301","0","0","0","N","0","0","0","3","67301","0","","1.0","","1","N","N","N","0","","0","0","0","","9","","","2","1","0","0","0","1","0","2","0","2","","03","","N","","","","","","","","","",""
"2020007284","1746","2","0","0","0","0","0","0","0","0","1","0","","67","1","2020","5","40.106837","-74.995326","1744","6","0","0","0","0","0","1","0","0","","0","0","0","","","0","N","0","","40 06:24.614","4","0","74 59:43.174","0","0","0","0","67301","0","0","0","N","0","0","0","5","67301","0","","1.0","2000.0","1","N","N","N","0","","0","0","3","","0","Y","","5","0","0","0","0","0","0","2","0","5","","03","","N","","","","","","","","","",""
"2020015768","1356","0","0","0","0","0","0","0","0","0","7","0","","67","1","2020","6","40.004332","-75.07741","1356","6","0","0","0","0","0","0","0","0","","0","0","0","","","0","","1","","40 00:15.595","","0","75 04:38.676","9","0","0","0","67301","0","0","0","N","0","0","0","1","67301","0","","4.0","","1","N","N","N","0","","0","0","1","","2","","","1","0","0","0","0","0","1","2","0","1","","","","N","","","","","","","","","",""
"2020009860","1959","0","0","0","0","0","0","0","0","0","1","0","","67","1","2020","7","40.071726","-75.154084","1959","6","0","0","0","0","0","0","0","0","","0","0","0","","","1","","1","","40 04:18.214","","0","75 09:14.704","3","0","0","0","67301","0","0","0","N","0","0","0","2","67301","0","","1.0","","1","N","N","N","0","","1","0","2","","2","","","2","1","0","0","0","0","1","2","0","2","","03","","N","","","","","","","","","",""
"2020048597","2318","3","0","0","0","0","0","0","0","0","1","0","","67","6","2020","1","40.020494","-75.159427","2318","6","0","0","0","0","0","0","0","0","","0","0","0","","","0","N","0","","40 01:13.777","2","0","75 09:33.937","0","0","0","0","67301","0","0","0","N","0","0","0","5","67301","0","","1.0","100.0","1","N","N","N","0","","0","0","0","","0","Y","","3","0","0","0","0","0","0","2","0","3","","03","","N","","","","","","","","","",""
"2020009178","2129","3","0","0","0","0","0","0","0","0","1","0","","67","1","2020","4","39.959197","-75.230943","2129","6","0","0","0","0","0","0","0","0","","0","0","0","","","2","N","0","","39 57:33.108","","0","75 13:51.393","3","0","0","0","67301","0","0","0","N","0","0","0","3","67301","1","","6.0","","1","N","N","N","0","","1","0","1","","9","","","4","2","0","0","0","0","0","2","0","4","","03","","N","","","","","","","","","",""
"2020009577","1000","1","0","0","1","0","0","0","0","0","8","0","","67","1","2020","5","39.99696","-75.129612","1000","6","0","0","0","0","0","0","0","1","","0","0","0","","","1","","1","","39 59:49.055","","0","75 07:46.603","8","0","0","0","67301","1","0","0","N","0","0","0","2","67301","0","","1.0","","1","N","N","N","0","","0","0","0","","3","","","2","1","0","0","0","1","0","2","0","1","","03","","N","","","","","","","","","",""
"2020008380","1055","1","0","0","0","0","0","0","0","0","4","0","","67","1","2020","2","39.926333","-75.155854","1052","6","0","0","0","0","0","1","0","0","","0","0","0","","","0","","1","","39 55:34.798","","0","75 09:21.074","0","0","0","0","67301","0","0","0","N","0","0","0","2","67301","0","","1.0","","1","N","N","N","0","","0","0","1","","3","","","2","0","2","0","0","0","0","2","0","2","","03","","N","","","","","","","","","",""
"2020012669","1538","2","0","0","0","0","0","0","0","0","4","0","","67","2","2020","1","40.048115","-75.013249","1530","6","0","0","0","0","0","1","0","0","","0","0","0","","","0","","2","","40 02:53.214","","0","75 00:47.698","0","0","0","0","67301","0","0","0","N","0","0","0","2","67301","0","","1.0","","9","N","N","N","0","","0","0","0","","2","","","2","0","0","0","0","0","0","2","0","2","","","","N","","","","","","","","","",""
"2020008753","1917","2","0","0","0","0","0","0","0","0","5","0","","67","1","2020","4","40.045928","-75.158589","1917","6","0","0","0","1","0","0","0","0","","0","0","0","","","0","N","0","","40 02:45.340","2","0","75 09:30.920","0","0","0","0","67301","0","0","0","N","0","0","0","1","67301","0","","1.0","100.0","1","N","N","N","0","","0","0","0","","0","Y","","2","0","0","0","0","0","0","2","0","2","","03","","N","","","","","","","","","",""
"2020016754","1312","0","0","0","0","0","0","0","0","0","7","0","","67","1","2020","7","39.880073","-75.253085","1308","6","0","0","0","0","0","0","0","0","","0","0","0","","","1","N","0","","39 52:48.262","","0","75 15:11.106","3","0","0","0","67301","0","0","0","N","0","0","0","1","67301","0","","2.0","","9","N","N","N","0","","1","0","1","","0","","","1","1","0","0","0","0","0","2","0","1","","","","N","","","","","","","","","",""
"2020009778","1918","1","0","0","0","0","0","0","0","0","8","0","","67","1","2020","7","40.011545","-75.108042","1918","6","0","0","0","0","0","0","0","0","","0","0","0","","","1","","1","","40 00:41.562","","0","75 06:28.950","4","0","0","0","67301","1","0","0","N","1","0","0","2","67301","1","","1.0","","99","N","N","N","0","","0","0","0","","2","","","2","1","0","0","0","0","1","2","0","1","","","","N","","","","","","","","","",""
"2020011636","0435","2","0","0","0","0","0","0","0","0","5","0","","67","1","2020","7","39.950432","-75.148164","0432","6","0","0","0","0","0","0","0","0","","0","0","0","","","0","N","0","","39 57:01.556","3","0","75 08:53.390","0","0","0","0","67301","0","0","0","N","0","0","0","1","67301","0","","6.0","552.0","1","N","N","N","0","","0","0","0","","0","Y","","2","0","0","0","0","0","0","2","0","2","","","","N","","","","","","","","","",""
"2020009010","1853","0","0","0","0","0","0","0","0","0","8","0","","67","1","2020","7","40.040779","-75.157011","1853","6","0","0","0","0","0","0","0","0","","0","0","0","","","1","","3","","40 02:26.806","","0","75 09:25.238","3","0","0","0","67301","1","0","0","N","1","0","0","2","67301","0","","1.0","","2","N","N","N","0","","1","0","1","","2","","","2","1","0","0","0","0","0","2","0","1","","06","","N","","","","","","","","","",""
"2020009492","1650","3","0","0","0","0","0","0","0","0","4","0","","67","1","2020","4","39.955601","-75.172767","1645","6","0","0","0","0","0","1","0","0","","0","0","0","","","0","","1","","39 57:20.163","","0","75 10:21.961","0","0","0","0","67301","0","0","0","N","0","0","0","2","67301","0","","1.0","","1","N","N","N","0","","0","0","2","","2","","","5","0","0","0","0","0","0","2","0","5","","03","","N","","","","","","","","","",""
"2020005263","1545","1","0","0","0","0","0","0","0","0","4","0","","67","1","2020","2","39.988367","-75.11736","1545","6","0","0","0","0","0","0","0","0","","0","0","0","","","0","","1","","39 59:18.121","","0","75 07:02.495","0","0","0","0","67301","0","0","0","N","0","0","0","2","67301","0","","1.0","","1","N","N","N","0","","0","0","1","","3","","","2","0","0","0","0","0","0","2","0","2","","","","N","","","","","","","","","",""
"2020054132","1413","0","0","0","0","0","0","0","0","0","5","0","","67","7","2020","5","39.886226","-75.218042","1413","6","0","0","0","0","0","0","0","0","","0","0","0","","","1","","6","","39 53:10.412","","0","75 13:04.950","8","0","0","1","67301","0","0","0","N","0","0","0","1","67301","0","","9.0","","1","N","N","N","0","","0","0","0","","2","","","2","1","0","0","0","1","0","2","0","2","","03","","N","","","","","","","","","",""
"2020004050","2001","1","0","0","0","0","0","0","0","0","8","0","","67","1","2020","6","40.054352","-75.193938","2001","6","0","0","0","0","0","0","1","0","","0","0","0","","","1","","1","","40 03:15.666","","0","75 11:38.176","8","0","0","0","67301","1","0","0","N","1","0","0","2","67301","0","","1.0","","99","N","N","N","0","","0","0","0","","2","","","2","1","0","0","0","1","0","2","0","1","","","","N","","","","","","","","","",""
"2020050516","0048","1","0","0","0","0","0","0","0","0","7","0","","67","6","2020","7","39.905413","-75.150082","0043","6","0","0","0","0","0","0","0","0","","0","0","0","","","0","N","0","","39 54:19.485","2","0","75 09:00.296","0","0","0","0","67301","0","0","0","N","0","0","0","1","68K01","0","","5.0","30.0","1","N","N","N","0","","0","0","0","","0","N","","1","0","0","0","0","0","0","2","0","1","","","","N","","","","","","","","","",""
"2020004729","1215","0","0","0","0","0","0","0","0","0","7","0","","67","1","2020","3","40.079678","-75.029924","1205","6","0","0","0","0","0","0","0","0","","0","0","0","","","0","N","0","","40 04:46.842","","0","75 01:47.728","0","0","0","0","67301","0","0","0","N","0","0","0","1","67301","0","","3.0","","1","N","N","N","0","","0","0","1","","0","","","1","0","0","0","0","0","0","2","0","1","","03","","N","","","","","","","","","",""
"2020007826","0858","1","0","0","0","0","0","0","0","0","4","0","","67","1","2020","4","40.011529","-75.069799","0848","6","0","0","0","0","0","1","0","0","","0","0","0","","","1","","1","","40 00:41.506","","0","75 04:11.278","3","0","0","0","67301","0","0","0","N","0","0","0","2","67301","0","","1.0","","1","N","N","N","0","","1","0","0","","2","","","2","1","0","0","0","0","0","2","1","2","","03","","N","","","","","","","","","",""
"2020006867","1243","2","0","0","0","0","0","0","0","0","1","0","","67","1","2020","6","40.030041","-75.103207","1233","6","0","0","0","0","0","0","0","0","","0","0","0","","","1","","1","","40 01:48.146","","0","75 06:11.546","3","0","0","0","67301","0","0","0","N","0","0","0","3","67301","0","","1.0","","1","N","N","N","0","","1","0","0","","2","","","2","1","0","0","0","0","0","2","0","2","","","","N","","","","","","","","","",""
"2020009575","2015","2","0","0","0","0","0","0","0","0","4","0","","67","1","2020","2","39.98932","-75.107054","2012","6","0","0","0","1","0","0","0","0","","0","0","0","","","1","","2","","39 59:21.551","","0","75 06:25.393","3","0","0","0","67301","0","0","0","N","0","0","0","2","67301","0","","1.0","","1","N","N","N","0","","1","0","0","","2","","","2","1","0","0","0","0","0","2","0","2","","","","N","","","","","","","","","",""
"2020010545","0330","1","0","0","0","0","0","0","0","0","3","0","","67","1","2020","7","39.958553","-75.232169","0330","6","0","0","0","0","0","0","0","0","","0","0","0","","","0","N","0","","39 57:30.790","","0","75 13:55.810","0","0","0","0","67301","0","0","0","N","0","0","0","1","67301","0","","6.0","","1","N","N","Y","1","","0","0","1","","0","","","3","0","0","0","0","0","0","2","0","3","","03","","N","","","","","","","","","",""
"2020009952","1318","0","0","0","0","0","0","0","0","0","4","0","","67","1","2020","1","39.96301","-75.158413","1318","6","0","0","0","0","0","0","1","0","","0","0","0","","","0","","1","","39 57:46.836","1","0","75 09:30.286","0","0","0","0","67301","0","0","0","N","0","0","0","2","67301","0","","1.0","1400.0","1","N","N","N","0","","0","0","2","","3","Y","","2","0","2","0","0","0","0","2","0","2","","03","","N","","","","","","","","","",""
"2020017062","1131","0","0","0","0","0","0","0","0","0","4","0","","67","1","2020","3","39.88005","-75.242614","1128","6","0","0","0","0","1","0","0","0","","0","0","0","","","0","N","0","","39 52:48.180","","0","75 14:33.410","0","0","0","0","67301","0","0","0","N","0","0","0","2","67301","0","","1.0","","1","N","N","N","0","","0","0","2","","0","","","2","0","0","0","0","0","0","2","0","2","","03","","N","","","","","","","","","",""
"2020011434","0042","1","0","0","0","0","0","0","0","0","5","0","","67","1","2020","7","40.027683","-75.120564","0032","6","0","0","0","0","0","1","0","0","","0","0","0","","","0","N","0","","40 01:39.657","","0","75 07:14.032","0","0","0","0","67301","0","0","0","N","0","0","0","1","67301","0","","6.0","","1","N","N","Y","1","","0","0","0","","3","","","2","0","0","0","0","0","0","2","0","2","","03","","N","","","","","","","","","",""
"2020009572","0729","1","0","0","0","0","0","0","0","0","8","0","","67","1","2020","7","39.945152","-75.142029","0729","6","0","0","0","0","0","1","0","0","","0","0","0","","","1","","2","","39 56:42.548","","0","75 08:31.305","3","0","0","0","67301","1","0","0","N","1","0","0","2","67301","0","","1.0","","9","N","N","N","0","","1","0","0","","2","","","2","1","0","0","0","0","0","2","0","1","","","","N","","","","","","","","","",""
"2020012380","1333","1","0","0","0","0","0","0","0","0","3","0","","67","1","2020","6","39.98638","-75.247984","1326","6","0","0","0","0","0","0","0","0","","0","0","0","","","0","N","0","","39 59:10.967","","0","75 14:52.744","0","0","0","0","67301","0","0","0","N","0","0","0","1","67301","0","","6.0","","1","N","N","N","1","","0","0","0","","0","","","2","0","0","0","0","0","0","2","0","2","","","","N","","","","","","","","","",""
"2020007506","2000","1","0","0","0","0","0","0","0","0","6","0","","67","1","2020","7","40.028506","-75.152219","2000","6","0","0","0","0","0","0","0","0","","0","0","0","","","1","N","0","","40 01:42.620","","0","75 09:07.990","3","0","0","0","67301","0","0","0","N","0","0","0","2","67301","0","","1.0","","7","N","N","N","0","","1","0","0","","9","","","2","1","0","0","0","0","0","2","0","2","","10","","N","","","","","","","","","",""
"2020008777","0200","0","0","0","0","0","0","0","0","0","7","0","","67","1","2020","4","39.99968","-75.138071","0142","6","0","0","0","0","0","0","0","0","","0","0","0","","","1","N","0","","39 59:58.847","","0","75 08:17.055","8","0","0","0","67301","0","0","0","N","0","0","0","1","67301","0","","6.0","","1","N","N","N","0","","0","0","1","","0","","","1","1","0","0","0","1","0","2","0","1","","03","","N","","","","","","","","","",""
"2020054270","1420","0","0","0","0","0","0","0","0","0","7","1","","67","6","2020","6","40.005276","-75.195512","1401","6","0","0","0","0","0","1","0","0","","0","0","0","","","0","","3","","40 00:18.992","","2","75 11:43.844","0","0","0","0","67301","0","0","0","N","0","0","0","1","67301","0","","4.0","","1","N","N","N","1","","0","0","0","","0","","","1","0","1","0","0","0","0","2","0","1","","","","N","","","","","","","","","",""
"2020008755","1751","1","0","0","0","0","0","0","0","0","4","0","","67","1","2020","4","40.010905","-75.103181","1746","6","0","0","0","0","0","0","0","1","","0","0","0","","","1","","2","","40 00:39.257","","0","75 06:11.451","3","0","0","1","67301","0","0","0","N","0","0","0","2","67301","0","","1.0","","1","N","N","N","0","","1","0","0","","0","","","2","1","0","0","0","0","0","2","0","2","","03","","N","","","","","","","","","",""
"2020009779","1306","0","0","0","0","0","0","0","0","0","4","0","","67","1","2020","7","40.046807","-75.137538","1306","6","0","0","0","0","1","1","0","0","","0","0","0","","","0","","1","","40 02:48.506","","0","75 08:15.137","9","0","0","0","67301","0","0","0","N","0","0","0","3","67301","0","","1.0","","9","N","N","N","0","","0","0","1","","2","","","2","0","0","0","0","0","2","2","1","2","","","","N","","","","","","","","","",""
"2020012677","1615","1","0","0","0","0","0","0","0","0","4","0","","67","2","2020","7","40.009322","-75.139326","1600","6","0","0","1","0","0","0","0","0","","0","0","0","","","1","","1","","40 00:33.559","","0","75 08:21.573","3","0","0","0","67301","0","0","0","N","0","0","0","3","67301","0","","1.0","","1","N","N","N","1","","1","0","0","","3","","","2","1","0","0","0","0","0","2","0","2","","04","","N","","","","","","","","","",""
"2020004692","2355","4","0","0","0","0","0","0","0","0","4","0","","67","1","2020","6","40.013973","-75.157949","2353","6","0","0","0","0","0","1","0","0","","0","0","0","","","2","","1","","40 00:50.303","","0","75 09:28.618","4","0","0","0","67301","0","0","0","N","0","0","0","2","67301","2","","1.0","","1","N","N","Y","0","","0","0","0","","0","","","4","2","0","0","0","0","0","2","0","4","","03","","N","","","","","","","","","",""
"2020004118","1920","1","0","0","0","0","0","0","0","0","4","0","","67","1","2020","7","40.03145","-75.154773","1912","6","0","0","0","0","0","0","0","0","","0","0","0","","","3","","1","","40 01:53.219","","0","75 09:17.182","3","0","0","0","67301","0","0","0","N","0","0","0","6","67301","0","","1.0","","1","N","N","N","0","","3","0","1","","2","","","2","3","0","0","0","0","0","2","0","2","","","","N","","","","","","","","","",""
"2020020963","2000","1","0","0","0","0","0","0","0","0","1","0","","67","1","2020","5","40.001562","-75.194956","1937","6","0","0","0","0","0","0","0","0","","0","0","0","","","0","N","0","","40 00:05.623","","0","75 11:41.840","0","0","0","0","67301","0","0","0","N","0","0","0","2","68K01","0","","1.0","","1","N","N","N","0","","0","0","1","","0","","","2","0","0","0","0","0","0","2","0","2","","","","N","","","","","","","","","",""
"2020007828","0850","0","0","0","0","0","0","0","0","0","7","0","","67","1","2020","5","40.004297","-75.067201","0843","6","0","0","0","0","0","0","0","0","","0","0","0","","","0","","2","","40 00:15.469","","0","75 04:01.925","0","0","0","0","67301","0","0","0","N","0","0","0","1","67301","0","","4.0","","1","N","N","N","0","","0","0","1","","0","","","1","0","0","0","0","0","0","2","0","1","","03","","N","","","","","","","","","",""
"2020003977","0427","2","0","0","0","0","0","0","0","0","6","0","","67","1","2020","7","40.131517","-75.013291","0421","6","0","0","0","0","0","1","0","0","","0","0","0","","","0","N","0","","40 07:53.461","","0","75 00:47.847","0","0","0","0","67301","0","0","0","N","0","0","0","1","67301","0","","6.0","","1","N","N","N","0","","0","0","1","","0","","","3","0","0","0","0","0","0","2","0","3","","","","N","","","","","","","","","",""
"2020008272","1625","1","0","0","0","0","0","0","0","0","4","0","","67","1","2020","2","39.993949","-75.154587","1622","6","0","0","0","0","0","0","0","0","","0","0","0","","","1","","1","","39 59:38.216","4","0","75 09:16.512","3","0","0","0","67301","0","0","0","N","0","0","0","3","67301","0","","1.0","1813.0","1","N","N","N","0","","1","0","1","","2","Y","","2","1","0","0","0","0","0","2","0","2","","03","","N","","","","","","","","","",""
"2020003196","0737","1","0","0","0","0","0","0","0","0","8","0","","67","1","2020","4","39.939481","-75.179827","0730","6","0","0","0","0","0","0","0","0","","0","0","0","","","1","","1","","39 56:22.133","","0","75 10:47.378","8","0","0","0","67301","1","0","0","N","1","0","0","2","67301","0","","1.0","","1","N","N","N","0","","0","0","0","","2","","","2","1","0","0","0","1","0","2","0","1","","","","N","","","","","","","","","",""
"2020006956","1858","1","0","0","0","0","0","0","0","0","4","0","","67","1","2020","6","40.050854","-75.086028","1855","6","0","0","0","0","0","1","0","0","","0","0","0","","","1","","5","","40 03:03.076","","0","75 05:09.699","3","0","0","0","67301","0","0","0","N","0","0","0","3","67301","0","","1.0","","1","N","N","N","1","","1","0","0","","3","","","2","1","0","0","0","0","0","2","0","2","","","","N","","","","","","","","","",""
"2020007285","0448","2","0","0","0","0","0","0","0","0","5","0","","67","1","2020","6","39.944431","-75.197904","0444","6","0","0","0","0","0","1","1","0","","0","0","0","","","2","N","0","","39 56:39.953","","6","75 11:52.455","3","0","0","0","67301","0","0","0","N","0","0","0","3","67301","0","","1.0","","1","N","N","N","0","","1","0","1","","9","","","3","2","0","0","0","1","0","2","0","3","","","","N","","","","","","","","","",""
"2020006865","0945","1","0","0","0","0","0","0","0","0","1","0","","67","1","2020","2","40.052554","-75.055714","0939","6","0","0","0","0","0","1","1","0","","0","0","0","","","2","N","0","","40 03:09.193","","0","75 03:20.572","8","0","0","0","67301","0","0","0","N","0","0","0","3","67301","0","","1.0","","1","N","N","N","0","","0","0","1","","9","","","2","2","0","0","0","2","1","2","0","2","","","","N","","","","","","","","","",""
"2020010546","0229","2","0","0","0","0","0","0","0","0","5","0","","67","1","2020","1","39.988286","-75.135261","0229","6","0","0","0","0","0","0","0","0","","0","0","0","","","0","N","0","","39 59:17.830","","0","75 08:06.940","0","0","0","0","67301","0","0","0","N","0","0","0","1","67301","0","","6.0","","4","N","N","N","0","","0","0","0","","0","","","2","0","0","0","0","0","0","2","0","2","","03","","N","","","","","","","","","",""
"2020052889","0658","0","0","0","0","0","0","0","0","0","7","0","","67","7","2020","2","40.034547","-75.110283","0648","6","0","0","0","0","0","0","0","0","","0","0","0","","","1","N","0","","40 02:04.370","","0","75 06:37.020","3","0","0","0","67301","0","0","0","N","0","0","0","1","67301","0","","5.0","","1","N","N","N","0","","1","0","1","","0","","","1","1","0","0","0","0","0","2","0","1","","","","N","","","","","","","","","",""
"2020012671","1540","1","0","0","0","0","0","0","0","0","4","0","","67","1","2020","6","39.955613","-75.214587","1536","6","0","0","0","0","0","1","0","0","","0","0","0","","","2","","1","","39 57:20.206","4","0","75 12:52.512","3","0","0","0","67301","0","0","0","N","0","0","0","3","67301","1","","1.0","1606.0","1","N","N","N","0","","1","0","1","","2","Y","","2","2","0","0","0","0","0","2","0","2","","03","","N","","","","","","","","","",""
"2020006824","1941","1","0","0","0","0","0","0","0","0","1","0","","67","1","2020","7","40.057447","-75.071258","1931","6","0","0","1","0","0","1","0","0","","0","0","0","","","1","N","0","","40 03:26.810","","0","75 04:16.530","8","0","0","0","67301","0","0","0","N","0","0","0","3","67301","0","","1.0","","1","N","N","N","0","","0","0","1","","0","","","2","1","1","0","0","1","0","2","0","2","","","","N","","","","","","","","","",""
"2020011778","1340","1","0","0","0","0","0","0","0","0","1","0","","67","1","2020","1","40.045048","-75.183087","1330","6","0","0","0","0","0","0","0","0","","0","0","0","","","0","","2","","40 02:42.172","6","0","75 10:59.113","0","0","0","0","67301","0","0","0","N","0","0","0","1","67301","0","","9.0","1712.0","1","N","N","N","0","","0","0","1","","0","Y","","2","0","0","0","0","0","0","2","0","2","","03","","N","","","","","","","","","",""
"2020012139","1159","1","0","0","0","0","0","0","0","0","4","0","","67","1","2020","5","39.980239","-75.24647","1157","6","0","0","0","0","0","0","1","0","","0","0","0","","","3","N","0","","39 58:48.860","5","0","75 14:47.293","4","0","0","0","67301","0","0","0","N","0","0","0","3","67301","3","","1.0","1210.0","1","N","N","N","0","","0","0","1","","0","Y","","2","3","0","0","0","0","0","2","0","2","","03","","N","","","","","","","","","",""
"2020014222","2115","0","0","0","0","0","0","0","0","0","6","0","","67","1","2020","6","40.028033","-75.138362","2110","6","0","0","1","0","0","0","0","0","","0","0","0","","","3","","1","","40 01:40.918","","0","75 08:18.103","3","0","0","0","67301","0","0","0","N","0","0","0","3","67301","0","","5.0","","9","N","N","N","1","","3","0","1","","2","","","3","3","0","0","0","0","0","2","1","3","","05","","N","","","","","","","","","",""
"2020013647","0250","1","0","0","0","0","0","0","0","0","5","0","","67","2","2020","1","40.010599","-75.184372","0248","6","0","0","0","0","0","0","0","0","","0","0","0","","","0","N","0","","40 00:38.156","1","0","75 11:03.738","0","0","0","0","67301","0","0","0","N","0","0","0","2","67301","0","","1.0","428.0","1","N","N","N","0","","0","0","0","","0","N","","2","0","0","0","0","0","0","2","0","2","","03","","N","","","","","","","","","",""
"2020009381","1732","2","0","0","0","0","0","0","0","0","4","0","","67","1","2020","3","39.931109","-75.232293","1730","6","0","0","2","0","0","0","0","0","","0","0","0","","","1","","1","","39 55:51.993","","0","75 13:56.255","3","0","0","0","67301","0","0","0","N","0","0","0","2","67301","0","","1.0","","1","N","N","N","0","","1","0","0","","2","","","2","1","0","0","0","0","0","2","0","2","","","","N","","","","","","","","","",""
"2020033881","2335","1","0","0","0","0","0","0","0","0","1","0","","67","1","2020","6","39.945989","-75.163464","2334","6","0","0","0","0","0","1","0","0","","0","0","0","","","0","N","0","","39 56:45.560","","0","75 09:48.470","0","0","0","0","67301","0","0","0","N","0","0","0","2","67301","0","","1.0","","1","N","N","N","0","","0","0","1","","0","","","2","0","1","0","0","0","0","2","0","2","","03","","N","","","","","","","","","",""
"2020050518","0959","2","0","0","0","0","0","0","0","0","1","0","","67","6","2020","7","39.917726","-75.14784","0950","6","0","0","0","1","0","0","0","0","","0","0","0","","","3","N","0","","39 55:03.815","2","0","75 08:52.225","8","0","0","0","67301","0","0","0","N","0","0","0","7","68K01","0","","1.0","100.0","1","N","N","N","0","","0","0","1","","0","N","","4","3","0","0","0","3","0","2","1","4","","03","","N","","","","","","","","","",""