"CRN","ARRIVAL_TM","AUTOMOBILE_COUNT","BELTED_DEATH_COUNT","BELTED_SUSP_SERIOUS_INJ_COUNT","BICYCLE_COUNT","BICYCLE_DEATH_COUNT","BICYCLE_SUSP_SERIOUS_INJ_COUNT","BUS_COUNT","CHLDPAS_DEATH_COUNT","CHLDPAS_SUSP_SERIOUS_INJ_COUNT","COLLISION_TYPE","COMM_VEH_COUNT","CONS_ZONE_SPD_LIM","COUNTY","CRASH_MONTH","CRASH_YEAR","DAY_OF_WEEK","DEC_LATITUDE","DEC_LONGITUDE","DISPATCH_TM","DISTRICT","DRIVER_COUNT_16YR","DRIVER_COUNT_17YR","DRIVER_COUNT_18YR","DRIVER_COUNT_19YR","DRIVER_COUNT_20YR","DRIVER_COUNT_50_64YR","DRIVER_COUNT_65_74YR","DRIVER_COUNT_75PLUS","EST_HRS_CLOSED","FATAL_COUNT","HEAVY_TRUCK_COUNT","HORSE_BUGGY_COUNT","HOUR_OF_DAY","ILLUMINATION","INJURY_COUNT","INTERSECTION_RELATED","INTERSECT_TYPE","LANE_CLOSED","LATITUDE","LN_CLOSE_DIR","LOCATION_TYPE","LONGITUDE","MAX_SEVERITY_LEVEL","MCYCLE_DEATH_COUNT","MCYCLE_SUSP_SERIOUS_INJ_COUNT","MOTORCYCLE_COUNT","MUNICIPALITY","NONMOTR_COUNT","NONMOTR_DEATH_COUNT","NONMOTR_SUSP_SERIOUS_INJ_COUNT","NTFY_HIWY_MAINT","PED_COUNT","PED_DEATH_COUNT","PED_SUSP_SERIOUS_INJ_COUNT","PERSON_COUNT","POLICE_AGCY","POSSIBLE_INJ_COUNT","RDWY_SURF_TYPE_CD","RELATION_TO_ROAD","ROADWAY_CLEARED","ROAD_CONDITION","SCH_BUS_IND","SCH_ZONE_IND","SECONDARY_CRASH","SMALL_TRUCK_COUNT","SPEC_JURIS_CD","SUSP_MINOR_INJ_COUNT","SUSP_SERIOUS_INJ_COUNT","SUV_COUNT","TCD_FUNC_CD","TCD_TYPE","TFC_DETOUR_IND","TIME_OF_DAY","TOTAL_UNITS","TOT_INJ_COUNT","UNBELTED_OCC_COUNT","UNB_DEATH_COUNT","UNB_SUSP_SERIOUS_INJ_COUNT","UNK_INJ_DEG_COUNT","UNK_INJ_PER_COUNT","URBAN_RURAL","VAN_COUNT","VEHICLE_COUNT","WEATHER1","WEATHER2","WORKERS_PRES","WORK_ZONE_IND","WORK_ZONE_LOC","WORK_ZONE_TYPE","WZ_CLOSE_DETOUR","WZ_FLAGGER","WZ_LAW_OFFCR_IND","WZ_LN_CLOSURE","WZ_MOVING","WZ_OTHER","WZ_SHLDER_MDN","WZ_WORKERS_INJ_KILLED"
"2020011001","1049","2","0","0","0","0","0","0","0","0","4","0","","67","1","2020","3","39.976454","-75.189359","1049","6","0","0","0","0","0","0","0","0","","0","0","0","","","2","","3","","39 58:35.233","","0","75 11:21.692","4","0","0","0","67301","0","0","0","N","0","0","0","2","67301","2","","1.0","","1","N","N","N","0","","0","0","0","","9","","","2","2","0","0","0","0","0","2","0","2","","03","","N","","","","","","","","","",""
"2020012141","0229","0","0","0","0","0","0","0","0","0","8","0","","67","1","2020","5","39.971235","-75.157272","0229","6","0","0","0","0","0","0","0","0","","0","0","0","","","1","","1","","39 58:16.445","","0","75 09:26.179","3","0","0","0","67301","1","0","0","N","1","0","0","2","67301","0","","1.0","","1","N","N","N","0","","1","0","0","","2","","","2","1","0","0","0","0","0","2","0","1","","03","","N","","","","","","","","","",""
"2020012180","0341","2","0","0","0","0","0","0","0","0","6","0","","67","2","2020","7","40.041351","-75.191716","0335","6","0","0","0","0","0","1","0","0","","0","0","0","","","0","N","2","","40 02:28.863","","0","75 11:30.177","0","0","0","0","67301","0","0","0","N","0","0","0","1","67301","0","","1.0","","9","N","N","N","0","","0","0","1","","3","","","3","0","1","0","0","0","0","2","0","3","","05","","N","","","","","","","","","",""
"2020014382","1335","2","0","0","0","0","0","0","0","0","1","0","","67","1","2020","3","40.03694","-75.145084","1330","6","0","0","0","0","0","1","0","0","","0","0","0","","","1","","2","","40 02:12.984","","0","75 08:42.301","3","0","0","0","67301","0","0","0","N","0","0","0","2","67301","0","","1.0","","1","N","N","N","0","","1","0","0","","2","","","2","1","0","0","0","0","0","2","0","2","","","","N","","","","","","","","","",""
"2020005841","1245","0","0","0","0","0","0","0","0","0","8","0","","67","1","2020","5","39.981439","-75.127629","1242","6","0","0","0","0","0","0","0","0","","0","0","0","","","2","","5","","39 58:53.180","","0","75 07:39.465","3","0","0","0","67301","2","0","0","N","2","0","0","3","67301","0","","1.0","","1","N","N","N","1","","2","0","0","","2","","","3","2","1","0","0","0","0","2","0","1","","03","","N","","","","","","","","","",""
"2020053208","1531","1","0","0","0","0","0","0","0","0","0","0","","67","6","2020","3","39.886237","-75.213952","1524","6","0","0","0","0","0","0","0","0","","0","0","0","","","0","N","0","","39 53:10.452","1","0","75 12:50.227","0","0","0","0","67301","0","0","0","N","0","0","0","2","68K01","0","","2.0","10.0","1","N","N","N","1","","0","0","0","","0","N","","2","0","0","0","0","0","0","2","0","2","","","","N","","","","","","","","","",""
"2020053551","2221","2","0","0","0","0","0","0","0","0","1","0","","67","7","2020","6","40.006739","-75.073576","2221","6","0","0","0","0","0","0","0","0","","0","0","0","","","0","N","0","","40 00:24.260","","0","75 04:24.872","0","0","0","0","67301","0","0","0","N","0","0","0","4","68K01","0","","1.0","","1","N","N","N","0","","0","0","0","","0","","","2","0","1","0","0","0","0","2","0","2","","","","N","","","","","","","","","",""
"2020014216","1530","2","0","0","0","0","0","0","0","0","4","0","","67","2","2020","1","40.114961","-75.026414","1515","6","0","0","0","0","0","0","2","0","","0","0","0","","","0","N","0","","40 06:53.860","","7","75 01:35.090","0","0","0","0","67301","0","0","0","N","0","0","0","3","67301","0","","1.0","","9","N","N","N","0","","0","0","1","","0","","","3","0","0","0","0","0","0","2","0","3","","","","N","","","","","","","","","",""
"2020006407","0857","1","0","0","0","0","0","0","0","0","4","0","","67","1","2020","4","39.962903","-75.164657","0852","6","0","0","0","0","0","1","0","0","","0","0","0","","","2","","1","","39 57:46.450","4","0","75 09:52.765","8","0","0","0","67301","0","0","0","N","0","0","0","2","67301","0","","1.0","1030.0","1","N","N","N","0","","0","0","1","","2","Y","","2","2","0","0","0","2","0","2","0","2","","03","","N","","","","","","","","","",""
"2020053200","1854","1","0","0","0","0","0","0","0","0","1","0","","67","6","2020","1","39.952758","-75.140986","1820","6","0","0","0","0","0","0","0","0","","0","0","0","","","1","N","0","","39 57:09.929","","0","75 08:27.548","3","0","0","0","67301","0","0","0","N","0","0","0","3","68K01","0","","1.0","","1","N","N","N","0","","1","0","1","","0","","","2","1","0","0","0","0","0","2","0","2","","","","N","","","","","","","","","",""
"2020054275","1930","1","0","0","0","0","0","0","0","0","2","0","","67","7","2020","5","39.983733","-75.224972","1930","6","0","0","0","0","0","0","0","0","","0","0","0","","","1","N","0","","39 59:01.440","","0","75 13:29.900","3","0","0","0","67301","0","0","0","N","0","0","0","2","67301","0","","1.0","","1","N","N","N","0","","1","0","1","","0","","","2","1","0","0","0","0","1","2","0","2","","03","","N","","","","","","","","","",""
"2020052767","2152","1","0","0","0","0","0","0","0","0","1","0","","67","6","2020","7","40.015459","-75.053618","2152","6","0","0","0","0","0","1","0","0","","0","0","0","","","1","N","0","","40 00:55.652","","0","75 03:13.023","3","0","0","0","67301","0","0","0","N","0","0","0","2","68K01","0","","1.0","","1","N","N","N","0","","1","0","1","","0","","","2","1","0","0","0","0","0","2","0","2","","03","","N","","","","","","","","","",""
"2020010038","0856","1","0","0","0","0","0","0","0","0","7","0","","67","1","2020","1","39.959733","-75.177677","0844","6","0","0","0","0","0","0","0","0","","0","0","0","","","1","N","0","","39 57:35.039","3","0","75 10:39.637","3","0","0","0","67301","0","0","0","N","0","0","0","2","68K01","0","","4.0","30.0","9","N","N","N","0","","1","0","0","","0","N","","1","1","0","0","0","0","0","2","0","1","","03","","N","","","","","","","","","",""
"2020003978","0920","2","0","0","0","0","0","0","0","0","5","0","","67","1","2020","7","39.988111","-75.1828","0910","6","0","0","0","0","0","0","0","0","","0","0","0","","","0","N","0","","39 59:17.200","","0","75 10:58.080","0","0","0","0","67301","0","0","0","N","0","0","0","1","67301","0","","6.0","","99","N","N","N","0","","0","0","0","","2","","","3","0","0","0","0","0","0","2","0","3","","03","","N","","","","","","","","","",""
"2020004117","1356","0","0","0","0","0","0","0","0","0","8","0","","67","1","2020","6","39.956769","-75.211376","1356","6","0","0","0","0","0","0","0","0","","0","0","0","","","1","","1","","39 57:24.369","","0","75 12:40.953","4","0","0","0","67301","1","0","0","N","1","0","0","2","67301","1","","1.0","","1","N","N","N","0","","0","0","0","","2","","","2","1","0","0","0","0","0","2","1","1","","03","","N","","","","","","","","","",""
"2020054269","1350","0","0","0","0","0","0","0","0","0","8","0","","67","6","2020","5","39.990717","-75.221603","1321","6","0","0","0","0","0","0","0","0","","0","0","0","","","1","N","0","","39 59:26.580","","0","75 13:17.770","3","0","0","0","67301","1","0","0","N","1","0","0","1","67301","0","","1.0","","1","N","N","N","0","","1","0","0","","2","","","2","1","0","0","0","0","0","2","0","1","","","","N","","","","","","","","","",""
"2020048633","0703","1","0","0","0","0","0","0","0","0","1","0","","67","6","2020","2","39.968479","-75.129226","0630","6","0","0","0","0","0","0","0","0","","0","0","0","","","1","N","0","","39 58:06.524","","0","75 07:45.214","3","0","0","0","67301","0","0","0","N","0","0","0","2","68K01","0","","1.0","","1","N","N","N","1","","1","0","0","","0","","","2","1","0","0","0","0","0","2","0","2","","","","N","","","","","","","","","",""
"2020011410","1838","1","0","0","0","0","0","0","0","0","4","0","","67","1","2020","1","40.064133","-75.239558","1829","6","0","0","0","0","0","0","0","0","","0","0","0","","","0","","1","","40 03:50.880","","0","75 14:22.409","0","0","0","0","67301","0","0","0","N","0","0","0","2","67301","0","","1.0","","1","N","N","N","0","","0","0","1","","2","","","2","0","0","0","0","0","0","2","0","2","","","","N","","","","","","","","","",""
"2020013021","0055","0","0","0","0","0","0","0","0","0","1","0","","67","2","2020","7","39.898726","-75.170529","0020","6","0","0","0","0","0","0","0","0","","0","0","0","","","1","N","0","","39 53:55.412","","0","75 10:13.906","3","0","0","0","67301","0","0","0","N","0","0","0","2","68K01","0","","1.0","","1","N","N","N","0","","1","0","2","","0","","","2","1","0","0","0","0","0","2","0","2","","03","","N","","","","","","","","","",""
"2020009776","0804","2","0","0","0","0","0","0","0","0","1","0","","67","1","2020","7","40.083528","-74.967695","0756","6","0","0","0","0","0","0","0","0","","0","0","0","","","1","N","0","","40 05:00.702","","0","74 58:03.703","8","0","0","0","67301","0","0","0","N","0","0","0","1","67301","0","","1.0","","9","N","N","N","1","","0","0","0","","0","","","3","1","0","0","0","1","0","2","0","3","","07","","N","","","","","","","","","",""
"2020005412","0047","2","0","0","0","0","0","0","0","0","4","0","","67","1","2020","3","40.022303","-75.162025","0043","6","0","0","0","0","0","0","0","0","","0","0","0","","","0","","1","","40 01:20.289","","0","75 09:43.290","0","0","0","0","67301","0","0","0","N","0","0","0","2","67301","0","","1.0","","1","N","N","N","0","","0","0","0","","2","","","2","0","0","0","0","0","0","2","0","2","","03","","N","","","","","","","","","",""
"2020050266","1524","1","0","0","0","0","0","0","0","0","4","0","","67","6","2020","6","39.947248","-75.238514","1519","6","0","0","0","0","0","0","0","0","","0","0","0","","","1","","1","","39 56:50.092","","0","75 14:18.650","3","0","0","0","67301","0","0","0","N","0","0","0","1","67301","0","","1.0","","1","N","N","N","0","","1","0","1","","3","","","2","1","0","0","0","0","0","2","0","2","","03","","N","","","","","","","","","",""
"2020005837","2236","1","0","0","0","0","0","0","0","0","4","0","","67","1","2020","3","40.065531","-75.052509","2225","6","0","0","0","0","0","1","0","0","","0","0","0","","","2","","1","","40 03:55.911","","0","75 03:09.031","3","0","0","0","67301","0","0","0","N","0","0","0","3","67301","0","","1.0","","1","N","N","N","0","","2","0","1","","1","","","2","2","2","0","0","0","0","2","0","2","","03","","N","","","","","","","","","",""
"2020012895","1901","1","0","0","0","0","0","0","0","0","5","0","","67","1","2020","6","39.921103","-75.242044","1901","6","0","0","0","0","0","0","0","0","","0","0","0","","","0","N","0","","39 55:15.970","1","0","75 14:31.360","0","0","0","0","67301","0","0","0","N","0","0","0","1","67301","0","","1.0","1940.0","9","N","N","Y","0","","0","0","2","","0","N","","3","0","0","0","0","0","0","2","0","3","","07","","N","","","","","","","","","",""
"2020050517","0148","2","0","0","0","0","0","0","0","0","1","0","","67","6","2020","7","39.958232","-75.164679","0148","6","0","0","0","1","1","0","0","0","","0","0","0","","","0","N","0","","39 57:29.636","","0","75 09:52.846","0","0","0","0","67301","0","0","0","N","0","0","0","2","68K01","0","","1.0","","1","N","N","N","0","","0","0","0","","0","","","2","0","0","0","0","0","0","2","0","2","","","","N","","","","","","","","","",""
"2020003527","1120","0","0","0","0","0","0","0","0","0","4","0","","67","1","2020","6","39.956586","-75.152414","1117","6","0","0","0","0","0","1","0","0","","0","0","0","","","0","","1","","39 57:23.709","","0","75 09:08.690","0","0","0","0","67301","0","0","0","N","0","0","0","5","67301","0","","1.0","","1","N","N","N","0","","0","0","2","","2","","","3","0","0","0","0","0","0","2","1","3","","03","","N","","","","","","","","","",""
"2020012351","1948","1","0","0","0","0","0","0","0","0","8","0","","67","1","2020","6","39.946054","-75.216496","1947","6","0","0","0","1","0","0","0","0","","0","0","0","","","2","","1","","39 56:45.794","","0","75 12:59.385","3","0","0","0","67301","2","0","0","N","2","0","0","3","67301","0","","1.0","","9","N","N","N","0","","2","0","0","","3","","","3","2","0","0","0","0","0","2","0","1","","07","","N","","","","","","","","","",""
"2020050699","0712","0","0","0","0","0","0","0","0","0","1","1","","67","6","2020","4","40.003421","-75.152524","0650","6","0","0","0","0","0","1","0","0","","0","1","0","","","0","Y","0","","40 00:12.317","","0","75 09:09.086","0","0","0","0","67301","0","0","0","N","0","0","0","2","67301","0","","1.0","","1","N","N","N","0","","0","0","1","","2","","","2","0","0","0","0","0","0","2","0","2","","04","","N","","","","","","","","","",""
"2020003957","2051","1","0","0","0","0","0","0","0","0","4","0","","67","1","2020","7","40.006168","-75.151802","2050","6","0","0","0","0","0","2","0","0","","0","0","0","","","0","N","1","","40 00:22.203","","0","75 09:06.487","0","0","0","0","67301","0","0","0","N","0","0","0","2","67505","0","","1.0","","1","N","N","Y","0","","0","0","1","","2","","","2","0","0","0","0","0","0","2","0","2","","03","","N","","","","","","","","","",""
"2020051271","1342","0","0","0","0","0","0","0","0","0","8","0","","67","6","2020","7","39.921137","-75.170451","1341","6","0","0","0","0","0","0","0","0","","0","0","0","","","1","N","0","","39 55:16.092","","0","75 10:13.625","3","0","0","0","67301","1","0","0","N","1","0","0","1","67301","0","","1.0","","1","N","N","N","0","","1","0","0","","0","","","2","1","0","0","0","0","0","2","0","1","","03","","N","","","","","","","","","",""
"2020004291","0023","0","0","0","0","0","0","0","0","0","7","0","","67","1","2020","2","40.089493","-74.974504","0018","6","0","0","0","0","1","0","0","0","","0","0","0","","","0","N","0","","40 05:22.175","4","0","74 58:28.216","0","0","0","0","67301","0","0","0","N","0","0","0","1","67301","0","","4.0","1245.0","1","N","N","N","0","","0","0","0","","0","N","","1","0","0","0","0","0","0","2","1","1","","03","","N","","","","","","","","","",""
"2020011799","0649","0","0","0","0","0","0","0","0","0","8","0","","67","1","2020","5","40.104445","-75.034352","0646","6","0","0","0","0","0","1","0","0","","0","0","0","","","1","","2","","40 06:16.002","","0","75 02:03.666","3","0","0","0","67301","1","0","0","N","1","0","0","2","67301","0","","1.0","","1","N","N","N","0","","1","0","1","","0","","","2","1","0","0","0","0","0","2","0","1","","","","N","","","","","","","","","",""
"2020007831","1315","1","0","0","0","0","0","0","0","0","4","0","","67","1","2020","6","40.017391","-75.067375","1308","6","0","0","0","0","0","1","0","1","","0","0","0","","","2","","2","","40 01:02.607","","0","75 04:02.550","3","0","0","0","67301","0","0","0","N","0","0","0","4","67301","0","","1.0","","1","N","N","N","0","","2","0","1","","3","","","2","2","0","0","0","0","0","2","0","2","","03","","N","","","","","","","","","",""
"2020006452","2336","1","0","0","0","0","0","0","0","0","4","0","","67","1","2020","6","40.035658","-75.056953","2336","6","0","1","0","0","0","1","0","0","","0","0","0","","","1","","1","","40 02:08.368","","0","75 03:25.030","4","0","0","0","67301","0","0","0","N","0","0","0","4","67301","1","","1.0","","1","N","N","N","0","","0","0","1","","3","","","2","1","0","0","0","0","0","2","0","2","","03","","N","","","","","","","","","",""
"2020007505","0830","2","0","0","0","0","0","0","0","0","4","0","","67","1","2020","2","39.90788","-75.154276","0821","6","0","0","0","0","0","0","0","0","","0","0","0","","","1","N","0","","39 54:28.367","","0","75 09:15.392","3","0","0","0","67301","0","0","0","N","0","0","0","2","67301","0","","1.0","","1","N","N","N","0","","1","0","0","","9","","","2","1","2","0","0","0","0","2","0","2","","03","","N","","","","","","","","","",""
"2020004929","2125","0","0","0","0","0","0","0","0","0","8","0","","67","1","2020","7","40.038844","-75.171625","2125","6","0","0","0","0","0","1","0","0","","0","0","0","","","1","","1","","40 02:19.838","","0","75 10:17.850","3","0","0","0","67301","1","0","0","N","1","0","0","2","67301","0","","1.0","","1","N","N","N","0","","1","0","1","","2","","","2","1","1","0","0","0","0","2","0","1","","","","N","","","","","","","","","",""
"2020003980","1135","0","0","0","0","0","0","0","0","0","4","0","","67","1","2020","5","40.015978","-75.149776","1130","6","0","0","0","0","0","0","0","0","","0","0","0","","","1","","2","","40 00:57.522","2","0","75 08:59.193","8","0","0","0","67301","0","0","0","N","0","0","0","2","67301","0","","1.0","1130.0","1","N","N","N","0","","0","0","1","","0","N","","2","1","0","0","0","1","0","2","1","2","","03","","N","","","","","","","","","",""
"2020009861","2110","1","0","0","0","0","0","0","0","0","8","0","","67","1","2020","2","40.021763","-75.126053","2102","6","0","0","0","0","0","0","0","0","","0","0","0","","","1","","1","","40 01:18.346","","0","75 07:33.790","3","0","0","0","67301","1","0","0","N","1","0","0","2","67301","0","","1.0","","1","N","N","N","0","","1","0","0","","2","","","2","1","0","0","0","0","1","2","0","1","","03","","N","","","","","","","","","",""
"2020012259","0724","2","0","0","0","0","0","0","0","0","1","0","","67","1","2020","4","39.902908","-75.200045","0650","6","0","0","0","0","0","1","0","0","","0","0","0","","","0","N","0","","39 54:10.470","","3","75 12:00.163","9","0","0","0","67301","0","0","0","N","0","0","0","3","67301","0","","1.0","","1","N","N","N","0","","0","0","0","","0","","","3","0","0","0","0","0","1","2","1","3","","03","","N","","","","","","","","","",""
"2020004731","1257","1","0","0","0","0","0","0","0","0","4","0","","67","1","2020","7","40.036763","-75.175616","1256","6","0","0","0","0","0","0","0","0","","0","0","0","","","1","","2","","40 02:12.346","2","0","75 10:32.216","4","0","0","0","67301","0","0","0","N","0","0","0","2","67301","1","","1.0","120.0","1","N","N","N","1","","0","0","0","","3","Y","","2","1","0","0","0","0","0","2","0","2","","03","","N","","","","","","","","","",""
"2020006446","2226","2","0","0","0","0","0","0","0","0","4","0","","67","1","2020","6","40.042228","-75.058522","2220","6","0","0","0","0","0","0","0","0","","0","0","0","","","1","","2","","40 02:32.020","6","0","75 03:30.679","3","0","0","0","67301","0","0","0","N","0","0","0","2","67301","0","","1.0","14.0","1","N","N","N","0","","1","0","0","","3","N","","2","1","0","0","0","0","0","2","0","2","","","","N","","","","","","","","","",""
"2020054278","1330","2","0","0","0","0","0","0","0","0","2","0","","67","7","2020","1","39.981203","-75.227817","1326","6","0","0","0","0","0","0","1","0","","0","0","0","","","0","N","0","","39 58:52.330","","0","75 13:40.140","0","0","0","0","67301","0","0","0","N","0","0","0","2","67301","0","","1.0","","1","N","N","N","0","","0","0","0","","0","","","2","0","0","0","0","0","0","2","0","2","","03","","N","","","","","","","","","",""
"2020006866","2331","1","0","0","0","0","0","0","0","0","6","0","","67","1","2020","2","40.045964","-75.09969","2331","6","0","0","0","0","0","1","0","0","","0","0","0","","","2","N","0","","40 02:45.470","","0","75 05:58.883","4","0","0","0","67301","0","0","0","N","0","0","0","2","67301","2","","6.0","","1","N","N","N","0","","0","0","1","","0","","","2","2","0","0","0","0","0","2","0","2","","03","","N","","","","","","","","","",""
"2020012258","1030","0","0","0","0","0","0","0","0","0","8","0","","67","1","2020","6","39.927289","-75.182478","1025","6","0","0","0","0","0","1","0","0","","0","0","0","","","1","","1","","39 55:38.240","","0","75 10:56.920","2","0","0","0","67301","1","0","1","N","1","0","1","2","67301","0","","1.0","","1","N","N","N","0","","0","1","1","","2","","","2","1","0","0","0","0","0","2","0","1","","","","N","","","","","","","","","",""
"2020003997","2240","0","0","1","0","0","0","0","0","0","4","0","","67","1","2020","7","40.00468","-75.152126","2237","6","0","0","0","0","0","0","0","0","","0","0","0","","","1","N","1","","40 00:16.847","","0","75 09:07.652","2","0","0","0","67301","0","0","0","Y","0","0","0","2","67505","0","","1.0","","1","N","N","N","0","","0","1","2","","2","","","2","1","0","0","0","0","0","2","0","2","","03","","N","","","","","","","","","",""
"2020011000","1218","0","0","0","0","0","0","0","0","0","4","0","","67","1","2020","2","39.991873","-75.174911","1216","6","0","0","0","0","0","0","0","0","","0","0","0","","","1","","1","","39 59:30.742","4","0","75 10:29.679","2","0","0","0","67301","0","0","0","N","0","0","0","2","67301","0","","1.0","1346.0","1","N","N","N","1","","0","1","0","","2","Y","","2","1","0","0","0","0","0","2","0","2","","03","","N","","","","","","","","","",""
"2020011978","0835","2","0","0","0","0","0","0","0","0","4","0","","67","1","2020","6","39.97374","-75.139257","0832","6","0","0","0","0","0","0","0","0","","0","0","0","","","0","","1","","39 58:25.463","","0","75 08:21.325","0","0","0","0","67301","0","0","0","N","0","0","0","2","67301","0","","1.0","","1","N","N","N","0","","0","0","0","","3","","","2","0","0","0","0","0","0","2","0","2","","03","","N","","","","","","","","","",""
"2020004347","0950","1","0","0","0","0","0","0","0","0","4","0","","67","1","2020","7","40.045674","-75.031529","0945","6","0","0","0","0","0","0","1","1","","0","0","0","","","2","","1","","40 02:44.428","","0","75 01:53.506","3","0","0","0","67301","0","0","0","N","0","0","0","4","67301","0","","1.0","","9","N","N","N","0","","2","0","2","","2","","","3","2","0","0","0","0","0","2","0","3","","","","N","","","","","","","","","",""
"2020050910","1600","1","0","0","0","0","0","0","0","0","4","1","","67","6","2020","1","40.012329","-75.13865","1542","6","0","0","0","0","0","0","1","0","","0","1","0","","","2","","1","","40 00:44.384","7","0","75 08:19.139","3","0","0","0","67301","0","0","0","N","0","0","0","5","67301","0","","1.0","1645.0","1","N","N","N","1","","2","0","2","","3","Y","","5","2","1","0","0","0","0","2","0","5","","","","N","","","","","","","","","",""
"2020012915","2352","0","0","0","0","0","0","0","0","0","8","0","","67","2","2020","1","39.976785","-75.165685","2347","6","0","0","0","0","0","0","0","0","","0","0","0","","","1","N","1","","39 58:36.426","","0","75 09:56.466","3","0","0","0","67301","1","0","0","N","1","0","0","2","67301","0","","1.0","","1","N","N","N","0","","1","0","1","","0","","","2","1","0","0","0","0","0","2","0","1","","03","","N","","","","","","","","","",""
"2020012583","1452","0","0","0","0","0","0","0","0","0","1","0","","67","1","2020","4","39.968065","-75.129656","1443","6","0","0","0","0","0","1","0","0","","0","0","0","","","0","N","0","","39 58:05.033","1","0","75 07:46.761","0","0","0","0","67301","0","0","0","N","0","0","0","2","68K01","0","","1.0","1453.0","1","N","N","N","1","","0","0","1","","0","N","","2","0","0","0","0","0","0","2","0","2","","","","N","","","","","","","","","",""
"2020051678","1625","0","0","0","0","0","0","0","0","0","1","0","","67","7","2020","4","40.072269","-75.162511","1621","6","0","0","0","1","0","0","0","0","","0","0","0","","","0","N","0","","40 04:20.170","","0","75 09:45.040","0","0","0","0","67301","0","0","0","N","0","0","0","1","67301","0","","6.0","","1","N","N","N","0","","0","0","2","","3","","","2","0","0","0","0","0","0","2","0","2","","03","","N","","","","","","","","","",""
"2020012440","0220","2","0","0","0","0","0","0","0","0","5","0","","67","1","2020","6","39.989417","-75.140786","0215","6","0","0","0","0","0","0","0","0","","0","0","0","","","0","N","0","","39 59:21.900","1","0","75 08:26.830","0","0","0","0","67301","0","0","0","N","0","0","0","1","67301","0","","1.0","400.0","1","N","N","N","0","","0","0","1","","2","N","","3","0","0","0","0","0","0","2","0","3","","","","N","","","","","","","","","",""
"2020014604","1541","0","0","0","0","0","0","0","0","0","7","0","","67","1","2020","7","40.031045","-75.021736","1531","6","0","0","0","0","1","0","0","0","","0","0","0","","","3","N","0","","40 01:51.761","2","3","75 01:18.249","3","0","0","0","67301","0","0","0","N","0","0","0","4","68K01","0","","4.0","1725.0","6","N","N","N","1","","3","0","2","","0","N","","3","3","0","0","0","0","0","2","0","3","","07","","N","","","","","","","","","",""
"2020048024","1755","1","0","0","0","0","0","0","0","0","2","0","","67","6","2020","6","40.009848","-75.150988","1752","6","0","0","0","0","0","1","0","0","","0","0","0","","","0","N","1","","40 00:35.451","1","0","75 09:03.558","0","0","0","0","67301","0","0","0","N","0","0","0","1","67505","0","","1.0","1800.0","1","N","N","N","0","","0","0","1","","2","N","","2","0","0","0","0","0","0","2","0","2","","03","","N","","","","","","","","","",""
"2020014831","0557","0","0","0","0","0","0","0","0","0","5","0","","67","2","2020","1","40.021681","-75.148425","0555","6","0","0","0","0","0","0","0","0","","0","0","0","","","0","N","0","","40 01:18.052","1","0","75 08:54.331","0","0","0","0","67301","0","0","0","N","0","0","0","1","67301","0","","6.0","100.0","1","N","N","N","0","","0","0","2","","0","N","","2","0","1","0","0","0","0","2","0","2","","","","N","","","","","","","","","",""
"2020012441","0055","2","0","0","0","0","0","0","0","0","4","0","","67","2","2020","7","40.024148","-75.133202","0054","6","0","0","0","0","0","0","0","0","","0","0","0","","","6","","1","","40 01:26.931","","0","75 07:59.528","3","0","0","0","67301","0","0","0","N","0","0","0","6","67301","0","","1.0","","9","N","N","N","0","","6","0","0","","2","","","2","6","0","0","0","0","0","2","0","2","","","","N","","","","","","","","","",""
"2020011848","2350","2","0","0","0","0","0","0","0","0","6","0","","67","1","2020","5","40.039664","-75.103928","2337","6","0","0","0","0","0","0","0","0","","0","0","0","","","0","N","0","","40 02:22.790","","0","75 06:14.140","0","0","0","0","67301","0","0","0","N","0","0","0","1","67301","0","","6.0","","1","N","N","N","0","","0","0","2","","0","","","4","0","0","0","0","0","0","2","0","4","","03","","N","","","","","","","","","",""
"2020017306","1556","0","0","0","0","0","0","0","0","0","7","0","","67","1","2020","7","39.987042","-75.090524","1556","6","0","0","0","0","0","0","0","0","","0","0","0","","","0","N","0","","39 59:13.352","1","0","75 05:25.888","9","0","0","0","67301","0","0","0","N","0","0","0","1","68K01","0","","4.0","1645.0","9","N","N","N","0","","0","0","1","","0","Y","","1","0","0","0","0","0","1","2","0","1","","","","N","","","","","","","","","",""
"2020003979","1956","1","0","0","0","0","0","0","0","0","4","0","","67","1","2020","6","40.03145","-75.154773","1955","6","0","0","0","0","0","0","0","0","","0","0","0","","","2","","1","","40 01:53.219","","0","75 09:17.182","8","0","0","0","67301","0","0","0","N","0","0","0","4","67301","0","","1.0","","99","N","N","N","0","","0","0","0","","2","","","2","2","0","0","0","2","2","2","1","2","","03","","N","","","","","","","","","",""
"2020005406","0945","0","0","0","0","0","0","0","0","0","5","0","","67","1","2020","3","39.922699","-75.169977","0942","6","0","0","0","0","0","0","1","0","","0","0","0","","","0","N","0","","39 55:21.715","","0","75 10:11.917","0","0","0","0","67301","0","0","0","N","0","0","0","2","67301","0","","1.0","","1","N","N","N","1","","0","0","1","","0","","","2","0","0","0","0","0","0","2","0","2","","03","","N","","","","","","","","","",""
"2020009494","1929","1","0","0","0","0","0","0","0","0","4","0","","67","1","2020","6","40.065219","-75.1681","1918","6","0","0","0","0","0","1","0","0","","0","0","0","","","1","","1","","40 03:54.789","","0","75 10:05.159","2","0","0","0","67301","0","0","0","N","0","0","0","2","67301","0","","1.0","","1","N","N","N","0","","0","1","0","","2","","","2","1","0","0","0","0","1","2","0","2","","03","","N","","","","","","","","","",""