"CRN","ARRIVAL_TM","AUTOMOBILE_COUNT","BELTED_DEATH_COUNT","BELTED_SUSP_SERIOUS_INJ_COUNT","BICYCLE_COUNT","BICYCLE_DEATH_COUNT","BICYCLE_SUSP_SERIOUS_INJ_COUNT","BUS_COUNT","CHLDPAS_DEATH_COUNT","CHLDPAS_SUSP_SERIOUS_INJ_COUNT","COLLISION_TYPE","COMM_VEH_COUNT","CONS_ZONE_SPD_LIM","COUNTY","CRASH_MONTH","CRASH_YEAR","DAY_OF_WEEK","DEC_LATITUDE","DEC_LONGITUDE","DISPATCH_TM","DISTRICT","DRIVER_COUNT_16YR","DRIVER_COUNT_17YR","DRIVER_COUNT_18YR","DRIVER_COUNT_19YR","DRIVER_COUNT_20YR","DRIVER_COUNT_50_64YR","DRIVER_COUNT_65_74YR","DRIVER_COUNT_75PLUS","EST_HRS_CLOSED","FATAL_COUNT","HEAVY_TRUCK_COUNT","HORSE_BUGGY_COUNT","HOUR_OF_DAY","ILLUMINATION","INJURY_COUNT","INTERSECTION_RELATED","INTERSECT_TYPE","LANE_CLOSED","LATITUDE","LN_CLOSE_DIR","LOCATION_TYPE","LONGITUDE","MAX_SEVERITY_LEVEL","MCYCLE_DEATH_COUNT","MCYCLE_SUSP_SERIOUS_INJ_COUNT","MOTORCYCLE_COUNT","MUNICIPALITY","NONMOTR_COUNT","NONMOTR_DEATH_COUNT","NONMOTR_SUSP_SERIOUS_INJ_COUNT","NTFY_HIWY_MAINT","PED_COUNT","PED_DEATH_COUNT","PED_SUSP_SERIOUS_INJ_COUNT","PERSON_COUNT","POLICE_AGCY","POSSIBLE_INJ_COUNT","RDWY_SURF_TYPE_CD","RELATION_TO_ROAD","ROADWAY_CLEARED","ROAD_CONDITION","SCH_BUS_IND","SCH_ZONE_IND","SECONDARY_CRASH","SMALL_TRUCK_COUNT","SPEC_JURIS_CD","SUSP_MINOR_INJ_COUNT","SUSP_SERIOUS_INJ_COUNT","SUV_COUNT","TCD_FUNC_CD","TCD_TYPE","TFC_DETOUR_IND","TIME_OF_DAY","TOTAL_UNITS","TOT_INJ_COUNT","UNBELTED_OCC_COUNT","UNB_DEATH_COUNT","UNB_SUSP_SERIOUS_INJ_COUNT","UNK_INJ_DEG_COUNT","UNK_INJ_PER_COUNT","URBAN_RURAL","VAN_COUNT","VEHICLE_COUNT","WEATHER1","WEATHER2","WORKERS_PRES","WORK_ZONE_IND","WORK_ZONE_LOC","WORK_ZONE_TYPE","WZ_CLOSE_DETOUR","WZ_FLAGGER","WZ_LAW_OFFCR_IND","WZ_LN_CLOSURE","WZ_MOVING","WZ_OTHER","WZ_SHLDER_MDN","WZ_WORKERS_INJ_KILLED"
"2020010997","0742","0","0","0","0","0","0","0","0","0","8","0","","67","1","2020","3","40.068939","-75.086681","0721","6","0","0","0","0","0","0","0","0","","0","0","0","","","1","N","0","","40 04:08.180","","0","75 05:12.050","3","0","0","0","67301","1","0","0","N","1","0","0","2","67301","0","","1.0","","1","N","N","N","0","","1","0","0","","9","","","2","1","0","0","0","0","0","2","0","1","","03","","N","","","","","","","","","",""
"2020010311","1815","1","0","0","0","0","0","0","0","0","4","0","","67","1","2020","5","40.029422","-75.124695","1815","6","0","0","0","0","0","0","0","0","","0","0","0","","","1","","1","","40 01:45.919","","0","75 07:28.901","8","0","0","0","67301","0","0","0","N","0","0","0","2","67301","0","","1.0","","99","N","N","N","0","","0","0","1","","2","","","2","1","0","0","0","1","0","2","0","2","","","","N","","","","","","","","","",""
"2020009177","0350","2","0","0","0","0","0","0","0","0","5","0","","67","1","2020","4","39.951528","-75.244967","0341","6","0","0","0","0","0","0","0","0","","0","0","0","","","0","N","0","","39 57:05.500","","0","75 14:41.880","0","0","0","0","67301","0","0","0","N","0","0","0","1","67301","0","","6.0","","1","N","N","N","0","","0","0","0","","0","","","2","0","0","0","0","0","0","2","0","2","","03","","N","","","","","","","","","",""
"2020014545","1229","2","0","0","0","0","0","0","0","0","7","0","55","67","1","2020","1","39.973234","-75.120001","1224","6","0","0","0","1","0","0","0","0","","0","0","0","","","0","N","0","","39 58:23.643","1","0","75 07:12.004","0","0","0","0","67301","0","0","0","N","0","0","0","2","68K01","0","","4.0","30.0","1","N","N","N","0","","0","0","0","","0","Y","","2","0","0","0","0","0","0","2","0","2","","03","U","Y","4","1","","","N","","","Y","","N"
"2020012105","1910","0","0","0","0","0","0","0","0","0","4","0","","67","1","2020","5","40.048963","-75.135114","1900","6","0","0","0","0","0","1","0","0","","0","0","0","","","1","","1","","40 02:56.266","","99","75 08:06.410","3","0","0","0","67301","0","0","0","N","0","0","0","2","67301","0","","1.0","","99","N","N","N","0","","1","0","1","","3","","","2","1","0","0","0","0","0","2","0","2","","98","","N","","","","","","","","","",""
"2020009516","1231","1","0","0","0","0","0","0","0","0","4","0","","67","1","2020","6","39.986756","-75.208514","1210","6","0","0","0","0","0","1","0","0","","0","0","0","","","0","","2","","39 59:12.320","","2","75 12:30.650","9","0","0","0","67301","0","0","0","N","0","0","0","2","67301","0","","1.0","","1","N","N","N","0","","0","0","1","","0","","","2","0","0","0","0","0","1","2","0","2","","03","","N","","","","","","","","","",""
"2020009857","1236","0","0","0","0","0","0","0","0","0","4","0","","67","1","2020","7","40.111198","-75.024348","1233","6","0","0","0","0","0","0","0","0","","0","0","0","","","1","","1","","40 06:40.311","2","0","75 01:27.652","8","0","0","0","67301","0","0","0","N","0","0","0","3","67301","0","","1.0","1300.0","9","N","N","Y","0","","0","0","2","","2","N","","2","1","0","0","0","1","0","2","0","2","","","","N","","","","","","","","","",""
"2020008270","2120","0","0","0","0","0","0","0","0","0","8","0","","67","1","2020","7","40.06431","-75.153541","2107","6","0","0","0","0","0","0","0","0","","0","0","0","","","1","","1","","40 03:51.516","","0","75 09:12.747","3","0","0","0","67301","1","0","0","N","1","0","0","2","67301","0","","1.0","","7","N","N","N","0","","1","0","0","","2","","","2","1","0","0","0","0","0","2","0","1","","06","","N","","","","","","","","","",""
"2020010063","1106","0","0","0","0","0","0","0","0","0","4","0","","67","1","2020","2","40.023946","-75.143348","1103","6","0","0","0","0","0","1","0","0","","0","0","0","","","2","","1","","40 01:26.205","","0","75 08:36.052","3","0","0","0","67301","0","0","0","N","0","0","0","4","67301","1","","1.0","","1","N","N","N","0","","1","0","1","","3","","","2","2","0","0","0","0","2","2","1","2","","","","N","","","","","","","","","",""
"2020013977","1241","1","0","0","0","0","0","0","0","0","4","0","","67","2","2020","7","39.998746","-75.109336","1240","6","0","0","0","0","0","0","0","0","","0","0","0","","","2","","2","","39 59:55.485","","0","75 06:33.609","3","0","0","0","67301","0","0","0","N","0","0","0","3","67301","0","","1.0","","9","N","N","N","0","","2","0","1","","3","","","2","2","0","0","0","0","0","2","0","2","","","","N","","","","","","","","","",""
"2020050502","0700","1","0","0","0","0","0","0","0","0","1","0","45","67","5","2020","7","39.961861","-75.182824","0638","6","0","0","0","0","0","1","0","0","","0","0","0","","","1","N","0","","39 57:42.701","3","0","75 10:58.166","3","0","0","0","67301","0","0","0","N","0","0","0","2","68K01","0","","1.0","740.0","1","N","N","N","0","","1","0","1","","8","Y","","2","1","1","0","0","0","0","2","0","2","","","Y","Y","2","2","Y","N","Y","Y","N","N","Y","N"
"2020012434","1630","1","0","0","0","0","0","0","0","0","1","0","","67","2","2020","7","40.059276","-75.044578","1630","6","0","0","0","0","0","0","0","0","","0","0","0","","","2","","1","","40 03:33.392","","0","75 02:40.479","4","0","0","0","67301","0","0","0","N","0","0","0","3","67301","2","","1.0","","1","N","N","N","0","","0","0","1","","2","","","2","2","0","0","0","0","1","2","0","2","","03","","N","","","","","","","","","",""
"2020011979","0833","1","0","0","0","0","0","0","0","0","4","0","","67","1","2020","2","40.047334","-75.141653","0830","6","0","0","0","0","0","1","0","0","","0","0","0","","","0","","2","","40 02:50.401","","0","75 08:29.952","0","0","0","0","67301","0","0","0","N","0","0","0","2","67301","0","","1.0","","1","N","N","N","0","","0","0","1","","2","","","2","0","0","0","0","0","0","2","0","2","","04","","N","","","","","","","","","",""
"2020052601","0930","1","0","0","0","0","0","0","0","0","4","0","","67","7","2020","4","40.00982","-75.069209","0922","6","0","0","0","0","0","0","0","0","","0","0","0","","","1","N","0","","40 00:35.351","","0","75 04:09.151","3","0","0","0","67301","0","0","0","N","0","0","0","2","67301","0","","1.0","","1","N","N","N","0","","1","0","1","","2","","","2","1","0","0","0","0","0","2","0","2","","03","","N","","","","","","","","","",""
"2020012914","1958","1","0","0","0","0","0","0","0","0","4","0","","67","2","2020","1","39.990581","-75.18491","1958","6","0","0","0","0","0","0","0","0","","0","0","0","","","1","","1","","39 59:26.091","","0","75 11:05.676","8","0","0","0","67301","0","0","0","N","0","0","0","2","67301","0","","1.0","","1","N","N","N","0","","0","0","0","","2","","","2","1","0","0","0","1","0","2","0","2","","03","","N","","","","","","","","","",""
"2020015755","1030","2","0","0","0","0","0","0","0","0","4","0","","67","1","2020","5","40.011339","-75.077053","1023","6","0","0","0","0","0","0","0","0","","0","0","0","","","1","","1","","40 00:40.819","","0","75 04:37.389","3","0","0","0","67301","0","0","0","N","0","0","0","6","67301","0","","1.0","","1","N","N","N","0","","1","0","0","","2","","","2","1","0","0","0","0","0","2","0","2","","03","","N","","","","","","","","","",""
"2020019220","1045","3","0","0","0","0","0","0","0","0","5","0","","67","1","2020","6","40.018379","-75.211284","1045","6","0","0","0","0","0","0","0","0","","0","0","0","","","0","N","0","","40 01:06.163","","0","75 12:40.621","0","0","0","0","67301","0","0","0","N","0","0","0","1","67301","0","","6.0","","1","N","N","N","0","","0","0","0","","0","","","3","0","1","0","0","0","0","2","0","3","","03","","N","","","","","","","","","",""
"2020003868","2202","3","0","0","0","0","0","0","0","0","4","0","","67","1","2020","6","39.921054","-75.239462","2200","6","0","0","0","0","0","0","0","0","","0","0","0","","","1","","2","","39 55:15.794","","0","75 14:22.063","3","0","0","0","67301","0","0","0","N","0","0","0","1","67301","0","","1.0","","1","N","N","N","0","","1","0","0","","0","","","3","1","0","0","0","0","0","2","0","3","","98","","N","","","","","","","","","",""
"2020022539","1349","1","0","0","0","0","0","0","0","0","1","0","","67","1","2020","5","39.981292","-75.102314","1341","6","0","0","0","0","0","0","0","1","","0","0","0","","","0","N","0","","39 58:52.652","","0","75 06:08.332","0","0","0","0","67301","0","0","0","N","0","0","0","2","68K01","0","","1.0","","1","N","N","N","0","","0","0","0","","0","","","2","0","0","0","0","0","0","2","1","2","","03","","N","","","","","","","","","",""
"2020012629","0828","1","0","0","0","0","0","0","0","0","7","0","","67","1","2020","1","40.039468","-75.007536","0821","6","0","0","0","0","0","0","0","1","","0","0","0","","","0","N","0","","40 02:22.083","","0","75 00:27.129","0","0","0","0","67301","0","0","0","N","0","0","0","1","68K01","0","","2.0","","9","N","N","N","0","","0","0","0","","0","","","1","0","0","0","0","0","0","2","0","1","","03","","N","","","","","","","","","",""
"2020030516","0548","0","0","0","0","0","0","0","0","0","4","0","","67","1","2020","4","40.027194","-75.151242","0536","6","0","0","0","0","0","1","0","0","","0","0","0","","","0","","1","","40 01:37.898","","0","75 09:04.471","0","0","0","0","67301","0","0","0","N","0","0","0","2","67301","0","","1.0","","1","N","N","N","0","","0","0","2","","2","","","2","0","0","0","0","0","0","2","0","2","","03","","N","","","","","","","","","",""
"2020004458","0035","1","0","0","0","0","0","0","0","0","1","0","","67","1","2020","7","40.039822","-75.006862","0035","6","0","0","0","0","0","0","0","0","","0","0","0","","","5","N","0","","40 02:23.360","","0","75 00:24.704","8","0","0","0","67301","0","0","0","N","0","0","0","5","68K01","0","","1.0","","1","N","N","N","0","","0","0","0","","0","","","2","5","0","0","0","5","0","2","1","2","","03","","N","","","","","","","","","",""
"2020005655","1345","0","0","0","1","0","0","0","0","0","4","0","","67","1","2020","3","39.955255","-75.199148","1320","6","0","0","0","0","0","0","0","0","","0","0","0","","","1","N","0","","39 57:18.918","","7","75 11:56.933","3","0","0","0","67301","1","0","0","N","0","0","0","2","67301","0","","1.0","","1","N","N","N","0","","1","0","1","","0","","","2","1","0","0","0","0","0","2","0","1","","04","","N","","","","","","","","","",""
"2020008273","1736","0","0","0","0","0","0","0","0","0","1","0","","67","1","2020","3","39.972763","-75.159225","1735","6","0","0","0","0","0","0","0","0","","0","0","0","","","0","N","0","","39 58:21.946","2","0","75 09:33.211","9","0","0","0","67301","0","0","0","N","0","0","0","2","67301","0","","1.0","1755.0","1","N","N","N","1","","0","0","1","","0","N","","2","0","0","0","0","0","1","2","0","2","","03","","N","","","","","","","","","",""
"2020012439","1152","0","0","1","0","0","0","0","0","0","1","0","","67","2","2020","7","39.959523","-75.246206","1151","6","0","0","0","0","0","0","1","0","","0","0","0","","","1","N","0","","39 57:34.283","","0","75 14:46.341","2","0","0","0","67301","0","0","0","N","0","0","0","2","67301","0","","1.0","","9","N","N","N","0","","0","1","2","","0","","","2","1","0","0","0","0","0","2","0","2","","","","N","","","","","","","","","",""
"2020009175","2050","1","0","0","0","0","0","0","0","0","8","0","","67","1","2020","2","39.955578","-75.233984","2046","6","0","0","0","0","0","0","0","0","","0","0","0","","","1","","1","","39 57:20.080","6","0","75 14:02.342","8","0","0","0","67301","1","0","0","N","1","0","0","2","67301","0","","1.0","2050.0","1","N","N","N","0","","0","0","0","","2","Y","","2","1","1","0","0","1","0","2","0","1","","03","","N","","","","","","","","","",""
"2020007824","0030","1","0","0","0","0","0","0","0","0","4","0","","67","1","2020","1","39.941257","-75.161428","0023","6","0","0","0","0","0","0","0","0","","0","0","0","","","0","","1","","39 56:28.524","4","0","75 09:41.142","0","0","0","0","67301","0","0","0","N","0","0","0","3","67301","0","","1.0","200.0","1","N","N","N","0","","0","0","1","","3","Y","","2","0","0","0","0","0","0","2","0","2","","03","","N","","","","","","","","","",""
"2020004926","1256","1","0","0","0","0","0","0","0","0","4","0","","67","1","2020","6","40.031615","-75.207632","1253","6","0","0","0","0","0","1","0","0","","0","0","0","","","2","","1","","40 01:53.814","","0","75 12:27.475","3","0","0","0","67301","0","0","0","N","0","0","0","3","67301","0","","1.0","","1","N","N","N","0","","1","0","1","","2","","","2","2","0","0","0","1","0","2","0","2","","03","","N","","","","","","","","","",""
"2020004348","1314","1","0","0","0","0","0","0","0","0","5","0","","67","1","2020","7","40.007869","-75.074569","1313","6","0","0","0","0","0","1","0","0","","0","0","0","","","0","N","0","","40 00:28.327","2","0","75 04:28.448","0","0","0","0","67301","0","0","0","N","0","0","0","2","67301","0","","1.0","1323.0","1","N","N","N","0","","0","0","0","","0","N","","2","0","0","0","0","0","0","2","1","2","","03","","N","","","","","","","","","",""
"2020009576","0242","2","0","0","0","0","0","0","0","0","4","0","","67","1","2020","7","40.005575","-75.103749","0242","6","0","0","0","1","0","0","0","0","","0","0","0","","","1","N","0","","40 00:20.069","3","0","75 06:13.495","4","0","0","0","67301","0","0","0","N","0","0","0","2","67301","1","","1.0","100.0","1","N","N","Y","0","","0","0","0","","0","N","","2","1","0","0","0","0","1","2","0","2","","03","","N","","","","","","","","","",""
"2020008849","0849","1","0","0","1","0","0","0","0","0","8","0","","67","1","2020","6","40.041908","-75.123964","0849","6","0","0","0","0","0","1","0","0","","0","0","0","","","1","","1","","40 02:30.868","","0","75 07:26.270","4","0","0","0","67301","1","0","0","N","0","0","0","2","67301","1","","1.0","","1","N","N","N","0","","0","0","0","","9","","","2","1","0","0","0","0","0","2","0","1","","03","","N","","","","","","","","","",""
"2020010110","2200","1","0","0","0","0","0","0","0","0","5","0","","67","1","2020","4","40.060591","-75.177578","1900","6","0","0","0","0","0","1","0","0","","0","0","0","","","0","","1","","40 03:38.128","","0","75 10:39.282","9","0","0","0","67301","0","0","0","N","0","0","0","2","67301","0","","1.0","","1","N","N","N","0","","0","0","1","","3","","","2","0","0","0","0","0","1","2","0","2","","03","","N","","","","","","","","","",""
"2020051371","1200","0","0","0","0","0","0","0","0","0","4","1","","67","6","2020","3","39.995922","-75.234392","1200","6","0","0","0","0","0","2","0","0","","0","1","0","","","0","N","0","","39 59:45.320","","7","75 14:03.810","0","0","0","0","67301","0","0","0","N","0","0","0","5","67301","0","","1.0","","1","N","N","N","0","","0","0","1","","0","","","2","0","0","0","0","0","0","2","0","2","","03","","N","","","","","","","","","",""
"2020050176","1305","2","0","0","0","0","0","0","0","0","1","0","","67","6","2020","6","40.006286","-75.151893","1300","6","0","0","1","0","0","0","0","0","","0","0","0","","","0","N","0","","40 00:22.630","","0","75 09:06.815","0","0","0","0","67301","0","0","0","N","0","0","0","2","67505","0","","1.0","","1","N","N","N","0","","0","0","0","","0","","","2","0","0","0","0","0","0","2","0","2","","03","","N","","","","","","","","","",""
"2020007509","0657","1","0","0","0","0","0","0","0","0","4","0","","67","1","2020","7","40.017409","-75.172132","0655","6","0","0","0","0","0","1","0","0","","0","0","0","","","1","N","2","","40 01:02.671","","0","75 10:19.675","3","0","0","0","67301","0","0","0","N","0","0","0","2","67301","0","","1.0","","1","N","N","N","1","","1","0","0","","3","","","2","1","0","0","0","0","0","2","0","2","","03","","N","","","","","","","","","",""
"2020005262","0145","2","0","0","0","0","0","0","0","0","2","0","","67","1","2020","4","39.987261","-75.185647","0138","6","0","0","0","0","0","0","0","0","","0","0","0","","","1","N","0","","39 59:14.140","4","0","75 11:08.330","3","0","0","0","67301","0","0","0","N","0","0","0","2","67301","0","","6.0","312.0","9","N","N","N","0","","1","0","0","","0","Y","","2","1","0","0","0","0","0","2","0","2","","","","N","","","","","","","","","",""
"2020012263","1938","1","0","0","0","0","0","0","0","0","4","0","","67","1","2020","5","39.96788","-75.217817","1930","6","0","0","0","0","0","0","0","0","","0","0","0","","","2","","2","","39 58:04.368","","0","75 13:04.141","4","0","0","0","67301","0","0","0","N","0","0","0","4","67301","1","","1.0","","1","N","N","N","0","","0","0","0","","9","","","2","2","0","0","0","1","0","2","1","2","","03","","N","","","","","","","","","",""
"2020048750","2015","1","0","0","0","0","0","0","0","0","8","0","","67","6","2020","1","39.948831","-75.226186","2013","6","0","0","0","0","0","0","0","0","","0","0","0","","","1","N","0","","39 56:55.790","","0","75 13:34.270","3","0","0","0","67301","1","0","0","N","1","0","0","2","67301","0","","1.0","","1","N","N","N","0","","1","0","0","","0","","","2","1","0","0","0","0","0","2","0","1","","03","","N","","","","","","","","","",""
"2020004005","2000","0","0","0","0","0","0","0","0","0","1","0","","67","1","2020","6","40.017233","-75.048733","2000","6","0","0","0","0","0","0","0","0","","0","0","0","","","2","Y","0","","40 01:02.038","","0","75 02:55.439","3","0","0","0","67301","0","0","0","N","0","0","0","3","67301","0","","1.0","","99","N","N","N","0","","2","0","1","","2","","","2","2","0","0","0","0","0","2","0","2","","","","N","","","","","","","","","",""
"2020050782","1527","1","0","0","0","0","0","0","0","0","7","0","","67","6","2020","6","40.021711","-75.044031","1525","6","0","0","0","0","0","0","0","0","","0","0","0","","","0","N","0","","40 01:18.160","","0","75 02:38.510","0","0","0","0","67301","0","0","0","N","0","0","0","1","67301","0","","5.0","","1","N","N","N","0","","0","0","0","","0","","","1","0","1","0","0","0","0","2","0","1","","","","N","","","","","","","","","",""
"2020012529","0727","1","0","0","0","0","0","0","0","0","8","0","","67","2","2020","7","39.959725","-75.235189","0727","6","0","0","0","0","0","0","0","0","","0","0","0","","","1","","1","","39 57:35.009","","0","75 14:06.680","3","0","0","0","67301","1","0","0","N","1","0","0","2","67301","0","","1.0","","9","N","N","N","0","","1","0","0","","2","","","2","1","1","0","0","0","0","2","0","1","","","","N","","","","","","","","","",""
"2020009957","0805","1","0","0","0","0","0","0","0","0","4","0","","67","1","2020","1","40.003243","-75.129353","0800","6","0","0","0","0","0","1","0","0","","0","0","0","","","2","","1","","40 00:11.674","","0","75 07:45.670","3","0","0","0","67301","0","0","0","N","0","0","0","3","67301","0","","1.0","","1","N","N","N","0","","2","0","1","","3","","","2","2","0","0","0","0","0","2","0","2","","04","","N","","","","","","","","","",""
"2020009950","0940","0","0","0","0","0","0","0","0","0","7","0","","67","1","2020","5","39.951797","-75.143331","0940","6","0","0","0","0","0","0","0","0","","0","0","0","","","0","N","0","","39 57:06.470","","0","75 08:35.990","9","0","0","0","67301","0","0","0","N","0","0","0","1","67301","0","","4.0","","1","N","N","N","1","","0","0","0","","2","","","1","0","1","0","0","0","1","2","0","1","","03","","N","","","","","","","","","",""
"2020020343","0038","2","0","0","0","0","0","0","0","0","5","0","","67","1","2020","2","39.971586","-75.123008","0029","6","0","0","0","0","0","0","1","0","2","0","0","0","","","0","N","0","","39 58:17.711","1","0","75 07:22.828","9","0","0","0","67301","0","0","0","N","0","0","0","3","68K01","0","","1.0","9999.0","1","N","N","N","0","","0","0","0","","0","N","","3","0","0","0","0","0","1","2","0","3","","","","N","","","","","","","","","",""
"2020007837","1130","2","0","0","0","0","0","0","0","0","3","0","","67","1","2020","7","39.979008","-75.136289","1120","6","0","0","0","0","0","1","0","0","","0","0","0","","","0","N","0","","39 58:44.430","","0","75 08:10.640","9","0","0","0","67301","0","0","0","N","0","0","0","2","67301","0","","1.0","","9","N","N","N","0","","0","0","0","","0","","","2","0","1","0","0","0","1","2","0","2","","98","","N","","","","","","","","","",""
"2020007289","1645","1","0","0","0","0","0","0","0","0","5","0","","67","1","2020","7","39.996845","-75.140492","1645","6","0","0","0","0","0","1","0","0","","0","0","0","","","2","N","2","","39 59:48.642","","0","75 08:25.771","3","0","0","0","67301","0","0","0","N","0","0","0","2","67301","0","","1.0","","9","N","N","N","0","","2","0","1","","0","","","2","2","1","0","0","0","0","2","0","2","","09","","N","","","","","","","","","",""
"2020005161","1215","1","0","0","0","0","0","0","0","0","7","0","","67","1","2020","2","40.059969","-75.190879","1209","6","0","0","0","0","0","0","0","0","","0","0","0","","","1","","1","","40 03:35.888","","0","75 11:27.166","3","0","0","0","67301","0","0","0","N","0","0","0","1","67301","0","","4.0","","1","N","N","N","0","","1","0","0","","0","","","1","1","0","0","0","0","0","2","0","1","","03","","N","","","","","","","","","",""
"2020049753","1341","1","0","0","0","0","0","0","0","0","5","0","","67","6","2020","5","40.008022","-75.191724","1341","6","0","0","0","0","0","0","0","0","","0","0","0","","","0","N","0","","40 00:28.879","","0","75 11:30.205","9","0","0","0","67301","0","0","0","N","0","0","0","2","67301","0","","1.0","","1","N","N","N","0","","0","0","0","","0","","","2","0","0","0","0","0","1","2","0","2","","","","N","","","","","","","","","",""
"2020011980","1215","2","0","0","0","0","0","0","0","0","4","0","","67","1","2020","4","40.031874","-75.131503","1213","6","0","1","0","0","0","1","0","0","","0","0","0","","","1","","1","","40 01:54.746","","0","75 07:53.410","3","0","0","0","67301","0","0","0","N","0","0","0","3","67301","0","","1.0","","1","N","N","N","0","","1","0","1","","2","","","3","1","0","0","0","0","1","2","0","3","","03","","N","","","","","","","","","",""
"2020008662","2009","2","0","0","0","0","0","0","0","0","1","0","","67","1","2020","1","39.960043","-75.179172","1956","6","0","0","0","0","0","0","0","0","","0","0","0","","","1","N","0","","39 57:36.155","4","0","75 10:45.018","8","0","0","0","67301","0","0","0","N","0","0","0","3","68K01","0","","1.0","2020.0","1","N","N","N","0","","0","0","0","","0","N","","2","1","1","0","0","1","0","2","0","2","","03","","N","","","","","","","","","",""
"2020092311","1135","1","0","0","0","0","0","0","0","0","4","0","","67","10","2020","6","39.925063","-75.175047","1128","6","0","0","0","1","0","0","0","0","","0","0","0","","","0","","2","","39 55:30.226","4","0","75 10:30.169","0","0","0","0","67301","0","0","0","N","0","0","0","2","67301","0","","1.0","1212.0","9","N","N","N","0","","0","0","1","","0","N","","2","0","0","0","0","0","0","2","0","2","","07","","N","","","","","","","","","",""
"2020055294","1750","0","0","0","0","0","0","0","0","0","5","0","","67","7","2020","6","40.106315","-74.994956","1750","6","0","0","0","0","0","0","0","0","","0","0","0","","","0","","6","","40 06:22.733","3","2","74 59:41.841","0","0","0","0","67301","0","0","0","N","0","0","0","3","67301","0","","7.0","1930.0","9","N","N","N","0","","0","0","2","","4","N","","2","0","0","0","0","0","0","2","0","2","","04","","N","","","","","","","","","",""
"2020003182","1500","1","0","0","0","0","0","0","0","0","7","0","","67","1","2020","5","39.957667","-75.189472","1457","6","0","0","0","0","0","0","0","0","","0","0","0","","","0","N","0","","39 57:27.600","","0","75 11:22.100","0","0","0","0","67301","0","0","0","N","0","0","0","1","67507","0","","4.0","","1","N","N","N","0","","0","0","0","","0","","","1","0","0","0","0","0","0","2","0","1","","03","","Y","","","","","","","","","",""
"2020012898","0516","2","0","2","0","0","0","0","0","0","4","0","","67","2","2020","1","39.918979","-75.228775","0514","6","0","0","0","1","0","0","0","0","","0","0","0","","","2","","1","","39 55:08.324","6","0","75 13:43.590","2","0","0","0","67301","0","0","0","N","0","0","0","2","67301","0","","1.0","100.0","9","N","N","N","0","","0","2","0","","3","N","","2","2","0","0","0","0","0","2","0","2","","03","","N","","","","","","","","","",""
"2020007835","0732","0","0","0","0","0","0","0","0","0","5","1","","67","1","2020","2","40.036122","-75.051408","0729","6","0","0","0","0","0","0","0","0","","0","1","0","","","0","N","0","","40 02:10.040","","0","75 03:05.070","0","0","0","0","67301","0","0","0","N","0","0","0","1","67301","0","","6.0","","1","N","N","N","0","","0","0","1","","2","","","3","0","0","0","0","0","0","2","1","3","","","","N","","","","","","","","","",""
"2020023245","0454","1","0","0","0","0","0","0","0","0","7","0","","67","2","2020","7","39.93053","-75.198571","0426","6","0","0","0","0","0","0","0","0","","0","0","0","","","0","N","0","","39 55:49.909","","0","75 11:54.856","9","0","0","0","67301","0","0","0","N","0","0","0","1","68K01","0","","2.0","","1","N","N","N","0","","0","0","0","","0","","","1","0","0","0","0","0","1","2","0","1","","","","N","","","","","","","","","",""
"2020012903","0932","1","0","0","0","0","0","0","0","0","4","0","","67","1","2020","5","40.031347","-75.056048","0920","6","0","0","0","0","0","0","0","0","","0","0","0","","","1","","1","","40 01:52.849","","0","75 03:21.772","4","0","0","0","67301","0","0","0","N","0","0","0","3","67301","1","","1.0","","1","N","N","N","0","","0","0","1","","3","","","2","1","0","0","0","0","0","2","0","2","","","","N","","","","","","","","","",""
"2020009956","0130","1","0","0","0","0","0","0","0","0","8","0","","67","1","2020","1","39.992959","-75.179464","0127","6","0","0","0","0","0","0","0","0","","0","0","0","","","1","N","0","","39 59:34.652","","0","75 10:46.069","2","0","0","0","67301","1","0","1","N","1","0","1","2","67301","0","","1.0","","1","N","N","N","0","","0","1","0","","0","","","2","1","1","0","0","0","0","2","0","1","","03","","N","","","","","","","","","",""
"2020050525","0648","1","0","0","0","0","0","0","0","0","5","0","","67","6","2020","1","39.932078","-75.199908","0644","6","0","0","0","0","0","0","0","0","","0","0","0","","","0","N","0","","39 55:55.481","4","0","75 11:59.669","0","0","0","0","67301","0","0","0","N","0","0","0","1","68K01","0","","5.0","800.0","1","N","N","N","0","","0","0","0","","0","N","","2","0","0","0","0","0","0","2","0","2","","03","","N","","","","","","","","","",""
"2020052841","2228","1","0","0","0","0","0","0","0","0","98","0","","67","6","2020","3","39.961446","-75.182061","2221","6","0","0","0","0","0","1","0","0","","0","0","0","","","0","N","0","","39 57:41.206","","0","75 10:55.420","0","0","0","0","67301","0","0","0","N","0","0","0","1","68K01","0","","1.0","","1","N","N","N","0","","0","0","0","","0","","","1","0","0","0","0","0","0","2","0","1","","","","N","","","","","","","","","",""
"2020005656","0250","1","0","0","0","0","0","0","0","0","4","0","","67","1","2020","1","40.023824","-75.123859","0242","6","0","0","0","0","0","0","1","0","","0","0","0","","","1","","5","","40 01:25.766","1","0","75 07:25.892","3","0","0","0","67301","0","0","0","N","0","0","0","2","67301","0","","1.0","400.0","9","N","N","N","0","","1","0","1","","2","N","","2","1","0","0","0","0","0","2","0","2","","","","N","","","","","","","","","",""