"CRN","ARRIVAL_TM","AUTOMOBILE_COUNT","BELTED_DEATH_COUNT","BELTED_SUSP_SERIOUS_INJ_COUNT","BICYCLE_COUNT","BICYCLE_DEATH_COUNT","BICYCLE_SUSP_SERIOUS_INJ_COUNT","BUS_COUNT","CHLDPAS_DEATH_COUNT","CHLDPAS_SUSP_SERIOUS_INJ_COUNT","COLLISION_TYPE","COMM_VEH_COUNT","CONS_ZONE_SPD_LIM","COUNTY","CRASH_MONTH","CRASH_YEAR","DAY_OF_WEEK","DEC_LATITUDE","DEC_LONGITUDE","DISPATCH_TM","DISTRICT","DRIVER_COUNT_16YR","DRIVER_COUNT_17YR","DRIVER_COUNT_18YR","DRIVER_COUNT_19YR","DRIVER_COUNT_20YR","DRIVER_COUNT_50_64YR","DRIVER_COUNT_65_74YR","DRIVER_COUNT_75PLUS","EST_HRS_CLOSED","FATAL_COUNT","HEAVY_TRUCK_COUNT","HORSE_BUGGY_COUNT","HOUR_OF_DAY","ILLUMINATION","INJURY_COUNT","INTERSECTION_RELATED","INTERSECT_TYPE","LANE_CLOSED","LATITUDE","LN_CLOSE_DIR","LOCATION_TYPE","LONGITUDE","MAX_SEVERITY_LEVEL","MCYCLE_DEATH_COUNT","MCYCLE_SUSP_SERIOUS_INJ_COUNT","MOTORCYCLE_COUNT","MUNICIPALITY","NONMOTR_COUNT","NONMOTR_DEATH_COUNT","NONMOTR_SUSP_SERIOUS_INJ_COUNT","NTFY_HIWY_MAINT","PED_COUNT","PED_DEATH_COUNT","PED_SUSP_SERIOUS_INJ_COUNT","PERSON_COUNT","POLICE_AGCY","POSSIBLE_INJ_COUNT","RDWY_SURF_TYPE_CD","RELATION_TO_ROAD","ROADWAY_CLEARED","ROAD_CONDITION","SCH_BUS_IND","SCH_ZONE_IND","SECONDARY_CRASH","SMALL_TRUCK_COUNT","SPEC_JURIS_CD","SUSP_MINOR_INJ_COUNT","SUSP_SERIOUS_INJ_COUNT","SUV_COUNT","TCD_FUNC_CD","TCD_TYPE","TFC_DETOUR_IND","TIME_OF_DAY","TOTAL_UNITS","TOT_INJ_COUNT","UNBELTED_OCC_COUNT","UNB_DEATH_COUNT","UNB_SUSP_SERIOUS_INJ_COUNT","UNK_INJ_DEG_COUNT","UNK_INJ_PER_COUNT","URBAN_RURAL","VAN_COUNT","VEHICLE_COUNT","WEATHER1","WEATHER2","WORKERS_PRES","WORK_ZONE_IND","WORK_ZONE_LOC","WORK_ZONE_TYPE","WZ_CLOSE_DETOUR","WZ_FLAGGER","WZ_LAW_OFFCR_IND","WZ_LN_CLOSURE","WZ_MOVING","WZ_OTHER","WZ_SHLDER_MDN","WZ_WORKERS_INJ_KILLED"
"2020052360","0317","2","0","0","0","0","0","0","0","0","1","0","","67","7","2020","1","40.005156","-75.196391","0300","6","0","0","0","0","0","0","0","0","","0","0","0","","","0","","7","","40 00:18.562","","2","75 11:47.007","0","0","0","0","67301","0","0","0","N","0","0","0","2","67301","0","","1.0","","1","N","N","N","0","","0","0","0","","0","","","2","0","0","0","0","0","0","2","0","2","","","","N","","","","","","","","","",""
"2020050027","0924","1","0","0","0","0","0","1","0","0","5","1","","67","6","2020","5","40.05979","-75.165897","0917","6","0","0","0","0","0","0","0","0","","0","0","0","","","0","N","0","","40 03:35.245","","0","75 09:57.229","0","0","0","0","67301","0","0","0","N","0","0","0","2","67301","0","","1.0","","1","N","N","N","0","","0","0","0","","0","","","2","0","0","0","0","0","0","2","0","2","","03","","N","","","","","","","","","",""
"2020052256","1614","1","0","0","0","0","0","1","0","0","2","1","","67","7","2020","6","39.996738","-75.115623","1614","6","0","0","0","0","0","0","0","0","","0","0","0","","","2","N","0","","39 59:48.256","","0","75 06:56.241","4","0","0","0","67301","0","0","0","N","0","0","0","6","67301","2","","1.0","","1","N","N","N","0","","0","0","0","","2","","","2","2","1","0","0","0","0","2","0","2","","03","","N","","","","","","","","","",""
"2020015756","0949","3","0","0","0","0","0","0","0","0","1","0","","67","1","2020","6","40.03183","-75.063773","0949","6","0","0","0","0","0","0","0","1","","0","0","0","","","1","N","0","","40 01:54.589","4","0","75 03:49.582","3","0","0","0","67301","0","0","0","N","0","0","0","3","67301","0","","1.0","30.0","1","N","N","N","0","","1","0","0","","0","N","","3","1","0","0","0","0","0","2","0","3","","03","","N","","","","","","","","","",""
"2020006085","1450","0","0","0","0","0","0","0","0","0","4","0","","67","1","2020","5","40.044356","-75.072627","1436","6","0","0","0","0","0","0","0","0","","0","0","0","","","1","","1","","40 02:39.682","","0","75 04:21.458","3","0","0","0","67301","0","0","0","N","0","0","0","2","67301","0","","1.0","","1","N","N","N","1","","1","0","0","","2","","","2","1","0","0","0","0","0","2","1","2","","03","","N","","","","","","","","","",""
"2020010111","0215","2","0","0","0","0","0","0","0","0","5","0","","67","1","2020","1","39.968692","-75.230917","0209","6","0","0","0","0","0","0","0","0","","0","0","0","","","0","N","0","","39 58:07.290","","0","75 13:51.300","0","0","0","0","67301","0","0","0","N","0","0","0","1","67301","0","","6.0","","1","N","N","N","0","","0","0","1","","0","","","3","0","0","0","0","0","0","2","0","3","","03","","N","","","","","","","","","",""
"2020014565","0429","1","0","0","0","0","0","0","0","0","7","0","45","67","2","2020","1","39.984379","-75.09567","0420","6","0","0","0","0","0","0","0","0","","0","0","0","","","0","N","0","","39 59:03.763","2","0","75 05:44.413","0","0","0","0","67301","0","0","0","N","0","0","0","3","68K01","0","","3.0","440.0","9","N","N","N","0","","0","0","0","","0","N","","1","0","0","0","0","0","0","2","0","1","","03","N","Y","4","1","","","N","","","","Y","N"
"2020048632","0703","1","0","0","0","0","0","0","0","0","1","0","","67","6","2020","2","39.968405","-75.129476","0630","6","0","0","0","0","0","0","0","0","","0","0","0","","","0","N","0","","39 58:06.259","","0","75 07:46.115","0","0","0","0","67301","0","0","0","N","0","0","0","4","68K01","0","","1.0","","1","N","N","N","0","","0","0","1","","0","","","3","0","0","0","0","0","0","2","1","3","","03","","N","","","","","","","","","",""
"2020011431","0019","1","0","0","0","0","0","0","0","0","1","0","","67","1","2020","7","40.024758","-75.149545","0017","6","0","0","0","0","0","0","0","0","","0","0","0","","","2","","5","","40 01:29.128","","0","75 08:58.361","4","0","0","0","67301","0","0","0","N","0","0","0","3","67301","2","","1.0","","1","N","N","N","0","","0","0","0","","2","","","2","2","0","0","0","0","0","2","1","2","","03","","N","","","","","","","","","",""
"2020012908","1457","1","0","0","0","0","0","0","0","0","7","0","","67","1","2020","4","40.051958","-75.050733","1453","6","0","0","0","0","0","0","0","0","","0","0","0","","","3","N","0","","40 03:07.050","1","0","75 03:02.637","2","0","0","0","67301","0","0","0","N","0","0","0","6","67301","2","","5.0","1630.0","1","N","N","N","0","","0","1","1","","0","N","","3","3","0","0","0","0","0","2","1","3","","03","","N","","","","","","","","","",""
"2020051026","2357","1","0","0","0","0","0","0","0","0","2","0","","67","6","2020","2","40.057886","-75.152553","2350","6","0","1","0","0","0","0","0","0","","0","0","0","","","0","N","0","","40 03:28.390","","0","75 09:09.190","0","0","0","0","67301","0","0","0","N","0","0","0","1","67301","0","","6.0","","1","N","N","N","0","","0","0","2","","0","","","3","0","0","0","0","0","0","2","0","3","","","","N","","","","","","","","","",""
"2020012673","1009","1","0","0","0","0","0","0","0","0","8","0","","67","2","2020","1","39.993931","-75.154462","1009","6","0","0","0","0","0","0","1","0","","0","0","0","","","1","","1","","39 59:38.150","","0","75 09:16.063","4","0","0","0","67301","1","0","0","N","1","0","0","2","67301","1","","1.0","","1","N","N","N","0","","0","0","0","","2","","","2","1","0","0","0","0","0","2","0","1","","","","N","","","","","","","","","",""
"2020006959","1245","0","0","0","0","0","0","0","0","0","7","0","","67","1","2020","7","40.116304","-74.982999","1240","6","0","0","0","0","0","0","0","0","","0","0","0","","","1","N","0","","40 06:58.694","","0","74 58:58.795","3","0","0","0","67301","0","0","0","N","0","0","0","1","67301","0","","4.0","","7","N","N","N","1","","1","0","0","","0","","","1","1","0","0","0","0","0","2","0","1","","04","","N","","","","","","","","","",""
"2020048707","1818","0","0","0","0","0","0","0","0","0","8","0","","67","6","2020","6","39.937603","-75.164627","1818","6","0","0","0","0","1","0","0","0","","0","0","0","","","1","","1","","39 56:15.369","","0","75 09:52.657","3","0","0","0","67301","1","0","0","N","1","0","0","2","67301","0","","1.0","","1","N","N","N","0","","1","0","1","","2","","","2","1","0","0","0","0","0","2","0","1","","03","","N","","","","","","","","","",""
"2020007746","0058","0","0","0","0","0","0","0","0","0","7","0","","67","1","2020","3","39.985522","-75.120987","0028","6","0","0","0","0","0","0","0","0","","0","0","0","","","1","N","0","","39 59:07.880","","0","75 07:15.554","3","0","0","0","67301","0","0","0","N","0","0","0","1","67301","0","","5.0","","1","N","N","N","0","","1","0","0","","0","","","1","1","0","0","0","0","0","2","1","1","","03","","N","","","","","","","","","",""
"2020013106","2100","0","0","0","1","0","0","0","0","0","8","0","","67","1","2020","6","39.961643","-75.238583","2100","6","0","0","0","0","1","0","0","0","","0","0","0","","","1","N","0","","39 57:41.916","","0","75 14:18.900","3","0","0","0","67301","1","0","0","N","0","0","0","2","67301","0","","1.0","","9","N","N","N","0","","1","0","1","","1","","","2","1","0","0","0","0","0","2","0","1","","98","","N","","","","","","","","","",""
"2020011529","0310","1","0","0","0","0","0","0","0","0","7","0","","67","1","2020","3","39.938594","-75.234513","0309","6","0","0","0","0","0","0","0","0","","0","0","0","","","1","N","0","","39 56:18.937","","0","75 14:04.248","3","0","0","0","67301","0","0","0","N","0","0","0","1","67301","0","","2.0","","1","N","N","N","0","","1","0","0","","0","","","1","1","0","0","0","0","0","2","0","1","","","","N","","","","","","","","","",""
"2020048721","0830","2","0","0","0","0","0","0","0","0","4","0","","67","6","2020","1","39.958023","-75.148822","0830","6","0","0","0","0","0","0","0","0","","0","0","0","","","3","","1","","39 57:28.881","","0","75 08:55.758","3","0","0","0","67301","0","0","0","N","0","0","0","6","67301","0","","1.0","","1","N","N","N","0","","2","0","0","","2","","","2","3","0","0","0","1","3","2","0","2","","03","","N","","","","","","","","","",""
"2020053405","2128","0","0","0","0","0","0","0","0","0","1","0","","67","7","2020","7","40.007292","-75.200496","2122","6","0","0","1","0","0","0","0","0","","0","0","0","","","0","N","0","","40 00:26.251","","0","75 12:01.784","0","0","0","0","67301","0","0","0","N","0","0","0","2","68K01","0","","1.0","","1","N","N","N","0","","0","0","2","","0","","","2","0","0","0","0","0","0","2","0","2","","","","N","","","","","","","","","",""
"2020012138","1133","1","0","0","0","0","0","0","0","0","6","0","","67","1","2020","4","39.979531","-75.219567","1125","6","0","0","0","0","0","0","1","0","","0","0","0","","","1","N","0","","39 58:46.310","","0","75 13:10.440","3","0","0","0","67301","0","0","0","N","0","0","0","2","67301","0","","1.0","","1","N","N","N","0","","1","0","1","","0","","","2","1","0","0","0","0","0","2","0","2","","","","N","","","","","","","","","",""
"2020011921","0852","2","0","0","0","0","0","0","0","0","1","0","","67","1","2020","5","39.925067","-75.193268","0834","6","0","0","0","0","0","0","0","0","","0","0","0","","","1","N","0","","39 55:30.241","","0","75 11:35.766","4","0","0","0","67301","0","0","0","N","0","0","0","2","68K01","1","","1.0","","1","N","N","N","0","","0","0","0","","0","","","2","1","0","0","0","0","0","2","0","2","","","","N","","","","","","","","","",""
"2020010059","1610","0","0","0","0","0","0","0","0","0","7","0","","67","1","2020","1","39.989348","-75.167307","1610","6","0","0","0","0","0","0","0","0","","0","0","0","","","1","","1","","39 59:21.653","","0","75 10:02.305","3","0","0","0","67301","0","0","0","N","0","0","0","1","67301","0","","4.0","","1","N","N","N","0","","1","0","1","","2","","","1","1","0","0","0","0","0","2","0","1","","04","","N","","","","","","","","","",""
"2020032253","1610","0","0","0","0","0","0","0","0","0","8","0","","67","4","2020","6","40.00221","-75.1577","1555","6","0","0","0","0","0","0","0","0","","0","0","0","","","1","","1","","40 00:07.957","","0","75 09:27.721","8","0","0","0","67301","1","0","0","N","1","0","0","2","67301","0","","1.0","","1","N","N","N","0","","0","0","1","","2","","","2","1","0","0","0","1","0","2","0","1","","03","","N","","","","","","","","","",""
"2020052817","1917","2","0","0","0","0","0","0","0","0","4","0","","67","7","2020","1","40.020679","-75.148752","1917","6","0","0","0","0","0","0","0","0","","0","0","0","","","0","N","0","","40 01:14.443","","0","75 08:55.506","0","0","0","0","67301","0","0","0","N","0","0","0","1","67301","0","","1.0","","99","N","N","N","0","","0","0","0","","0","","","2","0","0","0","0","0","0","2","0","2","","","","N","","","","","","","","","",""
"2020052786","2355","1","0","0","0","0","0","0","0","0","5","0","","67","6","2020","6","39.977853","-75.201327","2343","6","0","0","0","0","0","0","0","0","","0","0","0","","","0","N","0","","39 58:40.269","","0","75 12:04.778","9","0","0","0","67301","0","0","0","N","0","0","0","2","68K01","0","","1.0","","1","N","N","N","0","","0","0","0","","0","","","2","0","0","0","0","0","1","2","0","2","","03","","N","","","","","","","","","",""
"2020052082","1842","0","0","0","0","0","0","0","0","0","1","0","","67","6","2020","4","39.957121","-75.156209","1836","6","0","0","0","0","0","0","0","0","","0","0","0","","","2","N","0","","39 57:25.637","4","0","75 09:22.351","3","0","0","0","67301","0","0","0","N","0","0","0","4","68K01","0","","1.0","15.0","1","N","N","N","0","","2","0","2","","0","N","","2","2","0","0","0","0","0","2","0","2","","","","N","","","","","","","","","",""
"2020012710","0550","2","0","0","0","0","0","0","0","0","4","0","","67","2","2020","1","40.003847","-75.139665","0548","6","0","0","0","0","0","1","0","0","","0","0","0","","","0","","1","","40 00:13.849","","99","75 08:22.793","0","0","0","0","67301","0","0","0","N","0","0","0","2","67301","0","","1.0","","9","N","N","N","0","","0","0","0","","2","","","2","0","0","0","0","0","0","2","0","2","","","","N","","","","","","","","","",""
"2020006827","2019","2","0","0","0","0","0","0","0","0","4","0","","67","1","2020","6","40.033998","-75.074369","2014","6","0","0","0","0","0","1","0","0","","0","0","0","","","2","","1","","40 02:02.392","2","0","75 04:27.730","4","0","0","0","67301","0","0","0","N","0","0","0","4","67301","2","","1.0","2200.0","1","N","N","N","0","","0","0","0","","2","N","","2","2","0","0","0","0","0","2","0","2","","03","","N","","","","","","","","","",""
"2020012265","1458","3","0","0","0","0","0","0","0","0","1","0","","67","1","2020","5","39.97036","-75.12399","1422","6","0","0","1","0","0","0","0","0","","0","0","0","","","0","N","0","","39 58:13.296","","0","75 07:26.365","0","0","0","0","67301","0","0","0","N","0","0","0","3","67301","0","","1.0","","1","N","N","N","0","","0","0","0","","0","","","3","0","0","0","0","0","0","2","0","3","","","","N","","","","","","","","","",""
"2020013134","1254","1","0","0","0","0","0","0","0","0","4","0","","67","1","2020","6","40.06126","-75.056664","1251","6","0","0","0","0","0","0","0","1","","0","0","0","","","1","N","0","","40 03:40.535","1","0","75 03:23.991","3","0","0","0","67301","0","0","0","N","0","0","0","2","67301","0","","1.0","1423.0","1","N","N","N","0","","1","0","0","","0","Y","","2","1","2","0","0","0","0","2","1","2","","","","N","","","","","","","","","",""
"2020011849","0945","1","0","0","0","0","0","0","0","0","4","0","","67","1","2020","4","39.966949","-75.208456","0945","6","0","0","0","0","0","1","0","0","","0","0","0","","","2","","5","","39 58:01.017","","0","75 12:30.442","4","0","0","0","67301","0","0","0","N","0","0","0","2","67301","2","","1.0","","1","N","N","N","0","","0","0","1","","3","","","2","2","0","0","0","0","0","2","0","2","","03","","N","","","","","","","","","",""
"2020013950","2000","0","0","0","0","0","0","0","0","0","8","0","","67","1","2020","5","40.010125","-75.121436","1917","6","0","0","0","0","0","0","0","0","","0","0","0","","","1","","1","","40 00:36.450","","0","75 07:17.168","2","0","0","0","67301","1","0","1","N","1","0","1","2","67301","0","","1.0","","1","N","N","N","0","","0","1","0","","2","","","2","1","0","0","0","0","0","2","0","1","","03","","N","","","","","","","","","",""
"2020050079","0440","1","0","0","0","0","0","0","0","0","1","1","","67","6","2020","1","39.969635","-75.192472","0428","6","0","0","0","0","0","1","0","0","","0","1","0","","","1","N","0","","39 58:10.685","","0","75 11:32.900","3","0","0","0","67301","0","0","0","Y","0","0","0","1","68K01","0","","4.0","","1","N","N","N","0","","1","0","0","","0","","","2","1","0","0","0","0","0","2","0","2","","","","N","","","","","","","","","",""
"2020003869","1210","1","0","0","0","0","0","0","0","0","5","0","","67","1","2020","7","40.063636","-75.145902","1209","6","0","0","0","0","0","0","0","0","","0","0","0","","","0","","2","","40 03:49.089","","0","75 08:45.247","0","0","0","0","67301","0","0","0","N","0","0","0","1","67301","0","","1.0","","1","N","N","N","0","","0","0","1","","0","","","2","0","0","0","0","0","0","2","0","2","","03","","N","","","","","","","","","",""
"2020050529","2136","1","0","0","0","0","0","0","0","0","7","0","","67","6","2020","2","39.94835","-75.186402","2134","6","0","0","0","0","0","0","0","0","","0","0","0","","","1","N","1","","39 56:54.059","3","0","75 11:11.048","8","0","0","0","67301","0","0","0","N","0","0","0","1","68K01","0","","4.0","2228.0","1","N","N","N","0","","0","0","0","","0","N","","1","1","0","0","0","1","0","2","0","1","","03","","N","","","","","","","","","",""
"2020016749","0630","0","0","0","0","0","0","0","0","0","8","0","","67","2","2020","7","39.991458","-75.122594","0630","6","0","0","0","0","0","0","0","0","","0","0","0","","","1","N","0","","39 59:29.250","","0","75 07:21.340","8","0","0","0","67301","1","0","0","N","1","0","0","2","67301","0","","1.0","","1","N","N","N","1","","0","0","0","","2","","","2","1","0","0","0","1","0","2","0","1","","03","","N","","","","","","","","","",""
"2020012049","0606","3","0","0","0","0","0","0","0","0","1","0","","67","1","2020","7","39.960482","-75.181294","0552","6","0","0","0","0","0","0","0","0","","0","0","0","","","1","N","0","","39 57:37.735","4","1","75 10:52.658","3","0","0","0","67301","0","0","0","N","0","0","0","1","68K01","0","","1.0","130.0","9","N","N","N","1","","1","0","0","","0","Y","","4","1","0","0","0","0","0","2","0","4","","","","N","","","","","","","","","",""
"2020052816","1830","0","0","0","0","0","0","0","0","0","8","0","","67","7","2020","7","40.000256","-75.155058","1817","6","0","0","0","0","0","0","0","0","","0","0","0","","","1","N","0","","40 00:00.920","4","0","75 09:18.210","3","0","0","0","67301","1","0","0","N","1","0","0","1","67301","0","","1.0","1915.0","1","N","N","N","0","","1","0","0","","0","Y","","2","1","0","0","0","0","0","2","0","1","","03","","N","","","","","","","","","",""
"2020053398","1453","0","0","0","0","0","0","0","0","0","1","0","","67","7","2020","5","39.965676","-75.186352","1444","6","0","0","0","0","0","1","0","0","","0","0","0","","","1","N","0","","39 57:56.434","","0","75 11:10.868","8","0","0","0","67301","0","0","0","N","0","0","0","2","68K01","0","","1.0","","1","N","N","N","0","","0","0","2","","0","","","2","1","0","0","0","1","0","2","0","2","","","","N","","","","","","","","","",""
"2020048728","1555","0","0","0","0","0","0","0","0","0","8","1","","67","5","2020","3","39.962903","-75.164657","1548","6","0","0","0","0","0","0","0","0","","0","1","0","","","1","","1","","39 57:46.450","","0","75 09:52.765","3","0","0","0","67301","1","0","0","N","1","0","0","2","67301","0","","1.0","","1","N","N","N","0","","1","0","0","","2","","","2","1","1","0","0","0","0","2","0","1","","03","","N","","","","","","","","","",""
"2020051370","2055","0","0","0","0","0","0","0","0","0","5","0","","67","6","2020","7","39.968533","-75.233836","2050","6","0","0","0","0","0","0","0","0","","0","0","0","","","0","N","0","","39 58:06.720","","0","75 14:01.810","0","0","0","0","67301","0","0","0","N","0","0","0","1","67301","0","","1.0","","1","N","N","N","0","","0","0","1","","0","","","2","0","0","0","0","0","0","2","0","2","","03","","N","","","","","","","","","",""
"2020011777","1845","2","0","0","0","0","0","0","0","0","4","0","","67","1","2020","5","40.118881","-75.017968","1841","6","0","0","0","0","0","0","0","0","","0","0","0","","","2","","1","","40 07:07.973","","0","75 01:04.686","4","0","0","0","67301","0","0","0","N","0","0","0","2","67301","2","","1.0","","1","N","N","N","0","","0","0","0","","2","","","2","2","0","0","0","0","0","2","0","2","","03","","N","","","","","","","","","",""
"2020011412","1951","1","0","0","0","0","0","0","0","0","4","0","","67","1","2020","2","40.052316","-75.007986","1950","6","0","0","0","0","0","0","0","1","","0","0","0","","","2","","1","","40 03:08.339","","0","75 00:28.750","2","0","0","0","67301","0","0","0","N","0","0","0","7","67301","0","","1.0","","1","N","N","N","0","","1","1","1","","2","","","3","2","1","0","1","0","0","2","1","3","","03","","N","","","","","","","","","",""
"2020005838","2020","0","0","0","0","0","0","0","0","0","8","0","","67","1","2020","4","39.973833","-75.206444","2014","6","0","0","0","0","0","0","0","0","","0","0","0","","","1","","1","","39 58:25.797","","0","75 12:23.198","3","0","0","0","67301","1","0","0","N","1","0","0","2","67301","0","","1.0","","1","N","N","N","0","","1","0","0","","2","","","2","1","0","0","0","0","0","2","0","1","","03","","N","","","","","","","","","",""
"2020014563","2056","0","0","0","0","0","0","0","0","0","7","0","","67","2","2020","7","40.039623","-75.007232","2050","6","0","0","0","0","0","0","0","0","","0","0","0","","","0","N","0","","40 02:22.644","","0","75 00:26.035","0","0","0","0","67301","0","0","0","N","0","0","0","2","68K01","0","","4.0","","9","N","N","N","1","","0","0","0","","0","","","1","0","0","0","0","0","0","2","0","1","","07","","N","","","","","","","","","",""
"2020003866","1350","1","0","0","0","0","0","0","0","0","0","0","","67","1","2020","5","39.900442","-75.234369","1350","6","0","0","0","0","0","0","0","0","","0","0","0","","","1","N","0","","39 54:01.590","","0","75 14:03.730","8","0","0","0","67301","0","0","0","N","0","0","0","1","67301","0","","5.0","","1","N","N","N","0","","0","0","0","","0","","","1","1","0","0","0","1","0","2","0","1","","03","","N","","","","","","","","","",""
"2020052504","1900","0","0","0","0","0","0","0","0","0","4","0","","67","7","2020","1","39.960281","-75.239755","1840","6","0","0","0","0","0","1","0","0","","0","0","0","","","0","N","0","","39 57:37.012","","0","75 14:23.117","0","0","0","0","67301","0","0","0","N","0","0","0","2","67301","0","","1.0","","1","N","N","N","0","","0","0","2","","0","","","2","0","0","0","0","0","0","2","0","2","","","","N","","","","","","","","","",""
"2020052080","1057","0","0","0","0","0","0","0","0","0","1","2","","67","6","2020","4","39.94538","-75.190392","1039","6","0","0","0","0","0","1","0","0","","0","2","0","","","0","N","6","","39 56:43.369","","2","75 11:25.410","0","0","0","0","67301","0","0","0","N","0","0","0","2","68K01","0","","1.0","","1","N","N","N","0","","0","0","0","","4","","","2","0","0","0","0","0","0","2","0","2","","03","","N","","","","","","","","","",""
"2020007316","0040","1","0","0","0","0","0","0","0","0","8","0","","67","1","2020","7","39.964778","-75.132478","0035","6","0","0","0","0","0","1","0","0","","0","0","0","","","1","N","0","","39 57:53.200","","7","75 07:56.920","3","0","0","0","67301","1","0","0","N","1","0","0","2","67301","0","","1.0","","9","N","N","N","0","","1","0","0","","3","","","2","1","0","0","0","0","0","2","0","1","","03","","N","","","","","","","","","",""
"2020013136","2220","1","0","0","0","0","0","0","0","0","4","0","","67","1","2020","5","40.018988","-75.093359","2220","6","0","0","0","0","0","1","0","0","","0","0","0","","","0","","1","","40 01:08.356","","0","75 05:36.092","0","0","0","0","67301","0","0","0","N","0","0","0","2","67301","0","","1.0","","1","N","N","N","0","","0","0","1","","3","","","2","0","0","0","0","0","0","2","0","2","","03","","N","","","","","","","","","",""
"2020003525","1356","1","0","0","0","0","0","0","0","0","8","0","","67","1","2020","4","39.926214","-75.17422","1355","6","0","0","0","0","0","0","0","1","","0","0","0","","","1","","1","","39 55:34.370","","0","75 10:27.191","2","0","0","0","67301","1","0","1","N","1","0","1","2","67301","0","","1.0","","1","N","N","N","0","","0","1","0","","3","","","2","1","0","0","0","0","0","2","0","1","","03","","N","","","","","","","","","",""
"2020013107","0300","1","0","0","0","0","0","0","0","0","4","0","","67","2","2020","1","39.947876","-75.213894","0259","6","0","0","0","0","0","0","0","0","","0","0","0","","","0","","1","","39 56:52.353","","99","75 12:50.018","0","0","0","0","67301","0","0","0","N","0","0","0","2","67301","0","","1.0","","9","N","N","N","0","","0","0","1","","3","","","2","0","2","0","0","0","0","2","0","2","","","","N","","","","","","","","","",""
"2020011266","1102","1","0","0","0","0","0","0","0","0","7","0","","67","1","2020","3","39.913546","-75.221594","1047","6","0","0","0","0","0","0","0","0","","0","0","0","","","0","N","0","","39 54:48.764","","0","75 13:17.739","0","0","0","0","67301","0","0","0","N","0","0","0","1","67301","0","","5.0","","1","N","N","N","0","","0","0","0","","2","","","1","0","0","0","0","0","0","2","0","1","","","","N","","","","","","","","","",""
"2020012911","1340","0","0","0","1","0","0","0","0","0","8","0","","67","2","2020","7","40.03951","-75.03345","1300","6","0","0","0","0","0","0","0","0","","0","0","0","","","1","","1","","40 02:22.235","","0","75 02:00.419","3","0","0","0","67301","1","0","0","N","0","0","0","3","67301","0","","1.0","","1","N","N","N","0","","1","0","0","","2","","","2","1","0","0","0","0","1","2","0","1","","04","","N","","","","","","","","","",""
"2020012347","1734","0","0","0","0","0","0","0","0","0","8","0","","67","1","2020","6","39.952128","-75.161449","1730","6","0","0","0","0","0","0","0","0","","0","0","0","","","1","","1","","39 57:07.661","","0","75 09:41.216","3","0","0","0","67301","1","0","0","N","1","0","0","2","67301","0","","1.0","","1","N","N","N","0","","1","0","1","","2","","","2","1","1","0","0","0","0","2","0","1","","03","","N","","","","","","","","","",""
"2020009570","1745","1","0","0","0","0","0","0","0","0","8","0","","67","1","2020","3","39.965087","-75.16075","1740","6","0","0","0","0","0","0","0","0","","0","0","0","","","1","","1","","39 57:54.312","","0","75 09:38.700","3","0","0","0","67301","1","0","0","N","1","0","0","2","67301","0","","1.0","","9","N","N","N","0","","1","0","0","","2","","","2","1","1","0","0","0","0","2","0","1","","07","","N","","","","","","","","","",""
"2020003721","0336","2","0","0","0","0","0","0","0","0","5","0","","67","1","2020","6","40.021531","-75.115325","0327","6","0","0","0","0","0","0","0","0","","0","0","0","","","0","N","0","","40 01:17.510","","0","75 06:55.170","0","0","0","0","67301","0","0","0","N","0","0","0","1","67301","0","","6.0","","1","N","N","N","0","","0","0","1","","0","","","3","0","0","0","0","0","0","2","0","3","","03","","N","","","","","","","","","",""
"2020053206","1956","1","0","0","0","0","0","0","0","0","5","0","","67","6","2020","2","39.970258","-75.192892","1952","6","0","0","0","0","0","0","0","0","","0","0","0","","","0","N","0","","39 58:12.928","3","0","75 11:34.412","9","0","0","0","67301","0","0","0","N","0","0","0","2","68K01","0","","1.0","100.0","1","N","N","N","1","","0","0","0","","0","N","","2","0","0","0","0","0","1","2","0","2","","","","N","","","","","","","","","",""
"2020007288","1746","0","0","0","0","0","0","0","0","0","8","0","","67","1","2020","4","39.992692","-75.144488","1740","6","0","0","0","0","0","0","0","0","","0","0","0","","","1","N","2","","39 59:33.692","","0","75 08:40.155","3","0","0","0","67301","1","0","0","N","1","0","0","2","67301","0","","1.0","","1","N","N","N","0","","1","0","0","","0","","","2","1","0","0","0","0","0","2","0","1","","03","","N","","","","","","","","","",""
"2020050262","0435","0","0","0","0","0","0","0","0","0","5","1","","67","6","2020","5","39.915021","-75.221305","0431","6","0","0","0","0","0","0","0","0","","0","1","0","","","3","N","0","","39 54:54.077","","0","75 13:16.697","4","0","0","0","67301","0","0","0","N","0","0","0","3","67301","3","","6.0","","1","N","N","N","0","","0","0","1","","0","","","3","3","1","0","0","0","0","2","1","3","","03","","N","","","","","","","","","",""
"2020013022","0201","1","0","0","0","0","0","0","0","0","7","0","","67","2","2020","7","40.036859","-75.01456","0201","6","0","0","0","0","0","0","0","0","","0","0","0","","","0","N","0","","40 02:12.693","2","0","75 00:52.416","0","0","0","0","67301","0","0","0","N","0","0","0","1","68K01","0","","4.0","100.0","1","N","N","N","0","","0","0","0","","0","N","","1","0","0","0","0","0","0","2","0","1","","","","N","","","","","","","","","",""