"CRN","ARRIVAL_TM","AUTOMOBILE_COUNT","BELTED_DEATH_COUNT","BELTED_SUSP_SERIOUS_INJ_COUNT","BICYCLE_COUNT","BICYCLE_DEATH_COUNT","BICYCLE_SUSP_SERIOUS_INJ_COUNT","BUS_COUNT","CHLDPAS_DEATH_COUNT","CHLDPAS_SUSP_SERIOUS_INJ_COUNT","COLLISION_TYPE","COMM_VEH_COUNT","CONS_ZONE_SPD_LIM","COUNTY","CRASH_MONTH","CRASH_YEAR","DAY_OF_WEEK","DEC_LATITUDE","DEC_LONGITUDE","DISPATCH_TM","DISTRICT","DRIVER_COUNT_16YR","DRIVER_COUNT_17YR","DRIVER_COUNT_18YR","DRIVER_COUNT_19YR","DRIVER_COUNT_20YR","DRIVER_COUNT_50_64YR","DRIVER_COUNT_65_74YR","DRIVER_COUNT_75PLUS","EST_HRS_CLOSED","FATAL_COUNT","HEAVY_TRUCK_COUNT","HORSE_BUGGY_COUNT","HOUR_OF_DAY","ILLUMINATION","INJURY_COUNT","INTERSECTION_RELATED","INTERSECT_TYPE","LANE_CLOSED","LATITUDE","LN_CLOSE_DIR","LOCATION_TYPE","LONGITUDE","MAX_SEVERITY_LEVEL","MCYCLE_DEATH_COUNT","MCYCLE_SUSP_SERIOUS_INJ_COUNT","MOTORCYCLE_COUNT","MUNICIPALITY","NONMOTR_COUNT","NONMOTR_DEATH_COUNT","NONMOTR_SUSP_SERIOUS_INJ_COUNT","NTFY_HIWY_MAINT","PED_COUNT","PED_DEATH_COUNT","PED_SUSP_SERIOUS_INJ_COUNT","PERSON_COUNT","POLICE_AGCY","POSSIBLE_INJ_COUNT","RDWY_SURF_TYPE_CD","RELATION_TO_ROAD","ROADWAY_CLEARED","ROAD_CONDITION","SCH_BUS_IND","SCH_ZONE_IND","SECONDARY_CRASH","SMALL_TRUCK_COUNT","SPEC_JURIS_CD","SUSP_MINOR_INJ_COUNT","SUSP_SERIOUS_INJ_COUNT","SUV_COUNT","TCD_FUNC_CD","TCD_TYPE","TFC_DETOUR_IND","TIME_OF_DAY","TOTAL_UNITS","TOT_INJ_COUNT","UNBELTED_OCC_COUNT","UNB_DEATH_COUNT","UNB_SUSP_SERIOUS_INJ_COUNT","UNK_INJ_DEG_COUNT","UNK_INJ_PER_COUNT","URBAN_RURAL","VAN_COUNT","VEHICLE_COUNT","WEATHER1","WEATHER2","WORKERS_PRES","WORK_ZONE_IND","WORK_ZONE_LOC","WORK_ZONE_TYPE","WZ_CLOSE_DETOUR","WZ_FLAGGER","WZ_LAW_OFFCR_IND","WZ_LN_CLOSURE","WZ_MOVING","WZ_OTHER","WZ_SHLDER_MDN","WZ_WORKERS_INJ_KILLED"
"2020005411","0919","1","0","0","0","0","0","0","0","0","8","0","","67","1","2020","4","39.963903","-75.193056","0913","6","0","0","0","0","0","0","0","0","","0","0","0","","","1","","1","","39 57:50.050","","0","75 11:35.001","4","0","0","0","67301","1","0","0","N","1","0","0","2","67301","1","","1.0","","9","N","Y","N","0","","0","0","0","","3","","","2","1","0","0","0","0","0","2","0","1","","03","","N","","","","","","","","","",""
"2020036344","0912","1","0","0","0","0","0","0","0","0","4","0","","67","1","2020","5","39.969715","-75.140873","0910","6","0","0","0","0","0","0","0","0","","0","0","0","","","0","N","0","","39 58:10.974","","0","75 08:27.143","9","0","0","0","67301","0","0","0","N","0","0","0","2","67301","0","","1.0","","1","N","N","N","0","","0","0","1","","0","","","2","0","0","0","0","0","1","2","0","2","","03","","N","","","","","","","","","",""
"2020050026","0035","0","0","0","0","0","0","0","0","0","7","0","","67","6","2020","2","39.891478","-75.226186","0030","6","0","0","0","0","0","0","0","0","","1","0","0","","","0","N","0","","39 53:29.321","","0","75 13:34.268","1","1","0","1","67301","0","0","0","N","0","0","0","1","67301","0","2","4.0","","1","N","N","N","0","0","0","0","0","","0","","","1","0","0","0","0","0","0","2","0","1","","03","","N","","","","","","","","","",""
"2020015759","0926","1","0","0","0","0","0","0","0","0","5","0","","67","1","2020","7","40.031302","-75.084467","0925","6","0","0","0","0","0","1","0","0","","0","0","0","","","1","N","0","","40 01:52.686","","0","75 05:04.080","3","0","0","0","67301","0","0","0","N","0","0","0","6","67301","0","","1.0","","6","N","N","N","0","","1","0","0","","0","","","2","1","0","0","0","0","0","2","0","2","","","","N","","","","","","","","","",""
"2020006870","0830","1","0","0","0","0","0","0","0","0","1","0","","67","1","2020","3","40.020398","-75.140103","0820","6","0","0","0","0","0","1","0","0","","0","0","0","","","1","","1","","40 01:13.432","","0","75 08:24.370","8","0","0","0","67301","0","0","0","N","0","0","0","2","67301","0","","1.0","","1","N","N","N","0","","0","0","1","","2","","","2","1","0","0","0","1","0","2","0","2","","03","","N","","","","","","","","","",""
"2020011850","1905","0","0","0","0","0","0","0","0","0","4","0","","67","1","2020","5","39.960019","-75.195267","1856","6","0","0","0","0","0","0","0","0","","0","0","0","","","1","N","0","","39 57:36.070","","0","75 11:42.960","4","0","0","0","67301","0","0","0","N","0","0","0","1","67301","1","","1.0","","1","N","N","N","0","","0","0","1","","3","","","2","1","0","0","0","0","0","2","1","2","","03","","N","","","","","","","","","",""
"2020052891","2337","0","0","0","0","0","0","0","0","0","0","0","","67","7","2020","2","39.996175","-75.201903","2325","6","0","0","0","0","0","0","0","0","","1","0","0","","","1","N","0","","39 59:46.230","3","0","75 12:06.850","1","0","0","0","67301","0","0","0","N","0","0","0","2","67301","0","2","2.0","2345.0","9","N","N","N","0","0","1","0","1","","0","Y","","1","1","0","0","0","0","0","2","0","1","","03","","N","","","","","","","","","",""
"2020009953","1743","1","0","0","0","0","0","0","0","0","4","0","","67","1","2020","7","39.922622","-75.241308","1742","6","0","0","0","0","0","0","0","0","","0","0","0","","","1","","5","","39 55:21.439","","0","75 14:28.708","3","0","0","0","67301","0","0","0","N","0","0","0","2","67301","0","","1.0","","9","N","N","N","0","","1","0","1","","3","","","2","1","0","0","0","0","0","2","0","2","","03","","N","","","","","","","","","",""
"2020008776","2150","1","0","1","0","0","0","0","0","0","4","0","","67","1","2020","7","40.049351","-75.067912","2145","6","0","0","0","1","0","0","0","0","","0","0","0","","","1","","1","","40 02:57.663","","0","75 04:04.482","2","0","0","0","67301","0","0","0","N","0","0","0","5","67301","0","","1.0","","1","N","N","N","0","","0","1","1","","2","","","2","1","0","0","0","0","0","2","0","2","","03","","N","","","","","","","","","",""
"2020052830","1718","0","0","0","0","0","0","0","0","0","1","0","","67","6","2020","7","39.959092","-75.171632","1707","6","0","0","0","0","0","0","1","0","","0","0","0","","","0","N","0","","39 57:32.730","4","0","75 10:17.874","0","0","0","0","67301","0","0","0","N","0","0","0","6","68K01","0","","1.0","1725.0","1","N","N","N","0","","0","0","3","","0","N","","3","0","0","0","0","0","0","2","0","3","","","","N","","","","","","","","","",""
"2020050787","0125","2","0","0","0","0","0","0","0","0","4","0","","67","6","2020","1","39.984639","-75.167814","0117","6","0","0","0","0","0","0","0","0","","0","0","0","","","0","N","0","","39 59:04.700","4","0","75 10:04.130","0","0","0","0","67301","0","0","0","N","0","0","0","0","67301","0","","1.0","300.0","1","N","N","N","0","","0","0","1","","0","Y","","3","0","0","0","0","0","0","2","0","3","","","","N","","","","","","","","","",""
"2020007827","1456","3","0","0","0","0","0","0","0","0","4","0","","67","1","2020","4","40.032921","-75.029754","1444","6","0","0","0","0","0","0","0","0","","0","0","0","","","3","","1","","40 01:58.515","2","0","75 01:47.113","3","0","0","0","67301","0","0","0","N","0","0","0","3","67301","0","","1.0","1545.0","1","N","N","N","0","","3","0","0","","0","N","","3","3","0","0","0","0","0","2","0","3","","","","N","","","","","","","","","",""
"2020008274","0805","0","0","0","0","0","0","0","0","0","4","0","","67","1","2020","2","40.014556","-75.131722","0803","6","0","0","0","0","0","0","0","0","","0","0","0","","","0","N","0","","40 00:52.400","","7","75 07:54.200","0","0","0","0","67301","0","0","0","N","0","0","0","2","67301","0","","1.0","","2","N","N","N","0","","0","0","1","","0","","","2","0","0","0","0","0","0","2","0","2","","","","N","","","","","","","","","",""
"2020007375","0001","2","0","0","0","0","0","0","0","0","5","0","","67","1","2020","7","39.941892","-75.169228","2358","6","0","0","0","0","0","0","0","0","","0","0","0","","","0","N","0","","39 56:30.810","1","0","75 10:09.220","0","0","0","0","67301","0","0","0","N","0","0","0","1","67301","0","","6.0","1.0","9","N","N","N","1","","0","0","0","","0","N","","3","0","0","0","0","0","0","2","0","3","","03","","N","","","","","","","","","",""
"2020007100","1246","3","0","0","0","0","0","0","0","0","5","0","","67","1","2020","7","40.050289","-75.177797","1246","6","0","0","0","0","0","0","0","0","","0","0","0","","","0","N","0","","40 03:01.040","","0","75 10:40.070","0","0","0","0","67301","0","0","0","N","0","0","0","1","67301","0","","6.0","","7","N","N","N","0","","0","0","0","","0","","","3","0","0","0","0","0","0","2","0","3","","06","","N","","","","","","","","","",""
"2020003716","1538","0","0","0","0","0","0","0","0","0","5","0","","67","1","2020","4","40.059556","-75.238016","1533","6","0","0","0","0","0","0","1","0","","0","0","0","","","1","N","0","","40 03:34.400","5","0","75 14:16.857","8","0","0","0","67301","0","0","0","N","0","0","0","1","67301","0","","6.0","430.0","1","N","N","N","0","","0","0","2","","0","Y","","2","1","0","0","0","1","0","2","0","2","","03","","N","","","","","","","","","",""
"2020008754","0945","4","0","0","0","0","0","0","0","0","5","0","","67","1","2020","4","39.989143","-75.165727","0939","6","0","0","0","0","0","0","0","0","","0","0","0","","","1","N","0","","39 59:20.916","3","0","75 09:56.618","3","0","0","0","67301","0","0","0","N","0","0","0","2","67301","0","","1.0","1130.0","1","N","N","N","0","","1","0","1","","0","N","","5","1","0","0","0","0","0","2","0","5","","03","","N","","","","","","","","","",""
"2020012780","0844","1","0","0","0","0","0","0","0","0","7","0","","67","2","2020","1","40.0371","-75.149147","0843","6","0","0","0","0","0","0","0","0","","0","0","0","","","0","N","0","","40 02:13.560","","7","75 08:56.930","0","0","0","0","67301","0","0","0","N","0","0","0","1","67301","0","","4.0","","1","N","N","N","0","","0","0","0","","2","","","1","0","0","0","0","0","0","2","0","1","","03","","N","","","","","","","","","",""
"2020053201","1825","1","0","0","0","0","0","0","0","0","1","0","","67","6","2020","1","39.960102","-75.179698","1815","6","0","0","0","0","0","0","1","0","","0","0","0","","","1","N","0","","39 57:36.368","4","0","75 10:46.912","8","0","0","0","67301","0","0","0","N","0","0","0","3","68K01","0","","1.0","1900.0","1","N","N","N","1","","0","0","1","","0","N","","3","1","0","0","0","1","0","2","0","3","","","","N","","","","","","","","","",""
"2020013133","1625","0","0","0","0","0","0","0","0","0","4","0","","67","1","2020","5","40.030772","-75.104303","1616","6","0","0","0","0","0","0","0","0","","0","0","0","","","2","N","0","","40 01:50.778","3","7","75 06:15.489","3","0","0","0","67301","0","0","0","N","0","0","0","3","67301","0","","1.0","600.0","1","N","N","N","0","","2","0","2","","0","N","","2","2","0","0","0","0","0","2","0","2","","","","N","","","","","","","","","",""
"2020015763","1320","2","0","0","0","0","0","0","0","0","4","0","","67","1","2020","3","40.019228","-75.044921","1300","6","0","0","0","0","0","0","0","0","","0","0","0","","","1","","1","","40 01:09.219","","0","75 02:41.715","3","0","0","0","67301","0","0","0","N","0","0","0","2","67301","0","","1.0","","1","N","N","N","0","","1","0","0","","2","","","2","1","0","0","0","0","0","2","0","2","","","","N","","","","","","","","","",""
"2020004356","1651","1","0","0","0","0","0","0","0","0","1","0","","67","1","2020","6","39.994383","-75.07905","1649","6","0","0","0","0","0","0","0","0","","0","0","0","","","0","","2","","39 59:39.778","4","2","75 04:44.579","0","0","0","0","67301","0","0","0","N","0","0","0","3","67501","0","","1.0","1702.0","1","N","N","N","0","","0","0","1","","2","Y","","2","0","0","0","0","0","0","2","0","2","","04","","N","","","","","","","","","",""
"2020027500","0142","1","0","0","0","0","0","0","0","0","7","0","","67","1","2020","1","39.957886","-75.164757","0133","6","0","0","0","0","0","0","0","0","","0","0","0","","","0","N","0","","39 57:28.390","3","2","75 09:53.125","9","0","0","0","67301","0","0","0","N","0","0","0","1","68K01","0","","2.0","20.0","9","N","N","N","0","","0","0","0","","0","Y","","1","0","0","0","0","0","1","2","0","1","","","","N","","","","","","","","","",""
"2020012900","1045","3","0","0","0","0","0","0","0","0","1","0","","67","1","2020","3","40.029001","-75.058696","1040","6","0","0","0","1","0","0","0","0","","0","0","0","","","3","N","0","","40 01:44.403","3","0","75 03:31.305","3","0","0","0","67301","0","0","0","N","0","0","0","3","67301","0","","6.0","1200.0","1","N","N","N","0","","3","0","0","","0","N","","4","3","0","0","0","0","0","2","1","4","","","","N","","","","","","","","","",""
"2020009863","1800","2","0","0","0","0","0","0","0","0","4","0","","67","1","2020","6","40.010726","-75.15081","1800","6","0","0","0","0","0","0","0","0","","0","0","0","","","0","","1","","40 00:38.613","","0","75 09:02.915","0","0","0","0","67301","0","0","0","N","0","0","0","2","67301","0","","1.0","","1","N","N","N","0","","0","0","0","","2","","","2","0","0","0","0","0","0","2","0","2","","03","","N","","","","","","","","","",""
"2020012260","0945","1","0","0","0","0","0","0","0","0","1","0","","67","1","2020","6","39.922972","-75.191749","0930","6","0","0","0","0","0","1","1","0","","0","0","0","","","0","N","0","","39 55:22.698","","2","75 11:30.297","0","0","0","0","67301","0","0","0","N","0","0","0","2","67301","0","","1.0","","1","N","N","N","0","","0","0","1","","0","","","2","0","0","0","0","0","0","2","0","2","","","","N","","","","","","","","","",""
"2020014380","0730","0","0","0","0","0","0","0","0","0","8","0","","67","1","2020","4","40.023401","-75.151471","0723","6","0","0","0","0","0","0","0","0","","0","0","0","","","1","","1","","40 01:24.245","","0","75 09:05.296","8","0","0","0","67301","1","0","0","N","1","0","0","2","67301","0","","1.0","","1","N","N","N","0","","0","0","1","","3","","","2","1","0","0","0","1","0","2","0","1","","","","N","","","","","","","","","",""
"2020006511","2315","0","0","0","0","0","0","0","0","0","8","0","","67","1","2020","5","40.047488","-75.091868","2310","6","0","0","0","0","0","0","0","0","","0","0","0","","","1","","1","","40 02:50.956","","0","75 05:30.725","3","0","0","0","67301","1","0","0","N","1","0","0","2","67301","0","","1.0","","1","N","N","N","0","","1","0","1","","2","","","2","1","0","0","0","0","0","2","0","1","","03","","N","","","","","","","","","",""
"2020010027","0646","1","0","0","0","0","0","0","0","0","1","0","","67","1","2020","6","39.977544","-75.20098","0646","6","0","0","0","0","0","1","0","0","","0","0","0","","","0","N","0","","39 58:39.160","3","0","75 12:03.529","0","0","0","0","67301","0","0","0","N","0","0","0","2","68K01","0","","1.0","30.0","1","N","N","N","1","","0","0","0","","0","N","","2","0","0","0","0","0","0","2","0","2","","","","N","","","","","","","","","",""
"2020013952","2043","1","0","0","0","0","0","0","0","0","4","0","","67","2","2020","7","40.012972","-75.119192","2043","6","0","0","0","0","0","0","0","0","","0","0","0","","","2","N","0","","40 00:46.700","","7","75 07:09.090","3","0","0","0","67301","0","0","0","N","0","0","0","5","67301","0","","1.0","","9","N","N","N","0","","2","0","0","","2","","","2","2","1","0","0","0","1","2","1","2","","07","","N","","","","","","","","","",""
"2020050505","1313","1","0","0","0","0","0","0","0","0","1","0","","67","6","2020","1","40.031195","-75.021422","1313","6","0","0","0","0","0","0","0","0","","0","0","0","","","1","N","0","","40 01:52.302","1","0","75 01:17.120","3","0","0","0","67301","0","0","0","N","0","0","0","7","68K01","0","","1.0","1320.0","1","N","N","N","2","","1","0","0","","8","N","","3","1","0","0","0","0","0","2","0","3","","03","","N","","","","","","","","","",""
"2020009949","0040","0","0","0","0","0","0","0","0","0","6","0","","67","1","2020","7","40.035731","-75.217119","0040","6","0","0","0","0","0","0","0","0","","0","0","0","","","0","Y","0","","40 02:08.630","","0","75 13:01.630","9","0","0","0","67301","0","0","0","N","0","0","0","2","67301","0","","1.0","","1","N","N","N","0","","0","0","1","","0","","","2","0","0","0","0","0","1","2","0","2","","03","","N","","","","","","","","","",""
"2020004009","2355","1","0","0","0","0","0","0","0","0","8","0","","67","1","2020","4","40.029908","-75.14601","2343","6","0","0","0","0","0","0","0","0","","0","0","0","","","1","","1","","40 01:47.668","","0","75 08:45.635","3","0","0","0","67301","1","0","0","N","1","0","0","2","67301","0","","1.0","","98","N","N","N","0","","1","0","0","","2","","","2","1","0","0","0","0","0","2","0","1","","","","N","","","","","","","","","",""
"2020006864","1833","2","0","0","0","0","0","0","0","0","1","0","","67","1","2020","7","40.036732","-75.064498","1833","6","0","0","0","0","0","0","1","0","","0","0","0","","","0","","1","","40 02:12.235","","0","75 03:52.193","0","0","0","0","67301","0","0","0","N","0","0","0","2","67301","0","","1.0","","1","N","N","N","0","","0","0","0","","2","","","2","0","2","0","0","0","0","2","0","2","","04","","N","","","","","","","","","",""
"2020009663","0918","1","0","0","0","0","0","0","0","0","4","0","","67","1","2020","7","39.92685","-75.169077","0916","6","0","0","0","0","0","0","0","1","","0","0","0","","","1","","1","","39 55:36.660","","0","75 10:08.677","3","0","0","0","67301","0","0","0","N","0","0","0","3","67301","0","","1.0","","9","N","N","N","0","","1","0","1","","2","","","2","1","0","0","0","0","0","2","0","2","","04","","N","","","","","","","","","",""
"2020009571","1545","1","0","0","0","0","0","0","0","0","4","0","","67","1","2020","6","39.959696","-75.155849","1536","6","0","0","0","0","0","1","0","0","","0","0","0","","","1","","1","","39 57:34.905","6","0","75 09:21.056","8","0","0","0","67301","0","0","0","N","0","0","0","2","67301","0","","1.0","1600.0","1","N","N","N","0","","0","0","1","","3","Y","","2","1","0","0","0","1","0","2","0","2","","","","N","","","","","","","","","",""
"2020044891","0715","1","0","0","0","0","0","0","0","0","5","0","","67","5","2020","6","39.943525","-75.246681","0705","6","0","0","0","0","0","1","0","0","","0","0","0","","","1","N","0","","39 56:36.689","","6","75 14:48.050","3","0","0","0","67301","0","0","0","N","0","0","0","2","67508","0","","1.0","","1","N","N","N","0","","1","0","0","","0","","","2","1","0","0","0","0","0","2","0","2","","","","N","","","","","","","","","",""
"2020005756","1035","0","0","0","0","0","0","0","0","0","1","0","","67","1","2020","5","39.959879","-75.177839","1025","6","0","0","0","0","0","0","0","0","","0","0","0","","","0","N","0","","39 57:35.563","","0","75 10:40.221","0","0","0","0","67301","0","0","0","N","0","0","0","2","68K01","0","","1.0","","1","N","N","N","1","","0","0","1","","0","","","2","0","0","0","0","0","0","2","0","2","","","","N","","","","","","","","","",""
"2020006958","1408","1","0","0","0","0","0","0","0","0","4","0","","67","1","2020","6","40.066769","-75.234816","1358","6","0","0","0","0","0","0","1","1","","0","0","0","","","1","","1","","40 04:00.368","","0","75 14:05.337","3","0","0","0","67301","0","0","0","N","0","0","0","2","67301","0","","1.0","","1","N","N","N","0","","1","0","1","","3","","","2","1","0","0","0","0","0","2","0","2","","03","","N","","","","","","","","","",""
"2020006286","1130","2","0","0","0","0","0","0","0","0","4","0","","67","1","2020","5","39.970928","-75.139242","1130","6","0","0","0","0","0","0","1","0","","0","0","0","","","0","","1","","39 58:15.340","","0","75 08:21.271","0","0","0","0","67301","0","0","0","N","0","0","0","2","67301","0","","1.0","","1","N","N","N","0","","0","0","0","","2","","","2","0","0","0","0","0","0","2","0","2","","03","","N","","","","","","","","","",""
"2020010775","0935","1","0","0","0","0","0","0","0","0","7","0","","67","1","2020","2","39.972731","-75.261833","0925","6","0","0","0","0","0","0","0","0","","0","0","0","","","0","N","0","","39 58:21.830","","0","75 15:42.600","0","0","0","0","67301","0","0","0","N","0","0","0","1","67301","0","","4.0","","1","N","N","N","0","","0","0","0","","0","","","1","0","0","0","0","0","0","2","0","1","","03","","N","","","","","","","","","",""
"2020014224","2315","2","0","0","0","0","0","0","0","0","4","0","","67","2","2020","1","40.044137","-75.143513","2310","6","0","0","0","0","0","0","0","0","","0","0","0","","","1","N","0","","40 02:38.893","","0","75 08:36.645","3","0","0","0","67301","0","0","0","N","0","0","0","2","67301","0","","1.0","","1","N","N","N","0","","1","0","0","","9","","","2","1","1","0","0","0","0","2","0","2","","98","","N","","","","","","","","","",""
"2020053455","1612","2","0","0","0","0","0","0","0","0","2","0","","67","7","2020","2","40.031222","-75.021724","1612","6","0","0","0","1","0","0","0","0","","0","0","0","","","1","","2","","40 01:52.399","2","0","75 01:18.206","4","0","0","0","67301","0","0","0","N","0","0","0","3","67301","1","","1.0","1710.0","9","N","N","N","0","","0","0","0","","2","N","","2","1","0","0","0","0","0","2","0","2","","","","N","","","","","","","","","",""
"2020006410","1540","0","0","0","0","0","0","0","0","0","1","0","","67","1","2020","6","39.939491","-75.220387","1533","6","0","0","0","0","0","0","0","0","","0","0","0","","","1","N","0","","39 56:22.168","","99","75 13:13.392","8","0","0","0","67301","0","0","0","N","0","0","0","3","67301","0","","1.0","","99","N","N","N","0","","0","0","2","","9","","","2","1","0","0","0","1","0","2","0","2","","98","","N","","","","","","","","","",""
"2020052041","1758","1","0","0","0","0","0","0","0","0","1","0","","67","6","2020","2","39.976027","-75.114614","1721","6","0","0","0","0","0","0","0","0","","0","0","0","","","0","N","0","","39 58:33.697","","0","75 06:52.612","0","0","0","0","67301","0","0","0","N","0","0","0","2","68K01","0","","1.0","","1","N","N","N","0","","0","0","1","","0","","","2","0","0","0","0","0","0","2","0","2","","","","N","","","","","","","","","",""
"2020015766","0811","1","0","0","0","0","0","0","0","0","4","0","","67","1","2020","6","40.029898","-75.087801","0730","6","0","0","0","0","0","0","0","0","","0","0","0","","","1","","1","","40 01:47.633","","0","75 05:16.085","3","0","0","0","67301","0","0","0","N","0","0","0","2","67301","0","","1.0","","1","N","N","N","0","","1","0","1","","1","","","2","1","0","0","0","0","0","2","0","2","","","","N","","","","","","","","","",""
"2020009851","1622","2","0","0","0","0","0","0","0","0","4","0","","67","1","2020","4","40.048018","-75.09282","1622","6","0","0","0","0","0","0","0","0","","0","0","0","","","0","","1","","40 02:52.866","","0","75 05:34.153","0","0","0","0","67301","0","0","0","N","0","0","0","2","67301","0","","1.0","","1","N","N","N","0","","0","0","0","","0","","","2","0","2","0","0","0","0","2","0","2","","03","","N","","","","","","","","","",""
"2020006961","1200","2","0","0","0","0","0","0","0","0","5","0","","67","1","2020","4","40.002797","-75.132433","1130","6","0","0","0","0","0","0","0","0","","0","0","0","","","0","N","0","","40 00:10.070","","0","75 07:56.760","0","0","0","0","67301","0","0","0","N","0","0","0","1","67301","0","","6.0","","99","N","N","N","0","","0","0","0","","0","","","3","0","0","0","0","0","0","2","0","3","","","","N","","","","","","","","","",""
"2020003776","1806","4","0","0","0","0","0","0","0","0","5","0","","67","1","2020","6","40.001916","-75.155392","1806","6","0","0","0","0","0","1","0","0","","0","0","0","","","0","N","0","","40 00:06.897","","0","75 09:19.412","0","0","0","0","67301","0","0","0","N","0","0","0","4","67301","0","","1.0","","1","N","N","N","0","","0","0","2","","2","","","6","0","0","0","0","0","0","2","0","6","","03","","N","","","","","","","","","",""
"2020014161","1610","2","0","0","0","0","0","0","0","0","5","0","","67","1","2020","5","39.995538","-75.19768","1602","6","0","0","0","1","0","2","0","0","","0","0","0","","","0","N","0","","39 59:43.936","","0","75 11:51.649","0","0","0","0","67301","0","0","0","N","0","0","0","4","68K01","0","","1.0","","1","N","N","N","1","","0","0","1","","0","","","4","0","0","0","0","0","0","2","0","4","","","","N","","","","","","","","","",""
"2020006825","1907","1","0","0","0","0","0","0","0","0","4","0","","67","1","2020","1","40.048028","-75.092838","1839","6","0","0","0","0","1","0","0","0","","0","0","0","","","2","","1","","40 02:52.901","","0","75 05:34.215","4","0","0","0","67301","0","0","0","N","0","0","0","3","67301","1","","1.0","","1","N","N","N","0","","0","0","1","","3","","","2","2","0","0","0","1","0","2","0","2","","","","N","","","","","","","","","",""
"2020016256","1755","1","0","0","0","0","0","0","0","0","7","0","","67","1","2020","3","39.874694","-75.254028","1740","6","0","0","0","0","0","0","0","0","","0","0","0","","","0","N","0","","39 52:28.900","","0","75 15:14.500","0","0","0","0","67301","0","0","0","N","0","0","0","1","67301","0","","4.0","","9","N","N","N","0","","0","0","0","","0","","","1","0","0","0","0","0","0","2","0","1","","","","N","","","","","","","","","",""
"2020005160","1750","1","0","0","0","0","0","0","0","0","4","0","","67","1","2020","3","39.96301","-75.158413","1745","6","0","0","0","0","0","0","0","0","","0","0","0","","","1","","1","","39 57:46.836","1","0","75 09:30.286","3","0","0","0","67301","0","0","0","N","0","0","0","3","67301","0","","1.0","1845.0","9","N","N","N","0","","1","0","1","","3","N","","2","1","0","0","0","0","0","2","0","2","","","","N","","","","","","","","","",""
"2020006833","1644","0","0","0","0","0","0","0","0","0","7","0","","67","1","2020","7","40.064106","-75.140689","1644","6","0","0","1","0","0","0","0","0","","0","0","0","","","1","N","0","","40 03:50.780","","0","75 08:26.480","3","0","0","0","67301","0","0","0","N","0","0","0","1","67301","0","","4.0","","6","N","N","N","0","","1","0","0","","0","","","1","1","0","0","0","0","0","2","1","1","","06","","N","","","","","","","","","",""
"2020013642","1145","0","0","0","0","0","0","0","0","0","8","0","","67","1","2020","7","40.025028","-75.167007","1145","6","0","0","0","0","0","0","0","0","","0","0","0","","","1","N","0","","40 01:30.100","","0","75 10:01.224","8","0","0","0","67301","1","0","0","N","1","0","0","2","67301","0","","1.0","","9","N","N","N","0","","0","0","1","","0","","","2","1","1","0","0","1","0","2","0","1","","04","","N","","","","","","","","","",""
"2020053573","1220","0","0","0","0","0","0","0","0","0","1","1","45","67","7","2020","3","40.018239","-75.048069","1204","6","0","0","0","0","0","0","0","0","","0","1","0","","","1","N","0","","40 01:05.659","","0","75 02:53.047","3","0","0","0","67301","0","0","0","N","0","0","0","2","68K01","0","","1.0","","1","N","N","N","0","","1","0","1","","0","","","2","1","0","0","0","0","0","2","0","2","","","N","Y","4","1","","","N","Y","","Y","","N"
"2020048744","2107","0","0","0","0","0","0","0","0","0","8","0","","67","6","2020","1","40.021023","-75.039294","2054","6","0","0","0","0","0","0","0","0","","0","0","0","","","1","N","0","","40 01:15.683","","0","75 02:21.458","3","0","0","0","67301","1","0","0","N","1","0","0","1","67301","0","","1.0","","1","N","N","N","0","","1","0","0","","0","","","2","1","0","0","0","0","0","2","0","1","","","","N","","","","","","","","","",""
"2020009955","1000","2","0","0","0","0","0","0","0","0","4","0","","67","1","2020","7","39.990326","-75.16297","0953","6","0","0","0","0","0","0","0","0","","0","0","0","","","1","","1","","39 59:25.173","1","0","75 09:46.691","8","0","0","0","67301","0","0","0","N","0","0","0","2","67301","0","","1.0","1100.0","9","N","N","N","0","","0","0","0","","0","Y","","2","1","0","0","0","1","0","2","0","2","","","","N","","","","","","","","","",""
"2020012905","2022","1","0","0","0","0","0","0","0","0","4","0","","67","1","2020","7","40.03088","-75.085555","2021","6","0","0","0","0","0","0","0","0","","0","0","0","","","0","","2","","40 01:51.169","","0","75 05:07.997","0","0","0","0","67301","0","0","0","N","0","0","0","2","67301","0","","1.0","","1","N","N","N","0","","0","0","1","","2","","","2","0","0","0","0","0","0","2","0","2","","03","","N","","","","","","","","","",""
"2020052258","2105","0","0","0","0","0","0","0","0","0","8","0","","67","7","2020","4","39.998589","-75.142525","2100","6","0","0","0","0","0","0","0","0","","0","0","0","","","1","N","0","","39 59:54.920","","0","75 08:33.090","2","0","0","0","67301","1","0","1","N","1","0","1","1","67301","0","","1.0","","1","N","N","N","0","","0","1","0","","0","U","","2","1","0","0","0","0","0","2","0","1","","","","N","","","","","","","","","",""
"2020054197","1538","2","0","0","0","0","0","0","0","0","1","0","","67","5","2020","3","39.929307","-75.197283","1518","6","0","0","0","0","0","0","0","0","","0","0","0","","","0","N","0","","39 55:45.505","4","0","75 11:50.220","0","0","0","0","67301","0","0","0","N","0","0","0","3","68K01","0","","1.0","1545.0","1","N","N","N","0","","0","0","0","","0","N","","2","0","0","0","0","0","0","2","0","2","","","","N","","","","","","","","","",""