"CRN","ARRIVAL_TM","AUTOMOBILE_COUNT","BELTED_DEATH_COUNT","BELTED_SUSP_SERIOUS_INJ_COUNT","BICYCLE_COUNT","BICYCLE_DEATH_COUNT","BICYCLE_SUSP_SERIOUS_INJ_COUNT","BUS_COUNT","CHLDPAS_DEATH_COUNT","CHLDPAS_SUSP_SERIOUS_INJ_COUNT","COLLISION_TYPE","COMM_VEH_COUNT","CONS_ZONE_SPD_LIM","COUNTY","CRASH_MONTH","CRASH_YEAR","DAY_OF_WEEK","DEC_LATITUDE","DEC_LONGITUDE","DISPATCH_TM","DISTRICT","DRIVER_COUNT_16YR","DRIVER_COUNT_17YR","DRIVER_COUNT_18YR","DRIVER_COUNT_19YR","DRIVER_COUNT_20YR","DRIVER_COUNT_50_64YR","DRIVER_COUNT_65_74YR","DRIVER_COUNT_75PLUS","EST_HRS_CLOSED","FATAL_COUNT","HEAVY_TRUCK_COUNT","HORSE_BUGGY_COUNT","HOUR_OF_DAY","ILLUMINATION","INJURY_COUNT","INTERSECTION_RELATED","INTERSECT_TYPE","LANE_CLOSED","LATITUDE","LN_CLOSE_DIR","LOCATION_TYPE","LONGITUDE","MAX_SEVERITY_LEVEL","MCYCLE_DEATH_COUNT","MCYCLE_SUSP_SERIOUS_INJ_COUNT","MOTORCYCLE_COUNT","MUNICIPALITY","NONMOTR_COUNT","NONMOTR_DEATH_COUNT","NONMOTR_SUSP_SERIOUS_INJ_COUNT","NTFY_HIWY_MAINT","PED_COUNT","PED_DEATH_COUNT","PED_SUSP_SERIOUS_INJ_COUNT","PERSON_COUNT","POLICE_AGCY","POSSIBLE_INJ_COUNT","RDWY_SURF_TYPE_CD","RELATION_TO_ROAD","ROADWAY_CLEARED","ROAD_CONDITION","SCH_BUS_IND","SCH_ZONE_IND","SECONDARY_CRASH","SMALL_TRUCK_COUNT","SPEC_JURIS_CD","SUSP_MINOR_INJ_COUNT","SUSP_SERIOUS_INJ_COUNT","SUV_COUNT","TCD_FUNC_CD","TCD_TYPE","TFC_DETOUR_IND","TIME_OF_DAY","TOTAL_UNITS","TOT_INJ_COUNT","UNBELTED_OCC_COUNT","UNB_DEATH_COUNT","UNB_SUSP_SERIOUS_INJ_COUNT","UNK_INJ_DEG_COUNT","UNK_INJ_PER_COUNT","URBAN_RURAL","VAN_COUNT","VEHICLE_COUNT","WEATHER1","WEATHER2","WORKERS_PRES","WORK_ZONE_IND","WORK_ZONE_LOC","WORK_ZONE_TYPE","WZ_CLOSE_DETOUR","WZ_FLAGGER","WZ_LAW_OFFCR_IND","WZ_LN_CLOSURE","WZ_MOVING","WZ_OTHER","WZ_SHLDER_MDN","WZ_WORKERS_INJ_KILLED"
"2020048595","0140","1","0","0","0","0","0","0","0","0","4","0","","67","6","2020","2","40.044915","-75.143343","0140","6","0","0","0","0","0","2","0","0","","0","0","0","","","5","N","0","","40 02:41.693","1","7","75 08:36.034","2","0","0","0","67301","0","0","0","N","0","0","0","5","67301","3","","1.0","358.0","1","N","N","N","0","","0","1","1","","0","Y","","2","5","1","0","1","1","0","2","0","2","","","","N","","","","","","","","","",""
"2020004691","2144","0","0","0","0","0","0","0","0","0","8","0","","67","1","2020","7","39.944703","-75.238864","2143","6","0","0","0","0","0","0","0","0","","0","0","0","","","1","N","0","","39 56:40.931","2","0","75 14:19.910","3","0","0","0","67301","1","0","0","N","1","0","0","2","67301","0","","1.0","2240.0","1","N","N","N","0","","1","0","0","","9","N","","2","1","0","0","0","0","0","2","0","1","","","","N","","","","","","","","","",""
"2020097914","0252","2","0","0","0","0","0","0","0","0","4","0","","67","10","2020","7","39.977298","-75.158241","0246","6","0","0","0","0","0","0","0","0","","1","0","0","","","2","N","1","","39 58:38.272","2","0","75 09:29.666","1","0","0","0","67301","0","0","0","N","0","0","0","3","67301","0","2","1.0","614.0","1","N","N","N","0","0","0","2","0","","2","Y","","2","2","0","0","0","0","0","2","0","2","","","","N","","","","","","","","","",""
"2020054783","0415","0","0","0","0","0","0","0","0","0","7","0","","67","7","2020","6","40.018768","-75.092968","0353","6","0","0","0","0","0","0","0","0","","0","0","0","","","0","N","0","","40 01:07.566","","0","75 05:34.686","9","0","0","0","67301","0","0","0","N","0","0","0","1","67301","0","","6.0","","1","N","N","N","0","","0","0","1","","0","","","1","0","1","0","0","0","1","2","0","1","","","","N","","","","","","","","","",""
"2020059453","1619","0","0","0","0","0","0","0","0","0","5","0","","67","7","2020","7","39.959858","-75.177677","1604","6","0","0","0","1","0","0","0","0","","0","0","0","","","0","N","0","","39 57:35.488","","0","75 10:39.638","0","0","0","0","67301","0","0","0","N","0","0","0","7","68K01","0","","1.0","","1","N","N","N","1","","0","0","2","","0","","","3","0","0","0","0","0","0","2","0","3","","","","N","","","","","","","","","",""
"2020070467","1959","2","0","0","0","0","0","0","0","0","4","0","","67","7","2020","2","40.005033","-75.080361","1951","6","0","0","0","0","0","0","0","0","","0","0","0","","","1","","1","","40 00:18.118","","0","75 04:49.299","3","0","0","0","67301","0","0","0","N","0","0","0","2","67301","0","","1.0","","9","N","N","N","0","","1","0","0","","3","","","2","1","0","0","0","0","0","2","0","2","","07","","N","","","","","","","","","",""
"2020054009","0036","3","0","0","0","0","0","0","0","0","5","0","","67","7","2020","5","39.99135","-75.115547","0031","6","0","0","0","0","0","0","0","0","","0","0","0","","","1","N","0","","39 59:28.860","","0","75 06:55.970","3","0","0","0","67301","0","0","0","N","0","0","0","1","67301","0","","6.0","","1","N","N","N","0","","1","0","1","","0","","","4","1","0","0","0","0","0","2","0","4","","03","","N","","","","","","","","","",""
"2020054011","1355","0","0","0","0","0","0","0","0","0","1","0","","67","7","2020","5","39.996864","-75.1166","1350","6","0","0","0","0","0","0","0","1","","0","0","0","","","1","N","0","","39 59:48.709","","0","75 06:59.759","8","0","0","0","67301","0","0","0","N","0","0","0","3","67301","0","","1.0","","1","N","N","Y","1","","0","0","1","","0","","","3","1","2","0","0","1","0","2","0","3","","03","","N","","","","","","","","","",""
"2020096891","","0","0","0","0","0","0","0","0","0","1","0","","67","1","2020","7","39.982312","-75.264353","","6","0","0","0","0","0","1","0","0","","0","0","0","","","1","","2","","39 58:56.323","","0","75 15:51.671","8","0","0","0","67301","0","0","0","N","0","0","0","2","00000","0","","1.0","","1","","","N","0","","0","0","1","","2","","","2","1","0","0","0","1","0","2","1","2","","","","N","","","","","","","","","",""
"2020054601","1638","2","0","0","0","0","0","0","0","0","1","0","","67","7","2020","6","40.028097","-75.099965","1637","6","0","0","0","0","0","1","0","0","","0","0","0","","","0","N","0","","40 01:41.148","","0","75 05:59.875","0","0","0","0","67301","0","0","0","N","0","0","0","3","67301","0","","1.0","","9","N","N","N","1","","0","0","0","","0","","","3","0","0","0","0","0","0","2","0","3","","04","","N","","","","","","","","","",""
"2020091313","1442","1","0","0","0","0","0","0","0","0","1","0","","67","10","2020","2","40.021631","-75.177026","1439","6","0","0","0","0","0","0","0","0","","0","0","0","","","2","N","0","","40 01:17.871","","0","75 10:37.294","8","0","0","0","67301","0","0","0","N","0","0","0","3","67301","0","","1.0","","9","N","N","N","0","","0","0","1","","0","","","2","2","0","0","0","2","0","2","0","2","","04","","N","","","","","","","","","",""
"2020097594","2021","3","0","0","0","0","0","0","0","0","5","0","","67","11","2020","7","40.035814","-75.130644","2018","6","0","0","0","0","0","1","0","0","","0","0","0","","","0","N","0","","40 02:08.930","","0","75 07:50.320","9","0","0","0","67301","0","0","0","N","0","0","0","3","67301","0","","1.0","","1","N","N","N","0","","0","0","0","","0","","","3","0","1","0","0","0","1","2","0","3","","","","N","","","","","","","","","",""
"2020064426","1646","2","0","0","0","0","0","0","0","0","5","0","","67","7","2020","6","39.87906","-75.248878","1646","6","0","0","0","0","0","0","1","0","","0","0","0","","","0","N","0","","39 52:44.617","","0","75 14:55.962","0","0","0","0","67301","0","0","0","N","0","0","0","2","68K02","0","","2.0","","9","N","N","N","0","","0","0","0","","0","","","2","0","0","0","0","0","0","2","0","2","","","","N","","","","","","","","","",""
"2020097742","1201","1","0","0","0","0","0","0","0","0","1","0","","67","11","2020","6","39.994732","-75.083715","1157","6","0","0","1","0","0","0","0","0","","0","0","0","","","0","N","0","","39 59:41.036","1","0","75 05:01.373","0","0","0","0","67301","0","0","0","N","0","0","0","3","68K01","0","","1.0","10.0","1","N","N","N","0","","0","0","2","","0","N","","3","0","0","0","0","0","0","2","0","3","","03","","N","","","","","","","","","",""
"2020057754","1340","0","0","0","0","0","0","0","0","0","8","0","","67","7","2020","5","39.995453","-75.1415","1334","6","0","0","0","0","0","0","0","0","","0","0","0","","","1","","1","","39 59:43.630","","0","75 08:29.400","3","0","0","0","67301","1","0","0","N","1","0","0","2","67301","0","","1.0","","1","N","N","N","0","","1","0","0","","2","","","2","1","0","0","0","0","0","2","0","1","","03","","N","","","","","","","","","",""
"2020097425","1243","1","0","0","0","0","0","0","0","0","5","0","","67","10","2020","6","39.946961","-75.142034","1227","6","0","0","0","0","0","1","0","0","","0","0","0","","","0","N","0","","39 56:49.059","1","0","75 08:31.321","0","0","0","0","67301","0","0","0","N","0","0","0","2","68K01","0","","1.0","1320.0","9","N","N","N","1","","0","0","0","","0","N","","2","0","0","0","0","0","0","2","0","2","","07","","N","","","","","","","","","",""
"2020098493","0500","0","0","0","0","0","0","0","0","0","8","0","","67","11","2020","5","40.02657","-75.150791","0441","6","0","0","0","0","0","0","0","0","","1","0","0","","","0","N","5","","40 01:35.652","","0","75 09:02.847","1","0","0","0","67301","1","1","0","N","1","1","0","2","67301","0","2","1.0","","9","N","N","N","0","0","0","0","1","","2","","","2","0","0","0","0","0","1","2","0","1","","","","N","","","","","","","","","",""
"2020054459","0000","2","0","0","0","0","0","0","0","0","1","0","","67","7","2020","3","40.015611","-75.176633","2345","6","0","0","0","0","0","0","0","0","","0","0","0","","","1","N","0","","40 00:56.198","","0","75 10:35.880","8","0","0","0","67301","0","0","0","N","0","0","0","2","67301","0","","1.0","","1","N","N","N","0","","0","0","0","","0","","","2","1","0","0","0","1","1","2","0","2","","03","","N","","","","","","","","","",""
"2020096949","","1","0","0","0","0","0","0","0","0","4","0","","67","1","2020","5","40.00022","-75.142163","","6","0","0","0","0","0","0","0","0","","0","0","0","","","2","","1","","40 00:00.791","","0","75 08:31.785","4","0","0","0","67301","0","0","0","N","0","0","0","3","00000","1","","1.0","","1","","","N","0","","0","0","0","","3","","","2","2","0","0","0","1","0","2","0","2","","","","N","","","","","","","","","",""
"2020053108","0742","4","0","0","0","0","0","0","0","0","4","0","","67","7","2020","3","39.988376","-75.1098","0729","6","0","0","0","0","0","0","1","0","","0","0","0","","","1","","1","","39 59:18.153","","0","75 06:35.280","8","0","0","0","67301","0","0","0","N","0","0","0","2","67301","0","","1.0","","1","N","N","N","0","","0","0","2","","2","","","6","1","0","0","0","1","0","2","0","6","","03","","N","","","","","","","","","",""
"2020096599","1134","1","0","0","0","0","0","0","0","0","7","0","","67","10","2020","7","39.992919","-75.217666","1128","6","0","0","0","1","0","0","0","0","","2","0","0","","","0","","5","","39 59:34.507","5","0","75 13:03.597","1","0","0","0","67301","0","0","0","N","0","0","0","2","67301","0","2","4.0","1135.0","1","N","N","N","0","0","0","0","0","","2","Y","","1","0","0","0","0","0","0","2","0","1","","03","","N","","","","","","","","","",""
"2020054130","2037","1","0","0","0","0","0","0","0","0","5","0","","67","7","2020","2","39.920001","-75.200582","2037","6","0","0","0","0","0","0","0","0","","0","0","0","","","3","N","0","","39 55:12.005","","3","75 12:02.094","3","0","0","0","67301","0","0","0","N","0","0","0","3","67301","0","","1.0","","9","N","N","N","1","","3","0","0","0","0","","","2","3","0","0","0","0","0","2","0","2","","07","","N","","","","","","","","","",""
"2020099203","","0","0","0","0","0","0","0","0","0","1","0","","67","1","2020","6","40.085406","-75.037359","","6","0","0","0","0","0","0","0","0","","0","0","0","","","1","","1","","40 05:07.463","","0","75 02:14.492","8","0","0","0","67301","0","0","0","N","0","0","0","2","00000","0","","1.0","","1","","","N","0","","0","0","1","3","2","","","2","1","0","0","0","1","0","2","1","2","","","","N","","","","","","","","","",""
"2020097437","0133","1","0","0","0","0","0","0","0","0","7","0","","67","11","2020","1","39.891307","-75.237704","0120","6","0","0","0","0","0","0","0","0","","0","0","0","","","0","N","0","","39 53:28.704","","0","75 14:15.736","0","0","0","0","67301","0","0","0","Y","0","0","0","1","68K01","0","","4.0","","1","N","N","N","0","","0","0","0","0","0","","","1","0","0","0","0","0","0","2","0","1","","","","N","","","","","","","","","",""
"2020056892","1528","1","0","0","0","0","0","0","0","0","7","0","","67","7","2020","2","39.960088","-75.180386","1528","6","0","0","1","0","0","0","0","0","","0","0","0","","","0","N","0","","39 57:36.316","3","3","75 10:49.391","0","0","0","0","67301","0","0","0","N","0","0","0","1","68K01","0","","4.0","1615.0","9","N","N","N","0","","0","0","0","0","0","Y","","1","0","0","0","0","0","0","2","0","1","","","","N","","","","","","","","","",""
"2020098492","0943","1","0","0","0","0","0","0","0","0","4","0","","67","11","2020","2","39.970153","-75.145021","0941","6","0","0","0","0","0","0","0","0","","0","0","0","","","0","","1","","39 58:12.552","","0","75 08:42.076","0","0","0","0","67301","0","0","0","N","0","0","0","2","67301","0","","1.0","","1","N","N","N","0","","0","0","1","3","2","","","2","0","1","0","0","0","0","2","0","2","","03","","N","","","","","","","","","",""
"2020053111","0616","1","0","0","0","0","0","0","0","0","7","0","","67","7","2020","1","40.022658","-75.197864","0532","6","0","0","0","0","0","0","0","0","","0","0","0","","","0","N","0","","40 01:21.570","","0","75 11:52.310","9","0","0","0","67301","0","0","0","N","0","0","0","1","67301","0","","4.0","","1","N","N","N","0","","0","0","0","0","0","","","1","0","0","0","0","0","1","2","0","1","","03","","N","","","","","","","","","",""
"2020058972","1405","1","0","0","0","0","0","0","0","0","7","0","","67","7","2020","6","39.959012","-75.170938","1405","6","0","0","0","0","0","0","0","0","","0","0","0","","","0","N","0","","39 57:32.443","4","0","75 10:15.376","0","0","0","0","67301","0","0","0","N","0","0","0","2","68K01","0","","4.0","30.0","9","N","N","N","0","","0","0","0","0","0","Y","","2","0","1","0","0","0","0","2","1","2","","07","","N","","","","","","","","","",""
"2020098001","1902","1","0","0","0","0","0","0","0","0","8","0","","67","11","2020","2","40.050305","-75.0515","1859","6","0","0","0","0","0","0","0","0","","1","0","0","","","1","N","0","","40 03:01.097","2","0","75 03:05.400","1","0","0","0","67301","1","1","0","N","1","1","0","3","67301","0","2","1.0","2300.0","1","N","N","N","0","0","1","0","1","0","0","Y","","3","1","0","0","0","0","1","2","0","2","","03","","N","","","","","","","","","",""
"2020097237","0635","1","0","0","0","0","0","1","0","0","1","1","","67","10","2020","2","39.914383","-75.152781","0635","6","0","0","0","0","0","1","0","0","","0","0","0","","","1","Y","0","","39 54:51.780","","0","75 09:10.011","8","0","0","0","67301","0","0","0","Y","0","0","0","2","67508","0","","1.0","","1","N","N","Y","0","","0","0","0","0","0","","","2","1","0","0","0","1","0","2","0","2","","03","","N","","","","","","","","","",""
"2020059873","1431","1","0","0","0","0","0","0","0","0","5","0","","67","7","2020","6","40.037771","-75.012031","1425","6","0","0","0","0","0","0","1","0","","0","0","0","","","0","N","0","","40 02:15.974","2","0","75 00:43.310","0","0","0","0","67301","0","0","0","N","0","0","0","3","68K01","0","","1.0","30.0","9","N","N","N","0","","0","0","2","0","0","N","","3","0","0","0","0","0","0","2","0","3","","","","N","","","","","","","","","",""
"2020098358","0928","2","0","0","0","0","0","0","0","0","6","0","","67","11","2020","3","40.037417","-75.038946","0925","6","0","0","0","0","0","1","1","0","","1","0","0","","","0","N","0","","40 02:14.702","","0","75 02:20.204","1","0","0","0","67301","0","0","0","N","0","0","0","4","67301","0","2","1.0","","1","N","N","Y","0","0","0","0","3","0","0","","","5","0","0","0","0","0","0","2","0","5","","03","","N","","","","","","","","","",""
"2020053818","1740","1","0","0","0","0","0","0","0","0","8","0","","67","7","2020","5","40.003919","-75.149187","1732","6","0","0","0","0","0","0","0","0","","0","0","0","","","1","","1","","40 00:14.108","","0","75 08:57.073","3","0","0","0","67301","1","0","0","N","1","0","0","2","67505","0","","1.0","","1","N","N","N","0","","1","0","0","3","2","","","2","1","1","0","0","0","0","2","0","1","","03","","N","","","","","","","","","",""
"2020055879","0528","1","0","0","0","0","0","0","0","0","4","0","","67","7","2020","6","40.030668","-75.061662","0526","6","0","0","0","0","0","0","0","0","","0","0","0","","","2","","1","","40 01:50.404","5","0","75 03:41.983","3","0","0","0","67301","0","0","0","N","0","0","0","2","67301","0","","1.0","100.0","1","N","N","N","0","","2","0","1","3","2","N","","2","2","0","0","0","0","0","2","0","2","","03","","N","","","","","","","","","",""
"2020059438","1116","0","0","0","0","0","0","0","0","0","1","0","","67","7","2020","3","39.958455","-75.167416","1105","6","0","0","0","0","0","0","1","1","","0","0","0","","","1","N","0","","39 57:30.438","3","0","75 10:02.696","4","0","0","0","67301","0","0","0","N","0","0","0","6","68K01","1","","1.0","1120.0","1","N","N","Y","1","","0","0","3","0","0","N","","4","1","0","0","0","0","0","2","0","4","","03","","N","","","","","","","","","",""
"2020053452","1427","0","0","0","0","0","0","0","0","0","7","0","","67","7","2020","3","40.031922","-75.162919","1426","6","0","0","0","0","0","0","0","0","","0","0","0","","","0","","1","","40 01:54.919","3","0","75 09:46.508","0","0","0","0","67301","0","0","0","N","0","0","0","1","67301","0","","4.0","1635.0","1","N","N","N","0","","0","0","0","3","3","N","","1","0","0","0","0","0","0","2","1","1","","03","","N","","","","","","","","","",""
"2020058954","2210","1","0","0","0","0","0","0","0","0","7","0","","67","7","2020","2","39.960605","-75.181735","2205","6","0","0","0","0","0","0","0","0","","0","0","0","","","0","N","0","","39 57:38.178","3","0","75 10:54.246","0","0","0","0","67301","0","0","0","N","0","0","0","1","68K01","0","","4.0","2205.0","9","N","N","N","0","","0","0","0","0","0","N","","1","0","0","0","0","0","0","2","0","1","","","","N","","","","","","","","","",""
"2020098825","","1","0","0","0","0","0","0","0","0","4","0","","67","1","2020","4","39.957453","-75.243728","","6","0","0","0","0","0","0","0","0","","0","0","0","","","3","","1","","39 57:26.830","","0","75 14:37.420","8","0","0","0","67301","0","0","0","N","0","0","0","4","00000","0","","1.0","","1","","","N","0","","0","0","0","0","0","","","2","3","0","0","0","3","0","2","0","2","","","","N","","","","","","","","","",""
"2020098806","1711","1","0","0","0","0","0","0","0","0","2","0","","67","11","2020","2","39.962336","-75.161346","1705","6","0","0","0","0","0","0","0","1","","0","0","0","","","2","","1","","39 57:44.409","","0","75 09:40.847","3","0","0","0","67301","0","0","0","N","0","0","0","6","67301","0","","1.0","","1","N","N","N","0","","2","0","1","3","2","","","2","2","0","0","0","0","0","2","0","2","","04","","N","","","","","","","","","",""
"2020052814","1736","2","0","0","0","0","0","0","0","0","4","0","","67","7","2020","2","40.058005","-75.139066","1736","6","0","0","0","0","0","0","0","0","","0","0","0","","","1","","1","","40 03:28.818","","0","75 08:20.636","4","0","0","0","67301","0","0","0","N","0","0","0","2","67301","1","","1.0","","99","N","N","N","0","","0","0","0","3","2","","","2","1","0","0","0","0","0","2","0","2","","","","N","","","","","","","","","",""
"2020053654","0607","1","0","0","0","0","0","0","0","0","5","0","","67","7","2020","5","39.984028","-75.159639","0607","6","0","0","0","0","1","0","0","0","","0","0","0","","","1","N","0","","39 59:02.500","3","0","75 09:34.700","8","0","0","0","67301","0","0","0","N","0","0","0","1","67505","0","","6.0","706.0","1","N","N","N","0","","0","0","1","0","0","Y","","2","1","1","0","0","1","0","2","0","2","","03","","N","","","","","","","","","",""
"2020084715","1905","1","0","0","0","0","0","0","0","0","8","0","","67","10","2020","6","39.978516","-75.126772","1858","6","0","0","0","0","0","0","0","0","","0","0","0","","","1","","1","","39 58:42.656","","0","75 07:36.380","8","0","0","0","67301","1","0","0","N","1","0","0","2","67301","0","","1.0","","1","N","N","N","0","","0","0","0","3","3","","","2","1","0","0","0","1","1","2","0","1","","","","N","","","","","","","","","",""
"2020097428","0408","0","0","0","0","0","0","0","0","0","0","0","","67","10","2020","7","39.982594","-75.207754","0408","6","0","0","0","0","0","0","0","0","","0","0","0","","","0","N","0","","39 58:57.340","","0","75 12:27.916","0","0","0","0","67301","0","0","0","N","0","0","0","2","68K01","0","","1.0","","1","N","N","N","0","","0","0","1","0","0","","","1","0","0","0","0","0","0","2","0","1","","","","N","","","","","","","","","",""
"2020085495","","1","0","0","0","0","0","0","0","0","5","0","","67","7","2020","7","40.030572","-75.103892","","6","0","0","0","0","0","0","0","0","","0","0","0","","","1","","1","","40 01:50.059","","0","75 06:14.011","8","0","0","0","67301","0","0","0","N","0","0","0","2","00000","0","","1.0","","1","","","N","1","","0","0","0","3","3","","","2","1","0","0","0","1","0","2","0","2","","","","N","","","","","","","","","",""
"2020097918","0230","1","0","0","0","0","0","0","0","0","2","0","","67","11","2020","7","39.989467","-75.103644","0230","6","0","0","0","0","0","0","0","0","","0","0","0","","","0","N","0","","39 59:22.080","","0","75 06:13.120","0","0","0","0","67301","0","0","0","N","0","0","0","1","67301","0","","1.0","","1","N","N","N","0","","0","0","1","0","0","","","2","0","1","0","0","0","0","2","0","2","","03","","N","","","","","","","","","",""
"2020052957","2002","0","0","0","0","0","0","0","0","0","1","0","","67","7","2020","1","39.951811","-75.216458","1959","6","0","0","0","0","0","0","0","0","","0","0","0","","","0","N","0","","39 57:06.520","","0","75 12:59.250","0","0","0","0","67301","0","0","0","N","0","0","0","1","67301","0","","6.0","","1","N","N","N","0","","0","0","2","0","0","","","2","0","0","0","0","0","0","2","0","2","","03","","N","","","","","","","","","",""
"2020054006","1729","2","0","0","0","0","0","0","0","0","4","0","","67","7","2020","5","39.987643","-75.18392","1729","6","0","0","0","0","0","0","0","0","","0","0","0","","","0","","1","","39 59:15.514","","0","75 11:02.112","9","0","0","0","67301","0","0","0","N","0","0","0","2","67301","0","","1.0","","1","N","N","N","0","","0","0","1","3","3","","","3","0","2","0","0","0","2","2","0","3","","03","","N","","","","","","","","","",""
"2020054013","1530","1","0","0","0","0","0","0","0","0","4","0","","67","7","2020","1","40.022355","-75.11796","1527","6","0","0","1","0","0","0","0","0","","0","0","0","","","1","","1","","40 01:20.478","","0","75 07:04.655","3","0","0","0","67301","0","0","0","N","0","0","0","2","67301","0","","1.0","","1","N","N","N","0","","1","0","0","3","2","","","2","1","0","0","0","0","1","2","1","2","","03","","N","","","","","","","","","",""
"2020052318","2145","1","0","0","0","0","0","0","0","0","7","0","","67","7","2020","7","39.983059","-75.156847","2145","6","0","0","0","0","0","0","0","0","","0","0","0","","","0","N","0","","39 58:59.012","","0","75 09:24.650","0","0","0","0","67301","0","0","0","N","0","0","0","1","67505","0","","4.0","","1","N","N","N","0","","0","0","0","0","0","","","1","0","0","0","0","0","0","2","0","1","","03","","N","","","","","","","","","",""
"2020054265","1621","4","0","0","0","0","0","0","0","0","7","0","","67","7","2020","6","40.019333","-75.088806","1614","6","0","0","0","0","0","0","0","0","","0","0","0","","","0","N","0","","40 01:09.600","","0","75 05:19.700","0","0","0","0","67301","0","0","0","N","0","0","0","1","67301","0","","4.0","","9","N","N","N","0","","0","0","0","0","0","","","4","0","0","0","0","0","0","2","0","4","","","","N","","","","","","","","","",""
"2020058957","0118","0","0","0","0","0","0","0","0","0","8","0","","67","7","2020","5","39.957829","-75.141292","0108","6","0","0","0","0","0","1","0","0","","0","0","0","","","2","N","0","","39 57:28.183","","0","75 08:28.652","2","0","1","1","67301","1","0","1","N","1","0","1","2","68K01","0","","1.0","","1","N","N","N","0","","0","2","0","0","0","","","2","2","0","0","0","0","0","2","0","1","","","","N","","","","","","","","","",""
"2020059434","1717","1","0","0","0","0","0","0","0","0","7","0","","67","7","2020","2","39.931014","-75.199198","1708","6","0","0","0","0","0","0","0","0","","0","0","0","","","0","N","0","","39 55:51.652","","6","75 11:57.112","9","0","0","0","67301","0","0","0","Y","0","0","0","1","68K01","0","","4.0","","9","N","N","N","0","","0","0","0","0","0","","","1","0","0","0","0","0","1","2","0","1","","04","","N","","","","","","","","","",""
"2020058977","1706","1","0","0","0","0","0","0","0","0","7","0","","67","7","2020","6","39.887178","-75.204883","1702","6","0","0","0","0","0","0","0","0","","0","0","0","","","1","N","0","","39 53:13.841","","0","75 12:17.578","3","0","0","0","67301","0","0","0","N","0","0","0","1","68K01","0","","4.0","","1","N","N","N","0","","1","0","0","0","0","","","1","1","0","0","0","0","0","2","0","1","","04","","N","","","","","","","","","",""
"2020099601","2318","0","0","0","0","0","0","0","0","0","5","1","45","67","11","2020","2","40.012346","-75.059616","2315","6","0","0","0","0","0","0","0","0","","0","1","0","","","0","N","0","","40 00:44.446","2","0","75 03:34.617","0","0","0","0","67301","0","0","0","N","0","0","0","2","68K01","0","","1.0","30.0","1","N","N","N","0","","0","0","1","0","0","N","","2","0","0","0","0","0","0","2","0","2","","","N","Y","1","1","","","N","Y","","","","N"
"2020053410","1204","0","0","0","0","0","0","0","0","0","1","0","","67","7","2020","2","39.968127","-75.129432","1203","6","0","0","0","0","0","0","0","0","","0","0","0","","","0","N","0","","39 58:05.257","1","0","75 07:45.955","0","0","0","0","67301","0","0","0","N","0","0","0","4","68K01","0","","1.0","1245.0","1","N","N","N","0","","0","0","3","0","0","N","","3","0","0","0","0","0","0","2","0","3","","","","N","","","","","","","","","",""
"2020060562","1535","3","0","0","0","0","0","0","0","0","5","0","","67","7","2020","1","39.998819","-75.131655","1533","6","0","0","0","0","0","0","0","0","","0","0","0","","","0","N","0","","39 59:55.750","","0","75 07:53.958","0","0","0","0","67301","0","0","0","N","0","0","0","3","67301","0","","1.0","","1","N","N","N","0","","0","0","0","0","0","","","3","0","0","0","0","0","0","2","0","3","","","","N","","","","","","","","","",""
"2020055963","1743","1","0","0","0","0","0","0","0","0","3","0","","67","7","2020","5","39.899548","-75.245709","1736","6","0","0","0","0","1","0","0","0","","0","0","0","","","1","","1","","39 53:58.372","","0","75 14:44.552","2","0","0","0","67301","0","0","0","N","0","0","0","2","67301","0","","1.0","","1","N","N","N","0","","0","1","1","9","3","","","2","1","0","0","0","0","0","2","0","2","","03","","N","","","","","","","","","",""
"2020097797","2333","0","0","0","0","0","0","0","0","0","8","0","","67","11","2020","7","40.051167","-75.054106","2325","6","0","0","0","0","0","0","0","0","","0","0","0","","","1","N","0","","40 03:04.200","","0","75 03:14.780","4","0","0","0","67301","1","0","0","N","1","0","0","1","67301","1","","1.0","","1","N","N","N","0","","0","0","0","0","0","","","2","1","0","0","0","0","0","2","0","1","","","","N","","","","","","","","","",""
"2020053993","0945","1","0","0","0","0","0","0","0","0","7","0","","67","7","2020","5","40.05458","-75.071875","0944","6","0","0","0","0","0","0","0","0","","0","0","0","","","1","N","0","","40 03:16.487","","0","75 04:18.750","3","0","0","0","67301","0","0","0","N","0","0","0","1","67301","0","","5.0","","1","N","N","N","0","","1","0","1","0","0","","","3","1","0","0","0","0","0","2","0","2","","","","N","","","","","","","","","",""
"2020053609","1525","1","0","0","0","0","0","0","0","0","7","0","","67","7","2020","4","40.007865","-75.172261","1525","6","0","0","0","0","0","1","0","0","","0","0","0","","","1","","1","","40 00:28.314","","0","75 10:20.141","3","0","0","0","67301","0","0","0","N","0","0","0","1","67301","0","","4.0","","1","N","N","N","0","","1","0","0","2","2","","","2","1","0","0","0","0","0","2","0","1","","03","","N","","","","","","","","","",""
"2020098928","1345","2","0","0","0","0","0","0","0","0","4","1","","67","11","2020","3","39.923927","-75.222089","1339","6","0","0","0","0","0","1","0","0","","0","1","0","","","2","","1","","39 55:26.137","","0","75 13:19.522","3","0","0","0","67301","0","0","0","N","0","0","0","4","67301","0","","1.0","","1","N","N","N","0","","2","0","0","3","2","","","3","2","2","0","0","0","0","2","0","3","","03","","N","","","","","","","","","",""