"CRN","ARRIVAL_TM","AUTOMOBILE_COUNT","BELTED_DEATH_COUNT","BELTED_SUSP_SERIOUS_INJ_COUNT","BICYCLE_COUNT","BICYCLE_DEATH_COUNT","BICYCLE_SUSP_SERIOUS_INJ_COUNT","BUS_COUNT","CHLDPAS_DEATH_COUNT","CHLDPAS_SUSP_SERIOUS_INJ_COUNT","COLLISION_TYPE","COMM_VEH_COUNT","CONS_ZONE_SPD_LIM","COUNTY","CRASH_MONTH","CRASH_YEAR","DAY_OF_WEEK","DEC_LATITUDE","DEC_LONGITUDE","DISPATCH_TM","DISTRICT","DRIVER_COUNT_16YR","DRIVER_COUNT_17YR","DRIVER_COUNT_18YR","DRIVER_COUNT_19YR","DRIVER_COUNT_20YR","DRIVER_COUNT_50_64YR","DRIVER_COUNT_65_74YR","DRIVER_COUNT_75PLUS","EST_HRS_CLOSED","FATAL_COUNT","HEAVY_TRUCK_COUNT","HORSE_BUGGY_COUNT","HOUR_OF_DAY","ILLUMINATION","INJURY_COUNT","INTERSECTION_RELATED","INTERSECT_TYPE","LANE_CLOSED","LATITUDE","LN_CLOSE_DIR","LOCATION_TYPE","LONGITUDE","MAX_SEVERITY_LEVEL","MCYCLE_DEATH_COUNT","MCYCLE_SUSP_SERIOUS_INJ_COUNT","MOTORCYCLE_COUNT","MUNICIPALITY","NONMOTR_COUNT","NONMOTR_DEATH_COUNT","NONMOTR_SUSP_SERIOUS_INJ_COUNT","NTFY_HIWY_MAINT","PED_COUNT","PED_DEATH_COUNT","PED_SUSP_SERIOUS_INJ_COUNT","PERSON_COUNT","POLICE_AGCY","POSSIBLE_INJ_COUNT","RDWY_SURF_TYPE_CD","RELATION_TO_ROAD","ROADWAY_CLEARED","ROAD_CONDITION","SCH_BUS_IND","SCH_ZONE_IND","SECONDARY_CRASH","SMALL_TRUCK_COUNT","SPEC_JURIS_CD","SUSP_MINOR_INJ_COUNT","SUSP_SERIOUS_INJ_COUNT","SUV_COUNT","TCD_FUNC_CD","TCD_TYPE","TFC_DETOUR_IND","TIME_OF_DAY","TOTAL_UNITS","TOT_INJ_COUNT","UNBELTED_OCC_COUNT","UNB_DEATH_COUNT","UNB_SUSP_SERIOUS_INJ_COUNT","UNK_INJ_DEG_COUNT","UNK_INJ_PER_COUNT","URBAN_RURAL","VAN_COUNT","VEHICLE_COUNT","WEATHER1","WEATHER2","WORKERS_PRES","WORK_ZONE_IND","WORK_ZONE_LOC","WORK_ZONE_TYPE","WZ_CLOSE_DETOUR","WZ_FLAGGER","WZ_LAW_OFFCR_IND","WZ_LN_CLOSURE","WZ_MOVING","WZ_OTHER","WZ_SHLDER_MDN","WZ_WORKERS_INJ_KILLED"
"2020052665","1420","0","0","0","1","0","0","0","0","0","8","0","","67","7","2020","2","39.955803","-75.191303","1415","6","0","0","0","0","0","0","0","0","","0","0","0","","","1","N","0","","39 57:20.890","","0","75 11:28.692","8","0","0","0","67301","1","0","0","N","0","0","0","2","67507","0","","1.0","","9","","","N","0","","0","0","0","0","0","","","2","1","0","0","0","1","0","2","0","1","","","","N","","","","","","","","","",""
"2020058967","1255","1","0","0","0","0","0","0","0","0","7","0","","67","7","2020","6","40.03299","-75.020472","1255","6","0","0","0","0","0","0","0","0","","0","0","0","","","1","N","0","","40 01:58.764","1","0","75 01:13.699","8","0","0","0","67301","0","0","0","N","0","0","0","1","68K01","0","","4.0","100.0","9","N","N","N","0","","0","0","0","0","0","Y","","1","1","1","0","0","1","0","2","0","1","","07","","N","","","","","","","","","",""
"2020053271","1400","2","0","0","0","0","0","0","0","0","3","0","","67","7","2020","3","39.982602","-75.140363","1400","6","0","0","0","0","0","0","0","1","","0","0","0","","","1","","1","","39 58:57.367","","0","75 08:25.306","3","0","0","0","67301","0","0","0","N","0","0","0","2","67301","0","","1.0","","1","N","N","N","0","","1","0","0","3","3","","","2","1","0","0","0","0","0","2","0","2","","03","","N","","","","","","","","","",""
"2020052146","0335","0","0","0","0","0","0","0","0","0","7","0","","67","7","2020","7","39.977139","-75.158123","0334","6","0","0","0","0","0","0","0","0","","0","0","0","","","1","Y","0","","39 58:37.700","","0","75 09:29.241","3","0","0","0","67301","0","0","0","N","0","0","0","1","67505","0","","4.0","","1","N","N","N","0","","1","0","1","0","0","","","1","1","1","0","0","0","0","2","0","1","","","","N","","","","","","","","","",""
"2020098491","0558","0","0","0","0","0","0","0","0","0","8","0","","67","11","2020","3","40.052194","-75.073486","0557","6","0","0","0","0","0","0","0","0","","1","0","0","","","0","N","0","","40 03:07.900","","0","75 04:24.550","1","0","0","0","67301","1","1","0","N","1","1","0","2","67301","0","2","1.0","","1","N","N","N","0","0","0","0","0","0","0","","","2","0","0","0","0","0","1","2","0","1","","03","","N","","","","","","","","","",""
"2020097431","1445","2","0","0","0","0","0","0","0","0","1","0","55","67","10","2020","7","40.012997","-75.05807","1445","6","0","0","0","0","0","0","0","0","","0","0","0","","","0","N","0","","40 00:46.790","1","0","75 03:29.051","9","0","0","0","67301","0","0","0","N","0","0","0","2","68K01","0","","1.0","1445.0","1","N","N","N","0","","0","0","0","0","0","N","","2","0","0","0","0","0","1","2","0","2","","03","Y","Y","4","1","N","N","N","N","N","N","Y","N"
"2020098252","1619","1","0","0","0","0","0","0","0","0","4","0","","67","11","2020","2","40.024713","-75.085448","1614","6","0","0","0","0","0","0","1","0","","0","0","0","","","0","","1","","40 01:28.968","","0","75 05:07.611","0","0","0","0","67301","0","0","0","N","0","0","0","2","67301","0","","1.0","","1","N","N","N","1","","0","0","1","3","3","","","3","0","0","0","0","0","0","2","0","3","","03","","N","","","","","","","","","",""
"2020052503","0040","2","0","0","0","0","0","0","0","0","4","0","","67","7","2020","1","39.950219","-75.224898","0030","6","0","0","0","0","0","0","0","0","","0","0","0","","","1","","1","","39 57:00.788","","0","75 13:29.632","4","0","0","0","67301","0","0","0","N","0","0","0","4","67301","1","","1.0","","1","N","N","N","0","","0","0","0","3","3","","","2","1","0","0","0","0","0","2","0","2","","03","","N","","","","","","","","","",""
"2020054898","1632","2","0","0","0","0","0","0","0","0","4","0","","67","7","2020","1","40.068417","-75.240288","1630","6","0","0","0","0","0","0","0","0","","0","0","0","","","1","","1","","40 04:06.301","","0","75 14:25.036","8","0","0","0","67301","0","0","0","N","0","0","0","5","67301","0","","1.0","","1","N","N","N","0","","0","0","0","3","2","","","2","1","0","0","0","1","1","2","0","2","","03","","N","","","","","","","","","",""
"2020054136","0900","2","0","0","0","0","0","0","0","0","1","0","","67","7","2020","2","39.981903","-75.265277","0856","6","0","1","0","0","0","2","0","0","","0","0","0","","","0","Y","0","","39 58:54.850","","0","75 15:54.996","9","0","0","0","67301","0","0","0","N","0","0","0","4","67301","0","","1.0","","1","N","N","N","0","","0","0","2","3","2","","","4","0","0","0","0","0","3","2","0","4","","03","","N","","","","","","","","","",""
"2020052680","2107","1","0","0","0","0","0","0","0","0","6","0","","67","7","2020","1","40.049481","-75.06769","2105","6","1","0","0","0","0","0","0","0","","0","0","0","","","1","N","0","","40 02:58.130","","0","75 04:03.685","3","0","0","1","67301","0","0","0","N","0","0","0","3","67301","0","","1.0","","1","N","N","N","0","","1","0","0","0","0","","","2","1","1","0","0","0","0","2","0","2","","03","","N","","","","","","","","","",""
"2020084160","0435","0","0","0","0","0","0","0","0","0","8","0","","67","10","2020","5","39.994431","-75.116044","0430","6","0","0","0","0","0","0","0","0","","0","0","0","","","1","N","0","","39 59:39.950","","0","75 06:57.760","8","0","0","0","67301","1","0","0","N","1","0","0","1","67301","0","","9.0","","1","N","N","N","0","","0","0","0","0","0","","","2","1","0","0","0","1","0","2","0","1","","03","","N","","","","","","","","","",""
"2020055973","1550","2","0","0","0","0","0","0","0","0","2","0","","67","7","2020","6","40.007315","-75.124195","1545","6","0","0","1","0","0","0","0","0","","0","0","0","","","1","N","0","","40 00:26.334","","0","75 07:27.103","4","0","0","0","67301","0","0","0","N","0","0","0","4","67301","1","","1.0","","9","N","N","N","0","","0","0","0","0","0","","","2","1","0","0","0","0","0","2","0","2","","07","","N","","","","","","","","","",""
"2020098360","0831","0","0","0","0","0","0","0","0","0","8","0","","67","11","2020","3","39.984311","-75.235828","0831","6","0","0","0","0","0","0","0","0","","1","0","0","","","0","N","0","","39 59:03.520","6","0","75 14:08.980","1","0","0","0","67301","1","1","0","N","1","1","0","2","67301","0","2","1.0","1030.0","1","N","N","N","0","0","0","0","1","0","0","Y","","2","0","0","0","0","0","1","2","0","1","","","","N","","","","","","","","","",""
"2020097685","1332","1","0","0","0","0","0","0","0","0","1","0","","67","11","2020","7","39.948923","-75.249636","1327","6","0","0","0","0","0","0","0","0","","0","0","0","","","1","N","0","","39 56:56.121","5","0","75 14:58.688","8","0","0","0","67301","0","0","0","N","0","0","0","1","67301","0","","6.0","1406.0","1","N","N","N","0","","0","0","0","0","0","Y","","2","1","0","0","0","1","0","2","0","2","","03","","N","","","","","","","","","",""
"2020053995","1915","2","0","0","0","0","0","0","0","0","4","0","","67","7","2020","4","39.944939","-75.148423","1913","6","0","1","0","0","0","0","0","0","","0","0","0","","","0","","1","","39 56:41.782","","0","75 08:54.322","0","0","0","0","67301","0","0","0","N","0","0","0","2","67301","0","","1.0","","1","N","N","N","0","","0","0","0","3","2","","","2","0","0","0","0","0","0","2","0","2","","","","N","","","","","","","","","",""
"2020058948","0853","1","0","0","0","0","0","0","0","0","7","0","45","67","7","2020","1","40.01384","-75.056845","0845","6","0","0","0","0","0","0","0","0","","0","0","0","","","0","N","0","","40 00:49.824","2","0","75 03:24.643","0","0","0","0","67301","0","0","0","N","0","0","0","2","68K01","0","","4.0","1022.0","1","N","N","N","0","","0","0","0","0","0","N","","1","0","1","0","0","0","0","2","0","1","","03","N","Y","8","1","","","N","Y","","","","N"
"2020097398","1510","1","0","0","0","0","0","0","0","0","2","0","","67","10","2020","6","39.958654","-75.169071","1459","6","0","0","0","0","0","0","0","0","","0","0","0","","","0","N","0","","39 57:31.153","3","0","75 10:08.656","0","0","0","0","67301","0","0","0","N","0","0","0","2","68K01","0","","1.0","1510.0","9","N","N","N","0","","0","0","1","0","0","N","","2","0","0","0","0","0","0","2","0","2","","07","","N","","","","","","","","","",""
"2020058983","0141","1","0","0","0","0","0","0","0","0","7","0","","67","7","2020","7","40.012299","-75.205188","0125","6","0","0","0","0","1","0","0","0","","0","0","0","","","0","N","0","","40 00:44.277","2","3","75 12:18.677","0","0","0","0","67301","0","0","0","N","0","0","0","2","68K01","0","","4.0","100.0","1","N","N","N","0","","0","0","0","0","0","N","","1","0","0","0","0","0","0","2","0","1","","","","N","","","","","","","","","",""
"2020054455","2130","0","0","0","0","0","0","0","0","0","8","0","","67","7","2020","6","40.022505","-75.093771","2126","6","0","0","0","0","0","0","0","0","","0","0","0","","","1","","1","","40 01:21.017","","0","75 05:37.575","3","0","0","0","67301","1","0","0","N","1","0","0","2","67301","0","","1.0","","9","N","N","N","0","","1","0","0","9","9","","","2","1","0","0","0","0","1","2","1","1","","","","N","","","","","","","","","",""
"2020062683","2056","1","0","0","0","0","0","0","0","0","4","0","","67","7","2020","2","39.946058","-75.239341","2055","6","0","0","0","0","0","1","0","0","","0","0","0","","","2","","3","","39 56:45.808","","0","75 14:21.628","3","0","0","0","67301","0","0","0","N","0","0","0","4","67301","0","","1.0","","9","N","N","N","1","","2","0","1","3","3","","","3","2","1","0","0","0","0","2","0","3","","","","N","","","","","","","","","",""
"2020097406","1148","0","0","0","0","0","0","0","0","0","7","1","45","67","10","2020","1","40.013603","-75.057297","1140","6","0","0","0","0","0","0","0","0","","0","1","0","","","0","N","0","","40 00:48.971","2","0","75 03:26.270","9","0","0","0","67301","0","0","0","Y","0","0","0","1","68K01","0","","4.0","1553.0","1","N","N","N","0","","0","0","0","0","0","N","","1","0","0","0","0","0","1","2","0","1","","","N","Y","4","1","","","N","","","","Y","N"
"2020054000","0655","1","0","0","1","0","0","0","0","0","4","0","","67","7","2020","5","39.956314","-75.239905","0655","6","0","0","0","1","0","0","0","0","","0","0","0","","","1","","1","","39 57:22.730","","0","75 14:23.657","8","0","0","0","67301","1","0","0","N","0","0","0","3","67301","0","","1.0","","1","N","N","N","0","","0","0","0","3","2","","","2","1","0","0","0","1","0","2","0","1","","","","N","","","","","","","","","",""
"2020054545","1424","2","0","0","0","0","0","0","0","0","1","0","","67","7","2020","6","39.892293","-75.222634","1420","6","0","0","0","0","0","1","1","0","","0","0","0","","","0","N","0","","39 53:32.256","","2","75 13:21.484","0","0","0","0","67301","0","0","0","N","0","0","0","2","67301","0","","1.0","","9","N","N","N","0","","0","0","0","0","0","","","2","0","0","0","0","0","0","2","0","2","","07","","N","","","","","","","","","",""
"2020053105","1300","1","0","0","0","0","0","0","0","0","5","0","","67","7","2020","1","39.929503","-75.242225","1300","6","0","0","0","0","0","0","0","0","","0","0","0","","","1","N","0","","39 55:46.210","","0","75 14:32.010","8","0","0","0","67301","0","0","0","N","0","0","0","2","67301","0","","1.0","","1","N","N","N","1","","0","0","0","0","0","","","2","1","0","0","0","1","0","2","0","2","","03","","N","","","","","","","","","",""
"2020053110","0000","2","0","0","0","0","0","0","0","0","5","0","","67","7","2020","2","39.983528","-75.136556","0026","6","0","0","0","0","0","0","0","0","","0","0","0","","","0","N","0","","39 59:00.700","","0","75 08:11.600","0","0","0","0","67301","0","0","0","N","0","0","0","1","67301","0","","6.0","","1","N","N","N","0","","0","0","0","0","0","","","3","0","0","0","0","0","0","2","1","3","","","","N","","","","","","","","","",""
"2020054266","0400","1","0","0","0","0","0","0","0","0","7","0","","67","7","2020","5","40.025425","-75.056589","0319","6","0","0","0","0","0","0","0","0","","0","0","0","","","0","N","0","","40 01:31.530","","0","75 03:23.720","0","0","0","0","67301","0","0","0","N","0","0","0","1","67301","0","","4.0","","1","N","N","N","0","","0","0","0","0","0","","","1","0","0","0","0","0","0","2","0","1","","03","","N","","","","","","","","","",""
"2020053406","1940","0","0","0","0","0","0","0","0","0","0","0","","67","7","2020","1","39.901765","-75.151642","1936","6","0","0","0","0","0","0","0","0","","0","0","0","","","1","N","0","","39 54:06.355","","3","75 09:05.910","8","0","0","1","67301","0","0","0","N","0","0","0","1","68K01","0","","4.0","","1","N","N","N","0","","0","0","0","0","0","","","1","1","0","0","0","1","0","2","0","1","","03","","N","","","","","","","","","",""
"2020053279","2345","3","0","0","0","0","0","0","0","0","5","0","","67","7","2020","3","39.949776","-75.207498","2340","6","0","0","0","0","0","0","0","0","","0","0","0","","","0","N","0","","39 56:59.193","4","0","75 12:26.993","0","0","0","0","67301","0","0","0","N","0","0","0","1","67504","0","","6.0","20.0","1","N","N","N","0","","0","0","1","0","0","N","","4","0","0","0","0","0","0","2","0","4","","03","","N","","","","","","","","","",""
"2020097801","1600","1","0","0","0","0","0","0","0","0","8","0","","67","11","2020","7","40.06339","-75.152561","1553","6","0","0","0","0","0","0","0","0","","0","0","0","","","1","","2","","40 03:48.204","","0","75 09:09.219","8","0","0","0","67301","1","0","0","N","1","0","0","2","67301","0","","1.0","","1","N","N","N","0","","0","0","0","0","0","","","2","1","0","0","0","1","1","2","0","1","","03","","N","","","","","","","","","",""
"2020098930","0851","2","0","0","0","0","0","0","0","0","4","0","","67","11","2020","2","40.025106","-75.065822","0845","6","0","0","0","0","0","0","0","0","","0","0","0","","","0","N","0","","40 01:30.380","","0","75 03:56.960","9","0","0","0","67301","0","0","0","N","0","0","0","1","67301","0","","1.0","","1","N","N","N","0","","0","0","0","0","0","","","2","0","0","0","0","0","1","2","0","2","","03","","N","","","","","","","","","",""
"2020058975","1558","1","0","0","0","0","0","0","0","0","7","0","","67","7","2020","6","39.88678","-75.205727","1558","6","0","0","0","0","0","0","0","0","","0","0","0","","","1","N","0","","39 53:12.407","","0","75 12:20.616","3","0","0","0","67301","0","0","0","N","0","0","0","1","68K01","0","","4.0","","9","N","N","N","0","","1","0","0","0","0","","","1","1","0","0","0","0","0","2","0","1","","04","","N","","","","","","","","","",""
"2020054822","0159","1","0","0","0","0","0","0","0","0","7","0","","67","7","2020","4","40.006886","-75.130988","0159","6","0","0","0","0","0","0","0","0","","0","0","0","","","1","N","0","","40 00:24.789","","0","75 07:51.557","2","0","0","0","67301","0","0","0","N","0","0","0","1","67301","0","","4.0","","1","N","N","N","0","","0","1","0","0","0","","","1","1","0","0","0","0","0","2","0","1","","03","","N","","","","","","","","","",""
"2020058951","1557","0","0","0","0","0","0","0","0","0","1","0","","67","7","2020","1","40.039802","-75.006448","1554","6","0","0","0","0","0","0","1","0","","0","0","0","","","2","N","0","","40 02:23.288","1","0","75 00:23.213","8","0","0","2","67301","0","0","0","N","0","0","0","3","68K01","0","","1.0","1640.0","1","N","N","Y","0","","0","0","1","0","0","N","","3","2","0","0","0","2","0","2","0","3","","03","","N","","","","","","","","","",""
"2020055152","1439","2","0","0","0","0","0","0","0","0","4","0","","67","7","2020","3","40.00901","-75.11283","1439","6","0","0","0","0","0","0","0","1","","0","0","0","","","4","","1","","40 00:32.435","","0","75 06:46.188","4","0","0","0","67301","0","0","0","N","0","0","0","4","67301","4","","1.0","","1","N","N","N","0","","0","0","0","3","2","","","2","4","0","0","0","0","0","2","0","2","","03","","N","","","","","","","","","",""
"2020054002","2220","2","0","0","0","0","0","0","0","0","5","0","","67","7","2020","2","39.986994","-75.186239","2206","6","0","0","0","0","0","0","0","0","","0","0","0","","","0","N","0","","39 59:13.180","","0","75 11:10.460","0","0","0","0","67301","0","0","0","N","0","0","0","2","67301","0","","6.0","","1","N","N","N","0","","0","0","1","0","0","","","3","0","1","0","0","0","0","2","0","3","","03","","N","","","","","","","","","",""
"2020052548","1853","0","0","0","0","0","0","0","0","0","7","0","","67","7","2020","1","40.032899","-75.13977","1850","6","0","0","0","0","0","0","0","0","","0","0","0","","","3","","2","","40 01:58.436","","0","75 08:23.171","3","0","0","0","67301","0","0","0","N","0","0","0","3","67301","0","","4.0","","1","N","N","N","0","","3","0","0","0","0","","","1","3","2","0","0","0","0","2","1","1","","03","","N","","","","","","","","","",""
"2020054020","1954","2","0","0","0","0","0","0","0","0","4","0","","67","7","2020","4","40.007942","-75.172302","1952","6","0","0","0","0","0","0","0","0","","0","0","0","","","0","","1","","40 00:28.592","","0","75 10:20.286","0","0","0","0","67301","0","0","0","N","0","0","0","2","67301","0","","1.0","","1","N","N","N","0","","0","0","0","3","2","","","2","0","0","0","0","0","0","2","0","2","","03","","N","","","","","","","","","",""
"2020096993","2300","0","0","0","0","0","0","0","0","0","7","0","","67","10","2020","3","40.001536","-75.104258","2209","6","0","0","0","0","0","1","0","0","","1","0","0","","","0","N","5","","40 00:05.531","","0","75 06:15.328","1","0","0","0","67301","0","0","0","N","0","0","0","1","67301","0","2","3.0","","1","N","N","N","0","0","0","0","1","3","2","","","1","0","0","0","0","0","0","2","0","1","","03","","N","","","","","","","","","",""
"2020054364","2352","1","0","0","0","0","0","0","0","0","5","0","","67","7","2020","6","40.036581","-75.156283","2342","6","0","0","0","0","0","0","0","0","","0","0","0","","","1","N","0","","40 02:11.690","1","0","75 09:22.620","4","0","0","0","67301","0","0","0","N","0","0","0","3","67301","1","","1.0","310.0","9","N","N","N","0","","0","0","1","0","0","N","","2","1","0","0","0","0","0","2","0","2","","","","N","","","","","","","","","",""
"2020052893","0105","1","0","0","0","0","0","0","0","0","7","0","","67","7","2020","1","40.020132","-75.112934","0101","6","0","0","0","0","0","0","0","0","","0","0","0","","","4","","2","","40 01:12.475","","0","75 06:46.562","3","0","0","0","67301","0","0","0","N","0","0","0","4","67301","0","","4.0","","1","N","N","N","0","","4","0","0","0","0","","","1","4","0","0","0","0","0","2","0","1","","","","N","","","","","","","","","",""
"2020097439","0139","1","0","0","0","0","0","0","0","0","5","0","","67","11","2020","1","39.934565","-75.199966","0139","6","0","0","0","0","0","0","1","0","","0","0","0","","","1","N","0","","39 56:04.434","3","0","75 11:59.877","8","0","0","0","67301","0","0","0","N","0","0","0","4","68K01","0","","1.0","130.0","1","N","N","N","0","","0","0","1","0","0","Y","","2","1","0","0","0","1","0","2","0","2","","03","","N","","","","","","","","","",""
"2020097836","0027","2","0","0","0","0","0","0","0","0","4","0","","67","11","2020","7","40.016334","-75.061818","0023","6","0","0","1","0","0","0","0","0","","0","0","0","","","0","","1","","40 00:58.803","","0","75 03:42.545","0","0","0","0","67301","0","0","0","N","0","0","0","2","67301","0","","1.0","","1","N","N","N","0","","0","0","0","3","2","","","2","0","0","0","0","0","0","2","0","2","","03","","N","","","","","","","","","",""
"2020098002","1718","0","0","0","0","0","0","0","0","0","8","0","","67","11","2020","7","39.915514","-75.161471","1715","6","0","0","0","0","0","0","0","0","","1","0","0","","","0","","1","","39 54:55.851","6","0","75 09:41.295","1","0","0","0","67301","1","1","0","N","1","1","0","2","67301","0","2","1.0","1910.0","1","N","N","N","0","0","0","0","0","3","2","Y","","2","0","0","0","0","0","1","2","0","1","","03","","N","","","","","","","","","",""
"2020054449","2210","1","0","0","0","0","0","0","0","0","1","0","","67","7","2020","3","39.921379","-75.19176","2204","6","0","0","0","0","0","0","1","0","","0","0","0","","","1","Y","0","","39 55:16.964","3","0","75 11:30.337","3","0","0","0","67301","0","0","0","N","0","0","0","3","67301","0","","1.0","2315.0","1","N","N","N","0","","1","0","1","3","2","N","","2","1","0","0","0","0","0","2","0","2","","","","N","","","","","","","","","",""
"2020098006","1925","1","0","0","0","0","0","0","0","0","7","0","","67","10","2020","3","39.975511","-75.229536","1923","6","0","0","0","0","0","0","0","0","","1","0","0","","","0","","1","","39 58:31.839","","0","75 13:46.329","1","0","0","0","67301","0","0","0","N","0","0","0","1","67301","0","2","4.0","","1","N","N","N","0","0","0","0","0","3","3","","","1","0","1","1","0","0","0","2","0","1","","03","","N","","","","","","","","","",""
"2020052690","1646","0","0","0","0","0","0","0","0","0","4","0","","67","7","2020","1","39.971811","-75.125954","1645","6","0","0","0","0","0","1","0","0","","0","0","0","","","0","","1","","39 58:18.518","","0","75 07:33.433","0","0","0","0","67301","0","0","0","N","0","0","0","7","67301","0","","1.0","","1","N","N","N","0","","0","0","1","3","2","","","2","0","0","0","0","0","0","2","1","2","","03","","N","","","","","","","","","",""
"2020054451","1343","1","0","0","0","0","0","0","0","0","6","0","","67","7","2020","6","40.084278","-75.227675","1333","6","0","0","0","0","1","0","0","0","","0","0","0","","","3","N","0","","40 05:03.400","5","0","75 13:39.630","3","0","0","0","67301","0","0","0","N","0","0","0","3","67301","0","","1.0","1600.0","9","N","N","N","0","","3","0","1","0","0","Y","","2","3","1","0","0","0","0","2","0","2","","04","","N","","","","","","","","","",""
"2020053997","1900","1","0","0","0","0","0","0","0","0","4","0","","67","7","2020","5","40.064523","-75.160639","1900","6","0","0","0","0","0","0","0","0","","0","0","0","","","2","","1","","40 03:52.283","","0","75 09:38.302","3","0","0","0","67301","0","0","0","N","0","0","0","2","67301","0","","1.0","","1","N","N","N","0","","2","0","1","2","2","","","2","2","0","0","0","0","0","2","0","2","","","","N","","","","","","","","","",""
"2020054363","0135","1","0","0","0","0","0","0","0","0","6","0","","67","7","2020","2","40.04405","-75.158267","0133","6","0","0","0","0","0","0","0","0","","0","0","0","","","0","N","0","","40 02:38.580","5","0","75 09:29.760","0","0","0","0","67301","0","0","0","N","0","0","0","1","67301","0","","6.0","158.0","1","N","N","N","0","","0","0","1","0","0","Y","","4","0","0","0","0","0","0","2","2","4","","","","N","","","","","","","","","",""
"2020056746","0053","1","0","0","0","0","0","0","0","0","8","0","","67","7","2020","6","40.039586","-75.027382","0048","6","0","0","0","0","0","0","0","0","","0","0","0","","","1","N","0","","40 02:22.511","","0","75 01:38.574","8","0","0","0","67301","1","0","0","N","1","0","0","2","67301","0","","1.0","","1","N","N","N","0","","0","0","0","0","0","","","2","1","0","0","0","1","0","2","0","1","","","","N","","","","","","","","","",""
"2020097737","1213","1","0","0","0","0","0","0","0","0","1","0","","67","11","2020","5","39.993791","-75.199486","1204","6","0","0","0","0","0","1","0","0","","0","0","0","","","2","N","0","","39 59:37.649","3","0","75 11:58.149","3","0","0","0","67301","0","0","0","N","0","0","0","4","68K01","1","","1.0","100.0","1","N","N","N","1","","1","0","2","0","0","N","","4","2","0","0","0","0","0","2","0","4","","","","N","","","","","","","","","",""
"2020052962","2126","2","0","0","0","0","0","0","0","0","4","0","","67","7","2020","2","40.038972","-75.150035","2126","6","0","0","0","0","0","1","0","0","","0","0","0","","","2","","1","","40 02:20.299","","0","75 09:00.127","3","0","0","0","67301","0","0","0","N","0","0","0","5","67301","0","","1.0","","99","N","N","N","0","","2","0","0","3","2","","","3","2","0","0","0","0","0","2","0","3","","","","N","","","","","","","","","",""
"2020048947","1844","0","0","0","0","0","0","0","0","0","8","0","","67","6","2020","2","40.044086","-75.128829","1844","6","0","0","0","0","0","1","0","0","","0","0","0","","","1","","1","","40 02:38.709","","0","75 07:43.784","3","0","0","0","67301","1","0","0","N","1","0","0","2","67301","0","","1.0","","1","N","N","N","0","","1","0","1","3","2","","","2","1","0","0","0","0","0","2","0","1","","","","N","","","","","","","","","",""
"2020093435","1010","1","0","0","0","0","0","0","0","0","8","0","","67","11","2020","4","39.993966","-75.179244","1009","6","0","0","0","0","0","0","0","0","","0","0","0","","","1","","1","","39 59:38.277","","0","75 10:45.278","8","0","0","0","67301","1","0","0","N","1","0","0","2","67301","0","","1.0","","1","N","N","N","0","","0","0","0","3","2","","","2","1","0","0","0","1","0","2","0","1","","03","","N","","","","","","","","","",""
"2020055153","1100","1","0","0","0","0","0","0","0","0","7","0","","67","7","2020","3","39.876428","-75.251392","1058","6","0","0","0","0","0","0","0","0","","0","0","0","","","0","N","0","","39 52:35.140","","0","75 15:05.010","0","0","0","0","67301","0","0","0","N","0","0","0","1","67301","0","","5.0","","1","N","N","N","0","","0","0","0","0","0","","","1","0","1","0","0","0","0","2","0","1","","03","","N","","","","","","","","","",""
"2020054259","1745","1","0","0","0","0","0","0","0","0","4","0","","67","7","2020","6","40.046784","-75.070288","1740","6","0","0","0","1","0","2","0","0","","0","0","0","","","2","","1","","40 02:48.424","5","0","75 04:13.037","3","0","0","0","67301","0","0","0","N","0","0","0","4","67301","0","","1.0","30.0","9","N","N","N","1","","2","0","2","3","2","N","","4","2","0","0","0","0","2","2","0","4","","04","","N","","","","","","","","","",""
"2020054016","0145","2","0","0","0","0","0","0","0","0","5","0","","67","7","2020","6","39.989494","-75.12605","0140","6","0","0","0","0","0","1","0","0","","0","0","0","","","0","N","0","","39 59:22.180","","1","75 07:33.780","0","0","0","0","67301","0","0","0","N","0","0","0","1","67301","0","","6.0","","1","N","N","N","0","","0","0","0","0","0","","","2","0","0","0","0","0","0","2","0","2","","03","","N","","","","","","","","","",""
"2020044503","1009","2","0","0","0","0","0","0","0","0","4","0","","67","6","2020","7","39.922867","-75.226314","1009","6","0","0","0","1","0","0","0","0","","0","0","0","","","0","","1","","39 55:22.321","","0","75 13:34.730","0","0","0","0","67301","0","0","0","N","0","0","0","2","67301","0","","1.0","","1","N","N","Y","0","","0","0","1","3","2","","","3","0","2","0","0","0","0","2","0","3","","03","","N","","","","","","","","","",""
"2020054533","1914","0","0","0","0","0","0","0","0","0","7","0","","67","7","2020","6","39.956201","-75.148674","1914","6","0","0","0","0","0","0","0","0","","0","0","0","","","1","N","0","","39 57:22.322","","2","75 08:55.227","3","0","0","0","67301","0","0","0","N","0","0","0","10","67501","0","","4.0","","9","N","N","N","0","","1","0","0","0","0","","","1","1","0","0","0","0","0","2","1","1","","03","","N","","","","","","","","","",""
"2020097438","0128","1","0","0","0","0","0","0","0","0","1","0","40","67","11","2020","1","39.942553","-75.193425","0128","6","0","0","0","0","0","0","0","0","","0","0","0","","","1","N","0","","39 56:33.191","","0","75 11:36.331","3","0","0","0","67301","0","0","0","N","0","0","0","3","68K01","0","","1.0","","1","N","N","N","1","","1","0","0","0","0","","","2","1","0","0","0","0","0","2","0","2","","03","Y","Y","4","2","N","N","Y","Y","N","N","N","N"