"CRN","ARRIVAL_TM","AUTOMOBILE_COUNT","BELTED_DEATH_COUNT","BELTED_SUSP_SERIOUS_INJ_COUNT","BICYCLE_COUNT","BICYCLE_DEATH_COUNT","BICYCLE_SUSP_SERIOUS_INJ_COUNT","BUS_COUNT","CHLDPAS_DEATH_COUNT","CHLDPAS_SUSP_SERIOUS_INJ_COUNT","COLLISION_TYPE","COMM_VEH_COUNT","CONS_ZONE_SPD_LIM","COUNTY","CRASH_MONTH","CRASH_YEAR","DAY_OF_WEEK","DEC_LATITUDE","DEC_LONGITUDE","DISPATCH_TM","DISTRICT","DRIVER_COUNT_16YR","DRIVER_COUNT_17YR","DRIVER_COUNT_18YR","DRIVER_COUNT_19YR","DRIVER_COUNT_20YR","DRIVER_COUNT_50_64YR","DRIVER_COUNT_65_74YR","DRIVER_COUNT_75PLUS","EST_HRS_CLOSED","FATAL_COUNT","HEAVY_TRUCK_COUNT","HORSE_BUGGY_COUNT","HOUR_OF_DAY","ILLUMINATION","INJURY_COUNT","INTERSECTION_RELATED","INTERSECT_TYPE","LANE_CLOSED","LATITUDE","LN_CLOSE_DIR","LOCATION_TYPE","LONGITUDE","MAX_SEVERITY_LEVEL","MCYCLE_DEATH_COUNT","MCYCLE_SUSP_SERIOUS_INJ_COUNT","MOTORCYCLE_COUNT","MUNICIPALITY","NONMOTR_COUNT","NONMOTR_DEATH_COUNT","NONMOTR_SUSP_SERIOUS_INJ_COUNT","NTFY_HIWY_MAINT","PED_COUNT","PED_DEATH_COUNT","PED_SUSP_SERIOUS_INJ_COUNT","PERSON_COUNT","POLICE_AGCY","POSSIBLE_INJ_COUNT","RDWY_SURF_TYPE_CD","RELATION_TO_ROAD","ROADWAY_CLEARED","ROAD_CONDITION","SCH_BUS_IND","SCH_ZONE_IND","SECONDARY_CRASH","SMALL_TRUCK_COUNT","SPEC_JURIS_CD","SUSP_MINOR_INJ_COUNT","SUSP_SERIOUS_INJ_COUNT","SUV_COUNT","TCD_FUNC_CD","TCD_TYPE","TFC_DETOUR_IND","TIME_OF_DAY","TOTAL_UNITS","TOT_INJ_COUNT","UNBELTED_OCC_COUNT","UNB_DEATH_COUNT","UNB_SUSP_SERIOUS_INJ_COUNT","UNK_INJ_DEG_COUNT","UNK_INJ_PER_COUNT","URBAN_RURAL","VAN_COUNT","VEHICLE_COUNT","WEATHER1","WEATHER2","WORKERS_PRES","WORK_ZONE_IND","WORK_ZONE_LOC","WORK_ZONE_TYPE","WZ_CLOSE_DETOUR","WZ_FLAGGER","WZ_LAW_OFFCR_IND","WZ_LN_CLOSURE","WZ_MOVING","WZ_OTHER","WZ_SHLDER_MDN","WZ_WORKERS_INJ_KILLED"
"2020097722","2310","2","0","0","0","0","0","0","0","0","1","0","","67","10","2020","7","39.939621","-75.143212","2310","6","0","0","0","0","0","0","0","0","","0","0","0","","","3","N","0","","39 56:22.637","1","0","75 08:35.564","3","0","0","0","67301","0","0","0","N","0","0","0","4","68K01","0","","1.0","10.0","1","N","N","N","0","","3","0","0","0","0","N","","2","3","0","0","0","0","0","2","0","2","","","","N","","","","","","","","","",""
"2020097916","1035","1","0","0","0","0","0","0","0","0","4","0","","67","11","2020","6","40.009948","-75.108374","1032","6","0","0","0","0","0","0","0","2","","0","0","0","","","0","","1","","40 00:35.812","","0","75 06:30.148","0","0","0","0","67301","0","0","0","N","0","0","0","2","67301","0","","1.0","","9","N","N","N","0","","0","0","1","3","3","","","2","0","2","0","0","0","0","2","0","2","","04","","N","","","","","","","","","",""
"2020049310","2357","1","0","0","0","0","0","0","0","0","4","0","","67","6","2020","2","40.004551","-75.132065","2352","6","0","0","0","0","0","0","0","0","","0","0","0","","","1","","1","","40 00:16.383","","0","75 07:55.433","3","0","0","0","67301","0","0","0","N","0","0","0","2","67301","0","","1.0","","1","N","N","N","0","","1","0","1","2","2","","","2","1","0","0","0","0","0","2","0","2","","03","","N","","","","","","","","","",""
"2020097723","1138","0","0","0","0","0","0","0","0","0","1","0","","67","11","2020","1","39.943125","-75.142807","1128","6","0","0","0","0","0","1","0","0","","0","0","0","","","0","N","0","","39 56:35.250","","0","75 08:34.105","9","0","0","0","67301","0","0","0","N","0","0","0","2","68K01","0","","1.0","","9","N","N","N","0","","0","0","1","0","0","","","2","0","0","0","0","0","1","2","0","2","","03","","N","","","","","","","","","",""
"2020052340","0100","2","0","0","0","0","0","0","0","0","6","0","","67","7","2020","1","39.971131","-75.234317","0051","6","0","0","0","0","0","0","0","0","","0","0","0","","","0","N","0","","39 58:16.070","","0","75 14:03.540","0","0","0","0","67301","0","0","0","N","0","0","0","2","67301","0","","1.0","","1","N","N","N","0","","0","0","0","0","0","","","2","0","2","0","0","0","0","2","0","2","","","","N","","","","","","","","","",""
"2020055178","0415","1","0","0","0","0","0","0","0","0","1","0","","67","7","2020","6","39.963277","-75.161142","0410","6","0","0","0","0","0","0","0","0","","0","0","0","","","0","N","0","","39 57:47.798","1","0","75 09:40.112","0","0","0","0","67301","0","0","0","N","0","0","0","1","67301","0","","6.0","100.0","1","N","N","N","0","","0","0","1","0","0","N","","2","0","0","0","0","0","0","2","0","2","","03","","N","","","","","","","","","",""
"2020054544","1748","1","0","0","0","0","0","0","0","0","4","0","","67","7","2020","6","40.037504","-75.210401","1740","6","0","0","0","0","0","0","0","0","","0","0","0","","","0","","2","","40 02:15.016","","0","75 12:37.445","0","0","0","0","67301","0","0","0","N","0","0","0","2","67301","0","","1.0","","9","N","N","N","0","","0","0","1","3","2","","","2","0","0","0","0","0","0","2","0","2","","04","","N","","","","","","","","","",""
"2020053302","1015","1","0","0","0","0","0","0","0","0","4","0","","67","7","2020","3","40.077992","-75.023685","1003","6","0","0","0","0","0","1","1","0","","0","0","0","","","1","","2","","40 04:40.772","","0","75 01:25.266","3","0","0","0","67301","0","0","0","N","0","0","0","3","67301","0","","1.0","","1","N","N","N","0","","1","0","1","3","2","","","2","1","0","0","0","0","0","2","0","2","","03","","N","","","","","","","","","",""
"2020067313","1733","0","0","0","0","0","0","0","0","0","8","0","","67","6","2020","7","40.040779","-75.139631","1733","6","0","0","0","0","0","0","0","0","","0","0","0","","","1","","2","","40 02:26.804","","0","75 08:22.671","3","0","0","0","67301","1","0","0","N","1","0","0","2","67301","0","","1.0","","1","N","N","N","0","","1","0","0","0","0","","","2","1","0","0","0","0","0","2","0","1","","","","N","","","","","","","","","",""
"2020049010","1703","1","0","0","0","0","0","0","0","0","1","0","","67","6","2020","2","39.913083","-75.243294","1701","6","0","0","0","0","0","0","0","0","","0","0","0","","","1","","5","","39 54:47.100","","0","75 14:35.859","3","0","0","0","67301","0","0","0","N","0","0","0","3","67301","0","","1.0","","1","N","N","N","0","","1","0","1","3","2","","","3","1","0","0","0","0","0","2","0","3","","03","","N","","","","","","","","","",""
"2020058950","1557","0","0","0","0","0","0","0","0","0","7","0","","67","7","2020","1","40.039741","-75.006555","1554","6","0","0","0","0","0","0","0","0","","0","0","0","","","1","N","0","","40 02:23.066","1","0","75 00:23.598","8","0","0","1","67301","0","0","0","N","0","0","0","1","68K01","0","","2.0","1640.0","1","N","N","Y","0","","0","0","0","0","0","N","","1","1","0","0","0","1","0","2","0","1","","03","","N","","","","","","","","","",""
"2020053998","2204","1","0","0","0","0","0","0","0","0","4","0","","67","7","2020","4","39.951474","-75.226644","2204","6","0","0","0","0","0","0","0","0","","0","0","0","","","1","","2","","39 57:05.307","","0","75 13:35.919","3","0","0","1","67301","0","0","0","N","0","0","0","2","67301","0","","1.0","","1","N","N","N","0","","1","0","0","0","0","","","2","1","0","0","0","0","0","2","0","2","","","","N","","","","","","","","","",""
"2020098831","9999","1","0","0","0","0","0","0","0","0","2","0","","67","1","2020","2","40.002128","-75.157051","9999","6","0","0","0","0","0","0","0","0","","0","0","0","","","1","N","0","","40 00:07.659","","7","75 09:25.383","8","0","0","0","67301","0","0","0","N","0","0","0","2","00000","0","","1.0","","1","","","N","0","","0","0","0","0","0","","","2","1","0","0","0","1","0","2","0","2","","","","N","","","","","","","","","",""
"2020054305","1654","1","0","0","0","0","0","0","0","0","6","0","","67","7","2020","6","40.090625","-75.063956","1652","6","0","0","0","0","0","0","0","0","","0","0","0","","","0","N","0","","40 05:26.250","6","0","75 03:50.240","0","0","0","0","67301","0","0","0","N","0","0","0","2","67301","0","","1.0","1910.0","9","N","N","N","0","","0","0","1","0","0","Y","","2","0","0","0","0","0","0","2","0","2","","07","","N","","","","","","","","","",""
"2020054360","1317","2","0","0","0","0","0","0","0","0","1","0","","67","7","2020","6","40.029287","-75.204066","1305","6","0","0","0","1","0","1","0","0","","0","0","0","","","1","Y","0","","40 01:45.433","","0","75 12:14.637","3","0","0","0","67301","0","0","0","N","0","0","0","3","67301","0","","1.0","","9","N","N","N","0","","1","0","1","3","2","","","3","1","0","0","0","0","0","2","0","3","","","","N","","","","","","","","","",""
"2020098927","1200","1","0","0","0","0","0","0","0","0","7","0","","67","11","2020","3","39.89251","-75.222555","1150","6","0","0","0","0","0","1","0","0","","0","0","0","","","1","","1","","39 53:33.035","","0","75 13:21.198","8","0","0","0","67301","0","0","0","N","0","0","0","1","67301","0","","5.0","","1","N","N","N","0","","0","0","0","0","0","","","1","1","0","0","0","1","0","2","0","1","","","","N","","","","","","","","","",""
"2020097740","0753","0","0","0","0","0","0","0","0","0","7","1","45","67","11","2020","6","40.011411","-75.060886","0753","6","0","0","0","0","0","0","0","0","","0","1","0","","","1","N","0","","40 00:41.078","1","0","75 03:39.191","3","0","0","0","67301","0","0","0","Y","0","0","0","1","68K01","0","","2.0","500.0","1","N","N","N","0","","1","0","0","3","2","N","","1","1","0","0","0","0","0","2","0","1","","","Y","Y","4","1","N","N","N","N","N","N","Y","N"
"2020054262","1639","1","0","0","0","0","0","0","0","0","1","0","","67","7","2020","4","40.031082","-75.036001","1635","6","0","0","0","0","0","0","1","0","","0","0","0","","","3","Y","0","","40 01:51.894","3","0","75 02:09.605","3","0","0","0","67301","0","0","0","N","0","0","0","8","67301","0","","1.0","1800.0","1","N","N","N","0","","3","0","2","3","2","N","","3","3","0","0","0","0","1","2","0","3","","03","","N","","","","","","","","","",""
"2020048338","1053","1","0","0","0","0","0","0","0","0","4","0","","67","6","2020","5","39.907194","-75.187667","1050","6","0","0","0","0","0","1","0","0","","0","0","0","","","1","N","0","","39 54:25.900","6","7","75 11:15.600","3","0","0","0","67301","0","0","0","N","0","0","0","2","67301","0","","1.0","1125.0","9","N","N","N","0","","1","0","1","3","3","N","","2","1","0","0","0","0","0","2","0","2","","","","N","","","","","","","","","",""
"2020048529","0528","1","0","0","0","0","0","0","0","0","7","0","","67","6","2020","1","39.973237","-75.212226","0528","6","0","0","0","0","0","0","0","0","","0","0","0","","","0","","1","","39 58:23.653","","0","75 12:44.012","9","0","0","0","67301","0","0","0","N","0","0","0","1","67301","0","","3.0","","1","N","N","N","0","","0","0","0","3","2","","","1","0","0","0","0","0","1","2","0","1","","","","N","","","","","","","","","",""
"2020052831","2343","1","0","0","0","0","0","0","0","0","7","0","","67","6","2020","7","39.960022","-75.179906","2343","6","0","0","0","0","0","0","0","0","","0","0","0","","","0","N","0","","39 57:36.078","3","3","75 10:47.662","9","0","0","0","67301","0","0","0","N","0","0","0","1","68K01","0","","4.0","30.0","1","N","N","N","0","","0","0","0","0","0","N","","1","0","0","0","0","0","1","2","0","1","","03","","N","","","","","","","","","",""
"2020089965","2057","1","0","0","0","0","0","0","0","0","1","0","","67","10","2020","1","39.944618","-75.191326","2047","6","0","0","0","0","0","1","0","0","","0","0","0","","","0","N","7","","39 56:40.625","4","0","75 11:28.773","0","0","0","0","67301","0","0","0","N","0","0","0","5","68K01","0","","1.0","30.0","1","N","N","N","0","","0","0","2","0","0","Y","","3","0","0","0","0","0","0","2","0","3","","03","","N","","","","","","","","","",""
"2020053305","0326","2","0","0","0","0","0","0","0","0","5","0","","67","7","2020","2","39.974789","-75.253758","0324","6","0","0","0","0","0","0","0","0","","0","0","0","","","1","N","0","","39 58:29.240","","0","75 15:13.530","8","0","0","0","67301","0","0","0","N","0","0","0","1","67301","0","","6.0","","1","N","N","N","0","","0","0","2","0","0","","","4","1","0","0","0","1","0","2","0","4","","03","","N","","","","","","","","","",""
"2020054781","1139","0","0","0","0","0","0","0","0","0","4","0","","67","7","2020","5","40.02744","-75.062499","1137","6","0","0","0","0","0","0","0","0","","0","0","0","","","5","","1","","40 01:38.783","","0","75 03:44.998","3","0","0","0","67301","0","0","0","N","0","0","0","5","67301","0","","1.0","","1","N","N","N","0","","5","0","1","3","2","","","2","5","0","0","0","0","0","2","1","2","","","","N","","","","","","","","","",""
"2020096892","","1","0","0","0","0","0","0","0","0","1","0","","67","1","2020","6","39.958469","-75.213025","","6","0","0","0","0","0","0","0","0","","0","0","0","","","1","","2","","39 57:30.489","","0","75 12:46.891","8","0","0","0","67301","0","0","0","N","0","0","0","2","00000","0","","1.0","","1","","","N","0","","0","0","1","3","2","","","2","1","0","0","0","1","0","2","0","2","","","","N","","","","","","","","","",""
"2020054014","1843","0","0","0","0","0","0","0","0","0","4","0","","67","7","2020","3","40.001993","-75.119321","1836","6","0","0","0","0","0","1","0","0","","0","0","0","","","0","","2","","40 00:07.174","","0","75 07:09.555","0","0","0","0","67301","0","0","0","N","0","0","0","2","67301","0","","1.0","","1","N","N","N","1","","0","0","1","0","0","","","2","0","0","0","0","0","0","2","0","2","","03","","N","","","","","","","","","",""
"2020055004","2128","6","0","0","0","0","0","0","0","0","4","0","","67","7","2020","3","39.956479","-75.221584","2126","6","0","0","0","0","0","0","0","0","","0","0","0","","","2","","1","","39 57:23.323","","0","75 13:17.703","3","0","0","0","67301","0","0","0","N","0","0","0","2","67301","0","","1.0","","1","N","N","N","0","","2","0","1","3","2","","","8","2","0","0","0","0","0","2","1","8","","03","","N","","","","","","","","","",""
"2020059447","1823","2","0","0","0","0","0","0","0","0","5","0","","67","7","2020","6","39.94526","-75.142664","1823","6","0","0","1","0","1","1","0","0","","0","0","0","","","7","N","0","","39 56:42.936","2","0","75 08:33.591","4","0","0","0","67301","0","0","0","N","0","0","0","7","68K01","7","","1.0","30.0","9","N","N","N","0","","0","0","3","0","0","N","","5","7","0","0","0","0","0","2","0","5","","","","N","","","","","","","","","",""
"2020092260","2355","1","0","0","0","0","0","1","0","0","4","1","","67","10","2020","2","40.014768","-75.085466","2350","6","0","0","0","0","0","0","0","0","","0","0","0","","","1","","1","","40 00:53.164","","1","75 05:07.676","4","0","0","0","67301","0","0","0","N","0","0","0","2","67508","1","","1.0","","1","N","N","Y","0","","0","0","0","3","2","","","2","1","0","0","0","0","0","2","0","2","","03","","N","","","","","","","","","",""
"2020054450","1252","0","0","0","0","0","0","0","0","0","4","0","","67","7","2020","6","39.980347","-75.197709","1248","6","0","0","0","0","1","0","0","0","","0","0","0","","","1","N","0","","39 58:49.249","","0","75 11:51.751","3","0","0","0","67301","0","0","0","N","0","0","0","2","67301","0","","1.0","","1","N","N","N","0","","1","0","2","0","0","","","2","1","0","0","0","0","0","2","0","2","","","","N","","","","","","","","","",""
"2020054017","0310","1","0","0","0","0","0","0","0","0","4","0","","67","7","2020","3","40.026695","-75.117257","0310","6","0","0","0","0","0","0","0","0","","0","0","0","","","1","","1","","40 01:36.101","","0","75 07:02.125","8","0","0","0","67301","0","0","0","N","0","0","0","2","67301","0","","1.0","","1","N","N","N","0","","0","0","0","3","2","","","2","1","0","0","0","1","0","2","0","2","","04","","N","","","","","","","","","",""
"2020098744","0030","1","0","0","0","0","0","0","0","0","4","0","","67","11","2020","7","39.945184","-75.217746","0030","6","0","0","0","0","1","0","0","0","","0","0","0","","","0","","1","","39 56:42.662","5","0","75 13:03.885","0","0","0","0","67301","0","0","0","N","0","0","0","3","67301","0","","1.0","140.0","1","N","N","N","0","","0","0","1","3","2","Y","","2","0","0","0","0","0","0","2","0","2","","03","","N","","","","","","","","","",""
"2020058962","1029","0","0","0","0","0","0","0","0","0","7","0","","67","7","2020","6","39.88685","-75.205559","1014","6","0","0","0","0","0","0","0","0","","0","0","0","","","1","N","0","","39 53:12.659","2","0","75 12:20.013","8","0","0","0","67301","0","0","0","N","0","0","0","1","68K01","0","","4.0","100.0","9","N","N","N","0","","0","0","1","0","0","Y","","1","1","1","0","0","1","0","2","0","1","","07","","N","","","","","","","","","",""
"2020054019","0612","3","0","0","0","0","0","0","0","0","5","0","","67","7","2020","3","40.026736","-75.170129","0610","6","0","0","0","0","0","0","0","0","","0","0","0","","","1","N","0","","40 01:36.249","1","0","75 10:12.465","3","0","0","0","67301","0","0","0","N","0","0","0","1","67301","0","","6.0","730.0","1","N","N","N","1","","1","0","0","0","0","Y","","4","1","0","0","0","0","0","2","0","4","","03","","N","","","","","","","","","",""
"2020097733","1407","0","0","0","0","0","0","0","0","0","5","1","","67","11","2020","4","39.956985","-75.180432","1352","6","0","0","0","0","0","0","0","0","","0","1","0","","","1","N","0","","39 57:25.145","3","0","75 10:49.555","8","0","0","0","67301","0","0","0","N","0","0","0","2","68K01","0","","1.0","1440.0","1","N","N","N","0","","0","0","1","0","0","N","","2","1","1","0","0","1","0","2","0","2","","","","N","","","","","","","","","",""
"2020054005","1730","1","0","0","0","0","0","0","0","0","4","0","","67","7","2020","4","39.97531","-75.165182","1724","6","0","0","0","0","0","0","0","0","","0","0","0","","","1","","1","","39 58:31.117","1","0","75 09:54.656","3","0","0","0","67301","0","0","0","N","0","0","0","3","67301","0","","1.0","1810.0","1","N","N","N","0","","1","0","2","3","2","Y","","3","1","0","0","0","0","0","2","0","3","","","","N","","","","","","","","","",""
"2020050538","2238","1","0","0","0","0","0","0","0","0","1","0","","67","6","2020","1","39.941989","-75.143318","2226","6","0","0","0","0","0","0","0","0","","0","0","0","","","1","N","0","","39 56:31.160","","0","75 08:35.943","8","0","0","0","67301","0","0","0","N","0","0","0","2","68K01","0","","1.0","","1","N","N","N","0","","0","0","0","0","0","","","2","1","0","0","0","1","1","2","0","2","","","","N","","","","","","","","","",""
"2020098013","0538","1","0","0","0","0","0","0","0","0","7","0","","67","11","2020","5","40.007865","-75.172261","0533","6","0","0","0","0","0","0","0","0","","0","0","0","","","1","","1","","40 00:28.314","","0","75 10:20.141","3","0","0","0","67301","0","0","0","N","0","0","0","1","67301","0","","5.0","","9","N","N","N","0","","1","0","0","0","0","","","1","1","0","0","0","0","0","2","0","1","","","","N","","","","","","","","","",""
"2020053525","1828","2","0","0","0","0","0","0","0","0","5","0","","67","6","2020","6","39.978999","-75.109553","1817","6","0","0","0","0","0","0","0","0","","0","0","0","","","1","N","0","","39 58:44.397","2","0","75 06:34.389","3","0","0","0","67301","0","0","0","N","0","0","0","2","68K01","0","","1.0","1918.0","1","N","N","N","0","","1","0","0","0","0","N","","2","1","1","0","0","0","0","2","0","2","","","","N","","","","","","","","","",""
"2020099268","2258","2","0","0","0","0","0","0","0","0","6","0","","67","10","2020","7","39.977025","-75.19908","2254","6","0","0","0","0","0","0","0","0","","0","0","0","","","6","N","0","","39 58:37.290","3","0","75 11:56.689","3","0","0","0","67301","0","0","0","N","0","0","0","8","68K01","2","","1.0","2330.0","1","N","N","N","0","","4","0","0","0","0","N","","2","6","3","0","0","0","0","2","0","2","","","","N","","","","","","","","","",""
"2020098810","0430","0","0","0","0","0","0","0","0","0","1","1","","67","11","2020","7","39.982294","-75.133286","0421","6","0","0","0","0","0","0","0","0","","0","1","0","","","0","N","0","","39 58:56.260","","0","75 07:59.830","9","0","0","0","67301","0","0","0","N","0","0","0","1","67301","0","","6.0","","1","N","N","N","0","","0","0","2","0","0","","","3","0","0","0","0","0","1","2","0","3","","03","","N","","","","","","","","","",""
"2020065409","1756","1","0","0","0","0","0","0","0","0","7","0","","67","7","2020","6","39.892844","-75.234319","1747","6","0","0","0","0","0","0","0","0","","0","0","0","","","0","N","0","","39 53:34.239","","0","75 14:03.548","0","0","0","0","67301","0","0","0","N","0","0","0","1","68K02","0","","2.0","","9","N","N","N","0","","0","0","0","0","0","","","1","0","0","0","0","0","0","2","0","1","","","","N","","","","","","","","","",""
"2020053457","0153","3","0","0","0","0","0","0","0","0","5","0","","67","7","2020","4","39.959072","-75.242556","0152","6","0","1","0","0","0","0","0","0","","0","0","0","","","1","N","0","","39 57:32.660","","0","75 14:33.202","3","0","0","0","67301","0","0","0","N","0","0","0","1","67301","0","","6.0","","1","N","N","N","0","","1","0","0","0","0","","","3","1","0","0","0","0","0","2","0","3","","","","N","","","","","","","","","",""
"2020096953","","1","0","0","0","0","0","0","0","0","1","0","","67","1","2020","3","40.046528","-75.158306","","6","0","0","0","0","0","0","0","0","","0","0","0","","","1","Y","0","","40 02:47.500","","0","75 09:29.900","8","0","0","0","67301","0","0","0","N","0","0","0","2","00000","0","","1.0","","1","","","N","0","","0","0","1","3","3","","","2","1","0","0","0","1","0","2","0","2","","","","N","","","","","","","","","",""
"2020097739","1400","2","0","0","0","0","0","0","0","0","1","0","","67","11","2020","5","39.985245","-75.093973","1345","6","0","0","0","0","0","0","0","0","","0","0","0","","","0","N","0","","39 59:06.883","1","0","75 05:38.301","0","0","0","0","67301","0","0","0","N","0","0","0","2","68K01","0","","1.0","1410.0","1","N","N","Y","0","","0","0","0","0","0","N","","2","0","0","0","0","0","0","2","0","2","","03","","N","","","","","","","","","",""
"2020049886","0058","2","0","0","0","0","0","0","0","0","4","0","","67","6","2020","5","39.989465","-75.110756","0052","6","0","0","0","0","0","0","0","0","","0","0","0","","","0","","1","","39 59:22.074","","0","75 06:38.721","0","0","0","0","67301","0","0","0","N","0","0","0","1","67301","0","","1.0","","1","N","N","N","0","","0","0","0","3","3","","","2","0","0","0","0","0","0","2","0","2","","03","","N","","","","","","","","","",""
"2020086896","0342","2","0","0","0","0","0","0","0","0","2","0","","67","10","2020","1","39.974751","-75.199064","0342","6","0","0","0","0","1","0","0","0","","0","0","0","","","2","","2","","39 58:29.102","","0","75 11:56.632","8","0","0","0","67301","0","0","0","N","0","0","0","3","67301","0","","1.0","","1","N","N","N","0","","0","0","0","3","2","","","2","2","0","0","0","2","0","2","0","2","","","","N","","","","","","","","","",""
"2020053607","1431","2","0","0","0","0","0","0","0","0","4","0","","67","7","2020","3","39.966328","-75.216667","1429","6","0","0","0","0","0","0","0","0","","0","0","0","","","2","","1","","39 57:58.780","6","0","75 13:00.001","3","0","0","0","67301","0","0","0","N","0","0","0","4","67301","0","","1.0","1503.0","1","N","N","N","0","","2","0","0","3","2","N","","2","2","0","0","0","0","0","2","0","2","","03","","N","","","","","","","","","",""
"2020058986","1438","1","0","0","0","0","0","0","0","0","7","0","","67","7","2020","7","39.922872","-75.191918","1438","6","0","0","0","0","0","0","0","0","","0","0","0","","","2","N","0","","39 55:22.339","3","0","75 11:30.903","4","0","0","0","67301","0","0","0","Y","0","0","0","2","68K01","1","","4.0","30.0","9","N","N","N","0","","0","0","0","0","0","N","","1","2","0","0","0","1","0","2","0","1","","","","N","","","","","","","","","",""
"2020054131","2200","2","0","0","0","0","0","0","0","0","1","0","","67","7","2020","2","39.919972","-75.200741","2200","6","0","0","0","0","1","0","0","0","","0","0","0","","","0","N","0","","39 55:11.898","3","3","75 12:02.668","0","0","0","0","67301","0","0","0","N","0","0","0","4","67301","0","","1.0","2203.0","9","N","N","Y","0","","0","0","0","0","0","Y","","2","0","4","0","0","0","0","2","0","2","","07","","N","","","","","","","","","",""
"2020058985","1525","1","0","0","0","0","0","0","0","0","7","0","","67","7","2020","7","39.881098","-75.24577","1439","6","0","0","0","0","0","0","0","0","","0","0","0","","","0","N","0","","39 52:51.952","","8","75 14:44.773","0","0","0","0","67301","0","0","0","N","0","0","0","1","68K01","0","","4.0","","1","N","N","N","0","","0","0","0","0","0","","","1","0","0","0","0","0","0","2","0","1","","","","N","","","","","","","","","",""
"2020097911","1812","0","0","0","0","0","0","0","0","0","7","0","","67","10","2020","4","40.045278","-75.066028","1804","6","0","0","0","0","0","0","0","0","","1","0","0","","","0","N","0","","40 02:43.000","","0","75 03:57.700","1","1","0","1","67301","0","0","0","N","0","0","0","1","67301","0","1","5.0","","1","N","N","N","0","0","0","0","0","0","0","","","1","0","0","0","0","0","0","2","0","1","","","","N","","","","","","","","","",""
"2020097719","1615","3","0","0","0","0","0","0","0","0","1","0","","67","10","2020","6","39.982272","-75.100246","1611","6","0","1","0","0","0","0","0","0","","0","0","0","","","5","N","6","","39 58:56.179","2","2","75 06:00.884","8","0","0","0","67301","0","0","0","N","0","0","0","7","68K01","0","","1.0","1708.0","1","N","N","N","1","","0","0","1","3","2","N","","5","5","0","0","0","5","0","2","0","5","","","","N","","","","","","","","","",""
"2020054263","2023","1","0","0","0","0","0","0","0","0","4","0","","67","7","2020","4","40.028481","-75.057852","2022","6","0","0","0","0","0","1","0","0","","0","0","0","","","1","","1","","40 01:42.531","2","0","75 03:28.266","4","0","0","0","67301","0","0","0","N","0","0","0","2","67301","1","","1.0","30.0","1","N","N","N","0","","0","0","0","3","2","N","","2","1","2","0","0","0","0","2","1","2","","03","","N","","","","","","","","","",""
"2020059252","1540","0","0","0","0","0","0","0","0","0","1","0","","67","7","2020","3","39.977124","-75.198908","1534","6","0","0","0","0","0","0","0","0","","0","0","0","","","0","N","0","","39 58:37.648","","0","75 11:56.070","9","0","0","0","67301","0","0","0","N","0","0","0","4","68K01","0","","1.0","","1","N","N","N","0","","0","0","2","0","0","","","4","0","0","0","0","0","2","2","0","4","","","","N","","","","","","","","","",""
"2020051987","2045","1","0","0","1","0","0","0","0","0","8","0","","67","6","2020","1","39.9484","-75.159058","2045","6","0","0","0","0","0","0","0","0","","0","0","0","","","1","N","0","","39 56:54.240","","0","75 09:32.610","3","0","0","0","67301","1","0","0","N","0","0","0","2","67301","0","","1.0","","1","N","N","N","0","","1","0","0","0","0","","","2","1","0","0","0","0","0","2","0","1","","03","","N","","","","","","","","","",""
"2020002549","1720","1","0","0","0","0","0","0","0","0","7","0","","67","1","2020","1","39.908861","-75.150861","1715","6","0","0","0","0","0","0","0","0","","0","0","0","","","0","N","0","","39 54:31.900","3","3","75 09:03.100","0","0","0","0","67301","0","0","0","N","0","0","0","1","67501","0","","1.0","1745.0","1","N","N","N","0","","0","0","0","3","8","N","","1","0","0","0","0","0","0","2","0","1","","","","N","","","","","","","","","",""
"2020099345","1140","0","0","0","0","0","0","0","0","0","4","0","","67","11","2020","4","40.016535","-75.187783","1133","6","0","0","0","0","0","0","0","0","","0","0","0","","","1","N","0","","40 00:59.526","5","0","75 11:16.019","3","0","0","0","67301","0","0","0","N","0","0","0","2","67301","0","","1.0","300.0","1","N","N","N","0","","1","0","2","0","0","Y","","2","1","0","0","0","0","0","2","0","2","","03","","N","","","","","","","","","",""
"2020098746","1103","2","0","0","0","0","0","0","0","0","5","0","","67","11","2020","2","40.033123","-75.145919","1100","6","0","0","0","0","0","0","0","0","","0","0","0","","","0","N","0","","40 01:59.244","","0","75 08:45.310","0","0","0","0","67301","0","0","0","N","0","0","0","1","67301","0","","1.0","","1","N","N","N","0","","0","0","0","0","0","","","2","0","0","0","0","0","0","2","0","2","","03","","N","","","","","","","","","",""
"2020089767","","1","0","0","0","0","0","0","0","0","1","0","","67","7","2020","6","39.988618","-75.106144","","6","0","0","0","0","0","0","0","0","","0","0","0","","","3","Y","0","","39 59:19.023","","0","75 06:22.117","4","0","0","0","67301","0","0","0","N","0","0","0","4","00000","3","","1.0","","1","","","N","0","","0","0","1","3","2","","","2","3","0","0","0","0","0","2","0","2","","","","N","","","","","","","","","",""
"2020049500","1718","2","0","0","0","0","0","0","0","0","1","0","","67","6","2020","4","39.959556","-75.197722","1718","6","0","0","0","0","0","0","0","0","","0","0","0","","","2","N","0","","39 57:34.400","","7","75 11:51.800","3","0","0","0","67301","0","0","0","N","0","0","0","3","67504","0","","1.0","","1","N","N","N","0","","2","0","0","0","0","","","2","2","0","0","0","0","1","2","0","2","","03","","N","","","","","","","","","",""