"CRN","ARRIVAL_TM","AUTOMOBILE_COUNT","BELTED_DEATH_COUNT","BELTED_SUSP_SERIOUS_INJ_COUNT","BICYCLE_COUNT","BICYCLE_DEATH_COUNT","BICYCLE_SUSP_SERIOUS_INJ_COUNT","BUS_COUNT","CHLDPAS_DEATH_COUNT","CHLDPAS_SUSP_SERIOUS_INJ_COUNT","COLLISION_TYPE","COMM_VEH_COUNT","CONS_ZONE_SPD_LIM","COUNTY","CRASH_MONTH","CRASH_YEAR","DAY_OF_WEEK","DEC_LATITUDE","DEC_LONGITUDE","DISPATCH_TM","DISTRICT","DRIVER_COUNT_16YR","DRIVER_COUNT_17YR","DRIVER_COUNT_18YR","DRIVER_COUNT_19YR","DRIVER_COUNT_20YR","DRIVER_COUNT_50_64YR","DRIVER_COUNT_65_74YR","DRIVER_COUNT_75PLUS","EST_HRS_CLOSED","FATAL_COUNT","HEAVY_TRUCK_COUNT","HORSE_BUGGY_COUNT","HOUR_OF_DAY","ILLUMINATION","INJURY_COUNT","INTERSECTION_RELATED","INTERSECT_TYPE","LANE_CLOSED","LATITUDE","LN_CLOSE_DIR","LOCATION_TYPE","LONGITUDE","MAX_SEVERITY_LEVEL","MCYCLE_DEATH_COUNT","MCYCLE_SUSP_SERIOUS_INJ_COUNT","MOTORCYCLE_COUNT","MUNICIPALITY","NONMOTR_COUNT","NONMOTR_DEATH_COUNT","NONMOTR_SUSP_SERIOUS_INJ_COUNT","NTFY_HIWY_MAINT","PED_COUNT","PED_DEATH_COUNT","PED_SUSP_SERIOUS_INJ_COUNT","PERSON_COUNT","POLICE_AGCY","POSSIBLE_INJ_COUNT","RDWY_SURF_TYPE_CD","RELATION_TO_ROAD","ROADWAY_CLEARED","ROAD_CONDITION","SCH_BUS_IND","SCH_ZONE_IND","SECONDARY_CRASH","SMALL_TRUCK_COUNT","SPEC_JURIS_CD","SUSP_MINOR_INJ_COUNT","SUSP_SERIOUS_INJ_COUNT","SUV_COUNT","TCD_FUNC_CD","TCD_TYPE","TFC_DETOUR_IND","TIME_OF_DAY","TOTAL_UNITS","TOT_INJ_COUNT","UNBELTED_OCC_COUNT","UNB_DEATH_COUNT","UNB_SUSP_SERIOUS_INJ_COUNT","UNK_INJ_DEG_COUNT","UNK_INJ_PER_COUNT","URBAN_RURAL","VAN_COUNT","VEHICLE_COUNT","WEATHER1","WEATHER2","WORKERS_PRES","WORK_ZONE_IND","WORK_ZONE_LOC","WORK_ZONE_TYPE","WZ_CLOSE_DETOUR","WZ_FLAGGER","WZ_LAW_OFFCR_IND","WZ_LN_CLOSURE","WZ_MOVING","WZ_OTHER","WZ_SHLDER_MDN","WZ_WORKERS_INJ_KILLED"
"2020098719","1602","2","0","0","0","0","0","0","0","0","4","0","","67","11","2020","2","40.014649","-75.178448","1601","6","0","0","0","1","0","0","0","0","","0","0","0","","","2","","1","","40 00:52.738","","0","75 10:42.411","3","0","0","0","67301","0","0","0","N","0","0","0","5","67301","0","","1.0","","1","N","N","N","0","","2","0","0","3","2","","","2","2","0","0","0","0","0","2","0","2","","03","","N","","","","","","","","","",""
"2020097804","1808","2","0","0","0","0","0","0","0","0","4","0","","67","11","2020","1","39.993783","-75.162047","1806","6","0","0","0","1","0","1","0","0","","0","0","0","","","2","N","0","","39 59:37.620","","0","75 09:43.370","3","0","0","0","67301","0","0","0","N","0","0","0","5","67301","0","","1.0","","1","N","N","N","1","","2","0","0","0","0","","","3","2","0","0","0","0","0","2","0","3","","04","","N","","","","","","","","","",""
"2020099757","1712","2","0","0","0","0","0","0","0","0","1","0","","67","10","2020","7","39.935122","-75.199806","1655","6","0","0","0","0","0","1","0","0","","0","0","0","","","1","N","0","","39 56:06.440","4","0","75 11:59.301","3","0","0","0","67301","0","0","0","N","0","0","0","2","68K01","0","","1.0","1740.0","1","N","N","N","0","","1","0","0","3","8","N","","2","1","0","0","0","0","0","2","0","2","","","","N","","","","","","","","","",""
"2020098018","0650","2","0","0","0","0","0","0","0","0","5","1","","67","11","2020","1","40.0245","-75.176178","0643","6","0","0","0","0","0","0","0","0","","0","1","0","","","0","N","0","","40 01:28.200","3","0","75 10:34.240","0","0","0","0","67301","0","0","0","N","0","0","0","1","67301","0","","6.0","1008.0","1","N","N","N","0","","0","0","1","0","0","Y","","4","0","0","0","0","0","0","2","0","4","","03","","N","","","","","","","","","",""
"2020052956","0219","2","0","0","0","0","0","0","0","0","4","0","","67","7","2020","1","39.94716","-75.237809","0216","6","0","0","0","0","0","0","0","0","","0","0","0","","","3","","1","","39 56:49.776","","0","75 14:16.112","3","0","0","0","67301","0","0","0","N","0","0","0","3","67301","0","","1.0","","1","N","N","N","0","","2","0","0","3","3","","","2","3","0","0","0","1","0","2","0","2","","03","","N","","","","","","","","","",""
"2020097738","1325","0","0","0","0","0","0","0","0","0","7","1","35","67","11","2020","5","40.011171","-75.061315","1248","6","0","0","0","0","0","0","0","0","","0","1","0","","","0","N","0","","40 00:40.217","1","0","75 03:40.734","0","0","0","0","67301","0","0","0","N","0","0","0","1","68K01","0","","4.0","200.0","1","N","N","N","0","","0","0","0","0","0","N","","1","0","0","0","0","0","0","2","0","1","","","Y","Y","4","1","N","N","N","Y","N","N","N","N"
"2020099207","","1","0","0","0","0","0","0","0","0","5","0","","67","1","2020","7","39.946725","-75.188761","","6","0","0","0","0","0","0","1","0","","0","0","0","","","1","N","0","","39 56:48.209","","0","75 11:19.541","8","0","0","0","67301","0","0","0","N","0","0","0","3","00000","0","","1.0","","1","","","N","0","","0","0","1","0","0","","","3","1","0","0","0","1","0","2","0","3","","","","N","","","","","","","","","",""
"2020097734","0849","0","0","0","0","0","0","0","0","0","1","0","","67","11","2020","5","39.983846","-75.097217","0837","6","0","0","0","0","0","0","0","0","","0","0","0","","","1","N","0","","39 59:01.846","2","0","75 05:49.981","8","0","0","0","67301","0","0","0","N","0","0","0","5","68K01","0","","3.0","30.0","1","N","N","N","0","","0","0","1","0","0","N","","2","1","0","0","0","1","0","2","1","2","","","","N","","","","","","","","","",""
"2020054004","1352","1","0","0","0","0","0","0","0","0","1","0","","67","7","2020","4","39.986568","-75.156202","1348","6","0","0","0","0","0","0","0","0","","0","0","0","","","0","Y","0","","39 59:11.643","","0","75 09:22.328","0","0","0","0","67301","0","0","0","N","0","0","0","2","67301","0","","1.0","","1","N","N","N","1","","0","0","0","3","2","","","2","0","0","0","0","0","0","2","0","2","","03","","N","","","","","","","","","",""
"2020091767","1000","1","0","0","0","0","0","0","0","0","8","0","","67","10","2020","7","39.977297","-75.158231","0955","6","0","0","0","0","0","0","1","0","","0","0","0","","","1","","1","","39 58:38.270","","0","75 09:29.632","8","0","0","0","67301","1","0","0","N","1","0","0","3","67505","0","","1.0","","1","N","N","N","0","","0","0","0","3","2","N","","2","1","0","0","0","1","0","2","0","1","","03","","N","","","","","","","","","",""
"2020045499","0645","5","0","0","0","0","0","0","0","0","5","0","","67","6","2020","4","40.000083","-75.165722","0645","6","0","0","0","0","0","0","0","0","","0","0","0","","","1","N","0","","40 00:00.300","3","0","75 09:56.600","4","0","0","0","67301","0","0","0","N","0","0","0","1","67301","1","","6.0","740.0","1","N","N","Y","0","","0","0","2","0","0","N","","7","1","1","0","0","0","0","2","0","7","","03","","N","","","","","","","","","",""
"2020054279","1757","0","0","0","0","0","0","0","0","0","1","0","","67","7","2020","5","39.974778","-75.221549","1751","6","0","0","0","0","0","1","0","0","","0","0","0","","","1","","3","","39 58:29.201","","0","75 13:17.575","3","0","0","0","67301","0","0","0","N","0","0","0","6","67301","0","","1.0","","1","N","N","N","0","","1","0","1","3","3","","","2","1","0","0","0","0","0","2","1","2","","03","","N","","","","","","","","","",""
"2020053299","0410","1","0","0","0","0","0","0","0","0","7","0","","67","7","2020","4","40.004417","-75.15025","0407","6","0","0","0","0","0","0","0","0","","0","0","0","","","0","N","0","","40 00:15.900","","0","75 09:00.900","0","0","0","0","67301","0","0","0","N","0","0","0","1","67505","0","","4.0","","1","N","N","N","0","","0","0","0","0","0","","","1","0","0","0","0","0","0","2","0","1","","03","","N","","","","","","","","","",""
"2020058964","1033","1","0","0","0","0","0","0","0","0","7","0","","67","7","2020","6","39.889983","-75.219791","1033","6","0","0","0","1","0","0","0","0","","0","0","0","","","0","N","0","","39 53:23.939","2","0","75 13:11.247","0","0","0","0","67301","0","0","0","N","0","0","0","1","68K01","0","","4.0","1130.0","9","N","N","N","0","","0","0","0","0","0","N","","1","0","1","0","0","0","0","2","0","1","","","","N","","","","","","","","","",""
"2020056801","2010","0","0","0","0","0","0","0","0","0","1","0","","67","7","2020","5","40.003791","-75.220907","2006","6","0","0","0","0","0","0","1","0","","0","0","0","","","1","Y","0","","40 00:13.647","","0","75 13:15.266","3","0","0","0","67301","0","0","0","N","0","0","0","3","67301","0","","1.0","","1","N","N","N","0","","1","0","2","3","2","","","2","1","0","0","0","0","0","2","0","2","","","","N","","","","","","","","","",""
"2020052826","0706","1","0","0","0","0","0","0","0","0","0","0","","67","6","2020","7","39.884328","-75.245313","0656","6","0","0","0","0","1","0","0","0","","0","0","0","","","0","N","0","","39 53:03.582","","2","75 14:43.126","0","0","0","0","67301","0","0","0","N","0","0","0","1","68K01","0","","2.0","","1","N","N","N","0","","0","0","0","0","0","","","1","0","0","0","0","0","0","2","0","1","","","","N","","","","","","","","","",""
"2020099147","2300","2","0","0","0","0","0","0","0","0","4","0","","67","11","2020","4","40.03139","-75.084857","2230","6","0","0","1","0","0","0","0","0","","0","0","0","","","1","","1","","40 01:53.003","","0","75 05:05.484","4","0","0","0","67301","0","0","0","N","0","0","0","1","67301","1","","1.0","","1","N","N","N","0","","0","0","0","3","2","U","","2","1","0","0","0","0","0","2","0","2","","03","","N","","","","","","","","","",""
"2020050584","1750","0","0","0","0","0","0","0","0","0","4","0","","67","6","2020","4","39.991073","-75.131961","1747","6","0","0","0","0","0","0","0","0","","0","0","0","","","1","","1","","39 59:27.862","","0","75 07:55.061","2","0","1","1","67301","0","0","0","N","0","0","0","2","67301","0","","1.0","","1","N","N","N","0","","0","1","1","0","0","","","2","1","1","0","0","0","0","2","0","2","","03","","N","","","","","","","","","",""
"2020055964","1856","1","0","0","0","0","0","0","0","0","7","0","","67","7","2020","7","39.941783","-75.237675","1855","6","0","0","0","0","0","0","0","0","","0","0","0","","","0","N","0","","39 56:30.420","","0","75 14:15.630","0","0","0","0","67301","0","0","0","N","0","0","0","1","67301","0","","6.0","","1","N","N","N","0","","0","0","0","0","0","","","1","0","0","0","0","0","0","2","0","1","","03","","N","","","","","","","","","",""
"2020048528","0410","0","0","0","0","0","0","0","0","0","7","0","","67","6","2020","1","39.973833","-75.206444","0401","6","0","0","0","0","0","0","0","0","","0","0","0","","","0","","1","","39 58:25.797","","0","75 12:23.198","0","0","0","0","67301","0","0","0","N","0","0","0","1","67301","0","","3.0","","1","N","N","N","0","","0","0","1","3","2","","","1","0","0","0","0","0","0","2","0","1","","","","N","","","","","","","","","",""
"2020052810","1625","0","0","0","0","0","0","0","0","0","7","0","","67","7","2020","2","40.044813","-75.087047","1615","6","0","0","0","0","0","1","0","0","","0","0","0","","","1","N","0","","40 02:41.328","","0","75 05:13.370","3","0","0","0","67301","0","0","0","N","0","0","0","1","67301","0","","4.0","","9","N","N","N","0","","1","0","0","0","0","","","1","1","1","0","0","0","0","2","1","1","","","","N","","","","","","","","","",""
"2020054135","0110","0","0","0","0","0","0","0","0","0","5","0","","67","7","2020","5","39.895519","-75.23716","0103","6","0","0","0","0","0","1","0","0","","0","0","0","","","1","","3","","39 53:43.870","","0","75 14:13.776","3","0","0","0","67301","0","0","0","N","0","0","0","2","67301","0","","1.0","","1","N","N","N","0","","1","0","1","0","0","","","2","1","0","0","0","0","0","2","0","2","","03","","N","","","","","","","","","",""
"2020097592","1305","1","0","0","0","0","0","0","0","0","4","0","","67","11","2020","6","39.994003","-75.155022","1302","6","0","0","0","0","0","0","0","0","","0","0","0","","","0","N","0","","39 59:38.412","","0","75 09:18.080","9","0","0","0","67301","0","0","0","N","0","0","0","6","67301","0","","1.0","","1","N","N","N","0","","0","0","1","0","0","","","2","0","0","0","0","0","4","2","0","2","","","","N","","","","","","","","","",""
"2020097402","1950","2","0","0","0","0","0","0","0","0","1","0","45","67","10","2020","4","39.942947","-75.193039","1950","6","0","0","0","0","0","0","0","0","","0","0","0","","","2","N","0","","39 56:34.609","","0","75 11:34.942","3","0","0","0","67301","0","0","0","N","0","0","0","3","68K01","0","","1.0","","1","N","N","N","0","","2","0","0","0","0","","","2","2","1","0","0","0","0","2","0","2","","","Y","Y","2","1","N","N","Y","Y","N","N","N","N"
"2020053307","0415","2","0","0","0","0","0","0","0","0","5","0","","67","7","2020","1","40.024497","-75.147918","0412","6","0","0","0","0","0","1","0","0","","0","0","0","","","3","","1","","40 01:28.189","","0","75 08:52.503","3","0","0","0","67301","0","0","0","N","0","0","0","3","67301","1","","1.0","","1","N","N","N","0","","2","0","1","3","2","","","3","3","3","0","0","0","0","2","0","3","","03","","N","","","","","","","","","",""
"2020052501","0325","1","0","0","0","0","0","0","0","0","5","0","","67","7","2020","1","40.022867","-75.075428","0303","6","0","0","0","0","0","0","0","0","","0","0","0","","","0","N","0","","40 01:22.320","","0","75 04:31.540","0","0","0","0","67301","0","0","0","N","0","0","0","1","67301","0","","6.0","","1","N","N","N","1","","0","0","2","0","0","","","4","0","0","0","0","0","0","2","0","4","","","","N","","","","","","","","","",""
"2020097403","1952","1","0","0","0","0","0","0","0","0","1","0","","67","10","2020","6","39.978467","-75.202716","1947","6","0","0","0","1","1","0","0","0","","0","0","0","","","0","N","0","","39 58:42.481","","0","75 12:09.778","9","0","0","0","67301","0","0","0","N","0","0","0","6","68K01","0","","1.0","","1","N","N","N","0","","0","0","2","0","0","","","3","0","0","0","0","0","1","2","0","3","","","","N","","","","","","","","","",""
"2020054010","0538","0","0","0","0","0","0","0","0","0","5","0","","67","7","2020","5","39.99505","-75.112105","0538","6","0","0","0","0","0","0","0","0","","0","0","0","","","0","N","0","","39 59:42.179","","0","75 06:43.577","9","0","0","0","67301","0","0","0","N","0","0","0","2","67301","0","","1.0","","1","N","N","N","0","","0","0","2","0","0","","","2","0","2","0","0","0","1","2","0","2","","03","","N","","","","","","","","","",""
"2020055974","1537","2","0","0","0","0","0","0","0","0","6","0","","67","7","2020","6","40.0045","-75.1294","1537","6","0","0","0","0","0","0","0","0","","0","0","0","","","0","N","0","","40 00:16.200","","0","75 07:45.840","0","0","0","0","67301","0","0","0","N","0","0","0","3","67301","0","","1.0","","9","N","N","N","0","","0","0","1","0","0","","","3","0","0","0","0","0","0","2","0","3","","07","","N","","","","","","","","","",""
"2020053267","2138","2","0","0","0","0","0","0","0","0","4","0","","67","7","2020","1","39.912771","-75.160404","2135","6","0","0","0","0","0","0","0","0","","0","0","0","","","1","","1","","39 54:45.975","","0","75 09:37.454","3","0","0","0","67301","0","0","0","N","0","0","0","2","67301","0","","1.0","","1","N","N","N","0","","1","0","0","3","2","","","2","1","0","0","0","0","0","2","0","2","","03","","N","","","","","","","","","",""
"2020054452","2132","1","0","0","0","0","0","0","0","0","4","0","","67","7","2020","6","40.086041","-75.211941","2111","6","0","0","0","0","0","0","0","0","","0","0","0","","","0","","1","","40 05:09.747","","0","75 12:42.989","0","0","0","0","67301","0","0","0","N","0","0","0","3","67301","0","","1.0","","9","N","N","N","0","","0","0","1","3","2","","","2","0","0","0","0","0","0","2","0","2","","07","","N","","","","","","","","","",""
"2020051231","1556","1","0","0","0","0","0","0","0","0","1","0","","67","6","2020","5","39.958213","-75.164526","1550","6","0","0","0","0","0","1","1","0","","0","0","0","","","1","N","0","","39 57:29.567","","0","75 09:52.293","4","0","0","0","67301","0","0","0","N","0","0","0","2","68K01","1","","1.0","","1","N","N","N","0","","0","0","0","0","0","","","2","1","0","0","0","0","0","2","1","2","","03","","N","","","","","","","","","",""
"2020045408","2035","2","0","0","0","0","0","0","0","0","4","0","","67","6","2020","4","39.985648","-75.163738","2030","6","0","0","0","0","0","0","0","0","","0","0","0","","","1","","2","","39 59:08.333","","0","75 09:49.457","3","0","0","0","67301","0","0","0","N","0","0","0","2","67505","0","","1.0","","1","N","N","N","0","","1","0","0","3","3","","","2","1","0","0","0","0","1","2","0","2","","03","","N","","","","","","","","","",""
"2020085041","1926","1","0","0","0","0","0","0","0","0","7","0","","67","10","2020","2","39.968081","-75.202059","1926","6","0","0","0","0","0","0","0","0","","0","0","0","","","1","","1","","39 58:05.093","","0","75 12:07.413","8","0","0","0","67301","0","0","0","N","0","0","0","1","67301","0","","5.0","","9","N","N","N","0","","0","0","0","0","0","","","1","1","0","0","0","1","0","2","0","1","","07","","N","","","","","","","","","",""
"2020053306","0439","1","0","0","0","0","0","0","0","0","4","0","","67","7","2020","2","40.024636","-75.123675","0427","6","0","0","0","0","0","1","0","0","","0","0","0","","","0","","1","","40 01:28.689","","0","75 07:25.230","0","0","0","0","67301","0","0","0","N","0","0","0","3","67301","0","","1.0","","1","N","N","N","0","","0","0","0","3","2","","","2","0","0","0","0","0","0","2","1","2","","03","","N","","","","","","","","","",""
"2020088990","0700","1","0","0","0","0","0","1","0","0","1","1","","67","10","2020","4","40.085836","-75.037089","0650","6","0","0","0","0","0","1","0","0","","0","0","0","","","1","N","0","","40 05:09.010","2","0","75 02:13.520","3","0","0","0","67301","0","0","0","N","0","0","0","3","67301","0","","1.0","830.0","9","Y","N","N","0","","1","0","1","0","0","N","","3","1","0","0","0","0","0","2","0","3","","04","","N","","","","","","","","","",""
"2020049312","1205","6","0","0","0","0","0","0","0","0","5","0","","67","6","2020","3","39.995378","-75.148783","1205","6","0","0","0","0","0","1","0","0","","0","0","0","","","3","N","0","","39 59:43.360","","0","75 08:55.620","3","0","0","0","67301","0","0","0","N","0","0","0","3","67301","0","","6.0","","1","N","N","N","0","","3","0","0","0","0","","","6","3","0","0","0","0","0","2","0","6","","","","N","","","","","","","","","",""
"2020093507","0109","0","0","0","0","0","0","0","0","0","2","0","","67","10","2020","6","39.926779","-75.194968","0056","6","0","0","0","0","0","0","0","0","","0","0","0","","","1","N","0","","39 55:36.403","3","0","75 11:41.883","4","0","0","0","67301","0","0","0","N","0","0","0","2","68K01","1","","1.0","130.0","1","N","N","N","0","","0","0","1","0","0","N","","2","1","0","0","0","0","0","2","0","2","","","","N","","","","","","","","","",""
"2020049643","1729","1","0","0","0","0","0","0","0","0","8","0","","67","6","2020","3","39.972478","-75.212059","1721","6","0","0","0","0","0","0","0","0","","0","0","0","","","1","","3","","39 58:20.921","","0","75 12:43.411","8","0","0","0","67301","1","0","0","N","1","0","0","2","67301","0","","1.0","","1","N","N","N","0","","0","0","0","0","0","","","2","1","0","0","0","1","0","2","0","1","","03","","N","","","","","","","","","",""
"2020054707","1821","2","0","0","0","0","0","0","0","0","4","0","","67","7","2020","6","39.96678","-75.210701","1821","6","0","0","0","0","0","1","0","0","","0","0","0","","","2","","2","","39 58:00.407","","0","75 12:38.523","8","0","0","0","67301","0","0","0","N","0","0","0","2","67301","0","","1.0","","9","N","N","N","0","","0","0","0","3","3","","","2","2","0","0","0","2","0","2","0","2","","","","N","","","","","","","","","",""
"2020054281","2120","1","0","0","0","0","0","0","0","0","1","0","","67","7","2020","2","40.022752","-75.137674","2110","6","0","1","0","0","0","0","0","0","","0","0","0","","","3","N","0","","40 01:21.906","","0","75 08:15.626","2","0","0","0","67301","0","0","0","N","0","0","0","3","67301","0","","1.0","","9","N","N","N","0","","1","2","1","0","0","","","2","3","1","0","1","0","0","2","0","2","","","","N","","","","","","","","","",""
"2020050258","1326","2","0","0","0","0","0","0","0","0","4","0","","67","6","2020","3","39.939964","-75.231048","1326","6","0","0","0","0","0","0","0","0","","0","0","0","","","1","","1","","39 56:23.870","","0","75 13:51.772","3","0","0","0","67301","0","0","0","N","0","0","0","3","67301","0","","1.0","","1","N","N","N","0","","1","0","0","3","3","","","2","1","2","0","0","0","0","2","0","2","","03","","N","","","","","","","","","",""
"2020089453","0751","0","0","0","0","0","0","0","0","0","5","1","","67","10","2020","5","39.954208","-75.14642","0722","6","0","0","0","0","0","1","0","0","","0","0","0","","","0","","1","","39 57:15.149","2","0","75 08:47.111","0","0","0","0","67301","0","0","0","N","0","0","0","2","67301","0","","1.0","900.0","1","N","N","N","1","","0","0","1","3","2","N","","2","0","0","0","0","0","0","2","0","2","","","","N","","","","","","","","","",""
"2020089530","0025","3","0","0","0","0","0","0","0","0","1","0","","67","10","2020","5","40.029293","-75.022696","0005","6","0","0","0","0","0","1","0","0","","0","0","0","","","3","N","0","","40 01:45.454","2","0","75 01:21.707","3","0","0","0","67301","0","0","0","N","0","0","0","3","68K01","0","","1.0","100.0","1","N","N","N","0","","3","0","0","0","0","N","","3","3","0","0","0","0","0","2","0","3","","","","N","","","","","","","","","",""
"2020049639","0024","0","0","0","0","0","0","0","0","0","8","0","","67","6","2020","2","39.907444","-75.153722","0024","6","0","0","0","0","0","0","0","0","","0","0","0","","","1","N","0","","39 54:26.800","","0","75 09:13.400","2","0","0","0","67301","1","0","1","N","1","0","1","2","67301","0","","1.0","","1","N","N","N","1","","0","1","0","0","0","","","2","1","0","0","0","0","0","2","0","1","","03","","N","","","","","","","","","",""
"2020048074","1820","2","0","0","0","0","0","0","0","0","4","0","","67","6","2020","5","39.956998","-75.157166","1817","6","0","0","1","0","0","0","0","0","","0","0","0","","","0","","1","","39 57:25.194","","3","75 09:25.796","0","0","0","0","67301","0","0","0","N","0","0","0","4","67301","0","","1.0","","1","N","N","Y","0","","0","0","1","3","2","","","3","0","2","0","0","0","0","2","0","3","","03","","N","","","","","","","","","",""
"2020093219","2110","0","0","0","0","0","0","0","0","0","8","0","","67","11","2020","3","40.026739","-75.053761","2104","6","0","0","0","0","0","1","0","0","","0","0","0","","","1","N","0","","40 01:36.260","","0","75 03:13.540","3","0","0","0","67301","1","0","0","N","1","0","0","2","67301","0","","1.0","","1","N","N","N","0","","1","0","1","0","0","","","2","1","0","0","0","0","0","2","0","1","","","","N","","","","","","","","","",""
"2020048753","0943","1","0","0","0","0","0","0","0","0","4","0","","67","6","2020","2","39.991969","-75.237521","0942","6","0","0","0","0","0","1","0","0","","0","0","0","","","2","","1","","39 59:31.088","","0","75 14:15.075","8","0","0","0","67301","1","0","0","N","1","0","0","4","67301","0","","1.0","","1","N","N","N","0","","0","0","1","3","2","","","3","2","2","0","0","2","0","2","0","2","","03","","N","","","","","","","","","",""
"2020052075","1642","0","0","0","0","0","0","0","0","0","7","0","45","67","6","2020","3","39.977756","-75.111431","1626","6","0","0","0","0","0","0","0","0","","0","0","0","","","0","N","0","","39 58:39.920","1","0","75 06:41.153","0","0","0","0","67301","0","0","0","N","0","0","0","1","68K01","0","","3.0","1700.0","1","N","N","N","0","","0","0","0","0","0","N","","1","0","0","0","0","0","0","2","1","1","","","N","Y","4","1","","","N","","","Y","","N"
"2020044707","1855","1","0","0","0","0","0","0","0","0","4","0","","67","6","2020","7","40.028549","-75.057919","1850","6","0","0","0","0","0","0","0","0","","0","0","0","","","1","","1","","40 01:42.775","","0","75 03:28.507","8","0","0","0","67301","0","0","0","N","0","0","0","4","67301","0","","1.0","","1","N","N","N","0","","0","0","1","3","2","","","2","1","0","0","0","1","0","2","0","2","","03","","N","","","","","","","","","",""
"2020060255","1817","0","0","0","0","0","0","0","0","0","5","0","","67","6","2020","3","39.880545","-75.24685","1753","6","0","0","0","0","0","0","0","0","","0","0","0","","","0","N","0","","39 52:49.962","","0","75 14:48.661","0","0","0","0","67301","0","0","0","N","0","0","0","2","68K01","0","","1.0","","1","N","N","N","0","","0","0","1","0","0","","","2","0","0","0","0","0","0","2","0","2","","03","","N","","","","","","","","","",""
"2020049836","2041","1","0","0","0","0","0","0","0","0","4","0","","67","6","2020","5","39.951755","-75.203075","2039","6","0","0","0","0","0","0","0","0","","0","0","0","","","2","N","1","","39 57:06.317","","0","75 12:11.069","4","0","0","0","67301","0","0","0","N","0","0","0","6","67504","2","","1.0","","1","N","N","N","0","","0","0","1","3","2","","","2","2","1","0","0","0","0","2","0","2","","03","","N","","","","","","","","","",""
"2020087797","1120","1","0","0","0","0","0","0","0","0","7","0","","67","10","2020","6","40.025972","-75.122942","1117","6","0","0","0","0","0","0","0","0","","1","0","0","","","0","N","0","","40 01:33.499","","0","75 07:22.590","1","0","0","0","67301","0","0","0","N","0","0","0","1","67301","0","2","5.0","","9","N","N","N","0","0","0","0","0","3","2","","","1","0","0","0","0","0","0","2","0","1","","","","N","","","","","","","","","",""
"2020044809","2253","2","0","0","0","0","0","0","0","0","5","0","","67","6","2020","2","40.003453","-75.130914","2251","6","0","0","0","0","0","0","0","0","","0","0","0","","","0","N","0","","40 00:12.430","","0","75 07:51.290","0","0","0","0","67301","0","0","0","N","0","0","0","1","67301","0","","6.0","","1","N","N","N","0","","0","0","1","0","0","","","3","0","0","0","0","0","0","2","0","3","","03","","N","","","","","","","","","",""
"2020050025","2230","2","0","0","0","0","0","0","0","0","7","0","","67","6","2020","4","40.062319","-75.042591","2228","6","0","0","0","0","0","0","0","0","","0","0","0","","","2","Y","0","","40 03:44.348","","0","75 02:33.329","3","0","0","0","67301","0","0","0","N","0","0","0","3","67301","0","","4.0","","1","N","N","N","0","","2","0","0","3","2","","","2","2","0","0","0","0","0","2","0","2","","03","","N","","","","","","","","","",""
"2020048722","0324","0","0","0","0","0","0","0","0","0","7","0","","67","6","2020","1","39.945069","-75.149378","0324","6","0","0","0","0","0","0","0","0","","0","0","0","","","0","N","0","","39 56:42.250","","0","75 08:57.760","0","0","0","0","67301","0","0","0","N","0","0","0","1","67301","0","","4.0","","1","N","N","N","0","","0","0","1","0","0","","","1","0","0","0","0","0","0","2","0","1","","03","","N","","","","","","","","","",""
"2020091635","1025","3","0","0","0","0","0","0","0","0","5","2","","67","10","2020","6","39.939368","-75.143255","1023","6","0","0","0","0","0","0","0","0","","0","2","0","","","1","N","0","","39 56:21.725","1","0","75 08:35.718","3","0","0","0","67301","0","0","0","N","0","0","0","6","68K01","0","","2.0","1130.0","1","N","N","N","0","","1","0","0","0","0","N","","5","1","0","0","0","0","0","2","0","5","","","","N","","","","","","","","","",""
"2020069397","1330","2","0","0","0","0","0","0","0","0","1","0","","67","6","2020","2","39.959498","-75.174813","1323","6","0","0","0","0","0","1","0","0","","0","0","0","","","3","N","0","","39 57:34.192","","0","75 10:29.326","4","0","0","0","67301","0","0","0","N","0","0","0","3","68K01","3","","1.0","","1","N","N","N","0","","0","0","1","0","0","","","3","3","0","0","0","0","0","2","0","3","","","","N","","","","","","","","","",""
"2020090787","1751","1","0","0","0","0","0","0","0","0","1","0","","67","10","2020","6","39.970348","-75.12401","1751","6","0","0","0","0","0","1","0","0","","0","0","0","","","1","N","0","","39 58:13.253","1","0","75 07:26.435","8","0","0","0","67301","0","0","0","N","0","0","0","2","68K01","0","","1.0","1830.0","9","N","N","N","1","","0","0","0","3","2","N","","2","1","0","0","0","1","0","2","0","2","","04","","N","","","","","","","","","",""
"2020048585","1838","1","0","0","0","0","0","0","0","0","5","0","","67","6","2020","1","39.984911","-75.170153","1834","6","0","0","0","0","0","1","0","0","","0","0","0","","","0","N","0","","39 59:05.680","4","0","75 10:12.550","0","0","0","0","67301","0","0","0","N","0","0","0","1","67301","0","","6.0","1937.0","1","N","N","N","1","","0","0","1","0","0","N","","3","0","0","0","0","0","0","2","0","3","","","","N","","","","","","","","","",""
"2020049119","0230","0","0","0","0","0","0","0","0","0","4","0","","67","6","2020","2","40.029898","-75.087801","0216","6","0","0","0","0","0","0","0","0","","0","0","0","","","0","","1","","40 01:47.633","3","0","75 05:16.085","0","0","0","0","67301","0","0","0","N","0","0","0","3","67301","0","","1.0","300.0","1","N","N","N","0","","0","0","2","3","2","N","","2","0","0","0","0","0","0","2","0","2","","03","","N","","","","","","","","","",""