"CRN","ARRIVAL_TM","AUTOMOBILE_COUNT","BELTED_DEATH_COUNT","BELTED_SUSP_SERIOUS_INJ_COUNT","BICYCLE_COUNT","BICYCLE_DEATH_COUNT","BICYCLE_SUSP_SERIOUS_INJ_COUNT","BUS_COUNT","CHLDPAS_DEATH_COUNT","CHLDPAS_SUSP_SERIOUS_INJ_COUNT","COLLISION_TYPE","COMM_VEH_COUNT","CONS_ZONE_SPD_LIM","COUNTY","CRASH_MONTH","CRASH_YEAR","DAY_OF_WEEK","DEC_LATITUDE","DEC_LONGITUDE","DISPATCH_TM","DISTRICT","DRIVER_COUNT_16YR","DRIVER_COUNT_17YR","DRIVER_COUNT_18YR","DRIVER_COUNT_19YR","DRIVER_COUNT_20YR","DRIVER_COUNT_50_64YR","DRIVER_COUNT_65_74YR","DRIVER_COUNT_75PLUS","EST_HRS_CLOSED","FATAL_COUNT","HEAVY_TRUCK_COUNT","HORSE_BUGGY_COUNT","HOUR_OF_DAY","ILLUMINATION","INJURY_COUNT","INTERSECTION_RELATED","INTERSECT_TYPE","LANE_CLOSED","LATITUDE","LN_CLOSE_DIR","LOCATION_TYPE","LONGITUDE","MAX_SEVERITY_LEVEL","MCYCLE_DEATH_COUNT","MCYCLE_SUSP_SERIOUS_INJ_COUNT","MOTORCYCLE_COUNT","MUNICIPALITY","NONMOTR_COUNT","NONMOTR_DEATH_COUNT","NONMOTR_SUSP_SERIOUS_INJ_COUNT","NTFY_HIWY_MAINT","PED_COUNT","PED_DEATH_COUNT","PED_SUSP_SERIOUS_INJ_COUNT","PERSON_COUNT","POLICE_AGCY","POSSIBLE_INJ_COUNT","RDWY_SURF_TYPE_CD","RELATION_TO_ROAD","ROADWAY_CLEARED","ROAD_CONDITION","SCH_BUS_IND","SCH_ZONE_IND","SECONDARY_CRASH","SMALL_TRUCK_COUNT","SPEC_JURIS_CD","SUSP_MINOR_INJ_COUNT","SUSP_SERIOUS_INJ_COUNT","SUV_COUNT","TCD_FUNC_CD","TCD_TYPE","TFC_DETOUR_IND","TIME_OF_DAY","TOTAL_UNITS","TOT_INJ_COUNT","UNBELTED_OCC_COUNT","UNB_DEATH_COUNT","UNB_SUSP_SERIOUS_INJ_COUNT","UNK_INJ_DEG_COUNT","UNK_INJ_PER_COUNT","URBAN_RURAL","VAN_COUNT","VEHICLE_COUNT","WEATHER1","WEATHER2","WORKERS_PRES","WORK_ZONE_IND","WORK_ZONE_LOC","WORK_ZONE_TYPE","WZ_CLOSE_DETOUR","WZ_FLAGGER","WZ_LAW_OFFCR_IND","WZ_LN_CLOSURE","WZ_MOVING","WZ_OTHER","WZ_SHLDER_MDN","WZ_WORKERS_INJ_KILLED"
"2020092495","1449","2","0","0","0","0","0","0","0","0","4","0","","67","10","2020","4","40.028939","-75.056796","1448","6","0","0","0","0","0","0","0","1","","0","0","0","","","1","N","0","","40 01:44.181","2","0","75 03:24.465","3","0","0","0","67301","0","0","0","N","0","0","0","2","67301","0","","1.0","1513.0","9","N","N","N","0","","1","0","0","0","0","N","","2","1","0","0","0","0","0","2","0","2","","","","N","","","","","","","","","",""
"2020048706","2030","1","0","0","0","0","0","0","0","0","4","0","","67","6","2020","1","40.042809","-75.06315","2027","6","0","0","0","0","0","0","0","0","","0","0","0","","","1","","1","","40 02:34.113","","0","75 03:47.339","3","0","0","0","67301","0","0","0","N","0","0","0","5","67301","0","","1.0","","1","N","N","N","0","","1","0","1","3","2","","","2","1","0","0","0","0","0","2","0","2","","03","","N","","","","","","","","","",""
"2020092319","1209","2","0","0","0","0","0","0","0","0","4","0","","67","10","2020","7","39.96089","-75.143382","1209","6","0","0","0","0","0","0","0","0","","0","0","0","","","0","","2","","39 57:39.204","","0","75 08:36.176","0","0","0","0","67301","0","0","0","N","0","0","0","2","67301","0","","1.0","","1","N","N","N","0","","0","0","0","1","2","","","2","0","0","0","0","0","0","2","0","2","","","","N","","","","","","","","","",""
"2020046155","2020","1","0","0","0","0","0","0","0","0","7","0","","67","6","2020","5","40.010483","-75.160772","2020","6","0","0","0","0","0","0","0","0","","0","0","0","","","1","N","1","","40 00:37.740","","0","75 09:38.779","3","0","0","0","67301","0","0","0","N","0","0","0","1","67301","0","","4.0","","1","N","N","N","0","","1","0","0","0","0","","","1","1","1","0","0","0","0","2","0","1","","03","","N","","","","","","","","","",""
"2020092349","1441","3","0","0","0","0","0","0","0","0","4","1","","67","10","2020","5","39.962","-75.240746","1440","6","0","0","0","0","0","0","0","0","","0","1","0","","","3","","1","","39 57:43.201","","1","75 14:26.686","3","0","0","0","67301","0","0","0","N","0","0","0","6","67301","1","","1.0","","9","N","N","N","0","","2","0","0","3","2","","","4","3","0","0","0","0","2","2","0","4","","07","","N","","","","","","","","","",""
"2020050185","1322","0","0","0","0","0","0","0","0","0","4","0","","67","6","2020","6","40.03951","-75.03345","1320","6","0","0","0","0","0","0","0","0","","0","0","0","","","1","","1","","40 02:22.235","2","0","75 02:00.419","8","0","0","1","67301","0","0","0","N","0","0","0","2","67301","0","","1.0","1345.0","1","N","N","N","0","","0","0","1","3","2","N","","2","1","0","0","0","1","0","2","0","2","","","","N","","","","","","","","","",""
"2020050334","1515","2","0","0","0","0","0","0","0","0","1","0","","67","6","2020","7","39.923485","-75.231847","1515","6","0","0","0","0","0","0","0","0","","0","0","0","","","1","Y","0","","39 55:24.545","","0","75 13:54.648","8","0","0","0","67301","0","0","0","N","0","0","0","2","67301","0","","1.0","","1","N","N","N","0","","0","0","0","3","2","","","2","1","0","0","0","1","0","2","0","2","","03","","N","","","","","","","","","",""
"2020049560","2044","1","0","0","0","0","0","0","0","0","5","0","","67","6","2020","2","40.020986","-75.133883","2036","6","0","0","0","0","0","0","0","0","","0","0","0","","","1","N","0","","40 01:15.550","","0","75 08:01.980","2","0","1","1","67301","0","0","0","N","0","0","0","2","67301","0","","1.0","","1","N","N","N","0","","0","1","0","0","0","","","2","1","0","0","0","0","0","2","0","2","","03","","N","","","","","","","","","",""
"2020046300","0146","3","0","0","0","0","0","0","0","0","5","0","","67","6","2020","1","39.996796","-75.176676","0146","6","0","0","0","0","0","0","0","0","","0","0","0","","","1","N","0","","39 59:48.467","","0","75 10:36.034","3","0","0","0","67301","0","0","0","N","0","0","0","2","67301","0","","1.0","","1","N","N","N","0","","1","0","0","0","0","","","3","1","1","0","0","0","0","2","0","3","","03","","N","","","","","","","","","",""
"2020044531","2214","1","0","0","0","0","0","0","0","0","4","0","","67","6","2020","6","39.992391","-75.165066","2147","6","0","0","0","0","0","0","0","0","","0","0","0","","","1","","2","","39 59:32.607","","0","75 09:54.237","4","0","0","0","67301","0","0","0","N","0","0","0","2","67301","1","","1.0","","9","N","N","N","0","","0","0","1","0","0","","","2","1","0","0","0","0","0","2","0","2","","04","","N","","","","","","","","","",""
"2020094014","1231","0","0","0","0","0","0","0","0","0","1","0","","67","10","2020","6","39.958793","-75.169126","1220","6","0","0","0","0","0","1","0","0","","0","0","0","","","0","N","0","","39 57:31.654","","0","75 10:08.853","0","0","0","0","67301","0","0","0","N","0","0","0","4","68K01","0","","1.0","","9","N","N","N","0","","0","0","3","0","0","","","3","0","0","0","0","0","0","2","0","3","","","","N","","","","","","","","","",""
"2020052088","1910","1","0","0","0","0","0","0","0","0","1","0","45","67","6","2020","5","39.96478","-75.185307","1910","6","0","0","0","0","0","0","1","0","","0","0","0","","","0","N","0","","39 57:53.207","","0","75 11:07.106","0","0","0","0","67301","0","0","0","N","0","0","0","3","68K01","0","","1.0","","1","N","N","N","0","","0","0","2","0","0","","","3","0","0","0","0","0","0","2","0","3","","03","Y","Y","4","2","N","N","Y","Y","N","N","Y","N"
"2020044543","0030","3","0","0","0","0","0","0","0","0","6","0","","67","6","2020","7","40.012586","-75.136411","0030","6","0","0","0","0","0","0","0","0","","0","0","0","","","0","N","0","","40 00:45.310","","0","75 08:11.080","0","0","0","0","67301","0","0","0","N","0","0","0","2","67301","0","","6.0","","9","N","N","N","0","","0","0","1","0","0","","","7","0","0","0","0","0","0","2","3","7","","04","","N","","","","","","","","","",""
"2020092344","0040","2","0","0","0","0","0","0","0","0","1","0","","67","10","2020","7","40.028097","-75.062103","0040","6","1","0","0","0","0","0","0","0","","0","0","0","","","1","N","0","","40 01:41.150","","7","75 03:43.570","8","0","0","0","67301","0","0","0","N","0","0","0","2","67301","0","","5.0","","1","N","N","N","0","","0","0","0","0","0","","","2","1","2","0","0","1","0","2","0","2","","","","N","","","","","","","","","",""
"2020094367","2035","2","0","0","0","0","0","0","0","0","5","0","","67","10","2020","2","39.959074","-75.172439","2025","6","0","0","0","0","0","0","0","0","","0","0","0","","","1","N","0","","39 57:32.666","3","0","75 10:20.781","8","0","0","0","67301","0","0","0","N","0","0","0","3","68K01","0","","3.0","100.0","9","N","N","N","0","","0","0","0","0","0","N","","2","1","0","0","0","1","0","2","0","2","","","","N","","","","","","","","","",""
"2020087335","1907","0","0","0","0","0","0","0","0","0","1","0","","67","10","2020","3","40.094961","-74.981268","1903","6","0","0","0","0","0","1","0","0","","1","0","0","","","1","N","0","","40 05:41.860","6","0","74 58:52.563","1","1","0","1","67301","0","0","0","N","0","0","0","6","67301","0","2","1.0","1908.0","1","N","N","N","0","0","1","0","3","0","0","Y","","4","1","0","0","0","0","0","2","0","4","","03","","N","","","","","","","","","",""
"2020048731","1014","1","0","0","0","0","0","0","0","0","4","0","","67","6","2020","1","39.933396","-75.223238","1014","6","0","0","0","0","0","0","1","0","","0","0","0","","","0","","1","","39 56:00.225","","0","75 13:23.656","0","0","0","0","67301","0","0","0","N","0","0","0","2","67301","0","","1.0","","1","N","N","N","1","","0","0","0","3","2","","","2","0","2","0","0","0","0","2","0","2","","03","","N","","","","","","","","","",""
"2020049783","1749","0","0","0","0","0","0","0","0","0","8","0","","67","6","2020","5","39.952507","-75.189615","1747","6","0","0","0","0","0","0","0","0","","0","0","0","","","1","N","0","","39 57:09.026","","0","75 11:22.615","3","0","0","1","67301","1","0","0","N","1","0","0","2","67504","0","","1.0","","1","N","N","N","0","","1","0","0","0","0","","","2","1","0","0","0","0","1","2","0","1","","","","N","","","","","","","","","",""
"2020090993","","0","0","0","0","0","0","0","0","0","4","0","","67","7","2020","7","40.029087","-75.230392","","6","0","0","0","0","0","0","0","0","","0","0","0","","","1","","3","","40 01:44.713","","0","75 13:49.411","4","0","0","1","67301","0","0","0","N","0","0","0","2","00000","1","","1.0","","1","","","N","0","","0","0","1","3","2","","","2","1","0","0","0","0","0","2","0","2","","","","N","","","","","","","","","",""
"2020046367","0100","1","0","0","0","0","0","0","0","0","4","0","","67","6","2020","1","39.973833","-75.206444","0057","6","0","0","1","0","0","0","0","0","","0","0","0","","","0","","1","","39 58:25.797","","0","75 12:23.198","9","0","0","0","67301","0","0","0","N","0","0","0","2","67301","0","","1.0","","1","N","N","N","1","","0","0","0","3","2","","","2","0","0","0","0","0","1","2","0","2","","03","","N","","","","","","","","","",""
"2020049118","1958","2","0","0","0","0","0","0","0","0","5","0","","67","6","2020","2","39.923244","-75.151378","1958","6","0","0","0","0","0","0","0","0","","0","0","0","","","1","N","0","","39 55:23.680","4","0","75 09:04.960","8","0","0","0","67301","0","0","0","N","0","0","0","2","67301","0","","6.0","2100.0","1","N","N","N","0","","0","0","1","0","0","Y","","3","1","0","0","0","1","0","2","0","3","","","","N","","","","","","","","","",""
"2020049640","2330","1","0","0","0","0","0","0","0","0","4","0","","67","6","2020","4","40.068835","-75.17801","2320","6","0","0","0","0","1","0","0","0","","0","0","0","","","1","","1","","40 04:07.805","","0","75 10:40.836","8","0","0","0","67301","0","0","0","N","0","0","0","2","67301","0","","1.0","","1","N","N","N","0","","0","0","0","0","0","","","2","1","0","0","0","1","1","2","0","2","","03","","N","","","","","","","","","",""
"2020092503","1331","1","0","0","0","0","0","0","0","0","1","1","","67","10","2020","6","40.012984","-75.119382","1327","6","0","0","0","0","0","1","0","0","","0","1","0","","","1","","1","","40 00:46.743","","0","75 07:09.776","3","0","0","0","67301","0","0","0","N","0","0","0","4","67301","0","","1.0","","9","N","N","N","0","","1","0","1","3","2","","","3","1","0","0","0","0","0","2","0","3","","","","N","","","","","","","","","",""
"2020092384","1508","0","0","0","0","0","0","0","0","0","1","0","","67","10","2020","7","40.011833","-75.16258","1506","6","0","0","0","0","0","0","0","0","","0","0","0","","","0","N","0","","40 00:42.597","","0","75 09:45.289","9","0","0","0","67301","0","0","0","N","0","0","0","2","67301","0","","1.0","","1","N","N","N","0","","0","0","2","0","0","","","2","0","0","0","0","0","2","2","0","2","","","","N","","","","","","","","","",""
"2020050265","0850","1","0","0","0","0","0","0","0","0","4","0","","67","6","2020","6","39.902499","-75.224775","0840","6","0","0","0","0","0","0","0","0","","0","0","0","","","0","","5","","39 54:08.998","","0","75 13:29.191","0","0","0","0","67301","0","0","0","N","0","0","0","2","67301","0","","1.0","","1","N","N","N","0","","0","0","1","3","2","","","2","0","0","0","0","0","0","2","0","2","","03","","N","","","","","","","","","",""
"2020049646","0549","2","0","0","0","0","0","0","0","0","4","0","","67","6","2020","4","39.958928","-75.24139","0542","6","0","0","0","0","0","0","0","0","","0","0","0","","","1","","1","","39 57:32.141","","0","75 14:29.004","8","0","0","0","67301","0","0","0","N","0","0","0","2","67301","0","","1.0","","1","N","N","N","0","","0","0","0","3","2","","","2","1","0","0","0","1","0","2","0","2","","03","","N","","","","","","","","","",""
"2020093595","0758","1","0","0","0","0","0","0","0","0","7","0","","67","11","2020","3","39.876658","-75.255168","0750","6","0","0","0","0","0","0","0","0","","0","0","0","","","1","N","0","","39 52:35.968","","0","75 15:18.604","4","0","0","0","67301","0","0","0","N","0","0","0","1","68K01","1","","4.0","","1","N","N","N","0","","0","0","0","0","0","","","1","1","1","0","0","0","0","2","0","1","","","","N","","","","","","","","","",""
"2020091249","2113","2","0","0","0","0","0","0","0","0","5","0","","67","10","2020","2","39.994594","-75.198582","2113","6","0","0","0","0","0","0","0","0","","0","0","0","","","1","N","0","","39 59:40.538","3","0","75 11:54.895","4","0","0","0","67301","0","0","0","N","0","0","0","2","68K01","1","","1.0","2130.0","1","N","N","N","0","","0","0","0","0","0","N","","2","1","1","0","0","0","0","2","0","2","","","","N","","","","","","","","","",""
"2020094373","0720","1","0","0","0","0","0","0","0","0","1","0","","67","10","2020","3","39.991409","-75.08634","0720","6","0","0","0","0","0","0","1","0","","0","0","0","","","1","N","0","","39 59:29.071","","0","75 05:10.824","3","0","0","0","67301","0","0","0","N","0","0","0","4","68K01","0","","1.0","","9","N","N","N","0","","1","0","2","0","0","","","3","1","0","0","0","0","0","2","0","3","","","","N","","","","","","","","","",""
"2020093918","1200","1","0","0","0","0","0","0","0","0","7","0","","67","11","2020","5","40.130995","-75.013844","1151","6","0","0","0","0","0","0","0","1","","0","0","0","","","0","N","0","","40 07:51.583","3","0","75 00:49.839","9","0","0","0","67301","0","0","0","N","0","0","0","1","67301","0","","5.0","1250.0","1","N","N","N","0","","0","0","0","0","0","N","","1","0","0","0","0","0","1","2","0","1","","03","","N","","","","","","","","","",""
"2020089493","2314","0","0","0","0","0","0","0","0","0","0","0","","67","10","2020","2","39.984902","-75.094631","2314","6","0","0","0","0","0","0","0","0","","0","0","0","","","0","N","0","","39 59:05.648","1","0","75 05:40.670","0","0","0","0","67301","0","0","0","N","0","0","0","1","68K01","0","","1.0","30.0","9","N","N","N","1","","0","0","0","0","0","N","","1","0","0","0","0","0","0","2","0","1","","07","","N","","","","","","","","","",""
"2020049311","0153","2","0","0","0","0","0","0","0","0","6","0","","67","6","2020","3","40.003739","-75.139939","0150","6","0","0","0","0","0","0","0","0","","0","0","0","","","0","N","0","","40 00:13.460","","0","75 08:23.780","0","0","0","0","67301","0","0","0","N","0","0","0","1","67301","0","","6.0","","1","N","N","N","0","","0","0","1","0","0","","","3","0","0","0","0","0","0","2","0","3","","03","","N","","","","","","","","","",""
"2020052132","0443","1","0","0","0","0","0","0","0","0","5","0","","67","6","2020","7","40.03979","-75.15503","0439","6","0","0","0","0","1","1","0","0","","0","0","0","","","0","N","0","","40 02:23.243","","0","75 09:18.109","0","0","0","0","67301","0","0","0","N","0","0","0","4","67301","0","","1.0","","1","N","N","N","0","","0","0","0","0","0","","","2","0","0","0","0","0","0","2","1","2","","","","N","","","","","","","","","",""
"2020091799","1214","1","0","0","0","0","0","0","0","0","1","0","","67","10","2020","6","40.009173","-75.204673","1214","6","0","0","0","0","0","0","0","0","","0","0","0","","","1","N","0","","40 00:33.023","","0","75 12:16.821","8","0","0","0","67301","0","0","0","N","0","0","0","2","68K01","0","","1.0","","1","N","N","N","0","","0","0","1","0","0","","","2","1","0","0","0","1","0","2","0","2","","03","","N","","","","","","","","","",""
"2020054268","1302","1","0","0","0","0","0","0","0","0","4","0","","67","6","2020","5","39.983587","-75.247126","1253","6","0","0","0","0","0","0","0","0","","0","0","0","","","5","","1","","39 59:00.913","","0","75 14:49.652","3","0","0","0","67301","0","0","0","N","0","0","0","6","67301","0","","1.0","","1","N","N","N","0","","5","0","0","3","2","","","2","5","0","0","0","0","0","2","0","2","","03","","N","","","","","","","","","",""
"2020093433","1013","1","0","0","0","0","0","0","0","0","1","0","","67","11","2020","3","40.05671","-75.04689","1008","6","0","0","0","0","0","1","0","0","","0","0","0","","","1","Y","0","","40 03:24.155","","0","75 02:48.805","3","0","0","0","67301","0","0","0","N","0","0","0","2","67301","0","","1.0","","1","N","N","N","0","","1","0","1","3","2","","","2","1","0","0","0","0","0","2","0","2","","","","N","","","","","","","","","",""
"2020044549","2005","1","0","0","0","0","0","0","0","0","4","0","","67","6","2020","7","40.028906","-75.152514","2000","6","0","0","0","0","0","1","0","0","","0","0","0","","","1","N","0","","40 01:44.060","","0","75 09:09.050","4","0","0","0","67301","0","0","0","N","0","0","0","4","67301","1","","1.0","","1","N","N","N","0","","0","0","1","0","0","","","2","1","0","0","0","0","0","2","0","2","","","","N","","","","","","","","","",""
"2020048735","0043","1","0","0","0","0","0","0","0","0","1","0","","67","6","2020","2","39.921215","-75.246598","0038","6","0","0","0","0","0","0","0","0","","0","0","0","","","1","N","0","","39 55:16.374","7","0","75 14:47.753","3","0","0","0","67301","0","0","0","N","0","0","0","1","67301","0","","6.0","152.0","1","N","N","N","0","","1","0","0","0","0","Y","","2","1","0","0","0","0","0","2","1","2","","03","","N","","","","","","","","","",""
"2020094356","2211","1","0","0","0","0","0","0","0","0","98","0","","67","10","2020","1","39.976363","-75.113977","2139","6","0","0","0","0","0","1","0","0","","0","0","0","","","0","N","0","","39 58:34.906","","0","75 06:50.317","0","0","0","0","67301","0","0","0","N","0","0","0","1","68K01","0","","2.0","","9","N","N","N","0","","0","0","0","0","0","","","1","0","0","0","0","0","0","2","0","1","","","","N","","","","","","","","","",""
"2020047982","0830","1","0","0","0","0","0","0","0","0","4","0","","67","6","2020","5","39.923139","-75.238897","0827","6","0","0","0","0","0","0","0","0","","0","0","0","","","2","N","0","","39 55:23.300","","0","75 14:20.030","2","0","0","0","67301","0","0","0","N","0","0","0","3","67301","1","","1.0","","1","N","N","N","0","","0","1","1","0","0","","","2","2","2","0","1","0","0","2","0","2","","03","","N","","","","","","","","","",""
"2020049853","1854","2","0","0","0","0","0","0","0","0","4","0","","67","6","2020","5","39.976533","-75.178291","1854","6","0","0","0","0","0","0","0","0","","0","0","0","","","1","","1","","39 58:35.518","","0","75 10:41.847","3","0","0","0","67301","0","0","0","N","0","0","0","2","67301","0","","1.0","","1","N","N","N","0","","1","0","0","3","3","","","2","1","1","0","0","0","0","2","0","2","","03","","N","","","","","","","","","",""
"2020066207","1552","1","0","0","0","0","0","0","0","0","8","0","","67","6","2020","4","40.018078","-75.130364","1552","6","0","0","0","0","1","0","0","0","","0","0","0","","","1","N","0","","40 01:05.080","","0","75 07:49.310","3","0","0","0","67301","1","0","0","N","1","0","0","2","67301","0","","1.0","","1","N","N","N","0","","1","0","0","0","0","","","2","1","0","0","0","0","0","2","0","1","","04","","N","","","","","","","","","",""
"2020050135","0212","0","0","0","0","0","0","0","0","0","7","0","","67","6","2020","6","40.084561","-75.002633","0210","6","0","0","0","0","0","0","0","0","","0","0","0","","","1","","11","","40 05:04.419","","0","75 00:09.478","4","0","0","0","67301","0","0","0","N","0","0","0","1","67301","1","","4.0","","1","N","N","N","0","","0","0","1","2","3","","","1","1","0","0","0","0","0","2","0","1","","03","","N","","","","","","","","","",""
"2020063252","1324","2","0","0","0","0","0","0","0","0","5","0","","67","6","2020","3","39.946407","-75.189176","1315","6","0","0","0","0","0","0","0","0","","0","0","0","","","1","N","0","","39 56:47.065","3","0","75 11:21.034","4","0","0","0","67301","0","0","0","N","0","0","0","2","68K01","1","","1.0","1402.0","1","N","N","N","0","","0","0","0","0","0","N","","2","1","0","0","0","0","1","2","0","2","","03","","N","","","","","","","","","",""
"2020049936","1220","1","0","0","0","0","0","0","0","0","4","0","","67","6","2020","5","40.023962","-75.035372","1215","6","0","0","0","0","0","0","1","1","","0","0","0","","","3","","5","","40 01:26.262","3","2","75 02:07.339","3","0","0","0","67301","0","0","0","N","0","0","0","3","67301","0","","1.0","1308.0","1","N","N","N","0","","3","0","1","3","2","N","","2","3","0","0","0","0","0","2","0","2","","03","","N","","","","","","","","","",""
"2020044499","1028","2","0","0","0","0","0","0","0","0","5","0","","67","6","2020","6","39.938937","-75.234923","1027","6","0","0","0","0","0","0","0","1","","0","0","0","","","1","N","0","","39 56:20.172","1","0","75 14:05.723","3","0","0","0","67301","0","0","0","N","0","0","0","1","67301","0","","6.0","1154.0","1","N","N","N","0","","1","0","0","0","0","Y","","2","1","0","0","0","0","0","2","0","2","","03","","N","","","","","","","","","",""
"2020050340","2124","2","0","0","0","0","0","0","0","0","4","0","","67","6","2020","6","40.02712","-75.123139","2059","6","0","0","0","0","0","1","0","0","","0","0","0","","","2","","1","","40 01:37.632","","0","75 07:23.300","3","0","0","0","67301","0","0","0","N","0","0","0","3","67301","0","","1.0","","1","N","N","N","0","","2","0","0","3","3","","","2","2","3","0","0","0","0","2","0","2","","03","","N","","","","","","","","","",""
"2020049429","0816","2","0","0","0","0","0","0","0","0","4","0","","67","6","2020","3","39.957396","-75.19777","0814","6","0","0","0","0","0","0","0","0","","0","0","0","","","1","","1","","39 57:26.624","","0","75 11:51.973","8","0","0","0","67301","0","0","0","N","0","0","0","2","67301","0","","1.0","","1","N","N","N","0","","0","0","0","3","3","","","2","1","0","0","0","1","0","2","0","2","","","","N","","","","","","","","","",""
"2020050956","2325","0","0","0","0","0","0","0","0","0","4","0","","67","6","2020","6","39.939885","-75.18313","2323","6","0","0","0","0","1","1","0","0","","0","0","0","","","1","","1","","39 56:23.585","","0","75 10:59.267","3","0","0","1","67301","0","0","0","N","0","0","0","2","67301","0","","1.0","","1","N","N","N","0","","1","0","1","3","2","","","2","1","0","0","0","0","0","2","0","2","","","","N","","","","","","","","","",""
"2020050342","2021","0","0","0","0","0","0","0","0","0","4","0","","67","6","2020","6","40.025972","-75.166944","2017","6","0","0","0","0","0","0","0","0","","0","0","0","","","2","","2","","40 01:33.500","2","0","75 10:01.000","3","0","0","0","67301","0","0","0","N","0","0","0","5","67301","0","","1.0","2132.0","1","N","Y","N","1","","2","0","1","0","0","Y","","2","2","0","0","0","0","0","2","0","2","","","","N","","","","","","","","","",""
"2020048733","2143","1","0","0","0","0","0","0","0","0","8","0","","67","6","2020","1","39.923927","-75.222089","2141","6","0","0","0","0","0","0","0","0","","0","0","0","","","1","","1","","39 55:26.137","","0","75 13:19.522","3","0","0","0","67301","1","0","0","N","1","0","0","2","67301","0","","1.0","","1","N","N","N","0","","1","0","0","3","2","","","2","1","0","0","0","0","0","2","0","1","","03","","N","","","","","","","","","",""
"2020093289","1451","0","0","0","0","0","0","0","0","0","7","1","35","67","11","2020","1","39.912528","-75.174222","1451","6","0","0","0","0","0","0","0","0","","0","1","0","","","0","N","0","","39 54:45.100","","3","75 10:27.200","0","0","0","0","67301","0","0","0","N","0","0","0","1","67501","0","","2.0","","1","N","N","N","1","","0","0","0","0","0","","","2","0","0","0","0","0","0","2","0","2","","","N","Y","4","1","","","N","","","","Y","N"
"2020053450","2205","0","0","0","0","0","0","0","0","0","4","0","","67","6","2020","1","39.936693","-75.224362","2159","6","0","0","0","0","0","0","0","0","","0","0","0","","","1","","1","","39 56:12.095","","0","75 13:27.703","8","0","0","0","67301","0","0","0","N","0","0","0","3","67301","0","","1.0","","1","N","N","N","0","","0","0","0","3","2","","","2","1","0","0","0","1","2","2","1","2","","","","N","","","","","","","","","",""
"2020054709","1312","1","0","0","0","0","0","0","0","0","4","0","","67","6","2020","4","39.939146","-75.185266","1308","6","0","0","0","0","0","0","0","0","","0","0","0","","","0","","1","","39 56:20.925","","1","75 11:06.959","0","0","0","0","67301","0","0","0","N","0","0","0","2","67301","0","","1.0","","1","N","N","N","0","","0","0","0","3","3","","","2","0","0","0","0","0","0","2","1","2","","","","N","","","","","","","","","",""
"2020086807","1010","0","0","0","0","0","0","0","0","0","7","1","","67","10","2020","7","40.000073","-75.189141","0945","6","0","0","0","0","0","0","0","0","","0","1","0","","","0","N","0","","40 00:00.261","","1","75 11:20.908","0","0","0","0","67301","0","0","0","N","0","0","0","1","67301","0","","5.0","","1","N","N","N","0","","0","0","0","3","8","","","1","0","0","0","0","0","0","2","0","1","","03","","N","","","","","","","","","",""
"2020048730","2230","1","0","0","0","0","0","0","0","0","1","0","","67","6","2020","1","39.948736","-75.172619","2230","6","0","0","0","0","0","0","0","0","","0","0","0","","","1","","2","","39 56:55.450","","0","75 10:21.430","3","0","0","0","67301","0","0","0","N","0","0","0","3","67301","0","","1.0","","1","N","N","N","0","","1","0","1","3","3","","","2","1","0","0","0","0","0","2","0","2","","03","","N","","","","","","","","","",""
"2020049645","0153","2","0","0","0","0","0","0","0","0","5","0","","67","6","2020","4","39.945725","-75.242036","0153","6","0","0","0","0","0","0","0","0","","0","0","0","","","0","N","0","","39 56:44.610","","0","75 14:31.330","0","0","0","0","67301","0","0","0","N","0","0","0","2","67301","0","","1.0","","1","N","N","N","0","","0","0","0","0","0","","","3","0","0","0","0","0","0","2","0","3","","03","","N","","","","","","","","","",""
"2020093926","2025","1","0","0","0","0","0","0","0","0","4","0","","67","11","2020","4","39.939674","-75.222944","2023","6","0","0","0","0","0","0","0","0","","0","1","0","","","1","","1","","39 56:22.826","","0","75 13:22.598","3","0","0","0","67301","0","0","0","N","0","0","0","4","67301","0","","1.0","","1","N","N","N","0","","1","0","1","3","2","","","3","1","0","0","0","0","0","2","0","3","","03","","N","","","","","","","","","",""
"2020092930","1000","0","0","0","0","0","0","1","0","0","4","1","","67","10","2020","6","40.000989","-75.148165","0956","6","0","0","0","0","0","1","0","0","","0","0","0","","","1","N","1","","40 00:03.560","","0","75 08:53.394","8","0","0","0","67301","0","0","0","N","0","0","0","2","67508","0","","1.0","","1","N","N","Y","0","","0","0","0","3","2","","","2","1","0","0","0","1","0","2","1","2","","03","","N","","","","","","","","","",""
"2020088902","1315","2","0","0","0","0","0","0","0","0","5","0","","67","6","2020","4","40.051786","-75.185331","1315","6","0","0","0","0","0","0","0","0","","0","0","0","","","2","N","0","","40 03:06.430","","0","75 11:07.192","8","0","0","0","67301","0","0","0","N","0","0","0","3","67301","0","","1.0","","1","N","N","N","0","","0","0","0","0","0","","","2","2","0","0","0","2","1","2","0","2","","03","","N","","","","","","","","","",""
"2020049751","1208","1","0","0","0","0","0","0","0","0","4","0","","67","6","2020","3","39.999644","-75.190489","1207","6","0","0","0","0","0","0","0","0","","0","0","0","","","0","","2","","39 59:58.717","","0","75 11:25.759","9","0","0","0","67301","0","0","0","N","0","0","0","2","67301","0","","1.0","","1","N","N","N","0","","0","0","0","3","2","","","2","0","0","0","0","0","2","2","0","2","","03","","N","","","","","","","","","",""