"CRN","ARRIVAL_TM","AUTOMOBILE_COUNT","BELTED_DEATH_COUNT","BELTED_SUSP_SERIOUS_INJ_COUNT","BICYCLE_COUNT","BICYCLE_DEATH_COUNT","BICYCLE_SUSP_SERIOUS_INJ_COUNT","BUS_COUNT","CHLDPAS_DEATH_COUNT","CHLDPAS_SUSP_SERIOUS_INJ_COUNT","COLLISION_TYPE","COMM_VEH_COUNT","CONS_ZONE_SPD_LIM","COUNTY","CRASH_MONTH","CRASH_YEAR","DAY_OF_WEEK","DEC_LATITUDE","DEC_LONGITUDE","DISPATCH_TM","DISTRICT","DRIVER_COUNT_16YR","DRIVER_COUNT_17YR","DRIVER_COUNT_18YR","DRIVER_COUNT_19YR","DRIVER_COUNT_20YR","DRIVER_COUNT_50_64YR","DRIVER_COUNT_65_74YR","DRIVER_COUNT_75PLUS","EST_HRS_CLOSED","FATAL_COUNT","HEAVY_TRUCK_COUNT","HORSE_BUGGY_COUNT","HOUR_OF_DAY","ILLUMINATION","INJURY_COUNT","INTERSECTION_RELATED","INTERSECT_TYPE","LANE_CLOSED","LATITUDE","LN_CLOSE_DIR","LOCATION_TYPE","LONGITUDE","MAX_SEVERITY_LEVEL","MCYCLE_DEATH_COUNT","MCYCLE_SUSP_SERIOUS_INJ_COUNT","MOTORCYCLE_COUNT","MUNICIPALITY","NONMOTR_COUNT","NONMOTR_DEATH_COUNT","NONMOTR_SUSP_SERIOUS_INJ_COUNT","NTFY_HIWY_MAINT","PED_COUNT","PED_DEATH_COUNT","PED_SUSP_SERIOUS_INJ_COUNT","PERSON_COUNT","POLICE_AGCY","POSSIBLE_INJ_COUNT","RDWY_SURF_TYPE_CD","RELATION_TO_ROAD","ROADWAY_CLEARED","ROAD_CONDITION","SCH_BUS_IND","SCH_ZONE_IND","SECONDARY_CRASH","SMALL_TRUCK_COUNT","SPEC_JURIS_CD","SUSP_MINOR_INJ_COUNT","SUSP_SERIOUS_INJ_COUNT","SUV_COUNT","TCD_FUNC_CD","TCD_TYPE","TFC_DETOUR_IND","TIME_OF_DAY","TOTAL_UNITS","TOT_INJ_COUNT","UNBELTED_OCC_COUNT","UNB_DEATH_COUNT","UNB_SUSP_SERIOUS_INJ_COUNT","UNK_INJ_DEG_COUNT","UNK_INJ_PER_COUNT","URBAN_RURAL","VAN_COUNT","VEHICLE_COUNT","WEATHER1","WEATHER2","WORKERS_PRES","WORK_ZONE_IND","WORK_ZONE_LOC","WORK_ZONE_TYPE","WZ_CLOSE_DETOUR","WZ_FLAGGER","WZ_LAW_OFFCR_IND","WZ_LN_CLOSURE","WZ_MOVING","WZ_OTHER","WZ_SHLDER_MDN","WZ_WORKERS_INJ_KILLED"
"2020093193","1804","2","0","0","0","0","0","0","0","0","4","0","","67","11","2020","3","39.985046","-75.178492","1803","6","0","0","0","0","0","0","0","1","","0","0","0","","","2","N","0","","39 59:06.166","","0","75 10:42.570","8","0","0","0","67301","0","0","0","N","0","0","0","3","67301","0","","6.0","","1","N","N","N","1","","0","0","0","0","0","","","3","2","1","0","0","2","1","2","0","3","","","","N","","","","","","","","","",""
"2020048729","1200","0","0","0","0","0","0","0","0","0","7","0","","67","6","2020","5","39.965113","-75.178928","1154","6","0","0","0","0","0","0","0","0","","0","0","0","","","0","N","0","","39 57:54.406","","0","75 10:44.141","0","0","0","0","67301","0","0","0","N","0","0","0","1","67301","0","","4.0","","9","N","N","N","1","","0","0","0","3","2","","","1","0","0","0","0","0","0","2","0","1","","07","","N","","","","","","","","","",""
"2020049008","1930","0","0","0","0","0","0","0","0","0","8","0","","67","6","2020","2","40.109273","-75.025555","1918","6","0","0","0","0","0","0","0","0","","0","0","0","","","1","","2","","40 06:33.384","","0","75 01:31.999","4","0","0","0","67301","1","0","0","N","1","0","0","2","67301","1","","1.0","","1","N","N","N","0","","0","0","0","3","3","","","2","1","0","0","0","0","0","2","1","1","","03","","N","","","","","","","","","",""
"2020048596","1140","1","0","0","0","0","0","0","0","0","2","0","","67","6","2020","1","40.012762","-75.206082","1131","6","0","0","0","0","0","0","0","0","","0","0","0","","","1","","3","","40 00:45.943","","2","75 12:21.894","8","0","0","0","67301","0","0","0","N","0","0","0","3","67301","0","","1.0","","1","N","N","N","0","","0","0","1","0","0","","","2","1","0","0","0","1","2","2","0","2","","","","N","","","","","","","","","",""
"2020045305","1800","2","0","0","0","0","0","0","0","0","4","0","","67","6","2020","4","39.977974","-75.152589","1758","6","0","0","0","0","1","1","0","0","","0","0","0","","","1","N","1","","39 58:40.705","4","0","75 09:09.321","3","0","0","0","67301","0","0","0","N","0","0","0","2","67505","0","","1.0","1805.0","1","N","N","N","0","","1","0","0","3","2","N","","2","1","0","0","0","0","0","2","0","2","","03","","N","","","","","","","","","",""
"2020049933","0745","0","0","0","0","0","0","0","0","0","7","0","","67","6","2020","5","40.081377","-74.966257","0739","6","0","0","0","1","0","0","0","0","","0","0","0","","","2","N","0","","40 04:52.958","3","0","74 57:58.526","3","0","0","0","67301","0","0","0","N","0","0","0","2","67301","0","","3.0","200.0","1","N","N","N","0","","2","0","1","0","0","N","","1","2","2","0","0","0","0","2","0","1","","","","N","","","","","","","","","",""
"2020044917","1622","0","0","0","0","0","0","0","0","0","4","0","","67","6","2020","2","40.094773","-75.015326","1616","6","0","0","0","0","0","0","0","0","","0","0","0","","","3","","1","","40 05:41.184","","0","75 00:55.174","4","0","0","0","67301","0","0","0","N","0","0","0","5","67301","3","","1.0","","1","N","N","N","1","","0","0","1","3","2","","","2","3","0","0","0","0","0","2","0","2","","03","","N","","","","","","","","","",""
"2020093992","1608","0","0","0","0","0","0","0","0","0","1","0","","67","9","2020","6","39.957807","-75.140755","1601","6","0","0","0","0","0","1","0","0","","0","0","0","","","1","N","0","","39 57:28.104","","0","75 08:26.717","3","0","0","0","67301","0","0","0","N","0","0","0","2","68K01","0","","1.0","","1","N","N","N","0","","1","0","2","0","0","","","2","1","0","0","0","0","0","2","0","2","","","","N","","","","","","","","","",""
"2020048724","0820","1","0","0","0","0","0","0","0","0","5","0","","67","6","2020","2","40.106283","-74.999153","0813","6","0","0","0","0","0","0","0","1","","0","0","0","","","1","N","0","","40 06:22.619","","0","74 59:56.952","8","0","0","0","67301","0","0","0","N","0","0","0","3","67301","0","","1.0","","1","N","N","N","0","","0","0","1","0","0","","","2","1","0","0","0","1","0","2","0","2","","03","","N","","","","","","","","","",""
"2020092310","1058","1","0","0","0","0","0","0","0","0","4","1","","67","10","2020","6","39.921081","-75.194502","1048","6","0","0","0","0","0","0","0","0","","0","1","0","","","1","N","0","","39 55:15.892","","0","75 11:40.208","3","0","0","0","67301","0","0","0","N","0","0","0","3","67301","0","","1.0","","9","N","N","N","0","","1","0","0","0","0","","","3","1","2","0","0","0","1","2","0","3","","","","N","","","","","","","","","",""
"2020048583","0115","2","0","0","0","0","0","0","0","0","4","0","","67","6","2020","1","40.033296","-75.037693","0111","6","0","0","0","1","0","0","0","0","","0","0","0","","","1","","1","","40 01:59.865","","0","75 02:15.694","3","0","0","0","67301","0","0","0","N","0","0","0","2","67301","0","","1.0","","1","N","N","N","0","","1","0","0","3","2","","","2","1","2","0","0","0","0","2","0","2","","03","","N","","","","","","","","","",""
"2020089801","","2","0","0","0","0","0","0","0","0","4","0","","67","7","2020","6","39.911326","-75.242828","","6","0","0","0","0","0","1","0","0","","0","0","0","","","0","","5","","39 54:40.772","","0","75 14:34.179","0","0","0","0","67301","0","0","0","N","0","0","0","2","00000","0","","1.0","","1","","","N","0","","0","0","0","3","2","","","2","0","0","0","0","0","0","2","0","2","","","","N","","","","","","","","","",""
"2020045177","1443","0","0","0","0","0","0","0","0","0","4","0","","67","6","2020","3","40.084622","-75.024876","1435","6","0","0","0","0","0","1","0","0","","0","0","0","","","1","","2","","40 05:04.640","1","0","75 01:29.553","3","0","0","0","67301","0","0","0","N","0","0","0","5","67301","0","","1.0","1609.0","1","N","N","N","0","","1","0","2","3","2","N","","2","1","0","0","0","0","0","2","0","2","","03","","N","","","","","","","","","",""
"2020093431","1349","0","0","0","0","0","0","0","0","0","1","0","","67","11","2020","2","40.084951","-75.037949","1349","6","0","0","0","0","0","1","0","0","","0","0","0","","","2","N","0","","40 05:05.823","","0","75 02:16.616","3","0","0","0","67301","0","0","0","N","0","0","0","3","67301","0","","1.0","","1","N","N","N","1","","2","0","1","3","2","","","2","2","0","0","0","0","0","2","0","2","","","","N","","","","","","","","","",""
"2020052131","0255","0","0","0","0","0","0","0","0","0","4","0","","67","6","2020","6","40.027579","-75.147244","0252","6","0","0","0","0","0","0","0","0","","0","0","0","","","0","","1","","40 01:39.286","","0","75 08:50.079","9","0","0","0","67301","0","0","0","N","0","0","0","2","67301","0","","1.0","","1","N","N","N","0","","0","0","0","3","2","","","2","0","0","0","0","0","2","2","1","2","","03","","N","","","","","","","","","",""
"2020050783","1740","1","0","0","0","0","0","0","0","0","4","0","","67","6","2020","6","40.011998","-75.069977","1735","6","0","0","0","0","0","0","1","0","","0","0","0","","","1","","1","","40 00:43.192","","0","75 04:11.917","3","0","0","0","67301","0","0","0","N","0","0","0","2","67301","0","","1.0","","1","N","N","N","0","","1","0","1","3","3","","","2","1","0","0","0","0","0","2","0","2","","03","","N","","","","","","","","","",""
"2020049120","1127","1","0","0","0","0","0","0","0","0","5","0","","67","6","2020","3","39.972324","-75.176398","1129","6","0","0","0","0","0","0","0","0","","0","0","0","","","0","","1","","39 58:20.366","","0","75 10:35.032","9","0","0","0","67301","0","0","0","N","0","0","0","1","67301","0","","1.0","","1","N","N","N","0","","0","0","1","0","0","","","2","0","0","0","0","0","1","2","0","2","","03","","N","","","","","","","","","",""
"2020089747","1500","0","0","0","0","0","0","0","0","0","4","0","","67","7","2020","4","40.01435","-75.17811","","6","0","0","0","0","0","1","0","0","","0","0","0","","","1","","1","","40 00:51.660","","0","75 10:41.196","8","0","0","0","67301","0","0","0","N","0","0","0","2","00000","0","","1.0","","1","","","N","0","","0","0","1","3","2","","","2","1","0","0","0","1","0","2","1","2","","","","N","","","","","","","","","",""
"2020052067","1606","3","0","0","0","0","0","0","0","0","1","0","","67","6","2020","2","39.977267","-75.112313","1559","6","0","0","0","1","0","0","0","0","","0","0","0","","","2","N","0","","39 58:38.160","1","0","75 06:44.328","3","0","0","0","67301","0","0","0","N","0","0","0","9","68K01","0","","1.0","45.0","1","N","N","N","0","","2","0","2","0","0","N","","5","2","1","0","0","0","0","2","0","5","","","","N","","","","","","","","","",""
"2020048219","1815","1","0","0","0","0","0","0","0","0","4","0","","67","6","2020","5","39.9475","-75.245806","1811","6","0","0","0","0","0","0","1","0","","0","0","0","","","3","N","0","","39 56:51.000","","0","75 14:44.900","3","0","0","0","67301","0","0","0","N","0","0","0","3","67301","0","","1.0","","1","N","N","N","0","","3","0","1","0","0","","","2","3","0","0","0","0","0","2","0","2","","03","","N","","","","","","","","","",""
"2020092366","2045","1","0","0","0","0","0","0","0","0","8","0","","67","10","2020","4","39.992777","-75.145958","2045","6","0","0","0","0","0","0","1","0","","0","0","0","","","1","N","0","","39 59:33.997","","0","75 08:45.447","8","0","0","0","67301","1","0","0","N","1","0","0","2","67301","0","","1.0","","1","N","N","N","0","","0","0","0","0","0","","","2","1","0","0","0","1","0","2","0","1","","03","","N","","","","","","","","","",""
"2020092504","1015","1","0","0","0","0","0","0","0","0","4","0","","67","11","2020","2","39.98665","-75.146442","1015","6","0","0","0","0","0","0","0","0","","0","1","0","","","0","","1","","39 59:11.940","","0","75 08:47.191","0","0","0","0","67301","0","0","0","N","0","0","0","2","67301","0","","1.0","","1","N","N","N","0","","0","0","0","3","3","","","2","0","0","0","0","0","0","2","0","2","","03","","N","","","","","","","","","",""
"2020050335","1622","0","0","0","0","0","0","0","0","0","4","0","","67","6","2020","6","40.072187","-75.178969","1619","6","0","0","0","0","0","0","0","0","","0","0","0","","","0","","2","","40 04:19.873","","0","75 10:44.287","0","0","0","0","67301","0","0","0","N","0","0","0","2","67301","0","","1.0","","1","N","N","N","0","","0","0","2","3","3","","","2","0","0","0","0","0","0","2","0","2","","03","","N","","","","","","","","","",""
"2020102384","1919","1","0","0","0","0","0","0","0","0","1","0","","67","11","2020","4","40.051945","-74.988544","1910","6","0","0","0","0","0","0","0","0","","0","0","0","","","0","N","0","","40 03:07.003","","0","74 59:18.757","0","0","0","0","67301","0","0","0","N","0","0","0","1","68K01","0","","1.0","","1","N","N","N","0","","0","0","1","0","0","","","2","0","0","0","0","0","0","2","0","2","","03","","N","","","","","","","","","",""
"2020056925","1608","0","0","0","1","0","0","0","0","0","8","0","","67","7","2020","7","40.039603","-75.063189","1558","6","0","0","0","0","0","1","0","0","","0","0","0","","","1","N","0","","40 02:22.570","2","0","75 03:47.480","8","0","0","0","67301","1","0","0","N","0","0","0","2","67301","0","","1.0","1436.0","1","N","N","N","0","","0","0","1","0","0","N","","2","1","0","0","0","1","0","2","0","1","","03","","N","","","","","","","","","",""
"2020058766","0035","1","0","0","0","0","0","0","0","0","5","0","","67","7","2020","5","39.956267","-75.201197","0027","6","0","0","0","0","0","0","0","0","","0","0","0","","","0","N","0","","39 57:22.560","","0","75 12:04.310","0","0","0","0","67301","0","0","0","N","0","0","0","1","67301","0","","6.0","","1","N","N","N","1","","0","0","1","0","0","","","3","0","0","0","0","0","0","2","0","3","","03","","N","","","","","","","","","",""
"2020048339","0150","3","0","0","0","0","0","0","0","0","1","0","","67","6","2020","1","40.04055","-75.187692","0144","6","0","0","0","0","0","0","0","0","","0","0","0","","","0","N","0","","40 02:25.980","","0","75 11:15.690","0","0","0","0","67301","0","0","0","N","0","0","0","1","67301","0","","6.0","","9","N","N","N","0","","0","0","0","0","0","","","3","0","0","0","0","0","0","2","0","3","","07","","N","","","","","","","","","",""
"2020050338","1829","1","0","0","0","0","0","0","0","0","4","0","","67","6","2020","7","39.952435","-75.242751","1828","6","0","0","0","0","0","0","1","0","","0","0","0","","","2","","1","","39 57:08.765","","0","75 14:33.903","3","0","0","0","67301","0","0","0","N","0","0","0","3","67301","0","","1.0","","1","N","N","N","0","","2","0","1","3","2","","","2","2","0","0","0","0","0","2","0","2","","03","","N","","","","","","","","","",""
"2020047143","1403","1","0","0","0","0","0","0","0","0","1","0","","67","6","2020","7","39.967716","-75.189552","1343","6","0","0","0","0","0","0","0","0","","0","0","0","","","2","N","0","","39 58:03.779","","0","75 11:22.387","8","0","0","0","67301","0","0","0","N","0","0","0","3","68K01","0","","1.0","","1","N","N","Y","0","","0","0","1","0","0","","","2","2","0","0","0","2","0","2","0","2","","","","N","","","","","","","","","",""
"2020092020","1048","1","0","0","0","0","0","0","0","0","5","0","","67","10","2020","6","39.945571","-75.142599","1045","6","0","0","0","0","0","0","0","0","","0","0","0","","","1","N","0","","39 56:44.054","2","0","75 08:33.356","3","0","0","0","67301","0","0","0","N","0","0","0","3","68K01","0","","1.0","1158.0","9","N","N","N","0","","1","0","0","0","0","N","","2","1","1","0","0","0","2","2","0","2","","","","N","","","","","","","","","",""
"2020050401","0238","1","0","0","0","0","0","0","0","0","5","0","","67","6","2020","1","40.055194","-75.048472","0238","6","0","0","0","0","0","0","0","0","","0","0","0","","","1","N","0","","40 03:18.700","","6","75 02:54.500","3","0","0","0","67301","0","0","0","N","0","0","0","2","67301","0","","1.0","","1","N","N","N","0","","1","0","1","0","0","","","2","1","0","0","0","0","0","2","0","2","","03","","N","","","","","","","","","",""
"2020060517","1735","0","0","0","0","0","0","0","0","0","4","0","","67","7","2020","4","39.928117","-75.219415","1730","6","0","0","0","0","0","1","0","0","","0","0","0","","","1","","1","","39 55:41.222","","0","75 13:09.894","4","0","0","0","67301","0","0","0","N","0","0","0","5","67301","1","","1.0","","1","N","N","N","0","","0","0","2","3","2","","","2","1","0","0","0","0","0","2","0","2","","03","","N","","","","","","","","","",""
"2020093304","2046","1","0","0","0","0","0","0","0","0","8","0","","67","11","2020","3","40.012236","-75.143431","2041","6","0","0","0","0","0","0","0","0","","0","0","0","","","2","N","0","","40 00:44.050","5","0","75 08:36.350","2","0","0","0","67301","1","0","1","N","1","0","1","2","67301","0","","1.0","2154.0","1","N","N","N","0","","1","1","0","0","0","N","","2","2","1","0","0","0","0","2","0","1","","","","N","","","","","","","","","",""
"2020057386","0046","2","0","0","0","0","0","0","0","0","8","0","","67","7","2020","1","39.947508","-75.240561","0044","6","0","0","0","0","0","0","0","0","","0","0","0","","","1","N","0","","39 56:51.030","","0","75 14:26.020","8","0","0","0","67301","1","0","0","N","1","0","0","2","67301","0","","1.0","","1","N","N","N","0","","0","0","0","0","0","","","3","1","0","0","0","1","0","2","0","2","","03","","N","","","","","","","","","",""
"2020060179","0045","1","0","0","0","0","0","0","0","0","7","0","","67","7","2020","4","39.902309","-75.151284","0030","6","0","0","0","0","0","1","0","0","","0","0","0","","","0","N","0","","39 54:08.312","2","0","75 09:04.623","0","0","0","0","67301","0","0","0","N","0","0","0","1","68K01","0","","4.0","30.0","1","N","N","N","0","","0","0","0","0","0","N","","1","0","0","0","0","0","0","2","0","1","","","","N","","","","","","","","","",""
"2020050909","1001","0","0","0","0","0","0","0","0","0","7","0","","67","6","2020","4","39.997611","-75.205056","1000","6","0","0","0","0","0","0","0","0","","0","0","0","","","1","N","0","","39 59:51.400","","0","75 12:18.200","3","0","0","0","67301","0","0","0","N","0","0","0","1","67301","0","","4.0","","1","N","N","N","0","","1","0","1","0","0","","","1","1","0","0","0","0","0","2","0","1","","03","","N","","","","","","","","","",""
"2020094372","0709","0","0","0","0","0","0","0","0","0","1","1","","67","10","2020","3","39.991891","-75.086031","0709","6","0","0","0","0","0","1","0","0","","0","1","0","","","0","N","0","","39 59:30.807","","0","75 05:09.713","0","0","0","0","67301","0","0","0","N","0","0","0","4","68K01","0","","1.0","","1","N","N","N","0","","0","0","3","0","0","","","4","0","0","0","0","0","0","2","0","4","","03","","N","","","","","","","","","",""
"2020092324","0842","0","0","0","0","0","0","0","0","0","8","0","","67","10","2020","6","40.040775","-75.015983","0838","6","0","0","0","0","0","0","0","0","","0","0","0","","","1","N","0","","40 02:26.790","","0","75 00:57.540","4","0","0","0","67301","1","0","0","N","1","0","0","2","67301","1","","4.0","","9","N","N","N","1","","0","0","0","0","0","","","2","1","0","0","0","0","0","2","0","1","","04","","N","","","","","","","","","",""
"2020049647","1810","3","0","0","0","0","0","0","0","0","4","0","","67","6","2020","4","39.990525","-75.164532","1800","6","0","0","0","0","0","0","0","0","","0","0","0","","","1","","1","","39 59:25.890","","0","75 09:52.315","3","0","0","0","67301","0","0","0","N","0","0","0","3","67301","0","","1.0","","1","N","N","N","0","","1","0","1","3","3","","","4","1","0","0","0","0","0","2","0","4","","03","","N","","","","","","","","","",""
"2020056661","1750","2","0","0","0","0","0","0","0","0","5","0","","67","7","2020","6","39.96243","-75.246768","1748","6","0","0","0","0","0","0","0","0","","0","0","0","","","0","N","0","","39 57:44.747","","0","75 14:48.365","9","0","0","0","67301","0","0","0","N","0","0","0","3","67301","0","","1.0","","1","N","N","N","0","","0","0","0","0","0","","","3","0","0","0","0","0","1","2","0","3","","03","","N","","","","","","","","","",""
"2020099986","1557","0","0","0","0","0","0","0","0","0","8","0","","67","11","2020","6","39.955616","-75.214654","1552","6","0","0","0","0","0","0","0","1","","1","0","0","","","0","N","1","","39 57:20.217","7","0","75 12:52.754","1","0","0","0","67301","1","1","0","N","1","1","0","3","67301","0","2","1.0","1800.0","1","N","N","N","0","0","0","0","1","3","2","Y","","2","0","1","0","0","0","0","2","0","1","","03","","N","","","","","","","","","",""
"2020092505","1908","1","0","0","0","0","0","0","0","0","8","0","","67","10","2020","7","40.031384","-75.152356","1908","6","0","0","0","0","0","0","0","0","","0","0","0","","","1","","1","","40 01:52.983","","0","75 09:08.481","3","0","0","0","67301","1","0","0","N","1","0","0","2","67301","0","","1.0","","1","N","Y","N","0","","1","0","0","3","2","","","2","1","1","0","0","0","0","2","0","1","","03","","N","","","","","","","","","",""
"2020050402","1927","2","0","0","0","0","0","0","0","0","5","0","","67","6","2020","7","39.94865","-75.153108","1925","6","0","0","0","0","0","0","0","0","","0","0","0","","","0","N","0","","39 56:55.140","","0","75 09:11.190","0","0","0","0","67301","0","0","0","N","0","0","0","3","67301","0","","1.0","","1","N","N","N","0","","0","0","1","0","0","","","3","0","0","0","0","0","0","2","0","3","","03","","N","","","","","","","","","",""
"2020092496","1617","0","0","0","0","0","0","0","0","0","8","0","","67","10","2020","5","40.020284","-75.080378","1613","6","0","0","0","0","0","0","0","0","","0","0","0","","","1","","1","","40 01:13.023","","0","75 04:49.359","3","0","0","0","67301","1","0","0","N","1","0","0","1","67301","0","","1.0","","9","N","N","N","0","","1","0","1","3","2","","","2","1","0","0","0","0","0","2","0","1","","07","","N","","","","","","","","","",""
"2020048301","1730","0","0","0","0","0","0","0","0","0","8","0","","67","6","2020","6","40.009204","-75.150818","1659","6","0","0","0","0","0","0","0","0","","0","0","0","","","1","","1","","40 00:33.133","","0","75 09:02.943","3","0","0","0","67301","1","0","0","N","1","0","0","2","67301","0","","1.0","","1","N","N","N","0","","1","0","1","3","2","","","2","1","0","0","0","0","1","2","0","1","","03","","N","","","","","","","","","",""
"2020059358","0756","1","0","0","0","0","0","0","0","0","1","0","","67","7","2020","3","39.996889","-75.082444","0718","6","0","0","0","0","0","0","0","0","","0","0","0","","","0","","6","","39 59:48.800","","2","75 04:56.800","0","0","0","0","67301","0","0","0","N","0","0","0","3","68K01","0","","7.0","","1","N","N","N","0","","0","0","0","0","0","","","2","0","0","0","0","0","0","2","1","2","","03","","N","","","","","","","","","",""
"2020058204","1213","4","0","0","0","0","0","0","0","0","4","0","","67","7","2020","4","39.976533","-75.178291","1210","6","0","0","0","0","0","0","0","0","","0","0","0","","","3","","1","","39 58:35.518","","0","75 10:41.847","8","0","0","0","67301","0","0","0","N","0","0","0","5","67301","0","","1.0","","1","N","N","N","0","","0","0","2","3","3","","","6","3","0","0","0","3","2","2","0","6","","03","","N","","","","","","","","","",""
"2020062673","1330","1","0","0","0","0","0","0","0","0","4","0","","67","8","2020","3","40.028859","-75.106004","1327","6","0","0","0","0","0","1","1","0","","0","0","0","","","1","","1","","40 01:43.892","","0","75 06:21.614","3","0","0","0","67301","0","0","0","N","0","0","0","4","67301","0","","1.0","","9","N","N","N","1","","1","0","0","9","2","","","2","1","0","0","0","0","1","2","0","2","","","","N","","","","","","","","","",""
"2020084066","1236","2","0","0","0","0","0","0","0","0","2","0","","67","9","2020","3","40.031353","-75.085194","1234","6","0","0","0","0","0","0","0","0","","0","0","0","","","1","","1","","40 01:52.872","","0","75 05:06.700","3","0","0","0","67301","0","0","0","N","0","0","0","2","67301","0","","1.0","","1","N","N","N","0","","1","0","0","3","2","","","2","1","0","0","0","0","0","2","0","2","","98","","N","","","","","","","","","",""
"2020052682","1100","3","0","0","0","0","0","0","0","0","4","0","","67","6","2020","1","39.943372","-75.232331","1052","6","0","0","0","0","0","1","0","0","","0","0","0","","","1","","1","","39 56:36.138","4","0","75 13:56.392","3","0","0","0","67301","0","0","0","N","0","0","0","3","67301","0","","1.0","1109.0","1","N","N","N","0","","1","0","0","3","2","N","","3","1","0","0","0","0","0","2","0","3","","03","","N","","","","","","","","","",""
"2020058612","1802","2","0","0","0","0","0","0","0","0","4","0","","67","7","2020","5","40.044526","-75.230033","1801","6","0","0","0","0","0","1","0","0","","0","0","0","","","0","N","0","","40 02:40.292","1","0","75 13:48.119","0","0","0","0","67301","0","0","0","N","0","0","0","2","67301","0","","1.0","605.0","1","N","N","N","0","","0","0","0","0","0","N","","2","0","0","0","0","0","0","2","0","2","","","","N","","","","","","","","","",""
"2020056293","1135","1","0","0","0","0","0","0","0","0","5","0","","67","7","2020","6","39.972783","-75.159081","1130","6","0","0","0","0","0","0","0","0","","0","0","0","","","0","N","0","","39 58:22.019","1","0","75 09:32.692","0","0","0","0","67301","0","0","0","N","0","0","0","2","67505","0","","1.0","59.0","1","N","N","N","0","","0","0","1","0","0","N","","2","0","0","0","0","0","0","2","0","2","","03","","N","","","","","","","","","",""
"2020050348","1923","0","0","0","0","0","0","0","0","0","7","0","35","67","6","2020","7","39.911167","-75.161778","1923","6","0","0","0","0","0","0","1","0","","0","0","0","","","0","","7","","39 54:40.200","","8","75 09:42.400","0","0","0","0","67301","0","0","0","N","0","0","0","1","67501","0","","7.0","","1","N","N","N","1","","0","0","0","0","0","","","1","0","0","0","0","0","0","2","0","1","","03","N","Y","4","1","","","N","Y","","","","N"
"2020048590","1702","2","0","0","0","0","0","0","0","0","4","0","","67","6","2020","1","39.984302","-75.127617","1700","6","0","1","0","0","0","0","0","0","","0","0","0","","","0","","1","","39 59:03.487","","0","75 07:39.421","0","0","0","0","67301","0","0","0","N","0","0","0","4","67301","0","","1.0","","1","N","N","N","0","","0","0","0","3","3","","","2","0","0","0","0","0","0","2","0","2","","03","","N","","","","","","","","","",""
"2020091800","1738","1","0","0","0","0","0","0","0","0","1","0","","67","10","2020","6","39.926162","-75.146755","1725","6","0","0","0","0","0","1","0","0","","0","0","0","","","2","N","0","","39 55:34.183","1","0","75 08:48.317","4","0","0","0","67301","0","0","0","N","0","0","0","3","68K01","2","","3.0","100.0","1","N","N","N","0","","0","0","1","0","0","N","","2","2","0","0","0","0","0","2","0","2","","","","N","","","","","","","","","",""
"2020049748","0530","2","0","0","0","0","0","0","0","0","4","0","","67","6","2020","5","39.990961","-75.167868","0421","6","0","0","0","1","0","0","0","0","","0","0","0","","","3","","5","","39 59:27.459","","0","75 10:04.324","3","0","0","0","67301","0","0","0","N","0","0","0","3","67301","0","","1.0","","1","N","N","N","0","","2","0","0","3","2","","","2","3","0","0","0","1","0","2","0","2","","03","","N","","","","","","","","","",""
"2020057744","0022","1","0","0","0","0","0","0","0","0","5","0","","67","7","2020","4","39.943131","-75.152936","0022","6","0","0","0","0","0","0","0","0","","0","0","0","","","0","N","0","","39 56:35.270","","0","75 09:10.570","0","0","0","0","67301","0","0","0","N","0","0","0","1","67301","0","","6.0","","1","N","N","N","0","","0","0","3","0","0","","","4","0","1","0","0","0","0","2","0","4","","03","","N","","","","","","","","","",""
"2020048708","1121","1","0","0","0","0","0","0","0","0","4","0","","67","6","2020","7","39.91545","-75.164636","1106","6","0","0","0","0","0","1","0","0","","0","0","0","","","0","N","0","","39 54:55.620","","0","75 09:52.690","0","0","0","0","67301","0","0","0","N","0","0","0","2","67301","0","","1.0","","1","N","N","N","0","","0","0","1","0","0","","","2","0","0","0","0","0","0","2","0","2","","03","","N","","","","","","","","","",""
"2020058007","0307","1","0","0","0","0","0","0","0","0","7","0","","67","7","2020","4","40.027588","-75.087103","0303","6","0","0","0","0","0","0","0","0","","0","0","0","","","0","","1","","40 01:39.316","","0","75 05:13.570","9","0","0","0","67301","0","0","0","N","0","0","0","1","67301","0","","5.0","","1","N","N","N","0","","0","0","0","3","3","","","1","0","0","0","0","0","1","2","0","1","","","","N","","","","","","","","","",""
"2020050519","1531","0","0","0","0","0","0","0","0","0","0","0","","67","6","2020","7","40.007741","-75.20102","1524","6","0","0","0","0","0","0","0","0","","0","0","0","","","4","N","0","","40 00:27.867","4","0","75 12:03.671","3","0","0","0","67301","0","0","0","N","0","0","0","4","68K01","0","","1.0","1612.0","1","N","N","N","0","","4","0","1","0","0","N","","1","4","0","0","0","0","0","2","0","1","","03","","N","","","","","","","","","",""
"2020056797","1220","0","0","0","0","0","0","0","0","0","0","0","","67","7","2020","7","40.02744","-75.062499","1219","6","0","0","0","0","0","0","0","0","","0","0","0","","","1","","1","","40 01:38.783","2","0","75 03:44.998","2","0","1","1","67301","0","0","0","N","0","0","0","1","67301","0","","1.0","1500.0","1","N","N","N","0","","0","1","0","3","2","N","","1","1","0","0","0","0","0","2","0","1","","","","N","","","","","","","","","",""