"CRN","ARRIVAL_TM","AUTOMOBILE_COUNT","BELTED_DEATH_COUNT","BELTED_SUSP_SERIOUS_INJ_COUNT","BICYCLE_COUNT","BICYCLE_DEATH_COUNT","BICYCLE_SUSP_SERIOUS_INJ_COUNT","BUS_COUNT","CHLDPAS_DEATH_COUNT","CHLDPAS_SUSP_SERIOUS_INJ_COUNT","COLLISION_TYPE","COMM_VEH_COUNT","CONS_ZONE_SPD_LIM","COUNTY","CRASH_MONTH","CRASH_YEAR","DAY_OF_WEEK","DEC_LATITUDE","DEC_LONGITUDE","DISPATCH_TM","DISTRICT","DRIVER_COUNT_16YR","DRIVER_COUNT_17YR","DRIVER_COUNT_18YR","DRIVER_COUNT_19YR","DRIVER_COUNT_20YR","DRIVER_COUNT_50_64YR","DRIVER_COUNT_65_74YR","DRIVER_COUNT_75PLUS","EST_HRS_CLOSED","FATAL_COUNT","HEAVY_TRUCK_COUNT","HORSE_BUGGY_COUNT","HOUR_OF_DAY","ILLUMINATION","INJURY_COUNT","INTERSECTION_RELATED","INTERSECT_TYPE","LANE_CLOSED","LATITUDE","LN_CLOSE_DIR","LOCATION_TYPE","LONGITUDE","MAX_SEVERITY_LEVEL","MCYCLE_DEATH_COUNT","MCYCLE_SUSP_SERIOUS_INJ_COUNT","MOTORCYCLE_COUNT","MUNICIPALITY","NONMOTR_COUNT","NONMOTR_DEATH_COUNT","NONMOTR_SUSP_SERIOUS_INJ_COUNT","NTFY_HIWY_MAINT","PED_COUNT","PED_DEATH_COUNT","PED_SUSP_SERIOUS_INJ_COUNT","PERSON_COUNT","POLICE_AGCY","POSSIBLE_INJ_COUNT","RDWY_SURF_TYPE_CD","RELATION_TO_ROAD","ROADWAY_CLEARED","ROAD_CONDITION","SCH_BUS_IND","SCH_ZONE_IND","SECONDARY_CRASH","SMALL_TRUCK_COUNT","SPEC_JURIS_CD","SUSP_MINOR_INJ_COUNT","SUSP_SERIOUS_INJ_COUNT","SUV_COUNT","TCD_FUNC_CD","TCD_TYPE","TFC_DETOUR_IND","TIME_OF_DAY","TOTAL_UNITS","TOT_INJ_COUNT","UNBELTED_OCC_COUNT","UNB_DEATH_COUNT","UNB_SUSP_SERIOUS_INJ_COUNT","UNK_INJ_DEG_COUNT","UNK_INJ_PER_COUNT","URBAN_RURAL","VAN_COUNT","VEHICLE_COUNT","WEATHER1","WEATHER2","WORKERS_PRES","WORK_ZONE_IND","WORK_ZONE_LOC","WORK_ZONE_TYPE","WZ_CLOSE_DETOUR","WZ_FLAGGER","WZ_LAW_OFFCR_IND","WZ_LN_CLOSURE","WZ_MOVING","WZ_OTHER","WZ_SHLDER_MDN","WZ_WORKERS_INJ_KILLED"
"2020103342","1716","0","0","0","0","0","0","0","0","0","1","0","","67","11","2020","1","40.009649","-75.064751","1716","6","0","0","0","0","0","1","0","0","","0","0","0","","","0","N","0","","40 00:34.735","1","0","75 03:53.102","0","0","0","0","67301","0","0","0","N","0","0","0","2","68K01","0","","1.0","1735.0","1","N","N","N","0","","0","0","2","0","0","N","","2","0","0","0","0","0","0","2","0","2","","","","N","","","","","","","","","",""
"2020049932","1915","0","0","0","0","0","0","0","0","0","4","0","","67","6","2020","5","39.940165","-75.142361","1850","6","0","0","0","0","0","2","0","0","","0","0","0","","","1","N","0","","39 56:24.595","","7","75 08:32.498","8","0","0","0","67301","0","0","0","N","0","0","0","2","67301","0","","1.0","","1","N","N","N","0","","0","0","2","0","0","","","2","1","0","0","0","1","1","2","0","2","","03","","N","","","","","","","","","",""
"2020092027","0846","0","0","0","0","0","0","0","0","0","5","0","","67","10","2020","7","39.970859","-75.124096","0842","6","0","0","0","0","0","0","0","0","","0","0","0","","","0","N","0","","39 58:15.092","1","0","75 07:26.747","0","0","0","0","67301","0","0","0","N","0","0","0","1","68K01","0","","4.0","915.0","1","N","N","N","1","","0","0","0","0","0","N","","1","0","0","0","0","0","0","2","0","1","","","","N","","","","","","","","","",""
"2020094387","1841","0","0","0","0","0","0","0","0","0","98","0","","67","10","2020","5","40.040801","-75.005384","1823","6","0","0","0","0","0","0","0","0","","0","0","0","","","0","N","0","","40 02:26.883","2","0","75 00:19.382","0","0","0","0","67301","0","0","0","N","0","0","0","2","68K01","0","","2.0","1920.0","9","N","N","N","1","","0","0","0","0","0","N","","1","0","0","0","0","0","0","2","0","1","","","","N","","","","","","","","","",""
"2020103021","2225","1","0","0","0","0","0","0","0","0","2","0","","67","11","2020","1","40.005931","-75.113497","2224","6","0","0","0","0","0","0","0","0","","0","1","0","","","2","","2","","40 00:21.351","","0","75 06:48.588","3","0","0","0","67301","0","0","0","N","0","0","0","2","67301","0","","1.0","","9","N","N","N","0","","2","0","1","","3","","","3","2","0","0","0","0","0","2","0","3","","","","N","","","","","","","","","",""
"2020056806","1220","3","0","0","0","0","0","0","0","0","4","0","","67","7","2020","6","39.981284","-75.142059","1217","6","0","0","0","0","0","1","0","0","","0","0","0","","","1","","2","","39 58:52.622","","0","75 08:31.412","8","0","0","0","67301","0","0","0","N","0","0","0","2","67301","0","","1.0","","1","N","N","N","0","","0","0","1","","3","","","5","1","0","0","0","1","0","2","0","5","","","","N","","","","","","","","","",""
"2020060675","1650","1","0","0","0","0","0","0","0","0","5","0","","67","7","2020","6","40.030052","-75.055372","1650","6","0","0","0","0","0","0","0","0","","0","0","0","","","1","","2","","40 01:48.188","","0","75 03:19.338","3","0","0","0","67301","0","0","0","N","0","0","0","2","67301","0","","1.0","","1","N","N","N","0","","1","0","1","","0","","","3","1","2","0","0","0","0","2","1","3","","03","","N","","","","","","","","","",""
"2020063179","1520","1","0","0","0","0","0","0","0","0","1","0","","67","7","2020","6","39.958676","-75.168198","1520","6","0","0","0","0","0","0","1","0","","0","0","0","","","0","N","0","","39 57:31.235","4","0","75 10:05.514","0","0","0","0","67301","0","0","0","N","0","0","0","2","68K01","0","","1.0","1550.0","9","N","N","N","0","","0","0","1","","0","Y","","2","0","0","0","0","0","0","2","0","2","","","","N","","","","","","","","","",""
"2020058205","2115","1","0","0","0","0","0","0","0","0","4","0","","67","7","2020","2","39.989011","-75.140874","2115","6","0","0","0","0","0","0","0","0","","0","0","0","","","3","","1","","39 59:20.439","","0","75 08:27.146","3","0","0","0","67301","0","0","0","N","0","0","0","4","67301","0","","1.0","","1","N","N","N","0","","3","0","0","","2","","","2","3","0","0","0","0","0","2","0","2","","","","N","","","","","","","","","",""
"2020093925","1130","1","0","0","0","0","0","0","0","0","2","0","","67","11","2020","1","39.917183","-75.246303","1130","6","0","0","0","0","0","0","0","0","","0","0","0","","","1","","1","","39 55:01.859","","0","75 14:46.691","4","0","0","0","67301","0","0","0","N","0","0","0","4","67301","1","","1.0","","9","N","N","Y","1","","0","0","1","","2","","","3","1","0","0","0","0","0","2","0","3","","07","","N","","","","","","","","","",""
"2020093673","0120","0","0","0","0","0","0","0","0","0","98","0","","67","11","2020","5","40.035661","-75.113873","0115","6","0","0","0","0","0","0","0","0","","0","0","0","","","1","N","0","","40 02:08.381","","0","75 06:49.941","2","0","1","1","67301","0","0","0","N","0","0","0","1","67301","0","","1.0","","1","N","N","N","0","","0","1","0","","0","","","1","1","0","0","0","0","0","2","0","1","","06","","N","","","","","","","","","",""
"2020056650","1437","2","0","0","0","0","0","0","0","0","1","0","","67","7","2020","6","39.935031","-75.222406","1437","6","0","0","0","0","0","0","0","0","","0","0","0","","","0","N","0","","39 56:06.110","5","0","75 13:20.660","0","0","0","0","67301","0","0","0","N","0","0","0","1","67301","0","","6.0","1439.0","1","N","N","N","0","","0","0","1","","0","Y","","3","0","1","0","0","0","0","2","0","3","","03","","N","","","","","","","","","",""
"2020092359","1830","2","0","0","0","0","0","0","0","0","4","0","","67","10","2020","5","39.981314","-75.180322","1828","6","0","0","0","0","0","0","0","0","","0","0","0","","","0","N","0","","39 58:52.730","","0","75 10:49.160","0","0","0","0","67301","0","0","0","N","0","0","0","0","67301","0","","1.0","","9","N","N","N","0","","0","0","1","","0","","","3","0","0","0","0","0","0","2","0","3","","","","N","","","","","","","","","",""
"2020049012","1835","0","0","0","0","0","0","0","0","0","8","0","","67","6","2020","2","39.983856","-75.125906","1829","6","0","0","0","0","0","0","0","0","","0","0","0","","","1","N","0","","39 59:01.880","","0","75 07:33.260","3","0","0","0","67301","1","0","0","N","1","0","0","2","67301","0","","1.0","","1","N","N","N","0","","1","0","0","","0","","","2","1","0","0","0","0","0","2","0","1","","03","","N","","","","","","","","","",""
"2020057751","2147","2","0","0","0","0","0","0","0","0","5","0","","67","7","2020","2","39.942635","-75.218728","2144","6","0","0","0","0","0","0","0","0","","0","0","0","","","2","N","0","","39 56:33.487","7","0","75 13:07.422","3","0","0","0","67301","0","0","0","N","0","0","0","2","67301","0","","6.0","200.0","1","N","N","N","1","","1","0","0","","0","Y","","3","2","0","0","0","1","0","2","0","3","","98","","N","","","","","","","","","",""
"2020103820","2133","1","0","0","0","0","0","0","0","0","7","0","","67","11","2020","1","39.957135","-75.157007","2131","6","0","0","0","0","0","0","0","0","","0","0","0","","","0","N","0","","39 57:25.685","3","0","75 09:25.226","0","0","0","0","67301","0","0","0","N","0","0","0","1","68K01","0","","3.0","100.0","9","N","N","Y","0","","0","0","0","","0","N","","1","0","0","0","0","0","0","2","0","1","","","","N","","","","","","","","","",""
"2020092345","0425","1","0","0","0","0","0","0","0","0","2","0","","67","10","2020","7","40.041305","-75.028533","0418","6","0","0","0","0","1","0","0","0","","0","0","0","","","0","N","0","","40 02:28.697","","0","75 01:42.720","0","0","0","0","67301","0","0","0","N","0","0","0","1","67301","0","","1.0","","1","N","N","N","0","","0","0","1","","0","","","2","0","0","0","0","0","0","2","0","2","","03","","N","","","","","","","","","",""
"2020059495","2319","0","0","0","0","0","0","0","0","0","0","0","","67","7","2020","7","39.891654","-75.237578","2310","6","0","0","0","0","0","0","0","0","","0","0","0","","","1","N","0","","39 53:29.953","2","0","75 14:15.281","8","0","0","1","67301","0","0","0","N","0","0","0","1","68K01","0","","1.0","30.0","1","N","N","N","0","","0","0","0","","0","N","","1","1","0","0","0","1","0","2","0","1","","","","N","","","","","","","","","",""
"2020060982","1845","0","0","0","0","0","0","0","0","0","7","0","","67","7","2020","6","40.003012","-75.116078","1835","6","0","0","0","0","0","0","0","0","","0","0","0","","","0","","11","","40 00:10.843","","0","75 06:57.880","9","0","0","0","67301","0","0","0","N","0","0","0","1","67301","0","","5.0","","1","N","N","N","0","","0","0","1","","0","","","1","0","0","0","0","0","1","2","0","1","","03","","N","","","","","","","","","",""
"2020092325","1038","2","0","0","0","0","0","0","0","0","4","0","","67","10","2020","6","40.069425","-75.039463","1030","6","1","0","0","0","0","0","0","0","","0","0","0","","","0","N","0","","40 04:09.931","1","0","75 02:22.068","0","0","0","0","67301","0","0","0","N","0","0","0","2","67301","0","","1.0","100.0","9","N","N","N","0","","0","0","0","","8","N","","2","0","0","0","0","0","0","2","0","2","","07","","N","","","","","","","","","",""
"2020047147","0153","0","0","0","0","0","0","0","0","0","1","0","","67","6","2020","1","39.957524","-75.18035","0153","6","0","0","0","0","0","0","0","0","","0","0","0","","","0","N","0","","39 57:27.087","3","0","75 10:49.260","0","0","0","0","67301","0","0","0","N","0","0","0","4","68K01","0","","1.0","258.0","1","N","N","N","0","","0","0","2","","0","Y","","2","0","2","0","0","0","0","2","0","2","","","","N","","","","","","","","","",""
"2020058345","2102","1","0","0","0","0","0","0","0","0","7","0","","67","7","2020","4","40.03222","-75.094322","2046","6","0","0","0","0","0","0","0","0","","0","0","0","","","0","N","11","","40 01:55.991","","0","75 05:39.560","0","0","0","0","67301","0","0","0","N","0","0","0","1","67301","0","","1.0","","9","N","N","N","0","","0","0","0","","0","","","1","0","0","0","0","0","0","2","0","1","","07","","N","","","","","","","","","",""
"2020092357","1311","1","0","0","0","0","0","0","0","0","4","0","","67","11","2020","1","39.972673","-75.259642","1306","6","0","0","0","0","0","0","1","0","","0","0","0","","","0","","2","","39 58:21.623","6","0","75 15:34.710","0","0","0","0","67301","0","0","0","N","0","0","0","1","67301","0","","1.0","1340.0","9","N","N","N","0","","0","0","1","","2","N","","2","0","0","0","0","0","0","2","0","2","","07","","N","","","","","","","","","",""
"2020094376","1738","0","0","0","0","0","0","0","0","0","1","1","","67","10","2020","3","39.986349","-75.092229","1726","6","0","0","0","0","0","1","0","0","","0","1","0","","","0","N","0","","39 59:10.858","2","0","75 05:32.023","0","0","0","0","67301","0","0","0","N","0","0","0","4","68K01","0","","3.0","100.0","1","N","N","N","0","","0","0","2","","0","N","","3","0","0","0","0","0","0","2","0","3","","","","N","","","","","","","","","",""
"2020049428","0851","1","0","0","0","0","0","0","0","0","4","0","","67","6","2020","4","40.027933","-75.059763","0848","6","0","0","0","0","0","0","0","0","","0","0","0","","","1","N","0","","40 01:40.557","","7","75 03:35.148","3","0","0","1","67301","0","0","0","N","0","0","0","2","67301","0","","4.0","","1","N","N","N","0","","1","0","0","","0","","","2","1","0","0","0","0","0","2","0","2","","03","","N","","","","","","","","","",""
"2020049562","1711","2","0","0","0","0","0","0","0","0","1","0","","67","6","2020","3","39.99366","-75.152398","1703","6","0","0","0","0","0","0","0","0","","0","0","0","","","1","","1","","39 59:37.177","4","0","75 09:08.634","4","0","0","0","67301","0","0","0","N","0","0","0","2","67301","1","","1.0","1730.0","1","N","N","N","0","","0","0","0","","2","N","","2","1","0","0","0","0","1","2","0","2","","03","","N","","","","","","","","","",""
"2020054271","1700","1","0","0","0","0","0","0","0","0","8","0","","67","6","2020","1","40.000287","-75.228329","1700","6","0","0","0","0","0","0","0","0","","0","0","0","","","1","","2","","40 00:01.033","","0","75 13:41.984","8","0","0","0","67301","1","0","0","N","1","0","0","2","67301","0","","1.0","","1","N","N","N","0","","0","0","0","","3","","","2","1","0","0","0","1","0","2","0","1","","","","N","","","","","","","","","",""
"2020056649","2330","4","0","1","0","0","0","0","0","0","4","0","","67","7","2020","5","39.924565","-75.233127","2330","6","0","0","0","0","0","0","0","0","","0","0","0","","","2","","1","","39 55:28.434","","0","75 13:59.258","2","0","0","0","67301","0","0","0","N","0","0","0","2","67301","0","","1.0","","1","N","N","N","0","","1","1","1","","2","","","6","2","1","0","0","0","0","2","1","6","","03","","N","","","","","","","","","",""
"2020052785","2121","1","0","0","0","0","0","0","0","0","7","0","","67","6","2020","6","40.033369","-75.020517","2059","6","0","0","0","0","0","0","0","0","","0","0","0","","","0","N","0","","40 02:00.127","2","0","75 01:13.862","9","0","0","0","67301","0","0","0","N","0","0","0","1","68K01","0","","2.0","2145.0","1","N","N","Y","0","","0","0","0","","0","N","","1","0","0","0","0","0","1","2","0","1","","03","","N","","","","","","","","","",""
"2020060549","1840","0","0","0","0","0","0","0","0","0","6","0","","67","7","2020","7","40.013256","-75.108686","1830","6","0","0","0","0","0","0","0","0","","0","0","0","","","1","","1","","40 00:47.721","","0","75 06:31.269","2","0","1","1","67301","0","0","0","N","0","0","0","2","67301","0","","1.0","","1","N","N","N","0","","0","1","0","","0","","","2","1","0","0","0","0","0","2","1","2","","03","","N","","","","","","","","","",""
"2020104138","1510","2","0","0","0","0","0","1","0","0","5","1","","67","11","2020","6","39.977997","-75.270288","1500","6","0","0","0","0","0","0","0","1","","0","0","0","","","1","N","1","","39 58:40.789","7","0","75 16:13.036","8","0","0","0","67301","0","0","0","N","0","0","0","4","67508","0","","1.0","9999.0","1","N","N","Y","0","","0","0","0","","3","N","","3","1","0","0","0","1","0","2","0","3","","03","","N","","","","","","","","","",""
"2020092112","1608","1","0","1","0","0","0","0","0","0","98","0","","67","11","2020","1","39.983215","-75.156936","1608","6","0","0","0","0","0","0","0","0","","0","0","0","","","1","","1","","39 58:59.573","","0","75 09:24.969","2","0","0","0","67301","0","0","0","N","0","0","0","1","67505","0","","5.0","","9","N","N","N","0","","0","1","0","","2","","","1","1","0","0","0","0","0","2","0","1","","04","","N","","","","","","","","","",""
"2020087009","2355","2","0","0","0","0","0","0","0","0","4","0","","67","10","2020","5","39.999625","-75.190584","2338","6","0","0","0","0","0","0","0","0","","0","0","0","","","0","","2","","39 59:58.649","","0","75 11:26.101","0","0","0","0","67301","0","0","0","N","0","0","0","3","67301","0","","1.0","","1","N","N","N","0","","0","0","1","","2","","","3","0","0","0","0","0","0","2","0","3","","03","","N","","","","","","","","","",""
"2020048772","0033","1","0","0","0","0","0","0","0","0","2","0","","67","6","2020","2","40.017517","-75.147167","0033","6","0","0","1","0","0","0","0","0","","0","0","0","","","2","N","0","","40 01:03.060","","0","75 08:49.800","3","0","0","0","67301","0","0","0","N","0","0","0","3","67301","0","","1.0","","1","N","N","N","0","","2","0","0","","0","","","2","2","0","0","0","0","0","2","1","2","","03","","N","","","","","","","","","",""
"2020057854","0409","0","0","0","0","0","0","0","0","0","8","0","","67","7","2020","3","39.995873","-75.154172","0403","6","0","0","0","0","0","0","0","0","","0","0","0","","","1","N","0","","39 59:45.143","","0","75 09:15.020","3","0","0","0","67301","1","0","0","N","1","0","0","2","67301","0","","1.0","","1","N","N","N","0","","1","0","0","","0","","","2","1","0","0","0","0","0","2","0","1","","03","","N","","","","","","","","","",""
"2020102373","1744","0","0","0","0","0","0","0","0","0","5","1","","67","10","2020","6","40.042916","-75.003421","1739","6","0","0","0","0","0","1","0","0","","0","1","0","","","0","N","0","","40 02:34.497","","0","75 00:12.315","0","0","0","0","67301","0","0","0","N","0","0","0","2","68K01","0","","1.0","","9","N","N","N","1","","0","0","0","","0","","","2","0","0","0","0","0","0","2","0","2","","03","","N","","","","","","","","","",""
"2020028146","1845","2","0","0","0","0","0","0","0","0","4","0","","67","3","2020","6","39.955694","-75.190454","1845","6","0","0","0","0","0","0","0","0","","0","0","0","","","2","N","0","","39 57:20.497","","0","75 11:25.635","3","0","0","0","67301","0","0","0","N","0","0","0","4","67507","0","","1.0","","1","N","N","N","0","","2","0","0","","0","","","2","2","0","0","0","0","0","2","0","2","","03","","N","","","","","","","","","",""
"2020103597","1545","2","0","0","0","0","0","0","0","0","6","0","","67","12","2020","3","40.064065","-75.048302","1545","6","0","0","0","0","0","1","0","0","","0","0","0","","","1","","1","","40 03:50.634","","0","75 02:53.887","4","0","0","0","67301","0","0","0","N","0","0","0","3","67301","1","","1.0","","1","N","N","N","0","","0","0","0","","3","","","2","1","0","0","0","0","0","2","0","2","","","","N","","","","","","","","","",""
"2020048760","0900","1","0","0","0","0","0","0","0","0","5","0","","67","6","2020","2","39.98375","-75.166581","0839","6","0","0","0","0","0","0","0","0","","0","0","0","","","0","N","0","","39 59:01.500","","0","75 09:59.690","0","0","0","0","67301","0","0","0","N","0","0","0","1","67301","0","","6.0","","1","N","N","N","0","","0","0","1","","0","","","3","0","0","0","0","0","0","2","0","3","","03","","N","","","","","","","","","",""
"2020048763","2320","3","0","0","0","0","0","0","0","0","4","0","","67","6","2020","6","40.002576","-75.099728","2315","6","0","0","0","0","0","0","0","0","","0","0","0","","","0","","5","","40 00:09.273","","0","75 05:59.019","0","0","0","0","67301","0","0","0","N","0","0","0","2","67301","0","","1.0","","1","N","N","N","0","","0","0","0","","2","","","3","0","0","0","0","0","0","2","0","3","","","","N","","","","","","","","","",""
"2020056667","0835","2","0","0","0","0","0","0","0","0","5","0","","67","7","2020","7","39.985774","-75.162893","0831","6","0","0","0","0","0","1","0","0","","0","0","0","","","0","N","0","","39 59:08.787","","0","75 09:46.415","0","0","0","0","67301","0","0","0","N","0","0","0","1","67301","0","","6.0","","1","N","N","N","0","","0","0","2","","0","","","4","0","0","0","0","0","0","2","0","4","","03","","N","","","","","","","","","",""
"2020049935","1230","1","0","0","0","0","0","0","0","0","4","0","","67","6","2020","5","40.03968","-75.032767","2227","6","0","0","0","0","0","0","1","0","","0","0","0","","","1","N","0","","40 02:22.847","","0","75 01:57.961","3","0","0","1","67301","0","0","0","N","0","0","0","3","67301","0","","1.0","","1","N","N","N","0","","1","0","0","","0","","","2","1","0","0","0","0","0","2","0","2","","","","N","","","","","","","","","",""
"2020050404","0120","0","0","0","0","0","0","0","0","0","4","0","","67","6","2020","7","39.966748","-75.211089","0117","6","0","0","0","0","0","0","1","0","","0","0","0","","","0","","1","","39 58:00.292","","0","75 12:39.920","0","0","0","0","67301","0","0","0","N","0","0","0","2","67301","0","","1.0","","1","N","N","N","0","","0","0","2","","2","","","2","0","0","0","0","0","0","2","0","2","","","","N","","","","","","","","","",""
"2020050788","1725","2","0","0","0","0","0","0","0","0","4","0","","67","6","2020","1","39.986714","-75.172015","1704","6","0","0","0","0","0","0","0","0","","0","0","0","","","1","","1","","39 59:12.170","","0","75 10:19.254","3","0","0","0","67301","0","0","0","N","0","0","0","4","67301","0","","1.0","","1","N","N","N","0","","1","0","0","","3","","","2","1","0","0","0","0","0","2","0","2","","03","","N","","","","","","","","","",""
"2020091764","1910","0","0","0","0","0","0","1","0","0","4","1","","67","10","2020","7","39.978799","-75.210105","1900","6","0","0","0","0","0","0","0","0","","0","0","0","","","1","N","2","","39 58:43.676","","0","75 12:36.377","8","0","0","1","67301","0","0","0","N","0","0","0","2","67508","0","","1.0","","1","N","N","Y","0","","0","0","0","","3","","","2","1","0","0","0","1","0","2","0","2","","03","","N","","","","","","","","","",""
"2020058620","1600","1","0","0","0","0","0","0","0","0","4","0","","67","7","2020","4","40.054071","-75.155528","1600","6","0","0","0","0","0","0","0","0","","0","0","0","","","2","","1","","40 03:14.655","","0","75 09:19.899","3","0","0","0","67301","0","0","0","N","0","0","0","3","67301","1","","1.0","","1","N","N","N","0","","1","0","1","","3","","","2","2","0","0","0","0","1","2","0","2","","","","N","","","","","","","","","",""
"2020092715","2133","4","0","0","0","0","0","0","0","0","5","0","","67","10","2020","1","40.031275","-75.029953","2129","6","0","0","0","0","0","0","0","0","","0","0","0","","","1","N","0","","40 01:52.590","","0","75 01:47.830","4","0","0","0","67301","0","0","0","N","0","0","0","1","67301","1","","6.0","","1","N","N","N","0","","0","0","0","","0","","","4","1","0","0","0","0","0","2","0","4","","03","","N","","","","","","","","","",""
"2020056652","0159","2","0","0","0","0","0","0","0","0","4","0","","67","7","2020","7","39.942136","-75.222104","0149","6","0","0","0","0","0","0","0","0","","0","0","0","","","1","","1","","39 56:31.689","","0","75 13:19.574","8","0","0","0","67301","0","0","0","N","0","0","0","2","67301","0","","1.0","","1","N","N","N","0","","0","0","0","","3","","","2","1","0","0","0","1","0","2","0","2","","03","","N","","","","","","","","","",""
"2020103333","0044","1","0","0","0","0","0","0","0","0","5","0","45","67","11","2020","7","40.034251","-75.019671","0044","6","0","0","0","0","0","0","0","0","","0","0","0","","","0","N","0","","40 02:03.305","2","0","75 01:10.815","0","0","0","0","67301","0","0","0","N","0","0","0","2","68K01","0","","1.0","115.0","1","N","N","N","0","","0","0","1","","0","N","","2","0","0","0","0","0","0","2","0","2","","","Y","Y","2","1","N","N","Y","Y","N","N","Y","N"
"2020050403","1043","0","0","0","0","0","0","0","0","0","8","0","","67","6","2020","7","40.078653","-75.037153","1032","6","0","0","0","0","0","0","0","0","","0","0","0","","","1","N","0","","40 04:43.150","","0","75 02:13.750","3","0","0","0","67301","1","0","0","N","1","0","0","2","67301","0","","1.0","","1","N","N","N","0","","1","0","1","","0","","","2","1","0","0","0","0","0","2","0","1","","03","","N","","","","","","","","","",""
"2020103344","1748","2","0","0","0","0","0","0","0","0","4","0","","67","11","2020","1","39.957531","-75.159288","1740","6","0","0","0","0","0","0","0","0","","0","0","0","","","1","N","0","","39 57:27.111","","0","75 09:33.437","8","0","0","0","67301","0","0","0","N","0","0","0","2","68K01","0","","1.0","","1","N","N","N","0","","0","0","0","","0","","","2","1","0","0","0","1","0","2","0","2","","03","","N","","","","","","","","","",""
"2020050541","1836","1","0","0","0","0","0","0","0","0","7","0","","67","6","2020","3","39.970361","-75.124722","1836","6","0","0","0","0","0","0","0","0","","0","0","0","","","0","","7","","39 58:13.300","1","2","75 07:29.000","0","0","0","0","67301","0","0","0","Y","0","0","0","2","68K01","0","","7.0","1846.0","1","N","N","N","0","","0","0","0","","0","N","","1","0","0","0","0","0","0","2","0","1","","","","N","","","","","","","","","",""
"2020058346","0712","0","0","0","0","0","0","0","0","0","7","0","","67","7","2020","5","40.049167","-74.982389","0710","6","0","0","0","0","0","0","0","0","","0","0","0","","","0","N","0","","40 02:57.000","","0","74 58:56.600","0","0","0","0","67301","0","0","0","N","0","0","0","1","67301","0","","5.0","","1","N","N","Y","0","","0","0","1","","0","","","1","0","0","0","0","0","0","2","0","1","","","","N","","","","","","","","","",""
"2020057761","1110","1","0","0","0","0","0","0","0","0","1","0","","67","7","2020","2","40.007887","-75.1405","1100","6","0","0","0","0","0","0","1","0","","0","0","0","","","1","","5","","40 00:28.393","","0","75 08:25.800","3","0","0","0","67301","0","0","0","N","0","0","0","3","67301","0","","1.0","","1","N","N","N","0","","1","0","1","","2","","","3","1","0","0","0","0","0","2","0","3","","03","","N","","","","","","","","","",""
"2020056212","1542","2","0","0","0","0","0","0","0","0","1","0","","67","7","2020","5","40.071887","-75.084423","1539","6","0","0","0","0","0","0","0","0","","0","0","0","","","2","Y","0","","40 04:18.793","","0","75 05:03.921","3","0","0","0","67301","0","0","0","N","0","0","0","5","67301","0","","1.0","","1","N","N","N","0","","2","0","1","","0","","","3","2","0","0","0","0","0","2","0","3","","","","N","","","","","","","","","",""
"2020057680","2000","0","0","0","0","0","0","0","0","0","7","0","","67","7","2020","3","40.051915","-75.185401","2000","6","0","0","0","0","0","0","0","0","","0","0","0","","","0","N","0","","40 03:06.894","","0","75 11:07.445","0","0","0","0","67301","0","0","0","N","0","0","0","1","67301","0","","5.0","","1","N","N","N","0","","0","0","1","","2","","","1","0","0","0","0","0","0","2","0","1","","03","","N","","","","","","","","","",""
"2020087165","","1","0","0","0","0","0","0","0","0","5","0","","67","7","2020","7","40.031066","-75.104539","","6","0","0","0","0","0","0","0","0","","0","0","0","","","1","N","0","","40 01:51.838","","0","75 06:16.339","3","0","0","0","67301","0","0","0","N","0","0","0","2","00000","0","","1.0","","1","","","N","1","","1","0","0","","0","","","2","1","0","0","0","0","0","2","0","2","","","","N","","","","","","","","","",""
"2020048584","1826","1","0","0","0","0","0","0","0","0","4","0","","67","6","2020","1","39.985946","-75.161254","1821","6","0","0","0","0","1","0","0","0","","0","0","0","","","0","","1","","39 59:09.405","","0","75 09:40.514","0","0","0","0","67301","0","0","0","N","0","0","0","5","67301","0","","1.0","","1","N","N","Y","1","","0","0","1","","3","","","3","0","2","0","0","0","0","2","0","3","","03","","N","","","","","","","","","",""
"2020052130","1459","2","0","0","0","0","0","0","0","0","5","0","","67","6","2020","1","39.99395","-75.134322","1457","6","0","0","0","0","0","0","0","0","","0","0","0","","","1","N","0","","39 59:38.220","","0","75 08:03.560","3","0","0","0","67301","0","0","0","N","0","0","0","1","67301","0","","6.0","","1","N","N","N","0","","1","0","1","","0","","","3","1","1","0","0","0","0","2","0","3","","03","","N","","","","","","","","","",""
"2020051025","1744","1","0","0","0","0","0","0","0","0","4","0","","67","6","2020","6","39.955969","-75.160612","1738","6","0","0","0","0","0","1","0","0","","0","0","0","","","0","","1","","39 57:21.490","","1","75 09:38.204","0","0","0","0","67301","0","0","0","N","0","0","0","3","67301","0","","1.0","","1","N","N","N","0","","0","0","1","","2","","","2","0","0","0","0","0","0","2","0","2","","03","","N","","","","","","","","","",""
"2020048593","1636","0","0","0","0","0","0","0","0","0","4","0","","67","6","2020","3","40.053112","-75.13777","1634","6","0","0","0","0","0","0","0","0","","0","0","0","","","1","","1","","40 03:11.203","","0","75 08:15.971","8","0","0","0","67301","0","0","0","N","0","0","0","3","67301","0","","1.0","","1","N","N","N","0","","0","0","3","","2","","","3","1","0","0","0","1","0","2","0","3","","03","","N","","","","","","","","","",""