"CRN","ARRIVAL_TM","AUTOMOBILE_COUNT","BELTED_DEATH_COUNT","BELTED_SUSP_SERIOUS_INJ_COUNT","BICYCLE_COUNT","BICYCLE_DEATH_COUNT","BICYCLE_SUSP_SERIOUS_INJ_COUNT","BUS_COUNT","CHLDPAS_DEATH_COUNT","CHLDPAS_SUSP_SERIOUS_INJ_COUNT","COLLISION_TYPE","COMM_VEH_COUNT","CONS_ZONE_SPD_LIM","COUNTY","CRASH_MONTH","CRASH_YEAR","DAY_OF_WEEK","DEC_LATITUDE","DEC_LONGITUDE","DISPATCH_TM","DISTRICT","DRIVER_COUNT_16YR","DRIVER_COUNT_17YR","DRIVER_COUNT_18YR","DRIVER_COUNT_19YR","DRIVER_COUNT_20YR","DRIVER_COUNT_50_64YR","DRIVER_COUNT_65_74YR","DRIVER_COUNT_75PLUS","EST_HRS_CLOSED","FATAL_COUNT","HEAVY_TRUCK_COUNT","HORSE_BUGGY_COUNT","HOUR_OF_DAY","ILLUMINATION","INJURY_COUNT","INTERSECTION_RELATED","INTERSECT_TYPE","LANE_CLOSED","LATITUDE","LN_CLOSE_DIR","LOCATION_TYPE","LONGITUDE","MAX_SEVERITY_LEVEL","MCYCLE_DEATH_COUNT","MCYCLE_SUSP_SERIOUS_INJ_COUNT","MOTORCYCLE_COUNT","MUNICIPALITY","NONMOTR_COUNT","NONMOTR_DEATH_COUNT","NONMOTR_SUSP_SERIOUS_INJ_COUNT","NTFY_HIWY_MAINT","PED_COUNT","PED_DEATH_COUNT","PED_SUSP_SERIOUS_INJ_COUNT","PERSON_COUNT","POLICE_AGCY","POSSIBLE_INJ_COUNT","RDWY_SURF_TYPE_CD","RELATION_TO_ROAD","ROADWAY_CLEARED","ROAD_CONDITION","SCH_BUS_IND","SCH_ZONE_IND","SECONDARY_CRASH","SMALL_TRUCK_COUNT","SPEC_JURIS_CD","SUSP_MINOR_INJ_COUNT","SUSP_SERIOUS_INJ_COUNT","SUV_COUNT","TCD_FUNC_CD","TCD_TYPE","TFC_DETOUR_IND","TIME_OF_DAY","TOTAL_UNITS","TOT_INJ_COUNT","UNBELTED_OCC_COUNT","UNB_DEATH_COUNT","UNB_SUSP_SERIOUS_INJ_COUNT","UNK_INJ_DEG_COUNT","UNK_INJ_PER_COUNT","URBAN_RURAL","VAN_COUNT","VEHICLE_COUNT","WEATHER1","WEATHER2","WORKERS_PRES","WORK_ZONE_IND","WORK_ZONE_LOC","WORK_ZONE_TYPE","WZ_CLOSE_DETOUR","WZ_FLAGGER","WZ_LAW_OFFCR_IND","WZ_LN_CLOSURE","WZ_MOVING","WZ_OTHER","WZ_SHLDER_MDN","WZ_WORKERS_INJ_KILLED"
"2020049852","1825","1","0","0","0","0","0","0","0","0","8","0","","67","6","2020","5","39.971697","-75.224539","1815","6","0","0","0","0","0","0","0","0","","0","0","0","","","1","N","0","","39 58:18.110","","0","75 13:28.340","3","0","0","0","67301","1","0","0","N","1","0","0","2","67301","0","","1.0","","1","N","N","N","0","","1","0","0","","0","","","2","1","1","0","0","0","0","2","0","1","","03","","N","","","","","","","","","",""
"2020094025","1923","0","0","0","0","0","0","0","0","0","7","1","","67","10","2020","7","40.026958","-75.025528","1917","6","0","0","0","0","0","1","0","0","","0","1","0","","","1","N","0","","40 01:37.049","1","0","75 01:31.901","3","0","0","0","67301","0","0","0","N","0","0","0","2","68K01","0","","2.0","100.0","1","N","N","N","0","","1","0","0","","0","N","","1","1","0","0","0","0","0","2","0","1","","","","N","","","","","","","","","",""
"2020050028","0358","3","0","0","0","0","0","0","0","0","4","0","","67","6","2020","6","39.980232","-75.157588","0254","6","0","0","0","0","0","0","0","0","","0","0","0","","","3","","1","","39 58:48.836","5","99","75 09:27.318","3","0","0","0","67301","0","0","0","N","0","0","0","7","67301","0","","1.0","530.0","1","N","N","N","0","","3","0","0","","2","Y","","3","3","0","0","0","0","0","2","0","3","","","","N","","","","","","","","","",""
"2020049750","1938","1","0","0","0","0","0","0","0","0","4","0","","67","6","2020","4","40.005394","-75.109358","1938","6","0","0","0","0","0","0","0","0","","0","0","0","","","0","","1","","40 00:19.420","","0","75 06:33.689","0","0","0","0","67301","0","0","0","N","0","0","0","2","67301","0","","1.0","","1","N","N","N","0","","0","0","1","","2","","","2","0","0","0","0","0","0","2","0","2","","","","N","","","","","","","","","",""
"2020045271","1300","1","0","0","0","0","0","0","0","0","4","0","","67","6","2020","4","40.027194","-75.151242","1300","6","0","0","0","0","0","0","0","0","","0","0","0","","","1","","1","","40 01:37.898","","0","75 09:04.471","8","0","0","0","67301","0","0","0","N","0","0","0","3","67301","0","","1.0","","1","N","N","N","0","","0","0","1","","2","","","2","1","0","0","0","1","0","2","0","2","","","","N","","","","","","","","","",""
"2020048917","1716","1","0","0","0","0","0","0","0","0","4","0","","67","6","2020","2","40.043906","-75.078573","1712","6","0","0","0","0","1","1","0","0","","0","0","0","","","2","","1","","40 02:38.062","","0","75 04:42.861","3","0","0","0","67301","0","0","0","N","0","0","0","3","67301","0","","1.0","","1","N","N","N","1","","2","0","0","","3","","","2","2","0","0","0","0","0","2","0","2","","","","N","","","","","","","","","",""
"2020056351","1832","0","0","0","1","0","0","0","0","0","8","0","","67","7","2020","5","39.980276","-75.214197","1828","6","0","0","0","0","0","0","0","0","","0","0","0","","","1","","1","","39 58:48.993","","0","75 12:51.108","3","0","0","0","67301","1","0","0","N","0","0","0","2","67301","0","","1.0","","1","N","N","N","0","","1","0","0","","2","","","2","1","0","0","0","0","0","2","0","1","","03","","N","","","","","","","","","",""
"2020049849","2120","1","0","0","0","0","0","0","0","0","4","0","","67","6","2020","4","39.9593","-75.225008","2118","6","0","0","0","0","0","0","0","0","","0","0","0","","","1","N","0","","39 57:33.481","","0","75 13:30.028","2","0","1","1","67301","0","0","0","N","0","0","0","2","67301","0","","1.0","","1","N","N","N","0","","0","1","0","","0","","","2","1","0","0","0","0","0","2","0","2","","03","","N","","","","","","","","","",""
"2020050259","1644","1","0","0","0","0","0","0","0","0","7","0","","67","6","2020","4","39.892269","-75.242281","1644","6","0","0","0","0","0","0","0","0","","0","0","0","","","1","","2","","39 53:32.170","","0","75 14:32.210","3","0","0","0","67301","0","0","0","N","0","0","0","1","67301","0","","4.0","","1","N","N","N","0","","1","0","0","","2","","","1","1","0","0","0","0","0","2","0","1","","03","","N","","","","","","","","","",""
"2020093186","2045","1","0","0","0","0","0","1","0","0","5","1","","67","11","2020","3","39.949607","-75.199671","2036","6","0","0","0","0","0","0","0","0","","0","0","0","","","0","","3","","39 56:58.586","","0","75 11:58.815","0","0","0","0","67301","0","0","0","N","0","0","0","3","67504","0","","1.0","","1","N","N","N","0","","0","0","0","","2","","","2","0","0","0","0","0","0","2","0","2","","03","","N","","","","","","","","","",""
"2020103330","1910","1","0","0","0","0","0","0","0","0","5","0","","67","11","2020","6","39.898841","-75.170987","1904","6","0","0","0","0","0","0","0","0","","0","0","0","","","0","N","6","","39 53:55.828","","2","75 10:15.552","9","0","0","0","67301","0","0","0","N","0","0","0","2","68K01","0","","1.0","","1","N","N","N","1","","0","0","0","","3","","","2","0","0","0","0","0","1","2","0","2","","03","","N","","","","","","","","","",""
"2020104448","1021","1","0","0","0","0","0","0","0","0","98","0","","67","11","2020","7","39.998364","-75.19585","1009","6","0","0","0","0","0","0","0","1","","0","0","0","","","0","N","0","","39 59:54.109","","0","75 11:45.059","0","0","0","0","67301","0","0","0","N","0","0","0","1","68K01","0","","1.0","","1","N","N","N","0","","0","0","0","","0","","","1","0","0","0","0","0","0","2","0","1","","","","N","","","","","","","","","",""
"2020089089","1506","1","0","0","0","0","0","0","0","0","6","0","","67","10","2020","3","39.976535","-75.11441","1414","6","0","0","0","0","0","0","0","0","","0","0","0","","","2","N","0","","39 58:35.527","","0","75 06:51.877","8","0","0","0","67301","0","0","0","N","0","0","0","4","68K01","0","","1.0","","1","N","N","N","0","","0","0","1","","0","","","2","2","0","0","0","2","0","2","0","2","","03","","N","","","","","","","","","",""
"2020056747","1840","0","0","0","0","0","0","0","0","0","4","0","","67","7","2020","6","39.944846","-75.166982","1834","6","0","0","0","0","0","0","0","0","","0","0","0","","","2","","1","","39 56:41.445","4","0","75 10:01.135","8","0","0","0","67301","0","0","0","N","0","0","0","4","67301","0","","1.0","30.0","1","N","N","N","0","","0","0","2","","2","Y","","2","2","0","0","0","2","0","2","0","2","","","","N","","","","","","","","","",""
"2020094035","2007","3","0","0","0","0","0","0","0","0","1","0","50","67","10","2020","2","39.941903","-75.194062","2007","6","0","0","0","0","0","0","0","0","","0","0","0","","","1","N","0","","39 56:30.852","","0","75 11:38.623","3","0","0","0","67301","0","0","0","N","0","0","0","4","68K01","0","","1.0","","9","N","N","N","0","","1","0","1","","0","","","4","1","0","0","0","0","0","2","0","4","","","Y","Y","2","1","N","N","Y","Y","N","N","N","N"
"2020051918","1727","1","0","0","1","0","0","0","0","0","8","0","","67","6","2020","6","39.945","-75.230139","1724","6","0","0","0","0","0","0","1","0","","0","0","0","","","1","","2","","39 56:42.000","","0","75 13:48.500","3","0","0","0","67301","1","0","0","N","0","0","0","2","67301","0","","1.0","","1","N","N","N","0","","1","0","0","","0","","","2","1","1","0","0","0","0","2","0","1","","03","","N","","","","","","","","","",""
"2020051369","1610","1","0","0","0","0","0","0","0","0","8","0","","67","6","2020","6","40.000167","-75.223083","1610","6","0","0","0","0","0","0","0","0","","0","0","0","","","1","","3","","40 00:00.600","","0","75 13:23.100","8","0","0","0","67301","1","0","0","N","1","0","0","2","67301","0","","1.0","","1","N","N","N","0","","0","0","0","","9","","","2","1","0","0","0","1","1","2","0","1","","03","","N","","","","","","","","","",""
"2020092377","2034","1","0","0","0","0","0","0","0","0","7","0","","67","10","2020","7","40.027078","-75.114784","2014","6","0","0","0","0","0","0","0","0","","0","0","0","","","0","N","0","","40 01:37.480","2","0","75 06:53.224","0","0","0","0","67301","0","0","0","N","0","0","0","0","67301","0","","5.0","2136.0","1","N","N","N","0","","0","0","0","","0","N","","1","0","0","0","0","0","0","2","0","1","","","","N","","","","","","","","","",""
"2020057760","1815","2","0","0","0","0","0","0","0","0","4","0","","67","7","2020","1","40.00128","-75.126054","1757","6","0","0","0","0","0","1","0","0","","0","0","0","","","1","","1","","40 00:04.608","","0","75 07:33.794","3","0","0","0","67301","0","0","0","N","0","0","0","3","67301","0","","1.0","","99","N","N","N","0","","1","0","0","","3","","","2","1","0","0","0","0","2","2","0","2","","","","N","","","","","","","","","",""
"2020050333","1820","0","0","0","0","0","0","0","0","0","8","0","","67","6","2020","7","39.946554","-75.180526","1802","6","0","0","0","0","0","0","0","0","","0","0","0","","","1","","1","","39 56:47.594","","0","75 10:49.893","8","0","0","0","67301","1","0","0","N","1","0","0","2","67301","0","","1.0","","1","N","N","N","1","","0","0","0","","2","","","2","1","0","0","0","1","0","2","0","1","","","","N","","","","","","","","","",""
"2020103668","0156","1","0","0","0","0","0","0","0","0","1","0","","67","11","2020","5","39.982775","-75.20784","0155","6","0","0","0","0","0","0","0","0","","0","0","0","","","1","N","0","","39 58:57.991","","0","75 12:28.224","3","0","0","0","67301","0","0","0","N","0","0","0","3","68K01","0","","1.0","","9","N","N","N","0","","1","0","0","","0","","","2","1","1","0","0","0","1","2","0","2","","","","N","","","","","","","","","",""
"2020093672","0845","1","0","0","0","0","0","0","0","0","1","1","","67","11","2020","4","39.920658","-75.197597","0839","6","0","1","0","0","0","1","0","0","","0","1","0","","","1","N","0","","39 55:14.368","","3","75 11:51.350","3","0","0","0","67301","0","0","0","N","0","0","0","2","67301","0","","1.0","","1","N","N","N","0","","1","0","0","","0","","","2","1","0","0","0","0","0","2","0","2","","03","","N","","","","","","","","","",""
"2020050339","1721","3","0","0","0","0","0","0","0","0","4","0","","67","6","2020","6","39.981053","-75.163931","1721","6","0","0","0","0","0","0","0","0","","0","0","0","","","0","","1","","39 58:51.790","1","0","75 09:50.150","0","0","0","0","67301","0","0","0","N","0","0","0","2","67301","0","","1.0","1800.0","1","N","N","N","0","","0","0","0","","3","Y","","3","0","1","0","0","0","0","2","0","3","","03","","N","","","","","","","","","",""
"2020102868","2335","1","0","0","0","0","0","0","0","0","7","0","","67","11","2020","1","40.017218","-75.173747","2333","6","0","0","0","0","0","0","0","0","","0","0","0","","","0","N","0","","40 01:01.983","","0","75 10:25.488","0","0","0","0","67301","0","0","0","N","0","0","0","1","67301","0","","4.0","","1","N","N","N","0","","0","0","0","","8","","","1","0","0","0","0","0","0","2","0","1","","03","","N","","","","","","","","","",""
"2020056749","1145","3","0","0","0","0","0","0","0","0","5","0","","67","7","2020","7","40.021533","-75.163136","1139","6","0","0","0","0","0","1","0","0","","0","0","0","","","1","N","0","","40 01:17.520","4","0","75 09:47.290","8","0","0","0","67301","0","0","0","N","0","0","0","3","67301","0","","1.0","100.0","1","N","N","N","0","","0","0","1","","0","N","","4","1","0","0","0","1","0","2","0","4","","","","N","","","","","","","","","",""
"2020103182","1536","1","0","0","0","0","0","0","0","0","7","0","","67","11","2020","2","40.028949","-75.089525","1531","6","0","0","0","0","0","0","0","0","","1","0","0","","","1","N","1","","40 01:44.217","6","0","75 05:22.290","1","0","0","0","67301","0","0","0","N","0","0","0","2","67301","0","2","3.0","1752.0","1","N","N","N","0","0","0","1","0","","2","Y","","1","1","1","1","0","0","0","2","0","1","","03","","N","","","","","","","","","",""
"2020058040","0652","1","0","0","0","0","0","0","0","0","1","0","","67","7","2020","5","39.956685","-75.198133","0652","6","0","0","0","0","1","1","0","0","","0","0","0","","","2","","1","","39 57:24.066","","0","75 11:53.278","8","0","0","0","67301","0","0","0","N","0","0","0","2","67504","0","","1.0","","1","N","N","N","0","","0","0","1","","1","N","","2","2","0","0","0","2","0","2","0","2","","03","","N","","","","","","","","","",""
"2020057015","1816","0","0","0","0","0","0","0","0","0","8","0","","67","7","2020","1","40.043453","-75.175314","1810","6","0","0","0","0","0","0","0","0","","0","0","0","","","1","N","0","","40 02:36.430","","0","75 10:31.130","8","0","0","0","67301","1","0","0","N","1","0","0","2","67301","0","","1.0","","1","N","N","N","0","","0","0","1","","0","","","2","1","0","0","0","1","0","2","0","1","","","","N","","","","","","","","","",""
"2020103296","1622","1","0","0","0","0","0","0","0","0","1","0","","67","11","2020","2","39.958471","-75.167551","1618","6","0","0","0","0","0","1","2","0","","0","0","0","","","0","N","0","","39 57:30.496","3","0","75 10:03.184","0","0","0","0","67301","0","0","0","N","0","0","0","3","68K01","0","","1.0","1625.0","1","N","N","N","1","","0","0","1","","0","N","","3","0","0","0","0","0","0","2","0","3","","03","","N","","","","","","","","","",""
"2020058420","1939","2","0","0","0","0","0","0","0","0","1","0","","67","7","2020","5","39.894555","-75.229568","1933","6","0","0","0","0","0","0","0","0","","0","0","0","","","0","N","2","","39 53:40.398","","0","75 13:46.445","9","0","0","0","67301","0","0","0","N","0","0","0","2","67301","0","","1.0","","1","N","N","N","0","","0","0","0","","2","","","2","0","0","0","0","0","1","2","0","2","","03","","N","","","","","","","","","",""
"2020057746","1500","0","0","0","0","0","0","0","0","0","7","0","","67","7","2020","7","39.932353","-75.218997","1423","6","0","0","0","0","0","0","0","0","","0","0","0","","","2","N","0","","39 55:56.470","6","1","75 13:08.390","4","0","0","0","67301","0","0","0","N","0","0","0","2","67301","2","","4.0","1600.0","1","N","N","N","0","","0","0","1","","0","N","","2","2","0","0","0","0","0","2","0","1","","03","","N","","","","","","","","","",""
"2020104060","0740","1","0","0","0","0","0","1","0","0","1","1","","67","11","2020","1","39.943837","-75.237832","0730","6","0","0","0","0","0","0","0","0","","0","0","0","","","1","","1","","39 56:37.813","","0","75 14:16.195","4","0","0","0","67301","0","0","0","N","0","0","0","2","67508","1","","1.0","","9","N","N","Y","0","","0","0","0","","2","","","2","1","0","0","0","0","0","2","0","2","","07","","N","","","","","","","","","",""
"2020063265","1355","1","0","0","0","0","0","0","0","0","7","0","","67","7","2020","6","39.926173","-75.194408","1343","6","0","0","0","0","0","0","1","0","","0","0","0","","","1","N","0","","39 55:34.222","3","0","75 11:39.870","8","0","0","0","67301","0","0","0","N","0","0","0","1","68K01","0","","4.0","1430.0","1","N","N","N","0","","0","0","0","","0","N","","1","1","0","0","0","1","0","2","0","1","","","","N","","","","","","","","","",""
"2020103299","1902","0","0","0","0","0","0","0","0","0","7","0","","67","11","2020","2","39.963215","-75.18391","1855","6","0","0","0","0","0","0","0","0","","0","0","0","","","0","N","0","","39 57:47.575","","0","75 11:02.075","0","0","0","0","67301","0","0","0","N","0","0","0","1","68K01","0","","4.0","","1","N","N","N","0","","0","0","0","","0","","","1","0","0","0","0","0","0","2","1","1","","03","","N","","","","","","","","","",""
"2020081934","1040","0","0","0","1","0","1","0","0","0","8","0","","67","7","2020","3","40.000432","-75.143168","1033","6","0","0","0","0","0","0","0","0","","0","0","0","","","1","N","0","","40 00:01.554","","0","75 08:35.403","2","0","0","0","67301","1","0","1","N","0","0","0","2","67301","0","","1.0","","1","N","N","N","0","","0","1","0","","0","","","2","1","0","0","0","0","0","2","0","1","","03","","N","","","","","","","","","",""
"2020058619","1719","1","0","0","0","0","0","0","0","0","4","0","","67","7","2020","5","39.950707","-75.22886","1717","6","0","0","0","0","0","0","0","0","","0","0","0","","","0","","1","","39 57:02.545","","0","75 13:43.896","0","0","0","0","67301","0","0","0","N","0","0","0","3","67301","0","","1.0","","1","N","N","N","0","","0","0","1","","0","","","2","0","0","0","0","0","0","2","0","2","","","","N","","","","","","","","","",""
"2020058423","1024","2","0","0","0","0","0","0","0","0","1","0","","67","7","2020","5","40.034739","-75.033022","1021","6","0","0","0","0","0","0","0","0","","0","0","0","","","0","N","0","","40 02:05.060","","0","75 01:58.880","0","0","0","0","67301","0","0","0","N","0","0","0","2","67301","0","","1.0","","1","N","N","N","0","","0","0","0","","0","","","2","0","0","0","0","0","0","2","0","2","","","","N","","","","","","","","","",""
"2020102387","1406","1","0","0","0","0","0","0","0","0","1","0","","67","11","2020","5","39.973456","-75.119565","1406","6","0","0","0","0","0","0","0","0","","0","0","0","","","4","N","0","","39 58:24.443","1","0","75 07:10.433","8","0","0","0","67301","0","0","0","N","0","0","0","4","68K01","0","","1.0","1430.0","1","N","N","N","0","","0","0","1","","0","N","","2","4","0","0","0","4","0","2","0","2","","03","","N","","","","","","","","","",""
"2020058398","0428","0","0","0","0","0","0","0","0","0","5","0","","67","7","2020","6","39.983387","-75.15813","0428","6","0","0","0","0","0","0","0","0","","0","0","0","","","2","N","0","","39 59:00.194","4","0","75 09:29.267","8","0","0","0","67301","0","0","0","N","0","0","0","2","67505","0","","6.0","700.0","9","N","N","N","1","","0","0","1","","0","Y","","2","2","0","0","0","2","0","2","0","2","","","","N","","","","","","","","","",""
"2020104034","1650","2","0","0","0","0","0","0","0","0","5","0","","67","12","2020","4","40.010704","-75.184111","1646","6","0","0","0","0","0","1","0","0","","0","0","0","","","0","N","0","","40 00:38.534","","0","75 11:02.801","9","0","0","0","67301","0","0","0","N","0","0","0","2","67301","0","","1.0","","1","N","N","N","0","","0","0","0","","0","","","2","0","0","0","0","0","1","2","0","2","","03","","N","","","","","","","","","",""
"2020059482","1237","1","0","0","0","0","0","0","0","0","1","0","","67","7","2020","6","39.959449","-75.174418","1227","6","0","0","0","0","0","0","0","0","","0","0","0","","","1","N","0","","39 57:34.016","","0","75 10:27.905","4","0","0","0","67301","0","0","0","N","0","0","0","3","68K01","1","","1.0","","1","N","N","N","1","","0","0","1","","0","","","3","1","0","0","0","0","0","2","0","3","","","","N","","","","","","","","","",""
"2020062690","1725","1","0","0","1","0","0","0","0","0","8","0","","67","8","2020","2","39.926711","-75.225994","1705","6","0","0","0","0","0","0","0","0","","0","0","0","","","1","N","0","","39 55:36.160","","0","75 13:33.580","3","0","0","0","67301","1","0","0","N","0","0","0","2","67301","0","","1.0","","1","N","N","N","0","","1","0","0","","0","","","2","1","0","0","0","0","0","2","0","1","","03","","N","","","","","","","","","",""
"2020057752","0915","1","0","0","0","0","0","0","0","0","4","0","","67","7","2020","3","40.038119","-75.054634","0904","6","0","0","0","0","0","0","0","0","","0","0","0","","","0","","1","","40 02:17.228","","0","75 03:16.682","0","0","0","0","67301","0","0","0","N","0","0","0","2","67301","0","","1.0","","1","N","N","N","1","","0","0","0","","2","","","2","0","0","0","0","0","0","2","0","2","","","","N","","","","","","","","","",""
"2020103818","1458","0","0","0","0","0","0","0","0","0","1","0","","67","11","2020","1","39.891255","-75.199195","1449","6","0","0","0","0","0","0","0","0","","0","0","0","","","1","N","0","","39 53:28.517","","0","75 11:57.103","3","0","0","0","67301","0","0","0","N","0","0","0","2","68K01","0","","1.0","","1","N","N","N","1","","1","0","1","","0","","","2","1","0","0","0","0","0","2","0","2","","","","N","","","","","","","","","",""
"2020057134","0942","1","0","0","0","0","0","0","0","0","4","0","","67","7","2020","7","40.024334","-75.132348","0940","6","0","0","0","0","0","1","0","0","","0","0","0","","","4","","2","","40 01:27.602","","0","75 07:56.452","3","0","0","0","67301","0","0","0","N","0","0","0","5","67301","0","","1.0","","1","N","N","N","0","","4","0","1","","3","","","2","4","1","0","0","0","1","2","0","2","","","","N","","","","","","","","","",""
"2020096867","1025","1","0","0","0","0","0","0","0","0","1","0","","67","11","2020","6","39.955857","-75.204053","1023","6","0","0","0","0","0","1","0","0","","0","0","0","","","1","N","0","","39 57:21.084","","0","75 12:14.590","3","0","0","0","67301","0","0","0","N","0","0","0","2","67504","0","","1.0","","9","N","N","N","0","","1","0","1","","0","","","2","1","0","0","0","0","1","2","0","2","","07","","N","","","","","","","","","",""
"2020103014","1746","1","0","0","0","0","0","0","0","0","4","0","","67","11","2020","2","40.008621","-75.068836","1743","6","0","0","0","0","0","0","0","0","","0","0","0","","","4","","1","","40 00:31.034","5","0","75 04:07.810","3","0","0","0","67301","0","0","0","N","0","0","0","5","67301","2","","1.0","2000.0","9","N","N","N","0","","2","0","1","","2","N","","2","4","4","0","0","0","0","2","0","2","","07","","N","","","","","","","","","",""
"2020104032","2024","2","0","0","0","0","0","0","0","0","1","0","","67","12","2020","4","39.984747","-75.168658","2024","6","0","0","0","0","0","0","0","0","","0","0","0","","","0","N","0","","39 59:05.090","","0","75 10:07.170","0","0","0","0","67301","0","0","0","N","0","0","0","1","67301","0","","1.0","","1","N","N","N","0","","0","0","0","","0","","","2","0","1","0","0","0","0","2","0","2","","03","","N","","","","","","","","","",""
"2020056643","1050","1","0","0","0","0","0","0","0","0","4","0","","67","7","2020","5","40.033531","-75.085331","1045","6","0","0","0","0","0","0","0","0","","0","0","0","","","2","","1","","40 02:00.711","7","0","75 05:07.191","3","0","0","0","67301","0","0","0","N","0","0","0","3","67301","1","","1.0","1100.0","1","N","N","N","0","","1","0","0","","2","N","","2","2","0","0","0","0","0","2","1","2","","03","","N","","","","","","","","","",""
"2020057847","1910","0","0","0","1","0","0","0","0","0","8","0","","67","7","2020","3","39.918338","-75.162396","1908","6","0","0","0","0","0","0","0","0","","0","0","0","","","1","","1","","39 55:06.016","","0","75 09:44.625","3","0","0","0","67301","1","0","0","N","0","0","0","2","67301","0","","1.0","","1","N","N","N","0","","1","0","1","","3","","","2","1","0","0","0","0","0","2","0","1","","03","","N","","","","","","","","","",""
"2020056931","1550","1","0","0","0","0","0","0","0","0","6","0","","67","7","2020","7","40.000236","-75.142286","1545","6","0","0","0","0","0","0","0","0","","0","0","0","","","1","N","0","","40 00:00.851","","0","75 08:32.231","3","0","0","0","67301","0","0","0","N","0","0","0","2","67301","0","","1.0","","1","N","N","N","0","","1","0","1","","0","","","2","1","0","0","0","0","0","2","0","2","","03","","N","","","","","","","","","",""
"2020103920","0235","1","0","0","0","0","0","0","0","0","1","0","","67","11","2020","1","40.032136","-75.178519","0225","6","0","0","0","0","0","0","0","0","","0","0","0","","","0","N","0","","40 01:55.690","","0","75 10:42.670","9","0","0","0","67301","0","0","0","N","0","0","0","1","67301","0","","6.0","","1","N","N","N","0","","0","0","1","","0","","","2","0","0","0","0","0","1","2","0","2","","03","","N","","","","","","","","","",""
"2020089164","1538","0","0","0","0","0","0","0","0","0","8","0","","67","10","2020","6","39.988753","-75.133386","1525","6","0","0","0","0","0","0","0","0","","0","0","0","","","1","N","0","","39 59:19.510","","0","75 08:00.190","8","0","0","0","67301","1","0","0","N","1","0","0","2","67301","0","","1.0","","1","N","N","N","0","","0","0","0","","0","","","2","1","0","0","0","1","0","2","0","1","","03","","N","","","","","","","","","",""
"2020059494","1823","2","0","0","0","0","0","0","0","0","1","0","45","67","7","2020","7","40.021066","-75.042054","1821","6","0","0","0","0","0","0","2","0","","0","0","0","","","2","N","0","","40 01:15.837","2","3","75 02:31.395","3","0","0","0","67301","0","0","0","N","0","0","0","4","68K01","0","","1.0","20.0","1","N","N","N","0","","2","0","1","","0","N","","3","2","0","0","0","0","0","2","0","3","","","N","Y","2","1","","","N","Y","","","Y","N"
"2020056726","2116","1","0","0","0","0","0","0","0","0","1","0","","67","7","2020","7","39.981721","-75.157139","2116","6","0","0","1","0","0","0","0","0","","0","0","0","","","0","N","0","","39 58:54.196","","0","75 09:25.700","0","0","0","0","67301","0","0","0","N","0","0","0","2","67505","0","","1.0","","1","N","N","N","1","","0","0","0","","2","","","2","0","0","0","0","0","0","2","0","2","","03","","N","","","","","","","","","",""
"2020059025","2210","1","0","0","0","0","0","0","0","0","5","0","","67","7","2020","5","40.043526","-75.148675","2210","6","0","0","0","0","0","0","0","0","","0","0","0","","","1","","1","","40 02:36.693","","0","75 08:55.229","4","0","0","0","67301","0","0","0","N","0","0","0","2","67301","1","","1.0","","1","N","N","Y","0","","0","0","2","","3","","","3","1","1","0","0","0","0","2","0","3","","03","","N","","","","","","","","","",""
"2020101461","2200","1","0","0","0","0","0","0","0","0","7","0","","67","11","2020","3","40.059","-75.243278","2156","6","0","0","0","0","0","0","0","0","","1","0","0","","","1","N","0","","40 03:32.400","","0","75 14:35.800","1","0","0","0","67301","0","0","0","N","0","0","0","2","67301","0","2","4.0","","1","N","N","N","0","0","1","0","0","","0","","","1","1","0","0","0","0","0","2","0","1","","03","","N","","","","","","","","","",""
"2020057656","0110","1","0","0","0","0","0","0","0","0","6","0","","67","7","2020","2","40.031934","-75.063407","0105","6","0","0","0","0","0","0","0","0","","0","0","0","","","0","N","0","","40 01:54.961","1","0","75 03:48.265","0","0","0","0","67301","0","0","0","N","0","0","0","1","67301","0","","6.0","225.0","1","N","N","N","0","","0","0","1","","0","N","","2","0","1","0","0","0","0","2","0","2","","","","N","","","","","","","","","",""
"2020057291","1605","2","0","0","0","0","0","0","0","0","1","0","","67","7","2020","2","39.944558","-75.164386","1557","6","0","0","0","0","0","1","0","0","","0","0","0","","","2","N","0","","39 56:40.410","4","0","75 09:51.790","3","0","0","0","67301","0","0","0","N","0","0","0","4","67301","0","","1.0","100.0","1","N","N","Y","0","","2","0","1","","2","N","","3","2","0","0","0","0","0","2","0","3","","03","","N","","","","","","","","","",""
"2020056654","0753","1","0","0","0","0","0","0","0","0","4","0","","67","7","2020","6","40.033228","-75.054291","0751","6","0","0","0","0","0","0","0","0","","0","0","0","","","0","","1","","40 01:59.620","","0","75 03:15.447","0","0","0","0","67301","0","0","0","N","0","0","0","2","67301","0","","1.0","","1","N","N","N","0","","0","0","0","","3","","","2","0","0","0","0","0","0","2","1","2","","03","","N","","","","","","","","","",""
"2020059288","1520","0","0","0","0","0","0","0","0","0","3","0","","67","7","2020","1","39.921508","-75.17037","1515","6","0","0","0","0","0","1","0","0","","0","0","0","","","1","N","0","","39 55:17.429","2","7","75 10:13.332","4","0","0","0","67301","0","0","0","N","0","0","0","5","67301","1","","1.0","1600.0","1","N","N","N","0","","0","0","0","","0","N","","2","1","1","0","0","0","0","2","2","2","","03","","N","","","","","","","","","",""