"CRN","ARRIVAL_TM","AUTOMOBILE_COUNT","BELTED_DEATH_COUNT","BELTED_SUSP_SERIOUS_INJ_COUNT","BICYCLE_COUNT","BICYCLE_DEATH_COUNT","BICYCLE_SUSP_SERIOUS_INJ_COUNT","BUS_COUNT","CHLDPAS_DEATH_COUNT","CHLDPAS_SUSP_SERIOUS_INJ_COUNT","COLLISION_TYPE","COMM_VEH_COUNT","CONS_ZONE_SPD_LIM","COUNTY","CRASH_MONTH","CRASH_YEAR","DAY_OF_WEEK","DEC_LATITUDE","DEC_LONGITUDE","DISPATCH_TM","DISTRICT","DRIVER_COUNT_16YR","DRIVER_COUNT_17YR","DRIVER_COUNT_18YR","DRIVER_COUNT_19YR","DRIVER_COUNT_20YR","DRIVER_COUNT_50_64YR","DRIVER_COUNT_65_74YR","DRIVER_COUNT_75PLUS","EST_HRS_CLOSED","FATAL_COUNT","HEAVY_TRUCK_COUNT","HORSE_BUGGY_COUNT","HOUR_OF_DAY","ILLUMINATION","INJURY_COUNT","INTERSECTION_RELATED","INTERSECT_TYPE","LANE_CLOSED","LATITUDE","LN_CLOSE_DIR","LOCATION_TYPE","LONGITUDE","MAX_SEVERITY_LEVEL","MCYCLE_DEATH_COUNT","MCYCLE_SUSP_SERIOUS_INJ_COUNT","MOTORCYCLE_COUNT","MUNICIPALITY","NONMOTR_COUNT","NONMOTR_DEATH_COUNT","NONMOTR_SUSP_SERIOUS_INJ_COUNT","NTFY_HIWY_MAINT","PED_COUNT","PED_DEATH_COUNT","PED_SUSP_SERIOUS_INJ_COUNT","PERSON_COUNT","POLICE_AGCY","POSSIBLE_INJ_COUNT","RDWY_SURF_TYPE_CD","RELATION_TO_ROAD","ROADWAY_CLEARED","ROAD_CONDITION","SCH_BUS_IND","SCH_ZONE_IND","SECONDARY_CRASH","SMALL_TRUCK_COUNT","SPEC_JURIS_CD","SUSP_MINOR_INJ_COUNT","SUSP_SERIOUS_INJ_COUNT","SUV_COUNT","TCD_FUNC_CD","TCD_TYPE","TFC_DETOUR_IND","TIME_OF_DAY","TOTAL_UNITS","TOT_INJ_COUNT","UNBELTED_OCC_COUNT","UNB_DEATH_COUNT","UNB_SUSP_SERIOUS_INJ_COUNT","UNK_INJ_DEG_COUNT","UNK_INJ_PER_COUNT","URBAN_RURAL","VAN_COUNT","VEHICLE_COUNT","WEATHER1","WEATHER2","WORKERS_PRES","WORK_ZONE_IND","WORK_ZONE_LOC","WORK_ZONE_TYPE","WZ_CLOSE_DETOUR","WZ_FLAGGER","WZ_LAW_OFFCR_IND","WZ_LN_CLOSURE","WZ_MOVING","WZ_OTHER","WZ_SHLDER_MDN","WZ_WORKERS_INJ_KILLED"
"2020058849","2308","0","0","0","0","0","0","0","0","0","5","0","","67","7","2020","5","40.006291","-75.11628","2308","6","0","0","0","0","0","1","0","0","","0","0","0","","","0","N","0","","40 00:22.647","","0","75 06:58.607","9","0","0","0","67301","0","0","0","N","0","0","0","1","67301","0","","6.0","","1","N","N","N","0","","0","0","2","","0","","","3","0","0","0","0","0","1","2","1","3","","","","N","","","","","","","","","",""
"2020056932","1726","1","0","0","1","0","0","0","0","0","8","0","","67","7","2020","7","39.968841","-75.136192","1724","6","0","0","0","0","0","0","0","0","","0","0","0","","","1","","1","","39 58:07.829","","1","75 08:10.292","8","0","0","0","67301","1","0","0","N","0","0","0","2","67301","0","","1.0","","1","N","N","N","0","","0","0","0","","2","","","2","1","1","0","0","1","0","2","0","1","","03","","N","","","","","","","","","",""
"2020057678","2256","1","0","0","0","0","0","0","0","0","4","0","","67","7","2020","1","39.955372","-75.155889","2253","6","0","0","0","0","0","0","0","0","","0","0","0","","","0","","1","","39 57:19.340","","0","75 09:21.200","0","0","0","0","67301","0","0","0","N","0","0","0","3","67301","0","","1.0","","1","N","N","N","0","","0","0","1","","2","","","2","0","0","0","0","0","0","2","0","2","","03","","N","","","","","","","","","",""
"2020104685","1950","2","0","0","0","0","0","0","0","0","1","0","","67","12","2020","4","40.029122","-75.089918","1947","6","0","0","0","0","0","0","0","0","","0","0","0","","","1","","5","","40 01:44.838","2","6","75 05:23.706","8","0","0","0","67301","0","0","0","N","0","0","0","2","67301","0","","1.0","20.0","1","N","N","N","0","","0","0","0","","2","N","","2","1","0","0","0","1","0","2","0","2","","03","","N","","","","","","","","","",""
"2020059382","1011","0","0","0","0","0","0","0","0","0","7","0","","67","7","2020","5","39.887434","-75.204445","1003","6","0","0","0","0","0","0","1","0","","0","0","0","","","0","N","0","","39 53:14.763","2","0","75 12:16.003","0","0","0","0","67301","0","0","0","N","0","0","0","1","68K01","0","","4.0","45.0","9","N","N","N","1","","0","0","0","","0","N","","1","0","0","0","0","0","0","2","0","1","","","","N","","","","","","","","","",""
"2020059198","1047","0","0","0","0","0","0","0","0","0","0","0","","67","7","2020","5","39.909111","-75.151667","1046","6","0","0","0","0","0","1","0","0","","0","0","0","","","0","N","0","","39 54:32.800","4","3","75 09:06.000","0","0","0","0","67301","0","0","0","N","0","0","0","3","67501","0","","1.0","1155.0","1","N","N","N","0","","0","0","1","","8","N","","1","0","0","0","0","0","0","2","0","1","","03","","N","","","","","","","","","",""
"2020103181","1546","1","0","0","0","0","0","0","0","0","4","0","","67","11","2020","1","39.897624","-75.252377","1534","6","0","1","0","0","0","0","0","0","","0","0","0","","","0","","1","","39 53:51.445","","0","75 15:08.556","0","0","0","0","67301","0","0","0","N","0","0","0","3","67301","0","","1.0","","1","N","N","N","0","","0","0","1","","2","","","2","0","0","0","0","0","0","2","0","2","","","","N","","","","","","","","","",""
"2020059023","2335","2","0","0","0","0","0","0","0","0","1","0","","67","7","2020","5","40.006283","-75.193957","2235","6","0","0","0","0","0","1","0","0","","0","0","0","","","0","N","0","","40 00:22.618","3","8","75 11:38.245","0","0","0","0","67301","0","0","0","N","0","0","0","3","67301","0","","1.0","2300.0","1","N","N","N","0","","0","0","0","","0","N","","2","0","0","0","0","0","0","2","0","2","","03","","N","","","","","","","","","",""
"2020104070","1944","0","0","0","0","0","0","0","0","0","1","0","","67","11","2020","1","39.959447","-75.174404","1934","6","0","1","0","0","0","1","0","0","","0","0","0","","","0","N","0","","39 57:34.010","4","0","75 10:27.854","0","0","0","0","67301","0","0","0","N","0","0","0","3","68K01","0","","1.0","45.0","1","N","N","N","0","","0","0","2","","0","N","","3","0","0","0","0","0","0","2","1","3","","03","","N","","","","","","","","","",""
"2020059022","1434","0","0","0","0","0","0","0","0","0","1","0","","67","7","2020","4","39.960456","-75.213569","1434","6","0","0","1","0","0","0","0","0","","0","0","0","","","2","N","0","","39 57:37.640","","0","75 12:48.850","3","0","0","0","67301","0","0","0","N","0","0","0","3","67301","0","","1.0","","1","N","N","N","0","","2","0","1","","0","","","2","2","0","0","0","0","0","2","1","2","","","","N","","","","","","","","","",""
"2020104579","1449","1","0","0","0","0","0","0","0","0","1","0","","67","11","2020","1","39.970364","-75.192953","1440","6","0","0","0","0","0","1","0","0","","0","0","0","","","2","N","0","","39 58:13.310","","0","75 11:34.629","8","0","0","0","67301","0","0","0","N","0","0","0","2","68K01","0","","1.0","","9","N","N","N","0","","0","0","0","","0","","","2","2","1","0","0","2","0","2","1","2","","04","","N","","","","","","","","","",""
"2020058348","2118","1","0","0","0","0","0","0","0","0","5","0","","67","7","2020","5","39.939497","-75.199858","2113","6","0","0","0","0","0","0","0","0","","0","0","0","","","0","N","0","","39 56:22.190","","0","75 11:59.490","0","0","0","0","67301","0","0","0","N","0","0","0","1","67301","0","","6.0","","1","N","N","N","0","","0","0","0","","0","","","2","0","0","0","0","0","0","2","0","2","","03","","N","","","","","","","","","",""
"2020102365","1730","1","0","0","0","0","0","0","0","0","7","0","","67","11","2020","7","39.959294","-75.238053","1730","6","0","0","0","0","0","0","0","0","","0","0","0","","","0","N","0","","39 57:33.460","","0","75 14:16.990","0","0","0","0","67301","0","0","0","N","0","0","0","0","67301","0","","5.0","","1","N","N","N","0","","0","0","0","","0","","","1","0","0","0","0","0","0","2","0","1","","03","","N","","","","","","","","","",""
"2020058347","1747","1","0","0","0","0","0","0","0","0","5","0","","67","7","2020","5","40.100553","-74.988194","1743","6","0","0","0","0","0","1","0","0","","0","0","0","","","2","N","0","","40 06:01.989","3","0","74 59:17.499","3","0","0","1","67301","0","0","0","N","0","0","0","4","67301","0","","1.0","1811.0","1","N","N","N","0","","2","0","1","","0","N","","3","2","0","0","0","0","0","2","0","3","","","","N","","","","","","","","","",""
"2020101023","1555","0","0","0","0","0","0","1","0","0","1","1","","67","11","2020","4","40.022789","-75.159023","1530","6","0","0","0","0","0","1","0","0","","0","0","0","","","3","","5","","40 01:22.042","","0","75 09:32.483","8","0","0","0","67301","0","0","0","N","0","0","0","5","67508","0","","1.0","","1","N","N","Y","1","","0","0","0","","3","","","2","3","0","0","0","3","0","2","0","2","","03","","N","","","","","","","","","",""
"2020062700","1641","2","0","0","0","0","0","0","0","0","6","0","","67","8","2020","4","39.974133","-75.204317","1629","6","0","0","0","0","0","0","0","0","","0","0","0","","","0","","1","","39 58:26.878","6","0","75 12:15.541","0","0","0","0","67301","0","0","0","N","0","0","0","2","67301","0","","1.0","1709.0","1","N","N","N","0","","0","0","0","","2","N","","2","0","0","0","0","0","0","2","0","2","","03","","N","","","","","","","","","",""
"2020103276","1307","0","0","0","0","0","0","0","0","0","1","0","","67","10","2020","6","39.982799","-75.099525","1255","6","0","0","0","0","0","0","0","0","","0","1","0","","","0","N","0","","39 58:58.078","2","0","75 05:58.291","0","0","0","0","67301","0","0","0","N","0","0","0","2","68K01","0","","1.0","1354.0","9","N","N","N","0","","0","0","1","","0","N","","2","0","0","0","0","0","0","2","0","2","","","","N","","","","","","","","","",""
"2020102587","0420","1","0","0","0","0","0","0","0","0","7","0","","67","11","2020","1","40.057977","-75.052698","0412","6","0","0","0","0","0","0","0","0","","0","0","0","","","0","","1","","40 03:28.718","","0","75 03:09.712","9","0","0","0","67301","0","0","0","N","0","0","0","1","67301","0","","5.0","","1","N","N","N","0","","0","0","0","","2","","","1","0","0","0","0","0","1","2","0","1","","03","","N","","","","","","","","","",""
"2020076688","1527","1","0","0","0","0","0","0","0","0","7","0","","67","7","2020","3","39.945343","-75.142647","1527","6","0","0","0","0","0","0","0","0","","0","0","0","","","1","N","0","","39 56:43.235","","0","75 08:33.528","8","0","0","0","67301","0","0","0","N","0","0","0","1","68K01","0","","2.0","","1","N","N","N","0","","0","0","0","","0","","","1","1","0","0","0","1","0","2","0","1","","","","N","","","","","","","","","",""
"2020103146","1850","0","0","0","0","0","0","1","0","0","4","1","","67","11","2020","4","40.01384","-75.12598","1835","6","0","0","0","0","0","0","0","0","","0","0","0","","","1","N","1","","40 00:49.824","","0","75 07:33.527","8","0","0","0","67301","0","0","0","N","0","0","0","4","67508","0","","1.0","","9","N","N","Y","0","","0","0","1","","2","","","2","1","0","0","0","1","2","2","0","2","","07","","N","","","","","","","","","",""
"2020056280","0930","1","0","0","0","0","0","0","0","0","5","0","","67","7","2020","5","40.00932","-75.15173","0927","6","0","0","0","0","0","0","0","0","","0","0","0","","","1","N","0","","40 00:33.551","","0","75 09:06.228","3","0","0","0","67301","0","0","0","N","0","0","0","2","67301","0","","1.0","","1","N","N","N","0","","1","0","0","","0","","","2","1","0","0","0","0","0","2","0","2","","03","","N","","","","","","","","","",""
"2020103345","2030","1","0","0","0","0","0","0","0","0","4","0","","67","11","2020","1","39.997751","-75.195958","2026","6","0","0","0","0","0","0","0","0","","0","0","0","","","0","N","0","","39 59:51.902","4","0","75 11:45.448","0","0","0","0","67301","0","0","0","N","0","0","0","4","68K01","0","","4.0","10.0","9","N","N","N","0","","0","0","1","","0","N","","2","0","0","0","0","0","0","2","0","2","","","","N","","","","","","","","","",""
"2020104447","1645","1","0","0","0","0","0","0","0","0","1","0","","67","11","2020","6","40.052527","-74.987686","1636","6","0","0","0","0","0","0","0","0","","0","0","0","","","1","N","0","","40 03:09.096","","0","74 59:15.668","3","0","0","0","67301","0","0","0","N","0","0","0","2","68K01","0","","1.0","","1","N","N","N","0","","1","0","0","","0","","","2","1","0","0","0","0","1","2","0","2","","03","","N","","","","","","","","","",""
"2020058417","1115","1","0","0","0","0","0","0","0","0","1","0","","67","7","2020","5","40.099394","-75.020825","1108","6","0","0","0","0","0","0","1","0","","0","0","0","","","1","N","0","","40 05:57.820","","0","75 01:14.970","3","0","0","0","67301","0","0","0","N","0","0","0","2","67301","0","","1.0","","9","N","N","N","0","","1","0","1","","0","","","2","1","0","0","0","0","0","2","0","2","","","","N","","","","","","","","","",""
"2020103329","1842","1","0","0","0","0","0","0","0","0","1","0","","67","11","2020","6","39.959807","-75.177279","1836","6","0","0","0","0","0","0","0","0","","0","0","0","","","2","N","0","","39 57:35.304","","0","75 10:38.206","3","0","0","0","67301","0","0","0","N","0","0","0","3","68K01","0","","1.0","","1","N","N","N","0","","2","0","0","","0","","","2","2","0","0","0","0","1","2","0","2","","","","N","","","","","","","","","",""
"2020058349","1554","0","0","0","0","0","0","0","0","0","8","1","","67","7","2020","5","40.027579","-75.147244","1538","6","0","0","0","0","0","0","0","0","","0","1","0","","","1","","1","","40 01:39.286","","0","75 08:50.079","8","0","0","0","67301","1","0","0","N","1","0","0","2","67301","0","","1.0","","99","N","N","N","0","","0","0","0","","2","","","2","1","0","0","0","1","1","2","0","1","","","","N","","","","","","","","","",""
"2020058201","0714","2","0","0","0","0","0","0","0","0","4","0","","67","7","2020","5","39.954583","-75.172983","0710","6","0","0","0","0","0","0","0","0","","0","0","0","","","1","","1","","39 57:16.499","","0","75 10:22.738","3","0","0","0","67301","0","0","0","N","0","0","0","3","67301","0","","1.0","","1","N","N","N","0","","1","0","0","","2","","","2","1","0","0","0","0","0","2","0","2","","03","","N","","","","","","","","","",""
"2020057849","1614","1","0","0","0","0","0","0","0","0","1","0","","67","7","2020","2","40.047148","-75.004764","1556","6","0","0","0","0","0","0","0","0","","0","0","0","","","0","","1","","40 02:49.732","","0","75 00:17.150","0","0","0","0","67301","0","0","0","N","0","0","0","5","67301","0","","1.0","","1","N","N","N","0","","0","0","1","","2","","","2","0","0","0","0","0","0","2","0","2","","03","","N","","","","","","","","","",""
"2020056798","0048","1","0","0","0","0","0","0","0","0","4","0","","67","7","2020","5","39.947708","-75.198621","0042","6","0","0","0","0","0","0","1","0","","0","0","0","","","3","","2","","39 56:51.748","7","0","75 11:55.037","8","0","0","0","67301","0","0","0","N","0","0","0","3","67301","0","","1.0","445.0","1","N","N","N","0","","0","0","2","","2","Y","","3","3","0","0","0","3","0","2","0","3","","03","","N","","","","","","","","","",""
"2020057850","0218","2","0","0","0","0","0","0","0","0","4","0","","67","7","2020","4","39.938782","-75.226843","0216","6","0","0","0","0","0","0","0","0","","0","0","0","","","3","","1","","39 56:19.615","","0","75 13:36.634","3","0","0","0","67301","0","0","0","N","0","0","0","5","67301","0","","1.0","","1","N","N","N","0","","3","0","1","","2","","","3","3","0","0","0","0","0","2","0","3","","03","","N","","","","","","","","","",""
"2020063516","1710","1","0","0","0","0","0","0","0","0","5","0","","67","7","2020","7","39.986714","-75.231742","1705","6","0","0","0","0","1","0","0","0","","0","0","0","","","0","N","0","","39 59:12.170","","0","75 13:54.270","0","0","0","0","67301","0","0","0","N","0","0","0","1","67301","0","","6.0","","1","N","N","N","0","","0","0","0","","0","","","2","0","0","0","0","0","0","2","1","2","","03","","N","","","","","","","","","",""
"2020103950","0336","1","0","0","0","0","0","0","0","0","7","0","","67","11","2020","2","39.985578","-75.146669","0335","6","0","0","0","0","0","0","0","0","","0","0","0","","","0","N","0","","39 59:08.080","","0","75 08:48.010","9","0","0","0","67301","0","0","0","N","0","0","0","1","67301","0","","5.0","","1","N","N","N","0","","0","0","0","","0","","","1","0","0","0","0","0","1","2","0","1","","03","","N","","","","","","","","","",""
"2020056929","1719","1","0","0","0","0","0","0","0","0","5","0","","67","7","2020","6","40.059213","-75.16571","1717","6","0","0","0","0","0","0","0","0","","0","0","0","","","1","N","0","","40 03:33.167","","0","75 09:56.557","3","0","0","0","67301","0","0","0","N","0","0","0","3","67301","0","","6.0","","1","N","N","N","0","","1","0","2","","0","","","3","1","0","0","0","0","2","2","0","3","","","","N","","","","","","","","","",""
"2020103310","1843","0","0","0","0","0","0","0","0","0","5","1","","67","11","2020","3","39.966821","-75.187634","1836","6","0","0","0","0","0","0","0","0","","0","1","0","","","1","N","0","","39 58:00.554","4","0","75 11:15.483","3","0","0","0","67301","0","0","0","N","0","0","0","1","68K01","0","","1.0","1930.0","1","N","N","N","0","","1","0","0","","0","Y","","2","1","0","0","0","0","0","2","0","2","","","","N","","","","","","","","","",""
"2020056215","1019","2","0","0","0","0","0","0","0","0","4","0","","67","7","2020","5","40.027194","-75.151242","1019","6","0","0","0","0","0","1","0","0","","0","0","0","","","1","","1","","40 01:37.898","","0","75 09:04.471","8","0","0","0","67301","0","0","0","N","0","0","0","3","67301","0","","1.0","","1","N","N","N","0","","0","0","1","","2","","","3","1","1","0","0","1","0","2","0","3","","03","","N","","","","","","","","","",""
"2020056792","1341","1","0","0","0","0","0","0","0","0","5","0","","67","7","2020","5","40.061819","-75.235183","1335","6","0","0","0","1","0","0","0","0","","0","0","0","","","0","N","0","","40 03:42.550","","0","75 14:06.660","0","0","0","0","67301","0","0","0","N","0","0","0","1","67301","0","","6.0","","1","N","N","N","0","","0","0","1","","0","","","2","0","0","0","0","0","0","2","0","2","","03","","N","","","","","","","","","",""
"2020103523","1710","2","0","0","0","0","0","0","0","0","4","0","","67","12","2020","3","39.951233","-75.245506","1706","6","0","0","0","0","0","0","0","0","","0","0","0","","","2","N","0","","39 57:04.440","","0","75 14:43.820","4","0","0","0","67301","0","0","0","N","0","0","0","3","67301","2","","1.0","","1","N","N","N","0","","0","0","0","","0","","","3","2","0","0","0","0","1","2","0","3","","","","N","","","","","","","","","",""
"2020061350","1800","1","0","0","0","0","0","0","0","0","4","0","","67","7","2020","6","39.993251","-75.149254","1752","6","0","0","0","0","0","1","0","0","","0","0","0","","","2","","1","","39 59:35.703","","0","75 08:57.313","3","0","0","0","67301","0","0","0","N","0","0","0","2","67301","0","","1.0","","9","N","N","N","0","","2","0","1","","3","","","2","2","0","0","0","0","0","2","0","2","","07","","N","","","","","","","","","",""
"2020059287","1905","0","0","0","0","0","0","0","0","0","0","0","","67","7","2020","7","39.92685","-75.169077","1900","6","0","0","0","0","0","0","0","0","","0","0","0","","","1","","1","","39 55:36.660","","0","75 10:08.677","3","0","0","1","67301","0","0","0","N","0","0","0","1","67301","0","","1.0","","1","N","N","N","0","","1","0","0","","2","","","1","1","0","0","0","0","0","2","0","1","","03","","N","","","","","","","","","",""
"2020059289","1647","0","0","0","1","0","0","0","0","0","8","0","","67","7","2020","2","39.927317","-75.192589","1645","6","0","0","0","0","0","1","0","0","","0","0","0","","","1","","1","","39 55:38.342","","0","75 11:33.319","3","0","0","0","67301","1","0","0","N","0","0","0","2","67301","0","","1.0","","1","N","N","N","0","","1","0","0","","3","","","2","1","0","0","0","0","0","2","1","1","","03","","N","","","","","","","","","",""
"2020103826","2101","2","0","0","0","0","0","0","0","0","4","0","","67","11","2020","2","39.977621","-75.201153","2059","6","0","0","0","0","0","1","0","0","","0","0","0","","","0","N","0","","39 58:39.435","","0","75 12:04.151","0","0","0","0","67301","0","0","0","N","0","0","0","2","68K01","0","","1.0","","1","N","N","N","0","","0","0","0","","0","","","2","0","0","0","0","0","0","2","0","2","","","","N","","","","","","","","","",""
"2020058755","2200","2","0","0","0","0","0","0","0","0","4","0","","67","7","2020","5","39.980221","-75.157591","2200","6","0","0","1","0","1","0","0","0","","0","0","0","","","1","","1","","39 58:48.797","","0","75 09:27.327","4","0","0","0","67301","0","0","0","Y","0","0","0","3","67505","1","","1.0","","1","N","N","N","0","","0","0","0","","2","","","2","1","0","0","0","0","0","2","0","2","","03","","N","","","","","","","","","",""
"2020057130","1122","1","0","0","0","0","0","0","0","0","5","0","90","67","7","2020","2","39.986852","-75.215908","1120","6","0","0","0","0","0","1","1","0","","0","0","0","","","0","N","0","","39 59:12.668","1","0","75 12:57.268","0","0","0","0","67301","0","0","0","N","0","0","0","2","67301","0","","1.0","100.0","1","N","N","N","0","","0","0","0","","0","N","","2","0","0","0","0","0","0","2","1","2","","","Y","Y","5","2","N","N","N","Y","Y","N","Y","N"
"2020056653","0346","2","0","0","0","0","0","0","0","0","4","0","","67","7","2020","6","40.020383","-75.080287","0332","6","0","0","0","0","0","0","0","0","","0","0","0","","","0","N","0","","40 01:13.377","","0","75 04:49.032","0","0","0","0","67301","0","0","0","N","0","0","0","2","67301","0","","1.0","","1","N","N","N","0","","0","0","0","","0","","","2","0","0","0","0","0","0","2","0","2","","","","N","","","","","","","","","",""
"2020056353","0235","0","0","0","0","0","0","0","0","0","4","0","","67","7","2020","6","39.958219","-75.211044","0233","6","0","0","0","0","0","0","0","0","","0","0","0","","","0","","2","","39 57:29.590","3","0","75 12:39.759","0","0","0","0","67301","0","0","0","N","0","0","0","2","67301","0","","1.0","245.0","1","N","N","N","0","","0","0","2","","2","N","","2","0","0","0","0","0","0","2","0","2","","03","","N","","","","","","","","","",""
"2020058088","0035","4","0","0","0","0","0","0","0","0","4","0","","67","7","2020","3","39.970746","-75.248188","0033","6","0","0","0","0","0","0","0","0","","0","0","0","","","1","","1","","39 58:14.685","4","0","75 14:53.476","3","0","0","0","67301","0","0","0","N","0","0","0","2","67301","0","","1.0","140.0","1","N","N","N","0","","1","0","1","","3","Y","","6","1","0","0","0","0","0","2","1","6","","","","N","","","","","","","","","",""
"2020102215","0125","1","0","0","0","0","0","0","0","0","6","0","","67","11","2020","7","40.050613","-75.177455","0114","6","0","0","0","0","0","0","0","0","","0","0","0","","","1","","1","","40 03:02.208","","0","75 10:38.837","8","0","0","0","67301","0","0","0","N","0","0","0","3","67301","0","","1.0","","1","N","N","N","0","","0","0","0","","2","","","2","1","0","0","0","1","2","2","0","2","","03","","N","","","","","","","","","",""
"2020103129","1826","1","0","0","0","0","0","0","0","0","7","0","","67","11","2020","7","40.0208","-75.042787","1823","6","0","0","0","0","0","0","0","0","","0","0","0","","","1","N","0","","40 01:14.881","","0","75 02:34.034","8","0","0","0","67301","0","0","0","Y","0","0","0","1","68K01","0","","4.0","","1","N","N","N","0","","0","0","0","","8","","","1","1","0","0","0","1","0","2","0","1","","","","N","","","","","","","","","",""
"2020103306","1334","1","0","0","0","0","0","0","0","0","1","0","","67","11","2020","3","39.957403","-75.158328","1321","6","0","0","0","0","0","1","0","0","","0","0","0","","","0","N","0","","39 57:26.652","3","0","75 09:29.981","0","0","0","0","67301","0","0","0","N","0","0","0","3","68K01","0","","1.0","1430.0","1","N","N","N","1","","0","0","1","","0","N","","3","0","1","0","0","0","0","2","0","3","","","","N","","","","","","","","","",""
"2020058009","0036","1","0","0","0","0","0","0","0","0","2","0","","67","7","2020","2","39.965108","-75.240525","0032","6","0","0","0","0","0","0","0","0","","0","0","0","","","0","N","0","","39 57:54.390","","0","75 14:25.890","0","0","0","0","67301","0","0","0","N","0","0","0","2","67301","0","","2.0","","1","N","N","N","1","","0","0","0","","0","","","2","0","0","0","0","0","0","2","0","2","","03","","N","","","","","","","","","",""
"2020061611","0955","0","0","0","0","0","0","1","0","0","8","1","","67","7","2020","6","40.0455","-75.164866","0945","6","0","0","0","0","0","0","0","0","","0","0","0","","","1","N","1","","40 02:43.799","","0","75 09:53.518","3","0","0","0","67301","1","0","0","N","1","0","0","2","67508","0","","1.0","","9","N","N","Y","0","","1","0","0","","2","","","2","1","0","0","0","0","0","2","0","1","","07","","N","","","","","","","","","",""
"2020057757","2016","1","0","0","0","0","0","0","0","0","4","0","","67","7","2020","5","39.995994","-75.13388","2016","6","0","0","0","0","0","0","0","0","","0","0","0","","","0","","1","","39 59:45.578","","0","75 08:01.967","0","0","0","0","67301","0","0","0","N","0","0","0","2","67301","0","","1.0","","1","N","N","Y","0","","0","0","1","","2","","","2","0","0","0","0","0","0","2","0","2","","03","","N","","","","","","","","","",""
"2020058089","0615","1","0","0","0","0","0","0","0","0","7","0","","67","7","2020","4","39.97823","-75.171398","0602","6","0","0","0","0","0","0","0","0","","0","0","0","","","1","","1","","39 58:41.628","","0","75 10:17.032","3","0","0","0","67301","0","0","0","N","0","0","0","2","67301","0","","4.0","","1","N","N","N","0","","1","0","0","","0","","","1","1","0","0","0","0","0","2","0","1","","03","","N","","","","","","","","","",""
"2020103739","1710","0","0","0","0","0","0","0","0","0","8","0","","67","5","2020","4","39.991203","-75.142975","1700","6","0","0","0","0","0","0","0","0","","0","0","0","","","1","N","0","","39 59:28.330","","0","75 08:34.710","4","0","0","0","67301","1","0","0","N","1","0","0","2","67301","1","","1.0","","1","N","N","N","0","","0","0","0","","0","","","2","1","1","0","0","0","0","2","1","1","","03","","N","","","","","","","","","",""
"2020103317","0543","1","0","0","0","0","0","0","0","0","1","0","","67","11","2020","5","39.969946","-75.125451","0520","6","0","0","0","0","0","0","0","0","","0","0","0","","","1","N","6","","39 58:11.804","","0","75 07:31.625","4","0","0","0","67301","0","0","0","N","0","0","0","3","68K01","1","","1.0","","9","N","N","N","0","","0","0","1","","0","","","2","1","0","0","0","0","1","2","0","2","","","","N","","","","","","","","","",""
"2020063175","0652","0","0","0","0","0","0","0","0","0","7","0","","67","7","2020","6","39.986006","-75.208215","0652","6","0","0","0","0","0","0","1","0","","0","0","0","","","1","N","0","","39 59:09.620","3","0","75 12:29.575","3","0","0","0","67301","0","0","0","N","0","0","0","1","68K01","0","","4.0","707.0","9","N","N","N","0","","1","0","1","","0","N","","1","1","0","0","0","0","0","2","0","1","","","","N","","","","","","","","","",""
"2020055594","0035","3","0","0","0","0","0","0","0","0","6","0","","67","7","2020","4","40.012526","-75.140106","0030","6","0","0","0","0","0","0","0","0","","0","0","0","","","0","","1","","40 00:45.093","","0","75 08:24.381","9","0","0","0","67301","0","0","0","N","0","0","0","3","67301","0","","1.0","","1","N","N","N","0","","0","0","1","","3","","","4","0","0","0","0","0","2","2","0","4","","03","","N","","","","","","","","","",""
"2020057322","0520","2","0","0","0","0","0","0","0","0","1","0","","67","7","2020","1","40.012415","-75.119924","0520","6","0","0","0","0","0","0","0","0","","0","0","0","","","0","N","0","","40 00:44.695","2","0","75 07:11.725","0","0","0","0","67301","0","0","0","N","0","0","0","1","67301","0","","6.0","642.0","1","N","N","N","0","","0","0","0","","0","N","","3","0","0","0","0","0","0","2","1","3","","03","","N","","","","","","","","","",""
"2020058208","1456","2","0","0","0","0","0","0","0","0","1","0","","67","7","2020","4","40.023139","-75.150472","1345","6","0","0","0","0","0","0","0","0","","0","0","0","","","1","N","0","","40 01:23.300","","0","75 09:01.700","3","0","0","0","67301","0","0","0","N","0","0","0","3","67301","0","","1.0","","1","N","N","N","0","","1","0","0","","0","","","2","1","0","0","0","0","0","2","0","2","","03","","N","","","","","","","","","",""
"2020057657","0135","1","0","0","0","0","0","0","0","0","7","0","","67","7","2020","3","40.013845","-75.055962","0130","6","0","0","0","0","0","0","0","0","","0","0","0","","","0","","1","","40 00:49.843","2","0","75 03:21.464","0","0","0","0","67301","0","0","0","N","0","0","0","2","67301","0","","4.0","245.0","1","N","N","N","0","","0","0","1","","2","Y","","2","0","1","0","0","0","0","2","0","2","","03","","N","","","","","","","","","",""
"2020062821","0043","2","0","0","0","0","0","0","0","0","5","0","","67","8","2020","4","39.920706","-75.230817","0042","6","0","0","0","0","0","0","0","0","","0","0","0","","","0","N","0","","39 55:14.540","","0","75 13:50.940","0","0","0","0","67301","0","0","0","N","0","0","0","1","67301","0","","6.0","","1","N","N","N","0","","0","0","1","","0","","","3","0","0","0","0","0","0","2","0","3","","","","N","","","","","","","","","",""