"CRN","ARRIVAL_TM","AUTOMOBILE_COUNT","BELTED_DEATH_COUNT","BELTED_SUSP_SERIOUS_INJ_COUNT","BICYCLE_COUNT","BICYCLE_DEATH_COUNT","BICYCLE_SUSP_SERIOUS_INJ_COUNT","BUS_COUNT","CHLDPAS_DEATH_COUNT","CHLDPAS_SUSP_SERIOUS_INJ_COUNT","COLLISION_TYPE","COMM_VEH_COUNT","CONS_ZONE_SPD_LIM","COUNTY","CRASH_MONTH","CRASH_YEAR","DAY_OF_WEEK","DEC_LATITUDE","DEC_LONGITUDE","DISPATCH_TM","DISTRICT","DRIVER_COUNT_16YR","DRIVER_COUNT_17YR","DRIVER_COUNT_18YR","DRIVER_COUNT_19YR","DRIVER_COUNT_20YR","DRIVER_COUNT_50_64YR","DRIVER_COUNT_65_74YR","DRIVER_COUNT_75PLUS","EST_HRS_CLOSED","FATAL_COUNT","HEAVY_TRUCK_COUNT","HORSE_BUGGY_COUNT","HOUR_OF_DAY","ILLUMINATION","INJURY_COUNT","INTERSECTION_RELATED","INTERSECT_TYPE","LANE_CLOSED","LATITUDE","LN_CLOSE_DIR","LOCATION_TYPE","LONGITUDE","MAX_SEVERITY_LEVEL","MCYCLE_DEATH_COUNT","MCYCLE_SUSP_SERIOUS_INJ_COUNT","MOTORCYCLE_COUNT","MUNICIPALITY","NONMOTR_COUNT","NONMOTR_DEATH_COUNT","NONMOTR_SUSP_SERIOUS_INJ_COUNT","NTFY_HIWY_MAINT","PED_COUNT","PED_DEATH_COUNT","PED_SUSP_SERIOUS_INJ_COUNT","PERSON_COUNT","POLICE_AGCY","POSSIBLE_INJ_COUNT","RDWY_SURF_TYPE_CD","RELATION_TO_ROAD","ROADWAY_CLEARED","ROAD_CONDITION","SCH_BUS_IND","SCH_ZONE_IND","SECONDARY_CRASH","SMALL_TRUCK_COUNT","SPEC_JURIS_CD","SUSP_MINOR_INJ_COUNT","SUSP_SERIOUS_INJ_COUNT","SUV_COUNT","TCD_FUNC_CD","TCD_TYPE","TFC_DETOUR_IND","TIME_OF_DAY","TOTAL_UNITS","TOT_INJ_COUNT","UNBELTED_OCC_COUNT","UNB_DEATH_COUNT","UNB_SUSP_SERIOUS_INJ_COUNT","UNK_INJ_DEG_COUNT","UNK_INJ_PER_COUNT","URBAN_RURAL","VAN_COUNT","VEHICLE_COUNT","WEATHER1","WEATHER2","WORKERS_PRES","WORK_ZONE_IND","WORK_ZONE_LOC","WORK_ZONE_TYPE","WZ_CLOSE_DETOUR","WZ_FLAGGER","WZ_LAW_OFFCR_IND","WZ_LN_CLOSURE","WZ_MOVING","WZ_OTHER","WZ_SHLDER_MDN","WZ_WORKERS_INJ_KILLED"
"2020057851","1334","0","0","0","0","0","0","0","0","0","5","0","","67","7","2020","4","39.917741","-75.211366","1334","6","0","0","0","0","0","0","0","0","","0","0","0","","","0","N","0","","39 55:03.867","","0","75 12:40.916","0","0","0","0","67301","0","0","0","N","0","0","0","3","67301","0","","1.0","","1","N","N","N","0","","0","0","2","","0","","","2","0","0","0","0","0","0","2","0","2","","03","","N","","","","","","","","","",""
"2020103832","1424","1","0","0","0","0","0","0","0","0","5","1","45","67","11","2020","5","39.942536","-75.19354","1411","6","0","0","0","0","0","1","0","0","","0","1","0","","","1","N","6","","39 56:33.129","","0","75 11:36.744","3","0","0","0","67301","0","0","0","N","0","0","0","3","68K01","0","","1.0","","1","N","N","N","0","","1","0","0","","0","","","2","1","0","0","0","0","0","2","0","2","","","Y","Y","4","1","N","N","N","Y","N","N","N","N"
"2020103831","2017","2","0","0","0","0","0","0","0","0","1","0","","67","11","2020","4","39.977309","-75.199754","2006","6","0","0","0","0","0","0","0","0","","0","0","0","","","1","N","0","","39 58:38.314","4","0","75 11:59.113","4","0","0","0","67301","0","0","0","N","0","0","0","3","68K01","1","","1.0","30.0","1","N","N","N","0","","0","0","0","","0","N","","2","1","0","0","0","0","0","2","0","2","","","","N","","","","","","","","","",""
"2020058206","1940","1","0","0","0","0","0","0","0","0","1","0","","67","7","2020","4","39.986504","-75.133396","1935","6","0","0","0","0","0","0","0","0","","0","0","0","","","0","","1","","39 59:11.414","","0","75 08:00.225","9","0","0","0","67301","0","0","0","N","0","0","0","2","67301","0","","1.0","","9","Y","N","N","0","","0","0","0","","0","","","2","0","0","0","0","0","1","2","1","2","","07","","N","","","","","","","","","",""
"2020063297","1940","3","0","0","0","0","0","0","0","0","5","0","","67","8","2020","4","39.939731","-75.198863","1940","6","0","0","0","0","0","0","1","0","","0","0","0","","","1","N","0","","39 56:23.032","","0","75 11:55.905","3","0","0","0","67301","0","0","0","N","0","0","0","8","67301","0","","1.0","","1","N","N","N","0","","1","0","0","","0","","","4","1","0","0","0","0","1","2","1","4","","03","","N","","","","","","","","","",""
"2020056675","0127","0","0","0","0","0","0","0","0","0","8","0","","67","7","2020","7","40.048104","-75.150918","0127","6","0","0","0","0","0","0","0","0","","0","0","0","","","1","","1","","40 02:53.174","","0","75 09:03.304","4","0","0","0","67301","1","0","0","N","1","0","0","3","67301","1","","1.0","","99","N","N","N","0","","0","0","1","","9","","","2","1","0","0","0","0","0","2","0","1","","03","","N","","","","","","","","","",""
"2020057292","1912","1","0","0","0","0","0","0","0","0","8","0","","67","7","2020","1","39.955789","-75.159189","1912","6","0","0","0","0","0","0","0","0","","0","0","0","","","1","N","0","","39 57:20.840","","0","75 09:33.080","3","0","0","0","67301","1","0","0","N","1","0","0","2","67301","0","","1.0","","1","N","N","N","0","","1","0","0","","0","","","2","1","0","0","0","0","0","2","0","1","","03","","N","","","","","","","","","",""
"2020056663","1855","0","0","0","0","0","0","0","0","0","8","0","","67","7","2020","6","39.955847","-75.221714","1850","6","0","0","0","0","0","0","0","0","","0","0","0","","","1","","1","","39 57:21.049","","0","75 13:18.170","3","0","0","0","67301","1","0","0","N","1","0","0","2","67301","0","","1.0","","1","N","N","N","0","","1","0","1","","3","","","2","1","0","0","0","0","0","2","0","1","","03","","N","","","","","","","","","",""
"2020063518","1035","1","0","0","0","0","0","0","0","0","1","0","","67","7","2020","6","39.965911","-75.231856","1033","6","0","0","0","0","0","0","0","0","","0","0","0","","","1","N","0","","39 57:57.280","","0","75 13:54.680","3","0","0","0","67301","0","0","0","N","0","0","0","2","67301","0","","1.0","","8","N","N","N","0","","1","0","0","","0","","","2","1","0","0","0","0","0","2","1","2","","04","","N","","","","","","","","","",""
"2020056800","0915","1","0","0","0","0","0","0","0","0","5","0","","67","7","2020","7","39.953319","-75.228308","0913","6","0","0","0","0","0","0","0","0","","0","0","0","","","1","N","0","","39 57:11.950","","0","75 13:41.910","3","0","0","0","67301","0","0","0","N","0","0","0","1","67301","0","","6.0","","1","N","N","N","1","","1","0","0","","0","","","2","1","1","0","0","0","0","2","0","2","","03","","N","","","","","","","","","",""
"2020101882","1510","0","0","0","0","0","0","0","0","0","5","1","","67","11","2020","3","40.009411","-75.115842","1505","6","0","0","0","0","0","0","0","0","","0","1","0","","","0","N","0","","40 00:33.880","","0","75 06:57.030","0","0","0","0","67301","0","0","0","N","0","0","0","3","67301","0","","6.0","","1","N","N","N","0","","0","0","1","","0","","","2","0","0","0","0","0","0","2","0","2","","03","","N","","","","","","","","","",""
"2020102508","1927","0","0","0","0","0","0","0","0","0","7","0","","67","11","2020","1","39.962661","-75.149594","1927","6","0","0","0","0","0","0","0","0","","0","0","0","","","0","N","0","","39 57:45.580","","0","75 08:58.540","0","0","0","0","67301","0","0","0","N","0","0","0","0","67301","0","","5.0","","1","N","N","N","0","","0","0","1","","0","","","1","0","0","0","0","0","0","2","0","1","","03","","N","","","","","","","","","",""
"2020104036","2130","2","0","0","0","0","0","0","0","0","1","0","","67","12","2020","4","40.007865","-75.172261","2124","6","0","0","0","0","0","0","0","0","","0","0","0","","","0","","1","","40 00:28.314","","0","75 10:20.141","0","0","0","0","67301","0","0","0","N","0","0","0","1","67301","0","","1.0","","1","N","N","N","0","","0","0","0","","2","","","2","0","0","0","0","0","0","2","0","2","","03","","N","","","","","","","","","",""
"2020059118","2130","0","0","0","0","0","0","0","0","0","7","0","","67","7","2020","3","40.104141","-74.992151","2121","6","0","0","0","0","0","0","0","0","","0","0","0","","","1","N","0","","40 06:14.908","","0","74 59:31.744","3","0","0","0","67301","0","0","0","N","0","0","0","1","67301","0","","4.0","","1","N","N","N","0","","1","0","1","","0","","","1","1","1","0","0","0","0","2","0","1","","03","","N","","","","","","","","","",""
"2020058399","2240","1","0","0","0","0","0","0","0","0","4","0","","67","7","2020","2","39.997645","-75.158704","2227","6","0","0","0","0","0","0","1","0","","0","0","0","","","0","","2","","39 59:51.522","","0","75 09:31.334","0","0","0","0","67301","0","0","0","N","0","0","0","2","67508","0","","1.0","","1","N","N","Y","0","","0","0","0","","3","","","2","0","1","0","0","0","0","2","1","2","","03","","N","","","","","","","","","",""
"2020089670","2038","2","0","0","0","0","0","0","0","0","1","0","","67","10","2020","7","40.056794","-75.031097","2032","6","0","0","0","0","0","2","0","0","","1","0","0","","","1","N","2","","40 03:24.460","","0","75 01:51.950","1","0","0","0","67301","0","0","0","N","0","0","0","4","67301","0","2","1.0","","1","N","N","N","0","0","0","0","1","","2","","","3","1","0","0","0","1","0","2","0","3","","03","","N","","","","","","","","","",""
"2020060791","2028","1","0","0","0","0","0","0","0","0","6","0","","67","7","2020","6","39.971663","-75.189959","2023","6","0","0","0","0","0","0","0","0","","0","0","0","","","6","N","0","","39 58:17.986","6","0","75 11:23.851","3","0","0","0","67301","0","0","0","N","0","0","0","6","67301","0","","1.0","2200.0","1","N","N","N","0","","6","0","1","","0","Y","","2","6","0","0","0","0","0","2","0","2","","","","N","","","","","","","","","",""
"2020056791","2349","0","0","0","0","0","0","0","0","0","7","0","","67","7","2020","7","40.067861","-75.073111","2341","6","0","0","0","0","0","0","0","0","","0","0","0","","","0","N","0","","40 04:04.300","","0","75 04:23.200","0","0","0","0","67301","0","0","0","N","0","0","0","1","67301","0","","5.0","","1","N","N","N","0","","0","0","1","","0","","","1","0","0","0","0","0","0","2","0","1","","","","N","","","","","","","","","",""
"2020056804","1330","1","0","0","0","0","0","0","0","0","4","0","","67","7","2020","6","39.991883","-75.233669","1320","6","0","0","0","0","1","1","0","0","","0","0","0","","","1","","1","","39 59:30.778","","0","75 14:01.208","3","0","0","0","67301","0","0","0","N","0","0","0","2","67301","0","","1.0","","1","N","N","N","0","","1","0","1","","2","","","2","1","0","0","0","0","0","2","0","2","","","","N","","","","","","","","","",""
"2020060707","0002","1","0","0","0","0","0","0","0","0","7","0","","67","7","2020","7","39.899079","-75.168155","0001","6","0","0","0","1","0","0","0","0","","0","0","0","","","1","N","0","","39 53:56.684","","0","75 10:05.358","3","0","0","0","67301","0","0","0","N","0","0","0","1","68K01","0","","2.0","","1","N","N","N","0","","1","0","0","","0","","","1","1","0","0","0","0","0","2","0","1","","03","","N","","","","","","","","","",""
"2020057470","2312","1","0","0","0","0","0","0","0","0","6","0","","67","7","2020","2","40.116822","-75.029003","2309","6","0","0","0","0","0","0","0","0","","0","0","0","","","0","N","0","","40 07:00.560","","0","75 01:44.410","0","0","0","0","67301","0","0","0","N","0","0","0","1","67301","0","","6.0","","1","N","N","N","0","","0","0","1","","0","","","2","0","0","0","0","0","0","2","0","2","","03","","N","","","","","","","","","",""
"2020059119","1120","1","0","0","0","0","0","0","0","0","4","0","","67","7","2020","4","40.071027","-75.037788","1114","6","0","0","0","0","0","0","2","0","","0","0","0","","","2","","1","","40 04:15.698","6","0","75 02:16.038","8","0","0","0","67301","0","0","0","N","0","0","0","3","67301","0","","1.0","1215.0","1","N","N","N","0","","0","0","1","","2","Y","","2","2","0","0","0","2","0","2","0","2","","","","N","","","","","","","","","",""
"2020058511","2155","1","0","0","0","0","0","0","0","0","6","0","","67","7","2020","1","40.010444","-75.099669","2150","6","0","0","0","0","1","1","0","0","","0","0","0","","","1","N","0","","40 00:37.600","","0","75 05:58.810","3","0","0","0","67301","0","0","0","N","0","0","0","4","67301","0","","1.0","","1","N","N","Y","0","","1","0","2","","0","","","3","1","0","0","0","0","0","2","0","3","","03","","N","","","","","","","","","",""
"2020056799","0240","3","0","0","0","0","0","0","0","0","5","0","","67","7","2020","6","39.956676","-75.210633","0203","6","0","0","0","0","0","0","0","0","","0","0","0","","","0","N","0","","39 57:24.035","","0","75 12:38.277","0","0","0","0","67301","0","0","0","N","0","0","0","1","67301","0","","6.0","","1","N","N","N","0","","0","0","1","","0","","","4","0","0","0","0","0","0","2","0","4","","03","","N","","","","","","","","","",""
"2020103143","1003","1","0","0","0","0","0","0","0","0","7","0","","67","11","2020","2","39.893296","-75.231456","0946","6","0","0","0","0","0","0","0","0","","0","0","0","","","0","N","0","","39 53:35.865","","0","75 13:53.241","0","0","0","0","67301","0","0","0","N","0","0","0","1","68K01","0","","4.0","","9","N","N","N","0","","0","0","0","","0","","","1","0","0","0","0","0","0","2","0","1","","07","","N","","","","","","","","","",""
"2020057682","2315","1","0","0","0","0","0","0","0","0","5","0","","67","7","2020","2","40.047951","-75.113109","2315","6","0","0","0","1","0","0","0","0","","0","0","0","","","0","N","0","","40 02:52.623","","0","75 06:47.192","9","0","0","0","67301","0","0","0","N","0","0","0","2","67301","0","","1.0","","1","N","N","N","0","","0","0","1","","0","","","2","0","0","0","0","0","1","2","0","2","","03","","N","","","","","","","","","",""
"2020057382","2340","1","0","0","0","0","0","0","0","0","4","0","","67","7","2020","1","39.903272","-75.157086","2339","6","0","0","1","0","0","0","0","0","","0","0","0","","","1","N","0","","39 54:11.780","6","0","75 09:25.510","2","0","1","1","67301","0","0","0","N","0","0","0","2","67301","0","","1.0","200.0","1","N","N","N","0","","0","1","0","","0","Y","","2","1","1","0","0","0","0","2","0","2","","03","","N","","","","","","","","","",""
"2020060175","1513","0","0","0","0","0","0","0","0","0","7","0","","67","7","2020","3","39.945308","-75.142654","1513","6","0","0","0","0","0","0","0","0","","0","0","0","","","0","N","0","","39 56:43.109","2","0","75 08:33.555","0","0","0","0","67301","0","0","0","N","0","0","0","1","68K01","0","","4.0","1600.0","1","N","N","N","0","","0","0","1","","0","N","","1","0","0","0","0","0","0","2","0","1","","","","N","","","","","","","","","",""
"2020059368","0051","2","0","0","0","0","0","0","0","0","1","0","","67","7","2020","4","39.969622","-75.1923","0051","6","0","0","0","0","0","0","0","0","","0","0","0","","","1","N","0","","39 58:10.639","4","0","75 11:32.281","3","0","0","0","67301","0","0","0","N","0","0","0","2","68K01","0","","1.0","25.0","1","N","N","N","0","","1","0","0","","0","N","","2","1","0","0","0","0","0","2","0","2","","03","","N","","","","","","","","","",""
"2020103009","2202","1","0","0","0","0","0","0","0","0","5","0","","67","11","2020","7","39.957066","-75.154527","2202","6","0","0","0","0","0","0","0","0","","0","0","0","","","1","N","0","","39 57:25.437","","0","75 09:16.296","8","0","0","0","67301","0","0","0","N","0","0","0","3","67301","0","","1.0","","1","N","N","N","0","","0","0","1","","0","","","2","1","0","0","0","1","0","2","0","2","","03","","N","","","","","","","","","",""
"2020057753","0942","2","0","0","0","0","0","0","0","0","4","0","","67","7","2020","3","40.0211","-75.059918","0941","6","0","0","0","0","1","0","0","0","","0","0","0","","","1","","2","","40 01:15.960","","0","75 03:35.704","3","0","0","0","67301","0","0","0","N","0","0","0","1","67301","0","","1.0","","1","N","N","N","0","","1","0","0","","0","","","2","1","0","0","0","0","0","2","0","2","","","","N","","","","","","","","","",""
"2020063517","1735","1","0","0","0","0","0","0","0","0","4","0","","67","7","2020","1","39.970899","-75.230669","1731","6","0","0","0","0","1","0","0","0","","0","0","0","","","4","","1","","39 58:15.236","","0","75 13:50.408","3","0","0","0","67301","0","0","0","N","0","0","0","5","67301","2","","1.0","","1","N","N","N","0","","2","0","1","","2","","","2","4","0","0","0","0","0","2","0","2","","03","","N","","","","","","","","","",""
"2020057132","2059","1","0","0","0","0","0","0","0","0","8","0","","67","7","2020","7","39.990647","-75.159178","2054","6","0","0","0","0","0","0","0","0","","0","0","0","","","1","N","0","","39 59:26.330","2","0","75 09:33.040","2","0","0","0","67301","1","0","1","N","1","0","1","2","67301","0","","1.0","100.0","1","N","N","N","0","","0","1","0","","0","Y","","2","1","0","0","0","0","0","2","0","1","","03","","N","","","","","","","","","",""
"2020058207","0819","2","0","0","0","0","0","0","0","0","4","0","","67","7","2020","5","39.989815","-75.135215","0818","6","0","0","0","0","0","1","0","0","","0","0","0","","","1","","1","","39 59:23.334","","0","75 08:06.773","3","0","0","0","67301","0","0","0","N","0","0","0","3","67301","0","","1.0","","1","N","N","N","0","","1","0","1","","2","","","3","1","0","0","0","0","0","2","0","3","","","","N","","","","","","","","","",""
"2020056851","0110","2","0","0","0","0","0","0","0","0","5","0","","67","7","2020","6","39.916754","-75.161125","0106","6","0","0","0","0","0","0","0","0","","0","0","0","","","0","N","0","","39 55:00.316","2","0","75 09:40.049","0","0","0","0","67301","0","0","0","N","0","0","0","1","67301","0","","6.0","220.0","1","N","N","N","2","","0","0","1","","0","Y","","5","0","0","0","0","0","0","2","0","5","","03","","N","","","","","","","","","",""
"2020103084","0503","1","0","0","0","0","0","0","0","0","1","0","","67","11","2020","6","40.031612","-75.021503","0503","6","0","0","0","0","0","0","0","0","","0","0","0","","","1","N","0","","40 01:53.803","2","0","75 01:17.410","4","0","0","0","67301","0","0","0","N","0","0","0","2","68K01","1","","1.0","520.0","9","N","N","Y","1","","0","0","0","","0","N","","2","1","0","0","0","0","0","2","0","2","","","","N","","","","","","","","","",""
"2020098019","1010","0","0","0","0","0","0","0","0","0","7","0","","67","4","2020","4","39.88235","-75.240906","1000","6","0","0","0","0","0","0","0","0","","0","0","0","","","0","N","0","","39 52:56.460","","0","75 14:27.260","0","0","0","0","67301","0","0","0","N","0","0","0","1","67301","0","","4.0","","1","N","N","N","0","","0","0","1","","0","","","1","0","0","0","0","0","0","2","0","1","","03","","N","","","","","","","","","",""
"2020064073","2232","1","0","0","0","0","0","0","0","0","7","0","","67","8","2020","5","39.963891","-75.184291","2225","6","0","0","0","0","0","0","0","0","","0","0","0","","","0","N","0","","39 57:50.006","","0","75 11:03.446","9","0","0","0","67301","0","0","0","N","0","0","0","2","68K01","0","","2.0","","1","N","N","N","0","","0","0","0","","0","","","1","0","0","0","0","0","1","2","0","1","","03","","N","","","","","","","","","",""
"2020056852","1015","2","0","0","0","0","0","0","0","0","5","0","","67","7","2020","1","40.005806","-75.185568","1010","6","0","0","0","0","0","0","0","0","","0","0","0","","","1","N","0","","40 00:20.902","","0","75 11:08.043","4","0","0","0","67301","0","0","0","N","0","0","0","1","67301","1","","6.0","","1","N","N","N","0","","0","0","0","","0","","","2","1","0","0","0","0","0","2","0","2","","03","","N","","","","","","","","","",""
"2020058319","1916","1","0","0","0","0","0","0","0","0","4","0","","67","7","2020","2","39.929937","-75.183607","1915","6","0","0","0","0","0","0","0","0","","0","0","0","","","0","","1","","39 55:47.773","4","0","75 11:00.985","0","0","0","0","67301","0","0","0","N","0","0","0","1","67301","0","","1.0","1940.0","1","N","N","N","0","","0","0","2","","3","N","","3","0","1","0","0","0","0","2","0","3","","03","","N","","","","","","","","","",""
"2020057013","1052","0","0","0","0","0","0","0","0","0","8","0","","67","7","2020","1","40.079111","-75.225972","1051","6","0","0","0","0","0","0","0","0","","0","0","0","","","1","N","0","","40 04:44.800","","0","75 13:33.500","3","0","0","0","67301","1","0","0","N","1","0","0","2","67301","0","","1.0","","1","N","N","N","1","","1","0","0","","3","","","2","1","0","0","0","0","0","2","0","1","","03","","N","","","","","","","","","",""
"2020059515","1227","1","0","0","0","0","0","0","0","0","6","0","","67","7","2020","3","39.982371","-75.264442","1217","6","0","0","0","0","0","0","0","0","","0","0","0","","","1","","2","","39 58:56.534","3","0","75 15:51.992","3","0","0","0","67301","0","0","0","N","0","0","0","3","67301","0","","1.0","200.0","1","N","N","N","0","","1","0","2","","2","N","","3","1","0","0","0","0","0","2","0","3","","03","","N","","","","","","","","","",""
"2020054824","2332","2","0","0","0","0","0","0","0","0","5","0","","67","7","2020","1","40.051633","-75.141983","2330","6","0","0","0","0","0","0","0","0","","0","0","0","","","1","N","0","","40 03:05.879","","0","75 08:31.139","3","0","0","0","67301","0","0","0","N","0","0","0","2","67301","0","","1.0","","99","N","N","N","0","","1","0","1","","0","","","4","1","0","0","0","0","0","2","1","4","","98","","N","","","","","","","","","",""
"2020103012","2050","0","0","0","0","0","0","0","0","0","8","0","","67","11","2020","1","40.022261","-75.076358","2041","6","0","0","0","0","0","0","0","0","","0","0","0","","","1","N","0","","40 01:20.140","","0","75 04:34.890","4","0","0","0","67301","1","0","0","N","1","0","0","1","67301","1","","1.0","","1","N","N","N","0","","0","0","0","","0","","","2","1","0","0","0","0","0","2","0","1","","03","","N","","","","","","","","","",""
"2020054546","1410","7","0","0","0","0","0","0","0","0","5","0","","67","7","2020","6","39.974661","-75.130861","1407","6","0","0","0","0","0","0","0","0","","0","0","0","","","0","N","0","","39 58:28.780","","0","75 07:51.100","9","0","0","0","67301","0","0","0","N","0","0","0","1","67301","0","","6.0","","9","N","N","N","1","","0","0","2","","0","","","10","0","0","0","0","0","1","2","0","10","","07","","N","","","","","","","","","",""
"2020103319","1931","0","0","0","0","0","0","0","0","0","7","0","","67","11","2020","5","39.959908","-75.179063","1914","6","0","0","0","0","0","0","0","0","","0","0","0","","","0","N","0","","39 57:35.670","3","0","75 10:44.628","0","0","0","0","67301","0","0","0","N","0","0","0","1","68K01","0","","2.0","2015.0","9","N","N","N","0","","0","0","0","","0","N","","1","0","1","0","0","0","0","2","1","1","","07","","N","","","","","","","","","",""
"2020059492","0733","0","0","0","0","0","0","0","0","0","1","0","45","67","7","2020","7","39.961078","-75.182309","0733","6","0","0","0","0","0","0","0","0","","0","0","0","","","0","N","0","","39 57:39.882","","0","75 10:56.312","0","0","0","0","67301","0","0","0","N","0","0","0","4","68K01","0","","1.0","","1","N","N","N","2","","0","0","0","","0","","","2","0","0","0","0","0","0","2","0","2","","","N","Y","4","2","Y","","N","","","","","N"
"2020064966","0654","3","0","0","0","0","0","0","0","0","4","0","","67","7","2020","1","39.979428","-75.225323","0654","6","0","0","0","0","0","2","0","1","","0","0","0","","","0","","1","","39 58:45.940","","0","75 13:31.164","9","0","0","0","67301","0","0","0","N","0","0","0","4","67301","0","","1.0","","1","N","N","N","0","","0","0","0","","2","","","4","0","0","0","0","0","1","2","1","4","","03","","N","","","","","","","","","",""
"2020091801","1942","1","0","0","0","0","0","0","0","0","1","0","","67","10","2020","6","39.985874","-75.09314","1937","6","0","0","0","0","0","0","0","0","","0","0","0","","","3","N","0","","39 59:09.148","2","0","75 05:35.305","4","0","0","0","67301","0","0","0","N","0","0","0","4","68K01","3","","3.0","100.0","1","N","N","N","0","","0","0","1","","0","N","","2","3","0","0","0","0","0","2","0","2","","","","N","","","","","","","","","",""
"2020048582","1126","1","0","0","0","0","0","0","0","0","1","0","","67","6","2020","1","40.093975","-75.015588","1115","6","0","0","0","0","0","0","0","0","","0","0","0","","","1","Y","0","","40 05:38.311","","0","75 00:56.118","8","0","0","0","67301","0","0","0","N","0","0","0","5","67301","0","","1.0","","1","N","N","N","0","","0","0","1","","2","","","2","1","0","0","0","1","0","2","0","2","","03","","N","","","","","","","","","",""
"2020057208","1254","0","0","0","0","0","0","0","0","0","1","0","","67","6","2020","7","39.976825","-75.198001","1248","6","0","0","0","0","0","0","1","0","","0","0","0","","","1","N","0","","39 58:36.570","","0","75 11:52.802","4","0","0","0","67301","0","0","0","N","0","0","0","5","68K01","1","","1.0","","1","N","N","N","0","","0","0","3","","0","","","3","1","0","0","0","0","0","2","0","3","","","","N","","","","","","","","","",""
"2020062964","1204","1","0","0","0","0","0","0","0","0","4","0","","67","8","2020","5","40.070213","-75.180464","1200","6","0","0","0","0","0","0","0","0","","0","0","0","","","1","","1","","40 04:12.768","","0","75 10:49.670","4","0","0","0","67301","0","0","0","N","0","0","0","4","67301","1","","1.0","","1","N","N","N","0","","0","0","1","","2","","","2","1","0","0","0","0","0","2","0","2","","03","","N","","","","","","","","","",""
"2020056664","0055","1","0","0","0","0","0","0","0","0","4","0","","67","7","2020","6","39.980865","-75.198942","0033","6","0","0","0","0","1","0","0","0","","0","0","0","","","2","N","0","","39 58:51.115","","0","75 11:56.192","3","0","0","0","67301","0","0","0","N","0","0","0","3","67301","0","","1.0","","1","N","N","N","0","","2","0","1","","0","","","2","2","0","0","0","0","0","2","0","2","","03","","N","","","","","","","","","",""
"2020103524","0152","2","0","0","0","0","0","0","0","0","4","0","","67","11","2020","1","39.972289","-75.239569","0151","6","0","0","0","0","0","0","0","0","","0","0","0","","","1","N","0","","39 58:20.240","","0","75 14:22.450","3","0","0","0","67301","0","0","0","N","0","0","0","2","67301","0","","1.0","","1","N","N","N","0","","1","0","0","","0","","","2","1","1","0","0","0","1","2","0","2","","03","","N","","","","","","","","","",""
"2020103741","0402","1","0","0","0","0","0","0","0","0","4","0","","67","11","2020","1","40.012814","-75.160458","0400","6","0","0","0","0","0","0","0","0","","0","0","0","","","1","N","0","","40 00:46.129","6","7","75 09:37.648","3","0","0","0","67301","0","0","0","N","0","0","0","2","67301","0","","1.0","500.0","1","N","N","N","0","","1","0","2","","0","Y","","3","1","0","0","0","0","0","2","0","3","","03","","N","","","","","","","","","",""
"2020100313","0952","1","0","0","0","0","0","0","0","0","1","1","","67","11","2020","5","39.95852","-75.166946","0939","6","0","0","0","0","0","0","0","0","","0","1","0","","","1","N","0","","39 57:30.672","4","0","75 10:01.006","4","0","0","0","67301","0","0","0","N","0","0","0","4","68K01","1","","1.0","1035.0","1","N","N","N","0","","0","0","1","","8","N","","3","1","0","0","0","0","0","2","0","3","","","","N","","","","","","","","","",""
"2020087616","","1","0","0","0","0","0","0","0","0","1","0","","67","8","2020","7","39.980834","-75.103889","","6","0","0","0","0","0","0","0","0","","0","0","0","","","1","N","0","","39 58:51.003","","0","75 06:13.999","8","0","0","0","67301","0","0","0","N","0","0","0","5","00000","0","","1.0","","1","","","N","0","","0","0","2","","0","","","3","1","0","0","0","1","0","2","0","3","","","","N","","","","","","","","","",""
"2020093300","2228","3","0","0","0","0","0","0","0","0","5","0","","67","10","2020","7","40.000142","-75.126917","2225","6","0","0","0","0","0","0","0","0","","0","0","0","","","0","N","0","","40 00:00.510","","0","75 07:36.900","9","0","0","0","67301","0","0","0","N","0","0","0","1","67301","0","","1.0","","1","N","N","N","0","","0","0","1","","0","","","4","0","0","0","0","0","1","2","0","4","","","","N","","","","","","","","","",""
"2020055005","0818","0","0","0","0","0","0","0","0","0","7","0","","67","7","2020","2","39.958742","-75.223144","0813","6","0","0","0","0","0","0","0","0","","0","0","0","","","1","","2","","39 57:31.471","","0","75 13:23.318","3","0","0","0","67301","0","0","0","N","0","0","0","1","67301","0","","5.0","","1","N","N","N","0","","1","0","1","","3","","","1","1","0","0","0","0","0","2","0","1","","03","","N","","","","","","","","","",""
"2020056648","2206","0","0","0","0","0","0","0","0","0","5","0","","67","7","2020","5","39.942239","-75.223467","2203","6","0","0","0","0","0","0","0","0","","0","0","0","","","1","N","0","","39 56:32.060","","0","75 13:24.480","3","0","0","0","67301","0","0","0","N","0","0","0","3","67301","0","","6.0","","1","N","N","Y","0","","1","0","1","","0","","","3","1","0","0","0","0","0","2","0","3","","03","","N","","","","","","","","","",""
"2020065341","2150","2","0","0","0","0","0","0","0","0","2","0","","67","7","2020","3","40.005516","-75.105344","2150","6","0","0","0","0","0","1","0","0","","0","0","0","","","1","","1","","40 00:19.857","3","0","75 06:19.237","3","0","0","0","67301","0","0","0","N","0","0","0","2","67301","0","","1.0","1200.0","1","N","N","N","0","","1","0","0","","2","Y","","2","1","1","0","0","0","0","2","0","2","","","","N","","","","","","","","","",""