"CRN","ARRIVAL_TM","AUTOMOBILE_COUNT","BELTED_DEATH_COUNT","BELTED_SUSP_SERIOUS_INJ_COUNT","BICYCLE_COUNT","BICYCLE_DEATH_COUNT","BICYCLE_SUSP_SERIOUS_INJ_COUNT","BUS_COUNT","CHLDPAS_DEATH_COUNT","CHLDPAS_SUSP_SERIOUS_INJ_COUNT","COLLISION_TYPE","COMM_VEH_COUNT","CONS_ZONE_SPD_LIM","COUNTY","CRASH_MONTH","CRASH_YEAR","DAY_OF_WEEK","DEC_LATITUDE","DEC_LONGITUDE","DISPATCH_TM","DISTRICT","DRIVER_COUNT_16YR","DRIVER_COUNT_17YR","DRIVER_COUNT_18YR","DRIVER_COUNT_19YR","DRIVER_COUNT_20YR","DRIVER_COUNT_50_64YR","DRIVER_COUNT_65_74YR","DRIVER_COUNT_75PLUS","EST_HRS_CLOSED","FATAL_COUNT","HEAVY_TRUCK_COUNT","HORSE_BUGGY_COUNT","HOUR_OF_DAY","ILLUMINATION","INJURY_COUNT","INTERSECTION_RELATED","INTERSECT_TYPE","LANE_CLOSED","LATITUDE","LN_CLOSE_DIR","LOCATION_TYPE","LONGITUDE","MAX_SEVERITY_LEVEL","MCYCLE_DEATH_COUNT","MCYCLE_SUSP_SERIOUS_INJ_COUNT","MOTORCYCLE_COUNT","MUNICIPALITY","NONMOTR_COUNT","NONMOTR_DEATH_COUNT","NONMOTR_SUSP_SERIOUS_INJ_COUNT","NTFY_HIWY_MAINT","PED_COUNT","PED_DEATH_COUNT","PED_SUSP_SERIOUS_INJ_COUNT","PERSON_COUNT","POLICE_AGCY","POSSIBLE_INJ_COUNT","RDWY_SURF_TYPE_CD","RELATION_TO_ROAD","ROADWAY_CLEARED","ROAD_CONDITION","SCH_BUS_IND","SCH_ZONE_IND","SECONDARY_CRASH","SMALL_TRUCK_COUNT","SPEC_JURIS_CD","SUSP_MINOR_INJ_COUNT","SUSP_SERIOUS_INJ_COUNT","SUV_COUNT","TCD_FUNC_CD","TCD_TYPE","TFC_DETOUR_IND","TIME_OF_DAY","TOTAL_UNITS","TOT_INJ_COUNT","UNBELTED_OCC_COUNT","UNB_DEATH_COUNT","UNB_SUSP_SERIOUS_INJ_COUNT","UNK_INJ_DEG_COUNT","UNK_INJ_PER_COUNT","URBAN_RURAL","VAN_COUNT","VEHICLE_COUNT","WEATHER1","WEATHER2","WORKERS_PRES","WORK_ZONE_IND","WORK_ZONE_LOC","WORK_ZONE_TYPE","WZ_CLOSE_DETOUR","WZ_FLAGGER","WZ_LAW_OFFCR_IND","WZ_LN_CLOSURE","WZ_MOVING","WZ_OTHER","WZ_SHLDER_MDN","WZ_WORKERS_INJ_KILLED"
"2020057748","0136","0","0","0","0","0","0","0","0","0","4","0","","67","7","2020","2","39.921726","-75.232033","0130","6","0","0","0","0","0","0","0","0","","0","0","0","","","1","","2","","39 55:18.213","","0","75 13:55.318","2","0","1","1","67301","0","0","0","N","0","0","0","2","67301","0","","1.0","","1","N","N","N","0","","0","1","1","","3","","","2","1","1","0","0","0","0","2","0","2","","03","","N","","","","","","","","","",""
"2020056666","0850","0","0","0","0","0","0","0","0","0","4","0","","67","7","2020","7","39.971038","-75.155724","0845","6","0","0","0","0","0","0","0","0","","0","0","0","","","0","","1","","39 58:15.737","","0","75 09:20.607","9","0","0","1","67301","0","0","0","N","0","0","0","2","67301","0","","1.0","","1","N","N","N","0","","0","0","0","","2","","","2","0","0","0","0","0","1","2","0","2","","03","","N","","","","","","","","","",""
"2020103259","1315","2","0","0","0","0","0","0","0","0","1","0","","67","10","2020","4","39.956794","-75.153716","1308","6","0","0","0","0","0","0","0","0","","0","0","0","","","0","N","0","","39 57:24.459","","0","75 09:13.376","0","0","0","0","67301","0","0","0","N","0","0","0","2","68K01","0","","1.0","","1","N","N","N","0","","0","0","0","","0","","","2","0","0","0","0","0","0","2","0","2","","","","N","","","","","","","","","",""
"2020103796","2314","2","0","0","0","0","0","0","0","0","1","0","","67","10","2020","5","39.886534","-75.206391","2258","6","0","0","0","0","0","0","0","0","","0","0","0","","","1","N","0","","39 53:11.524","2","0","75 12:23.007","3","0","0","0","67301","0","0","0","N","0","0","0","2","68K01","0","","1.0","2345.0","9","N","N","N","0","","1","0","0","","0","N","","2","1","0","0","0","0","0","2","0","2","","","","N","","","","","","","","","",""
"2020056659","1000","0","0","0","0","0","0","0","0","0","8","0","","67","7","2020","6","39.949684","-75.227017","1000","6","0","0","0","0","0","1","0","0","","0","0","0","","","1","","1","","39 56:58.862","","0","75 13:37.260","3","0","0","0","67301","1","0","0","N","1","0","0","2","67301","0","","1.0","","1","N","N","N","1","","1","0","0","","3","","","2","1","0","0","0","0","0","2","0","1","","","","N","","","","","","","","","",""
"2020058317","0700","1","0","0","0","0","0","0","0","0","4","0","","67","7","2020","4","40.094644","-75.015196","0658","6","0","0","0","0","0","0","0","0","","0","0","0","","","0","","1","","40 05:40.718","","0","75 00:54.707","0","0","0","0","67301","0","0","0","N","0","0","0","2","67301","0","","1.0","","1","N","N","N","0","","0","0","1","","2","","","2","0","0","0","0","0","0","2","0","2","","","","N","","","","","","","","","",""
"2020059376","2257","2","0","0","0","0","0","0","0","0","5","0","","67","7","2020","4","39.947005","-75.142024","2236","6","0","0","0","0","0","2","0","0","","0","0","0","","","0","N","0","","39 56:49.219","","0","75 08:31.287","0","0","0","0","67301","0","0","0","N","0","0","0","3","68K01","0","","1.0","","1","N","N","N","0","","0","0","0","","0","","","2","0","0","0","0","0","0","2","0","2","","","","N","","","","","","","","","",""
"2020053196","0107","1","0","0","0","0","0","0","0","0","7","0","","67","6","2020","1","39.924968","-75.147248","0101","6","0","0","0","0","1","0","0","0","","0","0","0","","","1","N","0","","39 55:29.883","2","0","75 08:50.092","3","0","0","0","67301","0","0","0","N","0","0","0","1","68K01","0","","4.0","140.0","1","N","N","N","0","","1","0","0","","0","N","","1","1","0","0","0","0","0","2","0","1","","03","","N","","","","","","","","","",""
"2020056647","1830","1","0","0","1","0","0","0","0","0","8","0","","67","7","2020","5","39.918431","-75.209256","1822","6","0","0","0","0","0","0","0","0","","0","0","0","","","1","N","0","","39 55:06.350","","0","75 12:33.320","4","0","0","0","67301","1","0","0","N","0","0","0","2","67301","1","","1.0","","1","N","N","N","0","","0","0","0","","0","","","2","1","1","0","0","0","0","2","0","1","","03","","N","","","","","","","","","",""
"2020057679","1838","1","0","0","1","0","0","0","0","0","8","0","","67","7","2020","7","39.964369","-75.176368","1834","6","0","0","0","0","0","0","0","0","","0","0","0","","","1","","5","","39 57:51.728","","0","75 10:34.926","3","0","0","0","67301","1","0","0","N","0","0","0","2","67301","0","","1.0","","1","N","N","N","0","","1","0","0","","2","","","2","1","1","0","0","0","0","2","0","1","","03","","N","","","","","","","","","",""
"2020057389","0506","4","0","0","0","0","0","0","0","0","5","0","","67","7","2020","6","40.0309","-75.131717","0500","6","0","0","0","0","0","0","0","0","","0","0","0","","","0","N","0","","40 01:51.240","","0","75 07:54.180","0","0","0","0","67301","0","0","0","N","0","0","0","1","67301","0","","6.0","","1","N","N","N","0","","0","0","1","","0","","","6","0","1","0","0","0","0","2","0","5","","","","N","","","","","","","","","",""
"2020109702","2310","0","0","0","0","0","0","0","0","0","7","1","35","67","12","2020","6","","","2309","6","0","0","0","0","0","0","0","0","","0","1","0","","","0","N","0","","","3","3","","0","0","0","0","67301","0","0","0","N","0","0","0","1","67501","0","","4.0","115.0","9","N","N","N","0","","0","0","0","","8","Y","","1","0","0","0","0","0","0","1","0","1","","","N","Y","4","1","","","N","Y","","","","N"
"2020102153","1404","1","0","0","0","0","0","0","0","0","5","1","","67","10","2020","6","40.032336","-75.020916","1321","6","0","0","1","0","0","0","0","0","","0","1","0","","","0","N","0","","40 01:56.409","1","0","75 01:15.298","0","0","0","0","67301","0","0","0","N","0","0","0","1","68K01","0","","1.0","30.0","1","N","N","N","0","","0","0","0","","0","N","","2","0","0","0","0","0","0","2","0","2","","03","","N","","","","","","","","","",""
"2020104392","0310","0","0","0","0","0","0","0","0","0","6","0","","67","12","2020","6","39.92255","-75.230738","0259","6","0","0","0","0","0","0","0","0","","0","0","0","","","0","N","0","","39 55:21.180","","0","75 13:50.658","0","0","0","0","67301","0","0","0","N","0","0","0","1","67301","0","","1.0","","1","N","N","N","0","","0","0","4","","0","","","4","0","0","0","0","0","0","2","0","4","","03","","N","","","","","","","","","",""
"2020057743","1146","1","0","0","0","0","0","0","0","0","4","0","","67","7","2020","2","40.036324","-75.069822","1139","6","0","0","0","0","1","0","0","0","","0","0","0","","","3","N","0","","40 02:10.767","","7","75 04:11.359","3","0","0","0","67301","0","0","0","N","0","0","0","3","67301","0","","1.0","","1","N","N","N","0","","3","0","1","","0","","","2","3","0","0","0","0","0","2","0","2","","03","","N","","","","","","","","","",""
"2020103738","1300","0","0","0","0","0","0","0","0","0","5","1","","67","12","2020","4","39.908041","-75.154634","1300","6","0","0","0","0","0","0","0","0","","0","1","0","","","0","","3","","39 54:28.947","","2","75 09:16.681","0","0","0","0","67301","0","0","0","N","0","0","0","2","67301","0","","1.0","","1","N","N","N","0","","0","0","1","","0","","","2","0","2","0","0","0","0","2","0","2","","","","N","","","","","","","","","",""
"2020058703","2200","2","0","0","0","0","0","0","0","0","5","0","","67","7","2020","5","40.050081","-75.155481","2200","6","0","0","0","0","0","1","0","0","","0","0","0","","","0","N","0","","40 03:00.290","","0","75 09:19.730","0","0","0","0","67301","0","0","0","N","0","0","0","1","67301","0","","6.0","","1","N","N","N","1","","0","0","1","","0","","","4","0","0","0","0","0","0","2","0","4","","03","","N","","","","","","","","","",""
"2020104388","0938","2","0","0","0","0","0","0","0","0","1","0","","67","12","2020","5","40.074208","-75.034731","0938","6","0","0","0","0","0","1","0","0","","0","0","0","","","0","","1","","40 04:27.147","1","0","75 02:05.032","0","0","0","0","67301","0","0","0","N","0","0","0","3","67301","0","","1.0","1105.0","1","N","N","N","1","","0","0","0","","2","N","","3","0","1","0","0","0","0","2","0","3","","","","N","","","","","","","","","",""
"2020057473","0343","1","0","0","0","0","0","0","0","0","6","0","","67","7","2020","3","40.049717","-75.147719","0327","6","0","0","0","0","0","0","0","0","","0","0","0","","","1","N","0","","40 02:58.980","","0","75 08:51.790","3","0","0","0","67301","0","0","0","N","0","0","0","1","67301","0","","6.0","","1","N","N","N","0","","1","0","1","","0","","","2","1","1","0","0","0","0","2","0","2","","","","N","","","","","","","","","",""
"2020103288","0020","0","0","0","0","0","0","0","0","0","5","1","","67","11","2020","7","39.895452","-75.193148","0016","6","0","0","0","0","0","0","1","0","","0","1","0","","","0","N","0","","39 53:43.627","","3","75 11:35.333","9","0","0","0","67301","0","0","0","N","0","0","0","2","68K01","0","","1.0","","1","N","N","N","0","","0","0","1","","0","","","2","0","0","0","0","0","1","2","0","2","","03","","N","","","","","","","","","",""
"2020103321","1954","1","0","0","0","0","0","0","0","0","6","1","","67","11","2020","5","40.023604","-75.031508","1950","6","0","0","0","0","0","0","0","0","","0","1","0","","","0","N","0","","40 01:24.976","1","2","75 01:53.429","0","0","0","0","67301","0","0","0","N","0","0","0","2","68K01","0","","1.0","100.0","9","N","N","N","0","","0","0","0","","2","N","","2","0","0","0","0","0","0","2","0","2","","","","N","","","","","","","","","",""
"2020109634","1907","0","0","0","0","0","0","0","0","0","5","1","","67","12","2020","4","39.905692","-75.149821","1853","6","0","0","0","0","0","0","0","0","","0","1","0","","","0","N","0","","39 54:20.492","","0","75 08:59.355","0","0","0","0","67301","0","0","0","N","0","0","0","2","68K01","0","","1.0","","9","N","N","N","0","","0","0","1","","0","","","2","0","0","0","0","0","0","2","0","2","","10","","N","","","","","","","","","",""
"2020092494","1824","1","0","0","0","0","0","0","0","0","5","0","","67","10","2020","5","40.016728","-75.089147","1814","6","0","0","0","0","0","0","0","0","","0","0","0","","","0","N","0","","40 01:00.220","","0","75 05:20.930","0","0","0","0","67301","0","0","0","N","0","0","0","1","67301","0","","1.0","","1","N","N","N","0","","0","0","1","","0","","","2","0","0","0","0","0","0","2","0","2","","03","","N","","","","","","","","","",""
"2020055728","0419","2","0","0","0","0","0","0","0","0","5","0","","67","7","2020","4","39.982159","-75.181814","0418","6","0","0","0","0","0","0","0","0","","0","0","0","","","0","N","0","","39 58:55.773","","0","75 10:54.530","0","0","0","0","67301","0","0","0","N","0","0","0","1","67301","0","","6.0","","1","N","N","N","0","","0","0","0","","0","","","2","0","0","0","0","0","0","2","0","2","","","","N","","","","","","","","","",""
"2020063301","0715","2","0","0","0","0","0","0","0","0","4","0","","67","8","2020","5","39.99484","-75.148902","0710","6","0","0","0","0","0","0","0","0","","0","0","0","","","0","","1","","39 59:41.424","","0","75 08:56.047","0","0","0","0","67301","0","0","0","N","0","0","0","2","67301","0","","1.0","","9","N","N","N","0","","0","0","0","","3","","","2","0","0","0","0","0","0","2","0","2","","","","N","","","","","","","","","",""
"2020057294","1700","1","0","0","0","0","0","0","0","0","5","0","","67","7","2020","2","40.059331","-75.188172","1641","6","0","0","0","0","1","0","0","0","","0","0","0","","","0","N","0","","40 03:33.590","","0","75 11:17.420","0","0","0","0","67301","0","0","0","N","0","0","0","1","67301","0","","6.0","","1","N","N","N","1","","0","0","0","","0","","","2","0","0","0","0","0","0","2","0","2","","","","N","","","","","","","","","",""
"2020056669","0531","2","0","0","0","0","0","0","0","0","4","0","","67","7","2020","6","40.011545","-75.108042","0530","6","0","0","0","0","0","0","0","0","","0","0","0","","","1","","1","","40 00:41.562","","0","75 06:28.950","4","0","0","0","67301","0","0","0","N","0","0","0","3","67301","1","","1.0","","1","N","N","N","0","","0","0","0","","2","","","2","1","0","0","0","0","0","2","0","2","","03","","N","","","","","","","","","",""
"2020057133","1655","0","0","0","0","0","0","0","0","0","4","0","","67","7","2020","1","39.975156","-75.188114","1645","6","0","0","0","0","0","0","0","0","","0","0","0","","","1","","1","","39 58:30.561","","0","75 11:17.209","3","0","0","0","67301","0","0","0","N","0","0","0","2","67301","0","","1.0","","1","N","N","N","0","","1","0","1","","2","","","2","1","0","0","0","0","0","2","0","2","","","","N","","","","","","","","","",""
"2020056658","0249","5","0","0","0","0","0","0","0","0","5","0","","67","7","2020","7","39.963748","-75.224339","0239","6","0","0","0","0","0","0","0","0","","0","0","0","","","0","N","0","","39 57:49.492","1","0","75 13:27.622","0","0","0","0","67301","0","0","0","N","0","0","0","1","67301","0","","6.0","30.0","1","N","N","N","0","","0","0","2","","0","N","","7","0","0","0","0","0","0","2","0","7","","03","","N","","","","","","","","","",""
"2020100248","2133","1","0","0","0","0","0","0","0","0","4","1","","67","11","2020","6","40.114035","-74.987614","2122","6","0","0","0","0","0","0","0","0","","0","1","0","","","0","","1","","40 06:50.525","3","0","74 59:15.412","0","0","0","0","67301","0","0","0","N","0","0","0","2","67301","0","","1.0","2144.0","1","N","N","N","0","","0","0","0","","2","N","","2","0","0","0","0","0","0","2","0","2","","03","","N","","","","","","","","","",""
"2020056795","1415","0","0","0","0","0","0","0","0","0","8","0","05","67","7","2020","6","40.048802","-75.235418","1411","6","0","0","0","0","0","1","0","0","","0","0","0","","","1","","1","","40 02:55.688","","0","75 14:07.506","8","0","0","1","67301","1","0","0","N","1","0","0","3","67301","0","","1.0","","1","N","N","Y","0","","0","0","1","","7","","","3","1","0","0","0","1","1","2","0","2","","","Y","Y","8","1","","Y","U","","","","","N"
"2020077914","0301","2","0","0","0","0","0","0","0","0","4","0","","67","7","2020","5","39.990878","-75.11483","0301","6","0","0","0","0","0","1","0","0","","0","0","0","","","1","","2","","39 59:27.161","","0","75 06:53.387","3","0","0","0","67301","0","0","0","N","0","0","0","3","67301","0","","1.0","","1","N","N","N","0","","1","0","0","","2","","","2","1","0","0","0","0","0","2","0","2","","03","","N","","","","","","","","","",""
"2020060545","0457","1","0","0","0","0","0","0","0","0","1","0","","67","7","2020","2","39.985566","-75.156301","0456","6","1","0","0","1","0","0","0","0","","0","0","0","","","7","N","0","","39 59:08.038","5","0","75 09:22.682","2","0","0","0","67301","1","0","1","N","1","0","1","8","67301","0","","1.0","745.0","1","N","N","N","0","","6","1","1","","0","Y","","3","7","3","0","0","0","0","2","0","2","","","","N","","","","","","","","","",""
"2020100867","1845","1","0","0","0","0","0","1","0","0","1","1","","67","11","2020","5","40.004095","-75.172281","1835","6","0","0","0","0","0","0","0","0","","0","0","0","","","1","","1","","40 00:14.741","","0","75 10:20.212","8","0","0","0","67301","0","0","0","N","0","0","0","3","67508","0","","1.0","","1","N","N","Y","0","","0","0","0","","2","N","","2","1","0","0","0","1","0","2","0","2","","03","","N","","","","","","","","","",""
"2020103822","2208","3","0","0","0","0","0","0","0","0","4","0","","67","11","2020","1","39.957085","-75.156636","2208","6","0","0","0","1","0","0","0","0","","0","0","0","","","0","N","0","","39 57:25.506","3","0","75 09:23.888","0","0","0","0","67301","0","0","0","N","0","0","0","4","68K01","0","","3.0","100.0","9","N","N","N","0","","0","0","0","","0","N","","3","0","0","0","0","0","0","2","0","3","","","","N","","","","","","","","","",""
"2020103824","1132","1","0","0","0","0","0","0","0","0","5","1","","67","11","2020","2","39.975432","-75.115746","1130","6","0","0","0","0","0","1","0","0","","0","1","0","","","1","N","0","","39 58:31.554","","0","75 06:56.687","8","0","0","0","67301","0","0","0","N","0","0","0","2","68K01","0","","1.0","","1","N","N","N","0","","0","0","0","","0","","","2","1","0","0","0","1","0","2","0","2","","","","N","","","","","","","","","",""
"2020102835","1920","1","0","0","0","0","0","0","0","0","6","1","","67","11","2020","2","40.007185","-75.151581","1919","6","1","0","0","0","0","1","0","0","","0","1","0","","","0","N","0","","40 00:25.865","","0","75 09:05.691","0","0","0","0","67301","0","0","0","N","0","0","0","2","67505","0","","1.0","","9","N","N","N","0","","0","0","0","","0","","","2","0","0","0","0","0","0","2","0","2","","04","","N","","","","","","","","","",""
"2020058614","0819","1","0","0","1","0","0","0","0","0","8","0","","67","7","2020","3","39.96855","-75.153013","0815","6","0","0","0","0","0","0","0","0","","0","0","0","","","1","","1","","39 58:06.780","","0","75 09:10.846","3","0","0","0","67301","1","0","0","N","0","0","0","2","67301","0","","1.0","","1","N","N","N","0","","1","0","0","","2","","","2","1","0","0","0","0","0","2","0","1","","03","","N","","","","","","","","","",""
"2020056668","2040","1","0","0","0","0","0","0","0","0","4","0","","67","7","2020","4","39.997926","-75.111988","2035","6","0","0","0","0","0","0","0","0","","0","0","0","","","1","","2","","39 59:52.533","","0","75 06:43.156","8","0","0","1","67301","0","0","0","N","0","0","0","2","67301","0","","1.0","","1","N","N","N","0","","0","0","0","","0","","","2","1","0","0","0","1","0","2","0","2","","03","","N","","","","","","","","","",""
"2020056957","0650","1","0","0","0","0","0","0","0","0","5","0","","67","7","2020","1","40.013472","-75.123067","0650","6","0","0","0","0","0","0","0","0","","0","0","0","","","1","N","0","","40 00:48.500","","7","75 07:23.040","4","0","0","0","67301","0","0","0","N","0","0","0","3","67301","1","","1.0","","1","N","N","Y","0","","0","0","2","","2","","","3","1","0","0","0","0","0","2","0","3","","","","N","","","","","","","","","",""
"2020102419","1300","1","0","0","0","0","0","0","0","0","5","1","","67","11","2020","4","40.038789","-75.191645","1300","6","0","0","0","0","1","0","0","0","","0","1","0","","","1","N","0","","40 02:19.639","","0","75 11:29.923","4","0","0","0","67301","0","0","0","N","0","0","0","2","67301","1","","1.0","","1","N","N","N","0","","0","0","0","","0","","","2","1","0","0","0","0","0","2","0","2","","03","","N","","","","","","","","","",""
"2020057387","0845","3","0","0","0","0","0","0","0","0","5","0","","67","7","2020","2","39.953483","-75.234011","0831","6","0","0","0","0","0","0","0","0","","0","0","0","","","0","N","0","","39 57:12.540","","0","75 14:02.440","9","0","0","0","67301","0","0","0","N","0","0","0","1","67301","0","","6.0","","1","N","N","N","0","","0","0","0","","0","","","5","0","0","0","0","0","1","2","1","5","","03","","N","","","","","","","","","",""
"2020095770","0928","1","0","0","1","0","0","0","0","0","8","0","","67","11","2020","2","39.937906","-75.183569","0928","6","0","0","0","0","0","0","0","0","","0","0","0","","","1","N","0","","39 56:16.460","","0","75 11:00.850","8","0","0","0","67301","1","0","0","N","0","0","0","2","67301","0","","1.0","","1","N","N","N","0","","0","0","0","","0","","","2","1","0","0","0","1","0","2","0","1","","03","","N","","","","","","","","","",""
"2020110835","","1","0","0","0","0","0","0","0","0","1","0","","67","1","2020","5","39.984508","-75.17875","","6","0","0","0","0","0","0","0","0","","0","0","0","","","2","","2","","39 59:04.228","","0","75 10:43.500","8","0","0","0","67301","0","0","0","N","0","0","0","2","00000","0","","1.0","","1","","","N","0","","0","0","0","","0","","","2","2","0","0","0","2","0","2","0","2","","","","N","","","","","","","","","",""
"2020058086","1220","0","0","0","0","0","0","0","0","0","4","0","","67","7","2020","4","39.948933","-75.239447","1217","6","0","0","0","0","0","0","0","0","","0","0","0","","","1","","1","","39 56:56.158","","0","75 14:22.009","3","0","0","0","67301","0","0","0","N","0","0","0","2","67301","0","","1.0","","1","N","N","N","0","","1","0","2","","3","","","2","1","0","0","0","0","1","2","0","2","","","","N","","","","","","","","","",""
"2020103252","2154","1","0","0","0","0","0","0","0","0","1","1","","67","10","2020","2","39.892762","-75.197145","2142","6","0","0","0","0","0","0","0","0","","0","1","0","","","1","N","0","","39 53:33.943","2","3","75 11:49.721","4","0","0","0","67301","0","0","0","N","0","0","0","3","68K01","1","","1.0","2142.0","1","N","N","N","0","","0","0","0","","0","N","","2","1","0","0","0","0","0","2","0","2","","","","N","","","","","","","","","",""
"2020063423","2358","2","0","0","0","0","0","0","0","0","4","0","","67","8","2020","6","39.99417","-75.180868","2347","6","0","0","0","0","0","0","0","0","","0","0","0","","","1","","1","","39 59:39.012","","0","75 10:51.124","3","0","0","1","67301","0","0","0","N","0","0","0","2","67301","0","","1.0","","1","N","N","N","0","","1","0","1","","3","","","4","1","1","0","0","0","0","2","0","4","","03","","N","","","","","","","","","",""
"2020056646","1715","1","0","0","0","0","0","0","0","0","4","0","","67","7","2020","6","40.119778","-75.015917","1715","6","0","0","0","0","0","0","0","0","","0","0","0","","","0","N","0","","40 07:11.200","","7","75 00:57.300","0","0","0","0","67301","0","0","0","N","0","0","0","2","67301","0","","1.0","","1","N","N","N","0","","0","0","1","","0","","","2","0","1","0","0","0","0","2","0","2","","03","","N","","","","","","","","","",""
"2020055915","0647","1","0","0","0","0","0","0","0","0","7","0","","67","7","2020","5","39.944815","-75.198163","0644","6","0","0","0","0","0","0","0","0","","0","0","0","","","1","N","0","","39 56:41.335","","1","75 11:53.386","4","0","0","0","67301","0","0","0","N","0","0","0","1","67504","1","","4.0","","1","N","N","N","0","","0","0","0","","0","","","1","1","0","0","0","0","0","2","0","1","","98","","N","","","","","","","","","",""
"2020057385","1430","1","0","0","0","0","0","0","0","0","4","0","","67","7","2020","2","40.003376","-75.065813","1423","6","0","0","0","0","0","0","0","0","","0","0","0","","","0","","2","","40 00:12.155","3","0","75 03:56.927","9","0","0","0","67301","0","0","0","N","0","0","0","2","67301","0","","1.0","1505.0","1","N","N","N","0","","0","0","1","","3","N","","2","0","0","0","0","0","2","2","0","2","","03","","N","","","","","","","","","",""
"2020111409","0142","1","0","0","0","0","0","0","0","0","7","0","","67","12","2020","1","40.092992","-74.962941","0138","6","0","0","0","0","0","0","0","0","","1","0","0","","","2","N","0","","40 05:34.770","","99","74 57:46.587","1","0","0","0","67301","0","0","0","N","0","0","0","3","67301","0","2","3.0","","1","N","N","N","0","0","0","2","0","","0","","","1","2","0","0","0","0","0","2","0","1","","03","","N","","","","","","","","","",""
"2020059352","1816","1","0","0","0","0","0","0","0","0","7","0","","67","7","2020","2","39.981811","-75.101716","1800","6","0","0","0","0","1","0","0","0","","0","0","0","","","0","N","0","","39 58:54.519","2","0","75 06:06.178","0","0","0","0","67301","0","0","0","N","0","0","0","1","68K01","0","","4.0","1900.0","1","N","N","N","0","","0","0","0","","0","N","","1","0","0","0","0","0","0","2","0","1","","03","","N","","","","","","","","","",""
"2020103600","0633","1","0","0","0","0","0","0","0","0","1","0","","67","11","2020","2","39.98581","-75.156247","0627","6","0","0","0","0","0","0","0","0","","0","0","0","","","1","N","0","","39 59:08.915","","0","75 09:22.490","3","0","0","0","67301","0","0","0","N","0","0","0","2","67301","0","","6.0","","9","N","N","N","0","","1","0","1","","2","","","2","1","0","0","0","0","0","2","0","2","","","","N","","","","","","","","","",""
"2020103005","1150","3","0","0","0","0","0","0","0","0","1","0","","67","11","2020","1","40.039923","-75.213596","1148","6","0","0","0","0","0","0","0","0","","0","0","0","","","4","N","0","","40 02:23.724","","0","75 12:48.945","8","0","0","0","67301","0","0","0","N","0","0","0","4","67301","0","","1.0","","1","N","N","N","0","","0","0","0","","0","U","","3","4","0","0","0","4","0","2","0","3","","","","N","","","","","","","","","",""
"2020059147","0055","2","0","0","0","0","0","0","0","0","4","0","","67","7","2020","1","40.022906","-75.148275","0048","6","0","0","0","0","0","2","0","0","","0","0","0","","","0","","5","","40 01:22.460","2","0","75 08:53.790","0","0","0","0","67301","0","0","0","N","0","0","0","2","67301","0","","1.0","200.0","1","N","N","N","0","","0","0","0","","2","N","","2","0","0","0","0","0","0","2","0","2","","","","N","","","","","","","","","",""
"2020100947","0920","1","0","0","0","0","0","0","0","0","7","0","","67","11","2020","6","39.945936","-75.142522","0907","6","0","0","0","0","0","0","1","0","","0","0","0","","","0","N","0","","39 56:45.368","","1","75 08:33.079","0","0","0","0","67301","0","0","0","N","0","0","0","1","68K01","0","","4.0","","9","N","N","N","0","","0","0","0","","0","","","1","0","0","0","0","0","0","2","0","1","","","","N","","","","","","","","","",""
"2020057474","1237","2","0","0","0","0","0","0","0","0","5","0","","67","7","2020","2","40.009524","-75.153328","1235","6","0","0","0","0","0","0","0","0","","0","0","0","","","1","N","0","","40 00:34.285","6","0","75 09:11.982","8","0","0","0","67301","0","0","0","N","0","0","0","5","67301","0","","6.0","100.0","1","N","N","N","0","","0","0","2","","0","Y","","4","1","0","0","0","1","0","2","0","4","","03","","N","","","","","","","","","",""
"2020065849","2155","1","0","0","0","0","0","0","0","0","4","0","","67","8","2020","7","39.966132","-75.218504","2154","6","0","0","0","1","0","1","0","0","","0","0","0","","","1","","1","","39 57:58.075","","0","75 13:06.614","3","0","0","0","67301","0","0","0","N","0","0","0","3","67301","0","","1.0","","1","N","N","N","0","","1","0","1","","3","","","2","1","0","0","0","0","0","2","0","2","","03","","N","","","","","","","","","",""
"2020061878","1735","0","0","0","0","0","0","0","0","0","8","0","","67","7","2020","6","40.03889","-75.143921","1734","6","0","0","0","0","0","0","1","0","","0","0","0","","","1","N","0","","40 02:20.005","","0","75 08:38.115","3","0","0","1","67301","1","0","0","N","1","0","0","3","67301","0","","4.0","","1","N","N","N","0","","1","0","1","","0","","","3","1","1","0","0","0","0","2","0","2","","03","","N","","","","","","","","","",""
"2020055968","0038","0","0","0","0","0","0","0","0","0","8","0","","67","7","2020","4","39.910358","-75.231367","0035","6","0","0","0","0","0","0","0","0","","0","0","0","","","1","N","0","","39 54:37.290","","0","75 13:52.920","3","0","0","0","67301","1","0","0","N","1","0","0","2","67301","0","","1.0","","1","N","N","N","0","","1","0","0","","0","","","2","1","0","0","0","0","0","2","0","1","","03","","N","","","","","","","","","",""
"2020057469","1530","1","0","0","0","0","0","0","0","0","1","0","","67","7","2020","7","40.045609","-75.056416","1525","6","0","0","0","0","0","0","0","0","","0","0","0","","","0","","2","","40 02:44.193","","0","75 03:23.098","9","0","0","0","67301","0","0","0","N","0","0","0","2","67301","0","","1.0","","1","N","N","N","0","","0","0","1","","2","","","2","0","0","0","0","0","1","2","0","2","","03","","N","","","","","","","","","",""