"CRN","ARRIVAL_TM","AUTOMOBILE_COUNT","BELTED_DEATH_COUNT","BELTED_SUSP_SERIOUS_INJ_COUNT","BICYCLE_COUNT","BICYCLE_DEATH_COUNT","BICYCLE_SUSP_SERIOUS_INJ_COUNT","BUS_COUNT","CHLDPAS_DEATH_COUNT","CHLDPAS_SUSP_SERIOUS_INJ_COUNT","COLLISION_TYPE","COMM_VEH_COUNT","CONS_ZONE_SPD_LIM","COUNTY","CRASH_MONTH","CRASH_YEAR","DAY_OF_WEEK","DEC_LATITUDE","DEC_LONGITUDE","DISPATCH_TM","DISTRICT","DRIVER_COUNT_16YR","DRIVER_COUNT_17YR","DRIVER_COUNT_18YR","DRIVER_COUNT_19YR","DRIVER_COUNT_20YR","DRIVER_COUNT_50_64YR","DRIVER_COUNT_65_74YR","DRIVER_COUNT_75PLUS","EST_HRS_CLOSED","FATAL_COUNT","HEAVY_TRUCK_COUNT","HORSE_BUGGY_COUNT","HOUR_OF_DAY","ILLUMINATION","INJURY_COUNT","INTERSECTION_RELATED","INTERSECT_TYPE","LANE_CLOSED","LATITUDE","LN_CLOSE_DIR","LOCATION_TYPE","LONGITUDE","MAX_SEVERITY_LEVEL","MCYCLE_DEATH_COUNT","MCYCLE_SUSP_SERIOUS_INJ_COUNT","MOTORCYCLE_COUNT","MUNICIPALITY","NONMOTR_COUNT","NONMOTR_DEATH_COUNT","NONMOTR_SUSP_SERIOUS_INJ_COUNT","NTFY_HIWY_MAINT","PED_COUNT","PED_DEATH_COUNT","PED_SUSP_SERIOUS_INJ_COUNT","PERSON_COUNT","POLICE_AGCY","POSSIBLE_INJ_COUNT","RDWY_SURF_TYPE_CD","RELATION_TO_ROAD","ROADWAY_CLEARED","ROAD_CONDITION","SCH_BUS_IND","SCH_ZONE_IND","SECONDARY_CRASH","SMALL_TRUCK_COUNT","SPEC_JURIS_CD","SUSP_MINOR_INJ_COUNT","SUSP_SERIOUS_INJ_COUNT","SUV_COUNT","TCD_FUNC_CD","TCD_TYPE","TFC_DETOUR_IND","TIME_OF_DAY","TOTAL_UNITS","TOT_INJ_COUNT","UNBELTED_OCC_COUNT","UNB_DEATH_COUNT","UNB_SUSP_SERIOUS_INJ_COUNT","UNK_INJ_DEG_COUNT","UNK_INJ_PER_COUNT","URBAN_RURAL","VAN_COUNT","VEHICLE_COUNT","WEATHER1","WEATHER2","WORKERS_PRES","WORK_ZONE_IND","WORK_ZONE_LOC","WORK_ZONE_TYPE","WZ_CLOSE_DETOUR","WZ_FLAGGER","WZ_LAW_OFFCR_IND","WZ_LN_CLOSURE","WZ_MOVING","WZ_OTHER","WZ_SHLDER_MDN","WZ_WORKERS_INJ_KILLED"
"2020103948","0030","0","0","0","0","0","0","0","0","0","8","0","","67","11","2020","7","40.021723","-75.125668","0026","6","0","0","0","0","0","0","0","0","","0","0","0","","","1","","1","","40 01:18.202","","0","75 07:32.404","8","0","0","0","67301","1","0","0","N","1","0","0","1","67301","0","","9.0","","1","N","N","N","0","","0","0","0","","2","","","2","1","0","0","0","1","0","2","0","1","","03","","N","","","","","","","","","",""
"2020104068","2106","0","0","0","0","0","0","0","0","0","7","0","","67","11","2020","4","39.881753","-75.245697","2059","6","0","0","0","0","0","0","0","0","","0","0","0","","","0","N","0","","39 52:54.310","","0","75 14:44.510","0","0","0","0","67301","0","0","0","N","0","0","0","1","68K01","0","","2.0","","1","N","N","N","0","","0","0","1","","0","","","1","0","0","0","0","0","0","2","0","1","","03","","N","","","","","","","","","",""
"2020091351","0024","1","0","0","0","0","0","0","0","0","5","1","","67","10","2020","2","40.02425","-75.156889","0023","6","0","0","0","0","0","0","0","0","","0","1","0","","","0","N","0","","40 01:27.300","","0","75 09:24.800","0","0","0","0","67301","0","0","0","N","0","0","0","1","67301","0","","6.0","","9","N","N","N","0","","0","0","0","","0","","","2","0","0","0","0","0","0","2","0","2","","04","","N","","","","","","","","","",""
"2020058418","1845","1","0","0","0","0","0","0","0","0","8","0","","67","7","2020","4","39.954194","-75.169784","1826","6","0","0","0","0","0","0","0","0","","0","0","0","","","1","","1","","39 57:15.100","","0","75 10:11.224","3","0","0","0","67301","1","0","0","N","1","0","0","2","67301","0","","1.0","","9","N","N","N","0","","1","0","0","","2","","","2","1","1","0","0","0","1","2","0","1","","04","","N","","","","","","","","","",""
"2020057756","1801","0","0","0","0","0","0","0","0","0","4","0","","67","7","2020","7","40.00468","-75.152126","1800","6","0","0","0","0","0","0","0","0","","0","0","0","","","1","","1","","40 00:16.847","","0","75 09:07.652","2","0","0","0","67301","0","0","0","N","0","0","0","2","67301","0","","1.0","","1","N","N","N","1","","0","1","0","","2","","","2","1","1","0","0","0","0","2","0","2","","","","N","","","","","","","","","",""
"2020058424","0115","2","0","0","0","0","0","0","0","0","99","0","","67","7","2020","5","39.994076","-75.161264","0040","6","0","0","0","0","0","0","0","0","","0","0","0","","","0","N","0","","39 59:38.673","4","0","75 09:40.549","0","0","0","0","67301","0","0","0","N","0","0","0","2","67301","0","","1.0","200.0","9","N","N","N","0","","0","0","1","","0","Y","","3","0","0","0","0","0","0","2","0","3","","","","N","","","","","","","","","",""
"2020093218","1323","1","0","0","0","0","0","0","0","0","4","0","","67","11","2020","3","40.068896","-75.181758","1313","6","0","0","0","0","0","0","0","1","","0","0","0","","","3","","1","","40 04:08.025","","0","75 10:54.330","8","0","0","0","67301","0","0","0","N","0","0","0","6","67301","0","","1.0","","1","N","N","N","0","","0","0","1","","2","","","2","3","0","0","0","3","0","2","0","2","","03","","N","","","","","","","","","",""
"2020058087","0016","3","0","0","0","0","0","0","0","0","5","0","","67","7","2020","5","39.956748","-75.211203","0015","6","0","0","0","0","0","0","0","0","","0","0","0","","","0","N","0","","39 57:24.291","","0","75 12:40.331","9","0","0","0","67301","0","0","0","N","0","0","0","1","67301","0","","6.0","","1","N","N","N","0","","0","0","0","","0","","","3","0","0","0","0","0","1","2","0","3","","","","N","","","","","","","","","",""
"2020057654","2028","1","0","0","0","0","0","0","0","0","4","0","","67","7","2020","7","40.063974","-75.059602","2025","6","0","0","0","0","0","0","0","0","","0","0","0","","","1","","1","","40 03:50.306","","0","75 03:34.568","8","0","0","1","67301","0","0","0","N","0","0","0","2","67301","0","","1.0","","1","N","N","N","0","","0","0","0","","3","","","2","1","1","0","0","1","0","2","0","2","","03","","N","","","","","","","","","",""
"2020100364","1750","3","0","0","0","0","0","0","0","0","4","0","","67","11","2020","7","39.956404","-75.208445","1750","6","0","0","0","0","0","0","0","0","","0","0","0","","","1","","2","","39 57:23.054","","1","75 12:30.403","8","0","0","0","67301","0","0","0","N","0","0","0","2","67301","0","","1.0","","1","N","N","N","0","","0","0","0","","2","U","","3","1","0","0","0","1","0","2","0","3","","","","N","","","","","","","","","",""
"2020099669","0935","2","0","0","0","0","0","0","0","0","4","0","","67","11","2020","4","40.040931","-75.187327","0920","6","0","0","0","0","0","0","0","0","","0","0","0","","","0","","1","","40 02:27.350","","0","75 11:14.378","0","0","0","0","67301","0","0","0","N","0","0","0","2","67301","0","","1.0","","1","N","N","N","0","","0","0","0","","2","","","2","0","0","0","0","0","0","2","0","2","","03","","N","","","","","","","","","",""
"2020104026","0705","1","0","0","0","0","0","0","0","0","1","0","","67","12","2020","4","40.070681","-75.037225","0655","6","0","0","0","0","0","0","0","1","","0","0","0","","","0","N","0","","40 04:14.450","","0","75 02:14.010","0","0","0","0","67301","0","0","0","N","0","0","0","1","67301","0","","4.0","","1","N","N","N","1","","0","0","0","","0","","","2","0","0","0","0","0","0","2","0","2","","04","","N","","","","","","","","","",""
"2020057658","2146","0","0","0","0","0","0","0","0","0","7","0","35","67","7","2020","3","39.912583","-75.174444","2145","6","0","0","0","0","0","1","0","0","","0","0","0","","","0","N","0","","39 54:45.300","3","3","75 10:28.000","0","0","0","0","67301","0","0","0","N","0","0","0","1","67501","0","","2.0","2214.0","1","N","N","N","0","","0","0","1","","8","N","","1","0","0","0","0","0","0","2","0","1","","03","N","Y","4","1","Y","","N","Y","","","Y","N"
"2020059509","0005","2","0","0","0","0","0","0","0","0","5","0","","67","7","2020","3","40.054208","-75.024864","0001","6","0","0","0","0","0","0","0","0","","0","0","0","","","1","N","0","","40 03:15.150","1","0","75 01:29.510","4","0","0","0","67301","0","0","0","N","0","0","0","1","67301","1","","6.0","130.0","1","N","N","N","0","","0","0","1","","0","Y","","3","1","0","0","0","0","0","2","0","3","","03","","N","","","","","","","","","",""
"2020110203","0658","1","0","0","0","0","0","0","0","0","1","1","","67","12","2020","4","39.967458","-75.132678","0645","6","0","0","0","0","0","0","0","0","","0","1","0","","","1","N","0","","39 58:02.850","2","0","75 07:57.640","3","0","0","0","67301","0","0","0","N","0","0","0","4","68K01","0","","1.0","715.0","1","N","N","N","1","","1","0","0","","0","N","","4","1","0","0","0","0","0","2","1","4","","03","","N","","","","","","","","","",""
"2020055847","1744","1","0","0","0","0","0","0","0","0","4","0","","67","7","2020","4","40.029855","-75.104304","1744","6","0","0","0","0","0","0","0","0","","0","0","0","","","1","","1","","40 01:47.478","3","0","75 06:15.493","3","0","0","0","67301","0","0","0","N","0","0","0","2","67301","0","","1.0","30.0","1","N","N","N","0","","1","0","0","","2","Y","","2","1","0","0","0","0","0","2","0","2","","","","N","","","","","","","","","",""
"2020103521","2017","1","0","0","0","0","0","0","0","0","4","0","","67","11","2020","2","39.955565","-75.223795","2015","6","0","0","0","0","0","0","0","0","","0","0","0","","","0","","1","","39 57:20.034","","0","75 13:25.662","0","0","0","0","67301","0","0","0","N","0","0","0","1","67301","0","","1.0","","9","N","N","N","0","","0","0","0","","3","","","2","0","0","0","0","0","0","2","0","2","","03","","N","","","","","","","","","",""
"2020103030","2200","1","0","0","0","0","0","0","0","0","8","0","","67","11","2020","2","39.996338","-75.17313","2200","6","0","0","0","0","0","0","0","0","","0","0","0","","","1","N","0","","39 59:46.816","","0","75 10:23.269","3","0","0","0","67301","1","0","0","N","1","0","0","2","67301","0","","1.0","","9","N","N","N","0","","1","0","0","","0","","","2","1","0","0","0","0","0","2","0","1","","","","N","","","","","","","","","",""
"2020055150","1740","2","0","0","0","0","0","0","0","0","4","0","","67","7","2020","7","39.981602","-75.251065","1738","6","0","0","0","0","0","0","0","0","","0","0","0","","","1","","1","","39 58:53.767","","0","75 15:03.834","3","0","0","0","67301","0","0","0","N","0","0","0","2","67301","0","","1.0","","1","N","N","N","0","","1","0","0","","2","","","2","1","0","0","0","0","0","2","0","2","","03","","N","","","","","","","","","",""
"2020058085","0200","2","0","0","0","0","0","0","0","0","5","0","","67","7","2020","5","40.060075","-75.150283","0200","6","0","0","0","0","0","0","0","0","","0","0","0","","","0","N","0","","40 03:36.270","","0","75 09:01.020","0","0","0","0","67301","0","0","0","N","0","0","0","2","67301","0","","6.0","","1","N","N","N","0","","0","0","1","","0","","","3","0","0","0","0","0","0","2","0","3","","03","","N","","","","","","","","","",""
"2020056671","1825","1","0","0","0","0","0","0","0","0","1","0","","67","7","2020","3","40.017528","-75.125208","1820","6","0","0","0","0","0","0","0","0","","0","0","0","","","1","N","0","","40 01:03.100","","0","75 07:30.750","3","0","0","0","67301","0","0","0","N","0","0","0","2","67301","0","","1.0","","1","N","N","N","0","","1","0","1","","0","","","2","1","0","0","0","0","0","2","0","2","","03","","N","","","","","","","","","",""
"2020103603","1106","1","0","0","0","0","0","0","0","0","1","1","","67","11","2020","3","40.006236","-75.115854","1101","6","0","0","0","0","0","0","0","0","","3","1","0","","","1","N","0","","40 00:22.449","","0","75 06:57.073","1","0","0","0","67301","0","0","0","N","0","0","0","5","67301","0","2","6.0","","1","N","N","N","0","0","0","1","0","","0","","","2","1","0","0","0","0","0","2","0","2","","03","","N","","","","","","","","","",""
"2020057750","1210","2","0","0","0","0","0","0","0","0","5","0","","67","7","2020","2","39.944842","-75.23155","1204","6","0","0","0","0","0","0","0","0","","0","0","0","","","0","N","0","","39 56:41.430","3","0","75 13:53.580","0","0","0","0","67301","0","0","0","N","0","0","0","3","67301","0","","1.0","100.0","1","N","N","N","0","","0","0","0","","0","N","","2","0","0","0","0","0","0","2","0","2","","03","","N","","","","","","","","","",""
"2020057758","1320","1","0","0","0","0","0","0","0","0","7","0","","67","7","2020","6","40.019389","-75.12825","1317","6","0","0","0","0","0","0","0","0","","0","0","0","","","1","N","0","","40 01:09.800","","0","75 07:41.700","3","0","0","0","67301","0","0","0","N","0","0","0","1","67301","0","","4.0","","1","N","N","N","0","","1","0","0","","0","","","1","1","0","0","0","0","0","2","0","1","","","","N","","","","","","","","","",""
"2020058421","2005","2","0","0","0","0","0","0","0","0","4","0","","67","7","2020","5","40.063523","-75.169834","1958","6","0","0","0","0","0","0","0","0","","0","0","0","","","0","N","1","","40 03:48.682","","0","75 10:11.404","0","0","0","0","67301","0","0","0","N","0","0","0","2","67301","0","","1.0","","1","N","N","N","0","","0","0","0","","2","","","2","0","1","0","0","0","0","2","0","2","","04","","N","","","","","","","","","",""
"2020058615","2330","2","0","0","0","0","0","0","0","0","5","0","","67","7","2020","5","40.078898","-74.998351","2325","6","0","0","0","0","0","1","0","0","","0","0","0","","","0","N","0","","40 04:44.032","","0","74 59:54.062","0","0","0","0","67301","0","0","0","N","0","0","0","3","67301","0","","6.0","","1","N","N","N","1","","0","0","0","","0","","","3","0","1","0","0","0","0","2","0","3","","03","","N","","","","","","","","","",""
"2020103082","0122","0","0","0","0","0","0","0","0","0","7","0","","67","11","2020","6","40.007085","-75.199183","0105","6","0","0","0","0","0","0","0","0","","0","0","0","","","0","N","0","","40 00:25.506","","0","75 11:57.057","9","0","0","0","67301","0","0","0","N","0","0","0","1","68K01","0","","1.0","","9","N","N","N","0","","0","0","1","","0","","","1","0","0","0","0","0","1","2","0","1","","","","N","","","","","","","","","",""
"2020103244","0724","1","0","0","0","0","0","0","0","0","1","0","","67","10","2020","2","39.957108","-75.152105","0717","6","0","0","0","0","0","0","0","0","","0","0","0","","","0","N","0","","39 57:25.589","3","0","75 09:07.579","0","0","0","0","67301","0","0","0","N","0","0","0","2","68K01","0","","1.0","737.0","9","N","N","N","0","","0","0","1","","0","N","","2","0","0","0","0","0","0","2","0","2","","","","N","","","","","","","","","",""
"2020055239","0856","1","0","0","0","0","0","0","0","0","5","0","","67","7","2020","3","39.998767","-75.175111","0855","6","0","0","0","0","0","0","0","0","","0","0","0","","","1","N","0","","39 59:55.560","","0","75 10:30.400","3","0","0","0","67301","0","0","0","N","0","0","0","2","67301","0","","6.0","","1","N","N","N","1","","1","0","0","","0","","","2","1","0","0","0","0","0","2","0","2","","03","","N","","","","","","","","","",""
"2020050263","1325","1","0","0","0","0","0","0","0","0","4","0","","67","6","2020","5","39.911326","-75.242828","1317","6","0","0","0","0","0","1","0","0","","0","0","0","","","0","","5","","39 54:40.772","","0","75 14:34.179","0","0","0","0","67301","0","0","0","N","0","0","0","4","67301","0","","1.0","","1","N","N","N","0","","0","0","1","","2","","","2","0","0","0","0","0","0","2","0","2","","03","","N","","","","","","","","","",""
"2020048705","1940","0","0","0","0","0","0","0","0","0","0","0","","67","6","2020","1","39.915014","-75.177538","1936","6","0","0","0","0","0","1","0","0","","0","0","0","","","1","","1","","39 54:54.049","","0","75 10:39.138","2","0","1","1","67301","0","0","0","N","0","0","0","1","67301","0","","1.0","","1","N","N","N","0","","0","1","0","","2","","","1","1","0","0","0","0","0","2","0","1","","03","","N","","","","","","","","","",""
"2020110085","1610","1","0","0","0","0","0","1","0","0","1","1","","67","10","2020","3","40.056814","-75.047008","1600","6","0","0","0","0","0","0","0","0","","0","0","0","","","3","","1","","40 03:24.532","","0","75 02:49.228","4","0","0","0","67301","0","0","0","N","0","0","0","3","67508","1","","1.0","","1","N","N","Y","0","","0","0","0","","2","","","2","3","0","0","0","2","0","2","0","2","","03","","N","","","","","","","","","",""
"2020056902","1526","0","0","0","0","0","0","0","0","0","1","0","","67","7","2020","6","40.010301","-75.207009","1436","6","0","0","0","0","0","1","0","0","","0","0","0","","","4","N","0","","40 00:37.085","","0","75 12:25.233","3","0","0","0","67301","0","0","0","N","0","0","0","5","68K01","0","","1.0","","1","N","N","N","0","","4","0","2","","0","","","2","4","0","0","0","0","0","2","0","2","","","","N","","","","","","","","","",""
"2020056660","1708","2","0","0","0","0","0","0","0","0","4","0","","67","7","2020","6","39.955832","-75.235997","1707","6","1","0","0","0","0","1","0","0","","0","0","0","","","0","N","1","","39 57:20.995","","0","75 14:09.589","0","0","0","0","67301","0","0","0","N","0","0","0","4","67301","0","","1.0","","1","N","N","N","0","","0","0","1","","2","","","5","0","1","0","0","0","0","2","2","5","","","","N","","","","","","","","","",""
"2020057747","0836","1","0","0","0","0","0","0","0","0","7","0","","67","7","2020","1","39.878524","-75.256723","0920","6","0","0","0","0","0","0","0","0","","0","0","0","","","1","N","0","","39 52:42.688","3","99","75 15:24.202","8","0","0","0","67301","0","0","0","N","0","0","0","1","67301","0","","4.0","1105.0","1","N","N","N","0","","0","0","0","","0","N","","1","1","0","0","0","1","0","2","0","1","","03","","N","","","","","","","","","",""
"2020058616","0948","0","0","0","0","0","0","0","0","0","4","0","","67","7","2020","7","40.071537","-75.165423","0947","6","0","0","0","0","0","1","0","0","","0","0","0","","","1","","1","","40 04:17.533","","0","75 09:55.522","4","0","0","0","67301","0","0","0","N","0","0","0","2","67301","1","","1.0","","1","N","N","N","0","","0","0","2","","3","","","2","1","0","0","0","0","0","2","0","2","","03","","N","","","","","","","","","",""
"2020104687","1105","1","0","0","0","0","0","0","0","0","8","0","","67","12","2020","6","40.066381","-75.092244","1100","6","0","0","0","0","0","0","0","0","","0","0","0","","","1","N","0","","40 03:58.970","4","0","75 05:32.080","8","0","0","0","67301","1","0","0","N","1","0","0","2","67301","0","","1.0","1159.0","9","N","N","N","0","","0","0","0","","0","N","","2","1","0","0","0","1","1","2","0","1","","04","","N","","","","","","","","","",""
"2020099848","1613","2","0","0","0","0","0","0","0","0","4","0","","67","10","2020","1","40.040483","-75.069058","1550","6","0","0","0","0","0","0","0","0","","0","0","0","","","2","Y","0","","40 02:25.740","6","0","75 04:08.610","8","0","0","0","67301","0","0","0","N","0","0","0","4","67301","0","","1.0","1727.0","1","N","N","N","0","","0","0","0","","3","N","","2","2","0","0","0","2","0","2","0","2","","","","N","","","","","","","","","",""
"2020100448","1010","1","0","0","0","0","0","0","0","0","8","0","","67","11","2020","1","40.078924","-75.025338","1009","6","0","0","0","0","0","1","0","0","","0","0","0","","","1","","2","","40 04:44.128","","0","75 01:31.218","3","0","0","0","67301","1","0","0","N","1","0","0","2","67301","0","","1.0","","1","N","N","N","0","","1","0","0","","2","","","2","1","0","0","0","0","0","2","0","1","","04","","N","","","","","","","","","",""
"2020103814","1007","1","0","0","0","0","0","0","0","0","5","0","","67","11","2020","6","40.012051","-75.060155","1007","6","0","0","0","0","0","0","0","0","","0","0","0","","","0","N","0","","40 00:43.382","","0","75 03:36.557","9","0","0","0","67301","0","0","0","N","0","0","0","2","68K01","0","","1.0","","9","N","N","N","0","","0","0","0","","0","","","2","0","0","0","0","0","1","2","0","2","","","","N","","","","","","","","","",""
"2020055967","1530","1","0","0","0","0","0","0","0","0","4","0","","67","7","2020","4","39.893366","-75.252026","1530","6","0","0","0","0","0","0","0","0","","0","0","0","","","0","","1","","39 53:36.117","","0","75 15:07.293","0","0","0","0","67301","0","0","0","N","0","0","0","3","67301","0","","1.0","","1","N","N","N","0","","0","0","1","","3","","","2","0","0","0","0","0","0","2","0","2","","","","N","","","","","","","","","",""
"2020097587","0120","2","0","0","0","0","0","0","0","0","2","0","","67","11","2020","7","39.936652","-75.234226","0117","6","0","0","0","0","0","0","0","0","","0","0","0","","","1","N","0","","39 56:11.946","","0","75 14:03.215","3","0","0","0","67301","0","0","0","N","0","0","0","2","67301","0","","3.0","","1","N","N","N","0","","1","0","0","","0","","","2","1","0","0","0","0","1","2","0","2","","03","","N","","","","","","","","","",""
"2020054604","2002","2","0","0","0","0","0","0","0","0","5","0","","67","7","2020","7","39.959027","-75.229562","2000","6","0","0","0","0","0","0","0","0","","0","0","0","","","0","N","0","","39 57:32.496","","0","75 13:46.422","0","0","0","0","67301","0","0","0","N","0","0","0","1","67301","0","","6.0","","1","N","N","N","0","","0","0","0","","0","","","2","0","0","0","0","0","0","2","0","2","","03","","N","","","","","","","","","",""
"2020063283","1132","2","0","0","0","0","0","0","0","0","1","0","","67","8","2020","5","40.093678","-74.967496","1112","6","0","0","0","0","0","1","0","0","","0","0","0","","","2","Y","0","","40 05:37.240","","0","74 58:02.986","3","0","0","0","67301","0","0","0","N","0","0","0","2","67301","1","","1.0","","1","N","N","N","0","","1","0","0","","0","","","2","2","0","0","0","0","0","2","0","2","","03","","N","","","","","","","","","",""
"2020052684","1545","1","0","0","0","0","0","0","0","0","4","0","","67","7","2020","1","40.023911","-75.083989","1541","6","0","0","0","0","0","1","0","0","","0","0","0","","","0","","1","","40 01:26.079","2","0","75 05:02.360","0","0","0","0","67301","0","0","0","N","0","0","0","3","67301","0","","1.0","1446.0","1","N","N","N","0","","0","0","2","","3","N","","3","0","0","0","0","0","0","2","0","3","","03","","N","","","","","","","","","",""
"2020054361","0045","2","0","0","0","0","0","0","0","0","7","0","","67","7","2020","7","40.035627","-75.039692","0044","6","0","0","0","0","0","0","0","0","","0","0","0","","","0","N","0","","40 02:08.256","","0","75 02:22.892","0","0","0","0","67301","0","0","0","N","0","0","0","1","67301","0","","4.0","","1","N","N","N","0","","0","0","0","","0","","","2","0","0","0","0","0","0","2","0","2","","03","","N","","","","","","","","","",""
"2020052499","1636","1","0","0","0","0","0","0","0","0","4","0","","67","7","2020","1","40.049321","-75.183952","1635","6","0","0","0","0","0","1","0","0","","0","0","0","","","0","","3","","40 02:57.555","","0","75 11:02.227","0","0","0","0","67301","0","0","0","N","0","0","0","2","67301","0","","1.0","","1","N","N","N","0","","0","0","1","","3","","","2","0","0","0","0","0","0","2","0","2","","03","","N","","","","","","","","","",""
"2020054703","1642","1","0","0","0","0","0","0","0","0","5","0","","67","7","2020","7","39.964484","-75.179476","1640","6","0","0","0","0","0","2","0","0","","0","0","0","","","1","N","0","","39 57:52.143","","0","75 10:46.112","3","0","0","1","67301","0","0","0","N","0","0","0","2","67301","0","","1.0","","1","N","N","N","0","","1","0","0","","0","","","2","1","0","0","0","0","0","2","0","2","","03","","N","","","","","","","","","",""
"2020055877","0505","1","0","0","0","0","0","0","0","0","5","0","","67","7","2020","7","39.967844","-75.147017","0500","6","0","0","0","0","0","0","0","0","","0","0","0","","","0","N","0","","39 58:04.240","","0","75 08:49.260","0","0","0","0","67301","0","0","0","N","0","0","0","1","67301","0","","6.0","","1","N","N","N","0","","0","0","2","","0","","","3","0","0","0","0","0","0","2","0","3","","03","","N","","","","","","","","","",""
"2020101360","1258","1","0","0","0","0","0","0","0","0","1","0","","67","11","2020","3","39.914855","-75.234633","1258","6","0","0","0","0","0","1","0","0","","0","0","0","","","1","","1","","39 54:53.479","4","0","75 14:04.677","3","0","0","0","67301","0","0","0","N","0","0","0","2","67301","0","","1.0","1400.0","1","N","N","N","0","","1","0","1","","2","N","","2","1","0","0","0","0","0","2","0","2","","03","","N","","","","","","","","","",""
"2020058952","1612","1","0","0","0","0","0","0","0","0","1","0","","67","7","2020","2","39.970573","-75.192906","1601","6","0","0","0","0","0","0","0","0","","0","0","0","","","1","N","0","","39 58:14.063","","0","75 11:34.460","4","0","0","0","67301","0","0","0","N","0","0","0","2","68K01","1","","1.0","","9","N","N","N","0","","0","0","1","","0","","","2","1","0","0","0","0","0","2","0","2","","","","N","","","","","","","","","",""
"2020057131","0745","1","0","0","0","0","0","0","0","0","4","0","","67","7","2020","3","39.975836","-75.158419","0742","6","0","0","0","0","0","0","0","0","","0","0","0","","","2","","1","","39 58:33.009","","0","75 09:30.309","4","0","0","0","67301","0","0","0","N","0","0","0","3","67301","1","","1.0","","1","N","N","N","0","","0","0","1","","2","","","2","2","0","0","0","1","0","2","0","2","","03","","N","","","","","","","","","",""
"2020101165","0855","1","0","0","0","0","0","0","0","0","7","0","","67","11","2020","1","40.003513","-75.077401","0855","6","0","0","0","0","0","0","0","0","","0","0","0","","","0","N","6","","40 00:12.647","2","2","75 04:38.645","9","0","0","0","67301","0","0","0","N","0","0","0","1","68K01","0","","2.0","50.0","1","N","N","N","0","","0","0","0","","0","N","","1","0","0","0","0","0","1","2","0","1","","","","N","","","","","","","","","",""
"2020100253","1245","2","0","0","0","0","0","0","0","0","2","0","","67","11","2020","1","40.016129","-75.149636","1243","6","0","0","0","0","0","0","0","0","","0","0","0","","","1","","2","","40 00:58.063","","0","75 08:58.689","3","0","0","0","67301","0","0","0","N","0","0","0","2","67301","0","","1.0","","1","N","N","N","0","","1","0","0","","3","","","2","1","2","0","0","0","0","2","0","2","","03","","N","","","","","","","","","",""
"2020100032","1801","1","0","0","0","0","0","0","0","0","1","0","","67","11","2020","7","39.958428","-75.167186","1801","6","0","0","0","0","1","0","0","0","","0","0","0","","","2","N","0","","39 57:30.339","","0","75 10:01.868","4","0","0","0","67301","0","0","0","N","0","0","0","7","68K01","2","","1.0","","1","N","N","N","0","","0","0","2","","8","","","3","2","0","0","0","0","0","2","0","3","","","","N","","","","","","","","","",""
"2020054785","1832","2","0","0","0","0","0","0","0","0","4","0","","67","7","2020","1","39.991899","-75.16319","1832","6","0","0","0","0","0","0","0","0","","0","0","0","","","0","","1","","39 59:30.836","","0","75 09:47.484","0","0","0","0","67301","0","0","0","N","0","0","0","3","67301","0","","1.0","","1","N","N","N","0","","0","0","0","","3","","","2","0","0","0","0","0","0","2","0","2","","03","","N","","","","","","","","","",""
"2020052681","1357","0","0","0","0","0","0","0","0","0","0","0","","67","7","2020","2","40.114188","-75.005095","1352","6","0","0","0","0","0","0","0","0","","0","0","0","","","0","N","0","","40 06:51.076","","0","75 00:18.343","0","0","0","0","67301","0","0","0","N","0","0","0","1","67301","0","","5.0","","9","N","N","N","0","","0","0","1","","0","","","2","0","0","0","0","0","0","2","0","1","","","","N","","","","","","","","","",""
"2020055503","2145","2","0","0","0","0","0","0","0","0","4","0","","67","7","2020","7","40.013043","-75.119472","2142","6","0","0","0","0","0","0","0","0","","0","0","0","","","1","","1","","40 00:46.955","3","0","75 07:10.098","3","0","0","0","67301","0","0","0","N","0","0","0","4","67301","0","","1.0","2215.0","1","N","N","N","1","","1","0","1","","2","Y","","4","1","4","0","0","0","0","2","0","4","","03","","N","","","","","","","","","",""
"2020063433","1735","0","0","0","0","0","0","0","0","0","7","0","","67","8","2020","6","40.00713","-75.094069","1711","6","0","0","0","0","0","0","0","0","","0","0","0","","","0","","1","","40 00:25.667","","1","75 05:38.650","0","0","0","0","67301","0","0","0","N","0","0","0","1","67301","0","","4.0","","1","N","N","N","0","","0","0","1","","2","","","1","0","1","0","0","0","0","2","0","1","","04","","N","","","","","","","","","",""
"2020055146","1909","0","0","0","0","0","0","0","0","0","7","0","","67","7","2020","1","39.915556","-75.22575","1909","6","0","0","0","0","0","0","0","0","","0","0","0","","","1","N","0","","39 54:56.000","3","0","75 13:32.700","2","0","1","1","67301","0","0","0","N","0","0","0","1","67301","0","","4.0","30.0","1","N","N","N","0","","0","1","0","","0","Y","","1","1","0","0","0","0","0","2","0","1","","03","","N","","","","","","","","","",""
"2020053269","0055","1","0","0","0","0","0","0","0","0","7","0","","67","7","2020","3","40.020443","-75.05387","0053","6","0","0","0","0","0","0","0","0","","0","0","0","","","0","N","0","","40 01:13.593","7","0","75 03:13.932","9","0","0","0","67301","0","0","0","N","0","0","0","1","67301","0","","4.0","30.0","9","N","N","N","0","","0","0","0","","0","N","","1","0","0","0","0","0","1","2","0","1","","03","","N","","","","","","","","","",""