"CRN","ARRIVAL_TM","AUTOMOBILE_COUNT","BELTED_DEATH_COUNT","BELTED_SUSP_SERIOUS_INJ_COUNT","BICYCLE_COUNT","BICYCLE_DEATH_COUNT","BICYCLE_SUSP_SERIOUS_INJ_COUNT","BUS_COUNT","CHLDPAS_DEATH_COUNT","CHLDPAS_SUSP_SERIOUS_INJ_COUNT","COLLISION_TYPE","COMM_VEH_COUNT","CONS_ZONE_SPD_LIM","COUNTY","CRASH_MONTH","CRASH_YEAR","DAY_OF_WEEK","DEC_LATITUDE","DEC_LONGITUDE","DISPATCH_TM","DISTRICT","DRIVER_COUNT_16YR","DRIVER_COUNT_17YR","DRIVER_COUNT_18YR","DRIVER_COUNT_19YR","DRIVER_COUNT_20YR","DRIVER_COUNT_50_64YR","DRIVER_COUNT_65_74YR","DRIVER_COUNT_75PLUS","EST_HRS_CLOSED","FATAL_COUNT","HEAVY_TRUCK_COUNT","HORSE_BUGGY_COUNT","HOUR_OF_DAY","ILLUMINATION","INJURY_COUNT","INTERSECTION_RELATED","INTERSECT_TYPE","LANE_CLOSED","LATITUDE","LN_CLOSE_DIR","LOCATION_TYPE","LONGITUDE","MAX_SEVERITY_LEVEL","MCYCLE_DEATH_COUNT","MCYCLE_SUSP_SERIOUS_INJ_COUNT","MOTORCYCLE_COUNT","MUNICIPALITY","NONMOTR_COUNT","NONMOTR_DEATH_COUNT","NONMOTR_SUSP_SERIOUS_INJ_COUNT","NTFY_HIWY_MAINT","PED_COUNT","PED_DEATH_COUNT","PED_SUSP_SERIOUS_INJ_COUNT","PERSON_COUNT","POLICE_AGCY","POSSIBLE_INJ_COUNT","RDWY_SURF_TYPE_CD","RELATION_TO_ROAD","ROADWAY_CLEARED","ROAD_CONDITION","SCH_BUS_IND","SCH_ZONE_IND","SECONDARY_CRASH","SMALL_TRUCK_COUNT","SPEC_JURIS_CD","SUSP_MINOR_INJ_COUNT","SUSP_SERIOUS_INJ_COUNT","SUV_COUNT","TCD_FUNC_CD","TCD_TYPE","TFC_DETOUR_IND","TIME_OF_DAY","TOTAL_UNITS","TOT_INJ_COUNT","UNBELTED_OCC_COUNT","UNB_DEATH_COUNT","UNB_SUSP_SERIOUS_INJ_COUNT","UNK_INJ_DEG_COUNT","UNK_INJ_PER_COUNT","URBAN_RURAL","VAN_COUNT","VEHICLE_COUNT","WEATHER1","WEATHER2","WORKERS_PRES","WORK_ZONE_IND","WORK_ZONE_LOC","WORK_ZONE_TYPE","WZ_CLOSE_DETOUR","WZ_FLAGGER","WZ_LAW_OFFCR_IND","WZ_LN_CLOSURE","WZ_MOVING","WZ_OTHER","WZ_SHLDER_MDN","WZ_WORKERS_INJ_KILLED"
"2020097741","1029","0","0","0","0","0","0","0","0","0","0","1","","67","11","2020","6","39.912857","-75.148354","1027","6","0","0","0","0","0","0","0","0","","0","1","0","","","1","N","6","","39 54:46.285","1","2","75 08:54.074","3","0","0","0","67301","0","0","0","N","0","0","0","1","68K01","0","","1.0","1535.0","1","N","N","N","0","","1","0","0","","0","N","","1","1","0","0","0","0","0","2","0","1","","","","N","","","","","","","","","",""
"2020052545","2258","1","0","0","0","0","0","0","0","0","4","0","","67","7","2020","1","39.952757","-75.158106","2256","6","0","0","0","0","1","0","0","0","","0","0","0","","","0","","1","","39 57:09.926","","0","75 09:29.183","0","0","0","0","67301","0","0","0","N","0","0","0","2","67301","0","","1.0","","1","N","N","N","0","","0","0","1","","2","","","2","0","2","0","0","0","0","2","0","2","","03","","N","","","","","","","","","",""
"2020111933","1957","1","0","0","0","0","0","0","0","0","7","0","","67","12","2020","5","39.976414","-75.162769","1953","6","0","0","0","0","0","0","0","0","","0","0","0","","","0","N","0","","39 58:35.090","","0","75 09:45.970","9","0","0","0","67301","0","0","0","N","0","0","0","1","67301","0","","5.0","","9","N","N","N","0","","0","0","0","","0","","","1","0","0","0","0","0","1","2","0","1","","04","","N","","","","","","","","","",""
"2020100255","0921","3","0","0","0","0","0","0","0","0","4","0","","67","11","2020","7","39.997575","-75.151536","0913","6","0","0","0","0","0","0","0","0","","0","0","0","","","1","N","0","","39 59:51.270","","0","75 09:05.530","3","0","0","0","67301","0","0","0","N","0","0","0","1","67301","0","","1.0","","1","N","N","Y","0","","1","0","0","","0","","","3","1","1","0","0","0","0","2","0","3","","03","","N","","","","","","","","","",""
"2020059463","0039","0","0","0","0","0","0","0","0","0","5","0","","67","7","2020","2","39.974378","-75.194103","0035","6","0","0","0","0","0","0","0","0","","0","0","0","","","0","N","0","","39 58:27.760","","0","75 11:38.771","9","0","0","1","67301","0","0","0","N","0","0","0","2","68K01","0","","2.0","","9","N","N","N","0","","0","0","0","","0","","","2","0","0","0","0","0","1","2","0","2","","","","N","","","","","","","","","",""
"2020057014","0030","2","0","0","0","0","0","0","0","0","4","0","","67","7","2020","4","40.080459","-75.172601","2214","6","0","0","0","0","0","0","0","0","","0","0","0","","","0","","1","","40 04:49.654","","0","75 10:21.365","9","0","0","0","67301","0","0","0","N","0","0","0","2","67301","0","","1.0","","1","N","N","N","0","","0","0","0","3","2","","","2","0","0","0","0","0","1","2","0","2","","03","","N","","","","","","","","","",""
"2020055006","1405","2","0","0","0","0","0","0","0","0","4","0","","67","7","2020","5","39.974678","-75.16532","1355","6","0","0","0","0","0","0","0","0","","0","0","0","","","1","","2","","39 58:28.839","","0","75 09:55.153","4","0","0","0","67301","0","0","0","N","0","0","0","2","67301","1","","1.0","","1","N","N","N","0","","0","0","0","3","3","","","2","1","0","0","0","0","0","2","0","2","","03","","N","","","","","","","","","",""
"2020100249","1928","1","0","0","0","0","0","0","0","0","1","0","","67","11","2020","7","40.055388","-75.00387","1916","6","0","0","0","0","0","1","0","0","","0","0","0","","","4","N","0","","40 03:19.396","","0","75 00:13.932","3","0","0","0","67301","0","0","0","N","0","0","0","5","67301","0","","1.0","","1","N","N","N","0","","4","0","1","0","0","","","2","4","0","0","0","0","0","2","0","2","","03","","N","","","","","","","","","",""
"2020055965","1626","0","0","0","0","0","0","0","0","0","8","0","","67","7","2020","1","39.936383","-75.218989","1624","6","0","0","0","0","0","0","0","0","","0","0","0","","","1","","1","","39 56:10.978","","0","75 13:08.360","4","0","0","0","67301","1","0","0","N","1","0","0","2","67301","1","","1.0","","1","N","N","N","1","","0","0","0","3","2","","","2","1","0","0","0","0","0","2","0","1","","","","N","","","","","","","","","",""
"2020104884","2117","0","0","0","0","0","0","0","0","0","8","0","","67","12","2020","6","39.971667","-75.161071","2112","6","0","0","0","0","0","0","0","0","","0","0","0","","","1","","1","","39 58:18.002","","0","75 09:39.855","8","0","0","0","67301","1","0","0","N","1","0","0","2","67301","0","","1.0","","9","N","N","N","0","","0","0","0","3","2","","","2","1","0","0","0","1","1","2","0","1","","07","","N","","","","","","","","","",""
"2020056656","1230","1","0","0","0","0","0","0","0","0","2","0","","67","7","2020","3","39.973237","-75.212226","1214","6","0","0","0","0","0","0","0","0","","0","0","0","","","0","","1","","39 58:23.653","","0","75 12:44.012","9","0","0","1","67301","0","0","0","N","0","0","0","2","67301","0","","1.0","","1","N","N","N","0","","0","0","0","3","2","","","2","0","0","0","0","0","1","2","0","2","","03","","N","","","","","","","","","",""
"2020055506","1905","1","0","0","0","0","0","0","0","0","4","0","","67","7","2020","2","39.995288","-75.140187","1905","6","0","0","0","0","0","0","0","0","","0","0","0","","","0","","1","","39 59:43.036","","0","75 08:24.673","9","0","0","0","67301","0","0","0","N","0","0","0","2","67301","0","","1.0","","1","N","N","N","0","","0","0","1","3","3","","","2","0","1","0","0","0","1","2","0","2","","03","","N","","","","","","","","","",""
"2020055851","1658","2","0","0","0","0","0","0","0","0","5","0","","67","7","2020","3","39.996966","-75.177988","1655","6","0","0","0","0","0","0","0","0","","0","0","0","","","1","","2","","39 59:49.078","","0","75 10:40.755","3","0","0","0","67301","0","0","0","N","0","0","0","2","67301","0","","1.0","","1","N","N","N","0","","1","0","0","0","0","","","2","1","0","0","0","0","0","2","0","2","","03","","N","","","","","","","","","",""
"2020063418","0117","1","0","0","0","0","0","0","0","0","4","0","","67","8","2020","7","39.894693","-75.229477","0115","6","0","0","0","0","0","0","0","0","","0","0","0","","","3","","3","","39 53:40.896","3","0","75 13:46.117","3","0","0","0","67301","0","0","0","N","0","0","0","3","67301","0","","1.0","238.0","9","N","N","N","0","","3","0","1","3","2","N","","2","3","0","0","0","0","0","2","0","2","","","","N","","","","","","","","","",""
"2020053346","0805","1","0","0","0","0","0","0","0","0","1","0","","67","7","2020","4","39.947252","-75.198479","0800","6","0","0","0","0","0","1","0","0","","0","0","0","","","1","N","0","","39 56:50.107","1","0","75 11:54.524","4","0","0","0","67301","0","0","0","N","0","0","0","3","67504","1","","1.0","810.0","1","N","N","N","0","","0","0","1","0","0","N","","3","1","0","0","0","0","1","2","1","3","","03","","N","","","","","","","","","",""
"2020097917","1158","2","0","0","0","0","0","0","0","0","4","0","","67","11","2020","5","39.985598","-75.103771","1158","6","0","0","0","0","0","1","0","0","","0","0","0","","","0","N","0","","39 59:08.152","","0","75 06:13.576","9","0","0","0","67301","0","0","0","N","0","0","0","1","67301","0","","1.0","","99","N","N","N","0","","0","0","0","0","0","U","","2","0","0","0","0","0","1","2","0","2","","04","","N","","","","","","","","","",""
"2020097735","1117","1","0","0","0","0","0","0","0","0","4","0","","67","11","2020","5","39.958843","-75.170587","1112","6","0","0","0","0","0","1","0","0","","0","0","0","","","1","N","0","","39 57:31.834","3","0","75 10:14.112","3","0","0","0","67301","0","0","0","N","0","0","0","2","68K01","0","","1.0","30.0","1","N","N","N","1","","1","0","0","0","0","N","","2","1","0","0","0","0","0","2","0","2","","","","N","","","","","","","","","",""
"2020058982","2235","0","0","0","0","0","0","0","0","0","7","0","","67","7","2020","6","40.040101","-75.006389","2224","6","0","0","0","0","0","0","0","0","","0","0","0","","","0","N","0","","40 02:24.365","","0","75 00:23.001","0","0","0","0","67301","0","0","0","N","0","0","0","1","68K01","0","","4.0","","1","N","N","N","0","","0","0","1","0","0","","","1","0","0","0","0","0","0","2","0","1","","","","N","","","","","","","","","",""
"2020054706","0745","2","0","0","0","0","0","0","0","0","4","0","","67","7","2020","1","40.020212","-75.073859","0741","6","0","0","0","0","0","0","0","0","","0","0","0","","","1","","2","","40 01:12.762","","0","75 04:25.893","4","0","0","0","67301","0","0","0","N","0","0","0","4","67301","1","","1.0","","1","N","N","N","0","","0","0","0","3","3","","","2","1","0","0","0","0","0","2","0","2","","","","N","","","","","","","","","",""
"2020094031","0735","1","0","0","0","0","0","0","0","0","1","0","","67","10","2020","2","40.035609","-75.016912","0712","6","0","0","0","0","0","0","0","0","","0","0","0","","","0","N","0","","40 02:08.193","","0","75 01:00.884","0","0","0","0","67301","0","0","0","N","0","0","0","2","68K01","0","","1.0","","9","N","N","N","0","","0","0","1","0","0","","","2","0","0","0","0","0","0","2","0","2","","04","","N","","","","","","","","","",""
"2020063031","0444","1","0","0","0","0","0","0","0","0","7","0","","67","8","2020","6","40.117281","-75.019328","0440","6","0","0","0","0","0","0","0","0","","0","0","0","","","1","N","0","","40 07:02.213","","0","75 01:09.579","8","0","0","0","67301","0","0","0","N","0","0","0","1","67301","0","","4.0","","1","N","N","N","0","","0","0","0","0","0","","","1","1","0","0","0","1","0","2","0","1","","","","N","","","","","","","","","",""
"2020055295","1655","1","0","0","0","0","0","0","0","0","1","0","","67","7","2020","2","39.994058","-75.119058","1655","6","0","0","0","0","0","0","0","0","","0","0","0","","","1","N","0","","39 59:38.610","","0","75 07:08.610","4","0","0","1","67301","0","0","0","N","0","0","0","2","67301","1","","1.0","","1","N","N","N","0","","0","0","0","0","0","","","2","1","0","0","0","0","0","2","0","2","","04","","N","","","","","","","","","",""
"2020055970","1225","1","0","0","0","0","0","0","0","0","8","0","","67","7","2020","4","40.022857","-75.077499","1214","6","0","0","0","0","0","0","0","0","","0","0","0","","","1","","2","","40 01:22.284","","0","75 04:38.996","3","0","0","0","67301","1","0","0","N","1","0","0","2","67301","0","","1.0","","1","N","N","N","0","","1","0","0","0","0","","","2","1","0","0","0","0","0","2","0","1","","","","N","","","","","","","","","",""
"2020050264","1720","0","0","0","0","0","0","0","0","0","4","0","","67","6","2020","5","39.91832","-75.208884","1715","6","0","0","0","0","0","0","1","1","","0","0","0","","","3","","2","","39 55:05.953","","0","75 12:31.983","3","0","0","0","67301","0","0","0","N","0","0","0","4","67301","0","","1.0","","1","N","N","N","0","","3","0","2","9","9","","","2","3","0","0","0","0","0","2","0","2","","03","","N","","","","","","","","","",""
"2020053996","1546","1","0","0","0","0","0","0","0","0","4","0","","67","7","2020","5","40.09473","-74.968733","1536","6","0","0","0","1","0","0","0","0","","0","0","0","","","2","","1","","40 05:41.027","","0","74 58:07.439","3","0","0","0","67301","0","0","0","N","0","0","0","2","67301","0","","1.0","","1","N","N","N","0","","2","0","1","3","2","","","2","2","0","0","0","0","0","2","0","2","","03","","N","","","","","","","","","",""
"2020097413","1027","1","0","0","0","0","0","0","0","0","7","1","55","67","10","2020","5","40.034873","-75.018334","1027","6","0","0","0","0","1","0","0","0","","0","1","0","","","0","N","0","","40 02:05.541","5","3","75 01:06.004","0","0","0","0","67301","0","0","0","Y","0","0","0","3","68K01","0","","3.0","1737.0","9","N","N","N","0","","0","0","0","0","0","N","","2","0","0","0","0","0","0","2","0","2","","07","N","Y","2","1","","","N","","","","Y","N"
"2020099877","2336","2","0","0","0","0","0","0","0","0","6","0","","67","11","2020","5","39.999227","-75.147381","2327","6","0","0","0","0","0","0","0","0","","0","0","0","","","1","","1","","39 59:57.217","","0","75 08:50.570","3","0","0","0","67301","0","0","0","N","0","0","0","2","67301","0","","1.0","","1","N","N","N","0","","1","0","0","9","2","","","2","1","0","0","0","0","0","2","0","2","","03","","N","","","","","","","","","",""
"2020055499","2214","4","0","0","0","0","0","0","0","0","4","0","","67","7","2020","2","39.958177","-75.229104","2212","6","0","0","0","0","0","1","0","0","","0","0","0","","","0","","1","","39 57:29.437","","0","75 13:44.774","9","0","0","0","67301","0","0","0","N","0","0","0","2","67301","0","","1.0","","1","N","N","N","0","","0","0","0","3","3","","","4","0","0","0","0","0","1","2","0","4","","03","","N","","","","","","","","","",""
"2020056182","1926","1","0","0","0","0","0","0","0","0","4","0","","67","7","2020","4","40.008977","-75.149042","1926","6","0","0","0","1","0","0","0","0","","0","0","0","","","3","","1","","40 00:32.318","","0","75 08:56.552","3","0","0","0","67301","0","0","0","N","0","0","0","4","67301","0","","1.0","","1","N","N","N","0","","3","0","1","3","3","","","2","3","0","0","0","0","0","2","0","2","","03","","N","","","","","","","","","",""
"2020098893","","1","0","0","0","0","0","0","0","0","4","0","","67","1","2020","6","40.001318","-75.215301","","6","0","0","0","0","0","1","0","0","","0","0","0","","","1","","5","","40 00:04.744","","0","75 12:55.083","3","0","0","0","67301","0","0","0","N","0","0","0","2","00000","0","","1.0","","1","","","N","0","","1","0","0","3","4","","","2","1","0","0","0","0","0","2","0","2","","","","N","","","","","","","","","",""
"2020055507","1635","1","0","0","0","0","0","0","0","0","4","0","","67","7","2020","3","39.970449","-75.150872","1630","6","0","0","0","0","0","0","0","0","","0","0","0","","","1","","1","","39 58:13.617","","1","75 09:03.138","3","0","0","0","67301","0","0","0","N","0","0","0","2","67301","0","","1.0","","1","N","N","N","0","","1","0","1","3","3","","","2","1","0","0","0","0","0","2","0","2","","03","","N","","","","","","","","","",""
"2020093486","1840","1","0","0","0","0","0","0","0","0","1","0","","67","9","2020","2","39.966904","-75.18802","1830","6","0","0","0","0","0","0","0","0","","0","0","0","","","1","N","0","","39 58:00.856","3","0","75 11:16.871","8","0","0","0","67301","0","0","0","N","0","0","0","2","68K01","0","","1.0","1830.0","1","N","N","N","0","","0","0","1","0","0","N","","2","1","0","0","0","1","0","2","0","2","","03","","N","","","","","","","","","",""
"2020098333","0840","1","0","0","0","0","0","1","0","0","4","1","","67","10","2020","6","40.044297","-75.054111","0832","6","0","0","0","0","0","0","0","0","","0","0","0","","","2","","1","","40 02:39.468","","0","75 03:14.798","4","0","0","0","67301","0","0","0","N","0","0","0","4","67508","2","","1.0","","1","N","N","Y","0","","0","0","0","0","0","N","","2","2","0","0","0","0","0","2","0","2","","03","","N","","","","","","","","","",""
"2020100890","0327","2","0","0","0","0","0","0","0","0","6","0","","67","11","2020","7","39.972789","-75.134119","0325","6","0","0","0","0","0","0","0","0","","0","0","0","","","0","N","0","","39 58:22.041","","0","75 08:02.828","0","0","0","0","67301","0","0","0","N","0","0","0","1","67301","0","","1.0","","1","N","N","N","0","","0","0","0","0","0","","","2","0","0","0","0","0","0","2","0","2","","03","","N","","","","","","","","","",""
"2020059451","1502","1","0","0","0","0","0","0","0","0","7","0","","67","7","2020","7","39.902442","-75.151164","1443","6","0","0","0","0","0","0","0","0","","0","0","0","","","1","N","0","","39 54:08.791","2","0","75 09:04.190","8","0","0","0","67301","0","0","0","N","0","0","0","1","68K01","0","","3.0","30.0","1","N","N","N","0","","0","0","0","0","0","N","","1","1","1","0","0","1","0","2","0","1","","03","","N","","","","","","","","","",""
"2020055498","1632","2","0","0","0","0","0","0","0","0","4","0","","67","7","2020","2","39.902861","-75.241167","1623","6","0","0","0","0","0","0","0","0","","0","0","0","","","2","","2","","39 54:10.300","","7","75 14:28.200","3","0","0","0","67301","0","0","0","N","0","0","0","3","67301","0","","1.0","","1","N","N","N","0","","2","0","0","0","0","","","2","2","1","0","0","0","0","2","0","2","","03","","N","","","","","","","","","",""
"2020057380","1910","2","0","0","0","0","0","0","0","0","5","0","","67","7","2020","3","40.013963","-75.086205","1859","6","0","0","0","0","0","1","0","0","","0","0","0","","","1","N","0","","40 00:50.268","","0","75 05:10.337","8","0","0","0","67301","0","0","0","N","0","0","0","3","67508","0","","1.0","","1","N","N","N","0","","0","0","0","0","0","","","2","1","0","0","0","1","0","2","0","2","","03","","N","","","","","","","","","",""
"2020063347","0020","1","0","0","0","0","0","0","0","0","4","0","","67","8","2020","6","39.959215","-75.231094","2355","6","0","0","0","0","0","1","0","0","","0","0","0","","","4","","1","","39 57:33.175","","0","75 13:51.938","4","0","0","0","67301","0","0","0","N","0","0","0","4","67301","3","","1.0","","1","N","N","N","0","","0","0","1","3","2","","","2","4","1","0","0","1","0","2","0","2","","03","","N","","","","","","","","","",""
"2020101464","2145","0","0","0","0","0","0","0","0","0","8","0","","67","11","2020","1","40.008986","-75.090686","2140","6","0","0","0","0","0","0","0","0","","0","0","0","","","1","N","0","","40 00:32.350","","0","75 05:26.470","3","0","0","0","67301","1","0","0","N","1","0","0","1","67301","0","","1.0","","1","N","N","N","0","","1","0","0","0","0","","","2","1","0","0","0","0","0","2","0","1","","","","N","","","","","","","","","",""
"2020054784","0649","2","0","0","0","0","0","0","0","0","1","0","","67","7","2020","1","39.984949","-75.158241","0649","6","0","0","0","0","0","0","0","0","","0","0","0","","","0","","1","","39 59:05.816","3","0","75 09:29.666","0","0","0","0","67301","0","0","0","N","0","0","0","5","67301","0","","1.0","830.0","1","N","N","N","0","","0","0","1","3","2","N","","3","0","0","0","0","0","0","2","0","3","","","","N","","","","","","","","","",""
"2020055876","0623","0","0","0","1","0","0","0","0","0","8","0","","67","7","2020","4","39.921773","-75.190419","0622","6","0","0","0","0","0","1","0","0","","0","0","0","","","1","","5","","39 55:18.383","","2","75 11:25.508","3","0","0","0","67301","1","0","0","N","0","0","0","2","67301","0","","1.0","","1","N","N","N","0","","1","0","1","3","2","","","2","1","0","0","0","0","0","2","0","1","","03","","N","","","","","","","","","",""
"2020055541","0400","1","0","0","0","0","0","0","0","0","2","0","","67","7","2020","2","39.963833","-75.233389","0400","6","0","0","0","0","0","0","1","0","","0","0","0","","","1","N","0","","39 57:49.800","","0","75 14:00.200","4","0","0","0","67301","0","0","0","N","0","0","0","1","67301","1","","6.0","","1","N","N","N","1","","0","0","0","0","0","","","2","1","1","0","0","0","0","2","0","2","","03","","N","","","","","","","","","",""
"2020055147","0535","2","0","0","0","0","0","0","0","0","1","0","","67","7","2020","1","39.957234","-75.227693","0530","6","0","0","0","0","0","0","0","0","","0","0","0","","","0","N","0","","39 57:26.043","","0","75 13:39.695","0","0","0","0","67301","0","0","0","N","0","0","0","2","67301","0","","6.0","","1","N","N","N","0","","0","0","1","0","0","","","3","0","0","0","0","0","0","2","0","3","","03","","N","","","","","","","","","",""
"2020063865","1800","2","0","0","0","0","0","0","0","0","4","0","","67","8","2020","6","40.008375","-75.144322","1800","6","0","0","1","0","0","0","0","0","","0","0","0","","","2","","1","","40 00:30.149","","0","75 08:39.559","3","0","0","0","67301","0","0","0","N","0","0","0","3","67301","0","","1.0","","1","N","N","N","0","","2","0","0","3","2","","","2","2","2","0","0","0","0","2","0","2","","","","N","","","","","","","","","",""
"2020064527","1619","0","0","0","0","0","0","0","0","0","1","0","","67","8","2020","7","40.032122","-75.085303","1559","6","0","0","0","0","0","0","0","0","","0","0","0","","","3","","2","","40 01:55.640","","0","75 05:07.090","3","0","0","0","67301","0","0","0","N","0","0","0","4","67301","0","","1.0","","1","N","N","N","0","","3","0","2","3","3","","","2","3","0","0","0","0","1","2","0","2","","03","","N","","","","","","","","","",""
"2020056180","1625","1","0","0","0","0","0","0","0","0","1","0","","67","7","2020","4","40.045674","-75.031529","1620","6","0","0","0","0","0","1","0","0","","0","0","0","","","0","","1","","40 02:44.428","","0","75 01:53.506","0","0","0","0","67301","0","0","0","N","0","0","0","5","67301","0","","1.0","","1","N","N","N","0","","0","0","2","3","2","","","4","0","0","0","0","0","0","2","1","4","","03","","N","","","","","","","","","",""
"2020084496","1735","0","0","0","0","0","0","0","0","0","8","0","","67","10","2020","6","39.936689","-75.215992","1732","6","0","0","0","0","0","0","0","0","","0","0","0","","","1","N","0","","39 56:12.080","","7","75 12:57.570","8","0","0","0","67301","1","0","0","N","1","0","0","2","67301","0","","1.0","","1","N","N","N","0","","0","0","0","0","0","","","2","1","1","0","0","1","0","2","1","1","","03","","N","","","","","","","","","",""
"2020100256","1910","1","0","0","0","0","0","0","0","0","99","0","","67","11","2020","3","40.015964","-75.142189","1908","6","0","0","0","0","0","0","0","0","","0","0","0","","","1","N","0","","40 00:57.470","","0","75 08:31.880","2","0","0","0","67301","0","0","0","N","0","0","0","1","67301","0","","4.0","","1","N","N","N","0","","0","1","0","0","0","","","1","1","0","0","0","0","0","2","0","1","","03","","N","","","","","","","","","",""
"2020100491","0700","1","0","0","0","0","0","0","0","0","7","0","","67","11","2020","3","39.913028","-75.14831","0631","6","0","0","0","0","0","0","0","0","","0","0","0","","","1","N","0","","39 54:46.900","1","0","75 08:53.915","3","0","0","0","67301","0","0","0","N","0","0","0","1","68K01","0","","4.0","700.0","1","N","N","N","0","","1","0","0","0","0","N","","1","1","0","0","0","0","0","2","0","1","","","","N","","","","","","","","","",""
"2020100164","1545","1","0","0","0","0","0","0","0","0","5","0","","67","11","2020","5","39.974281","-75.237614","1540","6","0","0","0","0","0","0","0","0","","0","0","0","","","0","N","0","","39 58:27.410","","0","75 14:15.410","0","0","0","0","67301","0","0","0","N","0","0","0","1","67301","0","","6.0","","1","N","N","N","1","","0","0","0","0","0","","","2","0","0","0","0","0","0","2","0","2","","","","N","","","","","","","","","",""
"2020101208","2309","1","0","0","0","0","0","0","0","0","5","1","55","67","11","2020","5","39.987545","-75.207669","2308","6","0","0","0","0","0","0","0","0","","0","1","0","","","1","N","0","","39 59:15.162","","0","75 12:27.609","4","0","0","0","67301","0","0","0","N","0","0","0","3","68K01","1","","1.0","","1","N","N","N","0","","0","0","0","3","8","","","2","1","0","0","0","0","0","2","0","2","","","N","Y","3","2","","","N","Y","","","Y","N"
"2020101148","1405","1","0","0","0","0","0","0","0","0","1","0","","67","11","2020","5","39.985234","-75.093993","1350","6","0","0","0","0","0","1","0","0","","0","0","0","","","0","N","0","","39 59:06.844","1","0","75 05:38.376","0","0","0","0","67301","0","0","0","N","0","0","0","2","68K01","0","","1.0","1430.0","1","N","N","N","0","","0","0","1","0","0","N","","2","0","0","0","0","0","0","2","0","2","","03","","N","","","","","","","","","",""
"2020063584","0135","2","0","0","0","0","0","0","0","0","4","0","","67","8","2020","1","39.958928","-75.24139","0124","6","0","0","0","0","0","0","0","0","","0","0","0","","","0","","1","","39 57:32.141","","0","75 14:29.004","0","0","0","0","67301","0","0","0","N","0","0","0","2","67301","0","","1.0","","1","N","N","N","0","","0","0","0","3","1","","","2","0","1","0","0","0","0","2","0","2","","03","","N","","","","","","","","","",""
"2020063420","2220","3","0","0","0","0","0","0","0","0","4","0","","67","7","2020","2","39.970354","-75.235708","2218","6","0","0","0","0","0","0","0","0","","0","0","0","","","0","","1","","39 58:13.274","","0","75 14:08.548","0","0","0","0","67301","0","0","0","N","0","0","0","3","67301","0","","1.0","","1","N","N","N","0","","0","0","0","3","2","","","3","0","0","0","0","0","0","2","0","3","","03","","N","","","","","","","","","",""
"2020064076","1016","3","0","0","0","0","0","0","0","0","0","0","45","67","8","2020","6","39.971565","-75.123041","1001","6","0","0","0","0","0","1","0","0","","0","0","0","","","0","N","0","","39 58:17.634","1","0","75 07:22.946","0","0","0","0","67301","0","0","0","N","0","0","0","5","68K01","0","","1.0","1040.0","1","N","N","N","0","","0","0","1","0","0","N","","4","0","0","0","0","0","0","2","0","4","","","N","Y","4","1","","","N","","","","Y","N"
"2020060529","0839","2","0","0","0","0","0","0","0","0","4","0","","67","7","2020","2","40.025706","-75.058257","0833","6","0","0","0","0","0","1","0","0","","0","0","0","","","1","","1","","40 01:32.543","","0","75 03:29.726","8","0","0","0","67301","0","0","0","N","0","0","0","3","67301","0","","1.0","","1","N","N","N","0","","0","0","1","3","2","","","3","1","0","0","0","1","0","2","0","3","","03","","N","","","","","","","","","",""
"2020059458","0402","1","0","0","0","0","0","0","0","0","6","0","","67","7","2020","1","40.023753","-75.031151","0357","6","0","0","0","0","0","0","0","0","","0","0","0","","","0","N","0","","40 01:25.511","","2","75 01:52.143","0","0","0","0","67301","0","0","0","N","0","0","0","4","68K01","0","","1.0","","1","N","N","N","0","","0","0","1","0","0","","","2","0","0","0","0","0","0","2","0","2","","","","N","","","","","","","","","",""
"2020063117","1159","1","0","0","0","0","0","0","0","0","4","0","","67","8","2020","6","40.031615","-75.207632","1152","6","0","0","0","0","0","0","1","1","","0","0","0","","","2","","1","","40 01:53.814","","0","75 12:27.475","3","0","0","0","67301","0","0","0","N","0","0","0","3","67301","0","","1.0","","1","N","N","N","0","","2","0","1","3","2","","","2","2","0","0","0","0","0","2","0","2","","","","N","","","","","","","","","",""
"2020105319","0105","2","0","0","0","0","0","0","0","0","1","0","","67","12","2020","7","39.925572","-75.234322","0055","6","0","0","0","1","0","0","0","0","","0","0","0","","","1","","1","","39 55:32.060","","0","75 14:03.558","8","0","0","0","67301","0","0","0","N","0","0","0","2","67301","0","","1.0","","9","N","N","N","0","","0","0","0","3","2","","","2","1","2","0","0","1","0","2","0","2","","07","","N","","","","","","","","","",""
"2020056074","1625","3","0","0","0","0","0","0","0","0","5","0","","67","7","2020","2","39.987072","-75.123653","1620","6","0","0","0","0","0","0","0","0","","0","0","0","","","0","N","0","","39 59:13.460","","0","75 07:25.150","0","0","0","0","67301","0","0","0","N","0","0","0","1","67301","0","","6.0","","1","N","N","N","0","","0","0","0","0","0","","","4","0","0","0","0","0","0","2","1","4","","03","","N","","","","","","","","","",""
"2020054599","0857","0","0","0","0","0","0","0","0","0","7","0","","67","7","2020","1","39.912583","-75.174333","0856","6","0","0","0","0","0","1","0","0","","0","0","0","","","0","N","0","","39 54:45.300","3","3","75 10:27.600","0","0","0","0","67301","0","0","0","N","0","0","0","1","67501","0","","4.0","935.0","1","N","N","N","0","","0","0","1","0","0","N","","1","0","0","0","0","0","0","2","0","1","","","","Y","","","","","","","","","",""