"CRN","ARRIVAL_TM","AUTOMOBILE_COUNT","BELTED_DEATH_COUNT","BELTED_SUSP_SERIOUS_INJ_COUNT","BICYCLE_COUNT","BICYCLE_DEATH_COUNT","BICYCLE_SUSP_SERIOUS_INJ_COUNT","BUS_COUNT","CHLDPAS_DEATH_COUNT","CHLDPAS_SUSP_SERIOUS_INJ_COUNT","COLLISION_TYPE","COMM_VEH_COUNT","CONS_ZONE_SPD_LIM","COUNTY","CRASH_MONTH","CRASH_YEAR","DAY_OF_WEEK","DEC_LATITUDE","DEC_LONGITUDE","DISPATCH_TM","DISTRICT","DRIVER_COUNT_16YR","DRIVER_COUNT_17YR","DRIVER_COUNT_18YR","DRIVER_COUNT_19YR","DRIVER_COUNT_20YR","DRIVER_COUNT_50_64YR","DRIVER_COUNT_65_74YR","DRIVER_COUNT_75PLUS","EST_HRS_CLOSED","FATAL_COUNT","HEAVY_TRUCK_COUNT","HORSE_BUGGY_COUNT","HOUR_OF_DAY","ILLUMINATION","INJURY_COUNT","INTERSECTION_RELATED","INTERSECT_TYPE","LANE_CLOSED","LATITUDE","LN_CLOSE_DIR","LOCATION_TYPE","LONGITUDE","MAX_SEVERITY_LEVEL","MCYCLE_DEATH_COUNT","MCYCLE_SUSP_SERIOUS_INJ_COUNT","MOTORCYCLE_COUNT","MUNICIPALITY","NONMOTR_COUNT","NONMOTR_DEATH_COUNT","NONMOTR_SUSP_SERIOUS_INJ_COUNT","NTFY_HIWY_MAINT","PED_COUNT","PED_DEATH_COUNT","PED_SUSP_SERIOUS_INJ_COUNT","PERSON_COUNT","POLICE_AGCY","POSSIBLE_INJ_COUNT","RDWY_SURF_TYPE_CD","RELATION_TO_ROAD","ROADWAY_CLEARED","ROAD_CONDITION","SCH_BUS_IND","SCH_ZONE_IND","SECONDARY_CRASH","SMALL_TRUCK_COUNT","SPEC_JURIS_CD","SUSP_MINOR_INJ_COUNT","SUSP_SERIOUS_INJ_COUNT","SUV_COUNT","TCD_FUNC_CD","TCD_TYPE","TFC_DETOUR_IND","TIME_OF_DAY","TOTAL_UNITS","TOT_INJ_COUNT","UNBELTED_OCC_COUNT","UNB_DEATH_COUNT","UNB_SUSP_SERIOUS_INJ_COUNT","UNK_INJ_DEG_COUNT","UNK_INJ_PER_COUNT","URBAN_RURAL","VAN_COUNT","VEHICLE_COUNT","WEATHER1","WEATHER2","WORKERS_PRES","WORK_ZONE_IND","WORK_ZONE_LOC","WORK_ZONE_TYPE","WZ_CLOSE_DETOUR","WZ_FLAGGER","WZ_LAW_OFFCR_IND","WZ_LN_CLOSURE","WZ_MOVING","WZ_OTHER","WZ_SHLDER_MDN","WZ_WORKERS_INJ_KILLED"
"2020055148","1258","3","0","0","0","0","0","0","0","0","1","0","","67","7","2020","2","39.952333","-75.218389","1251","6","0","0","0","0","0","0","0","0","","0","0","0","","","1","N","0","","39 57:08.400","","0","75 13:06.200","8","0","0","0","67301","0","0","0","N","0","0","0","4","67301","0","","6.0","","1","N","N","N","0","","0","0","0","0","0","","","3","1","0","0","0","1","2","2","0","3","","03","","N","","","","","","","","","",""
"2020097440","0155","2","0","0","0","0","0","0","0","0","1","0","","67","11","2020","1","40.004036","-75.195448","0151","6","0","0","0","0","0","0","0","0","","0","0","0","","","1","N","0","","40 00:14.529","","0","75 11:43.613","4","0","0","0","67301","0","0","0","N","0","0","0","3","68K01","1","","1.0","","1","N","N","N","0","","0","0","0","0","0","","","2","1","0","0","0","0","0","2","0","2","","","","N","","","","","","","","","",""
"2020111280","2206","0","0","0","0","0","0","0","0","0","8","0","","67","12","2020","7","40.093335","-74.962074","2204","6","0","0","0","0","0","0","0","0","","1","0","0","","","0","N","2","","40 05:36.005","","0","74 57:43.465","1","0","0","0","67301","1","1","0","N","1","1","0","2","67301","0","2","1.0","","1","N","N","N","0","0","0","0","0","2","2","","","2","0","0","0","0","0","1","2","0","1","","03","","N","","","","","","","","","",""
"2020054899","1510","0","0","0","0","0","0","0","0","0","4","0","","67","7","2020","7","40.057244","-75.034185","1456","6","0","0","0","0","0","0","0","0","","0","0","0","","","0","","1","","40 03:26.078","","0","75 02:03.066","0","0","0","0","67301","0","0","0","N","0","0","0","4","67301","0","","1.0","","1","N","N","N","0","","0","0","0","2","2","","","2","0","0","0","0","0","0","2","2","2","","","","N","","","","","","","","","",""
"2020063430","1942","2","0","0","0","0","0","0","0","0","4","0","","67","8","2020","5","39.991192","-75.157696","1940","6","0","0","0","0","0","1","0","0","","0","0","0","","","1","","1","","39 59:28.291","4","0","75 09:27.705","8","0","0","0","67301","0","0","0","N","0","0","0","2","67301","0","","1.0","2102.0","1","N","N","N","0","","0","0","0","3","3","Y","","2","1","1","0","0","1","0","2","0","2","","03","","N","","","","","","","","","",""
"2020057321","0445","3","0","0","0","0","0","0","0","0","6","0","","67","7","2020","2","40.028244","-75.084817","0438","6","0","0","0","0","0","0","0","0","","0","0","0","","","1","","1","","40 01:41.678","","0","75 05:05.341","3","0","0","0","67301","0","0","0","N","0","0","0","2","67301","0","","1.0","","1","N","N","N","0","","1","0","0","3","2","","","3","1","0","0","0","0","0","2","0","3","","","","N","","","","","","","","","",""
"2020063118","1710","0","0","0","0","0","0","0","0","0","4","0","","67","8","2020","5","39.936764","-75.229713","1706","6","0","0","0","1","0","0","0","0","","0","0","0","","","1","","1","","39 56:12.350","","0","75 13:46.966","3","0","0","0","67301","0","0","0","N","0","0","0","2","67301","0","","1.0","","1","N","N","N","1","","1","0","1","3","2","","","2","1","2","0","0","0","0","2","0","2","","03","","N","","","","","","","","","",""
"2020055504","0830","1","0","0","0","0","0","0","0","0","4","0","","67","7","2020","1","39.998137","-75.138861","0826","6","0","0","0","0","0","1","0","0","","0","0","0","","","1","","1","","39 59:53.293","","0","75 08:19.899","2","0","1","1","67301","0","0","0","N","0","0","0","2","67301","0","","1.0","","1","N","N","N","0","","0","1","0","3","2","","","2","1","1","0","0","0","0","2","0","2","","03","","N","","","","","","","","","",""
"2020058969","1355","0","0","0","0","0","0","0","0","0","5","0","","67","7","2020","6","39.878898","-75.249157","1338","6","0","0","0","0","0","0","0","0","","0","0","0","","","0","N","0","","39 52:44.032","","0","75 14:56.964","0","0","0","0","67301","0","0","0","N","0","0","0","3","68K01","0","","1.0","","9","N","N","N","0","","0","0","2","0","0","","","2","0","0","0","0","0","0","2","0","2","","07","","N","","","","","","","","","",""
"2020056349","1000","0","0","0","0","0","0","0","0","0","4","0","","67","7","2020","4","40.071317","-75.03825","0956","6","0","0","0","0","0","1","0","0","","0","0","0","","","1","","1","","40 04:16.742","2","0","75 02:17.701","3","0","0","0","67301","0","0","0","N","0","0","0","2","67301","0","","1.0","1020.0","1","N","N","N","0","","1","0","2","3","2","N","","2","1","0","0","0","0","0","2","0","2","","","","N","","","","","","","","","",""
"2020054602","1735","1","0","0","0","0","0","0","0","0","2","0","","67","7","2020","6","40.006775","-75.199989","1714","6","0","0","0","0","0","1","0","0","","0","0","0","","","1","N","0","","40 00:24.390","","0","75 11:59.960","4","0","0","0","67301","0","0","0","N","0","0","0","2","67301","1","","1.0","","9","N","N","N","1","","0","0","0","0","0","","","2","1","0","0","0","0","1","2","0","2","","04","","N","","","","","","","","","",""
"2020098012","0117","0","0","0","0","0","0","0","0","0","1","0","","67","11","2020","6","40.022983","-75.197458","0116","6","0","0","0","0","0","0","0","0","","0","0","0","","","0","N","0","","40 01:22.740","","0","75 11:50.850","0","0","0","0","67301","0","0","0","N","0","0","0","2","67301","0","","1.0","","1","N","N","N","0","","0","0","2","0","0","","","2","0","2","0","0","0","0","2","0","2","","","","N","","","","","","","","","",""
"2020101352","1957","0","0","0","0","0","0","0","0","0","8","0","","67","11","2020","2","40.045021","-75.060938","1942","6","0","0","0","0","0","0","0","0","","0","0","0","","","1","N","0","","40 02:42.076","1","0","75 03:39.378","3","0","0","0","67301","1","0","0","N","1","0","0","2","67301","0","","1.0","2000.0","1","N","N","N","0","","1","0","1","0","0","N","","2","1","0","0","0","0","0","2","0","1","","","","N","","","","","","","","","",""
"2020054365","0422","1","0","0","0","0","0","0","0","0","1","0","","67","7","2020","7","39.998522","-75.153593","0415","6","0","0","0","0","0","0","0","0","","0","0","0","","","1","","2","","39 59:54.678","","0","75 09:12.936","4","0","0","0","67301","0","0","0","N","0","0","0","2","67301","1","","1.0","","9","N","N","N","0","","0","0","0","3","2","","","2","1","0","0","0","0","0","2","0","2","","03","","N","","","","","","","","","",""
"2020054901","1630","1","0","0","0","0","0","0","0","0","8","0","","67","7","2020","1","39.956722","-75.228414","1621","6","0","0","0","0","0","0","0","0","","0","0","0","","","1","N","0","","39 57:24.200","","0","75 13:42.290","2","0","0","0","67301","1","0","1","N","1","0","1","2","67301","0","","1.0","","1","N","N","N","0","","0","1","0","0","0","","","2","1","0","0","0","0","0","2","0","1","","03","","N","","","","","","","","","",""
"2020055540","1228","1","0","0","1","0","0","0","0","0","8","0","","67","7","2020","3","39.933549","-75.192282","1227","6","0","0","0","0","0","0","0","0","","0","0","0","","","1","","2","","39 56:00.776","","0","75 11:32.215","3","0","0","0","67301","1","0","0","N","0","0","0","2","67301","0","","1.0","","1","N","N","N","0","","1","0","0","0","0","","","2","1","0","0","0","0","0","2","0","1","","03","","N","","","","","","","","","",""
"2020057762","0527","2","0","0","0","0","0","0","0","0","6","0","","67","7","2020","2","40.053994","-75.152786","0522","6","0","0","0","0","0","1","0","0","","0","0","0","","","0","N","0","","40 03:14.380","","0","75 09:10.030","0","0","0","0","67301","0","0","0","N","0","0","0","1","67301","0","","6.0","","9","N","N","N","0","","0","0","0","0","0","","","2","0","0","0","0","0","0","2","0","2","","03","","N","","","","","","","","","",""
"2020065333","1805","0","0","0","0","0","0","0","0","0","7","0","","67","8","2020","7","39.982069","-75.23938","1755","6","0","0","0","0","0","0","0","0","","0","0","0","","","0","N","0","","39 58:55.449","","0","75 14:21.768","0","0","0","0","67301","0","0","0","N","0","0","0","1","67301","0","","4.0","","1","N","N","Y","1","","0","0","1","0","0","","","4","0","0","0","0","0","0","2","0","4","","03","","N","","","","","","","","","",""
"2020065121","1802","0","0","0","0","0","0","0","0","0","1","0","","67","8","2020","7","39.962374","-75.161469","1755","6","0","0","0","0","1","0","0","0","","0","0","0","","","2","","1","","39 57:44.547","","0","75 09:41.289","2","0","1","1","67301","0","0","0","N","0","0","0","4","67301","1","","1.0","","1","N","N","N","0","","0","1","1","3","2","","","2","2","2","0","0","0","0","2","0","2","","03","","N","","","","","","","","","",""
"2020108702","0825","0","0","0","0","0","0","0","0","0","4","0","","67","12","2020","4","40.092731","-74.959342","0822","6","0","0","0","0","0","0","1","0","","0","0","0","","","0","N","0","","40 05:33.830","","7","74 57:33.630","0","0","0","0","67301","0","0","0","N","0","0","0","1","67301","0","","1.0","","1","N","N","N","0","","0","0","2","0","0","","","2","0","0","0","0","0","0","2","0","2","","03","","N","","","","","","","","","",""
"2020089806","","0","0","0","0","0","0","0","0","0","1","0","","67","7","2020","2","40.111149","-75.024266","","6","0","0","0","0","0","0","0","0","","0","0","0","","","1","","1","","40 06:40.135","","0","75 01:27.358","8","0","0","0","67301","0","0","0","N","0","0","0","2","00000","0","","1.0","","1","","","N","0","","0","0","1","3","2","","","2","1","0","0","0","1","0","2","1","2","","","","N","","","","","","","","","",""
"2020058508","0303","1","0","0","0","0","0","0","0","0","5","0","","67","7","2020","4","39.99505","-75.126864","0303","6","0","0","0","0","0","0","0","0","","0","0","0","","","0","N","0","","39 59:42.180","","0","75 07:36.710","0","0","0","0","67301","0","0","0","N","0","0","0","1","67301","0","","6.0","","1","N","N","N","0","","0","0","1","0","0","","","2","0","1","0","0","0","0","2","0","2","","03","","N","","","","","","","","","",""
"2020055235","1239","0","0","0","0","0","0","0","0","0","5","0","","67","7","2020","2","40.020424","-75.095093","1232","6","0","0","0","0","0","0","0","0","","0","0","0","","","0","N","0","","40 01:13.528","","0","75 05:42.334","0","0","0","0","67301","0","0","0","N","0","0","0","1","67301","0","","6.0","","1","N","N","N","0","","0","0","1","0","0","","","2","0","0","0","0","0","0","2","1","2","","","","N","","","","","","","","","",""
"2020108148","0315","0","0","0","1","1","0","0","0","0","8","0","","67","12","2020","6","40.054478","-75.085875","0309","6","0","0","0","0","0","1","0","0","","1","0","0","","","0","N","1","","40 03:16.120","","0","75 05:09.150","1","0","0","0","67301","1","1","0","N","0","0","0","2","67301","0","2","1.0","","1","N","N","N","0","0","0","0","1","3","2","","","2","0","1","0","0","0","0","2","0","1","","03","","N","","","","","","","","","",""
"2020063958","1855","2","0","0","0","0","0","0","0","0","4","0","","67","8","2020","6","39.948517","-75.20568","1743","6","0","0","0","0","0","0","0","0","","0","0","0","","","0","","1","","39 56:54.661","2","0","75 12:20.448","0","0","0","0","67301","0","0","0","N","0","0","0","2","67301","0","","1.0","1850.0","1","N","N","N","0","","0","0","0","3","3","Y","","2","0","0","0","0","0","0","2","0","2","","04","","N","","","","","","","","","",""
"2020055234","0149","1","0","0","0","0","0","0","0","0","1","0","","67","7","2020","2","40.069972","-75.157165","0149","6","0","0","0","0","0","0","0","0","","0","0","0","","","0","","1","","40 04:11.899","","0","75 09:25.794","0","0","0","0","67301","0","0","0","N","0","0","0","2","67301","0","","1.0","","9","N","N","N","0","","0","0","1","0","0","","","2","0","0","0","0","0","0","2","0","2","","03","","N","","","","","","","","","",""
"2020093307","1555","1","0","0","0","0","0","1","0","0","5","1","","67","10","2020","1","40.050112","-75.064063","1545","6","0","0","0","0","0","0","0","0","","0","0","0","","","1","N","1","","40 03:00.403","","0","75 03:50.627","8","0","0","0","67301","0","0","0","N","0","0","0","2","67508","0","","1.0","","1","N","N","Y","0","","0","0","0","3","2","","","2","1","0","0","0","1","0","2","0","2","","03","","N","","","","","","","","","",""
"2020058509","1620","1","0","0","0","0","0","0","0","0","5","0","","67","7","2020","4","40.004514","-75.098833","1616","6","0","0","0","0","0","0","0","0","","0","0","0","","","0","N","0","","40 00:16.250","","1","75 05:55.800","0","0","0","0","67301","0","0","0","N","0","0","0","1","67301","0","","6.0","","1","N","N","N","1","","0","0","1","0","0","","","3","0","0","0","0","0","0","2","0","3","","03","","N","","","","","","","","","",""
"2020063743","1648","0","0","0","0","0","0","0","0","0","7","0","","67","8","2020","7","39.968086","-75.23015","1648","6","0","0","0","0","0","0","0","0","","0","0","0","","","0","N","0","","39 58:05.110","","0","75 13:48.540","0","0","0","0","67301","0","0","0","N","0","0","0","1","67301","0","","4.0","","1","N","N","N","0","","0","0","1","0","0","","","1","0","0","0","0","0","0","2","0","1","","03","","N","","","","","","","","","",""
"2020061512","2117","0","0","0","0","0","0","0","0","0","4","0","","67","8","2020","7","39.986747","-75.207556","2106","6","0","0","0","0","0","1","0","0","","0","0","0","","","0","","1","","39 59:12.288","","2","75 12:27.201","0","0","0","0","67301","0","0","0","N","0","0","0","2","67301","0","","1.0","","1","N","N","N","1","","0","0","1","3","2","","","2","0","0","0","0","0","0","2","0","2","","","","N","","","","","","","","","",""
"2020070601","0145","2","0","0","0","0","0","0","0","0","5","0","","67","7","2020","7","39.992802","-75.110121","0135","6","0","0","0","0","0","0","0","0","","0","0","0","","","0","N","0","","39 59:34.086","","0","75 06:36.436","0","0","0","0","67301","0","0","0","N","0","0","0","2","67301","0","","1.0","","1","N","N","N","0","","0","0","0","0","0","","","2","0","0","0","0","0","0","2","0","2","","03","","N","","","","","","","","","",""
"2020061416","1136","0","0","0","0","0","0","0","0","0","5","0","","67","8","2020","7","40.030817","-75.112012","1136","6","0","0","0","0","0","1","0","0","","0","0","0","","","1","","1","","40 01:50.941","","0","75 06:43.243","8","0","0","0","67301","0","0","0","N","0","0","0","2","67301","0","","1.0","","1","N","N","N","0","","0","0","2","3","2","","","2","1","0","0","0","1","0","2","0","2","","03","","N","","","","","","","","","",""
"2020064044","1738","2","0","0","0","0","0","0","0","0","1","0","","67","8","2020","1","39.971857","-75.122589","1738","6","0","0","0","0","1","1","1","0","","0","0","0","","","0","N","0","","39 58:18.684","1","0","75 07:21.322","0","0","0","0","67301","0","0","0","N","0","0","0","12","68K01","0","","1.0","1840.0","1","N","N","N","0","","0","0","3","0","0","N","","5","0","0","0","0","0","0","2","0","5","","","","N","","","","","","","","","",""
"2020054541","1955","1","0","0","0","0","0","0","0","0","5","0","","67","7","2020","7","39.987111","-75.0715","1954","6","0","0","0","0","0","0","0","0","","0","0","0","","","2","N","0","","39 59:13.600","3","3","75 04:17.400","3","0","0","0","67301","0","0","0","N","0","0","0","5","67501","0","","1.0","2028.0","1","N","N","N","0","","1","0","1","0","0","N","","2","2","0","0","0","1","0","2","0","2","","03","","N","","","","","","","","","",""
"2020101746","1348","1","0","0","0","0","0","0","0","0","8","0","","67","11","2020","4","39.956244","-75.162674","1340","6","0","0","0","0","0","1","0","0","","0","0","0","","","1","","1","","39 57:22.480","","0","75 09:45.628","8","0","0","0","67301","1","0","0","N","1","0","0","2","67301","0","","1.0","","1","N","N","N","0","","0","0","0","3","2","","","2","1","0","0","0","1","0","2","0","1","","","","N","","","","","","","","","",""
"2020050187","0510","1","0","0","0","0","0","0","0","0","8","0","","67","6","2020","6","40.003165","-75.152455","0505","6","0","0","0","0","0","0","0","0","","0","0","0","","","1","","5","","40 00:11.393","","0","75 09:08.837","3","0","0","0","67301","1","0","0","N","1","0","0","2","67301","0","","1.0","","1","N","N","N","0","","1","0","0","3","2","","","2","1","0","0","0","0","0","2","0","1","","03","","N","","","","","","","","","",""
"2020101463","2220","1","0","0","0","0","0","0","0","0","8","0","","67","11","2020","6","40.013373","-75.070494","2220","6","0","0","0","0","0","0","0","0","","0","0","0","","","1","N","0","","40 00:48.142","3","0","75 04:13.778","8","0","0","0","67301","1","0","0","N","1","0","0","2","67301","0","","1.0","2230.0","1","N","N","N","0","","0","0","0","0","0","Y","","2","1","0","0","0","1","0","2","0","1","","03","","N","","","","","","","","","",""
"2020063665","2155","1","0","0","0","0","0","0","0","0","4","0","","67","8","2020","7","39.9435","-75.235244","2150","6","0","0","0","0","0","0","0","1","","0","0","0","","","4","","1","","39 56:36.600","","0","75 14:06.878","3","0","0","0","67301","0","0","0","N","0","0","0","4","67301","0","","1.0","","1","N","N","N","0","","4","0","1","3","3","","","2","4","0","0","0","0","0","2","0","2","","03","","N","","","","","","","","","",""
"2020056352","0519","2","0","0","0","0","0","0","0","0","5","0","","67","7","2020","3","39.953139","-75.240111","0516","6","0","0","0","1","0","0","0","0","","0","0","0","","","0","N","0","","39 57:11.300","2","0","75 14:24.400","0","0","0","0","67301","0","0","0","N","0","0","0","1","67301","0","","6.0","612.0","1","N","N","N","0","","0","0","0","0","0","Y","","2","0","0","0","0","0","0","2","0","2","","03","","N","","","","","","","","","",""
"2020111414","1904","1","0","0","0","0","0","0","0","0","4","0","","67","12","2020","7","40.008796","-75.147623","1904","6","0","0","0","0","0","0","0","0","","1","0","0","","","2","N","1","","40 00:31.666","7","0","75 08:51.441","1","0","0","0","67301","0","0","0","N","0","0","0","3","67301","0","2","1.0","200.0","1","N","N","N","0","0","1","1","0","3","2","Y","","2","2","1","0","0","0","0","2","0","2","","03","","N","","","","","","","","","",""
"2020100361","1743","0","0","0","0","0","0","0","0","0","0","0","","67","11","2020","6","40.015428","-75.056269","1730","6","0","0","0","0","0","0","0","0","","0","0","0","","","1","N","0","","40 00:55.540","","0","75 03:22.570","2","0","1","1","67301","0","0","0","N","0","0","0","1","67301","0","","1.0","","1","N","N","N","0","","0","1","0","0","0","","","1","1","0","0","0","0","0","2","0","1","","03","","N","","","","","","","","","",""
"2020054820","1534","1","0","0","0","0","0","0","0","0","7","0","","67","7","2020","1","39.932231","-75.199817","1534","6","0","0","0","0","0","0","0","0","","0","0","0","","","0","N","0","","39 55:56.030","","0","75 11:59.340","0","0","0","0","67301","0","0","0","N","0","0","0","1","67301","0","","4.0","","1","N","N","N","0","","0","0","0","0","0","","","1","0","0","0","0","0","0","2","0","1","","03","","N","","","","","","","","","",""
"2020099931","1249","0","0","0","0","0","0","0","0","0","4","0","","67","11","2020","5","40.043155","-75.16721","1113","6","0","0","0","0","0","0","0","1","","0","0","0","","","2","","1","","40 02:35.358","","0","75 10:01.956","3","0","0","0","67301","0","0","0","N","0","0","0","4","67301","0","","1.0","","1","N","N","N","0","","2","0","1","2","2","","","2","2","0","0","0","0","2","2","1","2","","03","","N","","","","","","","","","",""
"2020064967","1558","2","0","0","0","0","0","0","0","0","6","0","","67","8","2020","7","39.994051","-75.241624","1555","6","0","0","0","0","0","0","1","0","","0","0","0","","","4","","2","","39 59:38.583","1","0","75 14:29.847","3","0","0","0","67301","0","0","0","N","0","0","0","4","67301","0","","1.0","200.0","1","N","N","Y","0","","4","0","0","3","2","Y","","3","4","0","0","0","0","0","2","1","3","","","","N","","","","","","","","","",""
"2020054818","2254","2","0","0","0","0","0","0","0","0","4","0","","67","7","2020","7","39.950557","-75.148904","2252","6","0","0","0","1","0","0","0","0","","0","0","0","","","0","","1","","39 57:02.004","","0","75 08:56.055","0","0","0","0","67301","0","0","0","N","0","0","0","4","67301","0","","1.0","","1","N","N","N","0","","0","0","0","3","2","","","2","0","0","0","0","0","0","2","0","2","","03","","N","","","","","","","","","",""
"2020061553","0145","1","0","0","0","0","0","0","0","0","5","0","","67","7","2020","6","39.993197","-75.119439","0126","6","0","0","0","0","0","0","0","0","","0","0","0","","","1","N","0","","39 59:35.510","","1","75 07:09.980","4","0","0","0","67301","0","0","0","N","0","0","0","3","67301","1","","6.0","","9","N","N","N","1","","0","0","1","0","0","","","3","1","0","0","0","0","0","2","0","3","","","","N","","","","","","","","","",""
"2020061347","2347","1","0","0","0","0","0","0","0","0","4","0","","67","7","2020","6","39.983209","-75.156937","2346","6","0","0","0","0","0","0","0","0","","0","0","0","","","1","","1","","39 58:59.553","","0","75 09:24.974","2","0","1","1","67301","0","0","0","N","0","0","0","2","67301","0","","1.0","","1","N","N","N","0","","0","1","0","3","2","","","2","1","0","0","0","0","0","2","0","2","","03","","N","","","","","","","","","",""
"2020064066","0020","1","0","0","0","0","0","0","0","0","7","0","","67","8","2020","5","40.033098","-75.020731","0019","6","0","0","0","1","0","0","0","0","","0","0","0","","","2","N","0","","40 01:59.154","2","0","75 01:14.632","3","0","0","0","67301","0","0","0","N","0","0","0","2","68K01","0","","4.0","30.0","1","N","N","N","0","","1","0","0","0","0","N","","1","2","0","0","0","1","0","2","0","1","","","","N","","","","","","","","","",""
"2020019610","0015","0","0","0","0","0","0","0","0","0","7","0","","67","2","2020","6","39.956331","-75.186714","0010","6","0","0","0","0","0","0","0","0","","0","0","0","","","0","N","0","","39 57:22.792","","0","75 11:12.169","0","0","0","0","67301","0","0","0","N","0","0","0","1","67507","0","","4.0","","1","N","N","N","0","","0","0","1","0","0","","","1","0","0","0","0","0","0","2","0","1","","","","N","","","","","","","","","",""
"2020055003","1846","1","0","0","0","0","0","0","0","0","1","0","","67","7","2020","1","40.052236","-75.175821","1846","6","0","0","0","0","0","0","1","0","","0","0","0","","","1","","1","","40 03:08.049","","0","75 10:32.957","4","0","0","1","67301","0","0","0","N","0","0","0","2","67301","1","","1.0","","1","N","N","N","0","","0","0","0","3","2","","","3","1","0","0","0","0","0","2","1","3","","03","","N","","","","","","","","","",""
"2020054902","2213","1","0","0","1","0","1","0","0","0","8","0","","67","7","2020","7","39.989968","-75.11716","2213","6","0","0","0","0","0","0","0","0","","0","0","0","","","1","","1","","39 59:23.885","","0","75 07:01.777","2","0","0","0","67301","1","0","1","N","0","0","0","2","67301","0","","1.0","","1","N","N","N","0","","0","1","0","0","0","","","2","1","1","0","0","0","0","2","0","1","","","","N","","","","","","","","","",""
"2020060794","0050","1","0","0","0","0","0","0","0","0","4","0","","67","7","2020","6","40.006779","-75.156711","0050","6","0","0","0","0","0","0","0","0","","0","0","0","","","1","","1","","40 00:24.404","","0","75 09:24.159","4","0","0","0","67301","0","0","0","N","0","0","0","2","67301","1","","1.0","","9","N","N","N","0","","0","0","0","3","3","","","2","1","0","0","0","0","0","2","0","2","","","","N","","","","","","","","","",""
"2020091803","2020","2","0","0","0","0","0","0","0","0","1","0","","67","10","2020","6","39.959191","-75.172476","2020","6","0","0","1","0","0","0","0","0","","0","0","0","","","1","N","0","","39 57:33.088","4","0","75 10:20.915","3","0","0","0","67301","0","0","0","N","0","0","0","4","68K01","0","","1.0","2030.0","1","N","N","N","0","","1","0","0","0","0","N","","3","1","0","0","0","0","1","2","0","3","","03","","N","","","","","","","","","",""
"2020066772","1727","3","0","0","0","0","0","0","0","0","4","0","","67","8","2020","7","40.030215","-75.043745","1725","6","0","0","1","0","0","1","0","0","","0","0","0","","","3","","1","","40 01:48.773","7","0","75 02:37.481","8","0","0","0","67301","0","0","0","N","0","0","0","4","67301","0","","1.0","45.0","1","N","N","N","0","","0","0","0","3","2","Y","","3","3","3","0","0","3","0","2","0","3","","","","N","","","","","","","","","",""
"2020070609","2000","0","0","0","0","0","0","0","0","0","1","0","","67","7","2020","3","39.970183","-75.144648","2000","6","0","0","0","0","0","0","0","0","","0","0","0","","","0","N","0","","39 58:12.660","","0","75 08:40.733","0","0","0","0","67301","0","0","0","N","0","0","0","1","67301","0","","6.0","","99","N","N","N","0","","0","0","1","0","0","","","2","0","0","0","0","0","0","2","0","2","","","","N","","","","","","","","","",""
"2020108394","1921","1","0","0","0","0","0","0","0","0","1","0","","67","12","2020","2","39.969354","-75.126343","1913","6","0","0","0","0","0","2","0","0","","0","0","0","","","1","N","0","","39 58:09.673","1","0","75 07:34.836","3","0","0","0","67301","0","0","0","N","0","0","0","4","68K01","0","","1.0","1921.0","1","N","N","N","0","","1","0","1","0","0","N","","2","1","0","0","0","0","0","2","0","2","","03","","N","","","","","","","","","",""
"2020061351","0135","1","0","0","0","0","0","0","0","0","5","0","","67","8","2020","1","40.022789","-75.159023","0132","6","0","0","0","0","0","1","0","0","","0","0","0","","","1","","5","","40 01:22.042","","0","75 09:32.483","4","0","0","0","67301","0","0","0","N","0","0","0","3","67301","1","","1.0","","1","N","N","N","0","","0","0","1","3","2","","","2","1","0","0","0","0","0","2","0","2","","03","","N","","","","","","","","","",""
"2020056279","0152","0","0","0","0","0","0","0","0","0","8","0","","67","7","2020","4","40.00221","-75.1577","0152","6","0","0","0","0","0","0","0","0","","0","0","0","","","1","","1","","40 00:07.957","","0","75 09:27.721","2","0","0","0","67301","1","0","1","N","1","0","1","2","67301","0","","1.0","","1","N","N","N","0","","0","1","0","3","2","","","2","1","0","0","0","0","0","2","0","1","","03","","N","","","","","","","","","",""
"2020050789","1745","0","0","0","0","0","0","0","0","0","1","0","","67","6","2020","7","39.999222","-75.109917","1741","6","0","0","0","0","0","0","0","0","","0","0","0","","","2","N","0","","39 59:57.200","","0","75 06:35.700","3","0","0","0","67301","0","0","0","N","0","0","0","4","67301","0","","1.0","","1","N","N","N","0","","2","0","2","0","0","","","2","2","0","0","0","0","0","2","0","2","","03","","N","","","","","","","","","",""
"2020061876","1730","1","0","0","0","0","0","0","0","0","4","0","","67","8","2020","2","39.959958","-75.237124","1728","6","0","0","0","0","0","1","0","0","","0","0","0","","","0","","1","","39 57:35.847","","0","75 14:13.645","0","0","0","0","67301","0","0","0","N","0","0","0","2","67301","0","","1.0","","1","N","N","N","1","","0","0","0","3","2","","","2","0","0","0","0","0","0","2","0","2","","03","","N","","","","","","","","","",""
"2020055179","0100","0","0","0","1","0","0","0","0","0","8","0","","67","7","2020","2","39.939256","-75.233589","0056","6","0","0","0","0","0","0","0","0","","0","0","0","","","1","N","0","","39 56:21.320","","0","75 14:00.920","3","0","0","0","67301","1","0","0","N","0","0","0","2","67301","0","","1.0","","9","N","N","N","0","","1","0","0","0","0","","","2","1","0","0","0","0","0","2","0","1","","","","N","","","","","","","","","",""