"CRN","ARRIVAL_TM","AUTOMOBILE_COUNT","BELTED_DEATH_COUNT","BELTED_SUSP_SERIOUS_INJ_COUNT","BICYCLE_COUNT","BICYCLE_DEATH_COUNT","BICYCLE_SUSP_SERIOUS_INJ_COUNT","BUS_COUNT","CHLDPAS_DEATH_COUNT","CHLDPAS_SUSP_SERIOUS_INJ_COUNT","COLLISION_TYPE","COMM_VEH_COUNT","CONS_ZONE_SPD_LIM","COUNTY","CRASH_MONTH","CRASH_YEAR","DAY_OF_WEEK","DEC_LATITUDE","DEC_LONGITUDE","DISPATCH_TM","DISTRICT","DRIVER_COUNT_16YR","DRIVER_COUNT_17YR","DRIVER_COUNT_18YR","DRIVER_COUNT_19YR","DRIVER_COUNT_20YR","DRIVER_COUNT_50_64YR","DRIVER_COUNT_65_74YR","DRIVER_COUNT_75PLUS","EST_HRS_CLOSED","FATAL_COUNT","HEAVY_TRUCK_COUNT","HORSE_BUGGY_COUNT","HOUR_OF_DAY","ILLUMINATION","INJURY_COUNT","INTERSECTION_RELATED","INTERSECT_TYPE","LANE_CLOSED","LATITUDE","LN_CLOSE_DIR","LOCATION_TYPE","LONGITUDE","MAX_SEVERITY_LEVEL","MCYCLE_DEATH_COUNT","MCYCLE_SUSP_SERIOUS_INJ_COUNT","MOTORCYCLE_COUNT","MUNICIPALITY","NONMOTR_COUNT","NONMOTR_DEATH_COUNT","NONMOTR_SUSP_SERIOUS_INJ_COUNT","NTFY_HIWY_MAINT","PED_COUNT","PED_DEATH_COUNT","PED_SUSP_SERIOUS_INJ_COUNT","PERSON_COUNT","POLICE_AGCY","POSSIBLE_INJ_COUNT","RDWY_SURF_TYPE_CD","RELATION_TO_ROAD","ROADWAY_CLEARED","ROAD_CONDITION","SCH_BUS_IND","SCH_ZONE_IND","SECONDARY_CRASH","SMALL_TRUCK_COUNT","SPEC_JURIS_CD","SUSP_MINOR_INJ_COUNT","SUSP_SERIOUS_INJ_COUNT","SUV_COUNT","TCD_FUNC_CD","TCD_TYPE","TFC_DETOUR_IND","TIME_OF_DAY","TOTAL_UNITS","TOT_INJ_COUNT","UNBELTED_OCC_COUNT","UNB_DEATH_COUNT","UNB_SUSP_SERIOUS_INJ_COUNT","UNK_INJ_DEG_COUNT","UNK_INJ_PER_COUNT","URBAN_RURAL","VAN_COUNT","VEHICLE_COUNT","WEATHER1","WEATHER2","WORKERS_PRES","WORK_ZONE_IND","WORK_ZONE_LOC","WORK_ZONE_TYPE","WZ_CLOSE_DETOUR","WZ_FLAGGER","WZ_LAW_OFFCR_IND","WZ_LN_CLOSURE","WZ_MOVING","WZ_OTHER","WZ_SHLDER_MDN","WZ_WORKERS_INJ_KILLED"
"2020048526","1930","1","0","0","0","0","0","0","0","0","4","0","","67","6","2020","1","40.064271","-75.053695","1927","6","0","0","0","0","0","0","0","0","","0","0","0","","","0","","1","","40 03:51.377","","0","75 03:13.303","0","0","0","0","67301","0","0","0","N","0","0","0","3","67301","0","","1.0","","9","N","N","N","0","","0","0","1","3","2","","","2","0","0","0","0","0","0","2","0","2","","03","","N","","","","","","","","","",""
"2020061336","2335","0","0","0","1","0","0","0","0","0","8","0","","67","8","2020","7","39.927289","-75.182478","2335","6","0","0","0","0","0","0","0","0","","0","0","0","","","1","","1","","39 55:38.240","","0","75 10:56.920","8","0","0","0","67301","1","0","0","N","0","0","0","2","67301","0","","1.0","","1","N","N","N","0","","0","0","0","3","3","","","2","1","0","0","0","1","0","2","0","1","","03","","N","","","","","","","","","",""
"2020060981","1415","1","0","0","0","0","0","0","0","0","8","0","","67","7","2020","6","39.986424","-75.157158","1411","6","0","0","0","0","0","0","0","0","","0","0","0","","","1","","2","","39 59:11.127","","0","75 09:25.768","8","0","0","0","67301","1","0","0","N","1","0","0","2","67301","0","","1.0","","1","N","N","N","0","","0","0","0","3","3","","","2","1","0","0","0","1","0","2","0","1","","04","","N","","","","","","","","","",""
"2020048587","1421","0","0","0","0","0","0","0","0","0","0","0","","67","6","2020","1","39.991831","-75.145319","1421","6","0","0","0","0","0","0","0","0","","0","0","0","","","1","N","0","","39 59:30.590","","0","75 08:43.150","8","0","0","0","67301","0","0","0","N","0","0","0","1","67301","0","","6.0","","1","N","N","N","0","","0","0","2","0","0","","","2","1","1","0","0","1","0","2","0","2","","","","N","","","","","","","","","",""
"2020054896","2025","1","0","0","0","0","0","0","0","0","4","0","","67","7","2020","7","39.919769","-75.18826","2020","6","0","0","0","0","0","0","0","0","","0","0","0","","","1","","2","","39 55:11.168","","7","75 11:17.735","8","0","0","0","67301","0","0","0","N","0","0","0","2","67301","0","","1.0","","99","N","N","N","0","","0","0","1","3","2","","","2","1","0","0","0","1","0","2","0","2","","","","N","","","","","","","","","",""
"2020056655","0320","2","0","0","0","0","0","0","0","0","5","0","","67","7","2020","1","39.963222","-75.199306","0316","6","0","0","0","0","0","0","0","0","","0","0","0","","","0","N","0","","39 57:47.600","","0","75 11:57.500","9","0","0","0","67301","0","0","0","N","0","0","0","1","67301","0","","6.0","","1","N","N","N","0","","0","0","0","0","0","","","4","0","0","0","0","0","1","2","2","4","","03","","N","","","","","","","","","",""
"2020100086","1540","0","0","0","0","0","0","0","0","0","8","0","","67","11","2020","6","40.028953","-75.15255","1530","6","0","0","0","0","0","0","0","0","","0","0","0","","","1","N","0","","40 01:44.230","","0","75 09:09.180","3","0","0","0","67301","1","0","0","N","1","0","0","1","67301","0","","1.0","","1","N","N","N","0","","1","0","0","0","0","","","2","1","0","0","0","0","0","2","0","1","","03","","N","","","","","","","","","",""
"2020063904","1046","1","0","0","0","0","0","0","0","0","7","0","","67","8","2020","3","39.946993","-75.142027","1038","6","0","0","0","0","0","0","0","0","","0","0","0","","","1","N","0","","39 56:49.174","","0","75 08:31.297","3","0","0","0","67301","0","0","0","N","0","0","0","1","68K01","0","","4.0","","9","N","N","N","0","","1","0","0","0","0","","","1","1","0","0","0","0","0","2","0","1","","07","","N","","","","","","","","","",""
"2020050112","2140","1","0","0","1","0","0","0","0","0","8","0","","67","6","2020","6","39.952559","-75.19005","2135","6","0","0","0","0","0","0","0","0","","0","0","0","","","1","N","1","","39 57:09.214","","0","75 11:24.181","8","0","0","0","67301","1","0","0","N","0","0","0","2","67504","0","","1.0","","1","N","N","N","0","","0","0","0","3","2","","","2","1","0","0","0","1","0","2","0","1","","03","","N","","","","","","","","","",""
"2020061708","0815","3","0","0","0","0","0","0","0","0","4","0","","67","8","2020","2","39.969999","-75.163109","0809","6","0","0","0","0","0","0","1","0","","0","0","0","","","2","","1","","39 58:11.995","","0","75 09:47.193","3","0","0","1","67301","0","0","0","N","0","0","0","2","67301","0","","1.0","","1","N","N","N","0","","2","0","1","3","3","","","5","2","0","0","0","0","0","2","0","5","","03","","N","","","","","","","","","",""
"2020049283","1532","2","0","0","0","0","0","0","0","0","4","0","","67","6","2020","3","39.960444","-75.241079","1532","6","0","0","0","0","0","0","0","0","","0","0","0","","","2","","1","","39 57:37.599","3","0","75 14:27.885","8","0","0","0","67301","0","0","0","N","0","0","0","3","67301","0","","1.0","1820.0","1","N","N","Y","0","","0","0","0","3","2","Y","","2","2","0","0","0","2","1","2","0","2","","03","","N","","","","","","","","","",""
"2020054804","0153","1","0","0","0","0","0","0","0","0","4","0","","67","7","2020","2","39.983637","-75.160147","0149","6","0","0","0","0","0","0","0","0","","0","0","0","","","0","","1","","39 59:01.093","","0","75 09:36.529","9","0","0","0","67301","0","0","0","Y","0","0","0","5","67505","0","","1.0","","9","N","N","N","0","","0","0","1","3","2","","","2","0","0","0","0","0","5","2","0","2","","03","","Y","","","","","","","","","",""
"2020054787","1730","1","0","0","0","0","0","0","0","0","7","0","","67","7","2020","1","40.038994","-75.148557","1728","6","0","0","0","0","0","1","0","0","","0","0","0","","","1","","2","","40 02:20.379","","0","75 08:54.805","8","0","0","0","67301","0","0","0","N","0","0","0","1","67301","0","","4.0","","1","N","N","N","0","","0","0","0","3","3","","","1","1","0","0","0","1","0","2","0","1","","03","","N","","","","","","","","","",""
"2020063630","0639","0","0","0","0","0","0","0","0","0","7","0","","67","8","2020","6","40.039348","-75.007272","0639","6","0","0","0","0","0","0","0","0","","0","0","0","","","0","N","0","","40 02:21.652","","0","75 00:26.178","0","0","0","0","67301","0","0","0","N","0","0","0","1","68K01","0","","4.0","","9","N","N","N","0","","0","0","0","0","0","","","1","0","0","0","0","0","0","2","1","1","","","","N","","","","","","","","","",""
"2020108261","1711","0","0","0","0","0","0","0","0","0","4","0","","67","12","2020","1","39.950946","-75.239007","1709","6","0","0","0","0","0","0","0","0","","0","0","0","","","2","","1","","39 57:03.407","","0","75 14:20.425","3","0","0","0","67301","0","0","0","N","0","0","0","2","67301","0","","1.0","","1","N","N","N","0","","2","0","3","0","0","","","3","2","0","0","0","0","0","2","0","3","","","","N","","","","","","","","","",""
"2020108348","1130","1","0","0","0","0","0","0","0","0","2","0","","67","11","2020","5","39.972335","-75.193509","1125","6","0","0","0","0","0","0","0","0","","0","0","0","","","1","N","0","","39 58:20.407","4","0","75 11:36.634","3","0","0","0","67301","0","0","0","N","0","0","0","2","68K01","0","","4.0","1155.0","1","N","N","N","0","","1","0","0","0","0","N","","1","1","0","0","0","0","1","2","0","1","","03","","N","","","","","","","","","",""
"2020109312","0818","0","0","0","0","0","0","0","0","0","0","1","","67","12","2020","5","39.889696","-75.219843","0807","6","0","0","0","0","0","0","0","0","","0","1","0","","","1","N","0","","39 53:22.905","1","0","75 13:11.433","3","0","0","0","67301","0","0","0","N","0","0","0","1","68K01","0","","1.0","948.0","1","N","N","N","0","","1","0","0","0","0","N","","1","1","0","0","0","0","0","2","0","1","","","","N","","","","","","","","","",""
"2020049752","2240","1","0","0","0","0","0","0","0","0","4","0","","67","6","2020","4","40.021001","-75.16392","2240","6","0","0","0","0","0","0","0","0","","0","0","0","","","0","","1","","40 01:15.603","","0","75 09:50.111","0","0","0","0","67301","0","0","0","N","0","0","0","2","67301","0","","1.0","","1","N","N","N","0","","0","0","0","3","3","","","2","0","0","0","0","0","0","2","0","2","","03","","N","","","","","","","","","",""
"2020100451","1225","1","0","1","0","0","0","0","0","0","2","1","","67","11","2020","6","39.974944","-75.249139","1115","6","0","0","0","0","0","1","0","0","","0","1","0","","","1","N","0","","39 58:29.800","7","0","75 14:56.900","2","0","0","0","67301","0","0","0","N","0","0","0","1","67301","0","","6.0","1530.0","1","N","N","N","0","","0","1","1","0","0","Y","","4","1","0","0","0","0","0","2","1","4","","03","","N","","","","","","","","","",""
"2020056642","1953","0","0","0","0","0","0","0","0","0","8","0","","67","7","2020","3","40.042292","-75.068847","1953","6","0","0","0","0","0","0","0","0","","0","0","0","","","1","","1","","40 02:32.251","","0","75 04:07.849","2","0","0","0","67301","1","0","1","N","1","0","1","2","67301","0","","1.0","","1","N","N","N","0","","0","1","0","3","3","","","2","1","0","0","0","0","0","2","0","1","","03","","N","","","","","","","","","",""
"2020050186","1145","1","0","0","0","0","0","0","0","0","4","0","","67","6","2020","6","39.968841","-75.136192","1142","6","0","0","0","0","0","0","0","0","","0","0","0","","","0","","1","","39 58:07.829","","0","75 08:10.292","0","0","0","0","67301","0","0","0","N","0","0","0","2","67301","0","","1.0","","1","N","N","N","0","","0","0","1","3","2","","","2","0","0","0","0","0","0","2","0","2","","03","","N","","","","","","","","","",""
"2020056276","1330","2","0","0","0","0","0","0","0","0","4","0","","67","7","2020","4","39.927142","-75.181427","1325","6","0","0","0","0","0","0","0","0","","0","0","0","","","0","","1","","39 55:37.711","","0","75 10:53.137","0","0","0","0","67301","0","0","0","N","0","0","0","2","67301","0","","1.0","","1","N","N","N","0","","0","0","0","3","3","","","3","0","0","0","0","0","0","2","1","3","","","","N","","","","","","","","","",""
"2020062699","0444","1","0","0","0","0","0","0","0","0","7","0","","67","8","2020","3","39.969741","-75.223119","0444","6","0","0","0","0","0","0","0","0","","0","0","0","","","0","","2","","39 58:11.067","","0","75 13:23.228","9","0","0","0","67301","0","0","0","N","0","0","0","1","67301","0","","4.0","","9","N","N","N","0","","0","0","0","0","0","","","1","0","0","0","0","0","1","2","0","1","","","","N","","","","","","","","","",""
"2020101169","1820","2","0","0","0","0","0","0","0","0","4","0","","67","11","2020","1","39.992783","-75.200884","1813","6","0","0","0","0","0","0","0","0","","0","0","0","","","0","N","0","","39 59:34.018","","0","75 12:03.183","0","0","0","0","67301","0","0","0","N","0","0","0","3","68K01","0","","1.0","","1","N","N","N","0","","0","0","1","0","0","","","3","0","0","0","0","0","0","2","0","3","","","","N","","","","","","","","","",""
"2020064879","1837","0","0","0","0","0","0","0","0","0","1","0","","67","8","2020","6","40.009463","-75.205324","1825","6","0","0","0","0","0","1","0","0","","0","0","0","","","0","N","0","","40 00:34.067","","0","75 12:19.168","0","0","0","0","67301","0","0","0","N","0","0","0","3","68K01","0","","1.0","","9","N","N","N","0","","0","0","2","0","0","","","3","0","0","0","0","0","0","2","0","3","","07","","N","","","","","","","","","",""
"2020063619","0151","1","0","0","0","0","0","0","0","0","7","0","","67","8","2020","3","39.960151","-75.180129","0151","6","0","0","1","0","0","0","0","0","","0","0","0","","","0","N","0","","39 57:36.544","","3","75 10:48.463","0","0","0","0","67301","0","0","0","N","0","0","0","1","68K01","0","","3.0","","9","N","N","N","0","","0","0","0","0","0","","","1","0","0","0","0","0","0","2","0","1","","","","N","","","","","","","","","",""
"2020100494","2204","1","0","0","0","0","0","0","0","0","1","0","99","67","11","2020","4","39.947692","-75.18691","2204","6","0","0","0","0","0","0","0","0","","0","0","0","","","1","N","0","","39 56:51.691","4","0","75 11:12.875","8","0","0","0","67301","0","0","0","N","0","0","0","2","68K01","0","","1.0","1045.0","1","N","N","N","0","","0","0","0","3","8","Y","","2","1","0","0","0","1","1","2","0","2","","","Y","Y","4","1","N","N","Y","Y","N","N","N","N"
"2020055975","0805","1","0","0","0","0","0","0","0","0","8","0","","67","7","2020","3","40.007181","-75.147912","0759","6","0","0","0","0","0","0","0","0","","0","0","0","","","1","","1","","40 00:25.851","","0","75 08:52.483","3","0","0","0","67301","1","0","0","N","1","0","0","2","67301","0","","1.0","","1","N","N","N","0","","1","0","0","3","3","","","2","1","0","0","0","0","0","2","0","1","","03","","N","","","","","","","","","",""
"2020063428","0638","2","0","0","0","0","0","0","0","0","4","0","","67","8","2020","5","39.981186","-75.177296","0637","6","0","0","0","0","1","0","0","0","","0","0","0","","","0","","1","","39 58:52.269","","0","75 10:38.265","0","0","0","0","67301","0","0","0","N","0","0","0","2","67301","0","","1.0","","1","N","N","N","0","","0","0","0","3","2","","","2","0","0","0","0","0","0","2","0","2","","03","","N","","","","","","","","","",""
"2020107900","2240","2","0","0","0","0","0","0","0","0","5","0","","67","11","2020","6","40.005276","-75.195512","2226","6","0","0","0","0","0","0","0","0","","0","0","0","","","2","N","3","","40 00:18.992","","0","75 11:43.844","3","0","0","0","67301","0","0","0","N","0","0","0","4","68K01","1","","1.0","","1","N","N","N","0","","1","0","0","0","0","","","3","2","0","0","0","0","1","2","0","3","","03","","N","","","","","","","","","",""
"2020063248","0643","0","0","0","0","0","0","0","0","0","7","0","","67","8","2020","6","39.950926","-75.141571","0643","6","0","0","0","0","0","0","0","0","","0","0","0","","","0","N","0","","39 57:03.335","","0","75 08:29.654","0","0","0","0","67301","0","0","0","N","0","0","0","1","68K01","0","","4.0","","9","N","N","N","0","","0","0","1","0","0","","","1","0","0","0","0","0","0","2","0","1","","","","N","","","","","","","","","",""
"2020109214","1200","0","0","0","0","0","0","0","0","0","8","0","","67","12","2020","3","39.989772","-75.10391","1200","6","0","0","0","0","0","0","0","0","","0","0","0","","","1","","2","","39 59:23.180","","0","75 06:14.076","3","0","0","0","67301","1","0","0","N","1","0","0","1","67301","0","","1.0","","99","N","N","N","1","","1","0","0","9","2","","","2","1","0","0","0","0","0","2","0","1","","03","","N","","","","","","","","","",""
"2020062710","2122","1","0","0","0","0","0","0","0","0","8","0","","67","8","2020","1","39.998684","-75.147135","2122","6","0","0","0","0","0","0","0","0","","0","0","0","","","1","N","2","","39 59:55.264","","0","75 08:49.685","8","0","0","0","67301","1","0","0","N","1","0","0","2","67301","0","","1.0","","9","N","N","N","0","","0","0","0","0","0","","","2","1","0","0","0","1","0","2","0","1","","03","","N","","","","","","","","","",""
"2020061096","0028","1","0","0","0","0","0","0","0","0","4","0","","67","8","2020","7","40.039159","-75.191725","0021","6","0","0","0","0","0","0","0","0","","0","0","0","","","2","","1","","40 02:20.972","","0","75 11:30.209","2","0","0","0","67301","0","0","0","N","0","0","0","2","67301","0","","1.0","","1","N","N","N","0","","0","2","1","3","2","","","2","2","0","0","0","0","0","2","0","2","","","","N","","","","","","","","","",""
"2020100889","0221","1","0","0","0","0","0","0","0","0","1","0","","67","11","2020","1","39.971172","-75.159431","0220","6","0","0","0","0","0","0","0","0","","0","0","0","","","1","N","0","","39 58:16.218","","0","75 09:33.950","8","0","0","0","67301","0","0","0","N","0","0","0","1","67301","0","","2.0","","1","N","N","N","0","","0","0","1","0","0","","","2","1","0","0","0","1","0","2","0","2","","03","","N","","","","","","","","","",""
"2020111652","2015","1","0","0","0","0","0","0","0","0","4","0","","67","12","2020","4","40.002839","-75.183886","2010","6","0","0","0","0","0","1","0","0","","0","0","0","","","0","N","0","","40 00:10.221","3","0","75 11:01.988","9","0","0","0","67301","0","0","0","N","0","0","0","2","67301","0","","1.0","2049.0","1","N","N","N","0","","0","0","0","0","0","N","","2","0","0","0","0","0","1","2","0","2","","03","","N","","","","","","","","","",""
"2020110921","2025","2","0","0","0","0","0","0","0","0","1","2","45","67","12","2020","1","39.991638","-75.085911","2015","6","0","0","0","0","0","0","0","0","","0","2","0","","","2","N","0","","39 59:29.897","1","0","75 05:09.281","8","0","0","0","67301","0","0","0","N","0","0","0","6","68K01","0","","1.0","2200.0","1","N","N","N","0","","0","0","0","3","8","N","","4","2","0","0","0","2","0","2","0","4","","","Y","Y","2","1","N","N","Y","Y","Y","N","Y","N"
"2020057755","2028","2","0","0","0","0","0","0","0","0","4","0","","67","7","2020","7","39.998137","-75.138861","2027","6","0","0","0","0","0","0","0","0","","0","0","0","","","2","","1","","39 59:53.293","","0","75 08:19.899","4","0","0","0","67301","0","0","0","N","0","0","0","7","67301","1","","1.0","","1","N","N","N","0","","0","0","0","3","2","","","2","2","3","0","0","1","3","2","0","2","","03","","N","","","","","","","","","",""
"2020059468","2335","1","0","0","0","0","0","0","0","0","7","0","","67","7","2020","2","39.994878","-75.081834","2323","6","0","0","0","0","0","0","0","0","","0","0","0","","","1","N","0","","39 59:41.561","","8","75 04:54.601","3","0","0","0","67301","0","0","0","N","0","0","0","1","68K01","0","","4.0","","1","N","N","N","0","","1","0","0","0","0","","","1","1","0","0","0","0","0","2","0","1","","","","N","","","","","","","","","",""
"2020055838","2140","1","0","0","0","0","0","0","0","0","4","0","","67","7","2020","4","39.983209","-75.156937","2130","6","0","0","0","0","0","0","0","0","","0","0","0","","","1","","1","","39 58:59.553","","0","75 09:24.974","2","0","1","1","67301","0","0","0","N","0","0","0","2","67505","0","","1.0","","1","N","N","N","0","","0","1","0","3","2","","","2","1","0","0","0","0","0","2","0","2","","03","","N","","","","","","","","","",""
"2020062819","0355","1","0","0","0","0","0","0","0","0","5","0","","67","8","2020","5","40.092264","-75.023592","0351","6","0","0","0","0","0","0","0","0","","0","0","0","","","0","N","0","","40 05:32.150","","0","75 01:24.930","0","0","0","0","67301","0","0","0","N","0","0","0","1","67301","0","","6.0","","1","N","N","N","1","","0","0","0","0","0","","","2","0","0","0","0","0","0","2","0","2","","","","N","","","","","","","","","",""
"2020054905","2204","0","0","0","0","0","0","0","0","0","8","0","","67","7","2020","1","40.000706","-75.166461","2204","6","0","0","0","0","0","0","0","0","","0","0","0","","","1","N","0","","40 00:02.540","","0","75 09:59.260","8","0","0","0","67301","1","0","0","N","1","0","0","2","67301","0","","1.0","","1","N","N","N","1","","0","0","0","0","0","","","2","1","0","0","0","1","0","2","0","1","","","","N","","","","","","","","","",""
"2020062940","2122","0","0","0","0","0","0","0","0","0","7","0","","67","8","2020","3","40.078114","-75.043428","2114","6","0","0","0","0","0","0","0","0","","0","0","0","","","1","N","0","","40 04:41.212","2","0","75 02:36.339","8","0","0","0","67301","0","0","0","N","0","0","0","1","67301","0","","1.0","2315.0","1","N","N","N","0","","0","0","1","0","0","N","","1","1","0","0","0","1","0","2","0","1","","03","","N","","","","","","","","","",""
"2020059464","0044","1","0","0","0","0","0","0","0","0","7","0","","67","7","2020","2","39.96009","-75.179585","0044","6","0","0","0","0","1","0","0","0","","0","0","0","","","0","N","0","","39 57:36.323","4","3","75 10:46.505","0","0","0","0","67301","0","0","0","N","0","0","0","1","68K01","0","","4.0","115.0","9","N","N","N","0","","0","0","0","0","0","N","","1","0","0","0","0","0","0","2","0","1","","","","N","","","","","","","","","",""
"2020054779","2055","1","0","0","0","0","0","0","0","0","5","0","","67","7","2020","7","39.91255","-75.228806","2050","6","0","0","0","0","0","0","0","0","","0","0","0","","","1","N","0","","39 54:45.180","","6","75 13:43.700","3","0","0","0","67301","0","0","0","N","0","0","0","2","67301","0","","1.0","","1","N","N","N","0","","1","0","0","0","0","","","2","1","0","0","0","0","0","2","0","2","","03","","N","","","","","","","","","",""
"2020063116","1135","0","0","0","0","0","0","0","0","0","4","0","","67","8","2020","6","40.036639","-75.103333","1127","6","0","0","0","0","0","1","0","0","","0","0","0","","","1","N","0","","40 02:11.900","","7","75 06:12.000","3","0","0","1","67301","0","0","0","N","0","0","0","2","67301","0","","1.0","","1","N","N","N","0","","1","0","1","0","0","","","2","1","0","0","0","0","0","2","0","2","","","","N","","","","","","","","","",""
"2020108338","2045","1","0","0","0","0","0","0","0","0","5","1","","67","11","2020","4","39.961936","-75.182724","2037","6","0","0","0","0","0","1","0","0","","0","1","0","","","0","N","0","","39 57:42.968","4","0","75 10:57.806","9","0","0","0","67301","0","0","0","N","0","0","0","2","68K01","0","","1.0","2100.0","1","N","N","N","0","","0","0","0","0","0","N","","2","0","1","0","0","0","1","2","0","2","","","","N","","","","","","","","","",""
"2020060792","0333","1","0","0","0","0","0","0","0","0","7","0","","67","7","2020","6","39.958776","-75.164694","0332","6","0","0","0","0","0","0","0","0","","0","0","0","","","1","N","0","","39 57:31.592","","2","75 09:52.899","8","0","0","0","67301","0","0","0","N","0","0","0","2","67301","0","","4.0","","9","N","N","N","0","","0","0","0","0","0","","","1","1","2","0","0","1","0","2","0","1","","07","","N","","","","","","","","","",""
"2020055848","0810","0","0","0","0","0","0","0","0","0","4","0","","67","7","2020","4","39.958063","-75.165675","0807","6","0","0","0","0","0","0","0","0","","0","0","0","","","2","","1","","39 57:29.026","","0","75 09:56.430","4","0","0","0","67301","0","0","0","N","0","0","0","2","67301","2","","1.0","","1","N","N","N","0","","0","0","1","3","2","","","2","2","0","0","0","0","0","2","1","2","","03","","N","","","","","","","","","",""
"2020063431","0418","3","0","0","0","0","0","0","0","0","5","0","","67","8","2020","6","39.984717","-75.159911","0414","6","0","0","0","0","0","0","0","0","","0","0","0","","","0","N","0","","39 59:04.980","1","0","75 09:35.680","0","0","0","0","67301","0","0","0","N","0","0","0","1","67301","0","","6.0","600.0","9","N","N","N","0","","0","0","2","0","0","Y","","7","0","0","0","0","0","0","2","2","7","","","","N","","","","","","","","","",""
"2020057388","0630","0","0","1","0","0","0","0","0","0","4","0","","67","7","2020","2","39.97823","-75.273543","0630","6","0","0","0","0","0","1","0","0","","0","0","0","","","3","","2","","39 58:41.627","","0","75 16:24.753","2","0","0","0","67301","0","0","0","N","0","0","0","3","67301","1","","1.0","","1","N","N","N","0","","0","1","2","3","2","","","2","3","0","0","0","1","0","2","0","2","","03","","N","","","","","","","","","",""
"2020054708","1358","0","0","0","0","0","0","0","0","0","4","0","","67","7","2020","7","39.996758","-75.200233","1346","6","0","0","0","0","0","2","0","0","","0","0","0","","","2","","3","","39 59:48.330","","0","75 12:00.840","3","0","0","0","67301","0","0","0","N","0","0","0","2","67301","0","","1.0","","1","N","N","N","0","","2","0","2","0","0","","","2","2","0","0","0","0","0","2","0","2","","03","","N","","","","","","","","","",""
"2020056348","1341","1","0","0","0","0","0","0","0","0","4","0","","67","7","2020","1","40.118217","-75.033125","1336","6","0","0","0","0","0","1","0","0","","0","0","0","","","1","N","0","","40 07:05.580","","7","75 01:59.250","3","0","0","1","67301","0","0","0","N","0","0","0","2","67301","0","","1.0","","1","N","N","N","0","","1","0","0","0","0","","","2","1","0","0","0","0","0","2","0","2","","","","N","","","","","","","","","",""
"2020063038","1921","2","0","0","0","0","0","0","0","0","6","0","","67","8","2020","5","39.976133","-75.122406","1921","6","0","0","0","0","0","1","0","0","","0","0","0","","","0","N","0","","39 58:34.080","","0","75 07:20.660","0","0","0","0","67301","0","0","0","N","0","0","0","2","67301","0","","1.0","","1","N","N","N","0","","0","0","0","0","0","","","2","0","0","0","0","0","0","2","0","2","","","","N","","","","","","","","","",""
"2020063586","0059","2","0","0","0","0","0","0","0","0","4","0","","67","8","2020","4","40.012123","-75.137131","0057","6","0","0","0","0","1","0","0","0","","0","0","0","","","2","","1","","40 00:43.642","6","0","75 08:13.671","2","0","0","0","67301","0","0","0","N","0","0","0","4","67301","0","","1.0","300.0","9","N","N","N","0","","0","2","1","3","3","Y","","3","2","4","0","2","0","0","2","0","3","","03","","N","","","","","","","","","",""
"2020073071","2339","2","0","0","0","0","0","0","0","0","1","0","","67","9","2020","2","40.037027","-75.112719","2327","6","0","0","0","1","0","0","0","0","","0","0","0","","","3","N","0","","40 02:13.298","1","0","75 06:45.787","3","0","0","0","67301","0","0","0","N","0","0","0","3","67301","1","","1.0","40.0","1","N","N","N","0","","2","0","0","0","0","N","","2","3","0","0","0","0","0","2","0","2","","","","N","","","","","","","","","",""
"2020054903","2000","2","0","0","0","0","0","0","0","0","5","0","","67","7","2020","7","40.0265","-75.173847","1954","6","0","0","0","0","0","1","0","0","","0","0","0","","","0","N","0","","40 01:35.400","2","0","75 10:25.850","9","0","0","0","67301","0","0","0","N","0","0","0","1","67301","0","","6.0","2130.0","1","N","N","N","0","","0","0","1","0","0","N","","3","0","0","0","0","0","1","2","0","3","","","","N","","","","","","","","","",""
"2020063666","1708","1","0","0","0","0","0","0","0","0","8","0","","67","8","2020","6","39.997843","-75.110972","1708","6","0","0","0","0","0","0","0","0","","0","0","0","","","1","","5","","39 59:52.234","","1","75 06:39.499","3","0","0","0","67301","1","0","0","N","1","0","0","2","67301","0","","1.0","","1","N","N","N","0","","1","0","0","3","2","","","2","1","0","0","0","0","0","2","0","1","","03","","N","","","","","","","","","",""
"2020064530","1315","1","0","0","0","0","0","0","0","0","4","0","","67","8","2020","4","40.039008","-75.056253","1309","6","0","0","0","0","0","0","0","0","","0","0","0","","","1","","1","","40 02:20.428","3","0","75 03:22.510","3","0","0","0","67301","0","0","0","N","0","0","0","2","67301","0","","1.0","1355.0","1","N","N","N","0","","1","0","0","3","2","Y","","2","1","0","0","0","0","0","2","1","2","","","","N","","","","","","","","","",""
"2020067196","0853","1","0","0","0","0","0","0","0","0","6","0","","67","8","2020","1","39.968014","-75.211258","0852","6","0","0","0","0","0","0","0","0","","0","0","0","","","1","N","0","","39 58:04.850","5","0","75 12:40.530","3","0","0","0","67301","0","0","0","N","0","0","0","1","67301","0","","6.0","953.0","1","N","N","Y","1","","1","0","1","0","0","Y","","3","1","0","0","0","0","0","2","0","3","","04","","N","","","","","","","","","",""
"2020101154","1853","1","0","0","0","0","0","0","0","0","1","0","","67","11","2020","6","40.003413","-75.195163","1853","6","0","0","0","0","0","1","0","0","","0","0","0","","","1","N","0","","40 00:12.287","","0","75 11:42.587","4","0","0","0","67301","0","0","0","N","0","0","0","2","68K01","1","","1.0","","1","N","N","N","0","","0","0","1","0","0","","","2","1","0","0","0","0","1","2","0","2","","","","N","","","","","","","","","",""