"CRN","ARRIVAL_TM","AUTOMOBILE_COUNT","BELTED_DEATH_COUNT","BELTED_SUSP_SERIOUS_INJ_COUNT","BICYCLE_COUNT","BICYCLE_DEATH_COUNT","BICYCLE_SUSP_SERIOUS_INJ_COUNT","BUS_COUNT","CHLDPAS_DEATH_COUNT","CHLDPAS_SUSP_SERIOUS_INJ_COUNT","COLLISION_TYPE","COMM_VEH_COUNT","CONS_ZONE_SPD_LIM","COUNTY","CRASH_MONTH","CRASH_YEAR","DAY_OF_WEEK","DEC_LATITUDE","DEC_LONGITUDE","DISPATCH_TM","DISTRICT","DRIVER_COUNT_16YR","DRIVER_COUNT_17YR","DRIVER_COUNT_18YR","DRIVER_COUNT_19YR","DRIVER_COUNT_20YR","DRIVER_COUNT_50_64YR","DRIVER_COUNT_65_74YR","DRIVER_COUNT_75PLUS","EST_HRS_CLOSED","FATAL_COUNT","HEAVY_TRUCK_COUNT","HORSE_BUGGY_COUNT","HOUR_OF_DAY","ILLUMINATION","INJURY_COUNT","INTERSECTION_RELATED","INTERSECT_TYPE","LANE_CLOSED","LATITUDE","LN_CLOSE_DIR","LOCATION_TYPE","LONGITUDE","MAX_SEVERITY_LEVEL","MCYCLE_DEATH_COUNT","MCYCLE_SUSP_SERIOUS_INJ_COUNT","MOTORCYCLE_COUNT","MUNICIPALITY","NONMOTR_COUNT","NONMOTR_DEATH_COUNT","NONMOTR_SUSP_SERIOUS_INJ_COUNT","NTFY_HIWY_MAINT","PED_COUNT","PED_DEATH_COUNT","PED_SUSP_SERIOUS_INJ_COUNT","PERSON_COUNT","POLICE_AGCY","POSSIBLE_INJ_COUNT","RDWY_SURF_TYPE_CD","RELATION_TO_ROAD","ROADWAY_CLEARED","ROAD_CONDITION","SCH_BUS_IND","SCH_ZONE_IND","SECONDARY_CRASH","SMALL_TRUCK_COUNT","SPEC_JURIS_CD","SUSP_MINOR_INJ_COUNT","SUSP_SERIOUS_INJ_COUNT","SUV_COUNT","TCD_FUNC_CD","TCD_TYPE","TFC_DETOUR_IND","TIME_OF_DAY","TOTAL_UNITS","TOT_INJ_COUNT","UNBELTED_OCC_COUNT","UNB_DEATH_COUNT","UNB_SUSP_SERIOUS_INJ_COUNT","UNK_INJ_DEG_COUNT","UNK_INJ_PER_COUNT","URBAN_RURAL","VAN_COUNT","VEHICLE_COUNT","WEATHER1","WEATHER2","WORKERS_PRES","WORK_ZONE_IND","WORK_ZONE_LOC","WORK_ZONE_TYPE","WZ_CLOSE_DETOUR","WZ_FLAGGER","WZ_LAW_OFFCR_IND","WZ_LN_CLOSURE","WZ_MOVING","WZ_OTHER","WZ_SHLDER_MDN","WZ_WORKERS_INJ_KILLED"
"2020055296","0848","1","0","0","0","0","0","0","0","0","4","0","","67","7","2020","3","40.017741","-75.189166","0843","6","0","0","0","0","0","1","0","0","","0","0","0","","","1","","1","","40 01:03.868","1","0","75 11:20.998","3","0","0","0","67301","0","0","0","N","0","0","0","2","67301","0","","1.0","910.0","1","N","N","N","0","","1","0","0","3","2","N","","2","1","0","0","0","0","0","2","1","2","","03","","N","","","","","","","","","",""
"2020099985","1410","1","0","0","0","0","0","0","0","0","6","1","","67","11","2020","6","39.943353","-75.196592","1402","6","0","0","0","0","0","1","0","1","","0","1","0","","","1","N","0","","39 56:36.072","5","3","75 11:47.731","3","0","0","0","67301","0","0","0","N","0","0","0","3","67301","0","","1.0","1530.0","1","N","N","N","0","","1","0","1","0","0","Y","","3","1","0","0","0","0","0","2","0","3","","03","","N","","","","","","","","","",""
"2020062829","1330","0","0","0","0","0","0","0","0","0","8","0","","67","8","2020","4","40.03054","-75.118198","1330","6","0","0","0","0","0","0","0","0","","0","0","0","","","1","","1","","40 01:49.943","","0","75 07:05.511","3","0","0","0","67301","1","0","0","N","1","0","0","2","67301","0","","1.0","","1","N","N","N","0","","1","0","0","3","2","","","2","1","0","0","0","0","0","2","1","1","","03","","N","","","","","","","","","",""
"2020107815","1855","1","0","0","0","0","0","0","0","0","4","1","","67","12","2020","1","40.104143","-75.016542","1838","6","0","0","0","0","0","1","0","0","","0","1","0","","","0","","2","","40 06:14.914","","0","75 00:59.551","0","0","0","0","67301","0","0","0","N","0","0","0","2","67301","0","","1.0","","1","N","N","Y","0","","0","0","1","3","3","","","3","0","0","0","0","0","0","2","0","3","","","","N","","","","","","","","","",""
"2020059478","1758","0","0","0","0","0","0","0","0","0","0","0","","67","7","2020","4","39.931006","-75.199026","1746","6","0","0","0","0","0","0","0","0","","0","0","0","","","1","N","0","","39 55:51.622","4","0","75 11:56.495","8","0","0","1","67301","0","0","0","N","0","0","0","1","68K01","0","","1.0","1758.0","1","N","N","N","0","","0","0","0","0","0","N","","1","1","0","0","0","1","0","2","0","1","","","","N","","","","","","","","","",""
"2020048341","0135","1","0","0","0","0","0","0","0","0","4","0","","67","6","2020","1","39.974778","-75.199056","0135","6","0","0","0","0","0","0","0","0","","0","0","0","","","3","","3","","39 58:29.200","","2","75 11:56.600","4","0","0","0","67301","0","0","0","N","0","0","0","3","67301","3","","1.0","","1","N","N","N","0","","0","0","1","0","0","","","2","3","0","0","0","0","0","2","0","2","","","","N","","","","","","","","","",""
"2020110202","1231","0","0","0","0","0","0","0","0","0","7","1","","67","12","2020","3","39.891989","-75.198068","1225","6","0","0","0","0","0","0","0","0","","0","1","0","","","0","N","0","","39 53:31.160","1","3","75 11:53.046","0","0","0","0","67301","0","0","0","N","0","0","0","1","68K01","0","","4.0","30.0","1","N","N","N","0","","0","0","0","0","0","N","","1","0","1","0","0","0","0","1","0","1","","","","N","","","","","","","","","",""
"2020100629","1109","0","0","0","0","0","0","0","0","0","1","0","","67","10","2020","6","39.945474","-75.142619","1109","6","0","0","0","0","0","0","0","0","","0","0","0","","","3","N","0","","39 56:43.708","2","0","75 08:33.428","3","0","0","0","67301","0","0","0","N","0","0","0","3","68K01","0","","1.0","1110.0","9","N","N","Y","1","","3","0","1","0","0","Y","","2","3","0","0","0","0","0","2","0","2","","","","N","","","","","","","","","",""
"2020099934","0940","1","0","0","0","0","0","0","0","0","7","0","","67","11","2020","6","40.018842","-75.084281","0933","6","0","0","0","0","0","0","0","0","","0","0","0","","","1","N","0","","40 01:07.830","","0","75 05:03.410","3","0","0","0","67301","0","0","0","N","0","0","0","2","67301","0","","5.0","","1","N","N","N","0","","1","0","0","0","0","","","1","1","0","0","0","0","0","2","0","1","","03","","N","","","","","","","","","",""
"2020055497","1555","1","0","0","0","0","0","0","0","0","5","0","","67","7","2020","3","40.044072","-75.09936","1555","6","0","0","0","0","0","0","0","0","","0","0","0","","","1","N","1","","40 02:38.659","","0","75 05:57.696","3","0","0","0","67301","0","0","0","N","0","0","0","2","67301","0","","1.0","","1","N","N","N","0","","1","0","1","3","3","","","3","1","0","0","0","0","0","2","0","2","","","","N","","","","","","","","","",""
"2020063588","2040","1","0","0","0","0","0","0","0","0","5","0","","67","8","2020","7","40.016597","-75.149534","2030","6","0","0","0","0","0","0","0","0","","0","0","0","","","0","N","0","","40 00:59.749","","7","75 08:58.322","0","0","0","0","67301","0","0","0","N","0","0","0","4","67301","0","","1.0","","1","N","N","N","1","","0","0","0","0","0","","","3","0","0","0","0","0","0","2","1","3","","03","","N","","","","","","","","","",""
"2020061261","1232","1","0","0","0","0","0","0","0","0","4","0","","67","8","2020","7","40.066952","-75.158297","1227","6","0","0","0","0","0","0","0","0","","0","0","0","","","0","","5","","40 04:01.027","","0","75 09:29.868","9","0","0","0","67301","0","0","0","N","0","0","0","2","67301","0","","1.0","","1","N","N","N","0","","0","0","1","3","2","","","2","0","0","0","0","0","1","2","0","2","","03","","N","","","","","","","","","",""
"2020053524","1647","2","0","0","0","0","0","0","0","0","1","0","","67","6","2020","6","39.998072","-75.081503","1642","6","0","0","0","0","0","0","0","0","","0","0","0","","","0","N","0","","39 59:53.060","2","0","75 04:53.411","0","0","0","0","67301","0","0","0","N","0","0","0","2","68K01","0","","1.0","1735.0","1","N","N","Y","0","","0","0","0","0","0","N","","2","0","0","0","0","0","0","2","0","2","","","","N","","","","","","","","","",""
"2020062360","0103","1","0","0","0","0","0","0","0","0","5","0","","67","8","2020","4","39.987271","-75.187363","0102","6","0","0","0","0","0","0","0","0","","0","0","0","","","0","N","0","","39 59:14.175","1","0","75 11:14.506","0","0","0","0","67301","0","0","0","N","0","0","0","1","67301","0","","6.0","200.0","1","N","N","N","0","","0","0","1","0","0","N","","3","0","0","0","0","0","0","2","0","3","","03","","N","","","","","","","","","",""
"2020062687","0950","1","0","0","0","0","0","0","0","0","0","0","","67","8","2020","1","39.917625","-75.246597","0947","6","0","0","0","0","0","1","0","0","","0","0","0","","","3","Y","0","","39 55:03.451","5","0","75 14:47.748","3","0","0","0","67301","0","0","0","N","0","0","0","4","67301","0","","1.0","1145.0","1","N","N","N","0","","3","0","0","3","2","Y","","2","3","0","0","0","0","0","2","1","2","","98","","N","","","","","","","","","",""
"2020063905","1116","1","0","0","0","0","0","0","0","0","7","0","","67","8","2020","3","39.887188","-75.204864","1116","6","0","0","0","0","0","0","0","0","","0","0","0","","","1","N","0","","39 53:13.877","2","3","75 12:17.512","8","0","0","0","67301","0","0","0","N","0","0","0","1","68K01","0","","2.0","1117.0","9","N","N","N","0","","0","0","0","0","0","N","","1","1","0","0","0","1","0","2","0","1","","08","","N","","","","","","","","","",""
"2020061552","0319","0","0","0","0","0","0","0","0","0","7","0","","67","8","2020","1","39.96024","-75.196806","0315","6","0","0","0","0","0","0","0","0","","0","0","0","","","0","","1","","39 57:36.863","","0","75 11:48.503","0","0","0","0","67301","0","0","0","N","0","0","0","1","67301","0","","4.0","","1","N","N","N","0","","0","0","1","3","2","","","1","0","0","0","0","0","0","2","0","1","","","","N","","","","","","","","","",""
"2020107204","1210","2","0","0","0","0","0","0","0","0","2","0","","67","12","2020","7","40.003173","-75.152453","1208","6","0","0","0","0","0","1","0","0","","0","0","0","","","4","N","0","","40 00:11.422","1","0","75 09:08.831","8","0","0","0","67301","0","0","0","N","0","0","0","5","67505","0","","1.0","100.0","1","N","N","N","0","","0","0","1","0","0","Y","","3","4","0","0","0","4","0","2","0","3","","03","","N","","","","","","","","","",""
"2020064201","1817","1","0","0","0","0","0","0","0","0","4","0","","67","8","2020","1","40.037331","-75.125066","1808","6","0","0","0","0","0","0","0","0","","0","0","0","","","1","","1","","40 02:14.391","","0","75 07:30.237","3","0","0","0","67301","0","0","0","N","0","0","0","2","67301","0","","1.0","","1","N","N","N","0","","1","0","1","3","3","","","2","1","0","0","0","0","0","2","0","2","","","","N","","","","","","","","","",""
"2020062721","1255","2","0","0","0","0","0","0","0","0","5","0","","67","8","2020","4","40.013045","-75.159957","1248","6","0","0","0","0","0","0","0","0","","0","0","0","","","0","N","0","","40 00:46.962","","0","75 09:35.844","9","0","0","0","67301","0","0","0","N","0","0","0","1","67301","0","","6.0","","1","N","N","N","0","","0","0","1","0","0","","","3","0","0","0","0","0","1","2","0","3","","03","","N","","","","","","","","","",""
"2020108267","1916","2","0","0","0","0","0","0","0","0","5","0","","67","12","2020","5","39.995758","-75.123619","1909","6","0","0","0","0","0","0","0","0","","0","0","0","","","1","N","0","","39 59:44.730","","0","75 07:25.030","8","0","0","0","67301","0","0","0","N","0","0","0","1","67301","0","","1.0","","1","N","N","N","0","","0","0","3","0","0","","","5","1","0","0","0","1","0","2","0","5","","03","","N","","","","","","","","","",""
"2020063662","0040","1","0","0","0","0","0","0","0","0","4","0","","67","8","2020","3","39.917183","-75.246303","0028","6","0","0","0","0","0","0","0","0","","0","0","0","","","1","","1","","39 55:01.859","","0","75 14:46.691","8","0","0","0","67301","0","0","0","N","0","0","0","2","67301","0","","1.0","","9","N","N","N","0","","0","0","0","3","2","","","2","1","0","0","0","1","0","2","1","2","","04","","N","","","","","","","","","",""
"2020062717","1935","1","0","0","0","0","0","0","0","0","4","0","","67","8","2020","2","39.994905","-75.157688","1935","6","0","0","0","0","0","0","0","0","","0","0","0","","","1","","3","","39 59:41.658","1","0","75 09:27.676","3","0","0","0","67301","0","0","0","N","0","0","0","6","67301","0","","1.0","1940.0","1","N","N","N","0","","1","0","2","3","3","N","","3","1","0","0","0","0","1","2","0","3","","","","N","","","","","","","","","",""
"2020061905","2221","2","0","0","0","0","0","0","0","0","1","0","","67","8","2020","1","40.014518","-75.131119","2221","6","0","0","0","0","0","0","0","0","","0","0","0","","","0","","5","","40 00:52.264","","0","75 07:52.028","0","0","0","0","67301","0","0","0","N","0","0","0","4","67301","0","","1.0","","1","N","N","N","0","","0","0","0","3","2","","","3","0","0","0","0","0","0","2","1","3","","03","","N","","","","","","","","","",""
"2020065332","1745","3","0","0","0","0","0","0","0","0","5","0","","67","8","2020","7","40.001992","-75.203617","1730","6","0","0","0","0","0","0","0","1","","0","0","0","","","0","N","0","","40 00:07.170","","0","75 12:13.020","0","0","0","0","67301","0","0","0","N","0","0","0","2","67301","0","","1.0","","1","N","N","N","0","","0","0","1","0","0","","","4","0","0","0","0","0","0","2","0","4","","03","","N","","","","","","","","","",""
"2020061255","2129","1","0","0","0","0","0","0","0","0","3","0","","67","7","2020","6","39.931501","-75.151425","2121","6","0","0","0","0","0","1","0","0","","0","0","0","","","0","","2","","39 55:53.403","","0","75 09:05.130","0","0","0","0","67301","0","0","0","N","0","0","0","2","67301","0","","1.0","","1","N","N","N","0","","0","0","1","0","0","","","2","0","0","0","0","0","0","2","0","2","","","","N","","","","","","","","","",""
"2020062294","0850","2","0","0","0","0","0","0","0","0","4","0","","67","8","2020","3","40.049904","-75.153153","0845","6","0","0","0","0","0","0","0","0","","0","0","0","","","2","","3","","40 02:59.654","","0","75 09:11.350","3","0","0","0","67301","0","0","0","N","0","0","0","3","67301","0","","1.0","","9","N","N","Y","0","","2","0","0","3","3","","","3","2","0","0","0","0","0","2","1","3","","","","N","","","","","","","","","",""
"2020061092","0250","1","0","0","0","0","0","0","0","0","5","0","","67","8","2020","7","40.030443","-75.103726","0250","6","0","0","0","0","0","0","0","0","","0","0","0","","","0","N","0","","40 01:49.595","","0","75 06:13.413","0","0","0","0","67301","0","0","0","N","0","0","0","2","67301","0","","1.0","","1","N","N","N","0","","0","0","1","0","0","","","2","0","0","0","0","0","0","2","0","2","","","","N","","","","","","","","","",""
"2020061710","1137","2","0","0","0","0","0","0","0","0","2","0","","67","8","2020","2","39.975159","-75.188112","1137","6","0","0","0","0","0","0","0","0","","0","0","0","","","1","","1","","39 58:30.573","","0","75 11:17.203","3","0","0","0","67301","0","0","0","N","0","0","0","2","67301","0","","1.0","","1","N","N","N","0","","1","0","0","3","2","","","2","1","0","0","0","0","1","2","0","2","","03","","N","","","","","","","","","",""
"2020061101","1150","1","0","0","0","0","0","0","0","0","7","0","","67","7","2020","6","39.876425","-75.249806","1136","6","0","0","0","0","1","0","0","0","","0","0","0","","","1","N","0","","39 52:35.130","","0","75 14:59.300","3","0","0","0","67301","0","0","0","N","0","0","0","1","67301","0","","4.0","","9","N","N","N","0","","1","0","0","0","0","","","1","1","0","0","0","0","0","2","0","1","","07","","N","","","","","","","","","",""
"2020064758","1539","1","0","0","1","0","0","0","0","0","8","0","","67","8","2020","4","40.043134","-75.073804","1539","6","0","0","0","0","0","1","0","0","","0","0","0","","","1","","1","","40 02:35.284","7","0","75 04:25.695","4","0","0","0","67301","1","0","0","N","0","0","0","2","67301","1","","1.0","1540.0","1","N","N","N","0","","0","0","0","3","2","Y","","2","1","0","0","0","0","0","2","0","1","","03","","N","","","","","","","","","",""
"2020062718","0115","1","0","0","0","0","0","0","0","0","4","0","","67","8","2020","4","40.014632","-75.156674","0115","6","0","0","0","0","1","0","0","0","","0","0","0","","","2","","1","","40 00:52.674","","0","75 09:24.026","3","0","0","0","67301","0","0","0","N","0","0","0","5","67301","0","","1.0","","9","N","Y","N","0","","2","0","1","3","2","","","2","2","1","0","0","0","0","2","0","2","","07","","N","","","","","","","","","",""
"2020062541","0932","1","0","0","0","0","0","0","0","0","7","0","","67","8","2020","3","39.982447","-75.207675","0938","6","0","0","0","0","0","0","0","0","","0","0","0","","","0","N","0","","39 58:56.810","","0","75 12:27.631","0","0","0","0","67301","0","0","0","N","0","0","0","1","68K01","0","","2.0","","9","N","N","N","0","","0","0","0","0","0","","","1","0","1","0","0","0","0","2","0","1","","","","N","","","","","","","","","",""
"2020108561","2051","2","0","0","0","0","0","0","0","0","5","0","","67","12","2020","6","39.967206","-75.167728","2049","6","0","0","0","0","0","0","0","0","","0","0","0","","","0","N","0","","39 58:01.940","","0","75 10:03.820","0","0","0","0","67301","0","0","0","N","0","0","0","1","67301","0","","1.0","","1","N","N","N","0","","0","0","1","3","2","","","4","0","0","0","0","0","0","2","0","4","","03","","N","","","","","","","","","",""
"2020064891","1827","1","0","0","0","0","0","0","0","0","7","0","","67","8","2020","7","39.95791","-75.14036","1800","6","0","0","0","0","0","0","0","0","","0","0","0","","","3","N","0","","39 57:28.475","3","8","75 08:25.296","3","0","0","0","67301","0","0","0","N","0","0","0","3","68K01","0","","4.0","1930.0","1","N","N","N","0","","3","0","0","0","0","N","","1","3","0","0","0","0","0","2","0","1","","03","","N","","","","","","","","","",""
"2020076692","0703","1","0","0","0","0","0","0","0","0","7","0","","67","8","2020","3","40.034111","-75.019424","0642","6","0","0","0","0","0","1","0","0","","0","0","0","","","0","N","0","","40 02:02.800","1","0","75 01:09.927","0","0","0","0","67301","0","0","0","N","0","0","0","2","68K01","0","","2.0","725.0","9","N","N","N","0","","0","0","1","0","0","N","","2","0","0","0","0","0","0","2","0","2","","07","","N","","","","","","","","","",""
"2020064041","1242","2","0","0","0","0","0","0","0","0","5","0","","67","8","2020","1","39.946922","-75.142314","1232","6","0","0","0","0","0","0","1","0","","0","0","0","","","1","N","0","","39 56:48.918","2","0","75 08:32.331","3","0","0","0","67301","0","0","0","N","0","0","0","2","68K01","0","","1.0","100.0","1","N","N","N","0","","1","0","0","0","0","N","","2","1","0","0","0","0","0","2","0","2","","03","","N","","","","","","","","","",""
"2020062941","1823","1","0","0","0","0","0","0","0","0","4","0","","67","8","2020","4","40.062448","-75.042717","1811","6","0","0","0","1","0","1","0","0","","0","0","0","","","0","","2","","40 03:44.813","6","0","75 02:33.782","0","0","0","0","67301","0","0","0","N","0","0","0","3","67301","0","","1.0","100.0","1","N","N","N","0","","0","0","1","3","2","N","","2","0","0","0","0","0","0","2","0","2","","","","N","","","","","","","","","",""
"2020063587","1657","0","0","0","0","0","0","0","0","0","8","0","","67","8","2020","4","40.001403","-75.127072","1657","6","0","0","0","0","0","0","0","0","","0","0","0","","","1","N","0","","40 00:05.050","","0","75 07:37.460","3","0","0","0","67301","1","0","0","N","1","0","0","2","67301","0","","1.0","","1","N","N","N","0","","1","0","1","0","0","","","2","1","1","0","0","0","0","2","0","1","","03","","N","","","","","","","","","",""
"2020061551","0234","1","0","0","0","0","0","0","0","0","8","0","","67","8","2020","1","40.017233","-75.077875","0230","6","0","0","0","0","0","0","0","0","","0","0","0","","","1","N","0","","40 01:02.040","","0","75 04:40.350","3","0","0","0","67301","1","0","0","N","1","0","0","2","67301","0","","1.0","","1","N","N","N","0","","1","0","0","0","0","","","2","1","0","0","0","0","0","2","0","1","","03","","N","","","","","","","","","",""
"2020063119","1834","1","0","0","0","0","0","0","0","0","1","0","","67","8","2020","4","40.035833","-75.059306","1827","6","0","0","0","0","0","0","0","0","","0","0","0","","","1","N","0","","40 02:09.000","","0","75 03:33.500","3","0","0","0","67301","0","0","0","N","0","0","0","2","67301","0","","6.0","","1","N","N","N","1","","1","0","1","0","0","","","3","1","0","0","0","0","0","2","0","3","","03","","N","","","","","","","","","",""
"2020061904","0115","2","0","0","0","0","0","0","0","0","2","0","","67","8","2020","1","40.011234","-75.142107","0110","6","0","0","0","0","0","1","0","0","","0","0","0","","","2","","1","","40 00:40.442","5","0","75 08:31.585","4","0","0","0","67301","0","0","0","N","0","0","0","3","67301","2","","1.0","200.0","1","N","N","N","0","","0","0","1","3","2","Y","","3","2","0","0","0","0","0","2","0","3","","03","","N","","","","","","","","","",""
"2020107818","0840","0","0","0","0","0","0","0","0","0","7","0","","67","12","2020","2","39.976802","-75.131802","0839","6","0","0","0","0","0","0","0","0","","0","0","0","","","1","","1","","39 58:36.486","","0","75 07:54.487","8","0","0","0","67301","0","0","0","N","0","0","0","1","67301","0","","9.0","","9","N","N","N","0","","0","0","1","0","0","","","1","1","0","0","0","1","0","2","0","1","","","","N","","","","","","","","","",""
"2020063522","1333","3","0","0","0","0","0","0","0","0","4","0","","67","8","2020","4","40.000473","-75.119614","1331","6","0","0","0","0","0","1","0","0","","0","0","0","","","0","","1","","40 00:01.702","3","0","75 07:10.610","0","0","0","0","67301","0","0","0","N","0","0","0","2","67301","0","","1.0","1400.0","1","N","N","Y","0","","0","0","0","3","3","N","","3","0","0","0","0","0","0","2","0","3","","03","","N","","","","","","","","","",""
"2020062122","0030","0","0","0","0","0","0","0","0","0","8","0","","67","8","2020","2","40.017303","-75.149488","0027","6","0","0","0","0","0","0","0","0","","0","0","0","","","1","N","0","","40 01:02.290","","0","75 08:58.155","3","0","0","0","67301","1","0","0","N","1","0","0","2","67301","0","","1.0","","1","N","N","N","0","","1","0","0","0","0","","","2","1","0","0","0","0","0","2","0","1","","03","","N","","","","","","","","","",""
"2020107819","0040","0","0","0","0","0","0","0","0","0","5","0","","67","12","2020","4","39.999692","-75.174419","0035","6","0","0","0","0","0","0","1","0","","0","0","0","","","1","N","0","","39 59:58.890","4","0","75 10:27.910","8","0","0","0","67301","0","0","0","N","0","0","0","1","67301","0","","2.0","400.0","1","N","N","N","0","","0","0","2","0","0","Y","","3","1","0","0","0","1","0","2","1","3","","03","","N","","","","","","","","","",""
"2020108409","1358","0","0","0","0","0","0","0","0","0","1","1","","67","12","2020","5","39.970491","-75.12464","1344","6","0","0","0","0","0","0","0","0","","0","1","0","","","1","N","0","","39 58:13.767","1","0","75 07:28.704","3","0","0","0","67301","0","0","0","N","0","0","0","4","68K01","0","","1.0","1420.0","1","N","N","N","0","","1","0","2","0","0","N","","3","1","0","0","0","0","0","2","0","3","","03","","N","","","","","","","","","",""
"2020109379","1523","1","0","0","0","0","0","0","0","0","1","0","","67","12","2020","6","39.957637","-75.160086","1523","6","0","0","0","0","0","1","0","0","","0","0","0","","","1","N","0","","39 57:27.493","3","1","75 09:36.311","3","0","0","0","67301","0","0","0","N","0","0","0","2","68K01","0","","1.0","5.0","1","N","N","Y","1","","1","0","0","0","0","N","","2","1","0","0","0","0","0","2","0","2","","","","N","","","","","","","","","",""
"2020110804","","0","0","0","0","0","0","0","0","0","1","0","","67","1","2020","5","40.001308","-75.194642","","6","0","0","0","0","0","1","0","0","","0","0","0","","","1","N","0","","40 00:04.710","","0","75 11:40.710","8","0","0","0","67301","0","0","0","N","0","0","0","2","00000","0","","1.0","","1","","","N","0","","0","0","2","0","0","","","2","1","0","0","0","1","0","2","0","2","","","","N","","","","","","","","","",""
"2020064133","0340","1","0","0","0","0","0","0","0","0","1","0","","67","8","2020","5","40.029833","-75.087659","0334","6","0","0","0","0","0","1","0","0","","0","0","0","","","0","","1","","40 01:47.398","3","0","75 05:15.572","0","0","0","0","67301","0","0","0","N","0","0","0","2","67301","0","","1.0","500.0","1","N","N","N","0","","0","0","0","3","2","N","","2","0","0","0","0","0","0","2","1","2","","03","","N","","","","","","","","","",""
"2020062701","1930","1","0","0","0","0","0","0","0","0","7","0","","67","8","2020","3","39.955058","-75.229782","1928","6","0","0","0","0","0","0","0","0","","0","0","0","","","0","","1","","39 57:18.208","","0","75 13:47.215","0","0","0","0","67301","0","0","0","N","0","0","0","1","67301","0","","4.0","","1","N","N","N","0","","0","0","0","3","2","","","1","0","0","0","0","0","0","2","0","1","","03","","N","","","","","","","","","",""
"2020062942","1914","1","0","0","0","0","0","0","0","0","1","0","","67","8","2020","3","40.094343","-74.979061","1907","6","0","0","0","1","0","0","0","0","","0","0","0","","","1","N","0","","40 05:39.635","","0","74 58:44.618","8","0","0","0","67301","0","0","0","N","0","0","0","3","67301","0","","6.0","","1","N","N","N","0","","0","0","0","0","0","","","3","1","0","0","0","1","0","2","2","3","","03","","N","","","","","","","","","",""
"2020063030","2330","0","0","0","0","0","0","0","0","0","6","0","","67","8","2020","5","40.107925","-75.023215","2320","6","0","0","0","0","0","0","0","0","","0","0","0","","","0","N","0","","40 06:28.531","","0","75 01:23.574","0","0","0","0","67301","0","0","0","N","0","0","0","1","67301","0","","6.0","","1","N","N","N","0","","0","0","1","0","0","","","2","0","0","0","0","0","0","2","1","2","","","","N","","","","","","","","","",""
"2020061264","1824","1","0","0","1","0","0","0","0","0","8","0","","67","8","2020","7","40.021235","-75.126146","1816","6","0","0","0","0","1","0","0","0","","0","0","0","","","1","","1","","40 01:16.445","","0","75 07:34.125","8","0","0","0","67301","1","0","0","N","0","0","0","2","67301","0","","1.0","","1","N","N","N","0","","0","0","0","0","0","","","2","1","0","0","0","1","0","2","0","1","","03","","N","","","","","","","","","",""
"2020061627","0225","1","0","0","1","0","0","0","0","0","8","0","","67","8","2020","1","39.973833","-75.130017","0219","6","0","0","0","0","0","0","0","0","","0","0","0","","","1","","1","","39 58:25.798","","0","75 07:48.060","3","0","0","0","67301","1","0","0","N","0","0","0","2","67301","0","","1.0","","1","N","N","N","0","","1","0","0","3","3","","","2","1","1","0","0","0","0","2","0","1","","03","","N","","","","","","","","","",""
"2020062681","0018","0","0","0","0","0","0","0","0","0","7","0","","67","8","2020","4","40.069172","-75.007253","0014","6","0","0","0","0","0","0","0","0","","0","0","0","","","1","","1","","40 04:09.018","3","0","75 00:26.111","3","0","0","0","67301","0","0","0","N","0","0","0","2","67301","0","","4.0","30.0","9","N","N","N","1","","1","0","0","3","2","N","","2","1","0","0","0","0","0","2","0","1","","","","N","","","","","","","","","",""
"2020061266","0115","1","0","0","0","0","0","0","0","0","4","0","","67","8","2020","7","40.01577","-75.154065","0108","6","0","0","0","0","0","0","0","0","","0","0","0","","","0","N","0","","40 00:56.773","4","0","75 09:14.635","9","0","0","0","67301","0","0","0","N","0","0","0","2","67301","0","","1.0","229.0","1","N","N","N","0","","0","0","1","0","0","N","","2","0","0","0","0","0","1","2","0","2","","03","","N","","","","","","","","","",""
"2020102361","1705","1","0","0","0","0","0","0","0","0","8","0","","67","11","2020","6","40.028949","-75.089525","1657","6","0","0","0","0","0","0","0","0","","0","0","0","","","1","","1","","40 01:44.217","","0","75 05:22.290","8","0","0","0","67301","1","0","0","N","1","0","0","2","67301","0","","1.0","","1","N","N","N","0","","0","0","0","3","2","","","2","1","0","0","0","1","0","2","0","1","","03","","N","","","","","","","","","",""
"2020064056","1020","1","0","0","0","0","0","0","0","0","7","0","","67","8","2020","3","40.0389","-75.008918","1017","6","0","0","0","0","0","0","0","0","","0","0","0","","","0","N","0","","40 02:20.041","2","0","75 00:32.104","0","0","0","0","67301","0","0","0","N","0","0","0","2","68K01","0","","2.0","1115.0","9","N","N","N","0","","0","0","0","0","0","N","","1","0","0","0","0","0","0","2","0","1","","","","N","","","","","","","","","",""
"2020063519","0938","1","0","0","0","0","0","0","0","0","1","0","","67","8","2020","3","39.971635","-75.243059","0938","6","0","0","0","0","0","0","0","0","","0","0","0","","","0","N","0","","39 58:17.885","","0","75 14:35.013","0","0","0","0","67301","0","0","0","N","0","0","0","1","67301","0","","6.0","","9","N","N","N","1","","0","0","1","0","0","","","3","0","0","0","0","0","0","2","0","3","","04","","N","","","","","","","","","",""
"2020110404","0018","1","0","0","0","0","0","0","0","0","4","0","","67","12","2020","7","39.99999","-75.153145","0015","6","0","0","0","0","0","0","0","0","","0","1","0","","","0","","1","","39 59:59.964","","0","75 09:11.322","0","0","0","0","67301","0","0","0","N","0","0","0","2","67301","0","","1.0","","6","N","N","N","0","","0","0","0","3","2","","","2","0","1","0","0","0","0","2","0","2","","03","","N","","","","","","","","","",""