"CRN","ARRIVAL_TM","AUTOMOBILE_COUNT","BELTED_DEATH_COUNT","BELTED_SUSP_SERIOUS_INJ_COUNT","BICYCLE_COUNT","BICYCLE_DEATH_COUNT","BICYCLE_SUSP_SERIOUS_INJ_COUNT","BUS_COUNT","CHLDPAS_DEATH_COUNT","CHLDPAS_SUSP_SERIOUS_INJ_COUNT","COLLISION_TYPE","COMM_VEH_COUNT","CONS_ZONE_SPD_LIM","COUNTY","CRASH_MONTH","CRASH_YEAR","DAY_OF_WEEK","DEC_LATITUDE","DEC_LONGITUDE","DISPATCH_TM","DISTRICT","DRIVER_COUNT_16YR","DRIVER_COUNT_17YR","DRIVER_COUNT_18YR","DRIVER_COUNT_19YR","DRIVER_COUNT_20YR","DRIVER_COUNT_50_64YR","DRIVER_COUNT_65_74YR","DRIVER_COUNT_75PLUS","EST_HRS_CLOSED","FATAL_COUNT","HEAVY_TRUCK_COUNT","HORSE_BUGGY_COUNT","HOUR_OF_DAY","ILLUMINATION","INJURY_COUNT","INTERSECTION_RELATED","INTERSECT_TYPE","LANE_CLOSED","LATITUDE","LN_CLOSE_DIR","LOCATION_TYPE","LONGITUDE","MAX_SEVERITY_LEVEL","MCYCLE_DEATH_COUNT","MCYCLE_SUSP_SERIOUS_INJ_COUNT","MOTORCYCLE_COUNT","MUNICIPALITY","NONMOTR_COUNT","NONMOTR_DEATH_COUNT","NONMOTR_SUSP_SERIOUS_INJ_COUNT","NTFY_HIWY_MAINT","PED_COUNT","PED_DEATH_COUNT","PED_SUSP_SERIOUS_INJ_COUNT","PERSON_COUNT","POLICE_AGCY","POSSIBLE_INJ_COUNT","RDWY_SURF_TYPE_CD","RELATION_TO_ROAD","ROADWAY_CLEARED","ROAD_CONDITION","SCH_BUS_IND","SCH_ZONE_IND","SECONDARY_CRASH","SMALL_TRUCK_COUNT","SPEC_JURIS_CD","SUSP_MINOR_INJ_COUNT","SUSP_SERIOUS_INJ_COUNT","SUV_COUNT","TCD_FUNC_CD","TCD_TYPE","TFC_DETOUR_IND","TIME_OF_DAY","TOTAL_UNITS","TOT_INJ_COUNT","UNBELTED_OCC_COUNT","UNB_DEATH_COUNT","UNB_SUSP_SERIOUS_INJ_COUNT","UNK_INJ_DEG_COUNT","UNK_INJ_PER_COUNT","URBAN_RURAL","VAN_COUNT","VEHICLE_COUNT","WEATHER1","WEATHER2","WORKERS_PRES","WORK_ZONE_IND","WORK_ZONE_LOC","WORK_ZONE_TYPE","WZ_CLOSE_DETOUR","WZ_FLAGGER","WZ_LAW_OFFCR_IND","WZ_LN_CLOSURE","WZ_MOVING","WZ_OTHER","WZ_SHLDER_MDN","WZ_WORKERS_INJ_KILLED"
"2020062674","2055","1","0","0","0","0","0","0","0","0","5","0","","67","8","2020","4","40.070894","-75.085244","2050","6","0","0","0","0","0","0","0","0","","0","0","0","","","0","N","0","","40 04:15.220","1","0","75 05:06.880","0","0","0","0","67301","0","0","0","N","0","0","0","1","67301","0","","6.0","100.0","1","N","N","N","0","","0","0","1","0","0","N","","3","0","0","0","0","0","0","2","0","2","","03","","N","","","","","","","","","",""
"2020063515","0010","1","0","0","0","0","0","0","0","0","5","0","","67","8","2020","6","40.036272","-75.034936","0007","6","0","0","0","0","0","0","0","0","","0","0","0","","","0","N","0","","40 02:10.580","","0","75 02:05.770","0","0","0","0","67301","0","0","0","N","0","0","0","1","67301","0","","6.0","","1","N","N","N","0","","0","0","0","0","0","","","2","0","0","0","0","0","0","2","1","2","","03","","N","","","","","","","","","",""
"2020108032","2050","1","0","0","0","0","0","0","0","0","1","0","","67","12","2020","3","40.001084","-75.215384","2045","6","0","0","0","0","0","1","0","0","","0","0","0","","","1","","1","","40 00:03.902","","0","75 12:55.382","3","0","0","0","67301","0","0","0","N","0","0","0","2","67301","0","","1.0","","1","N","N","N","0","","1","0","1","3","2","","","2","1","0","0","0","0","0","2","0","2","","","","N","","","","","","","","","",""
"2020062686","0106","0","0","0","0","0","0","0","0","0","4","0","","67","8","2020","1","39.913061","-75.221733","0106","6","0","0","0","0","0","0","0","0","","0","0","0","","","2","N","0","","39 54:47.021","6","6","75 13:18.237","2","0","1","1","67301","0","0","0","N","0","0","0","3","67301","0","","1.0","200.0","1","N","N","N","0","","1","1","1","0","0","N","","2","2","0","0","0","0","0","2","0","2","","03","","N","","","","","","","","","",""
"2020109358","0905","0","0","0","0","0","0","0","0","0","5","1","","67","12","2020","4","39.988528","-75.20707","0904","6","0","0","0","0","0","0","0","0","","0","1","0","","","1","N","0","","39 59:18.702","3","0","75 12:25.451","8","0","0","1","67301","0","0","0","N","0","0","0","2","68K01","0","","1.0","959.0","1","N","N","N","0","","0","0","0","0","0","N","","2","1","0","0","0","1","0","2","0","2","","","","N","","","","","","","","","",""
"2020065337","2340","0","0","0","0","0","0","0","0","0","8","0","","67","8","2020","2","39.990983","-75.179895","2340","6","0","0","0","0","0","0","0","0","","0","0","0","","","1","","1","","39 59:27.539","","0","75 10:47.621","2","0","0","0","67301","1","0","1","N","1","0","1","2","67301","0","","1.0","","1","N","N","N","0","","0","1","0","3","2","","","2","1","0","0","0","0","0","2","0","1","","","","N","","","","","","","","","",""
"2020061415","0141","2","0","0","0","0","0","0","0","0","5","0","","67","8","2020","1","40.022719","-75.148198","0139","6","0","0","0","1","0","0","0","0","","0","0","0","","","0","","5","","40 01:21.790","","0","75 08:53.512","9","0","0","0","67301","0","0","0","N","0","0","0","5","67301","0","","1.0","","1","N","N","N","0","","0","0","0","3","2","","","2","0","0","0","0","0","1","2","0","2","","03","","N","","","","","","","","","",""
"2020064968","2125","2","0","0","0","0","0","0","0","0","6","0","","67","8","2020","4","39.962167","-75.236667","2123","6","0","0","0","0","0","1","0","0","","0","0","0","","","0","N","0","","39 57:43.800","","0","75 14:12.000","9","0","0","0","67301","0","0","0","N","0","0","0","2","67301","0","","1.0","","1","N","N","N","0","","0","0","0","0","0","","","3","0","0","0","0","0","1","2","1","3","","03","","N","","","","","","","","","",""
"2020064759","1800","1","0","0","1","0","0","0","0","0","8","0","","67","8","2020","4","39.924369","-75.169611","1752","6","0","0","0","0","1","0","0","0","","0","0","0","","","1","","1","","39 55:27.728","","0","75 10:10.600","4","0","0","0","67301","1","0","0","N","0","0","0","2","67301","1","","1.0","","1","N","N","N","0","","0","0","0","3","2","","","2","1","0","0","0","0","0","2","0","1","","","","N","","","","","","","","","",""
"2020110380","1555","2","0","0","0","0","0","0","0","0","2","0","","67","12","2020","4","39.986294","-75.230011","1530","6","0","0","0","0","0","0","0","0","","0","0","0","","","0","N","0","","39 59:10.660","6","0","75 13:48.040","0","0","0","0","67301","0","0","0","N","0","0","0","2","67301","0","","1.0","1745.0","7","N","N","N","0","","0","0","0","0","0","Y","","2","0","0","0","0","0","0","2","0","2","","10","","N","","","","","","","","","",""
"2020107226","1105","2","0","0","0","0","0","0","0","0","4","0","","67","12","2020","7","39.922691","-75.156637","1100","6","0","0","0","0","0","0","0","0","","0","0","0","","","0","","1","","39 55:21.687","","0","75 09:23.893","9","0","0","0","67301","0","0","0","N","0","0","0","3","67301","0","","1.0","","1","N","N","N","0","","0","0","0","3","2","","","2","0","0","0","0","0","1","2","0","2","","03","","N","","","","","","","","","",""
"2020063434","2216","2","0","0","0","0","0","0","0","0","4","0","","67","8","2020","3","40.024147","-75.119821","2214","6","0","0","0","0","0","0","0","0","","0","0","0","","","0","","1","","40 01:26.929","2","0","75 07:11.355","0","0","0","0","67301","0","0","0","N","0","0","0","2","67301","0","","1.0","2300.0","1","N","N","N","0","","0","0","0","3","3","N","","3","0","0","0","0","0","0","2","1","3","","03","","N","","","","","","","","","",""
"2020108944","0104","1","0","0","0","0","0","0","0","0","7","0","","67","12","2020","4","40.010202","-75.150916","0104","6","0","0","0","0","0","0","1","0","","0","0","0","","","1","N","0","","40 00:36.727","5","0","75 09:03.298","3","0","0","0","67301","0","0","0","N","0","0","0","1","67301","0","","5.0","110.0","1","N","N","N","0","","1","0","0","0","0","N","","1","1","0","0","0","0","0","2","0","1","","","","N","","","","","","","","","",""
"2020061707","1415","1","0","0","0","0","0","0","0","0","4","0","","67","7","2020","6","39.914034","-75.149331","1410","6","0","0","0","0","1","0","1","0","","0","0","0","","","2","N","0","","39 54:50.521","","7","75 08:57.593","8","0","0","0","67301","0","0","0","N","0","0","0","3","67301","0","","1.0","","1","N","N","N","1","","0","0","0","0","0","","","2","2","0","0","0","2","0","2","0","2","","03","","N","","","","","","","","","",""
"2020062715","1628","0","0","0","0","0","0","0","0","0","7","0","","67","8","2020","4","40.027194","-75.151242","1619","6","1","0","0","0","0","0","0","0","","0","0","0","","","1","","1","","40 01:37.898","","0","75 09:04.471","8","0","0","0","67301","0","0","0","N","0","0","0","1","67301","0","","4.0","","1","N","N","N","1","","0","0","0","3","2","","","1","1","0","0","0","1","0","2","0","1","","03","","N","","","","","","","","","",""
"2020061294","2344","0","0","0","0","0","0","0","0","0","6","0","","67","7","2020","6","40.015303","-75.137158","2344","6","0","0","0","0","0","0","0","0","","0","0","0","","","1","","1","","40 00:55.090","","0","75 08:13.768","3","0","0","0","67301","0","0","0","N","0","0","0","2","67301","0","","1.0","","1","N","N","N","0","","1","0","0","3","2","","","2","1","0","0","0","0","0","2","2","2","","","","N","","","","","","","","","",""
"2020065334","2138","1","0","0","0","0","0","0","0","0","5","0","","67","8","2020","1","39.972619","-75.239631","2138","6","0","0","0","0","0","0","0","0","","0","0","0","","","1","N","0","","39 58:21.430","","0","75 14:22.670","3","0","0","0","67301","0","0","0","N","0","0","0","1","67301","0","","6.0","","1","N","N","N","0","","1","0","2","0","0","","","3","1","0","0","0","0","0","2","0","3","","","","N","","","","","","","","","",""
"2020109627","1708","1","0","0","0","0","0","0","0","0","4","0","","67","12","2020","4","39.989063","-75.089618","1708","6","0","0","0","0","0","2","0","0","","0","0","0","","","1","N","1","","39 59:20.625","","0","75 05:22.623","8","0","0","0","67301","0","0","0","N","0","0","0","3","68K01","0","","1.0","","7","N","N","N","0","","0","0","2","3","2","","","3","1","0","0","0","1","0","2","0","3","","10","","N","","","","","","","","","",""
"2020065278","1230","0","0","0","0","0","0","0","0","0","6","0","","67","8","2020","4","39.999744","-75.138521","1230","6","0","0","0","0","0","0","0","0","","0","0","0","","","1","","1","","39 59:59.077","","0","75 08:18.677","3","0","0","1","67301","0","0","0","N","0","0","0","2","67301","0","","1.0","","99","N","N","N","0","","1","0","0","3","2","","","2","1","0","0","0","0","0","2","1","2","","03","","N","","","","","","","","","",""
"2020063864","1650","2","0","0","0","0","0","0","0","0","1","0","","67","8","2020","1","40.008779","-75.138565","1641","6","0","0","0","0","0","0","0","0","","0","0","0","","","1","","1","","40 00:31.604","","0","75 08:18.833","3","0","0","0","67301","0","0","0","N","0","0","0","4","67301","0","","1.0","","1","N","N","N","0","","1","0","1","3","2","","","3","1","4","0","0","0","0","2","0","3","","03","","N","","","","","","","","","",""
"2020063585","0519","0","0","0","0","0","0","0","0","0","8","0","","67","8","2020","3","39.978288","-75.273591","0515","6","0","0","0","0","0","0","0","0","","0","0","0","","","1","","2","","39 58:41.836","","0","75 16:24.927","8","0","0","0","67301","1","0","0","N","1","0","0","2","67301","0","","1.0","","9","N","N","N","0","","0","0","0","3","2","","","2","1","0","0","0","1","0","2","1","1","","07","","N","","","","","","","","","",""
"2020107233","1545","1","0","0","0","0","0","0","0","0","4","0","","67","12","2020","6","40.024765","-75.045521","1538","6","0","0","0","0","0","0","0","0","","0","0","0","","","1","N","0","","40 01:29.154","","7","75 02:43.875","8","0","0","1","67301","0","0","0","N","0","0","0","2","67301","0","","1.0","","1","N","N","N","0","","0","0","0","0","0","","","2","1","0","0","0","1","0","2","0","2","","03","","N","","","","","","","","","",""
"2020064529","1014","1","0","0","0","0","0","0","0","0","4","0","","67","8","2020","4","39.904045","-75.240114","1009","6","0","0","0","0","0","0","0","0","","0","0","0","","","1","","1","","39 54:14.563","","0","75 14:24.409","8","0","0","1","67301","0","0","0","N","0","0","0","2","67301","0","","1.0","","1","N","N","N","0","","0","0","0","3","2","","","2","1","0","0","0","1","0","2","0","2","","03","","N","","","","","","","","","",""
"2020061091","1443","1","0","0","0","0","0","0","0","0","4","0","","67","7","2020","6","40.039458","-75.077435","1440","6","0","0","0","0","0","0","1","1","","0","0","0","","","3","","1","","40 02:22.048","","0","75 04:38.765","3","0","0","0","67301","0","0","0","N","0","0","0","5","67301","0","","1.0","","1","N","N","N","0","","3","0","1","3","2","","","2","3","0","0","0","0","0","2","0","2","","","","N","","","","","","","","","",""
"2020064034","1156","0","0","0","0","0","0","0","0","0","1","0","","67","8","2020","7","40.008707","-75.069234","1148","6","0","0","0","0","0","1","0","0","","0","0","0","","","2","N","0","","40 00:31.344","1","0","75 04:09.244","4","0","0","0","67301","0","0","0","N","0","0","0","5","68K01","2","","1.0","1259.0","1","N","N","N","0","","0","0","3","0","0","N","","3","2","0","0","0","0","0","2","0","3","","","","N","","","","","","","","","",""
"2020061099","1929","1","0","0","0","0","0","0","0","0","5","0","","67","7","2020","6","39.979087","-75.160996","1929","6","0","0","0","0","0","0","0","0","","0","0","0","","","0","N","0","","39 58:44.714","4","0","75 09:39.587","0","0","0","0","67301","0","0","0","N","0","0","0","4","67301","0","","6.0","2030.0","1","N","N","N","0","","0","0","1","0","0","N","","2","0","0","0","0","0","0","2","0","2","","","","N","","","","","","","","","",""
"2020062816","0903","0","0","0","0","0","0","0","0","0","7","0","","67","8","2020","4","39.955914","-75.154883","0900","6","0","0","0","0","0","1","0","0","","0","0","0","","","0","N","0","","39 57:21.290","","7","75 09:17.580","0","0","0","0","67301","0","0","0","N","0","0","0","1","67301","0","","5.0","","1","N","N","N","0","","0","0","0","0","0","","","1","0","1","0","0","0","0","2","1","1","","03","","N","","","","","","","","","",""
"2020108350","2215","2","0","0","0","0","0","0","0","0","5","0","","67","11","2020","7","40.033231","-75.020629","2211","6","0","1","0","0","0","0","0","0","","0","0","0","","","2","N","0","","40 01:59.632","2","0","75 01:14.263","3","0","0","0","67301","0","0","0","N","0","0","0","3","68K01","0","","1.0","2240.0","1","N","N","N","0","","2","0","1","0","0","N","","3","2","1","0","0","0","0","2","0","3","","","","N","","","","","","","","","",""
"2020104160","1915","1","0","0","0","0","0","0","0","0","4","0","","67","8","2020","5","39.971671","-75.237747","1915","6","0","0","0","0","0","1","0","0","","0","0","0","","","1","","1","","39 58:18.015","","0","75 14:15.889","3","0","0","0","67301","0","0","0","N","0","0","0","2","67301","0","","1.0","","1","N","N","N","0","","1","0","1","3","3","","","2","1","0","0","0","0","0","2","0","2","","03","","N","","","","","","","","","",""
"2020109308","0011","1","0","0","0","0","0","0","0","0","1","0","","67","12","2020","3","39.967487","-75.132582","2356","6","0","0","0","0","0","0","0","0","","0","0","0","","","0","N","0","","39 58:02.952","","0","75 07:57.294","0","0","0","0","67301","0","0","0","N","0","0","0","1","68K01","0","","1.0","","1","N","N","N","0","","0","0","0","0","0","","","2","0","0","0","0","0","0","2","0","2","","","","N","","","","","","","","","",""
"2020108939","1242","0","0","0","0","0","0","0","0","0","7","0","","67","12","2020","4","40.050739","-75.191306","1233","6","0","0","0","0","0","0","0","0","","0","1","0","","","0","N","0","","40 03:02.660","6","3","75 11:28.700","0","0","0","0","67301","0","0","0","N","0","0","0","1","67301","0","","5.0","1400.0","7","N","N","N","0","","0","0","0","0","0","Y","","1","0","0","0","0","0","0","2","0","1","","10","","N","","","","","","","","","",""
"2020107586","1520","1","0","0","0","0","0","0","0","0","5","0","","67","12","2020","1","40.099142","-75.019228","1511","6","0","0","0","0","0","0","0","0","","0","0","0","","","1","N","0","","40 05:56.910","1","0","75 01:09.220","8","0","0","1","67301","0","0","0","N","0","0","0","1","67301","0","","1.0","1530.0","1","N","N","N","1","","0","0","0","0","0","N","","3","1","0","0","0","1","0","2","0","3","","03","","N","","","","","","","","","",""
"2020061624","1640","3","0","0","0","0","0","0","0","0","4","0","","67","8","2020","1","39.971403","-75.164433","1636","6","0","0","0","0","0","0","0","0","","0","0","0","","","1","","1","","39 58:17.050","","0","75 09:51.958","8","0","0","0","67301","0","0","0","N","0","0","0","3","67301","0","","1.0","","1","N","N","N","0","","0","0","0","3","3","","","3","1","0","0","0","1","0","2","0","3","","03","","N","","","","","","","","","",""
"2020062947","1945","1","0","0","0","0","0","0","0","0","4","0","","67","8","2020","5","40.051992","-75.129109","1938","6","0","0","0","1","0","0","0","0","","0","0","0","","","0","","1","","40 03:07.171","","0","75 07:44.792","0","0","0","0","67301","0","0","0","N","0","0","0","3","67301","0","","1.0","","1","N","N","N","0","","0","0","1","3","3","","","2","0","0","0","0","0","0","2","0","2","","","","N","","","","","","","","","",""
"2020108332","0633","1","0","0","0","0","0","0","0","0","1","0","","67","11","2020","1","39.944279","-75.191814","0633","6","0","0","0","0","0","0","0","0","","0","0","0","","","1","N","0","","39 56:39.406","3","0","75 11:30.529","3","0","0","0","67301","0","0","0","N","0","0","0","3","68K01","0","","1.0","30.0","1","N","N","N","0","","1","0","1","0","0","N","","3","1","0","0","0","0","0","2","1","3","","03","","N","","","","","","","","","",""
"2020109349","1510","2","0","0","0","0","0","0","0","0","5","0","","67","12","2020","3","39.926296","-75.194358","1459","6","0","0","0","0","0","1","0","0","","0","0","0","","","4","N","0","","39 55:34.665","4","0","75 11:39.690","3","0","0","0","67301","0","0","0","N","0","0","0","4","68K01","1","","1.0","30.0","1","N","N","N","0","","3","0","0","0","0","N","","2","4","0","0","0","0","0","2","0","2","","","","N","","","","","","","","","",""
"2020064037","1818","3","0","0","0","0","0","0","0","0","1","0","","67","8","2020","7","39.976738","-75.197537","1812","6","0","0","0","0","0","0","0","0","","0","0","0","","","1","N","0","","39 58:36.256","","0","75 11:51.134","3","0","0","0","67301","0","0","0","N","0","0","0","4","68K01","0","","1.0","","1","N","N","N","0","","1","0","0","0","0","","","3","1","0","0","0","0","1","2","0","3","","","","N","","","","","","","","","",""
"2020062120","2055","1","0","0","0","0","0","0","0","0","4","0","","67","8","2020","1","40.024614","-75.033924","2050","6","0","0","0","0","0","0","0","0","","0","0","0","","","1","","2","","40 01:28.610","7","0","75 02:02.126","2","0","1","1","67301","0","0","0","N","0","0","0","3","67301","0","","1.0","2230.0","1","N","N","N","0","","0","1","0","3","3","Y","","2","1","2","0","0","0","0","2","0","2","","03","","N","","","","","","","","","",""
"2020062119","2023","2","0","0","0","0","0","0","0","0","3","0","","67","8","2020","1","40.029901","-75.034983","2017","6","0","0","0","0","0","0","0","0","","0","0","0","","","0","Y","0","","40 01:47.645","","7","75 02:05.937","0","0","0","0","67301","0","0","0","N","0","0","0","2","67301","0","","1.0","","1","N","N","N","0","","0","0","0","0","0","","","2","0","0","0","0","0","0","2","0","2","","03","","N","","","","","","","","","",""
"2020109334","1104","0","0","0","0","0","0","0","0","0","1","0","","67","12","2020","7","39.977063","-75.11268","1104","6","0","0","0","0","0","0","0","0","","0","0","0","","","0","N","0","","39 58:37.427","1","0","75 06:45.649","0","0","0","0","67301","0","0","0","N","0","0","0","3","68K01","0","","1.0","1150.0","9","N","N","N","0","","0","0","2","0","0","N","","2","0","0","0","0","0","0","2","0","2","","","","N","","","","","","","","","",""
"2020061263","0449","2","0","0","0","0","0","0","0","0","4","0","","67","7","2020","6","40.014511","-75.131075","0445","6","0","0","0","0","0","1","0","0","","0","0","0","","","1","","5","","40 00:52.240","","0","75 07:51.870","2","0","0","0","67301","0","0","0","N","0","0","0","2","67301","0","","1.0","","9","N","Y","N","0","","0","1","0","3","2","","","2","1","0","0","0","0","0","2","0","2","","07","","N","","","","","","","","","",""
"2020108031","0205","0","0","0","0","0","0","0","0","0","5","1","","67","1","2020","3","39.903569","-75.238292","0159","6","0","0","0","0","0","0","0","0","","0","1","0","","","0","N","0","","39 54:12.850","2","0","75 14:17.850","0","0","0","0","67301","0","0","0","N","0","0","0","2","67301","0","","6.0","321.0","1","N","N","N","0","","0","0","1","0","0","N","","2","0","0","0","0","0","0","2","0","2","","03","","N","","","","","","","","","",""
"2020064049","1935","1","0","0","0","0","0","0","0","0","7","0","","67","8","2020","2","40.033319","-75.020558","1920","6","0","1","0","0","0","0","0","0","","0","0","0","","","1","N","0","","40 01:59.949","2","0","75 01:14.007","3","0","0","0","67301","0","0","0","N","0","0","0","1","68K01","0","","4.0","15.0","1","N","N","N","0","","1","0","0","0","0","N","","1","1","0","0","0","0","0","2","0","1","","","","N","","","","","","","","","",""
"2020063035","1806","0","0","0","0","0","0","0","0","0","4","0","","67","8","2020","4","39.989809","-75.125532","1804","6","0","0","0","0","0","1","0","0","","0","0","0","","","2","","1","","39 59:23.311","","1","75 07:31.914","3","0","0","0","67301","0","0","0","N","0","0","0","4","67301","0","","1.0","","1","N","N","N","0","","2","0","1","3","2","","","2","2","0","0","0","0","0","2","1","2","","03","","N","","","","","","","","","",""
"2020109721","1529","0","0","0","0","0","0","0","0","0","5","0","","67","12","2020","2","39.932566","-75.200033","1516","6","0","0","0","0","0","2","0","0","","0","0","0","","","0","N","0","","39 55:57.238","4","0","75 12:00.119","0","0","0","0","67301","0","0","0","N","0","0","0","2","68K01","0","","1.0","1535.0","1","N","N","N","2","","0","0","0","0","0","N","","2","0","0","0","0","0","0","2","0","2","","03","","N","","","","","","","","","",""
"2020108363","2019","0","0","0","0","0","0","0","0","0","5","1","","67","11","2020","2","40.005276","-75.195512","2016","6","0","0","0","0","0","0","1","0","","0","1","0","","","0","","7","","40 00:18.992","4","2","75 11:43.844","0","0","0","0","67301","0","0","0","N","0","0","0","2","68K01","0","","1.0","1600.0","1","N","N","N","0","","0","0","0","0","0","Y","","2","0","0","0","0","0","0","2","1","2","","","","N","","","","","","","","","",""
"2020106967","2004","0","0","0","0","0","0","0","0","0","7","0","","67","11","2020","6","40.063166","-74.985778","1958","6","0","0","0","0","0","1","0","0","","1","0","0","","","0","N","0","","40 03:47.398","","0","74 59:08.800","1","0","0","0","67301","0","0","0","N","0","0","0","1","67301","0","2","2.0","","1","N","N","N","1","0","0","0","0","0","0","","","1","0","1","1","0","0","0","2","0","1","","03","","N","","","","","","","","","",""
"2020067575","1912","1","0","0","0","0","0","0","0","0","1","0","","67","8","2020","2","39.959401","-75.17403","1912","6","0","0","0","0","0","0","0","0","","0","0","0","","","0","N","0","","39 57:33.843","4","0","75 10:26.509","0","0","0","0","67301","0","0","0","N","0","0","0","2","68K01","0","","1.0","1920.0","1","N","N","N","0","","0","0","0","0","0","N","","2","0","0","0","0","0","0","2","1","2","","","","N","","","","","","","","","",""
"2020062263","1753","1","0","0","0","0","0","0","0","0","4","0","","67","8","2020","3","39.979105","-75.161134","1745","6","0","0","0","0","0","0","0","0","","0","0","0","","","2","","1","","39 58:44.778","1","0","75 09:40.084","8","0","0","0","67301","0","0","0","N","0","0","0","3","67505","0","","1.0","1805.0","1","N","N","N","0","","0","0","1","3","2","N","","2","2","0","0","0","2","0","2","0","2","","03","","N","","","","","","","","","",""
"2020062075","1242","1","0","0","0","0","0","0","0","0","4","0","","67","8","2020","3","39.979002","-75.160335","1241","6","0","0","0","0","0","0","0","0","","0","0","0","","","3","","1","","39 58:44.406","1","0","75 09:37.206","8","0","0","0","67301","0","0","0","N","0","0","0","5","67505","0","","1.0","1400.0","9","N","N","Y","0","","0","0","1","3","3","Y","","2","3","0","0","0","3","0","2","0","2","","07","","N","","","","","","","","","",""
"2020108264","1440","1","0","0","0","0","0","0","0","0","8","0","","67","12","2020","1","39.980525","-75.178233","1431","6","0","0","0","0","0","0","0","0","","0","0","0","","","1","N","0","","39 58:49.890","","0","75 10:41.640","4","0","0","0","67301","1","0","0","N","1","0","0","2","67301","1","","1.0","","1","N","N","N","0","","0","0","0","0","0","","","2","1","0","0","0","0","1","2","0","1","","03","","N","","","","","","","","","",""
"2020101830","2212","2","0","0","0","0","0","0","0","0","4","0","","67","11","2020","5","39.985595","-75.150912","2210","6","0","0","0","0","0","1","0","0","","0","0","0","","","1","","1","","39 59:08.141","1","0","75 09:03.283","4","0","0","0","67301","0","0","0","N","0","0","0","2","67505","1","","1.0","2326.0","1","N","N","Y","0","","0","0","0","3","2","Y","","2","1","0","0","0","0","1","2","0","2","","03","","N","","","","","","","","","",""
"2020032416","0125","1","0","0","0","0","0","0","0","0","7","0","","67","4","2020","2","40.002383","-75.152625","0122","6","0","0","0","0","0","0","0","0","","0","0","0","","","0","Y","0","","40 00:08.578","","0","75 09:09.449","0","0","0","0","67301","0","0","0","N","0","0","0","1","67505","0","","5.0","","9","N","N","N","0","","0","0","0","0","0","","","1","0","0","0","0","0","0","2","0","1","","07","","N","","","","","","","","","",""
"2020067525","1130","2","0","0","0","0","0","0","0","0","4","0","","67","8","2020","7","39.943712","-75.177263","1127","6","0","0","0","0","0","0","0","1","","0","0","0","","","0","","1","","39 56:37.363","","0","75 10:38.147","0","0","0","0","67301","0","0","0","N","0","0","0","2","67301","0","","1.0","","1","N","N","N","0","","0","0","0","3","3","","","2","0","0","0","0","0","0","2","0","2","","03","","N","","","","","","","","","",""
"2020062680","2114","1","0","0","0","0","0","0","0","0","8","0","","67","8","2020","3","40.090018","-74.984257","2107","6","0","1","0","0","0","0","0","0","","0","0","0","","","1","","1","","40 05:24.064","","0","74 59:03.324","8","0","0","0","67301","1","0","0","N","1","0","0","2","67301","0","","1.0","","1","N","N","N","0","","0","0","0","3","2","","","2","1","0","0","0","1","0","2","0","1","","03","","N","","","","","","","","","",""
"2020063345","2146","2","0","0","0","0","0","0","0","0","5","0","","67","8","2020","2","39.960111","-75.238371","2144","6","0","0","0","0","1","0","0","0","","0","0","0","","","1","N","0","","39 57:36.399","","0","75 14:18.134","3","0","0","0","67301","0","0","0","N","0","0","0","4","67301","0","","1.0","","1","N","N","N","0","","1","0","0","0","0","","","2","1","0","0","0","0","0","2","0","2","","03","","N","","","","","","","","","",""
"2020061626","0530","2","0","0","0","0","0","0","0","0","4","0","","67","8","2020","2","39.986924","-75.161045","0526","6","0","0","0","0","0","0","0","0","","0","0","0","","","0","","1","","39 59:12.926","","0","75 09:39.762","9","0","0","0","67301","0","0","0","N","0","0","0","4","67301","0","","1.0","","1","N","N","N","0","","0","0","0","3","2","","","2","0","3","0","0","0","4","2","0","2","","03","","N","","","","","","","","","",""
"2020107490","2110","2","0","0","0","0","0","0","0","0","1","0","","67","12","2020","4","40.010053","-75.093069","2110","6","0","0","0","0","0","0","0","0","","0","0","0","","","1","N","0","","40 00:36.190","","0","75 05:35.050","4","0","0","0","67301","0","0","0","N","0","0","0","2","67301","1","","2.0","","1","N","N","N","0","","0","0","0","0","0","","","2","1","0","0","0","0","1","2","0","2","","03","","N","","","","","","","","","",""
"2020061089","0958","2","0","0","0","0","0","0","0","0","4","0","","67","8","2020","7","39.960841","-75.190994","0957","6","0","0","0","0","0","0","0","1","","0","0","0","","","2","","1","","39 57:39.027","2","0","75 11:27.578","8","0","0","0","67301","0","0","0","N","0","0","0","2","67507","0","","1.0","1048.0","1","N","N","N","0","","0","0","0","3","3","Y","","2","2","0","0","0","2","0","2","0","2","","03","","N","","","","","","","","","",""
"2020109371","1051","0","0","0","0","0","0","0","0","0","1","1","","67","12","2020","5","39.893124","-75.196653","1047","6","0","0","0","0","0","0","0","0","","0","1","0","","","0","N","0","","39 53:35.245","","0","75 11:47.949","0","0","0","0","67301","0","0","0","N","0","0","0","2","68K01","0","","1.0","","1","N","N","N","0","","0","0","0","0","0","","","2","0","0","0","0","0","0","2","1","2","","","","N","","","","","","","","","",""
"2020111754","1330","2","0","0","0","0","0","0","0","0","2","0","","67","12","2020","5","40.063397","-75.200422","1322","6","0","0","0","0","0","0","0","0","","0","0","0","","","1","N","0","","40 03:48.230","6","0","75 12:01.520","3","0","0","0","67301","0","0","0","N","0","0","0","4","67301","0","","1.0","1400.0","9","N","N","N","0","","1","0","0","9","9","Y","","2","1","0","0","0","0","0","2","0","2","","07","","N","","","","","","","","","",""