"CRN","ARRIVAL_TM","AUTOMOBILE_COUNT","BELTED_DEATH_COUNT","BELTED_SUSP_SERIOUS_INJ_COUNT","BICYCLE_COUNT","BICYCLE_DEATH_COUNT","BICYCLE_SUSP_SERIOUS_INJ_COUNT","BUS_COUNT","CHLDPAS_DEATH_COUNT","CHLDPAS_SUSP_SERIOUS_INJ_COUNT","COLLISION_TYPE","COMM_VEH_COUNT","CONS_ZONE_SPD_LIM","COUNTY","CRASH_MONTH","CRASH_YEAR","DAY_OF_WEEK","DEC_LATITUDE","DEC_LONGITUDE","DISPATCH_TM","DISTRICT","DRIVER_COUNT_16YR","DRIVER_COUNT_17YR","DRIVER_COUNT_18YR","DRIVER_COUNT_19YR","DRIVER_COUNT_20YR","DRIVER_COUNT_50_64YR","DRIVER_COUNT_65_74YR","DRIVER_COUNT_75PLUS","EST_HRS_CLOSED","FATAL_COUNT","HEAVY_TRUCK_COUNT","HORSE_BUGGY_COUNT","HOUR_OF_DAY","ILLUMINATION","INJURY_COUNT","INTERSECTION_RELATED","INTERSECT_TYPE","LANE_CLOSED","LATITUDE","LN_CLOSE_DIR","LOCATION_TYPE","LONGITUDE","MAX_SEVERITY_LEVEL","MCYCLE_DEATH_COUNT","MCYCLE_SUSP_SERIOUS_INJ_COUNT","MOTORCYCLE_COUNT","MUNICIPALITY","NONMOTR_COUNT","NONMOTR_DEATH_COUNT","NONMOTR_SUSP_SERIOUS_INJ_COUNT","NTFY_HIWY_MAINT","PED_COUNT","PED_DEATH_COUNT","PED_SUSP_SERIOUS_INJ_COUNT","PERSON_COUNT","POLICE_AGCY","POSSIBLE_INJ_COUNT","RDWY_SURF_TYPE_CD","RELATION_TO_ROAD","ROADWAY_CLEARED","ROAD_CONDITION","SCH_BUS_IND","SCH_ZONE_IND","SECONDARY_CRASH","SMALL_TRUCK_COUNT","SPEC_JURIS_CD","SUSP_MINOR_INJ_COUNT","SUSP_SERIOUS_INJ_COUNT","SUV_COUNT","TCD_FUNC_CD","TCD_TYPE","TFC_DETOUR_IND","TIME_OF_DAY","TOTAL_UNITS","TOT_INJ_COUNT","UNBELTED_OCC_COUNT","UNB_DEATH_COUNT","UNB_SUSP_SERIOUS_INJ_COUNT","UNK_INJ_DEG_COUNT","UNK_INJ_PER_COUNT","URBAN_RURAL","VAN_COUNT","VEHICLE_COUNT","WEATHER1","WEATHER2","WORKERS_PRES","WORK_ZONE_IND","WORK_ZONE_LOC","WORK_ZONE_TYPE","WZ_CLOSE_DETOUR","WZ_FLAGGER","WZ_LAW_OFFCR_IND","WZ_LN_CLOSURE","WZ_MOVING","WZ_OTHER","WZ_SHLDER_MDN","WZ_WORKERS_INJ_KILLED"
"2020061507","2052","1","0","0","0","0","0","0","0","0","7","0","35","67","8","2020","1","39.912444","-75.173361","2052","6","0","0","0","0","0","0","0","0","","0","0","0","","","0","N","0","","39 54:44.800","3","3","75 10:24.100","0","0","0","0","67301","0","0","0","N","0","0","0","2","67501","0","","4.0","2100.0","1","N","N","N","0","","0","0","0","0","0","N","","1","0","0","0","0","0","0","2","0","1","","","N","Y","4","1","","","N","Y","","","","N"
"2020062698","0042","2","0","0","0","0","0","0","0","0","4","0","","67","8","2020","2","39.985761","-75.215703","0042","6","0","0","0","1","0","0","0","0","","0","0","0","","","2","","1","","39 59:08.741","","0","75 12:56.531","3","0","0","0","67301","0","0","0","N","0","0","0","2","67301","0","","1.0","","8","N","N","N","0","","1","0","0","3","2","","","2","2","0","0","0","1","0","2","0","2","","04","","N","","","","","","","","","",""
"2020107519","1137","1","0","0","0","0","0","0","0","0","1","0","","67","11","2020","6","39.996165","-75.197178","1125","6","0","0","0","0","0","0","0","0","","0","0","0","","","0","N","0","","39 59:46.193","","0","75 11:49.842","9","0","0","0","67301","0","0","0","N","0","0","0","2","68K01","0","","1.0","","1","N","N","N","0","","0","0","1","3","8","","","2","0","0","0","0","0","1","2","0","2","","","","N","","","","","","","","","",""
"2020107320","1645","1","0","0","0","0","0","0","0","0","5","1","","67","12","2020","5","39.966514","-75.246007","1644","6","0","0","0","0","0","0","0","0","","0","1","0","","","1","N","0","","39 57:59.450","","0","75 14:45.625","3","0","0","0","67301","0","0","0","N","0","0","0","3","67301","0","","1.0","","1","N","N","N","0","","1","0","2","0","0","","","4","1","1","0","0","0","0","2","0","4","","03","","N","","","","","","","","","",""
"2020061097","0330","0","0","0","0","0","0","0","0","0","6","0","","67","8","2020","7","40.056864","-75.157456","0322","6","0","0","0","0","0","0","0","1","","0","0","0","","","1","N","0","","40 03:24.710","","0","75 09:26.840","3","0","0","0","67301","0","0","0","N","0","0","0","1","67301","0","","6.0","","1","N","N","N","0","","1","0","2","0","0","","","2","1","0","0","0","0","0","2","0","2","","","","N","","","","","","","","","",""
"2020062689","1251","3","0","0","0","0","0","0","0","0","4","0","","67","8","2020","2","39.93973","-75.225514","1251","6","0","0","0","0","0","0","0","0","","0","0","0","","","1","","1","","39 56:23.027","","0","75 13:31.850","8","0","0","0","67301","0","0","0","N","0","0","0","4","67301","0","","1.0","","1","N","N","N","0","","0","0","1","3","2","","","4","1","0","0","0","1","2","2","0","4","","03","","N","","","","","","","","","",""
"2020061973","1857","1","0","0","0","0","0","0","0","0","7","0","","67","8","2020","2","39.981972","-75.183194","1856","6","0","0","0","0","0","0","0","0","","0","0","0","","","0","N","0","","39 58:55.100","","0","75 10:59.500","0","0","0","0","67301","0","0","0","N","0","0","0","1","67301","0","","5.0","","1","N","N","N","0","","0","0","0","0","0","","","1","0","0","0","0","0","0","2","0","1","","04","","N","","","","","","","","","",""
"2020062292","1108","0","0","0","0","0","0","0","0","0","7","0","","67","8","2020","3","40.066386","-75.196728","1055","6","0","0","0","0","0","0","0","0","","0","0","0","","","1","N","0","","40 03:58.990","","0","75 11:48.220","3","0","0","0","67301","0","0","0","N","0","0","0","1","67301","0","","4.0","","8","N","N","N","0","","1","0","1","0","0","","","1","1","0","0","0","0","0","2","0","1","","04","","N","","","","","","","","","",""
"2020092820","0440","1","0","0","0","0","0","0","0","0","4","0","","67","8","2020","7","39.975219","-75.222493","0432","6","0","0","0","0","0","0","0","0","","0","0","0","","","0","","2","","39 58:30.789","","0","75 13:20.973","9","0","0","1","67301","0","0","0","N","0","0","0","2","67301","0","","1.0","","1","N","N","N","0","","0","0","0","0","0","","","2","0","0","0","0","0","1","2","0","2","","","","N","","","","","","","","","",""
"2020062695","1250","1","0","0","0","0","0","0","0","0","4","0","","67","8","2020","4","40.014963","-75.064477","1249","6","0","0","0","0","0","0","0","0","","0","0","0","","","1","","1","","40 00:53.866","","0","75 03:52.117","4","0","0","0","67301","0","0","0","N","0","0","0","2","67301","1","","1.0","","1","N","N","N","1","","0","0","0","3","3","","","2","1","1","0","0","0","0","2","0","2","","03","","N","","","","","","","","","",""
"2020061095","0255","3","0","0","0","0","0","0","0","0","6","0","","67","8","2020","7","40.082372","-75.049794","0250","6","0","0","0","0","0","0","0","0","","0","0","0","","","1","N","0","","40 04:56.540","2","0","75 02:59.260","4","0","0","0","67301","0","0","0","N","0","0","0","2","67301","1","","6.0","500.0","1","N","N","N","0","","0","0","0","0","0","N","","3","1","0","0","0","0","1","2","0","3","","03","","N","","","","","","","","","",""
"2020063618","0149","1","0","0","0","0","0","0","0","0","7","0","","67","8","2020","3","39.98251","-75.207712","0149","6","0","0","0","1","0","0","0","0","","0","0","0","","","1","N","0","","39 58:57.036","4","0","75 12:27.763","3","0","0","0","67301","0","0","0","N","0","0","0","1","68K01","0","","2.0","159.0","9","N","N","N","0","","1","0","0","0","0","N","","1","1","0","0","0","0","0","2","0","1","","07","","N","","","","","","","","","",""
"2020061341","2008","1","0","0","0","0","0","0","0","0","5","0","","67","7","2020","6","40.077531","-75.175875","2004","6","0","0","0","0","0","0","0","0","","0","0","0","","","0","N","0","","40 04:39.110","","0","75 10:33.150","0","0","0","0","67301","0","0","0","N","0","0","0","1","67301","0","","6.0","","1","N","N","N","0","","0","0","1","0","0","","","2","0","0","0","0","0","0","2","0","2","","","","N","","","","","","","","","",""
"2020062030","0021","2","0","0","0","0","0","0","0","0","1","0","55","67","8","2020","7","39.978425","-75.110793","0013","6","0","0","0","0","0","1","0","0","","0","0","0","","","1","N","0","","39 58:42.331","2","0","75 06:38.855","3","0","0","0","67301","0","0","0","N","0","0","0","3","68K01","0","","1.0","45.0","1","N","N","N","0","","1","0","0","0","0","N","","2","1","0","0","0","0","0","2","0","2","","","N","Y","4","1","","","N","","","Y","","N"
"2020060793","0234","2","0","0","0","0","0","0","0","0","6","0","","67","7","2020","6","40.011278","-75.105778","0234","6","0","0","0","0","0","0","0","0","","0","0","0","","","1","N","0","","40 00:40.600","4","0","75 06:20.800","8","0","0","0","67301","0","0","0","N","0","0","0","1","67301","0","","6.0","100.0","9","N","N","N","0","","0","0","1","0","0","N","","3","1","0","0","0","1","0","2","0","3","","07","","N","","","","","","","","","",""
"2020061339","0115","2","0","0","0","0","0","0","0","0","4","0","","67","8","2020","7","39.920633","-75.170429","0108","6","0","0","0","0","0","0","0","0","","0","0","0","","","2","","1","","39 55:14.279","","0","75 10:13.546","3","0","0","0","67301","0","0","0","N","0","0","0","4","67301","0","","1.0","","1","N","N","N","0","","2","0","1","3","2","","","3","2","0","0","0","0","0","2","0","3","","03","","N","","","","","","","","","",""
"2020064039","0202","1","0","0","0","0","0","0","0","0","7","0","","67","8","2020","1","39.984297","-75.208193","0202","6","0","0","0","0","0","0","0","0","","0","0","0","","","2","N","0","","39 59:03.469","","0","75 12:29.494","3","0","0","0","67301","0","0","0","N","0","0","0","4","68K01","0","","4.0","","1","N","N","N","0","","2","0","0","0","0","","","1","2","0","0","0","0","0","2","0","1","","03","","N","","","","","","","","","",""
"2020061337","1140","3","0","0","0","0","0","0","0","0","4","0","","67","7","2020","6","40.054316","-75.071415","1139","6","0","0","0","0","0","2","0","0","","0","0","0","","","2","","1","","40 03:15.539","","0","75 04:17.095","3","0","0","0","67301","0","0","0","N","0","0","0","2","67301","0","","1.0","","9","N","Y","N","0","","2","0","0","3","2","","","3","2","0","0","0","0","0","2","0","3","","","","N","","","","","","","","","",""
"2020062688","0054","0","0","0","0","0","0","0","0","0","7","0","","67","8","2020","2","39.895708","-75.241753","0054","6","0","0","0","0","0","0","0","0","","0","0","0","","","2","N","0","","39 53:44.550","","0","75 14:30.310","3","0","0","0","67301","0","0","0","N","0","0","0","2","67301","0","","5.0","","1","N","N","N","0","","2","0","0","0","0","","","1","2","0","0","0","0","0","2","1","1","","","","N","","","","","","","","","",""
"2020064873","0646","0","0","0","0","0","0","0","0","0","7","0","","67","8","2020","6","39.938624","-75.143491","0646","6","0","0","0","0","0","1","0","0","","0","0","0","","","0","N","0","","39 56:19.048","","0","75 08:36.569","0","0","0","0","67301","0","0","0","N","0","0","0","1","68K01","0","","2.0","","9","N","N","N","1","","0","0","0","0","0","","","1","0","0","0","0","0","0","2","0","1","","","","N","","","","","","","","","",""
"2020062865","0238","1","0","0","0","0","0","0","0","0","7","0","35","67","8","2020","2","39.912444","-75.173472","0238","6","0","0","0","0","0","0","0","0","","0","0","0","","","0","N","0","","39 54:44.800","","3","75 10:24.500","0","0","0","0","67301","0","0","0","N","0","0","0","1","67501","0","","4.0","","1","N","N","N","0","","0","0","0","0","0","","","1","0","0","0","0","0","0","2","0","1","","","N","Y","4","1","","","N","Y","","","","N"
"2020062711","2125","1","0","0","0","0","0","0","0","0","4","0","","67","8","2020","2","40.007208","-75.141947","2120","6","0","0","0","0","0","1","0","0","","0","0","0","","","1","","3","","40 00:25.948","","0","75 08:31.009","3","0","0","0","67301","0","0","0","N","0","0","0","3","67301","0","","1.0","","1","N","N","N","0","","1","0","1","0","0","","","2","1","0","0","0","0","0","2","0","2","","03","","N","","","","","","","","","",""
"2020062714","0025","2","0","0","0","0","0","0","0","0","6","0","","67","8","2020","3","40.046833","-75.137739","0019","6","0","0","1","0","0","0","0","0","","0","0","0","","","1","N","0","","40 02:48.599","","0","75 08:15.859","3","0","0","0","67301","0","0","0","N","0","0","0","2","67301","0","","1.0","","1","N","N","N","0","","1","0","0","0","0","","","2","1","0","0","0","0","1","2","0","2","","03","","N","","","","","","","","","",""
"2020064933","2108","2","0","0","0","0","0","0","0","0","4","0","","67","8","2020","3","39.958","-75.221263","2108","6","0","0","0","0","0","0","0","0","","0","0","0","","","0","","1","","39 57:28.799","","0","75 13:16.548","0","0","0","0","67301","0","0","0","N","0","0","0","6","67301","0","","1.0","","1","N","N","N","0","","0","0","0","3","2","","","2","0","0","0","0","0","0","2","0","2","","03","","N","","","","","","","","","",""
"2020062945","1930","1","0","0","0","0","0","0","0","0","1","0","","67","8","2020","4","39.986636","-75.187502","1924","6","0","0","0","0","0","0","0","0","","0","0","0","","","1","","2","","39 59:11.889","","0","75 11:15.007","3","0","0","0","67301","0","0","0","N","0","0","0","2","67301","0","","1.0","","1","N","N","N","0","","1","0","1","3","2","","","2","1","0","0","0","0","0","2","0","2","","03","","N","","","","","","","","","",""
"2020063667","1823","1","0","0","0","0","0","0","0","0","8","0","","67","8","2020","7","39.993114","-75.118431","1748","6","0","0","0","0","0","0","0","0","","0","0","0","","","1","N","0","","39 59:35.210","","0","75 07:06.350","8","0","0","0","67301","1","0","0","N","1","0","0","2","67301","0","","1.0","","99","N","N","N","0","","0","0","0","0","0","","","2","1","0","0","0","1","0","2","0","1","","03","","N","","","","","","","","","",""
"2020107975","2132","3","0","0","0","0","0","0","0","0","1","0","","67","12","2020","6","39.956929","-75.180446","2132","6","0","0","0","0","0","0","0","0","","0","0","0","","","2","N","0","","39 57:24.946","3","1","75 10:49.606","3","0","0","0","67301","0","0","0","N","0","0","0","4","68K01","0","","1.0","2210.0","1","N","N","N","0","","2","0","0","0","0","N","","3","2","2","0","0","0","0","2","0","3","","03","","N","","","","","","","","","",""
"2020108333","0828","0","0","0","0","0","0","0","0","0","5","2","","67","11","2020","2","40.005276","-75.195512","0828","6","0","0","0","0","0","0","0","0","","0","2","0","","","0","N","7","","40 00:18.992","4","0","75 11:43.844","0","0","0","0","67301","0","0","0","N","0","0","0","3","68K01","0","","1.0","1009.0","1","N","N","N","0","","0","0","0","0","0","Y","","2","0","0","0","0","0","0","2","0","2","","","","N","","","","","","","","","",""
"2020066204","1346","1","0","0","0","0","0","0","0","0","7","0","","67","8","2020","1","40.062692","-75.155425","1343","6","0","0","0","0","0","0","0","0","","0","0","0","","","0","N","0","","40 03:45.690","","0","75 09:19.530","9","0","0","0","67301","0","0","0","N","0","0","0","1","67301","0","","5.0","","1","N","N","N","0","","0","0","0","0","0","","","1","0","1","0","0","0","1","2","0","1","","03","","N","","","","","","","","","",""
"2020108503","0025","1","0","0","0","0","0","0","0","0","5","1","","67","12","2020","7","39.996864","-75.131661","0023","6","0","0","0","0","0","0","0","0","","0","1","0","","","0","N","0","","39 59:48.710","2","0","75 07:53.980","0","0","0","0","67301","0","0","0","N","0","0","0","1","67301","0","","6.0","138.0","9","N","N","N","1","","0","0","1","0","0","Y","","5","0","0","0","0","0","0","2","1","5","","","","N","","","","","","","","","",""
"2020108941","1054","2","0","0","0","0","0","0","0","0","4","0","","67","12","2020","3","39.953236","-75.215139","1054","6","0","0","0","0","0","0","0","0","","0","0","0","","","0","N","2","","39 57:11.649","4","0","75 12:54.501","0","0","0","0","67301","0","0","0","N","0","0","0","4","67301","0","","1.0","1149.0","1","N","N","N","0","","0","0","0","0","0","N","","2","0","0","0","0","0","0","2","0","2","","03","","N","","","","","","","","","",""
"2020109373","1750","1","0","0","0","0","0","0","0","0","1","0","","67","12","2020","5","39.988059","-75.08919","1655","6","0","0","0","0","1","0","0","0","","0","0","0","","","0","N","0","","39 59:17.014","","0","75 05:21.084","0","0","0","0","67301","0","0","0","N","0","0","0","2","68K01","0","","1.0","","1","N","N","N","0","","0","0","1","0","0","","","2","0","1","0","0","0","0","2","0","2","","","","N","","","","","","","","","",""
"2020060575","0242","2","0","0","0","0","0","0","0","0","4","0","","67","7","2020","5","40.02415","-75.157097","0240","6","0","0","0","0","0","0","0","0","","0","0","0","","","0","","1","","40 01:26.941","3","0","75 09:25.549","0","0","0","0","67301","0","0","0","N","0","0","0","2","67301","0","","1.0","325.0","1","N","N","N","0","","0","0","0","3","3","N","","2","0","0","0","0","0","0","2","0","2","","03","","N","","","","","","","","","",""
"2020060217","1827","1","0","0","0","0","0","0","0","0","5","0","","67","7","2020","7","40.017039","-75.050429","1801","6","0","0","0","0","0","0","0","0","","0","0","0","","","0","N","0","","40 01:01.340","2","0","75 03:01.545","9","0","0","0","67301","0","0","0","N","0","0","0","2","68K01","0","","1.0","1830.0","1","N","N","N","0","","0","0","0","0","0","N","","2","0","0","0","0","0","1","2","0","2","","","","N","","","","","","","","","",""
"2020063425","1410","2","0","0","0","0","0","0","0","0","5","0","","67","8","2020","5","39.974598","-75.18379","1406","6","0","0","0","0","0","0","0","0","","0","0","0","","","0","N","0","","39 58:28.554","","0","75 11:01.644","0","0","0","0","67301","0","0","0","N","0","0","0","1","67301","0","","6.0","","1","N","N","N","0","","0","0","2","0","0","","","4","0","0","0","0","0","0","2","0","4","","03","","N","","","","","","","","","",""
"2020110794","1740","2","0","0","0","0","0","0","0","0","1","0","","67","1","2020","4","39.966922","-75.160739","","6","0","0","0","0","0","0","0","0","","0","0","0","","","1","Y","0","","39 58:00.920","","0","75 09:38.660","8","0","0","0","67301","0","0","0","N","0","0","0","2","00000","0","","1.0","","1","","","N","0","","0","0","0","3","2","","","2","1","0","0","0","1","0","2","0","2","","","","N","","","","","","","","","",""
"2020059020","1355","0","0","0","0","0","0","0","0","0","4","0","","67","7","2020","7","40.03535","-75.039468","1343","6","0","0","0","0","0","0","0","0","","0","0","0","","","0","","1","","40 02:07.261","3","0","75 02:22.084","0","0","0","0","67301","0","0","0","N","0","0","0","3","67301","0","","1.0","1420.0","1","N","N","N","0","","0","0","2","3","2","N","","2","0","0","0","0","0","0","2","0","2","","","","N","","","","","","","","","",""
"2020060554","2323","4","0","0","0","0","0","0","0","0","4","0","","67","7","2020","7","39.985012","-75.106815","2323","6","0","0","0","0","0","0","0","0","","0","0","0","","","0","","1","","39 59:06.043","2","0","75 06:24.534","0","0","0","0","67301","0","0","0","N","0","0","0","4","67301","0","","1.0","200.0","1","N","N","N","0","","0","0","2","3","2","N","","6","0","0","0","0","0","0","2","0","6","","03","","N","","","","","","","","","",""
"2020060531","2318","0","0","0","0","0","0","0","0","0","7","0","","67","7","2020","7","40.056058","-75.047306","2313","6","0","0","0","0","0","1","0","0","","0","0","0","","","0","N","0","","40 03:21.810","","0","75 02:50.300","0","0","0","0","67301","0","0","0","N","0","0","0","1","67301","0","","3.0","","1","N","N","N","1","","0","0","0","2","1","","","2","0","0","0","0","0","0","2","0","1","","03","","N","","","","","","","","","",""
"2020063349","1620","2","0","0","0","0","0","0","0","0","4","0","","67","8","2020","6","40.022961","-75.163233","1620","6","0","0","0","0","0","0","0","0","","0","0","0","","","1","","1","","40 01:22.659","","0","75 09:47.638","3","0","0","0","67301","0","0","0","N","0","0","0","4","67301","0","","1.0","","1","N","N","N","0","","1","0","0","3","3","","","2","1","0","0","0","0","0","2","0","2","","04","","N","","","","","","","","","",""
"2020060521","1344","1","0","0","0","0","0","0","0","0","4","0","","67","7","2020","7","39.936842","-75.221159","1327","6","0","0","0","0","0","1","0","0","","0","0","0","","","1","","2","","39 56:12.631","","0","75 13:16.172","3","0","0","0","67301","0","0","0","N","0","0","0","3","67301","0","","1.0","","1","N","N","N","0","","1","0","0","3","3","","","2","1","2","0","0","0","1","2","0","2","","","","N","","","","","","","","","",""
"2020060535","2355","0","0","0","0","0","0","0","0","0","7","0","","67","7","2020","3","40.016147","-75.088048","2352","6","0","0","0","0","0","0","0","0","","0","0","0","","","0","","1","","40 00:58.129","","0","75 05:16.972","0","0","0","0","67301","0","0","0","N","0","0","0","1","67301","0","","5.0","","1","N","N","N","0","","0","0","1","3","3","","","1","0","0","0","0","0","0","2","0","1","","03","","N","","","","","","","","","",""
"2020065192","1937","0","0","0","0","0","0","0","0","0","1","0","25","67","8","2020","4","39.943641","-75.192339","1937","6","0","0","0","0","0","0","0","0","","0","0","0","","","0","N","0","","39 56:37.106","","1","75 11:32.421","0","0","0","0","67301","0","0","0","N","0","0","0","6","68K01","0","","1.0","","1","N","N","N","0","","0","0","3","0","0","","","3","0","0","0","0","0","0","2","0","3","","03","Y","Y","4","1","N","N","Y","Y","N","N","N","N"
"2020062830","1058","0","0","0","0","0","0","0","0","0","5","1","","67","8","2020","3","40.011644","-75.182477","1054","6","0","0","0","0","0","1","0","0","","0","1","0","","","2","N","0","","40 00:41.920","","0","75 10:56.916","3","0","0","0","67301","0","0","0","N","0","0","0","3","67301","0","","1.0","","9","N","N","N","0","","2","0","1","0","0","","","2","2","0","0","0","0","0","2","0","2","","07","","N","","","","","","","","","",""
"2020103186","1724","1","0","0","0","0","0","0","0","0","2","0","","67","12","2020","3","40.004651","-75.152132","1723","6","0","0","0","0","0","0","0","0","","0","0","0","","","0","","1","","40 00:16.745","","0","75 09:07.674","0","0","0","0","67301","0","0","0","N","0","0","0","2","67505","0","","1.0","","1","N","N","N","0","","0","0","1","3","2","","","2","0","0","0","0","0","0","2","0","2","","","","N","","","","","","","","","",""
"2020064132","1930","1","0","0","0","0","0","0","0","0","5","0","","67","8","2020","7","39.920969","-75.163161","1922","6","0","0","0","0","0","0","0","0","","0","0","0","","","1","N","0","","39 55:15.490","","0","75 09:47.380","3","0","0","1","67301","0","0","0","N","0","0","0","2","67301","0","","1.0","","1","N","N","N","0","","1","0","0","0","0","","","2","1","0","0","0","0","0","2","0","2","","03","","N","","","","","","","","","",""
"2020062693","1558","1","0","0","0","0","0","0","0","0","4","0","","67","8","2020","1","40.030567","-75.082639","1554","6","0","0","0","0","0","0","0","0","","0","0","0","","","0","","1","","40 01:50.040","","0","75 04:57.502","9","0","0","0","67301","0","0","0","N","0","0","0","2","67301","0","","1.0","","1","N","N","N","0","","0","0","1","3","2","","","2","0","0","0","0","0","1","2","0","2","","","","N","","","","","","","","","",""
"2020062822","0815","1","0","0","0","0","0","0","0","0","4","1","","67","8","2020","5","39.943107","-75.215286","0807","6","0","0","0","0","0","0","0","0","","0","1","0","","","0","","1","","39 56:35.185","","0","75 12:55.029","0","0","0","0","67301","0","0","0","N","0","0","0","3","67301","0","","1.0","","9","N","N","N","0","","0","0","1","3","2","","","3","0","0","0","0","0","0","2","0","3","","","","N","","","","","","","","","",""
"2020063034","2051","1","0","0","0","0","0","0","0","0","4","0","","67","8","2020","4","39.992278","-75.119963","2048","6","0","0","0","0","0","0","0","0","","0","0","0","","","1","","1","","39 59:32.200","3","0","75 07:11.866","8","0","0","0","67301","0","0","0","N","0","0","0","3","67301","0","","1.0","30.0","1","N","N","N","1","","0","0","3","3","3","N","","5","1","0","0","0","1","2","2","0","5","","03","","N","","","","","","","","","",""
"2020061628","0058","2","0","0","0","0","0","0","0","0","5","0","","67","7","2020","5","40.027194","-75.131789","0056","6","0","0","0","0","0","0","0","0","","0","0","0","","","1","N","0","","40 01:37.900","3","0","75 07:54.440","2","0","0","0","67301","0","0","0","N","0","0","0","2","67301","0","","6.0","258.0","1","N","N","N","0","","0","1","0","0","0","Y","","2","1","0","0","0","0","0","2","0","2","","03","","N","","","","","","","","","",""
"2020063780","0116","1","0","0","0","0","0","0","0","0","4","0","","67","8","2020","6","39.966585","-75.213525","0114","6","0","0","0","0","0","0","0","0","","0","0","0","","","1","","1","","39 57:59.705","","0","75 12:48.690","3","0","0","0","67301","0","0","0","N","0","0","0","2","67301","0","","1.0","","9","N","N","N","0","","1","0","1","3","2","","","2","1","0","0","0","0","1","2","0","2","","03","","N","","","","","","","","","",""
"2020106374","1207","0","0","0","0","0","0","0","0","0","4","0","","67","12","2020","5","39.896985","-75.189221","1159","6","0","0","0","0","1","1","0","0","","0","0","0","","","0","N","0","","39 53:49.146","1","3","75 11:21.196","9","0","0","0","67301","0","0","0","N","0","0","0","4","68K01","0","","1.0","1207.0","1","N","N","N","0","","0","0","2","0","0","N","","3","0","0","0","0","0","1","2","0","3","","03","","N","","","","","","","","","",""
"2020063121","2348","1","0","0","0","0","0","0","0","0","4","0","","67","8","2020","5","40.000319","-75.10646","2247","6","0","0","0","0","0","0","0","0","","0","0","0","","","1","","5","","40 00:01.147","","1","75 06:23.257","8","0","0","0","67301","0","0","0","N","0","0","0","4","67301","0","","1.0","","1","N","N","N","0","","0","0","0","3","2","","","2","1","0","0","0","1","0","2","1","2","","","","N","","","","","","","","","",""
"2020061252","2101","0","0","0","0","0","0","0","0","0","0","0","","67","8","2020","7","39.909806","-75.154333","2100","6","0","0","0","0","0","0","0","0","","0","0","0","","","1","N","0","","39 54:35.300","","5","75 09:15.600","3","0","0","1","67301","0","0","0","N","0","0","0","1","67501","0","","1.0","","1","N","N","N","0","","1","0","0","0","0","","","1","1","0","0","0","0","0","2","0","1","","03","","N","","","","","","","","","",""
"2020060568","1010","2","0","0","0","0","0","0","0","0","5","0","","67","7","2020","4","39.991447","-75.134863","1000","6","0","0","0","0","0","0","0","0","","0","0","0","","","0","","1","","39 59:29.210","4","0","75 08:05.506","0","0","0","0","67301","0","0","0","N","0","0","0","2","67301","0","","1.0","1033.0","1","N","N","N","0","","0","0","0","3","2","N","","2","0","1","0","0","0","0","2","0","2","","03","","N","","","","","","","","","",""
"2020106640","1125","1","0","0","0","0","0","0","0","0","5","0","","67","7","2020","7","39.938083","-75.183533","1125","6","0","0","0","0","0","0","0","0","","0","0","0","","","0","N","0","","39 56:17.100","","0","75 11:00.720","0","0","0","0","67301","0","0","0","N","0","0","0","1","67301","0","","6.0","","1","N","N","N","0","","0","0","1","0","0","","","2","0","0","0","0","0","0","2","0","2","","03","","N","","","","","","","","","",""
"2020111416","0232","1","0","0","0","0","0","0","0","0","7","0","","67","12","2020","2","40.023859","-75.131855","0224","6","0","0","0","0","0","0","0","0","","1","0","0","","","0","N","0","","40 01:25.892","4","0","75 07:54.677","1","0","0","0","67301","0","0","0","N","0","0","0","1","67301","0","2","5.0","640.0","2","N","N","N","0","0","0","0","0","3","2","Y","","1","0","0","0","0","0","0","2","0","1","","","","N","","","","","","","","","",""
"2020063903","0939","0","0","0","0","0","0","0","0","0","7","0","","67","8","2020","3","39.887097","-75.205032","0929","6","0","0","1","0","0","0","0","0","","0","0","0","","","0","N","0","","39 53:13.548","2","0","75 12:18.116","0","0","0","0","67301","0","0","0","N","0","0","0","2","68K01","0","","4.0","1005.0","9","N","N","N","0","","0","0","1","0","0","N","","1","0","0","0","0","0","0","2","0","1","","04","","N","","","","","","","","","",""
"2020062824","1145","1","0","0","0","0","0","0","0","0","7","0","","67","8","2020","5","40.047056","-75.186389","1126","6","0","0","0","0","0","0","0","0","","0","0","0","","","0","N","0","","40 02:49.400","","0","75 11:11.000","0","0","0","0","67301","0","0","0","N","0","0","0","1","67301","0","","5.0","","99","N","N","N","0","","0","0","0","0","0","","","1","0","0","0","0","0","0","2","0","1","","04","","N","","","","","","","","","",""
"2020061262","1149","3","0","0","0","0","0","0","0","0","5","0","","67","7","2020","6","39.9553","-75.212059","1148","6","0","0","0","0","0","0","0","0","","0","0","0","","","0","N","0","","39 57:19.079","4","0","75 12:43.411","0","0","0","0","67301","0","0","0","N","0","0","0","2","67301","0","","1.0","1322.0","9","N","N","N","0","","0","0","0","0","0","N","","4","0","0","0","0","0","0","2","0","4","","07","","N","","","","","","","","","",""
"2020060677","2335","0","0","0","0","0","0","0","0","0","4","0","","67","7","2020","3","39.966908","-75.19212","2330","6","0","0","0","0","0","0","0","0","","0","0","0","","","0","","1","","39 58:00.868","","0","75 11:31.632","0","0","0","0","67301","0","0","0","N","0","0","0","2","67301","0","","1.0","","1","N","N","N","0","","0","0","0","3","2","","","2","0","0","0","0","0","0","2","1","2","","03","","N","","","","","","","","","",""