"CRN","ARRIVAL_TM","AUTOMOBILE_COUNT","BELTED_DEATH_COUNT","BELTED_SUSP_SERIOUS_INJ_COUNT","BICYCLE_COUNT","BICYCLE_DEATH_COUNT","BICYCLE_SUSP_SERIOUS_INJ_COUNT","BUS_COUNT","CHLDPAS_DEATH_COUNT","CHLDPAS_SUSP_SERIOUS_INJ_COUNT","COLLISION_TYPE","COMM_VEH_COUNT","CONS_ZONE_SPD_LIM","COUNTY","CRASH_MONTH","CRASH_YEAR","DAY_OF_WEEK","DEC_LATITUDE","DEC_LONGITUDE","DISPATCH_TM","DISTRICT","DRIVER_COUNT_16YR","DRIVER_COUNT_17YR","DRIVER_COUNT_18YR","DRIVER_COUNT_19YR","DRIVER_COUNT_20YR","DRIVER_COUNT_50_64YR","DRIVER_COUNT_65_74YR","DRIVER_COUNT_75PLUS","EST_HRS_CLOSED","FATAL_COUNT","HEAVY_TRUCK_COUNT","HORSE_BUGGY_COUNT","HOUR_OF_DAY","ILLUMINATION","INJURY_COUNT","INTERSECTION_RELATED","INTERSECT_TYPE","LANE_CLOSED","LATITUDE","LN_CLOSE_DIR","LOCATION_TYPE","LONGITUDE","MAX_SEVERITY_LEVEL","MCYCLE_DEATH_COUNT","MCYCLE_SUSP_SERIOUS_INJ_COUNT","MOTORCYCLE_COUNT","MUNICIPALITY","NONMOTR_COUNT","NONMOTR_DEATH_COUNT","NONMOTR_SUSP_SERIOUS_INJ_COUNT","NTFY_HIWY_MAINT","PED_COUNT","PED_DEATH_COUNT","PED_SUSP_SERIOUS_INJ_COUNT","PERSON_COUNT","POLICE_AGCY","POSSIBLE_INJ_COUNT","RDWY_SURF_TYPE_CD","RELATION_TO_ROAD","ROADWAY_CLEARED","ROAD_CONDITION","SCH_BUS_IND","SCH_ZONE_IND","SECONDARY_CRASH","SMALL_TRUCK_COUNT","SPEC_JURIS_CD","SUSP_MINOR_INJ_COUNT","SUSP_SERIOUS_INJ_COUNT","SUV_COUNT","TCD_FUNC_CD","TCD_TYPE","TFC_DETOUR_IND","TIME_OF_DAY","TOTAL_UNITS","TOT_INJ_COUNT","UNBELTED_OCC_COUNT","UNB_DEATH_COUNT","UNB_SUSP_SERIOUS_INJ_COUNT","UNK_INJ_DEG_COUNT","UNK_INJ_PER_COUNT","URBAN_RURAL","VAN_COUNT","VEHICLE_COUNT","WEATHER1","WEATHER2","WORKERS_PRES","WORK_ZONE_IND","WORK_ZONE_LOC","WORK_ZONE_TYPE","WZ_CLOSE_DETOUR","WZ_FLAGGER","WZ_LAW_OFFCR_IND","WZ_LN_CLOSURE","WZ_MOVING","WZ_OTHER","WZ_SHLDER_MDN","WZ_WORKERS_INJ_KILLED"
"2020059026","0900","1","0","0","0","0","0","0","0","0","5","0","","67","7","2020","1","40.031711","-75.146229","0900","6","0","0","0","0","0","0","1","0","","0","0","0","","","0","N","0","","40 01:54.160","","0","75 08:46.425","0","0","0","0","67301","0","0","0","N","0","0","0","2","67301","0","","6.0","","1","N","N","N","0","","0","0","2","0","0","","","3","0","0","0","0","0","0","2","0","3","","03","","N","","","","","","","","","",""
"2020060219","2258","0","0","0","0","0","0","0","0","0","7","0","","67","7","2020","7","39.969578","-75.125999","2250","6","0","0","0","0","0","0","0","0","","0","0","0","","","0","N","0","","39 58:10.480","1","0","75 07:33.597","0","0","0","0","67301","0","0","0","N","0","0","0","1","68K01","0","","3.0","2257.0","1","N","N","N","0","","0","0","1","0","0","N","","1","0","0","0","0","0","0","2","0","1","","","","N","","","","","","","","","",""
"2020061555","0025","0","0","0","0","0","0","0","0","0","7","0","","67","8","2020","1","40.004847","-75.136883","0025","6","0","0","0","0","0","0","0","0","","0","0","0","","","0","N","0","","40 00:17.450","6","0","75 08:12.780","0","0","0","0","67301","0","0","0","N","0","0","0","1","67301","0","","6.0","100.0","1","N","N","N","0","","0","0","1","0","0","N","","1","0","0","0","0","0","0","2","0","1","","","","N","","","","","","","","","",""
"2020061296","0305","1","0","0","0","0","0","0","0","0","7","0","","67","8","2020","7","40.003184","-75.141429","0305","6","0","0","0","1","0","0","0","0","","0","0","0","","","1","","1","","40 00:11.462","","0","75 08:29.144","3","0","0","0","67301","0","0","0","N","0","0","0","1","67301","0","","4.0","","1","N","N","N","0","","1","0","0","0","0","","","1","1","0","0","0","0","0","2","0","1","","","","N","","","","","","","","","",""
"2020108565","0311","2","0","0","0","0","0","0","0","0","5","0","","67","12","2020","4","40.024022","-75.131079","0309","6","0","0","0","0","0","0","0","0","","0","0","0","","","0","N","0","","40 01:26.479","","0","75 07:51.884","0","0","0","0","67301","0","0","0","N","0","0","0","1","67301","0","","6.0","","1","N","N","N","0","","0","0","0","0","0","","","2","0","0","0","0","0","0","2","0","2","","","","N","","","","","","","","","",""
"2020105488","1122","0","0","0","0","0","0","0","0","0","7","0","","67","11","2020","3","39.89328","-75.231632","1114","6","0","0","0","0","0","1","0","0","","0","0","0","","","0","N","7","","39 53:35.807","","0","75 13:53.874","0","0","0","0","67301","0","0","0","N","0","0","0","1","68K01","0","","2.0","","1","N","N","N","0","","0","0","1","0","0","","","1","0","0","0","0","0","0","2","0","1","","03","","N","","","","","","","","","",""
"2020058613","1612","0","0","0","0","0","0","0","0","0","7","0","","67","7","2020","6","40.041402","-75.215976","1609","6","0","0","0","0","0","0","0","0","","0","0","0","","","2","N","0","","40 02:29.046","2","0","75 12:57.512","3","0","0","0","67301","0","0","0","N","0","0","0","2","67301","0","","4.0","1732.0","9","N","N","N","0","","2","0","1","0","0","Y","","1","2","2","0","0","0","0","2","0","1","","","","N","","","","","","","","","",""
"2020108810","0245","1","0","0","0","0","0","0","0","0","7","0","","67","12","2020","7","40.042177","-75.003969","0242","6","0","0","0","0","0","0","0","0","","0","0","0","","","0","N","0","","40 02:31.838","","0","75 00:14.288","0","0","0","0","67301","0","0","0","Y","0","0","0","1","68K01","0","","4.0","","9","N","N","N","0","","0","0","0","0","0","","","1","0","0","0","0","0","0","2","0","1","","07","","N","","","","","","","","","",""
"2020110682","1258","1","0","0","0","0","0","0","0","0","7","0","","67","12","2020","2","40.023978","-75.160906","1255","6","0","0","0","0","0","0","0","0","","0","0","0","","","3","N","0","","40 01:26.320","","0","75 09:39.260","8","0","0","0","67301","0","0","0","N","0","0","0","3","67301","0","","4.0","","2","N","N","N","0","","0","0","0","0","0","","","1","3","0","0","0","3","0","2","0","1","","03","","N","","","","","","","","","",""
"2020062823","1135","2","0","0","0","0","0","0","0","0","1","0","","67","8","2020","5","39.892461","-75.222875","1130","6","0","0","0","0","0","1","0","0","","0","0","0","","","1","","1","","39 53:32.860","","2","75 13:22.350","8","0","0","0","67301","0","0","0","N","0","0","0","3","67301","0","","1.0","","9","N","N","N","1","","0","0","0","3","2","","","3","1","0","0","0","1","0","2","0","3","","","","N","","","","","","","","","",""
"2020059208","2225","2","0","0","0","0","0","0","0","0","6","0","","67","7","2020","1","40.041587","-75.182546","2225","6","0","0","0","0","0","0","0","0","","0","0","0","","","0","N","0","","40 02:29.714","","0","75 10:57.165","0","0","0","0","67301","0","0","0","N","0","0","0","1","67301","0","","6.0","","1","N","N","N","0","","0","0","2","0","0","","","4","0","1","0","0","0","0","2","0","4","","03","","N","","","","","","","","","",""
"2020063436","1218","0","0","0","0","0","0","0","0","0","8","0","","67","8","2020","6","39.995371","-75.140846","1217","6","0","0","0","0","0","0","0","0","","0","0","0","","","1","","1","","39 59:43.335","","0","75 08:27.045","3","0","0","0","67301","1","0","0","N","1","0","0","2","67301","0","","1.0","","1","N","N","N","0","","1","0","1","3","3","","","3","1","0","0","0","0","1","2","1","2","","03","","N","","","","","","","","","",""
"2020062944","0952","1","0","0","0","0","0","0","0","0","4","0","","67","8","2020","4","39.979105","-75.161134","0945","6","0","0","0","0","0","0","0","0","","0","0","0","","","1","","1","","39 58:44.778","","0","75 09:40.084","3","0","0","0","67301","0","0","0","N","0","0","0","2","67301","0","","1.0","","1","N","N","N","0","","1","0","1","3","2","","","2","1","0","0","0","0","0","2","0","2","","03","","N","","","","","","","","","",""
"2020104882","1532","0","0","0","0","0","0","0","0","0","8","0","","67","12","2020","6","40.044501","-75.053894","1528","6","0","0","0","0","0","0","0","0","","0","0","0","","","1","N","0","","40 02:40.202","","0","75 03:14.017","3","0","0","0","67301","1","0","0","N","1","0","0","1","67301","0","","2.0","","9","N","N","N","0","","1","0","1","0","0","","","2","1","0","0","0","0","0","2","0","1","","07","","N","","","","","","","","","",""
"2020062113","1344","3","0","0","0","0","0","0","0","0","1","0","","67","8","2020","3","40.047227","-75.059023","1339","6","0","0","0","0","0","1","1","0","","0","0","0","","","1","Y","0","","40 02:50.018","","0","75 03:32.484","3","0","0","0","67301","0","0","0","N","0","0","0","4","67301","0","","1.0","","9","N","N","N","0","","1","0","0","3","2","","","4","1","0","0","0","0","0","2","1","4","","","","N","","","","","","","","","",""
"2020108550","1253","1","0","0","0","0","0","0","0","0","1","1","35","67","12","2020","1","39.909222","-75.153083","1252","6","0","0","0","0","0","0","0","0","","0","1","0","","","1","N","0","","39 54:33.200","3","3","75 09:11.100","3","0","0","0","67301","0","0","0","N","0","0","0","3","67501","0","","1.0","1357.0","1","N","N","N","1","","1","0","0","3","1","N","","3","1","0","0","0","0","0","2","0","3","","03","N","Y","8","1","","","N","Y","","","","N"
"2020058916","1600","1","0","0","0","0","0","0","0","0","4","0","","67","7","2020","7","39.993079","-75.147887","1553","6","0","0","0","0","0","1","0","0","","0","0","0","","","0","","1","","39 59:35.083","","0","75 08:52.393","0","0","0","0","67301","0","0","0","N","0","0","0","4","67301","0","","1.0","","1","N","N","N","0","","0","0","0","3","2","","","2","0","0","0","0","0","0","2","1","2","","03","","N","","","","","","","","","",""
"2020108563","0130","1","2","0","0","0","0","0","0","0","1","0","","67","12","2020","1","40.030115","-75.087172","0124","6","0","0","0","0","0","0","0","0","","2","0","0","","","0","N","0","","40 01:48.413","1","0","75 05:13.818","1","0","0","0","67301","0","0","0","N","0","0","0","2","67301","0","2","1.0","530.0","1","N","N","N","0","0","0","0","1","0","0","N","","2","0","0","0","0","0","0","2","0","2","","04","","N","","","","","","","","","",""
"2020059517","2050","1","0","0","0","0","0","0","0","0","4","0","","67","7","2020","1","40.003231","-75.2221","2050","6","0","0","0","0","0","0","0","0","","0","0","0","","","4","N","0","","40 00:11.632","","7","75 13:19.559","3","0","0","0","67301","0","0","0","N","0","0","0","5","67301","3","","1.0","","1","N","N","N","0","","1","0","1","","0","","","2","4","0","0","0","0","0","2","0","2","","03","","N","","","","","","","","","",""
"2020110362","1032","0","0","0","0","0","0","0","0","0","8","0","","67","12","2020","7","40.030798","-75.226768","1032","6","0","0","0","0","0","0","0","0","","0","0","0","","","1","","1","","40 01:50.872","","0","75 13:36.364","8","0","0","0","67301","1","0","0","N","1","0","0","1","67301","0","","1.0","","6","N","N","N","0","","0","0","0","","3","","","2","1","0","0","0","1","0","2","0","1","","10","","N","","","","","","","","","",""
"2020060580","1745","2","0","0","0","0","0","0","0","0","1","0","","67","7","2020","3","40.024566","-75.16616","1745","6","0","0","0","0","0","0","1","0","","0","0","0","","","1","","2","","40 01:28.437","","0","75 09:58.176","3","0","0","0","67301","0","0","0","N","0","0","0","3","67301","0","","1.0","","1","N","N","Y","0","","1","0","1","","2","","","3","1","0","0","0","0","0","2","0","3","","03","","N","","","","","","","","","",""
"2020105976","0330","2","1","1","0","0","0","0","0","0","2","0","","67","11","2020","6","39.886408","-75.21325","0320","6","0","0","0","0","0","0","0","1","","1","0","0","","","1","N","0","","39 53:11.070","2","0","75 12:47.701","1","0","0","0","67301","0","0","0","N","0","0","0","2","68K01","0","1","1.0","628.0","1","N","N","N","0","0","0","1","0","","0","N","","2","1","0","0","0","0","0","2","0","2","","03","","N","","","","","","","","","",""
"2020105500","0833","1","0","0","0","0","0","0","0","0","1","1","","67","11","2020","7","39.959151","-75.173061","0827","6","0","0","0","0","0","1","0","0","","0","1","0","","","2","N","0","","39 57:32.945","3","0","75 10:23.019","4","0","0","0","67301","0","0","0","N","0","0","0","2","68K01","1","","1.0","1000.0","1","N","N","N","0","","0","0","0","","0","N","","2","2","0","0","0","1","0","2","0","2","","","","N","","","","","","","","","",""
"2020106184","0108","1","0","0","0","0","0","0","0","0","4","0","25","67","12","2020","4","40.007173","-75.189172","0106","6","0","0","0","0","0","0","0","0","","0","0","0","","","1","N","0","","40 00:25.824","","0","75 11:21.018","3","0","0","0","67301","0","0","0","N","0","0","0","1","67301","0","","1.0","","1","N","N","N","0","","1","0","0","","0","","","2","1","0","0","0","0","0","2","0","2","","03","N","Y","2","1","N","N","N","N","N","N","Y","N"
"2020063439","1806","1","0","0","0","0","0","0","0","0","1","0","","67","8","2020","6","40.024488","-75.180339","1804","6","0","1","1","0","0","1","1","0","","0","0","0","","","2","Y","0","","40 01:28.157","5","0","75 10:49.220","3","0","0","0","67301","0","0","0","N","0","0","0","7","67301","0","","1.0","200.0","1","N","N","N","0","","1","0","3","","2","Y","","5","2","0","0","0","1","1","2","0","5","","","","N","","","","","","","","","",""
"2020060541","2152","2","0","0","0","0","0","0","0","0","0","0","","67","7","2020","3","39.956937","-75.22529","2151","6","0","0","0","0","0","0","0","0","","0","0","0","","","0","N","0","","39 57:24.973","4","0","75 13:31.043","9","0","0","0","67301","0","0","0","N","0","0","0","4","67301","0","","1.0","2300.0","1","N","N","N","0","","0","0","1","","0","Y","","3","0","4","0","0","0","4","2","0","3","","03","","N","","","","","","","","","",""
"2020065760","1527","1","0","1","0","0","0","0","0","0","4","0","","67","8","2020","7","39.929199","-75.241801","1518","6","0","0","0","0","0","1","0","0","","0","0","0","","","1","","2","","39 55:45.116","","0","75 14:30.482","2","0","0","0","67301","0","0","0","N","0","0","0","2","67301","0","","1.0","","1","N","N","Y","0","","0","1","1","","3","","","3","1","0","0","0","0","0","2","1","3","","03","","N","","","","","","","","","",""
"2020109316","1539","3","0","0","0","0","0","0","0","0","1","0","","67","12","2020","5","39.958962","-75.170504","1537","6","0","0","0","0","0","0","0","0","","0","0","0","","","1","N","0","","39 57:32.264","4","0","75 10:13.816","8","0","0","0","67301","0","0","0","N","0","0","0","6","68K01","0","","1.0","1620.0","1","N","N","N","0","","0","0","1","","0","N","","4","1","0","0","0","1","0","2","0","4","","","","N","","","","","","","","","",""
"2020064153","0306","2","0","0","0","0","0","0","0","0","5","0","","67","8","2020","5","39.945594","-75.153583","0305","6","0","0","0","0","0","0","0","0","","0","0","0","","","0","N","0","","39 56:44.140","4","0","75 09:12.900","0","0","0","0","67301","0","0","0","N","0","0","0","1","67301","0","","6.0","100.0","1","N","N","N","0","","0","0","0","","0","N","","2","0","0","0","0","0","0","2","0","2","","03","","N","","","","","","","","","",""
"2020063417","1400","0","0","0","0","0","0","0","0","0","8","0","","67","8","2020","6","39.950969","-75.152003","1356","6","0","0","0","0","0","0","0","0","","0","0","0","","","1","","1","","39 57:03.489","","0","75 09:07.210","4","0","0","0","67301","1","0","0","N","1","0","0","2","67301","1","","1.0","","1","N","N","N","1","","0","0","0","","2","","","2","1","0","0","0","0","0","2","0","1","","03","","N","","","","","","","","","",""
"2020063036","1920","2","0","0","0","0","0","0","0","0","4","0","","67","8","2020","4","39.991768","-75.138127","1909","6","0","0","0","1","0","1","0","0","","0","0","0","","","3","N","0","","39 59:30.365","","7","75 08:17.256","3","0","0","0","67301","0","0","0","N","0","0","0","5","67301","0","","1.0","","1","N","N","N","0","","1","0","0","","0","","","2","3","3","0","0","2","0","2","0","2","","03","","N","","","","","","","","","",""
"2020111026","1709","0","0","0","0","0","0","0","0","0","8","0","","67","12","2020","3","39.984681","-75.156494","1706","6","0","0","0","0","0","0","0","0","","0","0","0","","","1","","1","","39 59:04.850","","0","75 09:23.377","8","0","0","0","67301","1","0","0","N","1","0","0","2","67505","0","","1.0","","1","N","N","N","0","","0","0","1","","2","","","2","1","0","0","0","1","0","2","0","1","","03","","N","","","","","","","","","",""
"2020063298","2311","2","0","0","0","0","0","0","0","0","4","0","","67","8","2020","2","40.0145","-75.130639","2311","6","0","0","0","0","0","0","0","0","","0","0","0","","","2","N","0","","40 00:52.200","","7","75 07:50.300","3","0","0","0","67301","0","0","0","N","0","0","0","3","67301","0","","1.0","","1","N","N","N","0","","2","0","0","","0","","","2","2","0","0","0","0","0","2","0","2","","03","","N","","","","","","","","","",""
"2020073608","0156","0","0","0","0","0","0","0","0","0","7","0","","67","8","2020","3","39.960151","-75.180129","0156","6","0","0","0","0","0","0","0","0","","0","0","0","","","0","N","0","","39 57:36.544","4","3","75 10:48.463","0","0","0","0","67301","0","0","0","N","0","0","0","1","68K01","0","","4.0","210.0","9","N","N","Y","0","","0","0","1","","0","N","","1","0","0","0","0","0","0","2","0","1","","07","","N","","","","","","","","","",""
"2020063907","1212","1","0","0","0","0","0","0","0","0","7","0","","67","8","2020","3","39.995945","-75.082816","1212","6","0","0","0","1","0","0","0","0","","0","0","0","","","1","N","0","","39 59:45.401","1","0","75 04:58.138","8","0","0","0","67301","0","0","0","N","0","0","0","2","68K01","0","","4.0","1241.0","9","N","N","N","0","","0","0","0","","0","N","","1","1","1","0","0","1","0","2","0","1","","04","","N","","","","","","","","","",""
"2020106519","","1","0","0","0","0","0","0","0","0","1","0","","67","1","2020","6","39.985643","-75.093211","","6","0","0","0","0","0","0","0","0","","0","0","0","","","2","N","0","","39 59:08.313","","0","75 05:35.558","8","0","0","0","67301","0","0","0","N","0","0","0","3","00000","0","","1.0","","1","","","N","0","","0","0","1","","0","","","2","2","0","0","0","2","0","2","0","2","","","","N","","","","","","","","","",""
"2020062682","1850","1","0","0","0","0","0","0","0","0","4","0","","67","8","2020","4","40.058748","-74.995671","1845","6","0","0","0","0","0","0","0","0","","0","0","0","","","1","","1","","40 03:31.491","","0","74 59:44.414","8","0","0","0","67301","0","0","0","N","0","0","0","2","67301","0","","1.0","","1","N","N","N","0","","0","0","1","","0","","","2","1","0","0","0","1","0","2","0","2","","03","","N","","","","","","","","","",""
"2020063033","0030","1","0","0","0","0","0","0","0","0","7","0","","67","8","2020","5","39.968637","-75.233854","0025","6","0","0","0","0","0","0","0","0","","0","0","0","","","0","","1","","39 58:07.093","","0","75 14:01.874","0","0","0","0","67301","0","0","0","N","0","0","0","1","67301","0","","4.0","","1","N","N","N","0","","0","0","0","","2","","","2","0","1","0","0","0","0","2","0","1","","03","","N","","","","","","","","","",""
"2020058512","0541","2","0","0","0","0","0","0","0","0","4","0","","67","7","2020","6","39.998509","-75.129281","0541","6","0","0","0","0","0","0","0","0","","0","0","0","","","2","","1","","39 59:54.633","","0","75 07:45.412","3","0","0","0","67301","0","0","0","N","0","0","0","2","67301","0","","1.0","","9","N","N","N","0","","2","0","0","","2","","","2","2","0","0","0","0","0","2","0","2","","","","N","","","","","","","","","",""
"2020064028","1606","1","0","0","0","0","0","0","0","0","7","0","","67","7","2020","6","39.994173","-75.198788","1544","6","0","0","0","0","0","1","0","0","","0","0","0","","","1","N","0","","39 59:39.021","4","0","75 11:55.637","4","0","0","0","67301","0","0","0","N","0","0","0","1","68K01","1","","4.0","30.0","1","N","N","N","0","","0","0","0","","0","N","","1","1","0","0","0","0","0","2","0","1","","","","N","","","","","","","","","",""
"2020063424","2310","0","0","0","0","0","0","0","0","0","4","0","","67","8","2020","4","39.995464","-75.178917","2310","6","0","0","0","0","0","0","0","0","","0","0","0","","","3","","1","","39 59:43.671","","0","75 10:44.100","3","0","0","0","67301","0","0","0","N","0","0","0","4","67301","0","","1.0","","1","N","N","N","0","","3","0","2","","2","","","2","3","0","0","0","0","0","2","0","2","","03","","N","","","","","","","","","",""
"2020051576","1956","1","0","0","0","0","0","0","0","0","4","1","","67","7","2020","4","39.982107","-75.148438","1955","6","0","0","0","0","0","0","0","0","","0","1","0","","","0","","1","","39 58:55.585","","0","75 08:54.376","0","0","0","0","67301","0","0","0","N","0","0","0","3","67505","0","","1.0","","1","N","N","N","0","","0","0","0","","3","","","2","0","0","0","0","0","0","2","0","2","","03","","N","","","","","","","","","",""
"2020062691","0230","1","0","0","0","0","0","0","0","0","1","0","","67","8","2020","3","39.883694","-75.213144","0220","6","0","0","0","0","0","1","0","0","","0","0","0","","","0","N","0","","39 53:01.300","","0","75 12:47.320","9","0","0","0","67301","0","0","0","N","0","0","0","2","67301","0","","1.0","","9","N","N","N","0","","0","0","1","","0","","","2","0","0","0","0","0","1","2","0","2","","07","","N","","","","","","","","","",""
"2020108344","2144","1","0","0","0","0","0","0","0","0","1","0","","67","11","2020","1","39.966741","-75.135029","2137","6","0","0","0","0","0","0","0","0","","0","0","0","","","1","N","0","","39 58:00.267","2","0","75 08:06.103","4","0","0","0","67301","0","0","0","N","0","0","0","3","68K01","1","","1.0","2241.0","9","N","N","Y","0","","0","0","1","","0","N","","2","1","1","0","0","0","0","2","0","2","","","","N","","","","","","","","","",""
"2020107234","2247","1","0","0","0","0","0","0","0","0","2","0","","67","12","2020","6","40.024768","-75.091554","2246","6","0","0","0","0","0","0","0","0","","0","0","0","","","0","","1","","40 01:29.164","","0","75 05:29.593","0","0","0","0","67301","0","0","0","N","0","0","0","1","67301","0","","1.0","","1","N","N","N","0","","0","0","1","","3","","","2","0","0","0","0","0","0","2","0","2","","03","","N","","","","","","","","","",""
"2020061971","1358","2","0","0","0","0","0","0","0","0","4","0","","67","8","2020","7","39.924818","-75.228633","1354","6","0","0","0","0","0","1","0","0","","0","0","0","","","1","","2","","39 55:29.344","7","0","75 13:43.078","3","0","0","0","67301","0","0","0","N","0","0","0","3","67301","0","","1.0","100.0","1","N","N","N","0","","1","0","0","","3","Y","","2","1","0","0","0","0","0","2","0","2","","03","","N","","","","","","","","","",""
"2020061181","0016","2","0","0","0","0","0","0","0","0","1","0","","67","8","2020","7","40.062588","-75.17079","0013","6","0","0","0","0","0","0","0","0","","0","0","0","","","0","","1","","40 03:45.318","","0","75 10:14.844","0","0","0","0","67301","0","0","0","N","0","0","0","3","67301","0","","1.0","","1","N","N","N","0","","0","0","1","","2","","","3","0","2","0","0","0","0","2","0","3","","03","","N","","","","","","","","","",""
"2020060671","1259","0","0","0","0","0","0","0","0","0","6","0","","67","7","2020","5","40.044089","-75.069881","1255","6","0","0","0","0","0","0","0","0","","0","0","0","","","1","N","0","","40 02:38.720","","0","75 04:11.570","3","0","0","0","67301","0","0","0","N","0","0","0","2","67301","0","","1.0","","1","N","N","N","0","","1","0","3","","0","","","3","1","0","0","0","0","0","2","0","3","","03","","N","","","","","","","","","",""
"2020058425","0140","1","0","0","0","0","0","0","0","0","8","0","","67","7","2020","6","39.994111","-75.16125","0140","6","0","0","0","0","0","0","0","0","","0","0","0","","","1","N","0","","39 59:38.800","","0","75 09:40.500","4","0","0","0","67301","1","0","0","N","1","0","0","2","67301","1","","1.0","","9","N","N","N","0","","0","0","0","","0","","","2","1","0","0","0","0","0","2","0","1","","07","","N","","","","","","","","","",""
"2020059124","1447","2","0","0","0","0","0","0","0","0","4","0","","67","7","2020","1","40.052354","-75.131867","1447","6","0","0","0","0","1","0","0","0","","0","0","0","","","0","","1","","40 03:08.474","","0","75 07:54.721","9","0","0","0","67301","0","0","0","N","0","0","0","2","67301","0","","1.0","","1","N","N","N","0","","0","0","0","","3","","","2","0","0","0","0","0","1","2","0","2","","","","N","","","","","","","","","",""
"2020063893","0415","2","0","0","0","0","0","0","0","0","5","0","","67","7","2020","1","39.989647","-75.205896","0412","6","0","0","0","0","0","0","0","0","","0","0","0","","","0","N","0","","39 59:22.728","","0","75 12:21.224","9","0","0","0","67301","0","0","0","N","0","0","0","1","68K01","0","","2.0","","1","N","N","N","0","","0","0","0","","0","","","2","0","0","0","0","0","1","2","0","2","","","","N","","","","","","","","","",""
"2020061345","2315","1","0","0","0","0","0","0","0","0","4","0","","67","8","2020","7","40.037823","-75.057406","2315","6","0","0","0","0","0","1","0","0","","0","0","0","","","0","","1","","40 02:16.162","","0","75 03:26.661","0","0","0","0","67301","0","0","0","N","0","0","0","2","67301","0","","1.0","","1","N","N","N","0","","0","0","0","","3","","","2","0","0","0","0","0","0","2","0","2","","03","","N","","","","","","","","","",""
"2020060673","1508","1","0","0","0","0","0","0","0","0","4","0","","67","7","2020","5","39.912891","-75.231996","1508","6","0","0","0","1","0","0","0","0","","0","0","0","","","1","","1","","39 54:46.407","","0","75 13:55.185","3","0","0","0","67301","0","0","0","N","0","0","0","2","67301","0","","1.0","","1","N","N","N","0","","1","0","1","","3","","","2","1","1","0","0","0","0","2","0","2","","03","","N","","","","","","","","","",""
"2020064072","1600","1","0","0","0","0","0","0","0","0","1","0","45","67","8","2020","5","40.010555","-75.06245","1539","6","0","0","0","0","0","0","0","0","","0","0","0","","","1","N","0","","40 00:37.999","","0","75 03:44.820","8","0","0","0","67301","0","0","0","N","0","0","0","4","68K01","0","","1.0","","1","N","N","N","0","","0","0","0","","0","","","2","1","0","0","0","1","0","2","1","2","","","N","Y","4","1","","","N","","","","Y","N"
"2020062679","0702","0","0","0","1","0","0","0","0","0","4","0","","67","8","2020","2","40.039865","-75.0275","0656","6","0","0","0","0","0","1","0","0","","0","0","0","","","1","N","0","","40 02:23.515","7","0","75 01:39.001","3","0","0","0","67301","1","0","0","N","0","0","0","2","67301","0","","1.0","804.0","1","N","N","N","0","","1","0","1","","0","Y","","2","1","1","0","0","0","0","2","0","1","","03","","N","","","","","","","","","",""
"2020060872","1241","2","0","0","0","0","0","0","0","0","5","0","","67","7","2020","4","40.060675","-75.148353","1241","6","0","0","0","1","0","0","0","0","","0","0","0","","","1","N","0","","40 03:38.430","","0","75 08:54.070","3","0","0","0","67301","0","0","0","N","0","0","0","2","67301","0","","6.0","","1","N","N","N","0","","1","0","0","","0","","","3","1","0","0","0","0","0","2","1","3","","03","","N","","","","","","","","","",""
"2020101808","1930","1","0","0","0","0","0","0","0","0","4","0","","67","11","2020","5","39.951249","-75.199138","1928","6","0","0","0","0","0","0","0","0","","0","0","0","","","0","N","2","","39 57:04.496","","0","75 11:56.898","0","0","0","0","67301","0","0","0","N","0","0","0","2","67504","0","","1.0","","1","N","N","N","0","","0","0","1","","2","","","2","0","0","0","0","0","0","2","0","2","","03","","N","","","","","","","","","",""
"2020064888","1115","2","0","0","0","0","0","0","0","0","1","1","","67","8","2020","7","39.978164","-75.202234","1115","6","0","0","0","0","0","0","0","0","","0","1","0","","","0","N","0","","39 58:41.391","3","0","75 12:08.041","9","0","0","0","67301","0","0","0","N","0","0","0","3","68K01","0","","1.0","1120.0","1","N","N","N","0","","0","0","0","","0","N","","3","0","0","0","0","0","2","2","0","3","","03","","N","","","","","","","","","",""
"2020061711","1019","3","0","0","0","0","0","0","0","0","1","0","","67","8","2020","1","40.000631","-75.132891","1015","6","0","0","0","0","0","1","0","0","","0","0","0","","","1","","1","","40 00:02.271","","0","75 07:58.407","3","0","0","0","67301","0","0","0","N","0","0","0","2","67301","0","","1.0","","1","N","N","N","0","","1","0","1","","2","","","6","1","1","0","0","0","0","2","2","6","","04","","N","","","","","","","","","",""
"2020063614","0042","4","0","0","0","0","0","0","0","0","1","0","40","67","8","2020","1","39.973172","-75.120858","0037","6","0","0","0","1","0","0","0","0","","0","0","0","","","0","N","0","","39 58:23.419","2","0","75 07:15.090","0","0","0","0","67301","0","0","0","N","0","0","0","6","68K01","0","","1.0","100.0","1","N","N","N","0","","0","0","0","","0","N","","4","0","0","0","0","0","0","2","0","4","","","N","Y","4","1","","","N","Y","","Y","Y","N"
"2020061295","0020","1","0","0","0","0","0","0","0","0","2","0","","67","7","2020","6","40.014917","-75.12975","0015","6","0","0","0","0","0","0","0","0","","0","0","0","","","3","N","0","","40 00:53.700","5","0","75 07:47.100","3","0","0","0","67301","0","0","0","N","0","0","0","3","67301","1","","1.0","200.0","1","N","N","N","0","","2","0","1","","0","Y","","2","3","0","0","0","0","0","2","0","2","","03","","N","","","","","","","","","",""