"CRN","ARRIVAL_TM","AUTOMOBILE_COUNT","BELTED_DEATH_COUNT","BELTED_SUSP_SERIOUS_INJ_COUNT","BICYCLE_COUNT","BICYCLE_DEATH_COUNT","BICYCLE_SUSP_SERIOUS_INJ_COUNT","BUS_COUNT","CHLDPAS_DEATH_COUNT","CHLDPAS_SUSP_SERIOUS_INJ_COUNT","COLLISION_TYPE","COMM_VEH_COUNT","CONS_ZONE_SPD_LIM","COUNTY","CRASH_MONTH","CRASH_YEAR","DAY_OF_WEEK","DEC_LATITUDE","DEC_LONGITUDE","DISPATCH_TM","DISTRICT","DRIVER_COUNT_16YR","DRIVER_COUNT_17YR","DRIVER_COUNT_18YR","DRIVER_COUNT_19YR","DRIVER_COUNT_20YR","DRIVER_COUNT_50_64YR","DRIVER_COUNT_65_74YR","DRIVER_COUNT_75PLUS","EST_HRS_CLOSED","FATAL_COUNT","HEAVY_TRUCK_COUNT","HORSE_BUGGY_COUNT","HOUR_OF_DAY","ILLUMINATION","INJURY_COUNT","INTERSECTION_RELATED","INTERSECT_TYPE","LANE_CLOSED","LATITUDE","LN_CLOSE_DIR","LOCATION_TYPE","LONGITUDE","MAX_SEVERITY_LEVEL","MCYCLE_DEATH_COUNT","MCYCLE_SUSP_SERIOUS_INJ_COUNT","MOTORCYCLE_COUNT","MUNICIPALITY","NONMOTR_COUNT","NONMOTR_DEATH_COUNT","NONMOTR_SUSP_SERIOUS_INJ_COUNT","NTFY_HIWY_MAINT","PED_COUNT","PED_DEATH_COUNT","PED_SUSP_SERIOUS_INJ_COUNT","PERSON_COUNT","POLICE_AGCY","POSSIBLE_INJ_COUNT","RDWY_SURF_TYPE_CD","RELATION_TO_ROAD","ROADWAY_CLEARED","ROAD_CONDITION","SCH_BUS_IND","SCH_ZONE_IND","SECONDARY_CRASH","SMALL_TRUCK_COUNT","SPEC_JURIS_CD","SUSP_MINOR_INJ_COUNT","SUSP_SERIOUS_INJ_COUNT","SUV_COUNT","TCD_FUNC_CD","TCD_TYPE","TFC_DETOUR_IND","TIME_OF_DAY","TOTAL_UNITS","TOT_INJ_COUNT","UNBELTED_OCC_COUNT","UNB_DEATH_COUNT","UNB_SUSP_SERIOUS_INJ_COUNT","UNK_INJ_DEG_COUNT","UNK_INJ_PER_COUNT","URBAN_RURAL","VAN_COUNT","VEHICLE_COUNT","WEATHER1","WEATHER2","WORKERS_PRES","WORK_ZONE_IND","WORK_ZONE_LOC","WORK_ZONE_TYPE","WZ_CLOSE_DETOUR","WZ_FLAGGER","WZ_LAW_OFFCR_IND","WZ_LN_CLOSURE","WZ_MOVING","WZ_OTHER","WZ_SHLDER_MDN","WZ_WORKERS_INJ_KILLED"
"2020104851","1510","2","0","0","0","0","0","0","0","0","5","0","","67","12","2020","4","39.982472","-75.20769","1508","6","0","0","0","0","0","0","0","0","","0","0","0","","","0","N","0","","39 58:56.900","4","0","75 12:27.685","9","0","0","0","67301","0","0","0","N","0","0","0","2","68K01","0","","1.0","30.0","1","N","N","N","0","","0","0","0","","0","N","","2","0","0","0","0","0","1","2","0","2","","","","N","","","","","","","","","",""
"2020109622","1534","2","0","0","0","0","0","0","0","0","1","1","","67","12","2020","4","39.929261","-75.14629","1518","6","0","0","0","0","0","0","0","0","","0","1","0","","","0","N","0","","39 55:45.341","2","0","75 08:46.643","0","0","0","0","67301","0","0","0","N","0","0","0","3","68K01","0","","1.0","1622.0","7","N","N","N","0","","0","0","0","","0","N","","3","0","0","0","0","0","0","2","0","3","","10","","N","","","","","","","","","",""
"2020060548","1350","1","0","0","0","0","0","0","0","0","1","0","","67","7","2020","3","39.977252","-75.189686","1345","6","0","0","0","0","0","0","0","0","","0","0","0","","","0","N","0","","39 58:38.108","","3","75 11:22.870","9","0","0","0","67301","0","0","0","N","0","0","0","5","67301","0","","1.0","","1","N","N","N","0","","0","0","2","","0","","","4","0","0","0","0","0","1","2","0","4","","","","N","","","","","","","","","",""
"2020110402","2103","1","0","0","0","0","0","0","0","0","7","0","","67","12","2020","6","40.019865","-75.160668","2101","6","0","0","0","0","0","0","0","0","","0","0","0","","","1","N","0","","40 01:11.515","5","0","75 09:38.403","8","0","0","0","67301","0","0","0","N","0","0","0","1","67301","0","","2.0","2258.0","9","N","N","N","0","","0","0","0","","0","Y","","1","1","0","0","0","1","0","2","0","1","","","","N","","","","","","","","","",""
"2020060231","1302","2","0","0","0","0","0","0","0","0","5","0","","67","7","2020","2","39.900433","-75.157188","1256","6","0","0","0","0","0","1","1","0","","0","0","0","","","0","N","0","","39 54:01.560","2","3","75 09:25.877","0","0","0","0","67301","0","0","0","N","0","0","0","2","68K01","0","","1.0","1345.0","1","N","N","Y","0","","0","0","0","","0","N","","2","0","0","0","0","0","0","2","0","2","","03","","N","","","","","","","","","",""
"2020060508","0054","1","0","0","0","0","0","0","0","0","7","0","","67","7","2020","4","40.037861","-75.073028","0050","6","0","0","0","0","0","0","0","0","","0","0","0","","","1","N","0","","40 02:16.300","","0","75 04:22.900","3","0","0","0","67301","0","0","0","N","0","0","0","1","67301","0","","4.0","","1","N","N","N","0","","1","0","0","","0","","","1","1","0","0","0","0","0","2","0","1","","03","","N","","","","","","","","","",""
"2020110806","","1","0","0","0","0","0","0","0","0","4","0","","67","1","2020","3","39.95762","-75.145687","","6","0","0","0","0","0","2","0","0","","0","0","0","","","1","","1","","39 57:27.432","","0","75 08:44.473","8","0","0","0","67301","0","0","0","N","0","0","0","2","00000","0","","1.0","","1","","","N","0","","0","0","0","","2","","","2","1","0","0","0","1","0","2","0","2","","","","N","","","","","","","","","",""
"2020063422","1432","1","0","0","0","0","0","0","0","0","1","0","","67","7","2020","5","39.971386","-75.226089","1428","6","0","0","0","0","0","0","0","0","","0","0","0","","","1","Y","0","","39 58:16.990","","0","75 13:33.920","3","0","0","0","67301","0","0","0","N","0","0","0","2","67301","0","","1.0","","1","N","N","N","0","","1","0","1","","2","","","4","1","0","0","0","0","0","2","1","4","","03","","N","","","","","","","","","",""
"2020060528","1646","0","0","0","0","0","0","0","0","0","4","0","","67","7","2020","4","39.919569","-75.24022","1646","6","0","0","0","0","0","1","0","0","","0","0","0","","","1","","1","","39 55:10.448","","0","75 14:24.792","3","0","0","0","67301","0","0","0","N","0","0","0","2","67301","0","","1.0","","1","N","N","N","0","","1","0","2","","2","","","2","1","0","0","0","0","0","2","0","2","","03","","N","","","","","","","","","",""
"2020063302","0223","1","0","0","0","0","0","0","0","0","5","0","","67","8","2020","6","40.006361","-75.145717","0218","6","0","0","0","0","0","0","0","0","","0","0","0","","","1","N","0","","40 00:22.900","2","0","75 08:44.580","2","0","0","2","67301","0","0","0","N","0","0","0","1","67301","0","","6.0","500.0","1","N","N","N","1","","0","1","1","","0","N","","6","1","0","0","0","0","0","2","0","5","","04","","N","","","","","","","","","",""
"2020108401","1708","2","0","0","0","0","0","0","0","0","1","0","","67","12","2020","3","39.928623","-75.196708","1705","6","0","0","0","0","0","0","0","0","","0","0","0","","","1","N","0","","39 55:43.042","","0","75 11:48.148","3","0","0","0","67301","0","0","0","N","0","0","0","2","68K01","0","","1.0","","1","N","N","N","0","","1","0","0","","0","","","2","1","0","0","0","0","0","2","0","2","","","","N","","","","","","","","","",""
"2020063664","1819","1","0","0","1","0","0","0","0","0","8","0","","67","8","2020","7","39.943372","-75.232331","1817","6","0","0","0","0","0","0","0","0","","0","0","0","","","1","","1","","39 56:36.138","2","0","75 13:56.392","3","0","0","0","67301","1","0","0","N","0","0","0","2","67301","0","","1.0","1840.0","1","N","N","N","0","","1","0","0","","2","Y","","2","1","0","0","0","0","0","2","0","1","","03","","N","","","","","","","","","",""
"2020066308","0002","0","0","0","0","0","0","0","0","0","7","0","","67","8","2020","1","39.898789","-75.172756","2334","6","0","0","0","0","0","0","0","0","","0","0","0","","","1","N","0","","39 53:55.642","","0","75 10:21.921","3","0","0","0","67301","0","0","0","N","0","0","0","2","68K01","0","","4.0","","1","N","N","N","0","","1","0","1","","0","","","1","1","0","0","0","0","0","2","0","1","","","","N","","","","","","","","","",""
"2020061340","1036","1","0","0","0","0","0","0","0","0","5","0","","67","7","2020","6","40.028395","-75.205354","1031","6","0","0","0","0","0","1","0","0","","0","0","0","","","1","N","0","","40 01:42.222","","0","75 12:19.273","3","0","0","0","67301","0","0","0","N","0","0","0","2","67301","0","","1.0","","9","N","N","N","0","","1","0","1","","0","","","2","1","0","0","0","0","0","2","0","2","","07","","N","","","","","","","","","",""
"2020060530","0020","1","0","0","0","0","0","0","0","0","1","0","","67","7","2020","6","40.027804","-75.098648","0015","6","0","1","0","0","0","0","0","0","","0","0","0","","","0","","1","","40 01:40.095","","0","75 05:55.134","0","0","0","0","67301","0","0","0","N","0","0","0","3","67301","0","","1.0","","1","N","N","N","0","","0","0","2","","2","","","3","0","1","0","0","0","0","2","0","3","","03","","N","","","","","","","","","",""
"2020110360","1535","1","0","0","0","0","0","0","0","0","2","0","","67","12","2020","5","40.045516","-75.088316","1525","6","0","0","0","0","0","0","0","0","","0","0","0","","","1","","3","","40 02:43.859","","0","75 05:17.937","3","0","0","0","67301","0","0","0","N","0","0","0","2","67301","0","","1.0","","2","N","N","N","1","","1","0","0","","0","","","2","1","0","0","0","0","0","2","0","2","","06","","N","","","","","","","","","",""
"2020061000","0154","1","0","0","0","0","0","0","0","0","4","0","","67","8","2020","7","39.973809","-75.15349","0153","6","0","0","0","0","0","0","0","0","","0","0","0","","","3","","1","","39 58:25.712","","0","75 09:12.563","4","0","0","0","67301","0","0","0","N","0","0","0","4","67505","2","","1.0","","1","N","N","N","0","","0","0","1","","3","","","2","3","0","0","0","1","1","2","0","2","","03","","N","","","","","","","","","",""
"2020110385","0705","1","0","0","0","0","0","0","0","0","4","1","","67","12","2020","6","40.010232","-75.098089","0641","6","0","0","0","0","0","0","0","0","","0","1","0","","","1","","1","","40 00:36.834","2","0","75 05:53.119","3","0","0","0","67301","0","0","0","N","0","0","0","2","67301","0","","1.0","800.0","6","N","N","N","0","","1","0","0","","2","Y","","2","1","0","0","0","0","0","2","0","2","","98","","N","","","","","","","","","",""
"2020109322","0824","0","0","0","0","0","0","0","0","0","7","1","45","67","12","2020","6","40.011725","-75.060741","0811","6","0","0","0","0","0","0","0","0","","0","1","0","","","2","N","0","","40 00:42.210","1","0","75 03:38.666","3","0","0","0","67301","0","0","0","Y","0","0","0","2","68K01","0","","4.0","1000.0","1","N","N","N","0","","2","0","0","","0","N","","1","2","0","0","0","0","0","2","0","1","","","Y","Y","4","1","N","N","N","N","N","Y","N","N"
"2020106635","1609","0","0","0","0","0","0","0","0","0","8","0","","67","12","2020","4","40.053186","-75.156686","1608","6","0","0","0","0","0","0","1","0","","0","0","0","","","1","","1","","40 03:11.469","","0","75 09:24.070","3","0","0","0","67301","1","0","0","N","1","0","0","2","67301","0","","1.0","","1","N","N","N","0","","1","0","1","","3","","","2","1","1","0","0","0","0","2","0","1","","03","","N","","","","","","","","","",""
"2020063032","0952","0","0","0","0","0","0","0","0","0","1","0","","67","7","2020","6","39.971834","-75.211924","0951","6","0","0","0","0","0","1","0","0","","0","0","0","","","4","Y","0","","39 58:18.602","2","0","75 12:42.927","4","0","0","0","67301","0","0","0","N","0","0","0","5","67301","4","","1.0","100.0","9","N","N","N","1","","0","0","1","","2","N","","2","4","0","0","0","0","0","2","0","2","","07","","N","","","","","","","","","",""
"2020064212","1530","1","0","0","0","0","0","0","0","0","7","0","35","67","8","2020","5","39.91225","-75.171833","1530","6","0","0","0","0","0","0","0","0","","0","0","0","","","0","N","0","","39 54:44.100","","3","75 10:18.600","0","0","0","0","67301","0","0","0","N","0","0","0","1","67501","0","","1.0","","1","N","N","N","0","","0","0","0","","8","","","1","0","0","0","0","0","0","2","0","1","","03","U","Y","4","1","Y","","N","Y","","","Y","N"
"2020060571","1930","1","0","0","0","0","0","0","0","0","4","0","","67","7","2020","3","39.964537","-75.134391","1926","6","0","0","0","0","0","0","0","0","","0","0","0","","","0","","1","","39 57:52.333","","0","75 08:03.809","0","0","0","0","67301","0","0","0","N","0","0","0","3","67301","0","","1.0","","1","N","N","N","0","","0","0","1","","2","","","2","0","0","0","0","0","0","2","0","2","","","","N","","","","","","","","","",""
"2020061515","2024","2","0","0","0","0","0","0","0","0","4","0","","67","8","2020","1","40.052978","-75.136681","2024","6","0","0","0","1","0","0","0","0","","0","0","0","","","0","","1","","40 03:10.720","","0","75 08:12.051","0","0","0","0","67301","0","0","0","N","0","0","0","2","67301","0","","1.0","","99","N","N","N","0","","0","0","0","","2","","","2","0","0","0","0","0","0","2","0","2","","","","N","","","","","","","","","",""
"2020062121","1310","2","0","0","0","0","0","0","0","0","1","0","","67","8","2020","3","40.058898","-75.138522","1305","6","0","0","0","0","0","0","0","0","","0","0","0","","","4","N","0","","40 03:32.031","","0","75 08:18.679","3","0","0","0","67301","0","0","0","N","0","0","0","4","67301","0","","1.0","","9","N","N","N","0","","4","0","0","","0","","","2","4","0","0","0","0","0","2","0","2","","07","","N","","","","","","","","","",""
"2020062709","1943","4","0","0","0","0","0","0","0","0","4","0","","67","8","2020","1","39.999691","-75.120817","1925","6","0","0","0","0","0","0","0","0","","0","0","0","","","0","","2","","39 59:58.887","1","0","75 07:14.941","0","0","0","0","67301","0","0","0","N","0","0","0","6","67301","0","","1.0","1807.0","1","N","N","Y","0","","0","0","0","","3","Y","","5","0","3","0","0","0","0","2","0","5","","","","N","","","","","","","","","",""
"2020106645","1216","2","0","0","0","0","0","0","0","0","4","0","","67","11","2020","6","40.005748","-75.099049","1212","6","0","0","0","0","0","1","0","0","","1","0","0","","","1","N","1","","40 00:20.692","","0","75 05:56.577","1","0","0","0","67301","0","0","0","N","0","0","0","2","67301","0","2","1.0","","1","N","N","N","0","0","0","1","0","","2","","","2","1","0","0","0","0","0","2","0","2","","03","","N","","","","","","","","","",""
"2020061972","1035","1","0","0","1","0","0","0","0","0","8","0","","67","7","2020","2","39.941797","-75.174104","1035","6","0","0","0","0","0","0","0","0","","0","0","0","","","1","","1","","39 56:30.469","","0","75 10:26.774","3","0","0","0","67301","1","0","0","N","0","0","0","2","67301","0","","1.0","","99","N","N","N","0","","1","0","0","","3","","","2","1","0","0","0","0","1","2","0","1","","","","N","","","","","","","","","",""
"2020060979","0229","1","0","0","0","0","0","0","0","0","5","0","","67","7","2020","5","39.964423","-75.204378","0201","6","0","0","0","0","0","0","0","0","","0","0","0","","","2","N","0","","39 57:51.923","","0","75 12:15.760","3","0","0","0","67301","0","0","0","N","0","0","0","3","67301","0","","1.0","","1","N","N","N","0","","2","0","1","","0","","","2","2","0","0","0","0","0","2","0","2","","","","N","","","","","","","","","",""
"2020058617","1500","0","0","0","0","0","0","0","0","0","4","0","","67","7","2020","6","40.068876","-75.165834","1450","6","0","0","0","0","0","0","1","0","","0","0","0","","","1","","1","","40 04:07.952","","0","75 09:57.001","4","0","0","0","67301","0","0","0","N","0","0","0","2","67301","1","","1.0","","9","N","N","N","0","","0","0","1","","3","","","2","1","0","0","0","0","0","2","0","2","","07","","N","","","","","","","","","",""
"2020058850","0215","2","0","0","0","0","0","0","0","0","4","0","","67","7","2020","7","40.015873","-75.153841","0208","6","0","0","0","0","0","0","0","0","","0","0","0","","","0","","1","","40 00:57.144","","0","75 09:13.828","0","0","0","0","67301","0","0","0","N","0","0","0","2","67301","0","","1.0","","1","N","N","N","0","","0","0","0","","2","","","2","0","0","0","0","0","0","2","0","2","","98","","N","","","","","","","","","",""
"2020058851","1400","1","0","0","0","0","0","0","0","0","4","0","","67","7","2020","7","40.005097","-75.155465","1350","6","0","0","0","0","0","0","0","0","","0","0","0","","","2","","1","","40 00:18.349","1","0","75 09:19.673","2","0","0","0","67301","0","0","0","N","0","0","0","3","67301","0","","1.0","1520.0","1","N","N","N","0","","1","1","0","","3","Y","","2","2","0","0","0","0","0","2","0","2","","","","N","","","","","","","","","",""
"2020104776","2250","0","0","0","0","0","0","1","0","0","4","1","","67","11","2020","1","39.979851","-75.142873","2235","6","0","0","0","0","0","0","0","0","","0","0","0","","","5","","1","","39 58:47.465","","0","75 08:34.342","4","0","0","0","67301","0","0","0","N","0","0","0","6","67508","5","","1.0","","1","N","N","Y","1","","0","0","0","","2","","","2","5","0","0","0","0","0","2","0","2","","03","","N","","","","","","","","","",""
"2020060221","2352","2","0","0","0","0","0","0","0","0","1","0","","67","7","2020","7","39.929376","-75.146045","2346","6","0","0","1","1","0","0","0","0","","0","0","0","","","0","N","0","","39 55:45.754","","0","75 08:45.761","0","0","0","0","67301","0","0","0","N","0","0","0","8","68K01","0","","1.0","","1","N","N","N","0","","0","0","1","","0","","","3","0","0","0","0","0","0","2","0","3","","03","","N","","","","","","","","","",""
"2020058752","1520","0","0","0","0","0","0","0","0","0","7","0","99","67","7","2020","7","","","1518","6","0","0","0","0","0","1","0","0","","0","0","0","","","0","N","0","","","3","3","","0","0","0","0","67301","0","0","0","N","0","0","0","1","67501","0","","1.0","1538.0","1","N","N","N","0","","0","0","1","","0","N","","1","0","0","0","0","0","0","1","0","1","","03","U","Y","4","1","","","U","Y","","","","N"
"2020105503","0817","1","0","0","0","0","0","0","0","0","1","0","","67","11","2020","1","39.957832","-75.162216","0814","6","0","0","0","0","0","1","0","0","","0","0","0","","","1","N","0","","39 57:28.195","","0","75 09:43.977","3","0","0","0","67301","0","0","0","N","0","0","0","5","68K01","0","","1.0","","1","N","N","N","0","","1","0","1","","0","","","3","1","0","0","0","0","1","2","0","3","","","","N","","","","","","","","","",""
"2020061256","0852","0","0","0","1","0","0","0","0","0","8","0","","67","7","2020","3","40.068294","-75.005484","0847","6","0","0","0","0","0","1","0","0","","0","0","0","","","1","N","0","","40 04:05.857","","7","75 00:19.744","3","0","0","0","67301","1","0","0","N","0","0","0","2","67301","0","","1.0","","1","N","N","N","0","","1","0","1","","0","","","2","1","0","0","0","0","0","2","0","1","","03","","N","","","","","","","","","",""
"2020061874","2131","1","0","0","0","0","0","0","0","0","4","0","","67","7","2020","6","39.917242","-75.174594","2129","6","0","0","0","0","0","1","0","0","","0","0","0","","","3","","1","","39 55:02.070","7","0","75 10:28.540","3","0","0","0","67301","0","0","0","N","0","0","0","6","67301","0","","1.0","100.0","1","N","N","N","0","","3","0","1","","2","Y","","2","3","0","0","0","0","0","2","0","2","","03","","N","","","","","","","","","",""
"2020060682","1450","0","0","0","0","0","0","0","0","0","4","0","","67","7","2020","5","39.971553","-75.160283","1445","6","0","0","0","0","0","0","1","0","","0","0","0","","","0","","1","","39 58:17.590","1","0","75 09:37.018","9","0","0","0","67301","0","0","0","N","0","0","0","3","67301","0","","1.0","1630.0","1","N","N","N","1","","0","0","0","","3","N","","2","0","0","0","0","0","1","2","0","2","","","","N","","","","","","","","","",""
"2020060573","0555","2","0","0","0","0","0","0","0","0","4","0","","67","7","2020","2","40.03694","-75.145084","0552","6","0","0","0","0","0","1","0","0","","0","0","0","","","0","","2","","40 02:12.984","","0","75 08:42.301","0","0","0","0","67301","0","0","0","N","0","0","0","3","67301","0","","1.0","","1","N","N","N","0","","0","0","1","","2","","","3","0","2","0","0","0","0","2","0","3","","03","","N","","","","","","","","","",""
"2020073596","0334","0","0","0","0","0","0","0","0","0","7","0","","67","7","2020","6","39.997556","-75.081528","0318","6","0","0","0","0","0","0","0","0","","0","0","0","","","0","","7","","39 59:51.200","","2","75 04:53.500","0","0","0","0","67301","0","0","0","N","0","0","0","1","68K01","0","","7.0","","9","N","N","N","0","","0","0","1","","0","","","1","0","0","0","0","0","0","2","0","1","","07","","N","","","","","","","","","",""
"2020060504","1537","0","0","0","0","0","0","0","0","0","1","0","","67","7","2020","7","40.046284","-75.057395","1530","6","0","0","0","0","0","0","0","0","","0","0","0","","","1","N","0","","40 02:46.623","","0","75 03:26.622","8","0","0","0","67301","0","0","0","N","0","0","0","4","67301","0","","1.0","","1","N","N","N","0","","0","0","1","","0","","","2","1","0","0","0","1","0","2","0","2","","03","","N","","","","","","","","","",""
"2020061516","2231","2","0","0","0","0","0","0","0","0","2","0","","67","7","2020","5","40.00096","-75.190502","2226","6","0","0","0","0","0","0","0","0","","0","0","0","","","2","N","0","","40 00:03.456","5","0","75 11:25.808","2","0","0","0","67301","0","0","0","N","0","0","0","2","67301","0","","1.0","2355.0","99","N","N","N","0","","1","1","0","","0","Y","","2","2","0","0","0","0","0","2","0","2","","04","","N","","","","","","","","","",""
"2020060536","0040","1","0","0","0","0","0","0","0","0","4","0","","67","7","2020","3","40.01752","-75.065135","0037","6","0","0","0","0","0","1","0","0","","0","0","0","","","1","","1","","40 01:03.072","","0","75 03:54.486","4","0","0","0","67301","0","0","0","N","0","0","0","2","67301","1","","1.0","","1","N","N","N","0","","0","0","1","","2","","","2","1","0","0","0","0","0","2","0","2","","03","","N","","","","","","","","","",""
"2020106648","1345","0","0","0","0","0","0","0","0","0","8","0","","67","11","2020","2","40.037894","-75.123631","1332","6","0","0","0","0","0","0","0","0","","0","0","0","","","1","N","0","","40 02:16.420","","99","75 07:25.070","8","0","0","0","67301","1","0","0","N","1","0","0","1","67301","0","","1.0","","1","N","N","N","0","","0","0","0","","9","","","2","1","0","0","0","1","0","2","0","1","","03","","N","","","","","","","","","",""
"2020060560","1732","2","0","0","0","0","0","0","0","0","4","0","","67","7","2020","4","39.995431","-75.105521","1728","6","0","0","0","0","0","1","0","0","","0","0","0","","","3","","1","","39 59:43.551","2","0","75 06:19.875","3","0","0","0","67301","0","0","0","N","0","0","0","4","67301","1","","1.0","1900.0","1","N","N","Y","0","","2","0","0","","2","Y","","3","3","0","0","0","0","0","2","1","3","","03","","N","","","","","","","","","",""
"2020060004","2353","0","0","0","0","0","0","1","0","0","1","1","","67","7","2020","6","40.000319","-75.10646","2345","6","0","0","0","0","0","1","0","0","","0","0","0","","","2","","5","","40 00:01.147","","1","75 06:23.257","4","0","0","0","67301","0","0","0","N","0","0","0","4","67508","2","","1.0","","1","N","N","Y","1","","0","0","0","","2","","","2","2","0","0","0","0","0","2","0","2","","03","","N","","","","","","","","","",""
"2020064848","1025","0","0","0","0","0","0","0","0","0","1","0","","67","7","2020","3","39.95815","-75.164029","1024","6","0","0","0","0","0","0","0","0","","0","0","0","","","0","N","0","","39 57:29.341","4","0","75 09:50.505","0","0","0","0","67301","0","0","0","N","0","0","0","3","68K01","0","","1.0","1027.0","1","N","N","N","0","","0","0","2","","0","N","","2","0","0","0","0","0","0","2","0","2","","","","N","","","","","","","","","",""
"2020060558","0821","0","0","0","0","0","0","0","0","0","7","0","","67","7","2020","3","39.992721","-75.110755","0821","6","0","0","0","0","0","1","0","0","","0","0","0","","","0","N","0","","39 59:33.797","","0","75 06:38.719","0","0","0","0","67301","0","0","0","N","0","0","0","1","67301","0","","5.0","","1","N","N","N","0","","0","0","1","","0","","","1","0","0","0","0","0","0","2","0","1","","","","N","","","","","","","","","",""
"2020106634","1440","1","0","0","0","0","0","0","0","0","7","0","","67","12","2020","4","40.06369","-75.200149","1435","6","0","0","0","0","1","0","0","0","","0","0","0","","","0","","2","","40 03:49.284","","0","75 12:00.536","0","0","0","0","67301","0","0","0","N","0","0","0","1","67301","0","","5.0","","9","N","N","N","0","","0","0","0","","0","","","1","0","0","0","0","0","0","2","0","1","","07","","N","","","","","","","","","",""
"2020060874","2148","2","0","0","0","0","0","0","0","0","4","0","","67","7","2020","5","39.977787","-75.151008","2148","6","0","0","0","0","1","0","0","0","","0","0","0","","","2","","1","","39 58:40.032","","0","75 09:03.628","4","0","0","0","67301","0","0","0","N","0","0","0","4","67301","2","","1.0","","1","N","N","N","0","","0","0","0","","2","","","2","2","0","0","0","0","1","2","0","2","","03","","N","","","","","","","","","",""
"2020058913","0246","3","0","0","0","0","0","0","0","0","1","0","","67","7","2020","1","39.935078","-75.150633","0236","6","0","0","0","0","0","0","0","0","","0","0","0","","","0","N","0","","39 56:06.280","2","0","75 09:02.280","0","0","0","0","67301","0","0","0","N","0","0","0","1","67301","0","","6.0","336.0","1","N","N","N","0","","0","0","0","","0","Y","","3","0","0","0","0","0","0","2","0","3","","03","","N","","","","","","","","","",""
"2020058872","1936","1","0","0","0","0","0","0","0","0","4","0","","67","7","2020","6","40.047483","-75.142782","1936","6","0","0","0","0","0","0","0","0","","0","0","0","","","2","","1","","40 02:50.940","","0","75 08:34.016","4","0","0","0","67301","0","0","0","N","0","0","0","5","67301","2","","1.0","","1","N","N","N","1","","0","0","0","","0","","","2","2","0","0","0","0","0","2","0","2","","03","","N","","","","","","","","","",""
"2020064022","0629","1","0","0","0","0","0","0","0","0","7","0","","67","7","2020","6","39.959935","-75.179275","0623","6","0","0","0","0","0","0","0","0","","0","0","0","","","0","N","0","","39 57:35.766","3","3","75 10:45.391","0","0","0","0","67301","0","0","0","N","0","0","0","1","68K01","0","","2.0","700.0","9","N","N","N","0","","0","0","0","","0","N","","1","0","0","0","0","0","0","2","0","1","","","","N","","","","","","","","","",""
"2020059518","2126","0","0","0","0","0","0","0","0","0","5","0","","67","7","2020","1","40.027414","-75.125098","2112","6","0","0","0","0","0","0","0","0","","0","0","0","","","0","","1","","40 01:38.690","","0","75 07:30.352","0","0","0","0","67301","0","0","0","N","0","0","0","4","67301","0","","1.0","","1","N","N","N","0","","0","0","5","","2","","","7","0","0","0","0","0","0","2","2","7","","03","","N","","","","","","","","","",""
"2020063895","2233","0","0","0","0","0","0","0","0","0","0","0","","67","7","2020","3","39.921307","-75.147812","2225","6","0","0","0","0","0","0","0","0","","0","0","0","","","1","N","0","","39 55:16.706","","0","75 08:52.122","3","0","0","1","67301","0","0","0","N","0","0","0","1","68K01","0","","1.0","","1","N","N","N","0","","1","0","0","","0","","","1","1","0","0","0","0","0","2","0","1","","","","N","","","","","","","","","",""
"2020104836","0957","1","0","0","0","0","0","0","0","0","5","1","","67","11","2020","6","39.976479","-75.195778","0953","6","0","0","0","0","0","1","0","0","","0","1","0","","","0","N","0","","39 58:35.324","","0","75 11:44.801","0","0","0","0","67301","0","0","0","N","0","0","0","2","68K01","0","","1.0","","1","N","N","N","0","","0","0","0","","0","","","2","0","0","0","0","0","0","2","0","2","","","","N","","","","","","","","","",""
"2020104768","1720","0","0","0","0","0","0","1","0","0","4","1","","67","11","2020","2","39.974765","-75.185104","1700","6","0","0","0","0","0","0","0","0","","0","0","0","","","2","N","1","","39 58:29.154","","0","75 11:06.374","8","0","0","0","67301","0","0","0","N","0","0","0","3","67508","0","","1.0","","9","N","N","Y","0","","0","0","1","","0","","","2","2","0","0","0","2","0","2","0","2","","07","","N","","","","","","","","","",""
"2020059018","1842","0","0","0","1","0","0","0","0","0","8","0","","67","7","2020","7","39.930545","-75.149757","1842","6","0","0","0","0","0","0","0","0","","0","0","0","","","1","","5","","39 55:49.962","","0","75 08:59.125","3","0","0","0","67301","1","0","0","N","0","0","0","2","67301","0","","1.0","","1","N","N","N","0","","1","0","0","","2","","","2","1","0","0","0","0","0","2","1","1","","03","","N","","","","","","","","","",""
"2020072347","0940","1","0","1","0","0","0","0","0","0","4","0","","67","7","2020","2","40.03","-75.104333","0935","6","0","0","0","0","0","2","0","0","","0","0","0","","","3","","1","","40 01:48.000","2","0","75 06:15.600","2","0","0","0","67301","0","0","0","N","0","0","0","3","67301","0","","1.0","1228.0","1","N","N","N","0","","2","1","0","","2","Y","","2","3","0","0","0","0","0","2","1","2","","","","N","","","","","","","","","",""
"2020105379","0117","0","0","0","0","0","0","0","0","0","1","0","","67","12","2020","7","39.949283","-75.14188","0117","6","0","0","0","0","0","0","0","0","","0","0","0","","","2","N","0","","39 56:57.417","2","0","75 08:30.769","4","0","0","0","67301","0","0","0","N","0","0","0","2","68K01","2","","1.0","210.0","9","N","N","Y","0","","0","0","2","","0","N","","2","2","0","0","0","0","0","2","0","2","","","","N","","","","","","","","","",""