"CRN","ARRIVAL_TM","AUTOMOBILE_COUNT","BELTED_DEATH_COUNT","BELTED_SUSP_SERIOUS_INJ_COUNT","BICYCLE_COUNT","BICYCLE_DEATH_COUNT","BICYCLE_SUSP_SERIOUS_INJ_COUNT","BUS_COUNT","CHLDPAS_DEATH_COUNT","CHLDPAS_SUSP_SERIOUS_INJ_COUNT","COLLISION_TYPE","COMM_VEH_COUNT","CONS_ZONE_SPD_LIM","COUNTY","CRASH_MONTH","CRASH_YEAR","DAY_OF_WEEK","DEC_LATITUDE","DEC_LONGITUDE","DISPATCH_TM","DISTRICT","DRIVER_COUNT_16YR","DRIVER_COUNT_17YR","DRIVER_COUNT_18YR","DRIVER_COUNT_19YR","DRIVER_COUNT_20YR","DRIVER_COUNT_50_64YR","DRIVER_COUNT_65_74YR","DRIVER_COUNT_75PLUS","EST_HRS_CLOSED","FATAL_COUNT","HEAVY_TRUCK_COUNT","HORSE_BUGGY_COUNT","HOUR_OF_DAY","ILLUMINATION","INJURY_COUNT","INTERSECTION_RELATED","INTERSECT_TYPE","LANE_CLOSED","LATITUDE","LN_CLOSE_DIR","LOCATION_TYPE","LONGITUDE","MAX_SEVERITY_LEVEL","MCYCLE_DEATH_COUNT","MCYCLE_SUSP_SERIOUS_INJ_COUNT","MOTORCYCLE_COUNT","MUNICIPALITY","NONMOTR_COUNT","NONMOTR_DEATH_COUNT","NONMOTR_SUSP_SERIOUS_INJ_COUNT","NTFY_HIWY_MAINT","PED_COUNT","PED_DEATH_COUNT","PED_SUSP_SERIOUS_INJ_COUNT","PERSON_COUNT","POLICE_AGCY","POSSIBLE_INJ_COUNT","RDWY_SURF_TYPE_CD","RELATION_TO_ROAD","ROADWAY_CLEARED","ROAD_CONDITION","SCH_BUS_IND","SCH_ZONE_IND","SECONDARY_CRASH","SMALL_TRUCK_COUNT","SPEC_JURIS_CD","SUSP_MINOR_INJ_COUNT","SUSP_SERIOUS_INJ_COUNT","SUV_COUNT","TCD_FUNC_CD","TCD_TYPE","TFC_DETOUR_IND","TIME_OF_DAY","TOTAL_UNITS","TOT_INJ_COUNT","UNBELTED_OCC_COUNT","UNB_DEATH_COUNT","UNB_SUSP_SERIOUS_INJ_COUNT","UNK_INJ_DEG_COUNT","UNK_INJ_PER_COUNT","URBAN_RURAL","VAN_COUNT","VEHICLE_COUNT","WEATHER1","WEATHER2","WORKERS_PRES","WORK_ZONE_IND","WORK_ZONE_LOC","WORK_ZONE_TYPE","WZ_CLOSE_DETOUR","WZ_FLAGGER","WZ_LAW_OFFCR_IND","WZ_LN_CLOSURE","WZ_MOVING","WZ_OTHER","WZ_SHLDER_MDN","WZ_WORKERS_INJ_KILLED"
"2020106371","2212","0","0","0","0","0","0","0","0","0","1","0","","67","12","2020","3","40.018522","-75.047515","2143","6","0","1","0","0","0","1","0","0","","0","0","0","","","0","N","0","","40 01:06.680","","0","75 02:51.053","0","0","0","0","67301","0","0","0","N","0","0","0","3","68K01","0","","1.0","","1","N","N","Y","0","","0","0","3","","0","","","3","0","0","0","0","0","0","2","0","3","","03","","N","","","","","","","","","",""
"2020059290","0830","1","0","0","0","0","0","0","0","0","4","0","","67","7","2020","6","39.905757","-75.193824","0830","6","0","0","0","0","0","0","0","0","","0","0","0","","","2","","1","","39 54:20.725","","0","75 11:37.765","4","0","0","0","67301","0","0","0","N","0","0","0","2","67301","2","","1.0","","9","N","N","N","0","","0","0","1","","2","","","2","2","0","0","0","0","0","2","0","2","","04","","N","","","","","","","","","",""
"2020062707","1838","0","0","0","0","0","0","0","0","0","4","0","","67","7","2020","3","40.004551","-75.132065","1005","6","0","0","0","0","0","0","0","0","","0","0","0","","","1","","1","","40 00:16.383","","0","75 07:55.433","3","0","0","0","67301","0","0","0","N","0","0","0","2","67301","0","","1.0","","99","N","N","N","0","","1","0","2","","2","","","2","1","0","0","0","0","0","2","0","2","","03","","N","","","","","","","","","",""
"2020060870","1906","1","0","0","0","0","0","0","0","0","7","0","","67","7","2020","5","39.882031","-75.226981","1857","6","0","0","0","0","0","1","0","0","","0","0","0","","","1","N","0","","39 52:55.310","","0","75 13:37.130","3","0","0","0","67301","0","0","0","N","0","0","0","1","67301","0","","4.0","","1","N","N","N","0","","1","0","0","","0","","","1","1","0","0","0","0","0","2","0","1","","03","","N","","","","","","","","","",""
"2020062115","1935","1","0","0","0","0","0","0","0","0","4","0","","67","7","2020","4","40.006376","-75.089385","1930","6","0","0","0","0","0","0","0","0","","0","0","0","","","1","N","0","","40 00:22.952","","7","75 05:21.787","4","0","0","1","67301","0","0","0","N","0","0","0","2","67301","1","","1.0","","1","N","N","N","0","","0","0","0","","0","","","2","1","0","0","0","0","0","2","0","2","","","","N","","","","","","","","","",""
"2020104721","0000","0","0","0","0","0","0","0","0","0","1","1","","67","12","2020","6","40.052172","-75.157947","2357","6","0","0","0","0","0","0","0","0","","0","1","0","","","1","N","0","","40 03:07.820","","0","75 09:28.610","3","0","0","0","67301","1","0","0","N","1","0","0","2","67301","0","","6.0","","9","N","N","N","1","","1","0","1","","0","","","5","1","0","0","0","0","0","2","1","4","","","","N","","","","","","","","","",""
"2020106921","2132","1","1","0","0","0","0","0","0","0","7","0","","67","11","2020","7","39.998562","-75.081138","2130","6","0","0","0","0","0","0","0","0","","1","0","0","","","0","N","0","","39 59:54.823","2","0","75 04:52.097","1","0","0","0","67301","0","0","0","N","0","0","0","1","68K01","0","2","4.0","2348.0","1","N","N","N","0","0","0","0","0","","0","N","","1","0","0","0","0","0","0","2","0","1","","","","N","","","","","","","","","",""
"2020059021","2022","1","0","0","0","0","0","0","0","0","4","0","","67","7","2020","7","40.017884","-75.082595","2021","6","0","0","0","0","0","0","0","0","","0","0","0","","","1","","1","","40 01:04.383","7","1","75 04:57.342","3","0","0","1","67301","0","0","0","N","0","0","0","2","67301","0","","1.0","200.0","1","N","N","N","0","","1","0","0","","2","Y","","2","1","1","0","0","0","0","2","0","2","","03","","N","","","","","","","","","",""
"2020060117","1507","0","0","0","0","0","0","0","0","0","4","0","","67","7","2020","4","39.974201","-75.156618","1504","6","0","0","0","0","0","0","0","0","","0","0","0","","","0","","1","","39 58:27.123","","0","75 09:23.824","0","0","0","1","67301","0","0","0","N","0","0","0","2","67505","0","","1.0","","1","N","N","N","0","","0","0","1","","2","","","2","0","1","0","0","0","0","2","0","2","","03","","N","","","","","","","","","",""
"2020060676","1515","1","0","0","0","0","0","0","0","0","4","0","","67","7","2020","2","39.963167","-75.218167","1512","6","0","0","0","0","0","0","1","0","","0","0","0","","","2","","3","","39 57:47.400","6","0","75 13:05.400","3","0","0","0","67301","0","0","0","N","0","0","0","4","67301","0","","1.0","1800.0","1","N","N","N","0","","2","0","2","","0","Y","","3","2","0","0","0","0","0","2","0","3","","03","","N","","","","","","","","","",""
"2020059508","0512","1","0","0","0","0","0","0","0","0","4","0","","67","7","2020","1","39.924709","-75.181989","0501","6","0","0","1","0","0","0","0","0","","0","0","0","","","2","","1","","39 55:28.952","","0","75 10:55.160","4","0","0","0","67301","0","0","0","N","0","0","0","2","67301","2","","1.0","","1","N","N","N","0","","0","0","1","","3","","","2","2","0","0","0","0","0","2","0","2","","98","","N","","","","","","","","","",""
"2020060193","0128","1","0","0","0","0","0","0","0","0","7","0","","67","7","2020","6","39.983839","-75.208144","0128","6","0","0","0","0","1","0","0","0","","0","0","0","","","1","N","0","","39 59:01.822","4","0","75 12:29.320","8","0","0","0","67301","0","0","0","N","0","0","0","1","68K01","0","","4.0","130.0","9","N","N","N","0","","0","0","0","","0","N","","1","1","0","0","0","1","0","2","0","1","","","","N","","","","","","","","","",""
"2020106190","0425","1","0","0","0","0","0","1","0","0","4","1","","67","11","2020","1","40.010893","-75.151413","0410","6","0","0","0","0","0","1","0","0","","0","0","0","","","4","","1","","40 00:39.214","","0","75 09:05.086","4","0","0","0","67301","0","0","0","N","0","0","0","6","67508","4","","1.0","","1","N","N","Y","0","","0","0","0","","2","","","2","4","0","0","0","0","0","2","0","2","","03","","N","","","","","","","","","",""
"2020062815","1143","0","0","0","0","0","0","0","0","0","7","0","","67","7","2020","6","39.957597","-75.158641","1141","6","0","1","0","0","0","0","0","0","","0","0","0","","","0","","1","","39 57:27.348","","3","75 09:31.109","0","0","0","0","67301","0","0","0","N","0","0","0","2","67301","0","","4.0","","9","N","N","N","0","","0","0","2","","2","","","2","0","0","0","0","0","0","2","0","2","","04","","N","","","","","","","","","",""
"2020059125","2302","1","0","0","0","0","0","0","0","0","7","0","","67","7","2020","7","39.955586","-75.148213","2302","6","0","0","0","0","0","0","0","0","","0","0","0","","","0","N","0","","39 57:20.109","","2","75 08:53.565","0","0","0","0","67301","0","0","0","N","0","0","0","1","67501","0","","2.0","","1","N","N","N","0","","0","0","0","","0","","","1","0","0","0","0","0","0","2","0","1","","","","N","","","","","","","","","",""
"2020059131","0110","0","0","0","0","0","0","0","0","0","7","0","","67","7","2020","1","39.903083","-75.116361","0110","6","0","0","0","0","0","0","0","0","","0","0","0","","","0","N","0","","39 54:11.100","4","3","75 06:58.900","0","0","0","0","67301","0","0","0","N","0","0","0","1","67501","0","","4.0","120.0","1","N","N","N","0","","0","0","1","","0","N","","1","0","0","0","0","0","0","1","0","1","","","","N","","","","","","","","","",""
"2020060678","1957","2","0","0","0","0","0","0","0","0","5","0","","67","7","2020","2","39.957264","-75.247633","1956","6","0","0","0","0","0","0","0","0","","0","0","0","","","1","N","0","","39 57:26.150","3","0","75 14:51.480","3","0","0","0","67301","0","0","0","N","0","0","0","1","67301","0","","6.0","2037.0","1","N","N","N","0","","1","0","0","","0","N","","2","1","1","0","0","0","0","2","0","2","","98","","N","","","","","","","","","",""
"2020104723","0141","0","0","0","0","0","0","0","0","0","8","0","","67","12","2020","7","39.999125","-75.134008","0139","6","0","0","0","0","0","0","0","0","","1","0","0","","","0","N","0","","39 59:56.851","","0","75 08:02.429","1","0","0","0","67301","1","1","0","N","1","1","0","2","67301","0","2","1.0","","9","N","N","N","0","0","0","0","0","","0","","","2","0","0","0","0","0","1","2","0","1","","04","","N","","","","","","","","","",""
"2020104513","1236","0","0","0","0","0","0","0","0","0","4","0","","67","12","2020","5","39.970146","-75.237445","1235","6","0","0","0","0","0","1","0","0","","0","1","0","","","2","","1","","39 58:12.525","","0","75 14:14.801","3","0","0","0","67301","0","0","0","N","0","0","0","3","67301","0","","1.0","","1","N","N","N","1","","2","0","0","","2","","","2","2","1","0","0","0","0","2","0","2","","03","","N","","","","","","","","","",""
"2020062684","0529","1","0","0","0","0","0","0","0","0","7","0","","67","7","2020","6","39.892728","-75.223278","0520","6","0","0","0","0","0","0","0","0","","0","0","0","","","0","N","0","","39 53:33.820","3","0","75 13:23.800","0","0","0","0","67301","0","0","0","N","0","0","0","2","67301","0","","4.0","630.0","9","N","N","Y","0","","0","0","0","","0","N","","2","0","0","0","0","0","0","2","0","2","","","","N","","","","","","","","","",""
"2020105315","1039","0","0","0","0","0","0","0","0","0","8","0","","67","12","2020","3","40.048703","-75.235368","1033","6","0","0","0","0","0","0","0","0","","0","0","0","","","1","N","0","","40 02:55.329","","0","75 14:07.326","3","0","0","0","67301","1","0","0","N","1","0","0","2","67301","0","","1.0","","1","N","N","N","0","","1","0","1","","2","","","2","1","0","0","0","0","0","2","0","1","","03","","N","","","","","","","","","",""
"2020061903","0355","3","0","0","0","0","0","0","0","0","5","0","","67","7","2020","4","40.026508","-75.115565","0344","6","0","0","0","0","0","0","0","0","","0","0","0","","","0","N","0","","40 01:35.428","","0","75 06:56.033","9","0","0","0","67301","0","0","0","N","0","0","0","1","67301","0","","6.0","","1","N","N","N","2","","0","0","2","","0","","","8","0","1","0","0","0","1","2","1","8","","03","","N","","","","","","","","","",""
"2020061134","0011","0","0","0","0","0","0","0","0","0","7","0","","67","7","2020","5","40.037245","-75.013493","2346","6","0","0","0","0","0","0","0","0","","0","0","0","","","0","N","0","","40 02:14.081","","0","75 00:48.574","0","0","0","0","67301","0","0","0","N","0","0","0","1","68K01","0","","2.0","","9","N","N","N","0","","0","0","1","","0","","","1","0","0","0","0","0","0","2","0","1","","","","N","","","","","","","","","",""
"2020058767","0328","1","0","0","0","0","0","0","0","0","4","0","","67","7","2020","6","39.959686","-75.222938","0323","6","0","0","0","0","0","0","0","0","","0","0","0","","","2","","1","","39 57:34.869","","0","75 13:22.576","8","0","0","0","67301","0","0","0","N","0","0","0","2","67301","0","","1.0","","9","N","N","N","0","","0","0","1","","2","","","2","2","0","0","0","2","0","2","0","2","","","","N","","","","","","","","","",""
"2020060206","1749","1","0","0","0","0","0","0","0","0","7","0","","67","7","2020","6","39.957738","-75.160847","1734","6","0","0","0","0","0","1","0","0","","0","0","0","","","0","N","0","","39 57:27.857","1","0","75 09:39.048","0","0","0","0","67301","0","0","0","N","0","0","0","1","68K01","0","","4.0","1800.0","9","N","N","N","0","","0","0","0","","0","N","","1","0","0","0","0","0","0","2","0","1","","","","N","","","","","","","","","",""
"2020060524","1330","2","0","0","0","0","0","0","0","0","1","0","","67","7","2020","2","39.9262","-75.242506","1320","6","0","1","0","0","0","0","0","0","","0","0","0","","","0","N","0","","39 55:34.320","1","0","75 14:33.020","0","0","0","0","67301","0","0","0","N","0","0","0","1","67301","0","","6.0","30.0","1","N","N","Y","0","","0","0","0","","0","Y","","2","0","0","0","0","0","0","2","0","2","","03","","N","","","","","","","","","",""
"2020060679","0022","3","0","0","0","0","0","0","0","0","5","0","","67","7","2020","2","39.952786","-75.238631","0021","6","0","0","0","0","0","0","0","0","","0","0","0","","","1","N","0","","39 57:10.030","1","0","75 14:19.070","3","0","0","0","67301","0","0","0","N","0","0","0","1","67301","0","","6.0","120.0","1","N","N","N","0","","1","0","0","","0","Y","","3","1","1","0","0","0","0","2","0","3","","03","","N","","","","","","","","","",""
"2020062677","1831","1","0","0","0","0","0","0","0","0","1","0","","67","7","2020","1","40.094022","-74.976042","1830","6","0","0","0","0","0","0","0","0","","0","0","0","","","2","N","0","","40 05:38.480","","0","74 58:33.750","3","0","0","0","67301","0","0","0","N","0","0","0","2","67301","0","","6.0","","1","N","N","N","0","","2","0","0","","0","","","2","2","0","0","0","0","0","2","1","2","","03","","N","","","","","","","","","",""
"2020058770","1302","2","0","0","0","0","0","0","0","0","4","0","","67","7","2020","7","39.975462","-75.190909","1258","6","0","0","0","0","0","0","0","0","","0","0","0","","","2","","3","","39 58:31.664","","0","75 11:27.272","3","0","0","0","67301","0","0","0","N","0","0","0","4","67301","0","","1.0","","1","N","N","N","0","","2","0","1","","3","","","3","2","0","0","0","0","0","2","0","3","","","","N","","","","","","","","","",""
"2020105371","0018","1","0","0","0","0","0","0","0","0","5","0","","67","12","2020","5","40.042873","-75.00317","0018","6","0","0","0","0","0","0","0","0","","0","0","0","","","0","N","0","","40 02:34.343","","0","75 00:11.413","0","0","0","0","67301","0","0","0","N","0","0","0","2","68K01","0","","1.0","","1","N","N","N","1","","0","0","0","","0","","","2","0","0","0","0","0","0","2","0","2","","","","N","","","","","","","","","",""
"2020106358","1844","3","0","0","0","0","0","0","0","0","1","0","","67","11","2020","1","39.97933","-75.108614","1824","6","0","0","0","0","0","0","0","0","","0","0","0","","","0","N","0","","39 58:45.588","2","0","75 06:31.009","0","0","0","0","67301","0","0","0","N","0","0","0","3","68K01","0","","1.0","30.0","1","N","N","Y","0","","0","0","0","","0","N","","3","0","0","0","0","0","0","2","0","3","","03","","N","","","","","","","","","",""
"2020061185","1333","0","0","0","0","0","0","0","0","0","8","0","","67","7","2020","5","40.032556","-75.050275","1327","6","0","0","0","0","0","1","0","0","","0","0","0","","","1","N","0","","40 01:57.202","","7","75 03:00.991","3","0","0","0","67301","1","0","0","N","1","0","0","2","67301","0","","1.0","","1","N","N","N","0","","1","0","1","","0","","","2","1","1","0","0","0","0","2","0","1","","03","","N","","","","","","","","","",""
"2020060226","0027","0","0","0","0","0","0","0","0","0","7","0","","67","7","2020","2","39.900499","-75.155603","0022","6","0","0","0","0","0","0","0","0","","0","0","0","","","1","N","0","","39 54:01.798","1","3","75 09:20.169","8","0","0","0","67301","0","0","0","N","0","0","0","1","68K01","0","","4.0","100.0","1","N","N","N","0","","0","0","1","","0","N","","1","1","0","0","0","1","0","2","0","1","","","","N","","","","","","","","","",""
"2020060684","1645","2","0","0","0","0","0","0","0","0","4","0","","67","7","2020","5","40.03593","-75.126522","1645","6","0","0","0","0","0","0","0","0","","0","0","0","","","0","","1","","40 02:09.347","","0","75 07:35.479","9","0","0","0","67301","0","0","0","N","0","0","0","3","67301","0","","1.0","","1","N","N","N","0","","0","0","0","","3","","","2","0","0","0","0","0","1","2","0","2","","03","","N","","","","","","","","","",""
"2020059512","1846","2","0","0","0","0","0","0","0","0","6","0","","67","7","2020","1","40.038968","-75.197382","1841","6","0","0","0","0","0","0","0","0","","0","0","0","","","7","N","0","","40 02:20.284","","0","75 11:50.574","3","0","0","0","67301","0","0","0","N","0","0","0","7","67301","3","","1.0","","1","N","N","N","0","","1","0","1","","0","","","3","7","0","0","0","3","0","2","0","3","","03","","N","","","","","","","","","",""
"2020105380","0150","1","0","0","0","0","0","0","0","0","1","0","","67","12","2020","7","39.949151","-75.141908","0150","6","0","0","0","0","0","0","0","0","","0","0","0","","","1","N","0","","39 56:56.945","2","0","75 08:30.867","4","0","0","0","67301","0","0","0","N","0","0","0","5","68K01","1","","4.0","310.0","9","N","N","Y","0","","0","0","1","","0","N","","2","1","0","0","0","0","0","2","0","2","","","","N","","","","","","","","","",""
"2020104829","1133","2","0","0","0","0","0","0","0","0","1","0","","67","11","2020","2","39.993059","-75.085228","1133","6","0","0","0","0","0","0","0","0","","0","0","0","","","0","N","7","","39 59:35.013","1","2","75 05:06.819","0","0","0","0","67301","0","0","0","N","0","0","0","2","68K01","0","","1.0","100.0","1","N","N","N","0","","0","0","0","","0","N","","2","0","0","0","0","0","0","2","0","2","","","","N","","","","","","","","","",""
"2020102988","0200","2","0","0","0","0","0","0","0","0","1","0","","67","1","2020","7","40.036732","-75.064498","","6","0","0","0","0","0","0","1","0","","0","0","0","","","1","","1","","40 02:12.235","","0","75 03:52.193","8","0","0","0","67301","0","0","0","N","0","0","0","2","00000","0","","1.0","","1","","","N","0","","0","0","0","","2","","","2","1","0","0","0","1","0","2","0","2","","","","N","","","","","","","","","",""
"2020106179","0355","1","0","0","0","0","0","1","0","0","4","1","","67","11","2020","1","39.985753","-75.164533","0345","6","0","0","0","0","0","0","0","0","","0","0","0","","","1","","1","","39 59:08.710","7","0","75 09:52.318","8","0","0","0","67301","0","0","0","N","0","0","0","2","67508","0","","1.0","9999.0","1","N","N","Y","0","","0","0","0","","2","Y","","2","1","0","0","0","1","0","2","0","2","","03","","N","","","","","","","","","",""
"2020058506","1334","0","0","0","0","0","0","0","0","0","4","0","","67","7","2020","6","40.069743","-75.183199","1310","6","0","0","0","0","0","1","0","0","","0","0","0","","","1","","2","","40 04:11.074","","0","75 10:59.516","3","0","0","0","67301","0","0","0","N","0","0","0","2","67301","0","","1.0","","9","N","N","N","0","","1","0","1","","0","","","2","1","0","0","0","0","1","2","1","2","","07","","N","","","","","","","","","",""
"2020060681","1835","1","0","0","0","0","0","0","0","0","5","0","","67","7","2020","4","39.945706","-75.240073","1833","6","0","0","0","0","0","0","0","0","","0","0","0","","","2","N","0","","39 56:44.543","","0","75 14:24.264","3","0","0","0","67301","0","0","0","N","0","0","0","3","67301","0","","1.0","","1","N","N","N","0","","2","0","0","","0","","","2","2","0","0","0","0","0","2","0","2","","03","","N","","","","","","","","","",""
"2020060579","0057","1","0","0","0","0","0","0","0","0","4","0","","67","7","2020","3","39.998487","-75.153471","0054","6","0","0","0","1","0","0","0","0","","0","0","0","","","1","","2","","39 59:54.554","","0","75 09:12.497","8","0","0","1","67301","0","0","0","N","0","0","0","3","67301","0","","1.0","","1","N","N","N","0","","0","0","0","","2","","","2","1","0","0","0","1","0","2","0","2","","03","","N","","","","","","","","","",""
"2020063421","1530","1","0","0","0","0","0","0","0","0","3","0","","67","7","2020","3","39.96766","-75.230084","1525","6","0","0","0","1","0","0","0","0","","0","0","0","","","1","","1","","39 58:03.576","","0","75 13:48.302","3","0","0","0","67301","0","0","0","N","0","0","0","2","67301","0","","1.0","","1","N","N","N","1","","1","0","1","","3","","","3","1","2","0","0","0","0","2","0","3","","03","","N","","","","","","","","","",""
"2020060526","0516","1","0","0","0","0","0","0","0","0","7","0","","67","7","2020","3","39.944134","-75.228163","0512","6","0","0","0","0","0","0","0","0","","0","0","0","","","0","","1","","39 56:38.882","","0","75 13:41.386","0","0","0","0","67301","0","0","0","N","0","0","0","1","67301","0","","5.0","","1","N","N","N","0","","0","0","0","","0","","","1","0","0","0","0","0","0","2","0","1","","03","","N","","","","","","","","","",""
"2020059513","2030","1","0","1","0","0","0","0","0","0","4","0","","67","7","2020","6","39.944896","-75.212701","2028","6","0","0","0","0","0","0","0","0","","0","0","0","","","2","","1","","39 56:41.625","","0","75 12:45.723","2","0","0","0","67301","0","0","0","N","0","0","0","2","67301","0","","1.0","","1","N","N","N","0","","1","1","1","","2","","","2","2","0","0","0","0","0","2","0","2","","03","","N","","","","","","","","","",""
"2020060572","2225","2","0","0","0","0","0","0","0","0","4","0","","67","7","2020","6","40.025778","-75.123473","2215","6","0","0","0","0","0","0","0","0","","0","0","0","","","2","","1","","40 01:32.799","","0","75 07:24.504","3","0","0","0","67301","0","0","0","N","0","0","0","6","67301","0","","1.0","","1","N","N","N","0","","2","0","0","","2","","","2","2","0","0","0","0","0","2","0","2","","03","","N","","","","","","","","","",""
"2020061873","1828","0","0","0","0","0","0","0","0","0","8","0","","67","7","2020","6","39.923533","-75.180409","1813","6","0","0","0","0","0","0","0","0","","0","0","0","","","1","N","0","","39 55:24.718","","0","75 10:49.471","3","0","0","0","67301","1","0","0","N","1","0","0","2","67301","0","","1.0","","1","N","N","N","0","","1","0","0","","0","","","2","1","0","0","0","0","0","2","0","1","","03","","N","","","","","","","","","",""
"2020059149","1546","1","0","0","0","0","0","0","0","0","4","0","","67","7","2020","1","40.028328","-75.120033","1546","6","0","0","0","0","0","0","0","0","","0","0","0","","","0","","1","","40 01:41.980","","0","75 07:12.120","9","0","0","0","67301","0","0","0","N","0","0","0","2","67301","0","","1.0","","1","N","N","N","0","","0","0","0","","2","","","2","0","0","0","0","0","1","2","0","2","","03","","N","","","","","","","","","",""
"2020106387","0703","0","0","0","0","0","0","0","0","0","1","1","","67","12","2020","2","39.991796","-75.085812","0656","6","0","0","0","0","0","0","0","0","","0","1","0","","","0","N","0","","39 59:30.466","1","0","75 05:08.923","0","0","0","0","67301","0","0","0","N","0","0","0","3","68K01","0","","1.0","640.0","1","N","N","Y","2","","0","0","0","","0","N","","3","0","0","0","0","0","0","2","0","3","","04","","N","","","","","","","","","",""
"2020063182","0742","0","0","0","0","0","0","0","0","0","7","0","","67","7","2020","7","39.889753","-75.240029","0723","6","0","0","0","0","0","0","1","0","","0","0","0","","","1","N","0","","39 53:23.112","","0","75 14:24.103","3","0","0","0","67301","0","0","0","Y","0","0","0","1","68K01","0","","4.0","","1","N","N","N","0","","1","0","1","","0","","","1","1","0","0","0","0","0","2","0","1","","","","N","","","","","","","","","",""
"2020060511","1904","1","0","0","0","0","0","0","0","0","1","0","","67","7","2020","7","39.957047","-75.151144","1904","6","0","0","0","0","0","0","0","0","","0","0","0","","","0","","5","","39 57:25.370","4","2","75 09:04.120","9","0","0","0","67301","0","0","0","N","0","0","0","3","67301","0","","1.0","2030.0","1","N","N","N","1","","0","0","1","","2","N","","3","0","0","0","0","0","1","2","0","3","","04","","N","","","","","","","","","",""
"2020060509","1205","1","0","0","0","0","0","0","0","0","4","0","","67","7","2020","6","39.912516","-75.138099","1159","6","0","0","0","0","0","0","0","0","","0","0","0","","","1","","3","","39 54:45.058","","0","75 08:17.157","4","0","0","0","67301","0","0","0","N","0","0","0","2","67301","1","","1.0","","1","N","N","N","0","","0","0","1","","2","","","2","1","0","0","0","0","0","2","0","2","","","","N","","","","","","","","","",""
"2020105507","2213","2","0","0","0","0","0","0","0","0","5","0","","67","11","2020","1","39.899647","-75.163549","2201","6","0","0","0","0","0","0","0","0","","0","0","0","","","1","N","0","","39 53:58.730","2","0","75 09:48.776","8","0","0","0","67301","0","0","0","N","0","0","0","2","68K01","0","","1.0","2300.0","9","N","N","Y","0","","0","0","1","","0","N","","3","1","0","0","0","1","0","2","0","3","","","","N","","","","","","","","","",""
"2020106637","0803","0","0","0","0","0","0","0","0","0","8","0","","67","12","2020","4","40.007829","-75.085375","0800","6","0","0","0","0","0","0","0","0","","0","0","0","","","1","N","0","","40 00:28.186","","0","75 05:07.351","3","0","0","0","67301","1","0","0","N","1","0","0","2","67301","0","","1.0","","1","N","N","N","0","","1","0","0","","0","","","2","1","0","0","0","0","0","2","0","1","","","","N","","","","","","","","","",""
"2020058637","0225","1","0","0","0","0","0","0","0","0","5","0","","67","7","2020","7","39.983189","-75.156819","0225","6","0","0","0","0","0","0","0","0","","0","0","0","","","0","N","1","","39 58:59.480","","0","75 09:24.548","0","0","0","0","67301","0","0","0","N","0","0","0","3","67505","0","","1.0","","1","N","N","N","0","","0","0","2","","2","","","3","0","0","0","0","0","0","2","0","3","","03","","N","","","","","","","","","",""
"2020106182","1950","2","0","0","0","0","0","0","0","0","2","0","","67","12","2020","3","40.096456","-75.017392","1942","6","0","0","0","0","0","1","0","0","","0","0","0","","","1","N","0","","40 05:47.240","","0","75 01:02.610","3","0","0","0","67301","0","0","0","N","0","0","0","2","67301","0","","3.0","","1","N","N","N","0","","1","0","0","","0","","","2","1","0","0","0","0","0","2","0","2","","03","","N","","","","","","","","","",""
"2020104765","1515","0","0","0","0","0","0","1","0","0","8","1","","67","11","2020","1","40.101813","-75.00632","1455","6","0","0","0","0","0","0","0","0","","0","0","0","","","2","N","0","","40 06:06.526","","7","75 00:22.753","4","0","0","0","67301","1","0","0","N","1","0","0","2","67508","2","","1.0","","1","N","N","Y","0","","0","0","0","","2","","","2","2","0","0","0","0","0","2","0","1","","03","","N","","","","","","","","","",""
"2020060566","1610","1","0","0","0","0","0","0","0","0","1","0","","67","7","2020","2","40.024361","-75.123389","1610","6","0","0","0","0","0","0","0","0","","0","0","0","","","1","N","0","","40 01:27.700","","0","75 07:24.200","3","0","0","0","67301","0","0","0","N","0","0","0","4","67301","0","","1.0","","1","N","N","N","0","","1","0","0","","0","","","3","1","1","0","0","0","0","2","2","3","","","","N","","","","","","","","","",""
"2020060546","1853","0","0","0","0","0","0","0","0","0","8","0","","67","7","2020","6","39.991644","-75.176614","1851","6","0","0","0","0","0","0","0","0","","0","0","0","","","1","N","0","","39 59:29.920","","0","75 10:35.810","2","0","0","0","67301","1","0","1","N","1","0","1","2","67301","0","","1.0","","1","N","N","N","0","","0","1","1","","0","","","2","1","0","0","0","0","0","2","0","1","","03","","N","","","","","","","","","",""
"2020105322","1920","1","0","0","0","0","0","0","0","0","7","0","","67","12","2020","1","40.036715","-75.187491","1904","6","0","0","0","0","0","1","0","0","","0","0","0","","","1","","2","","40 02:12.175","","0","75 11:14.966","3","0","0","0","67301","0","0","0","N","0","0","0","1","67301","0","","2.0","","1","N","N","N","0","","1","0","0","","2","","","1","1","0","0","0","0","0","2","0","1","","","","N","","","","","","","","","",""
"2020060576","0845","2","0","0","0","0","0","0","0","0","4","0","","67","7","2020","5","40.047036","-75.14288","0841","6","0","0","0","0","0","0","0","0","","0","0","0","","","1","N","0","","40 02:49.330","","7","75 08:34.368","3","0","0","0","67301","0","0","0","N","0","0","0","2","67301","0","","1.0","","1","N","N","N","0","","1","0","0","","0","","","2","1","0","0","0","0","0","2","0","2","","03","","N","","","","","","","","","",""