"CRN","ARRIVAL_TM","AUTOMOBILE_COUNT","BELTED_DEATH_COUNT","BELTED_SUSP_SERIOUS_INJ_COUNT","BICYCLE_COUNT","BICYCLE_DEATH_COUNT","BICYCLE_SUSP_SERIOUS_INJ_COUNT","BUS_COUNT","CHLDPAS_DEATH_COUNT","CHLDPAS_SUSP_SERIOUS_INJ_COUNT","COLLISION_TYPE","COMM_VEH_COUNT","CONS_ZONE_SPD_LIM","COUNTY","CRASH_MONTH","CRASH_YEAR","DAY_OF_WEEK","DEC_LATITUDE","DEC_LONGITUDE","DISPATCH_TM","DISTRICT","DRIVER_COUNT_16YR","DRIVER_COUNT_17YR","DRIVER_COUNT_18YR","DRIVER_COUNT_19YR","DRIVER_COUNT_20YR","DRIVER_COUNT_50_64YR","DRIVER_COUNT_65_74YR","DRIVER_COUNT_75PLUS","EST_HRS_CLOSED","FATAL_COUNT","HEAVY_TRUCK_COUNT","HORSE_BUGGY_COUNT","HOUR_OF_DAY","ILLUMINATION","INJURY_COUNT","INTERSECTION_RELATED","INTERSECT_TYPE","LANE_CLOSED","LATITUDE","LN_CLOSE_DIR","LOCATION_TYPE","LONGITUDE","MAX_SEVERITY_LEVEL","MCYCLE_DEATH_COUNT","MCYCLE_SUSP_SERIOUS_INJ_COUNT","MOTORCYCLE_COUNT","MUNICIPALITY","NONMOTR_COUNT","NONMOTR_DEATH_COUNT","NONMOTR_SUSP_SERIOUS_INJ_COUNT","NTFY_HIWY_MAINT","PED_COUNT","PED_DEATH_COUNT","PED_SUSP_SERIOUS_INJ_COUNT","PERSON_COUNT","POLICE_AGCY","POSSIBLE_INJ_COUNT","RDWY_SURF_TYPE_CD","RELATION_TO_ROAD","ROADWAY_CLEARED","ROAD_CONDITION","SCH_BUS_IND","SCH_ZONE_IND","SECONDARY_CRASH","SMALL_TRUCK_COUNT","SPEC_JURIS_CD","SUSP_MINOR_INJ_COUNT","SUSP_SERIOUS_INJ_COUNT","SUV_COUNT","TCD_FUNC_CD","TCD_TYPE","TFC_DETOUR_IND","TIME_OF_DAY","TOTAL_UNITS","TOT_INJ_COUNT","UNBELTED_OCC_COUNT","UNB_DEATH_COUNT","UNB_SUSP_SERIOUS_INJ_COUNT","UNK_INJ_DEG_COUNT","UNK_INJ_PER_COUNT","URBAN_RURAL","VAN_COUNT","VEHICLE_COUNT","WEATHER1","WEATHER2","WORKERS_PRES","WORK_ZONE_IND","WORK_ZONE_LOC","WORK_ZONE_TYPE","WZ_CLOSE_DETOUR","WZ_FLAGGER","WZ_LAW_OFFCR_IND","WZ_LN_CLOSURE","WZ_MOVING","WZ_OTHER","WZ_SHLDER_MDN","WZ_WORKERS_INJ_KILLED"
"2020105494","1314","1","0","0","0","0","0","0","0","0","1","0","","67","11","2020","5","39.958446","-75.166325","1257","6","0","0","0","0","0","0","0","0","","0","0","0","","","0","N","0","","39 57:30.404","","0","75 09:58.769","0","0","0","0","67301","0","0","0","N","0","0","0","4","68K01","0","","1.0","","1","N","N","N","0","","0","0","1","","0","","","2","0","0","0","0","0","0","2","0","2","","","","N","","","","","","","","","",""
"2020058640","0338","1","0","0","0","0","0","0","0","0","5","0","","67","7","2020","6","39.991928","-75.235736","0325","6","0","0","0","0","0","0","0","0","","0","0","0","","","0","N","0","","39 59:30.940","","0","75 14:08.650","0","0","0","0","67301","0","0","0","N","0","0","0","1","67301","0","","6.0","","9","N","N","N","0","","0","0","1","","0","","","2","0","0","0","0","0","0","2","0","2","","04","","N","","","","","","","","","",""
"2020059510","2217","0","0","0","0","0","0","0","0","0","7","0","","67","7","2020","1","40.070005","-74.981491","2215","6","0","0","0","0","0","1","0","0","","0","0","0","","","1","N","0","","40 04:12.019","","0","74 58:53.368","2","0","0","0","67301","0","0","0","N","0","0","0","1","67301","0","","4.0","","1","N","N","N","0","","0","1","1","","0","","","1","1","0","0","0","0","0","2","0","1","","03","","N","","","","","","","","","",""
"2020060198","0327","0","0","0","0","0","0","0","0","0","7","0","","67","7","2020","6","39.985266","-75.208185","0318","6","0","0","0","0","0","0","0","0","","0","0","0","","","0","N","0","","39 59:06.959","4","0","75 12:29.467","0","0","0","0","67301","0","0","0","N","0","0","0","1","68K01","0","","3.0","330.0","9","N","N","N","0","","0","0","1","","0","N","","1","0","0","0","0","0","0","2","0","1","","","","N","","","","","","","","","",""
"2020060537","1125","2","0","0","0","0","0","0","0","0","4","0","","67","7","2020","2","39.938207","-75.198582","1121","6","0","0","0","0","0","0","0","0","","0","0","0","","","0","","1","","39 56:17.545","","0","75 11:54.896","0","0","0","0","67301","0","0","0","N","0","0","0","2","67301","0","","1.0","","1","N","N","N","0","","0","0","0","","2","","","2","0","0","0","0","0","0","2","0","2","","03","","N","","","","","","","","","",""
"2020061184","1335","1","0","0","0","0","0","0","0","0","4","0","","67","7","2020","2","40.008621","-75.068836","1330","6","0","0","0","0","1","1","0","0","","0","0","0","","","5","","1","","40 00:31.034","7","0","75 04:07.810","2","0","0","0","67301","0","0","0","N","0","0","0","5","67301","0","","1.0","1600.0","1","N","N","N","0","","0","5","1","","2","Y","","2","5","3","0","3","0","0","2","0","2","","03","","N","","","","","","","","","",""
"2020105327","1432","1","0","0","0","0","0","0","0","0","5","1","","67","12","2020","1","39.995076","-75.163378","1432","6","0","0","0","0","0","0","0","0","","0","1","0","","","0","N","0","","39 59:42.274","","0","75 09:48.159","0","0","0","0","67301","0","0","0","N","0","0","0","1","67301","0","","6.0","","1","N","N","N","0","","0","0","1","","0","","","3","0","0","0","0","0","0","2","0","3","","03","","N","","","","","","","","","",""
"2020059145","0615","1","0","0","0","0","0","0","0","0","5","0","","67","7","2020","1","39.948456","-75.164372","0615","6","0","0","0","0","0","0","0","0","","0","0","0","","","0","N","0","","39 56:54.442","","0","75 09:51.740","0","0","0","0","67301","0","0","0","N","0","0","0","1","67301","0","","6.0","","1","N","N","N","0","","0","0","1","","0","","","3","0","0","0","0","0","0","2","1","3","","03","","N","","","","","","","","","",""
"2020060789","1450","2","0","0","0","0","0","0","0","0","4","0","","67","7","2020","5","40.047882","-75.065243","1450","6","0","1","0","0","0","1","0","0","","0","0","0","","","0","","1","","40 02:52.375","3","0","75 03:54.874","0","0","0","0","67301","0","0","0","N","0","0","0","2","67301","0","","1.0","1530.0","1","N","N","N","0","","0","0","0","","3","N","","2","0","0","0","0","0","0","2","0","2","","03","","N","","","","","","","","","",""
"2020060670","1240","0","0","0","0","0","0","0","0","0","4","0","","67","7","2020","5","40.054262","-75.063122","1233","6","0","0","0","0","0","1","0","0","","0","0","0","","","2","","1","","40 03:15.344","4","0","75 03:47.239","8","0","0","0","67301","0","0","0","N","0","0","0","3","67301","0","","1.0","1318.0","1","N","N","N","0","","0","0","2","","2","N","","2","2","0","0","0","2","0","2","0","2","","03","","N","","","","","","","","","",""
"2020060518","0519","2","0","0","0","0","0","0","0","0","5","0","","67","7","2020","6","39.911917","-75.231028","0514","6","0","0","0","0","0","0","0","0","","0","0","0","","","1","","1","","39 54:42.900","1","0","75 13:51.700","3","0","0","0","67301","0","0","0","N","0","0","0","3","67301","0","","1.0","620.0","9","N","N","N","0","","1","0","0","","0","N","","2","1","0","0","0","0","0","2","0","2","","","","N","","","","","","","","","",""
"2020061906","2222","3","0","0","0","0","0","0","0","0","1","0","","67","7","2020","6","40.007006","-75.193051","2212","6","0","0","0","0","0","0","0","0","","0","0","0","","","0","N","0","","40 00:25.220","","3","75 11:34.983","0","0","0","0","67301","0","0","0","N","0","0","0","3","67301","0","","1.0","","1","N","N","N","0","","0","0","0","","0","","","3","0","0","0","0","0","0","2","0","3","","03","","N","","","","","","","","","",""
"2020105526","2352","2","0","0","0","0","0","0","0","0","7","0","","67","11","2020","5","39.95898","-75.170659","2327","6","0","0","0","0","0","1","0","0","","0","0","0","","","0","N","0","","39 57:32.328","","0","75 10:14.374","0","0","0","0","67301","0","0","0","Y","0","0","0","3","68K01","0","","4.0","","1","N","N","N","0","","0","0","1","","0","","","3","0","0","0","0","0","0","2","0","3","","","","N","","","","","","","","","",""
"2020061265","0819","3","0","0","0","0","0","0","0","0","5","0","","67","7","2020","2","40.025236","-75.182806","0819","6","0","0","0","0","0","0","0","0","","0","0","0","","","0","N","0","","40 01:30.850","7","0","75 10:58.100","0","0","0","0","67301","0","0","0","N","0","0","0","1","67301","0","","6.0","855.0","1","N","N","N","0","","0","0","0","","0","Y","","3","0","0","0","0","0","0","2","0","3","","03","","N","","","","","","","","","",""
"2020062117","1855","1","0","0","0","0","0","0","0","0","4","0","","67","7","2020","6","40.011998","-75.069977","1849","6","0","0","0","0","0","0","0","0","","0","0","0","","","2","","1","","40 00:43.192","","0","75 04:11.917","3","0","0","0","67301","0","0","0","N","0","0","0","4","67301","0","","1.0","","1","N","N","N","0","","2","0","0","","3","","","2","2","0","0","0","0","0","2","0","2","","03","","N","","","","","","","","","",""
"2020105114","1733","0","0","0","0","0","0","0","0","0","8","0","","67","12","2020","7","40.066128","-75.063046","1728","6","0","0","0","0","0","0","0","0","","0","0","0","","","1","","1","","40 03:58.061","","0","75 03:46.964","3","0","0","0","67301","1","0","0","N","1","0","0","2","67301","0","","1.0","","1","N","N","N","0","","1","0","1","","2","","","2","1","0","0","0","0","1","2","0","1","","03","","N","","","","","","","","","",""
"2020059514","0115","1","0","0","0","0","0","0","0","0","7","0","","67","7","2020","2","39.948373","-75.210386","0108","6","0","0","0","0","0","0","0","0","","0","0","0","","","0","N","0","","39 56:54.141","","0","75 12:37.391","9","0","0","0","67301","0","0","0","N","0","0","0","3","67301","0","","4.0","","1","N","N","N","0","","0","0","0","","0","","","1","0","0","0","0","0","3","2","0","1","","","","N","","","","","","","","","",""
"2020104796","0806","1","0","0","0","0","0","0","0","0","1","1","","67","12","2020","6","40.006535","-75.118168","0804","6","0","0","0","0","0","0","0","0","","0","0","0","","","1","N","0","","40 00:23.527","","0","75 07:05.405","4","0","0","0","67301","0","0","0","N","0","0","0","1","67301","1","","6.0","","1","N","N","N","0","","0","0","0","","0","","","2","1","1","0","0","0","0","2","0","2","","03","","N","","","","","","","","","",""
"2020060564","1106","1","0","0","0","0","0","0","0","0","4","0","","67","7","2020","7","40.024274","-75.130411","1100","6","0","0","0","0","0","1","0","0","","0","0","0","","","0","","1","","40 01:27.386","","0","75 07:49.479","0","0","0","0","67301","0","0","0","N","0","0","0","2","67301","0","","1.0","","1","N","N","Y","0","","0","0","0","","2","","","3","0","0","0","0","0","0","2","2","3","","03","","N","","","","","","","","","",""
"2020060203","1448","0","0","0","0","0","0","0","0","0","7","0","45","67","7","2020","6","39.976728","-75.114042","1420","6","0","0","0","0","0","0","0","0","","0","0","0","","","3","N","0","","39 58:36.221","2","0","75 06:50.551","8","0","0","0","67301","0","0","0","N","0","0","0","5","68K01","0","","2.0","1455.0","9","N","N","N","0","","0","0","1","","0","Y","","1","3","5","0","0","3","0","2","0","1","","","N","Y","4","1","","","N","","","","Y","N"
"2020067571","1334","1","0","0","0","0","0","0","0","0","5","0","","67","7","2020","5","39.943522","-75.192461","1316","6","0","0","0","0","0","2","0","0","","0","0","0","","","0","N","0","","39 56:36.680","2","3","75 11:32.859","0","0","0","0","67301","0","0","0","N","0","0","0","3","68K01","0","","1.0","1425.0","1","N","N","N","0","","0","0","2","","0","N","","3","0","1","0","0","0","0","2","0","3","","","","N","","","","","","","","","",""
"2020061098","1640","1","0","0","0","0","0","0","0","0","1","0","","67","7","2020","5","39.987767","-75.153681","1632","6","0","0","0","0","0","0","0","0","","0","0","0","","","0","N","0","","39 59:15.960","","0","75 09:13.250","0","0","0","0","67301","0","0","0","N","0","0","0","1","67301","0","","6.0","","1","N","N","N","0","","0","0","2","","0","","","3","0","0","0","0","0","0","2","0","3","","04","","N","","","","","","","","","",""
"2020058915","1235","1","0","0","0","0","0","0","0","0","2","0","","67","7","2020","1","39.953994","-75.234313","1212","6","0","0","0","0","0","0","0","0","","0","0","0","","","1","","1","","39 57:14.378","","0","75 14:03.526","3","0","0","0","67301","0","0","0","N","0","0","0","2","67301","0","","1.0","","1","N","N","N","0","","1","0","0","","2","","","2","1","0","0","0","0","0","2","0","2","","03","","N","","","","","","","","","",""
"2020058870","2329","1","0","0","0","0","0","0","0","0","4","0","","67","7","2020","7","40.100477","-75.029684","2312","6","0","0","0","0","0","0","0","0","","0","0","0","","","0","","2","","40 06:01.717","","7","75 01:46.863","9","0","0","0","67301","0","0","0","N","0","0","0","3","67301","0","","1.0","","1","N","N","N","0","","0","0","1","","2","","","2","0","1","0","0","0","1","2","0","2","","03","","N","","","","","","","","","",""
"2020052255","1640","1","0","0","0","0","0","0","0","0","4","0","","67","7","2020","6","40.008888","-75.071869","1631","6","0","0","0","1","0","1","0","0","","0","0","0","","","2","","5","","40 00:31.996","","0","75 04:18.728","3","0","0","0","67301","0","0","0","N","0","0","0","3","67301","0","","1.0","","1","N","N","N","0","","2","0","1","","2","","","2","2","3","0","0","0","0","2","0","2","","","","N","","","","","","","","","",""
"2020060674","1640","1","0","0","0","0","0","0","0","0","1","0","","67","7","2020","5","40.007671","-75.138834","1634","6","0","0","0","0","0","1","0","0","","0","0","0","","","3","","1","","40 00:27.617","","0","75 08:19.804","4","0","0","0","67301","0","0","0","N","0","0","0","4","67301","1","","1.0","","1","N","N","N","0","","0","0","1","","2","","","2","3","1","0","0","2","0","2","0","2","","03","","N","","","","","","","","","",""
"2020060547","2059","0","0","0","0","0","0","0","0","0","7","0","","67","7","2020","2","39.984169","-75.166492","2046","6","0","0","0","0","0","0","0","0","","0","0","0","","","1","N","0","","39 59:03.010","","0","75 09:59.370","8","0","0","0","67301","0","0","0","N","0","0","0","1","67301","0","","4.0","","1","N","N","N","0","","0","0","1","","0","","","1","1","1","0","0","1","0","2","0","1","","03","","N","","","","","","","","","",""
"2020060527","1107","1","0","0","0","0","0","0","0","0","7","0","","67","7","2020","4","39.925401","-75.244663","1104","6","0","0","0","0","0","0","0","0","","0","0","0","","","0","N","0","","39 55:31.442","","0","75 14:40.785","9","0","0","0","67301","0","0","0","N","0","0","0","1","67301","0","","4.0","","1","N","N","N","0","","0","0","0","","0","","","2","0","0","0","0","0","1","2","0","1","","03","","N","","","","","","","","","",""
"2020095599","0953","1","0","0","0","0","0","0","0","0","4","0","","67","11","2020","6","39.921524","-75.170366","0948","6","0","0","0","0","0","0","0","0","","0","0","0","","","1","N","0","","39 55:17.486","2","0","75 10:13.319","8","0","0","0","67301","0","0","0","N","0","0","0","2","67301","0","","1.0","1045.0","1","N","N","N","0","","0","0","1","","0","Y","","2","1","0","0","0","1","0","2","0","2","","","","N","","","","","","","","","",""
"2020061623","0845","2","0","0","0","0","0","0","0","0","4","0","","67","7","2020","5","39.928626","-75.144728","0830","6","0","0","0","0","0","0","1","0","","0","0","0","","","2","","2","","39 55:43.055","","0","75 08:41.019","2","0","0","0","67301","0","0","0","N","0","0","0","2","67301","0","","1.0","","1","N","N","N","0","","0","2","0","","0","","","2","2","0","0","0","0","0","2","0","2","","","","N","","","","","","","","","",""
"2020054280","1044","1","0","0","0","0","0","0","0","0","8","0","","67","7","2020","7","40.039047","-75.144609","1042","6","0","0","0","0","0","0","0","0","","0","0","0","","","1","","1","","40 02:20.569","1","0","75 08:40.591","2","0","0","0","67301","1","0","1","N","1","0","1","2","67301","0","","1.0","1100.0","1","N","N","N","0","","0","1","0","","2","N","","2","1","0","0","0","0","0","2","0","1","","","","N","","","","","","","","","",""
"2020051748","1846","1","0","0","0","0","0","0","0","0","8","0","","67","6","2020","3","40.022406","-75.044422","1840","6","0","0","0","0","0","0","0","0","","0","0","0","","","1","N","0","","40 01:20.660","2","0","75 02:39.920","2","0","0","0","67301","1","0","1","N","1","0","1","3","67301","0","","1.0","1946.0","1","N","N","N","0","","0","1","0","","0","N","","2","1","0","0","0","0","0","2","0","1","","","","N","","","","","","","","","",""
"2020052134","2146","2","0","2","0","0","0","0","0","0","4","0","","67","7","2020","5","40.012279","-75.161615","2145","6","0","0","0","0","0","1","0","0","","0","0","0","","","2","N","0","","40 00:44.204","","0","75 09:41.813","2","0","0","0","67301","0","0","0","N","0","0","0","3","67301","0","","1.0","","1","N","N","N","0","","0","2","0","","0","","","2","2","0","0","0","0","1","2","0","2","","03","","N","","","","","","","","","",""
"2020052267","1910","0","0","0","0","0","0","0","0","0","5","0","","67","7","2020","6","40.016775","-75.175069","1908","6","0","0","0","0","0","1","0","0","","0","0","0","","","1","N","0","","40 01:00.390","","0","75 10:30.250","8","0","0","1","67301","0","0","0","N","0","0","0","2","67301","0","","1.0","","1","N","N","N","0","","0","0","0","","0","","","2","1","0","0","0","1","0","2","0","2","","","","N","","","","","","","","","",""
"2020105741","0936","0","0","0","0","0","0","0","0","0","8","0","","67","12","2020","2","40.038428","-75.036185","0928","6","0","0","0","0","0","0","0","0","","0","0","0","","","1","","1","","40 02:18.342","","0","75 02:10.265","3","0","0","0","67301","1","0","0","N","1","0","0","1","67301","0","","1.0","","1","N","N","N","0","","1","0","0","","2","","","2","1","0","0","0","0","0","2","0","1","","03","","N","","","","","","","","","",""
"2020058816","1142","2","0","0","0","0","0","0","0","0","5","0","","67","7","2020","7","39.942443","-75.142945","1127","6","0","0","0","0","0","0","0","0","","0","0","0","","","2","N","0","","39 56:32.793","1","0","75 08:34.601","3","0","0","0","67301","0","0","0","N","0","0","0","4","68K01","0","","1.0","1250.0","1","N","N","N","0","","2","0","0","","0","N","","2","2","0","0","0","0","0","2","0","2","","","","N","","","","","","","","","",""
"2020050957","1005","0","0","0","0","0","0","0","0","0","4","0","","67","6","2020","1","39.928803","-75.168779","0957","6","0","0","0","0","0","0","0","0","","0","0","0","","","1","N","0","","39 55:43.690","","0","75 10:07.604","3","0","0","1","67301","0","0","0","N","0","0","0","2","67301","0","","1.0","","1","N","N","N","0","","1","0","1","","0","","","2","1","0","0","0","0","0","2","0","2","","03","","N","","","","","","","","","",""
"2020097134","1458","1","0","0","0","0","0","0","0","0","7","0","","67","11","2020","1","39.932864","-75.199853","1457","6","0","0","0","0","0","0","0","0","","0","0","0","","","0","N","0","","39 55:58.310","","0","75 11:59.470","0","0","0","0","67301","0","0","0","N","0","0","0","1","67301","0","","1.0","","9","N","N","N","0","","0","0","0","","0","","","1","0","0","0","0","0","0","2","0","1","","04","","N","","","","","","","","","",""
"2020051874","2334","1","0","0","0","0","0","0","0","0","7","0","","67","7","2020","4","39.985444","-75.2115","2330","6","0","0","0","0","0","0","0","0","","0","0","0","","","1","N","0","","39 59:07.600","","0","75 12:41.400","4","0","0","0","67301","0","0","0","N","0","0","0","1","67301","1","","4.0","","1","N","N","N","0","","0","0","0","","0","","","2","1","0","0","0","0","0","2","0","1","","","","N","","","","","","","","","",""
"2020095600","1855","1","0","0","0","0","0","0","0","0","8","0","","67","11","2020","2","39.938978","-75.158131","1850","6","0","0","0","0","0","0","0","0","","0","0","0","","","1","N","0","","39 56:20.320","","0","75 09:29.270","3","0","0","0","67301","1","0","0","N","1","0","0","2","67301","0","","1.0","","1","N","N","N","0","","1","0","0","","2","","","2","1","0","0","0","0","0","2","0","1","","03","","N","","","","","","","","","",""
"2020060539","1745","1","0","0","0","0","0","0","0","0","4","0","","67","7","2020","2","39.953763","-75.236423","1737","6","0","0","0","1","1","0","0","0","","0","0","0","","","1","","1","","39 57:13.546","","0","75 14:11.122","3","0","0","0","67301","0","0","0","N","0","0","0","2","67301","0","","1.0","","1","N","N","N","0","","1","0","1","","3","","","2","1","0","0","0","0","0","2","0","2","","","","N","","","","","","","","","",""
"2020105739","0730","4","0","0","0","0","0","0","0","0","5","0","","67","12","2020","1","40.073183","-75.162633","0721","6","0","0","0","0","0","1","0","0","","0","0","0","","","0","N","0","","40 04:23.460","1","0","75 09:45.480","0","0","0","0","67301","0","0","0","N","0","0","0","1","67301","0","","6.0","926.0","1","N","N","N","0","","0","0","0","","0","N","","4","0","0","0","0","0","0","2","0","4","","03","","N","","","","","","","","","",""
"2020058809","1338","0","0","0","0","0","0","0","0","0","7","0","","67","7","2020","5","39.982433","-75.100336","1330","6","0","0","0","0","0","0","0","0","","0","0","0","","","0","N","0","","39 58:56.758","2","0","75 06:01.211","0","0","0","0","67301","0","0","0","N","0","0","0","2","68K01","0","","4.0","15.0","1","N","N","N","1","","0","0","0","","0","N","","1","0","0","0","0","0","0","2","0","1","","","","N","","","","","","","","","",""
"2020059123","1623","2","0","0","0","0","0","0","0","0","5","0","","67","7","2020","1","39.9982","-75.110331","1618","6","0","0","0","0","0","1","0","0","","0","0","0","","","0","N","0","","39 59:53.520","","1","75 06:37.190","0","0","0","0","67301","0","0","0","N","0","0","0","1","67301","0","","6.0","","1","N","N","N","0","","0","0","0","","0","","","2","0","0","0","0","0","0","2","0","2","","03","","N","","","","","","","","","",""
"2020059551","0005","0","0","0","0","0","0","0","0","0","4","0","","67","7","2020","1","40.03156","-75.06329","0003","6","0","0","0","0","0","0","0","0","","0","0","0","","","1","","5","","40 01:53.617","","0","75 03:47.844","2","0","1","1","67301","0","0","0","N","0","0","0","2","67301","0","","1.0","","1","N","N","N","0","","0","1","1","","2","","","2","1","0","0","0","0","0","2","0","2","","03","","N","","","","","","","","","",""
"2020059122","1636","2","0","0","0","0","0","0","0","0","5","0","","67","7","2020","7","39.955378","-75.232325","1633","6","0","0","0","1","0","0","0","0","","0","0","0","","","0","N","0","","39 57:19.360","","0","75 13:56.370","0","0","0","0","67301","0","0","0","N","0","0","0","1","67301","0","","6.0","","1","N","N","N","0","","0","0","1","","0","","","4","0","1","0","0","0","0","2","1","4","","03","","N","","","","","","","","","",""
"2020060523","1934","1","0","0","0","0","0","0","0","0","4","0","","67","7","2020","7","39.915932","-75.245269","1933","6","0","0","0","0","0","0","0","0","","0","0","0","","","1","","2","","39 54:57.355","","0","75 14:42.969","3","0","0","1","67301","0","0","0","N","0","0","0","2","67301","0","","1.0","","1","N","N","Y","0","","1","0","0","","0","","","2","1","0","0","0","0","0","2","0","2","","03","","N","","","","","","","","","",""
"2020052546","0830","1","0","0","0","0","0","0","0","0","5","0","","67","7","2020","6","40.080757","-75.028601","0827","6","0","0","0","0","0","1","0","1","","0","0","0","","","3","","1","","40 04:50.725","1","0","75 01:42.964","3","0","0","0","67301","0","0","0","N","0","0","0","3","67301","0","","1.0","130.0","1","N","N","N","0","","2","0","1","","2","Y","","3","3","2","0","0","1","0","2","1","3","","03","","N","","","","","","","","","",""
"2020051373","2332","1","0","0","0","0","0","0","0","0","4","0","","67","6","2020","3","40.022833","-75.148284","2331","6","0","0","0","0","0","0","0","1","","0","0","0","","","4","","5","","40 01:22.197","5","0","75 08:53.823","3","0","0","0","67301","0","0","0","N","0","0","0","5","67301","3","","1.0","58.0","1","N","N","N","0","","1","0","2","","2","Y","","3","4","0","0","0","0","1","2","0","3","","","","N","","","","","","","","","",""
"2020059148","1901","1","0","0","0","0","0","0","0","0","4","0","","67","7","2020","7","40.042334","-75.127303","1900","6","0","0","0","0","0","0","0","0","","0","0","0","","","1","","1","","40 02:32.402","","0","75 07:38.290","8","0","0","0","67301","0","0","0","N","0","0","0","2","67301","0","","1.0","","1","N","N","N","1","","0","0","0","","3","","","2","1","0","0","0","1","0","2","0","2","","03","","N","","","","","","","","","",""
"2020055593","0728","2","0","0","0","0","0","0","0","0","4","0","","67","7","2020","3","40.013174","-75.070434","0724","6","0","0","0","0","0","1","0","0","","0","0","0","","","3","","1","","40 00:47.428","5","0","75 04:13.562","3","0","0","0","67301","0","0","0","N","0","0","0","3","67301","0","","1.0","922.0","1","N","N","Y","1","","3","0","1","","2","Y","","5","3","0","0","0","0","0","2","1","5","","","","N","","","","","","","","","",""
"2020051927","1305","1","0","0","0","0","0","0","0","0","4","0","","67","7","2020","6","40.004704","-75.152241","1300","6","0","1","0","0","0","1","0","0","","0","0","0","","","1","N","1","","40 00:16.936","","0","75 09:08.069","8","0","0","0","67301","0","0","0","N","0","0","0","2","67505","0","","1.0","","1","N","N","N","0","","0","0","1","","2","","","2","1","1","0","0","1","0","2","0","2","","04","","N","","","","","","","","","",""
"2020060540","1323","1","0","0","0","0","0","0","0","0","4","0","","67","7","2020","3","39.951191","-75.232791","1320","6","0","0","0","0","0","0","0","0","","0","0","0","","","1","","1","","39 57:04.287","7","0","75 13:58.047","3","0","0","0","67301","0","0","0","N","0","0","0","2","67301","0","","1.0","1600.0","1","N","N","N","0","","1","0","1","","2","Y","","2","1","0","0","0","0","0","2","0","2","","03","","N","","","","","","","","","",""
"2020060522","1635","0","0","0","0","0","0","0","0","0","5","0","","67","7","2020","7","39.932572","-75.230216","1635","6","0","0","0","0","0","0","0","0","","0","0","0","","","1","","1","","39 55:57.258","","0","75 13:48.778","3","0","0","1","67301","0","0","0","N","0","0","0","1","67301","0","","1.0","","1","N","N","N","0","","1","0","1","","2","","","3","1","0","0","0","0","0","2","0","2","","03","","N","","","","","","","","","",""
"2020051134","1210","0","0","0","0","0","0","0","0","0","8","0","","67","6","2020","2","39.977683","-75.266236","1208","6","0","0","0","0","0","1","0","0","","0","0","0","","","1","N","0","","39 58:39.660","","0","75 15:58.451","2","0","0","0","67301","1","0","1","N","1","0","1","2","67301","0","","1.0","","1","N","N","N","0","","0","1","1","","0","","","2","1","0","0","0","0","0","2","0","1","","03","","N","","","","","","","","","",""
"2020061630","0128","2","0","0","0","0","0","1","0","0","6","1","","67","7","2020","3","40.021472","-75.125861","0118","6","0","0","0","0","0","0","0","0","","0","0","0","","","0","N","0","","40 01:17.300","","0","75 07:33.100","0","0","0","0","67301","0","0","0","N","0","0","0","2","67508","0","","1.0","","1","N","N","Y","0","","0","0","0","","0","","","3","0","0","0","0","0","0","2","0","3","","03","","N","","","","","","","","","",""
"2020063419","1300","0","0","0","0","0","0","0","0","0","0","0","","67","8","2020","6","40.074357","-75.166072","1300","6","0","0","0","0","0","0","0","0","","0","0","0","","","1","","1","","40 04:27.685","","0","75 09:57.859","8","0","0","0","67301","0","0","0","N","0","0","0","1","67301","0","","1.0","","1","N","N","N","0","","0","0","0","","3","","","1","1","0","0","0","1","0","2","0","1","","04","","N","","","","","","","","","",""
"2020102654","1336","1","0","0","0","0","0","0","0","0","8","0","","67","11","2020","2","39.984525","-75.155336","1336","6","0","0","0","0","0","0","0","1","","0","0","0","","","1","","2","","39 59:04.290","","0","75 09:19.208","8","0","0","0","67301","1","0","0","N","1","0","0","2","67505","0","","1.0","","1","N","N","N","0","","0","0","0","","3","","","2","1","0","0","0","1","0","2","0","1","","03","","N","","","","","","","","","",""
"2020105506","2213","1","0","0","0","0","0","0","0","0","5","1","","67","11","2020","1","39.899654","-75.163497","2200","6","0","0","0","0","0","1","0","0","","0","1","0","","","1","N","0","","39 53:58.753","2","0","75 09:48.589","4","0","0","0","67301","0","0","0","N","0","0","0","2","68K01","1","","1.0","2300.0","9","N","N","Y","0","","0","0","0","","0","N","","2","1","1","0","0","0","0","2","0","2","","","","N","","","","","","","","","",""
"2020060577","0543","3","0","0","0","0","0","0","0","0","1","0","","67","7","2020","1","40.018998","-75.164903","0533","6","0","0","0","0","0","0","0","1","","0","0","0","","","0","N","0","","40 01:08.392","2","0","75 09:53.650","0","0","0","0","67301","0","0","0","N","0","0","0","3","67301","0","","1.0","700.0","1","N","N","N","0","","0","0","0","","0","Y","","3","0","0","0","0","0","0","2","0","3","","03","","N","","","","","","","","","",""
"2020060862","1215","2","0","0","0","0","0","0","0","0","4","0","","67","7","2020","6","40.00468","-75.152126","1210","6","0","0","0","0","0","0","0","0","","0","0","0","","","0","","1","","40 00:16.847","","0","75 09:07.652","9","0","0","0","67301","0","0","0","N","0","0","0","6","67505","0","","1.0","","1","N","N","Y","0","","0","0","0","","2","","","3","0","0","0","0","0","2","2","1","3","","03","","N","","","","","","","","","",""