"CRN","ARRIVAL_TM","AUTOMOBILE_COUNT","BELTED_DEATH_COUNT","BELTED_SUSP_SERIOUS_INJ_COUNT","BICYCLE_COUNT","BICYCLE_DEATH_COUNT","BICYCLE_SUSP_SERIOUS_INJ_COUNT","BUS_COUNT","CHLDPAS_DEATH_COUNT","CHLDPAS_SUSP_SERIOUS_INJ_COUNT","COLLISION_TYPE","COMM_VEH_COUNT","CONS_ZONE_SPD_LIM","COUNTY","CRASH_MONTH","CRASH_YEAR","DAY_OF_WEEK","DEC_LATITUDE","DEC_LONGITUDE","DISPATCH_TM","DISTRICT","DRIVER_COUNT_16YR","DRIVER_COUNT_17YR","DRIVER_COUNT_18YR","DRIVER_COUNT_19YR","DRIVER_COUNT_20YR","DRIVER_COUNT_50_64YR","DRIVER_COUNT_65_74YR","DRIVER_COUNT_75PLUS","EST_HRS_CLOSED","FATAL_COUNT","HEAVY_TRUCK_COUNT","HORSE_BUGGY_COUNT","HOUR_OF_DAY","ILLUMINATION","INJURY_COUNT","INTERSECTION_RELATED","INTERSECT_TYPE","LANE_CLOSED","LATITUDE","LN_CLOSE_DIR","LOCATION_TYPE","LONGITUDE","MAX_SEVERITY_LEVEL","MCYCLE_DEATH_COUNT","MCYCLE_SUSP_SERIOUS_INJ_COUNT","MOTORCYCLE_COUNT","MUNICIPALITY","NONMOTR_COUNT","NONMOTR_DEATH_COUNT","NONMOTR_SUSP_SERIOUS_INJ_COUNT","NTFY_HIWY_MAINT","PED_COUNT","PED_DEATH_COUNT","PED_SUSP_SERIOUS_INJ_COUNT","PERSON_COUNT","POLICE_AGCY","POSSIBLE_INJ_COUNT","RDWY_SURF_TYPE_CD","RELATION_TO_ROAD","ROADWAY_CLEARED","ROAD_CONDITION","SCH_BUS_IND","SCH_ZONE_IND","SECONDARY_CRASH","SMALL_TRUCK_COUNT","SPEC_JURIS_CD","SUSP_MINOR_INJ_COUNT","SUSP_SERIOUS_INJ_COUNT","SUV_COUNT","TCD_FUNC_CD","TCD_TYPE","TFC_DETOUR_IND","TIME_OF_DAY","TOTAL_UNITS","TOT_INJ_COUNT","UNBELTED_OCC_COUNT","UNB_DEATH_COUNT","UNB_SUSP_SERIOUS_INJ_COUNT","UNK_INJ_DEG_COUNT","UNK_INJ_PER_COUNT","URBAN_RURAL","VAN_COUNT","VEHICLE_COUNT","WEATHER1","WEATHER2","WORKERS_PRES","WORK_ZONE_IND","WORK_ZONE_LOC","WORK_ZONE_TYPE","WZ_CLOSE_DETOUR","WZ_FLAGGER","WZ_LAW_OFFCR_IND","WZ_LN_CLOSURE","WZ_MOVING","WZ_OTHER","WZ_SHLDER_MDN","WZ_WORKERS_INJ_KILLED"
"2020060003","1529","0","0","0","0","0","0","0","0","0","1","0","","67","7","2020","1","39.909028","-75.150972","1527","6","0","0","0","0","0","1","0","0","","0","0","0","","","1","N","0","","39 54:32.500","4","3","75 09:03.500","8","0","0","0","67301","0","0","0","N","0","0","0","2","67501","0","","1.0","1618.0","1","N","N","N","0","","0","0","2","","8","N","","2","1","0","0","0","1","0","2","0","2","","03","","N","","","","","","","","","",""
"2020054128","1236","2","0","0","0","0","0","0","0","0","4","0","","67","7","2020","7","39.917522","-75.236976","1230","6","0","0","0","0","0","0","0","0","","0","0","0","","","3","N","0","","39 55:03.080","","7","75 14:13.115","8","0","0","0","67301","0","0","0","N","0","0","0","3","67301","0","","1.0","","1","N","N","N","0","","0","0","0","","0","","","3","3","0","0","0","3","0","2","1","3","","03","","N","","","","","","","","","",""
"2020063200","1641","0","0","0","0","0","0","0","0","0","1","0","","67","7","2020","3","39.947687","-75.187509","1626","6","0","0","0","0","0","0","0","0","","0","0","0","","","0","N","0","","39 56:51.674","","0","75 11:15.034","0","0","0","0","67301","0","0","0","N","0","0","0","2","68K01","0","","1.0","","1","N","N","N","0","","0","0","2","","0","","","2","0","0","0","0","0","0","2","0","2","","03","","N","","","","","","","","","",""
"2020051477","2355","1","0","0","0","0","0","0","0","0","4","0","","67","6","2020","3","39.957013","-75.213331","2350","6","0","0","1","0","0","0","0","0","","0","0","0","","","1","","1","","39 57:25.245","3","0","75 12:47.990","3","0","0","0","67301","0","0","0","N","0","0","0","3","67301","0","","1.0","100.0","1","N","N","N","0","","1","0","1","","2","N","","2","1","0","0","0","0","1","2","0","2","","03","","N","","","","","","","","","",""
"2020103033","1720","1","0","0","0","0","0","1","0","0","1","1","","67","11","2020","3","39.973776","-75.245295","1710","6","0","0","0","0","0","1","0","0","","0","0","0","","","0","","1","","39 58:25.594","1","0","75 14:43.063","0","0","0","0","67301","0","0","0","N","0","0","0","2","67508","0","","1.0","9999.0","1","N","N","Y","0","","0","0","0","","2","Y","","2","0","0","0","0","0","0","2","0","2","","03","","N","","","","","","","","","",""
"2020063429","1855","2","0","0","0","0","0","0","0","0","0","0","","67","8","2020","5","39.991066","-75.180675","1855","6","0","0","0","0","0","0","0","0","","0","0","0","","","0","N","0","","39 59:27.838","3","0","75 10:50.430","0","0","0","0","67301","0","0","0","N","0","0","0","1","67301","0","","1.0","1940.0","1","N","N","N","0","","0","0","0","","0","Y","","2","0","0","0","0","0","0","2","0","2","","03","","N","","","","","","","","","",""
"2020050908","1725","1","0","0","0","0","0","0","0","0","4","0","","67","6","2020","2","40.070473","-75.155211","1725","6","0","0","0","0","0","0","0","0","","0","0","0","","","1","N","3","","40 04:13.704","","0","75 09:18.759","4","0","0","0","67301","0","0","0","N","0","0","0","2","67301","1","","1.0","","1","N","N","N","0","","0","0","2","","3","","","3","1","0","0","0","0","0","2","0","3","","03","","N","","","","","","","","","",""
"2020055237","0205","0","0","0","0","0","0","0","0","0","4","0","","67","7","2020","3","39.990508","-75.140546","0203","6","0","0","0","0","0","0","0","0","","0","0","0","","","1","","1","","39 59:25.828","","0","75 08:25.965","8","0","0","1","67301","0","0","0","N","0","0","0","2","67301","0","","1.0","","1","N","N","N","0","","0","0","0","","2","","","2","1","0","0","0","1","0","2","1","2","","03","","N","","","","","","","","","",""
"2020054454","0905","2","0","0","0","0","0","0","0","0","4","0","","67","7","2020","7","40.031099","-75.177779","0905","6","0","0","0","0","0","1","0","0","","0","0","0","","","0","","2","","40 01:51.956","","7","75 10:40.006","0","0","0","0","67301","0","0","0","N","0","0","0","2","67301","0","","1.0","","1","N","N","N","0","","0","0","0","","2","","","2","0","0","0","0","0","0","2","0","2","","03","","N","","","","","","","","","",""
"2020058869","0300","1","0","0","0","0","0","0","0","0","5","0","","67","7","2020","1","39.978675","-75.157803","0259","6","0","0","0","0","0","0","0","0","","0","0","0","","","0","","1","","39 58:43.230","","0","75 09:28.092","0","0","0","0","67301","0","0","0","N","0","0","0","3","67505","0","","1.0","","1","N","N","N","0","","0","0","1","","2","","","2","0","0","0","0","0","0","2","0","2","","03","","N","","","","","","","","","",""
"2020060983","2046","1","0","0","0","0","0","0","0","0","4","0","","67","7","2020","5","39.998137","-75.138861","2043","6","0","0","0","0","0","0","0","0","","0","0","0","","","2","","1","","39 59:53.293","","0","75 08:19.899","3","0","0","0","67301","0","0","0","N","0","0","0","3","67301","0","","1.0","","1","N","N","N","0","","2","0","1","","2","","","2","2","3","0","0","0","0","2","0","2","","","","N","","","","","","","","","",""
"2020105879","1223","0","0","0","0","0","0","0","0","0","8","1","","67","12","2020","2","39.949826","-75.161956","1221","6","0","0","0","0","0","1","0","0","","0","1","0","","","1","","1","","39 56:59.372","","0","75 09:43.043","3","0","0","0","67301","1","0","0","N","1","0","0","2","67301","0","","4.0","","1","N","N","N","0","","1","0","0","","2","","","2","1","0","0","0","0","0","2","0","1","","03","","N","","","","","","","","","",""
"2020060506","0834","0","0","0","0","0","0","0","0","0","1","0","","67","7","2020","3","40.036102","-75.087876","0827","6","0","0","0","0","0","0","0","0","","0","1","0","","","2","","1","","40 02:09.968","2","0","75 05:16.352","3","0","0","0","67301","0","0","0","N","0","0","0","4","67301","0","","1.0","925.0","1","N","N","N","0","","2","0","1","","2","Y","","3","2","0","0","0","0","0","2","0","3","","","","N","","","","","","","","","",""
"2020051272","1818","2","0","0","0","0","0","0","0","0","1","0","","67","6","2020","1","40.134374","-75.009144","1814","6","0","0","0","0","0","0","0","1","","0","0","0","","","1","","1","","40 08:03.746","","0","75 00:32.919","8","0","0","0","67301","0","0","0","N","0","0","0","3","67301","0","","1.0","","1","N","N","N","0","","0","0","0","","4","","","2","1","0","0","0","1","0","2","0","2","","03","","N","","","","","","","","","",""
"2020051986","1010","3","0","0","0","0","0","0","0","0","1","0","","67","7","2020","6","40.027388","-75.093067","0955","6","1","0","0","0","0","0","0","0","","0","0","0","","","3","N","0","","40 01:38.598","2","0","75 05:35.041","3","0","0","0","67301","0","0","0","N","0","0","0","4","67301","0","","1.0","200.0","1","N","N","N","0","","3","0","0","","0","N","","3","3","1","0","0","0","0","2","0","3","","","","N","","","","","","","","","",""
"2020104831","1425","0","0","0","0","0","0","0","0","0","1","0","","67","11","2020","4","39.956791","-75.154195","1425","6","0","0","0","0","0","1","0","0","","0","0","0","","","0","N","0","","39 57:24.447","","0","75 09:15.101","0","0","0","0","67301","0","0","0","N","0","0","0","4","68K01","0","","3.0","","1","N","N","N","0","","0","0","1","","0","","","2","0","0","0","0","0","0","2","1","2","","","","N","","","","","","","","","",""
"2020064892","1920","1","0","0","0","0","0","0","0","0","7","0","","67","8","2020","7","39.996127","-75.19699","1908","6","0","0","1","0","0","0","0","0","","0","0","0","","","1","N","0","","39 59:46.058","4","0","75 11:49.165","8","0","0","0","67301","0","0","0","N","0","0","0","1","68K01","0","","4.0","30.0","1","N","N","N","0","","0","0","0","","0","N","","1","1","1","0","0","1","0","2","0","1","","","","N","","","","","","","","","",""
"2020059298","2300","1","0","0","0","0","0","0","0","0","4","0","","67","7","2020","1","39.95199","-75.226537","2300","6","0","0","0","0","0","0","0","0","","0","0","0","","","0","","1","","39 57:07.163","2","0","75 13:35.533","0","0","0","0","67301","0","0","0","N","0","0","0","2","67301","0","","1.0","2335.0","1","N","N","N","0","","0","0","1","","2","N","","2","0","0","0","0","0","0","2","0","2","","03","","N","","","","","","","","","",""
"2020087655","","0","0","0","0","0","0","0","0","0","1","0","","67","8","2020","3","39.987379","-75.252086","","6","0","0","0","0","0","0","0","0","","0","0","0","","","3","Y","0","","39 59:14.566","","0","75 15:07.508","8","0","0","0","67301","0","0","0","N","0","0","0","4","00000","0","","1.0","","1","","","N","0","","0","0","2","","2","","","2","3","0","0","0","3","0","2","0","2","","","","N","","","","","","","","","",""
"2020106653","0835","1","0","0","0","0","0","0","0","0","8","0","","67","12","2020","4","40.009733","-75.196091","0824","6","0","0","0","0","0","0","0","0","","0","0","0","","","1","N","0","","40 00:35.039","","99","75 11:45.927","3","0","0","0","67301","1","0","0","N","1","0","0","2","67301","0","","1.0","","1","N","N","N","0","","1","0","0","","0","","","2","1","0","0","0","0","0","2","0","1","","03","","N","","","","","","","","","",""
"2020105496","1038","2","0","0","0","0","0","0","0","0","1","0","","67","11","2020","6","39.997525","-75.196296","1033","6","0","0","0","0","0","0","0","0","","0","0","0","","","1","N","0","","39 59:51.091","","0","75 11:46.664","8","0","0","0","67301","0","0","0","N","0","0","0","6","68K01","0","","1.0","","1","N","N","N","0","","0","0","0","","0","","","2","1","0","0","0","1","0","2","0","2","","03","","N","","","","","","","","","",""
"2020074770","1912","2","0","0","0","0","0","0","0","0","1","0","","67","9","2020","7","39.960207","-75.190892","1910","6","0","0","0","0","0","1","0","0","","0","0","0","","","1","","1","","39 57:36.745","","0","75 11:27.211","8","0","0","0","67301","0","0","0","N","0","0","0","5","67507","0","","1.0","","1","N","N","N","0","","0","0","0","","2","","","2","1","0","0","0","1","0","2","0","2","","03","","N","","","","","","","","","",""
"2020096064","2345","0","0","0","0","0","0","0","0","0","8","0","","67","11","2020","4","39.998953","-75.148011","2345","6","0","0","0","0","0","0","0","0","","0","0","0","","","1","N","0","","39 59:56.230","","0","75 08:52.840","3","0","0","0","67301","1","0","0","N","1","0","0","1","67301","0","","1.0","","99","N","N","N","0","","1","0","0","","0","U","","2","1","0","0","0","0","0","2","0","1","","","","N","","","","","","","","","",""
"2020060525","1632","2","0","0","0","0","0","0","0","0","4","0","","67","7","2020","2","39.916035","-75.236038","1630","6","0","0","0","1","0","1","0","0","","0","0","0","","","1","","1","","39 54:57.726","","0","75 14:09.736","4","0","0","0","67301","0","0","0","N","0","0","0","3","67301","1","","1.0","","1","N","N","N","0","","0","0","0","","2","","","2","1","2","0","0","0","0","2","0","2","","03","","N","","","","","","","","","",""
"2020084164","2146","1","0","0","0","0","0","0","0","0","7","0","","67","10","2020","6","40.016528","-75.202761","2141","6","0","0","0","0","0","1","0","0","","1","0","0","","","0","N","0","","40 00:59.500","6","0","75 12:09.940","1","1","0","1","67301","0","0","0","N","0","0","0","2","67301","0","2","3.0","2258.0","1","N","N","N","0","0","0","0","0","","0","N","","2","0","0","0","0","0","0","2","0","2","","03","","N","","","","","","","","","",""
"2020066883","1649","2","0","0","0","0","0","0","0","0","4","0","","67","7","2020","2","39.932955","-75.167759","1644","6","0","0","0","0","0","0","1","0","","0","0","0","","","1","","1","","39 55:58.639","4","0","75 10:03.934","2","0","1","1","67301","0","0","0","N","0","0","0","2","67301","0","","1.0","1830.0","1","N","N","N","0","","0","1","0","","2","Y","","3","1","1","0","0","0","0","2","0","3","","03","","N","","","","","","","","","",""
"2020058803","1116","1","0","0","0","0","0","0","0","0","1","0","","67","6","2020","2","39.960068","-75.179394","1108","6","0","0","0","0","0","0","0","1","","0","0","0","","","1","N","0","","39 57:36.245","4","3","75 10:45.819","3","0","0","0","67301","0","0","0","N","0","0","0","2","68K01","0","","1.0","1118.0","1","N","N","N","0","","1","0","1","","0","N","","2","1","1","0","0","0","0","2","0","2","","03","","N","","","","","","","","","",""
"2020050695","1933","0","0","0","0","0","0","0","0","0","7","0","","67","6","2020","1","40.060413","-75.084042","1926","6","0","0","0","0","0","0","0","0","","0","0","0","","","1","N","0","","40 03:37.487","","0","75 05:02.552","3","0","0","0","67301","0","0","0","N","0","0","0","1","67301","0","","4.0","","1","N","N","N","0","","1","0","1","","0","","","1","1","0","0","0","0","0","2","0","1","","03","","N","","","","","","","","","",""
"2020050470","1520","1","0","0","0","0","0","0","0","0","4","0","","67","6","2020","1","40.003694","-75.094394","1513","6","0","0","0","0","0","0","0","0","","0","0","0","","","2","","1","","40 00:13.298","","0","75 05:39.820","3","0","0","0","67301","0","0","0","N","0","0","0","3","67301","0","","1.0","","1","N","N","N","1","","2","0","1","","2","","","3","2","0","0","0","0","0","2","0","3","","03","","N","","","","","","","","","",""
"2020059519","1000","0","0","0","0","0","0","0","0","0","0","0","","67","7","2020","6","40.027764","-75.175978","0952","6","0","0","0","0","0","0","0","0","","0","0","0","","","1","N","0","","40 01:39.950","","0","75 10:33.520","3","0","0","0","67301","0","0","0","N","0","0","0","1","67301","0","","1.0","","1","N","N","N","0","","1","0","1","","0","","","1","1","0","0","0","0","0","2","0","1","","03","","N","","","","","","","","","",""
"2020094644","1040","0","0","0","0","0","0","0","0","0","8","0","","67","11","2020","7","40.08675","-75.025733","1025","6","0","0","0","0","0","1","0","0","","0","0","0","","","1","N","0","","40 05:12.300","","0","75 01:32.640","3","0","0","0","67301","1","0","0","N","1","0","0","2","67301","0","","1.0","","1","N","N","N","0","","1","0","1","","0","","","2","1","1","0","0","0","0","2","0","1","","03","","N","","","","","","","","","",""
"2020059549","0522","2","0","0","0","0","0","0","0","0","5","0","","67","7","2020","2","40.060872","-75.184031","0519","6","0","0","0","0","0","0","0","0","","0","0","0","","","0","N","0","","40 03:39.140","6","0","75 11:02.510","0","0","0","0","67301","0","0","0","N","0","0","0","1","67301","0","","6.0","621.0","1","N","N","N","0","","0","0","0","","0","N","","2","0","0","0","0","0","0","2","0","2","","03","","N","","","","","","","","","",""
"2020063416","1807","2","0","0","0","0","0","0","0","0","4","0","","67","8","2020","6","39.916354","-75.147095","1807","6","0","0","0","0","0","1","0","0","","0","0","0","","","0","","2","","39 54:58.874","3","0","75 08:49.542","0","0","0","0","67301","0","0","0","N","0","0","0","3","67301","0","","1.0","1915.0","9","N","N","N","0","","0","0","0","","3","N","","2","0","1","0","0","0","0","2","0","2","","","","N","","","","","","","","","",""
"2020055002","0130","1","0","0","0","0","0","0","0","0","6","0","","67","7","2020","7","40.059661","-75.201044","0130","6","0","0","0","1","0","0","0","0","","0","0","0","","","1","N","0","","40 03:34.780","","0","75 12:03.760","8","0","0","0","67301","0","0","0","N","0","0","0","3","67301","0","","1.0","","9","N","N","N","0","","0","0","1","","0","","","2","1","0","0","0","1","1","2","0","2","","07","","N","","","","","","","","","",""
"2020089395","1005","0","0","0","0","0","0","0","0","0","8","0","","67","9","2020","3","39.927238","-75.172381","1005","6","0","0","0","0","0","0","1","0","","0","0","0","","","1","","1","","39 55:38.056","","0","75 10:20.571","8","0","0","0","67301","1","0","0","N","1","0","0","2","67301","0","","1.0","","1","N","N","N","0","","0","0","1","","3","","","2","1","1","0","0","1","0","2","0","1","","","","N","","","","","","","","","",""
"2020105531","1932","0","0","0","0","0","0","0","0","0","0","0","","67","11","2020","6","39.88794","-75.203555","1924","6","0","0","0","0","0","0","1","0","","0","0","0","","","0","N","0","","39 53:16.583","1","3","75 12:12.797","0","0","0","0","67301","0","0","0","N","0","0","0","1","68K01","0","","1.0","2015.0","1","N","N","N","0","","0","0","1","","0","N","","1","0","0","0","0","0","0","2","0","1","","03","","N","","","","","","","","","",""
"2020100301","1644","2","0","0","0","0","0","0","0","0","5","0","","67","11","2020","2","39.985919","-75.093055","1639","6","0","0","0","1","0","0","0","0","","0","0","0","","","1","N","0","","39 59:09.309","","0","75 05:34.997","3","0","0","0","67301","0","0","0","N","0","0","0","2","68K01","0","","1.0","","1","N","N","N","0","","1","0","0","","8","","","2","1","0","0","0","0","0","2","0","2","","03","","N","","","","","","","","","",""
"2020052866","0214","1","0","0","0","0","0","0","0","0","7","0","","67","7","2020","7","39.900482","-75.155746","0208","6","0","0","0","0","0","0","0","0","","0","0","0","","","2","N","0","","39 54:01.734","1","3","75 09:20.686","8","0","0","0","67301","0","0","0","N","0","0","0","2","68K01","0","","4.0","237.0","1","N","N","N","0","","0","0","0","","0","N","","1","2","0","0","0","2","0","2","0","1","","03","","N","","","","","","","","","",""
"2020051996","1624","1","0","0","0","0","0","0","0","0","7","0","","67","7","2020","5","40.005474","-75.106482","1624","6","0","0","0","0","0","0","0","0","","0","0","0","","","1","N","0","","40 00:19.706","4","0","75 06:23.335","4","0","0","0","67301","0","0","0","N","0","0","0","1","67301","1","","4.0","1645.0","1","N","N","N","0","","0","0","0","","0","Y","","1","1","1","0","0","0","0","2","0","1","","03","","N","","","","","","","","","",""
"2020106643","1248","0","0","0","0","0","0","0","0","0","8","0","25","67","12","2020","3","39.961185","-75.24707","1247","6","0","0","0","0","0","1","0","0","","0","0","0","","","1","","1","","39 57:40.266","","0","75 14:49.451","3","0","0","0","67301","1","0","0","N","1","0","0","2","67301","0","","1.0","","1","N","N","N","0","","1","0","1","","2","","","2","1","0","0","0","0","0","2","0","1","","03","Y","Y","4","2","N","N","N","N","N","Y","N","Y"
"2020105484","2129","0","0","0","0","0","0","0","0","0","1","0","","67","11","2020","1","39.956989","-75.155922","2129","6","0","0","0","0","0","0","0","0","","0","0","0","","","1","N","0","","39 57:25.162","3","0","75 09:21.318","3","0","0","0","67301","0","0","0","N","0","0","0","3","68K01","0","","2.0","2100.0","9","N","N","N","0","","1","0","2","","0","N","","2","1","1","0","0","0","1","2","0","2","","","","N","","","","","","","","","",""
"2020063583","1840","1","0","0","0","0","0","0","0","0","5","0","","67","8","2020","7","39.957932","-75.225298","1839","6","0","0","0","0","0","0","0","0","","0","0","0","","","0","N","0","","39 57:28.554","","0","75 13:31.071","0","0","0","0","67301","0","0","0","N","0","0","0","2","67301","0","","1.0","","1","N","N","N","0","","0","0","1","","0","","","2","0","0","0","0","0","0","2","0","2","","03","","N","","","","","","","","","",""
"2020059552","0657","2","0","1","0","0","0","0","0","0","1","0","","67","7","2020","1","40.034629","-75.071139","0654","6","0","0","0","0","1","0","0","0","","0","0","0","","","1","","1","","40 02:04.664","","0","75 04:16.099","2","0","0","0","67301","0","0","0","N","0","0","0","3","67301","0","","1.0","","1","N","N","N","0","","0","1","1","","2","","","3","1","0","0","0","0","0","2","0","3","","03","","N","","","","","","","","","",""
"2020111417","0951","1","0","0","0","0","0","0","0","0","7","0","","67","12","2020","3","39.973888","-75.118335","0951","6","0","0","0","0","0","1","0","0","","1","0","0","","","0","N","0","","39 58:25.998","","0","75 07:06.007","1","0","0","0","67301","0","0","0","N","0","0","0","1","67301","0","1","4.0","","1","N","N","N","0","9","0","0","0","","0","","","1","0","1","1","0","0","0","2","0","1","","","","N","","","","","","","","","",""
"2020105324","1011","1","0","0","0","0","0","0","0","0","7","0","","67","12","2020","7","40.020116","-75.153181","1130","6","0","0","0","0","0","0","0","0","","0","0","0","","","0","N","0","","40 01:12.418","","0","75 09:11.452","9","0","0","0","67301","0","0","0","N","0","0","0","1","67301","0","","4.0","","9","N","N","Y","0","","0","0","1","","0","","","2","0","0","0","0","0","1","2","0","2","","04","","N","","","","","","","","","",""
"2020088501","","0","0","0","0","0","0","0","0","0","1","0","","67","8","2020","2","39.962374","-75.161469","","6","0","0","0","0","0","0","0","0","","0","0","0","","","1","","1","","39 57:44.547","","0","75 09:41.289","8","0","0","0","67301","0","0","0","N","0","0","0","2","00000","0","","1.0","","1","","","N","0","","0","0","1","","2","","","2","1","0","0","0","1","0","2","1","2","","","","N","","","","","","","","","",""
"2020052259","2046","0","0","0","0","0","0","0","0","0","4","0","","67","7","2020","5","39.995927","-75.133346","2043","6","0","0","0","0","0","0","0","0","","0","0","0","","","1","","2","","39 59:45.337","","0","75 08:00.045","3","0","0","0","67301","0","0","0","N","0","0","0","2","67301","0","","1.0","","1","N","N","N","0","","1","0","1","","0","","","2","1","0","0","0","0","0","2","0","2","","03","","N","","","","","","","","","",""
"2020058700","1920","0","0","0","0","0","0","0","0","0","4","0","","67","7","2020","6","40.084718","-75.025056","1913","6","0","0","0","0","0","1","0","0","","0","0","0","","","2","","1","","40 05:04.986","","0","75 01:30.200","3","0","0","0","67301","0","0","0","N","0","0","0","5","67301","0","","1.0","","1","N","N","N","0","","2","0","2","","1","","","2","2","0","0","0","0","3","2","0","2","","03","","N","","","","","","","","","",""
"2020060561","2007","0","0","0","0","0","0","0","0","0","5","0","","67","7","2020","4","39.986246","-75.11068","2005","6","0","0","0","0","0","0","0","0","","0","0","0","","","0","N","0","","39 59:10.486","1","0","75 06:38.448","0","0","0","0","67301","0","0","0","N","0","0","0","1","67301","0","","6.0","2130.0","1","N","N","N","2","","0","0","2","","0","N","","4","0","0","0","0","0","0","2","0","4","","03","","N","","","","","","","","","",""
"2020052419","2351","2","0","0","0","0","0","0","0","0","5","0","","67","7","2020","7","40.070972","-75.157389","2350","6","0","0","0","0","0","0","0","0","","0","0","0","","","1","N","0","","40 04:15.500","","0","75 09:26.600","3","0","0","0","67301","0","0","0","N","0","0","0","3","67301","0","","6.0","","1","N","N","N","0","","1","0","1","","0","","","3","1","0","0","0","0","0","2","0","3","","03","","N","","","","","","","","","",""
"2020060538","0027","4","0","0","0","0","0","0","0","0","4","0","","67","7","2020","2","39.95551","-75.238056","0026","6","0","0","0","0","0","0","0","0","","0","0","0","","","0","","1","","39 57:19.836","","0","75 14:17.001","0","0","0","0","67301","0","0","0","N","0","0","0","2","67301","0","","1.0","","1","N","N","N","0","","0","0","1","","3","","","5","0","1","0","0","0","0","2","0","5","","03","","N","","","","","","","","","",""
"2020059550","0000","1","0","0","0","0","0","0","0","0","4","0","","67","7","2020","7","40.000309","-75.083659","2354","6","0","0","0","1","0","0","0","0","","0","0","0","","","1","","2","","40 00:01.112","","2","75 05:01.173","2","0","1","1","67301","0","0","0","N","0","0","0","3","67301","0","","1.0","","1","N","N","N","0","","0","1","0","","2","","","2","1","0","0","0","0","0","2","0","2","","03","","N","","","","","","","","","",""
"2020111411","1601","0","0","0","0","0","0","0","0","0","4","0","","67","12","2020","1","40.023585","-75.076354","1601","6","0","0","0","0","0","1","0","0","","1","0","0","","","1","N","0","","40 01:24.905","","7","75 04:34.875","1","1","0","1","67301","0","0","0","N","0","0","0","2","67301","0","2","1.0","","1","N","N","N","0","0","0","0","1","","3","","","2","1","0","0","0","1","0","2","0","2","","03","","N","","","","","","","","","",""
"2020052679","1705","1","0","0","0","0","0","0","0","0","5","0","","67","7","2020","7","40.038068","-75.078685","1700","6","0","0","0","0","0","0","0","0","","0","0","0","","","1","N","0","","40 02:17.043","2","6","75 04:43.266","2","0","1","1","67301","0","0","0","N","0","0","0","2","67301","0","","1.0","1830.0","1","N","N","N","0","","0","1","0","","0","Y","","2","1","0","0","0","0","0","2","0","2","","03","","N","","","","","","","","","",""
"2020058815","0904","0","0","0","0","0","0","0","0","0","7","0","45","67","7","2020","7","39.997373","-75.08201","0900","6","0","0","0","0","0","1","0","0","","0","0","0","","","0","N","0","","39 59:50.541","2","0","75 04:55.236","0","0","0","0","67301","0","0","0","N","0","0","0","2","68K01","0","","1.0","930.0","1","N","N","N","0","","0","0","1","","0","N","","1","0","0","0","0","0","0","2","0","1","","","N","Y","4","1","","","N","","","","Y","N"
"2020059024","1247","4","0","0","0","0","0","0","0","0","1","0","","67","7","2020","6","39.976708","-75.119652","1247","6","0","0","0","0","1","1","1","0","","0","0","0","","","3","N","0","","39 58:36.150","","0","75 07:10.748","3","0","0","0","67301","0","0","0","N","0","0","0","9","67301","0","","1.0","","9","N","N","N","0","","3","0","1","","0","","","6","3","0","0","0","0","0","2","1","6","","07","","N","","","","","","","","","",""
"2020052128","1540","1","0","0","0","0","0","0","0","0","4","0","","67","7","2020","6","40.050026","-75.096431","1530","6","0","0","0","0","0","0","0","0","","0","0","0","","","0","","1","","40 03:00.093","","0","75 05:47.151","0","0","0","0","67301","0","0","0","N","0","0","0","2","67301","0","","1.0","","1","N","N","Y","0","","0","0","1","","3","","","2","0","0","0","0","0","0","2","0","2","","03","","N","","","","","","","","","",""
"2020059296","1534","2","0","0","0","0","0","0","0","0","4","0","","67","7","2020","1","40.030679","-75.054819","1531","6","0","0","0","0","0","0","0","0","","0","0","0","","","1","","1","","40 01:50.445","","0","75 03:17.347","3","0","0","0","67301","0","0","0","N","0","0","0","6","67301","0","","1.0","","1","N","N","N","0","","1","0","0","","2","","","2","1","0","0","0","0","0","2","0","2","","","","N","","","","","","","","","",""
"2020052358","2130","0","0","0","0","0","0","0","0","0","7","0","","67","7","2020","7","40.062571","-75.052447","2128","6","0","0","0","0","0","0","0","0","","0","0","0","","","1","N","2","","40 03:45.255","","0","75 03:08.809","3","0","0","1","67301","0","0","0","N","0","0","0","1","67301","0","","4.0","","1","N","N","N","0","","1","0","0","","3","","","1","1","0","0","0","0","0","2","0","1","","03","","N","","","","","","","","","",""
"2020051993","2302","1","0","0","0","0","0","0","0","0","8","0","","67","6","2020","3","39.991158","-75.123028","2302","6","0","0","0","0","0","0","0","0","","0","0","0","","","1","N","0","","39 59:28.170","5","1","75 07:22.900","4","0","0","0","67301","1","0","0","N","1","0","0","2","67301","1","","1.0","2315.0","1","N","N","N","0","","0","0","0","","0","N","","2","1","0","0","0","0","0","2","0","1","","03","","N","","","","","","","","","",""
"2020060984","2134","2","0","0","0","0","0","0","0","0","4","0","","67","7","2020","5","40.00161","-75.128583","2130","6","0","0","0","0","0","0","0","0","","0","0","0","","","0","","1","","40 00:05.796","3","0","75 07:42.898","0","0","0","0","67301","0","0","0","N","0","0","0","2","67301","0","","1.0","2200.0","1","N","N","Y","0","","0","0","1","","2","Y","","3","0","0","0","0","0","0","2","0","3","","03","","N","","","","","","","","","",""