"CRN","ARRIVAL_TM","AUTOMOBILE_COUNT","BELTED_DEATH_COUNT","BELTED_SUSP_SERIOUS_INJ_COUNT","BICYCLE_COUNT","BICYCLE_DEATH_COUNT","BICYCLE_SUSP_SERIOUS_INJ_COUNT","BUS_COUNT","CHLDPAS_DEATH_COUNT","CHLDPAS_SUSP_SERIOUS_INJ_COUNT","COLLISION_TYPE","COMM_VEH_COUNT","CONS_ZONE_SPD_LIM","COUNTY","CRASH_MONTH","CRASH_YEAR","DAY_OF_WEEK","DEC_LATITUDE","DEC_LONGITUDE","DISPATCH_TM","DISTRICT","DRIVER_COUNT_16YR","DRIVER_COUNT_17YR","DRIVER_COUNT_18YR","DRIVER_COUNT_19YR","DRIVER_COUNT_20YR","DRIVER_COUNT_50_64YR","DRIVER_COUNT_65_74YR","DRIVER_COUNT_75PLUS","EST_HRS_CLOSED","FATAL_COUNT","HEAVY_TRUCK_COUNT","HORSE_BUGGY_COUNT","HOUR_OF_DAY","ILLUMINATION","INJURY_COUNT","INTERSECTION_RELATED","INTERSECT_TYPE","LANE_CLOSED","LATITUDE","LN_CLOSE_DIR","LOCATION_TYPE","LONGITUDE","MAX_SEVERITY_LEVEL","MCYCLE_DEATH_COUNT","MCYCLE_SUSP_SERIOUS_INJ_COUNT","MOTORCYCLE_COUNT","MUNICIPALITY","NONMOTR_COUNT","NONMOTR_DEATH_COUNT","NONMOTR_SUSP_SERIOUS_INJ_COUNT","NTFY_HIWY_MAINT","PED_COUNT","PED_DEATH_COUNT","PED_SUSP_SERIOUS_INJ_COUNT","PERSON_COUNT","POLICE_AGCY","POSSIBLE_INJ_COUNT","RDWY_SURF_TYPE_CD","RELATION_TO_ROAD","ROADWAY_CLEARED","ROAD_CONDITION","SCH_BUS_IND","SCH_ZONE_IND","SECONDARY_CRASH","SMALL_TRUCK_COUNT","SPEC_JURIS_CD","SUSP_MINOR_INJ_COUNT","SUSP_SERIOUS_INJ_COUNT","SUV_COUNT","TCD_FUNC_CD","TCD_TYPE","TFC_DETOUR_IND","TIME_OF_DAY","TOTAL_UNITS","TOT_INJ_COUNT","UNBELTED_OCC_COUNT","UNB_DEATH_COUNT","UNB_SUSP_SERIOUS_INJ_COUNT","UNK_INJ_DEG_COUNT","UNK_INJ_PER_COUNT","URBAN_RURAL","VAN_COUNT","VEHICLE_COUNT","WEATHER1","WEATHER2","WORKERS_PRES","WORK_ZONE_IND","WORK_ZONE_LOC","WORK_ZONE_TYPE","WZ_CLOSE_DETOUR","WZ_FLAGGER","WZ_LAW_OFFCR_IND","WZ_LN_CLOSURE","WZ_MOVING","WZ_OTHER","WZ_SHLDER_MDN","WZ_WORKERS_INJ_KILLED"
"2020060718","2305","1","0","0","0","0","0","0","0","0","1","0","","67","7","2020","5","40.03542","-75.069621","2255","6","0","0","0","0","0","0","0","0","","0","0","0","","","0","","1","","40 02:07.511","","0","75 04:10.636","0","0","0","0","67301","0","0","0","N","0","0","0","4","67301","0","","1.0","","1","N","N","N","0","","0","0","1","","2","","","3","0","0","0","0","0","0","2","1","3","","03","","N","","","","","","","","","",""
"2020051591","1101","1","0","0","0","0","0","0","0","0","1","0","","67","6","2020","3","39.959647","-75.196031","1101","6","0","0","0","0","0","0","0","0","","0","0","0","","","2","N","0","","39 57:34.730","6","0","75 11:45.710","4","0","0","0","67301","0","0","0","N","0","0","0","2","67301","2","","1.0","100.0","1","N","N","N","0","","0","0","0","","0","N","","2","2","0","0","0","0","0","2","1","2","","03","","N","","","","","","","","","",""
"2020099863","2040","1","0","0","0","0","0","0","0","0","7","0","","67","11","2020","6","40.002009","-75.156126","2037","6","0","0","0","0","0","0","0","0","","0","0","0","","","0","N","1","","40 00:07.234","","0","75 09:22.054","0","0","0","0","67301","0","0","0","N","0","0","0","1","67505","0","","5.0","","1","N","N","N","0","","0","0","0","","0","","","1","0","0","0","0","0","0","2","0","1","","03","","N","","","","","","","","","",""
"2020051476","1215","1","0","0","0","0","0","0","0","0","1","0","","67","6","2020","3","39.957289","-75.247885","1214","6","0","0","0","0","0","0","0","0","","0","0","0","","","3","","1","","39 57:26.242","","0","75 14:52.386","3","0","0","0","67301","0","0","0","N","0","0","0","4","67301","0","","1.0","","1","N","N","N","1","","3","0","1","","2","","","3","3","1","0","0","0","1","2","0","3","","03","","N","","","","","","","","","",""
"2020096059","1416","0","0","0","0","0","0","0","0","0","6","1","","67","11","2020","5","40.006486","-75.087864","1411","6","0","0","0","0","0","1","0","0","","0","1","0","","","0","Y","0","","40 00:23.350","6","0","75 05:16.310","0","0","0","0","67301","0","0","0","N","0","0","0","5","67301","0","","1.0","1730.0","1","N","N","N","1","","0","0","2","","2","Y","","5","0","5","0","0","0","0","2","1","5","","03","","N","","","","","","","","","",""
"2020060200","1120","1","0","0","0","0","0","0","0","0","0","0","","67","7","2020","6","39.967328","-75.132231","1113","6","0","0","0","0","0","0","0","0","","0","0","0","","","2","N","0","","39 58:02.382","1","0","75 07:56.033","3","0","0","0","67301","0","0","0","N","0","0","0","3","68K01","1","","4.0","1136.0","9","N","N","N","0","","1","0","0","","0","N","","1","2","0","0","0","0","0","2","0","1","","","","N","","","","","","","","","",""
"2020096776","1440","1","0","0","0","0","0","0","0","0","4","0","","67","11","2020","4","39.935008","-75.235243","1440","6","0","0","0","0","0","1","0","0","","0","0","0","","","1","","1","","39 56:06.028","3","0","75 14:06.874","3","0","0","0","67301","0","0","0","N","0","0","0","2","67301","0","","1.0","1443.0","9","N","N","N","0","","1","0","1","","2","Y","","2","1","2","0","0","0","0","2","0","2","","04","","N","","","","","","","","","",""
"2020059534","1823","1","0","0","0","0","0","0","0","0","1","0","99","67","7","2020","2","","","1823","6","0","1","0","0","0","0","0","0","","0","0","0","","","0","N","0","","","3","3","","0","0","0","0","67301","0","0","0","N","0","0","0","7","67501","0","","1.0","1855.0","1","N","N","N","0","","0","0","1","","8","Y","","2","0","0","0","0","0","0","1","0","2","","03","U","Y","4","1","","","U","Y","","","","N"
"2020060515","0145","1","0","0","0","0","0","0","0","0","5","0","","67","7","2020","4","39.948542","-75.177283","0136","6","0","0","0","0","0","0","0","0","","0","0","0","","","0","N","0","","39 56:54.750","","0","75 10:38.220","0","0","0","0","67301","0","0","0","N","0","0","0","1","67301","0","","6.0","","1","N","N","N","0","","0","0","2","","0","","","3","0","0","0","0","0","0","2","0","3","","03","","N","","","","","","","","","",""
"2020052607","1110","1","0","0","0","0","0","0","0","0","4","0","","67","7","2020","5","40.036688","-75.132483","1100","6","0","0","0","0","0","0","0","0","","0","0","0","","","1","N","1","","40 02:12.076","3","0","75 07:56.939","3","0","0","0","67301","0","0","0","N","0","0","0","3","67301","0","","1.0","1240.0","1","N","N","N","0","","1","0","2","","2","N","","3","1","1","0","0","0","1","2","0","3","","","","N","","","","","","","","","",""
"2020094833","1253","1","0","0","0","0","0","0","0","0","1","1","","67","11","2020","5","39.977031","-75.193395","1253","6","0","0","0","0","0","2","0","0","","0","1","0","","","0","N","0","","39 58:37.310","","0","75 11:36.221","0","0","0","0","67301","0","0","0","N","0","0","0","4","67301","0","","1.0","","1","N","N","N","0","","0","0","0","","0","","","3","0","0","0","0","0","0","2","1","3","","03","","N","","","","","","","","","",""
"2020051750","1140","0","0","0","0","0","0","0","0","0","4","0","","67","7","2020","4","39.979851","-75.142873","1133","6","0","0","0","0","0","1","1","0","","0","0","0","","","1","","1","","39 58:47.465","","0","75 08:34.342","8","0","0","0","67301","0","0","0","N","0","0","0","3","67301","0","","1.0","","1","N","N","N","0","","0","0","1","","2","","","2","1","0","0","0","1","0","2","1","2","","03","","N","","","","","","","","","",""
"2020060533","1646","1","0","0","0","0","0","0","0","0","4","0","","67","7","2020","3","40.013704","-75.073749","1645","6","0","0","0","0","0","0","0","0","","0","0","0","","","2","","1","","40 00:49.334","","0","75 04:25.496","4","0","0","0","67301","0","0","0","N","0","0","0","3","67301","2","","1.0","","1","N","N","N","0","","0","0","0","","3","","","2","2","0","0","0","0","0","2","0","2","","","","N","","","","","","","","","",""
"2020058768","0559","1","0","0","0","0","0","0","0","0","5","0","","67","7","2020","6","39.956063","-75.218221","0551","6","0","0","0","0","0","0","0","0","","0","0","0","","","0","N","0","","39 57:21.825","","0","75 13:05.597","0","0","0","0","67301","0","0","0","N","0","0","0","1","67301","0","","6.0","","9","N","N","N","0","","0","0","2","","0","","","3","0","0","0","0","0","0","2","0","3","","","","N","","","","","","","","","",""
"2020103295","1009","1","0","0","0","0","0","0","0","0","1","0","","67","11","2020","2","39.958445","-75.167334","1009","6","0","0","0","0","0","1","0","0","","0","0","0","","","1","N","0","","39 57:30.403","4","0","75 10:02.403","8","0","0","0","67301","0","0","0","N","0","0","0","4","68K01","0","","1.0","1100.0","1","N","N","N","1","","0","0","0","","0","N","","2","1","0","0","0","1","0","2","0","2","","","","N","","","","","","","","","",""
"2020052815","1645","1","0","0","0","0","0","0","0","0","8","0","","67","7","2020","7","39.99503","-75.163021","1632","6","0","0","0","0","0","0","0","0","","0","0","0","","","1","","5","","39 59:42.107","","0","75 09:46.877","3","0","0","0","67301","1","0","0","N","1","0","0","2","67301","0","","1.0","","1","N","N","N","0","","1","0","0","","2","","","2","1","0","0","0","0","1","2","0","1","","","","N","","","","","","","","","",""
"2020058846","1105","1","0","0","0","0","0","0","0","0","1","0","","67","7","2020","7","40.076588","-75.195274","1041","6","0","0","0","0","0","1","0","0","","0","0","0","","","1","N","0","","40 04:35.718","","0","75 11:42.986","8","0","0","0","67301","0","0","0","N","0","0","0","2","67301","0","","1.0","","1","N","N","N","0","","0","0","0","","0","","","2","1","0","0","0","1","1","2","1","2","","03","","N","","","","","","","","","",""
"2020060563","0614","2","0","0","0","0","0","0","0","0","5","0","","67","7","2020","7","39.994294","-75.153194","0614","6","0","0","0","0","0","0","0","0","","0","0","0","","","0","N","0","","39 59:39.460","5","0","75 09:11.500","0","0","0","0","67301","0","0","0","N","0","0","0","2","67301","0","","1.0","700.0","1","N","N","N","0","","0","0","0","","0","Y","","3","0","0","0","0","0","0","2","0","3","","","","N","","","","","","","","","",""
"2020087598","","1","0","0","0","0","0","0","0","0","4","0","","67","8","2020","2","39.882056","-75.229825","","6","0","0","0","0","0","1","0","0","","0","0","0","","","1","N","0","","39 52:55.400","","0","75 13:47.370","8","0","0","0","67301","0","0","0","N","0","0","0","2","00000","0","","1.0","","1","","","N","0","","0","0","0","","0","","","2","1","0","0","0","1","0","2","0","2","","","","N","","","","","","","","","",""
"2020061349","1214","2","0","0","0","0","0","0","0","0","4","0","","67","7","2020","5","40.011033","-75.104163","1214","6","0","0","0","0","0","0","0","0","","0","0","0","","","0","","1","","40 00:39.717","","0","75 06:14.985","9","0","0","0","67301","0","0","0","N","0","0","0","3","67301","0","","1.0","","1","N","N","N","0","","0","0","0","","2","","","2","0","0","0","0","0","2","2","0","2","","03","","N","","","","","","","","","",""
"2020096399","2338","2","0","0","0","0","0","0","0","0","2","0","","67","11","2020","4","40.070181","-75.180496","2337","6","0","0","0","0","0","0","0","0","","0","0","0","","","1","","1","","40 04:12.650","","0","75 10:49.787","8","0","0","0","67301","0","0","0","N","0","0","0","2","67301","0","","1.0","","8","N","N","N","0","","0","0","1","","2","","","3","1","0","0","0","1","1","2","0","3","","","","N","","","","","","","","","",""
"2020094932","2100","1","0","0","0","0","0","0","0","0","0","0","","67","11","2020","2","39.952981","-75.238756","2059","6","0","0","0","0","0","0","0","0","","0","0","0","","","1","N","0","","39 57:10.730","","0","75 14:19.520","8","0","0","0","67301","0","0","0","N","0","0","0","1","67301","0","","9.0","","1","N","N","N","0","","0","0","0","","3","","","1","1","0","0","0","1","0","2","0","1","","03","","N","","","","","","","","","",""
"2020060555","0238","0","0","0","0","0","0","0","0","0","0","0","","67","7","2020","7","40.005543","-75.104619","0235","6","0","0","0","0","0","0","0","0","","0","0","0","","","1","N","0","","40 00:19.953","","0","75 06:16.629","2","0","1","1","67301","0","0","0","N","0","0","0","1","67301","0","","1.0","","1","N","N","N","0","","0","1","0","","0","","","1","1","0","0","0","0","0","2","0","1","","03","","N","","","","","","","","","",""
"2020063207","2038","1","0","0","0","0","0","0","0","0","5","0","","67","7","2020","4","39.986603","-75.091366","2034","6","0","0","0","0","0","0","0","0","","0","0","0","","","1","N","0","","39 59:11.772","1","0","75 05:28.919","3","0","0","0","67301","0","0","0","N","0","0","0","2","68K01","0","","1.0","2202.0","1","N","N","N","0","","1","0","1","","0","Y","","2","1","0","0","0","0","1","2","0","2","","","","N","","","","","","","","","",""
"2020060569","1605","1","0","0","0","0","0","0","0","0","4","0","","67","7","2020","3","39.970344","-75.146551","1558","6","0","0","0","0","0","1","0","0","","0","0","0","","","2","","1","","39 58:13.238","","0","75 08:47.584","8","0","0","0","67301","0","0","0","N","0","0","0","2","67301","0","","1.0","","1","N","N","N","0","","0","0","1","","2","","","2","2","0","0","0","2","0","2","0","2","","","","N","","","","","","","","","",""
"2020110403","2340","1","0","0","0","0","0","0","0","0","1","0","","67","12","2020","6","40.015873","-75.153841","2330","6","0","0","0","0","0","1","0","0","","0","0","0","","","3","","1","","40 00:57.144","","0","75 09:13.828","3","0","0","0","67301","0","0","0","N","0","0","0","3","67301","0","","1.0","","2","N","N","N","0","","3","0","1","","0","","","2","3","0","0","0","0","0","2","0","2","","09","","N","","","","","","","","","",""
"2020060871","1401","2","0","0","0","0","0","0","0","0","4","0","","67","7","2020","2","40.046733","-75.166872","1400","6","0","0","0","0","0","0","0","0","","0","0","0","","","2","","2","","40 02:48.240","","0","75 10:00.738","3","0","0","0","67301","0","0","0","N","0","0","0","2","67301","0","","1.0","","1","N","N","N","0","","2","0","0","","0","","","2","2","0","0","0","0","0","2","0","2","","03","","N","","","","","","","","","",""
"2020106246","2300","2","0","0","0","0","0","0","0","0","5","0","","67","12","2020","1","40.006208","-75.074612","2237","6","0","0","0","0","0","0","0","0","","0","0","0","","","0","N","0","","40 00:22.348","","0","75 04:28.603","0","0","0","0","67301","0","0","0","N","0","0","0","2","68K01","0","","4.0","","1","N","N","N","0","","0","0","0","","0","","","2","0","0","0","0","0","0","2","0","2","","03","","N","","","","","","","","","",""
"2020096703","1153","1","0","0","0","0","0","0","0","0","5","0","","67","10","2020","3","39.991231","-75.086454","1147","6","0","0","0","0","0","0","0","0","","0","0","0","","","0","N","0","","39 59:28.431","2","0","75 05:11.233","0","0","0","0","67301","0","0","0","N","0","0","0","2","68K01","0","","1.0","1155.0","1","N","N","N","0","","0","0","1","","0","Y","","2","0","0","0","0","0","0","2","0","2","","","","N","","","","","","","","","",""
"2020058639","1430","0","0","1","0","0","0","0","0","0","7","0","","67","7","2020","6","40.098619","-74.9948","1410","6","0","0","0","1","0","0","0","0","","0","0","0","","","1","N","0","","40 05:55.030","","0","74 59:41.280","2","0","0","0","67301","0","0","0","N","0","0","0","1","67301","0","","5.0","","9","N","N","N","0","","0","1","1","","0","","","1","1","0","0","0","0","0","2","0","1","","07","","N","","","","","","","","","",""
"2020096063","2346","2","0","0","0","0","0","0","0","0","2","0","","67","11","2020","2","39.998949","-75.132642","2346","6","0","0","0","0","0","0","0","0","","0","0","0","","","1","N","0","","39 59:56.215","","0","75 07:57.512","4","0","0","0","67301","0","0","0","N","0","0","0","3","67301","1","","1.0","","1","N","N","N","0","","0","0","0","","0","","","2","1","3","0","0","0","2","2","0","2","","03","","N","","","","","","","","","",""
"2020060790","1206","1","0","0","0","0","0","0","0","0","8","0","","67","7","2020","4","39.953375","-75.171596","1200","6","0","0","0","0","0","0","0","0","","0","0","0","","","1","","1","","39 57:12.151","","0","75 10:17.744","3","0","0","0","67301","1","0","0","N","1","0","0","2","67301","0","","1.0","","1","N","N","N","0","","1","0","0","","2","","","2","1","0","0","0","0","1","2","0","1","","03","","N","","","","","","","","","",""
"2020061133","2312","1","0","0","0","0","0","0","0","0","7","0","","67","7","2020","5","39.983984","-75.208313","2253","6","0","0","0","0","0","0","0","0","","0","0","0","","","1","N","0","","39 59:02.343","","0","75 12:29.925","4","0","0","0","67301","0","0","0","N","0","0","0","1","68K01","1","","4.0","","9","N","N","N","0","","0","0","0","","0","","","1","1","1","0","0","0","0","2","0","1","","","","N","","","","","","","","","",""
"2020105735","2055","0","0","0","0","0","0","1","0","0","8","1","","67","11","2020","7","40.009204","-75.150818","2050","6","0","0","0","0","0","1","0","0","","0","0","0","","","1","N","1","","40 00:33.133","","0","75 09:02.943","4","0","0","0","67301","1","0","0","N","1","0","0","2","67508","1","","1.0","","1","N","N","Y","0","","0","0","0","","2","","","2","1","0","0","0","0","0","2","0","1","","02","","N","","","","","","","","","",""
"2020059299","0915","2","0","0","0","0","0","0","0","0","4","0","","67","7","2020","2","39.953846","-75.220097","0912","6","0","0","0","0","0","2","0","0","","0","0","0","","","2","","1","","39 57:13.845","","0","75 13:12.349","3","0","0","0","67301","0","0","0","N","0","0","0","2","67301","1","","1.0","","1","N","N","N","0","","1","0","0","","2","","","2","2","0","0","0","0","0","2","0","2","","","","N","","","","","","","","","",""
"2020094820","1330","1","0","0","0","0","0","0","0","0","8","0","","67","11","2020","5","39.950847","-75.16383","1218","6","0","0","0","0","0","0","0","0","","0","0","0","","","1","N","1","","39 57:03.048","3","0","75 09:49.788","2","0","0","0","67301","1","0","1","N","1","0","1","2","67301","0","","1.0","1330.0","1","N","N","N","0","","0","1","0","","2","Y","","2","1","0","0","0","0","0","2","0","1","","03","","N","","","","","","","","","",""
"2020052264","1338","1","0","0","0","0","0","0","0","0","7","0","","67","7","2020","4","40.017276","-75.173615","1331","6","0","0","0","0","0","0","0","0","","0","0","0","","","1","N","0","","40 01:02.193","2","0","75 10:25.013","3","0","0","0","67301","0","0","0","N","0","0","0","1","67301","0","","3.0","1400.0","1","N","N","N","0","","1","0","0","","0","N","","1","1","0","0","0","0","0","2","0","1","","","","N","","","","","","","","","",""
"2020050961","0411","1","0","0","0","0","0","0","0","0","5","0","","67","6","2020","1","39.965539","-75.143714","0407","6","0","0","0","0","0","0","0","0","","0","0","0","","","0","N","0","","39 57:55.940","3","0","75 08:37.370","0","0","0","0","67301","0","0","0","N","0","0","0","1","67301","0","","6.0","440.0","1","N","N","N","0","","0","0","2","","0","Y","","3","0","0","0","0","0","0","2","0","3","","03","","N","","","","","","","","","",""
"2020051612","0616","2","0","0","0","0","0","0","0","0","4","0","","67","6","2020","3","40.044179","-75.053907","0614","6","0","0","0","0","0","0","0","0","","0","0","0","","","0","N","0","","40 02:39.043","","7","75 03:14.064","0","0","0","0","67301","0","0","0","N","0","0","0","2","67301","0","","1.0","","1","N","N","N","0","","0","0","0","","0","","","2","0","0","0","0","0","0","2","0","2","","03","","N","","","","","","","","","",""
"2020097128","1330","1","0","0","0","0","0","0","0","0","1","0","","67","11","2020","4","40.118579","-75.007008","1327","6","0","0","0","0","0","1","0","0","","0","0","0","","","1","","3","","40 07:06.886","2","0","75 00:25.227","8","0","0","0","67301","0","0","0","N","0","0","0","2","67301","0","","1.0","1430.0","9","N","N","N","0","","0","0","1","","2","N","","2","1","0","0","0","1","0","2","0","2","","","","N","","","","","","","","","",""
"2020052263","1053","1","0","0","0","0","0","0","0","0","4","0","","67","7","2020","4","40.00936","-75.168083","1053","6","0","0","0","0","0","0","0","0","","0","0","0","","","1","","3","","40 00:33.697","4","0","75 10:05.099","8","0","0","0","67301","0","0","0","N","0","0","0","2","67301","0","","1.0","1120.0","1","N","N","N","0","","0","0","0","","0","N","","2","1","0","0","0","1","0","2","1","2","","03","","N","","","","","","","","","",""
"2020050472","1416","1","0","0","0","0","0","0","0","0","1","0","","67","6","2020","1","40.053861","-75.1415","1416","6","0","0","0","0","1","2","0","0","","0","0","0","","","1","","1","","40 03:13.900","","0","75 08:29.400","3","0","0","0","67301","0","0","0","N","0","0","0","5","67301","0","","1.0","","1","N","N","N","0","","1","0","2","","2","","","3","1","4","0","0","0","1","2","0","3","","03","","N","","","","","","","","","",""
"2020095604","1945","1","0","0","0","0","0","0","0","0","1","0","","67","11","2020","6","39.999593","-75.107801","1945","6","0","0","0","0","0","0","0","0","","0","0","0","","","1","N","0","","39 59:58.533","","0","75 06:28.082","2","0","1","1","67301","0","0","0","N","0","0","0","2","67301","0","","1.0","","1","N","N","N","0","","0","1","0","","0","","","2","1","0","0","0","0","1","2","0","2","","03","","N","","","","","","","","","",""
"2020051321","1330","1","0","0","0","0","0","0","0","0","5","0","","67","6","2020","3","39.946861","-75.192361","1326","6","0","0","0","0","0","0","0","0","","0","0","0","","","2","N","0","","39 56:48.700","","0","75 11:32.500","4","0","0","0","67301","0","0","0","N","0","0","0","5","67504","2","","1.0","","1","N","N","N","0","","0","0","0","","0","","","2","2","0","0","0","0","1","2","1","2","","03","","N","","","","","","","","","",""
"2020056793","1510","2","0","0","0","0","0","0","0","0","5","0","","67","7","2020","2","","","1505","6","0","0","0","0","0","0","0","0","","0","0","0","","","1","N","0","","","","0","","8","0","0","0","67301","0","0","0","N","0","0","0","1","67301","0","","6.0","","1","N","N","N","0","","0","0","1","","0","","","3","1","0","0","0","1","0","1","0","3","","03","","N","","","","","","","","","",""
"2020058814","1844","1","0","0","0","0","0","0","0","0","5","0","","67","7","2020","6","39.959322","-75.173393","1827","6","0","0","0","0","0","1","0","0","","0","0","0","","","1","N","0","","39 57:33.558","","0","75 10:24.213","4","0","0","0","67301","0","0","0","N","0","0","0","3","68K01","1","","1.0","","1","N","N","N","1","","0","0","0","","0","","","2","1","0","0","0","0","0","2","0","2","","","","N","","","","","","","","","",""
"2020052424","1945","3","0","0","0","0","0","0","0","0","2","0","","67","7","2020","7","40.033928","-75.145267","1945","6","0","0","0","0","0","1","0","0","","0","0","0","","","0","N","0","","40 02:02.140","5","0","75 08:42.960","9","0","0","0","67301","0","0","0","N","0","0","0","1","67301","0","","6.0","2130.0","1","N","N","Y","0","","0","0","1","","0","Y","","4","0","0","0","0","0","1","2","0","4","","","","N","","","","","","","","","",""
"2020052150","0040","0","0","0","0","0","0","0","0","0","8","0","","67","7","2020","6","40.036436","-75.130508","0033","6","0","0","0","0","0","0","0","0","","0","0","0","","","1","","1","","40 02:11.168","","0","75 07:49.828","2","0","0","1","67301","1","0","1","N","1","0","1","2","67301","0","","1.0","","1","N","N","N","0","","0","1","0","","2","","","2","1","0","0","0","0","1","2","0","1","","03","","N","","","","","","","","","",""
"2020055966","1939","2","0","0","0","0","0","0","0","0","1","0","","67","7","2020","3","39.928475","-75.230214","1938","6","0","0","0","0","0","0","0","0","","0","0","0","","","1","Y","0","","39 55:42.510","","0","75 13:48.770","3","0","0","0","67301","0","0","0","N","0","0","0","3","67301","0","","1.0","","1","N","N","N","0","","1","0","0","","2","","","2","1","0","0","0","0","0","2","0","2","","03","","N","","","","","","","","","",""
"2020060516","2331","3","0","0","0","0","0","0","0","0","4","0","","67","7","2020","5","39.923784","-75.239701","2331","6","0","0","0","0","0","0","0","0","","0","0","0","","","2","","1","","39 55:25.624","","0","75 14:22.925","3","0","0","0","67301","0","0","0","N","0","0","0","3","67301","0","","1.0","","1","N","N","N","0","","1","0","0","","3","","","3","2","0","0","0","1","0","2","0","3","","","","N","","","","","","","","","",""
"2020098016","0418","1","0","0","0","0","0","0","0","0","2","0","","67","11","2020","7","40.017376","-75.171961","0418","6","0","0","0","0","0","1","0","0","","0","0","0","","","1","N","0","","40 01:02.555","","0","75 10:19.059","8","0","0","0","67301","0","0","0","N","0","0","0","3","67301","0","","1.0","","1","N","N","N","0","","0","0","0","","0","","","2","1","3","0","0","1","0","2","1","2","","03","","N","","","","","","","","","",""
"2020052421","2240","2","0","0","0","0","0","0","0","0","4","0","","67","7","2020","7","39.983209","-75.156937","2240","6","0","0","0","0","0","0","0","0","","0","0","0","","","3","","1","","39 58:59.553","2","0","75 09:24.974","3","0","0","0","67301","0","0","0","N","0","0","0","3","67301","0","","1.0","10.0","1","N","N","N","0","","3","0","0","","2","Y","","2","3","0","0","0","0","0","2","0","2","","","","N","","","","","","","","","",""
"2020053451","0157","0","0","0","0","0","0","0","0","0","0","0","","67","7","2020","7","39.919211","-75.210881","0157","6","0","0","0","0","0","0","0","0","","0","0","0","","","0","N","0","","39 55:09.160","2","0","75 12:39.170","9","0","0","0","67301","0","0","0","N","0","0","0","1","67301","0","","1.0","204.0","1","N","N","N","0","","0","0","0","","0","N","","1","0","0","0","0","0","1","2","1","1","","04","","N","","","","","","","","","",""
"2020096992","2015","2","0","0","0","0","0","0","0","0","5","0","","67","11","2020","5","39.973013","-75.159031","2015","6","0","0","0","0","0","0","0","0","","0","0","0","","","0","N","0","","39 58:22.846","","0","75 09:32.512","0","0","0","0","67301","0","0","0","N","0","0","0","1","67301","0","","1.0","","9","N","N","N","0","","0","0","0","","0","","","2","0","0","0","0","0","0","2","0","2","","07","","N","","","","","","","","","",""
"2020053109","1128","0","0","0","0","0","0","0","0","0","4","0","","67","7","2020","4","39.987887","-75.123452","1127","6","0","0","0","0","0","0","0","0","","0","0","0","","","2","","1","","39 59:16.394","","0","75 07:24.428","3","0","0","1","67301","0","0","0","N","0","0","0","3","67301","0","","1.0","","1","N","N","N","0","","2","0","0","","2","","","2","2","0","0","0","0","0","2","1","2","","03","","N","","","","","","","","","",""
"2020090626","","1","0","0","0","0","0","0","0","0","4","0","","67","8","2020","1","39.938719","-75.224301","","6","0","0","0","0","0","1","0","0","","0","0","0","","","0","","1","","39 56:19.388","","0","75 13:27.483","0","0","0","0","67301","0","0","0","N","0","0","0","2","00000","0","","1.0","","1","","","N","0","","0","0","1","","2","","","2","0","0","0","0","0","0","2","0","2","","","","N","","","","","","","","","",""
"2020054001","1335","1","0","0","0","0","0","0","0","0","7","0","","67","6","2020","3","39.973072","-75.159018","1331","6","0","0","0","0","0","0","1","0","","0","0","0","","","0","N","0","","39 58:23.060","","0","75 09:32.466","9","0","0","0","67301","0","0","0","N","0","0","0","1","67301","0","","3.0","","1","N","N","N","0","","0","0","0","","2","","","1","0","0","0","0","0","1","2","0","1","","03","","N","","","","","","","","","",""
"2020052099","0351","1","0","0","0","0","0","0","0","0","7","0","","67","6","2020","3","39.971611","-75.121924","0351","6","0","0","0","0","0","0","0","0","","0","0","0","","","1","N","0","","39 58:17.800","1","2","75 07:18.927","8","0","0","0","67301","0","0","0","N","0","0","0","1","68K01","0","","4.0","430.0","1","N","N","N","0","","0","0","0","","0","N","","1","1","0","0","0","1","0","2","0","1","","","","N","","","","","","","","","",""
"2020051135","1310","0","0","0","0","0","0","0","0","0","1","0","","67","6","2020","2","39.978975","-75.26827","1305","6","0","0","0","0","0","0","0","0","","0","0","0","","","0","","2","","39 58:44.310","","0","75 16:05.772","0","0","0","0","67301","0","0","0","N","0","0","0","2","67301","0","","1.0","","1","N","N","N","0","","0","0","2","","2","","","2","0","0","0","0","0","0","2","0","2","","03","","N","","","","","","","","","",""
"2020052135","2131","0","0","0","1","0","0","0","0","0","8","0","","67","7","2020","5","40.010483","-75.160772","2130","6","0","0","0","0","0","0","0","0","","0","0","0","","","1","","1","","40 00:37.740","","0","75 09:38.779","8","0","0","0","67301","1","0","0","N","0","0","0","2","67301","0","","1.0","","1","N","N","N","0","","0","0","0","","3","","","2","1","0","0","0","1","0","2","0","1","","03","","N","","","","","","","","","",""
"2020052961","1140","0","0","0","0","0","0","0","0","0","8","0","","67","6","2020","2","40.020554","-75.116263","1128","6","0","0","0","0","0","0","0","0","","0","0","0","","","1","","1","","40 01:13.994","","0","75 06:58.546","3","0","0","0","67301","1","0","0","N","1","0","0","2","67301","0","","1.0","","1","N","N","N","0","","1","0","0","","2","","","2","1","0","0","0","0","0","2","0","1","","03","","N","","","","","","","","","",""