"CRN","ARRIVAL_TM","AUTOMOBILE_COUNT","BELTED_DEATH_COUNT","BELTED_SUSP_SERIOUS_INJ_COUNT","BICYCLE_COUNT","BICYCLE_DEATH_COUNT","BICYCLE_SUSP_SERIOUS_INJ_COUNT","BUS_COUNT","CHLDPAS_DEATH_COUNT","CHLDPAS_SUSP_SERIOUS_INJ_COUNT","COLLISION_TYPE","COMM_VEH_COUNT","CONS_ZONE_SPD_LIM","COUNTY","CRASH_MONTH","CRASH_YEAR","DAY_OF_WEEK","DEC_LATITUDE","DEC_LONGITUDE","DISPATCH_TM","DISTRICT","DRIVER_COUNT_16YR","DRIVER_COUNT_17YR","DRIVER_COUNT_18YR","DRIVER_COUNT_19YR","DRIVER_COUNT_20YR","DRIVER_COUNT_50_64YR","DRIVER_COUNT_65_74YR","DRIVER_COUNT_75PLUS","EST_HRS_CLOSED","FATAL_COUNT","HEAVY_TRUCK_COUNT","HORSE_BUGGY_COUNT","HOUR_OF_DAY","ILLUMINATION","INJURY_COUNT","INTERSECTION_RELATED","INTERSECT_TYPE","LANE_CLOSED","LATITUDE","LN_CLOSE_DIR","LOCATION_TYPE","LONGITUDE","MAX_SEVERITY_LEVEL","MCYCLE_DEATH_COUNT","MCYCLE_SUSP_SERIOUS_INJ_COUNT","MOTORCYCLE_COUNT","MUNICIPALITY","NONMOTR_COUNT","NONMOTR_DEATH_COUNT","NONMOTR_SUSP_SERIOUS_INJ_COUNT","NTFY_HIWY_MAINT","PED_COUNT","PED_DEATH_COUNT","PED_SUSP_SERIOUS_INJ_COUNT","PERSON_COUNT","POLICE_AGCY","POSSIBLE_INJ_COUNT","RDWY_SURF_TYPE_CD","RELATION_TO_ROAD","ROADWAY_CLEARED","ROAD_CONDITION","SCH_BUS_IND","SCH_ZONE_IND","SECONDARY_CRASH","SMALL_TRUCK_COUNT","SPEC_JURIS_CD","SUSP_MINOR_INJ_COUNT","SUSP_SERIOUS_INJ_COUNT","SUV_COUNT","TCD_FUNC_CD","TCD_TYPE","TFC_DETOUR_IND","TIME_OF_DAY","TOTAL_UNITS","TOT_INJ_COUNT","UNBELTED_OCC_COUNT","UNB_DEATH_COUNT","UNB_SUSP_SERIOUS_INJ_COUNT","UNK_INJ_DEG_COUNT","UNK_INJ_PER_COUNT","URBAN_RURAL","VAN_COUNT","VEHICLE_COUNT","WEATHER1","WEATHER2","WORKERS_PRES","WORK_ZONE_IND","WORK_ZONE_LOC","WORK_ZONE_TYPE","WZ_CLOSE_DETOUR","WZ_FLAGGER","WZ_LAW_OFFCR_IND","WZ_LN_CLOSURE","WZ_MOVING","WZ_OTHER","WZ_SHLDER_MDN","WZ_WORKERS_INJ_KILLED"
"2020096779","2126","0","0","0","0","0","0","0","0","0","8","0","","67","11","2020","4","40.015873","-75.153841","2121","6","0","0","0","0","0","0","0","0","","0","0","0","","","1","","1","","40 00:57.144","","0","75 09:13.828","8","0","0","0","67301","1","0","0","N","1","0","0","1","67301","0","","1.0","","9","N","N","N","0","","0","0","0","","2","","","2","1","0","0","0","1","0","2","0","1","","","","N","","","","","","","","","",""
"2020064965","1130","0","0","0","0","0","0","0","0","0","8","0","","67","7","2020","4","39.960626","-75.22473","1121","6","0","0","0","0","0","1","0","0","","0","0","0","","","1","N","0","","39 57:38.254","","0","75 13:29.029","4","0","0","0","67301","1","0","0","N","1","0","0","2","67301","1","","6.0","","1","N","N","N","1","","0","0","0","","0","","","2","1","0","0","0","0","0","2","0","1","","04","","N","","","","","","","","","",""
"2020052418","1836","1","0","0","1","0","0","0","0","0","8","0","","67","7","2020","6","39.944113","-75.153515","1834","6","0","0","0","0","0","0","0","0","","0","0","0","","","1","","1","","39 56:38.805","","6","75 09:12.654","3","0","0","0","67301","1","0","0","N","0","0","0","2","67301","0","","1.0","","1","N","N","N","0","","1","0","0","","2","","","2","1","1","0","0","0","0","2","0","1","","03","","N","","","","","","","","","",""
"2020051747","1950","2","0","0","0","0","0","0","0","0","1","0","","67","6","2020","2","40.022783","-75.038031","1943","6","0","0","0","0","0","1","0","0","","0","0","0","","","1","N","0","","40 01:22.020","","0","75 02:16.910","3","0","0","0","67301","0","0","0","N","0","0","0","2","67301","0","","1.0","","1","N","N","N","0","","1","0","0","","0","","","2","1","0","0","0","0","0","2","0","2","","03","","N","","","","","","","","","",""
"2020095931","1844","1","0","0","0","0","0","0","0","0","7","0","","67","11","2020","2","39.928189","-75.180633","1842","6","0","0","0","0","0","0","0","0","","0","0","0","","","0","N","0","","39 55:41.480","","0","75 10:50.280","0","0","0","0","67301","0","0","0","N","0","0","0","1","67301","0","","5.0","","1","N","N","N","0","","0","0","1","","0","","","2","0","0","0","0","0","0","2","0","2","","","","N","","","","","","","","","",""
"2020096711","1139","2","0","0","0","0","0","0","0","0","5","0","","67","10","2020","5","40.013392","-75.057328","1132","6","0","0","0","0","0","0","0","0","","0","0","0","","","1","N","0","","40 00:48.210","1","0","75 03:26.379","4","0","0","0","67301","0","0","0","N","0","0","0","2","68K01","1","","1.0","1144.0","9","N","N","N","0","","0","0","0","","8","N","","2","1","0","0","0","0","0","2","0","2","","","","N","","","","","","","","","",""
"2020058941","0751","1","0","0","0","0","0","0","0","0","7","0","","67","7","2020","7","39.977625","-75.201162","0747","6","0","0","0","0","0","0","0","0","","0","0","0","","","1","N","0","","39 58:39.450","3","0","75 12:04.184","3","0","0","0","67301","0","0","0","N","0","0","0","1","68K01","0","","4.0","815.0","1","N","N","N","0","","1","0","0","","0","N","","1","1","1","0","0","0","0","2","0","1","","03","","N","","","","","","","","","",""
"2020054272","1645","1","0","0","0","0","0","0","0","0","4","0","","67","6","2020","2","39.987682","-75.231093","1642","6","0","0","0","1","0","0","1","0","","0","0","0","","","0","","1","","39 59:15.655","","0","75 13:51.934","0","0","0","0","67301","0","0","0","N","0","0","0","2","67301","0","","1.0","","1","N","N","N","1","","0","0","0","","3","","","2","0","0","0","0","0","0","2","0","2","","03","","N","","","","","","","","","",""
"2020095973","2115","1","0","0","0","0","0","0","0","0","3","0","","67","11","2020","7","40.012745","-75.078069","2115","6","0","0","0","0","0","0","0","0","","0","0","0","","","0","","1","","40 00:45.881","","0","75 04:41.048","9","0","0","0","67301","0","0","0","N","0","0","0","1","67301","0","","1.0","","1","N","N","N","0","","0","0","0","","3","","","2","0","0","0","0","0","1","2","0","2","","","","N","","","","","","","","","",""
"2020051990","1532","2","0","0","0","0","0","0","0","0","8","0","","67","6","2020","2","39.996778","-75.112917","1532","6","0","0","0","0","0","1","0","0","","0","0","0","","","3","Y","0","","39 59:48.400","","1","75 06:46.500","2","0","0","0","67301","2","0","2","N","2","0","2","7","67301","0","","1.0","","1","N","N","N","0","","1","2","2","","2","","","6","3","0","0","0","0","0","2","0","4","","","","N","","","","","","","","","",""
"2020096511","0451","0","0","0","0","0","0","0","0","0","5","1","","67","10","2020","2","39.982625","-75.207928","0444","6","0","0","0","0","0","1","0","0","","0","1","0","","","1","N","0","","39 58:57.450","","0","75 12:28.539","4","0","0","0","67301","0","0","0","N","0","0","0","2","68K01","1","","1.0","","1","N","N","N","0","","0","0","1","","0","","","2","1","0","0","0","0","0","2","0","2","","","","N","","","","","","","","","",""
"2020052500","1246","2","0","0","0","0","0","0","0","0","4","0","","67","7","2020","7","40.011529","-75.069799","1245","6","0","0","0","0","0","0","0","0","","0","0","0","","","2","","1","","40 00:41.506","","0","75 04:11.278","3","0","0","0","67301","0","0","0","N","0","0","0","4","67301","0","","1.0","","1","N","N","N","0","","2","0","0","","2","","","2","2","0","0","0","0","0","2","0","2","","","","N","","","","","","","","","",""
"2020052266","0257","1","0","0","0","0","0","0","0","0","8","0","","67","7","2020","6","40.003185","-75.152576","0257","6","0","0","0","0","0","0","0","0","","0","0","0","","","1","","5","","40 00:11.467","2","0","75 09:09.273","3","0","0","0","67301","1","0","0","N","1","0","0","2","67301","0","","1.0","342.0","1","N","N","N","0","","1","0","0","","2","N","","2","1","0","0","0","0","0","2","0","1","","","","N","","","","","","","","","",""
"2020053404","2100","0","0","0","0","0","0","0","0","0","7","0","","67","7","2020","7","39.957524","-75.18035","2056","6","0","0","0","0","0","0","0","0","","0","0","0","","","1","N","0","","39 57:27.087","3","0","75 10:49.260","8","0","0","1","67301","0","0","0","N","0","0","0","1","68K01","0","","4.0","2145.0","1","N","N","N","0","","0","0","0","","0","Y","","1","1","0","0","0","1","0","2","0","1","","","","N","","","","","","","","","",""
"2020097063","1222","1","0","0","0","0","0","0","0","0","7","0","","67","10","2020","7","40.008896","-75.069036","1208","6","0","0","0","0","0","0","0","0","","0","0","0","","","1","N","0","","40 00:32.026","2","0","75 04:08.530","4","0","0","0","67301","0","0","0","N","0","0","0","2","68K01","1","","4.0","1250.0","1","N","N","N","0","","0","0","0","","0","N","","1","1","0","0","0","0","0","2","0","1","","","","N","","","","","","","","","",""
"2020054273","1851","2","0","0","0","0","0","0","0","0","2","0","","67","6","2020","3","39.991272","-75.235636","1851","6","0","0","0","0","1","0","1","0","","0","0","0","","","1","N","0","","39 59:28.580","","0","75 14:08.290","8","0","0","0","67301","0","0","0","N","0","0","0","4","67301","0","","1.0","","1","N","N","N","1","","0","0","0","","0","","","4","1","0","0","0","1","3","2","1","4","","03","","N","","","","","","","","","",""
"2020094825","0500","0","0","0","0","0","0","0","0","0","5","1","","67","11","2020","7","39.895999","-75.249329","0449","6","0","0","0","0","0","1","0","0","","0","1","0","","","0","N","0","","39 53:45.595","","0","75 14:57.584","0","0","0","0","67301","0","0","0","N","0","0","0","2","67301","0","","1.0","","1","N","N","N","0","","0","0","1","","0","","","2","0","1","0","0","0","0","2","0","2","","03","","N","","","","","","","","","",""
"2020051989","0850","0","0","0","0","0","0","0","0","0","4","0","","67","7","2020","4","39.958583","-75.213987","0847","6","0","0","0","0","0","0","0","0","","0","0","0","","","1","","1","","39 57:30.898","","1","75 12:50.353","2","0","1","1","67301","0","0","0","N","0","0","0","2","67301","0","","1.0","","1","N","N","N","1","","0","1","1","","2","","","3","1","0","0","0","0","0","2","0","3","","","","N","","","","","","","","","",""
"2020055496","1806","1","0","0","0","0","0","0","0","0","4","0","","67","7","2020","1","40.042782","-75.076571","1755","6","0","0","0","0","0","1","0","0","","0","0","0","","","1","","5","","40 02:34.015","6","0","75 04:35.655","3","0","0","0","67301","0","0","0","N","0","0","0","3","67301","0","","1.0","1830.0","1","N","N","N","0","","1","0","1","","1","N","","2","1","0","0","0","0","0","2","0","2","","03","","N","","","","","","","","","",""
"2020050960","2310","1","0","0","0","0","0","0","0","0","4","0","","67","6","2020","2","40.024636","-75.123675","2307","6","0","0","0","0","1","1","0","0","","0","0","0","","","1","","1","","40 01:28.689","","0","75 07:25.230","3","0","0","0","67301","0","0","0","N","0","0","0","2","67301","0","","1.0","","1","N","N","N","0","","1","0","1","","2","","","2","1","0","0","0","0","0","2","0","2","","03","","N","","","","","","","","","",""
"2020089751","","2","0","0","0","0","0","0","0","0","1","0","","67","8","2020","4","39.962374","-75.161469","","6","0","0","0","1","0","0","0","0","","0","0","0","","","1","","1","","39 57:44.547","","0","75 09:41.289","4","0","0","0","67301","0","0","0","N","0","0","0","4","00000","1","","1.0","","1","","","N","0","","0","0","0","","2","","","2","1","0","0","0","0","0","2","0","2","","","","N","","","","","","","","","",""
"2020101680","2038","2","0","0","0","0","0","0","0","0","2","0","","67","11","2020","3","40.05355","-75.177957","2035","6","0","1","0","0","0","1","0","0","","0","0","0","","","1","","1","","40 03:12.780","5","0","75 10:40.645","8","0","0","0","67301","0","0","0","N","0","0","0","2","67301","0","","1.0","2130.0","1","N","N","N","0","","0","0","0","","2","N","","2","1","2","0","0","1","0","2","0","2","","","","N","","","","","","","","","",""
"2020052892","0338","1","0","0","0","0","0","0","0","0","8","0","","67","7","2020","7","39.999302","-75.153294","0331","6","0","0","0","0","0","0","0","0","","0","0","0","","","1","","2","","39 59:57.488","1","0","75 09:11.860","2","0","0","0","67301","1","0","1","N","1","0","1","2","67301","0","","1.0","445.0","1","N","N","N","0","","0","1","0","","0","Y","","2","1","0","0","0","0","0","2","0","1","","98","","N","","","","","","","","","",""
"2020050784","1932","1","0","0","0","0","0","0","0","0","4","0","","67","6","2020","1","40.026503","-75.04216","1924","6","0","0","0","0","0","0","0","1","","0","0","0","","","0","","1","","40 01:35.410","","0","75 02:31.777","0","0","0","0","67301","0","0","0","N","0","0","0","2","67301","0","","1.0","","1","N","N","N","1","","0","0","0","","3","","","2","0","2","0","0","0","0","2","0","2","","98","","N","","","","","","","","","",""
"2020052689","1246","0","0","0","0","0","0","0","0","0","1","0","","67","7","2020","4","39.977608","-75.131338","1242","6","0","0","0","0","0","0","0","0","","0","0","0","","","1","","1","","39 58:39.389","","0","75 07:52.816","3","0","0","0","67301","0","0","0","N","0","0","0","3","67301","0","","1.0","","1","N","N","N","0","","1","0","3","","2","","","3","1","0","0","0","0","0","2","0","3","","","","N","","","","","","","","","",""
"2020053535","2244","1","0","0","0","0","0","0","0","0","1","0","45","67","6","2020","2","40.020789","-75.042816","2244","6","0","0","0","0","0","0","0","0","","0","0","0","","","1","","6","","40 01:14.842","","2","75 02:34.138","3","0","0","0","67301","0","0","0","N","0","0","0","2","68K01","0","","7.0","","9","N","N","N","1","","1","0","0","","3","","","2","1","0","0","0","0","0","2","0","2","","","N","Y","4","1","","","Y","Y","Y","","Y","N"
"2020096712","1250","1","0","0","0","0","0","0","0","0","1","1","","67","10","2020","5","40.013394","-75.057322","1250","6","0","0","0","0","1","0","0","0","","0","1","0","","","0","N","0","","40 00:48.220","1","0","75 03:26.359","0","0","0","0","67301","0","0","0","N","0","0","0","2","68K01","0","","1.0","1245.0","9","N","N","N","0","","0","0","0","","8","N","","2","0","0","0","0","0","0","2","0","2","","","","N","","","","","","","","","",""
"2020051863","2132","0","0","0","0","0","0","0","0","0","7","0","","67","7","2020","4","39.914972","-75.189861","2132","6","0","0","0","0","0","0","0","0","","0","0","0","","","0","N","0","","39 54:53.900","","3","75 11:23.500","0","0","0","0","67301","0","0","0","N","0","0","0","1","67501","0","","4.0","","1","N","N","N","0","","0","0","1","","0","","","1","0","0","0","0","0","0","2","0","1","","","","N","","","","","","","","","",""
"2020100476","0212","0","0","0","0","0","0","0","0","0","1","0","","67","10","2020","7","39.899163","-75.176682","0212","6","0","0","0","0","0","0","0","0","","0","0","0","","","0","N","0","","39 53:56.988","","0","75 10:36.056","0","0","0","0","67301","0","0","0","N","0","0","0","3","68K01","0","","1.0","","1","N","N","N","0","","0","0","2","","0","","","2","0","0","0","0","0","0","2","0","2","","","","N","","","","","","","","","",""
"2020051749","1557","2","0","0","0","0","0","0","0","0","4","0","","67","7","2020","4","40.006922","-75.068388","1555","6","0","0","0","0","0","0","0","0","","0","0","0","","","0","","2","","40 00:24.918","3","2","75 04:06.198","9","0","0","0","67301","0","0","0","N","0","0","0","5","67301","0","","1.0","1620.0","1","N","N","N","0","","0","0","0","","0","N","","2","0","0","0","0","0","5","2","0","2","","03","","N","","","","","","","","","",""
"2020052147","0133","1","0","0","0","0","0","0","0","0","4","0","","67","7","2020","6","40.046514","-75.073039","0130","6","0","0","0","0","0","0","0","0","","0","0","0","","","1","","1","","40 02:47.450","","0","75 04:22.940","3","0","0","0","67301","0","0","0","N","0","0","0","3","67301","0","","1.0","","1","N","N","N","0","","1","0","0","","3","","","2","1","0","0","0","0","0","2","0","2","","","","N","","","","","","","","","",""
"2020101960","0138","2","0","0","0","0","0","0","0","0","8","0","","67","11","2020","6","40.047853","-75.158053","0133","6","0","0","0","0","0","0","0","0","","0","0","0","","","2","N","0","","40 02:52.270","7","0","75 09:28.990","2","0","0","0","67301","1","0","1","N","1","0","1","2","67301","0","","2.0","300.0","1","N","N","N","1","","1","1","0","","0","Y","","4","2","1","0","0","0","0","2","0","3","","","","N","","","","","","","","","",""
"2020053606","0940","0","0","0","0","0","0","0","0","0","4","0","","67","7","2020","6","40.057977","-75.052698","0935","6","0","0","0","0","0","0","1","0","","0","0","0","","","6","","1","","40 03:28.718","5","0","75 03:09.712","3","0","0","0","67301","4","0","0","N","4","0","0","7","67301","0","","1.0","1200.0","1","N","N","N","0","","3","0","2","","2","N","","6","6","0","0","0","3","0","2","0","2","","03","","N","","","","","","","","","",""
"2020053205","1850","2","0","0","0","0","0","0","0","0","1","0","","67","6","2020","2","39.958965","-75.170526","1847","6","0","0","0","0","0","1","0","0","","0","0","0","","","5","N","0","","39 57:32.273","4","0","75 10:13.892","3","0","0","0","67301","0","0","0","N","0","0","0","6","68K01","3","","1.0","45.0","1","N","N","N","0","","2","0","0","","0","N","","2","5","0","0","0","0","0","2","0","2","","","","N","","","","","","","","","",""
"2020052198","2300","0","0","0","0","0","0","0","0","0","4","1","","67","7","2020","6","40.020931","-75.139972","2300","6","0","0","0","0","0","0","0","0","","0","1","0","","","1","","1","","40 01:15.350","","0","75 08:23.900","8","0","0","0","67301","0","0","0","N","0","0","0","2","67301","0","","1.0","","99","N","N","N","0","","0","0","1","","2","","","2","1","0","0","0","1","1","2","0","2","","04","","N","","","","","","","","","",""
"2020052265","1518","0","0","0","0","0","0","0","0","0","5","1","","67","7","2020","4","40.016181","-75.204733","1451","6","0","0","0","0","0","0","0","1","","0","1","0","","","1","N","0","","40 00:58.250","","0","75 12:17.040","3","0","0","0","67301","0","0","0","N","0","0","0","3","67301","0","","1.0","","1","N","N","N","0","","1","0","1","","0","","","2","1","0","0","0","0","1","2","0","2","","","","N","","","","","","","","","",""
"2020054897","2007","2","0","0","0","0","0","0","0","0","7","0","","67","7","2020","7","39.921091","-75.173774","2004","6","0","0","0","0","0","1","0","0","","0","0","0","","","0","","1","","39 55:15.927","","0","75 10:25.586","0","0","0","0","67301","0","0","0","N","0","0","0","1","67301","0","","4.0","","1","N","N","N","0","","0","0","0","","2","","","2","0","0","0","0","0","0","2","0","2","","03","","N","","","","","","","","","",""
"2020052262","0103","2","0","0","0","0","0","0","0","0","4","0","","67","6","2020","3","40.000412","-75.168177","0056","6","0","0","0","0","1","0","0","0","","0","0","0","","","1","","1","","40 00:01.483","7","0","75 10:05.437","3","0","0","0","67301","0","0","0","N","0","0","0","2","67301","0","","1.0","134.0","1","N","N","N","0","","1","0","0","","2","Y","","2","1","0","0","0","0","0","2","0","2","","","","N","","","","","","","","","",""
"2020096563","2037","1","0","0","0","0","0","0","0","0","1","0","","67","11","2020","4","39.938863","-75.197123","2014","6","0","0","0","0","0","0","0","0","","0","0","0","","","4","N","0","","39 56:19.908","4","0","75 11:49.642","8","0","0","0","67301","0","0","0","N","0","0","0","5","68K01","0","","1.0","2112.0","9","N","N","N","1","","0","0","1","","0","N","","3","4","0","0","0","4","0","2","0","3","","07","","N","","","","","","","","","",""
"2020095628","1215","3","0","0","0","0","0","0","0","0","4","0","","67","6","2020","3","39.953181","-75.248742","1214","6","0","0","0","0","0","0","0","0","","0","0","0","","","1","","2","","39 57:11.451","","0","75 14:55.471","3","0","0","0","67301","0","0","0","N","0","0","0","1","67301","0","","1.0","","1","N","N","Y","0","","1","0","2","","2","","","5","1","1","0","0","0","0","2","0","5","","","","N","","","","","","","","","",""
"2020050897","2034","0","0","0","0","0","0","0","0","0","7","0","","67","6","2020","2","39.986286","-75.156264","2032","6","0","0","1","0","0","0","0","0","","0","0","0","","","1","","1","","39 59:10.631","","0","75 09:22.550","3","0","0","0","67301","1","0","0","N","1","0","0","2","67505","0","","4.0","","1","N","N","N","0","","1","0","1","","2","","","2","1","0","0","0","0","0","2","0","1","","03","","N","","","","","","","","","",""
"2020051028","0520","1","0","0","0","0","0","0","0","0","7","0","","67","6","2020","1","39.98161","-75.144456","0515","6","0","0","0","0","0","0","0","0","","0","0","0","","","0","","1","","39 58:53.796","","0","75 08:40.041","0","0","0","0","67301","0","0","0","N","0","0","0","1","67301","0","","5.0","","1","N","N","N","0","","0","0","0","","2","","","1","0","0","0","0","0","0","2","0","1","","03","","N","","","","","","","","","",""
"2020085067","","2","0","0","0","0","0","0","0","0","4","0","","67","8","2020","1","39.996795","-75.153968","","6","0","0","0","1","0","1","0","0","","0","0","0","","","0","","1","","39 59:48.463","","0","75 09:14.286","0","0","0","0","67301","0","0","0","N","0","0","0","4","00000","0","","1.0","","1","N","N","N","0","","0","0","0","","2","","","2","0","0","0","0","0","0","2","0","2","","","","N","","","","","","","","","",""
"2020085474","","2","0","0","0","0","0","0","0","0","4","0","","67","8","2020","2","39.923128","-75.231423","","6","0","0","0","0","0","0","0","0","","0","0","0","","","0","N","0","","39 55:23.259","","0","75 13:53.122","0","0","0","0","67301","0","0","0","N","0","0","0","2","00000","0","","1.0","","1","","","N","0","","0","0","0","","0","","","2","0","0","0","0","0","0","2","0","2","","","","N","","","","","","","","","",""
"2020051917","1235","1","0","0","0","0","0","0","0","0","4","0","","67","7","2020","5","40.041074","-75.064987","1215","6","0","0","0","0","0","0","0","0","","0","0","0","","","0","","2","","40 02:27.866","1","0","75 03:53.953","0","0","0","0","67301","0","0","0","N","0","0","0","2","67301","0","","1.0","15.0","1","N","N","N","0","","0","0","0","","0","N","","2","0","0","0","0","0","0","2","1","2","","","","N","","","","","","","","","",""
"2020053362","1120","2","0","0","0","0","0","0","0","0","5","0","","67","7","2020","4","39.954371","-75.162793","1120","6","0","0","0","0","0","1","0","0","","0","0","0","","","2","N","0","","39 57:15.734","","0","75 09:46.054","8","0","0","0","67301","0","0","0","N","0","0","0","3","67301","0","","1.0","","1","N","N","N","0","","0","0","0","","0","","","2","2","1","0","0","2","0","2","0","2","","","","N","","","","","","","","","",""
"2020053265","2220","2","0","0","0","0","0","0","0","0","5","0","","67","7","2020","7","39.920481","-75.180347","2216","6","0","0","0","0","0","0","0","0","","0","0","0","","","0","N","0","","39 55:13.730","","0","75 10:49.250","0","0","0","0","67301","0","0","0","N","0","0","0","1","67301","0","","6.0","","1","N","N","N","0","","0","0","1","","0","","","3","0","0","0","0","0","0","2","0","3","","","","N","","","","","","","","","",""
"2020053453","1840","1","0","0","0","0","0","0","0","0","5","0","","67","7","2020","7","40.034825","-75.07078","1834","6","0","0","0","0","0","0","0","0","","0","0","0","","","0","N","0","","40 02:05.371","1","0","75 04:14.809","0","0","0","0","67301","0","0","0","N","0","0","0","2","67301","0","","1.0","1928.0","1","N","N","N","0","","0","0","1","","0","Y","","2","0","0","0","0","0","0","2","0","2","","","","N","","","","","","","","","",""
"2020052502","2045","1","0","0","0","0","0","0","0","0","5","0","","67","7","2020","4","39.974024","-75.204746","1955","6","0","0","0","0","0","0","0","0","","0","0","0","","","0","N","0","","39 58:26.488","","0","75 12:17.084","0","0","0","0","67301","0","0","0","N","0","0","0","2","67301","0","","1.0","","1","N","N","N","1","","0","0","0","","0","","","2","0","0","0","0","0","0","2","0","2","","03","","N","","","","","","","","","",""
"2020050697","1345","3","0","0","0","0","0","0","0","0","5","0","","67","6","2020","1","39.946263","-75.243576","1341","6","0","0","0","0","0","0","0","0","","0","0","0","","","0","N","0","","39 56:46.546","","0","75 14:36.872","0","0","0","0","67301","0","0","0","N","0","0","0","3","67301","0","","6.0","","1","N","N","N","0","","0","0","0","","0","","","4","0","0","0","0","0","0","2","0","3","","03","","N","","","","","","","","","",""
"2020051299","1317","1","0","0","0","0","0","0","0","0","4","0","","67","6","2020","3","40.047769","-75.143372","1255","6","0","0","0","0","1","1","0","0","","0","0","0","","","3","N","0","","40 02:51.970","","7","75 08:36.138","8","0","0","0","67301","0","0","0","N","0","0","0","4","67301","0","","1.0","","1","N","N","N","0","","0","0","1","","0","","","2","3","0","0","0","3","1","2","0","2","","03","","N","","","","","","","","","",""
"2020095831","0739","1","0","0","0","0","0","0","0","0","1","0","","67","10","2020","1","39.998694","-75.08104","0738","6","0","0","0","0","0","1","0","0","","0","0","0","","","0","N","0","","39 59:55.298","","0","75 04:51.743","0","0","0","0","67301","0","0","0","N","0","0","0","2","68K01","0","","1.0","","1","N","N","N","0","","0","0","0","","0","","","2","0","0","0","0","0","0","2","1","2","","","","N","","","","","","","","","",""
"2020065274","1422","0","0","0","0","0","0","0","0","0","3","0","","67","7","2020","6","39.970597","-75.214405","1418","6","0","0","0","0","0","0","0","0","","0","0","0","","","0","N","0","","39 58:14.148","","0","75 12:51.859","0","0","0","0","67301","0","0","0","N","0","0","0","1","67301","0","","6.0","","1","N","N","N","0","","0","0","1","","0","","","3","0","0","0","0","0","0","2","1","2","","03","","N","","","","","","","","","",""
"2020050621","0445","2","0","0","0","0","0","0","0","0","5","0","","67","6","2020","1","39.975872","-75.252128","0435","6","0","0","0","0","0","0","0","0","","0","0","0","","","0","N","0","","39 58:33.140","","0","75 15:07.660","0","0","0","0","67301","0","0","0","N","0","0","0","1","67301","0","","6.0","","1","N","N","N","0","","0","0","1","","0","","","4","0","0","0","0","0","0","2","1","4","","03","","N","","","","","","","","","",""
"2020052323","1846","2","0","0","0","0","0","0","0","0","4","0","","67","7","2020","4","39.973521","-75.203048","1844","6","0","0","0","1","0","0","0","0","","0","0","0","","","3","","2","","39 58:24.675","","0","75 12:10.972","3","0","0","0","67301","0","0","0","N","0","0","0","5","67301","1","","1.0","","1","N","N","N","0","","2","0","0","","3","","","2","3","0","0","0","0","1","2","0","2","","","","N","","","","","","","","","",""
"2020055852","2222","1","0","0","0","0","0","0","0","0","8","0","","67","7","2020","3","40.013518","-75.158933","2221","6","0","0","0","0","0","0","0","0","","0","0","0","","","1","N","0","","40 00:48.665","3","0","75 09:32.160","3","0","0","0","67301","1","0","0","N","1","0","0","2","67301","0","","1.0","10.0","1","N","N","N","0","","1","0","0","","0","N","","2","1","1","0","0","0","0","2","0","1","","03","","N","","","","","","","","","",""
"2020096697","0631","0","0","0","0","0","0","0","0","0","5","0","","67","10","2020","3","40.039121","-75.008328","0613","6","0","0","0","0","0","0","0","0","","0","1","0","","","0","N","0","","40 02:20.835","","0","75 00:29.982","0","0","0","0","67301","0","0","0","N","0","0","0","2","68K01","0","","1.0","","9","N","N","N","1","","0","0","0","","0","","","2","0","0","0","0","0","0","2","0","2","","","","N","","","","","","","","","",""
"2020052322","1755","1","0","0","0","0","0","0","0","0","1","0","","67","7","2020","7","40.0495","-75.160667","1754","6","0","0","0","0","0","1","0","0","","0","0","0","","","1","N","0","","40 02:58.200","","0","75 09:38.400","3","0","0","0","67301","0","0","0","N","0","0","0","2","67301","0","","1.0","","1","N","N","N","0","","1","0","0","","0","","","2","1","0","0","0","0","0","2","0","2","","03","","N","","","","","","","","","",""
"2020096057","1434","0","0","0","0","0","0","0","0","0","1","0","","67","11","2020","2","39.926635","-75.235585","1422","6","0","0","0","0","0","1","0","0","","0","0","0","","","1","","1","","39 55:35.885","","0","75 14:08.106","3","0","0","0","67301","0","0","0","N","0","0","0","1","67301","0","","1.0","","1","N","N","N","0","","1","0","2","","2","","","2","1","0","0","0","0","0","2","0","2","","","","N","","","","","","","","","",""
"2020052359","0213","1","0","0","0","0","0","0","0","0","1","0","","67","7","2020","4","39.967322","-75.2097","0208","6","0","0","0","0","0","0","0","0","","0","0","0","","","0","N","0","","39 58:02.360","","0","75 12:34.920","9","0","0","0","67301","0","0","0","N","0","0","0","1","67301","0","","6.0","","1","N","N","N","0","","0","0","2","","0","","","3","0","0","0","0","0","1","2","0","3","","","","N","","","","","","","","","",""
"2020050907","1628","1","0","0","0","0","0","0","0","0","1","0","","67","6","2020","1","39.918341","-75.182793","1618","6","0","0","0","0","0","1","1","0","","0","0","0","","","1","","2","","39 55:06.027","","0","75 10:58.054","4","0","0","0","67301","0","0","0","N","0","0","0","3","67301","1","","1.0","","1","N","N","N","1","","0","0","1","","2","","","3","1","1","0","0","0","0","2","0","3","","","","N","","","","","","","","","",""