"CRN","ARRIVAL_TM","AUTOMOBILE_COUNT","BELTED_DEATH_COUNT","BELTED_SUSP_SERIOUS_INJ_COUNT","BICYCLE_COUNT","BICYCLE_DEATH_COUNT","BICYCLE_SUSP_SERIOUS_INJ_COUNT","BUS_COUNT","CHLDPAS_DEATH_COUNT","CHLDPAS_SUSP_SERIOUS_INJ_COUNT","COLLISION_TYPE","COMM_VEH_COUNT","CONS_ZONE_SPD_LIM","COUNTY","CRASH_MONTH","CRASH_YEAR","DAY_OF_WEEK","DEC_LATITUDE","DEC_LONGITUDE","DISPATCH_TM","DISTRICT","DRIVER_COUNT_16YR","DRIVER_COUNT_17YR","DRIVER_COUNT_18YR","DRIVER_COUNT_19YR","DRIVER_COUNT_20YR","DRIVER_COUNT_50_64YR","DRIVER_COUNT_65_74YR","DRIVER_COUNT_75PLUS","EST_HRS_CLOSED","FATAL_COUNT","HEAVY_TRUCK_COUNT","HORSE_BUGGY_COUNT","HOUR_OF_DAY","ILLUMINATION","INJURY_COUNT","INTERSECTION_RELATED","INTERSECT_TYPE","LANE_CLOSED","LATITUDE","LN_CLOSE_DIR","LOCATION_TYPE","LONGITUDE","MAX_SEVERITY_LEVEL","MCYCLE_DEATH_COUNT","MCYCLE_SUSP_SERIOUS_INJ_COUNT","MOTORCYCLE_COUNT","MUNICIPALITY","NONMOTR_COUNT","NONMOTR_DEATH_COUNT","NONMOTR_SUSP_SERIOUS_INJ_COUNT","NTFY_HIWY_MAINT","PED_COUNT","PED_DEATH_COUNT","PED_SUSP_SERIOUS_INJ_COUNT","PERSON_COUNT","POLICE_AGCY","POSSIBLE_INJ_COUNT","RDWY_SURF_TYPE_CD","RELATION_TO_ROAD","ROADWAY_CLEARED","ROAD_CONDITION","SCH_BUS_IND","SCH_ZONE_IND","SECONDARY_CRASH","SMALL_TRUCK_COUNT","SPEC_JURIS_CD","SUSP_MINOR_INJ_COUNT","SUSP_SERIOUS_INJ_COUNT","SUV_COUNT","TCD_FUNC_CD","TCD_TYPE","TFC_DETOUR_IND","TIME_OF_DAY","TOTAL_UNITS","TOT_INJ_COUNT","UNBELTED_OCC_COUNT","UNB_DEATH_COUNT","UNB_SUSP_SERIOUS_INJ_COUNT","UNK_INJ_DEG_COUNT","UNK_INJ_PER_COUNT","URBAN_RURAL","VAN_COUNT","VEHICLE_COUNT","WEATHER1","WEATHER2","WORKERS_PRES","WORK_ZONE_IND","WORK_ZONE_LOC","WORK_ZONE_TYPE","WZ_CLOSE_DETOUR","WZ_FLAGGER","WZ_LAW_OFFCR_IND","WZ_LN_CLOSURE","WZ_MOVING","WZ_OTHER","WZ_SHLDER_MDN","WZ_WORKERS_INJ_KILLED"
"2020097062","1125","1","0","0","0","0","0","0","0","0","1","0","","67","10","2020","7","39.958863","-75.169692","1119","6","0","0","0","0","0","0","0","0","","0","0","0","","","1","N","0","","39 57:31.907","4","1","75 10:10.891","4","0","0","0","67301","0","0","0","N","0","0","0","3","68K01","1","","1.0","15.0","1","N","N","N","0","","0","0","1","","0","N","","3","1","0","0","0","0","1","2","0","3","","","","N","","","","","","","","","",""
"2020058811","0753","0","0","0","0","0","0","0","0","0","7","0","","67","7","2020","6","39.967661","-75.189415","0753","6","0","0","0","0","0","0","0","0","","0","0","0","","","0","N","0","","39 58:03.579","4","0","75 11:21.895","0","0","0","0","67301","0","0","0","N","0","0","0","1","68K01","0","","4.0","30.0","1","N","N","N","1","","0","0","0","","0","N","","1","0","0","0","0","0","0","2","0","1","","","","N","","","","","","","","","",""
"2020051992","2102","1","0","0","1","0","0","0","0","0","8","0","","67","6","2020","3","39.996611","-75.11325","2051","6","0","0","0","0","0","0","0","0","","0","0","0","","","1","","5","","39 59:47.800","","1","75 06:47.700","3","0","0","0","67301","1","0","0","N","0","0","0","2","67301","0","","1.0","","1","N","N","N","0","","1","0","0","","2","","","2","1","0","0","0","0","0","2","0","1","","03","","N","","","","","","","","","",""
"2020050698","1520","1","0","0","0","0","0","0","0","0","8","0","","67","6","2020","1","39.990878","-75.11483","1514","6","0","0","0","0","0","0","0","0","","0","0","0","","","1","","2","","39 59:27.161","","0","75 06:53.387","3","0","0","0","67301","1","0","0","N","1","0","0","2","67301","0","","1.0","","1","N","N","N","0","","1","0","0","","2","","","2","1","0","0","0","0","0","2","0","1","","03","","N","","","","","","","","","",""
"2020050700","1524","1","0","0","0","0","0","0","0","0","4","0","","67","6","2020","1","39.998196","-75.187643","1510","6","0","0","0","0","0","0","0","0","","0","0","0","","","2","","2","","39 59:53.504","5","0","75 11:15.514","3","0","0","0","67301","0","0","0","N","0","0","0","2","67301","0","","1.0","1920.0","1","N","N","N","0","","2","0","1","","2","Y","","2","2","0","0","0","0","0","2","0","2","","03","","N","","","","","","","","","",""
"2020095974","0150","2","0","0","0","0","0","0","0","0","4","0","","67","11","2020","3","40.039152","-75.04512","0145","6","0","0","0","0","0","0","0","0","","0","0","0","","","0","N","0","","40 02:20.947","4","0","75 02:42.433","9","0","0","0","67301","0","0","0","N","0","0","0","1","67301","0","","6.0","230.0","1","N","N","N","0","","0","0","0","","0","N","","2","0","0","0","0","0","1","2","0","2","","","","N","","","","","","","","","",""
"2020096136","1106","1","0","0","0","0","0","0","0","0","5","0","","67","11","2020","1","39.976736","-75.197527","0106","6","0","0","0","1","0","0","0","0","","0","0","0","","","2","N","0","","39 58:36.249","3","0","75 11:51.097","3","0","0","0","67301","0","0","0","N","0","0","0","2","68K01","0","","1.0","145.0","1","N","N","N","0","","2","0","1","","0","N","","2","2","0","0","0","0","0","2","0","2","","03","","N","","","","","","","","","",""
"2020055181","1810","2","0","0","0","0","0","0","0","0","1","0","","67","7","2020","1","39.939278","-75.196722","1810","6","0","0","0","0","0","0","0","0","","0","0","0","","","0","N","0","","39 56:21.400","","1","75 11:48.200","0","0","0","0","67301","0","0","0","N","0","0","0","2","67301","0","","1.0","","1","N","N","N","0","","0","0","0","","0","","","2","0","0","0","0","0","0","2","0","2","","03","","N","","","","","","","","","",""
"2020051873","0450","2","0","0","0","0","0","0","0","0","5","0","","67","7","2020","5","40.001282","-75.065697","0441","6","0","0","0","0","0","0","0","0","","0","0","0","","","0","N","0","","40 00:04.615","","0","75 03:56.508","0","0","0","0","67301","0","0","0","N","0","0","0","1","67301","0","","6.0","","1","N","N","N","0","","0","0","0","","0","","","2","0","0","0","0","0","0","2","0","2","","03","","N","","","","","","","","","",""
"2020094521","2118","0","0","0","0","0","0","0","0","0","0","0","","67","11","2020","6","40.1","-75.008613","2112","6","0","0","0","0","0","0","0","0","","0","0","0","","","1","N","0","","40 06:00.001","","0","75 00:31.008","8","0","0","1","67301","0","0","0","N","0","0","0","1","67301","0","","1.0","","1","N","N","N","0","","0","0","0","","0","","","1","1","0","0","0","1","0","2","0","1","","","","N","","","","","","","","","",""
"2020051273","0841","1","0","0","0","0","0","0","0","0","4","0","","67","6","2020","2","40.027194","-75.151242","0841","6","0","0","0","0","0","0","0","0","","0","0","0","","","0","","1","","40 01:37.898","","0","75 09:04.471","0","0","0","0","67301","0","0","0","N","0","0","0","2","67301","0","","1.0","","1","N","N","N","0","","0","0","1","","2","","","2","0","0","0","0","0","0","2","0","2","","","","N","","","","","","","","","",""
"2020101164","0849","0","0","0","0","0","0","0","0","0","1","1","","67","11","2020","1","40.003513","-75.077401","0828","6","0","0","0","0","0","1","0","0","","0","1","0","","","2","N","6","","40 00:12.647","2","0","75 04:38.645","4","0","0","0","67301","0","0","0","N","0","0","0","3","68K01","2","","1.0","30.0","1","N","N","Y","0","","0","0","1","","0","N","","2","2","0","0","0","0","0","2","0","2","","","","N","","","","","","","","","",""
"2020094478","2351","1","0","0","0","0","0","0","0","0","7","0","","67","11","2020","6","39.953473","-75.139763","2348","6","0","0","0","0","0","0","0","0","","0","0","0","","","1","","2","","39 57:12.504","","2","75 08:23.145","3","0","0","0","67301","0","0","0","N","0","0","0","1","67301","0","","9.0","","1","N","N","N","0","","1","0","0","","2","","","1","1","1","0","0","0","0","2","0","1","","03","","N","","","","","","","","","",""
"2020101826","1750","2","0","0","0","0","0","0","0","0","3","0","","67","11","2020","4","39.986098","-75.180958","1747","6","0","0","0","0","0","1","0","0","","0","0","0","","","1","N","0","","39 59:09.954","","0","75 10:51.449","2","0","0","0","67301","0","0","0","N","0","0","0","2","67301","0","","6.0","","1","N","N","N","0","","0","1","0","","0","","","2","1","1","0","0","0","0","2","0","2","","03","","N","","","","","","","","","",""
"2020094520","1926","0","0","0","1","0","0","0","0","0","8","1","","67","11","2020","6","39.952128","-75.161449","1925","6","0","0","0","0","0","1","0","0","","0","1","0","","","1","","1","","39 57:07.661","7","0","75 09:41.216","4","0","0","0","67301","1","0","0","N","0","0","0","2","67301","1","","1.0","1235.0","1","N","N","N","0","","0","0","0","","2","N","","2","1","0","0","0","0","0","2","0","1","","03","","N","","","","","","","","","",""
"2020051473","1542","1","0","0","0","0","0","0","0","0","4","0","","67","6","2020","3","39.95901","-75.173959","1540","6","0","0","0","0","0","0","0","0","","0","0","0","","","0","","1","","39 57:32.436","","0","75 10:26.254","0","0","0","0","67301","0","0","0","N","0","0","0","2","67301","0","","1.0","","1","N","N","N","0","","0","0","1","","2","","","2","0","0","0","0","0","0","2","0","2","","","","N","","","","","","","","","",""
"2020051347","1745","0","0","0","0","0","0","1","0","0","5","1","","67","6","2020","1","40.015306","-75.135139","1730","6","1","0","0","0","0","0","0","0","","0","0","0","","","3","N","0","","40 00:55.100","1","0","75 08:06.500","8","0","0","1","67301","0","0","0","N","0","0","0","4","67508","0","","1.0","2030.0","1","N","N","N","0","","0","0","0","","0","Y","","2","3","0","0","0","3","0","2","0","2","","","","N","","","","","","","","","",""
"2020052334","2142","1","0","0","0","0","0","0","0","0","8","0","","67","7","2020","7","39.963363","-75.187417","2140","6","0","0","0","0","0","0","0","0","","0","0","0","","","1","","1","","39 57:48.108","","0","75 11:14.701","8","0","0","0","67301","1","0","0","N","1","0","0","2","67507","0","","1.0","","1","","","N","0","","0","0","0","","2","","","2","1","0","0","0","1","0","2","0","1","","","","N","","","","","","","","","",""
"2020051995","1425","1","0","0","0","0","0","0","0","0","4","0","","67","7","2020","5","39.993331","-75.100303","1423","6","0","0","0","0","0","1","0","0","","0","0","0","","","3","","1","","39 59:35.991","","0","75 06:01.091","3","0","0","0","67301","0","0","0","N","0","0","0","4","67301","0","","1.0","","1","N","N","N","0","","3","0","1","","3","","","2","3","1","0","0","0","0","2","0","2","","03","","N","","","","","","","","","",""
"2020058946","0004","2","0","0","0","0","0","0","0","0","7","0","","67","7","2020","7","39.969187","-75.126604","2352","6","0","0","0","0","0","0","0","0","","0","0","0","","","1","N","0","","39 58:09.072","1","0","75 07:35.774","3","0","0","0","67301","0","0","0","N","0","0","0","2","68K01","0","","4.0","30.0","1","N","N","N","0","","1","0","0","","0","N","","2","1","0","0","0","0","0","2","0","2","","03","","N","","","","","","","","","",""
"2020096990","0959","0","0","0","0","0","0","0","0","0","7","0","","67","11","2020","1","39.977893","-75.228214","0955","6","0","0","0","0","0","0","0","0","","0","0","0","","","0","N","0","","39 58:40.414","","0","75 13:41.569","9","0","0","0","67301","0","0","0","N","0","0","0","1","67301","0","","5.0","","1","N","N","N","0","","0","0","0","","0","","","1","0","0","0","0","0","1","2","0","1","","03","","N","","","","","","","","","",""
"2020052133","1439","1","0","0","0","0","0","0","0","0","4","0","","67","6","2020","3","40.021739","-75.139756","1429","6","0","0","0","0","0","1","0","0","","0","0","0","","","3","","1","","40 01:18.260","","0","75 08:23.123","8","0","0","0","67301","0","0","0","N","0","0","0","4","67301","0","","1.0","","1","N","N","N","0","","0","0","0","","2","","","2","3","0","0","0","3","0","2","1","2","","03","","N","","","","","","","","","",""
"2020053539","1101","1","0","0","0","0","0","0","0","0","1","0","","67","6","2020","3","39.950438","-75.141656","1100","6","0","0","0","0","0","1","0","0","","0","0","0","","","0","N","0","","39 57:01.577","2","0","75 08:29.963","0","0","0","0","67301","0","0","0","N","0","0","0","5","68K01","0","","1.0","1125.0","1","N","N","N","1","","0","0","2","","0","N","","4","0","0","0","0","0","0","2","0","4","","03","","N","","","","","","","","","",""
"2020053104","0740","0","0","0","0","0","0","0","0","0","4","0","","67","7","2020","5","39.940534","-75.218905","0728","6","0","0","0","0","0","2","0","0","","0","0","0","","","1","","1","","39 56:25.922","","0","75 13:08.059","3","0","0","0","67301","0","0","0","N","0","0","0","2","67301","0","","1.0","","1","N","N","Y","0","","1","0","2","","2","","","3","1","1","0","0","0","0","2","1","3","","03","","N","","","","","","","","","",""
"2020052605","1228","1","0","0","0","0","0","0","0","0","1","0","","67","7","2020","7","39.978691","-75.157926","1228","6","0","0","0","0","0","1","0","0","","0","0","0","","","1","","1","","39 58:43.287","","0","75 09:28.532","3","0","0","0","67301","0","0","0","N","0","0","0","4","67301","0","","1.0","","1","N","N","N","0","","1","0","0","","2","","","2","1","3","0","0","0","0","2","0","2","","03","","N","","","","","","","","","",""
"2020097127","1840","0","0","0","0","0","0","0","0","0","8","0","","67","11","2020","5","39.909694","-75.162147","1832","6","0","0","0","0","0","0","0","0","","0","0","0","","","1","N","0","","39 54:34.900","","0","75 09:43.730","8","0","0","0","67301","1","0","0","N","1","0","0","1","67301","0","","1.0","","9","N","N","N","0","","0","0","0","","2","","","2","1","0","0","0","1","0","2","0","1","","04","","N","","","","","","","","","",""
"2020052505","1236","2","0","0","0","0","0","0","0","0","4","0","","67","7","2020","6","40.058432","-75.142176","1236","6","0","0","0","0","0","1","0","0","","0","0","0","","","3","","2","","40 03:30.355","","0","75 08:31.833","3","0","0","0","67301","0","0","0","N","0","0","0","3","67301","0","","1.0","","1","N","N","N","0","","3","0","0","","3","","","2","3","0","0","0","0","0","2","0","2","","","","N","","","","","","","","","",""
"2020056278","2200","1","0","0","0","0","0","0","0","0","4","0","","67","7","2020","1","39.98976","-75.117702","2200","6","0","0","0","0","0","0","1","0","","0","0","0","","","0","","1","","39 59:23.135","","0","75 07:03.727","0","0","0","0","67301","0","0","0","N","0","0","0","2","67301","0","","1.0","","1","N","N","N","0","","0","0","1","","2","","","2","0","1","0","0","0","0","2","0","2","","03","","N","","","","","","","","","",""
"2020096054","0957","0","0","0","0","0","0","0","0","0","4","1","","67","11","2020","1","39.921042","-75.228921","0955","6","0","0","0","0","0","0","0","0","","0","1","0","","","0","","1","","39 55:15.752","","0","75 13:44.116","0","0","0","0","67301","0","0","0","N","0","0","0","2","67301","0","","1.0","","1","N","N","N","0","","0","0","1","","2","","","2","0","0","0","0","0","0","2","0","2","","03","","N","","","","","","","","","",""
"2020050568","1540","1","0","0","0","0","0","0","0","0","4","0","","67","6","2020","1","39.949028","-75.189861","1520","6","0","0","0","0","0","1","0","1","","0","0","0","","","0","N","0","","39 56:56.500","","0","75 11:23.500","0","0","0","0","67301","0","0","0","N","0","0","0","2","67504","0","","1.0","","1","N","N","N","0","","0","0","1","","0","","","2","0","0","0","0","0","0","2","0","2","","98","","N","","","","","","","","","",""
"2020051994","1330","0","0","0","0","0","0","0","0","0","4","0","","67","7","2020","4","40.000319","-75.10646","1330","6","0","0","0","0","0","0","1","0","","0","0","0","","","1","","5","","40 00:01.147","","1","75 06:23.257","4","0","0","0","67301","0","0","0","N","0","0","0","2","67301","1","","1.0","","1","N","N","N","0","","0","0","2","","2","","","2","1","0","0","0","0","1","2","0","2","","","","N","","","","","","","","","",""
"2020053202","0756","0","0","0","0","0","0","0","0","0","5","0","","67","6","2020","2","39.956694","-75.143583","0750","6","0","0","0","0","0","0","1","0","","0","0","0","","","0","","3","","39 57:24.100","2","2","75 08:36.900","0","0","0","0","67301","0","0","0","Y","0","0","0","2","68K01","0","","7.0","840.0","1","N","N","N","0","","0","0","2","","0","Y","","2","0","0","0","0","0","0","2","0","2","","","","N","","","","","","","","","",""
"2020052604","2051","1","0","0","0","0","0","0","0","0","5","0","","67","7","2020","7","39.981883","-75.163756","2050","6","0","0","0","0","0","1","0","0","","0","0","0","","","0","N","0","","39 58:54.780","1","0","75 09:49.520","0","0","0","0","67301","0","0","0","N","0","0","0","1","67301","0","","6.0","2210.0","1","N","N","N","0","","0","0","1","","0","Y","","3","0","0","0","0","0","0","2","1","3","","03","","N","","","","","","","","","",""
"2020056367","0703","1","0","0","0","0","0","0","0","0","4","0","","67","7","2020","1","39.962266","-75.171262","0701","6","0","0","0","0","0","0","0","0","","0","0","0","","","2","","1","","39 57:44.157","6","0","75 10:16.543","3","0","0","0","67301","0","0","0","N","0","0","0","2","39301","1","","1.0","730.0","1","N","N","N","0","","1","0","1","","3","Y","","2","2","0","0","0","0","0","2","0","2","","04","","N","","","","","","","","","",""
"2020096979","1035","2","0","0","0","0","0","0","0","0","4","0","","67","11","2020","3","39.90983","-75.186775","1030","6","0","0","0","0","0","0","0","0","","0","0","0","","","1","N","0","","39 54:35.388","","0","75 11:12.391","3","0","0","0","67301","0","0","0","N","0","0","0","2","67301","0","","1.0","","1","N","N","N","0","","1","0","0","","0","","","2","1","0","0","0","0","0","2","0","2","","03","","N","","","","","","","","","",""
"2020051590","2221","0","0","0","0","0","0","0","0","0","4","0","","67","6","2020","2","39.97475","-75.19925","2219","6","0","0","0","0","0","0","0","0","","0","0","0","","","5","","1","","39 58:29.100","","2","75 11:57.300","4","0","0","0","67301","0","0","0","N","0","0","0","5","67301","3","","1.0","","1","N","N","N","0","","0","0","2","","2","","","2","5","0","0","0","2","0","2","0","2","","","","N","","","","","","","","","",""
"2020055840","2145","2","0","0","0","0","0","0","0","0","4","0","","67","7","2020","4","40.005999","-75.151956","2143","6","0","0","0","0","0","1","0","0","","0","0","0","","","0","N","0","","40 00:21.595","","0","75 09:07.043","0","0","0","0","67301","0","0","0","N","0","0","0","2","67505","0","","1.0","","1","N","N","N","0","","0","0","0","","0","","","2","0","0","0","0","0","0","2","0","2","","03","","N","","","","","","","","","",""
"2020057209","1314","1","0","0","0","0","0","0","0","0","7","0","","67","6","2020","1","39.954566","-75.14099","1304","6","0","0","0","0","0","0","0","0","","0","0","0","","","0","N","0","","39 57:16.439","","8","75 08:27.564","0","0","0","0","67301","0","0","0","N","0","0","0","1","68K01","0","","4.0","","1","N","N","N","0","","0","0","0","","0","","","1","0","0","0","0","0","0","2","0","1","","","","N","","","","","","","","","",""
"2020052201","0037","1","0","0","0","0","0","0","0","0","4","0","","67","7","2020","7","40.04902","-75.157977","0034","6","0","0","0","0","0","1","0","0","","0","0","0","","","3","","2","","40 02:56.471","7","0","75 09:28.717","3","0","0","0","67301","0","0","0","N","0","0","0","4","67301","0","","1.0","130.0","1","N","N","N","0","","2","0","1","","3","Y","","2","3","2","0","0","1","1","2","0","2","","03","","N","","","","","","","","","",""
"2020095934","1833","1","0","0","0","0","0","0","0","0","8","0","","67","11","2020","3","40.064472","-75.160688","1830","6","0","0","0","0","0","0","0","0","","0","0","0","","","1","","1","","40 03:52.100","","0","75 09:38.478","3","0","0","0","67301","1","0","0","N","1","0","0","1","67301","0","","5.0","","1","N","N","N","0","","1","0","0","","2","","","2","1","0","0","0","0","0","2","0","1","","03","","N","","","","","","","","","",""
"2020050582","1540","0","0","0","0","0","0","0","0","0","8","0","","67","6","2020","1","40.118361","-75.016167","1531","6","0","0","0","0","0","0","0","0","","0","0","0","","","1","N","0","","40 07:06.100","","7","75 00:58.200","3","0","0","0","67301","1","0","0","N","1","0","0","2","67301","0","","1.0","","1","N","N","N","0","","1","0","0","","3","","","2","1","0","0","0","0","0","2","1","1","","","","N","","","","","","","","","",""
"2020055370","2241","2","0","0","0","0","0","0","0","0","1","0","","67","7","2020","4","39.88175","-75.245611","2226","6","0","0","0","0","0","0","0","0","","0","0","0","","","3","","3","","39 52:54.300","","0","75 14:44.200","3","0","0","0","67301","0","0","0","N","0","0","0","3","68K01","0","","1.0","","1","N","N","N","0","","3","0","0","","0","","","2","3","0","0","0","0","0","2","0","2","","03","","N","","","","","","","","","",""
"2020055236","0548","0","0","0","0","0","0","0","0","0","4","0","","67","7","2020","2","39.949481","-75.219015","0547","6","0","0","0","0","0","0","0","0","","0","0","0","","","0","","1","","39 56:58.131","","0","75 13:08.454","0","0","0","0","67301","0","0","0","N","0","0","0","2","67301","0","","1.0","","1","N","N","N","0","","0","0","1","","3","","","2","0","0","0","0","0","0","2","1","2","","03","","N","","","","","","","","","",""
"2020051919","1647","1","0","0","0","0","0","0","0","0","4","0","","67","7","2020","5","40.079562","-75.200434","1645","6","0","0","0","0","0","0","0","0","","0","0","0","","","2","","1","","40 04:46.424","","0","75 12:01.563","3","0","0","0","67301","0","0","0","N","0","0","0","5","67301","0","","1.0","","1","N","N","N","0","","2","0","1","","2","","","2","2","0","0","0","0","1","2","0","2","","03","","N","","","","","","","","","",""
"2020048099","0610","1","0","0","0","0","0","0","0","0","4","0","","67","6","2020","4","39.961299","-75.148194","0607","6","0","0","0","0","0","0","0","1","","0","0","0","","","2","","1","","39 57:40.676","","0","75 08:53.498","3","0","0","0","67301","0","0","0","N","0","0","0","3","67301","0","","1.0","","1","N","N","N","1","","1","0","0","","2","","","3","2","0","0","0","1","0","2","1","3","","03","","N","","","","","","","","","",""
"2020047828","2240","1","0","0","0","0","0","0","0","0","6","0","","67","6","2020","4","39.93449","-75.224524","2237","6","0","0","0","0","0","1","0","0","","0","0","0","","","1","","1","","39 56:04.164","","0","75 13:28.286","3","0","0","0","67301","0","0","0","N","0","0","0","2","67301","0","","1.0","","1","N","N","N","0","","1","0","1","","3","","","2","1","0","0","0","0","0","2","0","2","","03","","N","","","","","","","","","",""
"2020045709","1450","2","0","0","0","0","0","0","0","0","4","0","","67","6","2020","4","40.029081","-75.146916","1450","6","0","0","0","0","0","0","0","0","","0","0","0","","","2","","1","","40 01:44.692","","0","75 08:48.898","8","0","0","0","67301","0","0","0","N","0","0","0","3","67301","0","","1.0","","1","N","N","Y","0","","0","0","0","","2","","","2","2","0","0","0","2","0","2","0","2","","","","N","","","","","","","","","",""
"2020050824","1740","0","0","0","0","0","0","0","0","0","8","0","","67","6","2020","2","39.95956","-75.19703","1737","6","0","0","0","0","0","0","1","0","","0","0","0","","","1","","1","","39 57:34.415","4","0","75 11:49.307","2","0","0","0","67301","1","0","1","N","1","0","1","2","67504","0","","1.0","1800.0","1","","","Y","0","","0","1","1","","2","N","","2","1","0","0","0","0","0","2","0","1","","03","","N","","","","","","","","","",""
"2020054817","0125","2","0","0","0","0","0","0","0","0","4","0","","67","7","2020","7","39.919429","-75.165378","0120","6","0","0","0","1","0","1","0","0","","0","0","0","","","0","","1","","39 55:09.944","","6","75 09:55.360","0","0","0","0","67301","0","0","0","N","0","0","0","2","67301","0","","1.0","","1","N","N","N","0","","0","0","0","","3","","","2","0","0","0","0","0","0","2","0","2","","","","N","","","","","","","","","",""
"2020048337","1342","1","0","0","1","0","0","0","0","0","8","0","","67","6","2020","4","39.918134","-75.170977","1342","6","0","0","0","0","0","0","0","1","","0","0","0","","","1","","1","","39 55:05.284","","0","75 10:15.516","3","0","0","0","67301","1","0","0","N","0","0","0","2","67301","0","","1.0","","1","N","N","N","0","","1","0","0","","2","","","2","1","0","0","0","0","0","2","0","1","","","","N","","","","","","","","","",""
"2020047463","1700","0","0","0","0","0","0","0","0","0","1","0","","67","6","2020","3","40.035104","-75.017929","1637","6","0","0","0","0","0","0","0","0","","0","0","0","","","1","N","0","","40 02:06.375","","0","75 01:04.543","8","0","0","0","67301","0","0","0","N","0","0","0","2","68K01","0","","1.0","","1","N","N","N","1","","0","0","1","","0","","","2","1","0","0","0","1","0","2","0","2","","03","","N","","","","","","","","","",""
"2020045046","0345","0","0","0","0","0","0","0","0","0","7","0","","67","6","2020","6","39.991977","-75.20197","0345","6","0","1","0","0","0","0","0","0","","0","0","0","","","0","N","0","","39 59:31.118","4","0","75 12:07.091","0","0","0","0","67301","0","0","0","N","0","0","0","1","68K01","0","","2.0","430.0","9","N","N","N","0","","0","0","1","","0","N","","1","0","0","0","0","0","0","2","0","1","","","","N","","","","","","","","","",""
"2020044523","1100","2","0","0","0","0","0","0","0","0","6","0","","67","6","2020","6","39.97352","-75.209208","1100","6","0","0","0","0","0","0","0","0","","0","0","0","","","1","N","0","","39 58:24.672","","0","75 12:33.148","8","0","0","0","67301","0","0","0","N","0","0","0","1","67301","0","","6.0","","99","N","N","N","0","","0","0","1","","0","","","3","1","1","0","0","1","0","2","0","3","","","","N","","","","","","","","","",""
"2020048298","0617","1","0","1","0","0","0","0","0","0","4","0","","67","6","2020","4","39.95844","-75.237444","0613","6","0","0","0","0","0","1","0","0","","0","0","0","","","5","","1","","39 57:30.385","4","0","75 14:14.799","2","0","0","0","67301","0","0","0","N","0","0","0","5","67301","1","","1.0","750.0","1","N","N","N","0","","3","1","2","","2","Y","","3","5","0","0","0","0","0","2","0","3","","03","","N","","","","","","","","","",""
"2020052547","1401","1","0","0","0","0","0","0","0","0","5","0","","67","7","2020","6","40.102","-74.981361","1400","6","0","0","0","1","0","0","0","0","","0","0","0","","","1","N","0","","40 06:07.200","","0","74 58:52.900","3","0","0","0","67301","0","0","0","N","0","0","0","1","67301","0","","6.0","","1","N","N","N","0","","1","0","1","","0","","","2","1","0","0","0","0","0","2","0","2","","03","","N","","","","","","","","","",""
"2020047713","1428","0","0","0","0","0","0","0","0","0","8","0","","67","6","2020","3","40.011364","-75.15078","1424","6","0","0","0","0","0","0","0","0","","0","0","0","","","1","N","0","","40 00:40.910","","0","75 09:02.809","8","0","0","0","67301","1","0","0","N","1","0","0","2","67301","0","","1.0","","1","N","N","N","1","","0","0","0","","0","","","2","1","0","0","0","1","1","2","0","1","","03","","N","","","","","","","","","",""
"2020048710","2300","3","0","0","0","0","0","0","0","0","4","0","","67","6","2020","7","39.924001","-75.166759","2254","6","0","0","0","0","0","0","1","0","","0","0","0","","","0","N","0","","39 55:26.404","","0","75 10:00.331","0","0","0","0","67301","0","0","0","N","0","0","0","2","67301","0","","1.0","","1","N","N","Y","0","","0","0","1","","0","","","4","0","0","0","0","0","0","2","0","4","","03","","N","","","","","","","","","",""
"2020095602","1731","1","0","0","0","0","0","0","0","0","1","0","","67","11","2020","2","40.069134","-75.030453","1726","6","0","0","0","0","0","1","0","0","","0","0","0","","","1","N","0","","40 04:08.883","","0","75 01:49.631","4","0","0","0","67301","0","0","0","N","0","0","0","3","67301","1","","1.0","","1","N","N","N","0","","0","0","1","","0","","","2","1","0","0","0","0","0","2","0","2","","03","","N","","","","","","","","","",""
"2020052321","1108","1","0","0","0","0","0","0","0","0","7","0","","67","7","2020","4","40.105811","-75.027441","1049","6","0","0","0","1","0","0","0","0","","0","0","0","","","1","N","0","","40 06:20.919","","0","75 01:38.789","8","0","0","0","67301","0","0","0","N","0","0","0","1","67301","0","","4.0","","1","N","N","Y","0","","0","0","0","","0","","","1","1","0","0","0","1","0","2","0","1","","","","N","","","","","","","","","",""
"2020050024","2000","1","0","0","0","0","0","0","0","0","4","0","","67","6","2020","1","40.054132","-75.008501","1949","6","0","0","0","1","0","0","0","0","","0","0","0","","","1","N","0","","40 03:14.876","1","7","75 00:30.604","8","0","0","0","67301","0","0","0","N","0","0","0","4","67301","0","","1.0","100.0","1","N","N","N","0","","0","0","1","","0","N","","2","1","0","0","0","1","0","2","0","2","","03","","N","","","","","","","","","",""
"2020095299","0130","0","0","0","0","0","0","0","0","0","7","0","","67","11","2020","1","39.962858","-75.197292","0108","6","0","0","0","0","0","0","0","0","","0","0","0","","","1","","1","","39 57:46.289","","0","75 11:50.252","8","0","0","0","67301","0","0","0","N","0","0","0","1","67301","0","","9.0","","99","N","N","N","1","","0","0","0","","3","","","1","1","0","0","0","1","0","2","0","1","","03","","N","","","","","","","","","",""