"CRN","ARRIVAL_TM","AUTOMOBILE_COUNT","BELTED_DEATH_COUNT","BELTED_SUSP_SERIOUS_INJ_COUNT","BICYCLE_COUNT","BICYCLE_DEATH_COUNT","BICYCLE_SUSP_SERIOUS_INJ_COUNT","BUS_COUNT","CHLDPAS_DEATH_COUNT","CHLDPAS_SUSP_SERIOUS_INJ_COUNT","COLLISION_TYPE","COMM_VEH_COUNT","CONS_ZONE_SPD_LIM","COUNTY","CRASH_MONTH","CRASH_YEAR","DAY_OF_WEEK","DEC_LATITUDE","DEC_LONGITUDE","DISPATCH_TM","DISTRICT","DRIVER_COUNT_16YR","DRIVER_COUNT_17YR","DRIVER_COUNT_18YR","DRIVER_COUNT_19YR","DRIVER_COUNT_20YR","DRIVER_COUNT_50_64YR","DRIVER_COUNT_65_74YR","DRIVER_COUNT_75PLUS","EST_HRS_CLOSED","FATAL_COUNT","HEAVY_TRUCK_COUNT","HORSE_BUGGY_COUNT","HOUR_OF_DAY","ILLUMINATION","INJURY_COUNT","INTERSECTION_RELATED","INTERSECT_TYPE","LANE_CLOSED","LATITUDE","LN_CLOSE_DIR","LOCATION_TYPE","LONGITUDE","MAX_SEVERITY_LEVEL","MCYCLE_DEATH_COUNT","MCYCLE_SUSP_SERIOUS_INJ_COUNT","MOTORCYCLE_COUNT","MUNICIPALITY","NONMOTR_COUNT","NONMOTR_DEATH_COUNT","NONMOTR_SUSP_SERIOUS_INJ_COUNT","NTFY_HIWY_MAINT","PED_COUNT","PED_DEATH_COUNT","PED_SUSP_SERIOUS_INJ_COUNT","PERSON_COUNT","POLICE_AGCY","POSSIBLE_INJ_COUNT","RDWY_SURF_TYPE_CD","RELATION_TO_ROAD","ROADWAY_CLEARED","ROAD_CONDITION","SCH_BUS_IND","SCH_ZONE_IND","SECONDARY_CRASH","SMALL_TRUCK_COUNT","SPEC_JURIS_CD","SUSP_MINOR_INJ_COUNT","SUSP_SERIOUS_INJ_COUNT","SUV_COUNT","TCD_FUNC_CD","TCD_TYPE","TFC_DETOUR_IND","TIME_OF_DAY","TOTAL_UNITS","TOT_INJ_COUNT","UNBELTED_OCC_COUNT","UNB_DEATH_COUNT","UNB_SUSP_SERIOUS_INJ_COUNT","UNK_INJ_DEG_COUNT","UNK_INJ_PER_COUNT","URBAN_RURAL","VAN_COUNT","VEHICLE_COUNT","WEATHER1","WEATHER2","WORKERS_PRES","WORK_ZONE_IND","WORK_ZONE_LOC","WORK_ZONE_TYPE","WZ_CLOSE_DETOUR","WZ_FLAGGER","WZ_LAW_OFFCR_IND","WZ_LN_CLOSURE","WZ_MOVING","WZ_OTHER","WZ_SHLDER_MDN","WZ_WORKERS_INJ_KILLED"
"2020056076","1842","2","0","0","0","0","0","0","0","0","1","0","","67","7","2020","4","39.970133","-75.130414","1836","6","0","0","0","0","0","0","0","0","","0","0","0","","","0","","1","","39 58:12.478","","0","75 07:49.489","0","0","0","0","67301","0","0","0","N","0","0","0","5","67301","0","","1.0","","1","N","N","Y","1","","0","0","0","","2","","","3","0","0","0","0","0","0","2","0","3","","03","","N","","","","","","","","","",""
"2020088995","1840","3","0","0","0","0","0","0","0","0","4","0","","67","10","2020","6","39.938525","-75.231822","1835","6","0","0","0","0","0","0","0","0","","0","0","0","","","1","N","0","","39 56:18.690","","0","75 13:54.560","3","0","0","0","67301","0","0","0","N","0","0","0","4","67301","0","","1.0","","9","N","N","N","0","","1","0","0","","3","","","3","1","0","0","0","0","0","2","0","3","","","","N","","","","","","","","","",""
"2020089265","0911","0","0","0","0","0","0","0","0","0","7","1","45","67","10","2020","4","40.011228","-75.061214","0859","6","0","0","0","0","0","0","0","0","","0","1","0","","","2","N","0","","40 00:40.419","1","0","75 03:40.372","3","0","0","0","67301","0","0","0","N","0","0","0","2","68K01","1","","2.0","1110.0","1","N","N","N","0","","1","0","0","","0","N","","1","2","0","0","0","0","0","2","0","1","","03","N","Y","4","1","","","N","Y","","","Y","N"
"2020044538","0945","1","0","0","0","0","0","0","0","0","8","0","","67","6","2020","6","39.994831","-75.115497","0940","6","0","0","0","0","0","0","0","0","","0","0","0","","","1","N","0","","39 59:41.390","3","0","75 06:55.790","3","0","0","0","67301","1","0","0","N","1","0","0","2","67301","0","","1.0","1010.0","1","N","N","N","0","","1","0","0","","0","N","","2","1","0","0","0","0","0","2","0","1","","03","","N","","","","","","","","","",""
"2020052603","1012","2","0","0","0","0","0","0","0","0","4","0","","67","7","2020","6","39.980394","-75.19763","0959","6","0","0","0","0","0","0","0","0","","0","0","0","","","0","N","0","","39 58:49.417","","0","75 11:51.469","0","0","0","0","67301","0","0","0","N","0","0","0","2","67301","0","","1.0","","1","N","N","N","0","","0","0","0","","0","","","2","0","0","0","0","0","0","2","0","2","","03","","N","","","","","","","","","",""
"2020090641","0908","2","0","0","0","0","0","0","0","0","4","0","","67","10","2020","3","39.97279","-75.216328","0901","6","0","0","0","1","1","0","0","0","","0","0","0","","","2","","1","","39 58:22.044","","0","75 12:58.781","4","0","0","0","67301","0","0","0","N","0","0","0","4","67301","2","","1.0","","9","N","Y","Y","1","","0","0","0","","2","","","3","2","0","0","0","0","1","2","0","3","","04","","N","","","","","","","","","",""
"2020089881","0110","1","0","0","0","0","0","0","0","0","7","0","","67","10","2020","2","39.991367","-75.155027","0104","6","0","0","0","0","0","0","0","0","","0","0","0","","","1","N","0","","39 59:28.922","2","0","75 09:18.098","3","0","0","0","67301","0","0","0","N","0","0","0","1","67301","0","","5.0","320.0","9","N","N","N","0","","1","0","0","","0","Y","","1","1","0","0","0","0","0","2","0","1","","","","N","","","","","","","","","",""
"2020052197","2330","0","0","0","0","0","0","0","0","0","4","0","","67","7","2020","6","40.042437","-75.082689","2325","6","0","0","0","0","1","1","0","0","","0","0","0","","","2","","1","","40 02:32.772","","0","75 04:57.681","3","0","0","0","67301","0","0","0","N","0","0","0","2","67301","0","","1.0","","1","N","N","N","0","","2","0","2","","2","","","2","2","0","0","0","0","0","2","0","2","","03","","N","","","","","","","","","",""
"2020048761","0519","2","0","0","0","0","0","0","0","0","1","0","","67","6","2020","6","40.004647","-75.093343","0519","6","0","0","0","0","0","0","0","0","","0","0","0","","","0","N","0","","40 00:16.730","","0","75 05:36.036","0","0","0","0","67301","0","0","0","N","0","0","0","1","67301","0","","6.0","","1","N","N","N","0","","0","0","0","","0","","","2","0","0","0","0","0","0","2","0","2","","03","","N","","","","","","","","","",""
"2020088083","0957","1","0","0","0","0","0","0","0","0","7","0","","67","10","2020","3","40.012219","-75.147258","0952","6","0","0","0","0","1","0","0","0","","0","0","0","","","2","N","0","","40 00:43.990","","3","75 08:50.130","3","0","0","0","67301","0","0","0","N","0","0","0","2","67301","0","","5.0","","9","N","N","N","0","","2","0","0","","0","","","1","2","2","0","0","0","0","2","0","1","","04","","N","","","","","","","","","",""
"2020052853","2357","1","0","0","0","0","0","0","0","0","1","0","","67","7","2020","5","39.962801","-75.183427","2357","6","0","0","0","0","0","0","0","0","","0","0","0","","","3","N","0","","39 57:46.085","","0","75 11:00.336","3","0","0","0","67301","0","0","0","N","0","0","0","4","68K01","0","","1.0","","1","N","N","N","0","","3","0","1","","0","","","2","3","0","0","0","0","0","2","0","2","","03","","N","","","","","","","","","",""
"2020048078","1800","1","0","0","0","0","0","0","0","0","4","0","","67","6","2020","5","40.01889","-75.140438","1751","6","0","0","0","0","0","1","0","0","","0","0","0","","","1","","1","","40 01:08.004","5","0","75 08:25.576","3","0","0","0","67301","0","0","0","N","0","0","0","3","67301","0","","1.0","2046.0","1","N","N","Y","0","","1","0","2","","2","Y","","3","1","0","0","0","0","0","2","0","3","","03","","N","","","","","","","","","",""
"2020053400","0519","0","0","0","0","0","0","0","0","0","7","0","","67","7","2020","6","39.941263","-75.194692","0514","6","0","0","0","0","0","0","0","0","","0","0","0","","","1","N","0","","39 56:28.546","4","0","75 11:40.890","3","0","0","0","67301","0","0","0","N","0","0","0","1","68K01","0","","4.0","600.0","1","N","N","N","0","","1","0","0","","0","N","","1","1","0","0","0","0","0","2","1","1","","03","","N","","","","","","","","","",""
"2020090792","0410","1","0","0","0","0","0","0","0","0","7","0","","67","10","2020","7","39.980964","-75.206529","0410","6","0","0","0","0","0","0","0","0","","0","0","0","","","1","N","0","","39 58:51.471","","0","75 12:23.503","3","0","0","0","67301","0","0","0","N","0","0","0","1","68K01","0","","4.0","","9","N","N","N","0","","1","0","0","","0","","","1","1","0","0","0","0","0","2","0","1","","","","N","","","","","","","","","",""
"2020048589","2301","4","0","0","0","0","0","0","0","0","5","0","","67","6","2020","6","39.975378","-75.118906","2300","6","0","0","0","0","0","0","0","0","","0","0","0","","","0","N","0","","39 58:31.360","6","0","75 07:08.060","0","0","0","0","67301","0","0","0","N","0","0","0","1","67301","0","","6.0","0.0","1","N","N","N","0","","0","0","1","","0","Y","","5","0","0","0","0","0","0","2","0","5","","","","N","","","","","","","","","",""
"2020089007","1920","0","0","0","0","0","0","0","0","0","8","0","","67","10","2020","6","39.96666","-75.224877","1913","6","0","0","0","0","0","0","0","0","","1","0","0","","","0","N","1","","39 57:59.976","","0","75 13:29.557","1","0","0","0","67301","1","1","0","N","1","1","0","2","67301","0","2","9.0","","1","N","N","N","0","0","0","0","0","","2","","","2","0","0","0","0","0","1","2","0","1","","","","N","","","","","","","","","",""
"2020087798","1852","0","0","0","0","0","0","0","0","0","8","0","","67","10","2020","5","39.877842","-75.246319","1850","6","0","0","0","0","0","0","0","0","","0","0","0","","","1","N","0","","39 52:40.230","","0","75 14:46.750","4","0","0","0","67301","1","0","0","N","1","0","0","1","67301","1","","1.0","","1","N","N","N","0","","0","0","0","","9","","","2","1","0","0","0","0","0","2","0","1","","03","","N","","","","","","","","","",""
"2020046936","1456","0","0","0","0","0","0","0","0","0","8","0","","67","6","2020","1","40.051889","-75.157778","1455","6","0","0","0","0","0","0","0","0","","0","0","0","","","1","","1","","40 03:06.800","","0","75 09:28.000","8","0","0","0","67301","1","0","0","N","1","0","0","2","67301","0","","1.0","","1","N","N","N","0","","0","0","0","","2","","","2","1","0","0","0","1","1","2","0","1","","03","","N","","","","","","","","","",""
"2020095850","1435","1","0","0","0","0","0","0","0","0","1","0","25","67","10","2020","7","39.946699","-75.188405","1420","6","0","0","0","0","0","0","0","0","","0","0","0","","","1","N","0","","39 56:48.115","","0","75 11:18.257","4","0","0","0","67301","0","0","0","N","0","0","0","2","68K01","1","","1.0","","1","N","N","N","0","","0","0","1","","0","","","2","1","0","0","0","0","0","2","0","2","","03","Y","Y","2","1","N","N","N","Y","N","N","N","N"
"2020094479","2035","1","0","0","0","0","0","0","0","0","4","0","","67","11","2020","6","39.965831","-75.233904","2035","6","0","0","0","0","0","1","0","0","","0","0","0","","","0","","1","","39 57:56.991","","0","75 14:02.054","0","0","0","0","67301","0","0","0","N","0","0","0","2","67301","0","","1.0","","1","N","N","N","0","","0","0","1","","2","","","2","0","0","0","0","0","0","2","0","2","","03","","N","","","","","","","","","",""
"2020047466","2204","2","0","0","0","0","0","0","0","0","1","0","45","67","6","2020","3","39.997408","-75.081984","2204","6","0","0","0","0","0","0","0","0","","0","0","0","","","0","","6","","39 59:50.669","","2","75 04:55.143","0","0","0","0","67301","0","0","0","N","0","0","0","3","68K01","0","","7.0","","1","N","N","N","0","","0","0","1","","3","","","3","0","0","0","0","0","0","2","0","3","","","Y","Y","4","1","N","N","Y","Y","N","N","Y","N"
"2020045496","1229","1","0","0","0","0","0","0","0","0","4","0","","67","6","2020","4","39.92165","-75.242695","1224","6","0","0","0","0","0","1","0","0","","0","0","0","","","0","","1","","39 55:17.939","","0","75 14:33.701","0","0","0","0","67301","0","0","0","N","0","0","0","2","67301","0","","1.0","","1","N","N","N","0","","0","0","1","","2","","","2","0","0","0","0","0","0","2","0","2","","03","","N","","","","","","","","","",""
"2020086648","1320","0","0","0","0","0","0","0","0","0","1","0","","67","10","2020","6","40.00825","-75.202403","1304","6","0","0","0","0","0","0","0","1","","0","0","0","","","0","N","0","","40 00:29.701","","0","75 12:08.649","0","0","0","0","67301","0","0","0","N","0","0","0","2","68K01","0","","1.0","","1","N","N","N","0","","0","0","2","","0","","","2","0","0","0","0","0","0","2","0","2","","","","N","","","","","","","","","",""
"2020054603","1956","3","0","0","0","0","0","0","0","0","4","0","","67","7","2020","7","39.957164","-75.24665","1953","6","0","0","0","0","1","0","0","0","","0","0","0","","","0","N","0","","39 57:25.790","","0","75 14:47.940","0","0","0","0","67301","0","0","0","N","0","0","0","3","67301","0","","1.0","","1","N","N","N","0","","0","0","0","","0","","","4","0","0","0","0","0","0","2","1","4","","","","N","","","","","","","","","",""
"2020095851","1801","2","0","0","0","0","0","0","0","0","1","0","","67","10","2020","7","40.036644","-75.015149","1742","6","0","0","0","1","0","0","0","0","","0","0","0","","","0","N","0","","40 02:11.919","","0","75 00:54.537","0","0","0","0","67301","0","0","0","N","0","0","0","2","68K01","0","","1.0","","1","N","N","N","0","","0","0","0","","0","","","2","0","0","0","0","0","0","2","0","2","","03","","N","","","","","","","","","",""
"2020054823","0421","4","0","0","0","0","0","0","0","0","5","0","","67","7","2020","7","40.007826","-75.140237","0420","6","0","0","0","0","0","0","0","0","","0","0","0","","","1","N","0","","40 00:28.172","","0","75 08:24.852","3","0","0","0","67301","0","0","0","N","0","0","0","1","67301","0","","6.0","","1","N","N","N","1","","1","0","0","","0","","","5","1","0","0","0","0","0","2","0","5","","03","","N","","","","","","","","","",""
"2020045216","2237","0","0","0","0","0","0","0","0","0","7","0","","67","6","2020","6","39.975589","-75.115447","2234","6","0","0","0","0","0","1","0","0","","0","0","0","","","1","N","0","","39 58:32.119","1","0","75 06:55.608","8","0","0","0","67301","0","0","0","N","0","0","0","1","68K01","0","","2.0","2255.0","9","N","N","N","0","","0","0","0","","0","N","","1","1","0","0","0","1","0","2","1","1","","","","N","","","","","","","","","",""
"2020052506","0740","2","0","0","0","0","0","0","0","0","4","0","","67","7","2020","6","40.020917","-75.148556","0730","6","0","0","0","0","0","1","0","0","","0","0","0","","","1","","2","","40 01:15.300","","0","75 08:54.800","8","0","0","0","67301","0","0","0","N","0","0","0","2","67301","0","","1.0","","1","N","N","N","0","","0","0","0","","0","","","2","1","0","0","0","1","1","2","0","2","","03","","N","","","","","","","","","",""
"2020046933","0023","2","0","0","0","0","0","0","0","0","6","0","","67","6","2020","1","40.008403","-75.150569","0023","6","0","1","0","0","0","0","0","0","","0","0","0","","","1","N","0","","40 00:30.250","","0","75 09:02.050","3","0","0","0","67301","0","0","0","N","0","0","0","2","67301","0","","1.0","","1","N","N","N","0","","1","0","0","","0","","","2","1","0","0","0","0","0","2","0","2","","03","","N","","","","","","","","","",""
"2020046434","1410","1","0","0","0","0","0","0","0","0","4","0","","67","6","2020","6","40.083197","-75.026003","1408","6","0","0","0","0","0","0","0","0","","0","0","0","","","2","N","0","","40 04:59.509","1","7","75 01:33.611","3","0","0","0","67301","0","0","0","N","0","0","0","3","67301","0","","1.0","100.0","1","N","N","N","0","","2","0","1","","2","Y","","2","2","0","0","0","0","0","2","0","2","","","","N","","","","","","","","","",""
"2020053272","1121","1","0","0","0","0","0","0","0","0","7","0","","67","7","2020","6","39.878028","-75.24575","1119","6","0","0","0","0","0","0","0","0","","0","0","0","","","0","N","0","","39 52:40.900","1","0","75 14:44.700","0","0","0","0","67301","0","0","0","N","0","0","0","1","67301","0","","4.0","100.0","1","N","N","N","0","","0","0","0","","0","N","","1","0","0","0","0","0","0","2","0","1","","03","","N","","","","","","","","","",""
"2020048720","1400","1","0","0","0","0","0","0","0","0","8","0","","67","6","2020","5","39.949079","-75.162124","1356","6","0","0","0","0","0","0","0","0","","0","0","0","","","1","","1","","39 56:56.686","","0","75 09:43.648","3","0","0","0","67301","1","0","0","N","1","0","0","2","67301","0","","1.0","","9","N","N","N","0","","1","0","0","","2","","","2","1","0","0","0","0","0","2","0","1","","","","N","","","","","","","","","",""
"2020052260","1722","1","0","0","0","0","0","0","0","0","4","0","","67","7","2020","6","39.996769","-75.139869","1714","6","0","0","0","0","0","0","0","0","","0","0","0","","","1","","1","","39 59:48.368","","0","75 08:23.528","3","0","0","0","67301","0","0","0","N","0","0","0","3","67301","0","","1.0","","1","N","N","N","1","","1","0","0","","3","","","2","1","0","0","0","0","0","2","0","2","","03","","N","","","","","","","","","",""
"2020052755","1734","1","0","0","0","0","0","0","0","0","1","0","","67","6","2020","4","39.977192","-75.199274","1734","6","0","0","0","0","0","0","0","0","","0","0","0","","","1","N","0","","39 58:37.891","","0","75 11:57.385","8","0","0","0","67301","0","0","0","N","0","0","0","3","68K01","0","","1.0","","1","N","N","N","0","","0","0","1","","0","","","2","1","0","0","0","1","0","2","0","2","","","","N","","","","","","","","","",""
"2020057198","0520","0","0","0","0","0","0","0","0","0","8","0","","67","6","2020","5","39.910347","-75.150855","0510","6","0","0","0","0","0","1","0","0","","0","0","0","","","1","","1","","39 54:37.249","","2","75 09:03.078","4","0","0","0","67301","1","0","0","N","1","0","0","2","68K01","1","","1.0","","1","N","N","N","1","","0","0","0","","2","","","2","1","1","0","0","0","0","2","0","1","","","","N","","","","","","","","","",""
"2020055505","1725","2","0","0","0","0","0","0","0","0","5","0","","67","7","2020","1","40.015951","-75.117379","1715","6","0","0","0","1","0","0","0","0","","0","0","0","","","0","","5","","40 00:57.425","1","0","75 07:02.566","9","0","0","0","67301","0","0","0","N","0","0","0","2","67301","0","","1.0","1820.0","1","N","N","N","0","","0","0","0","","0","N","","2","0","0","0","0","0","1","2","0","2","","03","","N","","","","","","","","","",""
"2020048769","1525","1","0","0","0","0","0","0","0","0","4","0","","67","6","2020","1","40.007639","-75.127327","1525","6","0","0","0","0","0","0","0","0","","0","0","0","","","1","","1","","40 00:27.502","","0","75 07:38.377","3","0","0","1","67301","0","0","0","N","0","0","0","2","67301","0","","1.0","","1","N","N","N","0","","1","0","0","","2","","","2","1","1","0","0","0","0","2","0","2","","03","","N","","","","","","","","","",""
"2020055501","1655","0","0","0","1","0","0","0","0","0","8","0","","67","7","2020","3","39.989555","-75.168904","1653","6","0","0","0","0","0","0","0","0","","0","0","0","","","1","","1","","39 59:22.398","","0","75 10:08.055","8","0","0","0","67301","1","0","0","N","0","0","0","2","67301","0","","1.0","","1","N","N","N","0","","0","0","0","","2","","","2","1","0","0","0","1","0","2","0","1","","03","","N","","","","","","","","","",""
"2020052687","1845","0","0","0","0","0","0","0","0","0","7","0","","67","7","2020","5","39.951446","-75.234844","1841","6","0","0","0","0","0","0","0","0","","0","0","0","","","1","","1","","39 57:05.205","","0","75 14:05.438","2","0","1","1","67301","0","0","0","N","0","0","0","1","67301","0","","4.0","","1","N","N","N","0","","0","1","0","","0","","","1","1","0","0","0","0","0","2","0","1","","03","","N","","","","","","","","","",""
"2020044706","1221","1","0","0","0","0","0","0","0","0","4","0","","67","6","2020","2","40.066214","-75.167082","1219","6","0","0","0","0","1","1","0","0","","0","0","0","","","2","N","0","","40 03:58.370","3","0","75 10:01.495","3","0","0","0","67301","0","0","0","N","0","0","0","2","67301","0","","1.0","1219.0","1","N","N","N","0","","1","0","1","","0","N","","2","2","0","0","0","1","0","2","0","2","","03","","N","","","","","","","","","",""
"2020044509","1938","2","0","0","0","0","0","0","0","0","4","0","","67","6","2020","7","40.073806","-75.1588","1933","6","0","0","0","0","0","0","0","0","","0","0","0","","","1","N","0","","40 04:25.700","","7","75 09:31.680","3","0","0","0","67301","0","0","0","N","0","0","0","4","67301","0","","1.0","","1","N","N","N","0","","1","0","0","","0","","","2","1","0","0","0","0","0","2","0","2","","03","","N","","","","","","","","","",""
"2020047162","1901","1","0","0","0","0","0","0","0","0","7","0","","67","6","2020","2","40.033586","-75.020337","1855","6","0","0","0","0","0","0","0","0","","0","0","0","","","0","N","0","","40 02:00.911","2","0","75 01:13.212","0","0","0","0","67301","0","0","0","N","0","0","0","1","68K01","0","","2.0","1930.0","1","N","N","N","0","","0","0","0","","0","N","","1","0","0","0","0","0","0","2","0","1","","03","","N","","","","","","","","","",""
"2020047832","1807","1","0","0","0","0","0","0","0","0","4","0","","67","6","2020","5","39.994154","-75.156229","1807","6","0","0","0","0","0","0","0","0","","0","0","0","","","0","","1","","39 59:38.956","","0","75 09:22.424","0","0","0","0","67301","0","0","0","N","0","0","0","2","67301","0","","1.0","","1","N","N","N","0","","0","0","1","","2","","","2","0","1","0","0","0","0","2","0","2","","03","","N","","","","","","","","","",""
"2020087789","0222","1","0","0","0","0","0","0","0","0","7","0","","67","10","2020","6","40.017918","-75.064558","0217","6","0","0","0","0","0","0","0","0","","1","0","0","","","1","N","0","","40 01:04.505","5","0","75 03:52.410","1","0","0","0","67301","1","0","0","N","1","0","0","2","67301","0","2","4.0","505.0","1","N","N","N","0","0","1","0","0","","0","Y","","2","1","0","0","0","0","0","2","0","1","","03","","N","","","","","","","","","",""
"2020063262","1334","3","0","0","0","0","0","0","0","0","1","0","","67","7","2020","2","39.986658","-75.091263","1325","6","0","0","0","0","0","0","0","0","","0","0","0","","","0","N","0","","39 59:11.967","1","0","75 05:28.545","0","0","0","0","67301","0","0","0","N","0","0","0","3","68K01","0","","1.0","30.0","1","N","N","N","0","","0","0","0","","0","N","","3","0","0","0","0","0","0","2","0","3","","03","","N","","","","","","","","","",""
"2020052958","1635","1","0","0","0","0","0","0","0","0","4","0","","67","6","2020","3","40.000852","-75.110325","1629","6","0","0","0","0","0","0","0","0","","0","0","0","","","1","","1","","40 00:03.067","","0","75 06:37.169","3","0","0","0","67301","0","0","0","N","0","0","0","4","67301","0","","1.0","","1","N","N","N","0","","1","0","1","","2","","","2","1","0","0","0","0","1","2","0","2","","03","","N","","","","","","","","","",""
"2020087333","1138","0","0","0","0","0","0","0","0","0","8","0","","67","10","2020","1","40.075449","-75.080162","1130","6","0","0","0","0","0","0","0","1","","0","0","0","","","1","","2","","40 04:31.618","","0","75 04:48.583","3","0","0","0","67301","1","0","0","N","1","0","0","2","67301","0","","1.0","","1","N","N","N","0","","1","0","1","","8","","","2","1","1","0","0","0","0","2","0","1","","03","","N","","","","","","","","","",""
"2020087179","1555","1","0","0","0","0","0","0","0","0","1","0","","67","10","2020","1","40.045719","-75.160969","1550","6","0","0","0","0","0","1","0","0","","0","0","0","","","1","N","0","","40 02:44.590","1","0","75 09:39.490","3","0","0","0","67301","0","0","0","N","0","0","0","2","67301","0","","6.0","1616.0","1","N","N","N","0","","1","0","1","","3","Y","","2","1","1","0","0","0","0","2","0","2","","03","","N","","","","","","","","","",""
"2020070603","2348","2","0","0","0","0","0","0","0","0","4","0","","67","8","2020","4","39.991834","-75.118616","2347","6","0","0","0","0","0","0","0","0","","0","0","0","","","0","","1","","39 59:30.602","","0","75 07:07.017","0","0","0","0","67301","0","0","0","N","0","0","0","2","67301","0","","1.0","","1","N","N","N","0","","0","0","1","","3","","","3","0","0","0","0","0","0","2","0","3","","03","","N","","","","","","","","","",""
"2020051372","0125","1","0","0","0","0","0","0","0","0","5","0","","67","6","2020","3","40.022522","-75.144817","0123","6","0","0","0","0","0","0","0","0","","0","0","0","","","0","N","0","","40 01:21.080","","0","75 08:41.340","9","0","0","0","67301","0","0","0","N","0","0","0","2","67301","0","","6.0","","1","N","N","N","0","","0","0","1","","0","","","2","0","0","0","0","0","1","2","0","2","","","","N","","","","","","","","","",""
"2020045267","2114","1","0","0","1","0","0","0","0","0","8","0","","67","6","2020","3","40.077344","-75.179208","2108","6","0","0","0","0","0","0","0","0","","0","0","0","","","1","N","0","","40 04:38.440","","0","75 10:45.150","3","0","0","0","67301","1","0","0","N","0","0","0","2","67301","0","","1.0","","1","N","N","N","0","","1","0","0","","0","","","2","1","1","0","0","0","0","2","0","1","","03","","N","","","","","","","","","",""
"2020054274","1629","3","0","0","0","0","0","0","0","0","4","0","","67","7","2020","5","39.968637","-75.233854","1628","6","0","0","0","0","0","0","0","0","","0","0","0","","","6","","1","","39 58:07.093","","0","75 14:01.874","3","0","0","0","67301","0","0","0","N","0","0","0","7","67301","0","","1.0","","1","N","N","N","0","","5","0","0","","2","","","3","6","0","0","0","1","1","2","0","3","","03","","N","","","","","","","","","",""
"2020048771","2248","1","0","0","0","0","0","0","0","0","4","0","","67","6","2020","1","40.015808","-75.141118","2248","6","0","0","0","0","0","0","0","0","","0","0","0","","","0","","1","","40 00:56.908","2","0","75 08:28.024","9","0","0","0","67301","0","0","0","N","0","0","0","2","67301","0","","1.0","10.0","1","N","N","N","0","","0","0","1","","2","N","","2","0","0","0","0","0","1","2","0","2","","","","N","","","","","","","","","",""
"2020090535","0645","2","0","0","0","0","0","0","0","0","4","0","","67","6","2020","4","40.000488","-75.168748","0645","6","0","0","0","0","0","0","0","0","","0","0","0","","","0","","1","","40 00:01.756","","0","75 10:07.492","0","0","0","0","67301","0","0","0","N","0","0","0","2","67301","0","","1.0","","1","N","N","N","0","","0","0","0","","3","","","2","0","1","0","0","0","0","2","0","2","","","","N","","","","","","","","","",""
"2020088000","0620","1","0","0","0","0","0","0","0","0","2","0","","67","10","2020","3","40.006922","-75.068388","0617","6","0","0","0","0","0","0","1","0","","0","0","0","","","1","N","2","","40 00:24.918","","0","75 04:06.198","3","0","0","0","67301","0","0","0","N","0","0","0","2","67301","0","","1.0","","9","N","N","N","0","","1","0","1","","0","","","2","1","0","0","0","0","0","2","0","2","","","","N","","","","","","","","","",""
"2020087556","2338","2","0","0","0","0","0","0","0","0","2","0","","67","10","2020","7","40.015928","-75.129589","2335","6","0","0","0","0","0","0","0","0","","0","0","0","","","1","","3","","40 00:57.340","","0","75 07:46.520","3","0","0","0","67301","0","0","0","N","0","0","0","2","67301","0","","1.0","","1","N","N","N","0","","1","0","0","","2","","","2","1","0","0","0","0","0","2","0","2","","03","","N","","","","","","","","","",""
"2020059476","1512","4","0","0","0","0","0","0","0","0","1","0","45","67","7","2020","4","39.978128","-75.110734","1502","6","0","0","0","0","0","2","0","0","","0","0","0","","","0","N","0","","39 58:41.262","1","0","75 06:38.642","0","0","0","0","67301","0","0","0","N","0","0","0","7","68K01","0","","1.0","30.0","1","N","N","N","0","","0","0","2","","0","Y","","6","0","0","0","0","0","0","2","0","6","","03","U","Y","4","1","","","N","","","Y","","N"
"2020047308","2125","1","0","0","0","0","0","0","0","0","1","0","","67","6","2020","3","39.960187","-75.238991","2123","6","0","0","0","0","0","0","0","0","","0","0","0","","","1","N","0","","39 57:36.674","","0","75 14:20.366","3","0","0","0","67301","0","0","0","N","0","0","0","1","67301","0","","6.0","","1","N","N","N","0","","1","0","1","","0","","","2","1","1","0","0","0","0","2","0","2","","03","","N","","","","","","","","","",""
"2020044710","1410","0","0","0","0","0","0","0","0","0","8","0","","67","6","2020","2","40.025704","-75.087181","1359","6","0","0","0","0","0","0","0","0","","0","0","0","","","1","","1","","40 01:32.534","","0","75 05:13.851","4","0","0","1","67301","1","0","0","N","1","0","0","2","67301","1","","1.0","","1","N","N","N","0","","0","0","0","","3","","","2","1","0","0","0","0","0","2","0","1","","98","","N","","","","","","","","","",""
"2020043973","2203","1","0","0","0","0","0","0","0","0","7","0","","67","6","2020","6","","","2203","6","0","0","0","0","0","0","0","0","","0","0","0","","","0","N","0","","","4","2","","0","0","0","0","67301","0","0","0","N","0","0","0","1","67501","0","","2.0","2225.0","9","N","N","N","0","","0","0","0","","0","Y","","1","0","0","0","0","0","0","1","0","1","","","","N","","","","","","","","","",""
"2020045704","1145","2","0","0","0","0","0","0","0","0","1","0","","67","6","2020","5","39.953154","-75.248748","1142","6","0","0","0","0","0","0","0","0","","0","0","0","","","1","","2","","39 57:11.353","","0","75 14:55.491","3","0","0","0","67301","0","0","0","N","0","0","0","2","67301","0","","1.0","","9","N","N","N","0","","1","0","0","","2","","","2","1","0","0","0","0","0","2","0","2","","07","","N","","","","","","","","","",""