"CRN","ARRIVAL_TM","AUTOMOBILE_COUNT","BELTED_DEATH_COUNT","BELTED_SUSP_SERIOUS_INJ_COUNT","BICYCLE_COUNT","BICYCLE_DEATH_COUNT","BICYCLE_SUSP_SERIOUS_INJ_COUNT","BUS_COUNT","CHLDPAS_DEATH_COUNT","CHLDPAS_SUSP_SERIOUS_INJ_COUNT","COLLISION_TYPE","COMM_VEH_COUNT","CONS_ZONE_SPD_LIM","COUNTY","CRASH_MONTH","CRASH_YEAR","DAY_OF_WEEK","DEC_LATITUDE","DEC_LONGITUDE","DISPATCH_TM","DISTRICT","DRIVER_COUNT_16YR","DRIVER_COUNT_17YR","DRIVER_COUNT_18YR","DRIVER_COUNT_19YR","DRIVER_COUNT_20YR","DRIVER_COUNT_50_64YR","DRIVER_COUNT_65_74YR","DRIVER_COUNT_75PLUS","EST_HRS_CLOSED","FATAL_COUNT","HEAVY_TRUCK_COUNT","HORSE_BUGGY_COUNT","HOUR_OF_DAY","ILLUMINATION","INJURY_COUNT","INTERSECTION_RELATED","INTERSECT_TYPE","LANE_CLOSED","LATITUDE","LN_CLOSE_DIR","LOCATION_TYPE","LONGITUDE","MAX_SEVERITY_LEVEL","MCYCLE_DEATH_COUNT","MCYCLE_SUSP_SERIOUS_INJ_COUNT","MOTORCYCLE_COUNT","MUNICIPALITY","NONMOTR_COUNT","NONMOTR_DEATH_COUNT","NONMOTR_SUSP_SERIOUS_INJ_COUNT","NTFY_HIWY_MAINT","PED_COUNT","PED_DEATH_COUNT","PED_SUSP_SERIOUS_INJ_COUNT","PERSON_COUNT","POLICE_AGCY","POSSIBLE_INJ_COUNT","RDWY_SURF_TYPE_CD","RELATION_TO_ROAD","ROADWAY_CLEARED","ROAD_CONDITION","SCH_BUS_IND","SCH_ZONE_IND","SECONDARY_CRASH","SMALL_TRUCK_COUNT","SPEC_JURIS_CD","SUSP_MINOR_INJ_COUNT","SUSP_SERIOUS_INJ_COUNT","SUV_COUNT","TCD_FUNC_CD","TCD_TYPE","TFC_DETOUR_IND","TIME_OF_DAY","TOTAL_UNITS","TOT_INJ_COUNT","UNBELTED_OCC_COUNT","UNB_DEATH_COUNT","UNB_SUSP_SERIOUS_INJ_COUNT","UNK_INJ_DEG_COUNT","UNK_INJ_PER_COUNT","URBAN_RURAL","VAN_COUNT","VEHICLE_COUNT","WEATHER1","WEATHER2","WORKERS_PRES","WORK_ZONE_IND","WORK_ZONE_LOC","WORK_ZONE_TYPE","WZ_CLOSE_DETOUR","WZ_FLAGGER","WZ_LAW_OFFCR_IND","WZ_LN_CLOSURE","WZ_MOVING","WZ_OTHER","WZ_SHLDER_MDN","WZ_WORKERS_INJ_KILLED"
"2020044527","1633","1","0","0","0","0","0","0","0","0","4","0","","67","6","2020","1","39.982958","-75.248357","1625","6","0","0","0","1","0","0","0","0","","0","0","0","","","1","","1","","39 58:58.648","","0","75 14:54.085","3","0","0","0","67301","0","0","0","N","0","0","0","2","67301","0","","1.0","","1","N","N","N","0","","1","0","1","","3","","","2","1","0","0","0","0","0","2","0","2","","03","","N","","","","","","","","","",""
"2020089160","0854","2","0","0","0","0","0","0","0","0","2","0","","67","10","2020","6","40.084643","-75.176431","0840","6","0","0","0","0","0","0","0","0","","0","0","0","","","3","","2","","40 05:04.714","","0","75 10:35.150","4","0","0","0","67301","0","0","0","N","0","0","0","3","67301","2","","1.0","","9","N","N","N","0","","0","0","0","","2","","","2","3","0","0","0","1","0","2","0","2","","07","","N","","","","","","","","","",""
"2020046778","1610","2","0","0","0","0","0","0","0","0","4","0","","67","6","2020","6","39.945302","-75.229585","1610","6","0","0","0","0","0","0","0","0","","0","0","0","","","2","","1","","39 56:43.086","6","0","75 13:46.506","3","0","0","0","67301","0","0","0","N","0","0","0","3","67301","0","","1.0","45.0","1","N","N","N","0","","2","0","0","","2","N","","2","2","3","0","0","0","0","2","0","2","","03","","N","","","","","","","","","",""
"2020058802","0414","0","0","0","0","0","0","0","0","0","7","0","","67","6","2020","1","39.899662","-75.162421","0405","6","0","0","0","0","0","0","0","0","","0","0","0","","","1","N","0","","39 53:58.783","1","0","75 09:44.716","3","0","0","0","67301","0","0","0","N","0","0","0","3","68K01","0","","3.0","500.0","1","N","N","N","0","","1","0","0","","0","N","","1","1","0","0","0","0","0","2","1","1","","","","N","","","","","","","","","",""
"2020047003","1430","2","0","0","0","0","0","0","0","0","7","0","","67","6","2020","5","39.887178","-75.204883","1406","6","0","0","0","0","0","0","1","0","","0","0","0","","","1","N","0","","39 53:13.841","2","3","75 12:17.578","8","0","0","0","67301","0","0","0","N","0","0","0","3","68K01","0","","2.0","1440.0","9","N","N","N","0","","0","0","1","","0","N","","3","1","0","0","0","1","0","2","0","3","","07","","N","","","","","","","","","",""
"2020047557","0055","1","0","0","0","0","0","0","0","0","4","0","","67","6","2020","4","39.935837","-75.180621","0050","6","0","0","0","0","0","0","0","0","","0","0","0","","","3","","1","","39 56:09.013","","0","75 10:50.235","3","0","0","0","67301","0","0","0","N","0","0","0","4","67301","0","","1.0","","1","N","N","N","0","","3","0","2","","2","","","3","3","0","0","0","0","0","2","0","3","","03","","N","","","","","","","","","",""
"2020054704","1136","2","0","0","0","0","0","0","0","0","4","0","","67","7","2020","7","39.94147","-75.235053","1135","6","0","0","0","0","0","0","0","0","","0","0","0","","","1","","1","","39 56:29.291","","0","75 14:06.191","3","0","0","0","67301","0","0","0","N","0","0","0","3","67301","0","","1.0","","1","N","N","N","0","","1","0","0","","2","","","2","1","0","0","0","0","0","2","0","2","","03","","N","","","","","","","","","",""
"2020054457","1049","1","0","0","1","0","1","0","0","0","8","0","","67","7","2020","7","39.933295","-75.190223","1048","6","0","0","0","0","0","0","1","0","","0","0","0","","","1","","1","","39 55:59.862","","0","75 11:24.802","2","0","0","0","67301","1","0","1","N","0","0","0","2","67301","0","","1.0","","1","N","N","N","0","","0","1","0","","3","","","2","1","0","0","0","0","0","2","0","1","","04","","N","","","","","","","","","",""
"2020059849","0148","0","0","0","0","0","0","0","0","0","7","0","","67","6","2020","4","39.913891","-75.148087","0148","6","0","0","0","0","0","0","0","0","","0","0","0","","","0","N","0","","39 54:50.006","","3","75 08:53.112","0","0","0","0","67301","0","0","0","N","0","0","0","1","68K01","0","","3.0","","1","N","N","N","1","","0","0","0","","0","","","1","0","1","0","0","0","0","2","0","1","","","","N","","","","","","","","","",""
"2020054276","1318","0","0","0","0","0","0","0","0","0","7","0","","67","7","2020","7","39.976506","-75.226754","1318","6","0","0","0","0","0","0","1","0","","0","0","0","","","0","N","0","","39 58:35.421","","0","75 13:36.315","0","0","0","0","67301","0","0","0","N","0","0","0","1","67301","0","","5.0","","1","N","N","N","0","","0","0","1","","0","","","1","0","0","0","0","0","0","2","0","1","","03","","N","","","","","","","","","",""
"2020052686","1639","0","0","0","0","0","0","0","0","0","8","0","","67","6","2020","7","39.934452","-75.179574","1636","6","0","0","0","0","0","0","0","0","","0","0","0","","","1","","1","","39 56:04.026","","0","75 10:46.467","4","0","0","0","67301","1","0","0","N","1","0","0","3","67301","1","","1.0","","9","N","N","N","0","","0","0","0","","2","","","3","1","0","0","0","0","0","2","0","2","","04","","N","","","","","","","","","",""
"2020048739","1630","2","0","0","0","0","0","0","0","0","4","0","","67","6","2020","4","40.04262","-75.031803","1620","6","0","0","0","0","0","1","0","0","","0","0","0","","","1","","1","","40 02:33.432","","0","75 01:54.490","8","0","0","0","67301","0","0","0","N","0","0","0","2","67301","0","","1.0","","1","N","N","Y","0","","0","0","0","","3","","","2","1","0","0","0","1","1","2","0","2","","03","","N","","","","","","","","","",""
"2020091244","1107","1","0","0","0","0","0","0","0","0","1","0","","67","10","2020","2","39.957856","-75.16173","1059","6","0","0","0","0","0","0","0","0","","0","0","0","","","1","N","0","","39 57:28.280","","0","75 09:42.227","3","0","0","0","67301","0","0","0","N","0","0","0","4","68K01","0","","1.0","","1","N","N","N","0","","1","0","2","","0","","","4","1","0","0","0","0","0","2","0","4","","03","","N","","","","","","","","","",""
"2020052688","1207","1","0","0","0","0","0","0","0","0","4","0","","67","7","2020","5","39.98507","-75.247378","1205","6","0","0","0","0","0","0","0","1","","0","0","0","","","1","","1","","39 59:06.252","","0","75 14:50.560","4","0","0","0","67301","0","0","0","N","0","0","0","2","67301","1","","1.0","","1","N","N","N","0","","0","0","1","","1","","","2","1","0","0","0","0","0","2","0","2","","03","","N","","","","","","","","","",""
"2020099832","2004","1","0","0","0","0","0","0","0","0","7","0","","67","11","2020","6","40.00468","-75.152126","2003","6","0","0","0","0","0","0","0","1","","0","0","0","","","1","N","1","","40 00:16.847","","0","75 09:07.652","3","0","0","0","67301","0","0","0","N","0","0","0","2","67505","0","","5.0","","1","N","N","N","0","","1","0","0","","0","N","","1","1","0","0","0","0","0","2","0","1","","02","","N","","","","","","","","","",""
"2020048766","1840","2","0","0","0","0","0","0","0","0","4","0","","67","6","2020","7","40.003833","-75.124153","1838","6","0","0","0","0","0","0","1","0","","0","0","0","","","1","","2","","40 00:13.798","","0","75 07:26.950","3","0","0","0","67301","0","0","0","N","0","0","0","3","67301","0","","1.0","","9","N","N","N","0","","1","0","0","","3","","","2","1","0","0","0","0","0","2","0","2","","04","","N","","","","","","","","","",""
"2020045786","1410","1","0","0","0","0","0","0","0","0","4","0","","67","6","2020","5","39.993326","-75.154724","1404","6","0","0","0","0","0","1","0","0","","0","0","0","","","3","N","0","","39 59:35.974","","7","75 09:17.008","8","0","0","0","67301","0","0","0","N","0","0","0","4","67301","0","","1.0","","8","N","N","N","0","","0","0","1","","0","","","2","3","0","0","0","3","0","2","0","2","","07","","N","","","","","","","","","",""
"2020053454","1838","1","0","0","0","0","0","0","0","0","4","0","","67","7","2020","7","40.014229","-75.065897","1833","6","0","0","0","0","0","0","0","0","","0","0","0","","","1","","1","","40 00:51.225","","0","75 03:57.229","3","0","0","0","67301","0","0","0","N","0","0","0","3","67301","0","","1.0","","1","N","N","N","0","","1","0","1","","3","","","2","1","0","0","0","0","0","2","0","2","","03","","N","","","","","","","","","",""
"2020051365","0119","2","0","0","0","0","0","0","0","0","1","0","","67","6","2020","3","40.051458","-75.157817","0107","6","0","0","0","0","0","0","0","0","","0","0","0","","","1","N","0","","40 03:05.250","","0","75 09:28.140","4","0","0","0","67301","0","0","0","N","0","0","0","7","67301","1","","1.0","","1","N","N","N","0","","0","0","0","","0","","","2","1","0","0","0","0","0","2","0","2","","03","","N","","","","","","","","","",""
"2020044504","1458","1","0","0","0","0","0","0","0","0","4","0","","67","6","2020","1","39.937097","-75.226661","1458","6","0","0","0","1","0","0","0","0","","0","0","0","","","0","","1","","39 56:13.549","6","0","75 13:35.979","0","0","0","0","67301","0","0","0","N","0","0","0","2","67301","0","","1.0","1548.0","1","N","N","N","0","","0","0","1","","0","Y","","2","0","0","0","0","0","0","2","0","2","","03","","N","","","","","","","","","",""
"2020087001","1420","0","0","0","0","0","0","0","0","0","4","1","","67","10","2020","6","40.097083","-75.004761","1405","6","0","0","0","0","0","0","0","0","","0","1","0","","","0","N","0","","40 05:49.500","5","7","75 00:17.140","0","0","0","0","67301","0","0","0","N","0","0","0","1","67301","0","","1.0","1445.0","9","N","N","N","0","","0","0","1","","0","N","","2","0","0","0","0","0","0","2","0","2","","07","","N","","","","","","","","","",""
"2020087649","1040","2","0","0","0","0","0","0","0","0","4","0","","67","10","2020","6","40.000293","-75.098149","1034","6","0","0","0","0","0","0","0","0","","1","0","0","","","0","N","0","","40 00:01.056","","0","75 05:53.337","1","0","0","0","67301","0","0","0","N","0","0","0","1","67301","0","2","4.0","","1","N","N","N","0","0","0","0","0","","2","","","2","0","0","0","0","0","0","2","0","2","","03","","N","","","","","","","","","",""
"2020089783","1915","1","0","0","0","0","0","0","0","0","4","0","","67","10","2020","6","40.061294","-75.083506","1910","6","0","0","0","0","0","2","0","0","","0","0","0","","","1","","1","","40 03:40.658","6","0","75 05:00.623","3","0","0","0","67301","0","0","0","N","0","0","0","3","67301","0","","1.0","100.0","1","N","N","N","1","","1","0","0","","2","N","","2","1","0","0","0","0","0","2","0","2","","03","","N","","","","","","","","","",""
"2020047987","1855","2","0","0","0","0","0","0","0","0","5","0","","67","6","2020","5","40.04075","-75.1225","1851","6","0","0","0","0","0","0","0","0","","0","0","0","","","1","N","0","","40 02:26.700","","0","75 07:21.000","3","0","0","1","67301","0","0","0","N","0","0","0","1","67301","0","","6.0","","1","N","N","Y","0","","1","0","0","","0","","","3","1","0","0","0","0","0","2","0","3","","","","N","","","","","","","","","",""
"2020047833","2045","0","0","0","0","0","0","0","0","0","8","0","","67","6","2020","4","40.041184","-75.115611","2045","6","0","0","0","0","0","0","0","0","","0","0","0","","","1","","3","","40 02:28.262","","0","75 06:56.199","3","0","0","0","67301","1","0","0","N","1","0","0","2","67301","0","","1.0","","1","N","N","N","0","","1","0","1","","2","","","2","1","0","0","0","0","0","2","0","1","","03","","N","","","","","","","","","",""
"2020046780","0116","2","0","0","0","0","0","0","0","0","4","0","","67","6","2020","1","39.916035","-75.236038","0111","6","0","0","0","0","0","0","0","0","","0","0","0","","","1","","1","","39 54:57.726","","0","75 14:09.736","4","0","0","0","67301","0","0","0","N","0","0","0","2","67301","1","","1.0","","1","N","N","N","0","","0","0","1","","2","","","3","1","0","0","0","0","0","2","0","3","","03","","N","","","","","","","","","",""
"2020046236","0915","1","0","0","0","0","0","0","0","0","4","0","","67","6","2020","7","40.073109","-75.163903","0900","6","0","0","0","0","0","0","0","0","","0","0","0","","","1","","1","","40 04:23.192","","0","75 09:50.050","3","0","0","0","67301","0","0","0","N","0","0","0","2","67301","0","","1.0","","1","N","N","N","0","","1","0","1","","3","","","2","1","0","0","0","0","1","2","0","2","","03","","N","","","","","","","","","",""
"2020048715","1738","2","0","0","0","0","0","0","0","0","4","0","","67","6","2020","1","39.950005","-75.157075","1731","6","0","0","0","0","0","0","0","0","","0","0","0","","","1","","1","","39 57:00.019","","0","75 09:25.469","2","0","0","0","67301","0","0","0","N","0","0","0","2","67301","0","","1.0","","1","N","N","N","0","","0","1","0","","2","","","2","1","0","0","0","0","0","2","0","2","","03","","N","","","","","","","","","",""
"2020047983","1100","2","0","0","0","0","0","0","0","0","4","0","","67","6","2020","5","39.935306","-75.226389","1057","6","0","0","0","0","0","1","0","0","","0","0","0","","","0","","1","","39 56:07.100","","0","75 13:35.000","0","0","0","0","67301","0","0","0","N","0","0","0","2","67301","0","","1.0","","9","N","N","N","0","","0","0","0","","3","","","2","0","0","0","0","0","0","2","0","2","","04","","N","","","","","","","","","",""
"2020055149","1720","1","0","0","0","0","0","0","0","0","4","0","","67","7","2020","2","39.958684","-75.239414","1719","6","0","0","0","0","1","1","0","0","","0","0","0","","","3","","1","","39 57:31.261","","0","75 14:21.889","3","0","0","0","67301","0","0","0","N","0","0","0","3","67301","0","","1.0","","1","N","N","N","0","","3","0","1","","2","","","2","3","0","0","0","0","0","2","0","2","","","","N","","","","","","","","","",""
"2020085137","","1","0","0","0","0","0","0","0","0","4","0","","67","9","2020","4","39.913436","-75.150147","","6","0","0","0","0","0","0","0","0","","0","0","0","","","2","N","0","","39 54:48.370","","0","75 09:00.530","8","0","0","0","67301","0","0","0","N","0","0","0","4","00000","0","","1.0","","1","","","N","0","","0","0","0","","0","","","2","2","0","0","0","2","0","2","1","2","","","","N","","","","","","","","","",""
"2020045785","1358","2","0","0","0","0","0","0","0","0","4","0","","67","6","2020","5","39.98754","-75.178369","1356","6","0","0","0","0","0","0","0","0","","0","0","0","","","1","","5","","39 59:15.143","4","0","75 10:42.128","4","0","0","0","67301","0","0","0","N","0","0","0","3","67301","1","","1.0","1428.0","9","N","N","N","0","","0","0","0","","2","N","","2","1","0","0","0","0","1","2","0","2","","04","","N","","","","","","","","","",""
"2020055151","1855","2","0","0","0","0","0","0","0","0","5","0","","67","7","2020","1","39.961472","-75.234806","1852","6","0","0","0","0","0","0","0","0","","0","0","0","","","0","N","0","","39 57:41.300","","0","75 14:05.300","9","0","0","0","67301","0","0","0","N","0","0","0","1","67301","0","","6.0","","1","N","N","N","0","","0","0","0","","0","","","2","0","0","0","0","0","1","2","0","2","","03","","N","","","","","","","","","",""
"2020047805","1949","0","0","0","0","0","0","0","0","0","7","0","","67","6","2020","5","39.977472","-75.154306","1945","6","0","0","0","0","0","0","0","0","","0","0","0","","","0","N","0","","39 58:38.900","","7","75 09:15.500","0","0","0","0","67301","0","0","0","N","0","0","0","1","67505","0","","5.0","","1","N","N","N","0","","0","0","1","","0","","","1","0","0","0","0","0","0","2","0","1","","03","","N","","","","","","","","","",""
"2020052055","0522","0","0","0","0","0","0","0","0","0","7","0","","67","6","2020","6","39.938546","-75.142863","0522","6","0","0","0","0","0","0","0","0","","0","0","0","","","1","N","0","","39 56:18.766","","2","75 08:34.305","3","0","0","0","67301","0","0","0","N","0","0","0","1","68K01","0","","4.0","","1","N","N","N","0","","1","0","1","","0","","","1","1","0","0","0","0","0","2","0","1","","","","N","","","","","","","","","",""
"2020087606","","2","0","0","0","0","0","0","0","0","4","0","","67","6","2020","3","40.04364","-75.071314","","6","0","0","0","0","0","0","0","0","","0","0","0","","","0","","1","","40 02:37.104","","0","75 04:16.730","0","0","0","0","67301","0","0","0","N","0","0","0","3","00000","0","","1.0","","1","","","N","0","","0","0","0","","0","","","2","0","0","0","0","0","0","2","0","2","","","","N","","","","","","","","","",""
"2020047829","2035","3","0","0","0","0","0","0","0","0","5","0","","67","6","2020","5","40.062008","-75.161947","2030","6","0","0","0","0","0","0","0","0","","0","0","0","","","0","N","0","","40 03:43.230","","0","75 09:43.010","0","0","0","0","67301","0","0","0","N","0","0","0","1","67301","0","","6.0","","1","N","N","N","0","","0","0","0","","0","","","3","0","1","0","0","0","0","2","0","3","","04","","N","","","","","","","","","",""
"2020046529","2035","1","0","0","0","0","0","0","0","0","5","0","","67","6","2020","1","39.974558","-75.135539","2032","6","0","0","0","0","0","0","0","0","","0","0","0","","","1","N","0","","39 58:28.410","","0","75 08:07.940","8","0","0","0","67301","0","0","0","N","0","0","0","1","67301","0","","6.0","","1","N","N","N","0","","0","0","0","","0","","","2","1","0","0","0","1","0","2","0","2","","03","","N","","","","","","","","","",""
"2020048072","1931","0","0","0","0","0","0","0","0","0","8","0","","67","6","2020","5","39.936089","-75.163332","1920","6","0","0","0","0","0","0","0","0","","0","0","0","","","1","","1","","39 56:09.920","","6","75 09:47.995","3","0","0","0","67301","1","0","0","N","1","0","0","2","67301","0","","1.0","","1","N","N","N","0","","1","0","0","","3","","","2","1","1","0","0","0","0","2","1","1","","03","","N","","","","","","","","","",""
"2020087343","2214","1","0","0","0","0","0","0","0","0","8","0","","67","10","2020","4","40.014961","-75.134567","2212","6","0","0","0","0","0","0","0","0","","1","0","0","","","0","N","0","","40 00:53.860","","0","75 08:04.440","1","0","0","0","67301","1","1","0","N","1","1","0","2","67301","0","1","1.0","","1","N","N","N","0","0","0","0","0","","0","","","2","0","0","0","0","0","1","2","0","1","","03","","N","","","","","","","","","",""
"2020048098","1205","2","0","0","0","0","0","0","0","0","4","0","","67","6","2020","3","39.958023","-75.148822","1202","6","0","0","0","0","0","1","0","0","","0","0","0","","","2","","1","","39 57:28.881","4","6","75 08:55.758","3","0","0","0","67301","0","0","0","N","0","0","0","2","67301","0","","1.0","110.0","1","N","N","Y","0","","2","0","0","","2","Y","","2","2","0","0","0","0","0","2","0","2","","03","","N","","","","","","","","","",""
"2020050515","0002","1","0","0","0","0","0","0","0","0","7","0","","67","6","2020","6","39.885715","-75.21211","2348","6","0","0","0","0","0","0","0","0","","0","0","0","","","0","N","0","","39 53:08.574","1","0","75 12:43.597","9","0","0","0","67301","0","0","0","N","0","0","0","1","68K01","0","","4.0","45.0","1","N","N","N","0","","0","0","0","","0","N","","1","0","0","0","0","0","1","2","0","1","","","","N","","","","","","","","","",""
"2020050533","1821","1","0","0","0","0","0","0","0","0","7","0","","67","6","2020","5","39.993393","-75.084706","1815","6","0","0","0","0","0","0","0","0","","0","0","0","","","0","N","0","","39 59:36.215","1","0","75 05:04.941","0","0","0","0","67301","0","0","0","N","0","0","0","1","68K01","0","","4.0","15.0","1","N","N","N","0","","0","0","0","","0","N","","1","0","0","0","0","0","0","2","0","1","","03","","N","","","","","","","","","",""
"2020053270","1516","2","0","0","0","0","0","0","0","0","8","0","","67","6","2020","6","39.990717","-75.154019","1505","6","0","0","0","0","0","0","0","0","","0","0","0","","","1","","2","","39 59:26.581","","0","75 09:14.468","3","0","0","0","67301","1","0","0","N","1","0","0","5","67301","0","","1.0","","1","N","N","N","0","","1","0","1","","0","","","4","1","0","0","0","0","0","2","0","3","","03","","N","","","","","","","","","",""
"2020090739","1954","1","0","0","0","0","0","0","0","0","4","0","","67","10","2020","7","40.02609","-75.027094","1948","6","0","0","0","0","0","1","0","0","","0","0","0","","","3","N","0","","40 01:33.925","1","0","75 01:37.540","3","0","0","0","67301","0","0","0","N","0","0","0","4","68K01","1","","1.0","2116.0","1","N","N","N","0","","2","0","2","","0","N","","3","3","1","0","0","0","0","2","0","3","","","","N","","","","","","","","","",""
"2020047313","0200","1","0","0","0","0","0","0","0","0","1","0","","67","6","2020","7","40.02026","-75.160577","0153","6","0","0","0","0","0","0","0","0","","0","0","0","","","0","N","0","","40 01:12.937","","3","75 09:38.078","0","0","0","0","67301","0","0","0","N","0","0","0","2","67301","0","","1.0","","1","N","N","N","1","","0","0","0","","0","","","2","0","0","0","0","0","0","2","0","2","","03","","N","","","","","","","","","",""
"2020045494","1605","0","0","0","0","0","0","0","0","0","4","0","","67","6","2020","3","40.05775","-75.041417","1545","6","0","0","0","0","0","1","0","0","","0","0","0","","","1","","1","","40 03:27.899","","0","75 02:29.102","3","0","0","0","67301","0","0","0","N","0","0","0","2","67301","0","","1.0","","1","N","N","N","0","","1","0","1","","2","","","2","1","0","0","0","0","0","2","1","2","","","","N","","","","","","","","","",""
"2020046150","0820","1","0","0","0","0","0","0","0","0","2","0","","67","6","2020","7","39.940025","-75.220811","0816","6","0","0","0","0","0","0","0","0","","0","0","0","","","0","N","0","","39 56:24.090","","0","75 13:14.920","9","0","0","0","67301","0","0","0","N","0","0","0","1","67301","0","","6.0","","1","N","N","N","0","","0","0","2","","0","","","4","0","0","0","0","0","1","2","1","4","","03","","N","","","","","","","","","",""
"2020048749","2027","2","0","0","0","0","0","0","0","0","4","0","","67","6","2020","1","39.952184","-75.240772","2026","6","0","0","0","0","0","0","0","0","","0","0","0","","","1","","1","","39 57:07.862","","0","75 14:26.779","3","0","0","0","67301","0","0","0","N","0","0","0","2","67301","0","","1.0","","1","N","N","N","0","","1","0","0","","2","","","2","1","0","0","0","0","0","2","0","2","","03","","N","","","","","","","","","",""
"2020050530","2205","0","0","0","0","0","0","0","0","0","7","0","","67","6","2020","2","39.96142","-75.182524","2158","6","0","0","0","0","0","0","0","0","","0","0","0","","","0","N","0","","39 57:41.111","","0","75 10:57.087","0","0","0","0","67301","0","0","0","N","0","0","0","1","68K01","0","","4.0","","1","N","N","N","0","","0","0","0","","0","","","1","0","0","0","0","0","0","2","1","1","","","","N","","","","","","","","","",""
"2020089268","2310","1","0","0","0","0","0","0","0","0","5","1","50","67","10","2020","4","39.899545","-75.163374","2310","6","0","0","1","0","0","0","0","0","","0","1","0","","","0","N","0","","39 53:58.362","1","0","75 09:48.146","0","0","0","0","67301","0","0","0","N","0","0","0","3","68K01","0","","1.0","2325.0","1","N","N","N","0","","0","0","0","","0","N","","2","0","0","0","0","0","0","2","0","2","","","Y","Y","4","1","N","N","Y","Y","N","Y","N","N"
"2020048657","1801","1","0","0","0","0","0","0","0","0","7","0","","67","6","2020","7","40.04351","-75.003071","1801","6","0","0","0","1","0","0","0","0","","0","0","0","","","0","N","0","","40 02:36.637","","3","75 00:11.055","0","0","0","0","67301","0","0","0","N","0","0","0","1","68K01","0","","2.0","","9","N","N","N","0","","0","0","0","","0","","","1","0","0","0","0","0","0","2","0","1","","07","","N","","","","","","","","","",""
"2020091246","1450","0","0","0","0","0","0","0","0","0","1","0","","67","10","2020","2","40.007002","-75.073148","1439","6","0","0","0","0","0","0","0","0","","0","0","0","","","3","N","0","","40 00:25.206","1","0","75 04:23.333","8","0","0","0","67301","0","0","0","N","0","0","0","4","68K01","0","","1.0","1620.0","1","N","N","N","2","","0","0","1","","0","N","","3","3","0","0","0","3","0","2","0","3","","","","N","","","","","","","","","",""
"2020091240","1510","1","0","0","0","0","0","0","0","0","1","0","","67","10","2020","1","39.998735","-75.080772","1510","6","0","0","0","1","0","1","1","0","","0","0","0","","","1","N","0","","39 59:55.446","1","0","75 04:50.779","3","0","0","0","67301","0","0","0","N","0","0","0","3","68K01","0","","1.0","1515.0","1","N","N","N","0","","1","0","1","","0","Y","","3","1","0","0","0","0","0","2","1","3","","","","N","","","","","","","","","",""
"2020047382","1140","1","0","0","0","0","0","0","0","0","8","0","","67","6","2020","4","40.068716","-75.06734","1138","6","0","0","0","0","0","0","0","1","","0","0","0","","","1","","2","","40 04:07.379","","0","75 04:02.423","4","0","0","0","67301","1","0","0","N","1","0","0","2","67301","1","","1.0","","1","N","N","N","0","","0","0","0","","2","","","2","1","0","0","0","0","0","2","0","1","","03","","N","","","","","","","","","",""
"2020046527","1856","1","0","0","0","0","0","0","0","0","5","0","","67","6","2020","6","40.005396","-75.108605","1855","6","0","0","0","0","0","0","0","0","","0","0","0","","","1","N","0","","40 00:19.424","","0","75 06:30.978","3","0","0","0","67301","0","0","0","N","0","0","0","2","67301","0","","1.0","","1","N","N","N","0","","1","0","0","","0","","","2","1","0","0","0","0","0","2","1","2","","03","","N","","","","","","","","","",""
"2020047379","1152","1","0","0","0","0","0","0","0","0","5","0","","67","6","2020","2","39.95762","-75.145687","1151","6","0","0","0","0","0","1","0","0","","0","0","0","","","0","","1","","39 57:27.432","","0","75 08:44.473","0","0","0","0","67301","0","0","0","N","0","0","0","2","67301","0","","1.0","","1","N","N","N","0","","0","0","1","","2","","","2","0","0","0","0","0","0","2","0","2","","","","N","","","","","","","","","",""
"2020047533","1901","3","0","0","0","0","0","0","0","0","6","0","","67","6","2020","3","40.004002","-75.134601","1848","6","0","0","0","0","0","1","0","0","","0","0","0","","","1","","1","","40 00:14.407","6","0","75 08:04.563","3","0","0","0","67301","0","0","0","N","0","0","0","5","67301","0","","1.0","1945.0","1","N","N","N","0","","1","0","2","","0","Y","","5","1","2","0","0","0","0","2","0","5","","","","N","","","","","","","","","",""
"2020047530","2127","1","0","0","0","0","0","0","0","0","5","0","","67","6","2020","2","40.05243","-75.055921","2113","6","0","0","0","0","0","0","0","0","","0","0","0","","","0","N","0","","40 03:08.749","","0","75 03:21.316","0","0","0","0","67301","0","0","0","N","0","0","0","1","67301","0","","6.0","","1","N","N","N","1","","0","0","0","","0","","","3","0","0","0","0","0","0","2","1","3","","","","N","","","","","","","","","",""
"2020048296","1825","1","0","0","0","0","0","0","0","0","4","0","","67","6","2020","7","40.058224","-75.163163","1825","6","0","0","0","0","0","0","1","0","","0","0","0","","","2","","1","","40 03:29.608","","0","75 09:47.387","3","0","0","0","67301","0","0","0","N","0","0","0","5","67301","1","","1.0","","9","N","N","N","0","","1","0","1","","3","","","2","2","0","0","0","0","2","2","0","2","","04","","N","","","","","","","","","",""
"2020090397","1535","0","0","0","0","0","0","0","0","0","8","0","","67","10","2020","3","40.03239","-75.063368","1531","6","0","0","0","0","0","1","0","0","","0","0","0","","","1","N","0","","40 01:56.603","6","0","75 03:48.125","2","0","0","0","67301","1","0","1","N","1","0","1","4","67301","0","","1.0","1733.0","1","N","N","N","0","","0","1","0","","2","Y","","2","1","0","0","0","0","0","2","1","1","","03","","N","","","","","","","","","",""
"2020046016","1923","0","0","0","0","0","0","0","0","0","1","0","","67","6","2020","6","40.120777","-74.99646","1923","6","0","0","0","0","0","0","0","0","","0","0","0","","","0","","2","","40 07:14.797","","0","74 59:47.255","0","0","0","0","67301","0","0","0","N","0","0","0","2","67301","0","","1.0","","1","N","N","N","0","","0","0","2","","2","","","2","0","0","0","0","0","0","2","0","2","","","","N","","","","","","","","","",""