"CRN","ARRIVAL_TM","AUTOMOBILE_COUNT","BELTED_DEATH_COUNT","BELTED_SUSP_SERIOUS_INJ_COUNT","BICYCLE_COUNT","BICYCLE_DEATH_COUNT","BICYCLE_SUSP_SERIOUS_INJ_COUNT","BUS_COUNT","CHLDPAS_DEATH_COUNT","CHLDPAS_SUSP_SERIOUS_INJ_COUNT","COLLISION_TYPE","COMM_VEH_COUNT","CONS_ZONE_SPD_LIM","COUNTY","CRASH_MONTH","CRASH_YEAR","DAY_OF_WEEK","DEC_LATITUDE","DEC_LONGITUDE","DISPATCH_TM","DISTRICT","DRIVER_COUNT_16YR","DRIVER_COUNT_17YR","DRIVER_COUNT_18YR","DRIVER_COUNT_19YR","DRIVER_COUNT_20YR","DRIVER_COUNT_50_64YR","DRIVER_COUNT_65_74YR","DRIVER_COUNT_75PLUS","EST_HRS_CLOSED","FATAL_COUNT","HEAVY_TRUCK_COUNT","HORSE_BUGGY_COUNT","HOUR_OF_DAY","ILLUMINATION","INJURY_COUNT","INTERSECTION_RELATED","INTERSECT_TYPE","LANE_CLOSED","LATITUDE","LN_CLOSE_DIR","LOCATION_TYPE","LONGITUDE","MAX_SEVERITY_LEVEL","MCYCLE_DEATH_COUNT","MCYCLE_SUSP_SERIOUS_INJ_COUNT","MOTORCYCLE_COUNT","MUNICIPALITY","NONMOTR_COUNT","NONMOTR_DEATH_COUNT","NONMOTR_SUSP_SERIOUS_INJ_COUNT","NTFY_HIWY_MAINT","PED_COUNT","PED_DEATH_COUNT","PED_SUSP_SERIOUS_INJ_COUNT","PERSON_COUNT","POLICE_AGCY","POSSIBLE_INJ_COUNT","RDWY_SURF_TYPE_CD","RELATION_TO_ROAD","ROADWAY_CLEARED","ROAD_CONDITION","SCH_BUS_IND","SCH_ZONE_IND","SECONDARY_CRASH","SMALL_TRUCK_COUNT","SPEC_JURIS_CD","SUSP_MINOR_INJ_COUNT","SUSP_SERIOUS_INJ_COUNT","SUV_COUNT","TCD_FUNC_CD","TCD_TYPE","TFC_DETOUR_IND","TIME_OF_DAY","TOTAL_UNITS","TOT_INJ_COUNT","UNBELTED_OCC_COUNT","UNB_DEATH_COUNT","UNB_SUSP_SERIOUS_INJ_COUNT","UNK_INJ_DEG_COUNT","UNK_INJ_PER_COUNT","URBAN_RURAL","VAN_COUNT","VEHICLE_COUNT","WEATHER1","WEATHER2","WORKERS_PRES","WORK_ZONE_IND","WORK_ZONE_LOC","WORK_ZONE_TYPE","WZ_CLOSE_DETOUR","WZ_FLAGGER","WZ_LAW_OFFCR_IND","WZ_LN_CLOSURE","WZ_MOVING","WZ_OTHER","WZ_SHLDER_MDN","WZ_WORKERS_INJ_KILLED"
"2020048756","0057","2","0","0","0","0","0","0","0","0","4","0","","67","6","2020","1","39.972115","-75.233642","0057","6","0","0","0","0","0","0","0","0","","0","0","0","","","2","","1","","39 58:19.613","","0","75 14:01.111","3","0","0","0","67301","0","0","0","N","0","0","0","3","67301","0","","1.0","","1","N","N","N","0","","2","0","0","","3","","","2","2","3","0","0","0","0","2","0","2","","03","","N","","","","","","","","","",""
"2020087791","2115","0","0","0","0","0","0","0","0","0","8","0","","67","10","2020","5","39.971933","-75.248978","2110","6","0","0","0","0","0","0","0","0","","0","0","0","","","1","N","0","","39 58:18.960","","0","75 14:56.320","3","0","0","0","67301","1","0","0","N","1","0","0","2","67301","0","","1.0","","1","N","N","N","1","","1","0","0","","0","","","2","1","0","0","0","0","1","2","0","1","","03","","N","","","","","","","","","",""
"2020048077","2310","2","0","0","0","0","0","0","0","0","5","0","","67","6","2020","5","39.980586","-75.197952","2302","6","0","0","1","0","0","0","0","0","","0","0","0","","","1","","2","","39 58:50.109","","0","75 11:52.626","3","0","0","0","67301","0","0","0","N","0","0","0","3","67301","0","","1.0","","1","N","N","N","0","","1","0","0","","0","","","2","1","0","0","0","0","0","2","0","2","","03","","N","","","","","","","","","",""
"2020046292","1233","1","0","0","1","0","1","0","0","0","8","0","","67","6","2020","7","40.036526","-75.022773","1230","6","0","0","0","0","0","0","0","0","","0","0","0","","","1","N","0","","40 02:11.492","5","0","75 01:21.984","2","0","0","0","67301","1","0","1","N","0","0","0","2","67301","0","","1.0","100.0","1","N","N","N","0","","0","1","0","","0","Y","","2","1","1","0","0","0","0","2","0","1","","03","","N","","","","","","","","","",""
"2020044521","0150","1","0","0","0","0","0","0","0","0","4","0","","67","6","2020","1","40.005956","-75.093332","0145","6","0","0","0","1","0","0","0","0","","0","0","0","","","4","","1","","40 00:21.442","","0","75 05:35.994","3","0","0","0","67301","0","0","0","N","0","0","0","4","67301","0","","1.0","","1","N","N","N","0","","4","0","1","","2","","","2","4","0","0","0","0","0","2","0","2","","03","","N","","","","","","","","","",""
"2020044705","1315","0","0","0","0","0","0","0","0","0","4","0","","67","6","2020","2","40.094954","-75.015435","1306","6","0","1","0","0","0","0","0","0","","0","0","0","","","1","","1","","40 05:41.833","2","0","75 00:55.566","8","0","0","0","67301","0","0","0","N","0","0","0","2","67301","0","","1.0","1445.0","1","N","N","Y","0","","0","0","2","","2","N","","2","1","0","0","0","1","0","2","0","2","","","","N","","","","","","","","","",""
"2020044532","0055","2","0","0","0","0","0","0","0","0","4","0","","67","6","2020","1","39.987384","-75.152147","0051","6","0","0","0","0","0","0","0","0","","0","0","0","","","1","","1","","39 59:14.582","3","0","75 09:07.730","8","0","0","0","67301","0","0","0","N","0","0","0","3","67301","0","","1.0","20.0","1","N","N","N","0","","0","0","0","","3","N","","2","1","0","0","0","1","0","2","0","2","","","","N","","","","","","","","","",""
"2020087331","1700","2","0","0","0","0","0","0","0","0","7","0","","67","10","2020","4","39.921203","-75.175286","1700","6","0","0","0","0","0","0","0","1","","0","0","0","","","2","N","0","","39 55:16.330","","0","75 10:31.030","3","0","0","0","67301","0","0","0","N","0","0","0","2","67301","0","","4.0","","1","N","N","N","0","","2","0","0","","2","","","2","2","0","0","0","0","0","2","0","2","","03","","N","","","","","","","","","",""
"2020048747","1411","1","0","0","0","0","0","0","0","0","3","0","","67","6","2020","3","39.940083","-75.192528","1410","6","0","0","0","0","0","0","1","0","","0","0","0","","","1","N","0","","39 56:24.300","","7","75 11:33.100","3","0","0","0","67301","0","0","0","N","0","0","0","2","67301","0","","1.0","","1","N","N","N","0","","1","0","1","","0","","","2","1","0","0","0","0","0","2","0","2","","03","","N","","","","","","","","","",""
"2020045427","2052","1","0","0","0","0","0","0","0","0","4","0","","67","6","2020","3","40.04727","-75.167746","2049","6","0","0","1","0","0","0","0","0","","0","0","0","","","1","","1","","40 02:50.173","1","0","75 10:03.884","2","0","0","0","67301","0","0","0","N","0","0","0","2","67301","0","","1.0","2100.0","1","N","N","N","0","","0","1","0","","2","N","","2","1","0","0","0","0","0","2","0","2","","","","N","","","","","","","","","",""
"2020047311","0145","2","0","0","0","0","0","0","0","0","1","0","","67","6","2020","4","39.954611","-75.200278","0140","6","0","0","0","0","0","0","0","0","","0","0","0","","","0","N","0","","39 57:16.600","","0","75 12:01.000","0","0","0","0","67301","0","0","0","N","0","0","0","2","67301","0","","6.0","","1","N","N","N","0","","0","0","0","","0","","","2","0","0","0","0","0","0","2","0","2","","","","N","","","","","","","","","",""
"2020047310","0124","1","0","0","0","0","0","0","0","0","5","0","","67","6","2020","4","39.958508","-75.241478","0119","6","0","0","0","0","0","0","0","0","","0","0","0","","","0","N","0","","39 57:30.630","2","0","75 14:29.320","0","0","0","0","67301","0","0","0","N","0","0","0","1","67301","0","","6.0","250.0","1","N","N","N","0","","0","0","1","","0","N","","2","0","0","0","0","0","0","2","0","2","","03","","N","","","","","","","","","",""
"2020046031","0011","2","0","0","0","0","0","0","0","0","4","0","","67","6","2020","5","39.992901","-75.146091","0008","6","0","0","0","0","0","0","0","0","","0","0","0","","","2","","1","","39 59:34.444","","0","75 08:45.927","3","0","0","0","67301","0","0","0","N","0","0","0","3","67301","0","","1.0","","1","N","N","N","0","","2","0","0","","2","","","2","2","0","0","0","0","0","2","0","2","","03","","N","","","","","","","","","",""
"2020086900","0707","1","0","0","0","0","0","0","0","0","4","0","","67","10","2020","6","40.005478","-75.106361","0705","6","0","0","0","0","0","1","0","0","","0","0","0","","","1","N","0","","40 00:19.722","","0","75 06:22.898","3","0","0","0","67301","0","0","0","N","0","0","0","3","67301","0","","2.0","","1","N","N","N","0","","1","0","1","","0","","","2","1","0","0","0","0","0","2","0","2","","","","N","","","","","","","","","",""
"2020050506","0910","1","0","0","0","0","0","0","0","0","7","0","","67","6","2020","2","39.8991","-75.175346","0902","6","0","0","0","0","0","1","0","0","","0","0","0","","","1","N","0","","39 53:56.761","","3","75 10:31.247","4","0","0","0","67301","0","0","0","N","0","0","0","2","68K01","1","","4.0","","1","N","N","N","0","","0","0","0","","0","","","1","1","0","0","0","0","0","2","0","1","","","","N","","","","","","","","","",""
"2020044524","0137","1","0","0","0","0","0","0","0","0","5","0","","67","6","2020","1","39.937417","-75.184109","0133","6","0","0","0","0","0","0","0","0","","0","0","0","","","0","N","0","","39 56:14.701","","0","75 11:02.794","9","0","0","0","67301","0","0","0","N","0","0","0","2","67301","0","","6.0","","1","N","N","N","0","","0","0","1","","0","","","2","0","0","0","0","0","1","2","0","2","","03","","N","","","","","","","","","",""
"2020047911","0930","2","0","0","0","0","0","0","0","0","5","0","","67","6","2020","5","39.989092","-75.108419","0842","6","0","0","0","0","0","0","0","0","","0","0","0","","","0","N","0","","39 59:20.730","","0","75 06:30.310","0","0","0","0","67301","0","0","0","N","0","0","0","1","67301","0","","6.0","","1","N","N","N","0","","0","0","0","","0","","","4","0","0","0","0","0","0","2","0","4","","","","N","","","","","","","","","",""
"2020091424","1934","2","0","0","0","0","0","1","0","0","4","1","","67","10","2020","4","40.053112","-75.13777","1933","6","0","0","0","0","0","0","0","0","","0","0","0","","","3","","1","","40 03:11.203","","0","75 08:15.971","3","0","0","0","67301","1","0","0","N","1","0","0","4","67301","0","","1.0","","1","N","N","N","0","","3","0","0","","2","","","4","3","0","0","0","0","0","2","0","3","","03","","N","","","","","","","","","",""
"2020087846","2020","1","0","0","0","0","0","0","0","0","1","0","","67","9","2020","4","39.963891","-75.184291","2007","6","0","0","0","0","0","0","0","0","","0","0","0","","","0","N","0","","39 57:50.006","","0","75 11:03.446","0","0","0","0","67301","0","0","0","N","0","0","0","2","68K01","0","","1.0","","1","N","N","N","0","","0","0","1","","0","","","2","0","0","0","0","0","0","2","0","2","","03","","N","","","","","","","","","",""
"2020090775","0805","0","0","0","0","0","0","0","0","0","4","1","","67","10","2020","6","39.935874","-75.144768","0802","6","0","0","0","0","0","0","0","0","","0","1","0","","","0","N","0","","39 56:09.148","","0","75 08:41.166","0","0","0","0","67301","0","0","0","N","0","0","0","2","68K01","0","","1.0","","9","N","N","N","1","","0","0","0","","0","","","2","0","1","0","0","0","0","2","0","2","","","","N","","","","","","","","","",""
"2020044546","0950","0","0","0","0","0","0","0","0","0","4","0","","67","6","2020","7","39.970324","-75.1458","0946","6","0","0","0","0","0","0","0","0","","0","0","0","","","1","","1","","39 58:13.166","","0","75 08:44.881","3","0","0","1","67301","0","0","0","N","0","0","0","2","67301","0","","1.0","","1","N","N","N","0","","1","0","1","","3","","","2","1","0","0","0","0","0","2","0","2","","03","","N","","","","","","","","","",""
"2020044752","1355","1","0","0","0","0","0","0","0","0","5","0","","67","6","2020","2","39.979222","-75.150694","1353","6","0","0","0","0","0","0","0","0","","0","0","0","","","0","N","0","","39 58:45.200","2","0","75 09:02.500","0","0","0","0","67301","0","0","0","N","0","0","0","3","67505","0","","6.0","1420.0","1","N","N","N","0","","0","0","2","","0","Y","","3","0","0","0","0","0","0","2","0","3","","","","N","","","","","","","","","",""
"2020089077","1752","1","0","0","0","0","0","0","0","0","1","0","","67","9","2020","4","39.957565","-75.14934","1725","6","0","0","0","0","0","0","0","0","","0","0","0","","","0","","3","","39 57:27.234","","2","75 08:57.624","9","0","0","0","67301","0","0","0","N","0","0","0","2","68K01","0","","1.0","","1","N","N","N","0","","0","0","0","","0","","","2","0","0","0","0","0","1","2","1","2","","","","N","","","","","","","","","",""
"2020047472","1743","1","0","0","0","0","0","0","0","0","7","0","","67","6","2020","4","39.979892","-75.105519","1727","6","0","0","0","0","0","0","0","0","","0","0","0","","","1","N","0","","39 58:47.610","1","0","75 06:19.870","4","0","0","0","67301","0","0","0","N","0","0","0","1","68K01","1","","4.0","1830.0","1","N","N","N","0","","0","0","0","","8","N","","1","1","0","0","0","0","0","2","0","1","","03","","N","","","","","","","","","",""
"2020044245","0256","1","0","0","0","0","0","0","0","0","7","0","","67","6","2020","7","39.981169","-75.206786","0256","6","0","0","0","1","0","0","0","0","","0","0","0","","","0","N","0","","39 58:52.207","","0","75 12:24.430","0","0","0","0","67301","0","0","0","N","0","0","0","2","68K01","0","","2.0","","9","N","N","N","0","","0","0","0","","0","","","1","0","0","0","0","0","0","2","0","1","","","","N","","","","","","","","","",""
"2020057189","0540","1","0","0","0","0","0","0","0","0","7","0","","67","6","2020","6","40.005309","-75.196582","0535","6","0","0","0","0","0","0","0","0","","0","0","0","","","0","N","0","","40 00:19.112","3","0","75 11:47.695","9","0","0","0","67301","0","0","0","N","0","0","0","1","68K01","0","","4.0","605.0","1","N","N","N","0","","0","0","0","","0","N","","1","0","0","0","0","0","1","2","0","1","","03","","N","","","","","","","","","",""
"2020049641","1722","2","0","0","0","0","0","0","0","0","4","0","","67","6","2020","1","39.96795","-75.207834","1717","6","0","0","0","0","0","0","0","1","","0","0","0","","","0","","1","","39 58:04.620","","0","75 12:28.202","0","0","0","0","67301","0","0","0","N","0","0","0","2","67301","0","","1.0","","1","N","N","N","0","","0","0","0","","2","","","2","0","1","0","0","0","0","2","0","2","","","","N","","","","","","","","","",""
"2020087642","","1","0","0","0","0","0","0","0","0","1","0","","67","8","2020","4","39.978909","-75.118562","","6","0","0","0","0","0","0","0","0","","0","0","0","","","1","","5","","39 58:44.072","","0","75 07:06.822","8","0","0","0","67301","0","0","0","N","0","0","0","4","00000","0","","1.0","","1","N","N","N","0","","0","0","1","","2","","","2","1","0","0","0","1","0","2","0","2","","","","N","","","","","","","","","",""
"2020048216","2011","0","0","0","1","0","0","0","0","0","8","0","","67","6","2020","1","39.948106","-75.154252","1959","6","0","0","0","0","0","0","0","0","","0","0","0","","","1","","1","","39 56:53.182","","0","75 09:15.307","8","0","0","0","67301","1","0","0","N","0","0","0","2","67301","0","","1.0","","1","N","N","N","0","","0","0","1","","2","","","2","1","0","0","0","1","0","2","0","1","","03","","N","","","","","","","","","",""
"2020046153","1234","0","0","0","0","0","0","0","0","0","5","0","","67","6","2020","2","39.980845","-75.221715","1231","6","0","1","0","0","0","0","0","0","","0","0","0","","","0","N","0","","39 58:51.043","3","0","75 13:18.174","0","0","0","0","67301","0","0","0","N","0","0","0","1","67301","0","","6.0","1334.0","1","N","N","N","0","","0","0","1","","0","N","","2","0","1","0","0","0","0","2","1","2","","","","N","","","","","","","","","",""
"2020083016","0755","1","0","0","0","0","0","0","0","0","4","0","","67","10","2020","3","39.884803","-75.250584","0750","6","0","0","0","0","0","1","0","0","","1","0","0","","","2","N","0","","39 53:05.292","3","0","75 15:02.101","1","0","0","0","67301","0","0","0","N","0","0","0","3","67301","0","2","1.0","1100.0","1","Y","N","N","0","0","0","0","0","","2","Y","","2","2","0","0","0","2","0","2","1","2","","03","","N","","","","","","","","","",""
"2020047305","2110","1","0","0","0","0","0","0","0","0","6","0","","67","6","2020","2","40.015047","-75.084147","2105","6","0","0","0","0","0","0","0","0","","0","0","0","","","0","N","0","","40 00:54.170","","0","75 05:02.930","0","0","0","1","67301","0","0","0","N","0","0","0","1","67301","0","","5.0","","1","N","N","N","0","","0","0","1","","0","","","4","0","0","0","0","0","0","2","1","4","","03","","N","","","","","","","","","",""
"2020048144","1005","1","0","0","0","0","0","0","0","0","4","0","","67","6","2020","5","39.958843","-75.20628","1004","6","0","0","0","0","0","1","0","0","","0","0","0","","","0","","1","","39 57:31.834","","0","75 12:22.608","0","0","0","0","67301","0","0","0","N","0","0","0","2","67301","0","","1.0","","9","N","N","N","0","","0","0","1","","2","","","2","0","0","0","0","0","0","2","0","2","","07","","N","","","","","","","","","",""
"2020089231","0512","2","0","0","0","0","0","0","0","0","6","0","","67","10","2020","7","40.004656","-75.176635","0512","6","0","0","0","0","0","0","0","0","","0","0","0","","","0","N","0","","40 00:16.763","3","0","75 10:35.886","0","0","0","0","67301","0","0","0","N","0","0","0","0","67301","0","","6.0","100.0","1","N","N","N","0","","0","0","0","","0","N","","2","0","0","0","0","0","0","2","0","2","","03","","N","","","","","","","","","",""
"2020047915","1230","0","0","0","0","0","0","0","0","0","8","0","","67","6","2020","5","39.970551","-75.149708","1227","6","0","0","0","0","0","0","0","0","","0","0","0","","","2","N","0","","39 58:13.985","","0","75 08:58.949","3","0","0","0","67301","1","0","0","N","1","0","0","2","67301","0","","4.0","","1","N","N","N","0","","2","0","0","","0","","","2","2","1","0","0","0","0","2","1","1","","03","","N","","","","","","","","","",""
"2020048718","1114","1","0","0","0","0","0","0","0","0","4","0","","67","6","2020","3","39.958336","-75.152042","1112","6","0","0","1","0","0","0","0","0","","0","0","0","","","2","","1","","39 57:30.009","","0","75 09:07.351","8","0","0","0","67301","0","0","0","N","0","0","0","4","67301","0","","1.0","","1","N","N","N","0","","0","0","1","","2","","","2","2","0","0","0","2","0","2","0","2","","03","","N","","","","","","","","","",""
"2020091245","1153","1","0","0","0","0","0","0","0","0","1","1","","67","10","2020","2","39.938815","-75.197174","1141","6","0","0","0","0","0","0","0","0","","0","1","0","","","1","N","0","","39 56:19.733","4","0","75 11:49.825","4","0","0","0","67301","0","0","0","N","0","0","0","2","68K01","1","","1.0","20.0","1","N","N","N","0","","0","0","0","","0","N","","2","1","0","0","0","0","0","2","0","2","","","","N","","","","","","","","","",""
"2020052060","1155","2","0","0","0","0","0","0","0","0","1","0","","67","6","2020","7","39.957011","-75.156082","1155","6","0","0","0","0","0","0","0","0","","0","0","0","","","0","N","0","","39 57:25.240","3","0","75 09:21.895","0","0","0","0","67301","0","0","0","N","0","0","0","3","68K01","0","","1.0","1150.0","1","N","N","N","0","","0","0","1","","0","N","","3","0","0","0","0","0","0","2","0","3","","","","N","","","","","","","","","",""
"2020045660","2115","1","0","0","0","0","0","0","0","0","5","0","","67","6","2020","6","40.036636","-75.014366","2108","6","0","0","0","0","0","0","0","0","","0","0","0","","","0","N","0","","40 02:11.888","1","0","75 00:51.717","0","0","0","0","67301","0","0","0","N","0","0","0","2","68K01","0","","1.0","15.0","9","N","N","N","0","","0","0","1","","0","N","","2","0","0","0","0","0","0","2","0","2","","07","","N","","","","","","","","","",""
"2020046297","1624","1","0","0","0","0","0","0","0","0","4","0","","67","6","2020","3","39.997997","-75.125411","1623","6","0","0","0","0","0","0","0","0","","0","0","0","","","0","","1","","39 59:52.789","1","0","75 07:31.478","9","0","0","0","67301","0","0","0","N","0","0","0","7","67301","0","","1.0","1736.0","1","N","N","N","0","","0","0","1","","2","Y","","2","0","0","0","0","0","6","2","0","2","","03","","N","","","","","","","","","",""
"2020046602","1711","1","0","0","0","0","0","0","0","0","4","0","","67","6","2020","1","39.964898","-75.224562","1704","6","0","0","0","0","0","1","0","0","","0","0","0","","","1","","1","","39 57:53.634","","0","75 13:28.424","3","0","0","0","67301","0","0","0","N","0","0","0","3","67301","0","","1.0","","1","N","N","N","0","","1","0","1","","2","","","2","1","0","0","0","0","0","2","0","2","","03","","N","","","","","","","","","",""
"2020090773","0257","2","0","0","0","0","0","0","0","0","5","0","","67","10","2020","6","40.024945","-75.029328","0254","6","0","0","0","0","0","0","0","0","","0","0","0","","","1","N","0","","40 01:29.801","1","0","75 01:45.579","3","0","0","0","67301","0","0","0","N","0","0","0","2","68K01","0","","1.0","300.0","1","N","N","N","0","","1","0","0","","0","N","","2","1","0","0","0","0","1","2","0","2","","","","N","","","","","","","","","",""
"2020048716","1430","0","0","0","0","0","0","0","0","0","8","0","","67","6","2020","2","39.944711","-75.158224","1430","6","0","0","0","0","0","0","0","0","","0","0","0","","","1","","1","","39 56:40.959","","0","75 09:29.607","4","0","0","0","67301","1","0","0","N","1","0","0","2","67301","1","","1.0","","1","N","N","N","0","","0","0","1","","2","","","2","1","1","0","0","0","0","2","0","1","","03","","N","","","","","","","","","",""
"2020089082","1331","2","0","0","0","0","0","0","0","0","1","0","","67","10","2020","7","39.958462","-75.166463","1331","6","0","0","0","0","0","0","0","0","","0","0","0","","","2","N","0","","39 57:30.464","","0","75 09:59.266","3","0","0","0","67301","0","0","0","N","0","0","0","5","68K01","0","","1.0","","1","N","N","N","0","","2","0","0","","0","","","3","2","0","0","0","0","0","2","1","3","","","","N","","","","","","","","","",""
"2020048768","0409","2","0","0","0","0","0","0","0","0","4","0","","67","6","2020","1","40.007671","-75.138834","0409","6","0","0","0","0","0","0","0","0","","0","0","0","","","0","","1","","40 00:27.617","3","0","75 08:19.804","0","0","0","0","67301","0","0","0","N","0","0","0","3","67301","0","","1.0","610.0","1","N","N","N","0","","0","0","0","","2","N","","2","0","0","0","0","0","0","2","0","2","","03","","N","","","","","","","","","",""
"2020048075","1420","1","0","0","0","0","0","0","0","0","5","0","","67","6","2020","5","40.062857","-75.009432","1415","6","0","0","0","0","0","0","0","0","","0","0","0","","","0","N","0","","40 03:46.285","1","0","75 00:33.954","0","0","0","0","67301","0","0","0","N","0","0","0","1","67301","0","","6.0","1515.0","1","N","N","N","0","","0","0","1","","0","N","","2","0","0","0","0","0","0","2","0","2","","03","","N","","","","","","","","","",""
"2020091638","1846","2","0","0","0","0","0","0","0","0","1","0","","67","10","2020","6","39.985905","-75.092707","1845","6","0","0","0","0","1","0","0","0","","0","0","0","","","0","N","0","","39 59:09.259","1","0","75 05:33.744","0","0","0","0","67301","0","0","0","N","0","0","0","3","68K01","0","","1.0","30.0","1","N","N","N","0","","0","0","1","","0","N","","3","0","0","0","0","0","0","2","0","3","","","","N","","","","","","","","","",""
"2020089092","1815","2","0","0","0","0","0","0","0","0","1","0","","67","10","2020","4","39.959413","-75.174129","1805","6","0","0","0","0","0","0","0","0","","0","0","0","","","0","N","0","","39 57:33.887","4","0","75 10:26.865","9","0","0","0","67301","0","0","0","N","0","0","0","3","68K01","0","","1.0","1829.0","1","N","N","N","0","","0","0","0","","0","N","","3","0","0","0","0","0","1","2","0","3","","","","N","","","","","","","","","",""
"2020037023","0355","2","0","0","0","0","0","0","0","0","7","0","","67","5","2020","1","40.006168","-75.151802","0350","6","0","0","0","0","0","0","0","0","","0","0","0","","","0","","1","","40 00:22.203","3","0","75 09:06.487","0","0","0","0","67301","0","0","0","Y","0","0","0","1","67505","0","","4.0","600.0","9","N","N","Y","0","","0","0","0","","2","N","","2","0","0","0","0","0","0","2","0","2","","07","","N","","","","","","","","","",""
"2020047228","2113","1","0","0","0","0","0","0","0","0","4","0","","67","6","2020","6","39.977507","-75.15987","2113","6","0","0","0","0","0","0","0","0","","0","0","0","","","1","","1","","39 58:39.025","","0","75 09:35.531","4","0","0","0","67301","0","0","0","N","0","0","0","6","67301","1","","1.0","","1","N","N","N","0","","0","0","1","","2","","","2","1","1","0","0","0","4","2","0","2","","03","","N","","","","","","","","","",""
"2020086898","0408","0","0","0","0","0","0","0","0","0","8","0","","67","10","2020","2","39.957439","-75.2019","0402","6","0","0","0","0","0","0","0","0","","0","0","0","","","1","N","0","","39 57:26.780","","0","75 12:06.840","3","0","0","0","67301","1","0","0","N","1","0","0","2","67301","0","","1.0","","9","N","N","N","0","","1","0","1","","0","","","2","1","1","0","0","0","0","2","0","1","","","","N","","","","","","","","","",""
"2020050336","1600","1","0","0","1","0","0","0","0","0","8","0","","67","6","2020","4","39.956321","-75.211461","1545","6","0","0","0","0","0","0","0","0","","0","0","0","","","1","","2","","39 57:22.755","","0","75 12:41.259","8","0","0","0","67301","1","0","0","N","0","0","0","2","67301","0","","1.0","","1","N","N","N","0","","0","0","0","","0","","","2","1","0","0","0","1","1","2","0","1","","03","","N","","","","","","","","","",""
"2020046433","1914","1","0","0","0","0","0","0","0","0","4","0","","67","6","2020","1","40.050071","-75.067219","1913","6","0","0","0","0","1","1","0","0","","0","0","0","","","3","N","0","","40 03:00.254","","0","75 04:01.987","3","0","0","0","67301","0","0","0","N","0","0","0","3","67301","2","","1.0","","1","N","N","N","0","","1","0","1","","0","","","2","3","0","0","0","0","0","2","0","2","","03","","N","","","","","","","","","",""
"2020047535","0422","0","0","0","0","0","0","0","0","0","7","0","","67","6","2020","4","40.032528","-75.189781","0415","6","0","0","0","0","0","0","0","0","","0","0","0","","","2","N","1","","40 01:57.099","","0","75 11:23.212","3","0","0","0","67301","0","0","0","N","0","0","0","2","67301","0","","5.0","","1","N","N","N","0","","2","0","1","","2","","","1","2","0","0","0","0","0","2","0","1","","","","N","","","","","","","","","",""
"2020048742","1312","0","0","0","0","0","0","0","0","0","4","0","","67","6","2020","1","40.011529","-75.069799","1308","6","0","0","0","0","0","0","0","0","","0","0","0","","","1","","1","","40 00:41.506","2","0","75 04:11.278","3","0","0","1","67301","0","0","0","N","0","0","0","2","67301","0","","1.0","1400.0","1","N","N","N","0","","1","0","0","","2","N","","2","1","0","0","0","0","0","2","1","2","","","","N","","","","","","","","","",""
"2020048755","1144","3","0","0","0","0","0","0","0","0","4","0","","67","6","2020","7","39.972953","-75.226117","1143","6","0","0","0","0","0","1","0","0","","0","0","0","","","1","","1","","39 58:22.631","5","0","75 13:34.022","3","0","0","0","67301","0","0","0","N","0","0","0","2","67301","0","","1.0","1300.0","1","N","N","N","1","","1","0","0","","2","Y","","4","1","0","0","0","0","0","2","0","4","","03","","N","","","","","","","","","",""
"2020048736","2000","1","0","0","0","0","0","0","0","0","7","0","","67","6","2020","6","40.056878","-75.175102","2000","6","0","0","0","0","0","0","0","0","","0","0","0","","","0","N","0","","40 03:24.759","","1","75 10:30.366","0","0","0","0","67301","0","0","0","N","0","0","0","1","67301","0","","4.0","","1","N","N","N","0","","0","0","0","","0","","","2","0","0","0","0","0","0","2","0","1","","","","N","","","","","","","","","",""
"2020048297","1801","0","0","0","0","0","0","0","0","0","1","0","","67","6","2020","7","39.939171","-75.191658","1801","6","0","0","0","0","0","0","0","0","","0","0","0","","","2","","2","","39 56:21.015","","0","75 11:29.968","8","0","0","0","67301","0","0","0","N","0","0","0","3","67301","0","","1.0","","9","N","N","N","0","","0","0","2","","2","","","2","2","0","0","0","2","1","2","0","2","","","","N","","","","","","","","","",""
"2020045269","1519","1","0","0","0","0","0","0","0","0","4","0","","67","6","2020","2","40.002626","-75.124413","1518","6","0","0","0","0","0","0","0","0","","0","0","0","","","1","N","1","","40 00:09.455","3","0","75 07:27.886","3","0","0","0","67301","0","0","0","N","0","0","0","1","67301","0","","1.0","1608.0","1","N","N","N","0","","1","0","0","","2","N","","2","1","0","0","0","0","0","2","1","2","","03","","N","","","","","","","","","",""
"2020010094","0117","1","0","0","0","0","0","0","0","0","7","0","","67","1","2020","2","39.955608","-75.18948","0116","6","0","0","0","0","0","0","0","0","","0","0","0","","","0","","1","","39 57:20.190","","0","75 11:22.129","0","0","0","0","67301","0","0","0","N","0","0","0","2","67507","0","","4.0","","1","N","N","N","0","","0","0","0","","2","","","1","0","0","0","0","0","0","2","0","1","","03","","N","","","","","","","","","",""
"2020059117","2302","1","0","0","1","0","0","0","0","0","8","0","","67","6","2020","1","40.09596","-74.976976","2302","6","0","0","0","0","0","0","0","0","","0","0","0","","","1","N","0","","40 05:45.455","","0","74 58:37.114","8","0","0","0","67301","1","0","0","N","0","0","0","3","67301","0","","1.0","","99","N","N","N","0","","0","0","0","","0","","","2","1","0","0","0","1","0","2","0","1","","98","","N","","","","","","","","","",""