"CRN","ARRIVAL_TM","AUTOMOBILE_COUNT","BELTED_DEATH_COUNT","BELTED_SUSP_SERIOUS_INJ_COUNT","BICYCLE_COUNT","BICYCLE_DEATH_COUNT","BICYCLE_SUSP_SERIOUS_INJ_COUNT","BUS_COUNT","CHLDPAS_DEATH_COUNT","CHLDPAS_SUSP_SERIOUS_INJ_COUNT","COLLISION_TYPE","COMM_VEH_COUNT","CONS_ZONE_SPD_LIM","COUNTY","CRASH_MONTH","CRASH_YEAR","DAY_OF_WEEK","DEC_LATITUDE","DEC_LONGITUDE","DISPATCH_TM","DISTRICT","DRIVER_COUNT_16YR","DRIVER_COUNT_17YR","DRIVER_COUNT_18YR","DRIVER_COUNT_19YR","DRIVER_COUNT_20YR","DRIVER_COUNT_50_64YR","DRIVER_COUNT_65_74YR","DRIVER_COUNT_75PLUS","EST_HRS_CLOSED","FATAL_COUNT","HEAVY_TRUCK_COUNT","HORSE_BUGGY_COUNT","HOUR_OF_DAY","ILLUMINATION","INJURY_COUNT","INTERSECTION_RELATED","INTERSECT_TYPE","LANE_CLOSED","LATITUDE","LN_CLOSE_DIR","LOCATION_TYPE","LONGITUDE","MAX_SEVERITY_LEVEL","MCYCLE_DEATH_COUNT","MCYCLE_SUSP_SERIOUS_INJ_COUNT","MOTORCYCLE_COUNT","MUNICIPALITY","NONMOTR_COUNT","NONMOTR_DEATH_COUNT","NONMOTR_SUSP_SERIOUS_INJ_COUNT","NTFY_HIWY_MAINT","PED_COUNT","PED_DEATH_COUNT","PED_SUSP_SERIOUS_INJ_COUNT","PERSON_COUNT","POLICE_AGCY","POSSIBLE_INJ_COUNT","RDWY_SURF_TYPE_CD","RELATION_TO_ROAD","ROADWAY_CLEARED","ROAD_CONDITION","SCH_BUS_IND","SCH_ZONE_IND","SECONDARY_CRASH","SMALL_TRUCK_COUNT","SPEC_JURIS_CD","SUSP_MINOR_INJ_COUNT","SUSP_SERIOUS_INJ_COUNT","SUV_COUNT","TCD_FUNC_CD","TCD_TYPE","TFC_DETOUR_IND","TIME_OF_DAY","TOTAL_UNITS","TOT_INJ_COUNT","UNBELTED_OCC_COUNT","UNB_DEATH_COUNT","UNB_SUSP_SERIOUS_INJ_COUNT","UNK_INJ_DEG_COUNT","UNK_INJ_PER_COUNT","URBAN_RURAL","VAN_COUNT","VEHICLE_COUNT","WEATHER1","WEATHER2","WORKERS_PRES","WORK_ZONE_IND","WORK_ZONE_LOC","WORK_ZONE_TYPE","WZ_CLOSE_DETOUR","WZ_FLAGGER","WZ_LAW_OFFCR_IND","WZ_LN_CLOSURE","WZ_MOVING","WZ_OTHER","WZ_SHLDER_MDN","WZ_WORKERS_INJ_KILLED"
"2020044808","1945","1","0","0","0","0","0","0","0","0","1","0","","67","6","2020","2","40.06845","-75.148372","1938","6","0","0","0","0","0","1","0","0","","0","0","0","","","0","","1","","40 04:06.419","","0","75 08:54.139","0","0","0","0","67301","0","0","0","N","0","0","0","2","67301","0","","1.0","","1","N","N","N","0","","0","0","0","","2","","","2","0","0","0","0","0","0","2","1","2","","03","","N","","","","","","","","","",""
"2020048758","0418","0","0","0","0","0","0","0","0","0","5","0","","67","6","2020","6","39.985972","-75.172139","0418","6","0","0","0","0","0","0","0","0","","0","0","0","","","1","N","0","","39 59:09.500","3","0","75 10:19.700","3","0","0","0","67301","0","0","0","N","0","0","0","2","67301","0","","1.0","430.0","9","N","N","N","0","","1","0","1","","0","Y","","2","1","0","0","0","0","0","2","0","2","","03","","N","","","","","","","","","",""
"2020047531","2310","0","0","0","0","0","0","0","0","0","1","0","","67","6","2020","2","40.036102","-75.1135","2300","6","0","0","0","0","1","0","0","0","","0","0","0","","","0","N","0","","40 02:09.967","","0","75 06:48.601","0","0","0","0","67301","0","0","0","N","0","0","0","2","67301","0","","1.0","","1","N","N","N","0","","0","0","2","","0","","","2","0","0","0","0","0","0","2","0","2","","03","","N","","","","","","","","","",""
"2020089966","0515","2","0","0","0","0","0","0","0","0","4","0","","67","10","2020","2","39.983448","-75.20807","0510","6","0","0","0","0","0","0","0","0","","0","0","0","","","0","N","0","","39 59:00.412","","0","75 12:29.053","0","0","0","0","67301","0","0","0","N","0","0","0","2","68K01","0","","1.0","","9","N","N","N","0","","0","0","0","","0","","","2","0","0","0","0","0","0","2","0","2","","07","","N","","","","","","","","","",""
"2020047985","0650","2","0","1","0","0","0","0","0","0","4","0","","67","6","2020","5","40.037267","-75.166611","0644","6","0","0","0","0","0","0","0","0","","0","0","0","","","1","N","0","","40 02:14.160","","0","75 09:59.800","2","0","0","0","67301","0","0","0","N","0","0","0","2","67301","0","","1.0","","1","N","N","N","0","","0","1","0","","0","","","2","1","0","0","0","0","0","2","0","2","","03","","N","","","","","","","","","",""
"2020044536","1307","2","0","0","0","0","0","0","0","0","4","0","","67","6","2020","1","39.987021","-75.174392","1306","6","0","0","0","0","0","0","0","0","","0","0","0","","","0","","1","","39 59:13.275","7","0","75 10:27.811","9","0","0","0","67301","0","0","0","N","0","0","0","6","67301","0","","1.0","1421.0","1","N","Y","N","0","","0","0","0","","2","Y","","2","0","1","0","0","0","6","2","0","2","","","","N","","","","","","","","","",""
"2020047711","1528","0","0","0","0","0","0","0","0","0","4","0","","67","6","2020","4","40.010232","-75.098089","1528","6","0","0","0","0","0","2","0","0","","0","0","0","","","1","","1","","40 00:36.834","4","0","75 05:53.119","2","0","1","1","67301","0","0","0","N","0","0","0","2","67301","0","","1.0","1712.0","1","N","N","N","0","","0","1","1","","2","N","","2","1","0","0","0","0","0","2","0","2","","","","N","","","","","","","","","",""
"2020047858","1955","0","0","0","0","0","0","0","0","0","8","0","","67","6","2020","7","39.992706","-75.117533","1953","6","0","0","0","0","0","0","0","0","","0","0","0","","","1","N","0","","39 59:33.740","3","0","75 07:03.120","8","0","0","0","67301","1","0","0","N","1","0","0","2","67301","0","","1.0","100.0","1","N","N","N","0","","0","0","1","","0","Y","","2","1","0","0","0","1","1","2","0","1","","03","","N","","","","","","","","","",""
"2020048410","1315","0","0","0","0","0","0","0","0","0","4","0","","67","6","2020","5","39.956786","-75.138583","1305","6","0","0","0","0","0","1","0","0","","0","0","0","","","1","","1","","39 57:24.429","","0","75 08:18.900","3","0","0","0","67301","0","0","0","N","0","0","0","2","67301","0","","1.0","","1","N","N","N","0","","1","0","2","","2","","","2","1","2","0","0","0","0","2","0","2","","03","","N","","","","","","","","","",""
"2020050512","1541","1","0","0","0","0","0","0","0","0","1","0","","67","6","2020","6","40.008755","-75.204763","1530","6","0","0","0","0","0","0","0","0","","0","0","0","","","0","N","0","","40 00:31.519","","0","75 12:17.147","9","0","0","0","67301","0","0","0","N","0","0","0","2","68K01","0","","1.0","","1","N","N","N","0","","0","0","0","","0","","","2","0","0","0","0","0","1","2","0","2","","","","N","","","","","","","","","",""
"2020045846","1650","1","0","0","0","0","0","0","0","0","4","0","","67","6","2020","7","39.918098","-75.180885","1645","6","0","0","0","0","0","1","0","0","","0","0","0","","","1","","1","","39 55:05.152","","0","75 10:51.186","3","0","0","0","67301","0","0","0","N","0","0","0","6","67301","0","","1.0","","1","N","N","Y","0","","1","0","1","","2","","","2","1","6","0","0","0","0","2","0","2","","03","","N","","","","","","","","","",""
"2020090742","2115","2","0","0","0","0","0","0","0","0","1","0","","67","10","2020","1","39.958734","-75.140683","2114","6","0","0","0","0","0","0","0","0","","0","0","0","","","1","N","3","","39 57:31.441","4","2","75 08:26.459","3","0","0","0","67301","0","0","0","Y","0","0","0","3","68K01","0","","4.0","2130.0","9","N","N","N","0","","1","0","0","","0","N","","2","1","0","0","0","0","1","2","0","2","","","","N","","","","","","","","","",""
"2020087186","1428","1","0","0","0","0","0","0","0","0","8","0","","67","10","2020","1","40.01194","-75.150655","1421","6","0","0","0","0","0","0","0","0","","0","0","0","","","1","N","0","","40 00:42.983","2","0","75 09:02.358","8","0","0","0","67301","1","0","0","N","1","0","0","3","67301","0","","1.0","1617.0","1","N","N","N","0","","0","0","0","","2","Y","","2","1","0","0","0","1","0","2","0","1","","03","","N","","","","","","","","","",""
"2020048415","0405","1","0","0","0","0","0","0","0","0","4","0","","67","6","2020","7","39.923927","-75.222089","0334","6","0","0","0","0","0","1","0","0","","0","0","0","","","2","","1","","39 55:26.137","","0","75 13:19.522","3","0","0","0","67301","0","0","0","N","0","0","0","3","67301","0","","1.0","","1","N","N","N","0","","2","0","1","","2","","","2","2","0","0","0","0","0","2","0","2","","03","","N","","","","","","","","","",""
"2020091347","2056","1","0","0","0","0","0","0","0","0","5","0","","67","10","2020","4","40.080121","-75.029218","2055","6","0","0","1","0","0","1","0","0","","0","0","0","","","0","N","0","","40 04:48.435","","0","75 01:45.184","0","0","0","0","67301","0","0","0","N","0","0","0","2","67301","0","","1.0","","1","N","N","N","0","","0","0","1","","9","","","2","0","0","0","0","0","0","2","0","2","","03","","N","","","","","","","","","",""
"2020047907","0035","4","0","0","0","0","0","0","0","0","5","0","","67","6","2020","5","40.043958","-75.070006","0018","6","0","0","0","0","0","0","0","0","","0","0","0","","","0","N","0","","40 02:38.250","1","0","75 04:12.020","0","0","0","0","67301","0","0","0","N","0","0","0","1","67301","0","","6.0","200.0","1","N","N","N","0","","0","0","1","","0","N","","5","0","0","0","0","0","0","2","0","5","","03","","N","","","","","","","","","",""
"2020048411","1539","0","0","0","0","0","0","0","0","0","7","0","","67","6","2020","7","40.118166","-75.018502","1533","6","0","0","0","0","0","0","0","0","","0","0","0","","","0","N","0","","40 07:05.398","","0","75 01:06.606","0","0","0","0","67301","0","0","0","N","0","0","0","2","67301","0","","4.0","","1","N","N","N","1","","0","0","1","","0","","","2","0","0","0","0","0","0","2","0","2","","04","","N","","","","","","","","","",""
"2020045730","0912","1","0","0","0","0","0","0","0","0","6","0","","67","6","2020","4","40.004239","-75.07734","0904","6","0","0","0","0","0","0","0","0","","0","0","0","","","1","","1","","40 00:15.259","","0","75 04:38.425","8","0","0","0","67301","0","0","0","N","0","0","0","3","67301","0","","1.0","","1","N","N","N","0","","0","0","1","","2","","","3","1","0","0","0","1","0","2","0","2","","03","","N","","","","","","","","","",""
"2020091623","0655","1","0","0","0","0","0","0","0","0","1","0","","67","10","2020","3","40.008723","-75.204647","0644","6","0","0","0","0","0","1","0","0","","0","0","0","","","0","N","0","","40 00:31.404","3","0","75 12:16.730","0","0","0","0","67301","0","0","0","N","0","0","0","2","68K01","0","","1.0","745.0","9","N","N","N","1","","0","0","0","","0","N","","2","0","0","0","0","0","0","2","0","2","","","","N","","","","","","","","","",""
"2020047161","1841","1","0","0","0","0","0","0","0","0","7","0","","67","6","2020","2","39.917334","-75.147532","1839","6","0","0","0","0","0","1","0","0","","0","0","0","","","1","N","0","","39 55:02.401","1","0","75 08:51.114","4","0","0","0","67301","0","0","0","N","0","0","0","3","68K01","1","","2.0","20.0","1","N","N","N","0","","0","0","0","","0","N","","2","1","0","0","0","0","0","2","1","2","","03","","N","","","","","","","","","",""
"2020087338","1942","1","0","0","0","0","0","0","0","0","4","0","","67","10","2020","2","39.996589","-75.090993","1939","6","0","1","0","0","0","0","0","0","","1","0","0","","","2","N","0","","39 59:47.720","2","7","75 05:27.575","1","1","0","1","67301","0","0","0","N","0","0","0","3","67301","0","2","1.0","1159.0","1","N","N","N","0","0","2","0","0","","0","Y","","2","2","0","0","0","0","0","2","0","2","","03","","N","","","","","","","","","",""
"2020047783","1428","1","0","0","0","0","0","0","0","0","7","0","","67","6","2020","4","39.910774","-75.151913","1407","6","0","0","0","0","0","0","0","0","","0","0","0","","","0","N","0","","39 54:38.785","1","8","75 09:06.885","0","0","0","0","67301","0","0","0","N","0","0","0","1","68K01","0","","2.0","100.0","1","N","N","N","0","","0","0","0","","0","N","","1","0","0","0","0","0","0","2","0","1","","","","N","","","","","","","","","",""
"2020089846","2358","1","0","0","0","0","0","0","0","0","5","0","","67","10","2020","7","39.886897","-75.242442","2330","6","0","0","0","0","0","0","0","0","","0","0","0","","","1","N","0","","39 53:12.829","","0","75 14:32.792","8","0","0","0","67301","0","0","0","N","0","0","0","2","68K01","0","","1.0","","1","N","N","N","0","","0","0","1","","0","","","2","1","0","0","0","1","0","2","0","2","","03","","N","","","","","","","","","",""
"2020089848","1055","1","0","0","0","0","0","0","0","0","1","0","","67","10","2020","1","39.947088","-75.142279","1053","6","0","0","0","0","1","0","0","0","","0","0","0","","","4","N","0","","39 56:49.518","","0","75 08:32.204","4","0","0","0","67301","0","0","0","N","0","0","0","4","68K01","4","","1.0","","1","N","N","N","0","","0","0","1","","0","","","2","4","0","0","0","0","0","2","0","2","","","","N","","","","","","","","","",""
"2020045495","2242","1","0","0","0","0","0","0","0","0","4","0","","67","6","2020","3","40.047169","-75.031772","2242","6","0","0","0","0","0","0","0","0","","0","0","0","","","0","N","0","","40 02:49.809","","0","75 01:54.380","0","0","0","0","67301","0","0","0","N","0","0","0","2","67301","0","","1.0","","1","N","N","N","0","","0","0","1","","0","","","2","0","1","0","0","0","0","2","0","2","","03","","N","","","","","","","","","",""
"2020087007","0818","2","0","0","0","0","0","0","0","0","6","1","","67","10","2020","1","40.036043","-75.121258","0802","6","0","0","0","0","0","0","0","0","","0","1","0","","","1","N","0","","40 02:09.756","","0","75 07:16.530","8","0","0","0","67301","0","0","0","N","0","0","0","1","67301","0","","6.0","","1","N","N","N","0","","0","0","1","","0","","","4","1","0","0","0","1","0","2","0","4","","03","","N","","","","","","","","","",""
"2020045045","0227","1","0","0","0","0","0","0","0","0","7","0","","67","6","2020","6","39.940703","-75.143117","0227","6","0","0","0","0","0","0","0","0","","0","0","0","","","1","N","0","","39 56:26.531","","0","75 08:35.222","8","0","0","0","67301","0","0","0","N","0","0","0","2","68K01","0","","2.0","","9","N","N","N","0","","0","0","0","","0","","","1","1","0","0","0","1","0","2","0","1","","","","N","","","","","","","","","",""
"2020045429","2232","2","0","0","0","0","0","0","0","0","5","0","","67","6","2020","3","39.96449","-75.204486","2232","6","0","0","0","0","0","0","0","0","","0","0","0","","","2","N","0","","39 57:52.163","3","0","75 12:16.149","3","0","0","0","67301","0","0","0","N","0","0","0","3","67301","0","","1.0","2350.0","1","N","N","N","0","","2","0","1","","0","Y","","3","2","0","0","0","0","0","2","0","3","","","","N","","","","","","","","","",""
"2020047830","1407","2","0","0","0","0","0","0","0","0","1","0","","67","6","2020","5","39.959671","-75.247404","1406","6","0","0","1","0","0","0","0","0","","0","0","0","","","2","","2","","39 57:34.816","","0","75 14:50.653","3","0","0","0","67301","0","0","0","N","0","0","0","2","67301","0","","1.0","","1","N","N","N","0","","2","0","0","","1","","","2","2","0","0","0","0","0","2","0","2","","","","N","","","","","","","","","",""
"2020046366","0052","2","0","0","0","0","0","0","0","0","1","0","","67","6","2020","7","39.986747","-75.207556","0052","6","0","0","0","0","0","0","0","0","","0","0","0","","","0","","1","","39 59:12.288","","2","75 12:27.201","0","0","0","0","67301","0","0","0","N","0","0","0","3","67301","0","","1.0","","1","N","N","N","0","","0","0","0","","2","","","2","0","0","0","0","0","0","2","0","2","","03","","N","","","","","","","","","",""
"2020050527","1520","1","0","0","0","0","0","0","0","0","7","0","","67","6","2020","1","39.966694","-75.187444","1520","6","0","0","0","1","0","0","0","0","","0","0","0","","","0","N","0","","39 58:00.100","4","0","75 11:14.797","0","0","0","0","67301","0","0","0","N","0","0","0","1","68K01","0","","3.0","1525.0","1","N","N","N","0","","0","0","0","","0","N","","1","0","1","0","0","0","0","2","0","1","","03","","N","","","","","","","","","",""
"2020045847","0940","0","0","0","0","0","0","0","0","0","4","0","","67","6","2020","4","40.080757","-75.028601","0935","6","0","0","0","0","0","0","0","0","","0","0","0","","","1","","1","","40 04:50.725","","0","75 01:42.964","8","0","0","0","67301","0","0","0","N","0","0","0","2","67301","0","","1.0","","1","N","N","N","0","","0","0","2","","2","","","2","1","0","0","0","1","0","2","0","2","","03","","N","","","","","","","","","",""
"2020047304","0848","0","0","0","0","0","0","0","0","0","4","0","","67","6","2020","7","40.029898","-75.087801","0848","6","0","0","0","0","0","2","0","0","","0","0","0","","","2","","1","","40 01:47.633","","0","75 05:16.085","8","0","0","0","67301","0","0","0","N","0","0","0","3","67301","0","","1.0","","1","N","N","N","1","","0","0","2","","2","","","3","2","0","0","0","2","0","2","0","3","","03","","N","","","","","","","","","",""
"2020045273","1711","1","0","0","0","0","0","0","0","0","4","0","","67","6","2020","1","40.011639","-75.163137","1707","6","0","0","0","0","0","0","0","0","","0","0","0","","","1","N","0","","40 00:41.900","3","0","75 09:47.293","3","0","0","0","67301","0","0","0","N","0","0","0","2","67301","0","","1.0","1750.0","1","N","N","N","0","","1","0","1","","0","Y","","2","1","0","0","0","0","0","2","0","2","","","","N","","","","","","","","","",""
"2020047309","2158","2","0","0","0","0","0","0","0","0","4","0","","67","6","2020","3","39.958951","-75.228949","2158","6","0","0","0","0","0","0","0","0","","0","0","0","","","3","","1","","39 57:32.225","","0","75 13:44.216","3","0","0","0","67301","0","0","0","N","0","0","0","3","67301","1","","1.0","","1","N","N","N","0","","2","0","1","","2","","","3","3","0","0","0","0","0","2","0","3","","03","","N","","","","","","","","","",""
"2020048713","1050","2","0","0","0","0","0","0","0","0","1","0","","67","6","2020","7","40.053713","-75.231151","1045","6","0","0","0","0","0","2","0","0","","0","0","0","","","1","","1","","40 03:13.366","2","0","75 13:52.143","3","0","0","0","67301","0","0","0","N","0","0","0","2","67301","0","","1.0","1100.0","1","N","N","N","0","","1","0","0","","2","N","","2","1","1","0","0","0","0","2","0","2","","03","","N","","","","","","","","","",""
"2020081456","1356","1","0","0","0","0","0","0","0","0","4","0","","67","10","2020","5","40.027072","-75.115585","1356","6","0","0","0","0","0","0","0","0","","0","0","0","","","0","","2","","40 01:37.459","","0","75 06:56.105","9","0","0","0","67301","0","0","0","N","0","0","0","3","67301","0","","1.0","","1","N","N","N","0","","0","0","1","","3","","","2","0","0","0","0","0","2","2","0","2","","","","N","","","","","","","","","",""
"2020092362","2210","0","0","0","0","0","0","0","0","0","4","0","","67","10","2020","7","39.979204","-75.161904","2204","6","0","0","0","0","0","0","0","0","","0","0","0","","","1","","1","","39 58:45.135","","0","75 09:42.854","3","0","0","0","67301","0","0","0","N","0","0","0","2","67301","0","","1.0","","1","N","N","N","0","","1","0","1","","3","","","2","1","0","0","0","0","0","2","0","2","","03","","N","","","","","","","","","",""
"2020092312","2300","1","0","0","0","0","0","0","0","0","1","0","","67","10","2020","7","39.905033","-75.195256","2300","6","0","0","0","0","1","0","0","0","","0","0","0","","","1","N","0","","39 54:18.119","","0","75 11:42.922","3","0","0","0","67301","0","0","0","N","0","0","0","1","67301","0","","1.0","","1","N","N","N","0","","1","0","1","","0","","","2","1","0","0","0","0","0","2","0","2","","03","","N","","","","","","","","","",""
"2020093221","0135","3","0","0","0","0","0","0","0","0","4","0","","67","10","2020","7","39.976708","-75.227985","0130","6","0","0","0","0","0","0","0","0","","0","0","0","","","0","","2","","39 58:36.148","","0","75 13:40.745","0","0","0","0","67301","0","0","0","N","0","0","0","1","67301","0","","1.0","","1","N","N","N","1","","0","0","0","","3","","","4","0","0","0","0","0","0","2","0","4","","","","N","","","","","","","","","",""
"2020044501","1700","2","0","0","0","0","0","0","0","0","5","0","","67","6","2020","6","39.923567","-75.239428","1654","6","0","0","0","0","0","1","0","0","","0","0","0","","","0","N","0","","39 55:24.840","","0","75 14:21.940","0","0","0","0","67301","0","0","0","N","0","0","0","1","67301","0","","6.0","","1","N","N","N","0","","0","0","0","","0","","","3","0","0","0","0","0","0","2","1","3","","03","","N","","","","","","","","","",""
"2020045848","0300","0","0","0","0","0","0","0","0","0","1","0","","67","6","2020","5","40.036672","-75.173856","0251","6","0","0","0","0","0","0","0","0","","0","0","0","","","0","","2","","40 02:12.019","4","0","75 10:25.881","0","0","0","0","67301","0","0","0","N","0","0","0","2","67301","0","","1.0","1530.0","99","N","N","N","1","","0","0","1","","2","N","","2","0","0","0","0","0","0","2","0","2","","03","","N","","","","","","","","","",""
"2020090648","0930","2","0","0","0","0","0","0","0","0","4","0","","67","10","2020","3","39.99366","-75.152398","0920","6","0","0","0","0","0","0","1","0","","0","0","0","","","2","","1","","39 59:37.177","","0","75 09:08.634","3","0","0","0","67301","0","0","0","N","0","0","0","3","67301","0","","1.0","","9","N","N","Y","0","","2","0","1","","2","","","3","2","0","0","0","0","0","2","0","3","","03","","N","","","","","","","","","",""
"2020112329","2215","2","0","0","0","0","0","0","0","0","4","0","","67","12","2020","4","39.917183","-75.246303","2206","6","0","0","0","0","0","0","0","0","","0","0","0","","","0","N","1","","39 55:01.859","","0","75 14:46.691","9","0","0","0","67301","0","0","0","N","0","0","0","5","67301","0","","1.0","","1","N","N","N","0","","0","0","0","","2","","","2","0","0","0","0","0","5","2","0","2","","03","","N","","","","","","","","","",""
"2020081347","1125","2","0","0","0","0","0","0","0","0","4","0","","67","9","2020","3","39.95825","-75.16725","1125","6","0","0","0","0","0","0","0","0","","0","0","0","","","3","","1","","39 57:29.700","","3","75 10:02.100","4","0","0","0","67301","0","0","0","N","0","0","0","4","67301","2","","1.0","","1","N","N","N","0","","0","0","0","","2","","","2","3","0","0","0","1","0","2","0","2","","04","","N","","","","","","","","","",""
"2020092714","1927","1","0","0","0","0","0","0","0","0","4","0","","67","10","2020","7","40.007976","-75.073756","1924","6","0","0","0","0","0","0","0","0","","0","0","0","","","7","","1","","40 00:28.712","5","0","75 04:25.521","3","0","0","0","67301","0","0","0","N","0","0","0","7","67301","6","","1.0","100.0","1","N","N","N","0","","1","0","1","","0","Y","","2","7","0","0","0","0","0","2","0","2","","","","N","","","","","","","","","",""
"2020081927","1210","1","0","0","0","0","0","0","0","0","4","0","","67","9","2020","3","39.963411","-75.197391","1200","6","0","0","0","0","0","0","0","1","","0","0","0","","","2","","1","","39 57:48.280","","0","75 11:50.607","3","0","0","0","67301","0","0","0","N","0","0","0","3","67301","0","","1.0","","1","N","N","N","0","","2","0","1","","3","","","2","2","0","0","0","0","0","2","0","2","","04","","N","","","","","","","","","",""
"2020046369","1530","1","0","0","0","0","0","0","0","0","4","0","","67","6","2020","6","40.015043","-75.135168","1515","6","0","0","0","0","0","0","0","0","","0","0","0","","","0","","1","","40 00:54.154","","6","75 08:06.604","0","0","0","0","67301","0","0","0","N","0","0","0","4","67301","0","","1.0","","1","N","N","N","0","","0","0","1","","2","","","2","0","0","0","0","0","0","2","0","2","","03","","N","","","","","","","","","",""
"2020046981","0242","1","0","0","0","0","0","0","0","0","7","0","","67","6","2020","1","40.002089","-75.078284","0234","6","0","0","0","0","0","0","0","0","","0","0","0","","","0","N","0","","40 00:07.519","1","0","75 04:41.824","0","0","0","0","67301","0","0","0","N","0","0","0","1","68K01","0","","2.0","300.0","1","N","N","N","0","","0","0","0","","0","N","","1","0","0","0","0","0","0","2","0","1","","","","N","","","","","","","","","",""
"2020047391","1933","0","0","0","1","0","0","0","0","0","8","0","","67","6","2020","3","40.043444","-75.123759","1933","6","0","0","0","0","0","0","0","0","","0","0","0","","","1","","1","","40 02:36.398","","0","75 07:25.532","4","0","0","0","67301","1","0","0","N","0","0","0","2","67301","1","","1.0","","1","N","N","N","0","","0","0","1","","2","","","2","1","0","0","0","0","0","2","0","1","","03","","N","","","","","","","","","",""
"2020048414","1712","2","0","0","0","0","0","0","0","0","4","0","","67","6","2020","2","39.916561","-75.245776","1712","6","0","0","0","0","0","2","0","0","","0","0","0","","","0","","2","","39 54:59.618","1","0","75 14:44.793","0","0","0","0","67301","0","0","0","N","0","0","0","2","67301","0","","1.0","1705.0","1","N","N","Y","0","","0","0","0","","3","N","","2","0","0","0","0","0","0","2","0","2","","03","","N","","","","","","","","","",""
"2020085085","0348","0","0","0","0","0","0","0","0","0","7","0","","67","9","2020","4","39.941423","-75.14306","0348","6","0","0","0","0","0","0","0","0","","0","0","0","","","1","N","0","","39 56:29.123","","0","75 08:35.017","3","0","0","0","67301","0","0","0","N","0","0","0","1","68K01","0","","2.0","","9","N","N","N","0","","1","0","1","","0","","","1","1","0","0","0","0","0","2","0","1","","","","N","","","","","","","","","",""
"2020082330","1845","0","0","0","1","0","0","0","0","0","8","0","","67","10","2020","7","39.946653","-75.161022","1841","6","0","0","0","0","0","0","0","1","","0","0","0","","","1","Y","0","","39 56:47.950","","0","75 09:39.680","3","0","0","0","67301","1","0","0","N","0","0","0","2","67301","0","","1.0","","1","N","N","N","1","","1","0","0","","2","","","2","1","1","0","0","0","0","2","0","1","","03","","N","","","","","","","","","",""
"2020089174","2347","1","0","0","0","0","0","0","0","0","1","0","","67","10","2020","6","39.955906","-75.191449","2344","6","0","0","0","0","0","0","0","0","","0","0","0","","","0","","1","","39 57:21.261","","0","75 11:29.218","0","0","0","0","67301","0","0","0","N","0","0","0","3","67507","0","","1.0","","1","N","N","N","0","","0","0","1","","2","","","2","0","0","0","0","0","0","2","0","2","","","","N","","","","","","","","","",""
"2020097418","0238","1","0","0","0","0","0","0","0","0","7","0","","67","10","2020","6","39.956939","-75.154797","0238","6","0","0","0","0","0","0","0","0","","0","0","0","","","0","N","0","","39 57:24.982","4","0","75 09:17.270","0","0","0","0","67301","0","0","0","N","0","0","0","1","68K01","0","","4.0","238.0","9","N","N","N","0","","0","0","0","","0","N","","1","0","0","0","0","0","0","2","0","1","","","","N","","","","","","","","","",""
"2020092340","2300","1","0","0","0","0","0","0","0","0","5","0","","67","10","2020","7","40.070811","-75.154903","2300","6","0","0","0","0","0","0","0","0","","0","0","0","","","0","N","0","","40 04:14.918","","0","75 09:17.652","9","0","0","0","67301","0","0","0","N","0","0","0","1","67301","0","","6.0","","1","N","N","N","0","","0","0","1","","0","","","2","0","1","0","0","0","1","2","0","2","","","","N","","","","","","","","","",""
"2020081633","0122","1","0","0","0","0","0","0","0","0","1","0","","67","10","2020","7","40.032863","-75.106604","0119","6","0","0","0","0","0","0","0","0","","0","0","0","","","0","N","0","","40 01:58.308","","0","75 06:23.773","0","0","0","0","67301","0","0","0","N","0","0","0","1","67301","0","","1.0","","1","N","N","N","0","","0","0","1","","0","","","2","0","1","0","0","0","0","2","0","2","","03","","N","","","","","","","","","",""
"2020098359","0932","0","0","0","0","0","0","0","0","0","8","0","","67","11","2020","2","39.961185","-75.24707","0931","6","0","0","0","0","0","0","0","0","","0","0","0","","","1","","2","","39 57:40.266","4","0","75 14:49.451","2","0","0","0","67301","1","0","1","N","1","0","1","2","67301","0","","1.0","940.0","1","N","N","N","0","","0","1","1","","2","Y","","2","1","0","0","0","0","0","2","0","1","","03","","N","","","","","","","","","",""
"2020093922","0020","0","0","0","0","0","0","0","0","0","4","0","","67","10","2020","7","39.946472","-75.237306","0020","6","0","0","0","0","0","0","0","0","","0","0","0","","","0","","2","","39 56:47.300","","0","75 14:14.300","0","0","0","0","67301","0","0","0","N","0","0","0","2","67301","0","","1.0","","1","N","N","N","0","","0","0","1","","2","","","2","0","0","0","0","0","0","2","0","2","","","","N","","","","","","","","","",""
"2020047912","1141","1","0","0","0","0","0","0","0","0","8","0","","67","6","2020","5","39.997308","-75.111942","1141","6","0","0","0","0","0","0","0","0","","0","0","0","","","1","N","0","","39 59:50.310","","0","75 06:42.990","3","0","0","0","67301","1","0","0","N","1","0","0","2","67301","0","","1.0","","9","N","N","N","0","","1","0","0","","0","","","2","1","0","0","0","0","0","2","0","1","","04","","N","","","","","","","","","",""
"2020083270","0218","0","0","0","0","0","0","0","0","0","7","0","45","67","9","2020","4","40.011118","-75.06141","0211","6","0","0","0","0","0","1","0","0","","0","0","0","","","1","N","0","","40 00:40.026","1","0","75 03:41.077","8","0","0","0","67301","0","0","0","N","0","0","0","1","68K01","0","","4.0","240.0","9","N","N","N","0","","0","0","1","","0","N","","1","1","0","0","0","1","0","2","0","1","","07","N","Y","4","1","","","N","","","","Y","N"