"CRN","ARRIVAL_TM","AUTOMOBILE_COUNT","BELTED_DEATH_COUNT","BELTED_SUSP_SERIOUS_INJ_COUNT","BICYCLE_COUNT","BICYCLE_DEATH_COUNT","BICYCLE_SUSP_SERIOUS_INJ_COUNT","BUS_COUNT","CHLDPAS_DEATH_COUNT","CHLDPAS_SUSP_SERIOUS_INJ_COUNT","COLLISION_TYPE","COMM_VEH_COUNT","CONS_ZONE_SPD_LIM","COUNTY","CRASH_MONTH","CRASH_YEAR","DAY_OF_WEEK","DEC_LATITUDE","DEC_LONGITUDE","DISPATCH_TM","DISTRICT","DRIVER_COUNT_16YR","DRIVER_COUNT_17YR","DRIVER_COUNT_18YR","DRIVER_COUNT_19YR","DRIVER_COUNT_20YR","DRIVER_COUNT_50_64YR","DRIVER_COUNT_65_74YR","DRIVER_COUNT_75PLUS","EST_HRS_CLOSED","FATAL_COUNT","HEAVY_TRUCK_COUNT","HORSE_BUGGY_COUNT","HOUR_OF_DAY","ILLUMINATION","INJURY_COUNT","INTERSECTION_RELATED","INTERSECT_TYPE","LANE_CLOSED","LATITUDE","LN_CLOSE_DIR","LOCATION_TYPE","LONGITUDE","MAX_SEVERITY_LEVEL","MCYCLE_DEATH_COUNT","MCYCLE_SUSP_SERIOUS_INJ_COUNT","MOTORCYCLE_COUNT","MUNICIPALITY","NONMOTR_COUNT","NONMOTR_DEATH_COUNT","NONMOTR_SUSP_SERIOUS_INJ_COUNT","NTFY_HIWY_MAINT","PED_COUNT","PED_DEATH_COUNT","PED_SUSP_SERIOUS_INJ_COUNT","PERSON_COUNT","POLICE_AGCY","POSSIBLE_INJ_COUNT","RDWY_SURF_TYPE_CD","RELATION_TO_ROAD","ROADWAY_CLEARED","ROAD_CONDITION","SCH_BUS_IND","SCH_ZONE_IND","SECONDARY_CRASH","SMALL_TRUCK_COUNT","SPEC_JURIS_CD","SUSP_MINOR_INJ_COUNT","SUSP_SERIOUS_INJ_COUNT","SUV_COUNT","TCD_FUNC_CD","TCD_TYPE","TFC_DETOUR_IND","TIME_OF_DAY","TOTAL_UNITS","TOT_INJ_COUNT","UNBELTED_OCC_COUNT","UNB_DEATH_COUNT","UNB_SUSP_SERIOUS_INJ_COUNT","UNK_INJ_DEG_COUNT","UNK_INJ_PER_COUNT","URBAN_RURAL","VAN_COUNT","VEHICLE_COUNT","WEATHER1","WEATHER2","WORKERS_PRES","WORK_ZONE_IND","WORK_ZONE_LOC","WORK_ZONE_TYPE","WZ_CLOSE_DETOUR","WZ_FLAGGER","WZ_LAW_OFFCR_IND","WZ_LN_CLOSURE","WZ_MOVING","WZ_OTHER","WZ_SHLDER_MDN","WZ_WORKERS_INJ_KILLED"
"2020089000","1730","1","0","0","0","0","0","0","0","0","8","1","","67","10","2020","3","40.044486","-75.161133","1724","6","0","0","0","0","0","0","0","0","","0","1","0","","","1","N","0","","40 02:40.150","","0","75 09:40.080","8","0","0","0","67301","1","0","0","N","1","0","0","3","67301","0","","1.0","","1","N","N","N","0","","0","0","0","","0","","","3","1","0","0","0","1","0","2","0","2","","03","","N","","","","","","","","","",""
"2020083344","2343","2","0","0","0","0","0","0","0","0","4","0","","67","9","2020","4","39.97755","-75.210917","2343","6","0","0","0","0","0","0","0","0","","0","0","0","","","2","","1","","39 58:39.180","","0","75 12:39.300","4","0","0","0","67301","0","0","0","N","0","0","0","3","67301","2","","1.0","","99","N","N","N","0","","0","0","0","","0","","","2","2","0","0","0","0","1","2","0","2","","","","N","","","","","","","","","",""
"2020081746","2332","2","0","0","0","0","0","0","0","0","7","0","","67","10","2020","6","40.018372","-75.16858","2312","6","0","0","0","0","0","0","0","0","","0","0","0","","","0","N","0","","40 01:06.140","2","0","75 10:06.889","0","0","0","0","67301","0","0","0","N","0","0","0","2","67301","0","","3.0","30.0","1","N","N","N","0","","0","0","0","","0","Y","","4","0","0","0","0","0","0","2","0","2","","03","","N","","","","","","","","","",""
"2020089879","1317","1","0","0","0","0","0","0","0","0","4","0","","67","10","2020","2","40.080992","-75.028769","1315","6","0","0","0","0","0","0","0","0","","0","0","0","","","2","","1","","40 04:51.570","","0","75 01:43.570","3","0","0","0","67301","0","0","0","N","0","0","0","2","67301","0","","1.0","","9","N","N","N","0","","2","0","1","","2","","","2","2","0","0","0","0","0","2","0","2","","07","","N","","","","","","","","","",""
"2020046811","0111","0","0","0","0","0","0","0","0","0","7","0","","67","6","2020","1","40.040528","-75.059194","0057","6","0","0","0","0","0","0","0","0","","0","0","0","","","2","","1","","40 02:25.900","2","0","75 03:33.100","4","0","0","0","67301","0","0","0","N","0","0","0","2","67301","2","","4.0","240.0","1","N","N","N","0","","0","0","1","","2","Y","","2","2","0","0","0","0","0","2","0","1","","03","","N","","","","","","","","","",""
"2020044534","1007","1","0","0","0","0","0","0","0","0","7","0","","67","6","2020","1","39.975083","-75.152278","1007","6","0","0","0","0","0","0","0","0","","0","0","0","","","0","N","0","","39 58:30.300","","0","75 09:08.200","0","0","0","0","67301","0","0","0","N","0","0","0","1","67301","0","","4.0","","1","N","N","N","0","","0","0","1","","0","","","2","0","1","0","0","0","0","2","0","2","","03","","N","","","","","","","","","",""
"2020092380","1248","2","0","0","0","0","0","0","0","0","4","0","","67","10","2020","4","40.012889","-75.183683","1246","6","0","0","0","0","0","0","0","0","","0","0","0","","","2","N","0","","40 00:46.399","","7","75 11:01.260","3","0","0","0","67301","0","0","0","N","0","0","0","3","67301","0","","1.0","","1","N","N","N","0","","1","0","0","","2","","","2","2","0","0","0","1","0","2","0","2","","","","N","","","","","","","","","",""
"2020092348","0945","1","0","0","0","0","0","0","0","0","4","0","","67","10","2020","2","39.959689","-75.228779","0902","6","0","0","0","0","0","0","0","0","","0","0","0","","","0","","1","","39 57:34.880","4","0","75 13:43.604","0","0","0","0","67301","0","0","0","N","0","0","0","2","67301","0","","1.0","1030.0","9","N","N","N","0","","0","0","2","","3","Y","","3","0","0","0","0","0","0","2","0","3","","07","","N","","","","","","","","","",""
"2020083271","0424","1","0","0","0","0","0","0","0","0","7","0","","67","9","2020","4","39.984257","-75.208338","0421","6","0","0","0","0","0","0","0","0","","0","0","0","","","1","N","0","","39 59:03.326","3","0","75 12:30.016","3","0","0","0","67301","0","0","0","N","0","0","0","1","68K01","0","","3.0","20.0","9","N","N","N","0","","1","0","0","","0","N","","1","1","0","0","0","0","0","2","0","1","","07","","N","","","","","","","","","",""
"2020092967","0704","2","0","0","0","0","0","0","0","0","4","0","","67","11","2020","3","40.017439","-75.172212","0701","6","0","0","0","0","0","0","0","0","","0","0","0","","","1","","2","","40 01:02.780","","0","75 10:19.963","3","0","0","0","67301","0","0","0","N","0","0","0","3","67301","0","","7.0","","1","N","N","N","0","","1","0","0","","4","","","2","1","0","0","0","0","0","2","0","2","","04","","N","","","","","","","","","",""
"2020092755","2150","2","0","0","0","0","0","0","0","0","5","0","","67","11","2020","2","40.0283","-75.138306","2150","6","0","0","0","0","0","0","0","0","","0","0","0","","","1","N","0","","40 01:41.880","","99","75 08:17.900","3","0","0","0","67301","0","0","0","N","0","0","0","2","67301","0","","2.0","","1","N","N","N","0","","1","0","1","","0","","","4","1","0","0","0","0","0","2","0","4","","03","","N","","","","","","","","","",""
"2020046479","1441","0","0","0","0","0","0","0","0","0","0","0","","67","6","2020","1","39.908389","-75.156278","1441","6","0","0","0","0","0","1","0","0","","0","0","0","","","1","N","0","","39 54:30.200","","2","75 09:22.600","8","0","0","1","67301","0","0","0","N","0","0","0","1","67501","0","","1.0","","1","N","N","N","0","","0","0","0","","0","","","1","1","0","0","0","1","0","2","0","1","","03","","N","","","","","","","","","",""
"2020081924","0700","1","0","0","0","0","0","0","0","0","7","0","","67","10","2020","6","40.027024","-75.093021","0655","6","0","0","0","0","0","1","0","0","","0","0","0","","","2","N","0","","40 01:37.288","","0","75 05:34.875","3","0","0","0","67301","0","0","0","N","0","0","0","2","67301","0","","3.0","","1","N","N","N","0","","2","0","0","","0","","","1","2","0","0","0","0","0","2","0","1","","","","N","","","","","","","","","",""
"2020047787","2343","1","0","0","0","0","0","0","0","0","7","0","45","67","6","2020","4","39.995694","-75.083284","2334","6","0","0","0","0","0","0","0","0","","0","0","0","","","1","N","0","","39 59:44.500","","0","75 04:59.824","3","0","0","0","67301","0","0","0","N","0","0","0","1","68K01","0","","3.0","","1","N","N","N","0","","1","0","0","","0","","","1","1","1","0","0","0","0","2","0","1","","","Y","Y","8","2","N","N","N","N","Y","N","N","N"
"2020083915","1349","1","0","0","0","0","0","0","0","0","5","0","","67","10","2020","1","40.015691","-75.117437","1349","6","0","0","0","0","0","0","0","0","","0","0","0","","","0","N","0","","40 00:56.488","","0","75 07:02.773","0","0","0","0","67301","0","0","0","N","0","0","0","1","67301","0","","6.0","","1","N","N","N","0","","0","0","0","","0","","","2","0","0","0","0","0","0","2","0","2","","03","","N","","","","","","","","","",""
"2020080074","1907","1","0","0","0","0","0","0","0","0","4","0","","67","9","2020","2","40.020912","-75.156276","1907","6","0","0","0","0","0","0","0","0","","0","0","0","","","0","","1","","40 01:15.283","","0","75 09:22.593","9","0","0","0","67301","0","0","0","N","0","0","0","2","67301","0","","1.0","","1","N","N","N","0","","0","0","1","","3","","","2","0","0","0","0","0","1","2","0","2","","","","N","","","","","","","","","",""
"2020096679","1512","7","0","0","0","0","0","0","0","0","5","0","","67","11","2020","5","39.949933","-75.203325","1510","6","0","0","0","0","0","0","1","0","","0","0","0","","","0","N","0","","39 56:59.760","","0","75 12:11.971","0","0","0","0","67301","0","0","0","N","0","0","0","3","67504","0","","1.0","","9","N","N","N","0","","0","0","0","","2","","","7","0","3","0","0","0","0","2","0","7","","04","","N","","","","","","","","","",""
"2020048145","1338","3","0","0","0","0","0","0","0","0","1","0","","67","6","2020","5","39.987542","-75.141453","1335","6","0","0","0","0","0","0","0","0","","0","0","0","","","0","N","0","","39 59:15.150","4","0","75 08:29.230","0","0","0","0","67301","0","0","0","N","0","0","0","2","67301","0","","1.0","1510.0","1","N","N","N","0","","0","0","2","","0","Y","","5","0","0","0","0","0","0","2","0","5","","","","N","","","","","","","","","",""
"2020089573","2057","2","0","0","0","0","0","0","0","0","4","0","","67","10","2020","7","39.952871","-75.212184","2056","6","0","0","0","0","0","0","0","0","","0","0","0","","","1","","1","","39 57:10.335","","0","75 12:43.862","3","0","0","0","67301","0","0","0","N","0","0","0","2","67301","0","","1.0","","1","N","N","N","0","","1","0","0","","2","","","2","1","1","0","0","0","0","2","0","2","","","","N","","","","","","","","","",""
"2020083015","1500","1","0","0","0","0","0","0","0","0","4","0","","67","10","2020","6","39.928041","-75.219284","1430","6","0","0","0","0","0","0","1","0","","0","0","0","","","1","","1","","39 55:40.948","3","0","75 13:09.423","2","0","1","1","67301","0","0","0","N","0","0","0","2","67301","0","","1.0","1730.0","1","N","N","N","0","","0","1","0","","2","N","","2","1","0","0","0","0","0","2","0","2","","03","","N","","","","","","","","","",""
"2020081931","0053","2","0","0","0","0","0","0","0","0","6","0","","67","10","2020","7","39.990694","-75.165917","0049","6","0","0","0","0","0","0","0","0","","0","0","0","","","0","N","0","","39 59:26.500","4","0","75 09:57.300","0","0","0","0","67301","0","0","0","N","0","0","0","1","67301","0","","6.0","145.0","1","N","N","N","0","","0","0","0","","0","Y","","3","0","0","0","0","0","0","2","1","3","","03","","N","","","","","","","","","",""
"2020048418","1341","2","0","0","0","0","0","0","0","0","1","0","","67","6","2020","3","40.027227","-75.147211","1300","6","0","0","0","0","0","0","1","0","","0","0","0","","","0","N","0","","40 01:38.018","","0","75 08:49.959","9","0","0","0","67301","0","0","0","N","0","0","0","3","67301","0","","1.0","","1","N","N","N","0","","0","0","0","","0","","","3","0","1","0","0","0","1","2","0","3","","03","","N","","","","","","","","","",""
"2020047387","1635","0","0","0","0","0","0","0","0","0","4","0","","67","6","2020","3","39.993966","-75.179244","1625","6","0","0","0","0","0","0","0","0","","0","0","0","","","1","","1","","39 59:38.277","7","0","75 10:45.278","8","0","0","1","67301","0","0","0","N","0","0","0","4","67301","0","","1.0","1706.0","1","N","N","N","0","","0","0","1","","3","N","","2","1","0","0","0","1","3","2","0","2","","","","N","","","","","","","","","",""
"2020081925","0430","0","0","0","0","0","0","0","0","0","8","0","","67","10","2020","7","40.047278","-75.059111","0425","6","0","0","0","0","0","1","0","0","","0","0","0","","","1","N","0","","40 02:50.201","","7","75 03:32.800","8","0","0","0","67301","1","0","0","N","1","0","0","2","67301","0","","4.0","","1","N","N","N","0","","0","0","1","","8","","","2","1","0","0","0","1","0","2","0","1","","03","","N","","","","","","","","","",""
"2020090518","1420","1","0","0","0","0","0","0","0","0","4","0","","67","10","2020","3","40.050872","-75.066447","1413","6","0","0","0","1","0","1","0","0","","0","0","0","","","1","N","0","","40 03:03.139","2","7","75 03:59.210","3","0","0","0","67301","0","0","0","N","0","0","0","2","67301","0","","1.0","1430.0","1","N","N","N","0","","1","0","1","","0","N","","2","1","0","0","0","0","0","2","0","2","","03","","N","","","","","","","","","",""
"2020104602","1655","1","0","0","0","0","0","0","0","0","1","0","","67","11","2020","5","39.985744","-75.093391","1646","6","0","0","0","1","0","0","0","0","","0","0","0","","","0","N","0","","39 59:08.678","2","0","75 05:36.207","0","0","0","0","67301","0","0","0","N","0","0","0","6","68K01","0","","1.0","30.0","1","N","N","N","0","","0","0","1","","0","Y","","2","0","0","0","0","0","0","2","0","2","","03","","N","","","","","","","","","",""
"2020090131","1824","0","0","0","0","0","0","0","0","0","4","0","","67","10","2020","2","40.047122","-75.097998","1823","6","0","0","0","1","0","1","0","0","","0","0","0","","","3","","1","","40 02:49.639","","0","75 05:52.794","3","0","0","0","67301","0","0","0","N","0","0","0","3","67301","0","","1.0","","9","N","N","Y","1","","3","0","1","","2","","","2","3","0","0","0","0","0","2","0","2","","07","","N","","","","","","","","","",""
"2020082036","0930","1","0","0","0","0","0","0","0","0","4","0","","67","10","2020","6","39.986524","-75.157896","0923","6","0","0","0","0","0","0","0","0","","0","0","0","","","1","","1","","39 59:11.485","","0","75 09:28.427","4","0","0","0","67301","0","0","0","N","0","0","0","2","67301","1","","1.0","","1","N","N","N","0","","0","0","0","","2","","","2","1","0","0","0","0","0","2","1","2","","03","","N","","","","","","","","","",""
"2020046930","1730","1","0","0","0","0","0","0","0","0","4","0","","67","6","2020","7","39.962374","-75.161469","1725","6","0","0","0","0","0","0","0","0","","0","0","0","","","0","","1","","39 57:44.547","","0","75 09:41.289","0","0","0","0","67301","0","0","0","N","0","0","0","2","67301","0","","1.0","","1","N","N","N","0","","0","0","0","","2","","","2","0","0","0","0","0","0","2","1","2","","","","N","","","","","","","","","",""
"2020047914","0112","1","0","0","0","0","0","0","0","0","4","0","","67","6","2020","6","39.996769","-75.139869","0112","6","0","0","0","0","0","0","0","0","","0","0","0","","","0","","1","","39 59:48.368","4","0","75 08:23.528","0","0","0","0","67301","0","0","0","N","0","0","0","2","67301","0","","1.0","237.0","1","N","N","N","0","","0","0","1","","3","N","","2","0","0","0","0","0","0","2","0","2","","","","N","","","","","","","","","",""
"2020085038","1904","1","0","0","0","0","0","0","0","0","8","0","","67","9","2020","4","39.919778","-75.188472","1901","6","0","0","0","0","0","0","0","0","","0","0","0","","","1","","2","","39 55:11.200","","0","75 11:18.500","3","0","0","0","67301","1","0","0","N","1","0","0","2","67301","0","","1.0","","1","N","N","N","0","","1","0","0","","2","","","2","1","0","0","0","0","0","2","0","1","","03","","N","","","","","","","","","",""
"2020080863","0212","1","0","0","0","0","0","0","0","0","2","0","","67","9","2020","3","40.029225","-75.174558","0100","6","0","0","0","0","0","0","0","0","","0","0","0","","","1","","1","","40 01:45.210","","0","75 10:28.410","3","0","0","0","67301","0","0","0","N","0","0","0","2","67301","0","","1.0","","9","N","N","N","0","","1","0","1","","2","","","2","1","0","0","0","0","0","2","0","2","","","","N","","","","","","","","","",""
"2020048738","0857","1","0","0","0","0","0","0","0","0","4","0","","67","6","2020","2","40.031348","-75.084948","0845","6","0","0","0","0","0","1","0","0","","0","0","0","","","0","","5","","40 01:52.852","1","0","75 05:05.812","0","0","0","0","67301","0","0","0","N","0","0","0","2","67301","0","","1.0","906.0","1","N","N","N","0","","0","0","1","","2","Y","","2","0","0","0","0","0","0","2","0","2","","03","","N","","","","","","","","","",""
"2020083346","2103","2","0","0","0","0","0","0","0","0","4","0","","67","10","2020","1","39.976256","-75.209328","2057","6","0","0","0","0","0","0","0","0","","0","0","0","","","0","","2","","39 58:34.522","","0","75 12:33.581","9","0","0","0","67301","0","0","0","N","0","0","0","2","67301","0","","1.0","","1","N","N","N","0","","0","0","0","","2","","","2","0","0","0","0","0","1","2","0","2","","","","N","","","","","","","","","",""
"2020092372","2233","2","0","0","0","0","0","0","0","0","4","0","","67","10","2020","3","40.037892","-75.139495","2233","6","0","0","0","0","0","0","0","0","","0","0","0","","","2","","1","","40 02:16.411","6","0","75 08:22.183","3","0","0","0","67301","0","0","0","N","0","0","0","3","67301","0","","1.0","1230.0","2","N","N","Y","0","","2","0","1","","2","N","","3","2","1","0","0","0","0","2","0","3","","","","N","","","","","","","","","",""
"2020081100","1130","0","0","0","0","0","0","0","0","0","4","0","","67","9","2020","4","40.054938","-75.155154","1130","6","0","0","0","0","0","0","1","0","","0","0","0","","","0","","1","","40 03:17.776","","0","75 09:18.554","9","0","0","0","67301","0","0","0","N","0","0","0","2","67301","0","","1.0","","1","N","N","N","0","","0","0","2","","3","","","2","0","0","0","0","0","2","2","0","2","","03","","N","","","","","","","","","",""
"2020048295","1306","1","0","0","0","0","0","0","0","0","4","0","","67","6","2020","3","39.91832","-75.208884","1255","6","0","0","0","0","0","2","1","0","","0","0","0","","","0","","2","","39 55:05.953","","0","75 12:31.983","0","0","0","0","67301","0","0","0","N","0","0","0","3","67301","0","","1.0","","1","N","N","N","1","","0","0","1","","2","","","3","0","0","0","0","0","0","2","0","3","","03","","N","","","","","","","","","",""
"2020089457","0047","0","0","0","0","0","0","0","0","0","2","0","","67","10","2020","1","40.047212","-75.142841","0047","6","0","0","0","0","0","0","0","0","","0","0","0","","","0","N","0","","40 02:49.964","","0","75 08:34.229","0","0","0","0","67301","0","0","0","N","0","0","0","0","67301","0","","4.0","","1","N","N","N","1","","0","0","1","","0","","","2","0","0","0","0","0","0","2","0","2","","03","","N","","","","","","","","","",""
"2020081546","1315","3","0","0","0","0","0","0","0","0","4","0","","67","10","2020","5","39.933675","-75.173669","1310","6","0","0","0","0","0","0","0","0","","0","0","0","","","1","","1","","39 56:01.230","","0","75 10:25.210","8","0","0","0","67301","0","0","0","N","0","0","0","2","67301","0","","1.0","","1","N","N","N","0","","0","0","1","","3","","","4","1","0","0","0","1","1","2","0","4","","03","","N","","","","","","","","","",""
"2020090132","0438","1","0","0","0","0","0","0","0","0","4","0","","67","10","2020","1","40.032973","-75.080248","0430","6","0","0","0","0","0","0","0","0","","0","0","0","","","2","","1","","40 01:58.704","2","0","75 04:48.893","3","0","0","0","67301","0","0","0","N","0","0","0","2","67301","0","","1.0","500.0","1","N","N","N","0","","2","0","1","","2","N","","2","2","0","0","0","0","0","2","0","2","","03","","N","","","","","","","","","",""
"2020044810","2111","3","0","0","0","0","0","0","0","0","4","0","","67","6","2020","2","40.028396","-75.12933","2110","6","0","0","0","0","0","0","0","0","","0","0","0","","","0","","1","","40 01:42.225","3","0","75 07:45.587","0","0","0","0","67301","0","0","0","N","0","0","0","2","67301","0","","1.0","2220.0","1","N","N","N","0","","0","0","0","","3","N","","3","0","0","0","0","0","0","2","0","3","","03","","N","","","","","","","","","",""
"2020104029","1812","1","0","0","0","0","0","0","0","0","8","0","","67","12","2020","4","40.015521","-75.063389","1810","6","0","0","0","0","0","0","0","0","","0","0","0","","","1","","1","","40 00:55.877","","0","75 03:48.199","3","0","0","0","67301","1","0","0","N","1","0","0","2","67301","0","","1.0","","1","N","N","N","0","","1","0","0","","2","","","2","1","0","0","0","0","0","2","0","1","","","","N","","","","","","","","","",""
"2020080638","1305","1","0","0","1","0","0","0","0","0","8","0","","67","9","2020","3","39.950314","-75.165787","1250","6","0","0","0","0","0","0","1","0","","0","0","0","","","1","","1","","39 57:01.132","","0","75 09:56.833","3","0","0","0","67301","1","0","0","N","0","0","0","2","67301","0","","1.0","","9","N","N","N","0","","1","0","0","","2","","","2","1","0","0","0","0","0","2","0","1","","03","","N","","","","","","","","","",""
"2020101159","1258","0","0","0","0","0","0","0","0","0","0","0","","67","11","2020","7","39.911328","-75.148469","1253","6","0","0","0","0","0","0","0","0","","0","0","0","","","1","N","0","","39 54:40.779","1","8","75 08:54.489","4","0","0","1","67301","0","0","0","N","0","0","0","1","68K01","1","","2.0","30.0","5","N","N","N","0","","0","0","0","","0","N","","1","1","0","0","0","0","0","2","0","1","","","","N","","","","","","","","","",""
"2020094441","0115","1","0","0","0","0","0","0","0","0","5","0","","67","11","2020","1","39.950383","-75.228928","0105","6","0","0","0","0","0","0","0","0","","0","0","0","","","0","N","0","","39 57:01.380","","0","75 13:44.140","0","0","0","0","67301","0","0","0","N","0","0","0","1","67301","0","","6.0","","1","N","N","N","0","","0","0","0","","0","","","2","0","1","0","0","0","0","2","1","2","","03","","N","","","","","","","","","",""
"2020093923","0437","2","0","0","0","0","0","0","0","0","4","0","","67","11","2020","1","39.917064","-75.234581","0427","6","0","0","0","0","0","0","0","0","","0","0","0","","","1","N","0","","39 55:01.430","","0","75 14:04.490","3","0","0","0","67301","0","0","0","N","0","0","0","1","67301","0","","1.0","","1","N","N","N","0","","1","0","0","","0","","","2","1","0","0","0","0","0","2","0","2","","03","","N","","","","","","","","","",""
"2020081735","2050","0","0","0","0","0","0","0","0","0","7","0","","67","10","2020","6","39.971359","-75.190115","2048","6","0","0","0","0","0","0","0","0","","0","0","0","","","1","N","0","","39 58:16.892","5","0","75 11:24.415","3","0","0","0","67301","0","0","0","N","0","0","0","1","67301","0","","4.0","2136.0","1","N","N","N","0","","1","0","1","","0","Y","","1","1","0","0","0","0","0","2","0","1","","03","","N","","","","","","","","","",""
"2020089081","1142","1","0","0","0","0","0","0","0","0","5","0","","67","10","2020","7","40.019253","-75.046042","1133","6","0","0","0","0","0","1","0","0","","0","0","0","","","1","","6","","40 01:09.310","","2","75 02:45.750","3","0","0","1","67301","0","0","0","N","0","0","0","2","68K01","0","","7.0","","1","N","N","N","0","","1","0","0","","0","","","2","1","0","0","0","0","0","2","0","2","","","","N","","","","","","","","","",""
"2020081969","0049","0","0","0","0","0","0","0","0","0","7","0","","67","9","2020","4","39.981817","-75.207238","0041","6","0","0","0","0","0","0","0","0","","0","0","0","","","0","N","0","","39 58:54.540","","0","75 12:26.058","0","0","0","0","67301","0","0","0","N","0","0","0","2","68K01","0","","3.0","","9","N","N","N","0","","0","0","1","","0","","","1","0","0","0","0","0","0","2","0","1","","07","","N","","","","","","","","","",""
"2020089386","0015","1","0","0","0","0","0","0","0","0","6","0","","67","10","2020","7","40.098475","-74.975389","0012","6","0","0","0","0","0","1","0","0","","0","0","0","","","1","N","0","","40 05:54.510","5","0","74 58:31.400","4","0","0","0","67301","0","0","0","N","0","0","0","2","67301","1","","1.0","30.0","1","N","N","N","1","","0","0","0","","0","Y","","2","1","2","0","0","0","0","2","0","2","","03","","N","","","","","","","","","",""
"2020088996","0037","0","0","0","0","0","0","0","0","0","7","0","","67","10","2020","7","39.893156","-75.224753","0030","6","0","0","0","0","0","0","0","0","","0","0","0","","","2","N","0","","39 53:35.360","","1","75 13:29.110","2","0","0","0","67301","0","0","0","N","0","0","0","3","67301","0","","4.0","","1","N","N","N","0","","0","2","1","","0","","","1","2","0","0","0","0","0","2","0","1","","03","","N","","","","","","","","","",""
"2020094362","0237","0","0","0","0","0","0","0","0","0","5","0","","67","10","2020","1","39.964826","-75.185165","0237","6","0","0","0","0","0","0","0","0","","0","0","0","","","2","N","0","","39 57:53.372","4","0","75 11:06.595","3","0","0","0","67301","0","0","0","N","0","0","0","6","68K01","0","","1.0","330.0","1","N","N","N","0","","2","0","2","","0","N","","3","2","2","0","0","0","1","2","0","3","","03","","N","","","","","","","","","",""
"2020092335","1834","1","0","0","0","0","0","0","0","0","7","0","","67","10","2020","5","39.923927","-75.222089","1824","6","0","0","0","0","0","0","1","0","","0","0","0","","","1","","1","","39 55:26.137","6","0","75 13:19.522","8","0","0","0","67301","0","0","0","N","0","0","0","1","67301","0","","4.0","1945.0","9","N","N","N","0","","0","0","0","","2","N","","1","1","1","0","0","1","0","2","0","1","","07","","N","","","","","","","","","",""
"2020089454","1045","0","0","0","1","0","0","0","0","0","8","0","","67","10","2020","7","40.109653","-74.982328","1039","6","0","0","0","0","0","0","0","0","","0","0","0","","","1","N","0","","40 06:34.750","2","0","74 58:56.380","8","0","0","0","67301","1","0","0","N","0","0","0","2","67301","0","","1.0","1232.0","1","N","N","N","0","","0","0","1","","0","N","","2","1","0","0","0","1","0","2","0","1","","03","","N","","","","","","","","","",""
"2020081548","1950","1","0","0","0","0","0","0","0","0","8","0","","67","9","2020","4","40.053667","-75.141833","1948","6","0","0","0","0","0","0","0","0","","0","0","0","","","1","","5","","40 03:13.200","","0","75 08:30.600","2","0","0","0","67301","1","0","1","N","1","0","1","2","67301","0","","1.0","","99","N","N","N","0","","0","1","0","","2","","","2","1","0","0","0","0","1","2","0","1","","03","","N","","","","","","","","","",""
"2020047556","0010","2","0","0","0","0","0","0","0","0","4","0","","67","6","2020","4","40.022104","-75.055111","0005","6","0","0","0","0","0","0","0","0","","0","0","0","","","0","","2","","40 01:19.575","","0","75 03:18.401","9","0","0","0","67301","0","0","0","N","0","0","0","2","67301","0","","1.0","","1","N","N","N","0","","0","0","2","","3","","","4","0","1","0","0","0","1","2","0","4","","","","N","","","","","","","","","",""
"2020081738","","0","0","0","0","0","0","0","0","0","5","0","","67","10","2020","5","39.924139","-75.227861","0839","6","0","0","0","0","0","0","0","0","","0","0","0","","","1","N","0","","39 55:26.900","","0","75 13:40.300","3","0","0","0","67301","0","0","0","N","0","0","0","1","67301","0","","6.0","","1","N","N","N","0","","1","0","1","","0","","","2","1","0","0","0","0","0","2","0","2","","03","","N","","","","","","","","","",""
"2020089971","","1","0","0","0","0","0","0","0","0","7","0","","67","10","2020","2","39.982265","-75.207727","2053","6","0","0","0","0","1","0","0","0","","0","0","0","","","0","N","0","","39 58:56.155","","0","75 12:27.818","0","0","0","0","67301","0","0","0","N","0","0","0","2","68K01","0","","5.0","","9","N","N","N","0","","0","0","0","","0","","","1","0","2","0","0","0","0","2","0","1","","07","","N","","","","","","","","","",""
"2020092387","","1","0","0","0","0","0","0","0","0","4","0","","67","10","2020","7","40.001485","-75.152028","1655","6","0","0","0","0","1","1","0","0","","0","0","0","","","1","N","0","","40 00:05.345","","0","75 09:07.302","4","0","0","1","67301","0","0","0","N","0","0","0","2","67505","1","","1.0","","1","Y","N","N","0","","0","0","0","","0","","","2","1","1","0","0","0","0","2","0","2","","03","","N","","","","","","","","","",""
"2020089320","","2","0","0","0","0","0","0","0","0","5","0","","67","10","2020","7","40.00277","-75.152541","1755","6","0","0","0","0","1","0","0","0","","0","0","0","","","0","Y","0","","40 00:09.971","1","0","75 09:09.146","0","0","0","0","67301","0","0","0","N","0","0","0","2","67505","0","","1.0","1820.0","1","N","N","N","0","","0","0","0","","0","N","","2","0","0","0","0","0","0","2","0","2","","03","","N","","","","","","","","","",""