"CRN","ARRIVAL_TM","AUTOMOBILE_COUNT","BELTED_DEATH_COUNT","BELTED_SUSP_SERIOUS_INJ_COUNT","BICYCLE_COUNT","BICYCLE_DEATH_COUNT","BICYCLE_SUSP_SERIOUS_INJ_COUNT","BUS_COUNT","CHLDPAS_DEATH_COUNT","CHLDPAS_SUSP_SERIOUS_INJ_COUNT","COLLISION_TYPE","COMM_VEH_COUNT","CONS_ZONE_SPD_LIM","COUNTY","CRASH_MONTH","CRASH_YEAR","DAY_OF_WEEK","DEC_LATITUDE","DEC_LONGITUDE","DISPATCH_TM","DISTRICT","DRIVER_COUNT_16YR","DRIVER_COUNT_17YR","DRIVER_COUNT_18YR","DRIVER_COUNT_19YR","DRIVER_COUNT_20YR","DRIVER_COUNT_50_64YR","DRIVER_COUNT_65_74YR","DRIVER_COUNT_75PLUS","EST_HRS_CLOSED","FATAL_COUNT","HEAVY_TRUCK_COUNT","HORSE_BUGGY_COUNT","HOUR_OF_DAY","ILLUMINATION","INJURY_COUNT","INTERSECTION_RELATED","INTERSECT_TYPE","LANE_CLOSED","LATITUDE","LN_CLOSE_DIR","LOCATION_TYPE","LONGITUDE","MAX_SEVERITY_LEVEL","MCYCLE_DEATH_COUNT","MCYCLE_SUSP_SERIOUS_INJ_COUNT","MOTORCYCLE_COUNT","MUNICIPALITY","NONMOTR_COUNT","NONMOTR_DEATH_COUNT","NONMOTR_SUSP_SERIOUS_INJ_COUNT","NTFY_HIWY_MAINT","PED_COUNT","PED_DEATH_COUNT","PED_SUSP_SERIOUS_INJ_COUNT","PERSON_COUNT","POLICE_AGCY","POSSIBLE_INJ_COUNT","RDWY_SURF_TYPE_CD","RELATION_TO_ROAD","ROADWAY_CLEARED","ROAD_CONDITION","SCH_BUS_IND","SCH_ZONE_IND","SECONDARY_CRASH","SMALL_TRUCK_COUNT","SPEC_JURIS_CD","SUSP_MINOR_INJ_COUNT","SUSP_SERIOUS_INJ_COUNT","SUV_COUNT","TCD_FUNC_CD","TCD_TYPE","TFC_DETOUR_IND","TIME_OF_DAY","TOTAL_UNITS","TOT_INJ_COUNT","UNBELTED_OCC_COUNT","UNB_DEATH_COUNT","UNB_SUSP_SERIOUS_INJ_COUNT","UNK_INJ_DEG_COUNT","UNK_INJ_PER_COUNT","URBAN_RURAL","VAN_COUNT","VEHICLE_COUNT","WEATHER1","WEATHER2","WORKERS_PRES","WORK_ZONE_IND","WORK_ZONE_LOC","WORK_ZONE_TYPE","WZ_CLOSE_DETOUR","WZ_FLAGGER","WZ_LAW_OFFCR_IND","WZ_LN_CLOSURE","WZ_MOVING","WZ_OTHER","WZ_SHLDER_MDN","WZ_WORKERS_INJ_KILLED"
"2020096983","","1","0","0","0","0","0","0","0","0","5","0","","67","9","2020","3","39.919278","-75.155722","1823","6","0","0","0","0","0","0","0","0","","0","0","0","","","1","N","0","","39 55:09.400","1","0","75 09:20.600","3","0","0","0","67301","0","0","0","N","0","0","0","1","67301","0","","6.0","2000.0","9","N","N","N","0","","1","0","2","","0","Y","","4","1","0","0","0","0","0","2","1","4","","07","","N","","","","","","","","","",""
"2020081549","","0","0","0","0","0","0","0","0","0","7","0","","67","10","2020","6","39.996611","-75.162694","1028","6","0","0","0","0","0","0","0","0","","0","0","0","","","0","","2","","39 59:47.800","2","0","75 09:45.700","0","0","0","0","67301","0","0","0","N","0","0","0","1","67301","0","","4.0","1118.0","9","N","N","N","0","","0","0","1","","0","Y","","1","0","0","0","0","0","0","2","0","1","","04","","N","","","","","","","","","",""
"2020094442","","1","0","0","0","0","0","0","0","0","6","0","","67","11","2020","1","39.948518","-75.217999","0808","6","0","0","0","0","0","0","0","0","","0","0","0","","","1","N","0","","39 56:54.664","","0","75 13:04.795","3","0","0","0","67301","0","0","0","N","0","0","0","1","67301","0","","6.0","","1","N","N","N","0","","1","0","1","","0","","","4","1","0","0","0","0","0","2","2","4","","03","","N","","","","","","","","","",""
"2020112978","","1","0","0","0","0","0","0","0","0","2","0","","67","12","2020","5","39.988439","-75.119928","0200","6","0","0","0","0","0","0","0","0","","0","0","0","","","0","N","0","","39 59:18.380","","0","75 07:11.740","0","0","0","0","67301","0","0","0","N","0","0","0","1","67301","0","","1.0","","1","N","N","N","0","","0","0","2","","0","","","3","0","1","0","0","0","0","2","0","3","","03","","N","","","","","","","","","",""
"2020086619","","1","0","0","0","0","0","0","0","0","4","0","","67","10","2020","6","39.95656","-75.241884","1052","6","0","0","0","0","0","1","0","0","","0","1","0","","","1","","1","","39 57:23.616","","0","75 14:30.782","4","0","0","0","67301","0","0","0","N","0","0","0","4","67301","1","","1.0","","9","N","N","N","0","","0","0","0","","2","","","2","1","1","0","0","0","0","2","0","2","","04","","N","","","","","","","","","",""
"2020045703","","1","0","0","0","0","0","0","0","0","5","0","","67","6","2020","4","40.06255","-75.010058","1341","6","0","0","0","0","0","0","0","0","","0","0","0","","","1","N","0","","40 03:45.180","","0","75 00:36.210","3","0","0","0","67301","0","0","0","N","0","0","0","1","67301","0","","6.0","","1","N","N","N","1","","1","0","1","","0","","","3","1","1","0","0","0","0","2","0","3","","03","","N","","","","","","","","","",""
"2020092314","","1","0","0","0","0","0","0","0","0","4","0","","67","10","2020","5","40.063438","-75.079544","0946","6","0","0","0","0","0","1","1","0","","0","0","0","","","1","","1","","40 03:48.376","","0","75 04:46.358","3","0","0","0","67301","0","0","0","N","0","0","0","3","67301","0","","1.0","","9","N","N","N","0","","1","0","1","","3","","","2","1","0","0","0","0","0","2","0","2","","","","N","","","","","","","","","",""
"2020081879","","0","0","0","0","0","0","0","0","0","8","0","","67","10","2020","7","40.0315","-75.117417","1351","6","0","0","0","0","0","0","0","1","","0","0","0","","","1","N","0","","40 01:53.400","","0","75 07:02.700","8","0","0","0","67301","1","0","0","N","1","0","0","2","67301","0","","1.0","","1","N","N","N","0","","0","0","0","","0","","","2","1","0","0","0","1","0","2","1","1","","","","N","","","","","","","","","",""
"2020080528","","0","0","0","1","0","0","0","0","0","8","0","","67","9","2020","2","40.005006","-75.179289","1639","6","0","0","0","0","0","1","0","0","","0","0","0","","","1","N","0","","40 00:18.021","","0","75 10:45.441","8","0","0","0","67301","1","0","0","N","0","0","0","2","67301","0","","1.0","","1","N","N","N","1","","0","0","0","","0","","","2","1","0","0","0","1","0","2","0","1","","03","","N","","","","","","","","","",""
"2020092498","","1","0","0","0","0","0","0","0","0","8","0","","67","10","2020","6","40.023291","-75.048368","1423","6","0","0","0","0","0","0","0","0","","0","0","0","","","1","","1","","40 01:23.848","","0","75 02:54.126","3","0","0","0","67301","1","0","0","N","1","0","0","2","67301","0","","1.0","","9","N","N","N","0","","1","0","0","","2","","","2","1","0","0","0","0","0","2","0","1","","07","","N","","","","","","","","","",""
"2020046598","","1","0","0","0","0","0","0","0","0","5","0","","67","6","2020","6","39.969839","-75.188209","2136","6","0","0","0","0","0","0","0","0","","0","0","0","","","1","N","3","","39 58:11.419","","0","75 11:17.551","3","0","0","0","67301","0","0","0","N","0","0","0","2","67301","0","","1.0","","1","N","N","N","0","","1","0","1","","0","","","2","1","0","0","0","0","0","2","0","2","","03","","N","","","","","","","","","",""
"2020087339","","2","0","0","0","0","0","0","0","0","4","1","","67","10","2020","6","40.005516","-75.105336","0905","6","0","0","0","0","0","0","0","0","","0","1","0","","","0","","1","","40 00:19.858","7","0","75 06:19.211","9","0","0","0","67301","0","0","0","N","0","0","0","2","67301","0","","1.0","1000.0","9","N","N","N","0","","0","0","0","","2","N","","3","0","0","0","0","0","1","2","0","3","","07","","N","","","","","","","","","",""
"2020052683","","2","0","0","0","0","0","0","0","0","4","0","","67","6","2020","4","40.043155","-75.16721","2233","6","0","0","0","0","0","0","0","0","","0","0","0","","","2","","1","","40 02:35.358","","0","75 10:01.956","3","0","0","0","67301","0","0","0","N","0","0","0","2","67301","0","","1.0","","1","N","N","Y","0","","1","0","0","","2","","","2","2","1","0","0","1","0","2","0","2","","","","N","","","","","","","","","",""
"2020080554","","1","0","0","0","0","0","0","0","0","6","0","","67","9","2020","3","40.030111","-75.090058","0415","6","0","0","0","0","0","0","0","0","","0","0","0","","","0","N","0","","40 01:48.400","","0","75 05:24.210","0","0","0","0","67301","0","0","0","N","0","0","0","1","67301","0","","6.0","","1","N","N","N","1","","0","0","2","","0","","","4","0","0","0","0","0","0","2","0","4","","03","","N","","","","","","","","","",""
"2020081074","","0","0","0","0","0","0","0","0","0","4","0","","67","10","2020","5","39.963363","-75.187417","1321","6","0","0","0","0","0","1","0","0","","0","0","0","","","0","","1","","39 57:48.108","3","0","75 11:14.701","0","0","0","1","67301","0","0","0","N","0","0","0","2","67507","0","","1.0","1356.0","1","","","N","0","","0","0","1","","2","Y","","2","0","0","0","0","0","0","2","0","2","","","","N","","","","","","","","","",""
"2020086894","","1","0","0","0","0","0","0","0","0","4","0","","67","10","2020","5","39.978483","-75.209231","2303","6","0","0","0","0","1","0","0","0","","0","0","0","","","1","","2","","39 58:42.540","","0","75 12:33.230","8","0","0","0","67301","0","0","0","N","0","0","0","2","67301","0","","1.0","","9","N","N","N","0","","0","0","1","","3","","","2","1","0","0","0","1","0","2","0","2","","07","","N","","","","","","","","","",""
"2020089185","","2","0","0","0","0","0","0","0","0","4","0","","67","10","2020","5","40.04745","-75.158075","1800","6","0","0","0","0","0","1","0","0","","0","0","0","","","1","","2","","40 02:50.819","","0","75 09:29.070","3","0","0","0","67301","0","0","0","N","0","0","0","3","67301","0","","1.0","","1","N","N","N","0","","1","0","0","","2","","","2","1","0","0","0","0","1","2","0","2","","03","","N","","","","","","","","","",""
"2020089845","","2","0","0","0","0","0","0","0","0","6","0","45","67","10","2020","7","40.013746","-75.057024","2228","6","0","0","0","0","0","1","0","0","","0","0","0","","","0","N","0","","40 00:49.487","2","0","75 03:25.286","9","0","0","0","67301","0","0","0","N","0","0","0","12","68K01","0","","1.0","2340.0","1","N","N","N","0","","0","0","2","","0","N","","4","0","0","0","0","0","1","2","0","4","","03","N","Y","4","1","","","N","","","","Y","N"
"2020092339","","1","0","0","0","0","0","0","0","0","4","0","","67","10","2020","7","40.041834","-75.192133","1047","6","0","0","0","0","0","0","0","0","","0","0","0","","","0","","1","","40 02:30.603","1","0","75 11:31.679","0","0","0","0","67301","0","0","0","N","0","0","0","5","67301","0","","1.0","1119.0","1","N","N","N","0","","0","0","1","","2","Y","","2","0","0","0","0","0","0","2","0","2","","03","","N","","","","","","","","","",""
"2020045428","","1","0","0","0","0","0","0","0","0","7","0","","67","6","2020","4","40.034269","-75.172557","0841","6","0","0","0","0","0","0","0","0","","0","0","0","","","0","N","0","","40 02:03.369","","0","75 10:21.206","0","0","0","0","67301","0","0","0","N","0","0","0","1","67301","0","","4.0","","1","N","N","N","0","","0","0","0","","0","","","1","0","0","0","0","0","0","2","0","1","","03","","N","","","","","","","","","",""
"2020081551","","2","0","0","0","0","0","0","0","0","4","0","","67","10","2020","6","40.020993","-75.182434","1243","6","0","0","0","0","0","0","0","0","","0","0","0","","","0","","1","","40 01:15.575","","0","75 10:56.764","0","0","0","0","67301","0","0","0","N","0","0","0","2","67301","0","","1.0","","1","N","N","N","0","","0","0","0","","3","","","2","0","0","0","0","0","0","2","0","2","","03","","N","","","","","","","","","",""
"2020080867","","2","0","0","0","0","0","0","0","0","4","0","","67","9","2020","4","39.999625","-75.190584","1609","6","0","0","0","0","0","0","0","0","","0","0","0","","","0","","2","","39 59:58.649","3","0","75 11:26.101","0","0","0","0","67301","0","0","0","N","0","0","0","2","67301","0","","1.0","100.0","1","N","N","N","0","","0","0","0","","2","N","","2","0","2","0","0","0","0","2","0","2","","03","","N","","","","","","","","","",""
"2020103347","","2","0","0","0","0","0","0","0","0","1","0","","67","11","2020","2","39.963413","-75.183843","2258","6","0","0","0","0","0","0","0","0","","0","0","0","","","0","N","0","","39 57:48.287","","0","75 11:01.834","0","0","0","0","67301","0","0","0","N","0","0","0","2","68K01","0","","1.0","","1","N","N","N","0","","0","0","0","","0","","","2","0","0","0","0","0","0","2","0","2","","","","N","","","","","","","","","",""
"2020081455","","1","0","0","0","0","0","0","0","0","4","0","","67","9","2020","4","39.99479","-75.185699","2118","6","0","0","0","0","0","1","0","0","","0","0","0","","","1","","1","","39 59:41.244","","0","75 11:08.516","8","0","0","0","67301","0","0","0","N","0","0","0","2","67301","0","","1.0","","1","N","N","N","0","","0","0","0","","2","","","2","1","0","0","0","1","0","2","0","2","","03","","N","","","","","","","","","",""
"2020112397","","4","0","0","0","0","0","0","0","0","5","0","","67","12","2020","4","39.992022","-75.11975","1500","6","0","0","0","0","0","0","0","0","","0","0","0","","","0","N","0","","39 59:31.280","","0","75 07:11.100","9","0","0","0","67301","0","0","0","N","0","0","0","1","67301","0","","1.0","","1","N","N","N","0","","0","0","0","","0","","","4","0","0","0","0","0","1","2","0","4","","03","","N","","","","","","","","","",""
"2020096858","","1","0","0","0","0","0","1","0","0","4","1","","67","10","2020","2","40.040323","-75.058538","0550","6","0","0","0","0","0","0","1","0","","0","0","0","","","1","N","1","","40 02:25.164","","0","75 03:30.737","4","0","0","0","67301","0","0","0","N","0","0","0","2","67508","1","","1.0","","9","N","N","Y","0","","0","0","0","","2","","","2","1","0","0","0","0","0","2","0","2","","07","","N","","","","","","","","","",""
"2020081742","","1","0","0","0","0","0","0","0","0","5","0","","67","10","2020","7","39.934528","-75.226222","0109","6","0","0","0","0","0","0","0","0","","0","0","0","","","0","N","0","","39 56:04.300","","0","75 13:34.400","0","0","0","0","67301","0","0","0","N","0","0","0","1","67301","0","","4.0","","1","N","N","N","0","","0","0","2","","0","","","3","0","0","0","0","0","0","2","0","3","","03","","N","","","","","","","","","",""
"2020089885","","2","0","0","0","0","0","0","0","0","4","0","","67","10","2020","2","40.004631","-75.163953","0159","6","0","0","0","0","0","0","0","0","","0","0","0","","","1","","1","","40 00:16.671","7","0","75 09:50.230","8","0","0","0","67301","0","0","0","N","0","0","0","3","67301","0","","1.0","245.0","1","N","N","N","1","","0","0","0","","3","N","","3","1","0","0","0","1","1","2","0","3","","","","N","","","","","","","","","",""
"2020089968","","0","0","0","0","0","0","0","0","0","0","1","","67","10","2020","2","39.943416","-75.143044","0753","6","0","0","0","0","0","0","0","0","","0","1","0","","","1","N","0","","39 56:36.298","2","0","75 08:34.959","3","0","0","0","67301","0","0","0","N","0","0","0","1","68K01","0","","1.0","950.0","9","N","N","N","0","","1","0","0","","0","N","","1","1","0","0","0","0","0","2","0","1","","","","N","","","","","","","","","",""
"2020080306","","0","0","0","1","0","0","0","0","0","8","0","","67","9","2020","2","39.944711","-75.158224","2049","6","0","0","0","0","0","0","0","0","","0","0","0","","","1","","1","","39 56:40.959","","0","75 09:29.607","3","0","0","0","67301","1","0","0","N","0","0","0","2","67301","0","","1.0","","1","N","N","N","0","","1","0","1","","2","","","2","1","1","0","0","0","0","2","0","1","","03","","N","","","","","","","","","",""
"2020082033","","2","0","0","0","0","0","0","0","0","1","0","","67","10","2020","6","40.042713","-75.051345","1803","6","0","0","0","0","1","0","0","0","","0","0","0","","","1","N","0","","40 02:33.766","","0","75 03:04.843","3","0","0","0","67301","0","0","0","N","0","0","0","2","67301","0","","1.0","","1","N","N","N","0","","1","0","0","","0","","","2","1","0","0","0","0","0","2","0","2","","03","","N","","","","","","","","","",""
"2020092752","","1","0","0","0","0","0","0","0","0","1","0","","67","10","2020","7","40.001642","-75.143839","1535","6","0","0","0","0","0","0","0","0","","0","0","0","","","1","N","0","","40 00:05.912","","0","75 08:37.821","3","0","0","0","67301","0","0","0","N","0","0","0","2","67301","0","","1.0","","1","N","N","N","0","","1","0","0","","0","","","2","1","0","0","0","0","0","2","0","2","","03","","N","","","","","","","","","",""
"2020090866","","1","0","0","0","0","0","0","0","0","7","0","","67","10","2020","3","40.077184","-75.044213","1457","6","0","0","0","0","0","1","0","0","","0","0","0","","","1","N","0","","40 04:37.862","","0","75 02:39.166","3","0","0","0","67301","0","0","0","N","0","0","0","1","67301","0","","5.0","","1","N","N","N","0","","1","0","0","","0","","","1","1","0","0","0","0","0","2","0","1","","04","","N","","","","","","","","","",""
"2020088208","","0","0","0","0","0","0","0","0","0","8","0","","67","10","2020","6","40.042163","-75.159451","2149","6","0","0","0","0","0","0","0","0","","0","0","0","","","1","N","0","","40 02:31.788","","0","75 09:34.022","8","0","0","0","67301","1","0","0","N","1","0","0","2","67301","0","","1.0","","1","N","N","N","0","","0","0","0","","0","","","2","1","0","0","0","1","1","2","0","1","","03","","N","","","","","","","","","",""
"2020089570","","3","0","0","0","0","0","0","0","0","4","0","","67","10","2020","7","39.959174","-75.243377","0049","6","0","0","0","0","0","0","1","0","","0","0","0","","","0","","1","","39 57:33.025","","0","75 14:36.157","9","0","0","0","67301","0","0","0","N","0","0","0","3","67301","0","","1.0","","1","N","N","N","0","","0","0","0","","2","","","3","0","0","0","0","0","2","2","0","3","","03","","N","","","","","","","","","",""
"2020080866","","1","0","0","0","0","0","0","0","0","1","0","","67","9","2020","3","39.975833","-75.263194","2159","6","0","0","0","0","0","1","0","0","","0","0","0","","","0","","1","","39 58:33.000","","0","75 15:47.500","0","0","0","0","67301","0","0","0","N","0","0","0","3","67301","0","","1.0","","9","N","N","N","0","","0","0","1","","2","","","3","0","1","0","0","0","0","2","1","3","","07","","N","","","","","","","","","",""
"2020046524","","1","0","0","1","0","0","0","0","0","8","0","","67","6","2020","1","40.012547","-75.087616","1515","6","0","0","0","0","0","0","0","0","","0","0","0","","","1","","1","","40 00:45.170","","1","75 05:15.419","3","0","0","0","67301","1","0","0","N","0","0","0","2","67301","0","","1.0","","1","N","N","N","0","","1","0","0","","2","","","2","1","0","0","0","0","0","2","0","1","","","","N","","","","","","","","","",""
"2020046030","","1","0","0","0","0","0","0","0","0","4","0","","67","6","2020","6","40.026838","-75.048825","1034","6","0","0","0","0","0","0","0","0","","0","0","0","","","1","","1","","40 01:36.616","","0","75 02:55.770","8","0","0","0","67301","0","0","0","N","0","0","0","4","67301","0","","1.0","","1","N","N","N","0","","0","0","1","","3","","","2","1","0","0","0","1","3","2","0","2","","03","","N","","","","","","","","","",""
"2020089093","","0","0","0","0","0","0","0","0","0","7","1","45","67","10","2020","5","40.011976","-75.059873","0517","6","0","0","0","0","0","0","0","0","","0","1","0","","","0","N","0","","40 00:43.112","1","0","75 03:35.541","0","0","0","0","67301","0","0","0","Y","0","0","0","1","68K01","0","","4.0","630.0","1","N","N","N","0","","0","0","0","","0","N","","1","0","0","0","0","0","0","2","0","1","","03","N","Y","8","1","","","N","Y","","","","N"
"2020080868","","2","0","0","0","0","0","0","0","0","4","0","","67","9","2020","3","40.040148","-75.122202","2153","6","0","1","0","0","0","1","0","0","","0","0","0","","","0","","2","","40 02:24.532","7","0","75 07:19.927","9","0","0","0","67301","0","0","0","N","0","0","0","3","67301","0","","1.0","2345.0","9","N","N","N","0","","0","0","1","","3","Y","","3","0","0","0","0","0","3","2","0","3","","","","N","","","","","","","","","",""
"2020094933","","2","0","0","0","0","0","0","0","0","4","0","","67","11","2020","3","39.952681","-75.244724","2310","6","0","0","0","0","0","0","0","0","","0","0","0","","","0","","1","","39 57:09.651","","0","75 14:41.006","9","0","0","0","67301","0","0","0","N","0","0","0","2","67301","0","","1.0","","1","N","N","N","0","","0","0","0","","1","","","2","0","0","0","0","0","1","2","0","2","","03","","N","","","","","","","","","",""
"2020099979","","3","0","1","0","0","0","0","0","0","4","0","","67","9","2020","3","39.967218","-75.168568","0853","6","0","0","0","0","0","0","0","0","","0","0","0","","","2","","1","","39 58:01.984","","0","75 10:06.845","2","0","0","0","67301","0","0","0","N","0","0","0","5","67301","1","","1.0","","1","N","N","Y","0","","0","1","0","","2","","","3","2","0","0","0","0","2","2","0","3","","","","N","","","","","","","","","",""
"2020081348","","3","0","0","0","0","0","0","0","0","5","0","","67","9","2020","4","40.037849","-75.042681","1043","6","0","0","1","0","0","0","0","0","","0","0","0","","","0","N","0","","40 02:16.257","4","0","75 02:33.651","0","0","0","0","67301","0","0","0","N","0","0","0","2","67301","0","","1.0","1140.0","1","N","N","N","0","","0","0","1","","0","N","","4","0","0","0","0","0","0","2","0","4","","","","N","","","","","","","","","",""
"2020083292","","1","0","0","0","0","0","0","0","0","7","0","","67","10","2020","7","39.903998","-75.15038","0109","6","0","0","0","0","0","1","0","0","","0","0","0","","","1","N","0","","39 54:14.391","2","0","75 09:01.368","3","0","0","0","67301","0","0","0","N","0","0","0","1","68K01","0","","3.0","200.0","1","N","N","N","0","","1","0","0","","0","N","","1","1","0","0","0","0","0","2","0","1","","","","N","","","","","","","","","",""
"2020111853","","3","0","0","0","0","0","0","0","0","4","0","","67","12","2020","4","40.045262","-74.995864","1600","6","0","0","0","0","0","0","0","0","","0","0","0","","","1","N","0","","40 02:42.944","","7","74 59:45.110","3","0","0","0","67301","0","0","0","N","0","0","0","3","67301","0","","1.0","","1","N","N","N","0","","1","0","0","","0","","","3","1","0","0","0","0","0","2","0","3","","03","","N","","","","","","","","","",""
"2020089084","","1","0","0","0","0","0","0","0","0","1","0","","67","10","2020","1","39.966514","-75.134982","0303","6","0","0","0","0","1","0","0","0","","0","0","0","","","0","N","0","","39 57:59.450","","0","75 08:05.934","0","0","0","0","67301","0","0","0","N","0","0","0","2","68K01","0","","1.0","","1","N","N","N","0","","0","0","1","","0","","","2","0","0","0","0","0","0","2","0","2","","","","N","","","","","","","","","",""
"2020089303","","2","0","0","0","0","0","0","0","0","3","0","","67","10","2020","7","40.042294","-75.164636","1044","6","0","0","0","0","0","0","1","0","","0","0","0","","","1","","2","","40 02:32.258","","0","75 09:52.689","3","0","0","0","67301","0","0","0","N","0","0","0","3","67301","0","","1.0","","1","N","N","N","0","","1","0","1","","0","","","3","1","0","0","0","0","0","2","0","3","","03","","N","","","","","","","","","",""
"2020091147","","0","0","0","0","0","0","0","0","0","4","0","","67","10","2020","4","39.956856","-75.167616","0801","6","0","0","0","0","0","1","0","0","","0","0","0","","","1","","1","","39 57:24.681","","0","75 10:03.417","3","0","0","0","67301","0","0","0","N","0","0","0","4","67301","0","","1.0","","9","N","N","N","0","","1","0","2","","1","","","3","1","0","0","0","0","0","2","1","3","","05","","N","","","","","","","","","",""
"2020080526","","4","0","0","0","0","0","0","0","0","5","0","","67","9","2020","3","39.987729","-75.154818","1627","6","0","0","0","0","0","0","0","0","","0","0","0","","","0","N","0","","39 59:15.826","","0","75 09:17.343","9","0","0","0","67301","0","0","0","N","0","0","0","1","67301","0","","6.0","","9","N","N","N","0","","0","0","0","","0","","","4","0","0","0","0","0","1","2","0","4","","07","","N","","","","","","","","","",""
"2020081544","","3","0","0","0","0","0","0","0","0","6","0","","67","10","2020","6","40.054833","-75.180044","0149","6","0","0","0","0","0","0","0","0","","0","0","0","","","1","N","0","","40 03:17.399","","0","75 10:48.160","2","0","0","0","67301","0","0","0","N","0","0","0","1","67301","0","","6.0","","9","N","N","N","0","","0","1","1","","0","","","4","1","0","0","0","0","0","2","0","4","","07","","N","","","","","","","","","",""
"2020087784","","0","0","0","0","0","0","0","0","0","7","0","","67","10","2020","7","40.026886","-75.094284","2210","6","0","0","0","0","0","1","0","0","","1","0","0","","","0","N","0","","40 01:36.788","2","0","75 05:39.422","1","0","0","0","67301","0","0","0","N","0","0","0","1","67301","0","2","4.0","216.0","1","N","N","N","0","0","0","0","1","","0","Y","","1","0","0","0","0","0","0","2","0","1","","03","","N","","","","","","","","","",""
"2020089574","","2","0","0","0","0","0","0","0","0","5","0","","67","10","2020","1","39.993286","-75.179392","0428","6","0","0","0","0","0","0","0","0","","0","0","0","","","0","N","0","","39 59:35.831","2","0","75 10:45.812","9","0","0","0","67301","0","0","0","N","0","0","0","1","67301","0","","6.0","512.0","1","N","N","N","0","","0","0","1","","0","Y","","3","0","0","0","0","0","1","2","0","3","","","","N","","","","","","","","","",""
"2020083032","","0","0","0","0","0","0","0","0","0","4","0","","67","10","2020","7","39.99239","-75.142171","0350","6","0","0","0","0","0","0","0","0","","0","0","0","","","3","","1","","39 59:32.605","7","0","75 08:31.814","3","0","0","0","67301","1","0","0","N","1","0","0","5","67301","2","","1.0","600.0","1","N","N","N","0","","1","0","1","","2","Y","","3","3","0","0","0","0","0","2","1","2","","03","","N","","","","","","","","","",""
"2020082030","","0","0","0","0","0","0","0","0","0","4","0","","67","10","2020","5","40.013274","-75.069983","1312","6","0","0","0","0","0","2","0","0","","0","0","0","","","1","","2","","40 00:47.788","","0","75 04:11.938","3","0","0","1","67301","0","0","0","N","0","0","0","2","67301","0","","1.0","","1","N","N","N","0","","1","0","1","","0","","","2","1","0","0","0","0","0","2","0","2","","03","","N","","","","","","","","","",""
"2020046528","","0","0","0","1","0","0","0","0","0","8","0","","67","6","2020","7","39.987214","-75.105187","1737","6","0","0","0","0","0","0","0","0","","0","0","0","","","1","N","0","","39 59:13.972","","0","75 06:18.672","8","0","0","0","67301","1","0","0","N","0","0","0","2","67301","0","","1.0","","1","N","N","N","0","","0","0","1","","0","","","2","1","0","0","0","1","0","2","0","1","","","","N","","","","","","","","","",""
"2020046988","","3","0","0","0","0","0","0","0","0","5","0","45","67","6","2020","2","39.986778","-75.091031","2115","6","0","0","0","0","1","0","0","0","","0","0","0","","","6","N","0","","39 59:12.400","1","0","75 05:27.711","3","0","0","0","67301","0","0","0","N","0","0","0","16","68K01","0","","1.0","2221.0","1","N","N","N","0","","6","0","4","","0","N","","7","6","0","0","0","0","0","2","0","7","","","N","Y","3","2","","","N","Y","","","","N"
"2020092361","","4","0","0","0","0","0","0","0","0","5","0","","67","10","2020","7","39.978408","-75.178242","0840","6","0","0","0","0","0","0","0","0","","0","0","0","","","0","N","0","","39 58:42.270","","0","75 10:41.670","9","0","0","0","67301","0","0","0","N","0","0","0","1","67301","0","","6.0","","1","N","N","N","0","","0","0","0","","0","","","4","0","0","0","0","0","1","2","0","4","","03","","N","","","","","","","","","",""
"2020081737","","0","0","0","0","0","0","0","0","0","7","0","","67","9","2020","4","39.933011","-75.238036","2051","6","0","0","0","0","0","0","0","0","","0","0","0","","","1","N","0","","39 55:58.840","","0","75 14:16.928","8","0","0","1","67301","0","0","0","N","0","0","0","1","67301","0","","4.0","","1","N","N","N","0","","0","0","0","","0","","","1","1","0","0","0","1","0","2","0","1","","98","","N","","","","","","","","","",""
"2020050520","","1","0","0","0","0","0","0","0","0","1","0","45","67","6","2020","7","39.967342","-75.132186","1541","6","0","0","0","0","0","0","0","0","","0","0","0","","","0","N","0","","39 58:02.430","1","0","75 07:55.868","0","0","0","0","67301","0","0","0","N","0","0","0","4","68K01","0","","1.0","20.0","1","N","N","N","0","","0","0","2","","0","N","","3","0","0","0","0","0","0","2","0","3","","","N","Y","4","1","","","N","","","","Y","N"
"2020049642","","0","0","0","0","0","0","0","0","0","5","0","","67","6","2020","1","39.977825","-75.209664","2231","6","0","0","0","0","0","0","0","0","","0","0","0","","","2","N","0","","39 58:40.170","","0","75 12:34.790","3","0","0","1","67301","0","0","0","N","0","0","0","2","67301","1","","1.0","","1","N","N","N","0","","1","0","1","","0","","","2","2","0","0","0","0","0","2","0","2","","03","","N","","","","","","","","","",""
"2020103298","","2","0","0","0","0","0","0","0","0","1","0","","67","11","2020","2","40.007496","-75.07227","1843","6","0","0","0","0","0","0","0","0","","0","0","0","","","2","N","0","","40 00:26.986","","0","75 04:20.171","4","0","0","0","67301","0","0","0","N","0","0","0","4","68K01","1","","1.0","","1","N","N","N","0","","0","0","0","","0","","","2","2","0","0","0","1","0","2","0","2","","","","N","","","","","","","","","",""
"2020082128","","0","0","0","0","0","0","0","0","0","4","0","","67","10","2020","6","40.022358","-75.050171","1714","6","0","1","0","0","0","0","0","0","","0","0","0","","","1","N","0","","40 01:20.489","","7","75 03:00.616","4","0","0","1","67301","0","0","0","N","0","0","0","2","67301","1","","1.0","","1","N","N","N","0","","0","0","1","","0","","","2","1","0","0","0","0","0","2","0","2","","03","","N","","","","","","","","","",""