"CRN","ARRIVAL_TM","AUTOMOBILE_COUNT","BELTED_DEATH_COUNT","BELTED_SUSP_SERIOUS_INJ_COUNT","BICYCLE_COUNT","BICYCLE_DEATH_COUNT","BICYCLE_SUSP_SERIOUS_INJ_COUNT","BUS_COUNT","CHLDPAS_DEATH_COUNT","CHLDPAS_SUSP_SERIOUS_INJ_COUNT","COLLISION_TYPE","COMM_VEH_COUNT","CONS_ZONE_SPD_LIM","COUNTY","CRASH_MONTH","CRASH_YEAR","DAY_OF_WEEK","DEC_LATITUDE","DEC_LONGITUDE","DISPATCH_TM","DISTRICT","DRIVER_COUNT_16YR","DRIVER_COUNT_17YR","DRIVER_COUNT_18YR","DRIVER_COUNT_19YR","DRIVER_COUNT_20YR","DRIVER_COUNT_50_64YR","DRIVER_COUNT_65_74YR","DRIVER_COUNT_75PLUS","EST_HRS_CLOSED","FATAL_COUNT","HEAVY_TRUCK_COUNT","HORSE_BUGGY_COUNT","HOUR_OF_DAY","ILLUMINATION","INJURY_COUNT","INTERSECTION_RELATED","INTERSECT_TYPE","LANE_CLOSED","LATITUDE","LN_CLOSE_DIR","LOCATION_TYPE","LONGITUDE","MAX_SEVERITY_LEVEL","MCYCLE_DEATH_COUNT","MCYCLE_SUSP_SERIOUS_INJ_COUNT","MOTORCYCLE_COUNT","MUNICIPALITY","NONMOTR_COUNT","NONMOTR_DEATH_COUNT","NONMOTR_SUSP_SERIOUS_INJ_COUNT","NTFY_HIWY_MAINT","PED_COUNT","PED_DEATH_COUNT","PED_SUSP_SERIOUS_INJ_COUNT","PERSON_COUNT","POLICE_AGCY","POSSIBLE_INJ_COUNT","RDWY_SURF_TYPE_CD","RELATION_TO_ROAD","ROADWAY_CLEARED","ROAD_CONDITION","SCH_BUS_IND","SCH_ZONE_IND","SECONDARY_CRASH","SMALL_TRUCK_COUNT","SPEC_JURIS_CD","SUSP_MINOR_INJ_COUNT","SUSP_SERIOUS_INJ_COUNT","SUV_COUNT","TCD_FUNC_CD","TCD_TYPE","TFC_DETOUR_IND","TIME_OF_DAY","TOTAL_UNITS","TOT_INJ_COUNT","UNBELTED_OCC_COUNT","UNB_DEATH_COUNT","UNB_SUSP_SERIOUS_INJ_COUNT","UNK_INJ_DEG_COUNT","UNK_INJ_PER_COUNT","URBAN_RURAL","VAN_COUNT","VEHICLE_COUNT","WEATHER1","WEATHER2","WORKERS_PRES","WORK_ZONE_IND","WORK_ZONE_LOC","WORK_ZONE_TYPE","WZ_CLOSE_DETOUR","WZ_FLAGGER","WZ_LAW_OFFCR_IND","WZ_LN_CLOSURE","WZ_MOVING","WZ_OTHER","WZ_SHLDER_MDN","WZ_WORKERS_INJ_KILLED"
"2020079883","","4","0","0","0","0","0","0","0","0","6","0","","67","9","2020","7","39.990228","-75.186717","2123","6","0","0","0","0","0","0","0","0","","0","0","0","","","0","","2","","39 59:24.820","","0","75 11:12.182","9","0","0","0","67301","0","0","0","N","0","0","0","2","67301","0","","1.0","","1","N","N","N","0","","0","0","0","","2","","","4","0","0","0","0","0","1","2","0","4","","03","","N","","","","","","","","","",""
"2020092374","","2","0","0","0","0","0","0","0","0","1","0","","67","10","2020","5","40.035279","-75.121415","2130","6","0","0","0","0","0","0","0","0","","0","0","0","","","1","N","1","","40 02:07.004","","0","75 07:17.094","3","0","0","0","67301","0","0","0","N","0","0","0","3","67301","0","","1.0","","9","N","N","Y","0","","1","0","1","","2","","","3","1","0","0","0","0","0","2","0","3","","","","N","","","","","","","","","",""
"2020082233","","2","0","0","0","0","0","0","0","0","5","0","","67","10","2020","7","40.037611","-75.144925","0625","6","0","0","0","0","0","0","0","0","","0","0","0","","","2","N","0","","40 02:15.399","1","0","75 08:41.729","3","0","0","0","67301","0","0","0","N","0","0","0","2","67301","0","","6.0","815.0","1","N","N","N","0","","2","0","2","","0","N","","4","2","0","0","0","0","0","2","0","4","","","","N","","","","","","","","","",""
"2020090731","","4","0","0","0","0","0","0","0","0","5","0","","67","10","2020","1","39.957971","-75.140748","0044","6","0","0","0","0","1","0","0","0","","0","0","0","","","0","N","0","","39 57:28.694","","0","75 08:26.693","0","0","0","0","67301","0","0","0","N","0","0","0","5","68K01","0","","1.0","","1","N","N","N","0","","0","0","1","","0","","","5","0","0","0","0","0","0","2","0","5","","03","","N","","","","","","","","","",""
"2020089230","","1","0","0","0","0","0","0","0","0","5","0","","67","10","2020","7","40.020475","-75.155056","0326","6","0","0","0","0","0","0","0","0","","0","0","0","","","0","N","0","","40 01:13.710","1","0","75 09:18.200","0","0","0","0","67301","0","0","0","N","0","0","0","3","67301","0","","1.0","430.0","1","N","N","N","0","","0","0","1","","0","Y","","2","0","0","0","0","0","0","2","0","2","","03","","N","","","","","","","","","",""
"2020081238","","1","0","0","0","0","0","0","0","0","1","0","","67","10","2020","5","39.968833","-75.245306","1528","6","0","0","0","0","1","0","0","0","","0","0","0","","","1","Y","0","","39 58:07.800","","0","75 14:43.100","8","0","0","0","67301","0","0","0","N","0","0","0","2","67301","0","","1.0","","1","N","N","N","0","","0","0","0","","2","","","2","1","0","0","0","1","0","2","1","2","","","","N","","","","","","","","","",""
"2020090649","","2","0","0","0","0","0","0","0","0","4","0","","67","10","2020","3","40.00161","-75.128583","1520","6","0","0","0","0","0","0","0","0","","0","0","0","","","1","","1","","40 00:05.796","","0","75 07:42.898","3","0","0","0","67301","0","0","0","N","0","0","0","2","67301","0","","1.0","","1","N","N","N","0","","1","0","0","","2","","","2","1","0","0","0","0","1","2","0","2","","03","","N","","","","","","","","","",""
"2020083022","","2","0","0","0","0","0","0","0","0","4","0","","67","10","2020","7","39.991092","-75.212592","0040","6","0","0","0","0","0","0","0","0","","0","0","0","","","2","N","0","","39 59:27.930","","0","75 12:45.330","8","0","0","0","67301","0","0","0","N","0","0","0","5","67301","0","","5.0","","1","N","N","N","0","","0","0","2","","0","","","4","2","0","0","0","2","0","2","0","4","","","","N","","","","","","","","","",""
"2020081547","","1","0","0","0","0","0","0","0","0","4","0","","67","10","2020","5","39.973776","-75.245295","2158","6","0","0","0","0","0","1","0","0","","0","0","0","","","1","","1","","39 58:25.594","","0","75 14:43.063","3","0","0","0","67301","0","0","0","N","0","0","0","3","67301","0","","1.0","","9","N","N","N","0","","1","0","1","","2","","","2","1","1","0","0","0","0","2","0","2","","","","N","","","","","","","","","",""
"2020102862","","0","0","0","0","0","0","0","0","0","7","0","","67","11","2020","1","39.999028","-75.133251","1740","6","0","0","0","0","0","0","0","0","","0","0","0","","","0","","1","","39 59:56.501","","0","75 07:59.705","9","0","0","0","67301","0","0","0","N","0","0","0","1","67301","0","","4.0","","1","N","N","N","0","","0","0","0","","2","","","1","0","0","0","0","0","1","2","1","1","","03","","N","","","","","","","","","",""
"2020092751","","2","0","0","0","0","0","0","0","0","1","0","","67","10","2020","7","40.008592","-75.146023","0106","6","0","0","0","0","0","0","0","0","","0","0","0","","","0","N","0","","40 00:30.931","","0","75 08:45.684","9","0","0","0","67301","0","0","0","N","0","0","0","1","67301","0","","1.0","","1","N","N","N","0","","0","0","0","","0","","","2","0","0","0","0","0","1","2","0","2","","","","N","","","","","","","","","",""
"2020092320","","2","0","0","0","0","0","0","0","0","1","0","","67","11","2020","1","39.951979","-75.150092","0008","6","0","0","0","0","0","0","0","0","","0","0","0","","","0","N","0","","39 57:07.123","2","0","75 09:00.330","0","0","0","0","67301","0","0","0","N","0","0","0","2","67301","0","","1.0","125.0","1","N","N","N","0","","0","0","0","","0","N","","2","0","0","0","0","0","0","2","0","2","","03","","N","","","","","","","","","",""
"2020081858","","2","0","0","0","0","0","0","0","0","4","0","","67","10","2020","6","39.96093","-75.245028","0010","6","0","0","0","0","0","0","0","0","","0","0","0","","","0","","1","","39 57:39.347","","0","75 14:42.100","9","0","0","0","67301","0","0","0","N","0","0","0","2","67301","0","","1.0","","1","N","N","N","0","","0","0","0","","1","","","2","0","1","0","0","0","1","2","0","2","","03","","N","","","","","","","","","",""
"2020083261","","1","0","0","0","0","0","0","0","0","7","0","","67","9","2020","3","39.932939","-75.200029","0224","6","0","0","0","0","0","0","0","0","","0","0","0","","","1","N","0","","39 55:58.582","4","0","75 12:00.105","3","0","0","0","67301","0","0","0","N","0","0","0","1","68K01","0","","3.0","240.0","1","N","N","N","0","","1","0","0","","0","N","","1","1","0","0","0","0","0","2","0","1","","","","N","","","","","","","","","",""
"2020081933","","0","0","0","0","0","0","0","0","0","8","0","","67","10","2020","7","39.971038","-75.155724","1130","6","0","0","0","0","0","1","0","0","","0","0","0","","","1","","1","","39 58:15.737","","0","75 09:20.607","4","0","0","0","67301","1","0","0","N","1","0","0","2","67301","1","","1.0","","1","N","N","N","0","","0","0","1","","2","","","2","1","0","0","0","0","1","2","0","1","","03","","N","","","","","","","","","",""
"2020094645","","0","0","0","0","0","0","0","0","0","8","0","","67","10","2020","6","39.919483","-75.242991","0855","6","0","0","0","0","0","0","0","0","","0","0","0","","","1","","1","","39 55:10.138","","0","75 14:34.767","3","0","0","0","67301","1","0","0","N","1","0","0","2","67301","0","","1.0","","99","N","N","N","0","","1","0","1","","2","","","2","1","0","0","0","0","0","2","0","1","","98","","N","","","","","","","","","",""
"2020088076","","1","0","0","0","0","0","0","0","0","4","0","","67","10","2020","6","39.964043","-75.221006","1718","6","0","0","0","0","0","1","0","0","","0","0","0","","","0","","2","","39 57:50.556","","0","75 13:15.621","0","0","0","0","67301","0","0","0","N","0","0","0","2","67301","0","","1.0","","1","N","N","N","0","","0","0","0","","3","","","2","0","0","0","0","0","0","2","1","2","","03","","N","","","","","","","","","",""
"2020089712","","0","0","0","0","0","0","0","0","0","8","0","","67","10","2020","1","40.018021","-75.149331","0031","6","0","0","0","0","0","0","0","0","","0","0","0","","","1","","1","","40 01:04.874","","0","75 08:57.592","3","0","0","0","67301","1","0","0","N","1","0","0","2","67301","0","","1.0","","9","N","N","N","0","","1","0","1","","2","","","2","1","0","0","0","0","0","2","0","1","","07","","N","","","","","","","","","",""
"2020110395","","1","0","0","0","0","0","0","0","0","7","0","","67","12","2020","1","40.027097","-75.114636","0006","6","0","0","0","0","0","0","0","0","","0","0","0","","","1","N","0","","40 01:37.549","","0","75 06:52.691","8","0","0","0","67301","0","0","0","N","0","0","0","1","67301","0","","2.0","","1","N","N","N","0","","0","0","0","","0","","","1","1","0","0","0","1","0","2","0","1","","03","","N","","","","","","","","","",""
"2020112151","","4","0","0","0","0","0","0","0","0","4","0","","67","12","2020","6","40.032552","-75.032587","1111","6","0","0","0","1","0","0","0","0","","0","0","0","","","1","","1","","40 01:57.188","","0","75 01:57.314","3","0","0","0","67301","0","0","0","N","0","0","0","2","67301","0","","1.0","","9","N","N","N","0","","1","0","1","","3","","","5","1","0","0","0","0","0","2","0","5","","04","","N","","","","","","","","","",""
"2020096709","","1","0","0","0","0","0","0","0","0","7","0","","67","10","2020","5","40.036644","-75.015149","0724","6","0","0","1","0","0","0","0","0","","0","0","0","","","0","N","0","","40 02:11.919","","0","75 00:54.537","0","0","0","0","67301","0","0","0","N","0","0","0","1","68K01","0","","4.0","","9","N","N","N","0","","0","0","0","","8","","","1","0","0","0","0","0","0","2","0","1","","","","N","","","","","","","","","",""
"2020080718","","0","0","0","0","0","0","0","0","0","4","0","","67","9","2020","4","40.035271","-75.121416","0718","6","0","0","0","0","0","0","0","0","","0","0","0","","","0","","1","","40 02:06.975","","0","75 07:17.097","9","0","0","0","67301","0","0","0","N","0","0","0","4","67301","0","","1.0","","9","N","N","N","0","","0","0","2","","2","","","3","0","0","0","0","0","4","2","1","3","","03","","N","","","","","","","","","",""
"2020090646","","2","0","0","0","0","0","0","0","0","4","0","","67","10","2020","7","40.026275","-75.117152","1050","6","0","0","0","0","0","1","0","0","","0","0","0","","","0","N","1","","40 01:34.590","","0","75 07:01.748","9","0","0","0","67301","0","0","0","N","0","0","0","2","67301","0","","1.0","","1","N","N","N","0","","0","0","0","","2","","","2","0","0","0","0","0","1","2","0","2","","03","","N","","","","","","","","","",""
"2020082519","","2","0","0","0","0","0","0","0","0","4","0","","67","10","2020","5","39.952758","-75.14994","0513","6","0","0","0","0","0","1","0","0","","0","0","0","","","0","","1","","39 57:09.930","","0","75 08:59.785","0","0","0","0","67301","0","0","0","N","0","0","0","2","67301","0","","1.0","","1","N","N","N","0","","0","0","0","","2","","","2","0","0","0","0","0","0","2","0","2","","03","","N","","","","","","","","","",""
"2020080643","","2","0","0","0","0","0","0","0","0","2","0","","67","9","2020","3","39.964944","-75.226389","0525","6","0","0","0","0","0","0","0","0","","0","0","0","","","0","N","0","","39 57:53.800","","0","75 13:35.000","9","0","0","0","67301","0","0","0","N","0","0","0","1","67301","0","","6.0","","1","N","N","N","0","","0","0","0","","0","","","2","0","0","0","0","0","1","2","0","2","","03","","N","","","","","","","","","",""
"2020082031","","1","0","0","0","0","0","0","0","0","4","0","","67","10","2020","5","40.034238","-75.071481","2021","6","0","0","0","0","0","0","0","0","","0","0","0","","","1","","1","","40 02:03.258","5","0","75 04:17.332","8","0","0","0","67301","0","0","0","N","0","0","0","2","67301","0","","1.0","2015.0","1","N","N","N","0","","0","0","0","","2","Y","","2","1","0","0","0","1","0","2","1","2","","03","","N","","","","","","","","","",""
"2020081740","","0","0","0","0","0","0","0","0","0","7","0","","67","10","2020","6","39.883638","-75.251633","0846","6","0","0","0","1","0","0","0","0","","0","0","0","","","0","","2","","39 53:01.097","","2","75 15:05.879","0","0","0","0","67301","0","0","0","N","0","0","0","1","67301","0","","4.0","","9","N","N","N","0","","0","0","1","","2","","","1","0","0","0","0","0","0","2","0","1","","06","","N","","","","","","","","","",""
"2020092712","","1","0","2","0","0","0","0","0","0","7","0","","67","10","2020","2","40.029618","-75.21102","0107","6","0","0","0","0","0","0","0","0","","0","0","0","","","5","N","0","","40 01:46.626","5","7","75 12:39.672","2","0","0","0","67301","0","0","0","N","0","0","0","5","67301","0","","4.0","310.0","9","N","N","N","0","","0","5","0","","0","Y","","1","5","3","0","3","0","0","2","0","1","","05","","N","","","","","","","","","",""
"2020091423","","2","0","0","0","0","0","0","0","0","5","0","","67","10","2020","7","39.987714","-75.216154","1700","6","0","0","0","0","0","0","0","0","","0","0","0","","","2","","2","","39 59:15.771","","0","75 12:58.153","8","0","0","0","67301","0","0","0","N","0","0","0","3","67301","0","","1.0","","1","N","N","N","0","","0","0","0","","2","","","2","2","2","0","0","2","1","2","0","2","","03","","N","","","","","","","","","",""
"2020092499","","2","0","0","0","0","0","0","0","0","4","0","","67","10","2020","7","40.032724","-75.072201","1635","6","1","0","0","0","0","0","0","0","","0","0","0","","","2","","1","","40 01:57.808","2","0","75 04:19.924","3","0","0","0","67301","0","0","0","N","0","0","0","3","67301","0","","1.0","1725.0","1","N","N","N","0","","2","0","0","","2","N","","2","2","2","0","0","0","0","2","0","2","","03","","N","","","","","","","","","",""
"2020080310","","0","0","0","0","0","0","0","0","0","5","0","","67","9","2020","3","40.029917","-75.055694","0705","6","0","0","0","0","0","0","0","0","","0","0","0","","","0","N","0","","40 01:47.700","","0","75 03:20.500","0","0","0","0","67301","0","0","0","N","0","0","0","2","67301","0","","1.0","","1","N","N","N","1","","0","0","1","","0","","","2","0","0","0","0","0","0","2","0","2","","03","","N","","","","","","","","","",""
"2020081354","","2","0","0","0","0","0","0","0","0","4","0","","67","10","2020","5","40.013723","-75.097349","2014","6","0","0","0","0","0","0","0","0","","0","0","0","","","1","","1","","40 00:49.401","","0","75 05:50.455","3","0","0","0","67301","0","0","0","N","0","0","0","2","67301","0","","1.0","","1","N","N","N","0","","1","0","0","","2","","","2","1","2","0","0","0","0","2","0","2","","","","N","","","","","","","","","",""
"2020081731","","2","0","0","0","0","0","0","0","0","4","0","","67","10","2020","5","40.107912","-75.026423","1515","6","0","1","0","0","0","0","0","0","","0","0","0","","","1","","2","","40 06:28.483","","0","75 01:35.121","3","0","0","0","67301","0","0","0","N","0","0","0","2","67301","0","","1.0","","1","N","N","N","0","","1","0","0","","2","","","2","1","0","0","0","0","0","2","0","2","","","","N","","","","","","","","","",""
"2020089715","","2","0","0","0","0","0","0","0","0","1","0","","67","10","2020","7","40.013566","-75.179522","0300","6","0","0","0","0","1","0","0","0","","0","0","0","","","0","N","0","","40 00:48.836","1","0","75 10:46.279","9","0","0","0","67301","0","0","0","N","0","0","0","6","67301","0","","1.0","340.0","1","N","N","N","0","","0","0","0","","0","N","","3","0","0","0","0","0","2","2","0","3","","03","","N","","","","","","","","","",""
"2020095643","","0","0","0","0","0","0","0","0","0","7","0","","67","9","2020","4","39.970361","-75.124722","1415","6","0","0","0","0","0","1","0","0","","0","0","0","","","1","","7","","39 58:13.300","","2","75 07:29.000","3","0","0","0","67301","0","0","0","Y","0","0","0","3","68K01","0","","7.0","","1","N","N","N","0","","1","0","3","","0","","","3","1","0","0","0","0","0","2","0","3","","","","N","","","","","","","","","",""
"2020080556","","1","0","0","0","0","0","0","0","0","8","0","","67","9","2020","3","40.043315","-75.147093","1847","6","0","0","0","0","0","1","0","0","","0","0","0","","","1","","1","","40 02:35.933","","0","75 08:49.534","3","0","0","0","67301","1","0","0","N","1","0","0","2","67301","0","","1.0","","9","N","N","N","0","","1","0","0","","3","","","2","1","0","0","0","0","0","2","0","1","","07","","N","","","","","","","","","",""
"2020081543","","1","0","0","0","0","0","0","0","0","5","0","","67","10","2020","5","40.050083","-75.181541","2340","6","0","0","0","0","0","0","0","0","","0","0","0","","","0","N","0","","40 03:00.297","","0","75 10:53.549","0","0","0","0","67301","0","0","0","N","0","0","0","1","67301","0","","6.0","","9","N","N","N","0","","0","0","1","","0","","","2","0","0","0","0","0","0","2","0","2","","","","N","","","","","","","","","",""
"2020082231","","1","0","0","0","0","0","0","0","0","8","0","","67","10","2020","7","40.045333","-75.164917","1400","6","0","0","0","0","0","0","0","0","","0","0","0","","","1","N","0","","40 02:43.200","","0","75 09:53.700","3","0","0","0","67301","1","0","0","N","1","0","0","2","67301","0","","1.0","","1","N","N","N","0","","1","0","0","","0","","","2","1","0","0","0","0","0","2","0","1","","","","N","","","","","","","","","",""
"2020097423","","1","0","0","0","0","0","0","0","0","5","0","","67","10","2020","6","39.982996","-75.207926","0918","6","0","0","0","0","0","1","0","0","","0","0","0","","","1","N","0","","39 58:58.787","4","0","75 12:28.535","8","0","0","0","67301","0","0","0","N","0","0","0","3","68K01","0","","1.0","1025.0","9","N","N","N","2","","0","0","0","","0","N","","3","1","0","0","0","1","0","2","0","3","","","","N","","","","","","","","","",""
"2020090864","","0","0","0","0","0","0","0","0","0","5","0","","67","10","2020","4","39.925039","-75.169456","1325","6","0","0","0","0","0","1","0","0","","0","0","0","","","2","N","0","","39 55:30.140","","0","75 10:10.041","8","0","0","0","67301","0","0","0","N","0","0","0","5","67301","0","","6.0","","99","N","N","N","0","","0","0","1","","0","","","2","2","0","0","0","2","3","2","1","2","","","","N","","","","","","","","","",""
"2020092332","","2","0","0","0","0","0","0","0","0","4","0","","67","10","2020","5","39.922748","-75.220832","1600","6","0","0","0","0","0","1","0","0","","0","0","0","","","0","","2","","39 55:21.892","","0","75 13:14.995","9","0","0","0","67301","0","0","0","N","0","0","0","2","67301","0","","1.0","","9","N","N","N","0","","0","0","0","","3","","","2","0","0","0","0","0","1","2","0","2","","","","N","","","","","","","","","",""
"2020091807","","1","0","0","0","0","0","0","0","0","7","0","","67","10","2020","7","39.974961","-75.117422","1257","6","0","0","0","0","0","0","0","0","","0","0","0","","","0","N","0","","39 58:29.858","2","0","75 07:02.718","0","0","0","0","67301","0","0","0","N","0","0","0","1","68K01","0","","4.0","1256.0","1","N","N","N","0","","0","0","0","","0","N","","1","0","0","0","0","0","0","2","0","1","","","","N","","","","","","","","","",""
"2020097411","","1","0","0","0","0","0","0","0","0","7","0","","67","10","2020","5","39.960832","-75.181782","0431","6","0","0","0","0","1","0","0","0","","0","0","0","","","0","N","0","","39 57:38.994","","0","75 10:54.415","0","0","0","0","67301","0","0","0","N","0","0","0","1","68K01","0","","3.0","","9","N","N","N","0","","0","0","0","","0","","","1","0","0","0","0","0","0","2","0","1","","","","N","","","","","","","","","",""
"2020083284","","0","0","0","0","0","0","0","0","0","7","0","","67","10","2020","5","39.922854","-75.191258","1843","6","0","0","0","0","0","0","0","0","","0","0","0","","","1","N","0","","39 55:22.275","4","0","75 11:28.530","8","0","0","1","67301","0","0","0","N","0","0","0","1","68K01","0","","4.0","30.0","1","N","N","N","0","","0","0","0","","0","N","","1","1","0","0","0","1","0","2","0","1","","","","N","","","","","","","","","",""
"2020092309","","0","0","0","0","0","0","0","0","0","4","0","","67","10","2020","4","39.921667","-75.19025","1042","6","0","0","0","0","0","1","0","0","","0","0","0","","","1","","5","","39 55:18.000","","8","75 11:24.900","3","0","0","0","67301","0","0","0","N","0","0","0","2","67301","0","","1.0","","1","N","N","N","0","","1","0","2","","2","","","2","1","0","0","0","0","1","2","0","2","","","","N","","","","","","","","","",""
"2020092749","","4","0","0","0","0","0","0","0","0","4","0","","67","10","2020","5","39.992749","-75.132519","2214","6","0","0","0","0","0","0","0","0","","0","0","0","","","0","","1","","39 59:33.896","","0","75 07:57.068","9","0","0","0","67301","0","0","0","N","0","0","0","2","67301","0","","1.0","","8","N","N","N","1","","0","0","0","","3","","","6","0","0","0","0","0","1","2","1","6","","","","N","","","","","","","","","",""
"2020083136","","1","0","0","0","0","0","0","0","0","7","0","","67","10","2020","1","40.051105","-75.159048","0100","6","0","0","0","0","0","0","0","0","","0","0","0","","","0","","1","","40 03:03.978","","0","75 09:32.572","9","0","0","0","67301","0","0","0","N","0","0","0","1","67301","0","","4.0","","1","N","N","N","0","","0","0","0","","2","","","1","0","0","0","0","0","1","2","0","1","","","","N","","","","","","","","","",""
"2020080555","","1","0","0","0","0","0","0","0","0","7","0","","67","9","2020","3","40.004563","-75.130023","2309","6","0","0","0","0","0","0","0","0","","0","0","0","","","1","","2","","40 00:16.426","","0","75 07:48.082","3","0","0","0","67301","0","0","0","N","0","0","0","1","67301","0","","1.0","","9","N","N","N","0","","1","0","0","","0","","","1","1","0","0","0","0","0","2","0","1","","07","","N","","","","","","","","","",""
"2020092328","","1","0","0","0","0","0","0","0","0","5","0","","67","10","2020","1","39.945667","-75.240833","0738","6","0","0","0","0","0","0","0","0","","0","0","0","","","0","N","0","","39 56:44.400","6","0","75 14:27.000","9","0","0","0","67301","0","0","0","N","0","0","0","1","67301","0","","6.0","100.0","1","N","N","N","0","","0","0","1","","0","N","","2","0","0","0","0","0","1","2","0","2","","","","N","","","","","","","","","",""
"2020092381","","3","0","0","0","0","0","0","0","0","1","0","","67","10","2020","6","39.999922","-75.168278","1619","6","0","0","0","0","0","0","0","0","","0","0","0","","","1","N","0","","39 59:59.720","","0","75 10:05.800","8","0","0","0","67301","0","0","0","N","0","0","0","4","67301","0","","1.0","","1","N","N","N","0","","0","0","0","","0","","","4","1","2","0","0","1","0","2","0","4","","04","","N","","","","","","","","","",""
"2020101460","","2","0","0","0","0","0","0","0","0","2","0","","67","11","2020","2","39.917159","-75.173552","1007","6","0","0","0","0","1","0","1","0","","0","0","0","","","1","N","2","","39 55:01.772","","0","75 10:24.787","4","0","0","0","67301","0","0","0","N","0","0","0","2","67301","1","","1.0","","1","N","N","N","0","","0","0","0","","0","","","2","1","0","0","0","0","0","2","0","2","","","","N","","","","","","","","","",""
"2020090865","","2","0","0","0","0","0","0","0","0","4","0","","67","10","2020","2","39.95762","-75.145687","1804","6","0","0","0","0","0","0","0","0","","0","0","0","","","0","","1","","39 57:27.432","","0","75 08:44.473","0","0","0","0","67301","0","0","0","N","0","0","0","6","67301","0","","1.0","","9","N","N","N","0","","0","0","0","","2","","","2","0","2","0","0","0","0","2","0","2","","04","","N","","","","","","","","","",""
"2020101162","","1","0","0","0","0","0","0","0","0","0","0","","67","11","2020","1","39.959083","-75.180806","0639","6","0","0","0","0","0","0","0","0","","0","0","0","","","0","","3","","39 57:32.700","","2","75 10:50.900","0","0","0","0","67301","0","0","0","N","0","0","0","2","68K01","0","","1.0","","1","N","N","N","0","","0","0","0","","0","","","1","0","0","0","0","0","0","2","0","1","","","","N","","","","","","","","","",""
"2020089714","","0","0","0","0","0","0","0","0","0","4","0","","67","10","2020","1","40.037114","-75.139649","1924","6","0","0","0","0","0","0","0","0","","0","0","0","","","0","","1","","40 02:13.610","","0","75 08:22.736","0","0","0","0","67301","0","0","0","N","0","0","0","2","67301","0","","1.0","","9","N","N","N","0","","0","0","1","","2","","","2","0","0","0","0","0","0","2","0","2","","","","N","","","","","","","","","",""
"2020096994","","1","0","0","0","0","0","0","0","0","4","0","","67","10","2020","7","40.002389","-75.122221","1206","6","0","0","0","0","0","0","0","0","","0","0","0","","","1","","2","","40 00:08.600","","0","75 07:19.995","2","0","1","1","67301","0","0","0","N","0","0","0","2","67301","0","","1.0","","1","N","N","N","0","","0","1","0","","0","","","2","1","0","0","0","0","0","2","0","2","","03","","N","","","","","","","","","",""
"2020081353","","2","0","0","0","0","0","0","0","0","4","0","","67","9","2020","4","40.012207","-75.100422","1338","6","0","0","0","0","0","1","0","0","","0","0","0","","","1","","1","","40 00:43.945","","0","75 06:01.519","3","0","0","0","67301","0","0","0","N","0","0","0","2","67301","0","","1.0","","1","N","N","Y","0","","1","0","1","","3","","","3","1","0","0","0","0","0","2","0","3","","03","","N","","","","","","","","","",""
"2020082235","","1","0","0","0","0","0","0","0","0","1","0","","67","10","2020","6","39.880306","-75.240028","1322","6","0","0","0","0","0","0","0","0","","0","0","0","","","2","N","0","","39 52:49.100","","0","75 14:24.100","3","0","0","0","67301","0","0","0","N","0","0","0","4","67301","0","","1.0","","1","N","N","N","0","","2","0","1","","0","","","2","2","0","0","0","0","0","2","0","2","","03","","N","","","","","","","","","",""
"2020083036","","4","0","0","0","0","0","0","0","0","5","0","","67","10","2020","1","40.020361","-75.154528","2118","6","0","0","0","0","0","0","0","0","","0","0","0","","","1","","7","","40 01:13.300","","2","75 09:16.300","3","0","0","0","67301","0","0","0","N","0","0","0","8","67301","0","","7.0","","1","N","N","N","0","","1","0","0","","0","","","6","1","0","0","0","0","0","2","0","6","","03","","N","","","","","","","","","",""
"2020080962","","0","0","0","0","0","0","0","0","0","8","0","","67","9","2020","3","40.009868","-75.156024","1100","6","0","0","0","0","0","0","0","0","","0","0","0","","","1","","1","","40 00:35.524","","0","75 09:21.688","3","0","0","0","67301","1","0","0","N","1","0","0","2","67301","0","","1.0","","1","N","N","N","0","","1","0","1","","2","","","2","1","0","0","0","0","0","2","0","1","","","","N","","","","","","","","","",""
"2020080312","","0","0","0","0","0","0","0","0","0","4","0","","67","9","2020","3","39.985817","-75.152481","0728","6","0","0","0","0","0","0","0","0","","0","0","0","","","1","","1","","39 59:08.941","","0","75 09:08.931","3","0","0","1","67301","0","0","0","N","0","0","0","2","67301","0","","1.0","","1","N","N","N","1","","1","0","0","","2","","","2","1","0","0","0","0","0","2","0","2","","03","","N","","","","","","","","","",""
"2020081930","","1","0","0","0","0","0","0","0","0","7","0","","67","10","2020","5","39.977701","-75.226392","0250","6","0","0","0","0","0","0","0","0","","0","0","0","","","0","","2","","39 58:39.724","","0","75 13:35.012","0","0","0","0","67301","0","0","0","N","0","0","0","1","67301","0","","3.0","","1","N","N","N","0","","0","0","0","","3","","","1","0","0","0","0","0","0","2","0","1","","03","","N","","","","","","","","","",""
"2020097447","","1","0","0","0","0","0","0","0","0","1","0","","67","11","2020","1","39.958846","-75.170614","1449","6","0","0","0","0","0","0","0","0","","0","0","0","","","1","N","0","","39 57:31.846","3","0","75 10:14.209","8","0","0","0","67301","0","0","0","N","0","0","0","6","68K01","0","","1.0","1520.0","9","N","N","N","0","","0","0","2","","0","N","","3","1","0","0","0","1","0","2","0","3","","07","","N","","","","","","","","","",""