"CRN","ARRIVAL_TM","AUTOMOBILE_COUNT","BELTED_DEATH_COUNT","BELTED_SUSP_SERIOUS_INJ_COUNT","BICYCLE_COUNT","BICYCLE_DEATH_COUNT","BICYCLE_SUSP_SERIOUS_INJ_COUNT","BUS_COUNT","CHLDPAS_DEATH_COUNT","CHLDPAS_SUSP_SERIOUS_INJ_COUNT","COLLISION_TYPE","COMM_VEH_COUNT","CONS_ZONE_SPD_LIM","COUNTY","CRASH_MONTH","CRASH_YEAR","DAY_OF_WEEK","DEC_LATITUDE","DEC_LONGITUDE","DISPATCH_TM","DISTRICT","DRIVER_COUNT_16YR","DRIVER_COUNT_17YR","DRIVER_COUNT_18YR","DRIVER_COUNT_19YR","DRIVER_COUNT_20YR","DRIVER_COUNT_50_64YR","DRIVER_COUNT_65_74YR","DRIVER_COUNT_75PLUS","EST_HRS_CLOSED","FATAL_COUNT","HEAVY_TRUCK_COUNT","HORSE_BUGGY_COUNT","HOUR_OF_DAY","ILLUMINATION","INJURY_COUNT","INTERSECTION_RELATED","INTERSECT_TYPE","LANE_CLOSED","LATITUDE","LN_CLOSE_DIR","LOCATION_TYPE","LONGITUDE","MAX_SEVERITY_LEVEL","MCYCLE_DEATH_COUNT","MCYCLE_SUSP_SERIOUS_INJ_COUNT","MOTORCYCLE_COUNT","MUNICIPALITY","NONMOTR_COUNT","NONMOTR_DEATH_COUNT","NONMOTR_SUSP_SERIOUS_INJ_COUNT","NTFY_HIWY_MAINT","PED_COUNT","PED_DEATH_COUNT","PED_SUSP_SERIOUS_INJ_COUNT","PERSON_COUNT","POLICE_AGCY","POSSIBLE_INJ_COUNT","RDWY_SURF_TYPE_CD","RELATION_TO_ROAD","ROADWAY_CLEARED","ROAD_CONDITION","SCH_BUS_IND","SCH_ZONE_IND","SECONDARY_CRASH","SMALL_TRUCK_COUNT","SPEC_JURIS_CD","SUSP_MINOR_INJ_COUNT","SUSP_SERIOUS_INJ_COUNT","SUV_COUNT","TCD_FUNC_CD","TCD_TYPE","TFC_DETOUR_IND","TIME_OF_DAY","TOTAL_UNITS","TOT_INJ_COUNT","UNBELTED_OCC_COUNT","UNB_DEATH_COUNT","UNB_SUSP_SERIOUS_INJ_COUNT","UNK_INJ_DEG_COUNT","UNK_INJ_PER_COUNT","URBAN_RURAL","VAN_COUNT","VEHICLE_COUNT","WEATHER1","WEATHER2","WORKERS_PRES","WORK_ZONE_IND","WORK_ZONE_LOC","WORK_ZONE_TYPE","WZ_CLOSE_DETOUR","WZ_FLAGGER","WZ_LAW_OFFCR_IND","WZ_LN_CLOSURE","WZ_MOVING","WZ_OTHER","WZ_SHLDER_MDN","WZ_WORKERS_INJ_KILLED"
"2020112973","","1","0","0","0","0","0","0","0","0","2","0","","67","12","2020","2","39.99178","-75.186379","1927","6","0","0","0","0","0","0","1","0","","0","0","0","","","3","","1","","39 59:30.408","","0","75 11:10.966","2","0","0","0","67301","0","0","0","N","0","0","0","5","67301","0","","1.0","","1","N","N","N","0","","2","1","1","","2","","","2","3","0","0","0","0","0","2","0","2","","03","","N","","","","","","","","","",""
"2020100320","","0","0","0","0","0","0","0","0","0","1","0","55","67","11","2020","6","39.980898","-75.103744","0650","6","0","0","0","0","0","1","0","0","","0","0","0","","","1","N","0","","39 58:51.233","2","0","75 06:13.480","8","0","0","0","67301","0","0","0","N","0","0","0","3","68K01","0","","1.0","705.0","1","N","N","N","1","","0","0","2","","0","N","","3","1","0","0","0","1","0","2","0","3","","03","Y","Y","4","1","N","N","N","N","N","N","Y","N"
"2020089083","","1","0","0","0","0","0","0","0","0","5","0","","67","10","2020","7","39.959121","-75.171889","1826","6","0","0","0","0","0","1","0","0","","0","0","0","","","0","N","0","","39 57:32.836","4","0","75 10:18.799","0","0","0","0","67301","0","0","0","N","0","0","0","2","68K01","0","","1.0","1855.0","1","N","N","N","0","","0","0","1","","0","N","","2","0","0","0","0","0","0","2","0","2","","","","N","","","","","","","","","",""
"2020082493","","2","0","0","0","0","0","0","0","0","4","0","","67","9","2020","3","39.980165","-75.269272","2112","6","0","0","0","0","0","0","0","0","","0","0","0","","","2","","1","","39 58:48.595","","0","75 16:09.378","3","0","0","0","67301","0","0","0","N","0","0","0","2","67301","0","","1.0","","9","N","N","N","0","","2","0","0","","2","","","2","2","0","0","0","0","0","2","0","2","","07","","N","","","","","","","","","",""
"2020096473","","1","0","0","0","0","0","0","0","0","6","0","","67","11","2020","1","40.017359","-75.211413","1633","6","0","0","0","0","0","0","1","0","","0","0","0","","","2","N","0","","40 01:02.494","2","0","75 12:41.085","3","0","0","0","67301","0","0","0","N","0","0","0","3","67301","0","","1.0","1825.0","9","N","N","N","0","","2","0","1","","0","Y","","2","2","0","0","0","0","0","2","0","2","","07","","N","","","","","","","","","",""
"2020104797","","2","0","0","0","0","0","0","0","0","1","0","","67","12","2020","5","40.006759","-75.19337","0910","6","0","0","0","0","1","1","0","0","","0","0","0","","","1","N","0","","40 00:24.333","","3","75 11:36.133","3","0","0","0","67301","0","0","0","N","0","0","0","2","67301","0","","1.0","","1","N","N","N","0","","1","0","0","","0","","","2","1","0","0","0","0","0","2","0","2","","03","","N","","","","","","","","","",""
"2020080711","","1","0","0","0","0","0","0","0","0","7","0","","67","9","2020","4","40.088934","-75.045494","0817","6","0","0","0","0","0","0","0","0","","0","0","0","","","0","N","0","","40 05:20.162","6","0","75 02:43.778","0","0","0","0","67301","0","0","0","N","0","0","0","1","67301","0","","4.0","845.0","9","N","N","N","0","","0","0","0","","0","N","","1","0","0","0","0","0","0","2","0","1","","03","","N","","","","","","","","","",""
"2020089886","","1","0","0","0","0","0","0","0","0","4","0","","67","10","2020","2","40.003814","-75.157356","1030","6","0","0","0","0","0","1","0","0","","0","0","0","","","1","","1","","40 00:13.730","","0","75 09:26.481","3","0","0","0","67301","0","0","0","N","0","0","0","2","67301","0","","1.0","","9","N","N","N","0","","1","0","1","","3","","","2","1","0","0","0","0","0","2","0","2","","04","","N","","","","","","","","","",""
"2020097416","","1","0","0","0","0","0","0","0","0","7","0","45","67","10","2020","5","40.011534","-75.060664","2317","6","0","0","0","0","0","0","0","0","","0","0","0","","","0","N","0","","40 00:41.524","1","0","75 03:38.390","0","0","0","0","67301","0","0","0","N","0","0","0","2","68K01","0","","3.0","1145.0","9","N","N","Y","0","","0","0","1","","0","N","","2","0","0","0","0","0","0","2","0","2","","","N","Y","4","1","","","N","Y","","","","N"
"2020080869","","1","0","0","0","0","0","0","0","0","4","0","","67","9","2020","4","40.05059","-75.142211","1819","6","0","0","0","0","0","0","0","0","","0","0","0","","","1","","1","","40 03:02.124","","0","75 08:31.960","3","0","0","0","67301","0","0","0","N","0","0","0","3","67301","0","","1.0","","2","N","N","N","0","","1","0","2","","2","","","3","1","0","0","0","0","0","2","0","3","","03","","N","","","","","","","","","",""
"2020081545","","0","0","0","0","0","0","0","0","0","5","0","","67","10","2020","6","40.037408","-75.173098","1548","6","0","0","0","0","0","0","0","0","","0","0","0","","","1","","2","","40 02:14.668","","0","75 10:23.152","3","0","0","0","67301","0","0","0","N","0","0","0","3","67301","0","","1.0","","1","N","N","N","0","","1","0","1","","0","","","2","1","2","0","0","0","0","2","1","2","","03","","N","","","","","","","","","",""
"2020082985","","0","0","0","0","0","0","1","0","0","4","1","","67","9","2020","4","39.966575","-75.239816","0045","6","0","0","0","0","0","0","0","0","","0","0","0","","","1","","1","","39 57:59.670","","0","75 14:23.337","8","0","0","0","67301","0","0","0","N","0","0","0","2","67508","0","","1.0","","1","N","N","Y","0","","0","0","1","","2","","","2","1","0","0","0","1","0","2","0","2","","03","","N","","","","","","","","","",""
"2020083028","","1","0","0","0","0","0","0","0","0","5","0","","67","10","2020","7","39.983556","-75.105556","2331","6","0","0","0","0","0","0","0","0","","0","0","0","","","0","N","0","","39 59:00.800","3","0","75 06:20.000","9","0","0","0","67301","0","0","0","N","0","0","0","1","67301","0","","6.0","15.0","1","N","N","N","0","","0","0","1","","0","Y","","2","0","0","0","0","0","1","2","0","2","","03","","N","","","","","","","","","",""
"2020083565","","1","0","0","0","0","0","0","0","0","4","0","","67","10","2020","1","40.002789","-75.137842","1414","6","0","0","0","0","0","2","0","0","","0","0","0","","","1","","1","","40 00:10.040","","0","75 08:16.231","3","0","0","0","67301","0","0","0","N","0","0","0","2","67301","0","","1.0","","1","N","N","N","1","","1","0","0","","2","","","2","1","0","0","0","0","0","2","0","2","","03","","N","","","","","","","","","",""
"2020083014","","1","0","0","0","0","0","0","0","0","4","0","","67","10","2020","1","39.957972","-75.164139","1616","6","0","0","0","0","0","0","0","0","","0","0","0","","","1","","5","","39 57:28.700","","8","75 09:50.900","3","0","0","0","67301","0","0","0","N","0","0","0","3","67301","0","","1.0","","1","N","N","N","0","","1","0","1","","2","","","2","1","0","0","0","0","0","2","0","2","","03","","N","","","","","","","","","",""
"2020082035","","1","0","0","0","0","0","0","0","0","5","0","","67","10","2020","6","39.959628","-75.239225","1942","6","0","0","0","0","0","1","0","0","","0","0","0","","","1","N","0","","39 57:34.660","","0","75 14:21.210","2","0","1","1","67301","0","0","0","N","0","0","0","2","67301","0","","1.0","","1","N","N","N","0","","0","1","1","","0","","","3","1","0","0","0","0","0","2","0","3","","","","N","","","","","","","","","",""
"2020082232","","0","0","0","0","0","0","0","0","0","7","0","","67","10","2020","1","39.972173","-75.244979","0432","6","0","0","0","0","0","0","0","0","","0","0","0","","","1","","1","","39 58:19.823","","0","75 14:41.924","4","0","0","0","67301","0","0","0","N","0","0","0","2","67301","1","","4.0","","1","N","N","N","0","","0","0","1","","0","","","1","1","0","0","0","0","0","2","0","1","","03","","N","","","","","","","","","",""
"2020090986","","1","0","0","0","0","0","0","0","0","4","0","","67","10","2020","4","39.977211","-75.226752","0603","6","0","0","0","0","0","1","0","0","","0","0","0","","","2","","1","","39 58:37.959","4","0","75 13:36.308","4","0","0","0","67301","0","0","0","N","0","0","0","2","67301","2","","1.0","700.0","1","N","N","N","0","","0","0","1","","2","N","","2","2","0","0","0","0","0","2","0","2","","","","N","","","","","","","","","",""
"2020097835","","1","0","0","0","0","0","0","0","0","4","0","","67","10","2020","3","40.03501","-75.063914","2140","6","0","0","0","0","0","0","1","0","","0","0","0","","","0","N","0","","40 02:06.036","","7","75 03:50.089","9","0","0","0","67301","0","0","0","N","0","0","0","3","67301","0","","1.0","","1","N","N","N","1","","0","0","0","","0","","","2","0","0","0","0","0","1","2","0","2","","","","N","","","","","","","","","",""
"2020089458","","1","0","0","0","0","0","0","0","0","7","0","","67","10","2020","1","40.041908","-75.123964","0111","6","0","0","0","0","0","0","0","0","","0","0","0","","","0","","1","","40 02:30.868","","0","75 07:26.270","0","0","0","0","67301","0","0","0","N","0","0","0","1","67301","0","","4.0","","1","N","N","N","0","","0","0","0","","2","","","1","0","0","0","0","0","0","2","0","1","","03","","N","","","","","","","","","",""
"2020083333","","0","0","0","0","0","0","0","0","0","8","0","","67","10","2020","1","39.967131","-75.1639","2138","6","0","0","0","0","0","0","0","0","","0","0","0","","","1","N","0","","39 58:01.670","","0","75 09:50.040","3","0","0","0","67301","1","0","0","N","1","0","0","2","67301","0","","1.0","","1","N","N","N","0","","1","0","1","","0","","","2","1","0","0","0","0","0","2","0","1","","03","","N","","","","","","","","","",""
"2020089080","","1","0","0","0","0","0","0","0","0","5","0","45","67","10","2020","7","39.977021","-75.113482","0947","6","0","0","0","0","0","0","0","0","","0","0","0","","","0","N","0","","39 58:37.277","2","0","75 06:48.535","0","0","0","0","67301","0","0","0","N","0","0","0","2","68K01","0","","1.0","1005.0","1","N","N","N","0","","0","0","0","","0","N","","2","0","1","0","0","0","0","2","0","2","","","N","Y","8","1","","","N","","","","Y","N"
"2020100081","","1","0","0","0","0","0","0","0","0","4","0","","67","11","2020","6","40.068146","-75.061106","1739","6","0","0","0","0","0","0","1","0","","0","0","0","","","0","N","1","","40 04:05.325","","0","75 03:39.981","9","0","0","1","67301","0","0","0","N","0","0","0","2","67301","0","","1.0","","1","N","N","N","0","","0","0","0","","0","","","2","0","0","0","0","0","1","2","0","2","","03","","N","","","","","","","","","",""
"2020111186","","2","0","0","0","0","0","0","0","0","4","0","","67","12","2020","1","39.956447","-75.164443","0246","6","0","0","0","0","0","0","0","0","","0","0","0","","","3","","1","","39 57:23.209","","0","75 09:51.995","4","0","0","0","67301","0","0","0","N","0","0","0","4","67301","3","","1.0","","2","N","N","N","0","","0","0","0","","2","","","2","3","2","0","0","0","0","2","0","2","","98","","N","","","","","","","","","",""
"2020093403","","1","0","0","0","0","0","0","0","0","1","0","","67","10","2020","2","39.957177","-75.227228","1700","6","0","0","0","1","0","1","0","0","","0","0","0","","","2","N","0","","39 57:25.836","","0","75 13:38.021","4","0","0","0","67301","0","0","0","N","0","0","0","2","67508","2","","1.0","","1","N","N","Y","0","","0","0","1","","0","","","2","2","0","0","0","0","0","2","0","2","","07","","N","","","","","","","","","",""
"2020103275","","0","0","0","0","0","0","0","0","0","0","0","","67","10","2020","6","39.945474","-75.142619","1018","6","0","0","0","0","0","0","0","0","","0","0","0","","","0","N","0","","39 56:43.708","2","0","75 08:33.428","0","0","0","0","67301","0","0","0","N","0","0","0","2","68K01","0","","1.0","1045.0","9","N","Y","N","0","","0","0","1","","0","Y","","1","0","0","0","0","0","0","2","0","1","","","","N","","","","","","","","","",""
"2020098011","","1","0","0","0","0","0","0","0","0","0","0","","67","11","2020","1","40.014279","-75.178638","1440","6","0","0","0","0","0","0","0","0","","0","0","0","","","1","N","0","","40 00:51.406","2","0","75 10:43.098","8","0","0","0","67301","0","0","0","N","0","0","0","1","67301","0","","1.0","1400.0","9","N","N","N","0","","0","0","0","","0","N","","2","1","0","0","0","1","0","2","0","1","","07","","N","","","","","","","","","",""
"2020092358","","1","0","0","0","0","0","0","0","0","4","0","","67","10","2020","4","39.977084","-75.168048","1938","6","0","0","0","0","0","1","0","0","","0","0","0","","","0","","1","","39 58:37.502","","0","75 10:04.972","0","0","0","0","67301","0","0","0","N","0","0","0","3","67301","0","","1.0","","1","N","N","N","0","","0","0","2","","2","","","3","0","0","0","0","0","0","2","0","3","","03","","N","","","","","","","","","",""
"2020093301","","2","0","0","0","0","0","0","0","0","4","0","","67","10","2020","4","40.015677","-75.140093","1249","6","0","0","1","0","0","0","0","0","","0","0","0","","","1","","1","","40 00:56.437","3","0","75 08:24.334","3","0","0","0","67301","0","0","0","N","0","0","0","4","67301","0","","1.0","1355.0","1","N","N","N","0","","1","0","0","","3","N","","2","1","0","0","0","0","0","2","0","2","","","","N","","","","","","","","","",""
"2020102065","","1","0","0","0","0","0","0","0","0","8","0","","67","11","2020","6","40.001084","-75.215384","1856","6","0","0","0","0","0","0","1","0","","0","0","0","","","1","","1","","40 00:03.902","","0","75 12:55.382","3","0","0","0","67301","1","0","0","N","1","0","0","2","67301","0","","1.0","","1","N","N","N","0","","1","0","0","","2","","","2","1","0","0","0","0","0","2","0","1","","03","","N","","","","","","","","","",""
"2020080315","","0","0","0","0","0","0","0","0","0","4","0","","67","9","2020","3","40.029908","-75.14601","1342","6","0","0","0","0","0","0","0","0","","0","0","0","","","1","","1","","40 01:47.668","","0","75 08:45.635","3","0","0","0","67301","0","0","0","N","0","0","0","2","67301","0","","1.0","","9","N","N","N","0","","1","0","1","","2","","","2","1","0","0","0","0","0","2","0","2","","07","","N","","","","","","","","","",""
"2020082507","","1","0","0","0","0","0","0","0","0","7","0","","67","10","2020","6","39.955293","-75.147783","0025","6","0","0","0","0","0","0","0","0","","0","0","0","","","0","N","0","","39 57:19.055","","2","75 08:52.019","0","0","0","0","67301","0","0","0","N","0","0","0","2","67501","0","","4.0","","9","N","N","N","0","","0","0","0","","0","","","1","0","0","0","0","0","0","2","0","1","","","","N","","","","","","","","","",""
"2020092364","","2","0","0","0","0","0","0","0","0","5","0","","67","10","2020","5","40.011078","-75.097909","0259","6","0","0","0","0","0","0","0","0","","0","0","0","","","0","N","0","","40 00:39.882","","0","75 05:52.473","0","0","0","0","67301","0","0","0","N","0","0","0","1","67301","0","","6.0","","1","N","N","N","0","","0","0","3","","0","","","7","0","0","0","0","0","0","2","2","7","","03","","N","","","","","","","","","",""
"2020090140","","1","0","0","0","0","0","0","0","0","4","0","","67","10","2020","2","39.991583","-75.184705","1501","6","0","0","0","0","0","0","0","0","","0","0","0","","","0","","1","","39 59:29.698","","0","75 11:04.939","0","0","0","0","67301","0","0","0","N","0","0","0","2","67301","0","","1.0","","9","N","N","N","0","","0","0","1","","2","","","2","0","0","0","0","0","0","2","0","2","","04","","N","","","","","","","","","",""
"2020081099","","0","0","0","0","0","0","0","0","0","8","0","","67","10","2020","5","39.924917","-75.16962","1044","6","0","0","0","0","0","0","1","0","","0","0","0","","","1","N","0","","39 55:29.700","","0","75 10:10.632","3","0","0","0","67301","1","0","0","N","1","0","0","2","67301","0","","1.0","","1","N","N","N","0","","1","0","1","","0","","","2","1","1","0","0","0","0","2","0","1","","03","","N","","","","","","","","","",""
"2020090260","","0","0","0","0","0","0","0","0","0","7","0","","67","10","2020","2","40.007865","-75.172261","1738","6","0","0","0","0","0","0","0","0","","0","0","0","","","1","","1","","40 00:28.314","","0","75 10:20.141","8","0","0","0","67301","0","0","0","N","0","0","0","1","67301","0","","4.0","","9","N","N","N","0","","0","0","1","","2","","","1","1","0","0","0","1","0","2","0","1","","07","","N","","","","","","","","","",""
"2020101679","","2","0","0","0","0","0","0","0","0","4","0","","67","11","2020","3","40.072706","-75.198406","0800","6","0","0","0","0","0","0","0","0","","0","0","0","","","0","N","0","","40 04:21.740","","0","75 11:54.260","0","0","0","0","67301","0","0","0","N","0","0","0","1","67301","0","","1.0","","1","N","N","Y","0","","0","0","1","","0","","","3","0","0","0","0","0","0","2","0","3","","03","","N","","","","","","","","","",""
"2020090138","","0","0","0","1","0","0","0","0","0","8","0","","67","10","2020","7","40.022436","-75.05002","1349","6","0","0","1","0","0","0","0","0","","0","0","0","","","1","N","0","","40 01:20.770","","7","75 03:00.073","3","0","0","0","67301","1","0","0","N","0","0","0","2","67301","0","","1.0","","1","N","N","N","0","","1","0","1","","0","","","2","1","0","0","0","0","0","2","0","1","","","","N","","","","","","","","","",""
"2020081861","","2","0","0","0","0","0","0","0","0","4","0","","67","10","2020","6","39.974372","-75.147028","2120","6","0","0","0","0","0","0","0","0","","0","0","0","","","0","N","0","","39 58:27.740","","7","75 08:49.300","0","0","0","0","67301","0","0","0","N","0","0","0","2","67301","0","","1.0","","1","N","N","N","0","","0","0","1","","0","","","3","0","0","0","0","0","0","2","0","3","","","","N","","","","","","","","","",""
"2020082332","","1","0","0","1","0","0","0","0","0","8","0","","67","10","2020","1","40.083167","-74.972111","1447","6","0","0","0","0","0","0","0","0","","0","0","0","","","1","N","0","","40 04:59.400","","0","74 58:19.600","3","0","0","0","67301","1","0","0","N","0","0","0","2","67301","0","","1.0","","1","N","N","N","0","","1","0","0","","0","","","2","1","0","0","0","0","0","2","0","1","","03","","N","","","","","","","","","",""
"2020093223","","2","0","0","0","0","0","0","0","0","5","0","","67","10","2020","7","39.994306","-75.111194","0615","6","0","0","0","0","0","0","0","0","","0","0","0","","","0","N","0","","39 59:39.500","2","0","75 06:40.300","9","0","0","0","67301","0","0","0","N","0","0","0","1","67301","0","","6.0","700.0","1","N","N","N","0","","0","0","0","","0","Y","","2","0","0","0","0","0","1","2","0","2","","03","","N","","","","","","","","","",""
"2020082129","","1","0","0","0","0","0","0","0","0","4","0","","67","10","2020","1","39.947778","-75.227428","1054","6","0","0","0","0","0","0","1","0","","0","0","0","","","2","","1","","39 56:52.000","","0","75 13:38.740","3","0","0","0","67301","0","0","0","N","0","0","0","3","67301","0","","1.0","","1","N","N","N","0","","2","0","1","","2","","","2","2","1","0","0","0","1","2","0","2","","03","","N","","","","","","","","","",""
"2020082032","","1","0","0","0","0","0","0","0","0","4","0","","67","10","2020","6","40.040474","-75.047431","1547","6","0","0","0","0","0","1","0","0","","0","0","0","","","2","","1","","40 02:25.707","3","0","75 02:50.752","3","0","0","0","67301","0","0","0","N","0","0","0","2","67301","0","","1.0","100.0","1","N","N","Y","0","","2","0","1","","2","Y","","2","2","0","0","0","0","0","2","0","2","","03","","N","","","","","","","","","",""
"2020089572","","2","0","0","0","0","0","0","0","0","4","0","","67","10","2020","7","39.957138","-75.214338","1958","6","0","0","0","1","0","0","0","0","","0","0","0","","","2","","1","","39 57:25.696","","0","75 12:51.617","3","0","0","0","67301","0","0","0","N","0","0","0","4","67301","0","","1.0","","1","N","N","N","0","","2","0","0","","2","","","2","2","0","0","0","0","0","2","0","2","","03","","N","","","","","","","","","",""
"2020089186","","1","0","0","0","0","0","0","0","0","8","0","","67","10","2020","6","40.027911","-75.137419","1830","6","0","0","0","0","0","0","0","0","","0","0","0","","","1","","1","","40 01:40.479","","0","75 08:14.708","3","0","0","0","67301","1","0","0","N","1","0","0","2","67301","0","","1.0","","1","N","N","N","0","","1","0","0","","3","","","2","1","0","0","0","0","0","2","0","1","","","","N","","","","","","","","","",""
"2020081072","","1","0","0","0","0","0","0","0","0","4","0","","67","10","2020","5","39.955075","-75.191623","1038","6","0","0","0","0","0","1","0","0","","0","0","0","","","0","","1","","39 57:18.270","","0","75 11:29.842","0","0","0","0","67301","0","0","0","N","0","0","0","2","67507","0","","1.0","","1","","","N","1","","0","0","0","","3","","","2","0","0","0","0","0","0","2","0","2","","03","","N","","","","","","","","","",""
"2020103015","","3","0","0","0","0","0","0","0","0","4","0","","67","11","2020","2","39.975501","-75.255445","2333","6","0","0","0","0","0","0","0","0","","0","0","0","","","0","","2","","39 58:31.803","","0","75 15:19.602","0","0","0","0","67301","0","0","0","N","0","0","0","3","67301","0","","1.0","","9","N","N","N","0","","0","0","0","","2","","","3","0","0","0","0","0","0","2","0","3","","04","","N","","","","","","","","","",""
"2020081733","","1","0","0","0","0","0","0","0","0","7","0","","67","10","2020","5","39.962266","-75.171262","1030","6","0","0","0","0","0","0","0","0","","0","0","0","","","1","","1","","39 57:44.157","1","0","75 10:16.543","3","0","0","0","67301","0","0","0","N","0","0","0","1","67301","0","","4.0","30.0","1","N","N","N","0","","1","0","0","","3","Y","","1","1","1","0","0","0","0","2","0","1","","03","","N","","","","","","","","","",""
"2020089567","","1","0","0","0","0","0","0","0","0","1","0","","67","10","2020","7","40.125981","-75.014553","1909","6","0","0","0","0","0","0","0","0","","0","0","0","","","1","N","0","","40 07:33.531","","0","75 00:52.391","4","0","0","0","67301","0","0","0","N","0","0","0","2","67301","1","","1.0","","1","N","N","N","0","","0","0","0","","0","","","2","1","0","0","0","0","0","2","1","2","","03","","N","","","","","","","","","",""
"2020081932","","1","0","0","0","0","0","0","0","0","7","0","","67","10","2020","7","39.992391","-75.165066","0301","6","0","0","1","0","0","0","0","0","","0","0","0","","","6","","2","","39 59:32.607","","0","75 09:54.237","2","0","0","0","67301","0","0","0","N","0","0","0","6","67301","2","","4.0","","1","N","N","N","0","","3","1","0","","0","","","1","6","0","0","0","0","0","2","0","1","","03","","N","","","","","","","","","",""
"2020083133","","0","0","0","1","0","0","0","0","0","8","0","","67","10","2020","1","39.93322","-75.151047","1907","6","0","0","0","0","0","0","0","0","","0","0","0","","","1","","1","","39 55:59.592","","0","75 09:03.769","3","0","0","0","67301","1","0","0","N","0","0","0","2","67301","0","","1.0","","1","N","N","N","0","","1","0","0","","3","","","2","1","0","0","0","0","0","2","0","1","","03","","N","","","","","","","","","",""
"2020083025","","1","0","0","1","0","0","0","0","0","8","0","","67","10","2020","7","39.981781","-75.181896","1735","6","0","0","0","0","0","0","0","0","","0","0","0","","","1","","1","","39 58:54.410","","0","75 10:54.826","3","0","0","0","67301","1","0","0","N","0","0","0","2","67301","0","","1.0","","1","N","N","N","0","","1","0","0","","2","","","2","1","0","0","0","0","0","2","0","1","","03","","N","","","","","","","","","",""
"2020091348","","0","0","0","0","0","0","0","0","0","8","0","","67","10","2020","5","40.039172","-75.034374","0748","6","0","0","0","0","0","1","0","0","","0","0","0","","","1","","2","","40 02:21.020","","0","75 02:03.748","3","0","0","0","67301","1","0","0","N","1","0","0","2","67301","0","","1.0","","9","N","N","N","0","","1","0","0","","3","","","2","1","0","0","0","0","0","2","1","1","","","","N","","","","","","","","","",""
"2020081970","","1","0","0","0","0","0","0","0","0","7","0","","67","9","2020","4","39.986883","-75.207956","0103","6","0","0","0","0","0","0","0","0","","0","0","0","","","0","N","0","","39 59:12.779","3","0","75 12:28.640","0","0","0","0","67301","0","0","0","N","0","0","0","1","68K01","0","","3.0","111.0","9","N","N","N","0","","0","0","0","","0","N","","1","0","0","0","0","0","0","2","0","1","","07","","N","","","","","","","","","",""
"2020081973","","0","0","0","0","0","0","0","0","0","7","0","","67","9","2020","4","39.942371","-75.142954","0344","6","0","0","0","0","0","0","0","0","","0","0","0","","","0","N","0","","39 56:32.535","","0","75 08:34.635","0","0","0","0","67301","0","0","0","N","0","0","0","1","68K01","0","","4.0","","1","N","N","N","0","","0","0","1","","0","","","1","0","0","0","0","0","0","2","0","1","","","","N","","","","","","","","","",""
"2020080059","","2","0","0","0","0","0","0","0","0","4","0","","67","9","2020","2","40.067743","-75.1625","1044","6","0","0","0","0","0","0","0","0","","0","0","0","","","0","","1","","40 04:03.874","","0","75 09:44.999","0","0","0","0","67301","0","0","0","N","0","0","0","3","67301","0","","1.0","","1","N","N","N","0","","0","0","0","","3","","","2","0","0","0","0","0","0","2","0","2","","03","","N","","","","","","","","","",""
"2020092315","","2","0","0","0","0","0","0","0","0","4","0","","67","10","2020","5","40.043169","-75.073863","1754","6","0","1","0","0","0","0","0","0","","0","0","0","","","0","","1","","40 02:35.410","6","0","75 04:25.905","0","0","0","0","67301","0","0","0","N","0","0","0","3","67301","0","","1.0","1900.0","9","N","N","N","0","","0","0","0","","2","Y","","3","0","0","0","0","0","0","2","1","3","","","","N","","","","","","","","","",""
"2020101745","","1","0","0","0","0","0","0","0","0","7","0","","67","11","2020","5","40.059678","-75.025447","0042","6","0","0","0","0","0","0","0","0","","0","0","0","","","1","N","0","","40 03:34.840","","0","75 01:31.610","3","0","0","0","67301","0","0","0","N","0","0","0","1","67301","0","","5.0","","1","N","N","N","0","","1","0","0","","0","","","1","1","1","0","0","0","0","2","0","1","","03","","N","","","","","","","","","",""
"2020094389","","1","0","0","0","0","0","0","0","0","7","0","45","67","10","2020","5","40.009406","-75.065658","2245","6","0","0","0","0","0","0","0","0","","0","0","0","","","0","N","0","","40 00:33.862","1","0","75 03:56.370","0","0","0","0","67301","0","0","0","N","0","0","0","1","68K01","0","","4.0","1145.0","9","N","N","N","0","","0","0","0","","0","N","","1","0","0","0","0","0","0","2","0","1","","","N","Y","4","1","","","N","Y","","","","N"
"2020089711","","0","0","0","0","0","0","0","0","0","4","0","","67","10","2020","2","40.089186","-75.021009","0014","6","0","0","0","0","0","1","0","0","","0","0","0","","","1","","1","","40 05:21.068","","0","75 01:15.633","4","0","0","0","67301","0","0","0","N","0","0","0","2","67301","1","","1.0","","9","N","N","N","0","","0","0","2","","2","","","2","1","0","0","0","0","1","2","0","2","","","","N","","","","","","","","","",""
"2020082333","","1","0","0","0","0","0","0","0","0","4","0","","67","10","2020","7","39.927472","-75.243194","1527","6","0","0","0","0","1","0","0","0","","0","0","0","","","1","","1","","39 55:38.900","","0","75 14:35.500","8","0","0","0","67301","0","0","0","N","0","0","0","2","67301","0","","1.0","","1","N","N","N","0","","0","0","1","","3","","","2","1","0","0","0","1","1","2","0","2","","03","","N","","","","","","","","","",""