"CRN","ARRIVAL_TM","AUTOMOBILE_COUNT","BELTED_DEATH_COUNT","BELTED_SUSP_SERIOUS_INJ_COUNT","BICYCLE_COUNT","BICYCLE_DEATH_COUNT","BICYCLE_SUSP_SERIOUS_INJ_COUNT","BUS_COUNT","CHLDPAS_DEATH_COUNT","CHLDPAS_SUSP_SERIOUS_INJ_COUNT","COLLISION_TYPE","COMM_VEH_COUNT","CONS_ZONE_SPD_LIM","COUNTY","CRASH_MONTH","CRASH_YEAR","DAY_OF_WEEK","DEC_LATITUDE","DEC_LONGITUDE","DISPATCH_TM","DISTRICT","DRIVER_COUNT_16YR","DRIVER_COUNT_17YR","DRIVER_COUNT_18YR","DRIVER_COUNT_19YR","DRIVER_COUNT_20YR","DRIVER_COUNT_50_64YR","DRIVER_COUNT_65_74YR","DRIVER_COUNT_75PLUS","EST_HRS_CLOSED","FATAL_COUNT","HEAVY_TRUCK_COUNT","HORSE_BUGGY_COUNT","HOUR_OF_DAY","ILLUMINATION","INJURY_COUNT","INTERSECTION_RELATED","INTERSECT_TYPE","LANE_CLOSED","LATITUDE","LN_CLOSE_DIR","LOCATION_TYPE","LONGITUDE","MAX_SEVERITY_LEVEL","MCYCLE_DEATH_COUNT","MCYCLE_SUSP_SERIOUS_INJ_COUNT","MOTORCYCLE_COUNT","MUNICIPALITY","NONMOTR_COUNT","NONMOTR_DEATH_COUNT","NONMOTR_SUSP_SERIOUS_INJ_COUNT","NTFY_HIWY_MAINT","PED_COUNT","PED_DEATH_COUNT","PED_SUSP_SERIOUS_INJ_COUNT","PERSON_COUNT","POLICE_AGCY","POSSIBLE_INJ_COUNT","RDWY_SURF_TYPE_CD","RELATION_TO_ROAD","ROADWAY_CLEARED","ROAD_CONDITION","SCH_BUS_IND","SCH_ZONE_IND","SECONDARY_CRASH","SMALL_TRUCK_COUNT","SPEC_JURIS_CD","SUSP_MINOR_INJ_COUNT","SUSP_SERIOUS_INJ_COUNT","SUV_COUNT","TCD_FUNC_CD","TCD_TYPE","TFC_DETOUR_IND","TIME_OF_DAY","TOTAL_UNITS","TOT_INJ_COUNT","UNBELTED_OCC_COUNT","UNB_DEATH_COUNT","UNB_SUSP_SERIOUS_INJ_COUNT","UNK_INJ_DEG_COUNT","UNK_INJ_PER_COUNT","URBAN_RURAL","VAN_COUNT","VEHICLE_COUNT","WEATHER1","WEATHER2","WORKERS_PRES","WORK_ZONE_IND","WORK_ZONE_LOC","WORK_ZONE_TYPE","WZ_CLOSE_DETOUR","WZ_FLAGGER","WZ_LAW_OFFCR_IND","WZ_LN_CLOSURE","WZ_MOVING","WZ_OTHER","WZ_SHLDER_MDN","WZ_WORKERS_INJ_KILLED"
"2020103023","","1","0","0","0","0","0","0","0","0","1","0","","67","11","2020","3","39.987097","-75.10905","1516","6","0","0","0","0","0","0","0","0","","0","0","0","","","0","N","0","","39 59:13.548","","0","75 06:32.580","0","0","0","0","67301","0","0","0","N","0","0","0","1","67301","0","","1.0","","1","N","N","N","0","","0","0","0","","0","","","2","0","0","0","0","0","0","2","1","2","","03","","N","","","","","","","","","",""
"2020103830","","0","0","0","0","0","0","0","0","0","1","0","","67","11","2020","4","39.967777","-75.189693","1818","6","0","0","0","0","0","0","0","0","","0","0","0","","","1","N","0","","39 58:03.996","4","0","75 11:22.895","4","0","0","0","67301","0","0","0","N","0","0","0","2","68K01","1","","3.0","100.0","1","N","N","N","1","","0","0","1","","0","N","","2","1","0","0","0","0","0","2","0","2","","","","N","","","","","","","","","",""
"2020103061","","1","0","0","0","0","0","0","0","0","7","0","","67","11","2020","1","40.002037","-75.194513","0109","6","0","0","0","0","0","0","0","0","","0","0","0","","","2","N","0","","40 00:07.332","4","0","75 11:40.247","3","0","0","0","67301","0","0","0","N","0","0","0","2","68K01","0","","4.0","118.0","1","N","N","N","0","","1","0","0","","0","N","","1","2","1","0","0","1","0","2","0","1","","","","N","","","","","","","","","",""
"2020092322","","2","0","0","0","0","0","0","0","0","1","0","","67","10","2020","6","40.099197","-75.020597","1126","6","0","0","1","0","0","0","0","0","","0","0","0","","","1","N","0","","40 05:57.110","4","0","75 01:14.150","4","0","0","0","67301","0","0","0","N","0","0","0","2","67301","1","","1.0","1155.0","9","N","N","N","0","","0","0","0","","0","N","","2","1","0","0","0","0","0","2","0","2","","04","","N","","","","","","","","","",""
"2020090137","","0","0","0","1","0","0","0","0","0","8","0","","67","10","2020","7","40.024235","-75.046545","1203","6","0","0","0","0","0","0","0","0","","0","0","0","","","1","","1","","40 01:27.245","","0","75 02:47.562","3","0","0","0","67301","1","0","0","N","0","0","0","2","67301","0","","1.0","","1","N","N","N","0","","1","0","1","","2","","","2","1","0","0","0","0","1","2","0","1","","","","N","","","","","","","","","",""
"2020083033","","2","0","0","0","0","0","0","0","0","4","0","","67","10","2020","1","40.024636","-75.123675","1206","6","0","0","0","0","0","0","0","0","","0","0","0","","","2","","1","","40 01:28.689","","0","75 07:25.230","3","0","0","0","67301","0","0","0","N","0","0","0","3","67301","1","","1.0","","1","N","N","N","0","","1","0","1","","2","","","3","2","3","0","0","0","0","2","0","3","","03","","N","","","","","","","","","",""
"2020097135","","1","0","0","0","0","0","0","0","0","4","0","","67","11","2020","1","39.930725","-75.176501","1647","6","0","0","0","0","0","1","0","0","","0","0","0","","","1","","1","","39 55:50.610","","0","75 10:35.403","3","0","0","0","67301","0","0","0","N","0","0","0","2","67301","0","","1.0","","9","N","N","N","0","","1","0","1","","3","","","2","1","0","0","0","0","0","2","0","2","","","","N","","","","","","","","","",""
"2020094371","","1","0","0","0","0","0","0","0","0","98","0","","67","10","2020","3","39.991954","-75.08599","0635","6","0","0","0","0","0","1","0","0","","0","0","0","","","0","N","0","","39 59:31.033","","0","75 05:09.563","0","0","0","0","67301","0","0","0","N","0","0","0","1","68K01","0","","1.0","","1","N","N","N","0","","0","0","0","","0","","","1","0","0","0","0","0","0","2","0","1","","03","","N","","","","","","","","","",""
"2020081776","","0","0","0","0","0","0","0","0","0","4","0","","67","10","2020","7","39.989343","-75.155473","1613","6","0","0","0","0","0","0","0","0","","0","0","0","","","1","","1","","39 59:21.634","","0","75 09:19.704","4","0","0","0","67301","0","0","0","N","0","0","0","2","67505","1","","1.0","","1","N","N","N","0","","0","0","2","","2","","","2","1","0","0","0","0","1","2","0","2","","03","","N","","","","","","","","","",""
"2020081275","","0","0","0","0","0","0","0","0","0","4","0","","67","10","2020","5","39.978109","-75.118925","0159","6","0","0","0","0","0","0","0","0","","0","0","0","","","1","N","0","","39 58:41.191","","7","75 07:08.131","8","0","0","1","67301","0","0","0","N","0","0","0","2","67301","0","","1.0","","1","N","N","N","0","","0","0","1","","0","","","2","1","1","0","0","1","1","2","0","2","","03","","N","","","","","","","","","",""
"2020093924","","3","0","0","0","0","0","0","0","0","5","0","","67","11","2020","1","39.924814","-75.244092","0800","6","0","0","0","0","0","0","0","0","","0","0","0","","","0","N","0","","39 55:29.330","","0","75 14:38.730","9","0","0","0","67301","0","0","0","N","0","0","0","1","67301","0","","1.0","","1","N","N","Y","0","","0","0","0","","0","","","4","0","0","0","0","0","1","2","1","4","","","","N","","","","","","","","","",""
"2020081636","","0","0","0","0","0","0","0","0","0","7","0","","67","9","2020","3","39.996158","-75.201964","2326","6","0","0","0","0","0","1","0","0","","0","0","0","","","1","N","0","","39 59:46.170","","0","75 12:07.070","3","0","0","0","67301","0","0","0","N","0","0","0","1","67301","0","","4.0","","9","N","N","N","0","","1","0","0","","0","","","1","1","0","0","0","0","0","2","1","1","","","","N","","","","","","","","","",""
"2020081739","","1","0","0","0","0","0","0","0","0","4","0","","67","10","2020","5","39.922204","-75.230324","0925","6","0","0","0","0","0","0","0","1","","0","0","0","","","0","","1","","39 55:19.936","","0","75 13:49.166","9","0","0","0","67301","0","0","0","N","0","0","0","3","67301","0","","1.0","","1","N","N","N","0","","0","0","0","","2","","","2","0","0","0","0","0","2","2","1","2","","03","","N","","","","","","","","","",""
"2020092323","","1","0","0","0","0","0","0","0","0","7","0","","67","11","2020","1","40.131108","-75.013712","0135","6","0","0","0","0","0","0","0","0","","0","0","0","","","0","N","0","","40 07:51.990","","0","75 00:49.363","0","0","0","0","67301","0","0","0","N","0","0","0","1","67301","0","","4.0","","1","N","N","N","0","","0","0","0","","0","","","1","0","0","0","0","0","0","2","0","1","","","","N","","","","","","","","","",""
"2020082026","","2","0","0","0","0","0","0","0","0","4","0","","67","9","2020","4","40.027063","-75.075418","1556","6","0","0","0","0","0","1","0","0","","0","0","0","","","0","","1","","40 01:37.428","","0","75 04:31.506","0","0","0","0","67301","0","0","0","N","0","0","0","2","67301","0","","1.0","","1","N","N","N","0","","0","0","0","","2","","","2","0","1","0","0","0","0","2","0","2","","03","","N","","","","","","","","","",""
"2020091739","","1","0","0","0","0","0","0","0","0","1","0","35","67","10","2020","6","39.911778","-75.169167","1600","6","0","0","0","0","0","0","0","0","","0","0","0","","","1","","6","","39 54:42.400","3","8","75 10:09.000","3","0","0","0","67301","0","0","0","N","0","0","0","2","67501","0","","7.0","1625.0","1","N","N","N","0","","1","0","0","","3","N","","2","1","0","0","0","0","1","2","0","2","","","Y","Y","8","1","","","N","Y","","","","N"
"2020083135","","2","0","0","0","0","0","0","0","0","5","0","","67","10","2020","1","40.130815","-75.015846","1200","6","0","0","0","0","0","0","0","0","","0","0","0","","","1","N","0","","40 07:50.935","4","0","75 00:57.044","8","0","0","0","67301","0","0","0","N","0","0","0","1","67301","0","","6.0","1300.0","1","N","N","N","1","","0","0","0","","0","N","","3","1","0","0","0","1","0","2","0","3","","","","N","","","","","","","","","",""
"2020089568","","0","0","0","0","0","0","0","0","0","4","0","","67","10","2020","1","40.099248","-75.030162","1242","6","0","0","0","0","0","1","1","0","","0","0","0","","","0","N","0","","40 05:57.293","","7","75 01:48.584","0","0","0","0","67301","0","0","0","N","0","0","0","2","67301","0","","1.0","","1","N","N","N","1","","0","0","1","","0","","","2","0","0","0","0","0","0","2","0","2","","03","","N","","","","","","","","","",""
"2020093916","","0","0","0","0","0","0","0","0","0","1","0","","67","10","2020","7","40.076539","-75.082429","1839","6","0","0","0","0","0","1","0","1","","0","0","0","","","1","","1","","40 04:35.542","","0","75 04:56.744","8","0","0","0","67301","0","0","0","N","0","0","0","2","67301","0","","1.0","","1","N","N","N","0","","0","0","2","","2","","","2","1","0","0","0","1","0","2","0","2","","03","","N","","","","","","","","","",""
"2020108327","","1","0","0","0","0","0","0","0","0","1","0","","67","11","2020","2","39.999426","-75.080492","0858","6","0","0","0","0","0","0","0","0","","0","0","0","","","0","Y","0","","39 59:57.932","","0","75 04:49.772","9","0","0","0","67301","0","0","0","N","0","0","0","2","68K01","0","","1.0","","1","N","N","N","0","","0","0","1","","0","","","2","0","0","0","0","0","1","2","0","2","","","","N","","","","","","","","","",""
"2020089571","","1","0","0","0","0","0","0","0","0","4","0","","67","10","2020","7","39.947437","-75.220422","0413","6","0","0","0","0","0","1","0","0","","0","0","0","","","1","","1","","39 56:50.773","","0","75 13:13.519","3","0","0","0","67301","0","0","0","N","0","0","0","2","67301","0","","1.0","","1","N","N","N","0","","1","0","0","","3","","","2","1","0","0","0","0","0","2","1","2","","03","","N","","","","","","","","","",""
"2020095606","","1","0","0","0","0","0","0","0","0","2","0","","67","11","2020","2","40.011208","-75.105517","0200","6","0","0","0","0","0","0","0","0","","0","0","0","","","2","N","0","","40 00:40.350","","0","75 06:19.860","2","0","0","0","67301","0","0","0","N","0","0","0","2","67301","1","","1.0","","1","N","N","Y","0","","0","1","1","","0","","","2","2","0","0","0","0","0","2","0","2","","03","","N","","","","","","","","","",""
"2020105944","","0","0","0","0","0","0","0","0","0","1","0","","67","10","2020","7","39.953758","-75.140914","1841","6","0","0","0","0","0","1","0","0","","0","0","0","","","1","Y","0","","39 57:13.528","1","0","75 08:27.292","3","0","0","0","67301","0","0","0","N","0","0","0","2","68K02","0","","1.0","1926.0","1","N","N","N","0","","1","0","1","","0","N","","2","1","0","0","0","0","0","2","1","2","","","","N","","","","","","","","","",""
"2020096142","","0","0","0","0","0","0","0","0","0","7","0","","67","11","2020","1","39.933196","-75.200006","0011","6","0","0","1","0","0","0","0","0","","0","0","0","","","0","N","0","","39 55:59.507","","0","75 12:00.021","0","0","0","0","67301","0","0","0","N","0","0","0","2","68K01","0","","4.0","","1","N","N","N","0","","0","0","1","","0","","","1","0","0","0","0","0","0","2","0","1","","03","","N","","","","","","","","","",""
"2020081239","","1","0","0","0","0","0","0","0","0","4","0","","67","10","2020","5","39.993948","-75.154613","0930","6","0","0","0","0","0","1","0","0","","0","0","0","","","0","","1","","39 59:38.214","","0","75 09:16.608","9","0","0","1","67301","0","0","0","N","0","0","0","2","67301","0","","1.0","","1","N","N","N","0","","0","0","0","","2","","","2","0","0","0","0","0","2","2","0","2","","03","","N","","","","","","","","","",""
"2020092962","","0","0","0","0","0","0","0","0","0","1","0","","67","10","2020","5","40.023101","-75.124014","1453","6","0","0","0","0","0","1","0","0","","0","0","0","","","1","","1","","40 01:23.163","","0","75 07:26.450","8","0","0","0","67301","0","0","0","N","0","0","0","3","67301","0","","1.0","","9","N","N","N","1","","0","0","1","","2","","","2","1","0","0","0","1","0","2","0","2","","07","","N","","","","","","","","","",""
"2020097067","","1","0","0","0","0","0","0","0","0","7","0","","67","11","2020","1","40.032244","-75.021234","1835","6","0","0","1","0","0","0","0","0","","0","0","0","","","1","N","0","","40 01:56.080","2","3","75 01:16.443","3","0","0","0","67301","0","0","0","N","0","0","0","6","68K01","0","","4.0","40.0","9","N","N","N","0","","1","0","1","","0","N","","2","1","1","0","0","0","0","2","0","2","","04","","N","","","","","","","","","",""
"2020092316","","1","0","0","0","0","0","0","0","0","4","0","","67","10","2020","6","40.037997","-75.067987","1640","6","0","0","0","0","0","0","0","0","","0","0","0","","","1","","1","","40 02:16.788","","0","75 04:04.754","3","0","0","0","67301","0","0","0","N","0","0","0","3","67301","0","","1.0","","1","N","N","N","0","","1","0","0","","2","","","3","1","0","0","0","0","0","2","1","2","","03","","N","","","","","","","","","",""
"2020094364","","0","0","0","0","0","0","0","0","0","7","0","","67","10","2020","2","39.964101","-75.184298","0702","6","0","0","0","0","0","0","0","0","","0","0","0","","","1","N","7","","39 57:50.764","4","2","75 11:03.472","8","0","0","0","67301","0","0","0","N","0","0","0","1","68K01","0","","4.0","730.0","9","N","N","N","0","","0","0","1","","8","N","","1","1","0","0","0","1","0","2","0","1","","","","N","","","","","","","","","",""
"2020082034","","1","0","0","0","0","0","0","0","0","4","0","","67","10","2020","6","40.031969","-75.055469","1938","6","0","0","0","0","1","0","0","0","","0","0","0","","","1","","1","","40 01:55.088","","0","75 03:19.688","3","0","0","0","67301","0","0","0","N","0","0","0","3","67301","0","","1.0","","1","N","N","N","0","","1","0","1","","3","","","2","1","1","0","0","0","0","2","0","2","","03","","N","","","","","","","","","",""
"2020111650","","1","0","0","0","0","0","0","0","0","8","0","","67","12","2020","3","40.037055","-75.040173","1332","6","0","0","0","0","0","0","0","0","","0","0","0","","","1","N","0","","40 02:13.397","","0","75 02:24.623","3","0","0","0","67301","1","0","0","N","1","0","0","3","67301","0","","1.0","","1","N","N","N","0","","1","0","0","","0","","","2","1","0","0","0","0","0","2","0","1","","","","N","","","","","","","","","",""
"2020080309","","1","0","0","0","0","0","0","0","0","8","0","","67","9","2020","2","40.118264","-75.035908","1601","6","0","0","0","0","0","0","0","0","","0","0","0","","","1","N","0","","40 07:05.750","","0","75 02:09.270","3","0","0","0","67301","1","0","0","N","1","0","0","2","67301","0","","1.0","","1","N","N","N","0","","1","0","0","","0","","","2","1","0","0","0","0","0","2","0","1","","","","N","","","","","","","","","",""
"2020090410","","1","0","0","0","0","0","0","0","0","7","0","","67","10","2020","3","40.001585","-75.152798","2329","6","0","0","1","0","0","0","0","0","","0","0","0","","","1","","1","","40 00:05.705","2","0","75 09:10.074","3","0","0","0","67301","0","0","0","N","0","0","0","2","67505","0","","5.0","25.0","1","N","N","N","0","","1","0","0","","2","N","","1","1","0","0","0","0","0","2","0","1","","03","","N","","","","","","","","","",""
"2020080713","","0","0","0","0","0","0","0","0","0","1","0","","67","9","2020","4","40.083709","-75.207633","0809","6","0","0","0","0","0","0","0","0","","0","0","0","","","2","N","0","","40 05:01.352","","0","75 12:27.479","3","0","0","0","67301","0","0","0","N","0","0","0","4","67301","0","","1.0","","9","N","N","N","1","","2","0","2","","0","","","3","2","0","0","0","0","0","2","0","3","","03","","N","","","","","","","","","",""
"2020096706","","2","0","0","0","0","0","0","0","0","1","0","","67","10","2020","4","39.942749","-75.142883","1253","6","0","0","0","0","0","1","0","0","","0","0","0","","","1","N","0","","39 56:33.898","1","0","75 08:34.379","4","0","0","0","67301","0","0","0","N","0","0","0","3","68K01","1","","1.0","15.0","1","N","N","N","0","","0","0","1","","0","N","","3","1","0","0","0","0","0","2","0","3","","","","N","","","","","","","","","",""
"2020112963","","2","0","0","0","0","0","0","0","0","4","0","","67","12","2020","3","39.953083","-75.175244","2047","6","0","0","0","0","0","0","0","0","","0","0","0","","","1","N","0","","39 57:11.100","2","0","75 10:30.880","8","0","0","0","67301","0","0","0","N","0","0","0","1","67301","0","","4.0","2050.0","1","N","N","N","0","","0","0","1","","0","Y","","3","1","0","0","0","1","0","2","0","3","","","","N","","","","","","","","","",""
"2020092379","","2","0","0","0","0","0","0","0","0","6","0","","67","10","2020","2","40.003619","-75.165906","0627","6","0","0","0","0","0","0","0","0","","0","0","0","","","0","N","0","","40 00:13.030","5","0","75 09:57.260","0","0","0","0","67301","0","0","0","N","0","0","0","2","67301","0","","1.0","645.0","9","N","N","N","1","","0","0","0","","0","N","","3","0","1","0","0","0","0","2","0","3","","","","N","","","","","","","","","",""
"2020094444","","1","0","0","0","0","0","0","0","0","8","0","","67","11","2020","6","40.021406","-75.148593","1600","6","0","0","0","0","0","0","0","0","","0","0","0","","","1","","1","","40 01:17.063","","0","75 08:54.934","8","0","0","0","67301","1","0","0","N","1","0","0","2","67301","0","","1.0","","1","N","N","N","0","","0","0","0","","2","","","2","1","0","0","0","1","0","2","0","1","","03","","N","","","","","","","","","",""
"2020109366","","0","0","0","0","0","0","0","0","0","7","0","","67","12","2020","4","40.011702","-75.061437","2039","6","0","0","0","0","0","0","0","0","","0","0","0","","","0","N","11","","40 00:42.127","1","0","75 03:41.173","0","0","0","0","67301","0","0","0","N","0","0","0","1","68K01","0","","4.0","2100.0","1","N","N","N","0","","0","0","1","","0","N","","1","0","1","0","0","0","0","2","0","1","","03","","N","","","","","","","","","",""
"2020079643","","1","0","0","0","0","0","0","0","0","7","0","","67","9","2020","1","40.098286","-74.994386","1830","6","0","0","0","0","0","0","0","0","","0","0","0","","","0","N","0","","40 05:53.830","","0","74 59:39.790","0","0","0","0","67301","0","0","0","N","0","0","0","1","67301","0","","4.0","","9","N","N","N","0","","0","0","0","","0","","","1","0","0","0","0","0","0","2","0","1","","07","","N","","","","","","","","","",""
"2020082126","","1","0","0","0","0","0","0","0","0","5","0","","67","9","2020","1","39.956631","-75.164436","1410","6","0","0","0","0","1","0","0","0","","0","0","0","","","0","N","0","","39 57:23.870","","0","75 09:51.970","0","0","0","0","67301","0","0","0","N","0","0","0","2","67301","0","","1.0","","1","N","N","N","0","","0","0","1","","0","","","2","0","0","0","0","0","0","2","0","2","","03","","N","","","","","","","","","",""
"2020094831","","5","0","0","0","0","0","0","0","0","1","0","","67","11","2020","7","39.997781","-75.072558","2104","6","0","0","0","0","0","1","0","0","","0","0","0","","","1","N","0","","39 59:52.012","","0","75 04:21.209","8","0","0","0","67301","0","0","0","N","0","0","0","2","67301","0","","1.0","","1","N","N","N","0","","0","0","1","","0","","","6","1","0","0","0","1","0","2","0","6","","","","N","","","","","","","","","",""
"2020096475","","1","0","0","0","0","0","0","0","0","4","0","","67","11","2020","7","40.064064","-75.239524","1533","6","0","0","0","0","0","0","0","0","","0","0","0","","","0","","1","","40 03:50.629","","0","75 14:22.287","0","0","0","0","67301","0","0","0","N","0","0","0","2","67301","0","","1.0","","1","N","N","N","0","","0","0","1","","2","","","2","0","0","0","0","0","0","2","0","2","","03","","N","","","","","","","","","",""
"2020105416","","1","0","0","0","0","0","0","0","0","2","0","","67","12","2020","1","39.986343","-75.180236","1302","6","0","0","0","0","1","0","0","0","","0","0","0","","","1","","1","","39 59:10.834","","0","75 10:48.850","3","0","0","0","67301","0","0","0","N","0","0","0","3","67301","0","","1.0","","1","N","N","N","0","","1","0","0","","2","","","2","1","0","0","0","0","0","2","1","2","","03","","N","","","","","","","","","",""
"2020102280","","1","0","0","0","0","0","0","0","0","1","0","","67","11","2020","4","40.029444","-75.104222","0545","6","0","0","0","0","0","1","0","0","","0","0","0","","","0","N","0","","40 01:46.000","3","6","75 06:15.200","0","0","0","0","67301","0","0","0","N","0","0","0","2","67301","0","","1.0","730.0","1","N","N","N","0","","0","0","1","","2","N","","2","0","1","0","0","0","0","2","0","2","","03","","N","","","","","","","","","",""
"2020094935","","1","0","0","0","0","0","0","0","0","5","0","","67","11","2020","7","40.025253","-75.143861","1736","6","0","0","0","0","0","0","0","0","","0","0","0","","","2","N","0","","40 01:30.911","","0","75 08:37.901","3","0","0","0","67301","0","0","0","N","0","0","0","2","67301","0","","1.0","","1","N","N","N","0","","2","0","1","","0","","","2","2","0","0","0","0","0","2","0","2","","03","","N","","","","","","","","","",""
"2020095303","","2","0","0","0","0","0","0","0","0","5","0","","67","11","2020","2","40.031083","-75.145778","1016","6","0","0","0","0","0","0","1","0","","0","0","0","","","3","N","0","","40 01:51.900","7","0","75 08:44.800","3","0","0","0","67301","0","0","0","N","0","0","0","3","67301","0","","6.0","1251.0","1","N","N","N","0","","3","0","1","","0","Y","","3","3","0","0","0","0","0","2","0","3","","","","N","","","","","","","","","",""
"2020080101","","1","0","0","0","0","0","0","0","0","4","0","","67","9","2020","7","40.012063","-75.136521","0514","6","0","0","0","0","0","0","0","0","","0","0","0","","","0","","2","","40 00:43.426","","0","75 08:11.475","0","0","0","0","67301","0","0","0","N","0","0","0","1","67301","0","","1.0","","9","N","N","N","0","","0","0","2","","0","","","3","0","0","0","0","0","0","2","0","3","","04","","N","","","","","","","","","",""
"2020079563","","0","0","0","0","0","0","0","0","0","4","0","","67","9","2020","1","39.923694","-75.232111","1156","6","0","0","0","0","0","1","0","0","","0","0","0","","","1","","2","","39 55:25.300","","0","75 13:55.600","8","0","0","1","67301","0","0","0","N","0","0","0","2","67301","0","","1.0","","1","N","N","N","0","","0","0","1","","3","","","2","1","1","0","0","1","0","2","0","2","","03","","N","","","","","","","","","",""
"2020096604","","1","0","0","0","0","0","0","0","0","8","0","","67","11","2020","2","39.977575","-75.158181","2300","6","0","0","0","0","0","0","0","0","","0","0","0","","","1","N","0","","39 58:39.270","","0","75 09:29.450","3","0","0","0","67301","1","0","0","N","1","0","0","2","67301","0","","1.0","","1","N","N","N","0","","1","0","0","","0","","","2","1","0","0","0","0","0","2","0","1","","","","N","","","","","","","","","",""
"2020092716","","2","0","0","0","0","0","0","0","0","7","0","","67","11","2020","1","40.020878","-75.076197","0212","6","0","0","0","0","0","0","0","0","","0","0","0","","","2","N","0","","40 01:15.160","","0","75 04:34.310","8","0","0","0","67301","0","0","0","N","0","0","0","3","67301","0","","5.0","","1","N","N","N","0","","0","0","0","","0","","","2","2","0","0","0","2","0","2","0","2","","03","","N","","","","","","","","","",""
"2020094523","","2","0","0","0","0","0","0","0","0","4","0","","67","11","2020","7","39.987866","-75.168451","0306","6","0","0","0","1","0","0","0","0","","0","0","0","","","1","","1","","39 59:16.317","","0","75 10:06.423","8","0","0","0","67301","0","0","0","N","0","0","0","2","67301","0","","1.0","","1","N","N","N","1","","0","0","0","","3","","","3","1","0","0","0","1","1","2","0","3","","03","","N","","","","","","","","","",""
"2020079683","","1","0","0","0","0","0","0","0","0","1","0","","67","9","2020","1","40.10257","-75.02886","0229","6","0","0","0","0","0","0","0","0","","0","0","0","","","0","","1","","40 06:09.252","","0","75 01:43.896","0","0","0","0","67301","0","0","0","N","0","0","0","6","67301","0","","1.0","","1","N","N","N","0","","0","0","1","","2","","","2","0","0","0","0","0","0","2","0","2","","03","","N","","","","","","","","","",""
"2020090643","","2","0","0","0","0","0","0","0","0","4","0","","67","9","2020","6","40.026261","-75.117167","2323","6","0","0","0","0","0","1","0","0","","0","0","0","","","1","","1","","40 01:34.539","","0","75 07:01.801","4","0","0","0","67301","0","0","0","N","0","0","0","2","67301","1","","1.0","","1","N","N","N","0","","0","0","0","","2","","","2","1","0","0","0","0","0","2","0","2","","03","","N","","","","","","","","","",""
"2020079432","","1","0","0","0","0","0","0","0","0","6","0","","67","9","2020","6","40.045221","-75.125269","0037","6","0","0","0","0","0","0","0","0","","0","0","0","","","0","N","0","","40 02:42.795","3","0","75 07:30.969","0","0","0","1","67301","0","0","0","N","0","0","0","1","67301","0","","6.0","210.0","1","N","N","N","0","","0","0","2","","0","N","","5","0","0","0","0","0","0","2","1","5","","03","","N","","","","","","","","","",""
"2020096053","","1","0","0","0","0","0","0","0","0","1","0","","67","11","2020","1","39.883763","-75.223314","0733","6","0","0","0","0","0","1","0","0","","0","0","0","","","4","","2","","39 53:01.546","","0","75 13:23.930","3","0","0","0","67301","0","0","0","N","0","0","0","4","67301","0","","1.0","","1","N","N","N","0","","4","0","1","","3","","","2","4","0","0","0","0","0","2","0","2","","03","","N","","","","","","","","","",""
"2020094829","","0","0","0","0","0","0","0","0","0","8","0","","67","11","2020","7","40.013178","-75.070421","0911","6","0","0","0","0","0","0","0","0","","0","0","0","","","1","","1","","40 00:47.439","","0","75 04:13.514","3","0","0","0","67301","1","0","0","N","1","0","0","2","67301","0","","1.0","","1","N","N","N","0","","1","0","0","","9","","","2","1","0","0","0","0","0","2","1","1","","98","","N","","","","","","","","","",""
"2020092501","","1","0","0","0","0","0","0","0","0","7","0","","67","11","2020","1","39.993061","-75.215013","1649","6","0","0","0","0","0","1","0","0","","0","0","0","","","1","","11","","39 59:35.020","","0","75 12:54.048","3","0","0","0","67301","0","0","0","N","0","0","0","1","67301","0","","9.0","","8","N","N","N","0","","1","0","0","","0","","","1","1","1","0","0","0","0","2","0","1","","07","","N","","","","","","","","","",""
"2020097588","","0","0","0","0","0","0","0","0","0","4","0","","67","11","2020","7","39.891942","-75.241906","0449","6","0","0","0","0","0","1","0","0","","0","0","0","","","1","","2","","39 53:30.990","3","7","75 14:30.862","4","0","0","0","67301","0","0","0","N","0","0","0","2","67301","1","","1.0","650.0","1","N","N","N","0","","0","0","1","","2","N","","2","1","0","0","0","0","0","2","1","2","","03","","N","","","","","","","","","",""
"2020094118","","2","0","0","0","0","0","0","0","0","1","0","","67","11","2020","6","40.045693","-75.128915","0058","6","0","0","0","0","0","0","0","0","","0","0","0","","","1","N","0","","40 02:44.496","","0","75 07:44.094","3","0","0","0","67301","0","0","0","N","0","0","0","1","67301","0","","6.0","","1","N","N","N","0","","1","0","1","","0","","","3","1","0","0","0","0","0","2","0","3","","","","N","","","","","","","","","",""
"2020101825","","1","0","0","0","0","0","0","0","0","7","0","","67","11","2020","4","39.978532","-75.225871","1953","6","0","0","0","0","0","0","0","0","","0","0","0","","","0","N","0","","39 58:42.715","","0","75 13:33.136","0","0","0","0","67301","0","0","0","N","0","0","0","1","67301","0","","4.0","","1","N","N","N","0","","0","0","0","","0","","","1","0","0","0","0","0","0","2","0","1","","03","","N","","","","","","","","","",""
"2020102062","","1","0","0","0","0","0","0","0","0","8","0","","67","11","2020","4","40.032057","-75.083004","1727","6","0","0","0","0","0","1","0","0","","0","0","0","","","1","N","0","","40 01:55.405","2","0","75 04:58.814","2","0","0","0","67301","1","0","1","N","1","0","1","2","67301","0","","1.0","1826.0","1","N","N","N","0","","0","1","0","","0","Y","","2","1","0","0","0","0","0","2","0","1","","","","N","","","","","","","","","",""