"CRN","ARRIVAL_TM","AUTOMOBILE_COUNT","BELTED_DEATH_COUNT","BELTED_SUSP_SERIOUS_INJ_COUNT","BICYCLE_COUNT","BICYCLE_DEATH_COUNT","BICYCLE_SUSP_SERIOUS_INJ_COUNT","BUS_COUNT","CHLDPAS_DEATH_COUNT","CHLDPAS_SUSP_SERIOUS_INJ_COUNT","COLLISION_TYPE","COMM_VEH_COUNT","CONS_ZONE_SPD_LIM","COUNTY","CRASH_MONTH","CRASH_YEAR","DAY_OF_WEEK","DEC_LATITUDE","DEC_LONGITUDE","DISPATCH_TM","DISTRICT","DRIVER_COUNT_16YR","DRIVER_COUNT_17YR","DRIVER_COUNT_18YR","DRIVER_COUNT_19YR","DRIVER_COUNT_20YR","DRIVER_COUNT_50_64YR","DRIVER_COUNT_65_74YR","DRIVER_COUNT_75PLUS","EST_HRS_CLOSED","FATAL_COUNT","HEAVY_TRUCK_COUNT","HORSE_BUGGY_COUNT","HOUR_OF_DAY","ILLUMINATION","INJURY_COUNT","INTERSECTION_RELATED","INTERSECT_TYPE","LANE_CLOSED","LATITUDE","LN_CLOSE_DIR","LOCATION_TYPE","LONGITUDE","MAX_SEVERITY_LEVEL","MCYCLE_DEATH_COUNT","MCYCLE_SUSP_SERIOUS_INJ_COUNT","MOTORCYCLE_COUNT","MUNICIPALITY","NONMOTR_COUNT","NONMOTR_DEATH_COUNT","NONMOTR_SUSP_SERIOUS_INJ_COUNT","NTFY_HIWY_MAINT","PED_COUNT","PED_DEATH_COUNT","PED_SUSP_SERIOUS_INJ_COUNT","PERSON_COUNT","POLICE_AGCY","POSSIBLE_INJ_COUNT","RDWY_SURF_TYPE_CD","RELATION_TO_ROAD","ROADWAY_CLEARED","ROAD_CONDITION","SCH_BUS_IND","SCH_ZONE_IND","SECONDARY_CRASH","SMALL_TRUCK_COUNT","SPEC_JURIS_CD","SUSP_MINOR_INJ_COUNT","SUSP_SERIOUS_INJ_COUNT","SUV_COUNT","TCD_FUNC_CD","TCD_TYPE","TFC_DETOUR_IND","TIME_OF_DAY","TOTAL_UNITS","TOT_INJ_COUNT","UNBELTED_OCC_COUNT","UNB_DEATH_COUNT","UNB_SUSP_SERIOUS_INJ_COUNT","UNK_INJ_DEG_COUNT","UNK_INJ_PER_COUNT","URBAN_RURAL","VAN_COUNT","VEHICLE_COUNT","WEATHER1","WEATHER2","WORKERS_PRES","WORK_ZONE_IND","WORK_ZONE_LOC","WORK_ZONE_TYPE","WZ_CLOSE_DETOUR","WZ_FLAGGER","WZ_LAW_OFFCR_IND","WZ_LN_CLOSURE","WZ_MOVING","WZ_OTHER","WZ_SHLDER_MDN","WZ_WORKERS_INJ_KILLED"
"2020094440","","1","0","0","1","0","0","0","0","0","8","0","","67","11","2020","2","39.938142","-75.198369","1414","6","0","0","0","0","0","0","0","0","","0","0","0","","","1","N","0","","39 56:17.310","","7","75 11:54.130","4","0","0","0","67301","1","0","0","N","0","0","0","2","67301","1","","1.0","","1","N","N","N","0","","0","0","0","","0","","","2","1","0","0","0","0","0","2","0","1","","03","","N","","","","","","","","","",""
"2020100447","","1","0","0","0","0","0","0","0","0","7","0","","67","11","2020","5","39.93179","-75.149736","1737","6","1","0","0","0","0","0","0","0","","0","0","0","","","0","","1","","39 55:54.444","3","0","75 08:59.051","0","0","0","0","67301","0","0","0","N","0","0","0","3","67301","0","","5.0","1855.0","1","N","N","N","0","","0","0","0","","3","Y","","1","0","1","0","0","0","0","2","0","1","","","","N","","","","","","","","","",""
"2020080524","","1","0","0","0","0","0","0","0","0","1","0","","67","9","2020","2","40.058976","-74.994787","1524","6","0","0","0","0","0","0","0","0","","0","0","0","","","1","N","0","","40 03:32.313","","0","74 59:41.232","3","0","0","0","67301","0","0","0","N","0","0","0","2","67301","0","","6.0","","1","N","N","N","0","","1","0","1","","0","","","2","1","0","0","0","0","0","2","0","2","","03","","N","","","","","","","","","",""
"2020103343","","2","0","0","0","0","0","0","0","0","5","0","45","67","11","2020","1","39.958788","-75.180278","1714","6","0","0","0","0","0","2","0","0","","0","0","0","","","0","N","3","","39 57:31.638","4","2","75 10:49.001","0","0","0","0","67301","0","0","0","N","0","0","0","2","68K01","0","","1.0","1807.0","1","N","N","N","0","","0","0","0","","0","N","","2","0","2","0","0","0","0","2","0","2","","","Y","Y","4","1","N","N","Y","Y","N","N","N","N"
"2020086220","","2","0","0","0","0","0","0","0","0","1","0","","67","9","2020","1","40.020566","-75.155268","0033","6","0","0","0","0","0","0","0","0","","0","0","0","","","1","N","0","","40 01:14.037","2","3","75 09:18.964","3","0","0","0","67301","0","0","0","N","0","0","0","2","67301","0","","1.0","330.0","1","N","N","N","0","","1","0","0","","0","Y","","2","1","0","0","0","0","0","2","0","2","","03","","N","","","","","","","","","",""
"2020093638","","1","0","0","0","0","0","0","0","0","8","0","","67","11","2020","4","40.022406","-75.078188","0610","6","0","0","0","0","0","1","0","0","","0","0","0","","","1","","1","","40 01:20.660","","0","75 04:41.477","3","0","0","0","67301","1","0","0","N","1","0","0","2","67301","0","","1.0","","1","N","N","N","0","","1","0","0","","2","","","2","1","0","0","0","0","0","2","0","1","","03","","N","","","","","","","","","",""
"2020106633","","1","0","0","0","0","0","0","0","0","4","0","","67","12","2020","2","40.068594","-75.030034","0653","6","0","0","0","0","0","0","0","0","","0","0","0","","","1","N","0","","40 04:06.939","","0","75 01:48.124","4","0","0","0","67301","0","0","0","N","0","0","0","2","67301","1","","1.0","","1","N","N","N","1","","0","0","1","","0","","","3","1","0","0","0","0","0","2","0","3","","","","N","","","","","","","","","",""
"2020098345","","4","0","0","0","0","0","0","0","0","2","0","","67","11","2020","3","40.002549","-75.150466","0739","6","0","0","0","0","0","0","0","0","","0","0","0","","","0","N","0","","40 00:09.177","1","0","75 09:01.676","0","0","0","0","67301","0","0","0","N","0","0","0","1","67505","0","","6.0","930.0","1","N","N","N","1","","0","0","1","","0","N","","6","0","1","0","0","0","0","2","0","6","","03","","N","","","","","","","","","",""
"2020097245","","3","0","0","0","0","0","0","0","0","5","0","","67","11","2020","7","39.984306","-75.16","0814","6","0","0","0","0","0","0","0","0","","0","0","0","","","0","N","0","","39 59:03.500","","0","75 09:36.000","9","0","0","0","67301","0","0","0","N","0","0","0","1","67505","0","","6.0","","1","N","N","N","0","","0","0","1","","0","","","4","0","0","0","0","0","1","2","0","4","","03","","N","","","","","","","","","",""
"2020097686","","1","0","0","0","0","0","0","0","0","4","0","","67","11","2020","7","39.98665","-75.146442","1006","6","0","0","0","0","0","0","0","0","","0","0","0","","","1","","1","","39 59:11.940","","0","75 08:47.191","3","0","0","0","67301","0","0","0","N","0","0","0","4","67301","0","","1.0","","1","N","N","N","0","","1","0","1","","3","","","2","1","0","0","0","0","2","2","0","2","","03","","N","","","","","","","","","",""
"2020100398","","1","0","0","0","0","0","0","0","0","4","0","","67","11","2020","2","40.035497","-75.178766","0116","6","0","0","0","0","0","0","1","0","","0","0","0","","","1","","1","","40 02:07.790","","0","75 10:43.559","3","0","0","0","67301","0","0","0","N","0","0","0","2","67301","0","","1.0","","9","N","N","N","0","","1","0","0","","2","","","2","1","2","0","0","0","0","2","1","2","","","","N","","","","","","","","","",""
"2020104440","","0","0","0","0","0","0","0","0","0","7","0","","67","11","2020","5","39.960025","-75.179931","1101","6","0","0","0","0","0","0","0","0","","0","0","0","","","2","N","0","","39 57:36.090","","0","75 10:47.752","3","0","0","0","67301","0","0","0","N","0","0","0","2","68K01","0","","4.0","","9","N","N","N","0","","2","0","1","","0","","","1","2","2","0","0","0","0","2","0","1","","","","N","","","","","","","","","",""
"2020105381","","0","0","0","0","0","0","0","0","0","7","0","","67","12","2020","7","40.011228","-75.061214","0202","6","0","0","0","0","0","0","0","0","","0","0","0","","","0","N","0","","40 00:40.419","","0","75 03:40.372","0","0","0","0","67301","0","0","0","N","0","0","0","1","68K01","0","","3.0","","9","N","N","N","0","","0","0","1","","0","","","1","0","0","0","0","0","0","2","0","1","","07","","N","","","","","","","","","",""
"2020092506","","1","0","0","0","0","0","0","0","0","4","0","","67","11","2020","1","40.026296","-75.125268","2314","6","0","0","0","1","0","0","0","0","","0","0","0","","","4","","1","","40 01:34.665","2","0","75 07:30.964","3","0","0","0","67301","0","0","0","N","0","0","0","4","67301","2","","1.0","2358.0","1","N","N","N","1","","2","0","1","","3","Y","","3","4","0","0","0","0","0","2","0","3","","","","N","","","","","","","","","",""
"2020107685","","1","0","0","0","0","0","0","0","0","8","0","","67","12","2020","5","39.969302","-75.156092","1714","6","0","0","0","0","0","0","0","0","","0","0","0","","","1","","1","","39 58:09.487","","0","75 09:21.931","4","0","0","0","67301","1","0","0","N","1","0","0","2","67301","1","","1.0","","1","N","N","N","0","","0","0","0","","2","","","2","1","0","0","0","0","0","2","0","1","","","","N","","","","","","","","","",""
"2020096986","","2","0","0","0","0","0","0","0","0","4","0","","67","11","2020","5","40.084073","-74.990154","1331","6","0","0","0","0","0","0","1","0","","0","0","0","","","0","","2","","40 05:02.663","","0","74 59:24.556","0","0","0","0","67301","0","0","0","N","0","0","0","2","67301","0","","1.0","","1","N","N","N","0","","0","0","0","","2","","","2","0","0","0","0","0","0","2","0","2","","07","","N","","","","","","","","","",""
"2020095614","","3","0","0","0","0","0","0","0","0","4","0","","67","11","2020","1","40.040936","-75.140747","0708","6","0","0","0","0","0","0","0","0","","0","0","0","","","2","","2","","40 02:27.370","","0","75 08:26.690","3","0","0","0","67301","0","0","0","N","0","0","0","2","67301","0","","1.0","","1","N","N","N","0","","2","0","1","","0","","","4","2","2","0","0","0","0","2","0","4","","03","","N","","","","","","","","","",""
"2020094288","","2","0","0","0","0","0","0","0","0","6","0","","67","11","2020","6","40.033116","-75.106938","0456","6","0","0","0","0","0","1","0","0","","0","0","0","","","0","","1","","40 01:59.217","2","0","75 06:24.978","0","0","0","0","67301","0","0","0","N","0","0","0","2","67301","0","","1.0","750.0","1","N","N","N","0","","0","0","0","","2","N","","2","0","0","0","0","0","0","2","0","2","","04","","N","","","","","","","","","",""
"2020108262","","2","0","0","0","0","0","0","0","0","7","0","","67","12","2020","6","39.991544","-75.184399","2013","6","0","0","0","0","0","0","0","0","","0","0","0","","","0","N","0","","39 59:29.557","","0","75 11:03.838","9","0","0","0","67301","0","0","0","N","0","0","0","1","67301","0","","5.0","","9","N","N","Y","0","","0","0","0","","0","","","2","0","0","0","0","0","1","2","0","2","","07","","N","","","","","","","","","",""
"2020105527","","1","0","0","0","0","0","0","0","0","7","0","","67","11","2020","6","40.049572","-74.995574","0205","6","0","0","0","0","0","0","0","0","","0","0","0","","","0","N","0","","40 02:58.460","","0","74 59:44.068","0","0","0","0","67301","0","0","0","N","0","0","0","1","68K01","0","","4.0","","1","N","N","N","0","","0","0","0","","0","","","1","0","0","0","0","0","0","2","0","1","","","","N","","","","","","","","","",""
"2020098254","","3","0","0","0","0","0","0","0","0","4","0","","67","11","2020","1","40.047074","-75.142872","1913","6","0","0","0","0","0","1","0","0","","0","0","0","","","0","N","0","","40 02:49.467","","7","75 08:34.338","0","0","0","0","67301","0","0","0","N","0","0","0","3","67301","0","","1.0","","8","N","N","N","0","","0","0","0","","0","","","3","0","0","0","0","0","0","2","0","3","","07","","N","","","","","","","","","",""
"2020101828","","1","0","0","0","0","0","0","0","0","4","0","","67","11","2020","5","39.997042","-75.178576","1400","6","0","0","0","0","0","0","0","0","","0","0","0","","","1","","1","","39 59:49.352","","0","75 10:42.874","4","0","0","0","67301","0","0","0","N","0","0","0","2","67301","1","","1.0","","1","N","N","N","0","","0","0","0","","2","","","2","1","0","0","0","0","1","2","0","2","","03","","N","","","","","","","","","",""
"2020102896","","0","0","0","0","0","0","0","0","0","5","0","","67","11","2020","5","39.967786","-75.209128","0329","6","0","0","0","0","0","1","0","0","","0","0","0","","","0","N","0","","39 58:04.030","","0","75 12:32.860","0","0","0","0","67301","0","0","0","N","0","0","0","2","67301","0","","1.0","","9","N","N","N","0","","0","0","1","","0","","","2","0","0","0","0","0","0","2","1","2","","04","","N","","","","","","","","","",""
"2020093217","","1","0","0","0","0","0","0","0","0","4","0","","67","11","2020","2","40.074357","-75.166072","1156","6","0","0","0","0","0","1","0","0","","0","0","0","","","4","","1","","40 04:27.685","","0","75 09:57.859","3","0","0","0","67301","0","0","0","N","0","0","0","5","67301","0","","1.0","","1","N","N","N","0","","4","0","1","","3","","","2","4","0","0","0","0","1","2","0","2","","03","","N","","","","","","","","","",""
"2020079246","","3","0","0","0","0","0","0","0","0","5","0","","67","9","2020","7","39.983306","-75.160222","0807","6","0","0","0","0","0","0","0","1","","0","0","0","","","0","N","0","","39 58:59.900","4","0","75 09:36.800","0","0","0","0","67301","0","0","0","N","0","0","0","1","67301","0","","6.0","851.0","9","N","N","N","0","","0","0","2","","0","N","","5","0","0","0","0","0","0","2","0","5","","","","N","","","","","","","","","",""
"2020080527","","0","0","0","0","0","0","0","0","0","8","1","","67","9","2020","1","40.023824","-75.123859","2127","6","0","0","0","0","0","0","0","0","","0","1","0","","","1","","5","","40 01:25.766","5","0","75 07:25.892","2","0","0","0","67301","1","0","1","N","1","0","1","2","67301","0","","1.0","2300.0","9","N","N","N","0","","0","1","0","","2","Y","","2","1","0","0","0","0","0","2","0","1","","","","N","","","","","","","","","",""
"2020093932","","0","0","0","0","0","0","0","0","0","5","0","","67","11","2020","5","40.019778","-75.16194","0910","6","0","0","0","0","0","1","0","0","","0","0","0","","","0","N","0","","40 01:11.201","","0","75 09:42.984","0","0","0","0","67301","0","0","0","N","0","0","0","2","67301","0","","1.0","","1","N","N","N","0","","0","0","2","","0","","","2","0","0","0","0","0","0","2","0","2","","03","","N","","","","","","","","","",""
"2020096048","","0","0","0","0","0","0","0","0","0","1","0","","67","11","2020","1","39.957205","-75.155489","1615","6","0","0","0","0","0","1","0","0","","0","0","0","","","1","","1","","39 57:25.938","","3","75 09:19.761","3","0","0","0","67301","0","0","0","N","0","0","0","2","67301","0","","1.0","","1","N","N","N","0","","1","0","1","","1","","","2","1","1","0","0","0","0","2","1","2","","03","","N","","","","","","","","","",""
"2020096050","","3","0","0","0","0","0","0","0","0","4","0","","67","11","2020","7","39.919227","-75.228426","2257","6","0","0","0","0","0","0","0","0","","0","0","0","","","0","N","0","","39 55:09.216","","0","75 13:42.333","0","0","0","0","67301","0","0","0","N","0","0","0","1","67301","0","","4.0","","1","N","N","N","0","","0","0","0","","0","","","3","0","0","0","0","0","0","2","0","3","","03","","N","","","","","","","","","",""
"2020102063","","1","0","0","0","0","0","0","0","0","6","0","","67","11","2020","5","40.074609","-75.035074","2110","6","0","0","0","0","0","0","1","0","","0","0","0","","","1","","1","","40 04:28.594","","0","75 02:06.267","8","0","0","0","67301","0","0","0","N","0","0","0","2","67301","0","","1.0","","1","N","N","N","0","","0","0","1","","2","","","2","1","0","0","0","1","0","2","0","2","","03","","N","","","","","","","","","",""
"2020079251","","1","0","0","0","0","0","0","0","0","4","0","","67","9","2020","6","40.011635","-75.157254","1851","6","0","0","0","0","0","0","0","0","","0","0","0","","","1","","1","","40 00:41.886","","0","75 09:26.114","3","0","0","0","67301","0","0","0","N","0","0","0","3","67301","0","","1.0","","1","N","N","N","0","","1","0","1","","3","","","2","1","0","0","0","0","0","2","0","2","","03","","N","","","","","","","","","",""
"2020104031","","2","0","0","0","0","0","0","0","0","4","0","","67","11","2020","2","39.986847","-75.163503","2244","6","0","0","0","0","0","0","0","0","","0","0","0","","","0","N","0","","39 59:12.650","2","0","75 09:48.610","9","0","0","0","67301","0","0","0","N","0","0","0","1","67301","0","","1.0","2340.0","9","N","N","N","0","","0","0","0","","0","Y","","2","0","0","0","0","0","1","2","0","2","","","","N","","","","","","","","","",""
"2020081400","","0","0","0","0","0","0","0","0","0","7","0","","67","9","2020","7","39.980685","-75.206127","0041","6","0","0","0","0","0","1","0","0","","0","0","0","","","1","N","0","","39 58:50.467","3","0","75 12:22.058","8","0","0","0","67301","0","0","0","N","0","0","0","6","68K01","0","","3.0","130.0","1","N","N","N","0","","0","0","1","","0","N","","1","1","0","0","0","1","0","2","0","1","","03","","N","","","","","","","","","",""
"2020097129","","1","0","0","0","0","0","0","0","0","1","0","","67","11","2020","6","40.063581","-74.985197","1549","6","0","0","0","0","0","0","1","0","","0","0","0","","","1","Y","0","","40 03:48.891","","0","74 59:06.710","3","0","0","0","67301","0","0","0","N","0","0","0","2","67301","0","","1.0","","1","N","N","N","0","","1","0","0","","2","","","2","1","0","0","0","0","0","2","0","2","","03","","N","","","","","","","","","",""
"2020109341","","1","0","0","0","0","0","0","0","0","7","0","","67","12","2020","2","39.993918","-75.199078","1133","6","0","0","0","1","0","0","0","0","","0","0","0","","","0","N","0","","39 59:38.104","4","0","75 11:56.679","0","0","0","0","67301","0","0","0","N","0","0","0","1","68K01","0","","4.0","15.0","1","N","N","N","0","","0","0","0","","0","N","","1","0","0","0","0","0","0","2","0","1","","","","N","","","","","","","","","",""
"2020092368","","3","0","0","0","0","0","0","0","0","5","0","","67","11","2020","1","39.972883","-75.144403","0426","6","0","0","0","0","0","0","0","0","","0","0","0","","","0","N","0","","39 58:22.380","1","0","75 08:39.850","0","0","0","0","67301","0","0","0","N","0","0","0","1","67301","0","","6.0","515.0","1","N","N","N","0","","0","0","0","","0","Y","","3","0","0","0","0","0","0","2","0","3","","03","","N","","","","","","","","","",""
"2020101598","","0","0","0","0","0","0","0","0","0","4","0","","67","11","2020","7","39.969323","-75.18472","1653","6","0","0","0","0","0","0","0","0","","0","0","0","","","1","","1","","39 58:09.562","","0","75 11:04.992","3","0","0","1","67301","0","0","0","N","0","0","0","3","67301","0","","1.0","","1","N","N","N","0","","1","0","1","","2","","","2","1","1","0","0","0","0","2","0","2","","03","","N","","","","","","","","","",""
"2020094828","","2","0","0","0","0","0","0","0","0","4","0","","67","11","2020","7","40.064066","-75.149324","2158","6","1","0","0","0","1","0","0","0","","0","0","0","","","4","","1","","40 03:50.637","","0","75 08:57.566","3","0","0","0","67301","0","0","0","N","0","0","0","4","67301","1","","1.0","","1","N","N","N","0","","3","0","0","","3","","","2","4","4","0","0","0","0","2","0","2","","","","N","","","","","","","","","",""
"2020096058","","0","0","0","0","0","0","0","0","0","1","0","","67","11","2020","2","39.940851","-75.212589","2042","6","0","0","0","0","0","0","0","0","","0","0","0","","","1","","1","","39 56:27.063","","0","75 12:45.321","4","0","0","0","67301","0","0","0","N","0","0","0","2","67301","1","","1.0","","1","N","N","N","1","","0","0","1","","2","","","2","1","0","0","0","0","0","2","0","2","","","","N","","","","","","","","","",""
"2020104957","","1","0","0","0","0","0","0","0","0","7","0","","67","11","2020","3","40.022311","-75.078194","1535","6","0","0","0","0","0","0","0","0","","0","0","0","","","1","N","0","","40 01:20.319","","0","75 04:41.497","4","0","0","0","67301","0","0","0","N","0","0","0","1","67301","1","","4.0","","1","N","N","N","0","","0","0","0","","0","","","1","1","0","0","0","0","0","2","0","1","","03","","N","","","","","","","","","",""
"2020097350","","0","0","0","0","0","0","0","0","0","7","0","","67","11","2020","5","40.024228","-75.220903","0212","6","0","0","0","0","0","0","0","0","","0","0","0","","","0","N","0","","40 01:27.220","","0","75 13:15.250","0","0","0","0","67301","0","0","0","N","0","0","0","1","67301","0","","4.0","","9","N","N","N","0","","0","0","1","","0","","","1","0","0","0","0","0","0","2","0","1","","07","","N","","","","","","","","","",""
"2020080710","","1","0","0","0","0","0","0","0","0","4","0","","67","9","2020","7","40.131689","-75.012294","2013","6","0","0","0","0","0","1","0","0","","0","0","0","","","1","","1","","40 07:54.080","2","0","75 00:44.260","3","0","0","0","67301","0","0","0","N","0","0","0","3","67301","0","","1.0","2135.0","1","N","N","N","0","","1","0","1","","2","N","","3","1","0","0","0","0","0","2","1","3","","","","N","","","","","","","","","",""
"2020104795","","1","0","0","0","0","0","0","0","0","2","0","","67","12","2020","5","39.938341","-75.19921","0931","6","0","0","0","0","0","0","0","0","","0","0","0","","","2","","2","","39 56:18.029","","0","75 11:57.157","3","0","0","0","67301","1","0","0","N","1","0","0","3","67301","0","","1.0","","1","N","N","N","0","","1","0","0","","2","","","3","2","0","0","0","1","0","2","1","2","","03","","N","","","","","","","","","",""
"2020097581","","2","0","0","0","0","0","0","0","0","5","0","","67","11","2020","5","39.970235","-75.159775","0753","6","0","0","0","0","0","0","0","0","","0","0","0","","","0","","1","","39 58:12.846","2","0","75 09:35.189","0","0","0","0","67301","0","0","0","N","0","0","0","2","67301","0","","1.0","100.0","9","N","N","N","0","","0","0","0","","2","N","","2","0","0","0","0","0","0","2","0","2","","07","","N","","","","","","","","","",""
"2020097593","","0","0","0","0","0","0","0","0","0","5","0","","67","11","2020","7","39.977806","-75.161417","2045","6","0","0","0","0","1","0","0","0","","0","0","0","","","0","N","0","","39 58:40.100","","0","75 09:41.100","0","0","0","0","67301","0","0","0","N","0","0","0","3","67301","0","","1.0","","1","N","N","N","0","","0","0","2","","0","","","2","0","0","0","0","0","0","2","0","2","","03","","N","","","","","","","","","",""
"2020094826","","2","0","0","0","0","0","0","0","0","2","0","","67","11","2020","1","39.918342","-75.238631","0041","6","0","0","0","0","0","0","0","0","","0","0","0","","","1","N","0","","39 55:06.030","","0","75 14:19.070","3","0","0","0","67301","0","0","0","N","0","0","0","4","67301","0","","1.0","","1","N","N","N","0","","1","0","2","","0","","","4","1","0","0","0","0","0","2","0","4","","03","","N","","","","","","","","","",""
"2020085036","","1","0","0","0","0","0","0","0","0","1","0","","67","9","2020","7","39.921793","-75.19059","1700","6","0","0","0","0","0","0","0","0","","0","0","0","","","0","N","0","","39 55:18.456","","1","75 11:26.125","0","0","0","0","67301","0","0","0","N","0","0","0","2","67301","0","","1.0","","99","N","N","Y","0","","0","0","1","","0","","","2","0","0","0","0","0","0","2","0","2","","","","N","","","","","","","","","",""
"2020096778","","1","0","0","0","0","0","0","0","0","8","0","","67","11","2020","4","40.025366","-75.167624","1750","6","0","0","0","0","0","0","0","0","","0","0","0","","","1","","1","","40 01:31.316","","0","75 10:03.447","8","0","0","0","67301","1","0","0","N","1","0","0","2","67301","0","","1.0","","9","N","N","N","0","","0","0","0","","2","","","2","1","0","0","0","1","0","2","0","1","","05","","N","","","","","","","","","",""
"2020079785","","4","0","0","0","0","0","0","0","0","5","0","","67","9","2020","1","40.012628","-75.099553","0511","6","0","0","0","0","0","0","0","0","","0","0","0","","","0","N","0","","40 00:45.460","","0","75 05:58.390","0","0","0","0","67301","0","0","0","N","0","0","0","1","67301","0","","6.0","","1","N","N","N","1","","0","0","2","","0","","","7","0","0","0","0","0","0","2","0","7","","","","N","","","","","","","","","",""
"2020079684","","2","0","0","0","0","0","0","0","0","5","0","","67","9","2020","1","40.036429","-75.186994","0230","6","0","0","0","1","0","0","0","0","","0","0","0","","","0","N","0","","40 02:11.143","2","0","75 11:13.180","0","0","0","0","67301","0","0","0","N","0","0","0","1","67301","0","","6.0","330.0","9","N","N","N","0","","0","0","1","","0","N","","3","0","0","0","0","0","0","2","0","3","","05","","N","","","","","","","","","",""
"2020109592","","2","0","0","0","0","0","0","0","0","98","0","","67","12","2020","2","39.994573","-75.198604","0945","6","0","0","1","1","0","1","0","0","","0","0","0","","","0","N","0","","39 59:40.461","","0","75 11:54.975","0","0","0","0","67301","0","0","0","N","0","0","0","4","68K01","0","","4.0","","1","N","N","N","0","","0","0","1","","8","","","3","0","0","0","0","0","0","2","0","3","","","","N","","","","","","","","","",""
"2020079322","","1","0","0","0","0","0","0","0","0","4","0","","67","9","2020","6","39.964407","-75.176261","1609","6","0","0","0","0","0","0","0","0","","0","0","0","","","2","","5","","39 57:51.864","4","0","75 10:34.539","3","0","0","0","67301","0","0","0","N","0","0","0","5","67301","0","","1.0","1635.0","1","N","N","N","0","","2","0","1","","2","N","","2","2","0","0","0","0","0","2","0","2","","","","N","","","","","","","","","",""
"2020080313","","0","0","0","0","0","0","0","0","0","1","0","","67","9","2020","7","40.009994","-75.096144","1020","6","0","0","0","0","0","0","0","0","","0","0","0","","","1","","5","","40 00:35.978","","0","75 05:46.118","3","0","0","0","67301","0","0","0","N","0","0","0","3","67301","0","","1.0","","9","N","N","N","1","","1","0","1","","2","","","2","1","2","0","0","0","0","2","0","2","","","","N","","","","","","","","","",""
"2020102420","","2","0","0","0","0","0","0","0","0","4","0","","67","11","2020","6","40.002139","-75.213631","1137","6","0","0","0","0","0","1","0","1","","0","0","0","","","2","","1","","40 00:07.700","","7","75 12:49.070","3","0","0","0","67301","0","0","0","N","0","0","0","2","67301","0","","1.0","","1","N","N","N","0","","2","0","0","","3","","","2","2","0","0","0","0","0","2","0","2","","03","","N","","","","","","","","","",""
"2020108369","","2","0","0","0","0","0","0","0","0","1","0","","67","12","2020","3","39.967789","-75.131547","2034","6","0","0","0","0","0","0","0","0","","0","0","0","","","1","N","0","","39 58:04.039","2","0","75 07:53.568","3","0","0","0","67301","0","0","0","N","0","0","0","2","68K01","0","","1.0","2200.0","1","N","Y","N","0","","1","0","0","","0","N","","2","1","0","0","0","0","0","2","0","2","","","","N","","","","","","","","","",""
"2020094086","","3","0","0","0","0","0","0","0","0","1","0","","67","11","2020","5","39.910302","-75.172741","2235","6","0","0","0","0","0","1","0","0","","0","0","0","","","0","N","0","","39 54:37.086","","0","75 10:21.866","9","0","0","0","67301","0","0","0","N","0","0","0","4","67505","0","","1.0","","1","N","N","N","0","","0","0","1","","2","N","","4","0","0","0","0","0","1","2","0","4","","03","","N","","","","","","","","","",""
"2020081878","","1","0","0","0","0","0","0","0","0","4","0","","67","9","2020","2","40.031228","-75.145767","0522","6","0","0","0","0","0","0","0","0","","0","0","0","","","2","","1","","40 01:52.420","","0","75 08:44.761","8","0","0","0","67301","0","0","0","N","0","0","0","3","67301","0","","1.0","","1","N","N","N","0","","0","0","3","","2","","","4","2","1","0","0","2","0","2","0","4","","","","N","","","","","","","","","",""
"2020094180","","1","0","0","0","0","0","0","0","0","6","0","","67","11","2020","6","40.024369","-75.163772","0404","6","0","0","0","0","0","0","0","0","","0","0","0","","","0","N","0","","40 01:27.730","6","0","75 09:49.580","0","0","0","0","67301","0","0","0","N","0","0","0","1","67301","0","","6.0","550.0","1","N","N","N","1","","0","0","0","","0","N","","2","0","0","0","0","0","0","2","0","2","","","","N","","","","","","","","","",""
"2020082414","","3","0","0","0","0","0","0","0","0","5","0","","67","9","2020","2","39.991863","-75.202188","1410","6","0","0","0","0","0","0","0","0","","0","0","0","","","1","N","0","","39 59:30.705","4","0","75 12:07.878","3","0","0","0","67301","0","0","0","N","0","0","0","5","68K01","0","","1.0","1500.0","1","N","N","N","0","","1","0","1","","0","N","","4","1","0","0","0","0","0","2","0","4","","","","N","","","","","","","","","",""
"2020102861","","1","0","0","0","0","0","0","0","0","1","0","","67","11","2020","5","40.000116","-75.141383","2035","6","0","0","0","0","0","0","0","0","","0","0","0","","","0","N","0","","40 00:00.417","","0","75 08:28.977","0","0","0","0","67301","0","0","0","N","0","0","0","2","67301","0","","1.0","","9","N","N","N","0","","0","0","1","","0","","","3","0","0","0","0","0","0","2","1","3","","","","N","","","","","","","","","",""
"2020093757","","1","0","0","0","0","0","0","0","0","7","0","","67","11","2020","4","39.96987","-75.142743","0830","6","0","0","0","0","0","0","0","0","","0","0","0","","","0","N","0","","39 58:11.533","","99","75 08:33.876","0","0","0","0","67301","0","0","0","N","0","0","0","1","67301","0","","3.0","","1","N","N","N","0","","0","0","0","","0","","","1","0","1","0","0","0","0","2","0","1","","03","","N","","","","","","","","","",""