"CRN","ARRIVAL_TM","AUTOMOBILE_COUNT","BELTED_DEATH_COUNT","BELTED_SUSP_SERIOUS_INJ_COUNT","BICYCLE_COUNT","BICYCLE_DEATH_COUNT","BICYCLE_SUSP_SERIOUS_INJ_COUNT","BUS_COUNT","CHLDPAS_DEATH_COUNT","CHLDPAS_SUSP_SERIOUS_INJ_COUNT","COLLISION_TYPE","COMM_VEH_COUNT","CONS_ZONE_SPD_LIM","COUNTY","CRASH_MONTH","CRASH_YEAR","DAY_OF_WEEK","DEC_LATITUDE","DEC_LONGITUDE","DISPATCH_TM","DISTRICT","DRIVER_COUNT_16YR","DRIVER_COUNT_17YR","DRIVER_COUNT_18YR","DRIVER_COUNT_19YR","DRIVER_COUNT_20YR","DRIVER_COUNT_50_64YR","DRIVER_COUNT_65_74YR","DRIVER_COUNT_75PLUS","EST_HRS_CLOSED","FATAL_COUNT","HEAVY_TRUCK_COUNT","HORSE_BUGGY_COUNT","HOUR_OF_DAY","ILLUMINATION","INJURY_COUNT","INTERSECTION_RELATED","INTERSECT_TYPE","LANE_CLOSED","LATITUDE","LN_CLOSE_DIR","LOCATION_TYPE","LONGITUDE","MAX_SEVERITY_LEVEL","MCYCLE_DEATH_COUNT","MCYCLE_SUSP_SERIOUS_INJ_COUNT","MOTORCYCLE_COUNT","MUNICIPALITY","NONMOTR_COUNT","NONMOTR_DEATH_COUNT","NONMOTR_SUSP_SERIOUS_INJ_COUNT","NTFY_HIWY_MAINT","PED_COUNT","PED_DEATH_COUNT","PED_SUSP_SERIOUS_INJ_COUNT","PERSON_COUNT","POLICE_AGCY","POSSIBLE_INJ_COUNT","RDWY_SURF_TYPE_CD","RELATION_TO_ROAD","ROADWAY_CLEARED","ROAD_CONDITION","SCH_BUS_IND","SCH_ZONE_IND","SECONDARY_CRASH","SMALL_TRUCK_COUNT","SPEC_JURIS_CD","SUSP_MINOR_INJ_COUNT","SUSP_SERIOUS_INJ_COUNT","SUV_COUNT","TCD_FUNC_CD","TCD_TYPE","TFC_DETOUR_IND","TIME_OF_DAY","TOTAL_UNITS","TOT_INJ_COUNT","UNBELTED_OCC_COUNT","UNB_DEATH_COUNT","UNB_SUSP_SERIOUS_INJ_COUNT","UNK_INJ_DEG_COUNT","UNK_INJ_PER_COUNT","URBAN_RURAL","VAN_COUNT","VEHICLE_COUNT","WEATHER1","WEATHER2","WORKERS_PRES","WORK_ZONE_IND","WORK_ZONE_LOC","WORK_ZONE_TYPE","WZ_CLOSE_DETOUR","WZ_FLAGGER","WZ_LAW_OFFCR_IND","WZ_LN_CLOSURE","WZ_MOVING","WZ_OTHER","WZ_SHLDER_MDN","WZ_WORKERS_INJ_KILLED"
"2020081639","","1","0","0","0","0","0","0","0","0","4","0","","67","9","2020","7","40.018972","-75.147111","1757","6","0","0","0","0","0","0","0","0","","0","0","0","","","0","","1","","40 01:08.300","","0","75 08:49.600","0","0","0","0","67301","0","0","0","N","0","0","0","7","67301","0","","1.0","","1","N","N","N","0","","0","0","0","","2","","","2","0","6","0","0","0","0","2","1","2","","04","","N","","","","","","","","","",""
"2020094289","","0","0","0","0","0","0","0","0","0","7","0","","67","11","2020","5","40.114813","-75.021692","1830","6","0","0","0","0","0","0","1","0","","0","0","0","","","1","","2","","40 06:53.325","5","0","75 01:18.090","3","0","0","0","67301","0","0","0","N","0","0","0","1","67301","0","","5.0","2359.0","1","N","N","N","0","","1","0","1","","3","Y","","1","1","0","0","0","0","0","2","0","1","","98","","N","","","","","","","","","",""
"2020101821","","2","0","0","0","0","0","0","0","0","4","0","","67","11","2020","4","39.922867","-75.226314","1045","6","0","0","0","0","0","0","0","0","","0","0","0","","","1","","1","","39 55:22.321","","0","75 13:34.730","3","0","0","0","67301","0","0","0","N","0","0","0","3","67301","0","","1.0","","1","N","N","N","0","","1","0","0","","2","","","2","1","0","0","0","0","0","2","0","2","","03","","N","","","","","","","","","",""
"2020096477","","0","0","0","0","0","0","0","0","0","7","0","99","67","11","2020","3","40.029094","-75.210638","1912","6","0","0","0","0","0","0","0","0","","0","0","0","","","2","N","0","","40 01:44.738","","0","75 12:38.297","3","0","0","0","67301","2","0","0","N","2","0","0","3","67301","0","","1.0","","1","N","N","N","0","","2","0","1","","0","","","3","2","1","0","0","0","0","2","0","1","","03","U","Y","4","1","","","U","","","Y","Y","N"
"2020093434","","1","0","0","0","0","0","0","0","0","4","0","","67","11","2020","3","40.044671","-75.026324","1418","6","0","0","0","0","0","2","0","0","","0","0","0","","","0","","1","","40 02:40.815","","0","75 01:34.766","9","0","0","0","67301","0","0","0","N","0","0","0","2","67301","0","","1.0","","1","N","N","N","0","","0","0","1","","3","","","2","0","0","0","0","0","1","2","0","2","","03","","N","","","","","","","","","",""
"2020104885","","1","0","0","0","0","0","0","0","0","5","0","","67","12","2020","7","39.989564","-75.157069","0730","6","0","0","0","0","0","0","0","0","","0","0","0","","","0","N","0","","39 59:22.430","4","0","75 09:25.450","9","0","0","0","67301","0","0","0","N","0","0","0","1","67301","0","","1.0","100.0","9","N","N","N","1","","0","0","0","","0","N","","2","0","1","0","0","0","1","2","0","2","","04","","N","","","","","","","","","",""
"2020108228","","1","0","0","0","0","0","1","0","0","1","1","","67","12","2020","3","40.038826","-75.143636","1200","6","0","0","0","0","0","1","0","0","","0","0","0","","","0","","1","","40 02:19.772","","0","75 08:37.091","0","0","0","0","67301","0","0","0","N","0","0","0","2","67508","0","","1.0","","1","N","N","Y","0","","0","0","0","","2","N","","2","0","0","0","0","0","0","2","0","2","","03","","N","","","","","","","","","",""
"2020093759","","1","0","0","0","0","0","0","0","0","4","0","","67","11","2020","4","40.019348","-75.172344","1514","6","0","0","0","0","0","0","0","0","","0","0","0","","","0","","2","","40 01:09.652","","0","75 10:20.438","0","0","0","0","67301","0","0","0","N","0","0","0","1","67301","0","","1.0","","1","N","N","N","0","","0","0","1","","3","","","2","0","1","0","0","0","0","2","0","2","","03","","N","","","","","","","","","",""
"2020100449","","1","0","0","0","0","0","0","0","0","5","0","","67","11","2020","1","40.017909","-75.086309","1053","6","0","0","0","0","0","0","0","0","","0","0","0","","","0","","1","","40 01:04.472","","0","75 05:10.712","0","0","0","0","67301","0","0","0","N","0","0","0","1","67301","0","","4.0","","1","N","N","N","1","","0","0","1","","3","","","3","0","0","0","0","0","0","2","0","3","","03","","N","","","","","","","","","",""
"2020102061","","2","0","0","0","0","0","0","0","0","4","0","","67","11","2020","4","40.042393","-75.072485","1532","6","0","0","1","0","0","1","0","0","","0","0","0","","","1","","1","","40 02:32.614","","0","75 04:20.946","3","0","0","0","67301","0","0","0","N","0","0","0","2","67301","0","","1.0","","1","N","N","N","0","","1","0","0","","3","","","2","1","0","0","0","0","0","2","0","2","","","","N","","","","","","","","","",""
"2020095147","","3","0","0","0","0","0","0","0","0","5","0","","67","11","2020","1","40.014178","-75.147242","1919","6","0","0","0","0","0","0","0","0","","0","0","0","","","1","N","0","","40 00:51.040","1","0","75 08:50.070","4","0","0","0","67301","0","0","0","N","0","0","0","2","67301","1","","1.0","2100.0","1","N","N","Y","0","","0","0","1","","0","Y","","4","1","0","0","0","0","0","2","0","4","","03","","N","","","","","","","","","",""
"2020103322","","1","0","0","0","0","0","0","0","0","7","0","","67","11","2020","5","39.943608","-75.142713","2024","6","0","0","0","0","0","0","0","0","","0","0","0","","","1","N","0","","39 56:36.988","","0","75 08:33.766","3","0","0","0","67301","0","0","0","N","0","0","0","3","68K01","0","","2.0","","9","N","N","N","0","","1","0","0","","0","","","1","1","0","0","0","0","0","2","0","1","","","","N","","","","","","","","","",""
"2020079484","","1","0","0","0","0","0","0","0","0","4","0","","67","9","2020","7","40.067377","-75.150498","1323","6","0","0","0","0","0","0","0","0","","0","0","0","","","1","","1","","40 04:02.557","","0","75 09:01.792","4","0","0","0","67301","0","0","0","N","0","0","0","2","67301","1","","1.0","","1","N","N","N","0","","0","0","1","","3","","","2","1","1","0","0","0","1","2","0","2","","07","","N","","","","","","","","","",""
"2020113964","","0","0","0","0","0","0","0","0","0","7","0","","67","11","2020","6","39.977184","-75.199835","1842","6","0","0","0","0","0","1","0","0","","0","0","0","","","0","N","0","","39 58:37.863","3","0","75 11:59.406","0","0","0","0","67301","0","0","0","N","0","0","0","2","68K01","0","","4.0","1942.0","1","N","N","N","0","","0","0","1","","0","N","","1","0","0","0","0","0","0","2","0","1","","","","N","","","","","","","","","",""
"2020080639","","1","0","0","0","0","0","0","0","0","5","0","","67","9","2020","2","40.044444","-75.170667","0015","6","0","0","0","0","0","0","0","0","","0","0","0","","","0","N","0","","40 02:40.000","","0","75 10:14.400","0","0","0","0","67301","0","0","0","N","0","0","0","2","67301","0","","6.0","","9","N","N","N","0","","0","0","1","","0","","","2","0","0","0","0","0","0","2","0","2","","","","N","","","","","","","","","",""
"2020080311","","2","0","0","0","0","0","0","0","0","4","0","","67","9","2020","2","39.989343","-75.155473","2028","6","0","0","0","0","1","0","0","0","","0","0","0","","","0","","1","","39 59:21.634","","0","75 09:19.704","0","0","0","0","67301","0","0","0","N","0","0","0","3","67301","0","","1.0","","1","N","N","N","0","","0","0","0","","2","","","2","0","0","0","0","0","0","2","0","2","","03","","N","","","","","","","","","",""
"2020093928","","1","0","0","0","0","0","0","0","0","4","0","","67","11","2020","5","39.979608","-75.165032","0200","6","0","0","0","1","0","0","0","0","","0","0","0","","","0","","1","","39 58:46.587","","0","75 09:54.116","0","0","0","0","67301","0","0","0","N","0","0","0","3","67301","0","","1.0","","1","N","N","N","0","","0","0","1","","3","","","2","0","0","0","0","0","0","2","0","2","","","","N","","","","","","","","","",""
"2020104163","","1","0","0","0","0","0","0","0","0","5","0","","67","12","2020","3","39.991722","-75.230333","1700","6","0","0","0","0","0","0","0","0","","0","0","0","","","0","N","0","","39 59:30.200","","0","75 13:49.200","0","0","0","0","67301","0","0","0","N","0","0","0","2","67301","0","","6.0","","1","N","N","N","0","","0","0","1","","0","","","2","0","1","0","0","0","0","2","0","2","","03","","N","","","","","","","","","",""
"2020095773","","2","0","0","0","0","0","0","0","0","4","0","","67","11","2020","2","40.036307","-75.129543","1343","6","0","0","0","0","0","0","0","0","","0","0","0","","","0","","1","","40 02:10.706","","0","75 07:46.353","9","0","0","0","67301","0","0","0","N","0","0","0","2","67301","0","","1.0","","1","N","N","N","0","","0","0","0","","3","","","2","0","0","0","0","0","1","2","0","2","","03","","N","","","","","","","","","",""
"2020103018","","2","0","0","0","0","0","0","0","0","1","0","","67","11","2020","7","39.982902","-75.101576","1509","6","0","0","0","0","0","1","0","0","","0","0","0","","","2","N","0","","39 58:58.446","","0","75 06:05.675","3","0","0","0","67301","0","0","0","N","0","0","0","4","67301","0","","1.0","","1","N","N","N","0","","2","0","2","","0","","","4","2","4","0","0","0","0","2","0","4","","03","","N","","","","","","","","","",""
"2020096989","","2","0","0","0","0","0","0","0","0","2","0","","67","11","2020","6","39.990174","-75.24406","1420","6","0","0","0","0","0","1","0","0","","0","0","0","","","2","","1","","39 59:24.626","","0","75 14:38.616","3","0","0","0","67301","0","0","0","N","0","0","0","5","67301","0","","1.0","","1","N","N","N","0","","2","0","0","","3","","","2","2","0","0","0","0","0","2","0","2","","03","","N","","","","","","","","","",""
"2020081744","","3","0","0","0","0","0","0","0","0","4","0","","67","10","2020","6","39.959418","-75.245353","2358","6","0","0","1","0","0","0","0","0","","0","0","0","","","4","","1","","39 57:33.904","4","0","75 14:43.272","3","0","0","0","67301","0","0","0","N","0","0","0","5","67301","1","","1.0","226.0","1","N","N","N","0","","1","0","0","","2","Y","","3","4","1","0","0","2","0","2","0","3","","03","","N","","","","","","","","","",""
"2020098925","","0","0","0","0","0","0","0","0","0","4","0","","67","11","2020","1","40.128935","-75.008739","1232","6","0","0","0","0","0","0","1","1","","0","0","0","","","0","","1","","40 07:44.165","","0","75 00:31.460","0","0","0","0","67301","0","0","0","N","0","0","0","2","67301","0","","1.0","","1","N","N","N","0","","0","0","2","","3","","","2","0","0","0","0","0","0","2","0","2","","","","N","","","","","","","","","",""
"2020096474","","1","0","0","0","0","0","0","0","0","4","0","","67","11","2020","7","40.028641","-75.205652","1436","6","0","0","0","0","0","0","0","0","","0","0","0","","","0","","1","","40 01:43.107","","0","75 12:20.348","0","0","0","0","67301","0","0","0","N","0","0","0","3","67301","0","","1.0","","1","N","N","N","0","","0","0","1","","2","","","2","0","0","0","0","0","0","2","0","2","","03","","N","","","","","","","","","",""
"2020103519","","3","0","0","0","0","0","0","0","0","4","0","","67","11","2020","5","39.957054","-75.235742","1400","6","0","0","0","0","0","2","0","0","","0","0","0","","","3","","1","","39 57:25.394","","0","75 14:08.671","3","0","0","0","67301","0","0","0","N","0","0","0","3","67301","0","","1.0","","1","N","N","N","0","","3","0","1","","3","","","4","3","0","0","0","0","0","2","0","4","","03","","N","","","","","","","","","",""
"2020080058","","0","0","0","0","0","0","0","0","0","8","0","","67","9","2020","1","40.037444","-75.167472","1539","6","0","0","0","0","0","0","0","0","","0","0","0","","","1","N","0","","40 02:14.800","","0","75 10:02.900","2","0","0","0","67301","1","0","1","N","1","0","1","2","67301","0","","4.0","","1","N","N","N","0","","0","1","0","","3","","","2","1","0","0","0","0","0","2","1","1","","03","","N","","","","","","","","","",""
"2020096402","","2","0","0","0","0","0","0","0","0","5","0","","67","11","2020","4","40.04664","-75.112511","1806","6","0","0","2","0","0","0","0","0","","0","0","0","","","1","N","0","","40 02:47.904","","0","75 06:45.038","3","0","0","0","67301","0","0","0","N","0","0","0","3","67301","0","","1.0","","8","N","N","N","0","","1","0","1","","0","","","3","1","0","0","0","0","0","2","0","3","","","","N","","","","","","","","","",""
"2020098713","","2","0","0","0","0","0","0","0","0","1","0","","67","11","2020","3","39.973638","-75.125639","0838","6","0","0","0","0","0","1","0","0","","0","0","0","","","4","N","0","","39 58:25.097","4","0","75 07:32.299","3","0","0","0","67301","0","0","0","N","0","0","0","8","67505","0","","1.0","1001.0","1","N","N","N","0","","4","0","1","","0","Y","","3","4","0","0","0","0","0","2","0","3","","","","N","","","","","","","","","",""
"2020098009","","1","0","0","0","0","0","0","0","0","8","0","","67","11","2020","2","39.990967","-75.179898","1127","6","0","0","0","0","0","0","0","0","","0","0","0","","","1","","1","","39 59:27.480","","0","75 10:47.634","3","0","0","0","67301","1","0","0","N","1","0","0","2","67301","0","","1.0","","1","N","N","N","0","","1","0","0","","2","","","2","1","0","0","0","0","0","2","0","1","","","","N","","","","","","","","","",""
"2020080361","","4","0","0","0","0","0","0","0","0","4","0","","67","9","2020","3","39.984711","-75.161527","1630","6","0","0","0","0","0","0","0","0","","0","0","0","","","0","","1","","39 59:04.959","","0","75 09:41.497","9","0","0","0","67301","0","0","0","N","0","0","0","2","67505","0","","1.0","","9","N","N","N","0","","0","0","1","","3","","","5","0","0","0","0","0","1","2","0","5","","07","","N","","","","","","","","","",""
"2020102860","","2","0","0","0","0","0","0","0","0","6","0","","67","11","2020","2","40.060794","-75.2005","1142","6","0","0","0","0","1","0","0","0","","0","0","0","","","0","N","0","","40 03:38.860","","0","75 12:01.800","0","0","0","0","67301","0","0","0","N","0","0","0","2","67301","0","","1.0","","9","N","N","N","0","","0","0","0","","0","","","2","0","0","0","0","0","0","2","0","2","","03","","N","","","","","","","","","",""
"2020094443","","4","0","0","0","0","0","0","0","0","1","0","","67","11","2020","6","40.015723","-75.154318","1300","6","0","0","0","0","0","2","0","0","","0","0","0","","","0","N","0","","40 00:56.601","","0","75 09:15.543","9","0","0","0","67301","0","0","0","N","0","0","0","4","67301","0","","1.0","","1","N","N","N","0","","0","0","0","","0","","","4","0","4","0","0","0","1","2","0","4","","03","","N","","","","","","","","","",""
"2020096605","","2","0","0","0","0","0","0","0","0","4","0","","67","11","2020","4","39.986979","-75.149001","1423","6","0","0","0","0","0","0","0","0","","0","0","0","","","1","","1","","39 59:13.126","","0","75 08:56.402","3","0","0","0","67301","0","0","0","N","0","0","0","2","67301","0","","1.0","","9","N","N","N","0","","1","0","0","","2","","","2","1","0","0","0","0","0","2","0","2","","04","","N","","","","","","","","","",""
"2020100167","","2","0","0","0","0","0","0","0","0","8","0","","67","11","2020","7","40.027081","-75.11735","0040","6","0","0","0","0","0","0","0","0","","0","0","0","","","1","N","0","","40 01:37.490","","0","75 07:02.460","3","0","0","0","67301","0","0","0","N","0","0","0","2","67301","0","","1.0","","1","N","N","Y","0","","1","0","0","","0","","","3","1","0","0","0","0","1","2","0","3","","03","","N","","","","","","","","","",""
"2020101156","","0","0","0","0","0","0","0","0","0","7","0","","67","11","2020","7","39.959139","-75.180444","0232","6","0","0","0","0","0","0","0","0","","0","0","0","","","1","","3","","39 57:32.900","3","2","75 10:49.600","3","0","0","0","67301","0","0","0","N","0","0","0","1","68K01","0","","4.0","15.0","1","N","N","N","0","","1","0","1","","0","N","","1","1","0","0","0","0","0","2","0","1","","03","","N","","","","","","","","","",""
"2020096987","","1","0","0","0","0","0","0","0","0","1","0","","67","11","2020","5","40.10072","-75.006945","1552","6","0","0","0","0","0","1","0","0","","0","0","0","","","0","N","0","","40 06:02.592","1","0","75 00:25.002","0","0","0","0","67301","0","0","0","N","0","0","0","2","67301","0","","1.0","1610.0","9","N","N","N","0","","0","0","1","","0","N","","2","0","0","0","0","0","0","2","0","2","","04","","N","","","","","","","","","",""
"2020094834","","2","0","0","0","0","0","0","0","0","4","0","","67","11","2020","7","39.988687","-75.162285","1554","6","0","0","0","0","1","0","0","0","","0","0","0","","","1","","1","","39 59:19.273","","0","75 09:44.225","8","0","0","0","67301","0","0","0","N","0","0","0","3","67301","0","","1.0","","1","N","N","N","0","","0","0","0","","2","","","2","1","0","0","0","1","0","2","0","2","","","","N","","","","","","","","","",""
"2020101470","","1","0","0","0","0","0","0","0","0","4","0","","67","11","2020","6","39.994527","-75.094439","1106","6","0","0","0","0","0","0","0","0","","0","0","0","","","3","N","0","","39 59:40.298","","7","75 05:39.980","3","0","0","0","67301","0","0","0","N","0","0","0","6","67301","0","","1.0","","1","N","N","N","1","","3","0","0","","0","","","2","3","0","0","0","0","1","2","0","2","","","","N","","","","","","","","","",""
"2020097144","","2","0","0","0","0","0","0","0","0","5","0","35","67","11","2020","4","39.911611","-75.166194","0104","6","0","0","0","0","0","0","0","0","","0","0","0","","","0","N","0","","39 54:41.800","","3","75 09:58.300","0","0","0","0","67301","0","0","0","N","0","0","0","2","67501","0","","1.0","","1","N","N","N","0","","0","0","0","","0","","","2","0","0","0","0","0","0","2","0","2","","","N","Y","8","1","","","N","Y","","","","N"
"2020105514","","0","0","0","0","0","0","0","0","0","7","0","45","67","11","2020","3","40.009533","-75.065884","1512","6","0","0","0","0","0","0","0","0","","0","0","0","","","0","N","0","","40 00:34.318","2","0","75 03:57.184","0","0","0","0","67301","0","0","0","N","0","0","0","1","68K01","0","","4.0","20.0","1","N","N","N","0","","0","0","1","","0","N","","1","0","0","0","0","0","0","2","0","1","","","N","Y","4","1","","","N","Y","","","Y","N"
"2020083334","","2","0","0","0","0","0","0","0","0","4","0","","67","10","2020","7","39.928117","-75.219415","1838","6","0","0","0","0","0","0","0","0","","0","0","0","","","1","","1","","39 55:41.222","","0","75 13:09.894","3","0","0","0","67301","0","0","0","N","0","0","0","2","67301","0","","1.0","","99","N","N","N","0","","1","0","0","","2","","","2","1","0","0","0","0","0","2","0","2","","98","","N","","","","","","","","","",""
"2020100764","","1","0","0","0","0","0","0","0","0","8","0","","67","11","2020","6","39.930715","-75.170055","1400","6","0","0","0","0","0","0","0","0","","0","0","0","","","1","","1","","39 55:50.574","","0","75 10:12.198","8","0","0","0","67301","1","0","0","N","1","0","0","2","67301","0","","1.0","","99","N","N","N","0","","0","0","0","","3","","","2","1","0","0","0","1","0","2","0","1","","","","N","","","","","","","","","",""
"2020095610","","2","0","0","0","0","0","0","0","0","4","0","","67","11","2020","2","39.992136","-75.140198","0629","6","0","0","0","0","0","1","0","0","","0","0","0","","","0","","1","","39 59:31.689","","0","75 08:24.712","0","0","0","0","67301","0","0","0","N","0","0","0","2","67301","0","","1.0","","1","N","N","N","0","","0","0","0","","2","","","2","0","0","0","0","0","0","2","0","2","","03","","N","","","","","","","","","",""
"2020099340","","0","0","0","0","0","0","0","0","0","4","0","","67","11","2020","3","39.960038","-75.224851","0628","6","0","0","0","0","0","0","0","1","","0","0","0","","","0","","1","","39 57:36.137","","0","75 13:29.464","9","0","0","0","67301","0","0","0","N","0","0","0","2","67301","0","","1.0","","1","N","N","N","1","","0","0","0","","2","","","2","0","0","0","0","0","1","2","0","2","","03","","N","","","","","","","","","",""
"2020079649","","1","0","0","1","0","0","0","0","0","8","0","","67","9","2020","1","40.032996","-75.048689","1155","6","0","0","0","0","0","0","0","0","","0","0","0","","","1","","1","","40 01:58.787","","0","75 02:55.280","3","0","0","0","67301","1","0","0","N","0","0","0","2","67301","0","","1.0","","1","N","N","N","0","","1","0","0","","2","","","2","1","0","0","0","0","0","2","0","1","","","","N","","","","","","","","","",""
"2020103334","","0","0","0","0","0","0","0","0","0","7","0","","67","11","2020","7","39.99235","-75.085726","0232","6","0","0","0","0","0","0","0","0","","0","0","0","","","0","Y","0","","39 59:32.459","","0","75 05:08.612","0","0","0","0","67301","0","0","0","Y","0","0","0","1","68K01","0","","7.0","","1","N","N","N","0","","0","0","1","","0","","","1","0","0","0","0","0","0","2","0","1","","","","N","","","","","","","","","",""
"2020084711","","1","0","0","0","0","0","0","0","0","4","0","","67","9","2020","1","40.023528","-75.133389","1940","6","0","0","0","0","0","0","0","0","","0","0","0","","","1","","1","","40 01:24.700","","0","75 08:00.200","2","0","0","0","67301","0","0","0","N","0","0","0","2","67301","0","","1.0","","1","N","N","N","0","","0","1","0","","2","","","2","1","0","0","0","0","0","2","0","2","","03","","N","","","","","","","","","",""
"2020107398","","1","0","0","0","0","0","0","0","0","2","0","","67","12","2020","4","40.018105","-75.110089","0457","6","0","0","0","0","0","0","0","0","","0","0","0","","","0","N","1","","40 01:05.178","","0","75 06:36.320","0","0","0","0","67301","0","0","0","N","0","0","0","1","67301","0","","2.0","","1","N","N","N","0","","0","0","1","","3","","","2","0","1","0","0","0","0","2","0","2","","03","","N","","","","","","","","","",""
"2020079318","","0","0","0","0","0","0","0","0","0","8","0","","67","9","2020","6","39.928066","-75.168814","1743","6","0","0","0","0","0","0","0","0","","0","0","0","","","1","","1","","39 55:41.036","","0","75 10:07.732","3","0","0","0","67301","1","0","0","N","1","0","0","2","67301","0","","1.0","","1","N","N","N","0","","1","0","1","","2","","","2","1","0","0","0","0","0","2","0","1","","03","","N","","","","","","","","","",""
"2020093777","","0","0","0","0","0","0","0","0","0","4","0","","67","11","2020","5","39.985547","-75.162945","1110","6","0","0","0","0","0","0","0","0","","0","0","0","","","1","","1","","39 59:07.969","","0","75 09:46.601","4","0","0","0","67301","0","0","0","N","0","0","0","2","67509","1","","1.0","","1","N","N","N","1","","0","0","1","","2","","","2","1","0","0","0","0","0","2","0","2","","03","","N","","","","","","","","","",""
"2020079647","","1","0","0","0","0","0","0","0","0","4","0","","67","9","2020","1","40.059359","-75.15115","1402","6","0","0","0","0","0","0","0","0","","0","0","0","","","1","","1","","40 03:33.692","6","0","75 09:04.139","3","0","0","0","67301","0","0","0","N","0","0","0","2","67301","0","","1.0","1600.0","1","N","N","N","0","","1","0","1","","3","Y","","2","1","0","0","0","0","0","2","0","2","","03","","N","","","","","","","","","",""
"2020108911","","1","0","0","0","0","0","0","0","0","1","0","","67","12","2020","3","40.007547","-75.125984","1406","6","0","0","0","0","0","0","0","0","","0","0","0","","","2","N","0","","40 00:27.168","","0","75 07:33.543","3","0","0","0","67301","0","0","0","N","0","0","0","3","67301","0","","1.0","","1","N","N","N","0","","2","0","1","","0","","","2","2","1","0","0","0","0","2","0","2","","","","N","","","","","","","","","",""
"2020109321","","0","0","0","0","0","0","0","0","0","7","0","","67","12","2020","6","40.03007","-75.022172","0614","6","0","0","0","0","0","1","0","0","","0","0","0","","","1","N","0","","40 01:48.253","2","0","75 01:19.819","8","0","0","0","67301","0","0","0","N","0","0","0","1","68K01","0","","4.0","720.0","1","N","N","N","1","","0","0","0","","0","N","","1","1","0","0","0","1","0","2","0","1","","","","N","","","","","","","","","",""
"2020113223","","1","0","0","0","0","0","0","0","0","7","0","","67","11","2020","5","39.960752","-75.181907","0240","6","0","0","0","0","0","0","0","0","","0","0","0","","","0","N","0","","39 57:38.708","","0","75 10:54.865","0","0","0","0","67301","0","0","0","N","0","0","0","2","68K01","0","","2.0","","9","N","N","N","0","","0","0","0","","0","","","1","0","0","0","0","0","0","2","0","1","","","","N","","","","","","","","","",""
"2020100325","","0","0","0","0","0","0","0","0","0","7","0","45","67","11","2020","6","39.899004","-75.174551","1748","6","0","0","0","0","0","1","0","0","","0","0","0","","","0","N","0","","39 53:56.416","1","0","75 10:28.382","0","0","0","0","67301","0","0","0","N","0","0","0","1","68K01","0","","2.0","1828.0","1","N","N","N","1","","0","0","0","","0","N","","1","0","0","0","0","0","0","2","0","1","","03","N","Y","4","1","","","N","Y","","","","N"
"2020104833","","1","0","0","0","0","0","0","0","0","7","0","","67","11","2020","5","40.037515","-75.012061","0531","6","0","0","0","0","0","0","0","0","","0","0","0","","","0","N","0","","40 02:15.055","1","0","75 00:43.420","0","0","0","0","67301","0","0","0","N","0","0","0","1","68K01","0","","3.0","830.0","8","N","N","N","0","","0","0","0","","0","N","","1","0","0","0","0","0","0","2","0","1","","","","N","","","","","","","","","",""
"2020096051","","2","0","0","0","0","0","0","0","0","4","0","","67","11","2020","1","39.917183","-75.246303","0115","6","0","0","0","0","0","0","0","0","","0","0","0","","","0","","1","","39 55:01.859","4","0","75 14:46.691","0","0","0","0","67301","0","0","0","N","0","0","0","1","67301","0","","1.0","244.0","1","N","N","N","0","","0","0","0","","2","N","","2","0","1","0","0","0","0","2","0","2","","03","","N","","","","","","","","","",""
"2020094298","","0","0","0","1","0","1","0","0","0","8","0","","67","11","2020","5","39.970677","-75.122921","1450","6","0","0","0","0","0","0","0","0","","0","0","0","","","1","N","0","","39 58:14.438","","0","75 07:22.514","2","0","0","1","67301","1","0","1","N","0","0","0","2","67301","0","","1.0","","1","N","N","N","0","","0","1","0","","0","","","2","1","0","0","0","0","1","2","0","1","","","","N","","","","","","","","","",""
"2020102865","","0","0","0","0","0","0","0","0","0","5","0","","67","11","2020","4","40.000281","-75.130211","1650","6","0","0","0","0","0","0","0","0","","0","0","0","","","0","N","0","","40 00:01.010","","0","75 07:48.760","0","0","0","0","67301","0","0","0","N","0","0","0","1","67301","0","","6.0","","1","N","N","N","0","","0","0","3","","0","","","3","0","1","0","0","0","0","2","0","3","","03","","N","","","","","","","","","",""
"2020097154","","2","0","0","0","0","0","0","0","0","1","0","","67","11","2020","7","39.960801","-75.155699","0126","6","0","0","0","0","1","0","0","0","","0","0","0","","","0","N","0","","39 57:38.884","","0","75 09:20.517","0","0","0","0","67301","0","0","0","N","0","0","0","1","67301","0","","1.0","","1","N","N","N","0","","0","0","0","","0","","","2","0","0","0","0","0","0","2","0","2","","","","N","","","","","","","","","",""
"2020081640","","2","0","0","0","0","0","0","0","0","4","0","","67","10","2020","5","40.01384","-75.12598","1120","6","0","0","0","0","0","0","1","0","","0","0","0","","","0","","1","","40 00:49.824","","0","75 07:33.527","0","0","0","0","67301","0","0","0","N","0","0","0","2","67301","0","","1.0","","1","N","N","N","0","","0","0","0","","2","","","2","0","1","0","0","0","0","2","0","2","","03","","N","","","","","","","","","",""
"2020099976","","0","0","0","0","0","0","0","0","0","8","0","","67","11","2020","3","39.92771","-75.185759","1750","6","0","0","0","0","0","0","0","0","","0","0","0","","","1","","1","","39 55:39.756","","0","75 11:08.732","8","0","0","0","67301","1","0","0","N","1","0","0","2","67301","0","","1.0","","1","N","N","N","0","","0","0","1","","3","","","2","1","0","0","0","1","0","2","0","1","","03","","N","","","","","","","","","",""