"CRN","ARRIVAL_TM","AUTOMOBILE_COUNT","BELTED_DEATH_COUNT","BELTED_SUSP_SERIOUS_INJ_COUNT","BICYCLE_COUNT","BICYCLE_DEATH_COUNT","BICYCLE_SUSP_SERIOUS_INJ_COUNT","BUS_COUNT","CHLDPAS_DEATH_COUNT","CHLDPAS_SUSP_SERIOUS_INJ_COUNT","COLLISION_TYPE","COMM_VEH_COUNT","CONS_ZONE_SPD_LIM","COUNTY","CRASH_MONTH","CRASH_YEAR","DAY_OF_WEEK","DEC_LATITUDE","DEC_LONGITUDE","DISPATCH_TM","DISTRICT","DRIVER_COUNT_16YR","DRIVER_COUNT_17YR","DRIVER_COUNT_18YR","DRIVER_COUNT_19YR","DRIVER_COUNT_20YR","DRIVER_COUNT_50_64YR","DRIVER_COUNT_65_74YR","DRIVER_COUNT_75PLUS","EST_HRS_CLOSED","FATAL_COUNT","HEAVY_TRUCK_COUNT","HORSE_BUGGY_COUNT","HOUR_OF_DAY","ILLUMINATION","INJURY_COUNT","INTERSECTION_RELATED","INTERSECT_TYPE","LANE_CLOSED","LATITUDE","LN_CLOSE_DIR","LOCATION_TYPE","LONGITUDE","MAX_SEVERITY_LEVEL","MCYCLE_DEATH_COUNT","MCYCLE_SUSP_SERIOUS_INJ_COUNT","MOTORCYCLE_COUNT","MUNICIPALITY","NONMOTR_COUNT","NONMOTR_DEATH_COUNT","NONMOTR_SUSP_SERIOUS_INJ_COUNT","NTFY_HIWY_MAINT","PED_COUNT","PED_DEATH_COUNT","PED_SUSP_SERIOUS_INJ_COUNT","PERSON_COUNT","POLICE_AGCY","POSSIBLE_INJ_COUNT","RDWY_SURF_TYPE_CD","RELATION_TO_ROAD","ROADWAY_CLEARED","ROAD_CONDITION","SCH_BUS_IND","SCH_ZONE_IND","SECONDARY_CRASH","SMALL_TRUCK_COUNT","SPEC_JURIS_CD","SUSP_MINOR_INJ_COUNT","SUSP_SERIOUS_INJ_COUNT","SUV_COUNT","TCD_FUNC_CD","TCD_TYPE","TFC_DETOUR_IND","TIME_OF_DAY","TOTAL_UNITS","TOT_INJ_COUNT","UNBELTED_OCC_COUNT","UNB_DEATH_COUNT","UNB_SUSP_SERIOUS_INJ_COUNT","UNK_INJ_DEG_COUNT","UNK_INJ_PER_COUNT","URBAN_RURAL","VAN_COUNT","VEHICLE_COUNT","WEATHER1","WEATHER2","WORKERS_PRES","WORK_ZONE_IND","WORK_ZONE_LOC","WORK_ZONE_TYPE","WZ_CLOSE_DETOUR","WZ_FLAGGER","WZ_LAW_OFFCR_IND","WZ_LN_CLOSURE","WZ_MOVING","WZ_OTHER","WZ_SHLDER_MDN","WZ_WORKERS_INJ_KILLED"
"2020099477","","2","0","0","0","0","0","0","0","0","4","0","","67","11","2020","3","39.991849","-75.186363","2129","6","0","0","0","0","0","1","0","0","","0","0","0","","","2","","1","","39 59:30.658","","0","75 11:10.908","3","0","0","0","67301","0","0","0","N","0","0","0","4","67301","0","","1.0","","1","N","N","N","0","","2","0","0","","2","","","2","2","0","0","0","0","0","2","0","2","","98","","N","","","","","","","","","",""
"2020106363","","1","0","0","0","0","0","0","0","0","7","0","","67","11","2020","2","40.03564","-75.016843","1957","6","0","1","0","0","0","0","0","0","","0","0","0","","","0","N","0","","40 02:08.304","","0","75 01:00.634","0","0","0","0","67301","0","0","0","N","0","0","0","1","68K01","0","","2.0","","9","N","N","N","0","","0","0","0","","0","","","1","0","0","0","0","0","0","2","0","1","","04","","N","","","","","","","","","",""
"2020095297","","1","0","0","0","0","0","0","0","0","4","0","","67","11","2020","5","39.973503","-75.209847","1159","6","0","0","1","0","0","0","0","0","","0","0","0","","","2","","2","","39 58:24.610","","0","75 12:35.450","3","0","0","0","67301","0","0","0","N","0","0","0","3","67301","0","","1.0","","1","N","N","N","1","","2","0","0","","2","","","2","2","0","0","0","0","0","2","0","2","","03","","N","","","","","","","","","",""
"2020097578","","0","0","0","0","0","0","0","0","0","8","0","","67","11","2020","6","39.920633","-75.170429","1128","6","0","0","0","0","0","0","1","0","","0","0","0","","","1","","1","","39 55:14.279","","0","75 10:13.546","3","0","0","0","67301","1","0","0","N","1","0","0","2","67301","0","","1.0","","9","N","N","N","0","","1","0","1","","2","","","2","1","0","0","0","0","0","2","0","1","","07","","N","","","","","","","","","",""
"2020094838","","1","0","0","0","0","0","0","0","0","1","0","","67","11","2020","1","39.984697","-75.15663","1011","6","0","0","0","0","0","1","0","0","","0","0","0","","","2","","1","","39 59:04.910","","0","75 09:23.867","2","0","1","1","67301","0","0","0","N","0","0","0","2","67505","0","","1.0","","1","N","N","N","0","","0","1","0","","2","","","2","2","0","0","0","1","0","2","0","2","","03","","N","","","","","","","","","",""
"2020103829","","1","0","0","0","0","0","0","0","0","7","0","","67","11","2020","4","39.960232","-75.180679","0623","6","0","0","0","0","1","0","0","0","","0","0","0","","","0","N","0","","39 57:36.835","","0","75 10:50.445","0","0","0","0","67301","0","0","0","N","0","0","0","1","68K01","0","","3.0","","1","N","N","N","0","","0","0","0","","0","","","1","0","0","0","0","0","0","2","0","1","","","","N","","","","","","","","","",""
"2020092369","","8","0","0","0","0","0","0","0","0","1","0","","67","11","2020","1","39.967658","-75.143575","0633","6","0","0","0","0","0","0","0","0","","0","0","0","","","0","N","0","","39 58:03.570","","0","75 08:36.870","9","0","0","0","67301","0","0","0","N","0","0","0","2","67301","0","","1.0","","1","N","N","Y","0","","0","0","0","","0","","","8","0","0","0","0","0","1","2","0","8","","07","","N","","","","","","","","","",""
"2020101750","","2","0","0","0","0","0","0","0","0","1","0","","67","11","2020","5","40.020439","-75.192447","1107","6","0","0","0","0","0","0","0","0","","0","0","0","","","1","","1","","40 01:13.581","","0","75 11:32.810","4","0","0","0","67301","0","0","0","N","0","0","0","3","67301","1","","1.0","","9","N","N","N","0","","0","0","0","","2","","","2","1","0","0","0","0","0","2","0","2","","","","N","","","","","","","","","",""
"2020100362","","1","0","0","0","0","0","0","0","0","8","0","","67","11","2020","7","40.030614","-75.054773","2019","6","0","0","0","0","0","0","0","0","","0","0","0","","","2","","1","","40 01:50.211","","0","75 03:17.181","3","0","0","0","67301","2","0","0","N","2","0","0","3","67301","0","","1.0","","1","N","N","N","0","","2","0","0","","2","","","3","2","0","0","0","0","1","2","0","1","","03","","N","","","","","","","","","",""
"2020096400","","0","0","0","0","0","0","0","0","0","4","1","","67","11","2020","2","40.027527","-75.099106","0911","6","0","0","0","0","0","0","1","0","","0","1","0","","","0","","1","","40 01:39.097","","6","75 05:56.781","9","0","0","0","67301","0","0","0","N","0","0","0","3","67301","0","","1.0","","1","N","N","N","0","","0","0","1","","2","","","2","0","0","0","0","0","1","2","0","2","","03","","N","","","","","","","","","",""
"2020108345","","0","0","0","0","0","0","0","0","0","1","0","","67","11","2020","3","39.986983","-75.091013","0035","6","0","0","0","0","0","1","0","0","","0","0","0","","","0","N","0","","39 59:13.139","2","0","75 05:27.648","0","0","0","0","67301","0","0","0","N","0","0","0","2","68K01","0","","1.0","115.0","1","N","N","N","1","","0","0","1","","0","N","","2","0","0","0","0","0","0","2","0","2","","03","","N","","","","","","","","","",""
"2020080314","","2","0","0","0","0","0","0","0","0","4","0","","67","9","2020","2","40.057334","-75.140679","1200","6","0","0","0","0","0","0","0","0","","0","0","0","","","0","","1","","40 03:26.402","","0","75 08:26.444","0","0","0","0","67301","0","0","0","N","0","0","0","2","67301","0","","1.0","","1","N","N","N","0","","0","0","0","","3","","","2","0","0","0","0","0","0","2","0","2","","","","N","","","","","","","","","",""
"2020095768","","3","0","0","0","0","0","0","0","0","4","0","","67","11","2020","3","39.936681","-75.197016","1705","6","0","0","0","0","0","0","1","0","","0","0","0","","","2","","1","","39 56:12.050","2","0","75 11:49.257","2","0","0","0","67301","0","0","0","N","0","0","0","2","67301","0","","1.0","2100.0","1","N","N","Y","0","","1","1","0","","0","Y","","3","2","1","0","1","0","0","2","0","3","","03","","N","","","","","","","","","",""
"2020100799","","1","0","0","0","0","0","0","0","0","1","0","","67","11","2020","1","40.091549","-74.965606","2237","6","0","0","0","0","0","1","0","0","","0","0","0","","","0","","2","","40 05:29.578","1","0","74 57:56.181","9","0","0","0","67301","0","0","0","N","0","0","0","2","67301","0","","1.0","2337.0","9","N","N","N","1","","0","0","0","","2","N","","2","0","0","0","0","0","1","2","0","2","","","","N","","","","","","","","","",""
"2020102421","","0","0","0","0","0","0","0","0","0","1","0","","67","11","2020","1","39.970908","-75.238448","0903","6","0","0","0","0","0","0","0","0","","0","0","0","","","0","N","0","","39 58:15.268","","0","75 14:18.412","0","0","0","0","67301","0","0","0","N","0","0","0","1","67301","0","","6.0","","1","N","N","N","0","","0","0","2","","0","","","2","0","0","0","0","0","0","2","0","2","","03","","N","","","","","","","","","",""
"2020103086","","1","0","0","0","0","0","0","0","0","4","0","","67","11","2020","6","39.979256","-75.203709","2228","6","0","0","0","0","0","0","0","0","","0","0","0","","","1","Y","0","","39 58:45.321","4","0","75 12:13.351","3","0","0","0","67301","0","0","0","N","0","0","0","2","68K01","0","","1.0","2245.0","1","N","N","N","0","","1","0","1","","0","N","","2","1","0","0","0","0","0","2","0","2","","03","","N","","","","","","","","","",""
"2020082025","","1","0","0","0","0","0","0","0","0","4","0","","67","9","2020","2","40.027035","-75.06512","1557","6","0","0","1","0","1","0","0","0","","0","0","0","","","1","","5","","40 01:37.327","","0","75 03:54.432","8","0","0","0","67301","0","0","0","N","0","0","0","2","67301","0","","1.0","","1","N","N","N","0","","0","0","1","","2","","","2","1","0","0","0","1","1","2","0","2","","03","","N","","","","","","","","","",""
"2020101848","","5","0","0","0","0","0","0","0","0","5","0","","67","11","2020","5","40.032644","-75.124592","0055","6","0","0","0","0","0","0","0","0","","0","0","0","","","1","N","0","","40 01:57.520","4","0","75 07:28.530","4","0","0","0","67301","0","0","0","N","0","0","0","1","67301","1","","6.0","214.0","1","N","N","N","0","","0","0","3","","0","N","","8","1","0","0","0","0","0","2","0","8","","","","N","","","","","","","","","",""
"2020094296","","2","0","0","0","0","0","0","0","0","2","0","","67","11","2020","5","39.992692","-75.12034","1453","6","0","0","0","0","0","0","0","0","","0","0","0","","","1","","1","","39 59:33.691","","0","75 07:13.223","4","0","0","0","67301","0","0","0","N","0","0","0","2","67301","1","","1.0","","1","N","N","N","0","","0","0","0","","2","","","2","1","0","0","0","0","1","2","0","2","","03","","N","","","","","","","","","",""
"2020100345","","1","0","0","0","0","0","0","0","0","4","0","","67","11","2020","1","39.962167","-75.191273","2023","6","0","0","0","0","0","0","0","0","","0","0","0","","","1","","1","","39 57:43.801","2","0","75 11:28.582","3","0","0","0","67301","0","0","0","N","0","0","0","8","67507","0","","1.0","2107.0","1","N","N","N","0","","1","0","1","","2","Y","","2","1","0","0","0","0","0","2","0","2","","03","","N","","","","","","","","","",""
"2020113234","","0","0","0","0","0","0","0","0","0","7","0","","67","12","2020","1","39.991134","-75.203713","1513","6","0","0","0","0","0","1","0","0","","0","0","0","","","0","N","0","","39 59:28.082","3","0","75 12:13.365","0","0","0","0","67301","0","0","0","Y","0","0","0","1","68K01","0","","4.0","1620.0","1","N","N","N","0","","0","0","1","","0","N","","1","0","0","0","0","0","0","2","0","1","","","","N","","","","","","","","","",""
"2020104430","","1","0","0","0","0","0","0","0","0","7","0","","67","11","2020","2","40.038136","-75.011024","0757","6","0","0","0","0","0","0","0","0","","0","0","0","","","0","N","0","","40 02:17.290","2","0","75 00:39.686","9","0","0","0","67301","0","0","0","N","0","0","0","1","68K01","0","","4.0","30.0","9","N","N","N","0","","0","0","0","","0","N","","1","0","0","0","0","0","1","2","0","1","","","","N","","","","","","","","","",""
"2020102357","","1","0","0","0","0","0","0","0","0","4","0","","67","11","2020","1","40.031958","-75.168553","0212","6","0","0","0","0","0","0","0","0","","0","0","0","","","0","","2","","40 01:55.047","5","0","75 10:06.789","0","0","0","0","67301","0","0","0","N","0","0","0","2","67301","0","","1.0","350.0","1","N","N","N","0","","0","0","1","","3","N","","2","0","0","0","0","0","0","2","0","2","","03","","N","","","","","","","","","",""
"2020101681","","1","0","0","0","0","0","0","0","0","1","0","","67","11","2020","4","40.057646","-75.162154","1321","6","0","0","0","0","0","1","1","0","","0","0","0","","","1","","1","","40 03:27.527","","0","75 09:43.755","3","0","0","0","67301","0","0","0","N","0","0","0","3","67301","0","","1.0","","1","N","N","N","0","","1","0","1","","2","","","2","1","0","0","0","0","0","2","0","2","","03","","N","","","","","","","","","",""
"2020097579","","1","0","0","0","0","0","0","0","0","8","0","","67","11","2020","7","39.935947","-75.156893","0902","6","0","0","0","0","0","0","0","0","","0","0","0","","","1","","1","","39 56:09.409","","0","75 09:24.814","3","0","0","0","67301","1","0","0","N","1","0","0","2","67301","0","","1.0","","1","N","N","N","0","","1","0","0","","2","","","2","1","0","0","0","0","0","2","0","1","","03","","N","","","","","","","","","",""
"2020079485","","1","0","0","0","0","0","0","0","0","7","0","","67","9","2020","7","40.066748","-75.178014","1512","6","0","0","0","0","1","0","0","0","","0","0","0","","","1","","1","","40 04:00.293","","0","75 10:40.850","8","0","0","0","67301","0","0","0","N","0","0","0","1","67301","0","","4.0","","1","N","N","N","0","","0","0","0","","2","","","1","1","0","0","0","1","0","2","0","1","","","","N","","","","","","","","","",""
"2020102901","","2","0","0","0","0","0","0","0","0","1","0","","67","11","2020","1","40.002606","-75.099721","0251","6","0","0","0","0","1","0","0","0","","0","0","0","","","1","N","1","","40 00:09.380","","0","75 05:58.996","3","0","0","0","67301","0","0","0","N","0","0","0","2","67301","0","","1.0","","1","N","N","N","0","","1","0","0","","2","","","2","1","2","0","0","0","0","2","0","2","","03","","N","","","","","","","","","",""
"2020079784","","0","0","0","0","0","0","0","0","0","7","0","99","67","9","2020","1","39.984251","-75.098996","0426","6","0","0","0","0","0","0","0","0","","0","0","0","","","0","","1","","39 59:03.303","","0","75 05:56.385","0","0","0","0","67301","0","0","0","N","0","0","0","1","67301","0","","4.0","","9","N","N","N","0","","0","0","1","","2","","","1","0","0","0","0","0","0","2","0","1","","07","N","Y","4","1","N","N","N","N","N","N","Y","N"
"2020079882","","2","0","0","0","0","0","0","0","0","5","0","","67","9","2020","1","39.953725","-75.216067","1809","6","0","0","0","0","0","0","0","0","","0","0","0","","","0","N","0","","39 57:13.410","","0","75 12:57.840","0","0","0","0","67301","0","0","0","N","0","0","0","1","67301","0","","6.0","","1","N","N","N","0","","0","0","1","","0","","","3","0","1","0","0","0","0","2","0","3","","03","","N","","","","","","","","","",""
"2020080715","","2","0","0","0","0","0","0","0","0","1","0","","67","9","2020","1","39.945945","-75.19858","0941","6","0","0","0","0","0","0","0","0","","0","0","0","","","1","N","0","","39 56:45.401","2","0","75 11:54.889","3","0","0","0","67301","0","0","0","N","0","0","0","2","67301","0","","1.0","2317.0","9","N","N","N","0","","1","0","0","","0","N","","2","1","0","0","0","0","0","2","0","2","","07","","N","","","","","","","","","",""
"2020097155","","2","0","0","0","0","0","0","0","0","1","0","","67","11","2020","4","40.050817","-75.122567","2157","6","0","0","0","0","0","0","0","0","","0","0","0","","","0","N","0","","40 03:02.940","","0","75 07:21.240","9","0","0","0","67301","0","0","0","N","0","0","0","1","67301","0","","2.0","","9","N","N","N","0","","0","0","0","","0","","","2","0","0","0","0","0","1","2","0","2","","","","N","","","","","","","","","",""
"2020079248","","2","0","0","0","0","0","0","0","0","4","0","","67","9","2020","6","39.972445","-75.162583","1508","6","0","1","0","0","0","0","0","0","","0","0","0","","","0","","1","","39 58:20.801","1","0","75 09:45.298","0","0","0","0","67301","0","0","0","N","0","0","0","2","67301","0","","1.0","1510.0","1","N","N","N","0","","0","0","1","","3","Y","","3","0","2","0","0","0","0","2","0","3","","03","","N","","","","","","","","","",""
"2020106370","","1","0","0","0","0","0","0","0","0","7","0","","67","12","2020","3","39.996788","-75.082814","1507","6","0","0","0","0","0","0","0","0","","0","0","0","","","1","N","0","","39 59:48.437","2","8","75 04:58.132","8","0","0","0","67301","0","0","0","N","0","0","0","1","68K01","0","","2.0","1540.0","1","N","N","N","0","","0","0","0","","0","N","","1","1","0","0","0","1","0","2","0","1","","03","","N","","","","","","","","","",""
"2020095935","","0","0","0","0","0","0","0","0","0","4","0","","67","11","2020","4","39.967607","-75.225045","1619","6","0","0","0","0","0","0","0","0","","0","0","0","","","1","","2","","39 58:03.385","","0","75 13:30.163","3","0","0","1","67301","0","0","0","N","0","0","0","2","67301","0","","1.0","","1","N","N","N","0","","1","0","0","","0","","","2","1","0","0","0","0","1","2","0","2","","03","","N","","","","","","","","","",""
"2020080714","","3","0","0","0","0","0","0","0","0","5","1","","67","9","2020","7","39.946056","-75.2108","1030","6","0","0","0","0","0","0","0","0","","0","1","0","","","0","N","0","","39 56:45.800","2","0","75 12:38.880","9","0","0","0","67301","0","0","0","N","0","0","0","1","67301","0","","6.0","1230.0","1","N","N","N","0","","0","0","0","","0","Y","","5","0","0","0","0","0","1","2","1","5","","03","","N","","","","","","","","","",""
"2020079612","","1","0","0","0","0","0","0","0","0","7","0","","67","9","2020","1","39.95725","-75.157868","0412","6","0","0","0","0","0","0","0","0","","0","0","0","","","0","N","0","","39 57:26.100","","0","75 09:28.324","0","0","0","0","67301","0","0","0","N","0","0","0","1","68K01","0","","3.0","","9","N","N","N","0","","0","0","0","","0","","","1","0","0","0","0","0","0","2","0","1","","03","","N","","","","","","","","","",""
"2020098017","","1","0","0","0","0","0","0","0","0","8","0","","67","11","2020","7","40.022303","-75.162025","1700","6","0","0","0","0","0","0","0","0","","0","0","0","","","1","","1","","40 01:20.289","","0","75 09:43.290","3","0","0","0","67301","1","0","0","N","1","0","0","2","67301","0","","1.0","","1","N","N","N","0","","1","0","0","","2","","","2","1","0","0","0","0","1","2","0","1","","","","N","","","","","","","","","",""
"2020092964","","0","0","0","0","0","0","0","0","0","7","0","","67","11","2020","1","39.99932","-75.171658","1405","6","0","0","0","0","0","0","0","0","","0","0","0","","","1","","1","","39 59:57.551","","0","75 10:17.968","3","0","0","0","67301","0","0","0","N","0","0","0","1","67301","0","","5.0","","9","N","N","N","0","","1","0","1","","0","","","1","1","0","0","0","0","0","2","0","1","","07","","N","","","","","","","","","",""
"2020100165","","4","0","0","0","0","0","0","0","0","2","0","","67","11","2020","5","40.0189","-75.116424","0251","6","0","0","0","1","0","0","0","0","","0","0","0","","","1","","1","","40 01:08.040","5","0","75 06:59.126","3","0","0","0","67301","0","0","0","N","0","0","0","3","67301","0","","1.0","530.0","1","N","N","N","0","","1","0","0","","3","Y","","4","1","0","0","0","0","1","2","0","4","","03","","N","","","","","","","","","",""
"2020099879","","1","0","0","0","0","0","0","0","0","4","0","","67","11","2020","6","39.999227","-75.147381","0400","6","0","0","0","0","0","0","0","0","","0","0","0","","","2","","1","","39 59:57.217","1","0","75 08:50.570","3","0","0","0","67301","0","0","0","N","0","0","0","4","67301","0","","1.0","500.0","1","N","N","N","0","","2","0","0","","2","Y","","2","2","0","0","0","0","0","2","1","2","","03","","N","","","","","","","","","",""
"2020097590","","2","0","0","0","0","0","0","0","0","4","0","","67","11","2020","6","39.977607","-75.160654","0729","6","0","0","1","0","1","0","0","0","","0","0","0","","","1","","1","","39 58:39.385","","0","75 09:38.355","3","0","0","0","67301","0","0","0","N","0","0","0","2","67301","0","","1.0","","9","N","N","N","0","","1","0","0","","3","","","2","1","0","0","0","0","0","2","0","2","","07","","N","","","","","","","","","",""
"2020099978","","1","0","0","0","0","0","0","0","0","8","0","","67","11","2020","6","40.131656","-75.0122","2312","6","0","0","0","0","0","1","0","0","","0","0","0","","","1","","1","","40 07:53.962","","0","75 00:43.919","3","0","0","0","67301","1","0","0","N","1","0","0","2","67301","0","","1.0","","1","N","N","N","0","","1","0","0","","2","","","2","1","0","0","0","0","0","2","0","1","","","","N","","","","","","","","","",""
"2020097802","","1","0","0","0","0","0","0","0","0","4","0","","67","11","2020","1","40.074892","-75.169927","1624","6","0","0","0","0","0","1","0","0","","0","0","0","","","0","","1","","40 04:29.611","","0","75 10:11.737","9","0","0","0","67301","0","0","0","N","0","0","0","3","67301","0","","1.0","","1","N","N","N","1","","0","0","0","","3","","","2","0","0","0","0","0","2","2","0","2","","03","","N","","","","","","","","","",""
"2020092750","","1","0","0","0","0","0","0","0","0","7","0","","67","10","2020","5","40.01384","-75.12598","2230","6","0","0","1","0","0","0","0","0","","0","0","0","","","4","","1","","40 00:49.824","","0","75 07:33.527","3","0","0","0","67301","0","0","0","N","0","0","0","4","67301","1","","4.0","","9","N","N","N","0","","3","0","0","","2","","","1","4","2","0","0","0","0","2","0","1","","","","N","","","","","","","","","",""
"2020098811","","4","0","0","0","0","0","0","0","0","4","0","","67","11","2020","2","39.990772","-75.142515","1224","6","0","0","0","0","0","0","0","0","","0","0","0","","","0","","1","","39 59:26.779","","0","75 08:33.054","9","0","0","0","67301","0","0","0","N","0","0","0","5","67301","0","","1.0","","1","N","N","N","0","","0","0","0","","3","","","4","0","0","0","0","0","1","2","0","4","","03","","N","","","","","","","","","",""
"2020100805","","1","0","0","0","0","0","0","0","0","5","0","","67","11","2020","1","40.044153","-75.12585","0640","6","0","0","0","0","0","0","0","0","","0","0","0","","","0","N","0","","40 02:38.950","","0","75 07:33.060","0","0","0","0","67301","0","0","0","N","0","0","0","1","67301","0","","6.0","","1","N","N","N","0","","0","0","1","","0","","","2","0","0","0","0","0","0","2","0","2","","","","N","","","","","","","","","",""
"2020081961","","1","0","0","0","0","0","0","0","0","7","0","","67","9","2020","7","40.033488","-75.020418","0020","6","0","0","1","0","0","0","0","0","","0","0","0","","","1","N","0","","40 02:00.558","2","0","75 01:13.506","4","0","0","0","67301","0","0","0","N","0","0","0","2","68K01","1","","4.0","40.0","1","N","N","N","0","","0","0","0","","0","N","","1","1","0","0","0","0","0","2","0","1","","","","N","","","","","","","","","",""
"2020102219","","0","0","0","0","0","0","0","0","0","8","0","","67","11","2020","4","39.948791","-75.212589","1037","6","0","0","0","0","0","0","0","0","","0","0","0","","","1","","1","","39 56:55.647","","0","75 12:45.320","4","0","0","0","67301","1","0","0","N","1","0","0","2","67301","1","","1.0","","1","N","N","N","0","","0","0","1","","3","","","2","1","0","0","0","0","0","2","0","1","","","","N","","","","","","","","","",""
"2020079434","","2","0","0","0","0","0","0","0","0","6","0","","67","9","2020","7","40.03681","-75.133424","0025","6","0","0","0","0","0","0","0","0","","0","0","0","","","0","N","0","","40 02:12.516","1","0","75 08:00.327","0","0","0","0","67301","0","0","0","N","0","0","0","4","67301","0","","1.0","213.0","1","N","N","N","0","","0","0","2","","0","Y","","4","0","0","0","0","0","0","2","0","4","","03","","N","","","","","","","","","",""
"2020095145","","0","0","0","0","0","0","0","0","0","1","0","","67","11","2020","1","40.085058","-74.968767","1800","6","0","0","0","0","0","0","0","0","","0","0","0","","","1","N","0","","40 05:06.210","","0","74 58:07.560","3","0","0","1","67301","0","0","0","N","0","0","0","2","67301","0","","1.0","","1","N","N","N","0","","1","0","1","","0","","","2","1","0","0","0","0","0","2","0","2","","03","","N","","","","","","","","","",""
"2020079487","","1","0","0","0","0","0","0","0","0","4","0","","67","9","2020","7","39.957456","-75.223393","0508","6","0","0","0","0","0","0","1","0","","0","0","0","","","1","","1","","39 57:26.841","","0","75 13:24.214","3","0","0","0","67301","0","0","0","N","0","0","0","3","67301","0","","1.0","","1","N","N","N","0","","1","0","1","","3","","","2","1","2","0","0","0","0","2","0","2","","04","","N","","","","","","","","","",""
"2020099554","","3","0","0","0","0","0","0","0","0","2","0","","67","11","2020","6","39.926064","-75.179142","0031","6","0","0","0","0","0","1","0","0","","0","0","0","","","1","N","0","","39 55:33.830","1","0","75 10:44.910","4","0","0","0","67301","0","0","0","N","0","0","0","2","67301","1","","1.0","115.0","1","N","N","N","0","","0","0","0","","9","Y","","3","1","2","0","0","0","0","2","0","3","","","","N","","","","","","","","","",""
"2020079552","","1","0","0","0","0","0","0","0","0","4","0","","67","9","2020","6","40.118875","-75.01809","0923","6","0","0","0","0","0","0","0","0","","0","0","0","","","2","","1","","40 07:07.949","4","0","75 01:05.123","3","0","0","0","67301","0","0","0","N","0","0","0","3","67301","0","","1.0","30.0","1","N","N","N","0","","2","0","1","","2","Y","","2","2","0","0","0","0","0","2","0","2","","03","","N","","","","","","","","","",""
"2020094294","","1","0","0","0","0","0","0","0","0","4","0","","67","11","2020","4","39.939171","-75.191658","1755","6","0","0","0","0","0","0","0","0","","0","0","0","","","2","","2","","39 56:21.015","","0","75 11:29.968","3","0","0","0","67301","0","0","0","N","0","0","0","3","67301","1","","1.0","","1","N","N","N","0","","1","0","1","","2","","","2","2","0","0","0","0","0","2","0","2","","03","","N","","","","","","","","","",""
"2020101046","","1","0","0","0","0","0","0","0","0","4","0","","67","11","2020","1","39.942799","-75.21573","1220","6","0","0","0","0","0","0","0","0","","0","0","0","","","0","","2","","39 56:34.076","","0","75 12:56.628","0","0","0","0","67301","0","0","0","N","0","0","0","2","67301","0","","1.0","","1","N","N","N","0","","0","0","1","","3","","","2","0","0","0","0","0","0","2","0","2","","03","","N","","","","","","","","","",""
"2020106217","","1","0","0","0","0","0","0","0","0","4","0","","67","11","2020","1","39.986332","-75.091888","0355","6","0","0","1","0","0","0","0","0","","0","0","0","","","2","N","7","","39 59:10.795","1","0","75 05:30.798","3","0","0","0","67301","0","0","0","N","0","0","0","2","68K01","0","","1.0","30.0","1","N","N","N","0","","2","0","1","","0","N","","2","2","0","0","0","0","0","2","0","2","","03","","N","","","","","","","","","",""
"2020100254","","2","0","0","0","0","0","0","0","0","1","0","","67","11","2020","4","40.013371","-75.12226","1302","6","1","0","0","0","0","1","0","0","","0","0","0","","","1","N","3","","40 00:48.135","","0","75 07:20.135","3","0","0","0","67301","0","0","0","N","0","0","0","3","67301","0","","1.0","","9","N","N","N","0","","1","0","0","","0","","","2","1","0","0","0","0","0","2","0","2","","","","N","","","","","","","","","",""
"2020079433","","3","0","0","0","0","0","0","0","0","2","0","","67","9","2020","6","40.041994","-75.129283","2259","6","0","0","0","0","0","0","0","0","","0","0","0","","","0","N","0","","40 02:31.180","2","0","75 07:45.420","0","0","0","0","67301","0","0","0","N","0","0","0","2","67301","0","","1.0","10.0","1","N","N","N","0","","0","0","1","","0","Y","","4","0","2","0","0","0","0","2","0","4","","03","","N","","","","","","","","","",""
"2020102213","","0","0","0","0","0","0","0","0","0","4","0","","67","11","2020","4","39.925521","-75.149612","1744","6","0","0","0","0","0","0","1","0","","0","0","0","","","0","","1","","39 55:31.875","","0","75 08:58.603","0","0","0","0","67301","0","0","0","N","0","0","0","3","67301","0","","1.0","","1","N","N","N","0","","0","0","2","","3","","","2","0","0","0","0","0","0","2","0","2","","","","N","","","","","","","","","",""
"2020092713","","2","0","0","0","0","0","0","0","0","4","0","","67","11","2020","1","39.959487","-75.162091","0300","6","0","0","0","0","0","0","0","0","","0","0","0","","","1","","1","","39 57:34.154","","0","75 09:43.529","3","0","0","0","67301","0","0","0","N","0","0","0","3","67301","0","","1.0","","1","N","N","N","0","","1","0","0","","2","","","2","1","3","0","0","0","0","2","0","2","","98","","N","","","","","","","","","",""
"2020094832","","2","0","0","0","0","0","0","0","0","2","0","","67","11","2020","7","39.973769","-75.219649","0354","6","0","0","0","0","0","0","0","0","","0","0","0","","","0","","1","","39 58:25.569","","0","75 13:10.736","0","0","0","0","67301","0","0","0","N","0","0","0","2","67301","0","","1.0","","1","N","N","N","0","","0","0","1","","2","","","3","0","0","0","0","0","0","2","0","3","","03","","N","","","","","","","","","",""