"CRN","ARRIVAL_TM","AUTOMOBILE_COUNT","BELTED_DEATH_COUNT","BELTED_SUSP_SERIOUS_INJ_COUNT","BICYCLE_COUNT","BICYCLE_DEATH_COUNT","BICYCLE_SUSP_SERIOUS_INJ_COUNT","BUS_COUNT","CHLDPAS_DEATH_COUNT","CHLDPAS_SUSP_SERIOUS_INJ_COUNT","COLLISION_TYPE","COMM_VEH_COUNT","CONS_ZONE_SPD_LIM","COUNTY","CRASH_MONTH","CRASH_YEAR","DAY_OF_WEEK","DEC_LATITUDE","DEC_LONGITUDE","DISPATCH_TM","DISTRICT","DRIVER_COUNT_16YR","DRIVER_COUNT_17YR","DRIVER_COUNT_18YR","DRIVER_COUNT_19YR","DRIVER_COUNT_20YR","DRIVER_COUNT_50_64YR","DRIVER_COUNT_65_74YR","DRIVER_COUNT_75PLUS","EST_HRS_CLOSED","FATAL_COUNT","HEAVY_TRUCK_COUNT","HORSE_BUGGY_COUNT","HOUR_OF_DAY","ILLUMINATION","INJURY_COUNT","INTERSECTION_RELATED","INTERSECT_TYPE","LANE_CLOSED","LATITUDE","LN_CLOSE_DIR","LOCATION_TYPE","LONGITUDE","MAX_SEVERITY_LEVEL","MCYCLE_DEATH_COUNT","MCYCLE_SUSP_SERIOUS_INJ_COUNT","MOTORCYCLE_COUNT","MUNICIPALITY","NONMOTR_COUNT","NONMOTR_DEATH_COUNT","NONMOTR_SUSP_SERIOUS_INJ_COUNT","NTFY_HIWY_MAINT","PED_COUNT","PED_DEATH_COUNT","PED_SUSP_SERIOUS_INJ_COUNT","PERSON_COUNT","POLICE_AGCY","POSSIBLE_INJ_COUNT","RDWY_SURF_TYPE_CD","RELATION_TO_ROAD","ROADWAY_CLEARED","ROAD_CONDITION","SCH_BUS_IND","SCH_ZONE_IND","SECONDARY_CRASH","SMALL_TRUCK_COUNT","SPEC_JURIS_CD","SUSP_MINOR_INJ_COUNT","SUSP_SERIOUS_INJ_COUNT","SUV_COUNT","TCD_FUNC_CD","TCD_TYPE","TFC_DETOUR_IND","TIME_OF_DAY","TOTAL_UNITS","TOT_INJ_COUNT","UNBELTED_OCC_COUNT","UNB_DEATH_COUNT","UNB_SUSP_SERIOUS_INJ_COUNT","UNK_INJ_DEG_COUNT","UNK_INJ_PER_COUNT","URBAN_RURAL","VAN_COUNT","VEHICLE_COUNT","WEATHER1","WEATHER2","WORKERS_PRES","WORK_ZONE_IND","WORK_ZONE_LOC","WORK_ZONE_TYPE","WZ_CLOSE_DETOUR","WZ_FLAGGER","WZ_LAW_OFFCR_IND","WZ_LN_CLOSURE","WZ_MOVING","WZ_OTHER","WZ_SHLDER_MDN","WZ_WORKERS_INJ_KILLED"
"2020096055","","2","0","0","0","0","0","0","0","0","5","0","","67","11","2020","2","39.916989","-75.226869","0830","6","0","0","0","0","0","0","0","0","","0","0","0","","","0","N","0","","39 55:01.160","","0","75 13:36.730","0","0","0","0","67301","0","0","0","N","0","0","0","2","67301","0","","6.0","","1","N","N","N","0","","0","0","0","","0","","","2","0","0","0","0","0","0","2","0","2","","","","N","","","","","","","","","",""
"2020092754","","2","0","0","0","0","0","0","0","0","1","0","","67","11","2020","1","40.037856","-75.139337","1916","6","0","0","1","0","0","0","0","0","","0","0","0","","","0","N","0","","40 02:16.283","","0","75 08:21.614","9","0","0","0","67301","0","0","0","N","0","0","0","1","67301","0","","6.0","","9","N","N","N","0","","0","0","1","","0","","","3","0","0","0","0","0","1","2","0","3","","07","","N","","","","","","","","","",""
"2020079326","","0","0","0","0","0","0","0","0","0","7","0","","67","9","2020","7","40.019183","-75.190702","0820","6","0","0","0","0","0","0","0","0","","0","0","0","","","0","N","0","","40 01:09.059","1","0","75 11:26.527","0","0","0","0","67301","0","0","0","N","0","0","0","1","67301","0","","4.0","930.0","9","N","N","N","1","","0","0","0","","0","N","","1","0","0","0","0","0","0","2","0","1","","05","","N","","","","","","","","","",""
"2020079200","","1","0","0","0","0","0","0","0","0","4","0","","67","9","2020","6","39.986343","-75.180236","0350","6","0","0","0","0","0","0","0","0","","0","0","0","","","0","","1","","39 59:10.834","6","0","75 10:48.850","0","0","0","0","67301","0","0","0","N","0","0","0","3","67301","0","","1.0","444.0","1","N","N","N","0","","0","0","1","","2","Y","","2","0","0","0","0","0","0","2","0","2","","","","N","","","","","","","","","",""
"2020087740","","1","0","0","0","0","0","1","0","0","5","1","","67","9","2020","6","39.979539","-75.164498","1809","6","0","0","0","0","0","0","0","0","","0","0","0","","","1","N","0","","39 58:46.339","","0","75 09:52.191","8","0","0","0","67301","0","0","0","N","0","0","0","2","67508","0","","1.0","","1","N","N","Y","0","","0","0","0","","0","","","2","1","0","0","0","1","1","2","0","2","","03","","N","","","","","","","","","",""
"2020110186","","1","0","0","0","0","0","0","0","0","5","0","","67","11","2020","5","39.991954","-75.202014","1735","6","0","0","0","0","0","2","0","0","","0","0","0","","","2","N","0","","39 59:31.034","4","0","75 12:07.250","3","0","0","0","67301","0","0","0","N","0","0","0","5","68K01","0","","1.0","1830.0","1","N","N","N","0","","2","0","3","","0","N","","4","2","1","0","0","0","0","2","0","4","","03","","N","","","","","","","","","",""
"2020100489","","1","0","0","0","0","0","0","0","0","1","0","45","67","11","2020","5","39.938686","-75.197308","1958","6","0","0","0","0","0","2","0","0","","0","0","0","","","3","N","0","","39 56:19.271","4","0","75 11:50.307","8","0","0","0","67301","0","0","0","N","0","0","0","4","68K01","0","","1.0","2020.0","9","N","N","N","0","","0","0","2","","0","N","","3","3","0","0","0","3","0","2","0","3","","98","N","Y","2","1","","","Y","Y","","","Y","N"
"2020099977","","2","0","0","0","0","0","0","0","0","4","0","","67","11","2020","6","40.060426","-75.051974","2115","6","0","0","0","0","0","0","0","0","","0","0","0","","","0","","2","","40 03:37.533","","0","75 03:07.105","0","0","0","0","67301","0","0","0","N","0","0","0","2","67301","0","","1.0","","1","N","N","N","0","","0","0","0","","1","","","2","0","2","0","0","0","0","2","0","2","","03","","N","","","","","","","","","",""
"2020109347","","2","0","0","0","0","0","0","0","0","1","0","","67","12","2020","3","39.960068","-75.179394","1120","6","0","0","0","0","0","2","1","0","","0","0","0","","","0","N","0","","39 57:36.245","4","0","75 10:45.819","0","0","0","0","67301","0","0","0","N","0","0","0","4","68K01","0","","1.0","1148.0","1","N","N","N","0","","0","0","2","","0","N","","4","0","0","0","0","0","0","2","0","4","","","","N","","","","","","","","","",""
"2020079321","","0","0","0","1","0","0","0","0","0","8","0","","67","9","2020","6","39.951665","-75.164113","1336","6","0","0","0","0","0","0","0","0","","0","0","0","","","1","N","0","","39 57:05.995","","0","75 09:50.808","8","0","0","0","67301","1","0","0","N","0","0","0","2","67301","0","","1.0","","1","N","N","N","0","","0","0","0","","0","","","2","1","0","0","0","1","0","2","1","1","","03","","N","","","","","","","","","",""
"2020095933","","1","0","0","0","0","0","0","0","0","4","0","","67","11","2020","2","39.930767","-75.231807","1700","6","0","1","0","0","0","0","0","0","","0","0","0","","","0","","2","","39 55:50.761","","0","75 13:54.505","0","0","0","0","67301","0","0","0","N","0","0","0","2","67301","0","","1.0","","1","N","N","N","1","","0","0","0","","3","","","2","0","1","0","0","0","0","2","0","2","","03","","N","","","","","","","","","",""
"2020106647","","2","0","0","0","0","0","0","0","0","5","0","","67","12","2020","4","39.988642","-75.143836","1847","6","0","0","0","0","0","0","0","0","","0","0","0","","","0","N","0","","39 59:19.110","1","0","75 08:37.810","0","0","0","0","67301","0","0","0","N","0","0","0","1","67301","0","","1.0","2051.0","1","N","N","N","0","","0","0","0","","0","Y","","2","0","1","0","0","0","0","2","0","2","","","","N","","","","","","","","","",""
"2020101365","","1","0","0","0","0","0","0","0","0","2","0","","67","11","2020","3","40.045441","-75.143336","1533","6","0","0","0","0","0","0","0","0","","0","0","0","","","1","N","0","","40 02:43.586","","0","75 08:36.009","3","0","0","0","67301","0","0","0","N","0","0","0","2","67301","0","","1.0","","1","N","N","N","0","","1","0","1","","0","","","2","1","0","0","0","0","1","2","0","2","","","","N","","","","","","","","","",""
"2020101956","","1","0","0","0","0","0","0","0","0","8","0","","67","11","2020","5","39.985456","-75.172292","2012","6","0","0","0","0","0","0","0","0","","0","0","0","","","1","N","0","","39 59:07.640","","0","75 10:20.250","3","0","0","0","67301","1","0","0","N","1","0","0","2","67301","0","","1.0","","1","N","N","N","0","","1","0","0","","0","","","2","1","0","0","0","0","0","2","0","1","","03","","N","","","","","","","","","",""
"2020078079","","2","0","0","0","0","0","0","0","0","4","0","","67","9","2020","2","39.955199","-75.154312","2200","6","0","0","0","0","0","0","0","0","","0","0","0","","","1","","1","","39 57:18.717","","0","75 09:15.524","3","0","0","0","67301","0","0","0","N","0","0","0","2","67301","0","","1.0","","1","N","N","N","0","","1","0","0","","2","","","2","1","0","0","0","0","0","2","0","2","","03","","N","","","","","","","","","",""
"2020102358","","0","0","0","0","0","0","0","0","0","8","0","","67","11","2020","7","40.035008","-75.035528","1233","6","0","0","0","0","0","0","0","0","","0","0","0","","","1","N","0","","40 02:06.030","","0","75 02:07.900","3","0","0","0","67301","1","0","0","N","1","0","0","6","67301","0","","1.0","","1","N","N","N","0","","1","0","0","","3","","","2","1","0","0","0","0","0","2","1","1","","03","","N","","","","","","","","","",""
"2020105239","","1","0","0","0","0","0","0","0","0","4","0","","67","12","2020","3","40.02026","-75.114068","1035","6","0","0","0","1","0","0","0","0","","0","0","0","","","1","","1","","40 01:12.937","1","0","75 06:50.646","3","0","0","0","67301","0","0","0","N","0","0","0","2","67301","0","","1.0","1100.0","1","N","N","N","0","","1","0","1","","2","N","","2","1","0","0","0","0","0","2","0","2","","04","","N","","","","","","","","","",""
"2020096379","","2","0","0","0","0","0","0","0","0","4","0","","67","11","2020","4","39.960444","-75.241079","0954","6","0","0","0","0","0","0","0","0","","0","0","0","","","2","","1","","39 57:37.599","","0","75 14:27.885","3","0","0","0","67301","0","0","0","N","0","0","0","3","67301","0","","1.0","","1","N","N","N","0","","2","0","0","","2","","","2","2","0","0","0","0","0","2","0","2","","04","","N","","","","","","","","","",""
"2020069772","","1","0","0","0","0","0","0","0","0","6","0","","67","8","2020","5","39.985554","-75.179207","0009","6","0","0","0","0","0","0","0","0","","0","0","0","","","0","","1","","39 59:07.995","4","0","75 10:45.145","9","0","0","0","67301","0","0","0","N","0","0","0","3","67301","0","","1.0","310.0","1","N","N","N","0","","0","0","2","","2","N","","3","0","1","0","0","0","1","2","0","3","","03","","N","","","","","","","","","",""
"2020099982","","2","0","0","0","0","0","0","0","0","4","0","","67","11","2020","6","39.941661","-75.22278","2117","6","0","0","0","0","0","1","0","0","","0","0","0","","","1","","1","","39 56:29.979","","0","75 13:22.008","3","0","0","0","67301","0","0","0","N","0","0","0","2","67301","0","","1.0","","1","N","N","N","0","","1","0","0","","2","","","2","1","0","0","0","0","1","2","0","2","","03","","N","","","","","","","","","",""
"2020099479","","0","0","0","0","0","0","0","0","0","2","0","","67","11","2020","4","39.988259","-75.182646","1946","6","0","0","0","0","0","1","0","0","","0","0","0","","","1","N","0","","39 59:17.733","5","0","75 10:57.524","3","0","0","0","67301","0","0","0","N","0","0","0","2","67301","0","","1.0","2025.0","1","N","N","N","0","","1","0","1","","0","Y","","2","1","0","0","0","0","1","2","1","2","","03","","N","","","","","","","","","",""
"2020097838","","2","0","0","0","0","0","0","0","0","1","0","","67","11","2020","7","40.031854","-75.122161","0140","6","0","0","0","0","0","0","0","0","","0","0","0","","","1","","1","","40 01:54.674","","0","75 07:19.779","4","0","0","0","67301","0","0","0","N","0","0","0","2","67301","1","","1.0","","1","N","N","N","0","","0","0","0","","1","","","2","1","1","0","0","0","0","2","0","2","","03","","N","","","","","","","","","",""
"2020083635","","1","0","0","0","0","0","0","0","0","7","0","","67","9","2020","7","40.033767","-75.020178","0653","6","0","0","0","0","0","0","0","0","","0","0","0","","","0","N","0","","40 02:01.560","","0","75 01:12.641","0","0","0","0","67301","0","0","0","N","0","0","0","1","68K01","0","","3.0","","9","N","N","N","0","","0","0","0","","0","","","1","0","0","0","0","0","0","2","0","1","","","","N","","","","","","","","","",""
"2020099850","","3","0","0","0","0","0","0","0","0","5","0","","67","11","2020","1","39.964959","-75.224574","1253","6","0","0","0","0","0","0","0","1","","0","0","0","","","2","","1","","39 57:53.852","4","0","75 13:28.466","3","0","0","0","67301","0","0","0","N","0","0","0","3","67301","0","","1.0","1330.0","1","N","N","N","0","","2","0","0","","2","N","","3","2","1","0","0","0","0","2","0","3","","03","","N","","","","","","","","","",""
"2020102900","","1","0","0","0","0","0","0","0","0","4","0","","67","11","2020","5","40.011787","-75.109993","0257","6","0","0","0","0","0","1","0","0","","0","0","0","","","1","","1","","40 00:42.433","","0","75 06:35.974","3","0","0","0","67301","0","0","0","N","0","0","0","2","67301","0","","1.0","","9","N","N","N","0","","1","0","0","","3","","","2","1","2","0","0","0","0","2","1","2","","07","","N","","","","","","","","","",""
"2020102218","","1","0","0","0","0","0","0","0","0","6","0","","67","11","2020","6","39.934576","-75.167409","1733","6","0","0","0","0","0","0","0","0","","0","0","0","","","3","N","0","","39 56:04.474","","0","75 10:02.674","3","0","0","0","67301","0","0","0","N","0","0","0","3","67301","0","","1.0","","1","N","N","N","0","","3","0","0","","0","","","2","3","0","0","0","0","0","2","1","2","","03","","N","","","","","","","","","",""
"2020068649","","0","0","0","0","0","0","0","0","0","0","0","","67","8","2020","5","39.994656","-75.117916","1145","6","0","0","0","0","0","0","0","0","","0","0","0","","","1","","3","","39 59:40.761","","0","75 07:04.497","3","0","0","1","67301","0","0","0","N","0","0","0","2","67301","0","","1.0","","1","N","N","N","0","","1","0","1","","0","","","2","1","0","0","0","0","0","2","0","2","","03","","N","","","","","","","","","",""
"2020067892","","0","0","0","0","0","0","0","0","0","4","0","","67","8","2020","5","39.957953","-75.233502","0125","6","0","0","0","0","0","0","0","0","","0","0","0","","","0","","1","","39 57:28.630","","0","75 14:00.608","0","0","0","0","67301","0","0","0","N","0","0","0","2","67301","0","","1.0","","1","N","N","N","0","","0","0","2","","1","","","2","0","1","0","0","0","0","2","0","2","","03","","N","","","","","","","","","",""
"2020074587","","1","0","0","0","0","0","0","0","0","4","0","","67","9","2020","6","39.996295","-75.185362","1307","6","0","0","0","0","0","0","0","0","","0","0","0","","","0","","1","","39 59:46.663","","0","75 11:07.303","9","0","0","0","67301","0","0","0","N","0","0","0","2","67301","0","","1.0","","1","N","N","N","0","","0","0","0","","2","","","2","0","0","0","0","0","1","2","1","2","","03","","N","","","","","","","","","",""
"2020083245","","1","0","0","0","0","0","0","0","0","7","0","","67","9","2020","7","39.948178","-75.142107","1515","6","0","0","0","0","0","0","0","0","","0","0","0","","","1","N","0","","39 56:53.440","","0","75 08:31.585","3","0","0","0","67301","0","0","0","N","0","0","0","1","68K01","0","","4.0","","9","N","N","N","0","","1","0","0","","0","","","1","1","0","0","0","0","0","2","0","1","","","","N","","","","","","","","","",""
"2020098004","","1","0","0","0","0","0","0","0","0","6","0","","67","11","2020","4","40.024437","-75.046154","1811","6","0","0","0","0","0","0","0","0","","0","0","0","","","0","N","0","","40 01:27.973","5","0","75 02:46.155","0","0","0","0","67301","0","0","0","N","0","0","0","3","67301","0","","1.0","10.0","9","N","N","N","0","","0","0","1","","0","N","","3","0","3","0","0","0","0","2","1","3","","07","","N","","","","","","","","","",""
"2020093432","","2","0","0","0","0","0","0","0","0","4","0","","67","11","2020","3","40.105161","-75.032846","0932","6","0","0","0","0","0","1","0","0","","0","0","0","","","2","","1","","40 06:18.580","","0","75 01:58.246","3","0","0","0","67301","0","0","0","N","0","0","0","2","67301","1","","1.0","","1","N","N","N","0","","1","0","0","","2","","","2","2","0","0","0","0","0","2","0","2","","","","N","","","","","","","","","",""
"2020104690","","1","0","0","0","0","0","0","0","0","1","0","","67","11","2020","2","39.944059","-75.16876","1217","6","0","0","0","0","0","1","0","0","","0","0","0","","","3","","1","","39 56:38.612","","0","75 10:07.536","4","0","0","0","67301","0","0","0","N","0","0","0","4","67301","3","","1.0","","9","N","N","N","0","","0","0","1","","2","","","4","3","0","0","0","0","0","2","1","3","","07","","N","","","","","","","","","",""
"2020103316","","0","0","0","0","0","0","0","0","0","7","0","","67","11","2020","4","40.032789","-75.020949","2042","6","0","0","0","0","1","0","0","0","","0","0","0","","","0","Y","0","","40 01:58.041","2","0","75 01:15.417","0","0","0","0","67301","0","0","0","N","0","0","0","2","68K01","0","","4.0","2110.0","9","N","N","N","0","","0","0","0","","0","N","","1","0","0","0","0","0","0","2","1","1","","","","N","","","","","","","","","",""
"2020093224","","2","0","0","0","0","0","0","0","0","4","0","","67","11","2020","3","40.008415","-75.096481","2044","6","0","0","1","0","0","0","0","0","","0","0","0","","","2","","1","","40 00:30.293","","0","75 05:47.331","8","0","0","0","67301","0","0","0","N","0","0","0","3","67301","0","","1.0","","1","N","N","N","0","","0","0","0","","3","","","2","2","0","0","0","2","0","2","0","2","","03","","N","","","","","","","","","",""
"2020101952","","0","0","0","0","0","0","0","0","0","4","0","","67","11","2020","5","40.067958","-75.058605","1721","6","0","0","0","0","0","0","0","0","","0","0","0","","","0","","1","","40 04:04.648","","0","75 03:30.977","0","0","0","0","67301","0","0","0","N","0","0","0","2","67301","0","","1.0","","1","N","N","Y","0","","0","0","2","","3","","","3","0","2","0","0","0","0","2","1","3","","03","","N","","","","","","","","","",""
"2020096283","","1","0","0","0","0","0","0","0","0","8","0","","67","11","2020","4","39.955313","-75.187111","1845","6","0","0","0","0","0","0","0","0","","0","0","0","","","1","","1","","39 57:19.125","","0","75 11:13.598","4","0","0","0","67301","1","0","0","N","1","0","0","2","67507","1","","1.0","","8","N","N","N","0","","0","0","0","","2","","","2","1","0","0","0","0","0","2","0","1","","","","N","","","","","","","","","",""
"2020088627","","0","0","0","0","0","0","0","0","0","1","0","","67","10","2020","1","39.915915","-75.245342","1113","6","0","0","0","0","0","0","0","0","","0","0","0","","","1","","2","","39 54:57.295","","0","75 14:43.230","4","0","0","0","67301","0","0","0","N","0","0","0","2","67301","1","","1.0","","1","N","N","N","0","","0","0","2","","0","","","2","1","0","0","0","0","0","2","0","2","","03","","N","","","","","","","","","",""
"2020079571","","2","0","0","0","0","0","0","0","0","4","0","","67","9","2020","6","40.018922","-75.049504","1742","6","0","0","0","0","0","0","0","0","","0","0","0","","","1","","1","","40 01:08.120","4","0","75 02:58.216","3","0","0","0","67301","0","0","0","N","0","0","0","6","67301","0","","1.0","1855.0","1","N","N","N","0","","1","0","0","","3","N","","2","1","0","0","0","0","0","2","0","2","","","","N","","","","","","","","","",""
"2020094931","","1","0","0","0","0","0","0","0","0","4","0","","67","11","2020","2","39.954454","-75.246377","1458","6","0","0","0","0","0","0","0","1","","0","0","0","","","1","","1","","39 57:16.034","","0","75 14:46.957","3","0","0","0","67301","0","0","0","N","0","0","0","2","67301","0","","1.0","","1","N","N","N","0","","1","0","1","","3","","","2","1","0","0","0","0","0","2","0","2","","03","","N","","","","","","","","","",""
"2020103308","","1","0","0","0","0","0","0","0","0","7","0","","67","11","2020","3","39.981951","-75.101405","1907","6","0","0","0","0","0","1","0","0","","0","0","0","","","1","N","0","","39 58:55.023","2","0","75 06:05.059","8","0","0","0","67301","0","0","0","N","0","0","0","3","68K01","0","","4.0","1620.0","1","N","N","N","0","","0","0","1","","0","N","","2","1","0","0","0","1","0","2","0","2","","03","","N","","","","","","","","","",""
"2020093758","","0","0","0","0","0","0","0","0","0","7","0","","67","11","2020","5","39.975418","-75.143839","0446","6","0","0","0","0","0","0","0","0","","0","0","0","","","0","","1","","39 58:31.504","","0","75 08:37.820","0","0","0","0","67301","0","0","0","N","0","0","0","1","67301","0","","4.0","","1","N","N","N","0","","0","0","1","","3","","","1","0","0","0","0","0","0","2","0","1","","03","","N","","","","","","","","","",""
"2020102880","","1","0","0","0","0","0","0","0","0","7","0","","67","11","2020","5","39.955528","-75.148164","0427","6","0","0","0","0","0","1","0","0","","0","0","0","","","0","N","0","","39 57:19.901","","2","75 08:53.389","0","0","0","0","67301","0","0","0","N","0","0","0","1","67501","0","","3.0","","9","N","N","N","0","","0","0","0","","0","","","1","0","0","0","0","0","0","2","0","1","","","","N","","","","","","","","","",""
"2020103910","","1","0","0","0","0","0","0","0","0","8","0","","67","12","2020","4","39.951249","-75.199138","2046","6","0","0","0","0","0","0","0","0","","0","0","0","","","1","N","1","","39 57:04.496","","0","75 11:56.898","3","0","0","0","67301","1","0","0","N","1","0","0","2","67504","0","","1.0","","1","N","N","N","0","","1","0","0","","2","","","2","1","1","0","0","0","0","2","0","1","","03","","N","","","","","","","","","",""
"2020099122","","2","0","0","0","0","0","0","0","0","4","0","","67","11","2020","3","39.953964","-75.176665","0206","6","0","0","0","0","0","0","0","0","","0","0","0","","","1","","1","","39 57:14.270","","0","75 10:35.993","3","0","0","0","67301","0","0","0","N","0","0","0","2","67301","0","","1.0","","1","N","N","N","0","","1","0","0","","2","","","2","1","0","0","0","0","1","2","0","2","","03","","N","","","","","","","","","",""
"2020079521","","1","0","0","0","0","0","0","0","0","7","0","","67","9","2020","7","39.965583","-75.186417","0302","6","0","0","0","0","0","0","0","0","","0","0","0","","","0","","7","","39 57:56.100","3","2","75 11:11.100","0","0","0","0","67301","0","0","0","N","0","0","0","2","68K01","0","","4.0","328.0","1","N","N","N","0","","0","0","0","","0","N","","1","0","0","0","0","0","0","2","0","1","","03","","N","","","","","","","","","",""
"2020100337","","1","0","0","0","0","0","0","0","0","4","0","","67","11","2020","1","39.983212","-75.15695","1904","6","0","0","1","0","0","0","0","0","","0","0","0","","","0","","1","","39 58:59.563","2","0","75 09:25.021","0","0","0","0","67301","0","0","0","N","0","0","0","4","67505","0","","1.0","2000.0","1","N","N","N","0","","0","0","1","","2","Y","","2","0","0","0","0","0","0","2","0","2","","03","","N","","","","","","","","","",""
"2020098286","","0","0","0","0","0","0","0","0","0","5","0","","67","11","2020","6","40.000889","-75.134667","2032","6","0","0","0","0","0","0","0","0","","0","0","0","","","1","N","0","","40 00:03.200","4","0","75 08:04.800","8","0","0","0","67301","0","0","0","N","0","0","0","1","67301","0","","6.0","2200.0","1","N","N","N","1","","0","0","3","","0","N","","4","1","0","0","0","1","0","2","0","4","","03","","N","","","","","","","","","",""
"2020094821","","0","0","0","0","0","0","0","0","0","7","0","","67","11","2020","1","39.954479","-75.156086","0718","6","0","0","0","0","0","0","0","0","","0","0","0","","","1","N","1","","39 57:16.126","3","0","75 09:21.908","2","0","0","0","67301","0","0","0","N","0","0","0","2","67301","0","","4.0","100.0","1","N","N","N","0","","0","1","1","","0","Y","","1","1","2","0","1","0","0","2","0","1","","04","","N","","","","","","","","","",""
"2020099790","","1","0","0","0","0","0","0","0","0","7","0","","67","11","2020","4","39.956768","-75.153724","2050","6","0","0","0","0","0","1","0","0","","0","0","0","","","1","N","7","","39 57:24.365","3","2","75 09:13.407","8","0","0","0","67301","0","0","0","N","0","0","0","1","68K01","0","","2.0","2100.0","9","N","N","N","0","","0","0","0","","0","N","","1","1","0","0","0","1","0","2","0","1","","07","","N","","","","","","","","","",""
"2020113253","","0","0","0","0","0","0","0","0","0","1","0","45","67","12","2020","6","39.981382","-75.102668","1506","6","0","0","0","0","0","1","0","0","","0","0","0","","","1","N","0","","39 58:52.976","","0","75 06:09.605","8","0","0","0","67301","0","0","0","N","0","0","0","3","68K01","0","","1.0","","1","N","N","N","0","","0","0","2","","0","","","2","1","0","0","0","1","0","2","0","2","","","N","Y","4","1","","","N","Y","","","Y","N"
"2020102905","","2","0","0","0","0","0","0","0","0","1","0","","67","12","2020","3","40.044335","-75.118764","0048","6","0","0","0","0","0","0","0","0","","0","0","0","","","1","N","0","","40 02:39.607","","0","75 07:07.552","3","0","0","0","67301","0","0","0","N","0","0","0","2","67301","0","","1.0","","9","N","N","N","0","","1","0","0","","0","","","2","1","0","0","0","0","0","2","0","2","","98","","N","","","","","","","","","",""
"2020095814","","1","0","0","0","0","0","0","0","0","4","0","","67","11","2020","3","39.980213","-75.157468","1510","6","0","0","0","0","0","0","0","0","","0","0","0","","","1","","1","","39 58:48.767","","0","75 09:26.884","3","0","0","1","67301","0","0","0","N","0","0","0","2","67505","0","","1.0","","1","N","N","N","0","","1","0","0","","2","","","2","1","0","0","0","0","0","2","0","2","","03","","N","","","","","","","","","",""
"2020097508","","2","0","0","0","0","0","0","0","0","2","0","","67","11","2020","6","39.95701","-75.247934","2125","6","0","0","0","0","0","0","0","0","","0","0","0","","","0","N","0","","39 57:25.235","1","0","75 14:52.561","0","0","0","0","67301","0","0","0","N","0","0","0","1","67301","0","","6.0","2220.0","1","N","N","N","1","","0","0","0","","0","N","","3","0","1","0","0","0","0","2","0","3","","03","","N","","","","","","","","","",""
"2020097136","","2","0","0","0","0","0","0","0","0","4","0","","67","11","2020","7","39.959174","-75.243377","2306","6","0","0","0","0","0","0","0","0","","0","0","0","","","2","","1","","39 57:33.025","7","0","75 14:36.157","3","0","0","0","67301","0","0","0","N","0","0","0","3","67301","0","","1.0","20.0","1","N","N","N","0","","1","0","2","","2","Y","","4","2","0","0","0","1","0","2","0","4","","03","","N","","","","","","","","","",""
"2020097582","","0","0","0","0","0","0","0","0","0","7","0","","67","11","2020","6","39.910745","-75.246529","2316","6","0","0","0","0","0","0","0","0","","0","0","0","","","0","","1","","39 54:38.682","","0","75 14:47.504","0","0","0","0","67301","0","0","0","N","0","0","0","1","67301","0","","9.0","","1","N","N","N","0","","0","0","1","","9","","","1","0","1","0","0","0","0","2","0","1","","","","N","","","","","","","","","",""
"2020109327","","0","0","0","0","0","0","0","0","0","7","0","","67","12","2020","6","40.031738","-75.021451","2041","6","0","0","0","0","0","0","0","0","","0","0","0","","","1","N","0","","40 01:54.255","2","0","75 01:17.225","3","0","0","0","67301","0","0","0","N","0","0","0","1","68K01","0","","4.0","30.0","9","N","N","N","1","","1","0","0","","0","N","","1","1","0","0","0","0","0","2","0","1","","","","N","","","","","","","","","",""
"2020102863","","2","0","0","0","0","0","0","0","0","4","0","","67","11","2020","1","40.000792","-75.134081","1805","6","0","0","0","1","0","1","0","0","","0","0","0","","","1","","1","","40 00:02.851","","0","75 08:02.691","8","0","0","0","67301","0","0","0","N","0","0","0","2","67301","0","","1.0","","1","N","N","N","0","","0","0","2","","3","","","4","1","2","0","0","1","0","2","0","4","","","","N","","","","","","","","","",""
"2020105414","","3","0","0","0","0","0","0","0","0","1","0","","67","12","2020","7","39.966874","-75.208335","1441","6","0","0","0","0","0","0","0","0","","0","0","0","","","0","N","3","","39 58:00.747","","0","75 12:30.007","0","0","0","0","67301","0","0","0","N","0","0","0","1","67301","0","","1.0","","1","N","N","N","0","","0","0","0","","0","","","4","0","1","0","0","0","0","2","1","4","","03","","N","","","","","","","","","",""
"2020105884","","1","0","0","0","0","0","0","0","0","1","0","","67","12","2020","3","","","2147","6","0","0","0","0","0","0","0","1","","0","0","0","","","1","N","0","","","1","0","","3","0","0","0","67301","0","0","0","N","0","0","0","1","67301","0","","2.0","0.0","1","N","N","N","0","","1","0","1","","0","N","","2","1","0","0","0","0","0","1","0","2","","03","","N","","","","","","","","","",""
"2020095975","","1","0","0","0","0","0","0","0","0","4","0","","67","11","2020","2","40.025914","-75.1234","1756","6","0","0","0","0","0","1","1","0","","0","0","0","","","1","","1","","40 01:33.290","","0","75 07:24.239","8","0","0","0","67301","0","0","0","N","0","0","0","2","67301","0","","1.0","","1","N","N","N","0","","0","0","1","","2","","","2","1","0","0","0","1","1","2","0","2","","03","","N","","","","","","","","","",""
"2020103302","","1","0","0","0","0","0","0","0","0","7","0","","67","11","2020","3","40.034473","-75.018961","0452","6","0","0","0","0","0","0","0","0","","0","0","0","","","1","N","0","","40 02:04.101","","0","75 01:08.260","3","0","0","0","67301","0","0","0","N","0","0","0","1","68K01","0","","4.0","","1","N","N","N","0","","1","0","0","","0","","","1","1","0","0","0","0","0","2","0","1","","","","N","","","","","","","","","",""