"CRN","ARRIVAL_TM","AUTOMOBILE_COUNT","BELTED_DEATH_COUNT","BELTED_SUSP_SERIOUS_INJ_COUNT","BICYCLE_COUNT","BICYCLE_DEATH_COUNT","BICYCLE_SUSP_SERIOUS_INJ_COUNT","BUS_COUNT","CHLDPAS_DEATH_COUNT","CHLDPAS_SUSP_SERIOUS_INJ_COUNT","COLLISION_TYPE","COMM_VEH_COUNT","CONS_ZONE_SPD_LIM","COUNTY","CRASH_MONTH","CRASH_YEAR","DAY_OF_WEEK","DEC_LATITUDE","DEC_LONGITUDE","DISPATCH_TM","DISTRICT","DRIVER_COUNT_16YR","DRIVER_COUNT_17YR","DRIVER_COUNT_18YR","DRIVER_COUNT_19YR","DRIVER_COUNT_20YR","DRIVER_COUNT_50_64YR","DRIVER_COUNT_65_74YR","DRIVER_COUNT_75PLUS","EST_HRS_CLOSED","FATAL_COUNT","HEAVY_TRUCK_COUNT","HORSE_BUGGY_COUNT","HOUR_OF_DAY","ILLUMINATION","INJURY_COUNT","INTERSECTION_RELATED","INTERSECT_TYPE","LANE_CLOSED","LATITUDE","LN_CLOSE_DIR","LOCATION_TYPE","LONGITUDE","MAX_SEVERITY_LEVEL","MCYCLE_DEATH_COUNT","MCYCLE_SUSP_SERIOUS_INJ_COUNT","MOTORCYCLE_COUNT","MUNICIPALITY","NONMOTR_COUNT","NONMOTR_DEATH_COUNT","NONMOTR_SUSP_SERIOUS_INJ_COUNT","NTFY_HIWY_MAINT","PED_COUNT","PED_DEATH_COUNT","PED_SUSP_SERIOUS_INJ_COUNT","PERSON_COUNT","POLICE_AGCY","POSSIBLE_INJ_COUNT","RDWY_SURF_TYPE_CD","RELATION_TO_ROAD","ROADWAY_CLEARED","ROAD_CONDITION","SCH_BUS_IND","SCH_ZONE_IND","SECONDARY_CRASH","SMALL_TRUCK_COUNT","SPEC_JURIS_CD","SUSP_MINOR_INJ_COUNT","SUSP_SERIOUS_INJ_COUNT","SUV_COUNT","TCD_FUNC_CD","TCD_TYPE","TFC_DETOUR_IND","TIME_OF_DAY","TOTAL_UNITS","TOT_INJ_COUNT","UNBELTED_OCC_COUNT","UNB_DEATH_COUNT","UNB_SUSP_SERIOUS_INJ_COUNT","UNK_INJ_DEG_COUNT","UNK_INJ_PER_COUNT","URBAN_RURAL","VAN_COUNT","VEHICLE_COUNT","WEATHER1","WEATHER2","WORKERS_PRES","WORK_ZONE_IND","WORK_ZONE_LOC","WORK_ZONE_TYPE","WZ_CLOSE_DETOUR","WZ_FLAGGER","WZ_LAW_OFFCR_IND","WZ_LN_CLOSURE","WZ_MOVING","WZ_OTHER","WZ_SHLDER_MDN","WZ_WORKERS_INJ_KILLED"
"2020094737","","0","0","0","0","0","0","0","0","0","8","0","","67","11","2020","5","39.939283","-75.178237","1511","6","0","0","0","0","0","0","0","0","","0","0","0","","","1","","1","","39 56:21.417","","0","75 10:41.654","3","0","0","0","67301","1","0","0","N","1","0","0","2","67301","0","","1.0","","1","N","N","N","0","","1","0","0","","2","","","2","1","0","0","0","0","0","2","0","1","","03","","N","","","","","","","","","",""
"2020073374","","1","0","0","0","0","0","0","0","0","6","0","","67","9","2020","2","39.939594","-75.225708","1916","6","0","0","0","1","0","0","0","0","","0","0","0","","","0","N","0","","39 56:22.540","","0","75 13:32.550","0","0","0","0","67301","0","0","0","N","0","0","0","2","67301","0","","6.0","","1","N","N","N","0","","0","0","1","","0","","","2","0","1","0","0","0","0","2","0","2","","03","","N","","","","","","","","","",""
"2020083250","","1","0","0","0","0","0","0","0","0","7","0","","67","9","2020","7","39.959296","-75.174214","2113","6","0","0","0","1","0","0","0","0","","0","0","0","","","2","N","0","","39 57:33.465","3","0","75 10:27.171","3","0","0","0","67301","0","0","0","N","0","0","0","4","68K01","0","","4.0","2118.0","1","N","N","N","0","","2","0","0","","0","N","","1","2","0","0","0","0","0","2","0","1","","","","N","","","","","","","","","",""
"2020108371","","0","0","0","0","0","0","0","0","0","7","0","","67","12","2020","4","39.930283","-75.198326","0139","6","0","0","0","0","0","0","0","0","","0","0","0","","","0","N","0","","39 55:49.020","4","0","75 11:53.972","0","0","0","0","67301","0","0","0","N","0","0","0","1","68K01","0","","4.0","230.0","1","N","N","N","0","","0","0","1","","0","N","","1","0","0","0","0","0","0","2","0","1","","","","N","","","","","","","","","",""
"2020100873","","1","0","0","0","0","0","0","0","0","4","0","","67","11","2020","4","39.996718","-75.115468","1605","6","0","0","0","0","0","0","1","0","","0","0","0","","","1","","1","","39 59:48.185","","0","75 06:55.684","8","0","0","0","67301","0","0","0","N","0","0","0","2","67508","0","","1.0","","1","N","N","Y","0","","0","0","0","","2","","","2","1","0","0","0","1","0","2","1","2","","03","","N","","","","","","","","","",""
"2020092502","","1","0","0","0","0","0","0","0","0","4","0","","67","11","2020","2","39.996031","-75.170758","1110","6","0","0","0","0","0","0","0","0","","0","0","0","","","1","","1","","39 59:45.712","","0","75 10:14.729","3","0","0","0","67301","0","0","0","N","0","0","0","3","67301","0","","1.0","","1","N","N","N","0","","1","0","1","","2","","","2","1","3","0","0","0","0","2","0","2","","03","","N","","","","","","","","","",""
"2020093919","","2","0","0","0","0","0","0","0","0","2","0","","67","11","2020","5","40.098322","-75.047111","1334","6","0","0","0","0","0","0","1","0","","0","0","0","","","1","","1","","40 05:53.958","","0","75 02:49.601","8","0","0","0","67301","0","0","0","N","0","0","0","1","67301","0","","1.0","","1","N","N","N","0","","0","0","0","","2","","","2","1","0","0","0","1","0","2","0","2","","03","","N","","","","","","","","","",""
"2020097683","","1","0","0","0","0","0","0","0","0","4","0","","67","11","2020","7","39.954615","-75.149531","1849","6","0","0","0","0","0","1","0","1","","0","0","0","","","2","","5","","39 57:16.613","","2","75 08:58.311","4","0","0","0","67301","0","0","0","N","0","0","0","3","67301","2","","1.0","","1","N","N","N","0","","0","0","1","","2","","","2","2","0","0","0","0","0","2","0","2","","03","","N","","","","","","","","","",""
"2020094293","","2","0","0","0","0","0","0","0","0","4","0","","67","11","2020","6","39.940698","-75.224153","0950","6","0","0","0","0","0","0","1","0","","0","0","0","","","0","","1","","39 56:26.512","","0","75 13:26.950","0","0","0","0","67301","0","0","0","N","0","0","0","2","67301","0","","1.0","","1","N","N","N","0","","0","0","0","","2","","","2","0","0","0","0","0","0","2","0","2","","03","","N","","","","","","","","","",""
"2020103142","","1","0","0","0","0","0","0","0","0","7","0","","67","11","2020","2","40.032194","-75.021256","0851","6","0","0","0","0","0","0","0","0","","0","0","0","","","0","N","0","","40 01:55.899","2","0","75 01:16.522","0","0","0","0","67301","0","0","0","N","0","0","0","1","68K01","0","","4.0","1016.0","9","N","N","N","0","","0","0","0","","0","N","","1","0","0","0","0","0","0","2","0","1","","07","","N","","","","","","","","","",""
"2020104439","","1","0","0","0","0","0","0","0","0","7","0","","67","11","2020","5","39.982533","-75.207724","1041","6","0","0","0","0","0","1","0","0","","0","0","0","","","1","N","0","","39 58:57.119","4","0","75 12:27.805","8","0","0","0","67301","0","0","0","N","0","0","0","1","68K01","0","","4.0","15.0","9","N","N","N","0","","0","0","0","","0","N","","1","1","0","0","0","1","0","2","0","1","","","","N","","","","","","","","","",""
"2020098926","","2","0","0","0","0","0","0","0","0","2","0","","67","11","2020","7","39.917581","-75.212729","2244","6","0","0","0","0","0","0","0","0","","0","0","0","","","1","N","0","","39 55:03.293","","0","75 12:45.825","3","0","0","0","67301","0","0","0","N","0","0","0","1","67301","0","","3.0","","1","N","N","N","0","","1","0","0","","0","","","2","1","0","0","0","0","0","2","0","2","","03","","N","","","","","","","","","",""
"2020099475","","0","0","0","0","0","0","0","0","0","7","0","","67","11","2020","1","40.048671","-75.061539","0547","6","0","0","0","0","0","0","0","0","","0","0","0","","","0","N","0","","40 02:55.214","","0","75 03:41.541","0","0","0","0","67301","0","0","0","N","0","0","0","2","67301","0","","4.0","","1","N","N","N","0","","0","0","1","","0","","","1","0","2","0","0","0","0","2","0","1","","03","","N","","","","","","","","","",""
"2020067967","","1","0","0","0","0","0","0","0","0","5","0","","67","8","2020","7","40.013531","-75.123528","0046","6","0","0","1","0","1","0","0","0","","0","0","0","","","0","N","0","","40 00:48.710","","0","75 07:24.700","0","0","0","1","67301","0","0","0","N","0","0","0","2","67301","0","","1.0","","1","N","N","N","0","","0","0","0","","0","","","2","0","0","0","0","0","0","2","0","2","","","","N","","","","","","","","","",""
"2020095605","","2","0","0","0","0","0","0","0","0","4","0","","67","11","2020","7","40.005821","-75.097034","0504","6","0","0","0","0","0","0","1","0","","0","0","0","","","1","N","1","","40 00:20.955","","0","75 05:49.322","3","0","0","0","67301","0","0","0","N","0","0","0","2","67301","0","","1.0","","1","N","N","N","0","","1","0","0","","2","","","2","1","2","0","0","0","0","2","0","2","","03","","N","","","","","","","","","",""
"2020100082","","4","0","0","0","0","0","0","0","0","4","0","","67","11","2020","3","39.9411","-75.182871","1337","6","0","0","0","0","0","1","0","0","","0","0","0","","","4","","1","","39 56:27.959","","0","75 10:58.335","2","0","0","0","67301","0","0","0","N","0","0","0","5","67301","0","","1.0","","1","N","N","N","0","","0","1","0","","3","","","4","4","0","0","0","3","1","2","0","4","","03","","N","","","","","","","","","",""
"2020052960","","1","0","0","0","0","0","0","0","0","4","0","","67","6","2020","7","40.021746","-75.118077","1558","6","0","0","0","0","0","0","0","0","","0","0","0","","","1","","2","","40 01:18.285","","0","75 07:05.077","3","0","0","1","67301","0","0","0","N","0","0","0","2","67301","0","","1.0","","1","N","N","N","0","","1","0","0","","9","","","2","1","0","0","0","0","1","2","0","2","","03","","N","","","","","","","","","",""
"2020079325","","0","0","0","0","0","0","0","0","0","4","0","","67","9","2020","6","40.013973","-75.157949","1250","6","0","0","0","1","0","0","0","0","","0","0","0","","","4","","1","","40 00:50.303","4","0","75 09:28.618","3","0","0","0","67301","0","0","0","N","0","0","0","4","67301","0","","1.0","200.0","1","N","N","N","0","","4","0","2","","0","Y","","2","4","0","0","0","0","0","2","0","2","","03","","N","","","","","","","","","",""
"2020101152","","3","0","0","0","0","0","0","0","0","1","0","","67","11","2020","6","40.032678","-75.021014","1525","6","0","0","0","0","0","0","0","0","","0","0","0","","","1","N","0","","40 01:57.642","2","0","75 01:15.649","3","0","0","0","67301","0","0","0","N","0","0","0","3","68K01","0","","1.0","1722.0","1","N","N","N","0","","1","0","0","","0","N","","3","1","0","0","0","0","0","2","0","3","","","","N","","","","","","","","","",""
"2020096991","","0","0","0","0","0","0","0","0","0","7","0","","67","11","2020","3","39.980556","-75.228472","0950","6","0","0","0","0","0","0","0","0","","0","0","0","","","1","N","0","","39 58:50.000","","0","75 13:42.500","8","0","0","0","67301","0","0","0","N","0","0","0","1","67301","0","","1.0","","1","N","N","N","0","","0","0","1","","0","","","1","1","0","0","0","1","0","2","0","1","","03","","N","","","","","","","","","",""
"2020079880","","1","0","0","0","0","0","0","0","0","4","0","","67","9","2020","1","40.053971","-75.186501","1129","6","0","0","0","0","0","0","0","0","","0","0","0","","","2","","2","","40 03:14.294","","0","75 11:11.403","3","0","0","0","67301","0","0","0","N","0","0","0","3","67301","0","","1.0","","1","N","N","N","0","","2","0","1","","3","","","2","2","0","0","0","0","0","2","0","2","","03","","N","","","","","","","","","",""
"2020109315","","0","0","0","0","0","0","0","0","0","7","0","","67","12","2020","5","39.997133","-75.196315","1149","6","0","0","0","0","0","1","0","0","","0","0","0","","","1","N","0","","39 59:49.678","4","0","75 11:46.734","3","0","0","0","67301","0","0","0","N","0","0","0","3","68K01","0","","3.0","1210.0","1","N","N","N","0","","1","0","0","","0","N","","1","1","0","0","0","0","0","2","1","1","","","","N","","","","","","","","","",""
"2020100804","","1","0","0","0","0","0","0","0","0","8","0","","67","11","2020","1","40.04975","-75.153194","0020","6","0","0","0","0","0","0","0","0","","0","0","0","","","1","","3","","40 02:59.100","","0","75 09:11.500","3","0","0","0","67301","1","0","0","N","1","0","0","2","67301","0","","1.0","","1","N","N","N","0","","1","0","1","","0","","","3","1","0","0","0","0","0","2","0","2","","","","N","","","","","","","","","",""
"2020094480","","1","0","0","1","0","0","0","0","0","8","0","","67","11","2020","6","40.038056","-75.139444","1755","6","0","0","0","0","0","0","0","0","","0","0","0","","","1","N","0","","40 02:17.000","","0","75 08:22.000","3","0","0","0","67301","1","0","0","N","0","0","0","2","67301","0","","1.0","","1","N","N","N","0","","1","0","0","","0","","","2","1","0","0","0","0","1","2","0","1","","03","","N","","","","","","","","","",""
"2020094524","","1","0","0","0","0","0","0","0","0","4","0","","67","11","2020","5","40.016988","-75.171514","1630","6","0","0","0","0","0","0","0","0","","0","0","0","","","1","N","0","","40 01:01.158","","0","75 10:17.450","8","0","0","0","67301","0","0","0","N","0","0","0","2","67301","0","","1.0","","1","N","N","N","0","","0","0","1","","0","","","2","1","2","0","0","1","0","2","0","2","","03","","N","","","","","","","","","",""
"2020096401","","1","0","0","0","0","0","0","0","0","8","0","","67","11","2020","4","39.995211","-75.116106","0230","6","0","0","0","0","0","0","0","0","","0","0","0","","","1","","2","","39 59:42.759","","0","75 06:57.981","3","0","0","0","67301","1","0","0","N","1","0","0","2","67301","0","","1.0","","1","N","N","N","0","","1","0","0","","0","","","2","1","0","0","0","0","1","2","0","1","","03","","N","","","","","","","","","",""
"2020095615","","2","0","0","0","0","0","0","0","0","6","0","","67","11","2020","1","40.029502","-75.146713","2145","6","0","0","0","0","0","0","0","0","","0","0","0","","","1","","1","","40 01:46.206","","0","75 08:48.166","4","0","0","0","67301","0","0","0","N","0","0","0","6","67301","1","","1.0","","1","N","N","N","0","","0","0","0","","2","","","2","1","0","0","0","0","1","2","0","2","","03","","N","","","","","","","","","",""
"2020076013","","1","0","0","0","0","0","0","0","0","4","0","","67","9","2020","2","40.052161","-75.067642","0856","6","0","0","0","0","0","1","0","0","","0","0","0","","","1","","1","","40 03:07.779","","0","75 04:03.510","8","0","0","0","67301","0","0","0","N","0","0","0","3","67301","0","","1.0","","1","N","N","N","0","","0","0","2","","2","","","3","1","0","0","0","1","1","2","0","3","","","","N","","","","","","","","","",""
"2020094116","","3","0","0","0","0","0","0","0","0","5","0","","67","11","2020","4","39.934839","-75.170747","0859","6","0","0","0","0","0","0","0","0","","0","0","0","","","0","N","0","","39 56:05.420","1","0","75 10:14.690","0","0","0","0","67301","0","0","0","N","0","0","0","1","67301","0","","1.0","930.0","1","N","N","Y","0","","0","0","0","","0","Y","","3","0","0","0","0","0","0","2","0","3","","03","","N","","","","","","","","","",""
"2020103304","","1","0","0","0","0","0","0","0","0","7","0","","67","11","2020","3","40.035361","-75.017437","0912","6","0","0","0","0","0","0","0","0","","0","0","0","","","1","N","0","","40 02:07.301","","0","75 01:02.772","3","0","0","0","67301","0","0","0","N","0","0","0","1","68K01","0","","4.0","","1","N","N","N","0","","1","0","0","","0","","","1","1","0","0","0","0","0","2","0","1","","","","N","","","","","","","","","",""
"2020100160","","5","0","0","0","0","0","0","0","0","4","0","","67","11","2020","7","40.029765","-75.044622","1204","6","0","0","0","1","0","0","0","0","","0","0","0","","","2","","1","","40 01:47.153","","0","75 02:40.639","3","0","0","0","67301","0","0","0","N","0","0","0","4","67301","0","","1.0","","1","N","N","N","0","","2","0","0","","3","","","5","2","0","0","0","0","2","2","0","5","","","","N","","","","","","","","","",""
"2020105207","","3","0","0","0","0","0","0","0","0","4","0","","67","12","2020","3","39.950461","-75.239129","2215","6","0","0","0","0","0","0","0","0","","0","0","0","","","0","","1","","39 57:01.659","","0","75 14:20.864","9","0","0","0","67301","0","0","0","N","0","0","0","2","67301","0","","1.0","","1","N","N","N","0","","0","0","1","","3","","","4","0","0","0","0","0","1","2","0","4","","03","","N","","","","","","","","","",""
"2020093927","","2","0","0","0","0","0","0","0","0","4","0","","67","11","2020","3","39.973833","-75.206444","1430","6","0","0","0","0","0","0","0","0","","0","0","0","","","5","","1","","39 58:25.797","7","0","75 12:23.198","3","0","0","0","67301","0","0","0","N","0","0","0","6","67301","0","","1.0","1620.0","1","N","N","N","0","","1","0","1","","2","Y","","3","5","0","0","0","4","1","2","0","3","","03","","N","","","","","","","","","",""
"2020095774","","2","0","0","0","0","0","0","0","0","4","0","","67","11","2020","3","40.021484","-75.17685","1006","6","0","0","0","1","0","0","0","0","","0","0","0","","","0","","2","","40 01:17.341","","0","75 10:36.659","0","0","0","0","67301","0","0","0","N","0","0","0","2","67301","0","","1.0","","1","N","N","N","0","","0","0","0","","3","","","2","0","0","0","0","0","0","2","0","2","","03","","N","","","","","","","","","",""
"2020077049","","1","0","0","0","0","0","0","0","0","5","0","","67","9","2020","6","40.022436","-75.156114","1851","6","0","0","0","0","0","0","0","0","","0","0","0","","","0","N","0","","40 01:20.770","","0","75 09:22.010","0","0","0","0","67301","0","0","0","N","0","0","0","1","67301","0","","1.0","","1","N","N","N","0","","0","0","1","","0","","","2","0","0","0","0","0","0","2","0","2","","03","","N","","","","","","","","","",""
"2020069465","","0","0","0","0","0","0","0","0","0","4","0","","67","8","2020","3","39.966617","-75.224869","1638","6","0","0","0","0","0","1","0","0","","0","0","0","","","1","","1","","39 57:59.820","","0","75 13:29.529","3","0","0","0","67301","0","0","0","N","0","0","0","2","67301","0","","1.0","","1","N","N","N","1","","1","0","1","","2","","","2","1","0","0","0","0","0","2","0","2","","03","","N","","","","","","","","","",""
"2020096777","","1","0","0","0","0","0","0","0","0","4","0","","67","11","2020","4","39.944888","-75.229078","1641","6","0","0","0","0","0","0","1","0","","0","0","0","","","0","","1","","39 56:41.596","","0","75 13:44.680","9","0","0","0","67301","0","0","0","N","0","0","0","2","67301","0","","1.0","","9","N","N","N","0","","0","0","1","","3","","","2","0","0","0","0","0","1","2","0","2","","07","","N","","","","","","","","","",""
"2020097993","","2","0","0","0","0","0","0","0","0","6","0","","67","11","2020","2","39.977607","-75.160654","1412","6","0","0","0","0","0","0","0","0","","0","0","0","","","0","N","2","","39 58:39.385","","0","75 09:38.355","9","0","0","0","67301","0","0","0","N","0","0","0","2","67505","0","","1.0","","1","N","N","N","1","","0","0","0","","3","","","3","0","0","0","0","0","2","2","0","3","","","","N","","","","","","","","","",""
"2020087521","","2","0","0","0","0","0","0","0","0","4","0","","67","9","2020","2","39.973295","-75.234718","1747","6","0","0","0","0","0","0","1","0","","0","0","0","","","3","","1","","39 58:23.861","","6","75 14:04.984","3","0","0","0","67301","0","0","0","N","0","0","0","4","67301","0","","1.0","","99","N","N","N","0","","3","0","0","","2","","","2","3","2","0","0","0","0","2","0","2","","03","","N","","","","","","","","","",""
"2020105357","","0","0","1","0","0","0","0","0","0","2","0","","67","11","2020","6","40.00853","-75.210732","0039","6","0","0","0","0","0","0","0","0","","0","0","0","","","1","","1","","40 00:30.708","1","0","75 12:38.635","2","0","0","0","67301","0","0","0","N","0","0","0","2","68K01","0","","1.0","137.0","1","N","N","N","0","","0","1","2","","2","N","","2","1","0","0","0","0","1","2","0","2","","03","","N","","","","","","","","","",""
"2020113021","","0","0","0","0","0","0","0","0","0","7","0","","67","11","2020","1","39.957025","-75.152831","0601","6","0","0","0","0","0","0","0","0","","0","0","0","","","0","Y","0","","39 57:25.291","","0","75 09:10.191","0","0","0","0","67301","0","0","0","Y","0","0","0","1","68K01","0","","4.0","","1","N","N","N","0","","0","0","0","","0","","","1","0","0","0","0","0","0","2","1","1","","03","","N","","","","","","","","","",""
"2020097246","","1","0","0","0","0","0","0","0","0","4","0","","67","11","2020","6","40.042038","-75.054759","1355","6","0","0","0","0","0","0","0","1","","0","0","0","","","0","","2","","40 02:31.336","","7","75 03:17.132","0","0","0","0","67301","0","0","0","N","0","0","0","2","67301","0","","1.0","","1","N","N","N","0","","0","0","1","","0","","","2","0","0","0","0","0","0","2","0","2","","","","N","","","","","","","","","",""
"2020106628","","1","0","0","0","0","0","0","0","0","4","0","","67","12","2020","5","40.03176","-75.109056","0959","6","0","0","0","0","0","1","0","0","","0","0","0","","","1","","1","","40 01:54.336","3","0","75 06:32.601","8","0","0","0","67301","0","0","0","N","0","0","0","3","67301","0","","1.0","1030.0","1","N","N","N","0","","0","0","0","","2","Y","","2","1","0","0","0","1","1","2","0","2","","03","","N","","","","","","","","","",""
"2020080864","","0","0","0","0","0","0","0","0","0","8","0","","67","9","2020","1","39.962785","-75.234532","1712","6","0","0","0","0","0","0","1","0","","0","0","0","","","1","","1","","39 57:46.025","","0","75 14:04.315","3","0","0","0","67301","1","0","0","N","1","0","0","2","67301","0","","1.0","","1","N","N","N","0","","1","0","1","","2","","","2","1","0","0","0","0","0","2","0","1","","03","","N","","","","","","","","","",""
"2020070572","","1","0","0","0","0","0","0","0","0","4","0","","67","8","2020","2","40.02026","-75.114068","1735","6","0","0","0","0","0","0","0","0","","0","0","0","","","1","","1","","40 01:12.937","","0","75 06:50.646","3","0","0","1","67301","0","0","0","N","0","0","0","2","67301","0","","1.0","","1","N","N","N","0","","1","0","0","","2","","","2","1","1","0","0","0","0","2","0","2","","03","","N","","","","","","","","","",""
"2020080523","","1","0","0","0","0","0","0","0","0","4","0","","67","9","2020","7","40.041552","-75.027733","1341","6","0","1","0","0","0","1","0","0","","0","0","0","","","1","N","0","","40 02:29.587","","7","75 01:39.840","3","0","0","0","67301","0","0","0","N","0","0","0","2","67301","0","","1.0","","9","N","N","N","0","","1","0","1","","0","","","2","1","0","0","0","0","0","2","0","2","","07","","N","","","","","","","","","",""
"2020100555","","0","0","0","0","0","0","0","0","0","7","0","","67","11","2020","5","39.961714","-75.149767","0908","6","0","0","0","0","0","0","0","0","","0","0","0","","","0","N","0","","39 57:42.170","","0","75 08:59.160","9","0","0","0","67301","0","0","0","N","0","0","0","1","67301","0","","5.0","","1","N","N","N","0","","0","0","1","","2","","","1","0","0","0","0","0","1","2","0","1","","","","N","","","","","","","","","",""
"2020107530","","1","0","0","0","0","0","0","0","0","1","0","","67","12","2020","5","39.911178","-75.148977","1338","6","0","0","0","0","0","0","0","0","","0","0","0","","","1","N","0","","39 54:40.241","","0","75 08:56.318","3","0","0","0","67301","0","0","0","N","0","0","0","3","68K01","0","","2.0","","1","N","N","N","0","","1","0","0","","0","","","2","1","1","0","0","0","0","2","1","2","","03","","N","","","","","","","","","",""
"2020102864","","0","0","0","0","0","0","0","0","0","3","0","","67","11","2020","2","39.998092","-75.126124","0140","6","0","0","0","0","0","0","0","0","","0","0","0","","","2","","2","","39 59:53.130","","0","75 07:34.048","3","0","0","0","67301","0","0","0","N","0","0","0","3","67301","0","","1.0","","1","N","N","N","0","","2","0","1","","0","","","2","2","1","0","0","0","0","2","1","2","","","","N","","","","","","","","","",""
"2020097736","","0","0","0","0","0","0","0","0","0","7","0","25","67","11","2020","5","40.127316","-74.877349","1129","6","0","0","0","0","0","1","0","0","","0","0","0","","","0","N","0","","40 07:38.337","3","0","74 52:38.457","0","0","0","0","67301","0","0","0","N","0","0","0","1","68K01","0","","3.0","100.0","1","N","N","N","0","","0","0","1","","8","N","","1","0","0","0","0","0","0","2","0","1","","","N","Y","2","1","","","N","Y","","","","N"
"2020099876","","0","0","0","0","0","0","0","0","0","4","0","","67","11","2020","2","39.996928","-75.141175","1930","6","0","0","0","0","0","0","0","0","","0","0","0","","","0","","1","","39 59:48.940","","0","75 08:28.230","9","0","0","0","67301","0","0","0","N","0","0","0","2","67301","0","","1.0","","1","N","N","N","0","","0","0","1","","2","","","2","0","0","0","0","0","2","2","0","2","","03","","N","","","","","","","","","",""
"2020099341","","1","0","0","0","0","0","0","0","0","7","0","","67","11","2020","4","39.943783","-75.245939","1714","6","0","0","0","0","0","0","0","0","","0","0","0","","","1","N","0","","39 56:37.620","","99","75 14:45.381","4","0","0","0","67301","0","0","0","N","0","0","0","2","67301","1","","2.0","","1","N","N","N","0","","0","0","0","","0","","","1","1","0","0","0","0","0","2","0","1","","","","N","","","","","","","","","",""
"2020081351","","1","0","0","0","0","0","0","0","0","4","0","","67","9","2020","7","40.002134","-75.103207","0423","6","0","0","0","0","0","0","0","0","","0","0","0","","","1","","2","","40 00:07.683","","1","75 06:11.546","3","0","0","0","67301","0","0","0","N","0","0","0","2","67301","0","","1.0","","1","N","N","N","0","","1","0","0","","0","","","2","1","0","0","0","0","0","2","1","2","","03","","N","","","","","","","","","",""
"2020109331","","1","0","0","0","0","0","0","0","0","7","0","","67","12","2020","7","39.982487","-75.207699","0726","6","0","0","0","0","0","0","0","0","","0","0","0","","","0","N","0","","39 58:56.954","","0","75 12:27.718","0","0","0","0","67301","0","0","0","N","0","0","0","1","68K01","0","","2.0","","9","N","N","N","0","","0","0","0","","0","","","1","0","0","0","0","0","0","2","0","1","","","","N","","","","","","","","","",""
"2020094085","","2","0","0","0","0","0","0","0","0","4","0","","67","11","2020","5","39.982645","-75.164409","1628","6","0","0","0","0","0","0","0","0","","0","0","0","","","0","","1","","39 58:57.521","","0","75 09:51.872","9","0","0","0","67301","0","0","0","N","0","0","0","4","67301","0","","1.0","","1","N","N","N","0","","0","0","2","","3","","","4","0","0","0","0","0","2","2","0","4","","","","N","","","","","","","","","",""
"2020096780","","1","0","0","0","0","0","0","0","0","8","0","","67","11","2020","5","40.021406","-75.148593","1644","6","0","0","0","0","0","0","0","1","","0","0","0","","","1","","1","","40 01:17.063","","0","75 08:54.934","4","0","0","0","67301","1","0","0","N","1","0","0","2","67301","1","","1.0","","9","N","N","N","0","","0","0","0","","2","","","2","1","0","0","0","0","0","2","0","1","","04","","N","","","","","","","","","",""
"2020103324","","1","0","0","0","0","0","0","0","0","1","0","","67","11","2020","6","39.923353","-75.147606","0840","6","0","0","1","0","0","0","0","0","","0","0","0","","","2","Y","0","","39 55:24.071","2","0","75 08:51.382","8","0","0","0","67301","0","0","0","N","0","0","0","2","68K01","0","","1.0","921.0","9","N","N","N","0","","0","0","1","","0","N","","2","2","0","0","0","2","0","2","0","2","","04","","N","","","","","","","","","",""
"2020097586","","0","0","0","0","0","0","0","0","0","4","0","","67","11","2020","7","39.911222","-75.24285","0104","6","0","0","0","0","0","0","0","0","","0","0","0","","","1","","5","","39 54:40.400","","0","75 14:34.260","3","0","0","0","67301","0","0","0","N","0","0","0","2","67301","0","","1.0","","9","N","N","N","0","","1","0","2","","2","","","2","1","0","0","0","0","1","2","0","2","","","","N","","","","","","","","","",""
"2020099557","","3","0","2","0","0","0","0","0","0","4","0","","67","11","2020","1","39.958437","-75.231274","0246","6","0","0","0","0","0","0","0","0","","0","0","0","","","4","","1","","39 57:30.373","3","0","75 13:52.586","2","0","0","0","67301","0","0","0","N","0","0","0","4","67301","1","","1.0","456.0","1","N","N","N","0","","1","2","0","","3","N","","3","4","0","0","0","0","0","2","0","3","","03","","N","","","","","","","","","",""
"2020100948","","0","0","0","0","0","0","0","0","0","7","0","","67","11","2020","6","40.040858","-75.005314","1202","6","0","0","0","0","0","0","0","0","","0","0","0","","","0","N","0","","40 02:27.088","2","0","75 00:19.130","0","0","0","0","67301","0","0","0","N","0","0","0","1","68K01","0","","4.0","1330.0","9","N","N","N","0","","0","0","1","","0","N","","1","0","0","0","0","0","0","2","0","1","","","","N","","","","","","","","","",""
"2020097130","","1","0","0","0","0","0","0","0","0","1","0","","67","11","2020","3","40.060163","-75.191048","1405","6","0","0","0","0","0","0","0","0","","0","0","0","","","1","","2","","40 03:36.586","","0","75 11:27.771","3","0","0","0","67301","0","0","0","N","0","0","0","2","67301","0","","1.0","","1","N","N","N","0","","1","0","1","","1","","","2","1","0","0","0","0","1","2","0","2","","03","","N","","","","","","","","","",""