"CRN","ARRIVAL_TM","AUTOMOBILE_COUNT","BELTED_DEATH_COUNT","BELTED_SUSP_SERIOUS_INJ_COUNT","BICYCLE_COUNT","BICYCLE_DEATH_COUNT","BICYCLE_SUSP_SERIOUS_INJ_COUNT","BUS_COUNT","CHLDPAS_DEATH_COUNT","CHLDPAS_SUSP_SERIOUS_INJ_COUNT","COLLISION_TYPE","COMM_VEH_COUNT","CONS_ZONE_SPD_LIM","COUNTY","CRASH_MONTH","CRASH_YEAR","DAY_OF_WEEK","DEC_LATITUDE","DEC_LONGITUDE","DISPATCH_TM","DISTRICT","DRIVER_COUNT_16YR","DRIVER_COUNT_17YR","DRIVER_COUNT_18YR","DRIVER_COUNT_19YR","DRIVER_COUNT_20YR","DRIVER_COUNT_50_64YR","DRIVER_COUNT_65_74YR","DRIVER_COUNT_75PLUS","EST_HRS_CLOSED","FATAL_COUNT","HEAVY_TRUCK_COUNT","HORSE_BUGGY_COUNT","HOUR_OF_DAY","ILLUMINATION","INJURY_COUNT","INTERSECTION_RELATED","INTERSECT_TYPE","LANE_CLOSED","LATITUDE","LN_CLOSE_DIR","LOCATION_TYPE","LONGITUDE","MAX_SEVERITY_LEVEL","MCYCLE_DEATH_COUNT","MCYCLE_SUSP_SERIOUS_INJ_COUNT","MOTORCYCLE_COUNT","MUNICIPALITY","NONMOTR_COUNT","NONMOTR_DEATH_COUNT","NONMOTR_SUSP_SERIOUS_INJ_COUNT","NTFY_HIWY_MAINT","PED_COUNT","PED_DEATH_COUNT","PED_SUSP_SERIOUS_INJ_COUNT","PERSON_COUNT","POLICE_AGCY","POSSIBLE_INJ_COUNT","RDWY_SURF_TYPE_CD","RELATION_TO_ROAD","ROADWAY_CLEARED","ROAD_CONDITION","SCH_BUS_IND","SCH_ZONE_IND","SECONDARY_CRASH","SMALL_TRUCK_COUNT","SPEC_JURIS_CD","SUSP_MINOR_INJ_COUNT","SUSP_SERIOUS_INJ_COUNT","SUV_COUNT","TCD_FUNC_CD","TCD_TYPE","TFC_DETOUR_IND","TIME_OF_DAY","TOTAL_UNITS","TOT_INJ_COUNT","UNBELTED_OCC_COUNT","UNB_DEATH_COUNT","UNB_SUSP_SERIOUS_INJ_COUNT","UNK_INJ_DEG_COUNT","UNK_INJ_PER_COUNT","URBAN_RURAL","VAN_COUNT","VEHICLE_COUNT","WEATHER1","WEATHER2","WORKERS_PRES","WORK_ZONE_IND","WORK_ZONE_LOC","WORK_ZONE_TYPE","WZ_CLOSE_DETOUR","WZ_FLAGGER","WZ_LAW_OFFCR_IND","WZ_LN_CLOSURE","WZ_MOVING","WZ_OTHER","WZ_SHLDER_MDN","WZ_WORKERS_INJ_KILLED"
"2020083254","","1","0","0","0","0","0","0","0","0","7","0","","67","9","2020","1","39.947746","-75.187427","0615","6","0","0","0","0","0","0","0","0","","0","0","0","","","0","N","0","","39 56:51.884","3","0","75 11:14.738","0","0","0","0","67301","0","0","0","N","0","0","0","2","68K01","0","","2.0","654.0","9","N","N","N","0","","0","0","0","","0","N","","2","0","0","0","0","0","0","2","0","1","","","","N","","","","","","","","","",""
"2020092341","","2","0","0","0","0","0","0","0","0","4","0","","67","11","2020","2","40.065916","-75.159296","0808","6","0","0","0","0","0","0","0","0","","0","0","0","","","1","","1","","40 03:57.297","","0","75 09:33.465","8","0","0","0","67301","0","0","0","N","0","0","0","2","67301","0","","1.0","","1","N","N","N","0","","0","0","0","","2","","","2","1","0","0","0","1","1","2","0","2","","03","","N","","","","","","","","","",""
"2020095938","","1","0","0","0","0","0","0","0","0","1","0","","67","11","2020","4","40.008733","-75.122435","2007","6","0","0","0","0","0","0","0","0","","0","0","0","","","1","N","0","","40 00:31.438","5","0","75 07:20.766","4","0","0","0","67301","0","0","0","N","0","0","0","3","67301","1","","3.0","2200.0","1","N","N","N","0","","0","0","2","","0","N","","3","1","0","0","0","0","0","2","0","3","","03","","N","","","","","","","","","",""
"2020101362","","2","0","0","0","0","0","0","0","0","2","0","","67","11","2020","7","39.972204","-75.159358","2300","6","0","1","0","0","0","0","0","0","","0","0","0","","","2","N","0","","39 58:19.935","5","0","75 09:33.688","3","0","0","0","67301","0","0","0","N","0","0","0","3","67301","0","","1.0","45.0","1","N","N","N","0","","2","0","0","","0","Y","","2","2","0","0","0","0","0","2","0","2","","03","","N","","","","","","","","","",""
"2020076816","","2","0","0","0","0","0","0","0","0","5","0","","67","9","2020","7","39.981183","-75.159064","0433","6","0","0","0","0","0","0","0","0","","0","0","0","","","1","N","0","","39 58:52.260","","0","75 09:32.630","4","0","0","0","67301","0","0","0","N","0","0","0","2","67505","1","","6.0","","1","N","N","N","0","","0","0","0","","0","","","2","1","0","0","0","0","0","2","0","2","","","","N","","","","","","","","","",""
"2020071784","","2","0","0","0","0","0","0","0","0","4","0","","67","8","2020","4","39.964226","-75.190151","2246","6","0","0","0","0","0","1","0","0","","0","0","0","","","4","","1","","39 57:51.213","1","0","75 11:24.542","3","0","0","0","67301","0","0","0","N","0","0","0","4","67301","0","","1.0","2320.0","1","N","N","N","0","","2","0","2","","2","Y","","4","4","0","0","0","2","0","2","0","4","","03","","N","","","","","","","","","",""
"2020099984","","1","0","0","1","0","0","0","0","0","8","0","","67","11","2020","3","39.951191","-75.232791","0830","6","0","0","0","0","0","0","0","0","","0","0","0","","","1","","1","","39 57:04.287","","0","75 13:58.047","3","0","0","0","67301","1","0","0","N","0","0","0","2","67301","0","","1.0","","99","N","N","N","0","","1","0","0","","2","","","2","1","0","0","0","0","1","2","0","1","","98","","N","","","","","","","","","",""
"2020094646","","1","0","0","0","0","0","0","0","0","4","0","","67","11","2020","6","40.041412","-75.120105","1247","6","0","0","0","0","0","0","0","0","","0","0","0","","","2","","1","","40 02:29.083","","0","75 07:12.377","3","0","0","0","67301","0","0","0","N","0","0","0","4","67301","0","","1.0","","1","N","N","N","0","","2","0","1","","2","","","2","2","0","0","0","0","1","2","0","2","","03","","N","","","","","","","","","",""
"2020092753","","3","0","0","0","0","0","0","0","0","4","0","","67","11","2020","2","40.012806","-75.142312","0201","6","0","0","0","0","0","0","0","0","","0","0","0","","","0","","2","","40 00:46.101","6","0","75 08:32.323","0","0","0","0","67301","0","0","0","N","0","0","0","1","67301","0","","1.0","310.0","1","N","N","N","0","","0","0","1","","3","Y","","4","0","1","0","0","0","0","2","0","4","","","","N","","","","","","","","","",""
"2020082024","","1","0","0","0","0","0","0","0","0","8","0","","67","9","2020","1","40.041147","-75.035058","1744","6","0","0","0","0","0","0","0","0","","0","0","0","","","1","N","0","","40 02:28.130","","0","75 02:06.210","3","0","0","0","67301","1","0","0","N","1","0","0","2","67301","0","","1.0","","1","N","N","N","0","","1","0","0","","0","","","2","1","1","0","0","0","0","2","0","1","","03","","N","","","","","","","","","",""
"2020069019","","2","0","0","0","0","0","0","0","0","5","0","","67","8","2020","3","40.036472","-75.087389","0320","6","0","0","0","0","0","0","0","0","","0","0","0","","","0","N","0","","40 02:11.300","","0","75 05:14.600","0","0","0","0","67301","0","0","0","N","0","0","0","1","67301","0","","6.0","","1","N","N","N","0","","0","0","0","","0","","","3","0","0","0","0","0","0","2","1","3","","03","","N","","","","","","","","","",""
"2020096062","","2","0","0","0","0","0","0","0","0","4","0","","67","11","2020","1","39.998423","-75.140854","0514","6","0","0","0","0","0","0","0","0","","0","0","0","","","1","","1","","39 59:54.322","","0","75 08:27.074","3","0","0","0","67301","0","0","0","N","0","0","0","2","67301","0","","1.0","","1","N","N","N","0","","1","0","1","","2","","","3","1","1","0","0","0","0","2","0","3","","03","","N","","","","","","","","","",""
"2020080073","","2","0","0","0","0","0","0","0","0","4","0","","67","9","2020","1","39.996838","-75.15383","0329","6","0","0","0","0","0","0","0","0","","0","0","0","","","1","","1","","39 59:48.618","","0","75 09:13.788","4","0","0","0","67301","0","0","0","N","0","0","0","2","67301","1","","1.0","","9","N","N","N","0","","0","0","0","","2","","","2","1","0","0","0","0","0","2","0","2","","","","N","","","","","","","","","",""
"2020097745","","1","0","0","0","0","0","0","0","0","7","0","","67","11","2020","6","39.970451","-75.124698","2153","6","0","0","0","0","0","0","0","0","","0","0","0","","","1","N","0","","39 58:13.625","1","0","75 07:28.913","3","0","0","0","67301","0","0","0","N","0","0","0","1","68K01","0","","4.0","2235.0","1","N","Y","N","0","","1","0","0","","0","N","","1","1","0","0","0","0","0","2","0","1","","","","N","","","","","","","","","",""
"2020093642","","2","0","0","0","0","0","0","0","0","1","0","","67","11","2020","4","39.98196","-75.174307","1440","6","0","0","0","1","0","0","1","0","","0","0","0","","","1","N","0","","39 58:55.055","","0","75 10:27.504","3","0","0","0","67301","0","0","0","N","0","0","0","3","67301","0","","1.0","","1","N","N","N","0","","1","0","0","","0","","","2","1","0","0","0","0","0","2","0","2","","03","","N","","","","","","","","","",""
"2020105071","","1","0","0","0","0","0","0","0","0","7","0","","67","12","2020","5","39.952312","-75.141475","2134","6","0","0","0","0","0","0","0","0","","0","0","0","","","0","N","0","","39 57:08.324","","0","75 08:29.309","0","0","0","0","67301","0","0","0","N","0","0","0","1","68K01","0","","2.0","","1","N","N","N","0","","0","0","0","","0","","","1","0","0","0","0","0","0","2","0","1","","","","N","","","","","","","","","",""
"2020101822","","1","0","0","0","0","0","0","0","0","1","0","","67","11","2020","4","39.897232","-75.238134","1530","6","0","0","0","0","0","0","0","0","","0","0","0","","","1","N","0","","39 53:50.036","","0","75 14:17.283","4","0","0","0","67301","0","0","0","N","0","0","0","2","67301","1","","1.0","","1","N","N","N","0","","0","0","1","","0","","","2","1","0","0","0","0","0","2","0","2","","","","N","","","","","","","","","",""
"2020097805","","1","0","0","0","0","0","0","0","0","8","0","","67","11","2020","5","39.992371","-75.142024","1715","6","0","0","0","0","0","0","0","0","","0","0","0","","","1","N","0","","39 59:32.537","","0","75 08:31.286","3","0","0","0","67301","1","0","0","N","1","0","0","2","67301","0","","1.0","","9","N","N","N","0","","1","0","0","","2","","","2","1","0","0","0","0","0","2","0","1","","04","","N","","","","","","","","","",""
"2020098357","","0","0","0","0","0","0","0","0","0","8","0","","67","11","2020","3","39.936359","-75.158418","0908","6","0","0","0","0","0","0","0","0","","0","0","0","","","1","","1","","39 56:10.892","","0","75 09:30.304","3","0","0","0","67301","1","0","0","N","1","0","0","2","67301","0","","9.0","","1","N","N","N","0","","1","0","1","","2","","","2","1","0","0","0","0","1","2","0","1","","03","","N","","","","","","","","","",""
"2020101718","","1","0","0","0","0","0","0","0","0","7","0","","67","11","2020","1","39.901648","-75.152062","0758","6","0","0","0","0","0","0","0","0","","0","0","0","","","0","N","0","","39 54:05.934","2","0","75 09:07.422","0","0","0","0","67301","0","0","0","N","0","0","0","1","68K01","0","","2.0","830.0","1","N","N","N","0","","0","0","0","","0","N","","1","0","0","0","0","0","0","2","0","1","","04","","N","","","","","","","","","",""
"2020078456","","1","0","0","0","0","0","0","0","0","7","0","","67","9","2020","7","39.930861","-75.199194","2223","6","0","0","0","0","0","0","0","0","","0","0","0","","","0","","3","","39 55:51.100","","0","75 11:57.100","0","0","0","0","67301","0","0","0","N","0","0","0","2","68K01","0","","4.0","","1","N","N","N","0","","0","0","0","","0","","","1","0","0","0","0","0","0","2","0","1","","","","N","","","","","","","","","",""
"2020103647","","1","0","0","0","0","0","0","0","0","7","0","","67","11","2020","4","39.959908","-75.180541","0415","6","0","0","0","0","0","0","0","0","","0","0","0","","","1","N","0","","39 57:35.668","3","2","75 10:49.949","3","0","0","0","67301","0","0","0","N","0","0","0","1","68K01","0","","4.0","500.0","1","N","N","N","0","","1","0","0","","0","N","","1","1","1","0","0","0","0","2","0","1","","","","N","","","","","","","","","",""
"2020094519","","0","0","0","0","0","0","0","0","0","7","0","","67","11","2020","5","39.930972","-75.144205","1740","6","0","0","0","0","0","0","0","0","","0","0","0","","","0","","3","","39 55:51.498","","2","75 08:39.139","0","0","0","0","67301","0","0","0","N","0","0","0","2","67301","0","","4.0","","1","N","N","N","0","","0","0","0","","0","","","1","0","0","0","0","0","0","2","1","1","","04","","N","","","","","","","","","",""
"2020106224","","3","0","0","0","0","0","0","0","0","4","0","","67","11","2020","3","39.958548","-75.175678","1645","6","0","0","0","0","0","1","1","0","","0","0","0","","","1","","2","","39 57:30.774","1","0","75 10:32.441","3","0","0","0","67301","0","0","0","N","0","0","0","7","68K01","0","","1.0","1715.0","1","N","N","N","0","","1","0","2","","0","N","","5","1","5","0","0","0","2","2","0","5","","03","","N","","","","","","","","","",""
"2020104605","","1","0","0","0","0","0","0","0","0","1","0","","67","11","2020","7","40.049494","-74.995957","1831","6","0","0","0","0","0","1","0","0","","0","0","0","","","1","N","0","","40 02:58.180","","0","74 59:45.444","4","0","0","0","67301","0","0","0","N","0","0","0","3","68K01","1","","1.0","","1","N","N","N","1","","0","0","0","","0","","","2","1","0","0","0","0","0","2","0","2","","03","","N","","","","","","","","","",""
"2020095607","","2","0","0","0","0","0","0","0","0","4","0","","67","11","2020","2","40.00713","-75.094069","0220","6","0","0","0","0","0","0","0","0","","0","0","0","","","0","","1","","40 00:25.667","","1","75 05:38.650","0","0","0","0","67301","0","0","0","N","0","0","0","2","67301","0","","1.0","","1","N","N","N","0","","0","0","0","","2","","","2","0","0","0","0","0","0","2","0","2","","03","","N","","","","","","","","","",""
"2020098477","","1","0","0","0","0","0","0","0","0","5","0","35","67","11","2020","3","40.003375","-75.1945","1419","6","0","0","0","0","0","0","0","0","","0","0","0","","","0","N","7","","40 00:12.150","","2","75 11:40.199","0","0","0","0","67301","0","0","0","N","0","0","0","3","67501","0","","1.0","","1","N","N","N","0","","0","0","1","","0","","","2","0","0","0","0","0","0","2","0","2","","03","Y","Y","4","1","","","N","","","","Y","N"
"2020098005","","1","0","0","0","0","0","0","0","0","5","0","","67","11","2020","5","40.039926","-75.046352","2204","6","0","0","0","0","0","0","0","0","","0","0","0","","","0","N","0","","40 02:23.735","4","0","75 02:46.868","0","0","0","0","67301","0","0","0","N","0","0","0","2","67301","0","","1.0","2310.0","1","N","N","N","0","","0","0","0","","0","N","","2","0","0","0","0","0","0","2","0","2","","03","","N","","","","","","","","","",""
"2020080062","","1","0","0","0","0","0","0","0","0","8","0","","67","9","2020","7","40.063019","-75.141178","1524","6","0","0","0","0","0","0","0","0","","0","0","0","","","1","","2","","40 03:46.868","","0","75 08:28.240","3","0","0","0","67301","1","0","0","N","1","0","0","2","67301","0","","1.0","","1","N","N","N","0","","1","0","0","","3","","","2","1","0","0","0","0","0","2","0","1","","03","","N","","","","","","","","","",""
"2020101475","","0","0","1","0","0","0","0","0","0","7","0","","67","11","2020","4","39.998197","-75.1586","1152","6","0","0","0","0","0","0","0","0","","0","0","0","","","2","N","0","","39 59:53.510","5","0","75 09:30.960","2","0","0","0","67301","0","0","0","N","0","0","0","2","67301","0","","4.0","300.0","1","N","N","N","0","","0","2","1","","0","Y","","1","2","0","0","0","0","0","2","0","1","","03","","N","","","","","","","","","",""
"2020100802","","3","0","0","0","0","0","0","0","0","5","0","","67","11","2020","1","40.010809","-75.097966","0541","6","0","0","0","0","0","0","0","0","","0","0","0","","","0","N","0","","40 00:38.914","","0","75 05:52.678","0","0","0","0","67301","0","0","0","N","0","0","0","1","67301","0","","1.0","","1","N","N","N","0","","0","0","0","","0","","","3","0","0","0","0","0","0","2","0","3","","03","","N","","","","","","","","","",""
"2020076446","","1","0","0","0","0","0","0","0","0","4","0","","67","9","2020","4","40.032724","-75.072201","0312","6","0","0","0","0","0","0","0","0","","0","0","0","","","1","","1","","40 01:57.808","","0","75 04:19.924","8","0","0","0","67301","0","0","0","N","0","0","0","2","67301","0","","1.0","","1","N","N","N","0","","0","0","1","","2","","","2","1","0","0","0","1","0","2","0","2","","03","","N","","","","","","","","","",""
"2020069430","","1","0","0","0","0","0","0","0","0","4","0","","67","8","2020","7","39.957796","-75.160214","0314","6","0","0","0","0","0","0","0","0","","0","0","0","","","1","","1","","39 57:28.064","","3","75 09:36.770","3","0","0","0","67301","0","0","0","N","0","0","0","2","67301","0","","1.0","","1","N","N","N","0","","1","0","1","","2","","","3","1","0","0","0","0","0","2","1","3","","","","N","","","","","","","","","",""
"2020094735","","1","0","0","1","0","0","0","0","0","8","0","","67","11","2020","7","39.936905","-75.150225","0926","6","0","0","0","1","0","0","0","0","","0","0","0","","","1","","1","","39 56:12.857","","0","75 09:00.810","3","0","0","0","67301","1","0","0","N","0","0","0","2","67301","0","","1.0","","1","N","N","N","0","","1","0","0","","3","","","2","1","0","0","0","0","0","2","0","1","","03","","N","","","","","","","","","",""
"2020096601","","1","0","0","0","0","0","0","0","0","4","0","","67","11","2020","7","39.987021","-75.174392","1030","6","0","0","0","0","0","1","0","0","","0","0","0","","","3","","1","","39 59:13.275","7","0","75 10:27.811","8","0","0","0","67301","0","0","0","N","0","0","0","5","67301","0","","1.0","1312.0","1","N","N","N","1","","0","0","1","","2","N","","3","3","0","0","0","3","1","2","0","3","","","","N","","","","","","","","","",""
"2020097912","","1","0","0","0","0","0","0","0","0","4","0","","67","11","2020","1","40.046784","-75.070288","2322","6","0","0","0","0","0","0","0","0","","0","0","0","","","1","","1","","40 02:48.424","","0","75 04:13.037","2","0","0","0","67301","0","0","0","N","0","0","0","2","67301","0","","4.0","","9","N","N","Y","0","","0","1","1","","2","","","2","1","0","0","0","0","1","2","0","2","","","","N","","","","","","","","","",""
"2020094295","","0","0","0","0","0","0","0","0","0","7","0","","67","11","2020","5","39.971446","-75.159371","2117","6","0","0","0","0","0","0","0","0","","0","0","0","","","1","","1","","39 58:17.205","","0","75 09:33.736","3","0","0","0","67301","0","0","0","N","0","0","0","1","67301","0","","5.0","","1","N","N","N","0","","1","0","0","","2","","","1","1","0","0","0","0","0","2","1","1","","03","","N","","","","","","","","","",""
"2020097937","","1","0","0","0","0","0","0","0","0","4","0","","67","11","2020","2","39.974608","-75.15977","1227","6","0","0","0","0","0","0","0","0","","0","0","0","","","2","","1","","39 58:28.588","","0","75 09:35.171","3","0","0","0","67301","0","0","0","N","0","0","0","6","67505","0","","1.0","","1","N","N","N","0","","2","0","1","","3","","","2","2","0","0","0","0","2","2","0","2","","03","","N","","","","","","","","","",""
"2020101353","","1","0","0","0","0","0","0","0","0","8","0","","67","11","2020","3","40.046496","-75.09008","1746","6","0","0","0","0","0","0","0","0","","0","0","0","","","1","","1","","40 02:47.384","","0","75 05:24.289","8","0","0","0","67301","1","0","0","N","1","0","0","2","67301","0","","1.0","","1","N","N","N","0","","0","0","0","","0","","","2","1","0","0","0","1","0","2","0","1","","03","","N","","","","","","","","","",""
"2020069932","","1","0","0","0","0","0","0","0","0","6","0","","67","8","2020","5","39.927906","-75.230333","0744","6","0","0","0","0","0","0","0","0","","0","0","0","","","1","N","0","","39 55:40.460","5","0","75 13:49.200","3","0","0","0","67301","0","0","0","N","0","0","0","2","67301","0","","6.0","845.0","1","N","N","N","0","","1","0","2","","0","Y","","3","1","2","0","0","0","0","2","0","3","","03","","N","","","","","","","","","",""
"2020101359","","1","0","0","1","0","0","0","0","0","8","0","","67","11","2020","1","39.967303","-75.173128","1538","6","0","0","0","0","0","0","0","0","","0","0","0","","","1","N","0","","39 58:02.290","","0","75 10:23.260","3","0","0","0","67301","1","0","0","N","0","0","0","2","67301","0","","6.0","","1","N","N","N","0","","1","0","0","","0","","","2","1","0","0","0","0","0","2","0","1","","","","N","","","","","","","","","",""
"2020094822","","2","0","0","0","0","0","0","0","0","4","0","","67","11","2020","7","40.077224","-74.974118","1555","6","0","0","0","0","0","0","0","0","","0","0","0","","","0","","2","","40 04:38.006","","0","74 58:26.824","0","0","0","0","67301","0","0","0","N","0","0","0","2","67301","0","","1.0","","1","N","N","N","0","","0","0","0","","0","","","2","0","0","0","0","0","0","2","0","2","","03","","N","","","","","","","","","",""
"2020097131","","1","0","0","0","0","0","0","0","0","4","0","","67","11","2020","4","40.061286","-75.172063","2042","6","0","0","0","0","0","1","0","0","","0","0","0","","","3","","1","","40 03:40.629","","0","75 10:19.427","3","0","0","0","67301","0","0","0","N","0","0","0","4","67301","0","","1.0","","9","N","N","N","0","","3","0","1","","3","","","2","3","0","0","0","0","0","2","0","2","","","","N","","","","","","","","","",""
"2020079689","","2","0","0","0","0","0","0","0","0","5","0","","67","9","2020","6","39.979939","-75.243608","2110","6","0","0","0","0","0","0","0","0","","0","0","0","","","0","N","0","","39 58:47.780","","0","75 14:36.990","0","0","0","0","67301","0","0","0","N","0","0","0","1","67301","0","","6.0","","1","N","N","N","0","","0","0","0","","0","","","2","0","0","0","0","0","0","2","0","2","","","","N","","","","","","","","","",""
"2020069940","","1","0","0","1","0","0","0","0","0","8","0","","67","8","2020","6","39.925119","-75.236044","1727","6","0","0","0","0","0","0","0","0","","0","0","0","","","1","","2","","39 55:30.428","","0","75 14:09.758","3","0","0","0","67301","1","0","0","N","0","0","0","2","67301","0","","1.0","","98","N","N","N","0","","1","0","0","","3","","","2","1","0","0","0","0","0","2","0","1","","03","","N","","","","","","","","","",""
"2020109365","","1","0","0","0","0","0","0","0","0","1","0","55","67","12","2020","4","39.89871","-75.171521","1742","6","0","0","0","0","0","1","0","0","","0","0","0","","","1","N","6","","39 53:55.357","1","8","75 10:17.474","3","0","0","0","67301","0","0","0","N","0","0","0","3","68K01","0","","1.0","20.0","1","N","N","N","0","","1","0","2","","8","N","","3","1","0","0","0","0","0","2","0","3","","","N","Y","4","1","","","N","Y","","","","N"
"2020101619","","1","0","0","0","0","0","0","0","0","4","0","","67","11","2020","4","40.008973","-75.136501","2302","6","0","0","0","0","0","0","0","0","","0","0","0","","","0","","1","","40 00:32.302","1","0","75 08:11.403","0","0","0","0","67301","0","0","0","N","0","0","0","2","67301","0","","1.0","100.0","1","N","N","N","0","","0","0","2","","3","N","","3","0","0","0","0","0","0","2","0","3","","","","N","","","","","","","","","",""
"2020099667","","3","0","0","0","0","0","0","0","0","1","0","","67","11","2020","6","39.926675","-75.236964","0153","6","0","0","0","0","0","0","0","0","","0","0","0","","","0","N","0","","39 55:36.030","","0","75 14:13.070","9","0","0","0","67301","0","0","0","N","0","0","0","1","67301","0","","6.0","","1","N","N","N","0","","0","0","1","","0","","","4","0","0","0","0","0","1","2","0","4","","03","","N","","","","","","","","","",""
"2020099873","","2","0","0","0","0","0","0","0","0","4","0","","67","11","2020","2","39.957208","-75.227482","0034","6","0","0","0","0","0","0","0","0","","0","0","0","","","0","","1","","39 57:25.949","","0","75 13:38.934","9","0","0","0","67301","0","0","0","Y","0","0","0","2","67301","0","","1.0","","1","N","N","N","0","","0","0","1","","2","","","3","0","0","0","0","0","1","2","0","3","","03","","N","","","","","","","","","",""
"2020083018","","1","0","0","0","0","0","0","0","0","1","0","","67","10","2020","7","40.012866","-75.071814","1118","6","0","0","0","0","0","0","0","0","","0","0","0","","","2","","1","","40 00:46.319","","0","75 04:18.532","4","0","0","0","67301","0","0","0","N","0","0","0","3","67301","2","","1.0","","1","N","N","N","0","","0","0","1","","3","","","2","2","0","0","0","0","1","2","0","2","","","","N","","","","","","","","","",""
"2020100250","","0","0","0","0","0","0","0","0","0","8","0","","67","11","2020","7","40.0455","-75.164866","2338","6","0","0","0","0","0","0","0","0","","0","0","0","","","1","","1","","40 02:43.799","","0","75 09:53.518","3","0","0","0","67301","1","0","0","N","1","0","0","2","67301","0","","1.0","","1","N","N","N","0","","1","0","0","","2","","","2","1","0","0","0","0","1","2","0","1","","","","N","","","","","","","","","",""
"2020094117","","2","0","0","0","0","0","0","0","0","4","0","","67","11","2020","5","40.021489","-75.139822","2154","6","0","0","0","0","0","0","0","0","","0","0","0","","","4","","1","","40 01:17.360","7","0","75 08:23.360","2","0","0","0","67301","0","0","0","N","0","0","0","4","67301","0","","1.0","30.0","99","N","N","N","0","","2","1","0","","2","Y","","2","4","1","0","1","1","0","2","0","2","","","","N","","","","","","","","","",""
"2020095609","","0","0","0","0","0","0","0","0","0","8","0","","67","11","2020","1","39.974179","-75.117678","1624","6","0","0","0","0","0","0","0","0","","0","0","0","","","1","N","0","","39 58:27.046","","0","75 07:03.639","2","0","0","0","67301","1","0","1","N","1","0","1","2","67301","0","","1.0","","1","N","N","N","0","","0","1","1","0","0","","","2","1","0","0","0","0","0","2","0","1","","03","","N","","","","","","","","","",""
"2020096016","","1","0","0","0","0","0","0","0","0","4","0","","67","11","2020","3","39.983802","-75.149695","1307","6","0","0","0","0","0","1","0","1","","0","0","0","","","1","","1","","39 59:01.687","3","0","75 08:58.902","4","0","0","0","67301","0","0","0","N","0","0","0","2","67505","1","","1.0","1415.0","1","N","N","N","0","","0","0","1","3","3","Y","","2","1","0","0","0","0","0","2","0","2","","03","","N","","","","","","","","","",""
"2020100252","","1","0","0","0","0","0","0","0","0","4","0","","67","11","2020","6","39.990806","-75.148189","1758","6","0","0","0","0","0","0","0","0","","0","0","0","","","1","N","0","","39 59:26.900","","0","75 08:53.480","3","0","0","0","67301","0","0","0","N","0","0","0","3","67301","0","","1.0","","1","N","N","N","0","","1","0","1","0","0","","","2","1","0","0","0","0","0","2","0","2","","03","","N","","","","","","","","","",""
"2020079644","","2","0","0","0","0","0","0","0","0","1","0","","67","9","2020","6","39.969397","-75.184967","1557","6","0","0","0","0","0","0","0","0","","0","0","0","","","1","","1","","39 58:09.830","","0","75 11:05.880","3","0","0","0","67301","0","0","0","N","0","0","0","3","67301","0","","1.0","","1","N","N","N","0","","1","0","0","9","2","","","2","1","1","0","0","0","0","2","0","2","","03","","N","","","","","","","","","",""
"2020092378","","2","0","0","0","0","0","0","0","0","4","0","","67","11","2020","1","40.027544","-75.146423","1920","6","0","0","0","0","0","0","0","0","","0","0","0","","","1","","1","","40 01:39.158","","0","75 08:47.122","3","0","0","0","67301","0","0","0","N","0","0","0","3","67301","0","","1.0","","9","N","N","N","0","","1","0","0","3","2","","","2","1","0","0","0","0","1","2","0","2","","07","","N","","","","","","","","","",""
"2020097132","","0","0","0","0","0","0","0","0","0","6","0","","67","11","2020","4","40.059538","-75.165456","0748","6","0","0","0","0","0","0","0","0","","0","0","0","","","0","","1","","40 03:34.337","","0","75 09:55.640","0","0","0","0","67301","0","0","0","N","0","0","0","2","67301","0","","1.0","","9","N","N","N","0","","0","0","2","0","0","","","2","0","1","0","0","0","0","2","0","2","","07","","N","","","","","","","","","",""
"2020077118","","0","0","0","1","0","0","0","0","0","8","0","","67","9","2020","7","40.043336","-75.167025","0830","6","0","0","0","0","0","0","0","0","","0","0","0","","","1","N","0","","40 02:36.010","","0","75 10:01.290","4","0","0","0","67301","1","0","0","N","0","0","0","2","67301","1","","1.0","","1","N","N","N","0","","0","0","1","0","0","","","3","1","0","0","0","0","1","2","0","2","","03","","N","","","","","","","","","",""
"2020076962","","0","0","0","0","0","0","0","0","0","4","0","","67","9","2020","3","39.918225","-75.208762","1151","6","0","0","0","0","0","1","0","0","","0","0","0","","","1","","2","","39 55:05.610","","0","75 12:31.544","3","0","0","0","67301","0","0","0","N","0","0","0","3","67301","0","","1.0","","1","N","N","N","0","","1","0","2","3","2","","","2","1","0","0","0","0","1","2","0","2","","03","","N","","","","","","","","","",""
"2020095070","","1","0","0","0","0","0","0","0","0","5","0","","67","11","2020","1","40.048528","-75.159611","1918","6","0","0","0","0","0","0","0","0","","0","0","0","","","1","N","0","","40 02:54.700","","0","75 09:34.600","2","0","0","0","67301","0","0","0","N","0","0","0","1","67301","0","","6.0","","1","N","N","Y","0","","0","1","3","0","0","","","4","1","0","0","0","0","0","2","0","4","","03","","N","","","","","","","","","",""
"2020098743","","2","0","0","0","0","0","0","0","0","4","0","","67","11","2020","5","40.049775","-75.011213","1205","6","0","0","0","0","0","0","0","1","","0","0","0","","","1","N","0","","40 02:59.191","","7","75 00:40.366","8","0","0","0","67301","0","0","0","N","0","0","0","3","67301","0","","1.0","","98","N","N","N","0","","0","0","0","0","0","","","2","1","0","0","0","1","0","2","0","2","","","","N","","","","","","","","","",""