"CRN","ARRIVAL_TM","AUTOMOBILE_COUNT","BELTED_DEATH_COUNT","BELTED_SUSP_SERIOUS_INJ_COUNT","BICYCLE_COUNT","BICYCLE_DEATH_COUNT","BICYCLE_SUSP_SERIOUS_INJ_COUNT","BUS_COUNT","CHLDPAS_DEATH_COUNT","CHLDPAS_SUSP_SERIOUS_INJ_COUNT","COLLISION_TYPE","COMM_VEH_COUNT","CONS_ZONE_SPD_LIM","COUNTY","CRASH_MONTH","CRASH_YEAR","DAY_OF_WEEK","DEC_LATITUDE","DEC_LONGITUDE","DISPATCH_TM","DISTRICT","DRIVER_COUNT_16YR","DRIVER_COUNT_17YR","DRIVER_COUNT_18YR","DRIVER_COUNT_19YR","DRIVER_COUNT_20YR","DRIVER_COUNT_50_64YR","DRIVER_COUNT_65_74YR","DRIVER_COUNT_75PLUS","EST_HRS_CLOSED","FATAL_COUNT","HEAVY_TRUCK_COUNT","HORSE_BUGGY_COUNT","HOUR_OF_DAY","ILLUMINATION","INJURY_COUNT","INTERSECTION_RELATED","INTERSECT_TYPE","LANE_CLOSED","LATITUDE","LN_CLOSE_DIR","LOCATION_TYPE","LONGITUDE","MAX_SEVERITY_LEVEL","MCYCLE_DEATH_COUNT","MCYCLE_SUSP_SERIOUS_INJ_COUNT","MOTORCYCLE_COUNT","MUNICIPALITY","NONMOTR_COUNT","NONMOTR_DEATH_COUNT","NONMOTR_SUSP_SERIOUS_INJ_COUNT","NTFY_HIWY_MAINT","PED_COUNT","PED_DEATH_COUNT","PED_SUSP_SERIOUS_INJ_COUNT","PERSON_COUNT","POLICE_AGCY","POSSIBLE_INJ_COUNT","RDWY_SURF_TYPE_CD","RELATION_TO_ROAD","ROADWAY_CLEARED","ROAD_CONDITION","SCH_BUS_IND","SCH_ZONE_IND","SECONDARY_CRASH","SMALL_TRUCK_COUNT","SPEC_JURIS_CD","SUSP_MINOR_INJ_COUNT","SUSP_SERIOUS_INJ_COUNT","SUV_COUNT","TCD_FUNC_CD","TCD_TYPE","TFC_DETOUR_IND","TIME_OF_DAY","TOTAL_UNITS","TOT_INJ_COUNT","UNBELTED_OCC_COUNT","UNB_DEATH_COUNT","UNB_SUSP_SERIOUS_INJ_COUNT","UNK_INJ_DEG_COUNT","UNK_INJ_PER_COUNT","URBAN_RURAL","VAN_COUNT","VEHICLE_COUNT","WEATHER1","WEATHER2","WORKERS_PRES","WORK_ZONE_IND","WORK_ZONE_LOC","WORK_ZONE_TYPE","WZ_CLOSE_DETOUR","WZ_FLAGGER","WZ_LAW_OFFCR_IND","WZ_LN_CLOSURE","WZ_MOVING","WZ_OTHER","WZ_SHLDER_MDN","WZ_WORKERS_INJ_KILLED"
"2020100251","","3","0","0","0","0","0","0","0","0","1","0","","67","11","2020","1","40.063808","-75.172901","0236","6","0","0","0","0","1","0","0","0","","0","0","0","","","0","","1","","40 03:49.709","","0","75 10:22.442","0","0","0","0","67301","0","0","0","N","0","0","0","3","67301","0","","1.0","","1","N","N","N","0","","0","0","0","3","2","","","3","0","0","0","0","0","0","2","0","3","","","","N","","","","","","","","","",""
"2020102859","","0","0","0","0","0","0","0","0","0","7","0","","67","11","2020","2","40.072188","-75.192938","0757","6","0","0","0","0","0","1","0","0","","0","0","0","","","0","N","0","","40 04:19.878","","0","75 11:34.577","0","0","0","0","67301","0","0","0","N","0","0","0","1","67301","0","","4.0","","9","N","N","N","0","","0","0","1","0","0","","","1","0","0","0","0","0","0","2","0","1","","04","","N","","","","","","","","","",""
"2020098807","","1","0","0","1","0","0","0","0","0","8","0","","67","11","2020","7","39.939172","-75.190903","1634","6","0","0","0","0","0","0","0","0","","0","0","0","","","1","N","0","","39 56:21.020","","0","75 11:27.250","4","0","0","0","67301","1","0","0","N","0","0","0","2","67301","1","","1.0","","99","N","N","N","0","","0","0","0","0","0","","","2","1","0","0","0","0","0","2","0","1","","03","","N","","","","","","","","","",""
"2020068650","","1","0","0","0","0","0","0","0","0","8","0","","67","8","2020","1","40.014573","-75.156653","1142","6","0","0","0","0","0","0","0","0","","0","0","0","","","1","","1","","40 00:52.463","1","0","75 09:23.952","3","0","0","0","67301","1","0","0","N","1","0","0","2","67301","0","","1.0","1215.0","1","N","N","N","0","","1","0","0","3","2","N","","2","1","0","0","0","0","0","2","0","1","","","","N","","","","","","","","","",""
"2020093915","","0","0","0","1","0","0","0","0","0","8","0","","67","11","2020","4","39.961408","-75.143281","0900","6","0","0","0","0","0","0","0","0","","0","0","0","","","1","","1","","39 57:41.068","","0","75 08:35.811","3","0","0","0","67301","1","0","0","N","0","0","0","2","67301","0","","1.0","","99","N","N","N","0","","1","0","0","3","3","","","2","1","0","0","0","0","1","2","1","1","","03","","N","","","","","","","","","",""
"2020093641","","2","0","0","0","0","0","0","0","0","4","0","","67","11","2020","4","39.984639","-75.182889","1120","6","0","0","0","0","0","0","0","0","","0","0","0","","","1","","3","","39 59:04.700","","0","75 10:58.400","8","0","0","0","67301","0","0","0","N","0","0","0","3","67301","0","","1.0","","1","N","N","N","0","","0","0","0","3","3","","","2","1","1","0","0","1","0","2","0","2","","03","","N","","","","","","","","","",""
"2020108942","","3","0","0","0","0","0","0","0","0","1","0","","67","11","2020","3","39.982618","-75.188382","0237","6","0","0","0","0","1","0","0","0","","0","0","0","","","1","","2","","39 58:57.424","","0","75 11:18.175","3","0","0","0","67301","0","0","0","N","0","0","0","3","67301","0","","1.0","","1","N","N","N","0","","1","0","0","3","2","","","3","1","2","0","0","0","0","2","0","3","","03","","N","","","","","","","","","",""
"2020099767","","1","0","0","0","0","0","0","0","0","7","0","","67","11","2020","5","39.949113","-75.141915","1425","6","0","0","0","1","0","0","0","0","","0","0","0","","","2","N","0","","39 56:56.807","2","0","75 08:30.895","8","0","0","0","67301","0","0","0","N","0","0","0","2","68K01","0","","4.0","1455.0","1","N","N","N","0","","0","0","0","3","8","N","","1","2","0","0","0","2","0","2","0","1","","","","N","","","","","","","","","",""
"2020102129","","1","0","0","0","0","0","0","0","0","4","0","","67","11","2020","4","39.956552","-75.231667","1518","6","0","0","0","0","0","0","0","0","","0","0","0","","","0","","1","","39 57:23.587","","0","75 13:54.001","9","0","0","0","67301","0","0","0","N","0","0","0","1","67301","0","","1.0","","1","N","N","N","0","","0","0","2","0","0","","","3","0","0","0","0","0","1","2","0","3","","","","N","","","","","","","","","",""
"2020098007","","0","0","0","0","0","0","0","0","0","8","0","","67","11","2020","2","39.988209","-75.155864","0851","6","0","0","0","0","0","0","0","0","","0","0","0","","","1","N","0","","39 59:17.552","","0","75 09:21.110","3","0","0","0","67301","1","0","0","N","1","0","0","2","67301","0","","1.0","","1","N","N","N","1","","1","0","0","0","0","","","2","1","0","0","0","0","0","2","0","1","","","","N","","","","","","","","","",""
"2020094823","","0","0","0","0","0","0","0","0","0","1","0","","67","11","2020","7","40.058378","-75.040076","1636","6","0","0","0","0","0","0","1","1","","0","0","0","","","1","Y","0","","40 03:30.160","","0","75 02:24.275","8","0","0","1","67301","0","0","0","N","0","0","0","2","67301","0","","1.0","","1","N","N","N","0","","0","0","0","3","2","","","2","1","0","0","0","1","0","2","1","2","","03","","N","","","","","","","","","",""
"2020099988","","2","0","0","0","0","0","0","0","0","4","0","","67","11","2020","6","","","1854","6","0","0","0","0","0","0","0","0","","0","0","0","","","0","N","0","","","","0","","9","0","0","0","67301","0","0","0","N","0","0","0","4","67301","0","","1.0","","1","N","N","N","0","","0","0","0","0","0","","","2","0","0","0","0","0","3","1","0","2","","03","","N","","","","","","","","","",""
"2020103083","","0","0","0","0","0","0","0","0","0","7","0","","67","11","2020","6","40.031569","-75.021521","0434","6","0","0","0","0","0","0","0","0","","0","0","0","","","0","N","0","","40 01:53.647","2","0","75 01:17.474","0","0","0","0","67301","0","0","0","N","0","0","0","1","68K01","0","","4.0","500.0","9","N","N","N","1","","0","0","0","0","0","N","","1","0","0","0","0","0","0","2","0","1","","","","N","","","","","","","","","",""
"2020097744","","2","0","0","0","0","0","0","0","0","1","0","45","67","11","2020","6","39.969759","-75.125731","1436","6","0","0","0","0","0","1","0","0","","0","0","0","","","0","N","0","","39 58:11.131","1","0","75 07:32.633","0","0","0","0","67301","0","0","0","N","0","0","0","4","68K01","0","","1.0","1500.0","1","N","N","N","0","","0","0","1","0","0","N","","3","0","0","0","0","0","0","2","0","3","","","N","Y","4","1","","","N","","","","Y","N"
"2020076650","","1","0","0","0","0","0","0","0","0","8","0","","67","9","2020","1","40.005384","-75.10906","0755","6","0","0","0","0","0","0","0","0","","0","0","0","","","1","N","0","","40 00:19.384","","0","75 06:32.616","8","0","0","0","67301","1","0","0","N","1","0","0","2","67301","0","","1.0","","1","N","N","N","0","","0","0","0","0","0","","","2","1","0","0","0","1","0","2","0","1","","03","","N","","","","","","","","","",""
"2020079172","","0","0","0","0","0","0","0","0","0","8","0","","67","9","2020","5","39.936764","-75.229713","1359","6","0","0","0","0","0","0","0","0","","0","0","0","","","1","","1","","39 56:12.350","","0","75 13:46.966","8","0","0","0","67301","1","0","0","N","1","0","0","2","67301","0","","1.0","","1","N","N","N","0","","0","0","1","3","2","","","2","1","1","0","0","1","0","2","0","1","","03","","N","","","","","","","","","",""
"2020076015","","1","0","0","0","0","0","0","0","0","1","0","","67","9","2020","3","39.96205","-75.241171","1327","6","0","0","0","1","0","0","0","0","","0","0","0","","","0","N","0","","39 57:43.379","","1","75 14:28.217","0","0","0","0","67301","0","0","0","N","0","0","0","3","67301","0","","1.0","","1","N","N","N","0","","0","0","1","0","0","","","3","0","0","0","0","0","0","2","1","3","","03","","N","","","","","","","","","",""
"2020097353","","2","0","0","0","0","0","0","0","0","4","0","","67","11","2020","6","39.953723","-75.23228","1234","6","0","0","0","0","0","0","0","0","","0","0","0","","","1","","1","","39 57:13.402","","0","75 13:56.207","3","0","0","0","67301","0","0","0","N","0","0","0","3","67301","0","","1.0","","1","N","N","N","0","","1","0","1","3","3","","","3","1","0","0","0","0","0","2","0","3","","03","","N","","","","","","","","","",""
"2020098745","","1","0","0","0","0","0","0","0","0","5","0","","67","11","2020","1","40.028389","-75.146306","0604","6","0","0","0","0","0","0","0","0","","0","0","0","","","0","N","0","","40 01:42.200","5","0","75 08:46.700","0","0","0","0","67301","0","0","0","N","0","0","0","1","67301","0","","6.0","710.0","9","N","N","N","0","","0","0","1","0","0","N","","2","0","0","0","0","0","0","2","0","2","","","","N","","","","","","","","","",""
"2020102131","","0","0","0","0","0","0","0","0","0","8","0","","67","11","2020","4","40.002753","-75.095432","1428","6","0","0","0","0","0","0","1","0","","0","0","0","","","2","N","0","","40 00:09.912","","0","75 05:43.555","3","0","0","0","67301","2","0","0","N","2","0","0","3","67301","0","","1.0","","1","N","N","N","0","","2","0","1","0","0","","","3","2","0","0","0","0","0","2","0","1","","03","","N","","","","","","","","","",""
"2020069360","","0","0","0","0","0","0","0","0","0","7","0","","67","8","2020","6","40.028606","-75.022964","1756","6","0","0","1","0","0","0","0","0","","0","0","0","","","0","N","0","","40 01:42.983","1","0","75 01:22.670","0","0","0","0","67301","0","0","0","N","0","0","0","1","68K01","0","","4.0","1803.0","1","N","N","N","0","","0","0","1","0","0","N","","1","0","0","0","0","0","0","2","0","1","","03","","N","","","","","","","","","",""
"2020072604","","1","0","0","0","0","0","0","0","0","4","0","","67","8","2020","1","40.020333","-75.080448","2055","6","0","0","0","0","0","1","0","0","","0","0","0","","","1","","1","","40 01:13.197","","0","75 04:49.613","4","0","0","0","67301","0","0","0","N","0","0","0","3","67508","1","","1.0","","1","N","N","Y","0","","0","0","1","3","2","","","2","1","0","0","0","0","0","2","0","2","","03","","N","","","","","","","","","",""
"2020100484","","1","0","0","0","0","0","0","0","0","1","1","","67","11","2020","1","39.959933","-75.178265","2230","6","0","0","0","0","0","0","0","0","","0","1","0","","","2","N","0","","39 57:35.760","","0","75 10:41.755","3","0","0","0","67301","0","0","0","N","0","0","0","3","68K01","1","","1.0","","1","N","N","N","0","","1","0","0","0","0","","","2","2","1","0","0","0","1","2","0","2","","","","N","","","","","","","","","",""
"2020097137","","1","0","0","0","0","0","0","0","0","4","0","","67","11","2020","5","39.950204","-75.233029","2340","6","0","0","0","0","0","0","0","0","","0","0","0","","","0","","2","","39 57:00.734","7","0","75 13:58.904","0","0","0","0","67301","0","0","0","N","0","0","0","2","67301","0","","1.0","115.0","1","N","N","N","1","","0","0","1","3","3","Y","","3","0","0","0","0","0","0","2","0","3","","","","N","","","","","","","","","",""
"2020092965","","0","0","0","0","0","0","0","0","0","7","0","","67","11","2020","1","40.032384","-75.180002","0833","6","0","0","0","0","0","0","0","0","","0","0","0","","","0","N","0","","40 01:56.584","","0","75 10:48.006","9","0","0","0","67301","0","0","0","N","0","0","0","1","67301","0","","5.0","","1","N","N","N","0","","0","0","1","0","0","","","1","0","0","0","0","0","1","2","0","1","","","","N","","","","","","","","","",""
"2020101827","","1","0","0","0","0","0","0","0","0","4","0","","67","11","2020","4","39.975156","-75.188114","2312","6","0","0","0","1","0","0","0","0","","0","0","0","","","3","","1","","39 58:30.561","","0","75 11:17.209","8","0","0","0","67301","0","0","0","N","0","0","0","4","67301","0","","1.0","","1","N","N","N","0","","0","0","1","3","2","","","2","3","0","0","0","3","0","2","0","2","","03","","N","","","","","","","","","",""
"2020109333","","1","0","0","0","0","0","0","0","0","7","0","","67","12","2020","7","40.028165","-75.023946","0911","6","0","0","0","0","0","0","0","0","","0","0","0","","","1","N","0","","40 01:41.395","","0","75 01:26.207","3","0","0","0","67301","0","0","0","N","0","0","0","1","68K01","0","","4.0","","9","N","N","N","0","","1","0","0","0","0","","","1","1","1","0","0","0","0","2","0","1","","","","N","","","","","","","","","",""
"2020076881","","0","0","0","0","0","0","0","0","0","5","0","","67","9","2020","6","39.995294","-75.185589","1831","6","0","0","0","0","0","0","1","0","","0","0","0","","","0","N","0","","39 59:43.060","","0","75 11:08.120","0","0","0","0","67301","0","0","0","N","0","0","0","2","67301","0","","6.0","","1","N","N","N","0","","0","0","2","0","0","","","2","0","0","0","0","0","0","2","0","2","","03","","N","","","","","","","","","",""
"2020068799","","0","0","0","0","0","0","0","0","0","8","0","","67","8","2020","2","39.991454","-75.116668","1906","6","0","0","0","0","0","0","0","0","","0","0","0","","","1","","1","","39 59:29.234","","0","75 07:00.004","3","0","0","0","67301","1","0","0","N","1","0","0","2","67301","0","","1.0","","1","N","N","N","0","","1","0","1","3","2","","","2","1","0","0","0","0","0","2","0","1","","03","","N","","","","","","","","","",""
"2020094179","","1","0","0","0","0","0","0","0","0","4","0","","67","11","2020","5","40.008593","-75.164742","1633","6","0","0","0","0","0","0","0","0","","0","0","0","","","1","","1","","40 00:30.934","","0","75 09:53.071","3","0","0","0","67301","0","0","0","N","0","0","0","2","67301","0","","1.0","","1","N","N","N","0","","1","0","0","3","3","","","2","1","0","0","0","0","0","2","0","2","","03","","N","","","","","","","","","",""
"2020109462","","2","0","0","0","0","0","0","0","0","4","0","","67","12","2020","4","40.028082","-75.106296","0108","6","0","0","0","0","0","0","0","0","","0","0","0","","","0","N","0","","40 01:41.094","","0","75 06:22.665","0","0","0","0","67301","0","0","0","N","0","0","0","1","67301","0","","4.0","","1","N","N","N","0","","0","0","1","3","2","","","3","0","0","0","0","0","0","2","0","3","","","","N","","","","","","","","","",""
"2020103740","","1","0","0","0","0","0","0","0","0","6","0","","67","11","2020","5","40.022261","-75.166282","0004","6","0","0","0","0","0","0","0","0","","0","0","0","","","0","","2","","40 01:20.139","","0","75 09:58.615","0","0","0","0","67301","0","0","0","N","0","0","0","1","67301","0","","1.0","","1","N","N","N","0","","0","0","0","0","0","","","2","0","0","0","0","0","0","2","1","2","","03","","N","","","","","","","","","",""
"2020097800","","2","0","0","0","0","0","0","0","0","5","0","","67","11","2020","6","40.102556","-74.969192","0410","6","0","0","0","0","0","0","0","0","","0","0","0","","","1","N","0","","40 06:09.200","","0","74 58:09.090","3","0","0","0","67301","0","0","0","N","0","0","0","1","67301","0","","6.0","","9","N","N","N","0","","1","0","2","0","0","","","4","1","0","0","0","0","0","2","0","4","","","","N","","","","","","","","","",""
"2020099932","","1","0","0","0","0","0","0","0","0","2","0","","67","11","2020","3","40.029408","-75.06285","1539","6","0","0","0","0","0","1","0","0","","0","0","0","","","1","","5","","40 01:45.870","","0","75 03:46.259","3","0","0","0","67301","0","0","0","N","0","0","0","2","67301","0","","1.0","","1","N","N","Y","0","","1","0","1","3","2","","","2","1","2","0","0","0","0","2","0","2","","03","","N","","","","","","","","","",""
"2020094481","","2","0","0","0","0","0","0","0","0","5","0","","67","11","2020","6","40.028541","-75.147034","2007","6","0","0","0","0","0","0","0","0","","0","0","0","","","0","N","0","","40 01:42.747","5","0","75 08:49.323","0","0","0","0","67301","0","0","0","N","0","0","0","2","67301","0","","1.0","2147.0","1","N","N","N","0","","0","0","4","0","0","Y","","6","0","0","0","0","0","0","2","0","6","","","","N","","","","","","","","","",""
"2020097584","","1","0","0","0","0","0","0","0","0","99","0","","67","11","2020","5","39.897665","-75.226772","0008","6","0","0","0","0","0","0","0","0","","0","0","0","","","0","N","0","","39 53:51.593","","0","75 13:36.379","9","0","0","0","67301","0","0","0","N","0","0","0","1","67301","0","","9.0","","9","N","N","N","0","","0","0","0","0","0","","","1","0","0","0","0","0","1","2","0","1","","07","","N","","","","","","","","","",""
"2020067102","","0","0","0","0","0","0","0","0","0","4","0","","67","8","2020","4","40.035383","-75.039398","1515","6","0","0","0","0","0","0","0","0","","0","0","0","","","0","","1","","40 02:07.380","","0","75 02:21.834","0","0","0","0","67301","0","0","0","N","0","0","0","2","67301","0","","1.0","","1","N","N","N","0","","0","0","2","3","2","","","2","0","0","0","0","0","0","2","0","2","","98","","N","","","","","","","","","",""
"2020097798","","1","0","0","0","0","0","0","0","0","7","0","","67","11","2020","5","39.93867","-75.142107","0403","6","0","0","0","0","0","0","0","0","","0","0","0","","","0","","2","","39 56:19.213","","2","75 08:31.586","0","0","0","0","67301","0","0","0","N","0","0","0","1","67301","0","","3.0","","9","N","N","N","0","","0","0","0","3","2","","","1","0","0","0","0","0","0","2","0","1","","05","","N","","","","","","","","","",""
"2020097799","","0","0","0","0","0","0","0","0","0","8","0","","67","11","2020","7","40.065531","-75.052509","2115","6","0","0","0","0","0","0","0","0","","0","0","0","","","1","","1","","40 03:55.911","","0","75 03:09.031","8","0","0","0","67301","1","0","0","N","1","0","0","2","67301","0","","1.0","","1","N","N","N","1","","0","0","0","3","2","","","2","1","0","0","0","1","0","2","0","1","","03","","N","","","","","","","","","",""
"2020103081","","1","0","0","0","0","0","0","0","0","7","0","","67","11","2020","6","39.988191","-75.207299","0009","6","0","0","0","1","0","0","0","0","","0","0","0","","","0","N","0","","39 59:17.488","","0","75 12:26.275","0","0","0","0","67301","0","0","0","N","0","0","0","1","68K01","0","","4.0","","9","N","N","N","0","","0","0","0","0","0","","","1","0","0","0","0","0","0","2","0","1","","","","N","","","","","","","","","",""
"2020101824","","2","0","0","0","0","0","0","0","0","4","0","","67","11","2020","4","39.981952","-75.239038","1639","6","0","0","0","0","0","0","0","0","","0","0","0","","","1","","1","","39 58:55.028","","0","75 14:20.537","8","0","0","0","67301","0","0","0","N","0","0","0","4","67301","0","","1.0","","1","N","N","N","0","","0","0","1","3","2","","","3","1","0","0","0","1","0","2","0","3","","03","","N","","","","","","","","","",""
"2020093639","","1","0","0","0","0","0","0","0","0","4","0","","67","11","2020","4","39.963813","-75.203392","1405","6","0","0","0","0","0","0","0","0","","0","0","0","","","1","N","0","","39 57:49.725","","0","75 12:12.212","4","0","0","0","67301","0","0","0","N","0","0","0","4","67301","1","","9.0","","1","N","N","N","1","","0","0","1","0","0","","","3","1","0","0","0","0","0","2","0","3","","03","","N","","","","","","","","","",""
"2020068238","","1","0","0","0","0","0","0","0","0","5","0","","67","8","2020","1","40.098741","-74.986036","1550","6","0","0","0","0","0","0","0","0","","0","0","0","","","0","N","0","","40 05:55.467","","0","74 59:09.731","0","0","0","0","67301","0","0","0","N","0","0","0","3","67301","0","","1.0","","9","N","N","Y","0","","0","0","1","0","0","","","2","0","0","0","0","0","0","2","0","2","","07","","N","","","","","","","","","",""
"2020067672","","2","0","0","0","0","0","0","0","0","4","0","","67","8","2020","6","39.987464","-75.255655","2009","6","0","0","0","0","0","0","1","0","","0","0","0","","","2","","2","","39 59:14.871","3","0","75 15:20.359","3","0","0","0","67301","0","0","0","N","0","0","0","2","67301","0","","1.0","2040.0","1","N","N","N","0","","2","0","0","0","0","N","","2","2","0","0","0","0","0","2","0","2","","","","N","","","","","","","","","",""
"2020094824","","0","0","0","0","0","0","0","0","0","7","0","","67","11","2020","1","40.063401","-74.985543","0444","6","0","0","0","0","0","0","0","0","","0","0","0","","","1","","2","","40 03:48.244","2","0","74 59:07.956","3","0","0","0","67301","0","0","0","N","0","0","0","1","67301","0","","4.0","515.0","1","N","N","N","0","","1","0","1","3","2","N","","1","1","0","0","0","0","0","2","0","1","","","","N","","","","","","","","","",""
"2020093732","","2","0","0","0","0","0","0","0","0","4","0","","67","11","2020","5","40.00468","-75.152126","0801","6","0","0","0","0","0","1","0","0","","0","0","0","","","0","","1","","40 00:16.847","","0","75 09:07.652","0","0","0","0","67301","0","0","0","N","0","0","0","3","67505","0","","1.0","","1","","","Y","0","","0","0","1","3","2","","","3","0","0","0","0","0","0","2","0","3","","03","","N","","","","","","","","","",""
"2020096602","","3","0","0","0","0","0","0","0","0","5","0","","67","11","2020","1","39.996028","-75.181039","0848","6","0","0","0","0","0","0","0","0","","0","0","0","","","0","N","0","","39 59:45.700","1","0","75 10:51.740","9","0","0","0","67301","0","0","0","N","0","0","0","1","67301","0","","6.0","1110.0","99","N","N","N","0","","0","0","0","0","0","N","","3","0","0","0","0","0","1","2","0","3","","","","N","","","","","","","","","",""
"2020079142","","1","0","0","0","0","0","0","0","0","1","0","","67","9","2020","5","39.978274","-75.11045","0430","6","0","0","0","0","0","0","0","0","","0","0","0","","","2","N","0","","39 58:41.788","1","0","75 06:37.621","8","0","0","0","67301","0","0","0","N","0","0","0","2","68K01","0","","1.0","519.0","1","N","N","N","1","","0","0","0","0","0","N","","2","2","1","0","0","2","0","2","0","2","","03","","N","","","","","","","","","",""
"2020107111","","0","0","0","0","0","0","0","0","0","4","0","","67","12","2020","3","39.952184","-75.240772","1539","6","0","0","0","0","0","1","0","0","","0","0","0","","","1","","1","","39 57:07.862","","0","75 14:26.779","3","0","0","1","67301","0","0","0","N","0","0","0","2","67301","0","","1.0","","1","N","N","N","0","","1","0","1","3","2","","","2","1","0","0","0","0","0","2","0","2","","","","N","","","","","","","","","",""
"2020097919","","1","0","0","0","0","0","0","0","0","7","0","","67","11","2020","1","39.995078","-75.103278","1226","6","0","0","0","0","0","0","0","0","","0","0","0","","","0","N","0","","39 59:42.280","","0","75 06:11.800","0","0","0","0","67301","0","0","0","N","0","0","0","1","67301","0","","5.0","","1","N","N","N","0","","0","0","0","0","0","","","1","0","0","0","0","0","0","2","0","1","","03","","N","","","","","","","","","",""
"2020100163","","2","0","0","0","0","0","0","0","0","4","0","","67","11","2020","3","39.975446","-75.244498","1529","6","0","0","0","0","1","0","0","0","","0","0","0","","","2","","2","","39 58:31.605","","0","75 14:40.192","3","0","0","0","67301","0","0","0","N","0","0","0","2","67301","0","","1.0","","1","N","N","N","0","","2","0","0","0","0","","","3","2","0","0","0","0","0","2","1","3","","04","","N","","","","","","","","","",""
"2020100085","","3","0","0","0","0","0","0","0","0","1","0","","67","11","2020","5","40.050773","-75.148714","1316","6","0","0","0","0","0","3","0","0","","0","0","0","","","1","","1","","40 03:02.783","1","0","75 08:55.370","4","0","0","0","67301","0","0","0","N","0","0","0","4","67301","1","","1.0","1400.0","1","N","N","N","0","","0","0","0","3","2","N","","3","1","0","0","0","0","0","2","0","3","","","","N","","","","","","","","","",""
"2020096607","","0","0","0","0","0","0","0","0","0","7","0","","67","11","2020","4","40.019031","-75.190514","1330","6","0","0","0","0","0","0","0","0","","0","0","0","","","1","N","0","","40 01:08.510","5","99","75 11:25.851","2","0","0","0","67301","0","0","0","N","0","0","0","3","67301","0","","4.0","1600.0","8","N","N","N","0","","0","1","1","0","0","Y","","1","1","0","0","0","0","2","2","0","1","","98","","N","","","","","","","","","",""
"2020097910","","3","0","0","0","0","0","0","0","0","1","0","","67","11","2020","7","39.905757","-75.193824","1500","6","0","0","1","0","0","0","0","0","","0","0","0","","","1","","1","","39 54:20.725","","0","75 11:37.765","3","0","0","0","67301","0","0","0","N","0","0","0","4","67301","0","","1.0","","1","N","N","N","1","","1","0","0","3","2","","","4","1","0","0","0","0","0","2","0","4","","03","","N","","","","","","","","","",""
"2020105532","","1","0","0","0","0","0","0","0","0","7","0","","67","11","2020","6","39.964532","-75.18505","2252","6","0","0","0","0","0","0","0","0","","0","0","0","","","2","N","0","","39 57:52.315","3","0","75 11:06.181","3","0","0","0","67301","0","0","0","N","0","0","0","2","68K01","0","","3.0","2330.0","1","N","N","N","0","","1","0","0","0","0","N","","1","2","1","0","0","1","0","2","0","1","","","","N","","","","","","","","","",""
"2020093756","","1","0","0","1","0","0","0","0","0","8","0","","67","11","2020","3","39.964289","-75.246466","0851","6","0","0","0","0","0","0","0","0","","0","0","0","","","1","","1","","39 57:51.442","","0","75 14:47.279","3","0","0","0","67301","1","0","0","N","0","0","0","2","67301","0","","1.0","","1","N","N","N","0","","1","0","0","0","0","","","2","1","1","0","0","0","0","2","0","1","","","","N","","","","","","","","","",""
"2020097352","","0","0","0","0","0","0","0","0","0","8","0","","67","11","2020","4","39.95726","-75.215317","1825","6","0","0","0","0","0","0","0","0","","0","0","0","","","1","","2","","39 57:26.135","","0","75 12:55.142","8","0","0","0","67301","1","0","0","N","1","0","0","2","67301","0","","1.0","","9","N","N","N","0","","0","0","0","3","2","","","2","1","0","0","0","1","0","2","0","1","","07","","N","","","","","","","","","",""
"2020079057","","1","0","0","0","0","0","0","0","0","6","0","","67","9","2020","6","40.010011","-75.120619","0743","6","0","0","0","0","0","0","0","0","","0","0","0","","","0","N","0","","40 00:36.040","","0","75 07:14.230","9","0","0","0","67301","0","0","0","N","0","0","0","1","67301","0","","6.0","","1","N","N","Y","0","","0","0","2","0","0","","","4","0","0","0","0","0","1","2","1","4","","03","","N","","","","","","","","","",""
"2020093430","","2","0","0","0","0","0","0","0","0","1","0","","67","11","2020","3","39.911868","-75.172755","1420","6","0","0","0","0","0","1","0","0","","0","0","0","","","1","","1","","39 54:42.724","","0","75 10:21.917","3","0","0","0","67301","0","0","0","N","0","0","0","3","67301","0","","1.0","","1","N","N","N","0","","1","0","0","3","2","","","2","1","2","0","0","0","1","2","0","2","","","","N","","","","","","","","","",""
"2020095771","","1","0","0","0","0","0","0","0","0","4","0","","67","11","2020","2","40.002756","-75.223094","1650","6","0","0","0","0","0","1","0","0","","0","0","0","","","1","N","0","","40 00:09.923","","7","75 13:23.140","3","0","0","0","67301","0","0","0","N","0","0","0","2","67301","0","","1.0","","1","N","N","N","0","","1","0","0","0","0","","","2","1","0","0","0","0","0","2","0","2","","","","N","","","","","","","","","",""
"2020103314","","1","0","0","0","0","0","0","0","0","7","0","","67","11","2020","4","40.047279","-75.00108","1648","6","0","0","0","0","0","0","0","0","","0","0","0","","","0","N","0","","40 02:50.205","2","2","75 00:03.887","0","0","0","0","67301","0","0","0","Y","0","0","0","1","68K01","0","","4.0","1710.0","9","N","N","Y","0","","0","0","0","0","0","Y","","1","0","0","0","0","0","0","2","0","1","","05","","N","","","","","","","","","",""
"2020067020","","1","0","0","0","0","0","0","0","0","1","0","","67","8","2020","4","39.994496","-75.218098","1342","6","0","0","0","0","0","1","0","0","","0","0","0","","","1","","3","","39 59:40.186","","0","75 13:05.153","3","0","0","0","67301","0","0","0","N","0","0","0","3","67301","0","","1.0","","1","N","N","N","0","","1","0","1","0","0","","","3","1","0","0","0","0","0","2","0","3","","04","","N","","","","","","","","","",""