"CRN","ARRIVAL_TM","AUTOMOBILE_COUNT","BELTED_DEATH_COUNT","BELTED_SUSP_SERIOUS_INJ_COUNT","BICYCLE_COUNT","BICYCLE_DEATH_COUNT","BICYCLE_SUSP_SERIOUS_INJ_COUNT","BUS_COUNT","CHLDPAS_DEATH_COUNT","CHLDPAS_SUSP_SERIOUS_INJ_COUNT","COLLISION_TYPE","COMM_VEH_COUNT","CONS_ZONE_SPD_LIM","COUNTY","CRASH_MONTH","CRASH_YEAR","DAY_OF_WEEK","DEC_LATITUDE","DEC_LONGITUDE","DISPATCH_TM","DISTRICT","DRIVER_COUNT_16YR","DRIVER_COUNT_17YR","DRIVER_COUNT_18YR","DRIVER_COUNT_19YR","DRIVER_COUNT_20YR","DRIVER_COUNT_50_64YR","DRIVER_COUNT_65_74YR","DRIVER_COUNT_75PLUS","EST_HRS_CLOSED","FATAL_COUNT","HEAVY_TRUCK_COUNT","HORSE_BUGGY_COUNT","HOUR_OF_DAY","ILLUMINATION","INJURY_COUNT","INTERSECTION_RELATED","INTERSECT_TYPE","LANE_CLOSED","LATITUDE","LN_CLOSE_DIR","LOCATION_TYPE","LONGITUDE","MAX_SEVERITY_LEVEL","MCYCLE_DEATH_COUNT","MCYCLE_SUSP_SERIOUS_INJ_COUNT","MOTORCYCLE_COUNT","MUNICIPALITY","NONMOTR_COUNT","NONMOTR_DEATH_COUNT","NONMOTR_SUSP_SERIOUS_INJ_COUNT","NTFY_HIWY_MAINT","PED_COUNT","PED_DEATH_COUNT","PED_SUSP_SERIOUS_INJ_COUNT","PERSON_COUNT","POLICE_AGCY","POSSIBLE_INJ_COUNT","RDWY_SURF_TYPE_CD","RELATION_TO_ROAD","ROADWAY_CLEARED","ROAD_CONDITION","SCH_BUS_IND","SCH_ZONE_IND","SECONDARY_CRASH","SMALL_TRUCK_COUNT","SPEC_JURIS_CD","SUSP_MINOR_INJ_COUNT","SUSP_SERIOUS_INJ_COUNT","SUV_COUNT","TCD_FUNC_CD","TCD_TYPE","TFC_DETOUR_IND","TIME_OF_DAY","TOTAL_UNITS","TOT_INJ_COUNT","UNBELTED_OCC_COUNT","UNB_DEATH_COUNT","UNB_SUSP_SERIOUS_INJ_COUNT","UNK_INJ_DEG_COUNT","UNK_INJ_PER_COUNT","URBAN_RURAL","VAN_COUNT","VEHICLE_COUNT","WEATHER1","WEATHER2","WORKERS_PRES","WORK_ZONE_IND","WORK_ZONE_LOC","WORK_ZONE_TYPE","WZ_CLOSE_DETOUR","WZ_FLAGGER","WZ_LAW_OFFCR_IND","WZ_LN_CLOSURE","WZ_MOVING","WZ_OTHER","WZ_SHLDER_MDN","WZ_WORKERS_INJ_KILLED"
"2020078097","","0","0","0","0","0","0","0","0","0","7","0","","67","9","2020","4","39.955534","-75.148168","0047","6","0","0","0","0","0","0","0","0","","0","0","0","","","3","N","0","","39 57:19.921","4","2","75 08:53.406","2","0","0","0","67301","0","0","0","N","0","0","0","3","67501","0","","4.0","346.0","1","N","N","N","0","","1","2","1","3","8","N","","1","3","3","0","2","0","0","2","0","1","","","","N","","","","","","","","","",""
"2020097354","","1","0","0","0","0","0","0","0","0","5","0","","67","11","2020","7","39.995033","-75.154223","0713","6","0","0","0","0","0","0","0","0","","0","0","0","","","1","N","0","","39 59:42.117","","0","75 09:15.201","3","0","0","0","67301","0","0","0","N","0","0","0","2","67301","0","","6.0","","1","N","N","N","0","","1","0","1","0","0","","","2","1","0","0","0","0","1","2","0","2","","03","","N","","","","","","","","","",""
"2020102362","","2","0","0","0","0","0","0","0","0","2","0","","67","11","2020","2","39.959957","-75.23712","1841","6","0","0","0","0","0","0","0","0","","0","0","0","","","1","","1","","39 57:35.845","3","0","75 14:13.633","3","0","0","0","67301","0","0","0","N","0","0","0","2","67301","0","","1.0","1905.0","1","N","N","N","0","","1","0","0","3","2","N","","2","1","1","0","0","0","1","2","0","2","","03","","N","","","","","","","","","",""
"2020080053","","2","0","0","0","0","0","0","0","0","5","0","","67","9","2020","7","39.957972","-75.148556","0856","6","0","0","0","0","0","1","0","0","","0","0","0","","","1","N","0","","39 57:28.700","","0","75 08:54.800","3","0","0","0","67301","0","0","0","N","0","0","0","2","67301","0","","1.0","","9","N","N","N","0","","1","0","0","0","0","","","2","1","0","0","0","0","0","2","0","2","","04","","N","","","","","","","","","",""
"2020095769","","1","0","0","0","0","0","0","0","0","4","0","","67","11","2020","1","39.940106","-75.200678","1244","6","0","0","0","0","0","0","0","0","","0","0","0","","","1","","2","","39 56:24.381","","0","75 12:02.442","3","0","0","0","67301","0","0","0","N","0","0","0","2","67301","0","","1.0","","1","N","N","N","0","","1","0","1","3","2","","","2","1","0","0","0","0","1","2","0","2","","","","N","","","","","","","","","",""
"2020098361","","2","0","0","0","0","0","0","0","0","1","0","","67","11","2020","7","39.986924","-75.161045","1306","6","0","0","0","0","0","1","0","0","","0","0","0","","","1","","1","","39 59:12.926","","0","75 09:39.762","8","0","0","0","67301","0","0","0","N","0","0","0","3","67301","0","","1.0","","1","N","N","N","0","","0","0","0","3","2","","","2","1","0","0","0","1","1","2","0","2","","03","","N","","","","","","","","","",""
"2020096980","","1","0","0","0","0","0","0","0","0","8","0","","67","11","2020","4","39.925405","-75.177655","1931","6","0","0","0","0","0","0","0","0","","0","0","0","","","1","","1","","39 55:31.459","","0","75 10:39.557","3","0","0","0","67301","1","0","0","N","1","0","0","2","67301","0","","1.0","","9","N","N","N","0","","1","0","0","3","2","","","2","1","0","0","0","0","0","2","0","1","","","","N","","","","","","","","","",""
"2020101675","","0","0","0","0","0","0","0","0","0","7","0","99","67","11","2020","5","39.909028","-75.152","1021","6","0","0","0","0","0","0","0","0","","0","0","0","","","0","N","0","","39 54:32.500","","3","75 09:07.200","0","0","0","0","67301","0","0","0","N","0","0","0","2","67501","0","","3.0","","9","N","N","N","0","","0","0","1","3","8","","","1","0","0","0","0","0","0","2","0","1","","07","U","Y","4","1","","","U","Y","","","","N"
"2020069260","","0","0","0","0","0","0","0","0","0","7","0","","67","8","2020","2","39.957694","-75.164206","1540","6","0","0","0","0","0","0","0","0","","0","0","0","","","1","","2","","39 57:27.700","","2","75 09:51.140","8","0","0","0","67301","0","0","0","N","0","0","0","1","67301","0","","4.0","","1","N","N","N","0","","0","0","1","3","2","","","1","1","0","0","0","1","0","2","0","1","","03","","N","","","","","","","","","",""
"2020069030","","2","0","0","0","0","0","0","0","0","5","0","","67","8","2020","3","40.007742","-75.164139","2050","6","0","0","0","0","0","0","0","0","","0","0","0","","","1","N","0","","40 00:27.870","","0","75 09:50.900","3","0","0","0","67301","0","0","0","N","0","0","0","1","67301","0","","6.0","","1","N","N","N","0","","1","0","0","0","0","","","2","1","0","0","0","0","0","2","0","2","","03","","N","","","","","","","","","",""
"2020096052","","3","0","0","0","0","0","0","0","0","6","0","","67","11","2020","1","39.93775","-75.218114","0346","6","0","0","0","0","0","0","0","0","","0","0","0","","","0","N","0","","39 56:15.900","","0","75 13:05.210","0","0","0","0","67301","0","0","0","N","0","0","0","1","67301","0","","2.0","","1","N","N","N","0","","0","0","0","0","0","","","3","0","0","0","0","0","0","2","0","3","","","","N","","","","","","","","","",""
"2020093640","","1","0","0","0","0","0","0","0","0","4","0","","67","11","2020","4","39.992675","-75.16822","0511","6","0","0","0","0","0","2","0","0","","0","0","0","","","0","","5","","39 59:33.630","1","0","75 10:05.591","0","0","0","0","67301","0","0","0","N","0","0","0","2","67301","0","","1.0","630.0","1","N","N","N","0","","0","0","1","3","2","Y","","2","0","0","0","0","0","0","2","0","2","","","","N","","","","","","","","","",""
"2020098284","","1","0","0","0","0","0","0","0","0","7","0","","67","11","2020","4","40.041384","-75.049022","2338","6","0","0","0","0","0","0","0","0","","0","0","0","","","0","","1","","40 02:28.983","","0","75 02:56.480","0","0","0","0","67301","0","0","0","N","0","0","0","1","67301","0","","4.0","","99","N","N","N","0","","0","0","0","3","2","","","1","0","0","0","0","0","0","2","0","1","","07","","N","","","","","","","","","",""
"2020106364","","0","0","0","0","0","0","0","0","0","7","0","","67","11","2020","2","40.035429","-75.017299","2022","6","0","0","0","0","0","0","0","0","","0","0","0","","","0","N","0","","40 02:07.543","","0","75 01:02.275","0","0","0","0","67301","0","0","0","N","0","0","0","1","68K01","0","","3.0","","9","N","N","N","0","","0","0","1","0","0","","","1","0","0","0","0","0","0","2","0","1","","04","","N","","","","","","","","","",""
"2020095296","","2","0","0","0","0","0","0","0","0","6","0","","67","11","2020","5","39.972308","-75.212023","1005","6","0","0","0","0","0","0","0","0","","0","0","0","","","0","N","0","","39 58:20.309","","0","75 12:43.283","0","0","0","0","67301","0","0","0","N","0","0","0","1","67301","0","","9.0","","1","N","N","N","1","","0","0","1","0","0","","","4","0","0","0","0","0","0","2","0","4","","03","","N","","","","","","","","","",""
"2020096608","","0","0","0","0","0","0","0","0","0","4","0","","67","11","2020","5","40.01435","-75.17811","0906","6","0","0","0","0","0","1","0","0","","0","0","0","","","1","","1","","40 00:51.660","1","0","75 10:41.196","3","0","0","0","67301","0","0","0","N","0","0","0","2","67301","0","","1.0","30.0","9","N","N","N","1","","1","0","1","3","2","Y","","2","1","0","0","0","0","0","2","0","2","","04","","N","","","","","","","","","",""
"2020102277","","2","0","0","0","0","0","0","0","0","4","0","","67","11","2020","5","39.923927","-75.222089","1120","6","0","0","0","0","0","0","0","0","","0","0","0","","","1","","1","","39 55:26.137","","0","75 13:19.522","3","0","0","0","67301","0","0","0","N","0","0","0","2","67301","0","","1.0","","9","N","N","N","0","","1","0","0","3","3","","","3","1","1","0","0","0","0","2","1","3","","04","","N","","","","","","","","","",""
"2020093631","","2","0","0","0","0","0","0","0","0","4","0","","67","11","2020","4","39.979105","-75.161134","2140","6","0","0","0","0","0","0","0","0","","0","0","0","","","0","","1","","39 58:44.778","","0","75 09:40.084","0","0","0","0","67301","0","0","0","N","0","0","0","2","67505","0","","1.0","","1","N","N","N","0","","0","0","1","3","2","","","3","0","0","0","0","0","0","2","0","3","","03","","N","","","","","","","","","",""
"2020095302","","1","0","0","0","0","0","0","0","0","1","0","","67","11","2020","2","40.043911","-75.128867","0900","6","0","0","0","0","0","0","0","0","","0","0","0","","","0","N","0","","40 02:38.080","","0","75 07:43.920","0","0","0","0","67301","0","0","0","N","0","0","0","1","67301","0","","6.0","","1","N","N","N","0","","0","0","1","0","0","","","2","0","1","0","0","0","0","2","0","2","","03","","N","","","","","","","","","",""
"2020109376","","1","0","0","0","0","0","0","0","0","7","0","","67","12","2020","5","39.941177","-75.143085","2042","6","0","0","0","0","1","0","0","0","","0","0","0","","","0","N","0","","39 56:28.238","","0","75 08:35.107","0","0","0","0","67301","0","0","0","N","0","0","0","1","68K01","0","","2.0","","1","N","N","N","0","","0","0","0","0","0","","","1","0","0","0","0","0","0","2","0","1","","","","N","","","","","","","","","",""
"2020079778","","1","0","0","0","0","0","0","0","0","4","0","","67","9","2020","1","40.081849","-75.179199","2030","6","0","0","0","0","0","0","1","0","","0","0","0","","","1","","2","","40 04:54.656","7","0","75 10:45.116","8","0","0","0","67301","0","0","0","N","0","0","0","4","67301","0","","1.0","100.0","1","N","N","N","0","","0","0","0","3","3","Y","","2","1","0","0","0","1","1","2","1","2","","04","","N","","","","","","","","","",""
"2020096606","","2","0","0","0","0","0","0","0","0","4","0","","67","11","2020","4","39.980158","-75.169298","1928","6","0","1","0","0","0","0","0","0","","0","0","0","","","0","","1","","39 58:48.567","","0","75 10:09.473","0","0","0","0","67301","0","0","0","N","0","0","0","2","67301","0","","1.0","","9","N","N","N","0","","0","0","0","3","2","","","3","0","0","0","0","0","0","2","1","3","","07","","N","","","","","","","","","",""
"2020113229","","1","0","0","0","0","0","0","0","0","7","0","","67","12","2020","6","39.951582","-75.141481","1359","6","0","1","0","0","0","0","0","0","","0","0","0","","","0","N","0","","39 57:05.694","","0","75 08:29.332","0","0","0","0","67301","0","0","0","N","0","0","0","1","68K01","0","","4.0","","9","N","N","N","0","","0","0","0","0","0","","","1","0","0","0","0","0","0","2","0","1","","07","","N","","","","","","","","","",""
"2020096982","","1","0","0","0","0","0","0","0","0","4","0","","67","11","2020","5","40.055185","-75.090124","1331","6","0","0","0","0","0","0","0","0","","0","0","0","","","1","N","0","","40 03:18.666","","7","75 05:24.447","8","0","0","0","67301","0","0","0","N","0","0","0","2","67301","0","","1.0","","9","N","N","N","0","","0","0","0","0","0","","","2","1","0","0","0","1","0","2","1","2","","07","","N","","","","","","","","","",""
"2020096197","","2","0","0","0","0","0","0","0","0","4","0","","67","11","2020","6","39.973043","-75.21845","0953","6","0","0","0","0","0","0","0","0","","0","0","0","","","1","","2","","39 58:22.955","","0","75 13:06.420","8","0","0","0","67301","0","0","0","N","0","0","0","2","67301","0","","1.0","","1","N","N","Y","0","","0","0","0","3","3","","","2","1","0","0","0","1","1","2","0","2","","","","N","","","","","","","","","",""
"2020096598","","1","0","0","0","0","0","0","0","0","5","0","","67","11","2020","4","40.045075","-75.077256","1748","6","0","0","0","0","0","0","0","0","","0","0","0","","","0","N","0","","40 02:42.270","6","0","75 04:38.120","0","0","0","0","67301","0","0","0","N","0","0","0","1","67301","0","","6.0","1930.0","9","N","N","N","1","","0","0","0","0","0","Y","","2","0","0","0","0","0","0","2","0","2","","","","N","","","","","","","","","",""
"2020095298","","1","0","0","0","0","0","0","0","0","1","0","","67","11","2020","7","39.963167","-75.191444","2023","6","0","0","0","0","0","0","0","0","","0","0","0","","","1","N","0","","39 57:47.400","2","0","75 11:29.200","3","0","0","0","67301","0","0","0","N","0","0","0","1","67301","0","","6.0","2100.0","1","N","N","N","0","","1","0","0","0","0","Y","","2","1","0","0","0","0","0","2","1","2","","","","N","","","","","","","","","",""
"2020081635","","1","0","0","0","0","0","0","0","0","5","0","","67","9","2020","2","39.958838","-75.215351","0632","6","0","0","0","0","0","0","0","0","","0","0","0","","","0","N","0","","39 57:31.815","4","0","75 12:55.263","0","0","0","0","67301","0","0","0","N","0","0","0","2","67301","0","","6.0","911.0","1","N","N","N","0","","0","0","1","0","0","N","","2","0","0","0","0","0","0","2","0","2","","03","","N","","","","","","","","","",""
"2020107086","","2","0","0","0","0","0","0","0","0","4","0","","67","12","2020","6","40.072892","-75.075887","1604","6","0","0","0","0","0","0","0","0","","0","0","0","","","1","","1","","40 04:22.410","","0","75 04:33.193","3","0","0","0","67301","0","0","0","N","0","0","0","2","67301","0","","1.0","","1","N","N","N","0","","1","0","0","3","2","","","2","1","0","0","0","0","0","2","0","2","","03","","N","","","","","","","","","",""
"2020095936","","2","0","0","0","0","0","0","0","0","4","0","","67","11","2020","1","39.957453","-75.243728","1501","6","0","0","0","0","0","0","0","0","","0","0","0","","","1","","1","","39 57:26.830","","6","75 14:37.420","3","0","0","0","67301","0","0","0","N","0","0","0","3","67301","0","","1.0","","1","N","N","N","0","","1","0","0","3","3","","","2","1","3","0","0","0","0","2","0","2","","03","","N","","","","","","","","","",""
"2020098250","","2","0","0","0","0","0","0","0","0","5","0","","67","11","2020","1","40.045694","-75.164611","1550","6","0","0","0","0","0","0","0","0","","0","0","0","","","1","N","0","","40 02:44.500","6","0","75 09:52.600","3","0","0","0","67301","0","0","0","N","0","0","0","2","67301","0","","1.0","1700.0","1","N","N","N","0","","1","0","3","0","0","Y","","5","1","0","0","0","0","0","2","0","5","","","","N","","","","","","","","","",""
"2020103341","","2","0","0","0","0","0","0","0","0","5","0","","67","11","2020","1","40.005828","-75.197312","1423","6","0","0","0","0","0","0","0","0","","0","0","0","","","0","N","0","","40 00:20.980","","0","75 11:50.322","0","0","0","0","67301","0","0","0","N","0","0","0","2","68K01","0","","1.0","","1","N","N","N","0","","0","0","0","0","0","","","2","0","0","0","0","0","0","2","0","2","","","","N","","","","","","","","","",""
"2020103079","","1","0","0","0","0","0","0","0","0","7","0","","67","11","2020","5","39.93537","-75.144921","1212","6","0","0","0","1","0","0","0","0","","0","0","0","","","0","N","0","","39 56:07.331","","0","75 08:41.714","0","0","0","0","67301","0","0","0","N","0","0","0","1","68K01","0","","4.0","","1","N","N","N","0","","0","0","0","0","0","","","1","0","0","0","0","0","0","2","0","1","","03","","N","","","","","","","","","",""
"2020097915","","1","0","0","0","0","0","0","0","0","2","0","","67","11","2020","2","39.987186","-75.118817","2049","6","0","0","0","0","0","0","0","0","","0","0","0","","","2","N","0","","39 59:13.870","","0","75 07:07.740","8","0","0","0","67301","0","0","0","N","0","0","0","3","67301","0","","1.0","","1","N","N","N","0","","0","0","0","0","0","","","2","2","1","0","0","2","0","2","1","2","","03","","N","","","","","","","","","",""
"2020094827","","1","0","0","0","0","0","0","0","0","4","0","","67","11","2020","7","40.043632","-75.184545","0354","6","0","0","0","0","0","0","0","0","","0","0","0","","","1","","1","","40 02:37.075","","0","75 11:04.361","3","0","0","0","67301","0","0","0","N","0","0","0","3","67301","0","","1.0","","1","N","N","N","0","","1","0","1","3","2","","","2","1","0","0","0","0","0","2","0","2","","03","","N","","","","","","","","","",""
"2020096981","","1","0","0","0","0","0","0","0","0","7","0","","67","11","2020","5","40.035134","-75.070894","0045","6","0","0","0","0","0","0","0","0","","0","0","0","","","1","","5","","40 02:06.482","","0","75 04:15.218","4","0","0","0","67301","0","0","0","N","0","0","0","1","67301","1","","5.0","","9","N","N","N","0","","0","0","0","3","2","","","1","1","1","0","0","0","0","2","0","1","","07","","N","","","","","","","","","",""
"2020093220","","3","0","0","0","0","0","0","0","0","4","0","","67","11","2020","3","39.936081","-75.187453","2154","6","0","0","0","0","0","1","0","0","","0","0","0","","","0","N","0","","39 56:09.890","","0","75 11:14.830","0","0","0","0","67301","0","0","0","N","0","0","0","1","67301","0","","1.0","","1","N","N","N","0","","0","0","0","0","0","","","3","0","1","0","0","0","0","2","0","3","","","","N","","","","","","","","","",""
"2020093429","","0","0","0","0","0","0","0","0","0","2","0","","67","11","2020","3","40.063797","-75.072314","1500","6","0","0","0","0","0","1","0","0","","0","0","0","","","0","N","0","","40 03:49.670","","0","75 04:20.330","9","0","0","0","67301","0","0","0","N","0","0","0","2","67301","0","","1.0","","1","N","N","N","0","","0","0","2","0","0","","","3","0","0","0","0","0","1","2","1","3","","03","","N","","","","","","","","","",""
"2020094930","","0","0","0","0","0","0","0","0","0","1","0","","67","11","2020","7","40.09103","-75.032767","2337","6","0","0","0","0","0","0","1","0","","0","0","0","","","1","","2","","40 05:27.709","","0","75 01:57.960","8","0","0","0","67301","0","0","0","N","0","0","0","4","67301","0","","1.0","","1","N","N","N","0","","0","0","1","3","2","","","2","1","0","0","0","1","1","2","1","2","","","","N","","","","","","","","","",""
"2020094835","","0","0","0","0","0","0","0","0","0","0","0","","67","11","2020","7","39.985967","-75.136036","2045","6","0","0","0","0","0","0","0","0","","0","0","0","","","1","N","0","","39 59:09.480","","0","75 08:09.730","8","0","0","1","67301","0","0","0","N","0","0","0","1","67301","0","","1.0","","98","N","N","N","0","","0","0","0","0","0","","","1","1","0","0","0","1","0","2","0","1","","03","","N","","","","","","","","","",""
"2020094934","","2","0","0","0","0","0","0","0","0","1","0","","67","11","2020","5","40.019836","-75.124731","1135","6","0","0","0","0","0","0","0","0","","0","0","0","","","1","N","0","","40 01:11.410","","0","75 07:29.030","4","0","0","0","67301","0","0","0","N","0","0","0","2","67301","1","","1.0","","1","N","N","N","0","","0","0","2","0","0","","","4","1","1","0","0","0","0","2","0","4","","","","N","","","","","","","","","",""
"2020102418","","1","0","0","0","0","0","0","0","0","7","0","","67","11","2020","7","39.924396","-75.146808","2053","6","0","0","0","0","0","0","0","0","","0","0","0","","","0","N","0","","39 55:27.825","1","0","75 08:48.509","0","0","0","0","67301","0","0","0","N","0","0","0","1","67301","0","","4.0","2300.0","1","N","N","N","0","","0","0","0","0","0","Y","","1","0","0","0","0","0","0","2","0","1","","","","N","","","","","","","","","",""
"2020097337","","1","0","0","0","0","0","0","0","0","7","0","","67","11","2020","7","39.955547","-75.14818","0755","6","0","0","0","0","0","0","0","0","","0","0","0","","","1","N","0","","39 57:19.970","4","2","75 08:53.448","3","0","0","0","67301","0","0","0","N","0","0","0","1","67501","0","","3.0","842.0","1","N","N","N","0","","1","0","0","3","8","N","","1","1","0","0","0","0","0","2","0","1","","03","","N","","","","","","","","","",""
"2020096600","","1","0","0","0","0","0","0","0","0","2","0","","67","11","2020","4","39.986303","-75.15626","1820","6","0","0","0","0","0","2","0","0","","0","0","0","","","0","","1","","39 59:10.689","","0","75 09:22.537","9","0","0","0","67301","0","0","0","N","0","0","0","2","67301","0","","1.0","","1","N","N","N","0","","0","0","1","3","2","","","2","0","0","0","0","0","1","2","0","2","","","","N","","","","","","","","","",""
"2020093225","","3","0","0","0","0","0","0","0","0","4","0","","67","11","2020","3","40.054821","-75.152728","2352","6","0","0","0","0","0","1","0","0","","0","0","0","","","0","","1","","40 03:17.355","","0","75 09:09.820","0","0","0","0","67301","0","0","0","N","0","0","0","5","67301","0","","1.0","","1","N","N","N","0","","0","0","0","3","2","","","3","0","0","0","0","0","0","2","0","3","","03","","N","","","","","","","","","",""
"2020103123","","0","0","0","0","0","0","0","0","0","0","0","","67","11","2020","6","39.910645","-75.149073","2044","6","0","0","0","0","0","0","0","0","","0","0","0","","","1","N","0","","39 54:38.322","","0","75 08:56.664","8","0","0","1","67301","0","0","0","N","0","0","0","1","68K01","0","","2.0","","1","N","N","N","0","","0","0","0","0","0","","","1","1","0","0","0","1","0","2","0","1","","03","","N","","","","","","","","","",""
"2020079561","","1","0","0","0","0","0","0","0","0","7","0","","67","9","2020","7","39.945658","-75.235154","1301","6","0","0","0","0","0","0","0","0","","0","0","0","","","0","","11","","39 56:44.368","","0","75 14:06.554","0","0","0","0","67301","0","0","0","N","0","0","0","1","67301","0","","4.0","","9","N","N","Y","0","","0","0","0","0","0","","","1","0","0","0","0","0","0","2","0","1","","04","","N","","","","","","","","","",""
"2020076708","","1","0","0","0","0","0","0","0","0","1","0","","67","8","2020","2","39.958515","-75.166903","1639","6","0","0","0","0","0","1","0","0","","0","0","0","","","1","N","0","","39 57:30.654","4","0","75 10:00.849","4","0","0","0","67301","0","0","0","N","0","0","0","2","68K01","1","","1.0","1730.0","1","N","N","Y","0","","0","0","1","0","0","N","","2","1","0","0","0","0","0","2","0","2","","","","N","","","","","","","","","",""
"2020096001","","2","0","0","0","0","0","0","0","0","2","0","","67","11","2020","3","40.001422","-75.151546","1415","6","0","0","0","0","0","0","0","0","","0","0","0","","","1","","1","","40 00:05.120","","99","75 09:05.565","8","0","0","0","67301","0","0","0","N","0","0","0","2","67505","0","","1.0","","1","N","N","N","0","","0","0","1","2","3","N","","3","1","0","0","0","1","0","2","0","3","","03","","N","","","","","","","","","",""
"2020097682","","1","0","0","0","0","0","0","0","0","4","0","","67","11","2020","7","40.044342","-75.086197","1251","6","0","0","0","0","1","1","0","0","","0","0","0","","","1","N","0","","40 02:39.631","6","7","75 05:10.309","8","0","0","0","67301","0","0","0","N","0","0","0","2","67301","0","","1.0","1320.0","1","N","N","N","0","","0","0","1","0","0","N","","2","1","0","0","0","1","0","2","0","2","","03","","N","","","","","","","","","",""
"2020098010","","1","0","0","0","0","0","0","0","0","1","0","","67","11","2020","1","39.985621","-75.138468","1757","6","0","0","0","0","0","1","0","0","","0","0","0","","","0","N","0","","39 59:08.234","","0","75 08:18.485","0","0","0","0","67301","0","0","0","N","0","0","0","2","67301","0","","1.0","","1","N","N","Y","0","","0","0","1","0","0","","","2","0","2","0","0","0","0","2","0","2","","","","N","","","","","","","","","",""
"2020093665","","1","0","0","0","0","0","0","0","0","7","0","","67","11","2020","5","39.956558","-75.196786","0235","6","0","0","0","0","0","0","0","0","","0","0","0","","","1","Y","0","","39 57:23.608","","0","75 11:48.428","3","0","0","0","67301","0","0","0","N","0","0","0","2","67507","0","","5.0","","1","N","N","N","0","","1","0","0","0","0","","","1","1","0","0","0","0","0","2","0","1","","","","N","","","","","","","","","",""
"2020097585","","1","0","0","0","0","0","0","0","0","2","0","","67","11","2020","6","39.945656","-75.235183","0844","6","0","0","0","0","0","0","0","0","","0","0","0","","","1","","11","","39 56:44.360","","0","75 14:06.660","3","0","0","0","67301","0","0","0","N","0","0","0","3","67301","0","","1.0","","99","N","N","N","0","","1","0","1","0","0","","","2","1","1","0","0","0","1","2","0","2","","03","","N","","","","","","","","","",""
"2020068545","","2","0","0","0","0","0","0","0","0","4","0","","67","8","2020","2","39.945973","-75.21398","1112","6","0","0","0","0","0","0","1","0","","0","0","0","","","2","","1","","39 56:45.502","","0","75 12:50.328","3","0","0","0","67301","0","0","0","N","0","0","0","3","67301","0","","1.0","","1","N","N","N","0","","2","0","0","3","2","","","2","2","0","0","0","0","0","2","0","2","","03","","N","","","","","","","","","",""
"2020093436","","2","0","0","0","0","0","0","0","0","4","0","","67","11","2020","4","40.03145","-75.154773","1230","6","0","0","0","0","0","0","0","0","","0","0","0","","","0","","1","","40 01:53.219","","0","75 09:17.182","9","0","0","0","67301","0","0","0","N","0","0","0","2","67301","0","","1.0","","1","N","N","N","0","","0","0","0","3","2","","","2","0","0","0","0","0","2","2","0","2","","03","","N","","","","","","","","","",""
"2020069939","","1","0","0","0","0","0","0","0","0","4","0","","67","8","2020","6","39.936383","-75.218989","1137","6","0","0","0","0","0","0","0","0","","0","0","0","","","2","","1","","39 56:10.978","7","0","75 13:08.360","3","0","0","0","67301","0","0","0","N","0","0","0","2","67301","1","","1.0","1305.0","1","N","N","N","0","","1","0","1","3","2","Y","","2","2","0","0","0","0","0","2","0","2","","","","N","","","","","","","","","",""
"2020101045","","1","0","0","0","0","0","0","0","0","7","0","","67","11","2020","7","39.931099","-75.2429","0200","6","0","0","0","0","0","0","0","0","","0","0","0","","","0","N","0","","39 55:51.955","","0","75 14:34.439","0","0","0","0","67301","0","0","0","N","0","0","0","1","67301","0","","5.0","","1","N","N","N","0","","0","0","0","0","0","","","1","0","0","0","0","0","0","2","0","1","","03","","N","","","","","","","","","",""
"2020094297","","0","0","0","0","0","0","0","0","0","8","0","","67","11","2020","6","39.990438","-75.127049","1118","6","0","0","0","0","0","0","0","0","","0","0","0","","","1","","1","","39 59:25.575","","0","75 07:37.375","4","0","0","0","67301","2","0","0","N","2","0","0","3","67301","1","","1.0","","1","N","N","N","0","","0","0","1","3","2","","","3","1","0","0","0","0","0","2","0","1","","","","N","","","","","","","","","",""
"2020099881","","3","0","0","0","0","0","0","0","0","2","0","","67","11","2020","6","40.04731","-75.145506","1826","6","0","0","0","0","0","0","0","0","","0","0","0","","","1","N","0","","40 02:50.315","","0","75 08:43.823","3","0","0","0","67301","0","0","0","N","0","0","0","3","67301","0","","1.0","","1","N","N","Y","0","","1","0","0","0","0","","","3","1","0","0","0","0","0","2","0","3","","03","","N","","","","","","","","","",""
"2020108379","","1","0","0","0","0","0","0","0","0","2","0","","67","12","2020","6","40.043748","-75.002957","1333","6","0","0","0","0","0","0","0","0","","0","0","0","","","1","N","0","","40 02:37.492","2","0","75 00:10.645","3","0","0","0","67301","0","0","0","N","0","0","0","2","68K01","0","","4.0","1428.0","9","N","N","N","0","","1","0","1","0","0","N","","2","1","0","0","0","0","0","2","0","2","","07","","N","","","","","","","","","",""
"2020095772","","1","0","0","0","0","0","0","0","0","4","0","","67","11","2020","2","39.976336","-75.119753","1931","6","0","0","0","0","0","0","0","1","","0","0","0","","","1","","1","","39 58:34.809","","0","75 07:11.109","3","0","0","0","67301","0","0","0","N","0","0","0","2","67301","0","","1.0","","1","N","N","N","0","","1","0","1","3","2","","","2","1","0","0","0","0","0","2","0","2","","","","N","","","","","","","","","",""