"CRN","ARRIVAL_TM","AUTOMOBILE_COUNT","BELTED_DEATH_COUNT","BELTED_SUSP_SERIOUS_INJ_COUNT","BICYCLE_COUNT","BICYCLE_DEATH_COUNT","BICYCLE_SUSP_SERIOUS_INJ_COUNT","BUS_COUNT","CHLDPAS_DEATH_COUNT","CHLDPAS_SUSP_SERIOUS_INJ_COUNT","COLLISION_TYPE","COMM_VEH_COUNT","CONS_ZONE_SPD_LIM","COUNTY","CRASH_MONTH","CRASH_YEAR","DAY_OF_WEEK","DEC_LATITUDE","DEC_LONGITUDE","DISPATCH_TM","DISTRICT","DRIVER_COUNT_16YR","DRIVER_COUNT_17YR","DRIVER_COUNT_18YR","DRIVER_COUNT_19YR","DRIVER_COUNT_20YR","DRIVER_COUNT_50_64YR","DRIVER_COUNT_65_74YR","DRIVER_COUNT_75PLUS","EST_HRS_CLOSED","FATAL_COUNT","HEAVY_TRUCK_COUNT","HORSE_BUGGY_COUNT","HOUR_OF_DAY","ILLUMINATION","INJURY_COUNT","INTERSECTION_RELATED","INTERSECT_TYPE","LANE_CLOSED","LATITUDE","LN_CLOSE_DIR","LOCATION_TYPE","LONGITUDE","MAX_SEVERITY_LEVEL","MCYCLE_DEATH_COUNT","MCYCLE_SUSP_SERIOUS_INJ_COUNT","MOTORCYCLE_COUNT","MUNICIPALITY","NONMOTR_COUNT","NONMOTR_DEATH_COUNT","NONMOTR_SUSP_SERIOUS_INJ_COUNT","NTFY_HIWY_MAINT","PED_COUNT","PED_DEATH_COUNT","PED_SUSP_SERIOUS_INJ_COUNT","PERSON_COUNT","POLICE_AGCY","POSSIBLE_INJ_COUNT","RDWY_SURF_TYPE_CD","RELATION_TO_ROAD","ROADWAY_CLEARED","ROAD_CONDITION","SCH_BUS_IND","SCH_ZONE_IND","SECONDARY_CRASH","SMALL_TRUCK_COUNT","SPEC_JURIS_CD","SUSP_MINOR_INJ_COUNT","SUSP_SERIOUS_INJ_COUNT","SUV_COUNT","TCD_FUNC_CD","TCD_TYPE","TFC_DETOUR_IND","TIME_OF_DAY","TOTAL_UNITS","TOT_INJ_COUNT","UNBELTED_OCC_COUNT","UNB_DEATH_COUNT","UNB_SUSP_SERIOUS_INJ_COUNT","UNK_INJ_DEG_COUNT","UNK_INJ_PER_COUNT","URBAN_RURAL","VAN_COUNT","VEHICLE_COUNT","WEATHER1","WEATHER2","WORKERS_PRES","WORK_ZONE_IND","WORK_ZONE_LOC","WORK_ZONE_TYPE","WZ_CLOSE_DETOUR","WZ_FLAGGER","WZ_LAW_OFFCR_IND","WZ_LN_CLOSURE","WZ_MOVING","WZ_OTHER","WZ_SHLDER_MDN","WZ_WORKERS_INJ_KILLED"
"2020105508","","0","0","1","0","0","0","0","0","0","1","0","","67","11","2020","1","39.902854","-75.150843","2247","6","0","0","0","0","0","1","0","0","","0","0","0","","","1","N","0","","39 54:10.274","2","0","75 09:03.036","2","0","0","0","67301","0","0","0","N","0","0","0","2","68K01","0","","1.0","2317.0","9","N","N","Y","0","","0","1","2","0","0","N","","2","1","0","0","0","0","1","2","0","2","","03","","N","","","","","","","","","",""
"2020100360","","2","0","0","0","0","0","0","0","0","4","0","","67","11","2020","1","40.043155","-75.16721","1915","6","0","0","0","0","0","1","0","0","","0","0","0","","","1","","1","","40 02:35.358","","0","75 10:01.956","3","0","0","0","67301","0","0","0","N","0","0","0","2","67301","0","","1.0","","1","N","N","N","0","","1","0","0","9","1","","","2","1","1","0","0","0","0","2","0","2","","03","","N","","","","","","","","","",""
"2020068569","","1","0","0","0","0","0","0","0","0","7","0","","67","8","2020","2","39.922003","-75.190546","0534","6","0","0","0","0","0","0","0","0","","0","0","0","","","0","N","0","","39 55:19.211","3","0","75 11:25.964","0","0","0","0","67301","0","0","0","N","0","0","0","1","67301","0","","4.0","600.0","1","N","N","N","0","","0","0","0","0","0","N","","1","0","0","0","0","0","0","2","0","1","","03","","N","","","","","","","","","",""
"2020097803","","1","0","0","0","0","0","0","0","0","4","0","","67","11","2020","4","39.97037","-75.245229","2027","6","0","0","0","1","0","0","0","0","","0","0","0","","","0","","1","","39 58:13.333","","0","75 14:42.826","0","0","0","0","67301","0","0","0","N","0","0","0","2","67301","0","","1.0","","9","N","N","N","0","","0","0","0","3","2","","","2","0","0","0","0","0","0","2","1","2","","07","","N","","","","","","","","","",""
"2020103006","","1","0","0","0","0","0","0","0","0","8","0","","67","11","2020","4","39.96123","-75.146581","1602","6","0","0","0","0","0","0","0","0","","0","0","0","","","1","","1","","39 57:40.427","","0","75 08:47.691","3","0","0","0","67301","1","0","0","N","1","0","0","2","67301","0","","1.0","","1","N","N","N","0","","1","0","0","3","2","","","2","1","1","0","0","0","0","2","0","1","","03","","N","","","","","","","","","",""
"2020079483","","1","0","0","0","0","0","0","0","0","7","0","","67","9","2020","6","39.912889","-75.171306","2120","6","0","0","0","0","0","0","0","0","","0","0","0","","","0","N","0","","39 54:46.400","","0","75 10:16.700","9","0","0","0","67301","0","0","0","N","0","0","0","1","67301","0","","4.0","","1","N","N","N","0","","0","0","0","0","0","","","1","0","0","0","0","0","1","2","0","1","","03","","N","","","","","","","","","",""
"2020097837","","1","0","0","0","0","0","0","0","0","4","0","","67","11","2020","1","40.020517","-75.053726","2341","6","0","0","0","0","0","1","0","0","","0","0","0","","","1","","1","","40 01:13.862","","0","75 03:13.412","3","0","0","0","67301","0","0","0","N","0","0","0","3","67301","0","","1.0","","9","N","N","N","0","","1","0","1","9","2","","","2","1","0","0","0","0","1","2","0","2","","03","","N","","","","","","","","","",""
"2020101744","","1","0","0","0","0","0","0","0","0","4","0","","67","11","2020","4","40.039031","-75.088579","1853","6","0","0","0","0","0","1","0","0","","0","0","0","","","1","","2","","40 02:20.512","","0","75 05:18.886","3","0","0","0","67301","0","0","0","N","0","0","0","3","67301","0","","1.0","","1","N","N","Y","0","","1","0","1","0","0","","","2","1","0","0","0","0","0","2","0","2","","","","N","","","","","","","","","",""
"2020071352","","1","0","0","0","0","0","0","0","0","4","0","","67","8","2020","3","39.966978","-75.160344","0828","6","0","0","0","0","0","0","0","0","","0","0","0","","","0","","1","","39 58:01.122","","0","75 09:37.238","0","0","0","0","67301","0","0","0","N","0","0","0","2","67301","0","","1.0","","1","N","N","N","0","","0","0","1","3","2","","","2","0","0","0","0","0","0","2","0","2","","03","","N","","","","","","","","","",""
"2020077922","","2","0","0","0","0","0","0","0","0","1","0","","67","9","2020","2","40.03145","-75.154773","1955","6","0","0","0","0","0","1","0","0","","0","0","0","","","1","","1","","40 01:53.219","","0","75 09:17.182","8","0","0","0","67301","0","0","0","N","0","0","0","3","67301","0","","1.0","","1","N","N","N","0","","0","0","1","3","2","","","3","1","0","0","0","1","0","2","0","3","","03","","N","","","","","","","","","",""
"2020070940","","1","0","0","0","0","0","0","0","0","8","0","","67","8","2020","7","40.013164","-75.142342","2106","6","0","0","0","0","0","0","0","0","","0","0","0","","","1","N","0","","40 00:47.390","","0","75 08:32.430","3","0","0","0","67301","1","0","0","N","1","0","0","2","67301","0","","1.0","","99","N","N","N","0","","1","0","0","0","0","","","2","1","0","0","0","0","0","2","0","1","","03","","N","","","","","","","","","",""
"2020067833","","1","0","0","0","0","0","0","0","0","4","0","","67","8","2020","7","40.02299","-75.219299","0945","6","0","0","0","0","0","0","0","0","","0","0","0","","","0","","2","","40 01:22.764","","0","75 13:09.476","0","0","0","0","67301","0","0","0","N","0","0","0","2","67301","0","","1.0","","1","N","N","N","0","","0","0","1","3","3","","","2","0","0","0","0","0","0","2","0","2","","03","","N","","","","","","","","","",""
"2020076458","","0","0","0","0","0","0","0","0","0","1","0","","67","9","2020","6","39.984194","-75.152838","0033","6","0","0","0","0","0","1","0","0","","0","0","0","","","1","","1","","39 59:03.100","","0","75 09:10.215","4","0","0","0","67301","0","0","0","N","0","0","0","3","67505","1","","1.0","","1","N","N","N","0","","0","0","2","3","2","","","2","1","0","0","0","0","0","2","0","2","","03","","N","","","","","","","","","",""
"2020068798","","2","0","0","0","0","0","0","0","0","5","0","","67","8","2020","3","39.983056","-75.156848","1021","6","0","0","0","0","0","0","0","0","","0","0","0","","","0","Y","0","","39 58:59.002","","0","75 09:24.652","9","0","0","0","67301","0","0","0","N","0","0","0","2","67301","0","","1.0","","1","N","N","N","0","","0","0","0","3","2","","","3","0","0","0","0","0","1","2","1","3","","03","","N","","","","","","","","","",""
"2020088905","","0","0","0","0","0","0","0","0","0","8","0","","67","9","2020","1","39.961206","-75.224611","0755","6","0","0","0","0","0","0","0","0","","0","0","0","","","1","N","0","","39 57:40.342","","0","75 13:28.599","4","0","0","0","67301","1","0","0","N","1","0","0","2","67301","1","","1.0","","1","N","N","N","0","","0","0","0","0","0","","","2","1","0","0","0","0","0","2","1","1","","03","","N","","","","","","","","","",""
"2020087520","","1","0","0","0","0","0","0","0","0","4","0","","67","9","2020","3","39.977363","-75.227077","2040","6","0","0","0","0","0","1","0","0","","0","0","0","","","0","","3","","39 58:38.507","","0","75 13:37.478","0","0","0","0","67301","0","0","0","N","0","0","0","2","67301","0","","1.0","","1","N","N","N","0","","0","0","1","3","2","","","2","0","0","0","0","0","0","2","0","2","","03","","N","","","","","","","","","",""
"2020069029","","1","0","0","1","0","0","0","0","0","8","0","","67","8","2020","2","40.00973","-75.154714","2033","6","0","0","0","0","0","0","0","0","","0","0","0","","","1","","3","","40 00:35.027","1","0","75 09:16.971","8","0","0","0","67301","1","0","0","N","0","0","0","2","67301","0","","1.0","2158.0","1","N","N","N","0","","0","0","0","0","0","N","","2","1","0","0","0","1","0","2","0","1","","03","","N","","","","","","","","","",""
"2020076527","","2","0","0","0","0","0","0","0","0","4","0","","67","9","2020","6","40.059094","-75.075085","0034","6","0","1","0","0","0","0","0","0","","0","0","0","","","0","","1","","40 03:32.738","","0","75 04:30.306","0","0","0","1","67301","0","0","0","N","0","0","0","2","67301","0","","1.0","","1","N","N","N","1","","0","0","0","3","3","","","4","0","0","0","0","0","0","2","0","4","","03","","N","","","","","","","","","",""
"2020090796","","1","0","0","0","0","0","0","0","0","5","0","","67","10","2020","7","39.986991","-75.207917","1450","6","0","0","0","0","1","0","0","0","","0","0","0","","","1","N","0","","39 59:13.166","","0","75 12:28.500","3","0","0","0","67301","0","0","0","N","0","0","0","5","68K01","0","","1.0","","1","N","N","N","0","","1","0","1","3","8","","","2","1","0","0","0","0","0","2","0","2","","","","N","","","","","","","","","",""
"2020068542","","1","0","0","0","0","0","0","0","0","4","0","","67","8","2020","2","39.934714","-75.152346","1516","6","0","0","0","0","0","0","0","0","","0","0","0","","","1","","1","","39 56:04.970","","0","75 09:08.445","3","0","0","0","67301","0","0","0","N","0","0","0","2","67301","0","","1.0","","1","N","N","N","0","","1","0","1","3","2","","","2","1","1","0","0","0","0","2","0","2","","03","","N","","","","","","","","","",""
"2020078714","","1","0","0","0","0","0","0","0","0","4","0","","67","9","2020","4","40.04373","-75.085093","1235","6","0","0","0","0","0","0","0","0","","0","0","0","","","0","","1","","40 02:37.429","2","0","75 05:06.333","9","0","0","0","67301","0","0","0","N","0","0","0","4","67301","0","","1.0","1300.0","1","N","N","N","0","","0","0","1","3","2","Y","","2","0","0","0","0","0","2","2","0","2","","03","","N","","","","","","","","","",""
"2020068240","","2","0","0","0","0","0","0","0","0","4","0","","67","8","2020","1","40.07018","-75.166729","0940","6","0","0","0","0","0","1","1","0","","0","0","0","","","0","","1","","40 04:12.648","","0","75 10:00.224","0","0","0","0","67301","0","0","0","N","0","0","0","2","67301","0","","1.0","","1","N","N","N","0","","0","0","0","3","2","","","3","0","0","0","0","0","0","2","1","3","","03","","N","","","","","","","","","",""
"2020076880","","1","0","0","0","0","0","0","0","0","4","0","","67","9","2020","6","40.085028","-74.973225","1145","6","0","0","0","0","0","1","0","0","","0","0","0","","","2","N","0","","40 05:06.101","","7","74 58:23.611","4","0","0","0","67301","0","0","0","N","0","0","0","2","67301","1","","1.0","","1","N","N","N","0","","0","0","1","3","3","","","2","2","0","0","0","1","0","2","0","2","","03","","N","","","","","","","","","",""
"2020079137","","2","0","0","0","0","0","0","0","0","1","0","","67","9","2020","2","39.959543","-75.176176","1244","6","0","0","0","0","0","1","0","0","","0","0","0","","","1","N","0","","39 57:34.356","3","0","75 10:34.232","3","0","0","0","67301","0","0","0","N","0","0","0","2","68K01","0","","1.0","1256.0","1","N","N","N","0","","1","0","0","0","0","N","","2","1","0","0","0","0","0","2","0","2","","03","","N","","","","","","","","","",""
"2020068236","","0","0","0","0","0","0","0","0","0","6","0","","67","8","2020","6","40.046725","-74.995725","2206","6","0","0","0","0","0","1","0","0","","0","0","0","","","2","N","0","","40 02:48.210","6","0","74 59:44.610","3","0","0","0","67301","0","0","0","N","0","0","0","2","67301","0","","1.0","2300.0","1","N","N","N","1","","2","0","1","0","0","Y","","2","2","0","0","0","0","0","2","0","2","","03","","N","","","","","","","","","",""
"2020068239","","2","0","0","0","0","0","0","0","0","5","0","","67","8","2020","1","39.970036","-75.168378","0009","6","0","0","0","0","0","0","0","0","","0","0","0","","","0","Y","0","","39 58:12.130","","0","75 10:06.160","0","0","0","0","67301","0","0","0","N","0","0","0","1","67301","0","","6.0","","1","N","N","N","1","","0","0","4","0","0","","","7","0","0","0","0","0","0","2","0","7","","03","","N","","","","","","","","","",""
"2020075634","","2","0","0","0","0","0","0","0","0","4","0","","67","9","2020","1","40.01435","-75.17811","0230","6","0","0","0","0","0","0","0","0","","0","0","0","","","3","","1","","40 00:51.660","","3","75 10:41.196","3","0","0","0","67301","0","0","0","N","0","0","0","3","67301","0","","1.0","","1","N","N","N","0","","2","0","0","3","2","","","2","3","0","0","0","1","0","2","0","2","","03","","N","","","","","","","","","",""
"2020074256","","2","0","0","0","0","0","0","0","0","1","0","","67","9","2020","2","40.010905","-75.078081","2353","6","0","0","0","0","0","0","0","0","","0","0","0","","","1","N","0","","40 00:39.258","","0","75 04:41.091","3","0","0","0","67301","0","0","0","N","0","0","0","2","67301","0","","1.0","","1","N","N","N","0","","1","0","0","0","0","","","2","1","0","0","0","0","0","2","0","2","","03","","N","","","","","","","","","",""
"2020080626","","1","0","0","0","0","0","1","0","0","5","1","","67","9","2020","6","39.962821","-75.178228","1353","6","0","0","0","0","0","0","0","0","","0","0","0","","","2","","3","","39 57:46.155","","2","75 10:41.620","8","0","0","0","67301","0","0","0","N","0","0","0","12","67508","0","","1.0","","1","N","N","N","0","","0","0","0","0","0","","","2","2","0","0","0","2","7","2","0","2","","03","","N","","","","","","","","","",""
"2020067665","","1","0","0","0","0","0","0","0","0","4","0","","67","8","2020","7","40.02773","-75.10997","0048","6","0","0","1","0","0","0","0","0","","0","0","0","","","1","","1","","40 01:39.827","","0","75 06:35.893","3","0","0","1","67301","0","0","0","N","0","0","0","2","67301","0","","1.0","","1","N","N","N","0","","1","0","0","3","2","","","2","1","0","0","0","0","0","2","0","2","","","","N","","","","","","","","","",""
"2020066882","","2","0","0","0","0","0","0","0","0","4","0","","67","8","2020","4","39.930134","-75.230739","1100","6","0","0","0","0","0","0","0","0","","0","0","0","","","0","","2","","39 55:48.482","","0","75 13:50.660","9","0","0","0","67301","0","0","0","N","0","0","0","2","67301","0","","1.0","","9","N","N","N","0","","0","0","0","3","3","","","2","0","0","0","0","0","1","2","0","2","","07","","N","","","","","","","","","",""
"2020077906","","1","0","0","0","0","0","0","0","0","7","0","","67","9","2020","7","39.954417","-75.147917","1031","6","0","0","0","0","0","0","0","0","","0","0","0","","","1","N","0","","39 57:15.900","","4","75 08:52.500","3","0","0","0","67301","0","0","0","N","0","0","0","1","67301","0","","4.0","","1","N","N","N","0","","1","0","0","0","0","","","1","1","1","0","0","0","0","2","0","1","","03","","N","","","","","","","","","",""
"2020073160","","1","0","0","0","0","0","0","0","0","8","0","","67","9","2020","2","39.930288","-75.227638","1345","6","0","0","0","0","0","0","0","0","","0","0","0","","","1","N","0","","39 55:49.036","","0","75 13:39.496","3","0","0","0","67301","1","0","0","N","1","0","0","2","67301","0","","2.0","","1","N","N","N","0","","1","0","0","3","2","","","2","1","0","0","0","0","0","2","0","1","","","","N","","","","","","","","","",""
"2020074223","","2","0","0","0","0","0","0","0","0","2","0","","67","9","2020","2","39.941906","-75.235539","1527","6","0","0","0","0","0","1","0","0","","0","0","0","","","1","N","0","","39 56:30.860","","0","75 14:07.940","3","0","0","0","67301","0","0","0","N","0","0","0","3","67301","0","","9.0","","1","N","N","N","0","","1","0","0","0","0","","","2","1","3","0","0","0","2","2","0","2","","03","","N","","","","","","","","","",""
"2020067748","","1","0","0","0","0","0","0","0","0","1","0","","67","8","2020","7","39.975575","-75.158609","1055","6","0","0","0","0","0","0","0","0","","0","0","0","","","3","N","0","","39 58:32.069","","0","75 09:30.992","8","0","0","0","67301","0","0","0","N","0","0","0","4","67505","0","","6.0","","1","N","N","Y","0","","0","0","1","0","0","","","2","3","0","0","0","3","1","2","0","2","","03","","N","","","","","","","","","",""
"2020078527","","0","0","0","0","0","0","0","0","0","7","0","","67","9","2020","3","39.939947","-75.238261","1032","6","0","0","0","0","0","0","0","0","","0","0","0","","","0","N","0","","39 56:23.810","","0","75 14:17.740","0","0","0","0","67301","0","0","0","N","0","0","0","1","67301","0","","4.0","","1","N","N","N","0","","0","0","0","0","0","","","1","0","0","0","0","0","0","2","1","1","","03","","N","","","","","","","","","",""
"2020070147","","1","0","0","0","0","0","0","0","0","8","0","","67","8","2020","4","39.97186","-75.244901","2230","6","0","0","0","0","0","0","0","0","","0","0","0","","","1","","1","","39 58:18.695","","0","75 14:41.643","2","0","0","0","67301","1","0","1","N","1","0","1","2","67301","0","","1.0","","1","N","N","N","0","","0","1","0","3","2","","","2","1","0","0","0","0","0","2","0","1","","03","","N","","","","","","","","","",""
"2020069822","","1","0","0","0","0","0","0","0","0","5","0","","67","8","2020","6","40.036065","-75.127656","0215","6","0","0","0","0","0","1","0","0","","0","0","0","","","0","","1","","40 02:09.834","","0","75 07:39.560","9","0","0","0","67301","0","0","0","N","0","0","0","2","67301","0","","1.0","","1","N","N","N","0","","0","0","1","3","2","","","2","0","0","0","0","0","1","2","0","2","","03","","N","","","","","","","","","",""
"2020075132","","1","0","0","0","0","0","0","0","0","4","0","","67","9","2020","2","40.025787","-75.132824","0302","6","0","0","0","0","0","0","0","0","","0","0","0","","","0","","1","","40 01:32.833","","0","75 07:58.166","0","0","0","0","67301","0","0","0","N","0","0","0","3","67301","0","","1.0","","1","N","N","N","0","","0","0","0","3","2","","","2","0","0","0","0","0","0","2","1","2","","","","N","","","","","","","","","",""
"2020106820","","3","0","0","0","0","0","0","0","0","2","0","","67","12","2020","5","40.030591","-75.146585","0823","6","0","0","0","0","0","1","1","0","","1","0","0","","","1","","1","","40 01:50.128","5","0","75 08:47.706","1","0","0","0","67301","0","0","0","N","0","0","0","3","67301","0","2","1.0","1201.0","1","N","N","N","0","0","1","0","0","9","2","Y","","3","1","0","0","0","0","0","2","0","3","","","","N","","","","","","","","","",""
"2020077353","","1","0","0","0","0","0","0","0","0","7","0","","67","9","2020","1","40.079989","-74.997289","2047","6","0","0","0","0","0","1","0","0","","0","0","0","","","1","","2","","40 04:47.959","","0","74 59:50.241","3","0","0","0","67301","0","0","0","N","0","0","0","1","67301","0","","4.0","","1","N","N","N","0","","1","0","0","3","2","","","1","1","0","0","0","0","0","2","0","1","","03","","N","","","","","","","","","",""
"2020075062","","1","0","0","0","0","0","0","0","0","7","0","","67","9","2020","1","40.111159","-75.024374","1606","6","0","0","0","0","1","0","0","0","","0","0","0","","","1","","1","","40 06:40.171","","0","75 01:27.748","3","0","0","0","67301","0","0","0","N","0","0","0","2","67301","0","","4.0","","1","N","N","N","0","","1","0","0","3","2","","","1","1","0","0","0","0","0","2","0","1","","","","N","","","","","","","","","",""
"2020078529","","2","0","0","0","0","0","0","0","0","4","0","","67","9","2020","4","40.033736","-75.145899","1630","6","0","0","0","0","0","0","0","0","","0","0","0","","","1","","1","","40 02:01.450","1","0","75 08:45.237","3","0","0","0","67301","0","0","0","N","0","0","0","2","67301","0","","1.0","1645.0","1","N","N","N","0","","1","0","0","3","2","N","","2","1","0","0","0","0","0","2","0","2","","","","N","","","","","","","","","",""
"2020069931","","2","0","0","0","0","0","0","0","0","4","0","","67","8","2020","5","39.92165","-75.242695","0310","6","0","0","0","0","0","1","0","0","","0","0","0","","","1","","1","","39 55:17.939","","0","75 14:33.701","3","0","0","0","67301","0","0","0","N","0","0","0","2","67301","0","","1.0","","1","N","N","N","0","","1","0","0","3","2","","","2","1","0","0","0","0","1","2","0","2","","03","","N","","","","","","","","","",""
"2020078616","","2","0","0","0","0","0","0","0","0","4","0","","67","9","2020","4","39.974748","-75.236524","2120","6","0","0","0","0","0","0","0","0","","0","0","0","","","0","","1","","39 58:29.092","","0","75 14:11.486","9","0","0","0","67301","0","0","0","N","0","0","0","2","67301","0","","1.0","","1","N","Y","N","0","","0","0","0","3","3","","","2","0","0","0","0","0","1","2","0","2","","03","","N","","","","","","","","","",""
"2020068244","","0","0","0","0","0","0","0","0","0","7","0","","67","8","2020","1","40.028108","-75.057523","0519","6","0","0","0","0","0","0","0","0","","0","0","0","","","0","N","0","","40 01:41.189","","0","75 03:27.083","0","0","0","0","67301","0","0","0","N","0","0","0","1","67301","0","","5.0","","1","N","N","N","0","","0","0","1","0","0","","","1","0","0","0","0","0","0","2","0","1","","03","","N","","","","","","","","","",""
"2020073380","","2","0","0","0","0","0","0","0","0","4","0","","67","9","2020","3","39.989919","-75.184391","1726","6","0","0","1","0","0","0","0","0","","0","0","0","","","2","","1","","39 59:23.708","","0","75 11:03.808","4","0","0","0","67301","0","0","0","N","0","0","0","5","67301","1","","1.0","","1","N","N","N","0","","0","0","1","3","2","","","3","2","1","0","0","1","0","2","0","3","","03","","N","","","","","","","","","",""
"2020068256","","2","0","0","0","0","0","0","0","0","4","0","","67","8","2020","7","39.984408","-75.15441","1156","6","0","0","0","0","0","0","0","0","","0","0","0","","","2","","1","","39 59:03.868","","0","75 09:15.876","3","0","0","0","67301","0","0","0","N","0","0","0","3","67301","0","","1.0","","1","N","N","N","0","","2","0","0","3","2","","","2","2","0","0","0","0","0","2","0","2","","03","","N","","","","","","","","","",""
"2020068246","","0","0","0","0","0","0","0","0","0","4","0","","67","8","2020","5","39.985761","-75.215703","2325","6","0","0","0","0","0","0","0","0","","0","0","0","","","1","","1","","39 59:08.741","","0","75 12:56.531","8","0","0","1","67301","0","0","0","N","0","0","0","2","67301","0","","1.0","","1","N","N","N","0","","0","0","1","3","2","","","2","1","0","0","0","1","1","2","0","2","","03","","N","","","","","","","","","",""
"2020078893","","1","0","0","0","0","0","0","0","0","4","0","","67","9","2020","3","39.936493","-75.14868","0018","6","0","0","0","0","0","0","0","0","","0","0","0","","","0","","1","","39 56:11.376","","0","75 08:55.247","0","0","0","0","67301","0","0","0","N","0","0","0","2","67301","0","","1.0","","1","N","N","N","0","","0","0","0","9","3","","","2","0","1","0","0","0","0","2","1","2","","03","","N","","","","","","","","","",""
"2020069946","","2","0","0","0","0","0","0","0","0","4","0","","67","8","2020","2","39.926089","-75.242361","0015","6","0","0","0","0","0","0","0","0","","0","0","0","","","1","","1","","39 55:33.920","","0","75 14:32.499","3","0","0","0","67301","0","0","0","N","0","0","0","2","67301","0","","1.0","","9","N","N","N","0","","1","0","0","3","2","","","2","1","0","0","0","0","0","2","0","2","","03","","N","","","","","","","","","",""
"2020067529","","1","0","0","0","0","0","0","0","0","4","0","","67","8","2020","5","40.035351","-75.132773","2324","6","0","0","0","0","0","0","0","0","","0","0","0","","","1","","1","","40 02:07.263","","0","75 07:57.982","3","0","0","0","67301","0","0","0","N","0","0","0","2","67301","0","","1.0","","1","N","N","N","0","","1","0","1","3","3","","","2","1","0","0","0","0","0","2","0","2","","03","","N","","","","","","","","","",""
"2020078866","","2","0","0","0","0","0","0","0","0","4","0","","67","9","2020","3","40.024719","-75.081924","2202","6","0","0","0","0","0","0","0","0","","0","0","0","","","1","","1","","40 01:28.988","","0","75 04:54.926","3","0","0","0","67301","0","0","0","N","0","0","0","2","67301","0","","1.0","","1","N","N","N","0","","1","0","0","3","3","","","2","1","0","0","0","0","1","2","0","2","","03","","N","","","","","","","","","",""
"2020078381","","1","0","0","0","0","0","0","0","0","1","0","","67","9","2020","3","39.949773","-75.183996","1454","6","0","0","0","0","0","0","0","1","","0","0","0","","","1","N","0","","39 56:59.183","","0","75 11:02.385","8","0","0","0","67301","0","0","0","N","0","0","0","3","68K01","0","","1.0","","1","N","N","N","1","","0","0","1","0","0","","","3","1","0","0","0","1","0","2","0","3","","","","N","","","","","","","","","",""
"2020083559","","1","0","0","0","0","0","0","0","0","1","0","","67","10","2020","3","40.031712","-75.053343","2016","6","0","0","0","0","0","0","0","0","","0","0","0","","","1","","1","","40 01:54.162","","0","75 03:12.035","3","0","0","0","67301","0","0","0","N","0","0","0","3","67301","0","","1.0","","1","N","N","N","0","","1","0","1","3","2","","","2","1","0","0","0","0","0","2","0","2","","","","N","","","","","","","","","",""
"2020070332","","2","0","0","0","0","0","0","0","0","1","0","","67","8","2020","1","40.033115","-75.145921","2210","6","0","0","0","0","0","0","0","0","","0","0","0","","","1","N","0","","40 01:59.214","1","0","75 08:45.317","8","0","0","0","67301","0","0","0","N","0","0","0","2","67301","0","","1.0","2301.0","9","N","N","N","0","","0","0","0","0","0","N","","2","1","0","0","0","1","1","2","0","2","","04","","N","","","","","","","","","",""
"2020086621","","1","0","0","0","0","0","0","0","0","2","0","","67","10","2020","4","39.978946","-75.182514","1350","6","0","0","0","0","0","0","0","0","","0","0","0","","","1","","1","","39 58:44.204","","0","75 10:57.052","3","0","0","0","67301","0","0","0","N","0","0","0","3","67301","0","","1.0","","1","N","N","N","1","","1","0","0","3","2","","","2","1","0","0","0","0","0","2","0","2","","03","","N","","","","","","","","","",""
"2020069916","","0","0","0","0","0","0","0","0","0","4","0","","67","8","2020","3","39.963296","-75.167804","1626","6","0","0","0","0","0","0","0","0","","0","0","0","","","1","","1","","39 57:47.867","","0","75 10:04.096","3","0","0","1","67301","0","0","0","N","0","0","0","2","67301","0","","1.0","","1","N","N","N","0","","1","0","1","3","2","","","2","1","0","0","0","0","0","2","0","2","","03","","N","","","","","","","","","",""
"2020083222","","1","0","0","0","0","0","0","0","0","5","0","","67","9","2020","1","39.965063","-75.137742","0021","6","0","0","0","0","0","1","1","0","","0","0","0","","","0","N","0","","39 57:54.227","","0","75 08:15.872","0","0","0","0","67301","0","0","0","N","0","0","0","2","68K01","0","","1.0","","1","N","N","N","0","","0","0","1","0","0","","","2","0","0","0","0","0","0","2","0","2","","","","N","","","","","","","","","",""
"2020071976","","2","0","0","0","0","0","0","0","0","4","0","","67","8","2020","6","40.047058","-75.142875","1617","6","0","0","0","0","0","1","0","0","","0","0","0","","","1","N","0","","40 02:49.408","","7","75 08:34.351","3","0","0","0","67301","0","0","0","N","0","0","0","3","67301","0","","1.0","","1","N","N","N","0","","1","0","1","0","0","","","3","1","0","0","0","0","0","2","0","3","","03","","N","","","","","","","","","",""
"2020077695","","2","0","0","0","0","0","0","0","0","4","0","","67","9","2020","1","39.937941","-75.23111","1235","6","0","0","0","0","0","1","0","0","","0","0","0","","","1","","1","","39 56:16.587","","0","75 13:51.996","8","0","0","0","67301","0","0","0","N","0","0","0","4","67301","0","","1.0","","1","N","N","N","0","","0","0","1","3","2","","","3","1","4","0","0","1","0","2","0","3","","03","","N","","","","","","","","","",""
"2020069025","","2","0","0","0","0","0","0","0","0","4","0","","67","8","2020","2","39.959472","-75.233175","1633","6","0","0","0","0","0","0","0","0","","0","0","0","","","2","","1","","39 57:34.098","3","0","75 13:59.431","3","0","0","0","67301","1","0","0","N","1","0","0","3","67301","0","","1.0","1930.0","1","N","N","N","0","","2","0","0","3","2","N","","3","2","1","0","0","0","0","2","0","2","","03","","N","","","","","","","","","",""