"CRN","ARRIVAL_TM","AUTOMOBILE_COUNT","BELTED_DEATH_COUNT","BELTED_SUSP_SERIOUS_INJ_COUNT","BICYCLE_COUNT","BICYCLE_DEATH_COUNT","BICYCLE_SUSP_SERIOUS_INJ_COUNT","BUS_COUNT","CHLDPAS_DEATH_COUNT","CHLDPAS_SUSP_SERIOUS_INJ_COUNT","COLLISION_TYPE","COMM_VEH_COUNT","CONS_ZONE_SPD_LIM","COUNTY","CRASH_MONTH","CRASH_YEAR","DAY_OF_WEEK","DEC_LATITUDE","DEC_LONGITUDE","DISPATCH_TM","DISTRICT","DRIVER_COUNT_16YR","DRIVER_COUNT_17YR","DRIVER_COUNT_18YR","DRIVER_COUNT_19YR","DRIVER_COUNT_20YR","DRIVER_COUNT_50_64YR","DRIVER_COUNT_65_74YR","DRIVER_COUNT_75PLUS","EST_HRS_CLOSED","FATAL_COUNT","HEAVY_TRUCK_COUNT","HORSE_BUGGY_COUNT","HOUR_OF_DAY","ILLUMINATION","INJURY_COUNT","INTERSECTION_RELATED","INTERSECT_TYPE","LANE_CLOSED","LATITUDE","LN_CLOSE_DIR","LOCATION_TYPE","LONGITUDE","MAX_SEVERITY_LEVEL","MCYCLE_DEATH_COUNT","MCYCLE_SUSP_SERIOUS_INJ_COUNT","MOTORCYCLE_COUNT","MUNICIPALITY","NONMOTR_COUNT","NONMOTR_DEATH_COUNT","NONMOTR_SUSP_SERIOUS_INJ_COUNT","NTFY_HIWY_MAINT","PED_COUNT","PED_DEATH_COUNT","PED_SUSP_SERIOUS_INJ_COUNT","PERSON_COUNT","POLICE_AGCY","POSSIBLE_INJ_COUNT","RDWY_SURF_TYPE_CD","RELATION_TO_ROAD","ROADWAY_CLEARED","ROAD_CONDITION","SCH_BUS_IND","SCH_ZONE_IND","SECONDARY_CRASH","SMALL_TRUCK_COUNT","SPEC_JURIS_CD","SUSP_MINOR_INJ_COUNT","SUSP_SERIOUS_INJ_COUNT","SUV_COUNT","TCD_FUNC_CD","TCD_TYPE","TFC_DETOUR_IND","TIME_OF_DAY","TOTAL_UNITS","TOT_INJ_COUNT","UNBELTED_OCC_COUNT","UNB_DEATH_COUNT","UNB_SUSP_SERIOUS_INJ_COUNT","UNK_INJ_DEG_COUNT","UNK_INJ_PER_COUNT","URBAN_RURAL","VAN_COUNT","VEHICLE_COUNT","WEATHER1","WEATHER2","WORKERS_PRES","WORK_ZONE_IND","WORK_ZONE_LOC","WORK_ZONE_TYPE","WZ_CLOSE_DETOUR","WZ_FLAGGER","WZ_LAW_OFFCR_IND","WZ_LN_CLOSURE","WZ_MOVING","WZ_OTHER","WZ_SHLDER_MDN","WZ_WORKERS_INJ_KILLED"
"2020067673","","2","0","0","0","0","0","0","0","0","4","0","","67","8","2020","6","40.004314","-75.128004","1220","6","0","0","0","0","0","0","0","0","","0","0","0","","","1","N","1","","40 00:15.530","5","0","75 07:40.814","4","0","0","0","67301","0","0","0","N","0","0","0","2","67301","1","","1.0","213.0","1","N","N","N","0","","0","0","0","3","2","Y","","2","1","0","0","0","0","0","2","0","2","","03","","N","","","","","","","","","",""
"2020077917","","1","0","0","0","0","0","0","0","0","8","0","","67","9","2020","2","39.998614","-75.113631","2110","6","0","0","0","0","0","0","0","0","","0","0","0","","","1","N","0","","39 59:55.010","","0","75 06:49.070","3","0","0","0","67301","1","0","0","N","1","0","0","2","67301","0","","1.0","","1","N","N","N","0","","1","0","0","0","0","","","2","1","0","0","0","0","0","2","0","1","","","","N","","","","","","","","","",""
"2020069381","","1","0","0","0","0","0","0","0","0","7","0","","67","8","2020","2","39.921045","-75.148113","2022","6","0","0","0","0","0","0","0","0","","0","0","0","","","0","N","0","","39 55:15.761","2","0","75 08:53.208","0","0","0","0","67301","0","0","0","N","0","0","0","1","68K01","0","","2.0","2025.0","1","N","N","N","0","","0","0","0","0","0","N","","1","0","0","0","0","0","0","2","0","1","","","","N","","","","","","","","","",""
"2020077114","","0","0","0","0","0","0","0","0","0","7","0","","67","9","2020","7","40.02673","-75.097199","2310","6","0","0","0","0","0","0","0","0","","0","0","0","","","0","N","0","","40 01:36.229","","0","75 05:49.917","0","0","0","0","67301","0","0","0","N","0","0","0","1","67301","0","","3.0","","1","N","N","N","0","","0","0","1","0","0","","","1","0","0","0","0","0","0","2","0","1","","03","","N","","","","","","","","","",""
"2020069934","","1","0","0","1","0","0","0","0","0","8","0","","67","8","2020","5","39.945479","-75.220409","1400","6","0","0","0","0","0","0","0","0","","0","0","0","","","1","","1","","39 56:43.724","","0","75 13:13.472","4","0","0","0","67301","1","0","0","N","0","0","0","2","67301","1","","1.0","","1","N","N","N","0","","0","0","0","3","3","","","2","1","1","0","0","0","0","2","0","1","","03","","N","","","","","","","","","",""
"2020077908","","1","0","0","0","0","0","0","0","0","4","0","","67","9","2020","2","39.961402","-75.148177","2057","6","0","0","0","0","0","1","0","0","","0","0","0","","","2","","1","","39 57:41.048","","0","75 08:53.436","3","0","0","0","67301","0","0","0","N","0","0","0","3","67301","0","","1.0","","1","N","N","N","0","","2","0","1","3","2","","","2","2","0","0","0","0","1","2","0","2","","","","N","","","","","","","","","",""
"2020075816","","4","0","0","0","0","0","0","0","0","4","0","","67","9","2020","3","39.959035","-75.229632","0736","6","0","0","0","0","0","1","0","0","","0","0","0","","","0","","2","","39 57:32.527","","6","75 13:46.676","0","0","0","0","67301","0","0","0","N","0","0","0","2","67301","0","","1.0","","1","N","N","N","0","","0","0","0","3","3","","","4","0","0","0","0","0","0","2","0","4","","03","","N","","","","","","","","","",""
"2020075171","","0","0","0","0","0","0","0","0","0","7","0","","67","9","2020","5","40.047586","-75.000955","0315","6","0","0","0","1","0","0","0","0","","0","0","0","","","1","N","0","","40 02:51.311","2","2","75 00:03.438","8","0","0","0","67301","0","0","0","N","0","0","0","1","68K01","0","","4.0","400.0","9","N","N","N","0","","0","0","1","0","0","N","","1","1","0","0","0","1","0","2","0","1","","","","N","","","","","","","","","",""
"2020076965","","0","0","0","0","0","0","0","0","0","1","0","99","67","9","2020","7","39.986645","-75.256932","1130","6","0","0","0","0","0","0","0","0","","0","0","0","","","0","N","0","","39 59:11.923","","0","75 15:24.956","0","0","0","0","67301","0","0","0","N","0","0","0","2","67301","0","","1.0","","1","N","N","N","0","","0","0","1","0","0","","","2","0","0","0","0","0","0","2","1","2","","03","U","Y","4","1","","","U","Y","","","","N"
"2020078895","","0","0","0","0","0","0","0","0","0","7","0","99","67","9","2020","1","39.947605","-75.141281","0312","6","0","0","0","0","0","0","0","0","","0","0","0","","","1","N","0","","39 56:51.377","1","0","75 08:28.610","2","0","1","1","67301","0","0","0","N","0","0","0","1","67301","0","","4.0","450.0","1","N","N","N","0","","0","1","0","0","0","N","","1","1","0","0","0","0","0","2","0","1","","03","U","Y","4","1","","","U","","","","Y","N"
"2020068791","","0","0","0","0","0","0","0","0","0","7","0","","67","8","2020","2","40.028891","-75.0585","1102","6","0","0","0","0","0","0","0","0","","0","0","0","","","1","N","0","","40 01:44.008","","0","75 03:30.600","3","0","0","0","67301","0","0","0","N","0","0","0","1","67301","0","","4.0","","1","N","N","N","0","","1","0","1","0","0","","","2","1","0","0","0","0","0","2","0","1","","","","N","","","","","","","","","",""
"2020081634","","0","0","0","0","0","0","0","0","0","8","0","","67","10","2020","5","39.95115","-75.155197","1300","6","0","0","0","0","0","1","0","0","","0","0","0","","","1","N","0","","39 57:04.140","","0","75 09:18.710","3","0","0","0","67301","1","0","0","N","1","0","0","2","67301","0","","6.0","","1","N","N","N","0","","1","0","1","0","0","","","2","1","0","0","0","0","0","2","0","1","","03","","N","","","","","","","","","",""
"2020078080","","1","0","0","0","0","0","0","0","0","8","0","","67","9","2020","3","39.998832","-75.119011","1536","6","0","0","0","0","0","0","0","0","","0","0","0","","","2","","1","","39 59:55.795","","0","75 07:08.439","4","0","0","0","67301","2","0","0","N","2","0","0","3","67301","2","","1.0","","1","N","N","N","0","","0","0","0","0","0","","","3","2","0","0","0","0","0","2","0","1","","03","","N","","","","","","","","","",""
"2020079249","","1","0","0","0","0","0","0","0","0","4","0","","67","9","2020","2","39.995064","-75.150476","1316","6","0","0","0","0","0","1","0","0","","0","0","0","","","1","","1","","39 59:42.230","","0","75 09:01.713","3","0","0","0","67301","0","0","0","N","0","0","0","2","67301","0","","1.0","","1","N","N","N","1","","1","0","0","3","2","","","3","1","0","0","0","0","0","2","1","3","","","","N","","","","","","","","","",""
"2020068540","","1","0","0","0","0","0","0","0","0","4","0","","67","8","2020","2","40.072892","-75.075887","1615","6","0","0","0","1","0","2","0","0","","0","0","0","","","3","","1","","40 04:22.410","1","0","75 04:33.193","3","0","0","0","67301","0","0","0","N","0","0","0","4","67301","0","","1.0","1645.0","1","N","N","N","0","","3","0","2","3","2","N","","3","3","0","0","0","0","0","2","0","3","","03","","N","","","","","","","","","",""
"2020079686","","1","0","0","0","0","0","0","0","0","4","0","","67","9","2020","4","39.973237","-75.212226","0614","6","0","0","0","0","1","0","0","0","","0","0","0","","","1","","1","","39 58:23.653","6","0","75 12:44.012","3","0","0","0","67301","0","0","0","N","0","0","0","2","67301","0","","1.0","635.0","1","N","N","Y","0","","1","0","1","3","2","Y","","2","1","0","0","0","0","1","2","0","2","","","","N","","","","","","","","","",""
"2020079573","","1","0","0","0","0","0","0","0","0","4","0","","67","9","2020","6","40.005602","-75.102999","1119","6","0","0","0","0","0","1","0","0","","0","0","0","","","1","N","0","","40 00:20.168","","7","75 06:10.797","8","0","0","1","67301","0","0","0","N","0","0","0","2","67301","0","","1.0","","1","N","N","N","0","","0","0","0","0","0","","","2","1","0","0","0","1","0","2","0","2","","03","","N","","","","","","","","","",""
"2020067896","","2","0","0","0","0","0","0","0","0","1","0","","67","8","2020","6","40.019389","-75.160389","2307","6","0","0","0","0","1","0","0","0","","0","0","0","","","0","N","0","","40 01:09.800","","0","75 09:37.400","0","0","0","0","67301","0","0","0","N","0","0","0","3","67301","0","","1.0","","1","N","N","N","0","","0","0","0","0","0","","","2","0","2","0","0","0","0","2","0","2","","03","","N","","","","","","","","","",""
"2020077071","","2","0","0","0","0","0","0","0","0","1","0","","67","9","2020","7","40.019487","-75.146911","0003","6","0","0","0","0","0","1","0","0","","0","0","0","","","0","N","0","","40 01:10.154","1","0","75 08:48.879","0","0","0","0","67301","0","0","0","N","0","0","0","4","67301","0","","1.0","140.0","1","N","N","N","0","","0","0","1","0","0","Y","","4","0","0","0","0","0","0","2","0","4","","03","","N","","","","","","","","","",""
"2020080063","","2","0","0","0","0","0","0","0","0","4","0","","67","9","2020","1","40.018","-75.172778","1814","6","0","0","0","0","0","1","0","0","","0","0","0","","","2","","2","","40 01:04.800","","0","75 10:22.000","3","0","0","0","67301","0","0","0","N","0","0","0","3","67301","0","","1.0","","1","N","N","N","0","","2","0","0","0","0","","","2","2","0","0","0","0","0","2","0","2","","03","","N","","","","","","","","","",""
"2020080307","","0","0","0","0","0","0","0","0","0","1","0","","67","9","2020","4","40.118194","-75.006889","1300","6","0","0","0","0","0","1","0","0","","0","0","0","","","1","N","0","","40 07:05.500","","0","75 00:24.800","3","0","0","0","67301","0","0","0","N","0","0","0","3","67301","0","","1.0","","1","N","N","N","0","","1","0","2","0","0","","","2","1","3","0","0","0","0","2","0","2","","","","N","","","","","","","","","",""
"2020069950","","1","0","0","0","0","0","0","0","0","5","0","","67","8","2020","3","39.920131","-75.213117","1622","6","0","0","0","0","0","0","0","0","","0","0","0","","","1","N","0","","39 55:12.470","","0","75 12:47.220","3","0","0","1","67301","0","0","0","N","0","0","0","2","67301","0","","1.0","","1","N","N","N","0","","1","0","0","0","0","","","2","1","0","0","0","0","0","2","0","2","","03","","N","","","","","","","","","",""
"2020083035","","0","0","0","0","0","0","0","0","0","5","0","","67","9","2020","6","40.035456","-75.147044","1640","6","0","0","0","0","0","0","0","0","","0","0","0","","","0","N","0","","40 02:07.640","","0","75 08:49.360","0","0","0","0","67301","0","0","0","N","0","0","0","1","67301","0","","6.0","","1","N","N","N","0","","0","0","1","0","0","","","2","0","0","0","0","0","0","2","0","2","","03","","N","","","","","","","","","",""
"2020079779","","2","0","0","0","0","0","0","0","0","4","0","","67","9","2020","2","40.014648","-75.107384","0214","6","0","0","0","0","0","0","0","0","","0","0","0","","","1","","1","","40 00:52.732","","0","75 06:26.582","8","0","0","0","67301","0","0","0","N","0","0","0","3","67301","0","","1.0","","98","N","N","N","0","","0","0","1","3","2","","","3","1","1","0","0","1","1","2","0","3","","04","","N","","","","","","","","","",""
"2020067015","","2","0","0","0","0","0","0","0","0","4","0","","67","8","2020","4","39.958734","-75.155143","1400","6","0","0","0","0","0","1","0","0","","0","0","0","","","1","","5","","39 57:31.443","","0","75 09:18.514","3","0","0","0","67301","0","0","0","N","0","0","0","3","67301","0","","1.0","","9","N","N","N","0","","1","0","0","3","2","","","2","1","0","0","0","0","0","2","0","2","","","","N","","","","","","","","","",""
"2020081637","","0","0","0","0","0","0","0","0","0","4","0","","67","9","2020","3","40.013808","-75.125725","1600","6","0","0","0","0","0","0","0","0","","0","0","0","","","1","N","0","","40 00:49.710","","7","75 07:32.610","8","0","0","1","67301","0","0","0","N","0","0","0","2","67301","0","","1.0","","1","N","N","N","0","","0","0","0","0","0","","","2","1","0","0","0","1","0","2","1","2","","03","","N","","","","","","","","","",""
"2020075027","","1","0","0","0","0","0","0","0","0","7","0","","67","9","2020","5","39.933118","-75.23771","1757","6","0","0","0","0","0","0","0","0","","0","0","0","","","1","N","0","","39 55:59.223","","0","75 14:15.757","3","0","0","0","67301","0","0","0","N","0","0","0","1","67301","0","","4.0","","1","N","N","N","0","","1","0","0","0","0","","","1","1","0","0","0","0","0","2","0","1","","03","","N","","","","","","","","","",""
"2020068248","","1","0","0","0","0","0","0","0","0","5","0","","67","8","2020","6","39.95876","-75.227396","1817","6","0","0","0","0","0","0","0","0","","0","0","0","","","2","N","0","","39 57:31.536","","0","75 13:38.624","3","0","0","0","67301","0","0","0","N","0","0","0","3","67301","0","","1.0","","99","N","N","N","1","","2","0","0","0","0","","","2","2","1","0","0","0","0","2","0","2","","","","N","","","","","","","","","",""
"2020078190","","3","0","0","0","0","0","0","0","0","4","0","","67","9","2020","3","39.980224","-75.157607","2109","6","0","0","0","0","0","2","0","0","","0","0","0","","","5","","1","","39 58:48.805","5","0","75 09:27.384","8","0","0","0","67301","2","0","0","N","2","0","0","7","67301","0","","1.0","2300.0","1","N","N","N","0","","0","0","1","3","2","Y","","6","5","0","0","0","5","1","2","0","4","","03","","N","","","","","","","","","",""
"2020070140","","2","0","0","0","0","0","0","0","0","1","0","","67","8","2020","3","40.027414","-75.09915","1556","6","0","0","0","0","1","0","0","0","","0","0","0","","","2","","2","","40 01:38.692","","0","75 05:56.941","3","0","0","0","67301","0","0","0","N","0","0","0","3","67301","0","","1.0","","1","N","N","N","0","","2","0","0","3","2","","","2","2","0","0","0","0","1","2","0","2","","","","N","","","","","","","","","",""
"2020076655","","0","0","0","1","0","0","0","0","0","8","0","","67","9","2020","4","40.001839","-75.152743","1730","6","0","0","0","0","0","0","0","0","","0","0","0","","","1","N","0","","40 00:06.620","","0","75 09:09.875","3","0","0","0","67301","1","0","0","N","0","0","0","2","67301","0","","1.0","","1","N","N","N","0","","1","0","0","0","0","","","2","1","0","0","0","0","0","2","0","1","","","","N","","","","","","","","","",""
"2020077923","","0","0","0","0","0","0","0","0","0","2","0","","67","9","2020","2","40.053719","-75.142436","2321","6","0","0","0","0","0","1","0","0","","0","0","0","","","0","N","0","","40 03:13.390","","0","75 08:32.770","0","0","0","0","67301","0","0","0","N","0","0","0","2","67301","0","","1.0","","1","N","N","N","1","","0","0","1","0","0","","","2","0","0","0","0","0","0","2","0","2","","03","","N","","","","","","","","","",""
"2020091831","","1","0","0","0","0","0","0","0","0","4","0","","67","10","2020","7","39.978167","-75.154155","1400","6","0","0","1","0","0","1","0","0","","0","0","0","","","0","N","1","","39 58:41.402","","0","75 09:14.958","0","0","0","0","67301","0","0","0","N","0","0","0","4","67505","0","","1.0","","1","N","N","N","0","","0","0","1","3","2","","","2","0","0","0","0","0","0","2","0","2","","03","","N","","","","","","","","","",""
"2020079560","","2","0","0","0","0","0","0","0","0","1","0","","67","9","2020","6","39.897599","-75.252331","2330","6","0","0","0","0","0","0","0","0","","0","0","0","","","1","","1","","39 53:51.357","","0","75 15:08.391","3","0","0","0","67301","0","0","0","N","0","0","0","2","67301","0","","1.0","","1","N","N","N","0","","1","0","0","3","2","","","2","1","0","0","0","0","0","2","0","2","","03","","N","","","","","","","","","",""
"2020067834","","0","0","0","0","0","0","0","0","0","8","0","","67","8","2020","6","40.013632","-75.080257","2027","6","0","0","0","0","0","0","0","0","","0","0","0","","","1","","1","","40 00:49.075","","0","75 04:48.925","3","0","0","0","67301","1","0","0","N","1","0","0","2","67301","0","","1.0","","1","N","N","N","0","","1","0","0","0","0","","","2","1","0","0","0","0","0","2","0","1","","03","","N","","","","","","","","","",""
"2020076583","","2","0","0","0","0","0","0","0","0","1","0","","67","9","2020","1","39.967309","-75.133183","0414","6","0","0","0","0","0","0","0","0","","0","0","0","","","0","N","0","","39 58:02.311","2","0","75 07:59.457","9","0","0","0","67301","0","0","0","N","0","0","0","2","68K01","0","","1.0","30.0","1","N","N","N","0","","0","0","0","0","0","N","","2","0","0","0","0","0","1","2","0","2","","04","","N","","","","","","","","","",""
"2020076337","","1","0","0","0","0","0","0","0","0","8","0","","67","9","2020","3","40.062039","-75.068231","1838","6","0","0","0","1","0","0","0","0","","0","0","0","","","1","N","0","","40 03:43.340","","0","75 04:05.630","3","0","0","0","67301","1","0","0","N","1","0","0","2","67301","0","","1.0","","1","N","N","N","0","","1","0","0","0","0","","","2","1","0","0","0","0","0","2","0","1","","03","","N","","","","","","","","","",""
"2020074095","","1","0","0","0","0","0","0","0","0","1","0","","67","9","2020","4","39.992147","-75.099277","1639","6","0","0","0","0","0","0","0","0","","0","0","0","","","2","N","1","","39 59:31.730","","0","75 05:57.398","3","0","0","0","67301","0","0","0","N","0","0","0","4","67301","0","","1.0","","1","N","N","N","0","","2","0","1","3","2","","","2","2","0","0","0","0","0","2","0","2","","03","","N","","","","","","","","","",""
"2020078191","","1","0","0","0","0","0","0","0","0","5","0","","67","9","2020","6","40.010986","-75.128006","1442","6","0","0","0","1","0","0","0","0","","0","0","0","","","0","N","0","","40 00:39.550","3","0","75 07:40.820","0","0","0","0","67301","0","0","0","N","0","0","0","3","67301","0","","1.0","1545.0","1","N","N","N","0","","0","0","1","0","0","N","","2","0","0","0","0","0","0","2","0","2","","03","","N","","","","","","","","","",""
"2020074581","","1","0","0","0","0","0","0","0","0","4","0","","67","8","2020","1","39.973833","-75.206444","1518","6","0","0","0","0","0","0","0","0","","0","0","0","","","3","","1","","39 58:25.797","","0","75 12:23.198","4","0","0","0","67301","0","0","0","N","0","0","0","4","67301","3","","1.0","","1","N","N","N","0","","0","0","0","3","2","","","2","3","0","0","0","0","0","2","1","2","","03","","N","","","","","","","","","",""
"2020070932","","0","0","0","0","0","0","0","0","0","5","0","","67","8","2020","4","39.996164","-75.116594","1830","6","0","0","0","0","0","0","0","0","","0","0","0","","","2","N","0","","39 59:46.190","","0","75 06:59.740","2","0","1","2","67301","0","0","0","N","0","0","0","2","67301","0","","4.0","","1","N","N","N","0","","1","1","0","0","0","","","2","2","0","0","0","0","0","2","0","2","","03","","N","","","","","","","","","",""
"2020070142","","0","0","0","0","0","0","0","0","0","4","0","","67","8","2020","3","40.025259","-75.109235","1845","6","0","0","0","0","0","0","0","0","","0","0","0","","","1","","3","","40 01:30.934","","0","75 06:33.245","8","0","0","1","67301","0","0","0","N","0","0","0","1","67301","0","","1.0","","1","N","N","N","0","","0","0","1","0","0","","","2","1","0","0","0","1","0","2","0","2","","","","N","","","","","","","","","",""
"2020078076","","1","0","0","1","0","0","0","0","0","8","0","","67","9","2020","2","39.938801","-75.164359","1618","6","0","0","0","0","0","0","0","0","","0","0","0","","","1","","1","","39 56:19.683","","0","75 09:51.692","3","0","0","0","67301","1","0","0","N","0","0","0","2","67301","0","","1.0","","1","N","N","N","0","","1","0","0","3","3","","","2","1","0","0","0","0","1","2","0","1","","","","N","","","","","","","","","",""
"2020078188","","2","0","0","0","0","0","0","0","0","5","0","","67","9","2020","3","39.953567","-75.236464","0941","6","0","0","0","0","0","0","0","0","","0","0","0","","","3","N","0","","39 57:12.840","5","0","75 14:11.270","8","0","0","0","67301","0","0","0","N","0","0","0","3","67301","0","","1.0","1045.0","1","N","N","Y","0","","0","0","2","0","0","Y","","4","3","0","0","0","3","0","2","0","4","","","","N","","","","","","","","","",""
"2020078133","","2","0","0","0","0","0","0","0","0","4","0","","67","8","2020","7","39.984194","-75.152838","1240","6","0","0","0","0","0","0","0","1","","0","0","0","","","1","","1","","39 59:03.100","","0","75 09:10.215","3","0","0","0","67301","0","0","0","N","0","0","0","2","67505","0","","1.0","","1","N","N","N","0","","1","0","0","3","2","","","2","1","0","0","0","0","0","2","0","2","","03","","N","","","","","","","","","",""
"2020080716","","2","0","0","0","0","0","0","0","0","4","0","","67","9","2020","2","39.990749","-75.11514","1353","6","0","0","0","0","0","1","1","0","","0","0","0","","","1","","1","","39 59:26.698","5","0","75 06:54.505","3","0","0","0","67301","0","0","0","N","0","0","0","2","67301","0","","3.0","1405.0","1","N","N","N","0","","1","0","0","0","0","N","","2","1","0","0","0","0","0","2","0","2","","03","","N","","","","","","","","","",""
"2020077899","","0","0","0","0","0","0","0","0","0","4","0","","67","8","2020","4","39.927932","-75.187639","1842","6","0","0","0","0","0","1","0","0","","0","0","0","","","1","","1","","39 55:40.556","","1","75 11:15.502","3","0","0","1","67301","0","0","0","N","0","0","0","2","67301","0","","1.0","","1","N","N","N","0","","1","0","1","0","0","","","2","1","0","0","0","0","0","2","0","2","","","","N","","","","","","","","","",""
"2020079564","","6","0","0","0","0","0","0","0","0","5","0","","67","9","2020","3","40.055472","-75.192778","0950","6","0","0","1","0","0","0","0","0","","0","0","0","","","2","Y","0","","40 03:19.700","7","0","75 11:34.000","3","0","0","0","67301","0","0","0","N","0","0","0","4","67301","0","","6.0","1045.0","1","N","N","N","0","","2","0","0","3","2","Y","","6","2","0","0","0","0","0","2","0","6","","03","","N","","","","","","","","","",""
"2020090747","","3","0","0","0","0","0","0","0","0","1","0","","67","10","2020","2","40.032699","-75.021002","2143","6","0","0","0","1","0","1","0","0","","0","0","0","","","5","N","0","","40 01:57.717","2","0","75 01:15.606","8","0","0","0","67301","0","0","0","N","0","0","0","5","68K01","0","","1.0","2222.0","9","N","N","Y","0","","0","0","1","0","0","N","","4","5","0","0","0","5","0","2","0","4","","07","","N","","","","","","","","","",""
"2020070075","","1","0","0","0","0","0","0","0","0","2","0","","67","8","2020","5","39.973295","-75.234718","2235","6","0","0","0","0","0","0","0","0","","0","0","0","","","0","","1","","39 58:23.861","","0","75 14:04.984","9","0","0","0","67301","0","0","0","N","0","0","0","2","67301","0","","1.0","","1","N","N","N","0","","0","0","1","3","2","","","2","0","1","0","0","0","1","2","0","2","","03","","N","","","","","","","","","",""
"2020067735","","2","0","0","0","0","0","0","0","0","5","0","","67","8","2020","5","39.959568","-75.224953","2226","6","0","0","0","0","0","0","0","0","","0","0","0","","","0","N","0","","39 57:34.443","","0","75 13:29.832","9","0","0","0","67301","0","0","0","N","0","0","0","1","67301","0","","6.0","","1","N","N","N","0","","0","0","1","0","0","","","3","0","1","0","0","0","1","2","0","3","","03","","N","","","","","","","","","",""
"2020080064","","1","0","0","0","0","0","0","0","0","5","0","","67","9","2020","1","40.013135","-75.159905","2351","6","0","0","0","0","0","1","0","0","","0","0","0","","","1","N","0","","40 00:47.285","","0","75 09:35.659","3","0","0","0","67301","0","0","0","N","0","0","0","2","67301","0","","1.0","","1","N","N","N","0","","1","0","2","0","0","","","4","1","0","0","0","0","0","2","1","4","","","","N","","","","","","","","","",""
"2020073631","","1","0","0","0","0","0","0","0","0","1","0","","67","8","2020","4","39.957917","-75.162193","1305","6","0","0","0","0","0","2","0","0","","0","0","0","","","2","N","0","","39 57:28.502","4","0","75 09:43.896","3","0","0","0","67301","0","0","0","N","0","0","0","7","68K01","0","","1.0","30.0","1","N","N","N","0","","2","0","3","0","0","N","","5","2","0","0","0","0","1","2","1","5","","","","N","","","","","","","","","",""
"2020067638","","1","0","0","0","0","0","0","0","0","6","0","","67","8","2020","6","39.920076","-75.170552","1606","6","0","0","0","0","0","1","0","0","","0","0","0","","","1","N","0","","39 55:12.272","","0","75 10:13.986","3","0","0","0","67301","0","0","0","N","0","0","0","1","67301","0","","3.0","","1","N","N","N","0","","1","0","1","0","0","","","2","1","0","0","0","0","0","2","0","2","","03","","N","","","","","","","","","",""
"2020086802","","3","0","0","0","0","0","0","0","0","2","0","","67","10","2020","6","39.903577","-75.243211","2230","6","0","0","0","0","0","0","0","0","","0","0","0","","","2","","1","","39 54:12.877","4","0","75 14:35.559","4","0","0","0","67301","0","0","0","N","0","0","0","4","67301","2","","1.0","1100.0","1","N","N","N","0","","0","0","0","3","2","N","","3","2","1","0","0","0","0","2","0","3","","","","N","","","","","","","","","",""
"2020068539","","0","0","0","0","0","0","0","0","0","4","0","","67","8","2020","1","39.92672","-75.187902","1956","6","0","0","0","0","1","0","1","0","","0","0","0","","","3","","1","","39 55:36.191","","1","75 11:16.447","3","0","0","0","67301","0","0","0","N","0","0","0","3","67301","0","","1.0","","9","N","N","N","0","","3","0","1","3","3","","","2","3","0","0","0","0","0","2","1","2","","07","","N","","","","","","","","","",""
"2020074580","","1","0","0","0","0","0","0","0","0","7","0","","67","8","2020","7","39.971867","-75.205172","1705","6","0","0","0","0","0","0","0","0","","0","0","0","","","1","N","0","","39 58:18.720","","0","75 12:18.620","3","0","0","0","67301","0","0","0","N","0","0","0","1","67301","0","","4.0","","1","N","N","N","0","","1","0","0","0","0","","","1","1","0","0","0","0","0","2","0","1","","03","","N","","","","","","","","","",""
"2020069930","","1","0","0","0","0","0","0","0","0","7","0","","67","8","2020","5","39.935008","-75.235243","0055","6","0","0","0","0","0","0","0","0","","0","0","0","","","1","","2","","39 56:06.028","","0","75 14:06.874","3","0","0","0","67301","0","0","0","N","0","0","0","1","67301","0","","5.0","","1","N","N","N","0","","1","0","0","3","3","","","1","1","0","0","0","0","0","2","0","1","","03","","N","","","","","","","","","",""
"2020069943","","2","0","0","0","0","0","0","0","0","5","0","","67","8","2020","7","39.919231","-75.242694","1100","6","0","0","0","0","0","0","0","0","","0","0","0","","","0","N","0","","39 55:09.230","","0","75 14:33.700","0","0","0","0","67301","0","0","0","N","0","0","0","1","67301","0","","6.0","","1","N","N","N","0","","0","0","0","0","0","","","3","0","0","0","0","0","0","2","1","3","","03","","N","","","","","","","","","",""
"2020077072","","1","0","0","0","0","0","0","0","0","7","0","","67","9","2020","1","40.037914","-75.060933","0210","6","0","0","0","0","0","0","0","0","","0","0","0","","","0","","2","","40 02:16.489","1","0","75 03:39.358","9","0","0","0","67301","0","0","0","N","0","0","0","1","67301","0","","4.0","230.0","1","N","N","N","0","","0","0","0","3","3","N","","1","0","0","0","0","0","1","2","0","1","","03","","N","","","","","","","","","",""
"2020079250","","1","0","0","0","0","0","0","0","0","4","0","","67","9","2020","4","39.998157","-75.133428","1544","6","0","0","0","0","0","1","0","0","","0","0","0","","","1","","1","","39 59:53.365","","0","75 08:00.340","3","0","0","1","67301","0","0","0","N","0","0","0","2","67301","0","","1.0","","1","N","N","N","0","","1","0","0","3","3","","","2","1","1","0","0","0","0","2","0","2","","03","","N","","","","","","","","","",""