"CRN","ARRIVAL_TM","AUTOMOBILE_COUNT","BELTED_DEATH_COUNT","BELTED_SUSP_SERIOUS_INJ_COUNT","BICYCLE_COUNT","BICYCLE_DEATH_COUNT","BICYCLE_SUSP_SERIOUS_INJ_COUNT","BUS_COUNT","CHLDPAS_DEATH_COUNT","CHLDPAS_SUSP_SERIOUS_INJ_COUNT","COLLISION_TYPE","COMM_VEH_COUNT","CONS_ZONE_SPD_LIM","COUNTY","CRASH_MONTH","CRASH_YEAR","DAY_OF_WEEK","DEC_LATITUDE","DEC_LONGITUDE","DISPATCH_TM","DISTRICT","DRIVER_COUNT_16YR","DRIVER_COUNT_17YR","DRIVER_COUNT_18YR","DRIVER_COUNT_19YR","DRIVER_COUNT_20YR","DRIVER_COUNT_50_64YR","DRIVER_COUNT_65_74YR","DRIVER_COUNT_75PLUS","EST_HRS_CLOSED","FATAL_COUNT","HEAVY_TRUCK_COUNT","HORSE_BUGGY_COUNT","HOUR_OF_DAY","ILLUMINATION","INJURY_COUNT","INTERSECTION_RELATED","INTERSECT_TYPE","LANE_CLOSED","LATITUDE","LN_CLOSE_DIR","LOCATION_TYPE","LONGITUDE","MAX_SEVERITY_LEVEL","MCYCLE_DEATH_COUNT","MCYCLE_SUSP_SERIOUS_INJ_COUNT","MOTORCYCLE_COUNT","MUNICIPALITY","NONMOTR_COUNT","NONMOTR_DEATH_COUNT","NONMOTR_SUSP_SERIOUS_INJ_COUNT","NTFY_HIWY_MAINT","PED_COUNT","PED_DEATH_COUNT","PED_SUSP_SERIOUS_INJ_COUNT","PERSON_COUNT","POLICE_AGCY","POSSIBLE_INJ_COUNT","RDWY_SURF_TYPE_CD","RELATION_TO_ROAD","ROADWAY_CLEARED","ROAD_CONDITION","SCH_BUS_IND","SCH_ZONE_IND","SECONDARY_CRASH","SMALL_TRUCK_COUNT","SPEC_JURIS_CD","SUSP_MINOR_INJ_COUNT","SUSP_SERIOUS_INJ_COUNT","SUV_COUNT","TCD_FUNC_CD","TCD_TYPE","TFC_DETOUR_IND","TIME_OF_DAY","TOTAL_UNITS","TOT_INJ_COUNT","UNBELTED_OCC_COUNT","UNB_DEATH_COUNT","UNB_SUSP_SERIOUS_INJ_COUNT","UNK_INJ_DEG_COUNT","UNK_INJ_PER_COUNT","URBAN_RURAL","VAN_COUNT","VEHICLE_COUNT","WEATHER1","WEATHER2","WORKERS_PRES","WORK_ZONE_IND","WORK_ZONE_LOC","WORK_ZONE_TYPE","WZ_CLOSE_DETOUR","WZ_FLAGGER","WZ_LAW_OFFCR_IND","WZ_LN_CLOSURE","WZ_MOVING","WZ_OTHER","WZ_SHLDER_MDN","WZ_WORKERS_INJ_KILLED"
"2020080066","","0","0","0","0","0","0","0","0","0","1","0","","67","9","2020","7","40.016261","-75.149714","1137","6","0","0","0","0","0","1","0","0","","0","0","0","","","1","N","0","","40 00:58.540","","0","75 08:58.971","3","0","0","0","67301","0","0","0","N","0","0","0","2","67301","0","","1.0","","1","N","N","N","0","","1","0","1","0","0","","","2","1","0","0","0","0","0","2","0","2","","03","","N","","","","","","","","","",""
"2020068793","","1","0","0","0","0","0","0","0","0","4","0","","67","8","2020","2","40.002583","-75.081917","1851","6","0","0","0","0","0","0","0","0","","0","0","0","","","1","N","0","","40 00:09.300","","7","75 04:54.900","3","0","0","1","67301","0","0","0","N","0","0","0","2","67301","0","","1.0","","1","N","N","N","0","","1","0","0","0","0","","","2","1","0","0","0","0","0","2","0","2","","","","N","","","","","","","","","",""
"2020074322","","1","0","0","0","0","0","0","0","0","1","0","","67","9","2020","4","39.954627","-75.248437","0010","6","0","0","0","0","0","0","0","0","","0","0","0","","","0","N","0","","39 57:16.658","","0","75 14:54.372","0","0","0","0","67301","0","0","0","N","0","0","0","1","67301","0","","6.0","","9","N","N","N","0","","0","0","0","0","0","","","2","0","0","0","0","0","0","2","0","2","","07","","N","","","","","","","","","",""
"2020067670","","2","0","0","0","0","0","0","0","0","4","0","","67","8","2020","6","39.9783","-75.246054","1306","6","0","0","0","0","1","0","0","0","","0","0","0","","","1","","1","","39 58:41.881","","0","75 14:45.795","3","0","0","0","67301","0","0","0","N","0","0","0","4","67301","0","","1.0","","1","N","N","N","0","","1","0","1","3","2","","","3","1","0","0","0","0","0","2","0","3","","03","","N","","","","","","","","","",""
"2020077697","","2","0","0","0","0","0","0","0","0","4","0","","67","9","2020","7","39.938303","-75.216251","1230","6","0","0","0","0","0","0","0","0","","0","0","0","","","1","","1","","39 56:17.890","","0","75 12:58.503","3","0","0","0","67301","0","0","0","N","0","0","0","2","67301","0","","1.0","","1","N","N","N","0","","1","0","0","3","2","","","2","1","0","0","0","0","1","2","0","2","","03","","N","","","","","","","","","",""
"2020069026","","1","0","0","1","0","0","0","0","0","8","0","","67","8","2020","3","39.987173","-75.17552","1842","6","0","0","0","1","0","0","0","0","","0","0","0","","","1","","1","","39 59:13.822","","0","75 10:31.871","3","0","0","0","67301","1","0","0","N","0","0","0","2","67301","0","","1.0","","1","N","N","N","0","","1","0","0","0","0","","","2","1","0","0","0","0","0","2","0","1","","","","N","","","","","","","","","",""
"2020091235","","2","0","0","0","0","0","0","0","0","1","0","","67","10","2020","7","39.999029","-75.195557","1850","6","0","0","0","0","0","1","0","0","","0","0","0","","","0","N","0","","39 59:56.505","3","0","75 11:44.004","0","0","0","0","67301","0","0","0","N","0","0","0","4","68K01","0","","1.0","1935.0","1","N","N","N","1","","0","0","0","0","0","N","","4","0","0","0","0","0","0","2","1","4","","","","N","","","","","","","","","",""
"2020067640","","1","0","0","0","0","0","0","0","0","1","0","","67","8","2020","5","39.950925","-75.230654","0815","6","0","0","0","0","0","1","0","0","","0","0","0","","","0","","1","","39 57:03.330","","0","75 13:50.354","0","0","0","0","67301","0","0","0","N","0","0","0","3","67301","0","","1.0","","1","N","N","N","0","","0","0","2","3","2","","","3","0","0","0","0","0","0","2","0","3","","03","","N","","","","","","","","","",""
"2020068237","","2","0","0","0","0","0","0","0","0","2","0","","67","8","2020","7","40.0758","-74.998542","0920","6","0","0","0","0","0","0","0","1","","0","0","0","","","1","N","0","","40 04:32.880","","0","74 59:54.750","3","0","0","0","67301","0","0","0","N","0","0","0","1","67301","0","","6.0","","1","N","N","N","0","","1","0","0","0","0","","","2","1","0","0","0","0","0","2","0","2","","03","","N","","","","","","","","","",""
"2020067409","","1","0","0","0","0","0","0","0","0","2","0","","67","8","2020","5","40.0019","-75.118639","1139","6","0","0","0","0","0","0","1","0","","0","0","0","","","1","N","0","","40 00:06.840","3","0","75 07:07.100","3","0","0","0","67301","0","0","0","N","0","0","0","2","67301","0","","1.0","1227.0","1","N","N","N","0","","1","0","0","0","0","Y","","2","1","2","0","0","0","0","2","1","2","","","","N","","","","","","","","","",""
"2020074576","","1","0","0","0","0","0","0","0","0","5","0","","67","9","2020","6","39.943505","-75.148763","1501","6","0","0","0","1","1","0","0","0","","0","0","0","","","1","N","1","","39 56:36.618","","0","75 08:55.545","4","0","0","0","67301","0","0","0","N","0","0","0","2","67301","1","","1.0","","1","N","N","N","1","","0","0","0","2","2","","","2","1","1","0","0","0","0","2","0","2","","04","","N","","","","","","","","","",""
"2020083337","","1","0","0","0","0","0","0","0","0","4","0","","67","8","2020","5","39.965936","-75.20682","1400","6","0","0","0","0","0","0","0","0","","0","0","0","","","1","","1","","39 57:57.368","","0","75 12:24.551","8","0","0","1","67301","0","0","0","N","0","0","0","2","67301","0","","1.0","","1","N","N","N","0","","0","0","0","3","3","","","2","1","0","0","0","1","0","2","0","2","","","","N","","","","","","","","","",""
"2020077122","","1","0","0","0","0","0","0","0","0","1","0","","67","9","2020","7","40.029838","-75.062946","0331","6","0","0","0","0","0","0","0","0","","0","0","0","","","1","N","0","","40 01:47.417","4","0","75 03:46.605","4","0","0","0","67301","0","0","0","N","0","0","0","1","67301","1","","6.0","430.0","1","N","N","N","0","","0","0","1","0","0","Y","","2","1","0","0","0","0","0","2","0","2","","03","","N","","","","","","","","","",""
"2020089569","","1","0","0","0","0","0","0","0","0","8","0","","67","10","2020","6","39.933226","-75.189677","1923","6","0","0","0","0","0","0","0","0","","0","0","0","","","1","","1","","39 55:59.613","2","0","75 11:22.837","4","0","0","0","67301","1","0","0","N","1","0","0","2","67301","1","","1.0","2045.0","1","N","N","N","0","","0","0","0","3","3","Y","","2","1","0","0","0","0","0","2","0","1","","03","","N","","","","","","","","","",""
"2020069374","","0","0","0","0","0","0","0","0","0","7","0","","67","8","2020","1","39.948747","-75.14199","2230","6","0","0","0","0","0","0","0","0","","0","0","0","","","1","N","0","","39 56:55.488","2","0","75 08:31.165","3","0","0","0","67301","0","0","0","N","0","0","0","1","68K01","0","","4.0","1111.0","9","N","N","N","0","","1","0","1","0","0","N","","1","1","0","0","0","0","0","2","0","1","","","","N","","","","","","","","","",""
"2020068800","","1","0","0","0","0","0","0","0","0","1","0","","67","8","2020","2","40.029419","-75.13709","1545","6","0","0","0","0","0","0","0","1","","0","0","0","","","0","","1","","40 01:45.908","","0","75 08:13.524","0","0","0","0","67301","0","0","0","N","0","0","0","1","67301","0","","1.0","","1","N","N","N","0","","0","0","1","3","3","","","3","0","0","0","0","0","0","2","0","2","","03","","N","","","","","","","","","",""
"2020079782","","0","0","0","0","0","0","0","0","0","4","0","","67","9","2020","6","39.990539","-75.11843","0608","6","0","0","0","0","0","0","0","0","","0","0","0","","","1","","1","","39 59:25.940","","0","75 07:06.347","3","0","0","0","67301","0","0","0","N","0","0","0","2","67301","0","","1.0","","1","N","N","N","0","","1","0","2","3","2","","","2","1","1","0","0","0","0","2","0","2","","03","","N","","","","","","","","","",""
"2020069611","","1","0","0","0","0","0","0","0","0","6","0","","67","8","2020","2","40.022582","-75.212778","1607","6","0","0","0","0","0","0","0","0","","0","0","0","","","0","","2","","40 01:21.295","","7","75 12:46.000","0","0","0","0","67301","0","0","0","N","0","0","0","2","67301","0","","5.0","","1","N","N","N","0","","0","0","1","3","3","","","2","0","1","0","0","0","0","2","0","2","","03","","N","","","","","","","","","",""
"2020070151","","0","0","0","0","0","0","0","0","0","1","0","","67","8","2020","4","40.005908","-75.156903","1108","6","0","0","0","0","0","0","0","0","","0","0","0","","","2","N","0","","40 00:21.270","","0","75 09:24.850","4","0","0","0","67301","0","0","0","N","0","0","0","3","67301","2","","1.0","","1","N","N","N","0","","0","0","2","0","0","","","2","2","0","0","0","0","0","2","0","2","","03","","N","","","","","","","","","",""
"2020080423","","1","0","0","0","0","0","0","0","0","1","0","","67","9","2020","1","39.967026","-75.188246","1143","6","0","0","0","0","0","1","0","0","","0","0","0","","","1","N","0","","39 58:01.295","3","0","75 11:17.684","8","0","0","0","67301","0","0","0","N","0","0","0","2","68K01","0","","1.0","1210.0","1","N","N","Y","0","","0","0","0","0","0","N","","2","1","0","0","0","1","0","2","1","2","","","","N","","","","","","","","","",""
"2020069771","","0","0","0","0","0","0","0","0","0","5","0","","67","8","2020","3","39.94125","-75.176194","1304","6","0","0","0","0","0","0","1","0","","0","0","0","","","0","N","0","","39 56:28.500","","0","75 10:34.300","0","0","0","0","67301","0","0","0","N","0","0","0","1","67301","0","","6.0","","1","N","N","Y","1","","0","0","3","0","0","","","4","0","0","0","0","0","0","2","0","4","","03","","N","","","","","","","","","",""
"2020073162","","2","0","1","0","0","0","0","0","0","4","0","","67","9","2020","2","40.00713","-75.094069","0612","6","0","0","0","1","0","1","0","0","","0","0","0","","","2","","1","","40 00:25.667","","1","75 05:38.650","2","0","0","0","67301","0","0","0","N","0","0","0","4","67301","0","","1.0","","1","N","N","N","0","","1","1","0","3","2","","","2","2","0","0","0","0","0","2","0","2","","03","","N","","","","","","","","","",""
"2020090790","","0","0","0","0","0","0","0","0","0","7","0","","67","10","2020","7","39.960164","-75.180238","0158","6","0","0","0","0","0","0","0","0","","0","0","0","","","0","N","0","","39 57:36.592","4","0","75 10:48.857","0","0","0","0","67301","0","0","0","N","0","0","0","1","68K01","0","","4.0","45.0","9","N","N","N","1","","0","0","0","0","0","N","","1","0","0","0","0","0","0","2","0","1","","","","N","","","","","","","","","",""
"2020067891","","0","0","0","0","0","0","0","0","0","4","0","","67","8","2020","7","40.062381","-75.160585","1849","6","0","0","0","0","0","0","0","0","","0","0","0","","","1","","1","","40 03:44.571","","0","75 09:38.106","3","0","0","1","67301","0","0","0","N","0","0","0","1","67301","0","","1.0","","1","N","N","N","0","","1","0","1","0","0","","","2","1","0","0","0","0","0","2","0","2","","03","","N","","","","","","","","","",""
"2020070941","","0","0","0","0","0","0","0","0","0","7","0","","67","8","2020","1","40.018996","-75.146251","1948","6","0","0","0","0","0","0","0","0","","0","0","0","","","0","N","0","","40 01:08.385","","0","75 08:46.502","9","0","0","0","67301","0","0","0","N","0","0","0","1","67301","0","","5.0","","1","N","N","N","0","","0","0","1","0","0","","","1","0","0","0","0","0","1","2","0","1","","03","","N","","","","","","","","","",""
"2020073481","","3","0","0","0","0","0","0","0","0","4","0","","67","8","2020","4","39.966748","-75.211089","1744","6","0","0","0","0","0","0","0","0","","0","0","0","","","1","N","1","","39 58:00.292","6","0","75 12:39.920","3","0","0","0","67301","0","0","0","N","0","0","0","1","67301","0","","1.0","1800.0","1","N","Y","N","0","","1","0","1","3","2","Y","","4","1","1","0","0","0","0","2","0","4","","03","","N","","","","","","","","","",""
"2020077522","","1","0","0","0","0","0","0","0","0","4","0","","67","9","2020","1","40.033998","-75.074369","1649","6","0","0","0","0","0","0","1","0","","0","0","0","","","1","","1","","40 02:02.392","1","0","75 04:27.730","3","0","0","0","67301","0","0","0","N","0","0","0","4","67301","0","","1.0","1915.0","1","N","N","N","0","","1","0","0","3","2","N","","2","1","0","0","0","0","0","2","1","2","","03","","N","","","","","","","","","",""
"2020077410","","1","0","0","0","0","0","0","0","0","8","0","","67","9","2020","1","39.948897","-75.226714","1805","6","0","0","0","0","0","0","0","0","","0","0","0","","","1","N","0","","39 56:56.030","","0","75 13:36.170","3","0","0","0","67301","1","0","0","N","1","0","0","2","67301","0","","1.0","","1","N","N","N","0","","1","0","0","0","0","","","2","1","0","0","0","0","0","2","0","1","","03","","N","","","","","","","","","",""
"2020075909","","2","0","0","0","0","0","0","0","0","2","0","","67","9","2020","4","40.038972","-75.150018","0109","6","0","0","0","1","0","0","0","0","","0","0","0","","","2","","1","","40 02:20.298","","0","75 09:00.063","8","0","0","0","67301","0","0","0","N","0","0","0","4","67301","0","","1.0","","1","N","N","N","0","","0","0","0","3","2","","","2","2","3","0","0","2","2","2","0","2","","03","","N","","","","","","","","","",""
"2020113121","","1","0","0","0","0","0","0","0","0","5","0","","67","2","2020","4","39.95844","-75.237444","","6","0","0","0","0","0","1","0","0","","0","0","0","","","1","","1","","39 57:30.385","","0","75 14:14.799","8","0","0","0","67301","0","0","0","N","0","0","0","2","00000","0","","1.0","","1","","","N","0","","0","0","0","3","2","","","2","1","0","0","0","1","0","2","0","2","","","","N","","","","","","","","","",""
"2020083235","","1","0","0","0","0","0","0","0","0","1","0","45","67","9","2020","3","39.995809","-75.082917","1653","6","0","0","0","1","0","0","0","0","","0","0","0","","","1","N","0","","39 59:44.912","1","3","75 04:58.500","4","0","0","0","67301","0","0","0","N","0","0","0","3","68K01","1","","1.0","1730.0","1","N","N","N","0","","0","0","0","0","0","N","","2","1","1","0","0","0","0","2","1","2","","","N","Y","4","1","","","N","","","","Y","N"
"2020077920","","2","0","0","0","0","0","0","0","0","4","0","","67","9","2020","2","40.020929","-75.139974","1604","6","0","0","0","0","0","0","0","0","","0","0","0","","","2","","1","","40 01:15.344","1","0","75 08:23.906","8","0","0","0","67301","0","0","0","N","0","0","0","2","67301","0","","1.0","1630.0","1","N","N","N","0","","0","0","0","3","2","Y","","2","2","0","0","0","2","0","2","0","2","","03","","N","","","","","","","","","",""
"2020078397","","1","0","0","0","0","0","0","0","0","7","0","","67","9","2020","5","39.969946","-75.125451","1815","6","0","0","0","1","0","0","0","0","","0","0","0","","","1","N","7","","39 58:11.804","1","2","75 07:31.625","3","0","0","0","67301","0","0","0","Y","0","0","0","2","68K01","0","","7.0","20.0","1","N","N","N","0","","1","0","0","0","0","N","","1","1","0","0","0","0","0","2","0","1","","03","","N","","","","","","","","","",""
"2020076960","","3","0","0","0","0","0","0","0","0","4","0","","67","9","2020","6","40.08448","-74.973652","2014","6","0","0","0","0","0","1","0","0","","0","0","0","","","4","","1","","40 05:04.128","1","0","74 58:25.148","8","0","0","0","67301","0","0","0","N","0","0","0","5","67301","0","","1.0","200.0","1","N","N","Y","0","","0","0","0","3","2","Y","","3","4","0","0","0","4","0","2","0","3","","03","","N","","","","","","","","","",""
"2020068795","","2","0","0","0","0","0","0","0","0","4","0","","67","8","2020","3","40.012534","-75.073301","0037","6","0","0","0","0","0","0","0","0","","0","0","0","","","1","","1","","40 00:45.124","","0","75 04:23.885","8","0","0","0","67301","0","0","0","N","0","0","0","2","67301","0","","1.0","","1","N","N","N","0","","0","0","0","3","2","","","2","1","0","0","0","1","0","2","0","2","","03","","N","","","","","","","","","",""
"2020067737","","1","0","0","0","0","0","0","0","0","4","0","","67","8","2020","5","39.974566","-75.183467","1837","6","0","0","0","0","0","1","0","0","","0","0","0","","","0","","1","","39 58:28.437","","0","75 11:00.481","0","0","0","0","67301","0","0","0","N","0","0","0","1","67301","0","","1.0","","1","N","N","N","0","","0","0","1","3","2","","","2","0","0","0","0","0","0","2","0","2","","03","","N","","","","","","","","","",""
"2020070139","","2","0","0","0","0","0","0","0","0","5","0","","67","8","2020","3","40.009231","-75.071769","1214","6","0","0","0","0","0","0","1","0","","0","0","0","","","0","Y","0","","40 00:33.233","","0","75 04:18.367","9","0","0","0","67301","0","0","0","N","0","0","0","4","67301","0","","1.0","","1","N","N","N","0","","0","0","1","3","2","","","4","0","0","0","0","0","4","2","1","4","","03","","N","","","","","","","","","",""
"2020076641","","1","0","0","0","0","0","0","0","0","4","0","","67","9","2020","5","40.030129","-75.035161","1540","6","0","0","0","0","0","0","0","0","","0","0","0","","","0","","1","","40 01:48.464","3","0","75 02:06.579","9","0","0","0","67301","0","0","0","N","0","0","0","3","67301","0","","1.0","1600.0","1","N","N","N","1","","0","0","0","3","2","N","","2","0","0","0","0","0","1","2","0","2","","03","","N","","","","","","","","","",""
"2020079557","","1","0","0","0","0","0","0","0","0","7","0","","67","9","2020","5","39.934619","-75.234828","0423","6","0","0","0","0","0","0","0","0","","0","0","0","","","0","N","0","","39 56:04.630","","0","75 14:05.380","0","0","0","0","67301","0","0","0","N","0","0","0","2","67301","0","","4.0","","1","N","N","N","0","","0","0","0","0","0","","","1","0","0","0","0","0","0","2","0","1","","03","","N","","","","","","","","","",""
"2020078897","","0","0","0","0","0","0","0","0","0","4","0","","67","9","2020","4","40.023544","-75.133344","0142","6","0","0","0","0","0","0","0","0","","0","0","0","","","1","","1","","40 01:24.758","","0","75 08:00.038","3","0","0","1","67301","0","0","0","N","0","0","0","2","67301","0","","1.0","","1","N","N","N","0","","1","0","1","3","1","","","2","1","0","0","0","0","1","2","0","2","","03","","N","","","","","","","","","",""
"2020078407","","0","0","0","0","0","0","0","0","0","1","0","","67","9","2020","6","39.970167","-75.125056","2111","6","0","0","0","0","0","0","0","0","","0","0","0","","","0","N","0","","39 58:12.600","1","0","75 07:30.200","0","0","0","0","67301","0","0","0","N","0","0","0","4","68K01","0","","1.0","2140.0","1","N","N","N","0","","0","0","2","0","0","N","","2","0","0","0","0","0","0","2","0","2","","","","N","","","","","","","","","",""
"2020076372","","1","0","0","0","0","0","0","0","0","4","0","","67","9","2020","5","40.007181","-75.147912","1750","6","0","0","0","0","0","0","0","0","","0","0","0","","","0","N","1","","40 00:25.851","1","0","75 08:52.483","9","0","0","0","67301","0","0","0","N","0","0","0","2","67505","0","","1.0","1800.0","1","N","N","N","0","","0","0","1","3","3","N","","3","0","0","0","0","0","1","2","1","3","","03","","N","","","","","","","","","",""
"2020067308","","1","0","0","0","0","0","0","0","0","5","0","","67","8","2020","5","40.093642","-74.976033","0840","6","0","0","0","0","0","0","1","0","","0","0","0","","","1","N","0","","40 05:37.110","","0","74 58:33.720","8","0","0","0","67301","0","0","0","N","0","0","0","2","67301","0","","1.0","","1","N","N","N","0","","0","0","1","0","0","","","2","1","0","0","0","1","0","2","0","2","","03","","N","","","","","","","","","",""
"2020075028","","2","0","0","0","0","0","0","0","0","2","0","","67","9","2020","5","40.080606","-75.223264","0713","6","0","0","0","0","1","0","0","0","","0","0","0","","","0","N","0","","40 04:50.181","6","0","75 13:23.750","0","0","0","0","67301","0","0","0","N","0","0","0","2","67301","0","","1.0","900.0","9","N","N","N","0","","0","0","0","0","0","Y","","2","0","0","0","0","0","0","2","0","2","","07","","N","","","","","","","","","",""
"2020076701","","1","0","0","0","0","0","0","0","0","7","0","","67","8","2020","7","39.888945","-75.202349","0244","6","0","0","0","0","0","0","0","0","","0","0","0","","","0","N","0","","39 53:20.201","","3","75 12:08.456","0","0","0","0","67301","0","0","0","N","0","0","0","1","68K01","0","","4.0","","1","N","N","N","0","","0","0","0","0","0","","","1","0","0","0","0","0","0","2","0","1","","","","N","","","","","","","","","",""
"2020073159","","1","0","0","0","0","0","0","0","0","4","0","","67","9","2020","2","39.921017","-75.22412","1345","6","0","0","0","0","0","1","0","0","","0","0","0","","","1","","1","","39 55:15.660","","0","75 13:26.832","3","0","0","0","67301","0","0","0","N","0","0","0","2","67301","0","","1.0","","1","N","N","N","0","","1","0","0","3","2","","","2","1","1","0","0","0","0","2","1","2","","03","","N","","","","","","","","","",""
"2020087184","","4","0","0","0","0","0","0","0","0","4","0","","67","9","2020","1","40.022488","-75.156519","1659","6","0","0","1","0","0","0","0","0","","0","0","0","","","5","","1","","40 01:20.956","","0","75 09:23.468","8","0","0","0","67301","2","0","0","N","2","0","0","8","67301","0","","1.0","","1","N","N","N","0","","0","0","0","3","3","","","6","5","1","0","0","5","1","2","0","4","","03","","N","","","","","","","","","",""
"2020101355","","1","0","0","0","0","0","0","0","0","2","0","","67","11","2020","2","39.957205","-75.155489","1145","6","0","0","0","0","0","1","0","0","","0","0","0","","","0","","1","","39 57:25.938","","0","75 09:19.761","0","0","0","0","67301","0","0","0","N","0","0","0","2","67301","0","","1.0","","1","N","N","N","0","","0","0","1","3","2","","","2","0","1","0","0","0","0","2","0","2","","03","","N","","","","","","","","","",""
"2020113264","","1","0","0","0","0","0","0","0","0","7","0","","67","12","2020","1","39.945042","-75.142434","1110","6","0","0","0","0","0","0","0","0","","0","0","0","","","0","N","0","","39 56:42.151","1","0","75 08:32.763","0","0","0","0","67301","0","0","0","N","0","0","0","1","68K01","0","","4.0","1151.0","1","N","N","N","0","","0","0","0","0","0","N","","1","0","0","0","0","0","0","2","0","1","","","","N","","","","","","","","","",""
"2020106081","","1","0","0","0","0","0","0","0","0","4","0","","67","12","2020","3","39.983789","-75.257117","1807","6","0","0","0","0","0","1","0","0","","0","0","0","","","1","","1","","39 59:01.640","","0","75 15:25.621","3","0","0","0","67301","0","0","0","N","0","0","0","2","67301","0","","1.0","","1","N","N","N","0","","1","0","0","3","3","","","2","1","0","0","0","0","1","2","0","2","","03","","N","","","","","","","","","",""
"2020084901","","0","0","0","0","0","0","0","0","0","4","0","","67","10","2020","7","39.959913","-75.247403","2212","6","0","0","1","0","0","0","0","0","","0","0","0","","","1","Y","0","","39 57:35.685","","0","75 14:50.651","3","0","0","0","67301","0","0","0","N","0","0","0","3","67301","0","","1.0","","1","N","N","N","0","","1","0","1","3","2","","","2","1","0","0","0","0","0","2","0","2","","","","N","","","","","","","","","",""
"2020112549","","2","0","0","0","0","0","0","0","0","4","0","","67","12","2020","1","39.992473","-75.17957","1743","6","0","0","0","0","0","0","0","0","","0","0","0","","","1","","1","","39 59:32.903","","0","75 10:46.451","3","0","0","0","67301","0","0","0","N","0","0","0","2","67301","0","","1.0","","1","N","N","N","0","","1","0","0","3","2","","","2","1","0","0","0","0","0","2","0","2","","03","","N","","","","","","","","","",""
"2020082399","","1","0","0","0","0","0","0","0","0","7","0","","67","9","2020","7","39.959806","-75.178806","2002","6","0","0","0","0","0","0","0","0","","0","0","0","","","3","","7","","39 57:35.300","3","2","75 10:43.700","4","0","0","0","67301","0","0","0","N","0","0","0","3","68K01","3","","4.0","2100.0","1","N","N","N","0","","0","0","0","0","0","N","","1","3","0","0","0","0","0","2","0","1","","03","","N","","","","","","","","","",""
"2020067101","","2","0","0","0","0","0","0","0","0","1","0","","67","8","2020","4","39.997028","-75.074032","0838","6","0","0","0","0","0","0","0","0","","0","0","0","","","1","N","0","","39 59:49.300","","0","75 04:26.516","8","0","0","0","67301","0","0","0","N","0","0","0","1","67301","0","","6.0","","1","N","N","Y","0","","0","0","1","0","0","","","3","1","0","0","0","1","0","2","0","3","","03","","N","","","","","","","","","",""
"2020068251","","0","0","0","0","0","0","0","0","0","4","0","","67","8","2020","6","39.965808","-75.246149","0836","6","0","0","0","0","0","2","0","0","","0","0","0","","","1","","1","","39 57:56.909","","0","75 14:46.136","4","0","0","0","67301","0","0","0","N","0","0","0","2","67301","1","","1.0","","1","N","N","N","0","","0","0","2","3","2","","","2","1","0","0","0","0","0","2","0","2","","03","","N","","","","","","","","","",""
"2020078315","","3","0","0","0","0","0","0","0","0","4","0","","67","9","2020","4","39.971538","-75.16008","0924","6","0","0","0","0","0","1","0","0","","0","0","0","","","0","N","0","","39 58:17.535","","7","75 09:36.288","0","0","0","0","67301","0","0","0","N","0","0","0","4","67301","0","","1.0","","1","N","N","N","0","","0","0","1","0","0","","","4","0","0","0","0","0","0","2","0","4","","","","N","","","","","","","","","",""
"2020073383","","1","0","0","0","0","0","0","0","0","4","0","","67","9","2020","2","40.005821","-75.097023","1755","6","0","0","0","0","0","0","0","0","","0","0","0","","","1","","5","","40 00:20.957","","0","75 05:49.283","3","0","0","0","67301","0","0","0","N","0","0","0","3","67301","0","","1.0","","1","N","N","N","0","","1","0","1","3","2","","","2","1","2","0","0","0","0","2","0","2","","","","N","","","","","","","","","",""
"2020110977","","1","0","0","0","0","0","0","0","0","4","0","","67","12","2020","3","39.961593","-75.175079","1033","6","0","0","0","0","0","0","1","0","","0","0","0","","","0","","1","","39 57:41.736","","0","75 10:30.284","0","0","0","0","67301","0","0","0","N","0","0","0","3","67301","0","","1.0","","9","N","N","N","0","","0","0","1","3","2","","","2","0","0","0","0","0","0","2","0","2","","03","","N","","","","","","","","","",""
"2020083451","","0","0","0","0","0","0","0","0","0","8","0","","67","10","2020","5","39.914008","-75.149937","0726","6","0","0","0","0","0","0","0","0","","0","0","0","","","1","","1","","39 54:50.430","","0","75 08:59.773","3","0","0","0","67301","1","0","0","N","1","0","0","2","67301","0","","1.0","","1","N","N","N","0","","1","0","0","3","2","","","2","1","0","0","0","0","0","2","1","1","","","","N","","","","","","","","","",""
"2020086173","","1","0","0","0","0","0","0","0","0","5","0","","67","10","2020","4","39.955111","-75.155947","1426","6","0","0","0","0","0","1","0","0","","0","0","0","","","0","N","0","","39 57:18.400","","0","75 09:21.410","0","0","0","0","67301","0","0","0","N","0","0","0","2","67301","0","","1.0","","1","N","N","N","0","","0","0","1","0","0","","","2","0","0","0","0","0","0","2","0","2","","03","","N","","","","","","","","","",""
"2020080408","","1","0","0","0","0","0","0","0","0","1","0","","67","9","2020","4","39.967286","-75.188816","1314","6","0","0","0","0","0","0","0","0","","0","0","0","","","0","N","0","","39 58:02.230","3","0","75 11:19.736","0","0","0","0","67301","0","0","0","N","0","0","0","2","68K01","0","","1.0","1336.0","1","N","N","N","0","","0","0","1","0","0","N","","2","0","0","0","0","0","0","2","0","2","","","","N","","","","","","","","","",""
"2020113081","","1","0","0","0","0","0","0","0","0","1","0","","67","12","2020","5","39.960314","-75.180953","2151","6","0","0","0","0","0","1","0","0","","0","0","0","","","1","N","7","","39 57:37.132","","2","75 10:51.430","4","0","0","0","67301","0","0","0","N","0","0","0","5","68K01","1","","1.0","","9","N","N","N","0","","0","0","1","0","0","","","2","1","0","0","0","0","0","2","0","2","","","","N","","","","","","","","","",""