"CRN","ARRIVAL_TM","AUTOMOBILE_COUNT","BELTED_DEATH_COUNT","BELTED_SUSP_SERIOUS_INJ_COUNT","BICYCLE_COUNT","BICYCLE_DEATH_COUNT","BICYCLE_SUSP_SERIOUS_INJ_COUNT","BUS_COUNT","CHLDPAS_DEATH_COUNT","CHLDPAS_SUSP_SERIOUS_INJ_COUNT","COLLISION_TYPE","COMM_VEH_COUNT","CONS_ZONE_SPD_LIM","COUNTY","CRASH_MONTH","CRASH_YEAR","DAY_OF_WEEK","DEC_LATITUDE","DEC_LONGITUDE","DISPATCH_TM","DISTRICT","DRIVER_COUNT_16YR","DRIVER_COUNT_17YR","DRIVER_COUNT_18YR","DRIVER_COUNT_19YR","DRIVER_COUNT_20YR","DRIVER_COUNT_50_64YR","DRIVER_COUNT_65_74YR","DRIVER_COUNT_75PLUS","EST_HRS_CLOSED","FATAL_COUNT","HEAVY_TRUCK_COUNT","HORSE_BUGGY_COUNT","HOUR_OF_DAY","ILLUMINATION","INJURY_COUNT","INTERSECTION_RELATED","INTERSECT_TYPE","LANE_CLOSED","LATITUDE","LN_CLOSE_DIR","LOCATION_TYPE","LONGITUDE","MAX_SEVERITY_LEVEL","MCYCLE_DEATH_COUNT","MCYCLE_SUSP_SERIOUS_INJ_COUNT","MOTORCYCLE_COUNT","MUNICIPALITY","NONMOTR_COUNT","NONMOTR_DEATH_COUNT","NONMOTR_SUSP_SERIOUS_INJ_COUNT","NTFY_HIWY_MAINT","PED_COUNT","PED_DEATH_COUNT","PED_SUSP_SERIOUS_INJ_COUNT","PERSON_COUNT","POLICE_AGCY","POSSIBLE_INJ_COUNT","RDWY_SURF_TYPE_CD","RELATION_TO_ROAD","ROADWAY_CLEARED","ROAD_CONDITION","SCH_BUS_IND","SCH_ZONE_IND","SECONDARY_CRASH","SMALL_TRUCK_COUNT","SPEC_JURIS_CD","SUSP_MINOR_INJ_COUNT","SUSP_SERIOUS_INJ_COUNT","SUV_COUNT","TCD_FUNC_CD","TCD_TYPE","TFC_DETOUR_IND","TIME_OF_DAY","TOTAL_UNITS","TOT_INJ_COUNT","UNBELTED_OCC_COUNT","UNB_DEATH_COUNT","UNB_SUSP_SERIOUS_INJ_COUNT","UNK_INJ_DEG_COUNT","UNK_INJ_PER_COUNT","URBAN_RURAL","VAN_COUNT","VEHICLE_COUNT","WEATHER1","WEATHER2","WORKERS_PRES","WORK_ZONE_IND","WORK_ZONE_LOC","WORK_ZONE_TYPE","WZ_CLOSE_DETOUR","WZ_FLAGGER","WZ_LAW_OFFCR_IND","WZ_LN_CLOSURE","WZ_MOVING","WZ_OTHER","WZ_SHLDER_MDN","WZ_WORKERS_INJ_KILLED"
"2020106973","","1","0","0","0","0","0","0","0","0","1","0","","67","12","2020","3","39.997396","-75.153708","2100","6","0","0","0","0","0","0","1","0","","0","0","0","","","2","N","0","","39 59:50.626","2","0","75 09:13.350","3","0","0","0","67301","0","0","0","N","0","0","0","2","67301","0","","1.0","300.0","1","N","N","N","0","","1","0","1","3","2","Y","","2","2","0","0","0","1","0","2","0","2","","03","","N","","","","","","","","","",""
"2020080865","","2","0","0","0","0","0","0","0","0","2","0","","67","9","2020","3","39.980924","-75.236032","1814","6","0","0","0","1","0","0","0","0","","0","0","0","","","2","","2","","39 58:51.327","","0","75 14:09.716","8","0","0","0","67301","0","0","0","N","0","0","0","3","67301","0","","1.0","","9","N","N","N","0","","0","0","0","3","2","","","2","2","0","0","0","2","1","2","0","2","","07","","N","","","","","","","","","",""
"2020112969","","2","0","0","0","0","0","0","0","0","4","0","","67","12","2020","7","40.024202","-75.03485","2114","6","0","0","0","0","0","0","0","0","","0","0","0","","","2","N","0","","40 01:27.128","","0","75 02:05.459","3","0","0","0","67301","0","0","0","N","0","0","0","3","67301","0","","1.0","","1","N","N","N","0","","2","0","0","0","0","","","2","2","0","0","0","0","1","2","0","2","","03","","N","","","","","","","","","",""
"2020107994","","1","0","0","0","0","0","0","0","0","7","0","","67","12","2020","1","39.941762","-75.194296","0106","6","0","0","0","0","1","0","0","0","","0","0","0","","","0","N","0","","39 56:30.343","3","0","75 11:39.464","0","0","0","0","67301","0","0","0","N","0","0","0","3","68K01","0","","4.0","20.0","1","N","N","N","0","","0","0","0","0","0","N","","1","0","0","0","0","0","0","2","0","1","","03","","N","","","","","","","","","",""
"2020077047","","0","0","0","0","0","0","0","0","0","4","0","","67","9","2020","6","39.948689","-75.237495","1535","6","0","0","0","0","0","0","0","0","","0","0","0","","","1","","1","","39 56:55.280","","0","75 14:14.982","3","0","0","1","67301","0","0","0","N","0","0","0","1","67301","0","","1.0","","1","N","N","N","0","","1","0","1","0","0","","","2","1","0","0","0","0","0","2","0","2","","","","N","","","","","","","","","",""
"2020074793","","1","0","0","0","0","0","0","0","0","5","0","","67","9","2020","7","39.955923","-75.204585","2018","6","0","0","0","0","0","0","0","0","","0","0","0","","","0","N","0","","39 57:21.323","3","0","75 12:16.505","0","0","0","0","67301","0","0","0","N","0","0","0","3","67504","0","","6.0","2100.0","1","N","N","N","0","","0","0","1","0","0","Y","","2","0","0","0","0","0","0","2","0","2","","03","","N","","","","","","","","","",""
"2020069953","","0","0","0","0","0","0","0","0","0","7","0","","67","8","2020","5","39.985854","-75.140268","2005","6","0","0","0","0","0","1","0","0","","0","0","0","","","1","N","0","","39 59:09.073","","0","75 08:24.965","3","0","0","0","67301","0","0","0","N","0","0","0","1","67301","0","","5.0","","1","N","N","N","0","","1","0","1","0","0","","","1","1","0","0","0","0","0","2","0","1","","03","","N","","","","","","","","","",""
"2020082153","","1","0","0","0","0","0","0","0","0","5","0","","67","10","2020","1","40.081388","-74.976183","2050","6","0","0","1","0","0","0","0","0","","0","0","0","","","2","","1","","40 04:52.997","1","0","74 58:34.259","3","0","0","0","67301","0","0","0","N","0","0","0","2","67301","1","","1.0","1.0","1","N","N","N","0","","1","0","1","3","2","Y","","2","2","0","0","0","0","0","2","0","2","","03","","N","","","","","","","","","",""
"2020101823","","2","0","0","0","0","0","0","0","0","3","0","","67","11","2020","5","39.919639","-75.23075","1037","6","0","0","0","0","1","0","0","0","","0","0","0","","","0","N","0","","39 55:10.700","","0","75 13:50.700","0","0","0","0","67301","0","0","0","N","0","0","0","3","67301","0","","1.0","","1","N","N","N","0","","0","0","1","0","0","","","3","0","0","0","0","0","0","2","0","3","","","","N","","","","","","","","","",""
"2020113765","","0","0","0","0","0","0","0","0","0","5","0","","67","12","2020","3","39.999844","-75.076369","0016","6","0","0","0","0","0","0","0","0","","0","0","0","","","0","N","0","","39 59:59.440","","0","75 04:34.930","0","0","0","0","67301","0","0","0","N","0","0","0","1","67301","0","","6.0","","1","N","N","N","1","","0","0","3","0","0","","","4","0","0","0","0","0","0","2","0","4","","","","N","","","","","","","","","",""
"2020068794","","1","0","0","0","0","0","0","0","0","4","0","","67","8","2020","2","40.03971","-75.038363","2337","6","0","1","1","0","0","0","0","0","","0","0","0","","","0","","1","","40 02:22.955","1","0","75 02:18.106","9","0","0","0","67301","0","0","0","N","0","0","0","4","67301","0","","1.0","15.0","1","N","N","N","0","","0","0","0","3","3","Y","","2","0","0","0","0","0","1","2","1","2","","","","N","","","","","","","","","",""
"2020073406","","1","0","0","0","0","0","0","0","0","5","0","","67","9","2020","2","40.065361","-75.019778","1933","6","0","0","0","0","0","0","0","0","","0","0","0","","","1","N","0","","40 03:55.300","","0","75 01:11.200","3","0","0","0","67301","0","0","0","N","0","0","0","1","67301","0","","6.0","","1","N","N","N","0","","1","0","1","0","0","","","3","1","0","0","0","0","0","2","1","3","","","","N","","","","","","","","","",""
"2020109549","","0","0","0","0","0","0","0","0","0","8","0","","67","12","2020","5","39.948303","-75.1743","2203","6","0","0","0","0","0","0","0","0","","0","0","0","","","1","N","0","","39 56:53.890","","0","75 10:27.480","3","0","0","0","67301","1","0","0","N","1","0","0","2","67301","0","","1.0","","7","N","N","N","0","","1","0","1","0","0","","","2","1","0","0","0","0","1","2","0","1","","10","","N","","","","","","","","","",""
"2020102902","","2","0","0","0","0","0","0","0","0","5","0","","67","11","2020","7","40.056","-75.149472","0243","6","0","0","0","0","0","1","0","0","","0","0","0","","","3","N","0","","40 03:21.600","","0","75 08:58.100","2","0","0","0","67301","0","0","0","N","0","0","0","5","67301","0","","1.0","","1","N","N","N","0","","2","1","1","0","0","","","4","3","3","0","1","0","0","2","1","4","","03","","N","","","","","","","","","",""
"2020099851","","1","0","0","0","0","0","0","0","0","8","0","","67","11","2020","5","39.970374","-75.148143","2115","6","0","0","0","0","0","1","0","0","","0","0","0","","","1","N","0","","39 58:13.346","","0","75 08:53.315","3","0","0","0","67301","1","0","0","N","1","0","0","2","67301","0","","1.0","","1","N","N","N","0","","1","0","0","3","2","","","2","1","1","0","0","0","0","2","0","1","","","","N","","","","","","","","","",""
"2020109329","","0","0","0","0","0","0","0","0","0","7","0","","67","12","2020","7","39.984099","-75.208174","0659","6","0","0","0","0","0","1","0","0","","0","0","0","","","0","N","0","","39 59:02.758","4","0","75 12:29.425","0","0","0","0","67301","0","0","0","N","0","0","0","1","68K01","0","","2.0","800.0","9","N","N","N","0","","0","0","0","0","0","N","","1","0","0","0","0","0","0","2","1","1","","","","N","","","","","","","","","",""
"2020068544","","2","0","0","0","0","0","0","0","0","4","0","","67","8","2020","2","39.960687","-75.243055","0244","6","0","0","0","0","0","0","0","0","","0","0","0","","","2","","1","","39 57:38.474","","0","75 14:34.999","3","0","0","0","67301","0","0","0","N","0","0","0","3","67301","0","","1.0","","1","N","N","N","0","","2","0","1","3","2","","","3","2","0","0","0","0","0","2","0","3","","03","","N","","","","","","","","","",""
"2020076639","","1","0","0","0","0","0","0","0","0","4","0","","67","9","2020","7","40.008244","-75.071773","1035","6","0","0","0","0","0","0","0","0","","0","0","0","","","1","","2","","40 00:29.677","","0","75 04:18.384","3","0","0","0","67301","0","0","0","N","0","0","0","2","67301","0","","1.0","","1","N","N","N","0","","1","0","0","3","3","","","2","1","1","0","0","0","0","2","1","2","","","","N","","","","","","","","","",""
"2020106183","","1","0","0","0","0","0","0","0","0","4","0","","67","12","2020","2","40.040474","-75.047431","1300","6","0","0","0","0","0","0","0","0","","0","0","0","","","3","","1","","40 02:25.707","","0","75 02:50.752","3","0","0","0","67301","0","0","0","N","0","0","0","4","67301","0","","1.0","","1","N","N","N","0","","3","0","2","3","2","","","4","3","0","0","0","0","0","2","1","4","","","","N","","","","","","","","","",""
"2020109384","","1","0","0","0","0","0","0","0","0","1","0","","67","12","2020","6","39.993562","-75.199509","1945","6","0","0","0","1","0","1","0","0","","0","0","0","","","0","N","0","","39 59:36.822","3","0","75 11:58.231","0","0","0","0","67301","0","0","0","N","0","0","0","9","68K01","0","","1.0","2100.0","1","N","N","N","1","","0","0","0","0","0","N","","2","0","0","0","0","0","0","2","0","2","","","","N","","","","","","","","","",""
"2020111753","","1","0","0","0","0","0","0","0","0","1","0","","67","12","2020","5","40.101813","-75.006316","0127","6","0","0","0","0","1","0","0","0","","0","0","0","","","3","N","0","","40 06:06.528","2","7","75 00:22.738","3","0","0","0","67301","0","0","0","N","0","0","0","3","67301","2","","1.0","236.0","1","N","N","N","0","","1","0","1","3","2","N","","2","3","0","0","0","0","0","2","0","2","","03","","N","","","","","","","","","",""
"2020080061","","0","0","0","0","0","0","0","0","0","8","0","","67","9","2020","6","40.022681","-75.14606","1648","6","0","0","0","0","0","0","0","0","","0","0","0","","","2","","1","","40 01:21.651","","0","75 08:45.815","3","0","0","0","67301","2","0","0","N","2","0","0","3","67301","0","","1.0","","1","N","N","N","0","","2","0","1","3","3","","","3","2","0","0","0","0","0","2","0","1","","03","","N","","","","","","","","","",""
"2020100363","","2","0","0","0","0","0","0","0","0","2","0","","67","11","2020","5","39.957198","-75.227482","0520","6","0","0","0","1","0","0","0","0","","0","0","0","","","0","","1","","39 57:25.912","5","0","75 13:38.935","0","0","0","0","67301","0","0","0","N","0","0","0","3","67301","0","","1.0","705.0","1","N","N","N","0","","0","0","0","9","2","Y","","2","0","0","0","0","0","0","2","0","2","","03","","N","","","","","","","","","",""
"2020109442","","1","0","0","0","0","0","0","0","0","4","0","","67","12","2020","3","39.918225","-75.208762","1732","6","0","0","0","0","0","1","0","0","","0","0","0","","","2","","1","","39 55:05.610","2","0","75 12:31.544","3","0","0","0","67301","0","0","0","N","0","0","0","5","67301","1","","1.0","100.0","1","N","N","N","1","","1","0","0","3","2","N","","3","2","1","0","0","0","2","2","1","3","","03","","N","","","","","","","","","",""
"2020077074","","2","0","0","0","0","0","0","0","0","5","0","","67","9","2020","7","40.041611","-75.121667","0050","6","0","0","0","0","0","0","0","0","","0","0","0","","","0","N","0","","40 02:29.800","","0","75 07:18.000","9","0","0","0","67301","0","0","0","N","0","0","0","4","67301","0","","6.0","","1","N","N","N","0","","0","0","1","0","0","","","3","0","0","0","0","0","4","2","0","3","","03","","N","","","","","","","","","",""
"2020069351","","1","0","0","0","0","0","0","0","0","5","0","","67","8","2020","5","39.901329","-75.152322","1820","6","0","0","0","0","1","0","0","0","","0","0","0","","","0","N","0","","39 54:04.784","","3","75 09:08.359","9","0","0","0","67301","0","0","0","N","0","0","0","2","68K01","0","","1.0","","1","N","N","N","0","","0","0","0","0","0","","","2","0","0","0","0","0","1","2","0","2","","","","N","","","","","","","","","",""
"2020078862","","2","0","0","0","0","0","0","0","0","1","0","","67","9","2020","5","40.043529","-75.227976","1619","6","0","0","0","0","0","1","0","0","","0","0","0","","","0","N","0","","40 02:36.706","5","0","75 13:40.712","0","0","0","0","67301","0","0","0","N","0","0","0","3","67301","0","","1.0","1651.0","1","N","N","N","0","","0","0","1","0","0","N","","3","0","3","0","0","0","0","2","0","3","","03","","N","","","","","","","","","",""
"2020076577","","1","0","0","0","0","0","0","0","0","7","0","","67","9","2020","5","39.97175","-75.193222","0234","6","0","0","0","1","0","0","0","0","","0","0","0","","","0","","7","","39 58:18.300","4","2","75 11:35.600","0","0","0","0","67301","0","0","0","N","0","0","0","1","68K01","0","","7.0","246.0","9","N","N","N","0","","0","0","0","0","0","N","","1","0","0","0","0","0","0","2","0","1","","07","","N","","","","","","","","","",""
"2020068364","","1","0","0","0","0","0","0","0","0","7","0","","67","8","2020","1","40.031058","-75.156853","2338","6","0","0","0","0","0","0","0","0","","0","0","0","","","0","N","0","","40 01:51.810","","0","75 09:24.670","9","0","0","0","67301","0","0","0","N","0","0","0","1","67301","0","","5.0","","1","N","N","N","0","","0","0","0","0","0","","","1","0","0","0","0","0","1","2","0","1","","","","N","","","","","","","","","",""
"2020113766","","1","0","0","0","0","0","0","0","0","4","0","","67","12","2020","3","40.011746","-75.076091","2310","6","0","0","0","0","0","0","0","0","","0","0","0","","","1","","2","","40 00:42.286","1","0","75 04:33.927","4","0","0","0","67301","0","0","0","N","0","0","0","3","67301","1","","1.0","55.0","1","N","N","N","1","","0","0","0","0","0","N","","2","1","1","0","0","0","0","2","0","2","","03","","N","","","","","","","","","",""
"2020109326","","1","0","0","0","0","0","0","0","0","7","0","","67","12","2020","6","40.034108","-75.019833","1959","6","0","0","0","0","0","0","0","0","","0","0","0","","","0","N","0","","40 02:02.789","2","0","75 01:11.398","0","0","0","0","67301","0","0","0","N","0","0","0","2","68K01","0","","2.0","2045.0","9","N","N","N","0","","0","0","0","0","0","N","","1","0","1","0","0","0","0","2","0","1","","","","N","","","","","","","","","",""
"2020113267","","1","0","0","0","0","0","0","0","0","7","0","","67","12","2020","2","39.956575","-75.141483","0239","6","0","0","0","0","0","0","0","0","","0","0","0","","","0","N","0","","39 57:23.669","1","0","75 08:29.338","0","0","0","0","67301","0","0","0","N","0","0","0","1","68K01","0","","4.0","0.0","1","N","N","N","0","","0","0","0","0","0","N","","1","0","0","0","0","0","0","2","0","1","","03","","N","","","","","","","","","",""
"2020080067","","1","0","0","0","0","0","0","0","0","4","0","","67","9","2020","3","40.034904","-75.184358","0620","6","0","0","0","0","0","0","0","1","","0","0","0","","","0","","1","","40 02:05.655","","0","75 11:03.688","0","0","0","0","67301","0","0","0","N","0","0","0","2","67301","0","","1.0","","1","N","N","N","0","","0","0","1","2","2","","","2","0","0","0","0","0","0","2","0","2","","03","","N","","","","","","","","","",""
"2020077117","","2","0","0","0","0","0","0","0","0","4","0","","67","9","2020","7","40.056485","-75.046402","0806","6","0","0","0","0","0","1","0","0","","0","0","0","","","1","","1","","40 03:23.345","1","0","75 02:47.046","3","0","0","0","67301","0","0","0","N","0","0","0","3","67301","0","","1.0","930.0","1","N","N","N","0","","1","0","1","3","2","Y","","3","1","0","0","0","0","0","2","0","3","","03","","N","","","","","","","","","",""
"2020073930","","1","0","0","1","0","0","0","0","0","8","0","","67","9","2020","2","40.010224","-75.150912","0412","6","0","0","0","0","0","0","0","0","","0","0","0","","","1","N","0","","40 00:36.806","","0","75 09:03.282","3","0","0","0","67301","1","0","0","N","0","0","0","2","67301","0","","1.0","","1","N","N","N","0","","1","0","0","0","0","","","2","1","0","0","0","0","0","2","0","1","","03","","N","","","","","","","","","",""
"2020068257","","1","0","0","0","0","0","0","0","0","1","0","","67","8","2020","6","40.007639","-75.127327","0741","6","0","0","0","0","0","1","0","0","","0","0","0","","","1","","1","","40 00:27.502","3","0","75 07:38.377","3","0","0","0","67301","0","0","0","N","0","0","0","2","67301","0","","1.0","840.0","1","N","N","N","0","","1","0","1","3","2","N","","2","1","0","0","0","0","0","2","0","2","","03","","N","","","","","","","","","",""
"2020075818","","1","0","0","0","0","0","0","0","0","4","0","","67","9","2020","6","40.050065","-75.15048","2134","6","0","0","0","0","0","0","0","0","","0","0","0","","","1","","1","","40 03:00.233","","0","75 09:01.728","3","0","0","0","67301","0","0","0","N","0","0","0","4","67301","0","","1.0","","1","N","N","N","0","","1","0","0","3","2","","","2","1","2","0","0","0","0","2","0","2","","","","N","","","","","","","","","",""
"2020076702","","1","0","0","0","0","0","0","0","0","5","0","","67","8","2020","7","40.030458","-75.021987","2347","6","0","0","0","0","0","0","0","0","","0","0","0","","","0","N","0","","40 01:49.650","","0","75 01:19.154","0","0","0","0","67301","0","0","0","N","0","0","0","2","68K01","0","","1.0","","1","N","N","N","0","","0","0","1","0","0","","","2","0","0","0","0","0","0","2","0","2","","","","N","","","","","","","","","",""
"2020083343","","1","0","0","0","0","0","0","0","0","4","0","90","67","9","2020","4","39.95956","-75.19703","0725","6","0","0","0","0","0","0","0","0","","0","0","0","","","1","","1","","39 57:34.415","4","0","75 11:49.307","3","0","0","0","67301","0","0","0","N","0","0","0","2","67301","0","","1.0","100.0","1","N","N","Y","1","","1","0","0","3","2","N","","2","1","0","0","0","0","0","2","0","2","","03","N","Y","8","1","N","N","N","N","N","Y","N","N"
"2020100887","","0","0","0","0","0","0","0","0","0","8","0","","67","11","2020","2","39.953763","-75.175085","1250","6","0","0","0","0","0","0","0","0","","0","0","0","","","1","","1","","39 57:13.546","","0","75 10:30.306","3","0","0","0","67301","1","0","0","N","1","0","0","2","67301","0","","1.0","","9","N","N","N","0","","1","0","0","9","9","","","2","1","0","0","0","0","1","2","0","1","","04","","N","","","","","","","","","",""
"2020069363","","1","0","0","0","0","0","0","0","0","7","0","","67","8","2020","7","39.946771","-75.142074","0523","6","0","0","1","0","0","0","0","0","","0","0","0","","","1","N","0","","39 56:48.374","1","0","75 08:31.468","3","0","0","0","67301","0","0","0","N","0","0","0","3","68K01","0","","2.0","635.0","1","N","N","N","0","","1","0","0","0","0","N","","1","1","0","0","0","0","0","2","0","1","","","","N","","","","","","","","","",""
"2020073388","","2","0","0","0","0","0","0","0","0","4","0","","67","9","2020","2","40.002001","-75.168895","1819","6","0","0","0","0","0","0","0","0","","0","0","0","","","1","","2","","40 00:07.203","","0","75 10:08.022","3","0","0","0","67301","0","0","0","N","0","0","0","2","67301","0","","1.0","","1","N","N","N","0","","1","0","2","3","3","","","4","1","0","0","0","0","0","2","0","4","","03","","N","","","","","","","","","",""
"2020102363","","0","0","0","0","0","0","0","0","0","2","0","","67","11","2020","6","39.950481","-75.23505","1820","6","0","0","0","0","0","0","0","0","","0","0","0","","","1","N","0","","39 57:01.730","","0","75 14:06.180","3","0","0","0","67301","0","0","0","N","0","0","0","2","67301","0","","1.0","","1","N","N","N","0","","1","0","1","0","0","","","2","1","0","0","0","0","1","2","0","2","","03","","N","","","","","","","","","",""
"2020107318","","1","0","0","0","0","0","0","0","0","1","0","","67","12","2020","7","40.001782","-75.081039","1645","6","0","0","0","0","0","2","0","0","","0","0","0","","","1","N","0","","40 00:06.415","","0","75 04:51.741","4","0","0","0","67301","0","0","0","N","0","0","0","2","67301","1","","4.0","","1","N","N","N","0","","0","0","1","0","0","","","2","1","0","0","0","0","0","2","0","2","","03","","N","","","","","","","","","",""
"2020112466","","2","0","0","0","0","0","0","0","0","4","0","","67","12","2020","5","39.959686","-75.241242","0050","6","0","0","0","0","0","0","0","0","","0","0","0","","","1","","1","","39 57:34.869","","0","75 14:28.471","4","0","0","0","67301","0","0","0","N","0","0","0","3","67301","1","","1.0","","8","N","N","N","0","","0","0","0","3","3","","","2","1","0","0","0","0","2","2","0","2","","08","","N","","","","","","","","","",""
"2020069945","","2","0","0","0","0","0","0","0","0","5","0","","67","8","2020","1","39.895796","-75.237489","1553","6","0","0","0","0","0","0","0","0","","0","0","0","","","0","","3","","39 53:44.867","","0","75 14:14.960","9","0","0","0","67301","0","0","0","N","0","0","0","3","67301","0","","1.0","","9","N","N","N","0","","0","0","0","0","0","","","2","0","1","0","0","0","1","2","0","2","","07","","N","","","","","","","","","",""
"2020074741","","0","0","0","0","0","0","0","0","0","4","0","","67","9","2020","7","39.990188","-75.149918","1145","6","0","0","0","0","0","2","0","0","","0","0","0","","","1","","1","","39 59:24.676","","0","75 08:59.704","4","0","0","0","67301","0","0","0","N","0","0","0","2","67301","1","","1.0","","1","N","N","N","0","","0","0","1","3","2","","","2","1","1","0","0","0","0","2","1","2","","03","","N","","","","","","","","","",""
"2020086093","","1","0","1","0","0","0","0","0","0","7","0","","67","10","2020","4","39.9225","-75.190083","2353","6","0","0","0","0","0","0","0","0","","0","0","0","","","1","","7","","39 55:21.000","4","8","75 11:24.300","2","0","0","0","67301","0","0","0","N","0","0","0","2","67501","0","","7.0","210.0","1","N","N","N","0","","0","1","0","0","0","Y","","1","1","0","0","0","0","0","2","0","1","","","","N","","","","","","","","","",""
"2020099124","","1","0","0","0","0","0","0","0","0","1","0","","67","11","2020","3","40.02758","-75.147134","2328","6","0","0","0","0","0","0","0","0","","0","0","0","","","5","","1","","40 01:39.287","1","0","75 08:49.681","3","0","0","0","67301","0","0","0","N","0","0","0","8","67301","0","","1.0","310.0","1","N","N","N","0","","5","0","2","3","2","N","","3","5","0","0","0","0","0","2","0","3","","03","","N","","","","","","","","","",""
"2020112002","","1","0","0","0","0","0","0","0","0","1","0","","67","12","2020","6","39.970597","-75.159561","0914","6","0","0","0","0","0","0","0","0","","0","0","0","","","1","Y","0","","39 58:14.149","","0","75 09:34.421","4","0","0","0","67301","0","0","0","N","0","0","0","2","67301","1","","1.0","","9","N","N","N","0","","0","0","1","3","2","","","2","1","0","0","0","0","0","2","0","2","","03","","N","","","","","","","","","",""
"2020069028","","2","0","0","0","0","0","0","0","0","5","0","","67","8","2020","4","40.031631","-75.145003","0008","6","0","0","0","0","1","0","0","0","","0","0","0","","","0","N","0","","40 01:53.870","","0","75 08:42.010","0","0","0","0","67301","0","0","0","N","0","0","0","3","67301","0","","6.0","","1","N","N","N","0","","0","0","2","0","0","","","4","0","0","0","0","0","0","2","0","4","","","","N","","","","","","","","","",""
"2020067895","","1","0","0","0","0","0","0","0","0","6","0","","67","8","2020","5","40.005819","-75.134447","0545","6","0","0","0","0","1","0","0","0","","0","0","0","","","1","N","0","","40 00:20.950","","0","75 08:04.010","4","0","0","0","67301","0","0","0","N","0","0","0","2","67301","1","","1.0","","1","N","N","N","0","","0","0","2","0","0","","","3","1","1","0","0","0","0","2","0","3","","03","","N","","","","","","","","","",""
"2020068363","","2","0","0","0","0","0","0","0","0","5","0","","67","8","2020","1","40.032992","-75.072767","2005","6","0","0","0","0","0","0","0","0","","0","0","0","","","0","N","0","","40 01:58.770","","0","75 04:21.960","0","0","0","0","67301","0","0","0","N","0","0","0","1","67301","0","","6.0","","1","N","N","Y","0","","0","0","0","0","0","","","2","0","0","0","0","0","0","2","0","2","","03","","N","","","","","","","","","",""
"2020111555","","0","0","0","0","0","0","0","0","0","1","0","","67","12","2020","3","40.092604","-75.031866","1858","6","0","0","0","0","0","0","1","0","","0","0","0","","","0","N","0","","40 05:33.376","","0","75 01:54.719","0","0","0","0","67301","0","0","0","N","0","0","0","3","67301","0","","1.0","","1","N","N","N","1","","0","0","1","0","0","","","3","0","0","0","0","0","0","2","1","3","","03","","N","","","","","","","","","",""
"2020112149","","2","0","0","0","0","0","0","0","0","4","0","","67","12","2020","6","39.959826","-75.17016","1004","6","0","0","0","0","0","2","0","0","","0","0","0","","","0","","1","","39 57:35.373","","0","75 10:12.576","0","0","0","0","67301","0","0","0","N","0","0","0","2","67301","0","","1.0","","9","N","N","N","0","","0","0","0","3","3","","","2","0","0","0","0","0","0","2","0","2","","04","","N","","","","","","","","","",""
"2020070134","","2","0","0","0","0","0","0","0","0","8","0","","67","8","2020","1","39.903205","-75.154677","1230","6","0","0","0","0","0","0","0","0","","0","0","0","","","1","N","0","","39 54:11.539","","0","75 09:16.838","2","0","0","0","67301","1","0","1","N","1","0","1","5","67301","0","","1.0","","1","N","N","N","0","","0","1","0","0","0","","","3","1","0","0","0","0","1","2","0","2","","03","","N","","","","","","","","","",""
"2020078867","","2","0","0","0","0","0","0","0","0","5","0","","67","9","2020","3","40.021164","-75.052477","2200","6","0","0","0","0","0","0","0","0","","0","0","0","","","2","N","0","","40 01:16.191","","0","75 03:08.916","3","0","0","0","67301","0","0","0","N","0","0","0","3","67301","0","","6.0","","1","N","N","N","0","","2","0","0","0","0","","","2","2","0","0","0","0","0","2","0","2","","03","","N","","","","","","","","","",""
"2020069467","","2","0","0","0","0","0","0","0","0","4","0","","67","8","2020","3","39.970153","-75.145021","0015","6","0","0","0","0","0","0","0","0","","0","0","0","","","0","","1","","39 58:12.552","3","0","75 08:42.076","0","0","0","0","67301","0","0","0","N","0","0","0","3","67301","0","","1.0","110.0","1","N","N","N","0","","0","0","0","3","2","N","","2","0","0","0","0","0","0","2","0","2","","03","","N","","","","","","","","","",""
"2020111971","","0","0","0","0","0","0","0","0","0","7","0","","67","12","2020","1","39.972292","-75.193497","0858","6","0","0","0","0","0","0","0","0","","0","0","0","","","0","N","0","","39 58:20.251","","0","75 11:36.589","0","0","0","0","67301","0","0","0","N","0","0","0","1","68K01","0","","4.0","","2","N","N","N","0","","0","0","1","0","0","","","1","0","0","0","0","0","0","2","0","1","","","","N","","","","","","","","","",""
"2020112464","","1","0","0","0","0","0","0","0","0","4","0","","67","12","2020","3","40.084681","-75.025077","1303","6","0","0","0","0","0","0","1","0","","0","0","0","","","3","","1","","40 05:04.850","","0","75 01:30.277","3","0","0","0","67301","0","0","0","N","0","0","0","4","67301","0","","1.0","","1","N","N","N","0","","3","0","2","3","2","","","3","3","0","0","0","0","0","2","0","3","","","","N","","","","","","","","","",""
"2020090745","","1","0","0","0","0","0","0","0","0","1","0","","67","10","2020","2","39.947484","-75.187686","1746","6","0","0","0","0","0","1","0","0","","0","0","0","","","1","","1","","39 56:50.944","","2","75 11:15.670","4","0","0","0","67301","0","0","0","N","0","0","0","2","68K01","1","","1.0","","9","N","N","N","0","","0","0","1","3","2","","","2","1","0","0","0","0","0","2","0","2","","","","N","","","","","","","","","",""