"CRN","ARRIVAL_TM","AUTOMOBILE_COUNT","BELTED_DEATH_COUNT","BELTED_SUSP_SERIOUS_INJ_COUNT","BICYCLE_COUNT","BICYCLE_DEATH_COUNT","BICYCLE_SUSP_SERIOUS_INJ_COUNT","BUS_COUNT","CHLDPAS_DEATH_COUNT","CHLDPAS_SUSP_SERIOUS_INJ_COUNT","COLLISION_TYPE","COMM_VEH_COUNT","CONS_ZONE_SPD_LIM","COUNTY","CRASH_MONTH","CRASH_YEAR","DAY_OF_WEEK","DEC_LATITUDE","DEC_LONGITUDE","DISPATCH_TM","DISTRICT","DRIVER_COUNT_16YR","DRIVER_COUNT_17YR","DRIVER_COUNT_18YR","DRIVER_COUNT_19YR","DRIVER_COUNT_20YR","DRIVER_COUNT_50_64YR","DRIVER_COUNT_65_74YR","DRIVER_COUNT_75PLUS","EST_HRS_CLOSED","FATAL_COUNT","HEAVY_TRUCK_COUNT","HORSE_BUGGY_COUNT","HOUR_OF_DAY","ILLUMINATION","INJURY_COUNT","INTERSECTION_RELATED","INTERSECT_TYPE","LANE_CLOSED","LATITUDE","LN_CLOSE_DIR","LOCATION_TYPE","LONGITUDE","MAX_SEVERITY_LEVEL","MCYCLE_DEATH_COUNT","MCYCLE_SUSP_SERIOUS_INJ_COUNT","MOTORCYCLE_COUNT","MUNICIPALITY","NONMOTR_COUNT","NONMOTR_DEATH_COUNT","NONMOTR_SUSP_SERIOUS_INJ_COUNT","NTFY_HIWY_MAINT","PED_COUNT","PED_DEATH_COUNT","PED_SUSP_SERIOUS_INJ_COUNT","PERSON_COUNT","POLICE_AGCY","POSSIBLE_INJ_COUNT","RDWY_SURF_TYPE_CD","RELATION_TO_ROAD","ROADWAY_CLEARED","ROAD_CONDITION","SCH_BUS_IND","SCH_ZONE_IND","SECONDARY_CRASH","SMALL_TRUCK_COUNT","SPEC_JURIS_CD","SUSP_MINOR_INJ_COUNT","SUSP_SERIOUS_INJ_COUNT","SUV_COUNT","TCD_FUNC_CD","TCD_TYPE","TFC_DETOUR_IND","TIME_OF_DAY","TOTAL_UNITS","TOT_INJ_COUNT","UNBELTED_OCC_COUNT","UNB_DEATH_COUNT","UNB_SUSP_SERIOUS_INJ_COUNT","UNK_INJ_DEG_COUNT","UNK_INJ_PER_COUNT","URBAN_RURAL","VAN_COUNT","VEHICLE_COUNT","WEATHER1","WEATHER2","WORKERS_PRES","WORK_ZONE_IND","WORK_ZONE_LOC","WORK_ZONE_TYPE","WZ_CLOSE_DETOUR","WZ_FLAGGER","WZ_LAW_OFFCR_IND","WZ_LN_CLOSURE","WZ_MOVING","WZ_OTHER","WZ_SHLDER_MDN","WZ_WORKERS_INJ_KILLED"
"2020086171","","0","0","0","0","0","0","0","0","0","4","0","","67","10","2020","2","39.911708","-75.172371","1147","6","0","0","0","0","0","0","0","0","","0","0","0","","","1","","1","","39 54:42.148","","0","75 10:20.534","3","0","0","0","67301","0","0","0","N","0","0","0","3","67301","0","","1.0","","9","N","N","N","0","","1","0","1","3","2","","","2","1","0","0","0","0","0","2","1","2","","04","","N","","","","","","","","","",""
"2020073262","","1","0","0","0","0","0","0","0","0","6","0","","67","9","2020","2","39.951739","-75.226589","0730","6","0","0","0","1","0","0","0","0","","0","0","0","","","1","N","0","","39 57:06.259","2","0","75 13:35.721","3","0","0","0","67301","0","0","0","N","0","0","0","1","67301","0","","6.0","910.0","1","N","N","N","0","","1","0","2","0","0","Y","","3","1","0","0","0","0","0","2","0","3","","","","N","","","","","","","","","",""
"2020091804","","1","0","0","0","0","0","0","0","0","1","0","","67","10","2020","6","39.986171","-75.092571","1937","6","0","0","0","0","0","1","0","0","","0","0","0","","","1","N","0","","39 59:10.216","2","0","75 05:33.255","4","0","0","0","67301","0","0","0","N","0","0","0","2","68K01","1","","3.0","100.0","1","N","N","Y","0","","0","0","1","0","0","N","","2","1","0","0","0","0","0","2","0","2","","","","N","","","","","","","","","",""
"2020106180","","2","0","0","0","0","0","0","0","0","2","0","","67","12","2020","3","39.916725","-75.17017","1408","6","0","0","0","0","0","0","0","0","","0","0","0","","","3","","2","","39 55:00.211","","0","75 10:12.612","3","0","0","0","67301","0","0","0","N","0","0","0","3","67301","0","","1.0","","1","N","N","N","0","","3","0","3","0","0","","","5","3","0","0","0","0","0","2","0","5","","03","","N","","","","","","","","","",""
"2020104390","","2","0","0","0","0","0","0","0","0","4","0","","67","12","2020","5","40.103708","-74.983417","2136","6","0","0","0","0","0","0","0","0","","0","0","0","","","1","","1","","40 06:13.348","","0","74 59:00.301","3","0","0","0","67301","0","0","0","N","0","0","0","2","67301","0","","1.0","","1","N","N","N","0","","1","0","0","3","2","","","2","1","0","0","0","0","0","2","0","2","","03","","N","","","","","","","","","",""
"2020077913","","3","0","0","0","0","0","0","0","0","5","0","","67","9","2020","3","39.956687","-75.210717","0517","6","0","0","0","0","0","1","0","0","","0","0","0","","","0","N","0","","39 57:24.073","","0","75 12:38.581","0","0","0","0","67301","0","0","0","N","0","0","0","2","67301","0","","1.0","","1","N","N","N","0","","0","0","1","0","0","","","4","0","0","0","0","0","0","2","0","4","","03","","N","","","","","","","","","",""
"2020079317","","2","0","0","0","0","0","0","0","0","4","0","","67","9","2020","3","39.92899","-75.153614","1251","6","0","0","0","0","0","0","1","0","","0","0","0","","","1","","2","","39 55:44.364","","0","75 09:13.010","4","0","0","0","67301","0","0","0","N","0","0","0","2","67301","1","","1.0","","1","N","N","N","0","","0","0","0","3","3","","","2","1","1","0","0","0","1","2","0","2","","03","","N","","","","","","","","","",""
"2020105206","","1","0","0","0","0","0","0","0","0","4","0","","67","12","2020","1","40.049044","-75.094661","1150","6","0","0","0","0","0","0","0","0","","0","0","0","","","1","","1","","40 02:56.557","","0","75 05:40.778","4","0","0","0","67301","0","0","0","N","0","0","0","2","67301","1","","1.0","","1","N","N","Y","0","","0","0","1","3","3","","","2","1","0","0","0","0","0","2","0","2","","","","N","","","","","","","","","",""
"2020100537","","1","0","0","0","0","0","0","0","0","1","0","","67","11","2020","2","39.975836","-75.158419","1513","6","0","0","0","0","0","0","0","0","","0","0","0","","","2","N","1","","39 58:33.009","","0","75 09:30.309","3","0","0","0","67301","0","0","0","N","0","0","0","5","67505","0","","1.0","","1","N","N","N","0","","1","0","1","3","2","","","2","2","1","0","0","1","0","2","0","2","","03","","N","","","","","","","","","",""
"2020085393","","0","0","0","0","0","0","0","0","0","8","0","","67","10","2020","1","40.044927","-75.170107","1554","6","0","0","0","0","0","0","0","0","","0","0","0","","","1","","1","","40 02:41.737","","0","75 10:12.385","3","0","0","0","67301","1","0","0","N","1","0","0","2","67301","0","","1.0","","1","N","N","N","0","","1","0","0","3","3","","","2","1","0","0","0","0","1","2","0","1","","04","","N","","","","","","","","","",""
"2020079199","","1","0","0","0","0","0","0","0","0","7","0","","67","9","2020","6","39.969912","-75.188768","0104","6","0","0","0","0","0","0","0","0","","0","0","0","","","1","N","0","","39 58:11.683","","0","75 11:19.566","3","0","0","0","67301","0","0","0","N","0","0","0","2","67301","0","","4.0","","1","N","N","N","0","","1","0","0","0","0","","","1","1","0","0","0","0","0","2","0","1","","03","","N","","","","","","","","","",""
"2020084399","","2","0","0","0","0","0","0","0","0","5","0","","67","10","2020","7","39.964166","-75.221585","2335","6","0","0","0","0","0","0","0","0","","0","0","0","","","0","N","0","","39 57:50.997","","0","75 13:17.706","0","0","0","0","67301","0","0","0","N","0","0","0","2","67301","0","","1.0","","1","N","N","N","0","","0","0","0","0","0","","","2","0","0","0","0","0","0","2","0","2","","","","N","","","","","","","","","",""
"2020103601","","2","0","0","0","0","0","0","0","0","4","0","","67","12","2020","3","39.974964","-75.151608","1610","6","0","0","0","0","0","0","0","0","","0","0","0","","","0","","1","","39 58:29.870","","0","75 09:05.788","0","0","0","0","67301","0","0","0","N","0","0","0","2","67301","0","","1.0","","1","N","N","N","0","","0","0","0","3","2","","","3","0","0","0","0","0","0","2","1","3","","03","","N","","","","","","","","","",""
"2020111559","","1","0","0","0","0","0","0","0","0","4","0","","67","12","2020","3","39.965289","-75.201546","2012","6","0","0","0","0","0","1","0","0","","0","0","0","","","0","","1","","39 57:55.040","","0","75 12:05.565","0","0","0","0","67301","0","0","0","N","0","0","0","2","67301","0","","1.0","","1","N","N","N","0","","0","0","0","3","3","","","2","0","0","0","0","0","0","2","0","2","","","","N","","","","","","","","","",""
"2020067312","","0","0","0","0","0","0","0","0","0","8","0","","67","8","2020","5","40.044562","-75.144627","1454","6","0","0","0","0","0","0","0","0","","0","0","0","","","1","","1","","40 02:40.423","","0","75 08:40.657","3","0","0","0","67301","1","0","0","N","1","0","0","2","67301","0","","1.0","","1","N","N","N","0","","1","0","0","3","2","","","2","1","0","0","0","0","0","2","0","1","","03","","N","","","","","","","","","",""
"2020075176","","0","0","0","0","0","0","0","0","0","7","0","","67","9","2020","5","39.97981","-75.105757","2246","6","0","0","0","1","0","0","0","0","","0","0","0","","","0","N","0","","39 58:47.315","","0","75 06:20.726","0","0","0","0","67301","0","0","0","N","0","0","0","1","68K01","0","","3.0","","9","N","N","N","0","","0","0","0","0","0","","","1","0","0","0","0","0","0","2","1","1","","07","","N","","","","","","","","","",""
"2020069933","","0","0","0","1","0","0","0","0","0","8","0","","67","8","2020","5","39.914488","-75.235186","1448","6","0","0","0","0","0","0","0","0","","0","0","0","","","1","","1","","39 54:52.156","","0","75 14:06.669","8","0","0","0","67301","1","0","0","N","0","0","0","2","67301","0","","1.0","","1","N","N","N","0","","0","0","1","3","3","","","2","1","0","0","0","1","0","2","0","1","","03","","N","","","","","","","","","",""
"2020103919","","2","0","0","0","0","0","0","0","0","4","0","","67","12","2020","3","40.026943","-75.209429","1910","6","0","0","0","0","0","0","1","0","","0","0","0","","","0","","1","","40 01:36.995","5","0","75 12:33.945","0","0","0","0","67301","0","0","0","N","0","0","0","4","67301","0","","1.0","2100.0","1","N","N","N","0","","0","0","0","3","2","Y","","3","0","1","0","0","0","0","2","1","3","","","","N","","","","","","","","","",""
"2020102275","","2","0","0","0","0","0","0","0","0","4","0","","67","11","2020","6","40.053058","-75.064401","1846","6","0","0","0","0","0","0","0","0","","0","0","0","","","1","","1","","40 03:11.009","","99","75 03:51.845","3","0","0","0","67301","0","0","0","N","0","0","0","3","67301","0","","1.0","","1","N","N","N","0","","1","0","0","9","2","","","2","1","2","0","0","0","0","2","0","2","","","","N","","","","","","","","","",""
"2020086174","","1","0","0","0","0","0","0","0","0","4","0","","67","10","2020","4","40.059276","-75.044578","1007","6","0","0","0","0","0","1","0","0","","0","0","0","","","1","","1","","40 03:33.392","","0","75 02:40.479","4","0","0","0","67301","0","0","0","N","0","0","0","2","67301","1","","1.0","","1","N","N","N","1","","0","0","0","3","2","","","2","1","0","0","0","0","0","2","0","2","","","","N","","","","","","","","","",""
"2020070942","","2","0","0","0","0","0","0","0","0","4","0","","67","8","2020","2","40.024274","-75.130411","1900","6","0","0","0","0","0","0","0","0","","0","0","0","","","0","","1","","40 01:27.386","","0","75 07:49.479","0","0","0","0","67301","0","0","0","N","0","0","0","2","67301","0","","1.0","","1","N","N","N","0","","0","0","0","3","2","","","2","0","0","0","0","0","0","2","0","2","","03","","N","","","","","","","","","",""
"2020068360","","0","0","0","0","0","0","0","0","0","4","0","","67","8","2020","2","39.975646","-75.191913","1125","6","0","0","0","0","0","0","0","0","","0","0","0","","","0","","2","","39 58:32.324","4","0","75 11:30.885","0","0","0","0","67301","0","0","0","N","0","0","0","3","67301","0","","1.0","1305.0","1","N","N","N","0","","0","0","2","0","0","N","","2","0","0","0","0","0","0","2","0","2","","","","N","","","","","","","","","",""
"2020068299","","1","0","0","0","0","0","0","0","0","7","0","","67","8","2020","6","39.995651","-75.197586","0705","6","0","0","0","0","0","0","0","0","","0","0","0","","","1","N","0","","39 59:44.342","","0","75 11:51.310","8","0","0","0","67301","0","0","0","N","0","0","0","1","68K01","0","","4.0","","1","N","N","N","0","","0","0","0","0","0","","","1","1","1","0","0","1","0","2","0","1","","","","N","","","","","","","","","",""
"2020078312","","1","0","0","0","0","0","0","0","0","4","0","","67","9","2020","3","40.080855","-75.028774","1324","6","0","0","0","0","0","2","0","0","","0","0","0","","","1","","1","","40 04:51.077","","0","75 01:43.585","8","0","0","1","67301","0","0","0","N","0","0","0","2","67301","0","","1.0","","1","N","N","N","0","","0","0","0","3","2","","","2","1","0","0","0","1","0","2","0","2","","03","","N","","","","","","","","","",""
"2020069021","","1","0","0","0","0","0","0","0","0","4","0","","67","8","2020","3","40.054847","-75.168958","1715","6","0","0","0","0","0","1","0","0","","0","0","0","","","1","","1","","40 03:17.448","","0","75 10:08.247","3","0","0","0","67301","0","0","0","N","0","0","0","2","67301","0","","1.0","","1","N","N","N","0","","1","0","1","3","2","","","2","1","0","0","0","0","0","2","0","2","","03","","N","","","","","","","","","",""
"2020086172","","1","0","0","0","0","0","0","0","0","5","0","","67","10","2020","5","39.956845","-75.149013","2055","6","0","0","0","0","0","0","0","0","","0","0","0","","","0","N","0","","39 57:24.643","","0","75 08:56.445","0","0","0","0","67301","0","0","0","N","0","0","0","2","67301","0","","1.0","","1","N","N","N","0","","0","0","1","0","0","","","2","0","0","0","0","0","0","2","0","2","","03","","N","","","","","","","","","",""
"2020107087","","0","0","0","0","0","0","0","0","0","4","0","","67","12","2020","6","39.991563","-75.136538","1755","6","0","0","0","0","0","0","0","0","","0","0","0","","","1","N","0","","39 59:29.627","","0","75 08:11.535","3","0","0","0","67301","0","0","0","N","0","0","0","2","67301","0","","1.0","","1","N","N","N","0","","1","0","2","0","0","","","2","1","0","0","0","0","0","2","0","2","","03","","N","","","","","","","","","",""
"2020103595","","2","0","0","0","0","0","0","0","0","4","0","","67","11","2020","2","40.048195","-75.082905","0113","6","0","0","0","0","0","0","0","0","","0","0","0","","","0","","1","","40 02:53.501","","0","75 04:58.458","0","0","0","0","67301","0","0","0","N","0","0","0","2","67301","0","","1.0","","1","N","N","N","0","","0","0","0","3","3","","","2","0","0","0","0","0","0","2","0","2","","","","N","","","","","","","","","",""
"2020083347","","1","0","0","0","0","0","0","0","0","4","0","","67","10","2020","2","39.963339","-75.215431","2154","6","0","0","0","0","0","0","0","0","","0","0","0","","","0","N","0","","39 57:48.020","","0","75 12:55.550","0","0","0","0","67301","0","0","0","N","0","0","0","1","67301","0","","5.0","","1","N","N","N","0","","0","0","1","0","0","","","2","0","0","0","0","0","0","2","0","2","","","","N","","","","","","","","","",""
"2020113451","","1","0","0","0","0","0","0","0","0","8","0","","67","12","2020","2","39.989125","-75.119356","1034","6","0","0","0","0","0","0","0","0","","0","0","0","","","1","","2","","39 59:20.850","","0","75 07:09.680","8","0","0","0","67301","1","0","0","N","1","0","0","2","67301","0","","1.0","","1","N","N","N","0","","0","0","0","3","3","","","2","1","0","0","0","1","1","2","0","1","","","","N","","","","","","","","","",""
"2020112972","","1","0","0","0","0","0","0","0","0","4","0","","67","12","2020","2","39.981778","-75.181897","1857","6","0","0","0","0","0","0","0","0","","0","1","0","","","5","","1","","39 58:54.400","7","0","75 10:54.828","3","0","0","0","67301","1","0","0","N","1","0","0","6","67301","0","","1.0","2030.0","1","N","N","N","0","","5","0","1","3","2","Y","","4","5","0","0","0","0","0","2","0","3","","03","","N","","","","","","","","","",""
"2020079555","","1","0","0","0","0","0","0","0","0","7","0","","67","9","2020","6","40.11086","-75.003561","2334","6","0","0","0","1","0","0","0","0","","0","0","0","","","2","","2","","40 06:39.095","","0","75 00:12.819","3","0","0","0","67301","0","0","0","N","0","0","0","2","67301","0","","4.0","","1","N","N","N","0","","2","0","0","3","2","","","1","2","0","0","0","0","0","2","0","1","","","","N","","","","","","","","","",""
"2020078526","","2","0","0","0","0","0","0","0","0","5","0","","67","9","2020","2","39.901322","-75.239437","1141","6","0","0","0","0","0","1","0","0","","0","0","0","","","0","","2","","39 54:04.758","","0","75 14:21.973","0","0","0","0","67301","0","0","0","N","0","0","0","2","67301","0","","1.0","","1","N","N","N","0","","0","0","0","3","2","","","2","0","0","0","0","0","0","2","0","2","","03","","N","","","","","","","","","",""
"2020068543","","0","0","0","0","0","0","0","0","0","4","0","","67","8","2020","1","39.953535","-75.234413","1358","6","0","0","0","0","0","1","0","0","","0","0","0","","","2","","1","","39 57:12.725","","0","75 14:03.886","4","0","0","0","67301","0","0","0","N","0","0","0","4","67301","2","","1.0","","1","N","N","N","0","","0","0","1","3","3","","","2","2","0","0","0","0","0","2","1","2","","03","","N","","","","","","","","","",""
"2020105210","","0","0","0","0","0","0","0","0","0","7","0","","67","12","2020","7","39.949639","-75.245167","0117","6","0","0","0","0","0","0","0","0","","0","0","0","","","1","N","0","","39 56:58.700","","0","75 14:42.600","2","0","0","0","67301","0","0","0","N","0","0","0","1","67301","0","","4.0","","9","N","N","N","0","","0","1","1","3","2","","","1","1","0","0","0","0","0","2","0","1","","07","","N","","","","","","","","","",""
"2020113446","","2","0","0","0","0","0","0","0","0","4","0","","67","12","2020","4","39.916124","-75.166261","2234","6","0","0","0","0","0","0","0","0","","0","0","0","","","1","","1","","39 54:58.048","","0","75 09:58.540","3","0","0","0","67301","0","0","0","N","0","0","0","3","67301","0","","1.0","","1","N","N","N","1","","1","0","1","3","2","","","4","1","0","0","0","0","1","2","0","4","","03","","N","","","","","","","","","",""
"2020068231","","0","0","0","0","0","0","0","0","0","6","0","","67","8","2020","1","40.055956","-75.075422","2315","6","0","0","0","0","0","0","0","0","","0","0","0","","","0","N","0","","40 03:21.440","","99","75 04:31.520","0","0","0","0","67301","0","0","0","N","0","0","0","1","67301","0","","6.0","","9","N","N","N","0","","0","0","2","0","0","","","2","0","0","0","0","0","0","2","0","2","","","","N","","","","","","","","","",""
"2020070072","","2","0","0","0","0","0","0","0","0","4","0","","67","8","2020","2","40.071611","-74.987744","0645","6","0","0","0","0","0","0","0","0","","0","0","0","","","1","","1","","40 04:17.800","","0","74 59:15.880","3","0","0","0","67301","0","0","0","N","0","0","0","2","67301","0","","1.0","","1","N","N","N","0","","1","0","0","3","3","","","2","1","0","0","0","0","0","2","0","2","","","","N","","","","","","","","","",""
"2020110507","","2","0","0","0","0","0","0","0","0","4","0","","67","12","2020","1","40.014326","-75.070851","2117","6","0","0","0","1","0","0","0","0","","0","0","0","","","0","","1","","40 00:51.572","","0","75 04:15.064","0","0","0","0","67301","0","0","0","N","0","0","0","2","67301","0","","1.0","","9","N","N","N","0","","0","0","0","3","2","","","2","0","0","0","0","0","0","2","0","2","","","","N","","","","","","","","","",""
"2020104941","","2","0","0","0","0","0","0","0","0","1","0","25","67","12","2020","6","39.911111","-75.163444","2330","6","0","0","0","0","0","1","0","0","","0","0","0","","","1","N","0","","39 54:40.000","3","3","75 09:48.400","4","0","0","0","67301","0","0","0","N","0","0","0","4","67501","1","","1.0","31.0","9","N","N","Y","0","","0","0","1","0","0","Y","","3","1","1","0","0","0","0","2","0","3","","","N","Y","4","1","","","Y","","","","Y","N"
"2020112073","","2","0","0","0","0","0","0","0","0","4","0","","67","12","2020","5","39.924709","-75.181989","1720","6","0","0","0","1","0","0","0","0","","0","0","0","","","1","","1","","39 55:28.952","","0","75 10:55.160","4","0","0","0","67301","0","0","0","N","0","0","0","2","67301","1","","1.0","","9","N","N","N","0","","0","0","1","3","3","","","3","1","0","0","0","0","0","2","0","3","","07","","N","","","","","","","","","",""
"2020093030","","0","0","0","0","0","0","0","0","0","4","0","","67","10","2020","2","40.007105","-75.213717","2231","6","0","0","0","0","0","0","0","0","","0","0","0","","","1","","1","","40 00:25.579","4","0","75 12:49.382","2","0","0","0","67301","0","0","0","N","0","0","0","2","68K01","0","","1.0","100.0","1","N","N","N","0","","0","1","1","3","2","N","","2","1","0","0","0","0","0","2","0","2","","03","","N","","","","","","","","","",""
"2020086219","","5","0","0","0","0","0","0","0","0","5","0","","67","10","2020","3","39.997089","-75.170528","2220","6","0","0","0","0","0","0","0","0","","0","0","0","","","0","N","0","","39 59:49.520","","0","75 10:13.900","0","0","0","0","67301","0","0","0","N","0","0","0","1","67301","0","","6.0","","1","N","N","N","0","","0","0","1","0","0","","","6","0","0","0","0","0","0","2","0","6","","","","N","","","","","","","","","",""
"2020088077","","0","0","0","0","0","0","0","0","0","5","0","","67","10","2020","5","39.972856","-75.202792","2015","6","0","0","0","0","0","0","0","0","","0","0","0","","","1","N","0","","39 58:22.280","","0","75 12:10.050","3","0","0","0","67301","1","0","0","N","1","0","0","2","67301","0","","6.0","","1","N","N","N","0","","1","0","2","0","0","","","3","1","1","0","0","0","0","2","0","2","","03","","N","","","","","","","","","",""
"2020110375","","2","0","0","0","0","0","0","0","0","1","0","","67","12","2020","1","40.009175","-75.087894","2325","6","0","0","0","0","0","0","0","0","","0","0","0","","","0","N","0","","40 00:33.030","","0","75 05:16.420","9","0","0","0","67301","0","0","0","N","0","0","0","1","67301","0","","6.0","","2","N","N","N","0","","0","0","0","0","0","","","3","0","0","0","0","0","1","2","1","3","","05","","N","","","","","","","","","",""
"2020084243","","1","0","0","0","0","0","0","0","0","1","0","","67","10","2020","3","40.017917","-75.211355","2052","6","0","0","0","0","0","1","0","0","","0","0","0","","","0","N","0","","40 01:04.501","","0","75 12:40.879","0","0","0","0","67301","0","0","0","N","0","0","0","2","67301","0","","1.0","","1","N","N","N","0","","0","0","1","0","0","","","2","0","0","0","0","0","0","2","0","2","","","","N","","","","","","","","","",""
"2020098804","","0","0","0","0","0","0","0","0","0","7","0","","67","11","2020","3","39.924475","-75.140756","1414","6","0","0","0","0","0","0","1","0","","0","0","0","","","1","N","0","","39 55:28.110","","7","75 08:26.720","3","0","0","0","67301","0","0","0","N","0","0","0","2","67301","0","","4.0","","1","N","N","N","0","","1","0","0","0","0","","","1","1","0","0","0","0","0","2","1","1","","03","","N","","","","","","","","","",""
"2020101356","","2","0","0","0","0","0","0","0","0","1","0","","67","11","2020","3","40.091994","-75.032091","1930","6","0","1","0","0","0","1","0","0","","0","0","0","","","1","N","0","","40 05:31.178","","0","75 01:55.528","3","0","0","0","67301","0","0","0","N","0","0","0","4","67301","0","","1.0","","1","N","N","N","0","","1","0","2","0","0","","","4","1","4","0","0","0","0","2","0","4","","03","","N","","","","","","","","","",""
"2020068232","","1","0","0","0","0","0","0","0","0","7","0","","67","8","2020","2","40.061457","-75.083441","0014","6","0","0","0","0","0","0","0","0","","0","0","0","","","0","N","0","","40 03:41.245","","0","75 05:00.387","0","0","0","0","67301","0","0","0","N","0","0","0","1","67301","0","","4.0","","1","N","N","N","0","","0","0","0","0","0","","","1","0","0","0","0","0","0","2","0","1","","03","","N","","","","","","","","","",""
"2020090758","","1","0","0","0","0","0","0","0","0","1","0","","67","10","2020","5","39.967919","-75.131116","0933","6","0","0","0","0","0","1","0","0","","0","0","0","","","0","N","0","","39 58:04.507","2","0","75 07:52.019","0","0","0","0","67301","0","0","0","N","0","0","0","3","68K01","0","","1.0","100.0","1","N","N","N","0","","0","0","1","0","0","N","","2","0","0","0","0","0","0","2","0","2","","","","N","","","","","","","","","",""
"2020074441","","0","0","0","0","0","0","0","0","0","1","0","","67","9","2020","6","39.924031","-75.143304","1210","6","0","0","0","0","0","1","0","0","","0","0","0","","","1","","2","","39 55:26.513","","0","75 08:35.896","3","0","0","0","67301","0","0","0","N","0","0","0","2","67301","0","","1.0","","1","N","N","N","0","","1","0","1","3","2","","","2","1","2","0","0","0","1","2","1","2","","03","","N","","","","","","","","","",""
"2020078951","","0","0","0","0","0","0","0","0","0","5","1","","67","9","2020","4","39.895431","-75.233493","0812","6","0","0","0","0","0","1","0","0","","0","1","0","","","0","","2","","39 53:43.553","","0","75 14:00.574","0","0","0","0","67301","0","0","0","N","0","0","0","2","67301","0","","1.0","","1","N","N","N","1","","0","0","0","3","2","","","2","0","0","0","0","0","0","2","0","2","","03","","N","","","","","","","","","",""
"2020089096","","1","0","0","0","0","0","0","0","0","7","0","","67","10","2020","5","39.973664","-75.193748","2017","6","0","0","0","0","0","0","0","0","","0","0","0","","","1","N","0","","39 58:25.189","4","8","75 11:37.493","3","0","0","0","67301","0","0","0","N","0","0","0","1","68K01","0","","4.0","2017.0","1","N","N","N","0","","1","0","0","0","0","Y","","1","1","0","0","0","0","0","2","0","1","","","","N","","","","","","","","","",""
"2020107238","","2","0","0","0","0","0","0","0","0","4","0","","67","12","2020","2","39.978304","-75.129952","1335","6","0","0","0","0","0","1","0","0","","0","0","0","","","1","","1","","39 58:41.894","","0","75 07:47.827","8","0","0","0","67301","0","0","0","N","0","0","0","2","67301","0","","1.0","","1","N","N","N","0","","0","0","0","3","3","","","2","1","0","0","0","1","1","2","0","2","","","","N","","","","","","","","","",""
"2020085738","","1","0","0","0","0","0","0","0","0","4","0","","67","10","2020","4","39.951249","-75.199138","1859","6","0","0","0","1","0","0","0","0","","0","0","0","","","2","N","1","","39 57:04.496","","0","75 11:56.898","3","0","0","0","67301","0","0","0","N","0","0","0","3","67504","0","","1.0","","1","N","N","N","0","","2","0","0","3","2","","","2","2","0","0","0","0","0","2","1","2","","03","","N","","","","","","","","","",""
"2020100800","","2","0","0","0","0","0","0","0","0","4","0","","67","11","2020","5","40.022097","-75.049264","0135","6","0","0","0","0","0","0","0","0","","0","0","0","","","0","N","0","","40 01:19.550","","0","75 02:57.350","9","0","0","0","67301","0","0","0","N","0","0","0","1","67301","0","","4.0","","1","N","N","N","2","","0","0","0","0","0","","","4","0","0","0","0","0","1","2","0","4","","03","","N","","","","","","","","","",""
"2020110384","","2","0","0","0","0","0","0","0","0","0","0","","67","12","2020","3","40.007533","-75.103614","1626","6","0","0","0","0","0","1","0","0","","0","0","0","","","1","N","0","","40 00:27.120","","0","75 06:13.010","3","0","0","0","67301","0","0","0","N","0","0","0","1","67301","0","","1.0","","1","N","N","N","0","","1","0","0","0","0","","","2","1","1","0","0","0","0","2","0","2","","03","","N","","","","","","","","","",""
"2020074858","","2","0","0","0","0","0","0","0","0","4","0","","67","9","2020","7","39.979851","-75.142873","1551","6","0","0","0","0","0","1","0","0","","0","0","0","","","0","","1","","39 58:47.465","","0","75 08:34.342","0","0","0","0","67301","0","0","0","N","0","0","0","2","67301","0","","1.0","","1","N","N","N","0","","0","0","0","3","2","","","2","0","2","0","0","0","0","2","0","2","","03","","N","","","","","","","","","",""
"2020068252","","0","0","0","0","0","0","0","0","0","5","0","","67","8","2020","7","39.979697","-75.216636","0455","6","0","0","0","1","0","0","0","0","","0","0","0","","","0","N","0","","39 58:46.910","","0","75 12:59.890","0","0","0","0","67301","0","0","0","N","0","0","0","3","67301","0","","6.0","","1","N","N","N","0","","0","0","2","0","0","","","2","0","2","0","0","0","0","2","0","2","","03","","N","","","","","","","","","",""
"2020083215","","2","0","0","0","0","0","0","0","0","1","0","","67","9","2020","3","39.980185","-75.205358","1143","6","0","0","0","0","0","0","0","0","","0","0","0","","","0","N","0","","39 58:48.667","3","0","75 12:19.288","0","0","0","0","67301","0","0","0","N","0","0","0","2","68K01","0","","1.0","1200.0","1","N","N","N","0","","0","0","0","0","0","N","","2","0","0","0","0","0","0","2","0","2","","03","","N","","","","","","","","","",""
"2020086806","","1","0","0","0","0","0","0","0","0","1","0","","67","10","2020","5","39.973687","-75.219512","1004","6","0","0","0","0","0","0","0","0","","0","0","0","","","1","","1","","39 58:25.273","","0","75 13:10.244","3","0","0","0","67301","0","0","0","N","0","0","0","4","67301","0","","1.0","","1","N","N","N","0","","1","0","2","3","2","","","3","1","2","0","0","0","2","2","0","3","","03","","N","","","","","","","","","",""
"2020104396","","2","0","0","0","0","0","0","0","0","1","0","","67","12","2020","5","40.002203","-75.157644","1705","6","0","0","0","0","0","2","0","0","","0","0","0","","","1","","1","","40 00:07.931","","0","75 09:27.518","3","0","0","0","67301","0","0","0","N","0","0","0","3","67301","0","","1.0","","1","N","N","N","0","","1","0","1","3","2","","","3","1","0","0","0","0","1","2","0","3","","03","","N","","","","","","","","","",""