"CRN","ARRIVAL_TM","AUTOMOBILE_COUNT","BELTED_DEATH_COUNT","BELTED_SUSP_SERIOUS_INJ_COUNT","BICYCLE_COUNT","BICYCLE_DEATH_COUNT","BICYCLE_SUSP_SERIOUS_INJ_COUNT","BUS_COUNT","CHLDPAS_DEATH_COUNT","CHLDPAS_SUSP_SERIOUS_INJ_COUNT","COLLISION_TYPE","COMM_VEH_COUNT","CONS_ZONE_SPD_LIM","COUNTY","CRASH_MONTH","CRASH_YEAR","DAY_OF_WEEK","DEC_LATITUDE","DEC_LONGITUDE","DISPATCH_TM","DISTRICT","DRIVER_COUNT_16YR","DRIVER_COUNT_17YR","DRIVER_COUNT_18YR","DRIVER_COUNT_19YR","DRIVER_COUNT_20YR","DRIVER_COUNT_50_64YR","DRIVER_COUNT_65_74YR","DRIVER_COUNT_75PLUS","EST_HRS_CLOSED","FATAL_COUNT","HEAVY_TRUCK_COUNT","HORSE_BUGGY_COUNT","HOUR_OF_DAY","ILLUMINATION","INJURY_COUNT","INTERSECTION_RELATED","INTERSECT_TYPE","LANE_CLOSED","LATITUDE","LN_CLOSE_DIR","LOCATION_TYPE","LONGITUDE","MAX_SEVERITY_LEVEL","MCYCLE_DEATH_COUNT","MCYCLE_SUSP_SERIOUS_INJ_COUNT","MOTORCYCLE_COUNT","MUNICIPALITY","NONMOTR_COUNT","NONMOTR_DEATH_COUNT","NONMOTR_SUSP_SERIOUS_INJ_COUNT","NTFY_HIWY_MAINT","PED_COUNT","PED_DEATH_COUNT","PED_SUSP_SERIOUS_INJ_COUNT","PERSON_COUNT","POLICE_AGCY","POSSIBLE_INJ_COUNT","RDWY_SURF_TYPE_CD","RELATION_TO_ROAD","ROADWAY_CLEARED","ROAD_CONDITION","SCH_BUS_IND","SCH_ZONE_IND","SECONDARY_CRASH","SMALL_TRUCK_COUNT","SPEC_JURIS_CD","SUSP_MINOR_INJ_COUNT","SUSP_SERIOUS_INJ_COUNT","SUV_COUNT","TCD_FUNC_CD","TCD_TYPE","TFC_DETOUR_IND","TIME_OF_DAY","TOTAL_UNITS","TOT_INJ_COUNT","UNBELTED_OCC_COUNT","UNB_DEATH_COUNT","UNB_SUSP_SERIOUS_INJ_COUNT","UNK_INJ_DEG_COUNT","UNK_INJ_PER_COUNT","URBAN_RURAL","VAN_COUNT","VEHICLE_COUNT","WEATHER1","WEATHER2","WORKERS_PRES","WORK_ZONE_IND","WORK_ZONE_LOC","WORK_ZONE_TYPE","WZ_CLOSE_DETOUR","WZ_FLAGGER","WZ_LAW_OFFCR_IND","WZ_LN_CLOSURE","WZ_MOVING","WZ_OTHER","WZ_SHLDER_MDN","WZ_WORKERS_INJ_KILLED"
"2020108564","","2","0","0","0","0","0","0","0","0","1","0","","67","12","2020","3","39.99605","-75.183469","0721","6","0","0","0","0","0","0","0","0","","0","0","0","","","0","N","0","","39 59:45.780","","0","75 11:00.490","0","0","0","0","67301","0","0","0","N","0","0","0","1","67301","0","","1.0","","1","N","N","N","0","","0","0","0","0","0","","","2","0","0","0","0","0","0","2","0","2","","03","","N","","","","","","","","","",""
"2020106631","","0","0","0","1","0","0","0","0","0","8","0","","67","12","2020","3","39.953032","-75.156403","1821","6","0","0","0","0","0","0","0","0","","0","0","0","","","1","","1","","39 57:10.916","","0","75 09:23.049","8","0","0","0","67301","1","0","0","N","0","0","0","2","67301","0","","1.0","","99","N","N","N","0","","0","0","0","0","0","","","2","1","0","0","0","1","1","2","0","1","","","","N","","","","","","","","","",""
"2020083335","","0","0","0","0","0","0","0","0","0","7","0","","67","10","2020","3","39.895078","-75.247272","1930","6","0","0","0","0","0","1","0","0","","0","0","0","","","1","N","0","","39 53:42.280","","0","75 14:50.180","8","0","0","1","67301","0","0","0","N","0","0","0","1","67301","0","","4.0","","1","N","N","N","0","","0","0","0","0","0","","","1","1","0","0","0","1","0","2","0","1","","03","","N","","","","","","","","","",""
"2020108238","","1","0","0","0","0","0","0","0","0","4","0","","67","12","2020","3","39.971858","-75.244883","0125","6","0","0","0","0","0","0","0","0","","0","0","0","","","0","","1","","39 58:18.687","","0","75 14:41.580","0","0","0","0","67301","0","0","0","N","0","0","0","2","67508","0","","1.0","","1","N","N","Y","0","","0","0","0","3","2","N","","2","0","0","0","0","0","0","2","0","2","","03","","N","","","","","","","","","",""
"2020077902","","1","0","0","0","0","0","0","0","0","5","0","","67","9","2020","2","39.919547","-75.157319","2118","6","0","0","0","0","0","0","0","0","","0","0","0","","","0","N","0","","39 55:10.370","","0","75 09:26.350","0","0","0","0","67301","0","0","0","N","0","0","0","1","67301","0","","6.0","","1","N","N","Y","0","","0","0","0","0","0","","","3","0","0","0","0","0","0","2","2","3","","03","","N","","","","","","","","","",""
"2020069468","","1","0","0","0","0","0","0","0","0","4","0","","67","8","2020","4","39.991613","-75.13615","2105","6","0","0","0","0","0","0","0","0","","0","0","0","","","0","","1","","39 59:29.808","","0","75 08:10.139","0","0","0","0","67301","0","0","0","N","0","0","0","2","67301","0","","1.0","","1","N","N","N","0","","0","0","1","3","2","","","2","0","2","0","0","0","0","2","0","2","","03","","N","","","","","","","","","",""
"2020073156","","2","0","0","0","0","0","0","0","0","5","0","","67","9","2020","2","40.041917","-75.068111","2352","6","0","0","0","0","0","0","0","0","","0","0","0","","","0","N","0","","40 02:30.900","4","0","75 04:05.200","0","0","0","0","67301","0","0","0","N","0","0","0","1","67301","0","","6.0","100.0","1","N","N","N","0","","0","0","1","0","0","Y","","3","0","0","0","0","0","0","2","0","3","","03","","N","","","","","","","","","",""
"2020078078","","1","0","0","0","0","0","0","0","0","6","0","","67","9","2020","3","40.06675","-75.229364","1700","6","0","0","0","0","0","0","0","0","","0","0","0","","","0","N","0","","40 04:00.300","6","0","75 13:45.710","9","0","0","0","67301","0","0","0","N","0","0","0","1","67301","0","","6.0","30.0","1","N","N","N","0","","0","0","2","0","0","Y","","3","0","0","0","0","0","1","2","0","3","","03","","N","","","","","","","","","",""
"2020070330","","0","0","0","0","0","0","0","0","0","4","0","","67","8","2020","2","40.01198","-75.135844","0422","6","0","0","0","0","0","0","0","0","","0","0","0","","","1","","1","","40 00:43.128","","0","75 08:09.038","3","0","0","0","67301","0","0","0","N","0","0","0","2","67301","0","","1.0","","1","N","N","N","0","","1","0","3","3","2","","","3","1","0","0","0","0","0","2","0","3","","","","N","","","","","","","","","",""
"2020083695","","2","0","0","0","0","0","0","0","0","5","0","","67","10","2020","5","40.059867","-75.176625","1713","6","0","0","0","0","0","0","0","0","","0","0","0","","","1","N","0","","40 03:35.520","","0","75 10:35.850","4","0","0","0","67301","0","0","0","N","0","0","0","1","67301","1","","6.0","","1","N","N","N","0","","0","0","0","0","0","","","2","1","1","0","0","0","0","2","0","2","","03","","N","","","","","","","","","",""
"2020108706","","1","0","0","0","0","0","0","0","0","1","0","","67","12","2020","3","39.949275","-75.238106","2007","6","0","0","0","0","0","0","0","0","","0","0","0","","","0","N","0","","39 56:57.390","","0","75 14:17.180","9","0","0","0","67301","0","0","0","N","0","0","0","1","67301","0","","4.0","","1","N","N","Y","0","","0","0","0","0","0","","","2","0","0","0","0","0","1","2","1","2","","03","","N","","","","","","","","","",""
"2020078390","","1","0","0","0","0","0","0","0","0","7","0","","67","9","2020","4","39.976576","-75.19883","1644","6","0","0","0","0","0","0","0","0","","0","0","0","","","1","N","0","","39 58:35.673","3","8","75 11:55.788","4","0","0","0","67301","0","0","0","N","0","0","0","1","68K01","1","","4.0","1700.0","1","N","N","N","0","","0","0","0","0","0","N","","1","1","0","0","0","0","0","2","0","1","","","","N","","","","","","","","","",""
"2020079123","","1","0","0","0","0","0","0","0","0","7","0","","67","9","2020","2","40.033987","-75.019565","1541","6","0","0","0","0","0","0","0","0","","0","0","0","","","0","N","0","","40 02:02.354","1","0","75 01:10.434","9","0","0","0","67301","0","0","0","N","0","0","0","1","68K01","0","","4.0","20.0","1","N","N","N","0","","0","0","0","0","0","N","","1","0","0","0","0","0","1","2","0","1","","03","","N","","","","","","","","","",""
"2020075486","","3","0","0","0","0","0","0","0","0","1","0","","67","9","2020","2","40.02225","-75.148301","2315","6","0","0","0","0","0","0","0","0","","0","0","0","","","4","Y","0","","40 01:20.101","5","0","75 08:53.882","4","0","0","0","67301","0","0","0","N","0","0","0","5","67301","4","","1.0","2350.0","1","N","N","N","0","","0","0","0","3","2","N","","3","4","0","0","0","0","0","2","0","3","","","","N","","","","","","","","","",""
"2020103598","","0","0","0","0","0","0","0","0","0","6","0","","67","12","2020","4","40.114167","-75.005083","0247","6","0","0","0","0","0","0","0","0","","0","0","0","","","0","N","0","","40 06:51.000","","0","75 00:18.300","0","0","0","0","67301","0","0","0","N","0","0","0","2","67301","0","","1.0","","1","N","N","N","0","","0","0","2","0","0","","","2","0","0","0","0","0","0","2","0","2","","","","N","","","","","","","","","",""
"2020104962","","0","0","0","0","0","0","0","0","0","1","0","","67","12","2020","7","39.988066","-75.133535","1400","6","0","0","0","0","0","0","0","0","","0","0","0","","","1","","1","","39 59:17.037","","0","75 08:00.725","3","0","0","0","67301","0","0","0","N","0","0","0","2","67301","0","","1.0","","8","N","N","N","0","","1","0","1","9","9","","","2","1","0","0","0","0","1","2","0","2","","04","","N","","","","","","","","","",""
"2020084162","","2","0","0","0","0","0","0","0","0","4","0","","67","10","2020","7","40.048633","-75.144887","0234","6","0","0","0","0","0","0","0","0","","0","0","0","","","1","","1","","40 02:55.080","","0","75 08:41.593","8","0","0","0","67301","0","0","0","N","0","0","0","2","67301","0","","1.0","","1","N","N","N","0","","0","0","0","3","2","","","2","1","0","0","0","1","1","2","0","2","","03","","N","","","","","","","","","",""
"2020067734","","1","0","0","0","0","0","0","0","0","6","0","","67","8","2020","6","40.051681","-75.194043","1600","6","0","0","0","0","0","0","0","0","","0","0","0","","","0","","2","","40 03:06.050","","0","75 11:38.555","9","0","0","0","67301","0","0","0","N","0","0","0","2","67301","0","","1.0","","1","N","N","N","0","","0","0","1","3","2","","","2","0","0","0","0","0","1","2","0","2","","","","N","","","","","","","","","",""
"2020077319","","3","0","0","0","0","0","0","0","0","5","0","","67","9","2020","7","39.967694","-75.205136","2057","6","0","0","0","0","0","0","0","0","","0","0","0","","","1","N","0","","39 58:03.700","","0","75 12:18.490","4","0","0","0","67301","0","0","0","N","0","0","0","1","67301","1","","6.0","","1","N","N","N","0","","0","0","0","0","0","","","3","1","0","0","0","0","0","2","0","3","","03","","N","","","","","","","","","",""
"2020076449","","0","0","0","0","0","0","0","0","0","4","0","","67","9","2020","5","39.958951","-75.228949","0839","6","0","0","0","0","0","0","1","0","","0","0","0","","","1","","1","","39 57:32.225","","0","75 13:44.216","3","0","0","0","67301","0","0","0","N","0","0","0","3","67301","0","","1.0","","1","N","N","N","0","","1","0","1","3","2","","","2","1","3","0","0","0","0","2","1","2","","03","","N","","","","","","","","","",""
"2020068796","","3","0","0","0","0","0","0","0","0","5","0","","67","8","2020","2","39.972919","-75.24502","1557","6","0","0","0","0","0","1","0","0","","0","0","0","","","0","N","0","","39 58:22.507","","0","75 14:42.073","0","0","0","0","67301","0","0","0","N","0","0","0","1","67301","0","","6.0","","1","N","N","N","1","","0","0","1","0","0","","","5","0","1","0","0","0","0","2","0","5","","","","N","","","","","","","","","",""
"2020107158","","1","0","0","0","0","0","0","0","0","2","0","","67","12","2020","6","40.043972","-75.171117","1630","6","0","0","0","0","0","0","0","0","","0","0","0","","","0","N","0","","40 02:38.300","","0","75 10:16.020","0","0","0","0","67301","0","0","0","N","0","0","0","1","67301","0","","1.0","","1","N","N","N","0","","0","0","1","0","0","","","3","0","1","0","0","0","0","2","1","3","","","","N","","","","","","","","","",""
"2020108910","","2","0","0","0","0","0","0","0","0","2","0","","67","12","2020","3","40.001179","-75.081994","2121","6","0","0","0","0","0","0","0","0","","0","0","0","","","0","N","0","","40 00:04.246","","0","75 04:55.179","0","0","0","0","67301","0","0","0","N","0","0","0","2","67301","0","","1.0","","1","N","N","N","0","","0","0","0","0","0","","","2","0","2","0","0","0","0","2","0","2","","03","","N","","","","","","","","","",""
"2020084397","","0","0","0","0","0","0","0","0","0","6","0","","67","10","2020","6","40.0188","-75.088939","0633","6","0","0","0","0","0","0","0","0","","0","0","0","","","0","N","0","","40 01:07.680","7","0","75 05:20.180","0","0","0","0","67301","0","0","0","N","0","0","0","1","67301","0","","6.0","852.0","1","N","N","N","0","","0","0","2","0","0","N","","3","0","0","0","0","0","0","2","1","3","","03","","N","","","","","","","","","",""
"2020113935","","2","0","0","0","0","0","0","0","0","1","0","","67","12","2020","4","40.004012","-75.171639","1740","6","0","0","0","0","0","0","0","0","","0","0","0","","","1","N","0","","40 00:14.443","","0","75 10:17.900","3","0","0","0","67301","0","0","0","N","0","0","0","3","67301","0","","1.0","","1","N","N","N","0","","1","0","0","0","0","","","2","1","0","0","0","0","1","2","0","2","","03","","N","","","","","","","","","",""
"2020090761","","1","0","0","0","0","0","0","0","0","7","0","","67","10","2020","5","40.033702","-75.020237","1142","6","0","0","1","0","0","0","0","0","","0","0","0","","","0","N","0","","40 02:01.328","2","0","75 01:12.852","0","0","0","0","67301","0","0","0","N","0","0","0","2","68K01","0","","3.0","30.0","1","N","N","N","0","","0","0","0","0","0","N","","1","0","0","0","0","0","0","2","0","1","","","","N","","","","","","","","","",""
"2020087554","","1","0","0","0","0","0","0","0","0","7","0","","67","10","2020","4","40.014518","-75.131119","0008","6","0","0","0","0","0","0","0","0","","0","0","0","","","1","","1","","40 00:52.264","","0","75 07:52.028","3","0","0","0","67301","0","0","0","N","0","0","0","1","67301","0","","4.0","","1","N","N","N","0","","1","0","0","3","2","","","1","1","1","0","0","0","0","2","0","1","","03","","N","","","","","","","","","",""
"2020085042","","1","0","0","0","0","0","0","0","0","4","0","","67","10","2020","2","39.974608","-75.15977","2050","6","0","0","1","0","0","0","0","0","","0","0","0","","","0","","1","","39 58:28.588","","0","75 09:35.171","0","0","0","0","67301","0","0","0","N","0","0","0","2","67301","0","","1.0","","9","N","N","N","0","","0","0","0","3","3","","","2","0","0","0","0","0","0","2","0","2","","07","","N","","","","","","","","","",""
"2020099847","","1","0","0","0","0","0","0","0","0","4","0","","67","11","2020","5","39.922009","-75.188484","1925","6","0","0","0","0","0","1","0","0","","0","0","0","","","1","N","0","","39 55:19.231","","0","75 11:18.543","3","0","0","0","67301","0","0","0","N","0","0","0","4","67301","0","","1.0","","1","N","N","N","1","","1","0","2","3","2","","","4","1","0","0","0","0","1","2","0","4","","03","","N","","","","","","","","","",""
"2020107230","","2","0","0","0","0","0","0","0","0","4","0","","67","12","2020","3","40.027373","-75.062935","2045","6","0","0","0","0","0","0","0","0","","0","0","0","","","0","","1","","40 01:38.541","","0","75 03:46.566","9","0","0","0","67301","0","0","0","N","0","0","0","4","67301","0","","1.0","","1","N","N","N","0","","0","0","0","3","2","","","2","0","0","0","0","0","3","2","0","2","","03","","N","","","","","","","","","",""
"2020112548","","1","0","0","0","0","0","0","0","0","4","0","","67","12","2020","1","39.938664","-75.215739","0826","6","0","0","0","0","0","0","0","0","","0","0","0","","","2","N","0","","39 56:19.190","","0","75 12:56.660","3","0","0","0","67301","0","0","0","N","0","0","0","2","67301","0","","1.0","","1","N","N","N","0","","2","0","0","0","0","","","2","2","0","0","0","0","0","2","0","1","","03","","N","","","","","","","","","",""
"2020073389","","2","0","0","0","0","0","0","0","0","5","0","","67","9","2020","2","40.015262","-75.177042","2021","6","0","0","0","0","0","0","0","0","","0","0","0","","","1","N","0","","40 00:54.942","","0","75 10:37.350","3","0","0","0","67301","0","0","0","N","0","0","0","3","67301","0","","1.0","","1","N","N","N","0","","1","0","0","0","0","","","2","1","0","0","0","0","1","2","0","2","","03","","N","","","","","","","","","",""
"2020078252","","1","0","0","0","0","0","0","0","0","7","0","45","67","9","2020","7","39.901731","-75.151938","0041","6","0","0","0","0","0","0","0","0","","0","0","0","","","0","N","0","","39 54:06.231","","3","75 09:06.976","0","0","0","0","67301","0","0","0","N","0","0","0","1","68K01","0","","3.0","","1","N","N","N","0","","0","0","0","0","0","","","1","0","0","0","0","0","0","2","0","1","","","Y","Y","1","1","N","N","Y","N","N","N","Y","N"
"2020070325","","1","0","0","0","0","0","0","0","0","4","0","","67","8","2020","7","40.067113","-75.148667","1520","6","0","0","0","0","0","1","1","0","","0","0","0","","","1","","1","","40 04:01.606","","0","75 08:55.201","8","0","0","0","67301","0","0","0","N","0","0","0","3","67301","0","","1.0","","9","N","N","N","0","","0","0","1","3","3","","","2","1","0","0","0","1","0","2","0","2","","04","","N","","","","","","","","","",""
"2020069935","","0","0","0","0","0","0","0","0","0","8","0","","67","8","2020","5","39.916035","-75.236038","1934","6","0","0","0","0","0","0","0","0","","0","0","0","","","1","","1","","39 54:57.726","","0","75 14:09.736","3","0","0","0","67301","1","0","0","N","1","0","0","2","67301","0","","1.0","","1","N","N","N","0","","1","0","1","3","2","","","2","1","0","0","0","0","0","2","0","1","","","","N","","","","","","","","","",""
"2020104724","","2","0","0","0","0","0","0","0","0","6","0","","67","12","2020","6","40.035643","-75.124365","2152","6","0","0","0","0","0","0","0","0","","0","0","0","","","0","N","0","","40 02:08.314","","0","75 07:27.715","9","0","0","0","67301","0","0","0","N","0","0","0","3","67301","0","","6.0","","9","N","N","N","0","","0","0","1","0","0","","","3","0","0","0","0","0","3","2","0","3","","04","","N","","","","","","","","","",""
"2020076226","","1","0","0","0","0","0","0","0","0","8","0","","67","9","2020","4","40.056806","-75.189139","2011","6","0","0","0","0","0","0","0","0","","0","0","0","","","1","N","0","","40 03:24.500","","7","75 11:20.900","3","0","0","0","67301","1","0","0","N","1","0","0","2","67301","0","","1.0","","1","N","N","N","0","","1","0","0","0","0","","","2","1","0","0","0","0","0","2","0","1","","03","","N","","","","","","","","","",""
"2020106629","","3","0","0","0","0","0","0","0","0","6","0","","67","12","2020","3","39.930105","-75.146389","2120","6","0","0","0","0","0","0","0","0","","0","0","0","","","0","","1","","39 55:48.378","","0","75 08:47.000","9","0","0","0","67301","0","0","0","N","0","0","0","2","67301","0","","1.0","","1","N","N","Y","0","","0","0","1","3","3","","","4","0","0","0","0","0","2","2","0","4","","03","","N","","","","","","","","","",""
"2020099342","","1","0","0","0","0","0","0","0","0","2","0","","67","11","2020","4","39.994081","-75.095791","1414","6","0","0","0","0","0","1","0","0","","0","0","0","","","3","N","0","","39 59:38.690","","0","75 05:44.848","3","0","0","0","67301","0","0","0","N","0","0","0","3","67301","0","","1.0","","1","N","N","N","0","","3","0","0","0","0","","","2","3","0","0","0","0","0","2","1","2","","","","N","","","","","","","","","",""
"2020105673","","3","0","0","0","0","0","0","0","0","5","0","","67","12","2020","2","40.043042","-75.070203","0437","6","0","0","0","0","0","0","0","0","","0","0","0","","","0","N","0","","40 02:34.950","","0","75 04:12.730","0","0","0","0","67301","0","0","0","N","0","0","0","1","67301","0","","6.0","","1","N","N","N","0","","0","0","0","0","0","","","4","0","0","0","0","0","0","2","1","4","","03","","N","","","","","","","","","",""
"2020101957","","0","0","0","0","0","0","0","0","0","4","0","","67","11","2020","2","40.017947","-75.149347","1435","6","0","0","0","0","0","0","0","1","","0","0","0","","","4","","1","","40 01:04.608","","0","75 08:57.650","3","0","0","0","67301","0","0","0","N","0","0","0","4","67301","0","","1.0","","1","N","N","N","0","","4","0","2","3","2","","","2","4","0","0","0","0","0","2","0","2","","03","","N","","","","","","","","","",""
"2020084710","","1","0","0","0","0","0","0","0","0","1","0","","67","10","2020","1","39.979364","-75.093472","0927","6","0","0","0","0","0","0","0","0","","0","0","0","","","1","N","0","","39 58:45.709","","0","75 05:36.500","2","0","0","0","67301","0","0","0","N","0","0","0","1","67301","0","","6.0","","1","N","N","N","1","","0","1","0","0","0","","","2","1","0","0","0","0","0","2","0","2","","04","","N","","","","","","","","","",""
"2020112962","","1","0","0","0","0","0","0","0","0","8","0","","67","12","2020","1","40.089909","-74.967945","1842","6","0","0","0","0","0","0","0","0","","0","0","0","","","1","N","0","","40 05:23.674","","0","74 58:04.603","3","0","0","0","67301","1","0","0","N","1","0","0","2","67301","0","","1.0","","1","N","N","N","0","","1","0","0","0","0","","","2","1","0","0","0","0","0","2","0","1","","03","","N","","","","","","","","","",""
"2020087332","","1","0","0","0","0","0","0","0","0","4","0","","67","10","2020","6","39.92102","-75.173242","1315","6","0","0","0","0","0","1","0","0","","0","0","0","","","0","","1","","39 55:15.671","","0","75 10:23.671","0","0","0","0","67301","0","0","0","N","0","0","0","2","67301","0","","1.0","","9","N","N","N","1","","0","0","0","3","3","","","2","0","0","0","0","0","0","2","0","2","","","","N","","","","","","","","","",""
"2020067736","","2","0","0","0","0","0","0","0","0","6","0","","67","8","2020","5","39.975925","-75.189794","1744","6","0","0","1","0","0","0","0","0","","0","0","0","","","0","N","0","","39 58:33.330","","0","75 11:23.260","0","0","0","0","67301","0","0","0","N","0","0","0","2","67301","0","","1.0","","1","N","N","N","0","","0","0","0","0","0","","","2","0","0","0","0","0","0","2","0","2","","03","","N","","","","","","","","","",""
"2020104744","","1","0","0","0","0","0","0","0","0","1","0","","67","12","2020","6","39.954426","-75.205005","1420","6","0","0","0","0","0","1","0","0","","0","0","0","","","0","N","1","","39 57:15.935","","0","75 12:18.018","0","0","0","0","67301","0","0","0","N","0","0","0","2","67504","0","","1.0","","1","N","N","N","0","","0","0","1","0","0","N","","2","0","0","0","0","0","0","2","0","2","","03","","N","","","","","","","","","",""
"2020083348","","1","0","0","0","0","0","0","0","0","4","0","","67","10","2020","3","39.963187","-75.194406","2009","6","0","0","0","0","0","0","0","0","","0","0","0","","","0","","1","","39 57:47.473","","0","75 11:39.861","9","0","0","0","67301","0","0","0","N","0","0","0","2","67301","0","","1.0","","1","N","N","N","0","","0","0","0","3","3","","","2","0","0","0","0","0","2","2","1","2","","","","N","","","","","","","","","",""
"2020069464","","0","0","0","1","0","0","0","0","0","8","0","","67","8","2020","2","39.964289","-75.246466","2000","6","0","0","0","0","0","0","0","0","","0","0","0","","","2","","1","","39 57:51.442","","0","75 14:47.279","3","0","0","1","67301","1","0","0","N","0","0","0","2","67301","0","","1.0","","1","N","N","N","0","","2","0","0","0","0","","","2","2","0","0","0","0","0","2","0","1","","03","","N","","","","","","","","","",""
"2020106080","","0","0","0","0","0","0","0","0","0","4","0","","67","12","2020","2","39.965738","-75.242001","1715","6","0","0","0","1","0","0","0","0","","0","0","0","","","0","N","0","","39 57:56.658","","0","75 14:31.202","0","0","0","0","67301","0","0","0","N","0","0","0","1","67301","0","","1.0","","1","N","N","N","1","","0","0","1","0","0","","","2","0","0","0","0","0","0","2","0","2","","03","","N","","","","","","","","","",""
"2020102278","","2","0","0","0","0","0","0","0","0","5","0","","67","11","2020","6","39.916814","-75.216793","1317","6","0","0","0","0","0","0","1","0","","0","0","0","","","1","N","0","","39 55:00.532","","0","75 13:00.455","3","0","0","0","67301","0","0","0","N","0","0","0","2","67301","0","","1.0","","1","N","N","N","0","","1","0","0","3","2","","","2","1","0","0","0","0","0","2","0","2","","03","","N","","","","","","","","","",""
"2020084498","","0","0","0","0","0","0","0","0","0","8","0","","67","10","2020","7","39.936278","-75.221956","0851","6","0","0","0","0","0","0","0","0","","0","0","0","","","1","N","0","","39 56:10.600","","0","75 13:19.040","2","0","0","0","67301","1","0","1","N","1","0","1","2","67301","0","","1.0","","1","N","N","N","0","","0","1","1","0","0","","","2","1","0","0","0","0","0","2","0","1","","03","","N","","","","","","","","","",""
"2020111649","","1","0","0","0","0","0","0","0","0","4","0","","67","12","2020","2","40.019112","-75.081461","0813","6","0","0","0","0","0","1","0","0","","0","0","0","","","0","","1","","40 01:08.804","","1","75 04:53.258","0","0","0","0","67301","0","0","0","N","0","0","0","2","67301","0","","1.0","","9","N","N","N","0","","0","0","1","3","2","","","2","0","0","0","0","0","0","2","0","2","","04","","N","","","","","","","","","",""
"2020084704","","3","0","0","0","0","0","0","0","0","6","0","","67","10","2020","6","39.992919","-75.168156","2130","6","0","0","0","0","0","1","0","0","","0","0","0","","","1","N","0","","39 59:34.510","","0","75 10:05.360","3","0","0","0","67301","0","0","0","N","0","0","0","2","67301","0","","1.0","","1","N","N","N","0","","1","0","1","0","0","","","4","1","1","0","0","0","0","2","0","4","","","","N","","","","","","","","","",""
"2020112966","","2","0","0","0","0","0","0","0","0","6","0","","67","12","2020","6","39.947776","-75.231606","2242","6","0","0","0","0","0","0","0","0","","0","0","0","","","1","N","0","","39 56:51.993","","0","75 13:53.783","4","0","0","0","67301","0","0","0","N","0","0","0","3","67301","1","","1.0","","1","N","N","N","0","","0","0","0","0","0","","","2","1","0","0","0","0","0","2","0","2","","03","","N","","","","","","","","","",""
"2020113994","","1","0","0","0","0","0","0","0","0","7","0","","67","12","2020","2","40.035139","-75.01786","2159","6","0","0","0","0","0","0","0","0","","0","0","0","","","0","N","0","","40 02:06.502","2","0","75 01:04.296","0","0","0","0","67301","0","0","0","N","0","0","0","2","68K01","0","","4.0","2230.0","1","N","Y","N","0","","0","0","0","0","0","N","","1","0","0","0","0","0","0","2","0","1","","","","N","","","","","","","","","",""
"2020074854","","2","0","0","0","0","0","0","0","0","4","0","","67","9","2020","7","39.984711","-75.161527","1803","6","0","0","0","0","0","0","0","0","","0","0","0","","","0","","1","","39 59:04.959","","0","75 09:41.497","0","0","0","0","67301","0","0","0","N","0","0","0","2","67301","0","","1.0","","1","N","N","N","0","","0","0","0","3","3","","","2","0","0","0","0","0","0","2","0","2","","","","N","","","","","","","","","",""
"2020076473","","1","0","0","0","0","0","0","0","0","5","0","","67","9","2020","4","40.004819","-75.147325","0413","6","0","0","0","0","0","0","0","0","","0","0","0","","","0","N","0","","40 00:17.350","2","0","75 08:50.370","0","0","0","0","67301","0","0","0","N","0","0","0","2","67301","0","","1.0","546.0","1","N","N","N","0","","0","0","0","0","0","N","","3","0","1","0","0","0","0","2","1","3","","03","","N","","","","","","","","","",""
"2020068258","","1","0","0","0","0","0","0","0","0","4","0","","67","8","2020","6","40.016381","-75.132974","2155","6","0","0","0","0","0","0","0","0","","0","0","0","","","1","","2","","40 00:58.971","7","0","75 07:58.706","2","0","1","1","67301","0","0","0","N","0","0","0","4","67301","0","","1.0","2344.0","1","N","N","N","0","","0","1","0","3","3","Y","","2","1","0","0","0","0","0","2","0","2","","","","N","","","","","","","","","",""
"2020075904","","0","0","0","0","0","0","0","0","0","4","0","","67","9","2020","6","40.040227","-75.214044","1536","6","0","0","0","0","0","0","2","0","","0","0","0","","","0","","2","","40 02:24.817","2","0","75 12:50.558","9","0","0","0","67301","0","0","0","N","0","0","0","2","67301","0","","1.0","100.0","1","N","N","N","1","","0","0","1","3","2","N","","2","0","0","0","0","0","2","2","0","2","","","","N","","","","","","","","","",""
"2020070141","","1","0","0","0","0","0","0","0","0","4","0","","67","8","2020","3","40.027304","-75.055141","1711","6","0","0","0","0","0","0","0","0","","0","0","0","","","4","","1","","40 01:38.294","7","6","75 03:18.509","3","0","0","0","67301","0","0","0","N","0","0","0","5","67301","0","","1.0","1837.0","1","N","N","N","0","","4","0","0","3","3","Y","","2","4","0","0","0","0","1","2","1","2","","03","","N","","","","","","","","","",""
"2020089228","","1","0","0","0","0","0","0","0","0","4","0","","67","10","2020","5","39.969247","-75.166936","1656","6","0","0","0","0","0","0","0","0","","0","0","0","","","1","","2","","39 58:09.288","","0","75 10:00.969","8","0","0","0","67301","0","0","0","N","0","0","0","3","67301","0","","1.0","","1","N","N","N","0","","0","0","1","3","3","","","2","1","0","0","0","1","0","2","0","2","","03","","N","","","","","","","","","",""