"CRN","ARRIVAL_TM","AUTOMOBILE_COUNT","BELTED_DEATH_COUNT","BELTED_SUSP_SERIOUS_INJ_COUNT","BICYCLE_COUNT","BICYCLE_DEATH_COUNT","BICYCLE_SUSP_SERIOUS_INJ_COUNT","BUS_COUNT","CHLDPAS_DEATH_COUNT","CHLDPAS_SUSP_SERIOUS_INJ_COUNT","COLLISION_TYPE","COMM_VEH_COUNT","CONS_ZONE_SPD_LIM","COUNTY","CRASH_MONTH","CRASH_YEAR","DAY_OF_WEEK","DEC_LATITUDE","DEC_LONGITUDE","DISPATCH_TM","DISTRICT","DRIVER_COUNT_16YR","DRIVER_COUNT_17YR","DRIVER_COUNT_18YR","DRIVER_COUNT_19YR","DRIVER_COUNT_20YR","DRIVER_COUNT_50_64YR","DRIVER_COUNT_65_74YR","DRIVER_COUNT_75PLUS","EST_HRS_CLOSED","FATAL_COUNT","HEAVY_TRUCK_COUNT","HORSE_BUGGY_COUNT","HOUR_OF_DAY","ILLUMINATION","INJURY_COUNT","INTERSECTION_RELATED","INTERSECT_TYPE","LANE_CLOSED","LATITUDE","LN_CLOSE_DIR","LOCATION_TYPE","LONGITUDE","MAX_SEVERITY_LEVEL","MCYCLE_DEATH_COUNT","MCYCLE_SUSP_SERIOUS_INJ_COUNT","MOTORCYCLE_COUNT","MUNICIPALITY","NONMOTR_COUNT","NONMOTR_DEATH_COUNT","NONMOTR_SUSP_SERIOUS_INJ_COUNT","NTFY_HIWY_MAINT","PED_COUNT","PED_DEATH_COUNT","PED_SUSP_SERIOUS_INJ_COUNT","PERSON_COUNT","POLICE_AGCY","POSSIBLE_INJ_COUNT","RDWY_SURF_TYPE_CD","RELATION_TO_ROAD","ROADWAY_CLEARED","ROAD_CONDITION","SCH_BUS_IND","SCH_ZONE_IND","SECONDARY_CRASH","SMALL_TRUCK_COUNT","SPEC_JURIS_CD","SUSP_MINOR_INJ_COUNT","SUSP_SERIOUS_INJ_COUNT","SUV_COUNT","TCD_FUNC_CD","TCD_TYPE","TFC_DETOUR_IND","TIME_OF_DAY","TOTAL_UNITS","TOT_INJ_COUNT","UNBELTED_OCC_COUNT","UNB_DEATH_COUNT","UNB_SUSP_SERIOUS_INJ_COUNT","UNK_INJ_DEG_COUNT","UNK_INJ_PER_COUNT","URBAN_RURAL","VAN_COUNT","VEHICLE_COUNT","WEATHER1","WEATHER2","WORKERS_PRES","WORK_ZONE_IND","WORK_ZONE_LOC","WORK_ZONE_TYPE","WZ_CLOSE_DETOUR","WZ_FLAGGER","WZ_LAW_OFFCR_IND","WZ_LN_CLOSURE","WZ_MOVING","WZ_OTHER","WZ_SHLDER_MDN","WZ_WORKERS_INJ_KILLED"
"2020100450","","1","0","0","0","0","0","0","0","0","4","0","","67","11","2020","5","39.971089","-75.228729","1810","6","0","0","0","0","0","0","0","0","","0","0","0","","","3","","1","","39 58:15.920","","0","75 13:43.424","3","0","0","0","67301","0","0","0","N","0","0","0","5","67301","0","","1.0","","1","N","N","N","0","","3","0","1","3","2","","","2","3","0","0","0","0","0","2","0","2","","","","N","","","","","","","","","",""
"2020083564","","0","0","0","1","0","0","0","0","0","8","0","","67","10","2020","5","39.994615","-75.164307","0316","6","0","0","0","0","0","0","0","0","","0","0","0","","","1","","2","","39 59:40.613","","3","75 09:51.505","4","0","0","0","67301","1","0","0","N","0","0","0","2","67301","1","","1.0","","1","N","N","N","0","","0","0","0","3","3","","","2","1","0","0","0","0","0","2","1","1","","03","","N","","","","","","","","","",""
"2020078311","","0","0","0","0","0","0","0","0","0","4","0","","67","9","2020","4","39.947821","-75.193772","1030","6","0","0","0","1","0","0","1","0","","0","0","0","","","0","","2","","39 56:52.154","","0","75 11:37.578","0","0","0","0","67301","0","0","0","N","0","0","0","4","67504","0","","1.0","","1","N","N","N","0","","0","0","1","3","2","","","2","0","0","0","0","0","0","2","1","2","","03","","N","","","","","","","","","",""
"2020074226","","2","0","0","0","0","0","0","0","0","1","0","","67","9","2020","4","40.046953","-75.138664","2123","6","0","0","0","0","0","0","0","0","","0","0","0","","","0","N","0","","40 02:49.030","","0","75 08:19.191","0","0","0","0","67301","0","0","0","N","0","0","0","1","67301","0","","6.0","","9","N","N","N","0","","0","0","0","0","0","","","2","0","0","0","0","0","0","2","0","2","","","","N","","","","","","","","","",""
"2020073638","","1","0","0","0","0","0","0","0","0","7","0","","67","8","2020","6","39.982505","-75.100177","1240","6","0","0","0","0","0","0","0","0","","0","0","0","","","0","N","0","","39 58:57.018","2","0","75 06:00.636","9","0","0","0","67301","0","0","0","N","0","0","0","1","68K01","0","","2.0","1330.0","1","N","N","N","0","","0","0","0","0","0","N","","1","0","0","0","0","0","1","2","0","1","","03","","N","","","","","","","","","",""
"2020070333","","1","0","0","0","0","0","0","0","0","3","0","","67","8","2020","6","40.031228","-75.145767","2146","6","0","0","0","0","0","1","0","0","","0","0","0","","","1","","1","","40 01:52.420","","99","75 08:44.761","3","0","0","0","67301","0","0","0","N","0","0","0","3","67301","0","","1.0","","1","N","N","N","0","","1","0","0","9","9","","","2","1","0","0","0","0","1","2","0","2","","04","","N","","","","","","","","","",""
"2020069463","","2","0","0","0","0","0","0","0","0","4","0","","67","8","2020","7","39.964289","-75.246466","2215","6","0","0","0","0","0","0","1","0","","0","0","0","","","0","","1","","39 57:51.442","","0","75 14:47.279","0","0","0","0","67301","0","0","0","N","0","0","0","2","67301","0","","1.0","","1","N","N","N","0","","0","0","0","0","0","","","2","0","0","0","0","0","0","2","0","2","","03","","N","","","","","","","","","",""
"2020099987","","1","0","0","0","0","0","0","0","0","8","0","","67","11","2020","4","39.965886","-75.234364","1550","6","0","0","0","0","0","0","0","0","","0","0","0","","","1","N","0","","39 57:57.190","","0","75 14:03.710","3","0","0","0","67301","1","0","0","N","1","0","0","2","67301","0","","2.0","","1","N","N","N","0","","1","0","0","0","0","","","2","1","0","0","0","0","1","2","0","1","","03","","N","","","","","","","","","",""
"2020113160","","2","0","0","0","0","0","0","0","0","4","0","","67","12","2020","3","40.015247","-75.16985","0332","6","0","0","0","0","0","0","0","0","","0","0","0","","","1","","1","","40 00:54.888","","0","75 10:11.461","3","0","0","0","67301","0","0","0","N","0","0","0","2","67301","0","","1.0","","1","N","N","N","0","","1","0","0","3","2","","","2","1","0","0","0","0","0","2","0","2","","03","","N","","","","","","","","","",""
"2020099668","","1","0","0","0","0","0","0","0","0","7","0","","67","11","2020","6","39.893686","-75.220869","0124","6","0","0","0","0","0","0","0","0","","0","0","0","","","1","N","0","","39 53:37.268","","0","75 13:15.129","3","0","0","0","67301","0","0","0","N","0","0","0","1","67301","0","","7.0","","1","N","N","N","0","","1","0","0","0","0","","","1","1","1","0","0","0","0","2","0","1","","03","","N","","","","","","","","","",""
"2020074523","","1","0","0","0","0","0","0","0","0","1","0","","67","8","2020","6","39.958153","-75.164054","1726","6","0","0","0","0","0","1","0","0","","0","0","0","","","0","N","0","","39 57:29.352","4","0","75 09:50.596","0","0","0","0","67301","0","0","0","N","0","0","0","5","68K01","0","","1.0","1810.0","1","N","N","N","0","","0","0","1","0","0","N","","3","0","0","0","0","0","0","2","1","3","","03","","N","","","","","","","","","",""
"2020067732","","0","0","0","0","0","0","0","0","0","7","0","","67","8","2020","5","39.957496","-75.169778","1834","6","0","0","0","0","0","0","0","0","","0","0","0","","","0","N","0","","39 57:26.984","","0","75 10:11.200","0","0","0","0","67301","0","0","0","N","0","0","0","1","67301","0","","4.0","","1","N","N","N","1","","0","0","0","3","2","","","1","0","0","0","0","0","0","2","0","1","","03","","N","","","","","","","","","",""
"2020112965","","1","0","0","0","0","0","0","0","0","7","0","","67","12","2020","2","39.962531","-75.162501","0031","6","0","0","0","0","0","0","0","0","","0","0","0","","","0","N","0","","39 57:45.110","","0","75 09:45.005","0","0","0","0","67301","0","0","0","N","0","0","0","1","67301","0","","5.0","","1","N","N","N","0","","0","0","0","0","0","","","1","0","0","0","0","0","0","2","0","1","","98","","N","","","","","","","","","",""
"2020088625","","1","0","0","0","0","0","0","0","0","8","0","","67","10","2020","4","39.913498","-75.240919","2135","6","0","0","0","0","0","0","0","0","","0","0","0","","","1","","1","","39 54:48.592","","0","75 14:27.308","3","0","0","0","67301","1","0","0","N","1","0","0","2","67301","0","","1.0","","1","N","N","N","0","","1","0","0","3","3","","","2","1","0","0","0","0","0","2","0","1","","03","","N","","","","","","","","","",""
"2020075811","","0","0","0","0","0","0","0","0","0","4","0","","67","9","2020","5","39.909855","-75.186743","1116","6","0","0","0","0","0","2","0","0","","0","0","0","","","0","N","0","","39 54:35.478","","7","75 11:12.273","0","0","0","0","67301","0","0","0","N","0","0","0","2","67301","0","","1.0","","1","N","N","N","0","","0","0","2","0","0","","","2","0","0","0","0","0","0","2","0","2","","04","","N","","","","","","","","","",""
"2020077907","","1","0","0","0","0","0","0","0","0","8","0","","67","9","2020","1","39.957847","-75.153711","1410","6","0","0","0","0","0","0","0","0","","0","0","0","","","1","Y","0","","39 57:28.250","","0","75 09:13.360","2","0","0","0","67301","1","0","1","N","1","0","1","2","67301","0","","1.0","","1","N","N","N","0","","0","1","0","0","0","","","2","1","1","0","0","0","0","2","0","1","","03","","N","","","","","","","","","",""
"2020105880","","2","0","0","0","0","0","0","0","0","6","0","","67","12","2020","1","39.941494","-75.235019","1924","6","0","0","0","0","0","1","0","1","","0","0","0","","","1","","1","","39 56:29.378","","0","75 14:06.067","3","0","0","0","67301","0","0","0","N","0","0","0","2","67301","0","","1.0","","1","N","N","N","0","","1","0","0","3","2","","","2","1","1","0","0","0","0","2","0","2","","03","","N","","","","","","","","","",""
"2020075033","","1","0","0","0","0","0","0","0","0","8","0","","67","9","2020","1","40.029334","-75.036684","1505","6","0","0","0","0","0","0","0","0","","0","0","0","","","2","","1","","40 01:45.604","","0","75 02:12.063","3","0","0","0","67301","2","0","0","N","2","0","0","3","67301","0","","1.0","","1","N","N","N","0","","2","0","0","3","1","","","3","2","0","0","0","0","0","2","0","1","","03","","N","","","","","","","","","",""
"2020069941","","2","0","0","0","0","0","0","0","0","4","0","","67","8","2020","6","39.903583","-75.243194","2355","6","0","0","0","0","0","0","0","0","","0","0","0","","","0","","1","","39 54:12.900","4","0","75 14:35.500","9","0","0","0","67301","0","0","0","N","0","0","0","2","67301","0","","1.0","127.0","1","N","N","N","0","","0","0","0","3","2","N","","2","0","1","0","0","0","1","2","0","2","","03","","N","","","","","","","","","",""
"2020082127","","0","0","0","0","0","0","0","0","0","4","0","","67","10","2020","1","40.081392","-75.177001","1633","6","0","0","0","0","0","0","0","0","","0","0","0","","","2","","1","","40 04:53.011","","0","75 10:37.203","3","0","0","0","67301","0","0","0","N","0","0","0","2","67301","0","","1.0","","1","N","N","Y","0","","2","0","3","3","3","","","3","2","0","0","0","0","0","2","0","3","","03","","N","","","","","","","","","",""
"2020071562","","4","0","0","0","0","0","0","0","0","2","0","","67","8","2020","7","39.974869","-75.198108","1817","6","0","0","1","0","0","1","0","0","","0","0","0","","","8","","2","","39 58:29.530","","2","75 11:53.190","3","0","0","0","67301","0","0","0","N","0","0","0","8","67301","7","","1.0","","1","N","N","N","0","","1","0","1","3","2","","","5","8","0","0","0","0","0","2","0","5","","03","","N","","","","","","","","","",""
"2020086620","","0","0","0","0","0","0","0","0","0","1","0","","67","10","2020","3","39.994774","-75.18715","1430","6","0","0","0","0","0","1","0","0","","0","0","0","","","1","N","0","","39 59:41.186","","0","75 11:13.739","3","0","0","0","67301","0","0","0","N","0","0","0","3","67301","0","","1.0","","1","N","N","N","0","","1","0","1","0","0","","","2","1","3","0","0","0","0","2","1","2","","03","","N","","","","","","","","","",""
"2020110976","","1","0","0","0","0","0","0","0","0","8","0","","67","12","2020","2","40.030945","-75.230431","1301","6","0","0","0","0","0","0","0","0","","0","0","0","","","1","","2","","40 01:51.402","","0","75 13:49.551","3","0","0","0","67301","1","0","0","N","1","0","0","2","67301","0","","1.0","","7","N","N","N","0","","1","0","0","3","3","","","2","1","0","0","0","0","0","2","0","1","","04","","N","","","","","","","","","",""
"2020078617","","1","0","0","0","0","0","0","0","0","4","0","","67","9","2020","3","39.98673","-75.159493","2138","6","0","0","0","0","0","1","0","0","","0","0","0","","","0","","1","","39 59:12.227","","0","75 09:34.174","0","0","0","0","67301","0","0","0","N","0","0","0","2","67301","0","","1.0","","1","N","N","N","0","","0","0","0","3","2","","","2","0","0","0","0","0","0","2","0","2","","03","","N","","","","","","","","","",""
"2020067890","","1","0","0","0","0","0","0","0","0","5","0","","67","8","2020","6","40.057427","-75.188378","0104","6","0","0","0","0","0","0","0","0","","0","0","0","","","1","N","0","","40 03:26.738","","0","75 11:18.160","3","0","0","0","67301","0","0","0","N","0","0","0","2","67301","0","","6.0","","1","N","N","N","0","","1","0","1","0","0","","","2","1","1","0","0","0","0","2","0","2","","03","","N","","","","","","","","","",""
"2020068259","","1","0","0","0","0","0","0","0","0","5","0","","67","8","2020","2","39.996879","-75.116719","0202","6","0","0","0","0","0","0","0","0","","0","0","0","","","1","N","0","","39 59:48.764","","0","75 07:00.190","2","0","1","1","67301","0","0","0","N","0","0","0","2","67301","0","","1.0","","1","N","N","N","0","","0","1","0","0","0","","","2","1","0","0","0","0","0","2","0","2","","03","","N","","","","","","","","","",""
"2020084067","","1","0","0","0","0","0","0","0","0","7","0","","67","9","2020","3","40.036753","-75.040739","1435","6","0","1","0","0","0","0","0","0","","0","0","0","","","2","","1","","40 02:12.310","","0","75 02:26.659","3","0","0","0","67301","0","0","0","N","0","0","0","3","67301","1","","4.0","","1","N","N","N","0","","1","0","0","0","0","","","1","2","3","0","0","0","0","2","0","1","","03","","N","","","","","","","","","",""
"2020074659","","5","0","0","0","0","0","0","0","0","6","0","","67","9","2020","5","39.998","-75.137583","2329","6","0","0","0","0","0","0","0","0","","0","0","0","","","2","N","0","","39 59:52.800","6","0","75 08:15.300","3","0","0","0","67301","0","0","0","N","0","0","0","3","67301","0","","6.0","530.0","1","N","N","N","0","","2","0","2","0","0","Y","","7","2","2","0","0","0","0","2","0","7","","03","","N","","","","","","","","","",""
"2020112398","","0","0","0","0","0","0","0","0","0","4","0","","67","12","2020","4","39.993614","-75.107298","2002","6","0","0","0","0","0","1","0","0","","0","0","0","","","0","","1","","39 59:37.010","","0","75 06:26.272","0","0","0","0","67301","0","0","0","N","0","0","0","2","67301","0","","1.0","","1","N","N","N","0","","0","0","1","3","3","","","2","0","0","0","0","0","0","2","0","2","","03","","N","","","","","","","","","",""
"2020107319","","1","0","0","0","0","0","0","0","0","4","0","","67","12","2020","4","39.956629","-75.198022","0621","6","0","0","0","0","0","1","0","0","","0","0","0","","","0","","1","","39 57:23.865","","0","75 11:52.879","0","0","0","0","67301","0","0","0","N","0","0","0","2","67301","0","","1.0","","1","N","N","N","1","","0","0","0","3","2","","","2","0","0","0","0","0","0","2","0","2","","03","","N","","","","","","","","","",""
"2020074575","","2","0","0","0","0","0","0","0","0","4","0","","67","9","2020","5","39.933306","-75.143376","2206","6","0","0","0","0","0","1","0","0","","0","0","0","","","0","","2","","39 55:59.902","6","0","75 08:36.154","0","0","0","0","67301","0","0","0","N","0","0","0","3","67301","0","","1.0","1025.0","9","N","N","Y","1","","0","0","0","3","1","N","","3","0","0","0","0","0","0","2","0","3","","","","N","","","","","","","","","",""
"2020068541","","1","0","0","0","0","0","0","0","0","5","0","","67","8","2020","2","39.922664","-75.156397","1517","6","0","0","0","0","0","0","0","0","","0","0","0","","","0","N","0","","39 55:21.589","","0","75 09:23.029","0","0","0","0","67301","0","0","0","N","0","0","0","2","67301","0","","1.0","","1","N","N","N","1","","0","0","0","0","0","","","2","0","0","0","0","0","0","2","0","2","","","","N","","","","","","","","","",""
"2020077905","","0","0","0","0","0","0","0","0","0","8","0","","67","9","2020","3","39.948056","-75.153846","0743","6","0","0","0","0","0","1","0","0","","0","0","0","","","1","N","0","","39 56:53.001","","0","75 09:13.846","3","0","0","0","67301","1","0","0","N","1","0","0","2","67301","0","","1.0","","1","N","N","N","0","","1","0","1","0","0","","","2","1","1","0","0","0","0","2","0","1","","04","","N","","","","","","","","","",""
"2020105019","","1","0","0","0","0","0","0","0","0","4","0","","67","12","2020","7","39.947928","-75.231241","1333","6","0","0","0","0","0","0","0","0","","0","0","0","","","1","","1","","39 56:52.540","","0","75 13:52.467","3","0","0","0","67301","0","0","0","N","0","0","0","4","67301","0","","1.0","","1","N","N","N","0","","1","0","0","3","1","","","2","1","0","0","0","0","1","2","0","2","","03","","N","","","","","","","","","",""
"2020103007","","1","0","0","0","0","0","0","0","0","4","0","","67","11","2020","6","39.961853","-75.157704","2035","6","0","0","1","0","0","0","0","0","","0","0","0","","","5","","2","","39 57:42.671","","0","75 09:27.735","3","0","0","0","67301","0","0","0","N","0","0","0","7","67301","1","","1.0","","1","N","N","N","0","","4","0","1","3","2","","","2","5","0","0","0","0","1","2","0","2","","03","","N","","","","","","","","","",""
"2020084330","","0","0","0","0","0","0","0","0","0","4","0","","67","10","2020","4","39.951249","-75.199138","2000","6","0","0","0","0","0","0","0","0","","0","0","0","","","0","","1","","39 57:04.496","","0","75 11:56.898","0","0","0","0","67301","0","0","0","N","0","0","0","2","67301","0","","1.0","","1","N","N","N","0","","0","0","2","3","2","","","2","0","0","0","0","0","0","2","0","2","","03","","N","","","","","","","","","",""
"2020106639","","0","0","0","0","0","0","0","0","0","7","0","","67","12","2020","4","39.976188","-75.198532","1039","6","0","0","0","0","0","0","0","0","","0","0","0","","","0","N","0","","39 58:34.275","","0","75 11:54.714","9","0","0","0","67301","0","0","0","N","0","0","0","1","67301","0","","2.0","","99","N","N","N","0","","0","0","1","0","0","","","1","0","0","0","0","0","1","2","0","1","","","","N","","","","","","","","","",""
"2020112328","","2","0","0","0","0","0","0","0","0","4","0","","67","12","2020","5","40.039453","-75.014323","1847","6","0","0","0","0","0","1","0","0","","0","0","0","","","3","","1","","40 02:22.030","","0","75 00:51.562","3","0","0","0","67301","0","0","0","N","0","0","0","3","67301","0","","1.0","","9","N","N","N","1","","3","0","1","3","3","","","4","3","0","0","0","0","0","2","0","4","","07","","N","","","","","","","","","",""
"2020069022","","0","0","0","0","0","0","0","0","0","4","0","","67","8","2020","3","40.018922","-75.049504","2340","6","0","0","0","0","0","0","0","0","","0","0","0","","","1","","2","","40 01:08.120","","0","75 02:58.216","3","0","0","0","67301","0","0","0","N","0","0","0","2","67301","0","","1.0","","1","N","N","N","0","","1","0","0","3","3","","","2","1","0","0","0","0","0","2","1","2","","03","","N","","","","","","","","","",""
"2020099991","","1","0","0","0","0","0","0","0","0","4","0","","67","11","2020","6","39.994853","-75.159306","1707","6","0","0","0","0","0","1","0","0","","0","0","0","","","4","N","0","","39 59:41.470","7","0","75 09:33.500","3","0","0","0","67301","0","0","0","N","0","0","0","5","67301","0","","1.0","1735.0","1","N","N","N","0","","3","0","1","9","2","N","","2","4","0","0","0","1","0","2","0","2","","","","N","","","","","","","","","",""
"2020113599","","2","0","0","0","0","0","0","0","0","4","0","","67","12","2020","3","39.926479","-75.186026","0735","6","0","0","0","0","0","0","0","0","","0","0","0","","","0","","1","","39 55:35.325","","0","75 11:09.693","0","0","0","0","67301","0","0","0","N","0","0","0","2","67301","0","","1.0","","1","N","N","N","0","","0","0","0","3","2","","","2","0","0","0","0","0","0","2","0","2","","03","","N","","","","","","","","","",""
"2020087783","","1","0","0","0","0","0","0","0","0","4","0","","67","10","2020","4","39.928499","-75.182203","2113","6","0","0","0","0","0","0","0","0","","0","0","0","","","1","","1","","39 55:42.596","","0","75 10:55.930","4","0","0","0","67301","0","0","0","N","0","0","0","4","67301","1","","1.0","","1","N","N","N","0","","0","0","1","3","2","","","3","1","2","0","0","0","0","2","0","3","","03","","N","","","","","","","","","",""
"2020079648","","2","0","0","0","0","0","0","0","0","2","0","","67","9","2020","5","40.018103","-75.06401","2157","6","0","0","0","0","0","0","0","0","","0","0","0","","","0","N","0","","40 01:05.170","","0","75 03:50.435","0","0","0","0","67301","0","0","0","N","0","0","0","1","67301","0","","6.0","","1","N","N","N","0","","0","0","1","0","0","","","3","0","0","0","0","0","0","2","0","3","","03","","N","","","","","","","","","",""
"2020110144","","0","0","0","0","0","0","0","0","0","7","0","45","67","12","2020","6","40.020349","-75.043148","1448","6","0","0","0","0","0","0","0","0","","0","0","0","","","0","N","0","","40 01:13.258","1","0","75 02:35.334","0","0","0","0","67301","0","0","0","N","0","0","0","1","68K01","0","","3.0","1500.0","1","N","N","N","0","","0","0","1","0","0","N","","1","0","0","0","0","0","0","2","0","1","","03","Y","Y","4","1","N","N","N","N","N","N","Y","N"
"2020103028","","2","0","0","0","0","0","0","0","0","1","0","","67","11","2020","7","40.019396","-75.163239","0215","6","0","0","0","0","0","0","0","0","","0","0","0","","","1","N","0","","40 01:09.824","1","3","75 09:47.659","3","0","0","0","67301","0","0","0","N","0","0","0","1","67301","0","","1.0","430.0","1","N","N","N","0","","1","0","1","4","7","Y","","3","1","1","0","0","0","0","2","0","3","","03","","N","","","","","","","","","",""
"2020084608","","1","0","0","0","0","0","0","0","0","2","0","","67","10","2020","5","39.946267","-75.243611","2010","6","0","0","0","0","0","0","0","0","","0","0","0","","","2","N","0","","39 56:46.562","6","0","75 14:36.999","3","0","0","0","67301","0","0","0","N","0","0","0","3","67301","0","","1.0","2115.0","1","N","N","N","0","","1","0","1","0","0","Y","","4","2","0","0","0","1","0","2","1","4","","","","N","","","","","","","","","",""
"2020084070","","0","0","0","0","0","0","0","0","0","8","0","","67","10","2020","5","39.972124","-75.251464","1915","6","0","0","0","0","0","0","0","0","","0","0","0","","","1","","1","","39 58:19.645","","0","75 15:05.269","3","0","0","0","67301","1","0","0","N","1","0","0","2","67301","0","","1.0","","1","N","N","N","0","","1","0","1","3","2","","","2","1","0","0","0","0","0","2","0","1","","03","","N","","","","","","","","","",""
"2020103949","","1","0","0","0","0","0","0","0","0","4","0","","67","11","2020","1","39.994856","-75.136678","0136","6","0","0","0","0","0","0","0","0","","0","0","0","","","0","","1","","39 59:41.481","","0","75 08:12.040","0","0","0","0","67301","0","0","0","N","0","0","0","2","67301","0","","1.0","","1","N","N","N","0","","0","0","0","3","3","","","2","0","1","0","0","0","0","2","0","2","","98","","N","","","","","","","","","",""
"2020107237","","2","0","0","0","0","0","0","0","0","4","0","","67","12","2020","5","39.984903","-75.123919","1200","6","0","0","0","0","0","0","0","0","","0","0","0","","","1","","1","","39 59:05.650","","0","75 07:26.108","4","0","0","0","67301","0","0","0","N","0","0","0","2","67301","1","","1.0","","1","N","N","N","0","","0","0","1","3","3","","","3","1","0","0","0","0","1","2","0","3","","","","N","","","","","","","","","",""
"2020112332","","2","0","0","0","0","0","0","0","0","5","0","","67","12","2020","7","40.0275","-75.123083","0315","6","0","0","0","0","0","0","0","0","","0","0","0","","","1","N","0","","40 01:39.000","","0","75 07:23.100","3","0","0","0","67301","0","0","0","N","0","0","0","1","67301","0","","6.0","","1","N","N","N","0","","1","0","2","0","0","","","5","1","0","0","0","0","0","2","1","5","","03","","N","","","","","","","","","",""
"2020098763","","1","0","0","0","0","0","0","0","0","8","0","","67","11","2020","4","39.95728","-75.203302","0644","6","0","0","0","0","0","0","0","1","","0","0","0","","","1","","2","","39 57:26.208","","0","75 12:11.886","3","0","0","0","67301","1","0","0","N","1","0","0","2","67504","0","","1.0","","1","N","N","N","0","","1","0","0","3","2","","","2","1","0","0","0","0","1","2","0","1","","","","N","","","","","","","","","",""
"2020104336","","1","0","0","0","0","0","0","0","0","1","0","","67","12","2020","6","40.029011","-75.14682","0228","6","0","0","0","0","0","0","0","0","","0","0","0","","","0","N","0","","40 01:44.440","","0","75 08:48.552","9","0","0","0","67301","0","0","0","N","0","0","0","1","67301","0","","1.0","","1","N","N","N","1","","0","0","0","0","0","","","2","0","0","0","0","0","1","2","0","2","","","","N","","","","","","","","","",""
"2020110220","","0","0","0","0","0","0","0","0","0","7","0","","67","12","2020","5","39.982935","-75.208068","1156","6","0","0","0","0","0","0","0","0","","0","0","0","","","0","N","0","","39 58:58.567","","0","75 12:29.043","0","0","0","0","67301","0","0","0","N","0","0","0","1","68K01","0","","3.0","","9","N","N","N","0","","0","0","1","0","0","","","1","0","0","0","0","0","0","2","0","1","","","","N","","","","","","","","","",""
"2020098809","","1","0","0","0","0","0","0","0","0","4","0","","67","11","2020","3","39.96118","-75.234869","2052","6","0","0","0","0","0","1","0","0","","0","0","0","","","1","","1","","39 57:40.248","","0","75 14:05.527","3","0","0","0","67301","0","0","0","N","0","0","0","3","67301","0","","1.0","","1","N","N","N","0","","1","0","1","3","2","","","2","1","0","0","0","0","0","2","0","2","","","","N","","","","","","","","","",""
"2020101473","","1","0","0","0","0","0","0","0","0","2","0","","67","11","2020","3","40.013756","-75.177586","1751","6","0","0","0","0","0","0","0","0","","0","0","0","","","1","N","0","","40 00:49.520","","7","75 10:39.310","3","0","0","0","67301","0","0","0","N","0","0","0","3","67301","0","","1.0","","1","N","N","N","0","","1","0","1","0","0","","","3","1","0","0","0","0","1","2","0","3","","03","","N","","","","","","","","","",""
"2020106786","","1","0","0","0","0","0","0","0","0","2","0","","67","12","2020","7","39.94838","-75.247652","0112","6","0","0","0","0","0","0","0","0","","0","0","0","","","0","","1","","39 56:54.168","2","0","75 14:51.547","9","0","0","0","67301","0","0","0","N","0","0","0","1","67301","0","","1.0","611.0","9","N","N","N","0","","0","0","1","3","3","N","","2","0","0","0","0","0","1","2","0","2","","04","","N","","","","","","","","","",""
"2020108479","","1","0","0","0","0","0","0","0","0","7","0","","67","12","2020","3","39.889727","-75.233762","0109","6","0","0","0","0","0","0","0","0","","0","0","0","","","0","","3","","39 53:23.016","","0","75 14:01.544","9","0","0","0","67301","0","0","0","N","0","0","0","1","67301","0","","5.0","","1","N","N","N","0","","0","0","0","9","2","","","1","0","0","0","0","0","1","2","0","1","","","","N","","","","","","","","","",""
"2020105411","","1","0","0","0","0","0","0","0","0","8","0","","67","12","2020","4","39.9236","-75.183296","1849","6","0","0","0","0","0","0","1","0","","0","0","0","","","1","","1","","39 55:24.959","1","0","75 10:59.865","3","0","0","0","67301","1","0","0","N","1","0","0","2","67301","0","","1.0","25.0","1","N","N","N","0","","1","0","0","3","3","Y","","2","1","1","0","0","0","0","2","0","1","","","","N","","","","","","","","","",""
"2020102682","","2","0","0","0","0","0","0","0","0","4","0","","67","11","2020","1","39.958","-75.221263","1634","6","0","0","0","0","0","0","0","0","","0","0","0","","","2","","1","","39 57:28.799","","0","75 13:16.548","4","0","0","0","67301","0","0","0","N","0","0","0","2","67301","2","","1.0","","1","N","N","N","0","","0","0","0","3","1","","","2","2","0","0","0","0","0","2","0","2","","03","","N","","","","","","","","","",""
"2020104394","","0","0","0","0","0","0","0","0","0","8","0","","67","12","2020","5","39.993443","-75.150741","1131","6","0","0","0","0","0","0","0","0","","0","0","0","","","1","N","0","","39 59:36.396","","0","75 09:02.668","8","0","0","0","67301","1","0","0","N","1","0","0","2","67301","0","","1.0","","1","N","N","N","0","","0","0","0","9","2","","","2","1","0","0","0","1","1","2","0","1","","03","","N","","","","","","","","","",""
"2020113933","","1","0","0","0","0","0","0","0","0","7","0","","67","12","2020","4","40.016251","-75.131962","1157","6","0","0","0","0","0","0","1","0","","0","0","0","","","1","","1","","40 00:58.503","","0","75 07:55.063","4","0","0","0","67301","0","0","0","N","0","0","0","1","67301","1","","4.0","","1","N","N","N","0","","0","0","0","3","3","","","1","1","0","0","0","0","0","2","0","1","","03","","N","","","","","","","","","",""
"2020104792","","1","0","0","0","0","0","0","0","0","4","0","","67","12","2020","6","39.928557","-75.237869","1340","6","0","0","0","1","0","0","0","0","","0","0","0","","","1","","1","","39 55:42.805","","0","75 14:16.330","3","0","0","0","67301","0","0","0","N","0","0","0","4","67301","0","","1.0","","9","N","N","N","0","","1","0","1","3","3","","","2","1","0","0","0","0","0","2","0","2","","07","","N","","","","","","","","","",""