"CRN","ARRIVAL_TM","AUTOMOBILE_COUNT","BELTED_DEATH_COUNT","BELTED_SUSP_SERIOUS_INJ_COUNT","BICYCLE_COUNT","BICYCLE_DEATH_COUNT","BICYCLE_SUSP_SERIOUS_INJ_COUNT","BUS_COUNT","CHLDPAS_DEATH_COUNT","CHLDPAS_SUSP_SERIOUS_INJ_COUNT","COLLISION_TYPE","COMM_VEH_COUNT","CONS_ZONE_SPD_LIM","COUNTY","CRASH_MONTH","CRASH_YEAR","DAY_OF_WEEK","DEC_LATITUDE","DEC_LONGITUDE","DISPATCH_TM","DISTRICT","DRIVER_COUNT_16YR","DRIVER_COUNT_17YR","DRIVER_COUNT_18YR","DRIVER_COUNT_19YR","DRIVER_COUNT_20YR","DRIVER_COUNT_50_64YR","DRIVER_COUNT_65_74YR","DRIVER_COUNT_75PLUS","EST_HRS_CLOSED","FATAL_COUNT","HEAVY_TRUCK_COUNT","HORSE_BUGGY_COUNT","HOUR_OF_DAY","ILLUMINATION","INJURY_COUNT","INTERSECTION_RELATED","INTERSECT_TYPE","LANE_CLOSED","LATITUDE","LN_CLOSE_DIR","LOCATION_TYPE","LONGITUDE","MAX_SEVERITY_LEVEL","MCYCLE_DEATH_COUNT","MCYCLE_SUSP_SERIOUS_INJ_COUNT","MOTORCYCLE_COUNT","MUNICIPALITY","NONMOTR_COUNT","NONMOTR_DEATH_COUNT","NONMOTR_SUSP_SERIOUS_INJ_COUNT","NTFY_HIWY_MAINT","PED_COUNT","PED_DEATH_COUNT","PED_SUSP_SERIOUS_INJ_COUNT","PERSON_COUNT","POLICE_AGCY","POSSIBLE_INJ_COUNT","RDWY_SURF_TYPE_CD","RELATION_TO_ROAD","ROADWAY_CLEARED","ROAD_CONDITION","SCH_BUS_IND","SCH_ZONE_IND","SECONDARY_CRASH","SMALL_TRUCK_COUNT","SPEC_JURIS_CD","SUSP_MINOR_INJ_COUNT","SUSP_SERIOUS_INJ_COUNT","SUV_COUNT","TCD_FUNC_CD","TCD_TYPE","TFC_DETOUR_IND","TIME_OF_DAY","TOTAL_UNITS","TOT_INJ_COUNT","UNBELTED_OCC_COUNT","UNB_DEATH_COUNT","UNB_SUSP_SERIOUS_INJ_COUNT","UNK_INJ_DEG_COUNT","UNK_INJ_PER_COUNT","URBAN_RURAL","VAN_COUNT","VEHICLE_COUNT","WEATHER1","WEATHER2","WORKERS_PRES","WORK_ZONE_IND","WORK_ZONE_LOC","WORK_ZONE_TYPE","WZ_CLOSE_DETOUR","WZ_FLAGGER","WZ_LAW_OFFCR_IND","WZ_LN_CLOSURE","WZ_MOVING","WZ_OTHER","WZ_SHLDER_MDN","WZ_WORKERS_INJ_KILLED"
"2020113739","","3","0","0","0","0","0","0","0","0","4","0","","67","12","2020","3","39.974566","-75.183467","2116","6","0","0","0","0","0","0","0","0","","0","0","0","","","0","","1","","39 58:28.437","","0","75 11:00.481","9","0","0","0","67301","0","0","0","N","0","0","0","4","67301","0","","1.0","","1","N","N","N","0","","0","0","0","3","2","","","3","0","0","0","0","0","3","2","0","3","","03","","N","","","","","","","","","",""
"2020086198","","0","0","0","0","0","0","0","0","0","8","0","","67","10","2020","4","39.958928","-75.24139","1545","6","0","0","0","0","0","0","0","0","","0","0","0","","","1","","1","","39 57:32.141","","0","75 14:29.004","3","0","0","0","67301","1","0","0","N","1","0","0","2","67301","0","","1.0","","1","N","N","N","0","","1","0","0","3","2","","","2","1","0","0","0","0","0","2","1","1","","","","N","","","","","","","","","",""
"2020102220","","2","0","0","0","0","0","0","0","0","4","0","","67","11","2020","6","40.019014","-75.16008","1624","6","0","0","0","0","0","0","0","0","","0","0","0","","","1","","2","","40 01:08.450","5","0","75 09:36.287","3","0","0","0","67301","0","0","0","N","0","0","0","3","67301","0","","1.0","1720.0","1","N","N","N","0","","1","0","0","3","3","Y","","2","1","0","0","0","0","0","2","0","2","","03","","N","","","","","","","","","",""
"2020105212","","1","0","0","0","0","0","0","0","0","1","0","","67","11","2020","6","40.022551","-75.136736","1308","6","0","0","0","0","0","0","0","0","","0","0","0","","","1","","2","","40 01:21.183","","0","75 08:12.249","3","0","0","0","67301","0","0","0","N","0","0","0","2","67301","0","","1.0","","1","N","N","N","0","","1","0","0","3","2","","","2","1","0","0","0","0","1","2","0","2","","03","","N","","","","","","","","","",""
"2020103029","","0","0","0","0","0","0","0","0","0","4","0","","67","11","2020","1","40.0262","-75.16915","0855","6","0","0","0","0","0","1","0","0","","0","0","0","","","1","","1","","40 01:34.321","","0","75 10:08.941","3","0","0","0","67301","0","0","0","N","0","0","0","2","67301","0","","1.0","","1","N","N","N","0","","1","0","2","3","2","","","2","1","2","0","0","0","1","2","0","2","","","","N","","","","","","","","","",""
"2020109337","","2","0","0","0","0","0","0","0","0","1","0","","67","12","2020","7","39.959335","-75.173502","1750","6","0","0","0","0","0","0","0","1","","0","0","0","","","4","N","0","","39 57:33.607","4","0","75 10:24.606","4","0","0","0","67301","0","0","0","N","0","0","0","10","68K01","4","","1.0","45.0","1","N","N","N","0","","0","0","0","0","0","N","","3","4","0","0","0","0","0","2","1","3","","","","N","","","","","","","","","",""
"2020085394","","4","0","0","0","0","0","0","0","0","4","0","","67","10","2020","3","40.020398","-75.140103","0055","6","0","0","0","0","0","0","0","0","","0","0","0","","","0","","1","","40 01:13.432","","0","75 08:24.370","9","0","0","0","67301","0","0","0","N","0","0","0","2","67301","0","","1.0","","9","N","N","N","0","","0","0","1","3","3","","","5","0","0","0","0","0","1","2","0","5","","","","N","","","","","","","","","",""
"2020104334","","2","0","0","0","0","0","0","0","0","1","0","","67","12","2020","5","39.934706","-75.172411","0432","6","0","0","0","0","0","0","0","0","","0","0","0","","","0","N","0","","39 56:04.940","","0","75 10:20.680","0","0","0","0","67301","0","0","0","N","0","0","0","2","67301","0","","1.0","","1","N","N","N","0","","0","0","0","3","3","","","2","0","1","0","0","0","0","2","0","2","","03","","N","","","","","","","","","",""
"2020111644","","0","0","0","0","0","0","0","0","0","8","0","","67","12","2020","4","40.033171","-75.083391","1834","6","0","0","0","0","0","0","0","0","","0","0","0","","","1","","1","","40 01:59.417","","0","75 05:00.206","3","0","0","0","67301","1","0","0","N","1","0","0","2","67301","0","","1.0","","1","N","N","N","0","","1","0","1","0","0","","","2","1","1","0","0","0","0","2","0","1","","03","","N","","","","","","","","","",""
"2020103024","","1","0","0","0","0","0","0","0","0","4","0","","67","11","2020","7","39.996887","-75.112741","1601","6","0","0","0","0","0","0","0","0","","0","0","0","","","1","","2","","39 59:48.793","","1","75 06:45.867","3","0","0","0","67301","0","0","0","N","0","0","0","4","67301","0","","1.0","","1","N","N","N","0","","1","0","1","0","0","","","2","1","0","0","0","0","0","2","0","2","","04","","N","","","","","","","","","",""
"2020112982","","0","0","0","0","0","0","0","0","0","4","0","","67","12","2020","7","40.010488","-75.100032","2327","6","0","0","0","0","0","0","0","0","","0","0","0","","","0","","1","","40 00:37.756","","0","75 06:00.115","0","0","0","0","67301","0","0","0","N","0","0","0","2","67301","0","","1.0","","1","N","N","N","0","","0","0","2","3","2","","","2","0","0","0","0","0","0","2","0","2","","03","","N","","","","","","","","","",""
"2020112393","","2","0","0","0","0","0","0","0","0","4","0","","67","12","2020","5","40.094226","-75.030825","2140","6","0","0","1","0","0","0","0","0","","0","0","0","","","2","","2","","40 05:39.215","","0","75 01:50.969","4","0","0","0","67301","0","0","0","N","0","0","0","4","67301","2","","1.0","","9","N","N","Y","0","","0","0","1","3","1","","","3","2","3","0","0","0","0","2","0","3","","07","","N","","","","","","","","","",""
"2020086181","","1","0","0","0","0","0","0","0","0","4","0","","67","10","2020","4","39.945858","-75.240283","0115","6","0","0","0","0","0","0","0","0","","0","0","0","","","0","","5","","39 56:45.089","","0","75 14:25.018","0","0","0","0","67301","0","0","0","N","0","0","0","2","67301","0","","1.0","","1","N","N","N","0","","0","0","0","3","2","","","2","0","2","0","0","0","0","2","1","2","","03","","N","","","","","","","","","",""
"2020102130","","2","0","0","0","0","0","0","0","0","5","0","","67","11","2020","7","39.952863","-75.248806","0311","6","0","0","0","0","0","0","0","0","","0","0","0","","","0","N","0","","39 57:10.307","","0","75 14:55.701","9","0","0","0","67301","0","0","0","N","0","0","0","2","67301","0","","1.0","","1","N","N","N","0","","0","0","0","0","0","","","2","0","0","0","0","0","1","2","0","2","","03","","N","","","","","","","","","",""
"2020109080","","0","0","0","0","0","0","0","0","0","8","0","","67","12","2020","2","40.007397","-75.078191","1331","6","0","0","0","0","0","1","0","0","","0","0","0","","","2","","1","","40 00:26.630","","0","75 04:41.486","4","0","0","0","67301","2","0","0","N","2","0","0","3","67301","2","","1.0","","9","N","N","N","0","","0","0","1","3","2","","","3","2","0","0","0","0","0","2","0","1","","","","N","","","","","","","","","",""
"2020108268","","1","0","0","0","0","0","0","0","0","4","0","","67","12","2020","6","40.011967","-75.111308","2312","6","0","0","0","0","0","0","0","0","","0","0","0","","","3","N","0","","40 00:43.080","","7","75 06:40.710","3","0","0","0","67301","0","0","0","N","0","0","0","4","67301","0","","1.0","","1","N","N","N","0","","3","0","0","0","0","","","2","3","1","0","0","0","0","2","1","2","","03","","N","","","","","","","","","",""
"2020100397","","2","0","0","0","0","0","0","0","0","4","0","","67","11","2020","2","40.048491","-75.093668","0007","6","0","0","0","0","0","0","0","0","","0","0","0","","","2","","1","","40 02:54.566","6","0","75 05:37.204","3","0","0","0","67301","0","0","0","N","0","0","0","3","67301","0","","1.0","7.0","9","N","N","N","0","","2","0","0","3","2","N","","2","2","0","0","0","0","0","2","0","2","","","","N","","","","","","","","","",""
"2020085572","","1","0","0","0","0","0","0","0","0","7","0","","67","10","2020","3","39.940675","-75.143119","0429","6","0","0","0","0","0","0","0","0","","0","0","0","","","0","N","0","","39 56:26.431","1","0","75 08:35.229","0","0","0","0","67301","0","0","0","N","0","0","0","1","68K01","0","","4.0","20.0","9","N","N","N","0","","0","0","0","0","0","N","","1","0","0","0","0","0","0","2","0","1","","07","","N","","","","","","","","","",""
"2020106084","","2","0","0","0","0","0","0","0","0","5","0","","67","12","2020","3","40.044254","-75.148762","1930","6","0","0","0","0","0","0","0","0","","0","0","0","","","0","N","0","","40 02:39.316","","0","75 08:55.544","9","0","0","0","67301","0","0","0","N","0","0","0","1","67301","0","","4.0","","99","N","N","N","0","","0","0","0","0","0","","","2","0","1","0","0","0","1","2","0","2","","","","N","","","","","","","","","",""
"2020109765","","1","0","0","0","0","0","0","0","0","4","0","","67","12","2020","4","39.941904","-75.143016","2243","6","0","0","0","0","0","0","0","0","","0","0","0","","","0","N","0","","39 56:30.856","1","0","75 08:34.856","0","0","0","0","67301","0","0","0","N","0","0","0","2","68K01","0","","1.0","2313.0","2","N","N","N","0","","0","0","1","0","0","N","","2","0","0","0","0","0","0","2","0","2","","06","","N","","","","","","","","","",""
"2020104720","","1","0","0","0","0","0","0","0","0","8","0","","67","12","2020","6","39.951852","-75.159824","1700","6","0","0","0","0","0","0","0","0","","0","0","0","","","1","","2","","39 57:06.668","","0","75 09:35.366","3","0","0","0","67301","1","0","0","N","1","0","0","2","67301","0","","1.0","","9","N","N","N","0","","1","0","0","3","2","","","2","1","1","0","0","0","0","2","0","1","","","","N","","","","","","","","","",""
"2020111292","","1","0","0","0","0","0","1","0","0","2","1","","67","12","2020","6","39.978675","-75.157803","2140","6","0","0","0","0","0","1","0","0","","0","0","0","","","1","","1","","39 58:43.230","","0","75 09:28.092","4","0","0","0","67301","0","0","0","N","0","0","0","3","67508","1","","1.0","","1","Y","N","Y","0","","0","0","0","3","2","","","2","1","0","0","0","0","1","2","0","2","","03","","N","","","","","","","","","",""
"2020083012","","1","0","0","0","0","0","0","0","0","4","0","","67","10","2020","3","40.029602","-75.206348","1617","6","0","0","0","0","0","1","0","0","","0","0","0","","","0","","2","","40 01:46.567","","0","75 12:22.853","0","0","0","0","67301","0","0","0","N","0","0","0","2","67301","0","","1.0","","1","N","N","N","0","","0","0","1","0","0","","","2","0","0","0","0","0","0","2","0","2","","","","N","","","","","","","","","",""
"2020107113","","2","0","0","0","0","0","0","0","0","5","0","","67","12","2020","7","39.986714","-75.172015","0346","6","0","0","0","0","1","0","0","0","","0","0","0","","","0","N","2","","39 59:12.170","","0","75 10:19.254","0","0","0","0","67301","0","0","0","N","0","0","0","1","67509","0","","2.0","","1","N","N","N","0","","0","0","0","0","0","","","2","0","0","0","0","0","0","2","0","2","","03","","N","","","","","","","","","",""
"2020104880","","1","0","0","0","0","0","0","0","0","4","0","","67","12","2020","7","39.968939","-75.159927","1026","6","0","0","0","0","0","1","0","0","","0","0","0","","","1","","1","","39 58:08.181","","0","75 09:35.736","3","0","0","0","67301","0","0","0","N","0","0","0","3","67301","0","","1.0","","9","N","N","N","0","","1","0","0","3","2","","","2","1","0","0","0","0","0","2","1","2","","03","","N","","","","","","","","","",""
"2020102897","","1","0","0","0","0","0","0","0","0","1","0","","67","11","2020","1","39.962105","-75.198878","0046","6","0","0","0","0","0","0","0","0","","0","0","0","","","2","N","0","","39 57:43.577","","0","75 11:55.960","4","0","0","0","67301","0","0","0","N","0","0","0","3","67301","2","","1.0","","1","N","N","N","0","","0","0","1","0","0","","","2","2","0","0","0","0","0","2","0","2","","","","N","","","","","","","","","",""
"2020104958","","2","0","0","0","0","0","0","0","0","5","0","","67","12","2020","6","39.945254","-75.24196","2030","6","0","0","0","0","0","1","0","0","","0","0","0","","","2","N","0","","39 56:42.914","6","0","75 14:31.055","3","0","0","0","67301","0","0","0","N","0","0","0","2","67301","0","","6.0","2220.0","9","N","N","N","0","","2","0","1","0","0","Y","","3","2","1","0","0","0","0","2","0","3","","07","","N","","","","","","","","","",""
"2020085120","","1","0","0","0","0","0","0","0","0","7","0","","67","10","2020","1","39.966908","-75.19212","0431","6","0","0","0","0","0","0","0","0","","0","0","0","","","0","","1","","39 58:00.868","","0","75 11:31.632","0","0","0","0","67301","0","0","0","N","0","0","0","1","68K01","0","","4.0","","1","N","N","N","0","","0","0","0","0","0","","","1","0","0","0","0","0","0","2","0","1","","","","N","","","","","","","","","",""
"2020102276","","1","0","0","0","0","0","0","0","0","4","0","","67","11","2020","7","40.049554","-75.101327","1815","6","0","0","0","0","0","2","0","0","","0","0","0","","","1","","1","","40 02:58.394","","0","75 06:04.777","3","0","0","0","67301","0","0","0","N","0","0","0","4","67301","0","","1.0","","1","N","N","N","0","","1","0","1","3","3","","","2","1","0","0","0","0","0","2","0","2","","03","","N","","","","","","","","","",""
"2020084648","","1","0","0","1","0","0","0","0","0","8","0","","67","10","2020","7","40.089194","-74.965139","1930","6","0","0","0","0","0","0","1","0","","0","0","0","","","1","N","0","","40 05:21.100","3","7","74 57:54.500","3","0","0","0","67301","1","0","0","N","0","0","0","2","67301","0","","1.0","2010.0","1","N","N","N","0","","1","0","0","0","0","N","","2","1","0","0","0","0","0","2","0","1","","03","","N","","","","","","","","","",""
"2020113155","","1","0","0","0","0","0","0","0","0","4","0","","67","12","2020","2","40.056962","-75.088369","1320","6","0","0","0","0","0","0","0","0","","0","0","0","","","2","","1","","40 03:25.064","5","0","75 05:18.129","8","0","0","0","67301","0","0","0","N","0","0","0","3","67301","0","","1.0","1416.0","1","N","N","N","0","","0","0","0","3","2","Y","","2","2","0","0","0","2","0","2","1","2","","03","","N","","","","","","","","","",""
"2020113838","","3","0","0","0","0","0","0","0","0","4","0","","67","12","2020","5","40.045922","-75.164364","0452","6","0","0","0","0","0","0","0","0","","0","0","0","","","0","N","0","","40 02:45.320","","0","75 09:51.710","0","0","0","0","67301","0","0","0","N","0","0","0","1","67301","0","","1.0","","9","N","N","N","0","","0","0","0","0","0","","","3","0","0","0","0","0","0","2","0","3","","03","","N","","","","","","","","","",""
"2020085483","","4","0","0","0","0","0","0","0","0","2","0","","67","10","2020","2","40.005911","-75.138194","0804","6","0","0","0","1","0","0","0","0","","0","0","0","","","0","","1","","40 00:21.279","","0","75 08:17.498","0","0","0","0","67301","0","0","0","N","0","0","0","2","67301","0","","1.0","","9","N","N","Y","0","","0","0","1","3","3","","","5","0","1","0","0","0","0","2","0","5","","07","","N","","","","","","","","","",""
"2020104511","","1","0","0","0","0","0","0","0","0","4","0","","67","12","2020","5","39.921054","-75.224167","1550","6","0","0","0","0","0","0","0","0","","0","0","0","","","1","","1","","39 55:15.795","4","0","75 13:27.001","2","0","0","0","67301","0","0","0","N","0","0","0","3","67301","0","","1.0","1730.0","1","N","N","N","0","","0","1","0","3","2","Y","","2","1","0","0","0","0","2","2","0","2","","","","N","","","","","","","","","",""
"2020111184","","1","0","0","0","0","0","0","0","0","4","0","","67","12","2020","7","39.957014","-75.148992","1355","6","0","0","0","0","0","0","0","0","","0","0","0","","","3","N","0","","39 57:25.250","","0","75 08:56.370","8","0","0","0","67301","0","0","0","N","0","0","0","4","67301","0","","1.0","","1","N","N","Y","0","","0","0","1","0","0","","","2","3","0","0","0","3","1","2","0","2","","04","","N","","","","","","","","","",""
"2020111651","","1","0","0","0","0","0","0","0","0","5","0","","67","12","2020","3","40.017678","-75.15605","2015","6","0","0","0","0","0","0","0","0","","0","0","0","","","0","N","0","","40 01:03.640","","0","75 09:21.780","0","0","0","0","67301","0","0","0","N","0","0","0","1","67301","0","","6.0","","1","N","N","N","0","","0","0","1","0","0","","","2","0","0","0","0","0","0","2","0","2","","03","","N","","","","","","","","","",""
"2020108375","","1","0","0","0","0","0","0","0","0","7","0","","67","12","2020","4","40.007692","-75.072196","1948","6","0","0","0","0","0","0","0","0","","0","0","0","","","1","N","0","","40 00:27.692","","0","75 04:19.906","8","0","0","0","67301","0","0","0","N","0","0","0","1","68K01","0","","3.0","","1","N","N","N","0","","0","0","0","0","0","","","1","1","0","0","0","1","0","2","0","1","","","","N","","","","","","","","","",""
"2020083134","","0","0","0","0","0","0","0","0","0","4","0","","67","10","2020","4","39.935119","-75.153867","0731","6","0","0","0","0","0","0","0","0","","0","0","0","","","1","","1","","39 56:06.430","","0","75 09:13.920","3","0","0","0","67301","0","0","0","N","0","0","0","2","67301","0","","1.0","","1","N","N","N","1","","1","0","1","3","2","","","2","1","0","0","0","0","0","2","0","2","","","","N","","","","","","","","","",""
"2020112956","","0","0","0","0","0","0","0","0","0","5","0","","67","12","2020","7","40.051831","-75.096781","0719","6","0","0","0","0","0","0","0","0","","0","0","0","","","1","N","0","","40 03:06.590","4","0","75 05:48.410","8","0","0","0","67301","0","0","0","N","0","0","0","2","67301","0","","1.0","849.0","1","N","N","N","0","","0","0","2","0","0","Y","","2","1","0","0","0","1","0","2","0","2","","03","","N","","","","","","","","","",""
"2020084335","","2","0","0","0","0","0","0","0","0","4","0","","67","10","2020","7","39.961743","-75.238776","1800","6","0","0","0","0","0","1","0","0","","0","0","0","","","2","","1","","39 57:42.276","","1","75 14:19.592","3","0","0","0","67301","0","0","0","N","0","0","0","3","67301","0","","1.0","","1","N","N","N","0","","2","0","0","3","2","","","2","2","1","0","0","0","0","2","0","2","","03","","N","","","","","","","","","",""
"2020106642","","2","0","0","0","0","0","0","0","0","4","0","","67","12","2020","2","39.930879","-75.174858","1910","6","0","0","0","0","0","0","0","0","","0","0","0","","","0","","2","","39 55:51.164","","0","75 10:29.488","9","0","0","0","67301","0","0","0","N","0","0","0","2","67301","0","","1.0","","1","N","N","N","0","","0","0","0","3","3","","","2","0","0","0","0","0","2","2","0","2","","03","","N","","","","","","","","","",""
"2020089097","","1","0","0","0","0","0","0","0","0","7","0","45","67","10","2020","6","39.969747","-75.125749","1229","6","0","0","0","1","0","0","0","0","","0","0","0","","","1","N","0","","39 58:11.089","1","0","75 07:32.695","3","0","0","0","67301","0","0","0","N","0","0","0","1","68K01","0","","3.0","1310.0","1","N","N","N","0","","1","0","0","0","0","N","","1","1","0","0","0","0","0","2","0","1","","","N","Y","4","1","","","N","","","","Y","N"
"2020102079","","0","0","0","0","0","0","0","0","0","4","0","","67","11","2020","6","40.036295","-75.071755","2326","6","0","0","0","0","0","0","0","0","","0","0","0","","","1","","1","","40 02:10.662","","0","75 04:18.319","3","0","0","0","67301","0","0","0","N","0","0","0","2","67301","0","","1.0","","1","N","Y","N","0","","1","0","4","3","3","","","5","1","0","0","0","0","0","2","1","5","","","","N","","","","","","","","","",""
"2020109724","","3","0","0","0","0","0","0","0","0","1","0","","67","12","2020","3","39.996004","-75.082772","2056","6","0","0","0","0","0","0","0","0","","0","0","0","","","1","N","0","","39 59:45.616","1","0","75 04:57.980","3","0","0","0","67301","0","0","0","N","0","0","0","4","68K01","0","","1.0","5.0","1","N","N","N","1","","1","0","0","0","0","N","","4","1","0","0","0","0","0","2","0","4","","03","","N","","","","","","","","","",""
"2020110680","","1","0","0","0","0","0","0","0","0","4","0","","67","12","2020","2","39.980684","-75.122664","1722","6","0","0","0","0","0","0","0","0","","0","0","0","","","0","","1","","39 58:50.462","","0","75 07:21.590","9","0","0","0","67301","0","0","0","N","0","0","0","2","67301","0","","1.0","","1","N","N","Y","0","","0","0","3","3","3","","","4","0","0","0","0","0","2","2","0","4","","","","N","","","","","","","","","",""
"2020112098","","1","0","0","0","0","0","0","0","0","8","0","","67","12","2020","4","40.0506","-75.157873","2358","6","0","0","0","0","0","0","0","0","","0","0","0","","","1","","2","","40 03:02.160","","0","75 09:28.342","4","0","0","0","67301","1","0","0","N","1","0","0","2","67301","1","","1.0","","1","N","N","N","0","","0","0","0","3","3","","","2","1","0","0","0","0","0","2","0","1","","03","","N","","","","","","","","","",""
"2020112985","","3","0","0","0","0","0","0","0","0","1","0","","67","12","2020","2","39.992033","-75.140185","1157","6","0","0","0","0","0","0","0","0","","0","0","0","","","0","","1","","39 59:31.320","","0","75 08:24.665","0","0","0","0","67301","0","0","0","N","0","0","0","3","67301","0","","1.0","","1","N","N","N","0","","0","0","0","3","2","","","3","0","0","0","0","0","0","2","0","3","","03","","N","","","","","","","","","",""
"2020108361","","1","0","0","0","0","0","0","0","0","7","0","","67","11","2020","2","39.892487","-75.224665","1316","6","0","0","0","0","0","1","0","0","","0","0","0","","","1","N","0","","39 53:32.954","","0","75 13:28.794","8","0","0","0","67301","0","0","0","N","0","0","0","1","68K01","0","","4.0","","9","N","N","N","0","","0","0","0","0","0","","","1","1","0","0","0","1","0","2","0","1","","04","","N","","","","","","","","","",""
"2020107236","","3","0","0","0","0","0","0","0","0","6","0","","67","12","2020","6","40.003097","-75.137006","0840","6","0","0","0","0","0","0","0","0","","0","0","0","","","0","N","0","","40 00:11.150","","0","75 08:13.220","0","0","0","0","67301","0","0","0","N","0","0","0","1","67301","0","","6.0","","1","N","N","Y","0","","0","0","0","0","0","","","3","0","0","0","0","0","0","2","0","3","","03","","N","","","","","","","","","",""
"2020084402","","0","0","0","0","0","0","0","0","0","4","0","","67","10","2020","6","39.995928","-75.114461","2005","6","0","0","0","0","0","0","0","0","","0","0","0","","","1","","2","","39 59:45.340","","1","75 06:52.059","4","0","0","1","67301","0","0","0","N","0","0","0","2","67301","1","","1.0","","1","N","N","N","0","","0","0","1","0","0","","","2","1","0","0","0","0","0","2","0","2","","03","","N","","","","","","","","","",""
"2020086342","","0","0","0","1","0","0","0","0","0","8","0","","67","10","2020","5","39.922831","-75.184119","1321","6","0","0","0","0","0","0","0","0","","0","0","0","","","1","N","0","","39 55:22.193","","7","75 11:02.828","3","0","0","0","67301","1","0","0","N","0","0","0","2","67301","0","","1.0","","1","N","N","N","0","","1","0","0","0","0","","","2","1","0","0","0","0","0","2","1","1","","03","","N","","","","","","","","","",""
"2020083349","","1","0","0","0","0","0","0","0","0","7","0","","67","10","2020","3","39.939164","-75.194073","2227","6","0","0","0","0","1","0","0","0","","0","0","0","","","0","","2","","39 56:20.990","","0","75 11:38.662","0","0","0","0","67301","0","0","0","N","0","0","0","1","67301","0","","5.0","","1","N","N","N","0","","0","0","0","0","0","","","1","0","1","0","0","0","0","2","0","1","","03","","N","","","","","","","","","",""
"2020112468","","1","0","0","0","0","0","0","0","0","5","0","","67","12","2020","7","39.990722","-75.122383","0620","6","0","0","0","0","0","1","0","0","","0","0","0","","","0","N","0","","39 59:26.600","","0","75 07:20.580","0","0","0","0","67301","0","0","0","N","0","0","0","1","67301","0","","6.0","","1","N","N","N","0","","0","0","1","0","0","","","2","0","1","0","0","0","0","2","0","2","","03","","N","","","","","","","","","",""
"2020113159","","2","0","0","0","0","0","0","0","0","1","0","","67","12","2020","2","40.010132","-75.151074","2202","6","0","0","0","0","0","0","0","0","","0","0","0","","","1","","5","","40 00:36.476","","0","75 09:03.867","3","0","0","0","67301","0","0","0","N","0","0","0","2","67301","0","","1.0","","1","N","N","N","0","","1","0","0","3","2","","","2","1","0","0","0","0","0","2","0","2","","03","","N","","","","","","","","","",""
"2020100618","","2","0","0","0","0","0","0","0","0","1","0","","67","10","2020","1","39.949851","-75.183905","2116","6","0","0","0","0","0","0","0","0","","0","0","0","","","0","N","0","","39 56:59.465","","0","75 11:02.058","9","0","0","0","67301","0","0","0","N","0","0","0","4","68K01","0","","1.0","","1","N","N","N","0","","0","0","0","0","0","","","3","0","0","0","0","0","1","2","0","3","","","","N","","","","","","","","","",""
"2020102055","","2","0","0","0","0","0","0","0","0","5","0","","67","11","2020","6","39.953391","-75.196696","2103","6","0","0","0","0","0","1","0","0","","0","0","0","","","1","","2","","39 57:12.207","","0","75 11:48.105","2","0","0","0","67301","0","0","0","N","0","0","0","3","67504","0","","1.0","","1","N","N","N","0","","0","1","0","3","2","N","","2","1","1","0","1","0","2","2","0","2","","03","","N","","","","","","","","","",""
"2020083453","","2","0","0","0","0","0","0","0","0","4","0","","67","10","2020","4","40.065916","-75.159296","1142","6","0","0","0","0","0","1","0","0","","0","0","0","","","3","","1","","40 03:57.297","7","0","75 09:33.465","3","0","0","0","67301","0","0","0","N","0","0","0","3","67301","0","","1.0","200.0","1","N","Y","N","0","","3","0","0","3","2","Y","","2","3","1","0","0","0","0","2","0","2","","03","","N","","","","","","","","","",""
"2020085160","","3","0","0","0","0","0","0","0","0","4","0","","67","10","2020","7","39.970687","-75.214554","1555","6","0","0","0","0","0","1","0","0","","0","0","0","","","0","","2","","39 58:14.472","","0","75 12:52.393","0","0","0","0","67301","0","0","0","N","0","0","0","2","67301","0","","1.0","","1","N","N","N","0","","0","0","0","3","3","","","3","0","0","0","0","0","0","2","0","3","","","","N","","","","","","","","","",""
"2020089108","","0","0","0","0","0","0","0","0","0","7","0","","67","10","2020","1","39.940684","-75.143119","1927","6","0","0","0","0","0","1","0","0","","0","0","0","","","2","N","0","","39 56:26.461","","0","75 08:35.227","3","0","0","0","67301","0","0","0","N","0","0","0","2","68K01","0","","4.0","","9","N","N","N","0","","2","0","1","0","0","","","1","2","0","0","0","0","0","2","0","1","","","","N","","","","","","","","","",""
"2020113265","","2","0","0","0","0","0","0","0","0","1","0","","67","12","2020","1","39.945346","-75.190553","2041","6","0","0","0","0","0","0","0","0","","0","0","0","","","0","N","0","","39 56:43.247","3","0","75 11:25.992","0","0","0","0","67301","0","0","0","N","0","0","0","2","68K01","0","","1.0","30.0","1","N","N","N","0","","0","0","0","0","0","Y","","2","0","1","0","0","0","0","2","0","2","","03","","N","","","","","","","","","",""
"2020113452","","2","0","0","0","0","0","0","0","0","1","0","","67","12","2020","3","40.016682","-75.149623","1954","6","0","0","0","0","0","0","0","0","","0","0","0","","","1","N","0","","40 01:00.056","","0","75 08:58.641","3","0","0","0","67301","0","0","0","N","0","0","0","6","67301","0","","1.0","","1","N","N","N","0","","1","0","0","0","0","","","2","1","0","0","0","0","0","2","0","2","","03","","N","","","","","","","","","",""