"CRN","ARRIVAL_TM","AUTOMOBILE_COUNT","BELTED_DEATH_COUNT","BELTED_SUSP_SERIOUS_INJ_COUNT","BICYCLE_COUNT","BICYCLE_DEATH_COUNT","BICYCLE_SUSP_SERIOUS_INJ_COUNT","BUS_COUNT","CHLDPAS_DEATH_COUNT","CHLDPAS_SUSP_SERIOUS_INJ_COUNT","COLLISION_TYPE","COMM_VEH_COUNT","CONS_ZONE_SPD_LIM","COUNTY","CRASH_MONTH","CRASH_YEAR","DAY_OF_WEEK","DEC_LATITUDE","DEC_LONGITUDE","DISPATCH_TM","DISTRICT","DRIVER_COUNT_16YR","DRIVER_COUNT_17YR","DRIVER_COUNT_18YR","DRIVER_COUNT_19YR","DRIVER_COUNT_20YR","DRIVER_COUNT_50_64YR","DRIVER_COUNT_65_74YR","DRIVER_COUNT_75PLUS","EST_HRS_CLOSED","FATAL_COUNT","HEAVY_TRUCK_COUNT","HORSE_BUGGY_COUNT","HOUR_OF_DAY","ILLUMINATION","INJURY_COUNT","INTERSECTION_RELATED","INTERSECT_TYPE","LANE_CLOSED","LATITUDE","LN_CLOSE_DIR","LOCATION_TYPE","LONGITUDE","MAX_SEVERITY_LEVEL","MCYCLE_DEATH_COUNT","MCYCLE_SUSP_SERIOUS_INJ_COUNT","MOTORCYCLE_COUNT","MUNICIPALITY","NONMOTR_COUNT","NONMOTR_DEATH_COUNT","NONMOTR_SUSP_SERIOUS_INJ_COUNT","NTFY_HIWY_MAINT","PED_COUNT","PED_DEATH_COUNT","PED_SUSP_SERIOUS_INJ_COUNT","PERSON_COUNT","POLICE_AGCY","POSSIBLE_INJ_COUNT","RDWY_SURF_TYPE_CD","RELATION_TO_ROAD","ROADWAY_CLEARED","ROAD_CONDITION","SCH_BUS_IND","SCH_ZONE_IND","SECONDARY_CRASH","SMALL_TRUCK_COUNT","SPEC_JURIS_CD","SUSP_MINOR_INJ_COUNT","SUSP_SERIOUS_INJ_COUNT","SUV_COUNT","TCD_FUNC_CD","TCD_TYPE","TFC_DETOUR_IND","TIME_OF_DAY","TOTAL_UNITS","TOT_INJ_COUNT","UNBELTED_OCC_COUNT","UNB_DEATH_COUNT","UNB_SUSP_SERIOUS_INJ_COUNT","UNK_INJ_DEG_COUNT","UNK_INJ_PER_COUNT","URBAN_RURAL","VAN_COUNT","VEHICLE_COUNT","WEATHER1","WEATHER2","WORKERS_PRES","WORK_ZONE_IND","WORK_ZONE_LOC","WORK_ZONE_TYPE","WZ_CLOSE_DETOUR","WZ_FLAGGER","WZ_LAW_OFFCR_IND","WZ_LN_CLOSURE","WZ_MOVING","WZ_OTHER","WZ_SHLDER_MDN","WZ_WORKERS_INJ_KILLED"
"2020108351","","1","0","0","0","0","0","0","0","0","7","0","45","67","11","2020","1","39.981292","-75.102868","0110","6","0","0","0","0","0","0","0","0","","0","0","0","","","1","N","0","","39 58:52.652","2","0","75 06:10.325","3","0","0","0","67301","0","0","0","N","0","0","0","1","68K01","0","","3.0","145.0","1","N","N","N","0","","1","0","0","0","0","N","","1","1","0","0","0","0","0","2","0","1","","","N","Y","4","1","","","N","","","","Y","N"
"2020112970","","2","0","0","0","0","0","0","0","0","4","0","","67","12","2020","1","40.033388","-75.043458","2354","6","0","0","0","0","1","0","0","0","","0","0","0","","","3","","1","","40 02:00.197","","0","75 02:36.447","3","0","0","0","67301","0","0","0","N","0","0","0","4","67301","0","","1.0","","1","N","N","N","0","","3","0","0","3","3","","","2","3","0","0","0","0","0","2","0","2","","03","","N","","","","","","","","","",""
"2020107159","","1","0","0","0","0","0","0","0","0","4","0","","67","12","2020","5","39.930879","-75.174858","1409","6","0","0","0","0","0","0","0","0","","0","0","0","","","0","","1","","39 55:51.164","","0","75 10:29.488","9","0","0","0","67301","0","0","0","N","0","0","0","2","67301","0","","1.0","","1","N","N","N","0","","0","0","1","3","3","","","2","0","0","0","0","0","2","2","0","2","","03","","N","","","","","","","","","",""
"2020100808","","0","0","0","0","0","0","0","0","0","7","0","","67","11","2020","2","40.039514","-75.15442","1105","6","0","0","0","1","0","0","0","0","","0","0","0","","","1","","1","","40 02:22.249","","0","75 09:15.913","3","0","0","0","67301","0","0","0","N","0","0","0","1","67301","0","","5.0","","1","N","N","N","0","","1","0","1","3","2","","","1","1","0","0","0","0","0","2","0","1","","03","","N","","","","","","","","","",""
"2020101472","","0","0","0","0","0","0","0","0","0","8","0","","67","11","2020","2","40.022789","-75.159023","1601","6","0","0","0","0","0","0","0","0","","0","0","0","","","1","","1","","40 01:22.042","","0","75 09:32.483","3","0","0","0","67301","1","0","0","N","1","0","0","2","67301","0","","1.0","","1","N","N","N","0","","1","0","1","3","2","","","2","1","0","0","0","0","0","2","0","1","","03","","N","","","","","","","","","",""
"2020094115","","1","0","0","0","0","0","0","0","0","4","0","","67","10","2020","3","40.027457","-75.062384","1558","6","0","0","0","0","0","1","0","0","","0","0","0","","","1","","1","","40 01:38.846","","0","75 03:44.583","3","0","0","0","67301","0","0","0","N","0","0","0","2","67301","0","","1.0","","99","N","N","N","0","","1","0","1","3","2","","","2","1","0","0","0","0","1","2","0","2","","03","","N","","","","","","","","","",""
"2020104692","","4","0","0","0","0","0","0","0","0","4","0","","67","12","2020","4","39.986714","-75.172015","1120","6","0","0","0","0","0","0","0","0","","0","0","0","","","1","","1","","39 59:12.170","","0","75 10:19.254","4","0","0","0","67301","0","0","0","N","0","0","0","2","67301","1","","1.0","","1","N","N","N","0","","0","0","0","0","0","","","5","1","0","0","0","0","1","2","1","5","","03","","N","","","","","","","","","",""
"2020104725","","1","0","0","0","0","0","0","0","0","6","0","","67","12","2020","7","40.028289","-75.148775","0159","6","0","0","0","0","0","1","0","0","","0","0","0","","","0","N","0","","40 01:41.840","","0","75 08:55.590","0","0","0","0","67301","0","0","0","N","0","0","0","1","67301","0","","6.0","","9","N","N","Y","0","","0","0","1","0","0","","","2","0","0","0","0","0","0","2","0","2","","07","","N","","","","","","","","","",""
"2020099344","","1","0","0","0","0","0","0","0","0","8","0","","67","11","2020","4","","","1030","6","0","0","0","0","0","0","0","0","","0","0","0","","","1","","2","","","","0","","8","0","0","0","67301","1","0","0","N","1","0","0","2","67301","0","","1.0","","1","N","N","N","0","","0","0","0","0","0","","","2","1","1","0","0","1","0","1","0","1","","03","","N","","","","","","","","","",""
"2020110366","","0","0","0","0","0","0","0","0","0","7","0","","67","12","2020","2","40.106678","-75.056964","0039","6","0","0","0","0","0","0","0","0","","0","0","0","","","1","N","0","","40 06:24.040","","0","75 03:25.070","2","0","0","0","67301","0","0","0","N","0","0","0","1","67301","0","","5.0","","1","N","N","N","0","","0","1","1","0","0","","","1","1","0","0","0","0","0","2","0","1","","","","N","","","","","","","","","",""
"2020084610","","1","0","0","0","0","0","0","0","0","8","0","","67","10","2020","1","39.958928","-75.24139","1228","6","0","0","0","0","0","0","0","0","","0","0","0","","","1","","1","","39 57:32.141","","0","75 14:29.004","3","0","0","0","67301","1","0","0","N","1","0","0","2","67301","0","","1.0","","1","N","N","N","0","","1","0","0","3","2","","","2","1","0","0","0","0","0","2","0","1","","04","","N","","","","","","","","","",""
"2020112075","","1","0","0","0","0","0","0","0","0","4","0","","67","12","2020","5","39.959215","-75.231094","2051","6","0","0","0","0","0","1","0","0","","0","0","0","","","2","","1","","39 57:33.175","","0","75 13:51.938","4","0","0","0","67301","0","0","0","N","0","0","0","2","67301","1","","1.0","","9","N","N","N","0","","0","0","1","3","2","","","2","2","0","0","0","1","0","2","0","2","","07","","N","","","","","","","","","",""
"2020083350","","1","0","0","0","0","0","0","0","0","4","0","","67","10","2020","4","39.952925","-75.246703","1035","6","0","0","0","1","0","0","0","0","","0","0","0","","","1","","1","","39 57:10.529","","0","75 14:48.130","8","0","0","0","67301","0","0","0","N","0","0","0","2","67301","0","","1.0","","1","N","N","N","0","","0","0","1","3","2","","","2","1","0","0","0","1","0","2","0","2","","03","","N","","","","","","","","","",""
"2020106250","","3","0","1","0","0","0","0","0","0","1","0","","67","12","2020","2","39.929287","-75.146065","2303","6","0","0","0","0","1","0","0","0","","0","0","0","","","3","N","0","","39 55:45.432","1","0","75 08:45.835","2","0","0","0","67301","0","0","0","N","0","0","0","5","68K01","0","","1.0","2345.0","1","N","N","N","0","","2","1","0","0","0","N","","3","3","0","0","0","0","0","2","0","3","","03","","N","","","","","","","","","",""
"2020105214","","2","0","0","0","0","0","0","0","0","4","0","","67","12","2020","1","40.034451","-75.114895","1500","6","0","0","0","0","0","1","0","0","","0","0","0","","","2","","1","","40 02:04.023","","0","75 06:53.623","4","0","0","0","67301","0","0","0","N","0","0","0","3","67301","2","","1.0","","1","N","N","N","0","","0","0","1","9","2","","","3","2","1","0","0","0","0","2","0","3","","","","N","","","","","","","","","",""
"2020113741","","1","0","0","0","0","0","0","0","0","4","0","","67","12","2020","4","39.971717","-75.125888","1222","6","0","0","0","1","0","1","0","0","","0","0","0","","","0","","1","","39 58:18.181","3","0","75 07:33.198","0","0","0","0","67301","0","0","0","N","0","0","0","4","67301","0","","1.0","1328.0","1","N","N","N","0","","0","0","2","3","2","N","","3","0","0","0","0","0","0","2","0","3","","03","","N","","","","","","","","","",""
"2020103017","","1","0","0","0","0","0","0","0","0","4","0","","67","11","2020","5","39.987934","-75.123342","1727","6","0","0","0","0","0","0","0","0","","0","0","0","","","0","","1","","39 59:16.564","","0","75 07:24.030","9","0","0","0","67301","0","0","0","N","0","0","0","2","67301","0","","1.0","","1","N","N","N","0","","0","0","1","0","0","","","2","0","0","0","0","0","1","2","0","2","","03","","N","","","","","","","","","",""
"2020110369","","2","0","0","0","0","0","0","0","0","2","0","","67","12","2020","5","40.069165","-75.030477","2054","6","0","0","0","1","0","0","0","0","","0","0","0","","","0","N","0","","40 04:08.993","","0","75 01:49.717","0","0","0","0","67301","0","0","0","N","0","0","0","1","67301","0","","1.0","","2","N","N","N","0","","0","0","0","0","0","","","2","0","0","0","0","0","0","2","0","2","","10","","N","","","","","","","","","",""
"2020099935","","1","0","0","0","0","0","0","0","0","4","0","","67","11","2020","6","39.977542","-75.171509","1221","6","0","0","0","0","0","0","0","0","","0","0","0","","","2","","1","","39 58:39.151","","0","75 10:17.432","3","0","0","0","67301","0","0","0","N","0","0","0","2","67301","0","","1.0","","1","N","N","N","1","","2","0","0","3","2","","","2","2","1","0","0","0","0","2","0","2","","03","","N","","","","","","","","","",""
"2020112542","","0","0","0","0","0","0","0","0","0","8","0","","67","12","2020","7","39.956782","-75.155572","0926","6","0","0","0","0","0","1","0","0","","0","0","0","","","1","","1","","39 57:24.416","","3","75 09:20.059","8","0","0","0","67301","1","0","0","N","1","0","0","2","67301","0","","1.0","","1","N","N","N","1","","0","0","0","3","2","","","2","1","0","0","0","1","0","2","0","1","","03","","N","","","","","","","","","",""
"2020087970","","1","0","0","0","0","0","0","0","0","4","0","","67","10","2020","3","39.970228","-75.236751","1030","6","0","0","0","0","0","1","0","0","","0","0","0","","","1","","2","","39 58:12.820","","0","75 14:12.303","3","0","0","0","67301","0","0","0","N","0","0","0","2","67301","0","","1.0","","1","N","N","N","0","","1","0","1","3","3","","","2","1","0","0","0","0","0","2","0","2","","","","N","","","","","","","","","",""
"2020084805","","1","0","0","1","0","0","0","0","0","8","0","","67","10","2020","7","40.01198","-75.135844","1626","6","0","0","0","0","0","0","0","0","","0","0","0","","","1","","1","","40 00:43.128","","0","75 08:09.038","3","0","0","0","67301","1","0","0","N","0","0","0","2","67301","0","","1.0","","1","N","N","N","0","","1","0","0","3","2","","","2","1","0","0","0","0","0","2","0","1","","03","","N","","","","","","","","","",""
"2020084245","","2","0","0","0","0","0","0","0","0","4","0","","67","10","2020","6","40.028662","-75.20553","0758","6","0","0","0","0","0","0","0","0","","0","0","0","","","0","","1","","40 01:43.183","1","0","75 12:19.909","0","0","0","0","67301","0","0","0","N","0","0","0","3","67301","0","","1.0","915.0","1","N","N","N","0","","0","0","0","3","2","Y","","3","0","0","0","0","0","0","2","1","3","","03","","N","","","","","","","","","",""
"2020107347","","1","0","0","0","0","0","0","0","0","1","0","","67","12","2020","7","39.987278","-75.13575","0259","6","0","0","0","0","0","0","0","0","","0","0","0","","","0","N","0","","39 59:14.200","","0","75 08:08.700","0","0","0","0","67301","0","0","0","N","0","0","0","1","67301","0","","6.0","","9","N","N","N","0","","0","0","1","0","0","","","2","0","1","0","0","0","0","2","0","2","","04","","N","","","","","","","","","",""
"2020112327","","0","0","0","0","0","0","0","0","0","1","0","","67","12","2020","2","40.073318","-75.033969","1717","6","0","0","0","0","0","0","0","0","","0","0","0","","","1","Y","0","","40 04:23.945","","0","75 02:02.289","3","0","0","0","67301","0","0","0","N","0","0","0","2","67301","0","","1.0","","1","N","N","N","0","","1","0","2","3","2","","","2","1","0","0","0","0","1","2","0","2","","03","","N","","","","","","","","","",""
"2020114062","","2","0","0","0","0","0","0","0","0","4","0","","67","12","2020","4","39.958951","-75.228949","2051","6","0","0","0","0","0","0","0","0","","0","0","0","","","1","","1","","39 57:32.225","3","0","75 13:44.216","3","0","0","0","67301","0","0","0","N","0","0","0","2","67301","0","","1.0","2300.0","1","N","N","Y","0","","1","0","0","3","2","N","","2","1","0","0","0","0","0","2","0","2","","03","","N","","","","","","","","","",""
"2020085161","","1","0","0","0","0","0","0","0","0","5","1","","67","10","2020","2","39.966664","-75.191194","1817","6","0","0","0","0","0","0","0","0","","0","1","0","","","1","N","0","","39 57:59.990","","0","75 11:28.300","2","0","0","0","67301","0","0","0","N","0","0","0","3","67301","0","","6.0","","1","N","N","N","0","","0","1","0","0","0","","","2","1","0","0","0","0","2","2","0","2","","07","","N","","","","","","","","","",""
"2020086185","","1","0","0","0","0","0","0","0","0","4","0","","67","10","2020","4","40.044528","-75.193121","1630","6","0","0","0","0","0","0","0","0","","0","0","0","","","1","","1","","40 02:40.301","","0","75 11:35.235","8","0","0","0","67301","0","0","0","N","0","0","0","2","67301","0","","1.0","","1","N","N","N","0","","0","0","1","3","2","","","2","1","0","0","0","1","0","2","0","2","","03","","N","","","","","","","","","",""
"2020111281","","0","0","0","0","0","0","0","0","0","6","0","","67","12","2020","3","40.009623","-75.10577","1116","6","0","0","0","0","0","1","0","0","","0","0","0","","","3","","1","","40 00:34.642","","0","75 06:20.773","8","0","0","0","67301","0","0","0","N","0","0","0","3","67301","0","","1.0","","1","N","N","Y","0","","0","0","5","0","0","","","6","3","0","0","0","3","0","2","1","6","","03","","N","","","","","","","","","",""
"2020111854","","1","0","0","0","0","0","0","0","0","4","0","","67","12","2020","4","39.958177","-75.229104","1541","6","0","0","0","0","0","0","1","0","","0","0","0","","","1","","1","","39 57:29.437","","0","75 13:44.774","3","0","0","0","67301","0","0","0","N","0","0","0","2","67301","0","","1.0","","1","N","N","N","1","","1","0","1","3","3","","","3","1","0","0","0","0","0","2","0","3","","03","","N","","","","","","","","","",""
"2020113082","","2","0","0","0","0","0","0","0","0","1","0","","67","12","2020","5","39.979551","-75.204166","2143","6","0","0","0","0","0","0","0","0","","0","0","0","","","0","N","0","","39 58:46.384","4","0","75 12:14.999","0","0","0","0","67301","0","0","0","N","0","0","0","2","68K01","0","","1.0","2225.0","8","N","N","N","0","","0","0","0","0","0","N","","2","0","0","0","0","0","0","2","0","2","","07","","N","","","","","","","","","",""
"2020083037","","1","0","0","0","0","0","0","0","0","4","0","","67","10","2020","2","40.007865","-75.172261","1639","6","0","0","0","0","0","0","0","0","","0","0","0","","","3","","1","","40 00:28.314","","0","75 10:20.141","3","0","0","0","67301","0","0","0","N","0","0","0","4","67301","0","","1.0","","1","N","N","N","0","","3","0","0","3","2","","","2","3","0","0","0","0","0","2","1","2","","03","","N","","","","","","","","","",""
"2020110368","","2","0","0","0","0","0","0","0","0","5","0","","67","12","2020","4","40.083358","-74.979483","1615","6","0","0","0","0","0","0","0","0","","0","0","0","","","0","N","0","","40 05:00.090","","7","74 58:46.140","0","0","0","0","67301","0","0","0","N","0","0","0","1","67301","0","","6.0","","7","N","N","N","0","","0","0","0","0","0","","","2","0","0","0","0","0","0","2","0","2","","10","","N","","","","","","","","","",""
"2020110370","","1","0","0","0","0","0","0","0","0","7","0","","67","12","2020","6","40.102804","-74.99082","0119","6","0","0","0","0","1","0","0","0","","0","0","0","","","2","N","0","","40 06:10.093","3","0","74 59:26.951","4","0","0","0","67301","0","0","0","N","0","0","0","2","67301","2","","2.0","238.0","2","N","N","N","0","","0","0","0","0","0","N","","1","2","2","0","0","0","0","2","0","1","","","","N","","","","","","","","","",""
"2020090746","","0","0","0","0","0","0","0","0","0","7","0","","67","10","2020","2","40.030497","-75.021969","2129","6","0","0","0","0","0","0","0","0","","0","0","0","","","1","N","0","","40 01:49.790","2","0","75 01:19.089","4","0","0","0","67301","0","0","0","N","0","0","0","1","68K01","1","","3.0","2230.0","9","N","N","N","0","","0","0","0","0","0","N","","1","1","0","0","0","0","0","2","1","1","","","","N","","","","","","","","","",""
"2020085485","","0","0","0","0","0","0","0","0","0","4","0","","67","10","2020","3","40.02026","-75.114068","2258","6","0","0","0","0","0","1","0","0","","0","0","0","","","1","","1","","40 01:12.937","","0","75 06:50.646","3","0","0","1","67301","0","0","0","N","0","0","0","2","67301","0","","1.0","","1","N","N","N","0","","1","0","1","3","2","","","2","1","1","0","0","0","0","2","0","2","","03","","N","","","","","","","","","",""
"2020111188","","0","0","0","0","0","0","0","0","0","8","0","","67","12","2020","3","40.047724","-75.143268","0418","6","0","0","0","0","0","0","0","0","","0","0","0","","","1","N","0","","40 02:51.807","6","0","75 08:35.765","2","0","0","0","67301","1","0","1","N","1","0","1","2","67301","0","","1.0","611.0","9","N","N","N","0","","0","1","1","0","0","Y","","2","1","1","0","0","0","0","2","0","1","","07","","N","","","","","","","","","",""
"2020084607","","2","0","0","0","0","0","0","0","0","1","0","","67","10","2020","7","40.02958","-75.103989","0702","6","0","0","0","0","0","1","0","0","","0","0","0","","","1","","3","","40 01:46.488","","0","75 06:14.359","3","0","0","0","67301","0","0","0","N","0","0","0","4","67301","0","","1.0","","1","N","N","N","0","","1","0","0","3","2","","","3","1","1","0","0","0","0","2","0","3","","","","N","","","","","","","","","",""
"2020100161","","1","0","0","0","0","0","0","0","0","7","0","","67","11","2020","5","39.932209","-75.191523","1830","6","0","0","0","0","0","0","0","0","","0","0","0","","","0","","1","","39 55:55.952","","0","75 11:29.482","9","0","0","0","67301","0","0","0","N","0","0","0","2","67301","0","","4.0","","1","N","N","N","0","","0","0","0","3","3","","","1","0","2","0","0","0","1","2","0","1","","03","","N","","","","","","","","","",""
"2020109215","","2","0","0","0","0","0","0","0","0","4","0","","67","12","2020","1","40.021716","-75.139801","1210","6","0","0","0","0","0","1","0","0","","0","0","0","","","2","","1","","40 01:18.177","","0","75 08:23.284","3","0","0","0","67301","0","0","0","N","0","0","0","3","67301","0","","1.0","","99","N","N","N","0","","2","0","0","3","2","","","2","2","0","0","0","0","0","2","0","2","","","","N","","","","","","","","","",""
"2020084075","","0","0","0","0","0","0","0","0","0","4","0","","67","10","2020","6","40.014344","-75.157359","1720","6","0","0","0","0","0","1","0","0","","0","0","0","","","4","N","0","","40 00:51.637","","7","75 09:26.492","4","0","0","0","67301","0","0","0","N","0","0","0","4","67301","3","","1.0","","1","N","Y","N","0","","0","0","1","0","0","","","2","4","0","0","0","1","0","2","1","2","","03","","N","","","","","","","","","",""
"2020111648","","0","0","0","0","0","0","0","0","0","1","1","","67","12","2020","4","39.962336","-75.161346","0234","6","0","0","0","0","0","0","0","0","","0","1","0","","","1","","1","","39 57:44.409","","0","75 09:40.847","4","0","0","0","67301","0","0","0","N","0","0","0","2","67301","1","","1.0","","1","N","N","N","1","","0","0","0","3","2","","","2","1","0","0","0","0","0","2","0","2","","","","N","","","","","","","","","",""
"2020113929","","1","0","0","0","0","0","0","0","0","4","0","","67","12","2020","2","40.030129","-75.035161","1509","6","0","0","0","0","0","1","0","0","","0","0","0","","","1","","1","","40 01:48.464","","0","75 02:06.579","3","0","0","0","67301","0","0","0","N","0","0","0","2","67301","0","","1.0","","1","N","N","N","0","","1","0","0","3","2","","","2","1","2","0","0","0","0","2","1","2","","03","","N","","","","","","","","","",""
"2020102685","","2","0","0","0","0","0","0","0","0","5","0","","67","11","2020","1","39.961308","-75.234108","1145","6","0","0","0","0","0","0","0","0","","0","0","0","","","0","N","0","","39 57:40.710","","0","75 14:02.790","9","0","0","0","67301","0","0","0","N","0","0","0","1","67301","0","","6.0","","1","N","N","N","0","","0","0","0","0","0","","","2","0","0","0","0","0","1","2","0","2","","","","N","","","","","","","","","",""
"2020105117","","2","0","0","0","0","0","0","0","0","3","0","","67","12","2020","1","39.876197","-75.252119","0930","6","0","0","0","1","0","0","0","0","","0","0","0","","","1","N","0","","39 52:34.310","","0","75 15:07.630","4","0","0","0","67301","0","0","0","N","0","0","0","2","67301","1","","1.0","","1","N","N","N","0","","0","0","0","0","0","","","2","1","0","0","0","0","0","2","0","2","","03","","N","","","","","","","","","",""
"2020107816","","2","0","0","0","0","0","0","0","0","1","0","","67","12","2020","1","40.072703","-75.156103","0836","6","0","0","0","0","0","0","1","0","","0","0","0","","","1","N","0","","40 04:21.730","","0","75 09:21.970","8","0","0","0","67301","0","0","0","N","0","0","0","2","67301","0","","1.0","","1","N","N","N","0","","0","0","0","3","2","","","2","1","0","0","0","1","1","2","0","2","","","","N","","","","","","","","","",""
"2020112987","","2","0","0","0","0","0","0","0","0","1","0","","67","12","2020","1","40.052077","-75.141781","0628","6","0","0","0","0","0","1","0","0","","0","0","0","","","1","","1","","40 03:07.476","1","0","75 08:30.412","4","0","0","0","67301","0","0","0","N","0","0","0","2","67301","1","","1.0","820.0","1","N","N","N","0","","0","0","0","3","2","N","","2","1","0","0","0","0","0","2","0","2","","","","N","","","","","","","","","",""
"2020099123","","2","0","0","0","0","0","0","0","0","2","0","","67","11","2020","4","39.983969","-75.237789","1602","6","0","0","0","0","0","2","0","0","","0","0","0","","","0","N","0","","39 59:02.290","","3","75 14:16.040","9","0","0","0","67301","0","0","0","N","0","0","0","4","67301","0","","1.0","","1","N","N","N","0","","0","0","2","0","0","","","4","0","0","0","0","0","1","2","0","4","","","","N","","","","","","","","","",""
"2020107225","","1","0","0","0","0","0","0","0","0","8","0","","67","12","2020","6","39.9364","-75.158411","1630","6","0","0","0","0","0","0","0","0","","0","0","0","","","1","N","0","","39 56:11.040","","0","75 09:30.280","8","0","0","0","67301","1","0","0","N","1","0","0","2","67301","0","","1.0","","1","N","N","N","0","","0","0","0","0","0","","","2","1","0","0","0","1","1","2","0","1","","03","","N","","","","","","","","","",""
"2020113987","","1","0","0","0","0","0","0","0","0","7","0","","67","12","2020","2","40.035579","-75.016982","0257","6","0","0","0","0","0","0","0","0","","0","0","0","","","1","N","0","","40 02:08.083","","0","75 01:01.135","4","0","0","0","67301","0","0","0","N","0","0","0","1","68K01","1","","4.0","","9","N","N","N","0","","0","0","0","0","0","","","1","1","0","0","0","0","0","2","0","1","","","","N","","","","","","","","","",""
"2020107231","","1","0","0","0","0","0","0","0","0","1","0","","67","12","2020","5","40.028984","-75.10606","1710","6","0","0","0","0","0","0","1","0","","0","0","0","","","0","","1","","40 01:44.341","1","0","75 06:21.815","0","0","0","0","67301","0","0","0","N","0","0","0","2","67301","0","","1.0","200.0","1","N","N","N","0","","0","0","1","3","2","N","","2","0","0","0","0","0","0","2","0","2","","03","","N","","","","","","","","","",""
"2020113675","","0","0","0","0","0","0","0","0","0","7","0","","67","12","2020","1","39.932618","-75.200174","0545","6","0","0","0","0","0","0","0","0","","0","0","0","","","1","N","0","","39 55:57.426","3","0","75 12:00.625","3","0","0","0","67301","0","0","0","N","0","0","0","1","68K01","0","","4.0","700.0","2","N","N","N","1","","1","0","0","0","0","N","","1","1","0","0","0","0","0","2","0","1","","","","N","","","","","","","","","",""
"2020097397","","1","0","0","0","0","0","0","0","0","7","0","","67","10","2020","1","40.046253","-75.001569","1920","6","0","0","0","0","0","0","0","0","","0","0","0","","","0","N","0","","40 02:46.512","","0","75 00:05.648","0","0","0","0","67301","0","0","0","N","0","0","0","1","68K01","0","","2.0","","9","N","N","N","0","","0","0","0","0","0","","","1","0","0","0","0","0","0","2","0","1","","","","N","","","","","","","","","",""
"2020104512","","0","0","0","0","0","0","0","0","0","4","0","","67","12","2020","6","40.044819","-75.181695","1250","6","0","0","0","0","1","0","0","0","","0","0","0","","","0","","1","","40 02:41.350","","0","75 10:54.103","0","0","0","0","67301","0","0","0","N","0","0","0","2","67301","0","","1.0","","9","N","N","N","1","","0","0","2","3","2","","","3","0","2","0","0","0","0","2","0","3","","07","","N","","","","","","","","","",""
"2020112990","","0","0","0","0","0","0","0","0","0","1","0","","67","12","2020","1","39.998722","-75.158922","0050","6","0","0","0","0","0","1","0","0","","0","0","0","","","1","","2","","39 59:55.400","","0","75 09:32.120","3","0","0","0","67301","0","0","0","N","0","0","0","3","67301","0","","1.0","","1","N","N","N","0","","1","0","2","3","3","","","2","1","0","0","0","0","0","2","0","2","","03","","N","","","","","","","","","",""
"2020104791","","0","0","0","0","0","0","0","0","0","1","0","","67","12","2020","6","39.938264","-75.226233","1115","6","0","0","0","0","0","0","0","0","","0","0","0","","","1","N","0","","39 56:17.750","","0","75 13:34.440","3","0","0","0","67301","0","0","0","N","0","0","0","2","67301","0","","6.0","","9","N","N","N","0","","1","0","1","0","0","","","2","1","0","0","0","0","1","2","1","2","","04","","N","","","","","","","","","",""
"2020084708","","1","0","0","1","0","0","0","0","0","8","0","","67","10","2020","1","39.993195","-75.161297","1918","6","0","0","0","0","0","0","0","0","","0","0","0","","","1","","1","","39 59:35.502","","0","75 09:40.669","8","0","0","0","67301","1","0","0","N","0","0","0","2","67301","0","","1.0","","9","N","N","N","0","","0","0","0","3","3","","","2","1","0","0","0","1","1","2","0","1","","07","","N","","","","","","","","","",""
"2020110821","","2","0","0","0","0","0","0","0","0","2","0","","67","12","2020","4","40.03905","-75.191703","0530","6","0","0","0","0","0","2","0","0","","0","0","0","","","4","Y","0","","40 02:20.579","5","0","75 11:30.129","4","0","0","0","67301","0","0","0","N","0","0","0","5","67301","1","","1.0","716.0","9","N","N","N","1","","0","0","0","3","2","Y","","3","4","1","0","0","3","1","2","0","3","","","","N","","","","","","","","","",""
"2020113736","","0","0","0","0","0","0","0","0","0","4","0","","67","12","2020","3","40.057924","-75.233599","2034","6","0","0","0","1","0","0","0","0","","0","0","0","","","0","","1","","40 03:28.526","","0","75 14:00.956","0","0","0","0","67301","0","0","0","N","0","0","0","2","67301","0","","1.0","","1","N","N","N","0","","0","0","2","3","2","","","2","0","0","0","0","0","0","2","0","2","","03","","N","","","","","","","","","",""
"2020103010","","0","0","0","0","0","0","0","0","0","7","0","","67","11","2020","2","40.100748","-75.029558","1632","6","0","0","0","0","0","1","0","0","","0","0","0","","","0","N","0","","40 06:02.693","","0","75 01:46.407","0","0","0","0","67301","0","0","0","N","0","0","0","1","67301","0","","4.0","","9","N","N","N","0","","0","0","1","0","0","","","2","0","1","0","0","0","0","2","1","2","","07","","N","","","","","","","","","",""
"2020112465","","1","0","0","0","0","0","0","0","0","4","0","","67","12","2020","4","39.947413","-75.239751","0454","6","0","0","0","0","0","1","0","0","","0","0","0","","","1","","1","","39 56:50.686","4","0","75 14:23.103","3","0","0","0","67301","0","0","0","N","0","0","0","2","67301","0","","1.0","605.0","1","N","N","N","1","","1","0","1","3","2","N","","4","1","0","0","0","0","0","2","0","4","","03","","N","","","","","","","","","",""
"2020084025","","1","0","0","0","0","0","0","0","0","1","0","45","67","10","2020","2","39.975343","-75.11669","0828","6","0","0","0","0","0","1","0","0","","0","0","0","","","0","N","0","","39 58:31.233","2","3","75 07:00.084","9","0","0","0","67301","0","0","0","N","0","0","0","2","68K01","0","","1.0","913.0","9","N","N","N","0","","0","0","1","0","0","N","","2","0","0","0","0","0","1","2","0","2","","","N","Y","4","1","","","N","","","","Y","N"