"CRN","ARRIVAL_TM","AUTOMOBILE_COUNT","BELTED_DEATH_COUNT","BELTED_SUSP_SERIOUS_INJ_COUNT","BICYCLE_COUNT","BICYCLE_DEATH_COUNT","BICYCLE_SUSP_SERIOUS_INJ_COUNT","BUS_COUNT","CHLDPAS_DEATH_COUNT","CHLDPAS_SUSP_SERIOUS_INJ_COUNT","COLLISION_TYPE","COMM_VEH_COUNT","CONS_ZONE_SPD_LIM","COUNTY","CRASH_MONTH","CRASH_YEAR","DAY_OF_WEEK","DEC_LATITUDE","DEC_LONGITUDE","DISPATCH_TM","DISTRICT","DRIVER_COUNT_16YR","DRIVER_COUNT_17YR","DRIVER_COUNT_18YR","DRIVER_COUNT_19YR","DRIVER_COUNT_20YR","DRIVER_COUNT_50_64YR","DRIVER_COUNT_65_74YR","DRIVER_COUNT_75PLUS","EST_HRS_CLOSED","FATAL_COUNT","HEAVY_TRUCK_COUNT","HORSE_BUGGY_COUNT","HOUR_OF_DAY","ILLUMINATION","INJURY_COUNT","INTERSECTION_RELATED","INTERSECT_TYPE","LANE_CLOSED","LATITUDE","LN_CLOSE_DIR","LOCATION_TYPE","LONGITUDE","MAX_SEVERITY_LEVEL","MCYCLE_DEATH_COUNT","MCYCLE_SUSP_SERIOUS_INJ_COUNT","MOTORCYCLE_COUNT","MUNICIPALITY","NONMOTR_COUNT","NONMOTR_DEATH_COUNT","NONMOTR_SUSP_SERIOUS_INJ_COUNT","NTFY_HIWY_MAINT","PED_COUNT","PED_DEATH_COUNT","PED_SUSP_SERIOUS_INJ_COUNT","PERSON_COUNT","POLICE_AGCY","POSSIBLE_INJ_COUNT","RDWY_SURF_TYPE_CD","RELATION_TO_ROAD","ROADWAY_CLEARED","ROAD_CONDITION","SCH_BUS_IND","SCH_ZONE_IND","SECONDARY_CRASH","SMALL_TRUCK_COUNT","SPEC_JURIS_CD","SUSP_MINOR_INJ_COUNT","SUSP_SERIOUS_INJ_COUNT","SUV_COUNT","TCD_FUNC_CD","TCD_TYPE","TFC_DETOUR_IND","TIME_OF_DAY","TOTAL_UNITS","TOT_INJ_COUNT","UNBELTED_OCC_COUNT","UNB_DEATH_COUNT","UNB_SUSP_SERIOUS_INJ_COUNT","UNK_INJ_DEG_COUNT","UNK_INJ_PER_COUNT","URBAN_RURAL","VAN_COUNT","VEHICLE_COUNT","WEATHER1","WEATHER2","WORKERS_PRES","WORK_ZONE_IND","WORK_ZONE_LOC","WORK_ZONE_TYPE","WZ_CLOSE_DETOUR","WZ_FLAGGER","WZ_LAW_OFFCR_IND","WZ_LN_CLOSURE","WZ_MOVING","WZ_OTHER","WZ_SHLDER_MDN","WZ_WORKERS_INJ_KILLED"
"2020108258","","1","0","0","0","0","0","0","0","0","4","0","","67","12","2020","3","40.134325","-75.009065","0326","6","0","0","0","0","0","1","0","0","","0","0","0","","","0","","1","","40 08:03.571","","0","75 00:32.634","0","0","0","0","67301","0","0","0","N","0","0","0","2","67301","0","","1.0","","1","N","N","N","0","","0","0","1","3","2","","","2","0","2","0","0","0","0","2","0","2","","03","","N","","","","","","","","","",""
"2020106944","","1","0","0","0","0","0","0","0","0","0","0","","67","11","2020","4","39.905889","-75.133194","1654","6","0","0","0","0","0","1","1","0","","0","0","0","","","0","N","0","","39 54:21.200","4","3","75 07:59.500","0","0","0","0","67301","0","0","0","N","0","0","0","5","67501","0","","1.0","1730.0","1","N","N","Y","0","","0","0","2","0","0","N","","3","0","0","0","0","0","0","2","0","3","","03","","N","","","","","","","","","",""
"2020097684","","1","0","0","0","0","0","0","0","0","8","0","","67","10","2020","4","39.931964","-75.179816","1200","6","0","0","0","0","0","0","0","0","","0","0","0","","","1","","1","","39 55:55.070","","0","75 10:47.337","8","0","0","0","67301","1","0","0","N","1","0","0","2","67301","0","","1.0","","1","N","N","N","0","","0","0","0","3","3","","","2","1","0","0","0","1","0","2","0","1","","","","N","","","","","","","","","",""
"2020084093","","5","0","0","0","0","0","0","0","0","4","0","","67","10","2020","7","39.984711","-75.161527","0240","6","0","0","1","0","0","0","0","0","","0","0","0","","","0","","1","","39 59:04.959","","0","75 09:41.497","0","0","0","0","67301","0","0","0","N","0","0","0","3","67505","0","","1.0","","1","N","N","Y","0","","0","0","1","3","3","","","6","0","2","0","0","0","0","2","0","6","","04","","N","","","","","","","","","",""
"2020084069","","2","0","0","0","0","0","0","0","0","4","0","","67","10","2020","2","40.0014","-75.081573","0953","6","0","0","0","0","0","0","0","0","","0","0","0","","","2","","3","","40 00:05.039","","0","75 04:53.662","3","0","0","0","67301","0","0","0","N","0","0","0","3","67301","0","","1.0","","1","N","N","N","0","","2","0","0","3","2","","","2","2","0","0","0","0","0","2","0","2","","03","","N","","","","","","","","","",""
"2020113153","","1","0","0","0","0","0","0","0","0","4","0","","67","12","2020","4","40.063974","-75.059602","1755","6","0","0","0","0","0","0","0","0","","0","0","0","","","4","","1","","40 03:50.306","7","0","75 03:34.568","8","0","0","0","67301","0","0","0","N","0","0","0","9","67301","0","","1.0","1858.0","1","N","N","Y","0","","0","0","0","3","3","Y","","2","4","0","0","0","4","0","2","1","2","","","","N","","","","","","","","","",""
"2020088090","","0","0","0","0","0","0","1","0","0","5","1","","67","10","2020","6","39.980789","-75.099508","2140","6","0","0","0","0","0","0","0","0","","0","0","0","","","1","N","0","","39 58:50.842","","0","75 05:58.228","8","0","0","0","67301","0","0","0","N","0","0","0","2","67508","0","","6.0","","1","N","N","Y","0","","0","0","0","0","0","","","2","1","0","0","0","1","0","2","0","2","","03","","N","","","","","","","","","",""
"2020104961","","1","0","0","0","0","0","0","0","0","4","0","","67","12","2020","6","39.986763","-75.256783","2233","6","0","0","0","0","0","0","0","0","","0","0","0","","","2","","2","","39 59:12.346","","0","75 15:24.418","8","0","0","0","67301","0","0","0","N","0","0","0","6","67301","0","","1.0","","8","N","N","N","1","","0","0","0","3","3","","","3","2","0","0","0","2","0","2","1","3","","07","","N","","","","","","","","","",""
"2020089974","","0","0","0","0","0","0","0","0","0","0","0","","67","10","2020","3","40.027351","-75.025429","1213","6","0","0","1","0","0","0","0","0","","0","0","0","","","1","N","0","","40 01:38.462","","0","75 01:31.543","3","0","0","1","67301","0","0","0","N","0","0","0","1","68K01","0","","1.0","","1","N","N","N","0","","1","0","0","0","0","","","1","1","0","0","0","0","0","2","0","1","","","","N","","","","","","","","","",""
"2020099555","","2","0","0","0","0","0","0","0","0","4","0","","67","11","2020","5","39.957933","-75.162313","2001","6","0","0","0","0","0","1","1","0","","0","0","0","","","1","","1","","39 57:28.559","5","0","75 09:44.326","3","0","0","0","67301","0","0","0","N","0","0","0","3","67301","0","","1.0","100.0","1","N","N","N","0","","1","0","0","3","2","Y","","3","1","3","0","0","0","0","2","1","3","","03","","N","","","","","","","","","",""
"2020084052","","1","0","0","1","0","0","0","0","0","8","0","","67","10","2020","6","39.951028","-75.197083","1832","6","0","0","0","0","0","0","0","0","","0","0","0","","","1","N","0","","39 57:03.700","","6","75 11:49.500","3","0","0","0","67301","1","0","0","N","0","0","0","2","67504","0","","1.0","","1","N","N","N","0","","1","0","0","3","2","","","2","1","0","0","0","0","0","2","0","1","","03","","N","","","","","","","","","",""
"2020089969","","1","0","0","0","0","0","0","0","0","5","0","","67","10","2020","2","39.950806","-75.141269","1608","6","0","0","0","0","0","0","0","0","","0","0","0","","","0","N","0","","39 57:02.902","1","2","75 08:28.567","0","0","0","0","67301","0","0","0","N","0","0","0","2","68K01","0","","1.0","1655.0","9","N","N","N","1","","0","0","0","0","0","N","","2","0","0","0","0","0","0","2","0","2","","07","","N","","","","","","","","","",""
"2020107395","","0","0","0","0","0","0","0","0","0","8","0","","67","12","2020","5","39.965831","-75.233904","1519","6","0","0","0","0","0","1","0","0","","0","0","0","","","1","","1","","39 57:56.991","","0","75 14:02.054","3","0","0","0","67301","1","0","0","N","1","0","0","3","67301","0","","1.0","","1","N","N","N","0","","1","0","0","3","2","","","2","1","0","0","0","0","0","2","1","1","","03","","N","","","","","","","","","",""
"2020086195","","0","0","0","0","0","0","0","0","0","8","0","","67","10","2020","4","39.964246","-75.221962","0947","6","0","0","0","0","0","0","0","0","","0","0","0","","","1","","1","","39 57:51.285","","0","75 13:19.063","3","0","0","0","67301","1","0","0","N","1","0","0","2","67301","0","","1.0","","1","N","N","N","0","","1","0","0","3","2","","","2","1","0","0","0","0","0","2","1","1","","03","","N","","","","","","","","","",""
"2020107160","","0","0","0","0","0","0","0","0","0","8","0","","67","12","2020","6","40.009244","-75.151133","1740","6","0","0","0","0","0","0","0","0","","0","0","0","","","1","","1","","40 00:33.277","","0","75 09:04.079","3","0","0","0","67301","1","0","0","N","1","0","0","2","67301","0","","1.0","","1","N","N","N","0","","1","0","1","3","2","","","2","1","0","0","0","0","1","2","0","1","","03","","N","","","","","","","","","",""
"2020105885","","1","0","0","0","0","0","0","0","0","4","0","","67","12","2020","2","40.00768","-75.15158","1419","6","0","0","0","0","0","1","1","0","","0","0","0","","","1","","1","","40 00:27.648","","0","75 09:05.687","3","0","0","0","67301","0","0","0","N","0","0","0","3","67301","0","","1.0","","1","N","N","N","0","","1","0","1","3","2","","","2","1","0","0","0","0","1","2","0","2","","03","","N","","","","","","","","","",""
"2020112967","","2","0","0","0","0","0","0","0","0","4","0","","67","12","2020","1","40.039347","-75.17425","2352","6","0","0","0","0","0","0","0","0","","0","0","0","","","0","N","0","","40 02:21.650","3","0","75 10:27.300","9","0","0","0","67301","0","0","0","N","0","0","0","1","67301","0","","1.0","130.0","1","N","N","N","0","","0","0","1","0","0","Y","","3","0","0","0","0","0","1","2","0","3","","03","","N","","","","","","","","","",""
"2020084612","","2","0","0","0","0","0","0","0","0","5","0","","67","10","2020","1","39.990433","-75.1213","1237","6","0","0","0","0","0","0","0","0","","0","0","0","","","1","N","0","","39 59:25.560","","0","75 07:16.680","2","0","0","0","67301","1","0","1","N","1","0","1","2","67301","0","","6.0","","1","N","N","Y","0","","0","1","1","0","0","","","4","1","0","0","0","0","0","2","0","3","","","","N","","","","","","","","","",""
"2020113359","","1","0","0","0","0","0","0","0","0","4","0","","67","12","2020","3","40.039731","-75.109123","1531","6","0","0","0","0","0","2","0","0","","0","0","0","","","1","N","0","","40 02:23.033","","7","75 06:32.844","3","0","0","0","67301","1","0","0","N","1","0","0","3","67301","0","","1.0","","1","N","N","N","0","","1","0","1","3","2","","","3","1","0","0","0","0","0","2","0","2","","","","N","","","","","","","","","",""
"2020109766","","1","0","0","0","0","0","0","0","0","5","0","","67","12","2020","4","40.020676","-75.04234","2256","6","0","0","0","0","0","1","0","0","","0","0","0","","","0","N","0","","40 01:14.432","","0","75 02:32.425","0","0","0","0","67301","0","0","0","N","0","0","0","2","68K01","0","","1.0","","6","N","N","N","0","","0","0","1","0","0","","","2","0","0","0","0","0","0","2","0","2","","","","N","","","","","","","","","",""
"2020102684","","0","0","0","0","0","0","0","0","0","4","0","","67","11","2020","1","39.948411","-75.209055","2013","6","0","0","0","0","0","0","0","0","","0","0","0","","","2","","1","","39 56:54.280","","0","75 12:32.597","4","0","0","0","67301","0","0","0","N","0","0","0","2","67301","2","","1.0","","1","N","N","N","0","","0","0","2","3","3","","","2","2","0","0","0","0","0","2","0","2","","03","","N","","","","","","","","","",""
"2020113978","","1","0","0","0","0","0","0","0","0","7","0","","67","12","2020","6","39.955416","-75.141184","1406","6","0","0","0","0","0","0","0","0","","0","0","0","","","0","N","0","","39 57:19.498","4","2","75 08:28.264","9","0","0","0","67301","0","0","0","N","0","0","0","1","68K01","0","","2.0","1500.0","1","N","N","N","0","","0","0","0","0","0","N","","1","0","0","0","0","0","1","2","0","1","","","","N","","","","","","","","","",""
"2020101364","","1","0","0","0","0","0","0","0","0","1","0","","67","11","2020","3","39.995843","-75.169303","1821","6","0","0","0","0","0","0","0","0","","0","0","0","","","1","N","0","","39 59:45.034","","0","75 10:09.489","3","0","0","0","67301","0","0","0","N","0","0","0","3","67301","0","","1.0","","1","N","N","N","0","","1","0","1","0","0","U","","2","1","0","0","0","0","0","2","0","2","","03","","N","","","","","","","","","",""
"2020087522","","0","0","0","0","0","0","0","0","0","5","0","","67","10","2020","5","39.97431","-75.220588","1341","6","0","0","0","0","0","0","0","0","","0","0","0","","","1","","3","","39 58:27.515","","0","75 13:14.116","8","0","0","0","67301","0","0","0","N","0","0","0","2","67301","0","","1.0","","1","N","N","N","2","","0","0","0","0","0","","","3","1","2","0","0","1","0","2","1","3","","03","","N","","","","","","","","","",""
"2020105883","","2","0","0","0","0","0","0","0","0","4","0","","67","12","2020","2","39.974964","-75.151608","1744","6","0","0","0","0","0","0","0","0","","0","0","0","","","2","","2","","39 58:29.870","","0","75 09:05.788","4","0","0","0","67301","0","0","0","N","0","0","0","3","67301","2","","1.0","","1","N","N","N","0","","0","0","0","3","2","","","2","2","0","0","0","0","1","2","0","2","","03","","N","","","","","","","","","",""
"2020113447","","4","0","0","0","0","0","0","0","0","4","0","","67","12","2020","2","39.922487","-75.155054","1908","6","1","0","0","0","0","0","0","0","","0","0","0","","","2","","1","","39 55:20.952","","0","75 09:18.195","3","0","0","0","67301","0","0","0","N","0","0","0","4","67301","0","","1.0","","1","N","N","Y","0","","2","0","0","3","2","","","4","2","1","0","0","0","1","2","0","4","","03","","N","","","","","","","","","",""
"2020083725","","1","0","0","0","0","0","0","0","0","4","0","","67","10","2020","3","40.04745","-75.158075","2353","6","0","0","0","0","0","0","0","0","","0","0","0","","","1","","1","","40 02:50.820","","0","75 09:29.070","8","0","0","1","67301","0","0","0","N","0","0","0","2","67301","0","","1.0","","1","N","N","N","0","","0","0","0","3","1","","","2","1","1","0","0","1","0","2","0","2","","03","","N","","","","","","","","","",""
"2020089962","","1","0","0","0","0","0","0","0","0","7","0","45","67","10","2020","7","39.943552","-75.19243","0534","6","0","0","0","0","0","0","0","0","","0","0","0","","","0","N","0","","39 56:36.786","4","0","75 11:32.749","9","0","0","0","67301","0","0","0","N","0","0","0","1","68K01","0","","4.0","615.0","1","N","N","N","0","","0","0","0","0","0","Y","","1","0","1","0","0","0","1","2","0","1","","","N","Y","4","1","","","N","Y","","","Y","N"
"2020108033","","1","0","0","0","0","0","0","0","0","2","0","","67","12","2020","1","39.980784","-75.246521","2252","6","0","0","0","0","0","0","0","0","","0","0","0","","","0","N","0","","39 58:50.821","","0","75 14:47.474","0","0","0","0","67301","0","0","0","N","0","0","0","2","67301","0","","1.0","","1","N","N","N","0","","0","0","1","9","2","","","2","0","0","0","0","0","0","2","0","2","","06","","N","","","","","","","","","",""
"2020105077","","0","0","0","0","0","0","0","0","0","7","0","","67","12","2020","7","39.948982","-75.141942","0050","6","0","0","0","0","0","0","0","0","","0","0","0","","","0","N","0","","39 56:56.334","","0","75 08:30.992","0","0","0","0","67301","0","0","0","N","0","0","0","2","68K01","0","","4.0","","9","N","N","N","0","","0","0","1","0","0","","","1","0","0","0","0","0","0","2","0","1","","","","N","","","","","","","","","",""
"2020086196","","1","0","0","0","0","0","0","0","0","4","0","","67","10","2020","6","39.941872","-75.181009","1622","6","0","0","0","0","0","0","0","0","","0","0","0","","","0","","1","","39 56:30.739","","0","75 10:51.633","0","0","0","0","67301","0","0","0","N","0","0","0","2","67301","0","","1.0","","1","N","N","N","0","","0","0","2","3","2","","","3","0","0","0","0","0","0","2","0","3","","","","N","","","","","","","","","",""
"2020111852","","1","0","0","0","0","0","0","0","0","7","0","","67","12","2020","3","39.946944","-75.148056","0450","6","0","0","0","0","0","0","0","0","","0","0","0","","","0","N","0","","39 56:49.000","","0","75 08:53.000","0","0","0","0","67301","0","0","0","N","0","0","0","1","67301","0","","4.0","","9","N","N","N","0","","0","0","0","0","0","","","1","0","0","0","0","0","0","2","0","1","","07","","N","","","","","","","","","",""
"2020105115","","1","0","0","0","0","0","0","0","0","6","0","","67","12","2020","7","39.963069","-75.246733","2233","6","0","0","0","0","0","0","0","0","","0","0","0","","","1","N","0","","39 57:47.050","5","0","75 14:48.237","3","0","0","0","67301","0","0","0","N","0","0","0","2","67301","0","","1.0","109.0","1","N","N","N","0","","1","0","2","0","0","Y","","3","1","0","0","0","0","1","2","0","3","","03","","N","","","","","","","","","",""
"2020084102","","0","0","0","0","0","0","0","0","0","4","0","","67","10","2020","6","40.03715","-75.123707","1319","6","0","0","0","0","0","1","1","0","","0","0","0","","","1","","1","","40 02:13.739","","0","75 07:25.345","3","0","0","1","67301","0","0","0","N","0","0","0","2","67301","0","","1.0","","1","N","N","N","0","","1","0","1","3","2","","","2","1","0","0","0","0","0","2","0","2","","03","","N","","","","","","","","","",""
"2020102133","","0","0","0","0","0","0","0","0","0","8","0","","67","11","2020","6","39.992033","-75.140185","1008","6","0","0","0","0","0","0","0","0","","0","0","0","","","1","","1","","39 59:31.320","","0","75 08:24.665","3","0","0","0","67301","1","0","0","N","1","0","0","2","67301","0","","1.0","","1","N","N","N","0","","1","0","1","3","2","","","2","1","0","0","0","0","0","2","0","1","","","","N","","","","","","","","","",""
"2020089103","","1","0","1","0","0","0","0","0","0","1","0","","67","10","2020","7","39.948662","-75.141628","1434","6","0","0","0","0","0","2","0","0","","0","0","0","","","6","N","0","","39 56:55.184","1","0","75 08:29.862","2","0","0","0","67301","0","0","0","N","0","0","0","6","68K01","1","","1.0","1600.0","1","N","N","N","1","","2","3","1","0","0","Y","","3","6","1","0","1","0","0","2","0","3","","03","","N","","","","","","","","","",""
"2020109077","","2","0","0","0","0","0","0","0","0","2","0","","67","12","2020","6","39.926546","-75.176831","1114","6","0","0","0","1","0","0","0","0","","0","0","0","","","1","","2","","39 55:35.564","","0","75 10:36.592","4","0","0","0","67301","0","0","0","N","0","0","0","2","67301","1","","1.0","","1","N","N","N","0","","0","0","1","0","0","","","4","1","0","0","0","0","0","2","1","4","","03","","N","","","","","","","","","",""
"2020099146","","1","0","0","0","0","0","0","0","0","7","0","","67","11","2020","4","40.018718","-75.101737","0243","6","0","0","0","0","0","0","0","0","","0","0","0","","","0","","2","","40 01:07.384","","0","75 06:06.253","0","0","0","0","67301","0","0","0","N","0","0","0","1","67301","0","","5.0","","1","N","N","N","0","","0","0","0","3","3","","","1","0","0","0","0","0","0","2","0","1","","","","N","","","","","","","","","",""
"2020113344","","1","0","0","0","0","0","0","0","0","5","0","","67","12","2020","3","40.006303","-75.151773","1933","6","0","0","1","0","0","0","0","0","","0","0","0","","","0","N","0","","40 00:22.690","1","0","75 09:06.381","0","0","0","0","67301","0","0","0","Y","0","0","0","3","67505","0","","1.0","2000.0","1","N","N","N","0","","0","0","0","0","0","N","","2","0","0","0","0","0","0","2","1","2","","03","","N","","","","","","","","","",""
"2020084063","","2","0","0","0","0","0","0","0","0","4","0","","67","10","2020","4","39.941661","-75.22278","2113","6","0","0","0","0","0","0","0","1","","0","0","0","","","1","","1","","39 56:29.979","","0","75 13:22.008","3","0","0","0","67301","0","0","0","N","0","0","0","2","67301","0","","1.0","","1","N","N","N","0","","1","0","0","3","2","","","2","1","2","0","0","0","1","2","0","2","","03","","N","","","","","","","","","",""
"2020084331","","0","0","0","0","0","0","0","0","0","4","1","","67","10","2020","6","39.947344","-75.233636","2043","6","0","0","0","0","0","0","0","0","","0","1","0","","","1","","1","","39 56:50.437","","0","75 14:01.088","3","0","0","0","67301","0","0","0","N","0","0","0","2","67301","0","","1.0","","1","N","N","N","0","","1","0","1","3","2","","","2","1","0","0","0","0","0","2","0","2","","03","","N","","","","","","","","","",""
"2020099478","","3","0","0","0","0","0","0","0","0","4","0","","67","11","2020","4","39.994043","-75.179834","1635","6","0","0","0","0","0","0","0","0","","0","0","0","","","0","","1","","39 59:38.554","7","0","75 10:47.402","0","0","0","0","67301","0","0","0","N","0","0","0","3","67301","0","","1.0","1726.0","1","N","N","N","0","","0","0","1","3","3","Y","","4","0","2","0","0","0","0","2","0","4","","03","","N","","","","","","","","","",""
"2020086205","","3","0","0","0","0","0","0","0","0","4","0","","67","10","2020","6","39.975459","-75.181608","1244","6","0","0","0","0","0","1","0","0","","0","0","0","","","0","","2","","39 58:31.652","","0","75 10:53.788","9","0","0","0","67301","0","0","0","N","0","0","0","2","67301","0","","1.0","","1","N","N","N","0","","0","0","1","3","3","","","4","0","0","0","0","0","1","2","0","4","","03","","N","","","","","","","","","",""
"2020107229","","0","0","0","0","0","0","0","0","0","1","0","","67","12","2020","2","40.028181","-75.038898","1617","6","0","0","0","0","0","1","0","0","","0","0","0","","","1","","1","","40 01:41.450","","0","75 02:20.031","3","0","0","0","67301","0","0","0","N","0","0","0","2","67301","0","","1.0","","1","N","N","N","0","","1","0","2","3","2","","","2","1","0","0","0","0","0","2","0","2","","","","N","","","","","","","","","",""
"2020082334","","0","0","0","0","0","0","0","0","0","5","0","","67","10","2020","2","39.919022","-75.22655","0235","6","0","0","0","0","0","0","0","0","","0","0","0","","","0","N","0","","39 55:08.480","","0","75 13:35.581","0","0","0","0","67301","0","0","0","N","0","0","0","2","67301","0","","1.0","","1","N","N","N","0","","0","0","1","0","0","","","2","0","0","0","0","0","0","2","1","2","","04","","N","","","","","","","","","",""
"2020106964","","2","0","0","0","0","0","0","0","0","4","0","","67","12","2020","6","39.980819","-75.15034","1621","6","0","0","0","0","0","0","0","0","","0","0","0","","","0","","1","","39 58:50.948","","0","75 09:01.223","0","0","0","0","67301","0","0","0","N","0","0","0","3","67505","0","","1.0","","1","N","N","N","0","","0","0","0","3","2","","","2","0","0","0","0","0","0","2","0","2","","03","","N","","","","","","","","","",""
"2020103602","","2","0","0","0","0","0","0","0","0","4","0","","67","12","2020","4","39.976886","-75.166477","0501","6","0","0","0","0","0","0","0","0","","0","0","0","","","0","","1","","39 58:36.789","","0","75 09:59.317","9","0","0","0","67301","0","0","0","N","0","0","0","2","67301","0","","1.0","","1","N","N","N","0","","0","0","0","3","2","","","2","0","0","0","0","0","1","2","0","2","","03","","N","","","","","","","","","",""
"2020112552","","0","0","0","0","0","0","0","0","0","8","0","","67","12","2020","5","40.029281","-75.168533","1100","6","0","0","0","0","0","0","0","0","","0","0","0","","","1","N","0","","40 01:45.410","","0","75 10:06.720","2","0","0","0","67301","1","0","1","N","1","0","1","2","67301","0","","4.0","","99","N","N","N","1","","0","1","0","0","0","","","2","1","0","0","0","0","0","2","0","1","","03","","N","","","","","","","","","",""
"2020111645","","1","0","0","0","0","0","0","0","0","5","0","","67","12","2020","2","39.938303","-75.142335","0917","6","0","0","0","0","0","0","0","0","","0","0","0","","","1","N","0","","39 56:17.892","","0","75 08:32.407","4","0","0","0","67301","0","0","0","N","0","0","0","3","67301","1","","1.0","","9","N","N","N","0","","0","0","1","0","0","","","2","1","0","0","0","0","0","2","0","2","","04","","N","","","","","","","","","",""
"2020083455","","0","0","0","0","0","0","0","0","0","4","0","","67","10","2020","4","39.985595","-75.150912","0906","6","0","0","0","0","0","1","0","0","","0","0","0","","","0","","1","","39 59:08.141","","0","75 09:03.283","0","0","0","0","67301","0","0","0","N","0","0","0","2","67301","0","","1.0","","1","N","N","N","0","","0","0","2","3","2","","","2","0","0","0","0","0","0","2","0","2","","03","","N","","","","","","","","","",""
"2020110397","","0","0","0","0","0","0","0","0","0","5","0","","67","12","2020","1","40.031642","-75.131553","0547","6","0","0","0","0","0","0","0","0","","0","0","0","","","0","N","0","","40 01:53.910","","0","75 07:53.590","0","0","0","0","67301","0","0","0","N","0","0","0","1","67301","0","","6.0","","2","N","N","N","0","","0","0","1","0","0","","","2","0","1","0","0","0","0","2","1","2","","10","","N","","","","","","","","","",""
"2020085364","","1","0","0","0","0","0","0","0","0","8","0","","67","10","2020","2","39.954533","-75.23423","2003","6","0","0","0","0","0","0","0","0","","0","0","0","","","1","","1","","39 57:16.318","","0","75 14:03.227","3","0","0","0","67301","1","0","0","N","1","0","0","2","67301","0","","4.0","","9","N","N","N","0","","1","0","0","3","2","","","2","1","0","0","0","0","0","2","0","1","","04","","N","","","","","","","","","",""
"2020111181","1900","6","0","0","0","0","0","0","0","0","4","0","","67","12","2020","3","39.978983","-75.157736","1857","6","0","0","0","0","0","0","0","0","","0","0","0","","","1","N","0","","39 58:44.339","2","0","75 09:27.850","8","0","0","0","67301","0","0","0","N","0","0","0","6","67505","0","","1.0","2041.0","1","N","N","Y","0","","0","0","1","0","0","Y","","7","1","2","0","0","1","1","2","0","7","","03","","N","","","","","","","","","",""
"2020108029","2135","1","0","0","0","0","0","0","0","0","4","0","","67","12","2020","7","39.942636","-75.239198","2132","6","0","0","0","0","0","0","0","0","","0","0","0","","","1","N","0","","39 56:33.490","","0","75 14:21.114","3","0","0","0","67301","0","0","0","N","0","0","0","2","67301","0","","1.0","","1","N","N","N","0","","1","0","1","0","0","","","2","1","0","0","0","0","1","2","0","2","","03","","N","","","","","","","","","",""
"2020112957","0325","1","0","0","0","0","0","0","0","0","6","0","","67","12","2020","1","40.035033","-75.081608","0322","6","0","0","0","0","0","0","0","0","","0","0","0","","","2","N","0","","40 02:06.118","5","0","75 04:53.787","3","0","0","0","67301","0","0","0","N","0","0","0","4","67301","0","","1.0","100.0","1","N","N","N","0","","2","0","1","0","0","N","","2","2","0","0","0","0","0","2","0","2","","","","N","","","","","","","","","",""
"2020084276","1718","2","0","0","0","0","0","0","0","0","5","0","","67","10","2020","7","39.97674","-75.158213","1716","6","0","0","0","0","0","0","0","0","","0","0","0","","","0","N","0","","39 58:36.263","5","0","75 09:29.568","0","0","0","0","67301","0","0","0","N","0","0","0","3","67505","0","","1.0","1833.0","1","N","N","N","0","","0","0","0","0","0","Y","","2","0","0","0","0","0","0","2","0","2","","03","","N","","","","","","","","","",""
"2020101357","1828","3","0","0","0","0","0","0","0","0","1","0","","67","11","2020","5","39.962147","-75.176193","1822","6","0","0","0","0","0","2","0","0","","0","0","0","","","1","N","0","","39 57:43.728","","0","75 10:34.293","3","0","0","0","67301","0","0","0","N","0","0","0","4","67301","0","","1.0","","1","N","N","N","0","","1","0","0","3","2","","","3","1","0","0","0","0","0","2","0","3","","03","","N","","","","","","","","","",""
"2020112986","0955","2","0","0","0","0","0","0","0","0","4","0","","67","12","2020","6","40.021538","-75.139814","0945","6","0","0","0","0","0","0","0","0","","0","0","0","","","1","","1","","40 01:17.537","","0","75 08:23.331","3","0","0","0","67301","0","0","0","N","0","0","0","2","67301","0","","1.0","","9","N","N","N","0","","1","0","0","3","2","","","2","1","0","0","0","0","0","2","0","2","","04","","N","","","","","","","","","",""
"2020086211","1910","0","0","0","1","0","0","0","0","0","8","0","","67","10","2020","6","39.999227","-75.147381","1900","6","0","0","0","0","0","0","0","0","","0","0","0","","","1","","1","","39 59:57.217","","0","75 08:50.570","3","0","0","0","67301","1","0","0","N","0","0","0","2","67301","0","","1.0","","1","N","N","N","0","","1","0","1","3","2","","","2","1","0","0","0","0","0","2","0","1","","","","N","","","","","","","","","",""
"2020110817","1250","2","0","0","0","0","0","0","0","0","4","0","","67","12","2020","7","39.925203","-75.176073","1240","6","0","0","0","0","1","0","0","0","","0","0","0","","","0","","1","","39 55:30.731","","0","75 10:33.861","0","0","0","0","67301","0","0","0","N","0","0","0","2","67301","0","","1.0","","1","N","N","N","0","","0","0","1","3","2","","","3","0","0","0","0","0","0","2","0","3","","03","","N","","","","","","","","","",""
"2020086170","0456","1","0","0","0","0","0","0","0","0","4","0","","67","10","2020","5","40.055561","-75.062041","0422","6","0","0","0","0","0","0","0","0","","0","0","0","","","1","","1","","40 03:20.018","","0","75 03:43.347","4","0","0","0","67301","0","0","0","N","0","0","0","3","67301","1","","1.0","","1","N","N","N","0","","0","0","0","3","3","","","2","1","0","0","0","0","0","2","1","2","","","","N","","","","","","","","","",""