"CRN","ARRIVAL_TM","AUTOMOBILE_COUNT","BELTED_DEATH_COUNT","BELTED_SUSP_SERIOUS_INJ_COUNT","BICYCLE_COUNT","BICYCLE_DEATH_COUNT","BICYCLE_SUSP_SERIOUS_INJ_COUNT","BUS_COUNT","CHLDPAS_DEATH_COUNT","CHLDPAS_SUSP_SERIOUS_INJ_COUNT","COLLISION_TYPE","COMM_VEH_COUNT","CONS_ZONE_SPD_LIM","COUNTY","CRASH_MONTH","CRASH_YEAR","DAY_OF_WEEK","DEC_LATITUDE","DEC_LONGITUDE","DISPATCH_TM","DISTRICT","DRIVER_COUNT_16YR","DRIVER_COUNT_17YR","DRIVER_COUNT_18YR","DRIVER_COUNT_19YR","DRIVER_COUNT_20YR","DRIVER_COUNT_50_64YR","DRIVER_COUNT_65_74YR","DRIVER_COUNT_75PLUS","EST_HRS_CLOSED","FATAL_COUNT","HEAVY_TRUCK_COUNT","HORSE_BUGGY_COUNT","HOUR_OF_DAY","ILLUMINATION","INJURY_COUNT","INTERSECTION_RELATED","INTERSECT_TYPE","LANE_CLOSED","LATITUDE","LN_CLOSE_DIR","LOCATION_TYPE","LONGITUDE","MAX_SEVERITY_LEVEL","MCYCLE_DEATH_COUNT","MCYCLE_SUSP_SERIOUS_INJ_COUNT","MOTORCYCLE_COUNT","MUNICIPALITY","NONMOTR_COUNT","NONMOTR_DEATH_COUNT","NONMOTR_SUSP_SERIOUS_INJ_COUNT","NTFY_HIWY_MAINT","PED_COUNT","PED_DEATH_COUNT","PED_SUSP_SERIOUS_INJ_COUNT","PERSON_COUNT","POLICE_AGCY","POSSIBLE_INJ_COUNT","RDWY_SURF_TYPE_CD","RELATION_TO_ROAD","ROADWAY_CLEARED","ROAD_CONDITION","SCH_BUS_IND","SCH_ZONE_IND","SECONDARY_CRASH","SMALL_TRUCK_COUNT","SPEC_JURIS_CD","SUSP_MINOR_INJ_COUNT","SUSP_SERIOUS_INJ_COUNT","SUV_COUNT","TCD_FUNC_CD","TCD_TYPE","TFC_DETOUR_IND","TIME_OF_DAY","TOTAL_UNITS","TOT_INJ_COUNT","UNBELTED_OCC_COUNT","UNB_DEATH_COUNT","UNB_SUSP_SERIOUS_INJ_COUNT","UNK_INJ_DEG_COUNT","UNK_INJ_PER_COUNT","URBAN_RURAL","VAN_COUNT","VEHICLE_COUNT","WEATHER1","WEATHER2","WORKERS_PRES","WORK_ZONE_IND","WORK_ZONE_LOC","WORK_ZONE_TYPE","WZ_CLOSE_DETOUR","WZ_FLAGGER","WZ_LAW_OFFCR_IND","WZ_LN_CLOSURE","WZ_MOVING","WZ_OTHER","WZ_SHLDER_MDN","WZ_WORKERS_INJ_KILLED"
"2020100807","0608","2","0","0","0","0","0","0","0","0","4","0","","67","11","2020","2","40.045003","-75.123562","0605","6","0","0","0","0","0","2","0","0","","0","0","0","","","3","","1","","40 02:42.011","2","0","75 07:24.823","3","0","0","0","67301","0","0","0","N","0","0","0","3","67301","0","","1.0","730.0","9","N","N","N","0","","3","0","2","3","2","N","","4","3","0","0","0","0","0","2","0","4","","07","","N","","","","","","","","","",""
"2020105881","1841","0","0","0","0","0","0","0","0","0","8","0","","67","12","2020","2","39.928164","-75.230656","1841","6","0","0","0","0","0","0","0","0","","0","0","0","","","1","","2","","39 55:41.390","","0","75 13:50.361","3","0","0","0","67301","1","0","0","N","1","0","0","2","67301","0","","1.0","","1","N","N","N","0","","1","0","0","3","2","","","2","1","0","0","0","0","1","2","0","1","","","","N","","","","","","","","","",""
"2020112547","1204","1","0","0","0","0","0","0","0","0","3","0","","67","12","2020","4","39.933942","-75.222461","1137","6","0","0","0","0","0","1","0","0","","0","0","0","","","2","","2","","39 56:02.191","","0","75 13:20.859","8","0","0","0","67301","0","0","0","N","0","0","0","3","67301","0","","1.0","","1","N","N","N","0","","0","0","1","0","0","","","2","2","0","0","0","2","1","2","0","2","","03","","N","","","","","","","","","",""
"2020084936","0055","1","0","0","0","0","0","0","0","0","4","0","","67","10","2020","3","40.058872","-75.044142","0047","6","0","0","0","0","0","0","0","0","","0","0","0","","","1","","1","","40 03:31.939","","0","75 02:38.911","4","0","0","0","67301","0","0","0","N","0","0","0","2","67301","1","","1.0","","9","N","N","Y","0","","0","0","1","3","2","","","2","1","0","0","0","0","0","2","0","2","","07","","N","","","","","","","","","",""
"2020105413","1930","1","0","0","0","0","0","0","0","0","1","0","","67","12","2020","4","39.95209","-75.161138","1922","6","0","0","0","0","0","0","0","0","","0","0","0","","","0","Y","0","","39 57:07.524","","0","75 09:40.098","0","0","0","0","67301","0","0","0","N","0","0","0","2","67301","0","","1.0","","1","N","N","N","0","","0","0","0","3","2","","","2","0","0","0","0","0","0","2","1","2","","","","N","","","","","","","","","",""
"2020101354","1312","0","0","0","0","0","0","0","0","0","4","0","","67","11","2020","5","40.056232","-75.235963","1308","6","0","0","0","0","0","1","0","0","","0","0","0","","","1","","2","","40 03:22.436","","0","75 14:09.468","8","0","0","0","67301","0","0","0","N","0","0","0","1","67301","0","","1.0","","1","N","N","N","0","","0","0","2","0","0","","","2","1","0","0","0","1","0","2","0","2","","03","","N","","","","","","","","","",""
"2020107232","1115","1","0","0","0","0","0","0","0","0","4","0","","67","12","2020","6","40.029901","-75.087796","1110","6","0","0","0","0","0","0","1","0","","0","0","0","","","1","","2","","40 01:47.643","1","0","75 05:16.067","3","0","0","0","67301","0","0","0","N","0","0","0","4","67301","0","","1.0","1220.0","1","N","N","N","0","","1","0","0","3","2","N","","2","1","0","0","0","0","0","2","1","2","","03","","N","","","","","","","","","",""
"2020084800","1550","0","0","0","1","0","0","0","0","0","8","0","","67","10","2020","1","40.057098","-75.071589","1505","6","0","0","0","0","0","1","0","0","","0","0","0","","","1","","2","","40 03:25.552","","0","75 04:17.720","3","0","0","0","67301","1","0","0","N","0","0","0","2","67301","0","","1.0","","1","N","N","N","0","","1","0","1","3","3","","","2","1","0","0","0","0","0","2","0","1","","03","","N","","","","","","","","","",""
"2020084395","0405","1","0","0","0","0","0","0","0","0","4","0","","67","10","2020","7","40.048999","-75.105736","0355","6","0","0","0","0","0","0","0","0","","0","0","0","","","0","","2","","40 02:56.396","","0","75 06:20.649","0","0","0","0","67301","0","0","0","N","0","0","0","1","67301","0","","1.0","","1","N","N","N","0","","0","0","1","0","0","","","2","0","0","0","0","0","0","2","0","2","","","","N","","","","","","","","","",""
"2020102903","1805","1","0","0","0","0","0","0","0","0","8","0","","67","11","2020","2","40.034782","-75.117531","1805","6","0","0","0","0","0","0","0","0","","0","0","0","","","1","","1","","40 02:05.216","","0","75 07:03.111","3","0","0","0","67301","1","0","0","N","1","0","0","2","67301","0","","1.0","","9","N","N","N","0","","1","0","0","3","2","","","2","1","0","0","0","0","0","2","0","1","","07","","N","","","","","","","","","",""
"2020086190","1511","0","0","0","0","0","0","0","0","0","5","0","","67","10","2020","2","40.005642","-75.075718","1504","6","0","0","0","0","0","0","0","0","","0","0","0","","","1","","5","","40 00:20.310","2","0","75 04:32.583","3","0","0","0","67301","0","0","0","N","0","0","0","2","67301","0","","1.0","1700.0","1","N","N","N","0","","1","0","2","3","2","N","","2","1","0","0","0","0","1","2","0","2","","","","N","","","","","","","","","",""
"2020105208","1310","0","0","0","0","0","0","0","0","0","4","0","","67","12","2020","6","39.956404","-75.208445","1300","6","0","0","0","0","0","0","0","0","","0","0","0","","","1","","1","","39 57:23.054","","0","75 12:30.403","8","0","0","0","67301","0","0","0","N","0","0","0","2","67301","0","","1.0","","9","N","N","N","0","","0","0","2","3","2","","","2","1","0","0","0","1","0","2","0","2","","07","","N","","","","","","","","","",""
"2020083034","1636","1","0","0","0","0","0","0","0","0","8","0","","67","10","2020","2","40.015303","-75.137158","1636","6","0","0","0","0","0","1","0","0","","0","0","0","","","1","","1","","40 00:55.090","","0","75 08:13.768","3","0","0","0","67301","1","0","0","N","1","0","0","2","67301","0","","1.0","","1","N","N","N","0","","1","0","0","3","2","","","2","1","0","0","0","0","0","2","0","1","","03","","N","","","","","","","","","",""
"2020113976","0653","1","0","0","0","0","0","0","0","0","7","0","","67","12","2020","6","39.968779","-75.127478","0651","6","0","0","0","0","0","0","0","0","","0","0","0","","","0","N","0","","39 58:07.606","1","0","75 07:38.921","9","0","0","0","67301","0","0","0","N","0","0","0","1","68K01","0","","4.0","30.0","1","N","N","N","0","","0","0","0","0","0","N","","1","0","0","0","0","0","1","2","0","1","","","","N","","","","","","","","","",""
"2020105882","1245","2","0","0","0","0","0","0","0","0","4","0","","67","12","2020","3","40.080732","-75.169985","1245","6","0","0","0","0","0","0","0","1","","0","0","0","","","1","","1","","40 04:50.635","1","0","75 10:11.945","3","0","0","0","67301","0","0","0","N","0","0","0","2","67301","0","","1.0","30.0","1","N","N","N","0","","1","0","0","3","2","N","","2","1","0","0","0","0","0","2","0","2","","","","N","","","","","","","","","",""
"2020085163","2105","2","0","0","0","0","0","0","0","0","5","0","","67","10","2020","2","40.000778","-75.171044","2105","6","0","0","1","0","0","0","0","0","","0","0","0","","","1","N","0","","40 00:02.800","","0","75 10:15.760","3","0","0","0","67301","0","0","0","N","0","0","0","1","67301","0","","6.0","","9","N","N","N","0","","1","0","1","0","0","","","3","1","1","0","0","0","0","2","0","3","","","","N","","","","","","","","","",""
"2020102591","1009","1","0","0","0","0","0","0","0","0","4","0","","67","11","2020","1","40.03098","-75.124369","0944","6","0","0","0","0","0","0","0","0","","0","0","0","","","1","","1","","40 01:51.528","","0","75 07:27.728","3","0","0","0","67301","0","0","0","N","0","0","0","2","67301","0","","1.0","","1","N","N","N","0","","1","0","1","3","2","","","2","1","0","0","0","0","0","2","0","2","","","","N","","","","","","","","","",""
"2020113735","1555","2","0","0","0","0","0","0","0","0","1","0","","67","12","2020","3","40.045017","-75.220225","1555","6","0","0","0","0","0","0","1","0","","0","0","0","","","1","N","0","","40 02:42.060","","0","75 13:12.810","3","0","0","0","67301","0","0","0","N","0","0","0","3","67301","0","","1.0","","1","N","N","N","0","","1","0","0","0","0","","","2","1","2","0","0","0","0","2","0","2","","","","N","","","","","","","","","",""
"2020108260","1726","0","0","0","0","0","0","0","0","0","8","0","","67","12","2020","7","39.955832","-75.235997","1716","6","0","0","0","0","0","0","0","0","","0","0","0","","","1","","1","","39 57:20.995","","0","75 14:09.589","3","0","0","0","67301","1","0","0","N","1","0","0","2","67301","0","","1.0","","1","N","N","N","0","","1","0","1","3","2","","","2","1","0","0","0","0","1","2","0","1","","03","","N","","","","","","","","","",""
"2020086899","1620","2","0","0","0","0","0","0","0","0","1","0","","67","10","2020","7","39.969001","-75.211778","1620","6","0","0","0","0","0","1","0","0","","0","0","0","","","1","Y","0","","39 58:08.403","","0","75 12:42.400","4","0","0","0","67301","0","0","0","N","0","0","0","2","67301","1","","1.0","","99","N","N","N","0","","0","0","0","3","2","","","2","1","0","0","0","0","0","2","0","2","","","","N","","","","","","","","","",""
"2020102417","1620","1","0","0","1","0","0","0","0","0","8","0","","67","11","2020","7","39.918639","-75.184778","1618","6","0","0","0","0","0","0","0","0","","0","0","0","","","1","N","0","","39 55:07.100","","7","75 11:05.200","4","0","0","0","67301","1","0","0","N","0","0","0","2","67301","1","","1.0","","1","N","N","N","0","","0","0","0","0","0","","","2","1","0","0","0","0","0","2","0","1","","03","","N","","","","","","","","","",""
"2020113263","0256","1","0","0","0","0","0","0","0","0","7","0","","67","12","2020","1","39.932825","-75.200156","0245","6","0","0","0","0","0","0","0","0","","0","0","0","","","0","N","0","","39 55:58.170","","0","75 12:00.560","0","0","0","0","67301","0","0","0","N","0","0","0","1","68K01","0","","4.0","","1","N","N","N","0","","0","0","0","0","0","","","1","0","0","0","0","0","0","2","0","1","","","","N","","","","","","","","","",""
"2020114022","0823","1","0","0","0","0","0","0","0","0","5","0","","67","12","2020","3","39.983582","-75.097379","0813","6","0","0","0","0","0","0","0","0","","0","0","0","","","0","N","0","","39 59:00.895","","0","75 05:50.565","0","0","0","0","67301","0","0","0","N","0","0","0","4","68K01","0","","1.0","","1","N","N","N","1","","0","0","0","0","0","","","2","0","0","0","0","0","0","2","0","2","","03","","N","","","","","","","","","",""
"2020085484","1010","2","0","0","0","0","0","0","0","0","4","0","","67","10","2020","3","40.017117","-75.116412","1004","6","0","0","0","0","0","0","0","1","","0","0","0","","","1","N","0","","40 01:01.620","","7","75 06:59.084","3","0","0","0","67301","0","0","0","N","0","0","0","2","67301","0","","1.0","","1","N","N","N","0","","1","0","1","0","0","","","3","1","0","0","0","0","0","2","0","3","","04","","N","","","","","","","","","",""
"2020083452","1347","0","0","0","0","0","0","0","0","0","5","0","","67","10","2020","2","39.964792","-75.157067","1345","6","0","0","0","0","0","0","0","0","","0","0","0","","","0","N","0","","39 57:53.250","","0","75 09:25.440","0","0","0","0","67301","0","0","0","N","0","0","0","3","67301","0","","1.0","","1","N","N","N","1","","0","0","1","0","0","","","2","0","2","0","0","0","0","2","0","2","","03","","N","","","","","","","","","",""
"2020107235","1743","3","0","0","0","0","0","0","0","0","4","0","","67","12","2020","6","39.961983","-75.192964","1739","6","0","0","0","0","0","0","0","0","","0","0","0","","","3","N","0","","39 57:43.140","","0","75 11:34.670","3","0","0","0","67301","0","0","0","N","0","0","0","3","67301","0","","5.0","","1","N","N","Y","0","","3","0","2","0","0","","","5","3","0","0","0","0","0","2","0","5","","03","","N","","","","","","","","","",""
"2020107394","0110","2","0","0","0","0","0","0","0","0","5","0","","67","12","2020","1","39.956229","-75.194764","0100","6","0","0","0","0","0","0","0","0","","0","0","0","","","1","N","0","","39 57:22.424","","0","75 11:41.149","8","0","0","0","67301","0","0","0","N","0","0","0","2","67301","0","","1.0","","1","N","N","N","0","","0","0","0","0","0","","","2","1","0","0","0","1","1","2","0","2","","03","","N","","","","","","","","","",""
"2020083013","0936","1","0","0","0","0","0","0","0","0","4","0","","67","10","2020","3","40.098051","-75.030493","0934","6","0","0","0","0","0","0","0","1","","0","0","0","","","1","","2","","40 05:52.983","","0","75 01:49.774","3","0","0","0","67301","0","0","0","N","0","0","0","2","67301","0","","1.0","","1","N","N","N","0","","1","0","1","3","2","","","2","1","0","0","0","0","0","2","0","2","","03","","N","","","","","","","","","",""
"2020113262","2238","0","0","0","0","0","0","0","0","0","7","0","","67","12","2020","7","39.963219","-75.138781","2237","6","0","0","0","0","0","0","0","0","","0","0","0","","","1","N","0","","39 57:47.590","1","0","75 08:19.611","3","0","0","0","67301","0","0","0","N","0","0","0","1","68K01","0","","4.0","1100.0","1","N","N","N","0","","1","0","1","0","0","N","","1","1","0","0","0","0","0","2","0","1","","","","N","","","","","","","","","",""
"2020082151","2314","1","0","0","0","0","0","0","0","0","1","0","","67","10","2020","1","39.907236","-75.193686","2311","6","0","0","0","0","0","0","0","0","","0","0","0","","","5","N","0","","39 54:26.048","2","0","75 11:37.268","3","0","0","0","67301","0","0","0","N","0","0","0","6","67301","0","","1.0","2355.0","1","N","N","N","0","","5","0","2","0","0","N","","4","5","0","0","0","0","0","2","1","4","","03","","N","","","","","","","","","",""
"2020104335","0515","0","0","0","0","0","0","0","0","0","4","0","","67","12","2020","4","40.044469","-75.119445","0509","6","0","0","0","0","0","1","0","0","","0","0","0","","","3","","1","","40 02:40.087","","0","75 07:10.001","3","0","0","0","67301","0","0","0","N","0","0","0","5","67301","0","","1.0","","1","N","N","N","0","","3","0","3","3","2","","","4","3","0","0","0","0","0","2","1","4","","","","N","","","","","","","","","",""
"2020085156","1041","2","0","0","0","0","0","0","0","0","4","0","","67","10","2020","2","39.918083","-75.180583","1040","6","0","0","0","0","0","0","1","0","","0","0","0","","","1","N","0","","39 55:05.100","","0","75 10:50.100","8","0","0","0","67301","0","0","0","N","0","0","0","2","67301","0","","1.0","","9","N","N","N","0","","0","0","0","0","0","","","2","1","0","0","0","1","0","2","0","2","","","","N","","","","","","","","","",""
"2020101474","2315","1","0","0","0","0","0","0","0","0","4","0","","67","11","2020","3","39.994795","-75.15932","2315","6","0","0","0","0","0","0","0","0","","0","0","0","","","2","","1","","39 59:41.261","","0","75 09:33.552","8","0","0","0","67301","0","0","0","N","0","0","0","3","67301","0","","1.0","","1","N","N","N","0","","0","0","1","3","2","","","2","2","0","0","0","2","1","2","0","2","","03","","N","","","","","","","","","",""
"2020105321","1209","3","0","0","0","0","0","0","0","0","4","0","","67","12","2020","1","39.894612","-75.236717","2350","6","0","0","0","0","0","0","0","0","","0","0","0","","","4","","1","","39 53:40.603","","0","75 14:12.181","3","0","0","0","67301","0","0","0","N","0","0","0","6","67301","0","","1.0","","1","N","N","N","0","","4","0","0","3","2","","","3","4","0","0","0","0","0","2","0","3","","03","","N","","","","","","","","","",""
"2020112099","2230","1","0","0","0","0","0","0","0","0","4","0","","67","12","2020","5","40.026024","-75.134798","2225","6","0","0","0","0","0","0","0","0","","0","0","0","","","0","","1","","40 01:33.686","","0","75 08:05.272","0","0","0","0","67301","0","0","0","N","0","0","0","2","67301","0","","1.0","","9","N","N","N","1","","0","0","0","3","3","","","2","0","0","0","0","0","0","2","0","2","","07","","N","","","","","","","","","",""
"2020104722","0040","3","0","0","0","0","0","0","0","0","1","0","","67","12","2020","4","39.954361","-75.232861","0039","6","0","0","0","0","0","0","0","0","","0","0","0","","","0","N","0","","39 57:15.700","6","0","75 13:58.300","9","0","0","0","67301","0","0","0","N","0","0","0","1","67301","0","","6.0","520.0","1","N","N","N","0","","0","0","1","0","0","Y","","4","0","0","0","0","0","1","2","0","4","","03","","N","","","","","","","","","",""
"2020105318","0056","2","0","0","0","0","0","0","0","0","4","0","","67","12","2020","6","39.940369","-75.236609","0056","6","0","0","0","0","0","0","0","0","","0","0","0","","","1","","1","","39 56:25.327","","0","75 14:11.791","3","0","0","0","67301","0","0","0","N","0","0","0","3","67301","0","","1.0","","8","N","N","N","0","","1","0","0","3","2","","","2","1","0","0","0","0","0","2","0","2","","","","N","","","","","","","","","",""
"2020085482","0248","1","0","0","0","0","0","0","0","0","6","0","","67","10","2020","4","39.986919","-75.173594","0247","6","0","0","0","0","0","0","0","0","","0","0","0","","","0","N","0","","39 59:12.910","4","0","75 10:24.940","0","0","0","0","67301","0","0","0","N","0","0","0","2","67301","0","","1.0","300.0","1","N","N","N","0","","0","0","0","0","0","N","","2","0","0","0","0","0","0","2","0","2","","","","N","","","","","","","","","",""
"2020084100","1225","3","0","0","0","0","0","0","0","0","5","0","","67","10","2020","7","39.923536","-75.180394","1216","6","0","0","0","0","0","0","0","0","","0","0","0","","","0","N","0","","39 55:24.728","","0","75 10:49.420","0","0","0","0","67301","0","0","0","N","0","0","0","1","67301","0","","6.0","","1","N","N","N","0","","0","0","1","0","0","","","4","0","0","0","0","0","0","2","0","4","","03","","N","","","","","","","","","",""
"2020083697","1651","2","0","0","0","0","0","0","0","0","4","0","","67","10","2020","5","39.982397","-75.186686","1644","6","0","0","1","1","0","0","0","0","","0","0","0","","","3","","1","","39 58:56.629","","0","75 11:12.069","3","0","0","0","67301","0","0","0","N","0","0","0","4","67301","1","","1.0","","1","N","N","N","0","","2","0","0","3","2","","","2","3","0","0","0","0","0","2","0","2","","","","N","","","","","","","","","",""
"2020111756","1843","1","0","0","0","0","0","0","0","0","5","0","","67","12","2020","4","39.934467","-75.195872","1843","6","0","0","0","0","0","0","0","0","","0","0","0","","","0","N","0","","39 56:04.080","","0","75 11:45.140","0","0","0","0","67301","0","0","0","N","0","0","0","1","67301","0","","6.0","","1","N","N","N","1","","0","0","0","0","0","","","2","0","1","0","0","0","0","2","0","2","","03","","N","","","","","","","","","",""
"2020102858","1554","1","0","0","0","0","0","0","0","0","5","0","","67","11","2020","2","39.9565","-75.153194","1546","6","0","0","0","0","0","0","0","0","","0","0","0","","","1","Y","0","","39 57:23.400","","0","75 09:11.500","3","0","0","0","67301","0","0","0","N","0","0","0","5","67301","0","","1.0","","9","N","N","N","0","","1","0","1","3","2","","","2","1","0","0","0","0","0","2","0","2","","07","","N","","","","","","","","","",""
"2020083790","0850","0","0","0","0","0","0","0","0","0","7","0","","67","10","2020","5","39.923672","-75.164205","0841","6","0","0","0","0","0","0","0","0","","0","0","0","","","0","N","0","","39 55:25.218","","0","75 09:51.138","0","0","0","0","67301","0","0","0","N","0","0","0","1","67301","0","","4.0","","1","N","N","N","0","","0","0","1","0","0","","","1","0","0","0","0","0","0","2","0","1","","03","","N","","","","","","","","","",""
"2020104027","1533","1","0","0","0","0","0","0","0","0","1","0","","67","12","2020","4","40.088963","-74.969495","1523","6","0","0","0","0","0","0","0","0","","0","0","0","","","1","Y","0","","40 05:20.265","2","7","74 58:10.182","4","0","0","0","67301","0","0","0","N","0","0","0","4","67301","1","","1.0","30.0","1","N","N","N","0","","0","0","2","3","2","N","","3","1","0","0","0","0","0","2","0","3","","03","","N","","","","","","","","","",""
"2020084709","2336","2","0","0","0","0","0","0","0","0","4","0","","67","10","2020","1","39.995778","-75.1875","2329","6","0","0","0","0","1","0","0","0","","0","0","0","","","0","","3","","39 59:44.799","3","0","75 11:15.000","9","0","0","0","67301","0","0","0","N","0","0","0","2","67301","0","","1.0","0.0","9","N","N","N","0","","0","0","0","0","0","N","","2","0","0","0","0","0","2","2","0","2","","","","N","","","","","","","","","",""
"2020114061","2207","3","0","0","0","0","0","0","0","0","7","0","","67","12","2020","7","39.975417","-75.19525","2205","6","0","0","0","0","0","2","0","0","","0","0","0","","","1","N","0","","39 58:31.500","","1","75 11:42.900","3","0","0","0","67301","0","0","0","N","0","0","0","7","67301","0","","3.0","","2","N","N","Y","0","","1","0","4","0","0","","","7","1","0","0","0","0","0","2","0","7","","03","","N","","","","","","","","","",""
"2020109441","2133","1","0","0","0","0","0","0","0","0","99","0","","67","12","2020","4","40.081233","-75.050956","2133","6","0","0","0","0","0","0","0","0","","0","0","0","","","0","N","0","","40 04:52.440","","0","75 03:03.440","0","0","0","0","67301","0","0","0","N","0","0","0","1","67301","0","","1.0","","7","N","N","N","0","","0","0","0","0","0","","","1","0","1","0","0","0","0","2","0","1","","10","","N","","","","","","","","","",""
"2020108502","1735","2","0","0","0","0","0","0","0","0","1","0","","67","12","2020","3","40.038844","-75.100962","1721","6","0","0","0","0","0","1","1","0","","0","0","0","","","3","N","2","","40 02:19.838","5","0","75 06:03.462","3","0","0","0","67301","0","0","0","N","0","0","0","4","67301","0","","1.0","1907.0","1","N","N","N","0","","3","0","2","0","0","Y","","4","3","0","0","0","0","0","2","0","4","","03","","N","","","","","","","","","",""
"2020113685","2237","2","0","0","0","0","0","0","0","0","5","0","","67","12","2020","4","40.032139","-75.02128","2230","6","0","0","0","0","0","0","1","0","","0","0","0","","","2","N","0","","40 01:55.701","2","0","75 01:16.609","3","0","0","0","67301","0","0","0","N","0","0","0","3","68K01","1","","1.0","2320.0","1","N","N","N","0","","1","0","1","0","0","N","","3","2","0","0","0","0","0","2","0","3","","","","N","","","","","","","","","",""
"2020111543","1940","1","0","0","0","0","0","0","0","0","5","0","","67","12","2020","4","40.006939","-75.151634","1936","6","0","0","0","1","0","0","0","0","","0","0","0","","","3","N","0","","40 00:24.979","","0","75 09:05.884","3","0","0","0","67301","0","0","0","N","0","0","0","4","67505","0","","1.0","","1","N","Y","N","0","","3","0","0","0","0","","","2","3","0","0","0","0","0","2","0","2","","03","","N","","","","","","","","","",""
"2020083021","1555","0","0","0","0","0","0","0","0","0","4","0","","67","10","2020","2","40.038971","-75.040009","1542","6","0","0","0","0","0","0","0","0","","0","0","0","","","1","","1","","40 02:20.295","1","0","75 02:24.032","3","0","0","0","67301","0","0","0","N","0","0","0","4","67301","0","","1.0","45.0","1","N","N","N","0","","1","0","0","3","3","Y","","2","1","0","0","0","0","0","2","2","2","","","","N","","","","","","","","","",""
"2020102359","1227","1","0","0","0","0","0","0","0","0","2","0","","67","11","2020","2","40.03535","-75.039468","1220","6","0","0","0","0","1","1","0","0","","0","0","0","","","2","","1","","40 02:07.261","3","0","75 02:22.084","8","0","0","0","67301","0","0","0","N","0","0","0","2","67301","0","","1.0","1345.0","1","N","N","Y","0","","0","0","1","3","2","Y","","3","2","0","0","0","2","0","2","1","3","","","","N","","","","","","","","","",""
"2020085297","0645","2","0","0","0","0","0","0","0","0","1","0","55","67","10","2020","6","40.017442","-75.049614","0645","6","0","0","0","0","0","0","0","0","","0","0","0","","","0","N","0","","40 01:02.792","2","0","75 02:58.610","0","0","0","0","67301","0","0","0","N","0","0","0","4","68K01","0","","1.0","810.0","1","N","N","N","0","","0","0","1","0","0","N","","3","0","0","0","0","0","0","2","0","3","","03","N","Y","4","1","","","N","","","","Y","N"
"2020100084","1734","2","0","0","0","0","0","0","0","0","4","0","","67","11","2020","7","40.006051","-75.139173","1730","6","0","0","0","0","0","0","0","0","","0","0","0","","","1","","1","","40 00:21.783","","0","75 08:21.022","3","0","0","0","67301","0","0","0","N","0","0","0","1","67301","0","","9.0","","1","N","N","N","0","","1","0","0","9","9","","","2","1","0","0","0","0","0","2","0","2","","03","","N","","","","","","","","","",""
"2020106889","1320","0","0","0","0","0","0","0","0","0","8","0","","67","12","2020","3","39.988783","-75.139034","1320","6","0","0","0","0","0","0","0","0","","0","0","0","","","1","","1","","39 59:19.618","","0","75 08:20.522","3","0","0","0","67301","1","0","0","N","1","0","0","2","67301","0","","1.0","","1","N","N","N","1","","1","0","0","3","3","","","2","1","0","0","0","0","0","2","0","1","","03","","N","","","","","","","","","",""
"2020098805","0546","2","0","0","0","0","0","0","0","0","1","0","","67","11","2020","3","39.934874","-75.142761","0542","6","0","0","0","0","0","0","0","0","","0","0","0","","","0","","2","","39 56:05.545","","0","75 08:33.938","9","0","0","0","67301","0","0","0","N","0","0","0","2","67301","0","","1.0","","1","N","N","N","0","","0","0","0","3","2","","","2","0","0","0","0","0","1","2","0","2","","03","","N","","","","","","","","","",""
"2020101846","1012","2","0","0","0","0","0","0","0","0","2","0","","67","11","2020","3","40.022813","-75.147016","0958","6","0","0","0","0","0","1","0","0","","0","0","0","","","0","","1","","40 01:22.126","","0","75 08:49.257","0","0","0","0","67301","0","0","0","N","0","0","0","2","67301","0","","1.0","","1","N","N","N","0","","0","0","0","3","2","","","2","0","0","0","0","0","0","2","0","2","","03","","N","","","","","","","","","",""
"2020113276","1217","1","0","0","0","0","0","0","0","0","7","0","","67","12","2020","3","40.0134","-75.057311","1214","6","0","0","0","1","0","0","0","0","","0","0","0","","","1","N","0","","40 00:48.239","1","0","75 03:26.320","4","0","0","0","67301","0","0","0","N","0","0","0","2","68K01","1","","4.0","30.0","1","N","N","N","0","","0","0","1","0","0","N","","2","1","0","0","0","0","0","2","0","2","","","","N","","","","","","","","","",""
"2020100806","0135","2","0","0","0","0","0","0","0","0","4","0","","67","11","2020","2","40.031874","-75.131503","0129","6","0","0","0","0","0","0","0","0","","0","0","0","","","1","","1","","40 01:54.746","3","0","75 07:53.410","8","0","0","0","67301","0","0","0","N","0","0","0","3","67301","0","","1.0","208.0","9","N","N","N","0","","0","0","0","3","2","Y","","2","1","0","0","0","1","0","2","0","2","","98","","N","","","","","","","","","",""
"2020088211","0845","1","0","0","0","0","0","0","0","0","8","0","","67","10","2020","6","40.015043","-75.135168","0845","6","0","0","0","0","0","0","0","0","","0","0","0","","","1","","1","","40 00:54.154","","0","75 08:06.604","2","0","0","0","67301","1","0","1","N","1","0","1","2","67301","0","","4.0","","1","N","N","N","0","","0","1","0","9","1","","","2","1","0","0","0","0","0","2","0","1","","03","","N","","","","","","","","","",""
"2020084400","0600","0","0","0","0","0","0","0","0","0","5","0","","67","10","2020","7","39.972451","-75.226025","0557","6","0","0","0","0","0","1","0","0","","0","0","0","","","1","N","0","","39 58:20.825","","0","75 13:33.689","8","0","0","0","67301","0","0","0","N","0","0","0","1","67301","0","","6.0","","1","N","N","N","1","","0","0","1","0","0","","","2","1","0","0","0","1","0","2","0","2","","03","","N","","","","","","","","","",""