"CRN","ARRIVAL_TM","AUTOMOBILE_COUNT","BELTED_DEATH_COUNT","BELTED_SUSP_SERIOUS_INJ_COUNT","BICYCLE_COUNT","BICYCLE_DEATH_COUNT","BICYCLE_SUSP_SERIOUS_INJ_COUNT","BUS_COUNT","CHLDPAS_DEATH_COUNT","CHLDPAS_SUSP_SERIOUS_INJ_COUNT","COLLISION_TYPE","COMM_VEH_COUNT","CONS_ZONE_SPD_LIM","COUNTY","CRASH_MONTH","CRASH_YEAR","DAY_OF_WEEK","DEC_LATITUDE","DEC_LONGITUDE","DISPATCH_TM","DISTRICT","DRIVER_COUNT_16YR","DRIVER_COUNT_17YR","DRIVER_COUNT_18YR","DRIVER_COUNT_19YR","DRIVER_COUNT_20YR","DRIVER_COUNT_50_64YR","DRIVER_COUNT_65_74YR","DRIVER_COUNT_75PLUS","EST_HRS_CLOSED","FATAL_COUNT","HEAVY_TRUCK_COUNT","HORSE_BUGGY_COUNT","HOUR_OF_DAY","ILLUMINATION","INJURY_COUNT","INTERSECTION_RELATED","INTERSECT_TYPE","LANE_CLOSED","LATITUDE","LN_CLOSE_DIR","LOCATION_TYPE","LONGITUDE","MAX_SEVERITY_LEVEL","MCYCLE_DEATH_COUNT","MCYCLE_SUSP_SERIOUS_INJ_COUNT","MOTORCYCLE_COUNT","MUNICIPALITY","NONMOTR_COUNT","NONMOTR_DEATH_COUNT","NONMOTR_SUSP_SERIOUS_INJ_COUNT","NTFY_HIWY_MAINT","PED_COUNT","PED_DEATH_COUNT","PED_SUSP_SERIOUS_INJ_COUNT","PERSON_COUNT","POLICE_AGCY","POSSIBLE_INJ_COUNT","RDWY_SURF_TYPE_CD","RELATION_TO_ROAD","ROADWAY_CLEARED","ROAD_CONDITION","SCH_BUS_IND","SCH_ZONE_IND","SECONDARY_CRASH","SMALL_TRUCK_COUNT","SPEC_JURIS_CD","SUSP_MINOR_INJ_COUNT","SUSP_SERIOUS_INJ_COUNT","SUV_COUNT","TCD_FUNC_CD","TCD_TYPE","TFC_DETOUR_IND","TIME_OF_DAY","TOTAL_UNITS","TOT_INJ_COUNT","UNBELTED_OCC_COUNT","UNB_DEATH_COUNT","UNB_SUSP_SERIOUS_INJ_COUNT","UNK_INJ_DEG_COUNT","UNK_INJ_PER_COUNT","URBAN_RURAL","VAN_COUNT","VEHICLE_COUNT","WEATHER1","WEATHER2","WORKERS_PRES","WORK_ZONE_IND","WORK_ZONE_LOC","WORK_ZONE_TYPE","WZ_CLOSE_DETOUR","WZ_FLAGGER","WZ_LAW_OFFCR_IND","WZ_LN_CLOSURE","WZ_MOVING","WZ_OTHER","WZ_SHLDER_MDN","WZ_WORKERS_INJ_KILLED"
"2020107488","1811","1","0","0","0","0","0","0","0","0","8","0","","67","12","2020","7","40.051056","-75.061639","1802","6","0","0","0","0","0","0","0","0","","0","0","0","","","1","N","0","","40 03:03.800","","7","75 03:41.900","3","0","0","0","67301","1","0","0","N","1","0","0","2","67301","0","","1.0","","1","N","N","N","0","","1","0","0","0","0","","","2","1","0","0","0","0","0","2","0","1","","03","","N","","","","","","","","","",""
"2020084405","0756","0","0","0","0","0","0","0","0","0","4","0","","67","10","2020","1","40.029422","-75.124695","0756","6","0","0","0","0","1","1","0","0","","0","0","0","","","1","","1","","40 01:45.919","","0","75 07:28.901","3","0","0","0","67301","0","0","0","N","0","0","0","2","67301","0","","1.0","","1","N","N","N","0","","1","0","2","3","2","","","2","1","0","0","0","0","0","2","0","2","","03","","N","","","","","","","","","",""
"2020082336","1309","0","0","0","0","0","0","0","0","0","7","0","","67","10","2020","2","39.976516","-75.158264","1308","6","0","0","0","0","0","0","0","0","","0","0","0","","","0","N","0","","39 58:35.457","","7","75 09:29.752","0","0","0","0","67301","0","0","0","N","0","0","0","1","67301","0","","3.0","","1","N","N","N","0","","0","0","1","3","3","","","1","0","0","0","0","0","0","2","0","1","","03","","N","","","","","","","","","",""
"2020084703","0340","1","0","0","0","0","0","0","0","0","1","0","","67","10","2020","1","40.036917","-75.1645","0339","6","0","0","0","0","0","0","0","0","","0","0","0","","","0","N","0","","40 02:12.900","","0","75 09:52.200","0","0","0","0","67301","0","0","0","N","0","0","0","2","67301","0","","6.0","","1","N","N","N","0","","0","0","1","0","0","","","2","0","0","0","0","0","0","2","0","2","","03","","N","","","","","","","","","",""
"2020113930","1630","1","0","0","0","0","0","0","0","0","4","0","","67","12","2020","2","40.020508","-75.08729","1626","6","0","0","0","0","0","0","0","0","","0","0","0","","","3","","1","","40 01:13.828","","0","75 05:14.243","3","0","0","0","67301","0","0","0","N","0","0","0","3","67301","0","","1.0","","1","N","N","N","1","","3","0","1","3","3","","","3","3","0","0","0","0","0","2","0","3","","03","","N","","","","","","","","","",""
"2020105675","2147","1","0","0","0","0","0","0","0","0","8","0","","67","12","2020","2","40.052271","-75.151646","2140","6","0","0","0","0","0","0","0","0","","0","0","0","","","1","","1","","40 03:08.176","","0","75 09:05.927","3","0","0","0","67301","1","0","0","N","1","0","0","2","67301","0","","1.0","","1","N","N","N","0","","1","0","0","0","0","","","2","1","0","0","0","0","0","2","0","1","","","","N","","","","","","","","","",""
"2020108505","2115","1","0","0","0","0","0","0","0","0","7","0","","67","12","2020","3","40.02725","-75.113462","2107","6","0","0","0","0","0","0","0","0","","0","0","0","","","1","N","0","","40 01:38.100","","0","75 06:48.463","3","0","0","0","67301","0","0","0","N","0","0","0","1","67301","0","","3.0","","1","N","N","N","0","","1","0","0","0","0","","","1","1","0","0","0","0","0","2","0","1","","","","N","","","","","","","","","",""
"2020099990","0224","1","0","0","0","0","0","0","0","0","7","0","","67","11","2020","6","40.010147","-75.18562","0218","6","0","0","0","0","0","0","0","0","","0","0","0","","","1","N","0","","40 00:36.529","1","0","75 11:08.231","3","0","0","0","67301","0","0","0","N","0","0","0","1","67301","0","","4.0","255.0","1","N","N","N","0","","1","0","0","0","0","N","","1","1","0","0","0","0","0","2","0","1","","03","","N","","","","","","","","","",""
"2020084073","1701","1","0","0","0","0","0","0","0","0","4","0","","67","10","2020","6","40.007441","-75.125171","1701","6","0","0","0","1","0","1","0","0","","0","0","0","","","1","","2","","40 00:26.789","","0","75 07:30.615","4","0","0","0","67301","0","0","0","N","0","0","0","2","67301","1","","1.0","","1","N","N","N","0","","0","0","1","3","2","","","2","1","1","0","0","0","0","2","0","2","","03","","N","","","","","","","","","",""
"2020081936","0145","0","0","0","0","0","0","0","0","0","5","0","","67","10","2020","1","39.984559","-75.120136","0140","6","0","0","0","0","0","0","0","0","","0","0","0","","","2","N","0","","39 59:04.412","3","0","75 07:12.491","8","0","0","0","67301","0","0","0","N","0","0","0","5","67301","0","","1.0","220.0","1","N","N","N","2","","0","0","0","0","0","N","","2","2","0","0","0","2","0","2","0","2","","03","","N","","","","","","","","","",""
"2020102132","1605","1","0","0","0","0","0","0","0","0","4","0","","67","11","2020","7","39.970451","-75.150975","1600","6","0","0","0","0","0","0","0","0","","0","0","0","","","1","","1","","39 58:13.623","","1","75 09:03.509","8","0","0","0","67301","0","0","0","N","0","0","0","2","67301","0","","1.0","","1","N","N","N","0","","0","0","0","3","3","","","3","1","0","0","0","1","1","2","1","3","","","","N","","","","","","","","","",""
"2020084801","1551","0","0","0","0","0","0","0","0","0","5","0","","67","10","2020","6","39.90381","-75.240041","1547","6","0","0","0","0","0","0","0","0","","0","0","0","","","0","N","0","","39 54:13.717","","0","75 14:24.149","0","0","0","1","67301","0","0","0","N","0","0","0","2","67301","0","","1.0","","1","N","N","N","0","","0","0","1","0","0","","","2","0","0","0","0","0","0","2","0","2","","03","","N","","","","","","","","","",""
"2020104514","1123","2","0","0","0","0","0","0","0","0","4","0","","67","12","2020","6","40.055416","-75.126336","1122","6","0","0","0","0","0","1","0","0","","0","0","0","","","1","","2","","40 03:19.497","","0","75 07:34.808","3","0","0","0","67301","0","0","0","N","0","0","0","2","67301","0","","1.0","","9","N","N","N","0","","1","0","0","3","2","","","2","1","0","0","0","0","0","2","0","2","","04","","N","","","","","","","","","",""
"2020105674","2215","1","0","0","0","0","0","0","0","0","4","0","","67","12","2020","2","40.044553","-75.161239","2209","6","0","0","0","0","0","0","0","0","","0","0","0","","","1","N","0","","40 02:40.390","5","0","75 09:40.460","2","0","0","0","67301","0","0","0","N","0","0","0","1","67301","0","","1.0","2331.0","1","N","N","N","1","","0","1","1","0","0","Y","","3","1","0","0","0","0","0","2","0","3","","03","","N","","","","","","","","","",""
"2020086202","1315","1","0","0","0","0","0","0","0","0","4","0","","67","10","2020","4","39.967819","-75.22813","1310","6","0","0","0","0","0","0","0","0","","0","0","0","","","0","","1","","39 58:04.148","3","0","75 13:41.267","0","0","0","0","67301","0","0","0","N","0","0","0","2","67301","0","","1.0","1406.0","1","N","N","N","0","","0","0","1","3","2","Y","","2","0","0","0","0","0","0","2","0","2","","03","","N","","","","","","","","","",""
"2020113928","1821","2","0","0","0","0","0","0","0","0","2","0","","67","12","2020","1","40.013573","-75.083228","1820","6","0","0","0","0","1","0","0","0","","0","0","0","","","1","","1","","40 00:48.862","7","0","75 04:59.620","3","0","0","0","67301","0","0","0","N","0","0","0","3","67301","0","","1.0","100.0","1","N","N","N","0","","1","0","0","3","3","N","","2","1","3","0","0","0","0","2","0","2","","03","","N","","","","","","","","","",""
"2020107814","1335","2","0","0","0","0","0","0","0","0","4","0","","67","12","2020","1","40.059114","-75.044722","1327","6","0","0","0","0","0","0","1","0","","0","0","0","","","1","","1","","40 03:32.810","","0","75 02:40.998","3","0","0","0","67301","0","0","0","N","0","0","0","2","67301","0","","1.0","","1","N","N","N","0","","1","0","0","3","1","","","2","1","2","0","0","0","0","2","0","2","","03","","N","","","","","","","","","",""
"2020083792","0834","1","0","0","0","0","0","0","0","0","4","0","","67","10","2020","3","40.020184","-75.138482","0830","6","0","0","0","0","0","0","0","0","","0","0","0","","","1","","2","","40 01:12.661","","0","75 08:18.536","3","0","0","0","67301","0","0","0","N","0","0","0","2","67301","0","","1.0","","1","N","N","N","0","","1","0","1","0","0","","","3","1","0","0","0","0","0","2","1","3","","03","","N","","","","","","","","","",""
"2020112971","1200","2","0","0","0","0","0","0","0","0","4","0","","67","12","2020","2","39.928406","-75.171599","1154","6","0","0","0","0","0","1","0","0","","0","0","0","","","0","","1","","39 55:42.263","","0","75 10:17.758","9","0","0","0","67301","0","0","0","N","0","0","0","2","67301","0","","1.0","","1","N","N","N","0","","0","0","0","3","3","","","2","0","1","0","0","0","1","2","0","2","","03","","N","","","","","","","","","",""
"2020104024","1740","0","0","0","1","0","0","0","0","0","8","0","","67","12","2020","3","39.940906","-75.147717","1733","6","0","0","0","0","0","0","0","0","","0","0","0","","","2","N","0","","39 56:27.260","","0","75 08:51.780","8","0","0","0","67301","1","0","0","N","0","0","0","2","67301","0","","1.0","","1","N","N","N","0","","0","0","0","0","0","","","2","2","0","0","0","2","0","2","0","1","","","","N","","","","","","","","","",""
"2020113257","0143","0","0","0","0","0","0","0","0","0","7","0","","67","12","2020","7","39.965399","-75.186019","0135","6","0","0","0","0","0","1","0","0","","0","0","0","","","1","N","7","","39 57:55.435","3","0","75 11:09.669","3","0","0","0","67301","0","0","0","N","0","0","0","1","68K01","0","","7.0","145.0","1","N","N","N","0","","1","0","0","0","0","N","","1","1","0","0","0","0","0","2","1","1","","","","N","","","","","","","","","",""
"2020086167","1150","3","0","0","0","0","0","0","0","0","4","0","","67","10","2020","3","39.929751","-75.181917","1149","6","0","0","0","1","0","0","0","0","","0","0","0","","","1","","1","","39 55:47.103","","0","75 10:54.901","3","0","0","0","67301","0","0","0","N","0","0","0","2","67301","0","","1.0","","1","N","N","N","0","","1","0","0","3","2","","","3","1","1","0","0","0","0","2","0","3","","03","","N","","","","","","","","","",""
"2020112074","0047","0","0","0","0","0","0","0","0","0","4","0","","67","12","2020","6","39.95667","-75.198014","0046","6","0","0","0","0","0","1","0","0","","0","0","0","","","3","","1","","39 57:24.012","6","0","75 11:52.849","4","0","0","0","67301","0","0","0","N","0","0","0","3","67301","2","","1.0","355.0","9","N","N","N","0","","0","0","2","3","2","Y","","2","3","0","0","0","1","0","2","0","2","","08","","N","","","","","","","","","",""
"2020084938","2331","1","0","0","0","0","0","0","0","0","4","0","","67","10","2020","2","40.036946","-75.145198","2331","6","0","0","0","0","0","0","0","0","","0","0","0","","","0","","2","","40 02:13.006","","0","75 08:42.711","0","0","0","0","67301","0","0","0","N","0","0","0","3","67301","0","","1.0","","9","N","N","N","0","","0","0","1","3","2","","","2","0","0","0","0","0","0","2","0","2","","","","N","","","","","","","","","",""
"2020084332","0220","0","0","0","0","0","0","0","0","0","5","0","","67","10","2020","7","39.957228","-75.227644","0215","6","0","0","0","0","0","0","0","0","","0","0","0","","","0","N","0","","39 57:26.021","","0","75 13:39.517","0","0","0","0","67301","0","0","0","N","0","0","0","1","67301","0","","6.0","","1","N","N","N","0","","0","0","3","0","0","","","3","0","1","0","0","0","0","2","0","3","","03","","N","","","","","","","","","",""
"2020084337","1353","2","0","0","0","0","0","0","0","0","4","0","","67","10","2020","6","40.035271","-75.121416","1338","6","0","0","0","0","0","0","0","0","","0","0","0","","","4","","1","","40 02:06.975","","0","75 07:17.097","3","0","0","0","67301","0","0","0","N","0","0","0","4","67301","1","","1.0","","1","N","N","N","0","","3","0","0","3","2","","","2","4","0","0","0","0","0","2","0","2","","","","N","","","","","","","","","",""
"2020100445","0009","2","0","1","0","0","0","0","0","0","4","0","","67","11","2020","4","39.937174","-75.161492","2355","6","0","0","0","0","0","0","0","0","","0","0","0","","","1","","1","","39 56:13.826","","0","75 09:41.371","2","0","0","0","67301","0","0","0","N","0","0","0","2","67301","0","","1.0","","1","N","N","N","0","","0","1","0","3","2","","","2","1","0","0","0","0","1","2","0","2","","03","","N","","","","","","","","","",""
"2020111410","0253","0","0","0","0","0","0","0","0","0","1","0","","67","12","2020","2","40.060293","-75.009408","0248","6","0","0","0","0","0","0","0","0","","0","0","0","","","0","N","0","","40 03:37.054","","0","75 00:33.870","0","0","0","0","67301","0","0","0","N","0","0","0","2","67301","0","","6.0","","7","N","N","N","0","","0","0","1","0","0","","","2","0","0","0","0","0","0","2","1","2","","","","N","","","","","","","","","",""
"2020101678","1010","2","0","0","0","0","0","0","0","0","4","0","","67","11","2020","3","39.956551","-75.151328","1005","6","0","0","0","0","0","1","0","0","","0","0","0","","","2","","1","","39 57:23.583","","0","75 09:04.780","3","0","0","0","67301","0","0","0","N","0","0","0","3","67301","1","","1.0","","1","N","N","N","0","","1","0","0","3","2","","","2","2","0","0","0","0","0","2","0","2","","03","","N","","","","","","","","","",""
"2020089107","1903","1","0","0","0","0","0","0","0","0","7","0","","67","10","2020","1","39.9569","-75.154004","1855","6","0","0","0","0","0","0","0","0","","0","0","0","","","0","N","0","","39 57:24.841","","0","75 09:14.415","0","0","0","0","67301","0","0","0","N","0","0","0","1","68K01","0","","3.0","","9","N","N","N","0","","0","0","0","0","0","","","1","0","0","0","0","0","0","2","0","1","","07","","N","","","","","","","","","",""
"2020111567","2244","1","0","0","0","0","0","0","0","0","5","0","35","67","12","2020","4","39.909568","-75.154605","2242","6","0","0","0","0","0","0","0","0","","0","0","0","","","0","","7","","39 54:34.445","4","2","75 09:16.579","0","0","0","0","67301","0","0","0","N","0","0","0","2","67501","0","","2.0","2300.0","1","N","N","N","0","","0","0","0","0","0","Y","","1","0","0","0","0","0","0","2","0","1","","03","N","Y","2","1","","","N","","","","Y","N"
"2020084154","1648","0","0","0","0","0","0","0","0","0","8","0","","67","10","2020","5","40.105161","-75.032846","1643","6","0","0","0","0","0","0","1","0","","0","0","0","","","1","","1","","40 06:18.580","","0","75 01:58.246","3","0","0","0","67301","1","0","0","N","1","0","0","2","67301","0","","1.0","","1","N","N","N","0","","1","0","1","3","2","","","2","1","1","0","0","0","0","2","0","1","","03","","N","","","","","","","","","",""
"2020103482","1620","3","0","0","0","0","0","0","0","0","4","0","","67","12","2020","3","39.977806","-75.162221","1618","6","0","0","0","0","0","0","0","0","","0","0","0","","","0","","1","","39 58:40.101","","0","75 09:43.997","9","0","0","0","67301","0","0","0","N","0","0","0","2","67505","0","","1.0","","1","N","N","Y","0","","0","0","2","3","3","","","6","0","1","0","0","0","1","2","0","6","","03","","N","","","","","","","","","",""
"2020108263","1434","1","0","0","0","0","0","0","0","0","7","0","","67","12","2020","7","39.981559","-75.173761","1432","6","0","0","0","0","0","0","1","0","","0","0","0","","","0","N","0","","39 58:53.611","","0","75 10:25.538","0","0","0","0","67301","0","0","0","N","0","0","0","1","67301","0","","4.0","","1","N","N","N","0","","0","0","0","3","2","","","1","0","1","0","0","0","0","2","0","1","","03","","N","","","","","","","","","",""
"2020083561","0210","2","0","0","0","0","0","0","0","0","1","0","","67","10","2020","5","39.956494","-75.221708","0200","6","0","0","0","0","0","0","0","0","","0","0","0","","","2","N","0","","39 57:23.378","","0","75 13:18.148","4","0","0","0","67301","0","0","0","N","0","0","0","4","67301","2","","6.0","","1","N","N","N","0","","0","0","0","0","0","","","2","2","0","0","0","0","0","2","0","2","","03","","N","","","","","","","","","",""
"2020083351","2210","0","0","0","0","0","0","0","0","0","1","0","","67","10","2020","3","39.984189","-75.23765","2200","6","0","0","0","0","0","0","0","0","","0","0","0","","","1","N","0","","39 59:03.080","","0","75 14:15.540","3","0","0","0","67301","0","0","0","N","0","0","0","2","67301","0","","1.0","","1","N","N","N","0","","1","0","1","0","0","","","2","1","0","0","0","0","0","2","1","2","","03","","N","","","","","","","","","",""
"2020113984","1430","1","0","0","0","0","0","0","0","0","7","0","","67","12","2020","1","40.035383","-75.017395","1415","6","0","0","0","1","0","0","0","0","","0","0","0","","","1","N","0","","40 02:07.379","1","0","75 01:02.621","8","0","0","0","67301","0","0","0","N","0","0","0","2","68K01","0","","4.0","1500.0","9","N","N","N","0","","0","0","0","0","0","N","","1","1","0","0","0","1","0","2","0","1","","03","","N","","","","","","","","","",""
"2020084407","1650","1","0","0","0","0","0","0","0","0","1","0","","67","10","2020","6","40.0262","-75.16915","1649","6","0","0","0","0","0","1","1","0","","0","0","0","","","4","","1","","40 01:34.321","","0","75 10:08.941","2","0","0","0","67301","0","0","0","N","0","0","0","5","67301","0","","1.0","","1","N","N","N","2","","3","1","0","3","2","","","3","4","2","0","1","0","0","2","0","3","","03","","N","","","","","","","","","",""
"2020106646","1548","3","0","0","0","0","0","0","0","0","1","0","","67","12","2020","4","39.986825","-75.135853","1543","6","0","0","0","0","0","1","0","0","","0","0","0","","","0","","1","","39 59:12.570","","0","75 08:09.070","9","0","0","0","67301","0","0","0","N","0","0","0","3","67301","0","","1.0","","9","N","N","Y","0","","0","0","0","3","2","","","3","0","1","0","0","0","2","2","0","3","","","","N","","","","","","","","","",""
"2020112991","1846","1","0","0","0","0","0","0","0","0","8","0","","67","12","2020","2","40.012947","-75.155367","1841","6","0","0","0","0","0","0","0","0","","0","0","0","","","1","","1","","40 00:46.609","","0","75 09:19.321","3","0","0","0","67301","1","0","0","N","1","0","0","2","67301","0","","1.0","","1","N","N","N","0","","1","0","0","3","3","","","2","1","0","0","0","0","0","2","0","1","","03","","N","","","","","","","","","",""
"2020111935","2007","1","0","0","0","0","0","0","0","0","1","0","","67","12","2020","5","39.990399","-75.18668","1959","6","0","0","0","0","0","0","0","0","","0","0","0","","","0","N","0","","39 59:25.437","","0","75 11:12.048","0","0","0","0","67301","0","0","0","N","0","0","0","2","67301","0","","1.0","","9","N","N","N","0","","0","0","1","0","0","","","2","0","1","0","0","0","0","2","0","2","","07","","N","","","","","","","","","",""
"2020090644","1846","2","0","0","0","0","0","0","0","0","2","0","","67","10","2020","2","40.019733","-75.148959","1842","6","0","0","0","0","0","0","0","0","","0","0","0","","","1","N","0","","40 01:11.040","","3","75 08:56.251","3","0","0","0","67301","0","0","0","N","0","0","0","5","67301","0","","1.0","","9","N","N","N","0","","1","0","0","0","0","","","2","1","0","0","0","0","0","2","0","2","","","","N","","","","","","","","","",""
"2020113603","2123","3","0","0","0","0","0","0","0","0","5","0","","67","12","2020","6","40.017296","-75.173337","2121","6","0","0","0","1","0","0","0","0","","0","0","0","","","0","N","0","","40 01:02.267","","0","75 10:24.014","9","0","0","0","67301","0","0","0","N","0","0","0","3","67301","0","","1.0","","1","N","N","Y","0","","0","0","0","0","0","","","3","0","0","0","0","0","2","2","0","3","","","","N","","","","","","","","","",""
"2020104393","0919","1","0","0","0","0","0","0","0","0","4","0","","67","12","2020","5","39.995651","-75.078741","0910","6","0","0","0","0","0","1","0","0","","0","0","0","","","1","","1","","39 59:44.343","","0","75 04:43.467","3","0","0","0","67301","0","0","0","N","0","0","0","2","67301","0","","1.0","","1","N","N","N","1","","1","0","0","3","3","","","2","1","0","0","0","0","0","2","0","2","","","","N","","","","","","","","","",""
"2020085567","0057","1","0","0","0","0","0","0","0","0","7","0","","67","10","2020","2","39.987899","-75.20747","0042","6","0","0","0","0","0","0","0","0","","0","0","0","","","0","N","0","","39 59:16.438","3","0","75 12:26.893","0","0","0","0","67301","0","0","0","N","0","0","0","1","68K01","0","","4.0","30.0","9","N","N","N","0","","0","0","0","0","0","N","","1","0","0","0","0","0","0","2","0","1","","07","","N","","","","","","","","","",""
"2020106886","2145","1","0","0","0","0","0","0","0","0","4","0","","67","12","2020","5","40.075293","-75.160427","2139","6","0","0","0","0","0","1","0","0","","0","0","0","","","1","","1","","40 04:31.053","","0","75 09:37.536","3","0","0","0","67301","0","0","0","N","0","0","0","2","67301","0","","1.0","","1","N","N","N","0","","1","0","1","3","2","","","2","1","0","0","0","0","0","2","0","2","","03","","N","","","","","","","","","",""
"2020099980","0820","1","0","0","0","0","0","0","0","0","6","0","","67","11","2020","6","39.921042","-75.228921","0808","6","0","0","0","0","0","0","0","0","","0","0","0","","","1","","1","","39 55:15.752","","0","75 13:44.116","3","0","0","0","67301","0","0","0","N","0","0","0","2","67301","0","","1.0","","1","N","N","N","1","","1","0","1","3","2","","","3","1","1","0","0","0","1","2","0","3","","03","","N","","","","","","","","","",""
"2020083696","1635","2","0","0","0","0","0","0","0","0","4","0","","67","10","2020","5","39.936752","-75.173579","1627","6","0","0","0","0","0","0","0","0","","0","0","0","","","0","","1","","39 56:12.307","","0","75 10:24.884","0","0","0","0","67301","0","0","0","N","0","0","0","2","67301","0","","1.0","","1","N","N","N","0","","0","0","0","3","3","","","2","0","0","0","0","0","0","2","0","2","","03","","N","","","","","","","","","",""
"2020106638","0859","0","0","0","0","0","0","0","0","0","4","0","","67","12","2020","4","40.030614","-75.054773","0855","6","0","0","0","0","0","0","0","0","","0","0","0","","","1","","1","","40 01:50.211","1","0","75 03:17.181","3","0","0","0","67301","0","0","0","N","0","0","0","4","67301","0","","1.0","35.0","1","N","N","N","0","","1","0","1","3","2","N","","2","1","0","0","0","0","0","2","1","2","","03","","N","","","","","","","","","",""
"2020106817","1908","1","0","0","0","0","0","0","0","0","4","0","","67","12","2020","4","40.034904","-75.184358","1906","6","0","0","0","0","0","1","0","0","","0","0","0","","","1","","1","","40 02:05.655","3","0","75 11:03.688","3","0","0","0","67301","0","0","0","N","0","0","0","2","67301","0","","1.0","1935.0","9","N","N","N","0","","1","0","1","3","2","N","","2","1","0","0","0","0","0","2","0","2","","98","","N","","","","","","","","","",""
"2020083916","0820","2","0","0","0","0","0","0","0","0","4","0","","67","10","2020","4","40.00194","-75.140075","0815","6","0","0","0","0","0","1","0","0","","0","0","0","","","0","","1","","40 00:06.984","","0","75 08:24.270","0","0","0","0","67301","0","0","0","N","0","0","0","2","67301","0","","1.0","","1","N","N","N","0","","0","0","0","3","3","","","2","0","0","0","0","0","0","2","0","2","","03","","N","","","","","","","","","",""
"2020086191","1550","2","0","0","0","0","0","0","0","0","4","0","","67","10","2020","2","40.005033","-75.080361","1537","6","0","0","0","1","0","0","0","0","","0","0","0","","","2","","1","","40 00:18.118","","0","75 04:49.299","3","0","0","0","67301","0","0","0","N","0","0","0","3","67301","0","","1.0","","9","N","N","N","0","","2","0","1","3","3","","","3","2","0","0","0","0","0","2","0","3","","07","","N","","","","","","","","","",""
"2020108752","1643","1","0","0","0","0","0","0","0","0","4","0","","67","12","2020","4","39.953609","-75.198625","1643","6","0","0","0","0","0","0","0","0","","0","0","0","","","0","","1","","39 57:12.991","","0","75 11:55.051","0","0","0","0","67301","0","0","0","N","0","0","0","4","67504","0","","1.0","","7","N","N","N","1","","0","0","0","1","2","N","","2","0","0","0","0","0","0","2","0","2","","02","","N","","","","","","","","","",""
"2020109330","0610","0","0","0","0","0","0","0","0","0","7","0","","67","12","2020","7","39.886467","-75.205924","0546","6","0","0","0","0","0","0","0","0","","0","0","0","","","0","N","0","","39 53:11.282","1","0","75 12:21.326","0","0","0","0","67301","0","0","0","N","0","0","0","1","68K01","0","","4.0","635.0","9","N","N","N","0","","0","0","1","0","0","N","","1","0","1","0","0","0","0","2","0","1","","","","N","","","","","","","","","",""
"2020103737","1120","0","0","0","0","0","0","0","0","0","1","0","","67","12","2020","3","39.938492","-75.142105","1120","6","0","0","0","0","0","0","0","0","","0","0","0","","","3","","2","","39 56:18.571","","2","75 08:31.577","3","0","0","0","67301","0","0","0","N","0","0","0","4","67301","0","","1.0","","1","N","N","N","0","","3","0","1","3","2","","","2","3","2","0","0","0","0","2","1","2","","","","N","","","","","","","","","",""
"2020111187","1759","3","0","0","0","0","0","0","0","0","1","0","","67","12","2020","3","39.959585","-75.162057","1757","6","0","0","1","0","0","1","0","0","","0","0","0","","","3","","1","","39 57:34.505","2","0","75 09:43.405","3","0","0","0","67301","0","0","0","N","0","0","0","5","67301","0","","1.0","1855.0","1","N","N","N","0","","3","0","1","3","2","Y","","4","3","0","0","0","0","0","2","0","4","","03","","N","","","","","","","","","",""
"2020113986","2307","0","0","0","0","0","0","0","0","0","7","0","","67","12","2020","1","40.009308","-75.204988","2301","6","0","0","0","0","0","0","0","0","","0","0","0","","","0","N","0","","40 00:33.509","","0","75 12:17.956","9","0","0","0","67301","0","0","0","N","0","0","0","1","68K01","0","","4.0","","1","N","N","N","0","","0","0","1","0","0","","","1","0","0","0","0","0","1","2","0","1","","03","","N","","","","","","","","","",""
"2020105323","0130","2","0","0","0","0","0","0","0","0","5","0","","67","12","2020","7","40.018083","-75.151","0126","6","0","0","0","0","0","1","0","0","","0","0","0","","","1","N","0","","40 01:05.100","","0","75 09:03.600","3","0","0","0","67301","0","0","0","N","0","0","0","1","67301","0","","6.0","","9","N","N","N","0","","1","0","2","0","0","","","4","1","1","0","0","0","0","2","0","4","","","","N","","","","","","","","","",""
"2020085480","0718","0","0","0","0","0","0","0","0","0","4","0","","67","10","2020","3","40.027845","-75.035359","0708","6","0","0","0","0","0","1","0","0","","0","0","0","","","0","","1","","40 01:40.241","","0","75 02:07.292","0","0","0","0","67301","0","0","0","N","0","0","0","2","67301","0","","1.0","","9","N","N","N","0","","0","0","2","3","3","","","2","0","0","0","0","0","0","2","0","2","","","","N","","","","","","","","","",""
"2020109463","1757","2","0","0","0","0","0","0","0","0","2","0","","67","12","2020","5","40.020378","-75.141107","1757","6","0","0","0","0","0","0","0","0","","0","0","0","","","2","N","0","","40 01:13.362","","0","75 08:27.985","3","0","0","0","67301","0","0","0","N","0","0","0","2","67301","0","","1.0","","2","N","N","N","0","","1","0","0","0","0","","","2","2","0","0","0","1","0","2","0","2","","","","N","","","","","","","","","",""
"2020092347","1752","2","0","0","0","0","0","0","0","0","4","0","","67","10","2020","1","39.953846","-75.220097","1747","6","0","0","0","0","0","0","0","0","","0","0","0","","","0","","1","","39 57:13.845","","0","75 13:12.349","0","0","0","0","67301","0","0","0","N","0","0","0","1","67301","0","","1.0","","1","N","N","N","1","","0","0","0","3","2","","","3","0","0","0","0","0","0","2","0","3","","","","N","","","","","","","","","",""