"CRN","ARRIVAL_TM","AUTOMOBILE_COUNT","BELTED_DEATH_COUNT","BELTED_SUSP_SERIOUS_INJ_COUNT","BICYCLE_COUNT","BICYCLE_DEATH_COUNT","BICYCLE_SUSP_SERIOUS_INJ_COUNT","BUS_COUNT","CHLDPAS_DEATH_COUNT","CHLDPAS_SUSP_SERIOUS_INJ_COUNT","COLLISION_TYPE","COMM_VEH_COUNT","CONS_ZONE_SPD_LIM","COUNTY","CRASH_MONTH","CRASH_YEAR","DAY_OF_WEEK","DEC_LATITUDE","DEC_LONGITUDE","DISPATCH_TM","DISTRICT","DRIVER_COUNT_16YR","DRIVER_COUNT_17YR","DRIVER_COUNT_18YR","DRIVER_COUNT_19YR","DRIVER_COUNT_20YR","DRIVER_COUNT_50_64YR","DRIVER_COUNT_65_74YR","DRIVER_COUNT_75PLUS","EST_HRS_CLOSED","FATAL_COUNT","HEAVY_TRUCK_COUNT","HORSE_BUGGY_COUNT","HOUR_OF_DAY","ILLUMINATION","INJURY_COUNT","INTERSECTION_RELATED","INTERSECT_TYPE","LANE_CLOSED","LATITUDE","LN_CLOSE_DIR","LOCATION_TYPE","LONGITUDE","MAX_SEVERITY_LEVEL","MCYCLE_DEATH_COUNT","MCYCLE_SUSP_SERIOUS_INJ_COUNT","MOTORCYCLE_COUNT","MUNICIPALITY","NONMOTR_COUNT","NONMOTR_DEATH_COUNT","NONMOTR_SUSP_SERIOUS_INJ_COUNT","NTFY_HIWY_MAINT","PED_COUNT","PED_DEATH_COUNT","PED_SUSP_SERIOUS_INJ_COUNT","PERSON_COUNT","POLICE_AGCY","POSSIBLE_INJ_COUNT","RDWY_SURF_TYPE_CD","RELATION_TO_ROAD","ROADWAY_CLEARED","ROAD_CONDITION","SCH_BUS_IND","SCH_ZONE_IND","SECONDARY_CRASH","SMALL_TRUCK_COUNT","SPEC_JURIS_CD","SUSP_MINOR_INJ_COUNT","SUSP_SERIOUS_INJ_COUNT","SUV_COUNT","TCD_FUNC_CD","TCD_TYPE","TFC_DETOUR_IND","TIME_OF_DAY","TOTAL_UNITS","TOT_INJ_COUNT","UNBELTED_OCC_COUNT","UNB_DEATH_COUNT","UNB_SUSP_SERIOUS_INJ_COUNT","UNK_INJ_DEG_COUNT","UNK_INJ_PER_COUNT","URBAN_RURAL","VAN_COUNT","VEHICLE_COUNT","WEATHER1","WEATHER2","WORKERS_PRES","WORK_ZONE_IND","WORK_ZONE_LOC","WORK_ZONE_TYPE","WZ_CLOSE_DETOUR","WZ_FLAGGER","WZ_LAW_OFFCR_IND","WZ_LN_CLOSURE","WZ_MOVING","WZ_OTHER","WZ_SHLDER_MDN","WZ_WORKERS_INJ_KILLED"
"2020109216","1037","2","0","0","0","0","0","0","0","0","1","0","","67","12","2020","6","40.029292","-75.189353","1034","6","0","0","0","2","0","1","0","0","","0","0","0","","","1","N","0","","40 01:45.450","","0","75 11:21.670","3","0","0","0","67301","0","0","0","N","0","0","0","6","67301","0","","1.0","","1","N","N","N","0","","1","0","2","0","0","","","5","1","0","0","0","0","0","2","1","5","","03","","N","","","","","","","","","",""
"2020107348","0000","0","0","0","0","0","0","0","0","0","8","0","","67","12","2020","6","40.043836","-75.138988","2359","6","0","0","0","0","0","0","0","0","","0","0","0","","","1","","1","","40 02:37.809","","0","75 08:20.356","3","0","0","0","67301","1","0","0","N","1","0","0","2","67301","0","","1.0","","1","N","N","N","0","","1","0","0","0","0","","","2","1","0","0","0","0","1","2","0","1","","03","","N","","","","","","","","","",""
"2020104483","1236","2","0","0","0","0","0","0","0","0","5","0","","67","12","2020","6","39.977361","-75.159889","1226","6","0","0","0","0","1","0","0","0","","0","0","0","","","0","N","0","","39 58:38.500","","0","75 09:35.600","9","0","0","0","67301","0","0","0","N","0","0","0","1","67505","0","","1.0","","9","N","N","N","0","","0","0","1","3","2","","","3","0","0","0","0","0","1","2","0","3","","04","","N","","","","","","","","","",""
"2020112232","2135","1","0","0","0","0","0","0","0","0","6","0","","67","12","2020","6","39.960609","-75.16185","2134","6","0","0","0","0","0","0","0","0","","0","0","0","","","1","N","0","","39 57:38.193","1","0","75 09:42.659","8","0","0","0","67301","0","0","0","N","0","0","0","2","67301","0","","1.0","30.0","1","N","N","N","0","","0","0","1","0","0","N","","2","1","0","0","0","1","0","2","0","2","","03","","N","","","","","","","","","",""
"2020083137","1942","2","0","0","0","0","0","0","0","0","5","0","","67","10","2020","2","39.95914","-75.230484","1942","6","0","0","0","0","0","0","0","0","","0","0","0","","","0","N","0","","39 57:32.905","3","0","75 13:49.744","0","0","0","0","67301","0","0","0","N","0","0","0","2","67301","0","","1.0","2100.0","1","N","N","N","0","","0","0","3","0","0","Y","","6","0","0","0","0","0","0","2","1","6","","03","","N","","","","","","","","","",""
"2020105283","0800","0","0","0","0","0","0","0","0","0","4","0","","67","12","2020","2","39.960207","-75.190892","0757","6","0","0","0","0","0","1","0","0","","0","0","0","","","3","","1","","39 57:36.745","","0","75 11:27.211","3","0","0","0","67301","0","0","0","N","0","0","0","4","67507","1","","1.0","","1","N","N","N","0","","2","0","0","3","2","","","2","3","0","0","0","0","0","2","2","2","","","","N","","","","","","","","","",""
"2020084061","1625","1","0","0","0","0","0","0","0","0","4","0","","67","10","2020","6","39.913843","-75.147639","1619","6","0","0","0","0","0","0","0","0","","0","0","0","","","1","","2","","39 54:49.834","","0","75 08:51.500","3","0","0","0","67301","0","0","0","N","0","0","0","3","67301","0","","1.0","","1","N","N","Y","0","","1","0","1","0","0","","","2","1","0","0","0","0","0","2","0","2","","03","","N","","","","","","","","","",""
"2020083373","2325","0","0","0","0","0","0","0","0","0","6","0","","67","10","2020","3","40.039005","-75.006923","2318","6","0","0","0","0","0","0","0","0","","0","0","0","","","1","N","0","","40 02:20.419","2","0","75 00:24.924","8","0","0","0","67301","0","0","0","N","0","0","0","1","67301","0","","6.0","100.0","1","N","N","N","2","","0","0","0","0","0","Y","","3","1","0","0","0","1","0","2","1","3","","03","","N","","","","","","","","","",""
"2020083017","1632","0","0","0","0","0","0","0","0","0","4","0","","67","10","2020","3","40.070784","-75.1574","1630","6","0","0","0","0","0","2","0","0","","0","0","0","","","1","","1","","40 04:14.822","","6","75 09:26.639","2","0","0","0","67301","0","0","0","N","0","0","0","2","67301","0","","1.0","","1","N","N","N","0","","0","1","1","3","2","","","2","1","0","0","0","0","0","2","0","2","","03","","N","","","","","","","","","",""
"2020086895","1700","1","0","0","0","0","0","0","0","0","4","0","","67","10","2020","3","39.966328","-75.216667","1652","6","0","0","0","0","0","0","1","0","","0","0","0","","","2","","1","","39 57:58.780","","0","75 13:00.001","3","0","0","0","67301","0","0","0","N","0","0","0","2","67301","0","","1.0","","1","N","N","N","0","","2","0","1","3","2","","","2","2","0","0","0","0","0","2","0","2","","03","","N","","","","","","","","","",""
"2020112097","1135","2","0","0","0","0","0","0","0","0","4","0","","67","12","2020","3","40.021538","-75.139814","1126","6","0","0","0","0","0","0","1","0","","0","0","0","","","1","","1","","40 01:17.537","","0","75 08:23.331","3","0","0","0","67301","0","0","0","N","0","0","0","2","67301","0","","1.0","","1","N","N","N","0","","1","0","0","3","2","","","2","1","0","0","0","0","0","2","0","2","","03","","N","","","","","","","","","",""
"2020103599","1144","1","0","0","0","0","0","0","0","0","4","0","","67","12","2020","3","39.972115","-75.233642","1144","6","0","0","0","0","0","0","1","0","","0","0","0","","","2","","1","","39 58:19.613","","0","75 14:01.111","3","0","0","0","67301","0","0","0","N","0","0","0","2","67301","0","","1.0","","1","N","N","N","0","","2","0","1","3","3","","","2","2","0","0","0","0","0","2","0","2","","03","","N","","","","","","","","","",""
"2020104389","1645","1","0","0","0","0","0","0","0","0","1","0","","67","12","2020","5","40.06469","-74.982256","1645","6","0","0","0","0","0","0","1","0","","0","0","0","","","0","","1","","40 03:52.885","","0","74 58:56.121","0","0","0","0","67301","0","0","0","N","0","0","0","2","67301","0","","1.0","","1","N","N","N","0","","0","0","1","3","2","","","2","0","0","0","0","0","0","2","0","2","","03","","N","","","","","","","","","",""
"2020111556","1925","1","0","0","0","0","0","0","0","0","1","0","","67","12","2020","1","39.892517","-75.222958","1900","6","0","0","0","0","1","0","0","0","","0","0","0","","","0","Y","0","","39 53:33.060","","0","75 13:22.650","0","0","0","0","67301","0","0","0","N","0","0","0","2","67301","0","","1.0","","9","N","N","N","0","","0","0","0","3","2","","","2","0","0","0","0","0","0","2","0","2","","03","","N","","","","","","","","","",""
"2020085039","0330","0","0","0","0","0","0","0","0","0","0","0","","67","10","2020","2","40.043544","-75.020562","0327","6","0","0","0","0","0","0","0","0","","0","0","0","","","0","N","0","","40 02:36.759","","3","75 01:14.023","0","0","0","0","67301","0","0","0","N","0","0","0","1","67301","0","","1.0","","9","N","N","N","0","","0","0","1","0","0","","","1","0","1","0","0","0","0","2","0","1","","","","N","","","","","","","","","",""
"2020113351","2015","2","0","0","0","0","0","0","0","0","4","0","","67","12","2020","3","40.001585","-75.152798","2012","6","0","0","0","1","0","0","0","0","","0","0","0","","","1","","1","","40 00:05.705","","0","75 09:10.074","8","0","0","0","67301","0","0","0","N","0","0","0","4","67505","0","","1.0","","1","N","N","N","0","","0","0","0","3","2","","","2","1","0","0","0","1","3","2","0","2","","03","","N","","","","","","","","","",""
"2020084064","2149","1","0","0","0","0","0","0","0","0","4","0","","67","10","2020","5","39.917847","-75.224206","2144","6","0","0","0","0","0","0","0","0","","0","0","0","","","1","","2","","39 55:04.249","3","0","75 13:27.141","4","0","0","0","67301","0","0","0","N","0","0","0","3","67301","1","","1.0","45.0","1","N","N","N","0","","0","0","1","3","3","N","","2","1","1","0","0","0","0","2","0","2","","03","","N","","","","","","","","","",""
"2020113360","0110","2","0","0","0","0","0","0","0","0","5","0","","67","12","2020","3","39.955133","-75.214753","0100","6","0","0","0","1","0","0","0","0","","0","0","0","","","0","N","0","","39 57:18.480","","0","75 12:53.110","0","0","0","0","67301","0","0","0","N","0","0","0","1","67301","0","","1.0","","1","N","N","Y","0","","0","0","1","0","0","","","3","0","1","0","0","0","0","2","0","3","","03","","N","","","","","","","","","",""
"2020105018","0845","1","0","0","0","0","0","0","0","0","4","0","","67","12","2020","7","39.957049","-75.245868","0837","6","0","0","0","0","0","0","1","0","","0","0","0","","","2","","1","","39 57:25.376","","0","75 14:45.124","4","0","0","0","67301","0","0","0","N","0","0","0","2","67301","2","","1.0","","9","N","N","N","0","","0","0","2","3","2","","","3","2","0","0","0","0","0","2","0","3","","04","","N","","","","","","","","","",""
"2020110820","0905","1","0","0","0","0","0","0","0","0","4","0","","67","12","2020","2","39.968939","-75.159927","0905","6","0","0","0","0","0","0","1","0","","0","0","0","","","1","","1","","39 58:08.181","","0","75 09:35.736","3","0","0","0","67301","0","0","0","N","0","0","0","2","67301","0","","1.0","","9","N","N","N","0","","1","0","1","3","2","","","2","1","0","0","0","0","0","2","0","2","","03","","N","","","","","","","","","",""
"2020084494","0049","1","0","0","0","0","0","0","0","0","4","0","","67","10","2020","2","40.106469","-74.998884","0042","6","0","0","0","0","0","0","0","1","","0","0","0","","","1","","2","","40 06:23.287","","0","74 59:55.982","3","0","0","0","67301","0","0","0","N","0","0","0","2","67301","0","","1.0","","1","N","N","N","1","","1","0","0","3","2","","","2","1","0","0","0","0","0","2","0","2","","03","","N","","","","","","","","","",""
"2020085040","2108","2","0","0","0","0","0","0","0","0","4","0","","67","10","2020","6","39.974598","-75.199484","2103","6","0","0","0","0","0","1","0","0","","0","0","0","","","2","","1","","39 58:28.552","","2","75 11:58.141","8","0","0","0","67301","0","0","0","N","0","0","0","6","67301","0","","1.0","","1","N","N","N","0","","0","0","1","3","2","","","3","2","0","0","0","2","1","2","0","3","","","","N","","","","","","","","","",""
"2020110364","0007","0","0","0","0","0","0","0","0","0","2","0","","67","12","2020","5","40.104091","-75.028053","2359","6","0","0","0","0","0","0","0","0","","0","0","0","","","1","N","0","","40 06:14.729","","0","75 01:40.989","3","0","0","0","67301","0","0","0","N","0","0","0","2","67301","0","","1.0","","6","N","N","N","0","","1","0","2","0","0","","","2","1","0","0","0","0","0","2","0","2","","04","","N","","","","","","","","","",""
"2020112463","2057","2","0","0","0","0","0","0","0","0","5","0","","67","12","2020","7","40.044611","-75.069361","2052","6","0","0","0","0","0","0","0","0","","0","0","0","","","0","N","0","","40 02:40.600","1","0","75 04:09.700","0","0","0","0","67301","0","0","0","N","0","0","0","1","67301","0","","6.0","2225.0","1","N","N","N","0","","0","0","0","0","0","Y","","4","0","0","0","0","0","0","2","2","4","","03","","N","","","","","","","","","",""
"2020113098","1848","3","0","0","0","0","0","0","0","0","5","0","","67","12","2020","7","40.00496","-75.076043","1844","6","0","0","0","0","0","0","0","0","","0","0","0","","","0","N","0","","40 00:17.857","","0","75 04:33.754","9","0","0","0","67301","0","0","0","N","0","0","0","3","68K01","0","","1.0","","1","N","N","N","0","","0","0","0","0","0","","","3","0","0","0","0","0","2","2","0","3","","","","N","","","","","","","","","",""
"2020084334","1212","1","0","0","0","0","0","0","0","0","4","0","","67","10","2020","7","39.955258","-75.240146","1204","6","0","0","0","0","0","1","0","0","","0","0","0","","","1","","1","","39 57:18.928","","0","75 14:24.525","3","0","0","0","67301","0","0","0","N","0","0","0","2","67301","0","","1.0","","1","N","N","N","1","","1","0","0","3","2","","","2","1","0","0","0","0","0","2","0","2","","03","","N","","","","","","","","","",""
"2020102588","1412","2","0","0","0","0","0","0","0","0","4","0","","67","11","2020","7","40.032205","-75.089617","1359","6","0","0","0","0","0","1","0","0","","0","0","0","","","1","","2","","40 01:55.938","","0","75 05:22.620","3","0","0","0","67301","0","0","0","N","0","0","0","2","67301","0","","1.0","","1","N","N","N","0","","1","0","0","3","3","","","2","1","0","0","0","0","1","2","0","2","","","","N","","","","","","","","","",""
"2020083332","1120","1","0","0","0","0","0","0","0","0","4","0","","67","10","2020","4","40.068525","-75.039816","1116","6","0","0","0","0","0","1","0","0","","0","0","0","","","2","","2","","40 04:06.691","1","0","75 02:23.339","3","0","0","0","67301","0","0","0","N","0","0","0","3","67301","0","","1.0","1140.0","1","N","N","Y","0","","2","0","2","0","0","N","","3","2","0","0","0","0","0","2","0","3","","03","","N","","","","","","","","","",""
"2020102080","0150","2","0","0","0","0","0","0","0","0","4","0","","67","11","2020","6","40.025376","-75.073317","0146","6","0","0","0","0","1","0","0","0","","0","0","0","","","6","","1","","40 01:31.355","6","0","75 04:23.942","3","0","0","0","67301","0","0","0","N","0","0","0","6","67301","0","","1.0","300.0","1","N","N","N","0","","6","0","0","3","2","Y","","2","6","0","0","0","0","0","2","0","2","","03","","N","","","","","","","","","",""
"2020090258","2105","0","0","0","0","0","0","0","0","0","5","1","","67","10","2020","4","40.008523","-75.170138","2104","6","0","0","0","0","0","1","0","0","","0","1","0","","","2","N","0","","40 00:30.684","","0","75 10:12.495","8","0","0","0","67301","0","0","0","N","0","0","0","3","67301","0","","1.0","","1","N","N","N","0","","0","0","1","0","0","","","3","2","0","0","0","2","0","2","0","3","","03","","N","","","","","","","","","",""
"2020109382","1723","2","0","0","0","0","0","0","0","0","1","0","45","67","12","2020","6","39.996277","-75.082573","1703","6","0","0","0","0","1","0","0","0","","0","0","0","","","2","N","0","","39 59:46.596","1","0","75 04:57.261","3","0","0","0","67301","0","0","0","N","0","0","0","3","68K01","0","","1.0","20.0","1","N","N","N","0","","2","0","0","0","0","N","","2","2","2","0","0","0","0","2","0","2","","","N","Y","2","1","","","N","","","","Y","N"
"2020084101","1141","1","0","0","0","0","0","0","0","0","5","0","","67","10","2020","6","40.046158","-75.135141","1141","6","0","0","0","0","0","0","1","0","","0","0","0","","","0","N","0","","40 02:46.168","","0","75 08:06.508","0","0","0","0","67301","0","0","0","N","0","0","0","2","67301","0","","1.0","","1","N","N","N","0","","0","0","1","0","0","","","2","0","0","0","0","0","0","2","0","2","","","","N","","","","","","","","","",""
"2020102216","1525","1","0","0","0","0","0","0","0","0","8","0","","67","11","2020","6","40.038705","-75.044196","1520","6","0","0","0","0","0","0","0","0","","0","0","0","","","1","","1","","40 02:19.338","","0","75 02:39.107","8","0","0","0","67301","1","0","0","N","1","0","0","2","67301","0","","1.0","","1","N","N","N","0","","0","0","0","0","0","","","2","1","0","0","0","1","0","2","0","1","","","","N","","","","","","","","","",""
"2020082596","1122","1","0","0","1","0","0","0","0","0","8","0","","67","10","2020","3","39.95337","-75.196533","1120","6","0","0","0","0","0","0","0","0","","0","0","0","","","1","N","0","","39 57:12.132","","0","75 11:47.517","4","0","0","0","67301","1","0","0","N","0","0","0","2","67504","1","","1.0","","1","N","N","N","0","","0","0","0","0","0","","","2","1","0","0","0","0","0","2","0","1","","","","N","","","","","","","","","",""
"2020105116","1350","1","0","0","0","0","0","0","0","0","4","0","","67","12","2020","7","39.972436","-75.138918","1342","6","0","0","0","0","0","0","0","0","","0","0","0","","","0","","1","","39 58:20.769","","0","75 08:20.104","0","0","0","0","67301","0","0","0","N","0","0","0","3","67301","0","","1.0","","1","N","N","N","0","","0","0","1","3","2","","","2","0","0","0","0","0","0","2","0","2","","03","","N","","","","","","","","","",""
"2020099672","2024","1","0","0","0","0","0","0","0","0","4","0","","67","11","2020","5","40.018922","-75.049504","2022","6","0","1","0","0","0","0","0","0","","0","0","0","","","2","","1","","40 01:08.120","1","0","75 02:58.216","3","0","0","0","67301","0","0","0","N","0","0","0","4","67301","0","","1.0","2120.0","1","N","N","N","0","","2","0","1","3","3","N","","2","2","0","0","0","0","0","2","0","2","","03","","N","","","","","","","","","",""
"2020089090","1642","1","0","0","0","0","0","0","0","0","1","0","","67","10","2020","3","39.925758","-75.194045","1629","6","0","0","0","0","0","1","0","0","","0","0","0","","","1","N","0","","39 55:32.729","3","0","75 11:38.562","3","0","0","0","67301","0","0","0","N","0","0","0","3","68K01","0","","1.0","1655.0","1","N","N","N","1","","1","0","1","0","0","N","","3","1","0","0","0","0","0","2","0","3","","03","","N","","","","","","","","","",""
"2020087787","1410","1","0","0","0","0","0","0","0","0","2","0","","67","10","2020","2","40.081033","-75.028853","1404","6","0","0","0","0","0","0","0","0","","0","0","0","","","1","","1","","40 04:51.720","","0","75 01:43.870","8","0","0","0","67301","0","0","0","N","0","0","0","2","67301","0","","1.0","","1","N","N","N","0","","0","0","1","3","2","","","2","1","0","0","0","1","0","2","0","2","","03","","N","","","","","","","","","",""
"2020096984","1152","1","0","0","0","0","0","0","0","0","4","0","","67","11","2020","5","39.914833","-75.151422","1149","6","0","0","0","0","0","0","0","0","","0","0","0","","","0","N","0","","39 54:53.400","","0","75 09:05.120","0","0","0","0","67301","0","0","0","N","0","0","0","1","67301","0","","1.0","","9","N","N","N","0","","0","0","1","0","0","","","2","0","0","0","0","0","0","2","0","2","","","","N","","","","","","","","","",""
"2020083558","1749","0","0","0","0","0","0","0","0","0","4","0","","67","10","2020","4","40.060813","-75.068057","1742","6","0","0","0","0","0","0","0","0","","0","1","0","","","1","","1","","40 03:38.926","5","0","75 04:05.005","3","0","0","0","67301","0","0","0","N","0","0","0","2","67301","0","","1.0","1820.0","1","N","N","N","1","","1","0","2","3","2","Y","","4","1","0","0","0","0","0","2","0","4","","","","N","","","","","","","","","",""
"2020108701","1705","1","0","0","0","0","0","0","0","0","8","0","","67","12","2020","3","39.915964","-75.157567","1703","6","0","0","0","0","0","0","0","0","","0","0","0","","","1","N","0","","39 54:57.470","2","0","75 09:27.240","3","0","0","0","67301","1","0","0","N","1","0","0","2","67301","0","","1.0","1900.0","1","N","N","N","0","","1","0","0","0","0","Y","","2","1","0","0","0","0","1","2","0","1","","03","","N","","","","","","","","","",""
"2020106079","1922","1","0","0","0","0","0","0","0","0","5","0","","67","12","2020","2","39.962735","-75.246806","1835","6","0","0","0","0","0","1","0","0","","0","0","0","","","1","","2","","39 57:45.845","","0","75 14:48.500","3","0","0","0","67301","0","0","0","N","0","0","0","2","67301","0","","1.0","","1","N","N","N","1","","1","0","0","3","2","","","2","1","0","0","0","0","1","2","0","2","","03","","N","","","","","","","","","",""
"2020105316","1305","1","0","0","0","0","0","0","0","0","4","0","","67","12","2020","6","39.93973","-75.225514","1305","6","0","0","0","0","0","0","0","0","","0","0","0","","","1","","1","","39 56:23.027","","0","75 13:31.850","3","0","0","0","67301","0","0","0","N","0","0","0","2","67301","0","","1.0","","1","N","N","N","0","","1","0","1","9","2","","","2","1","0","0","0","0","1","2","0","2","","","","N","","","","","","","","","",""
"2020107349","1202","2","0","0","0","0","0","0","0","0","4","0","","67","12","2020","1","40.041891","-75.144002","1202","6","0","0","0","0","0","0","0","0","","0","0","0","","","1","N","0","","40 02:30.807","5","7","75 08:38.407","4","0","0","0","67301","0","0","0","N","0","0","0","4","67301","1","","1.0","245.0","9","N","N","N","0","","0","0","1","0","0","Y","","3","1","0","0","0","0","0","2","0","3","","","","N","","","","","","","","","",""
"2020099878","0100","1","0","0","0","0","0","0","0","0","5","0","","67","11","2020","6","40.015319","-75.137275","0100","6","0","0","0","0","0","0","0","0","","0","0","0","","","0","N","0","","40 00:55.150","","0","75 08:14.190","9","0","0","0","67301","0","0","0","N","0","0","0","1","67301","0","","6.0","","1","N","N","N","0","","0","0","4","0","0","","","7","0","0","0","0","0","1","2","2","7","","03","","N","","","","","","","","","",""
"2020109083","0910","2","0","0","0","0","0","0","0","0","4","0","","67","12","2020","3","40.043315","-75.147093","0851","6","0","0","0","0","0","0","1","0","","0","0","0","","","1","","1","","40 02:35.933","1","0","75 08:49.534","4","0","0","0","67301","0","0","0","N","0","0","0","3","67301","1","","1.0","100.0","1","N","N","N","0","","0","0","1","3","3","Y","","3","1","0","0","0","0","1","2","0","3","","03","","N","","","","","","","","","",""
"2020090142","0351","1","0","0","0","0","0","0","0","0","5","0","","67","10","2020","2","39.999561","-75.114864","0333","6","0","0","0","0","0","0","0","0","","0","0","0","","","0","N","0","","39 59:58.420","","0","75 06:53.510","0","0","0","0","67301","0","0","0","N","0","0","0","1","67301","0","","6.0","","9","N","N","N","0","","0","0","1","0","0","","","3","0","0","0","0","0","0","2","1","3","","07","","N","","","","","","","","","",""
"2020088081","1456","1","0","0","0","0","0","0","0","0","4","0","","67","10","2020","7","39.984286","-75.161622","1455","6","0","0","0","0","0","0","0","0","","0","0","0","","","0","","1","","39 59:03.429","","0","75 09:41.838","0","0","0","0","67301","0","0","0","N","0","0","0","2","67301","0","","1.0","","1","N","N","N","0","","0","0","0","3","3","","","2","0","0","0","0","0","0","2","1","2","","03","","N","","","","","","","","","",""
"2020110393","1835","2","0","0","0","0","0","0","0","0","4","0","","67","12","2020","6","40.027379","-75.147178","1831","6","0","0","0","0","0","0","1","0","","0","0","0","","","2","N","0","","40 01:38.565","","0","75 08:49.839","3","0","0","0","67301","0","0","0","N","0","0","0","2","67301","0","","1.0","","2","N","N","N","0","","2","0","0","0","0","","","2","2","1","0","0","0","0","2","0","2","","","","N","","","","","","","","","",""
"2020091349","1909","0","0","0","1","0","1","0","0","0","8","0","","67","10","2020","7","40.047528","-75.142944","1909","6","0","0","0","0","0","0","0","0","","0","0","0","","","1","","1","","40 02:51.100","","0","75 08:34.600","2","0","0","0","67301","1","0","1","N","0","0","0","2","67301","0","","1.0","","1","N","N","N","0","","0","1","1","3","2","","","2","1","0","0","0","0","1","2","0","1","","03","","N","","","","","","","","","",""
"2020106888","0254","3","0","0","0","0","0","0","0","0","5","0","","67","12","2020","6","39.980278","-75.18125","0253","6","0","0","0","0","0","0","0","0","","0","0","0","","","0","N","0","","39 58:49.000","","0","75 10:52.500","0","0","0","0","67301","0","0","0","N","0","0","0","1","67301","0","","6.0","","1","N","N","N","0","","0","0","0","0","0","","","3","0","1","0","0","0","0","2","0","3","","","","N","","","","","","","","","",""
"2020106887","1921","0","0","0","0","0","0","0","0","0","8","0","","67","12","2020","5","39.9837","-75.184783","1919","6","0","0","0","0","0","1","0","0","","0","0","0","","","1","","1","","39 59:01.320","","0","75 11:05.218","3","0","0","0","67301","1","0","0","N","1","0","0","2","67301","0","","1.0","","1","N","N","N","0","","1","0","1","3","3","","","2","1","0","0","0","0","0","2","0","1","","","","N","","","","","","","","","",""
"2020092329","0937","1","0","0","0","0","0","0","0","0","4","0","","67","10","2020","1","39.921017","-75.22412","0930","6","0","0","0","0","0","0","0","0","","0","0","0","","","1","","1","","39 55:15.660","","0","75 13:26.832","3","0","0","0","67301","0","0","0","N","0","0","0","2","67301","0","","1.0","","1","N","N","N","0","","1","0","1","3","2","","","2","1","1","0","0","0","0","2","0","2","","04","","N","","","","","","","","","",""
"2020088209","1544","1","0","0","0","0","0","0","0","0","4","0","","67","10","2020","3","40.037203","-75.053008","1536","6","0","0","0","0","0","0","1","0","","0","0","0","","","2","","1","","40 02:13.930","","0","75 03:10.828","4","0","0","0","67301","0","0","0","N","0","0","0","2","67301","2","","1.0","","1","N","N","N","0","","0","0","1","3","2","","","2","2","0","0","0","0","0","2","0","2","","","","N","","","","","","","","","",""
"2020113598","1610","0","0","0","0","0","0","0","0","0","8","0","","67","12","2020","2","39.924385","-75.169738","1605","6","0","0","0","0","0","0","0","1","","0","0","0","","","1","","1","","39 55:27.786","","0","75 10:11.056","4","0","0","0","67301","1","0","0","N","1","0","0","2","67301","1","","1.0","","1","N","N","N","0","","0","0","1","3","2","","","2","1","0","0","0","0","0","2","0","1","","03","","N","","","","","","","","","",""
"2020113667","2140","0","0","0","0","0","0","0","0","0","7","0","","67","12","2020","4","40.007014","-75.199718","2134","6","0","0","0","0","0","1","0","0","","0","0","0","","","2","N","0","","40 00:25.251","3","0","75 11:58.984","4","0","0","0","67301","0","0","0","N","0","0","0","2","68K01","2","","3.0","2215.0","7","N","N","N","0","","0","0","1","0","0","N","","1","2","0","0","0","0","0","2","0","1","","","","N","","","","","","","","","",""
"2020084157","0430","1","0","0","0","0","0","0","0","0","4","0","","67","10","2020","4","39.919855","-75.227538","0421","6","0","0","0","0","0","0","0","0","","0","0","0","","","0","","1","","39 55:11.478","","0","75 13:39.136","0","0","0","0","67301","0","0","0","N","0","0","0","2","67301","0","","1.0","","1","N","N","N","0","","0","0","1","3","2","","","2","0","0","0","0","0","0","2","0","2","","","","N","","","","","","","","","",""
"2020113601","0945","0","0","0","0","0","0","0","0","0","8","0","","67","12","2020","4","39.959661","-75.224935","0940","6","0","0","0","0","0","0","0","0","","0","0","0","","","1","N","0","","39 57:34.779","2","0","75 13:29.766","8","0","0","0","67301","1","0","0","N","1","0","0","2","67301","0","","1.0","1000.0","1","N","N","N","0","","0","0","1","0","0","Y","","2","1","0","0","0","1","0","2","0","1","","03","","N","","","","","","","","","",""
"2020087176","2243","0","0","0","1","0","0","0","0","0","8","0","","67","10","2020","1","39.942602","-75.157062","2241","6","0","0","0","0","0","0","0","0","","0","0","0","","","1","","1","","39 56:33.366","","0","75 09:25.422","4","0","0","0","67301","1","0","0","N","0","0","0","2","67301","1","","1.0","","1","N","N","N","0","","0","0","1","3","2","","","2","1","1","0","0","0","0","2","0","1","","","","N","","","","","","","","","",""
"2020084501","1647","2","0","0","0","0","0","0","0","0","4","0","","67","10","2020","1","39.957135","-75.208295","1646","6","0","1","0","0","1","0","0","0","","0","0","0","","","0","","1","","39 57:25.686","","0","75 12:29.861","0","0","0","0","67301","0","0","0","N","0","0","0","2","67504","0","","1.0","","1","N","N","Y","0","","0","0","1","3","3","","","3","0","0","0","0","0","0","2","0","3","","03","","N","","","","","","","","","",""
"2020106627","0036","3","0","0","0","0","0","0","0","0","5","0","","67","12","2020","5","40.032433","-75.108911","0025","6","0","0","0","0","0","0","0","0","","0","0","0","","","0","N","0","","40 01:56.760","","0","75 06:32.080","0","0","0","0","67301","0","0","0","N","0","0","0","1","67301","0","","6.0","","1","N","N","N","0","","0","0","0","0","0","","","3","0","0","0","0","0","0","2","0","3","","03","","N","","","","","","","","","",""