"CRN","ARRIVAL_TM","AUTOMOBILE_COUNT","BELTED_DEATH_COUNT","BELTED_SUSP_SERIOUS_INJ_COUNT","BICYCLE_COUNT","BICYCLE_DEATH_COUNT","BICYCLE_SUSP_SERIOUS_INJ_COUNT","BUS_COUNT","CHLDPAS_DEATH_COUNT","CHLDPAS_SUSP_SERIOUS_INJ_COUNT","COLLISION_TYPE","COMM_VEH_COUNT","CONS_ZONE_SPD_LIM","COUNTY","CRASH_MONTH","CRASH_YEAR","DAY_OF_WEEK","DEC_LATITUDE","DEC_LONGITUDE","DISPATCH_TM","DISTRICT","DRIVER_COUNT_16YR","DRIVER_COUNT_17YR","DRIVER_COUNT_18YR","DRIVER_COUNT_19YR","DRIVER_COUNT_20YR","DRIVER_COUNT_50_64YR","DRIVER_COUNT_65_74YR","DRIVER_COUNT_75PLUS","EST_HRS_CLOSED","FATAL_COUNT","HEAVY_TRUCK_COUNT","HORSE_BUGGY_COUNT","HOUR_OF_DAY","ILLUMINATION","INJURY_COUNT","INTERSECTION_RELATED","INTERSECT_TYPE","LANE_CLOSED","LATITUDE","LN_CLOSE_DIR","LOCATION_TYPE","LONGITUDE","MAX_SEVERITY_LEVEL","MCYCLE_DEATH_COUNT","MCYCLE_SUSP_SERIOUS_INJ_COUNT","MOTORCYCLE_COUNT","MUNICIPALITY","NONMOTR_COUNT","NONMOTR_DEATH_COUNT","NONMOTR_SUSP_SERIOUS_INJ_COUNT","NTFY_HIWY_MAINT","PED_COUNT","PED_DEATH_COUNT","PED_SUSP_SERIOUS_INJ_COUNT","PERSON_COUNT","POLICE_AGCY","POSSIBLE_INJ_COUNT","RDWY_SURF_TYPE_CD","RELATION_TO_ROAD","ROADWAY_CLEARED","ROAD_CONDITION","SCH_BUS_IND","SCH_ZONE_IND","SECONDARY_CRASH","SMALL_TRUCK_COUNT","SPEC_JURIS_CD","SUSP_MINOR_INJ_COUNT","SUSP_SERIOUS_INJ_COUNT","SUV_COUNT","TCD_FUNC_CD","TCD_TYPE","TFC_DETOUR_IND","TIME_OF_DAY","TOTAL_UNITS","TOT_INJ_COUNT","UNBELTED_OCC_COUNT","UNB_DEATH_COUNT","UNB_SUSP_SERIOUS_INJ_COUNT","UNK_INJ_DEG_COUNT","UNK_INJ_PER_COUNT","URBAN_RURAL","VAN_COUNT","VEHICLE_COUNT","WEATHER1","WEATHER2","WORKERS_PRES","WORK_ZONE_IND","WORK_ZONE_LOC","WORK_ZONE_TYPE","WZ_CLOSE_DETOUR","WZ_FLAGGER","WZ_LAW_OFFCR_IND","WZ_LN_CLOSURE","WZ_MOVING","WZ_OTHER","WZ_SHLDER_MDN","WZ_WORKERS_INJ_KILLED"
"2020084701","2025","1","0","0","0","0","0","0","0","0","5","0","","67","10","2020","1","40.100831","-75.016614","2020","6","0","0","0","0","0","0","0","0","","0","0","0","","","0","N","0","","40 06:02.990","5","0","75 00:59.810","0","0","0","0","67301","0","0","0","N","0","0","0","1","67301","0","","6.0","2130.0","9","N","N","N","1","","0","0","0","0","0","Y","","2","0","0","0","0","0","0","2","0","2","","","","N","","","","","","","","","",""
"2020108481","1750","1","0","0","0","0","0","0","0","0","4","0","","67","12","2020","3","39.979307","-75.138695","1747","6","0","0","0","0","0","0","0","0","","0","0","0","","","1","","1","","39 58:45.506","","0","75 08:19.303","3","0","0","0","67301","0","0","0","N","0","0","0","3","67301","0","","1.0","","1","N","N","N","0","","1","0","1","3","3","","","2","1","0","0","0","0","0","2","0","2","","03","","N","","","","","","","","","",""
"2020110372","2035","1","0","0","0","0","0","0","0","0","7","0","","67","12","2020","6","40.056369","-75.197115","2031","6","0","0","0","0","0","0","0","0","","0","0","0","","","0","","2","","40 03:22.927","","99","75 11:49.613","9","0","0","0","67301","0","0","0","N","0","0","0","1","67301","0","","4.0","","9","N","N","N","0","","0","0","0","3","3","","","1","0","0","0","0","0","1","2","0","1","","03","","N","","","","","","","","","",""
"2020111646","1420","2","0","0","0","0","0","0","0","0","4","0","","67","12","2020","2","39.911708","-75.172371","1410","6","0","0","0","0","0","1","0","0","","0","0","0","","","0","","1","","39 54:42.148","","0","75 10:20.534","0","0","0","0","67301","0","0","0","N","0","0","0","2","67301","0","","1.0","","1","N","N","N","0","","0","0","0","3","2","","","2","0","0","0","0","0","0","2","0","2","","03","","N","","","","","","","","","",""
"2020085392","0045","1","0","0","0","0","0","0","0","0","5","0","","67","10","2020","4","39.921971","-75.190533","0045","6","0","0","0","0","0","0","0","0","","0","0","0","","","2","N","0","","39 55:19.094","4","1","75 11:25.920","3","0","0","0","67301","0","0","0","N","0","0","0","3","67301","0","","1.0","45.0","1","N","N","N","0","","2","0","0","0","0","N","","2","2","0","0","0","0","0","2","0","2","","","","N","","","","","","","","","",""
"2020084904","2151","0","0","0","0","0","0","0","0","0","0","0","","67","10","2020","7","39.983908","-75.203186","2144","6","0","0","0","0","0","1","0","0","","0","0","0","","","1","N","0","","39 59:02.070","","0","75 12:11.468","8","0","0","1","67301","0","0","0","N","0","0","0","1","67301","0","","1.0","","1","N","N","N","0","","0","0","0","0","0","","","1","1","0","0","0","1","0","2","0","1","","03","","N","","","","","","","","","",""
"2020089003","0135","3","0","0","0","0","0","0","0","0","4","0","","67","10","2020","6","39.958087","-75.203489","0132","6","0","0","0","0","0","0","0","0","","0","0","0","","","0","","1","","39 57:29.113","","0","75 12:12.560","0","0","0","0","67301","0","0","0","N","0","0","0","2","67301","0","","1.0","","1","N","N","N","0","","0","0","1","3","3","","","4","0","0","0","0","0","0","2","0","4","","03","","N","","","","","","","","","",""
"2020088993","0755","2","0","0","0","0","0","0","0","0","2","0","","67","10","2020","6","40.098843","-75.030249","0754","6","0","0","0","0","0","0","1","0","","0","0","0","","","0","N","0","","40 05:55.833","","0","75 01:48.897","0","0","0","0","67301","0","0","0","N","0","0","0","3","67301","0","","1.0","","9","N","N","N","0","","0","0","1","0","0","","","3","0","0","0","0","0","0","2","0","3","","05","","N","","","","","","","","","",""
"2020088356","1157","1","0","0","0","0","0","0","0","0","7","0","","67","10","2020","2","39.973682","-75.193767","1157","6","0","0","0","0","0","0","0","0","","0","0","0","","","0","N","0","","39 58:25.256","","8","75 11:37.562","0","0","0","0","67301","0","0","0","N","0","0","0","1","68K01","0","","4.0","","1","N","N","Y","0","","0","0","0","0","0","","","1","0","0","0","0","0","0","2","0","1","","03","","N","","","","","","","","","",""
"2020087523","0940","1","0","0","0","0","0","0","0","0","4","0","","67","10","2020","1","39.984833","-75.237222","0940","6","0","0","0","0","0","0","0","0","","0","0","0","","","0","","5","","39 59:05.400","","0","75 14:14.000","0","0","0","0","67301","0","0","0","N","0","0","0","2","67301","0","","1.0","","1","N","N","N","0","","0","0","1","3","2","","","2","0","0","0","0","0","0","2","0","2","","03","","N","","","","","","","","","",""
"2020106819","0016","0","0","0","0","0","0","0","0","0","2","0","","67","12","2020","5","40.058916","-75.165785","0015","6","0","0","0","0","0","0","0","0","","0","0","0","","","3","N","0","","40 03:32.097","","0","75 09:56.826","3","0","0","0","67301","0","0","0","N","0","0","0","4","67301","0","","1.0","","1","N","N","N","1","","3","0","1","0","0","","","2","3","0","0","0","0","0","2","0","2","","","","N","","","","","","","","","",""
"2020104395","1420","0","0","0","0","0","0","0","0","0","8","0","","67","12","2020","5","40.013303","-75.158225","1417","6","0","0","0","0","0","0","0","0","","0","0","0","","","1","N","0","","40 00:47.890","","0","75 09:29.610","3","0","0","0","67301","1","0","0","N","1","0","0","2","67301","0","","1.0","","1","N","N","N","0","","1","0","1","3","3","","","3","1","0","0","0","0","0","2","1","2","","03","","N","","","","","","","","","",""
"2020100801","0001","5","0","0","0","0","0","0","0","0","0","0","","67","11","2020","2","40.018969","-75.084608","2359","6","0","0","0","0","0","1","0","0","","0","0","0","","","0","N","0","","40 01:08.290","","0","75 05:04.590","9","0","0","0","67301","0","0","0","N","0","0","0","2","67301","0","","1.0","","1","N","N","N","0","","0","0","2","0","0","","","7","0","0","0","0","0","1","2","0","7","","03","","N","","","","","","","","","",""
"2020090788","1947","1","0","0","0","0","0","0","0","0","7","0","","67","10","2020","6","39.950948","-75.141567","1936","6","0","0","0","1","0","1","0","0","","0","0","0","","","2","N","0","","39 57:03.414","2","0","75 08:29.640","3","0","0","0","67301","0","0","0","N","0","0","0","5","68K01","1","","4.0","2028.0","9","N","N","N","0","","1","0","1","0","0","N","","2","2","0","0","0","0","0","2","0","2","","","","N","","","","","","","","","",""
"2020086808","1703","0","0","0","0","0","0","0","0","0","4","0","","67","10","2020","7","39.999674","-75.098989","1658","6","0","0","0","0","0","0","0","0","","0","0","0","","","1","","1","","39 59:58.827","","0","75 05:56.359","4","0","0","0","67301","0","0","0","N","0","0","0","2","67301","1","","1.0","","1","N","N","N","0","","0","0","2","3","2","","","2","1","0","0","0","0","0","2","0","2","","","","N","","","","","","","","","",""
"2020099343","1104","1","0","0","0","0","0","0","0","0","2","0","","67","10","2020","2","40.041057","-75.1443","1104","6","0","0","0","0","0","0","0","0","","0","0","0","","","0","N","0","","40 02:27.806","","0","75 08:39.480","0","0","0","0","67301","0","0","0","N","0","0","0","2","67301","0","","1.0","","1","N","N","N","0","","0","0","0","3","2","","","2","0","0","0","0","0","0","2","1","2","","03","","N","","","","","","","","","",""
"2020108030","2147","1","0","0","0","0","0","0","0","0","4","0","","67","12","2020","1","39.909031","-75.241894","2147","6","0","0","0","0","0","1","0","0","","0","0","0","","","1","","1","","39 54:32.511","1","0","75 14:30.820","3","0","0","0","67301","0","0","0","N","0","0","0","2","67301","0","","9.0","2325.0","1","N","N","N","0","","1","0","1","9","2","N","","2","1","0","0","0","0","1","2","0","2","","03","","N","","","","","","","","","",""
"2020102686","0840","1","0","0","0","0","0","0","0","0","4","0","","67","11","2020","2","39.984986","-75.170749","0831","6","0","0","0","0","0","0","0","0","","0","0","0","","","2","","1","","39 59:05.949","","0","75 10:14.696","8","0","0","0","67301","0","0","0","N","0","0","0","3","67301","0","","1.0","","9","N","N","N","0","","0","0","1","3","3","","","2","2","0","0","0","2","0","2","0","2","","07","","N","","","","","","","","","",""
"2020105240","1917","4","0","0","0","0","0","0","0","0","1","0","","67","12","2020","1","39.998401","-75.128466","1907","6","0","0","0","0","0","0","0","0","","0","0","0","","","1","N","0","","39 59:54.244","","0","75 07:42.477","3","0","0","0","67301","0","0","0","N","0","0","0","1","67301","0","","4.0","","1","N","N","N","0","","1","0","0","0","0","","","4","1","1","0","0","0","0","2","0","4","","03","","N","","","","","","","","","",""
"2020110381","1925","2","0","0","0","0","0","0","0","0","4","0","","67","12","2020","6","39.990183","-75.168758","1919","6","0","0","0","0","0","0","0","0","","0","0","0","","","0","N","0","","39 59:24.660","2","0","75 10:07.530","0","0","0","0","67301","0","0","0","N","0","0","0","1","67301","0","","1.0","2115.0","2","N","N","N","0","","0","0","0","0","0","N","","2","0","1","0","0","0","0","2","0","2","","","","N","","","","","","","","","",""
"2020097729","1931","1","0","0","0","0","0","0","0","0","1","0","","67","11","2020","3","39.966472","-75.187132","1917","6","0","0","0","1","0","0","0","0","","0","0","0","","","0","N","6","","39 57:59.300","","2","75 11:13.674","0","0","0","0","67301","0","0","0","N","0","0","0","4","68K01","0","","1.0","","1","N","N","N","1","","0","0","1","0","0","","","3","0","0","0","0","0","0","2","0","3","","","","N","","","","","","","","","",""
"2020097580","1309","0","0","0","0","0","0","0","0","0","8","0","","67","10","2020","2","39.954387","-75.171366","1309","6","0","0","0","0","0","1","0","0","","0","0","0","","","1","","1","","39 57:15.792","","0","75 10:16.917","4","0","0","0","67301","1","0","0","N","1","0","0","2","67301","1","","1.0","","1","N","N","N","1","","0","0","0","3","2","","","2","1","0","0","0","0","0","2","0","1","","","","N","","","","","","","","","",""
"2020109218","0315","1","0","0","0","0","0","0","0","0","7","0","","67","12","2020","4","40.00827","-75.156377","0309","6","0","0","0","0","0","0","0","0","","0","0","0","","","0","","1","","40 00:29.772","","99","75 09:22.957","9","0","0","0","67301","0","0","0","N","0","0","0","1","67301","0","","5.0","","1","N","N","N","0","","0","0","0","3","3","","","1","0","0","0","0","0","1","2","0","1","","","","N","","","","","","","","","",""
"2020087341","0850","2","0","0","0","0","0","0","0","0","4","0","","67","10","2020","2","39.988769","-75.12018","0850","6","0","0","0","0","0","0","0","0","","0","0","0","","","0","","1","","39 59:19.569","","0","75 07:12.649","0","0","0","0","67301","0","0","0","N","0","0","0","2","67301","0","","1.0","","1","N","N","N","0","","0","0","1","3","2","","","3","0","0","0","0","0","0","2","0","3","","03","","N","","","","","","","","","",""
"2020085044","0009","0","0","0","0","0","0","0","0","0","1","0","","67","10","2020","1","40.014277","-75.104535","0009","6","0","0","0","0","0","0","0","0","","0","0","0","","","0","N","0","","40 00:51.397","","0","75 06:16.325","0","0","0","0","67301","0","0","0","N","0","0","0","4","67301","0","","1.0","","1","N","N","N","0","","0","0","1","0","0","","","2","0","1","0","0","0","0","2","1","2","","03","","N","","","","","","","","","",""
"2020102590","1231","0","0","0","1","0","0","0","0","0","8","0","","67","11","2020","7","39.951139","-75.177333","1225","6","0","0","0","0","0","0","0","0","","0","0","0","","","1","N","0","","39 57:04.100","","7","75 10:38.400","4","0","0","0","67301","1","0","0","N","0","0","0","2","67301","1","","1.0","","1","N","N","N","0","","0","0","1","0","0","","","2","1","0","0","0","0","1","2","0","1","","03","","N","","","","","","","","","",""
"2020083560","1856","1","0","0","0","0","0","0","0","0","8","0","","67","10","2020","4","40.032269","-75.045556","1851","6","0","0","0","0","0","0","0","0","","0","0","0","","","1","","1","","40 01:56.168","2","0","75 02:44.001","2","0","0","0","67301","1","0","1","N","1","0","1","3","67301","0","","1.0","330.0","1","N","N","Y","0","","0","1","0","3","2","Y","","3","1","0","0","0","0","0","2","1","2","","03","","N","","","","","","","","","",""
"2020104959","2030","4","0","0","0","0","0","0","0","0","6","0","","67","12","2020","6","39.973161","-75.224386","2027","6","0","0","0","0","0","0","0","0","","0","0","0","","","0","Y","0","","39 58:23.380","","0","75 13:27.790","9","0","0","0","67301","0","0","0","N","0","0","0","2","67301","0","","1.0","","9","N","N","N","0","","0","0","0","0","0","","","4","0","0","0","0","0","1","2","0","4","","07","","N","","","","","","","","","",""
"2020109375","1803","3","0","0","0","0","0","0","0","0","1","0","","67","12","2020","5","40.002224","-75.194493","1758","6","0","0","0","0","0","0","1","0","","0","0","0","","","0","N","0","","40 00:08.008","","0","75 11:40.176","0","0","0","0","67301","0","0","0","N","0","0","0","5","68K01","0","","1.0","","1","N","N","N","0","","0","0","1","0","0","","","4","0","0","0","0","0","0","2","0","4","","03","","N","","","","","","","","","",""
"2020104837","0608","0","0","0","0","0","0","0","0","0","7","0","","67","11","2020","7","40.045928","-75.001816","0558","6","0","0","0","0","0","0","0","0","","0","0","0","","","0","N","7","","40 02:45.339","2","2","75 00:06.539","0","0","0","0","67301","0","0","0","Y","0","0","0","1","68K01","0","","2.0","100.0","1","N","N","N","0","","0","0","1","0","0","N","","1","0","0","0","0","0","0","2","0","1","","","","N","","","","","","","","","",""
"2020112401","2242","2","0","0","0","0","0","0","0","0","5","0","","67","12","2020","5","40.001844","-75.174369","2239","6","0","0","0","0","0","0","0","0","","0","0","0","","","1","N","0","","40 00:06.640","5","0","75 10:27.730","3","0","0","0","67301","0","0","0","N","0","0","0","2","67301","0","","1.0","2315.0","9","N","N","N","0","","1","0","0","0","0","N","","2","1","2","0","0","0","0","2","0","2","","07","","N","","","","","","","","","",""
"2020104881","1605","2","0","0","0","0","0","0","0","0","2","0","","67","12","2020","3","40.013149","-75.081002","1601","6","0","0","0","0","0","0","0","0","","0","0","0","","","2","","1","","40 00:47.336","","0","75 04:51.607","3","0","0","0","67301","0","0","0","N","0","0","0","3","67301","1","","1.0","","1","N","N","N","0","","1","0","0","3","3","","","2","2","0","0","0","0","0","2","0","2","","","","N","","","","","","","","","",""
"2020108705","1100","2","0","0","0","0","0","0","0","0","4","0","","67","12","2020","3","39.955456","-75.227861","1058","6","0","0","0","0","0","0","0","0","","0","0","0","","","1","","1","","39 57:19.641","","0","75 13:40.299","4","0","0","0","67301","0","0","0","N","0","0","0","2","67301","1","","1.0","","1","N","N","N","0","","0","0","1","3","3","","","3","1","0","0","0","0","0","2","0","3","","","","N","","","","","","","","","",""
"2020088992","2341","1","0","0","0","0","0","0","0","0","4","0","","67","10","2020","5","40.085459","-75.037453","2338","6","0","0","1","0","0","0","0","0","","0","0","0","","","1","","1","","40 05:07.651","","0","75 02:14.830","8","0","0","0","67301","0","0","0","N","0","0","0","2","67301","0","","1.0","","1","N","N","N","0","","0","0","1","3","2","","","2","1","0","0","0","1","0","2","0","2","","","","N","","","","","","","","","",""
"2020091353","0854","2","0","0","0","0","0","0","0","0","5","0","","67","10","2020","2","40.050388","-75.142149","0854","6","0","0","0","1","0","1","0","0","","0","0","0","","","2","N","0","","40 03:01.396","","0","75 08:31.738","3","0","0","0","67301","0","0","0","N","0","0","0","2","67301","0","","1.0","","9","N","N","N","0","","2","0","0","0","0","","","2","2","0","0","0","0","0","2","0","2","","03","","N","","","","","","","","","",""
"2020104028","0756","0","0","0","0","0","0","0","0","0","5","0","","67","12","2020","4","40.012653","-75.081625","0756","6","0","0","0","0","0","0","0","0","","0","0","0","","","0","N","0","","40 00:45.550","3","0","75 04:53.850","0","0","0","0","67301","0","0","0","N","0","0","0","1","67301","0","","1.0","830.0","1","N","N","N","0","","0","0","2","0","0","Y","","2","0","1","0","0","0","0","2","0","2","","03","","N","","","","","","","","","",""
"2020110819","1355","1","0","0","0","0","0","0","0","0","4","0","","67","12","2020","7","40.038502","-75.109719","1350","6","0","0","0","0","0","0","0","0","","0","0","0","","","1","","2","","40 02:18.606","","0","75 06:34.990","8","0","0","0","67301","0","0","0","N","0","0","0","4","67301","0","","1.0","","9","N","N","N","0","","0","0","1","3","3","","","2","1","3","0","0","1","1","2","0","2","","10","","N","","","","","","","","","",""
"2020108560","0319","1","0","0","0","0","0","0","0","0","5","0","","67","12","2020","2","39.917497","-75.174542","0317","6","0","0","0","0","0","0","0","0","","0","0","0","","","0","N","0","","39 55:02.990","4","0","75 10:28.350","0","0","0","0","67301","0","0","0","N","0","0","0","1","67301","0","","6.0","20.0","1","N","N","N","1","","0","0","4","3","2","Y","","6","0","0","0","0","0","0","2","0","6","","03","","N","","","","","","","","","",""
"2020084398","0048","3","0","0","0","0","0","0","0","0","6","0","","67","10","2020","5","39.975853","-75.208253","0039","6","0","0","0","0","0","0","0","0","","0","0","0","","","0","N","0","","39 58:33.069","4","0","75 12:29.712","0","0","0","0","67301","0","0","0","N","0","0","0","1","67301","0","","6.0","148.0","1","N","N","N","0","","0","0","0","0","0","N","","3","0","0","0","0","0","0","2","0","3","","03","","N","","","","","","","","","",""
"2020089001","1240","2","0","0","0","0","0","0","0","0","4","0","","67","10","2020","2","40.028879","-75.089418","1235","6","0","0","0","0","0","0","0","0","","0","0","0","","","1","","1","","40 01:43.965","1","0","75 05:21.904","4","0","0","0","67301","0","0","0","N","0","0","0","4","67301","1","","1.0","1400.0","1","N","N","N","0","","0","0","0","3","2","N","","3","1","0","0","0","0","0","2","1","3","","03","","N","","","","","","","","","",""
"2020092350","1540","1","0","0","0","0","0","0","0","0","4","0","","67","10","2020","5","39.959689","-75.228779","1531","6","0","0","0","0","0","0","0","0","","0","0","0","","","1","","1","","39 57:34.880","","0","75 13:43.604","3","0","0","0","67301","0","0","0","N","0","0","0","2","67301","0","","1.0","","9","N","N","N","0","","1","0","1","3","3","","","2","1","0","0","0","0","1","2","0","2","","04","","N","","","","","","","","","",""
"2020104688","2147","1","0","0","0","0","0","0","0","0","4","0","","67","12","2020","5","39.960569","-75.141379","2145","6","0","0","0","0","0","0","0","0","","0","0","0","","","0","","1","","39 57:38.047","","0","75 08:28.964","0","0","0","0","67301","0","0","0","N","0","0","0","2","67301","0","","1.0","","1","N","N","N","0","","0","0","1","3","2","","","2","0","0","0","0","0","0","2","0","2","","03","","N","","","","","","","","","",""
"2020112989","0125","1","0","0","0","0","0","0","0","0","1","0","","67","12","2020","1","40.017947","-75.149347","0123","6","0","0","0","0","0","0","0","0","","0","0","0","","","1","","1","","40 01:04.608","","0","75 08:57.650","3","0","0","0","67301","0","0","0","N","0","0","0","2","67301","0","","1.0","","1","N","N","N","1","","1","0","0","3","2","","","2","1","0","0","0","0","0","2","0","2","","03","","N","","","","","","","","","",""
"2020106654","1443","2","0","0","0","0","0","0","0","0","4","0","","67","12","2020","4","40.015898","-75.187041","1440","6","0","0","0","0","0","0","0","0","","0","0","0","","","2","","1","","40 00:57.233","7","0","75 11:13.349","3","0","0","0","67301","0","0","0","N","0","0","0","3","67301","0","","1.0","1700.0","9","N","N","Y","0","","2","0","0","3","2","Y","","2","2","0","0","0","0","0","2","0","2","","04","","N","","","","","","","","","",""
"2020092497","1300","1","0","0","0","0","0","0","0","0","4","0","","67","10","2020","3","40.003117","-75.078788","1300","6","0","0","0","0","0","0","0","0","","0","0","0","","","2","N","0","","40 00:11.220","","7","75 04:43.638","8","0","0","0","67301","0","0","0","N","0","0","0","2","67301","0","","1.0","","99","N","N","N","0","","0","0","1","0","0","","","2","2","0","0","0","2","0","2","0","2","","03","","N","","","","","","","","","",""
"2020110378","2025","6","0","0","0","0","0","0","0","0","5","0","","67","12","2020","6","39.944267","-75.177692","2019","6","0","0","0","0","0","0","0","0","","0","0","0","","","0","N","0","","39 56:39.360","","0","75 10:39.690","9","0","0","0","67301","0","0","0","N","0","0","0","1","67301","0","","1.0","","2","N","N","N","0","","0","0","0","0","0","","","7","0","0","0","0","0","1","2","1","7","","10","","N","","","","","","","","","",""
"2020111558","2115","1","0","0","0","0","0","0","0","0","4","0","","67","12","2020","3","39.908905","-75.232914","2107","6","0","0","0","0","0","1","0","0","","0","0","0","","","0","","2","","39 54:32.058","","7","75 13:58.490","9","0","0","0","67301","0","0","0","N","0","0","0","4","67301","0","","1.0","","1","N","N","N","0","","0","0","1","3","2","","","2","0","0","0","0","0","4","2","0","2","","03","","N","","","","","","","","","",""
"2020085363","1920","1","0","0","0","0","0","0","0","0","6","0","","67","10","2020","2","40.040831","-75.019819","1920","6","0","0","1","0","0","0","0","0","","0","0","0","","","0","N","0","","40 02:26.990","","0","75 01:11.350","0","0","0","0","67301","0","0","0","N","0","0","0","1","67301","0","","6.0","","9","N","N","N","0","","0","0","2","0","0","","","3","0","1","0","0","0","0","2","0","3","","07","","N","","","","","","","","","",""
"2020108562","2355","1","0","0","0","0","0","0","0","0","6","0","","67","12","2020","3","40.060881","-75.1714","2347","6","0","0","0","0","0","0","0","0","","0","0","0","","","0","N","0","","40 03:39.170","","0","75 10:17.040","9","0","0","0","67301","0","0","0","N","0","0","0","1","67301","0","","1.0","","1","N","N","N","0","","0","0","1","3","3","","","2","0","0","0","0","0","1","2","0","2","","","","N","","","","","","","","","",""
"2020108259","0320","2","0","0","0","0","0","0","0","0","4","0","","67","12","2020","1","39.970549","-75.214327","0320","6","0","0","0","0","0","0","0","0","","0","0","0","","","0","","5","","39 58:13.977","3","0","75 12:51.577","9","0","0","0","67301","0","0","0","N","0","0","0","2","67301","0","","1.0","350.0","9","N","N","N","0","","0","0","0","0","0","Y","","2","0","0","0","0","0","1","2","0","2","","","","N","","","","","","","","","",""
"2020092817","0725","1","0","0","0","0","0","0","0","0","5","0","","67","10","2020","3","39.942472","-75.151444","0720","6","0","0","0","0","0","0","0","0","","0","0","0","","","0","N","0","","39 56:32.900","","0","75 09:05.200","0","0","0","0","67301","0","0","0","N","0","0","0","1","67301","0","","6.0","","1","N","N","N","0","","0","0","3","0","0","","","4","0","1","0","0","0","0","2","0","4","","","","N","","","","","","","","","",""
"2020101049","0901","2","0","0","0","0","0","0","0","0","4","0","","67","11","2020","2","40.035496","-75.178766","0900","6","0","0","0","0","0","0","0","0","","0","0","0","","","1","","1","","40 02:07.785","","0","75 10:43.557","3","0","0","0","67301","0","0","0","N","0","0","0","3","67301","0","","1.0","","9","N","N","N","0","","1","0","1","1","2","","","3","1","0","0","0","0","0","2","0","3","","","","N","","","","","","","","","",""
"2020102509","1945","1","0","0","0","0","0","0","0","0","7","0","","67","11","2020","7","39.989679","-75.134113","1940","6","0","0","0","0","0","0","0","0","","0","0","0","","","0","","1","","39 59:22.844","","0","75 08:02.806","0","0","0","0","67301","0","0","0","N","0","0","0","1","67301","0","","5.0","","1","N","N","N","0","","0","0","0","3","3","","","1","0","0","0","0","0","0","2","0","1","","03","","N","","","","","","","","","",""
"2020099936","2154","1","0","0","0","0","0","0","0","0","5","0","","67","11","2020","5","40.020822","-75.148613","2152","6","0","0","0","0","0","0","0","0","","0","0","0","","","0","N","0","","40 01:14.958","","0","75 08:55.008","9","0","0","0","67301","0","0","0","N","0","0","0","2","67301","0","","1.0","","1","N","N","N","0","","0","0","0","0","0","","","2","0","0","0","0","0","1","2","0","2","","03","","N","","","","","","","","","",""
"2020086180","1039","2","0","0","0","0","0","0","0","0","4","0","","67","10","2020","3","39.93574","-75.228522","1039","6","0","0","0","0","0","0","0","0","","0","0","0","","","0","","1","","39 56:08.663","","0","75 13:42.679","9","0","0","0","67301","0","0","0","N","0","0","0","2","67301","0","","1.0","","1","N","N","N","0","","0","0","0","3","2","","","2","0","0","0","0","0","1","2","0","2","","04","","N","","","","","","","","","",""
"2020109813","0242","0","0","0","0","0","0","0","0","0","1","0","","67","12","2020","7","39.953609","-75.198625","0242","6","0","0","0","0","0","1","0","0","","0","0","0","","","1","N","1","","39 57:12.991","4","0","75 11:55.051","3","0","0","0","67301","0","0","0","N","0","0","0","3","67504","0","","1.0","320.0","1","N","N","N","0","","1","0","2","3","2","Y","","2","1","0","0","0","0","0","2","0","2","","03","","N","","","","","","","","","",""
"2020099476","1245","2","0","0","0","0","0","0","0","0","4","0","","67","11","2020","4","39.913083","-75.243294","1214","6","0","0","0","0","0","0","0","0","","0","0","0","","","0","","1","","39 54:47.100","","0","75 14:35.859","0","0","0","0","67301","0","0","0","N","0","0","0","2","67301","0","","1.0","","1","N","N","N","0","","0","0","0","3","2","","","2","0","0","0","0","0","0","2","0","2","","03","","N","","","","","","","","","",""
"2020112096","1636","1","0","0","1","0","0","0","0","0","8","0","","67","12","2020","6","39.973833","-75.130017","1636","6","0","0","0","0","1","0","0","0","","0","0","0","","","1","","1","","39 58:25.798","","0","75 07:48.060","3","0","0","0","67301","1","0","0","N","0","0","0","2","67301","0","","1.0","","1","N","N","N","0","","1","0","0","3","3","","","2","1","0","0","0","0","0","2","0","1","","03","","N","","","","","","","","","",""
"2020089528","1305","1","0","0","0","0","0","0","0","0","7","0","","67","10","2020","4","39.898941","-75.178535","1249","6","0","0","0","0","0","0","0","0","","0","0","0","","","1","N","0","","39 53:56.189","1","0","75 10:42.726","3","0","0","0","67301","0","0","0","N","0","0","0","1","68K01","0","","4.0","1329.0","1","N","N","N","0","","1","0","0","0","0","N","","1","1","0","0","0","0","0","2","0","1","","03","","N","","","","","","","","","",""
"2020085477","2145","2","0","1","0","0","0","0","0","0","4","0","","67","10","2020","7","39.964333","-75.160913","2143","6","0","0","0","0","0","0","0","0","","0","0","0","","","3","N","0","","39 57:51.599","","0","75 09:39.288","2","0","0","0","67301","0","0","0","N","0","0","0","4","67301","0","","1.0","","1","N","N","N","0","","2","1","0","0","0","","","2","3","0","0","0","0","1","2","0","2","","03","","N","","","","","","","","","",""