"CRN","ARRIVAL_TM","AUTOMOBILE_COUNT","BELTED_DEATH_COUNT","BELTED_SUSP_SERIOUS_INJ_COUNT","BICYCLE_COUNT","BICYCLE_DEATH_COUNT","BICYCLE_SUSP_SERIOUS_INJ_COUNT","BUS_COUNT","CHLDPAS_DEATH_COUNT","CHLDPAS_SUSP_SERIOUS_INJ_COUNT","COLLISION_TYPE","COMM_VEH_COUNT","CONS_ZONE_SPD_LIM","COUNTY","CRASH_MONTH","CRASH_YEAR","DAY_OF_WEEK","DEC_LATITUDE","DEC_LONGITUDE","DISPATCH_TM","DISTRICT","DRIVER_COUNT_16YR","DRIVER_COUNT_17YR","DRIVER_COUNT_18YR","DRIVER_COUNT_19YR","DRIVER_COUNT_20YR","DRIVER_COUNT_50_64YR","DRIVER_COUNT_65_74YR","DRIVER_COUNT_75PLUS","EST_HRS_CLOSED","FATAL_COUNT","HEAVY_TRUCK_COUNT","HORSE_BUGGY_COUNT","HOUR_OF_DAY","ILLUMINATION","INJURY_COUNT","INTERSECTION_RELATED","INTERSECT_TYPE","LANE_CLOSED","LATITUDE","LN_CLOSE_DIR","LOCATION_TYPE","LONGITUDE","MAX_SEVERITY_LEVEL","MCYCLE_DEATH_COUNT","MCYCLE_SUSP_SERIOUS_INJ_COUNT","MOTORCYCLE_COUNT","MUNICIPALITY","NONMOTR_COUNT","NONMOTR_DEATH_COUNT","NONMOTR_SUSP_SERIOUS_INJ_COUNT","NTFY_HIWY_MAINT","PED_COUNT","PED_DEATH_COUNT","PED_SUSP_SERIOUS_INJ_COUNT","PERSON_COUNT","POLICE_AGCY","POSSIBLE_INJ_COUNT","RDWY_SURF_TYPE_CD","RELATION_TO_ROAD","ROADWAY_CLEARED","ROAD_CONDITION","SCH_BUS_IND","SCH_ZONE_IND","SECONDARY_CRASH","SMALL_TRUCK_COUNT","SPEC_JURIS_CD","SUSP_MINOR_INJ_COUNT","SUSP_SERIOUS_INJ_COUNT","SUV_COUNT","TCD_FUNC_CD","TCD_TYPE","TFC_DETOUR_IND","TIME_OF_DAY","TOTAL_UNITS","TOT_INJ_COUNT","UNBELTED_OCC_COUNT","UNB_DEATH_COUNT","UNB_SUSP_SERIOUS_INJ_COUNT","UNK_INJ_DEG_COUNT","UNK_INJ_PER_COUNT","URBAN_RURAL","VAN_COUNT","VEHICLE_COUNT","WEATHER1","WEATHER2","WORKERS_PRES","WORK_ZONE_IND","WORK_ZONE_LOC","WORK_ZONE_TYPE","WZ_CLOSE_DETOUR","WZ_FLAGGER","WZ_LAW_OFFCR_IND","WZ_LN_CLOSURE","WZ_MOVING","WZ_OTHER","WZ_SHLDER_MDN","WZ_WORKERS_INJ_KILLED"
"2020105326","0450","1","0","0","0","0","0","0","0","0","5","0","","67","12","2020","1","40.012275","-75.158747","0448","6","0","0","0","0","0","0","0","0","","0","0","0","","","0","N","0","","40 00:44.190","","0","75 09:31.490","9","0","0","0","67301","0","0","0","N","0","0","0","1","67301","0","","1.0","","1","N","N","N","1","","0","0","2","0","0","","","4","0","0","0","0","0","1","2","0","4","","03","","N","","","","","","","","","",""
"2020100809","1912","2","0","0","0","0","0","0","0","0","1","0","","67","11","2020","2","40.033711","-75.131106","1911","6","0","0","1","0","1","0","0","0","","0","0","0","","","1","N","0","","40 02:01.360","2","0","75 07:51.980","3","0","0","0","67301","0","0","0","N","0","0","0","5","67301","0","","1.0","1930.0","1","N","N","N","0","","1","0","1","0","0","N","","3","1","0","0","0","0","0","2","0","3","","03","","N","","","","","","","","","",""
"2020102364","1039","5","0","0","0","0","0","0","0","0","1","0","","67","11","2020","7","39.949886","-75.228764","1038","6","0","0","0","0","0","0","0","0","","0","0","0","","","1","N","0","","39 56:59.590","","0","75 13:43.550","2","0","0","0","67301","1","0","1","N","1","0","1","3","67301","0","","6.0","","1","N","N","N","0","","0","1","0","0","0","","","6","1","0","0","0","0","2","2","0","5","","03","","N","","","","","","","","","",""
"2020091626","1627","2","0","0","0","0","0","0","0","0","1","0","","67","10","2020","4","39.995995","-75.082779","1621","6","0","0","0","0","0","1","0","0","","0","0","0","","","1","N","0","","39 59:45.582","","3","75 04:58.005","3","0","0","0","67301","0","0","0","N","0","0","0","4","68K01","0","","1.0","","1","N","N","N","1","","1","0","1","0","0","","","4","1","0","0","0","0","0","2","0","4","","","","N","","","","","","","","","",""
"2020108334","0934","1","0","0","0","0","0","0","0","0","1","0","","67","11","2020","2","39.943796","-75.142968","0934","6","0","0","0","0","1","0","0","0","","0","0","0","","","0","N","0","","39 56:37.664","2","0","75 08:34.685","0","0","0","0","67301","0","0","0","N","0","0","0","2","68K01","0","","1.0","1012.0","1","N","N","N","0","","0","0","0","0","0","N","","2","0","0","0","0","0","0","2","1","2","","","","N","","","","","","","","","",""
"2020113158","0957","3","0","0","0","0","0","0","0","0","5","0","","67","12","2020","6","39.958769","-75.240104","0953","6","0","0","0","0","0","0","0","0","","0","0","0","","","0","N","0","","39 57:31.568","","0","75 14:24.374","0","0","0","0","67301","0","0","0","N","0","0","0","1","67301","0","","1.0","","1","N","N","N","0","","0","0","0","0","0","","","4","0","0","0","0","0","0","2","0","3","","03","","N","","","","","","","","","",""
"2020085045","0245","2","0","0","0","0","0","0","0","0","4","0","","67","10","2020","3","39.995191","-75.115789","0241","6","0","0","0","0","0","0","0","0","","0","0","0","","","2","","5","","39 59:42.687","","1","75 06:56.840","4","0","0","0","67301","0","0","0","N","0","0","0","2","67301","2","","1.0","","9","N","N","N","0","","0","0","0","3","2","","","2","2","2","0","0","0","0","2","0","2","","07","","N","","","","","","","","","",""
"2020107085","2035","1","0","0","0","0","0","0","0","0","7","0","","67","12","2020","5","40.103742","-75.028201","2031","6","0","0","0","0","0","0","0","0","","0","0","0","","","0","N","0","","40 06:13.471","","0","75 01:41.524","9","0","0","0","67301","0","0","0","N","0","0","0","1","67301","0","","5.0","","1","N","N","N","0","","0","0","0","0","0","","","1","0","0","0","0","0","1","2","0","1","","03","","N","","","","","","","","","",""
"2020106816","1308","2","0","0","0","0","0","0","0","0","4","0","","67","10","2020","2","40.041499","-75.158367","1305","6","0","0","0","1","0","0","0","0","","0","0","0","","","2","","5","","40 02:29.398","6","0","75 09:30.121","3","0","0","0","67301","0","0","0","N","0","0","0","2","67301","0","","1.0","1410.0","9","N","N","N","0","","1","0","0","3","2","Y","","2","2","0","0","0","1","0","2","0","2","","04","","N","","","","","","","","","",""
"2020109314","1150","1","0","0","0","0","0","0","0","0","7","0","45","67","12","2020","5","39.948838","-75.185456","1150","6","0","0","0","0","0","0","0","0","","0","0","0","","","1","N","0","","39 56:55.818","3","0","75 11:07.643","4","0","0","0","67301","0","0","0","N","0","0","0","2","68K01","1","","3.0","1230.0","1","N","N","N","0","","0","0","0","0","0","N","","1","1","2","0","0","0","0","2","0","1","","","Y","Y","4","1","N","N","N","N","N","N","Y","N"
"2020101954","1350","1","0","0","0","0","0","0","0","0","8","0","","67","11","2020","2","39.97699","-75.155999","1343","6","0","0","0","0","0","0","0","0","","0","0","0","","","1","","1","","39 58:37.164","","0","75 09:21.596","3","0","0","0","67301","1","0","0","N","1","0","0","2","67301","0","","1.0","","1","N","N","N","0","","1","0","0","9","1","","","2","1","0","0","0","0","0","2","0","1","","03","","N","","","","","","","","","",""
"2020101951","1644","1","0","0","0","0","0","0","0","0","4","0","","67","11","2020","3","39.919557","-75.152051","1639","6","0","0","0","0","0","1","0","0","","0","0","0","","","1","","1","","39 55:10.405","2","0","75 09:07.383","3","0","0","0","67301","0","0","0","N","0","0","0","5","67301","0","","1.0","1711.0","1","N","N","N","0","","1","0","0","3","2","Y","","2","1","2","0","0","0","0","2","1","2","","03","","N","","","","","","","","","",""
"2020104691","0658","0","0","0","0","0","0","0","0","0","5","0","","67","12","2020","5","39.9352","-75.175708","0700","6","0","0","0","0","0","0","0","0","","0","0","0","","","0","N","0","","39 56:06.720","","0","75 10:32.550","0","0","0","0","67301","0","0","0","N","0","0","0","1","67301","0","","6.0","","1","N","N","N","0","","0","0","1","0","0","","","2","0","0","0","0","0","0","2","1","2","","03","","N","","","","","","","","","",""
"2020113738","0131","3","0","0","0","0","0","0","0","0","4","0","","67","12","2020","4","39.950936","-75.243064","0130","6","0","0","0","0","0","0","0","0","","0","0","0","","","0","","1","","39 57:03.369","7","0","75 14:35.030","9","0","0","0","67301","0","0","0","N","0","0","0","1","67301","0","","1.0","330.0","1","N","N","N","0","","0","0","1","3","3","Y","","4","0","0","0","0","0","1","2","0","4","","03","","N","","","","","","","","","",""
"2020110818","1335","0","0","0","0","0","0","0","0","0","4","0","","67","12","2020","1","40.057656","-75.048559","1330","6","0","0","0","0","0","0","0","0","","0","0","0","","","0","","1","","40 03:27.560","","0","75 02:54.814","0","0","0","0","67301","0","0","0","N","0","0","0","6","67301","0","","1.0","","2","N","N","N","0","","0","0","3","3","2","","","3","0","0","0","0","0","0","2","0","3","","","","N","","","","","","","","","",""
"2020104309","1055","1","0","0","0","0","0","0","0","0","5","0","","67","11","2020","1","39.962181","-75.236675","1046","6","0","0","0","0","0","0","0","0","","0","0","0","","","0","N","0","","39 57:43.850","","0","75 14:12.030","9","0","0","0","67301","0","0","0","N","0","0","0","1","67301","0","","6.0","","99","N","N","N","0","","0","0","0","0","0","","","2","0","0","0","0","0","1","2","0","2","","","","N","","","","","","","","","",""
"2020101468","1335","1","0","0","0","0","0","0","0","0","8","0","","67","11","2020","3","39.958493","-75.225229","1335","6","0","0","0","0","0","0","0","0","","0","0","0","","","1","N","0","","39 57:30.576","","0","75 13:30.826","3","0","0","0","67301","1","0","0","N","1","0","0","2","67301","0","","3.0","","1","N","N","N","0","","1","0","0","3","2","","","2","1","0","0","0","0","1","2","0","1","","03","","N","","","","","","","","","",""
"2020084333","0500","0","0","0","0","0","0","0","0","0","4","0","","67","10","2020","7","39.956721","-75.223546","0500","6","0","0","0","0","0","0","0","0","","0","0","0","","","1","","1","","39 57:24.197","","0","75 13:24.767","3","0","0","0","67301","0","0","0","N","0","0","0","2","67301","0","","1.0","","1","N","N","N","0","","1","0","2","3","2","","","2","1","0","0","0","0","0","2","0","2","","","","N","","","","","","","","","",""
"2020113600","1624","0","0","0","0","0","0","0","0","0","5","0","","67","12","2020","3","40.032163","-75.08432","1620","6","0","0","0","0","0","0","0","0","","0","0","0","","","1","","5","","40 01:55.785","2","0","75 05:03.553","8","0","0","0","67301","0","0","0","N","0","0","0","2","67301","0","","1.0","1700.0","1","N","N","N","0","","0","0","2","3","2","N","","2","1","0","0","0","1","1","2","0","2","","","","N","","","","","","","","","",""
"2020103011","1730","0","0","0","0","0","0","0","0","0","4","0","","67","11","2020","7","40.028549","-75.057919","1727","6","0","0","1","0","0","1","0","0","","0","0","0","","","1","","1","","40 01:42.775","","0","75 03:28.507","3","0","0","1","67301","0","0","0","N","0","0","0","2","67301","0","","1.0","","1","N","N","N","0","","1","0","1","3","2","","","2","1","0","0","0","0","0","2","0","2","","","","N","","","","","","","","","",""
"2020097058","1400","1","0","0","0","0","0","0","0","0","7","0","","67","10","2020","5","40.013261","-75.057584","1339","6","0","0","0","0","0","0","0","0","","0","0","0","","","0","N","0","","40 00:47.740","1","0","75 03:27.301","0","0","0","0","67301","0","0","0","N","0","0","0","1","68K01","0","","4.0","1415.0","9","N","N","N","0","","0","0","0","0","0","N","","1","0","0","0","0","0","0","2","0","1","","04","","N","","","","","","","","","",""
"2020089005","1805","0","0","0","0","0","0","0","0","0","4","0","","67","10","2020","3","39.975085","-75.194986","1755","6","0","0","0","0","0","0","0","0","","0","0","0","","","0","","1","","39 58:30.307","","3","75 11:41.951","0","0","0","0","67301","0","0","0","N","0","0","0","2","67301","0","","1.0","","1","N","N","N","0","","0","0","1","3","2","","","2","0","0","0","0","0","0","2","1","2","","03","","N","","","","","","","","","",""
"2020087550","0608","1","0","0","0","0","0","0","0","0","4","0","","67","10","2020","1","39.957935","-75.164144","0605","6","0","0","0","0","0","1","0","0","","0","0","0","","","1","","5","","39 57:28.566","3","8","75 09:50.918","3","0","0","0","67301","0","0","0","N","0","0","0","3","67301","0","","1.0","715.0","1","N","N","N","0","","1","0","1","3","2","Y","","2","1","0","0","0","0","0","2","0","2","","","","N","","","","","","","","","",""
"2020112545","0520","1","0","0","0","0","0","0","0","0","1","0","","67","12","2020","2","39.894402","-75.219006","0510","6","0","0","0","0","0","0","0","0","","0","0","0","","","1","N","0","","39 53:39.847","3","3","75 13:08.423","3","0","0","0","67301","0","0","0","N","0","0","0","2","67301","0","","1.0","655.0","1","N","N","N","0","","1","0","1","0","0","N","","2","1","0","0","0","0","0","2","0","2","","03","","N","","","","","","","","","",""
"2020106365","2023","2","0","0","0","0","0","0","0","0","1","0","45","67","11","2020","2","39.978982","-75.109599","2023","6","0","0","0","0","0","1","0","0","","0","0","0","","","2","N","0","","39 58:44.334","2","0","75 06:34.557","3","0","0","0","67301","0","0","0","N","0","0","0","4","68K01","0","","1.0","2122.0","9","N","N","N","1","","2","0","0","0","0","N","","3","2","1","0","0","0","0","2","0","3","","03","N","Y","4","1","","","N","","","","Y","N"
"2020112392","0340","3","0","0","0","0","0","0","0","0","4","0","","67","12","2020","1","40.056566","-75.04655","0335","6","0","0","0","0","0","0","0","0","","0","0","0","","","0","","1","","40 03:23.636","2","0","75 02:47.581","0","0","0","0","67301","0","0","0","N","0","0","0","3","67301","0","","1.0","435.0","1","N","N","Y","0","","0","0","0","3","2","Y","","3","0","0","0","0","0","0","2","0","3","","03","","N","","","","","","","","","",""
"2020084707","1707","0","0","0","0","0","0","0","0","0","1","0","","67","10","2020","1","39.994154","-75.156229","1707","6","0","0","0","0","0","2","0","0","","0","0","0","","","2","","1","","39 59:38.956","","0","75 09:22.424","3","0","0","0","67301","0","0","0","N","0","0","0","3","67301","0","","1.0","","1","N","N","N","0","","2","0","2","3","2","","","2","2","0","0","0","0","0","2","0","2","","04","","N","","","","","","","","","",""
"2020088079","0031","1","0","0","0","0","0","0","0","0","8","0","","67","10","2020","1","39.973776","-75.245295","0029","6","0","0","0","0","0","0","0","0","","0","0","0","","","1","","1","","39 58:25.594","","0","75 14:43.063","8","0","0","0","67301","1","0","0","N","1","0","0","2","67301","0","","1.0","","1","N","N","N","0","","0","0","0","3","2","","","2","1","0","0","0","1","0","2","0","1","","03","","N","","","","","","","","","",""
"2020106815","0021","2","0","0","0","0","0","0","0","0","6","0","","67","10","2020","3","39.917139","-75.149306","0011","6","0","0","0","0","0","0","0","0","","0","0","0","","","0","N","0","","39 55:01.700","","0","75 08:57.500","0","0","0","0","67301","0","0","0","N","0","0","0","1","67301","0","","6.0","","9","N","N","N","0","","0","0","0","0","0","","","2","0","1","0","0","0","0","2","0","2","","07","","N","","","","","","","","","",""
"2020085478","0100","2","0","0","0","0","0","0","0","0","5","0","","67","10","2020","1","40.053925","-75.018094","0050","6","0","0","0","0","0","1","0","0","","0","0","0","","","2","N","0","","40 03:14.130","","0","75 01:05.140","4","0","0","0","67301","0","0","0","N","0","0","0","2","67301","2","","6.0","","1","N","N","N","0","","0","0","2","0","0","","","4","2","0","0","0","0","0","2","0","4","","03","","N","","","","","","","","","",""
"2020104689","0123","1","0","0","0","0","0","0","0","0","6","0","","67","12","2020","6","39.9622","-75.190975","0121","6","0","0","0","0","0","0","0","0","","0","0","0","","","0","N","0","","39 57:43.920","6","0","75 11:27.510","9","0","0","0","67301","0","0","0","N","0","0","0","1","67301","0","","1.0","225.0","1","N","N","N","0","","0","0","1","0","0","Y","","2","0","0","0","0","0","1","2","0","2","","","","N","","","","","","","","","",""
"2020101048","1916","1","0","0","0","0","0","0","0","0","4","0","","67","11","2020","2","39.901381","-75.239298","1911","6","0","0","1","0","0","1","0","0","","0","0","0","","","3","","2","","39 54:04.971","1","0","75 14:21.471","3","0","0","0","67301","0","0","0","N","0","0","0","3","67301","0","","1.0","2030.0","1","N","N","N","0","","3","0","1","3","2","N","","2","3","0","0","0","0","0","2","0","2","","","","N","","","","","","","","","",""
"2020105742","2304","1","0","0","0","0","0","0","0","0","0","0","","67","12","2020","2","40.010473","-75.184708","2248","6","0","0","0","1","0","0","0","0","","0","0","0","","","1","N","0","","40 00:37.704","3","0","75 11:04.949","3","0","0","0","67301","0","0","0","N","0","0","0","1","67301","0","","4.0","100.0","1","N","N","N","0","","1","0","0","0","0","N","","1","1","1","0","0","0","0","2","0","1","","03","","N","","","","","","","","","",""
"2020113740","1525","0","0","0","0","0","0","0","0","0","4","0","","67","12","2020","3","39.967362","-75.128863","1520","6","0","0","0","0","0","2","0","0","","0","0","0","","","0","","5","","39 58:02.502","","0","75 07:43.907","0","0","0","0","67301","0","0","0","N","0","0","0","2","67301","0","","1.0","","1","N","N","N","0","","0","0","1","3","2","","","2","0","0","0","0","0","0","2","1","2","","03","","N","","","","","","","","","",""
"2020112402","2040","2","0","0","0","0","0","0","0","0","3","0","","67","12","2020","6","40.021183","-75.157625","2033","6","0","0","0","0","0","0","0","0","","0","0","0","","","1","N","0","","40 01:16.260","","0","75 09:27.449","3","0","0","0","67301","0","0","0","N","0","0","0","1","67301","0","","6.0","","1","N","N","Y","0","","1","0","0","0","0","","","2","1","0","0","0","0","0","2","0","2","","","","N","","","","","","","","","",""
"2020100803","0249","1","0","0","0","0","0","0","0","0","4","0","","67","11","2020","4","40.00713","-75.094069","0249","6","0","0","0","0","0","0","0","0","","0","0","0","","","1","","1","","40 00:25.667","6","0","75 05:38.650","8","0","0","0","67301","0","0","0","N","0","0","0","2","67301","0","","1.0","330.0","1","N","N","N","1","","0","0","0","3","2","Y","","2","1","0","0","0","1","0","2","0","2","","03","","N","","","","","","","","","",""
"2020110405","0330","1","0","0","0","0","0","0","0","0","1","0","","67","12","2020","7","40.027245","-75.183525","0327","6","0","0","0","0","0","0","0","0","","0","0","0","","","0","","2","","40 01:38.083","","0","75 11:00.691","0","0","0","0","67301","0","0","0","N","0","0","0","2","67301","0","","1.0","","2","N","N","N","0","","0","0","1","2","2","","","2","0","2","0","0","0","0","2","0","2","","10","","N","","","","","","","","","",""
"2020089182","0630","1","0","0","0","0","0","0","0","0","4","0","","67","10","2020","6","40.036295","-75.071755","0620","6","0","0","0","0","0","0","0","0","","0","0","0","","","0","","1","","40 02:10.662","4","0","75 04:18.319","0","0","0","0","67301","0","0","0","N","0","0","0","2","67301","0","","1.0","714.0","1","N","N","N","0","","0","0","0","3","3","N","","2","0","0","0","0","0","0","2","1","2","","","","N","","","","","","","","","",""
"2020112974","0428","3","0","0","0","0","0","0","0","0","6","0","","67","12","2020","1","39.990267","-75.126494","0426","6","0","0","0","0","0","0","0","0","","0","0","0","","","1","N","0","","39 59:24.962","7","0","75 07:35.378","2","0","0","0","67301","0","0","0","N","0","0","0","1","67301","0","","6.0","400.0","9","N","N","N","0","","0","1","2","0","0","Y","","6","1","0","0","0","0","0","2","1","6","","03","","N","","","","","","","","","",""
"2020107397","0141","0","0","0","0","0","0","0","0","0","7","0","","67","12","2020","1","39.970385","-75.245109","0136","6","0","1","0","0","0","0","0","0","","0","0","0","","","1","N","0","","39 58:13.385","","0","75 14:42.392","3","0","0","0","67301","0","0","0","N","0","0","0","5","67301","0","","1.0","","9","N","N","N","1","","1","0","0","3","2","","","1","1","5","0","0","0","0","2","0","1","","03","","N","","","","","","","","","",""
"2020102356","1355","2","0","0","0","0","0","0","0","0","4","0","","67","11","2020","6","39.92411","-75.167606","1352","6","0","0","0","0","0","1","0","0","","0","0","0","","","1","","1","","39 55:26.797","","0","75 10:03.382","3","0","0","0","67301","0","0","0","N","0","0","0","2","67301","0","","1.0","","1","N","N","N","0","","1","0","0","3","2","","","2","1","0","0","0","0","0","2","0","2","","03","","N","","","","","","","","","",""
"2020087329","2143","0","0","0","0","0","0","0","0","0","7","0","","67","10","2020","1","39.922647","-75.191059","2140","6","0","0","0","0","0","1","0","0","","0","0","0","","","1","N","0","","39 55:21.530","","0","75 11:27.813","4","0","0","1","67301","0","0","0","N","0","0","0","1","67301","1","","3.0","","9","N","N","N","0","","0","0","0","0","0","","","1","1","0","0","0","0","0","2","0","1","","07","","N","","","","","","","","","",""
"2020106379","1905","0","0","0","0","0","0","0","0","0","7","0","","67","12","2020","6","39.976733","-75.197513","1905","6","0","0","0","0","0","0","0","0","","0","0","0","","","2","N","0","","39 58:36.240","3","0","75 11:51.047","8","0","0","0","67301","0","0","0","N","0","0","0","4","68K01","0","","2.0","1920.0","9","N","N","N","0","","0","0","1","0","0","N","","1","2","0","0","0","2","0","2","0","1","","04","","N","","","","","","","","","",""
"2020103921","0956","4","0","0","0","0","0","0","0","0","4","0","","67","12","2020","3","39.959215","-75.231094","0955","6","0","0","1","0","0","0","0","0","","0","0","0","","","1","","1","","39 57:33.175","7","0","75 13:51.938","3","0","0","0","67301","0","0","0","N","0","0","0","4","67301","0","","1.0","1050.0","1","N","N","N","0","","1","0","1","3","2","Y","","5","1","0","0","0","0","0","2","0","5","","04","","N","","","","","","","","","",""
"2020084903","0245","2","0","0","0","0","0","0","0","0","5","0","","67","10","2020","2","39.940583","-75.210361","0240","6","0","0","0","0","0","0","0","0","","0","0","0","","","0","N","0","","39 56:26.100","1","0","75 12:37.300","0","0","0","0","67301","0","0","0","N","0","0","0","1","67301","0","","6.0","357.0","9","N","N","N","0","","0","0","0","0","0","N","","2","0","0","0","0","0","0","2","0","2","","","","N","","","","","","","","","",""
"2020089304","0716","0","0","0","0","0","0","0","0","0","8","0","","67","10","2020","5","39.99858","-75.070996","0710","6","0","0","0","0","0","0","0","0","","0","0","0","","","1","","1","","39 59:54.888","","0","75 04:15.587","2","0","0","0","67301","1","0","1","N","1","0","1","2","67301","0","","1.0","","1","N","N","N","1","","0","1","0","3","2","","","2","1","0","0","0","0","0","2","0","1","","03","","N","","","","","","","","","",""
"2020092308","1845","1","0","0","0","0","0","0","0","0","5","0","","67","10","2020","1","39.901543","-75.203286","1840","6","0","0","0","0","0","0","0","0","","0","0","0","","","1","N","0","","39 54:05.556","","3","75 12:11.831","2","0","1","1","67301","0","0","0","N","0","0","0","3","67301","0","","1.0","","1","N","Y","N","0","","0","1","1","0","0","","","3","1","0","0","0","0","0","2","0","3","","03","","N","","","","","","","","","",""
"2020093047","1103","1","0","0","0","0","0","0","0","0","5","0","","67","10","2020","4","39.981944","-75.100694","1103","6","0","0","0","0","0","0","0","0","","0","0","0","","","0","","7","","39 58:55.000","1","2","75 06:02.500","0","0","0","0","67301","0","0","0","N","0","0","0","2","68K01","0","","7.0","30.0","1","N","N","N","0","","0","0","1","0","0","N","","2","0","0","0","0","0","0","2","0","2","","03","","N","","","","","","","","","",""
"2020105211","1108","2","0","0","0","0","0","0","0","0","2","0","","67","11","2020","7","40.010471","-75.136173","1037","6","0","0","0","0","0","0","0","0","","0","0","0","","","0","","1","","40 00:37.695","","0","75 08:10.222","0","0","0","0","67301","0","0","0","N","0","0","0","1","67301","0","","1.0","","1","N","N","N","0","","0","0","0","3","2","","","2","0","0","0","0","0","0","2","0","2","","03","","N","","","","","","","","","",""
"2020105209","2335","1","0","0","0","0","0","0","0","0","4","0","","67","12","2020","6","39.955972","-75.217649","2335","6","0","0","0","0","0","0","0","0","","0","0","0","","","3","","1","","39 57:21.499","4","0","75 13:03.536","8","0","0","0","67301","0","0","0","N","0","0","0","4","67301","0","","1.0","140.0","9","N","N","N","0","","0","0","1","3","2","Y","","3","3","0","0","0","3","1","2","1","3","","07","","N","","","","","","","","","",""
"2020100446","1540","1","0","0","1","0","0","0","0","0","8","0","","67","11","2020","5","39.943442","-75.161725","1535","6","0","0","0","0","0","0","0","0","","0","0","0","","","1","N","0","","39 56:36.390","","0","75 09:42.210","3","0","0","0","67301","1","0","0","N","0","0","0","2","67301","0","","1.0","","1","N","N","N","0","","1","0","0","0","0","","","2","1","0","0","0","0","1","2","0","1","","03","","N","","","","","","","","","",""
"2020112566","0012","1","0","0","0","0","0","0","0","0","7","0","","67","12","2020","2","40.00385","-75.152429","0010","6","0","0","0","0","0","0","0","0","","0","0","0","","","1","N","0","","40 00:13.861","2","0","75 09:08.746","3","0","0","0","67301","0","0","0","N","0","0","0","3","67505","0","","4.0","45.0","1","N","N","N","0","","1","0","0","0","0","N","","1","1","0","0","0","0","2","2","0","1","","","","N","","","","","","","","","",""
"2020112153","2337","0","0","0","0","0","0","0","0","0","1","0","","67","12","2020","6","39.936711","-75.227179","2336","6","0","0","0","0","0","0","0","0","","0","0","0","","","1","","1","","39 56:12.159","","0","75 13:37.844","8","0","0","0","67301","0","0","0","N","0","0","0","3","67301","0","","1.0","","1","N","N","N","0","","0","0","2","3","2","","","2","1","0","0","0","1","0","2","0","2","","03","","N","","","","","","","","","",""
"2020106818","1902","1","0","0","0","0","0","0","0","0","4","0","","67","12","2020","5","40.055766","-75.158873","1859","6","0","0","0","0","0","0","1","0","","0","0","0","","","2","","1","","40 03:20.759","","0","75 09:31.942","4","0","0","0","67301","0","0","0","N","0","0","0","3","67301","2","","1.0","","1","N","N","N","0","","0","0","1","3","2","","","2","2","1","0","0","0","0","2","0","2","","03","","N","","","","","","","","","",""
"2020106652","0137","1","0","0","0","0","0","0","0","0","7","0","","67","12","2020","5","40.048932","-75.127754","0136","6","0","0","1","0","0","0","0","0","","0","0","0","","","0","","2","","40 02:56.155","","0","75 07:39.914","0","0","0","0","67301","0","0","0","N","0","0","0","1","67301","0","","4.0","","1","N","N","N","0","","0","0","0","0","0","","","1","0","1","0","0","0","0","2","0","1","","","","N","","","","","","","","","",""
"2020108709","0730","1","0","0","0","0","0","0","0","0","7","0","","67","12","2020","2","40.004306","-75.137678","1100","6","0","0","0","0","0","0","0","0","","0","0","0","","","0","N","0","","40 00:15.500","","0","75 08:15.640","9","0","0","0","67301","0","0","0","N","0","0","0","1","67301","0","","5.0","","9","N","N","N","0","","0","0","0","0","0","","","1","0","0","0","0","0","1","2","0","1","","07","","N","","","","","","","","","",""
"2020108035","1540","1","0","0","0","0","0","0","0","0","4","0","","67","12","2020","1","40.027807","-75.176044","1523","6","0","0","0","0","0","1","1","0","","0","0","0","","","1","","1","","40 01:40.106","","0","75 10:33.760","3","0","0","0","67301","0","0","0","N","0","0","0","2","67301","0","","1.0","","1","N","N","N","0","","1","0","1","1","3","","","2","1","0","0","0","0","1","2","0","2","","","","N","","","","","","","","","",""
"2020113449","1656","1","0","0","0","0","0","0","0","0","4","0","","67","12","2020","3","39.998344","-75.110067","1655","6","0","0","0","0","1","0","0","0","","0","0","0","","","0","N","0","","39 59:54.040","","1","75 06:36.240","9","0","0","0","67301","0","0","0","N","0","0","0","3","67301","0","","1.0","","1","N","N","N","0","","0","0","1","0","0","","","3","0","0","0","0","0","1","2","1","3","","04","","N","","","","","","","","","",""
"2020083139","1005","2","0","0","0","0","0","0","0","0","4","0","","67","10","2020","4","39.988189","-75.134478","1000","6","0","0","0","0","0","1","0","0","","0","0","0","","","0","","1","","39 59:17.480","","0","75 08:04.120","0","0","0","0","67301","0","0","0","N","0","0","0","2","67301","0","","1.0","","1","N","N","N","0","","0","0","0","3","3","","","2","0","2","0","0","0","0","2","0","2","","03","","N","","","","","","","","","",""
"2020099670","1104","2","0","0","0","0","0","0","0","0","4","0","","67","11","2020","4","40.054361","-75.155184","1100","6","0","0","0","0","0","1","0","0","","0","0","0","","","0","","1","","40 03:15.699","","0","75 09:18.662","0","0","0","0","67301","0","0","0","N","0","0","0","2","67301","0","","1.0","","1","N","N","N","0","","0","0","0","0","0","","","2","0","0","0","0","0","0","2","0","2","","","","N","","","","","","","","","",""
"2020091255","0035","1","0","0","0","0","0","0","0","0","1","0","","67","10","2020","4","39.957115","-75.180402","0035","6","0","0","0","0","0","1","0","0","","0","0","0","","","0","N","0","","39 57:25.614","3","0","75 10:49.446","0","0","0","0","67301","0","0","0","N","0","0","0","2","68K01","0","","1.0","100.0","1","N","N","Y","1","","0","0","0","0","0","N","","2","0","1","0","0","0","0","2","0","2","","","","N","","","","","","","","","",""