"CRN","ARRIVAL_TM","AUTOMOBILE_COUNT","BELTED_DEATH_COUNT","BELTED_SUSP_SERIOUS_INJ_COUNT","BICYCLE_COUNT","BICYCLE_DEATH_COUNT","BICYCLE_SUSP_SERIOUS_INJ_COUNT","BUS_COUNT","CHLDPAS_DEATH_COUNT","CHLDPAS_SUSP_SERIOUS_INJ_COUNT","COLLISION_TYPE","COMM_VEH_COUNT","CONS_ZONE_SPD_LIM","COUNTY","CRASH_MONTH","CRASH_YEAR","DAY_OF_WEEK","DEC_LATITUDE","DEC_LONGITUDE","DISPATCH_TM","DISTRICT","DRIVER_COUNT_16YR","DRIVER_COUNT_17YR","DRIVER_COUNT_18YR","DRIVER_COUNT_19YR","DRIVER_COUNT_20YR","DRIVER_COUNT_50_64YR","DRIVER_COUNT_65_74YR","DRIVER_COUNT_75PLUS","EST_HRS_CLOSED","FATAL_COUNT","HEAVY_TRUCK_COUNT","HORSE_BUGGY_COUNT","HOUR_OF_DAY","ILLUMINATION","INJURY_COUNT","INTERSECTION_RELATED","INTERSECT_TYPE","LANE_CLOSED","LATITUDE","LN_CLOSE_DIR","LOCATION_TYPE","LONGITUDE","MAX_SEVERITY_LEVEL","MCYCLE_DEATH_COUNT","MCYCLE_SUSP_SERIOUS_INJ_COUNT","MOTORCYCLE_COUNT","MUNICIPALITY","NONMOTR_COUNT","NONMOTR_DEATH_COUNT","NONMOTR_SUSP_SERIOUS_INJ_COUNT","NTFY_HIWY_MAINT","PED_COUNT","PED_DEATH_COUNT","PED_SUSP_SERIOUS_INJ_COUNT","PERSON_COUNT","POLICE_AGCY","POSSIBLE_INJ_COUNT","RDWY_SURF_TYPE_CD","RELATION_TO_ROAD","ROADWAY_CLEARED","ROAD_CONDITION","SCH_BUS_IND","SCH_ZONE_IND","SECONDARY_CRASH","SMALL_TRUCK_COUNT","SPEC_JURIS_CD","SUSP_MINOR_INJ_COUNT","SUSP_SERIOUS_INJ_COUNT","SUV_COUNT","TCD_FUNC_CD","TCD_TYPE","TFC_DETOUR_IND","TIME_OF_DAY","TOTAL_UNITS","TOT_INJ_COUNT","UNBELTED_OCC_COUNT","UNB_DEATH_COUNT","UNB_SUSP_SERIOUS_INJ_COUNT","UNK_INJ_DEG_COUNT","UNK_INJ_PER_COUNT","URBAN_RURAL","VAN_COUNT","VEHICLE_COUNT","WEATHER1","WEATHER2","WORKERS_PRES","WORK_ZONE_IND","WORK_ZONE_LOC","WORK_ZONE_TYPE","WZ_CLOSE_DETOUR","WZ_FLAGGER","WZ_LAW_OFFCR_IND","WZ_LN_CLOSURE","WZ_MOVING","WZ_OTHER","WZ_SHLDER_MDN","WZ_WORKERS_INJ_KILLED"
"2020099231","0940","2","0","0","0","0","0","0","0","0","1","0","","67","11","2020","4","39.923376","-75.161912","0931","6","0","0","0","0","0","0","0","0","","0","0","0","","","0","N","0","","39 55:24.153","","0","75 09:42.883","9","0","0","0","67301","0","0","0","N","0","0","0","1","67301","0","","6.0","","1","N","N","N","0","","0","0","0","0","0","","","2","0","0","0","0","0","1","2","0","2","","03","","N","","","","","","","","","",""
"2020086186","1656","2","0","0","0","0","0","0","0","0","4","0","","67","10","2020","4","40.044927","-75.170107","1652","6","0","0","0","0","0","0","0","0","","0","0","0","","","4","","1","","40 02:41.737","","0","75 10:12.385","3","0","0","0","67301","0","0","0","N","0","0","0","6","67301","0","","1.0","","1","N","N","N","0","","4","0","0","3","3","","","2","4","3","0","0","0","0","2","0","2","","","","N","","","","","","","","","",""
"2020104025","1008","1","0","0","0","0","0","0","0","0","4","0","","67","12","2020","3","40.049064","-74.989317","1003","6","0","0","0","0","0","1","0","1","","0","0","0","","","2","N","0","","40 02:56.630","","7","74 59:21.541","3","0","0","0","67301","0","0","0","N","0","0","0","2","67301","1","","1.0","","1","N","N","N","1","","1","0","0","0","0","","","2","2","0","0","0","0","0","2","0","2","","03","","N","","","","","","","","","",""
"2020105147","1720","2","0","0","0","0","0","0","0","0","1","0","","67","12","2020","1","39.955118","-75.185791","1715","6","0","0","0","0","0","0","0","0","","0","0","0","","","0","N","0","","39 57:18.424","3","0","75 11:08.849","0","0","0","0","67301","0","0","0","N","0","0","0","4","67507","0","","1.0","1830.0","1","N","N","N","0","","0","0","1","0","0","N","","3","0","0","0","0","0","0","2","0","3","","03","","N","","","","","","","","","",""
"2020105740","2357","1","0","0","0","0","0","0","0","0","1","0","","67","12","2020","2","40.040452","-75.178624","2357","6","0","0","0","0","0","0","0","0","","0","0","0","","","1","","2","","40 02:25.628","1","0","75 10:43.047","8","0","0","0","67301","0","0","0","N","0","0","0","2","67301","0","","1.0","145.0","1","N","N","N","0","","0","0","1","3","2","N","","2","1","0","0","0","1","1","2","0","2","","03","","N","","","","","","","","","",""
"2020082230","1703","0","0","0","0","0","0","0","0","0","4","0","","67","10","2020","1","40.031576","-75.207753","1658","6","0","0","0","0","0","0","0","1","","0","0","0","","","0","","1","","40 01:53.675","","0","75 12:27.912","0","0","0","0","67301","0","0","0","N","0","0","0","3","67301","0","","1.0","","1","N","N","N","0","","0","0","1","3","2","","","2","0","0","0","0","0","0","2","1","2","","03","","N","","","","","","","","","",""
"2020089388","1210","2","0","0","0","0","0","0","0","0","3","0","","67","10","2020","7","40.042417","-75.123761","1208","6","0","0","0","0","0","0","0","0","","0","0","0","","","0","N","0","","40 02:32.700","","0","75 07:25.540","9","0","0","0","67301","0","0","0","N","0","0","0","2","67301","0","","1.0","","1","N","N","N","0","","0","0","0","3","3","","","2","0","0","0","0","0","1","2","0","2","","03","","N","","","","","","","","","",""
"2020112467","0723","1","0","0","0","0","0","0","0","0","4","0","","67","12","2020","1","39.986621","-75.2455","0720","6","0","0","0","0","0","0","1","0","","0","0","0","","","1","","1","","39 59:11.835","","0","75 14:43.799","3","0","0","0","67301","0","0","0","N","0","0","0","2","67301","0","","1.0","","1","N","N","N","1","","1","0","0","3","2","","","2","1","1","0","0","0","0","2","0","2","","","","N","","","","","","","","","",""
"2020109443","1824","1","0","0","0","0","0","0","0","0","4","0","","67","12","2020","4","39.922125","-75.227372","1819","6","0","0","0","0","0","0","0","0","","0","0","0","","","0","N","0","","39 55:19.650","","0","75 13:38.540","9","0","0","0","67301","0","0","0","N","0","0","0","1","67301","0","","1.0","","7","N","N","N","0","","0","0","2","0","0","","","3","0","0","0","0","0","1","2","0","3","","10","","N","","","","","","","","","",""
"2020089100","1855","1","0","0","0","0","0","0","0","0","7","0","","67","10","2020","6","39.981805","-75.207229","1845","6","0","0","0","0","0","0","0","0","","0","0","0","","","0","N","0","","39 58:54.498","4","0","75 12:26.024","0","0","0","0","67301","0","0","0","N","0","0","0","1","68K01","0","","3.0","1930.0","1","N","N","N","0","","0","0","0","0","0","N","","1","0","1","0","0","0","0","2","0","1","","03","","N","","","","","","","","","",""
"2020086618","1527","1","0","0","0","0","0","0","0","0","4","0","","67","10","2020","6","40.094773","-75.015326","1512","6","0","0","0","0","0","0","0","0","","0","0","0","","","1","","1","","40 05:41.184","","0","75 00:55.174","3","0","0","0","67301","0","0","0","N","0","0","0","2","67301","0","","1.0","","9","N","N","N","0","","1","0","1","3","2","","","2","1","0","0","0","0","0","2","0","2","","","","N","","","","","","","","","",""
"2020102586","0758","1","0","0","0","0","0","0","0","0","4","0","","67","11","2020","7","40.040424","-75.065534","0755","6","0","0","0","0","0","1","0","0","","0","0","0","","","1","","5","","40 02:25.526","","0","75 03:55.923","3","0","0","0","67301","0","0","0","N","0","0","0","2","67301","0","","1.0","","1","N","N","N","0","","1","0","0","3","2","","","2","1","0","0","0","0","0","2","1","2","","03","","N","","","","","","","","","",""
"2020102681","1624","2","0","0","0","0","0","0","0","0","4","0","","67","11","2020","1","40.093503","-74.980167","1622","6","0","0","0","0","0","0","0","0","","0","0","0","","","1","","1","","40 05:36.611","","0","74 58:48.600","3","0","0","0","67301","0","0","0","N","0","0","0","2","67301","0","","1.0","","1","N","N","N","0","","1","0","0","3","2","","","2","1","0","0","0","0","0","2","0","2","","","","N","","","","","","","","","",""
"2020105142","2305","2","0","0","0","0","0","0","0","0","1","0","35","67","12","2020","6","39.908806","-75.150722","2304","6","0","0","0","0","0","0","0","0","","0","0","0","","","0","N","0","","39 54:31.700","","3","75 09:02.600","0","0","0","0","67301","0","0","0","N","0","0","0","2","67501","0","","1.0","","9","N","N","N","0","","0","0","0","3","8","N","","2","0","0","0","0","0","0","2","0","2","","07","N","Y","4","1","","","N","Y","","","","N"
"2020111757","1913","2","0","0","0","0","0","0","0","0","6","0","","67","12","2020","6","39.972283","-75.232428","1913","6","0","0","0","0","0","0","0","0","","0","0","0","","","1","N","0","","39 58:20.220","","0","75 13:56.740","4","0","0","0","67301","0","0","0","N","0","0","0","3","67301","1","","1.0","","2","N","N","N","0","","0","0","2","0","0","","","4","1","0","0","0","0","0","2","0","4","","","","N","","","","","","","","","",""
"2020086216","0735","0","0","0","0","0","0","0","0","0","4","0","","67","10","2020","4","40.037211","-75.136476","0735","6","0","0","0","0","0","1","0","0","","0","0","0","","","1","","3","","40 02:13.959","2","0","75 08:11.315","3","0","0","1","67301","0","0","0","N","0","0","0","2","67301","0","","1.0","800.0","1","N","N","N","0","","1","0","1","0","0","N","","2","1","0","0","0","0","0","2","0","2","","03","","N","","","","","","","","","",""
"2020103520","2125","1","0","0","0","0","0","0","0","0","8","0","","67","11","2020","1","39.961185","-75.24707","2124","6","0","0","0","0","0","0","0","0","","0","0","0","","","1","","2","","39 57:40.266","","0","75 14:49.451","2","0","0","0","67301","1","0","1","N","1","0","1","2","67301","0","","1.0","","1","N","N","N","0","","0","1","0","3","2","","","2","1","0","0","0","0","0","2","0","1","","03","","N","","","","","","","","","",""
"2020107789","1910","0","0","0","0","0","0","1","0","0","1","1","","67","11","2020","6","39.981781","-75.181896","1900","6","0","0","0","0","0","1","0","0","","0","0","0","","","0","","1","","39 58:54.410","5","0","75 10:54.826","9","0","0","0","67301","0","0","0","N","0","0","0","2","67508","0","","1.0","9999.0","1","N","N","Y","0","","0","0","1","3","2","Y","","2","0","0","0","0","0","2","2","0","2","","03","","N","","","","","","","","","",""
"2020108707","1209","2","0","0","0","0","0","0","0","0","3","0","","67","12","2020","7","39.995583","-75.119667","1207","6","0","0","0","0","0","0","0","0","","0","0","0","","","0","Y","0","","39 59:44.100","","0","75 07:10.800","0","0","0","0","67301","0","0","0","N","0","0","0","1","67301","0","","6.0","","1","N","N","N","0","","0","0","1","0","0","","","3","0","0","0","0","0","0","2","0","3","","","","N","","","","","","","","","",""
"2020100763","1715","1","0","0","0","0","0","0","0","0","8","0","","67","11","2020","2","39.919383","-75.170703","1710","6","0","0","0","0","0","0","0","0","","0","0","0","","","1","","1","","39 55:09.777","","0","75 10:14.532","8","0","0","0","67301","1","0","0","N","1","0","0","2","67301","0","","1.0","","1","N","N","N","0","","0","0","0","3","2","","","2","1","0","0","0","1","1","2","0","1","","","","N","","","","","","","","","",""
"2020108265","1652","3","0","0","0","0","0","0","0","0","4","0","","67","12","2020","2","39.974763","-75.185091","1650","6","0","0","0","0","0","0","0","0","","0","0","0","","","0","","2","","39 58:29.148","","0","75 11:06.326","0","0","0","0","67301","0","0","0","N","0","0","0","3","67301","0","","1.0","","9","N","N","N","0","","0","0","0","3","3","","","3","0","0","0","0","0","0","2","0","3","","07","","N","","","","","","","","","",""
"2020087005","0910","1","0","0","0","0","0","0","0","0","4","0","","67","10","2020","1","39.988085","-75.157564","0904","6","0","0","1","0","0","0","0","0","","0","0","0","","","0","","1","","39 59:17.105","","0","75 09:27.231","0","0","0","0","67301","0","0","0","Y","0","0","0","3","67301","0","","1.0","","1","N","N","N","0","","0","0","0","3","2","","","2","0","0","0","0","0","0","2","1","2","","03","","N","","","","","","","","","",""
"2020089162","1813","1","0","0","0","0","0","0","0","0","5","0","","67","10","2020","5","39.9725","-75.252694","1752","6","0","0","0","0","0","0","0","0","","0","0","0","","","2","N","0","","39 58:21.000","","0","75 15:09.700","8","0","0","0","67301","1","0","0","N","1","0","0","3","67301","0","","1.0","","1","N","N","N","0","","0","0","1","0","0","","","3","2","0","0","0","2","1","2","0","2","","03","","N","","","","","","","","","",""
"2020088914","1751","2","0","0","0","0","0","0","0","0","4","0","","67","10","2020","4","40.017004","-75.15154","1750","6","0","0","0","0","0","0","0","0","","0","0","0","","","2","","1","","40 01:01.213","","0","75 09:05.545","3","0","0","0","67301","0","0","0","N","0","0","0","3","67301","0","","1.0","","1","N","N","N","1","","2","0","0","3","2","","","3","2","0","0","0","0","0","2","0","3","","03","","N","","","","","","","","","",""
"2020094368","0002","1","0","0","0","0","0","0","0","0","98","0","","67","10","2020","2","40.038704","-75.00946","2357","6","0","0","0","0","0","0","0","0","","0","0","0","","","0","N","0","","40 02:19.333","","0","75 00:34.056","0","0","0","0","67301","0","0","0","N","0","0","0","1","68K01","0","","4.0","","9","N","N","N","0","","0","0","0","0","0","","","1","0","0","0","0","0","0","2","0","1","","","","N","","","","","","","","","",""
"2020105017","1950","0","0","0","0","0","0","0","0","0","8","0","","67","12","2020","7","40.074144","-75.15839","1950","6","0","0","0","0","0","0","0","0","","0","0","0","","","1","","1","","40 04:26.918","","0","75 09:30.203","3","0","0","0","67301","1","0","0","N","1","0","0","1","67301","0","","1.0","","1","N","N","N","1","","1","0","0","3","2","","","2","1","0","0","0","0","0","2","0","1","","","","N","","","","","","","","","",""
"2020101950","1138","0","0","0","0","0","0","0","0","0","4","0","","67","11","2020","6","40.057354","-75.076833","1135","6","0","0","0","0","0","0","0","0","","0","0","0","","","1","","1","","40 03:26.473","","0","75 04:36.598","3","0","0","0","67301","0","0","0","N","0","0","0","2","67301","0","","1.0","","1","N","N","N","0","","1","0","2","3","2","","","2","1","0","0","0","0","0","2","0","2","","03","","N","","","","","","","","","",""
"2020087969","1217","1","0","0","0","0","0","0","0","0","5","0","","67","10","2020","2","39.999408","-75.222353","1212","6","0","0","0","0","0","0","0","0","","0","0","0","","","0","N","0","","39 59:57.870","","0","75 13:20.470","0","0","0","0","67301","0","0","0","N","0","0","0","1","67301","0","","6.0","","1","N","N","N","0","","0","0","1","0","0","","","2","0","1","0","0","0","0","2","0","2","","03","","N","","","","","","","","","",""
"2020108504","0325","2","0","0","0","0","0","0","0","0","1","0","","67","12","2020","1","39.998039","-75.125725","0320","6","0","0","0","0","0","0","0","0","","0","0","0","","","1","N","0","","39 59:52.939","","0","75 07:32.611","4","0","0","0","67301","0","0","0","N","0","0","0","1","67301","1","","1.0","","1","N","N","N","0","","0","0","0","3","2","","","3","1","0","0","0","0","0","2","1","3","","03","","N","","","","","","","","","",""
"2020103026","1942","0","0","0","0","0","0","0","0","0","7","0","","67","11","2020","2","39.993078","-75.097499","1922","6","0","0","0","0","0","0","0","0","","0","0","0","","","1","N","0","","39 59:35.080","","0","75 05:50.997","3","0","0","0","67301","0","0","0","N","0","0","0","2","67301","0","","4.0","","9","N","N","N","1","","1","0","0","0","0","","","1","1","2","0","0","0","1","2","0","1","","07","","N","","","","","","","","","",""
"2020105645","2040","2","0","0","0","0","0","0","0","0","5","0","","67","12","2020","2","39.983528","-75.15925","2040","6","0","0","0","0","0","0","0","0","","0","0","0","","","1","Y","0","","39 59:00.700","","0","75 09:33.300","3","0","0","0","67301","0","0","0","N","0","0","0","1","67505","0","","1.0","","1","N","N","N","0","","1","0","2","0","0","","","4","1","1","0","0","0","0","2","0","4","","","","N","","","","","","","","","",""
"2020101358","2020","1","0","0","1","0","0","0","0","0","8","0","","67","11","2020","6","39.948439","-75.166205","2012","6","0","0","0","0","0","1","0","0","","0","0","0","","","1","","1","","39 56:54.380","","0","75 09:58.337","8","0","0","0","67301","1","0","0","N","0","0","0","2","67301","0","","1.0","","1","N","N","N","0","","0","0","0","3","2","","","2","1","0","0","0","1","0","2","0","1","","","","N","","","","","","","","","",""
"2020101847","2336","1","0","0","0","0","0","0","0","0","4","0","","67","11","2020","3","40.027214","-75.114526","2336","6","0","0","0","0","0","0","0","0","","0","0","0","","","1","","2","","40 01:37.970","4","0","75 06:52.293","3","0","0","0","67301","0","0","0","N","0","0","0","2","67301","0","","1.0","45.0","1","N","Y","N","0","","1","0","1","0","0","Y","","2","1","0","0","0","0","1","2","0","2","","03","","N","","","","","","","","","",""
"2020085332","1302","1","0","0","0","0","0","0","0","0","7","0","55","67","10","2020","2","39.960711","-75.140143","1259","6","0","0","0","0","0","0","0","0","","0","0","0","","","1","N","0","","39 57:38.559","5","0","75 08:24.515","8","0","0","0","67301","0","0","0","Y","0","0","0","1","68K01","0","","3.0","140.0","1","N","N","N","0","","0","0","0","0","0","N","","1","1","0","0","0","1","0","2","0","1","","04","N","Y","4","1","","","N","","","","Y","N"
"2020109211","0805","1","0","0","0","0","0","0","0","0","4","0","","67","12","2020","5","40.112033","-74.990511","0755","6","0","0","0","0","0","1","0","0","","0","0","0","","","0","","1","","40 06:43.320","","0","74 59:25.838","9","0","0","0","67301","0","0","0","N","0","0","0","2","67301","0","","1.0","","7","N","N","N","0","","0","0","0","3","2","","","2","0","0","0","0","0","1","2","0","2","","10","","N","","","","","","","","","",""
"2020086175","1540","2","0","0","0","0","0","0","0","0","7","0","","67","10","2020","4","40.078056","-75.053972","1632","6","0","0","0","0","0","1","1","0","","0","0","0","","","2","N","0","","40 04:41.000","5","0","75 03:14.300","8","0","0","0","67301","0","0","0","N","0","0","0","2","67301","0","","4.0","1640.0","1","N","N","Y","0","","0","0","0","0","0","Y","","2","2","0","0","0","2","0","2","0","2","","03","","N","","","","","","","","","",""
"2020112968","0101","1","0","0","0","0","0","0","0","0","4","0","","67","12","2020","1","40.059172","-75.158406","2354","6","0","0","0","0","0","0","1","0","","0","0","0","","","1","","1","","40 03:33.019","","0","75 09:30.261","8","0","0","0","67301","0","0","0","N","0","0","0","3","67301","0","","1.0","","1","N","N","N","0","","0","0","0","3","3","","","2","1","0","0","0","1","0","2","0","2","","03","","N","","","","","","","","","",""
"2020110494","1510","0","0","0","0","0","0","0","0","0","7","0","","67","12","2020","3","40.00713","-75.094069","1500","6","0","0","0","0","0","0","0","0","","0","0","0","","","0","","1","","40 00:25.667","","0","75 05:38.650","9","0","0","0","67301","0","0","0","N","0","0","0","1","67508","0","","1.0","","1","N","N","Y","0","","0","0","1","9","9","N","","1","0","0","0","0","0","1","2","0","1","","03","","N","","","","","","","","","",""
"2020106644","1330","0","0","0","0","0","0","0","0","0","6","0","","67","12","2020","3","39.94998","-75.222934","1330","6","0","0","0","0","0","1","0","0","","0","0","0","","","1","","1","","39 56:59.928","","0","75 13:22.562","3","0","0","0","67301","0","0","0","N","0","0","0","2","67301","0","","1.0","","99","N","N","N","0","","1","0","2","3","3","","","2","1","0","0","0","0","0","2","0","2","","03","","N","","","","","","","","","",""
"2020106975","0955","0","0","0","0","0","0","0","0","0","8","0","","67","12","2020","5","40.003185","-75.152576","0945","6","0","0","0","0","0","0","0","0","","0","0","0","","","1","","1","","40 00:11.467","","0","75 09:09.273","8","0","0","0","67301","1","0","0","N","1","0","0","2","67301","0","","1.0","","1","N","N","N","0","","0","0","0","3","2","","","2","1","0","0","0","1","0","2","1","1","","03","","N","","","","","","","","","",""
"2020110361","1454","0","0","0","0","0","0","0","0","0","8","0","","67","12","2020","4","40.043878","-75.22855","1454","6","0","0","0","0","0","0","0","0","","0","0","0","","","1","","2","","40 02:37.962","","0","75 13:42.779","8","0","0","0","67301","1","0","0","N","1","0","0","2","67301","0","","5.0","","6","N","N","N","0","","0","0","1","3","2","","","2","1","0","0","0","1","0","2","0","1","","10","","N","","","","","","","","","",""
"2020103525","1822","2","0","0","0","0","0","0","0","0","4","0","","67","12","2020","3","40.026781","-75.152052","1818","6","0","0","0","0","0","0","0","0","","0","0","0","","","2","","3","","40 01:36.411","","0","75 09:07.387","3","0","0","0","67301","0","0","0","N","0","0","0","2","67301","0","","1.0","","1","N","N","N","0","","2","0","0","3","3","","","2","2","0","0","0","0","0","2","0","2","","","","N","","","","","","","","","",""
"2020113273","1832","2","0","0","0","0","0","0","0","0","1","0","45","67","12","2020","2","39.995228","-75.083631","1832","6","0","0","0","0","1","0","0","0","","0","0","0","","","0","N","0","","39 59:42.820","2","0","75 05:01.072","0","0","0","0","67301","0","0","0","N","0","0","0","5","68K01","0","","1.0","100.0","9","N","N","N","0","","0","0","1","0","0","N","","3","0","0","0","0","0","0","2","0","3","","","N","Y","4","1","","","N","","","","Y","N"
"2020086346","1700","1","0","0","0","0","0","0","0","0","2","0","","67","10","2020","4","39.975482","-75.191777","1700","6","0","0","0","0","0","0","0","0","","0","0","0","","","1","N","0","","39 58:31.736","","1","75 11:30.398","3","0","0","0","67301","0","0","0","N","0","0","0","2","67301","0","","1.0","","1","N","N","N","0","","1","0","1","0","0","","","2","1","0","0","0","0","1","2","0","2","","03","","N","","","","","","","","","",""
"2020084714","1929","1","0","0","0","0","0","0","0","0","8","0","","67","10","2020","6","40.018747","-75.127414","1929","6","0","0","0","0","0","0","0","0","","0","0","0","","","1","N","0","","40 01:07.490","","0","75 07:38.690","2","0","0","0","67301","1","0","1","N","1","0","1","2","67301","0","","1.0","","1","N","N","N","0","","0","1","0","0","0","","","2","1","0","0","0","0","0","2","0","1","","03","","N","","","","","","","","","",""
"2020087517","1815","2","0","0","0","0","0","0","0","0","4","0","","67","10","2020","1","39.948352","-75.234771","1808","6","0","0","0","0","0","0","0","0","","0","0","0","","","1","","2","","39 56:54.067","","0","75 14:05.175","8","0","0","0","67301","0","0","0","N","0","0","0","2","67301","0","","1.0","","1","N","N","N","0","","0","0","1","3","3","","","3","1","0","0","0","1","1","2","0","3","","03","","N","","","","","","","","","",""
"2020092367","0215","0","0","0","0","0","0","0","0","0","7","0","","67","11","2020","1","39.985326","-75.136175","0215","6","0","1","0","0","0","0","0","0","","0","0","0","","","0","","1","","39 59:07.172","","0","75 08:10.230","0","0","0","0","67301","0","0","0","N","0","0","0","3","67301","0","","4.0","","1","N","N","N","0","","0","0","1","3","2","","","1","0","0","0","0","0","0","2","0","1","","","","N","","","","","","","","","",""
"2020113997","0429","1","0","0","0","0","0","0","0","0","7","0","","67","12","2020","3","39.970656","-75.192949","0429","6","0","0","0","0","0","0","0","0","","0","0","0","","","1","N","0","","39 58:14.361","","0","75 11:34.615","8","0","0","0","67301","0","0","0","N","0","0","0","1","68K01","0","","3.0","","9","N","N","N","0","","0","0","0","0","0","","","1","1","0","0","0","1","0","2","0","1","","","","N","","","","","","","","","",""
"2020102366","0112","1","0","0","0","0","0","0","0","0","4","0","","67","11","2020","1","39.993584","-75.176206","0110","6","0","0","0","0","0","0","0","0","","0","0","0","","","2","","1","","39 59:36.902","7","0","75 10:34.341","2","0","0","0","67301","0","0","0","Y","0","0","0","2","67301","0","","1.0","340.0","1","N","N","N","2","","1","1","1","3","3","Y","","4","2","1","0","1","0","0","2","0","4","","03","","N","","","","","","","","","",""
"2020112984","0039","0","0","0","0","0","0","0","0","0","8","0","","67","12","2020","7","39.99999","-75.153145","0036","6","0","0","0","0","0","0","1","0","","0","0","0","","","1","","1","","39 59:59.964","","0","75 09:11.322","8","0","0","0","67301","1","0","0","N","1","0","0","3","67301","0","","1.0","","1","N","N","N","0","","0","0","1","3","2","","","2","1","0","0","0","1","0","2","0","1","","03","","N","","","","","","","","","",""
"2020111587","1620","3","0","0","0","0","0","0","0","0","4","0","","67","12","2020","4","40.020881","-75.1486","1617","6","0","0","0","0","0","0","0","0","","0","0","0","","","8","","2","","40 01:15.173","","0","75 08:54.961","3","0","0","0","67301","0","0","0","N","0","0","0","8","67301","0","","1.0","","1","N","N","N","0","","8","0","0","0","0","","","3","8","0","0","0","0","0","2","0","3","","04","","N","","","","","","","","","",""
"2020104033","1745","1","0","0","0","0","0","0","0","0","1","0","","67","12","2020","4","39.980869","-75.105431","1745","6","0","0","0","0","0","0","0","0","","0","0","0","","","1","Y","0","","39 58:51.130","","0","75 06:19.551","3","0","0","0","67301","0","0","0","N","0","0","0","2","67301","0","","1.0","","1","N","N","N","0","","1","0","1","0","0","","","2","1","0","0","0","0","1","2","0","2","","","","N","","","","","","","","","",""
"2020083140","1105","1","0","0","0","0","0","0","0","0","8","0","","67","10","2020","4","39.987544","-75.129599","1059","6","0","0","0","0","0","0","0","0","","0","0","0","","","1","","5","","39 59:15.158","","1","75 07:46.556","3","0","0","0","67301","1","0","0","N","1","0","0","2","67301","0","","1.0","","1","N","N","N","0","","1","0","0","3","2","","","2","1","0","0","0","0","0","2","0","1","","03","","N","","","","","","","","","",""
"2020112980","1257","1","0","0","0","0","0","0","0","0","8","0","","67","12","2020","5","39.991278","-75.111306","1235","6","0","0","0","0","0","0","0","0","","0","0","0","","","1","N","0","","39 59:28.600","","0","75 06:40.700","3","0","0","0","67301","1","0","0","N","1","0","0","2","67301","0","","1.0","","1","N","N","N","0","","1","0","1","0","0","","","3","1","0","0","0","0","0","2","0","2","","03","","N","","","","","","","","","",""
"2020099989","0108","1","0","0","0","0","0","0","0","0","4","0","","67","11","2020","7","39.981144","-75.164732","0104","6","0","0","0","0","0","0","0","0","","0","0","0","","","0","","1","","39 58:52.118","","0","75 09:53.035","0","0","0","0","67301","0","0","0","N","0","0","0","2","67301","0","","1.0","","1","N","N","N","0","","0","0","1","9","3","","","2","0","0","0","0","0","0","2","0","2","","03","","N","","","","","","","","","",""
"2020082491","0840","1","0","0","0","0","0","0","0","0","4","0","","67","10","2020","2","39.955401","-75.171142","0832","6","0","0","0","0","0","0","0","0","","0","0","0","","","0","","1","","39 57:19.443","","0","75 10:16.111","0","0","0","0","67301","0","0","0","N","0","0","0","3","67301","0","","1.0","","1","N","N","N","0","","0","0","2","3","2","","","3","0","0","0","0","0","0","2","0","3","","","","N","","","","","","","","","",""
"2020088078","1639","1","0","0","0","0","0","0","0","0","4","0","","67","10","2020","6","39.961968","-75.200119","1639","6","0","0","0","0","0","1","0","0","","0","0","0","","","0","","5","","39 57:43.083","","0","75 12:00.429","9","0","0","0","67301","0","0","0","N","0","0","0","3","67301","0","","1.0","","1","N","N","N","0","","0","0","2","3","2","","","3","0","0","0","0","0","1","2","0","3","","03","","N","","","","","","","","","",""
"2020091901","2145","2","0","0","0","0","0","0","0","0","2","0","","67","10","2020","7","39.986286","-75.156264","2145","6","0","0","0","0","0","0","0","0","","0","0","0","","","2","N","1","","39 59:10.631","","0","75 09:22.550","4","0","0","0","67301","0","0","0","Y","0","0","0","4","67505","2","","1.0","","1","N","N","N","0","","0","0","0","3","2","","","2","2","0","0","0","0","0","2","0","2","","03","","N","","","","","","","","","",""
"2020107346","0043","1","0","0","0","0","0","0","0","0","1","0","","67","12","2020","7","40.007629","-75.127439","0041","6","0","0","0","0","0","1","0","0","","0","0","0","","","0","N","0","","40 00:27.463","","0","75 07:38.780","0","0","0","0","67301","0","0","0","N","0","0","0","2","67301","0","","1.0","","1","N","N","N","0","","0","0","1","3","1","","","2","0","0","0","0","0","0","2","0","2","","03","","N","","","","","","","","","",""
"2020086177","0355","0","0","0","0","0","0","0","0","0","7","0","","67","10","2020","6","40.070894","-75.038405","0348","6","0","0","0","0","0","0","0","0","","0","0","0","","","0","N","0","","40 04:15.217","","0","75 02:18.257","0","0","0","0","67301","0","0","0","N","0","0","0","1","67301","0","","3.0","","1","N","N","N","0","","0","0","1","0","0","","","1","0","0","0","0","0","0","2","0","1","","03","","N","","","","","","","","","",""
"2020088901","1029","3","0","0","0","0","0","0","0","0","5","0","","67","10","2020","4","39.961294","-75.161702","1017","6","0","0","0","0","0","0","0","0","","0","0","0","","","0","N","0","","39 57:40.657","2","0","75 09:42.128","0","0","0","0","67301","0","0","0","N","0","0","0","3","67301","0","","6.0","1230.0","1","N","N","N","0","","0","0","2","0","0","N","","6","0","0","0","0","0","0","2","1","6","","","","N","","","","","","","","","",""