"CRN","ARRIVAL_TM","AUTOMOBILE_COUNT","BELTED_DEATH_COUNT","BELTED_SUSP_SERIOUS_INJ_COUNT","BICYCLE_COUNT","BICYCLE_DEATH_COUNT","BICYCLE_SUSP_SERIOUS_INJ_COUNT","BUS_COUNT","CHLDPAS_DEATH_COUNT","CHLDPAS_SUSP_SERIOUS_INJ_COUNT","COLLISION_TYPE","COMM_VEH_COUNT","CONS_ZONE_SPD_LIM","COUNTY","CRASH_MONTH","CRASH_YEAR","DAY_OF_WEEK","DEC_LATITUDE","DEC_LONGITUDE","DISPATCH_TM","DISTRICT","DRIVER_COUNT_16YR","DRIVER_COUNT_17YR","DRIVER_COUNT_18YR","DRIVER_COUNT_19YR","DRIVER_COUNT_20YR","DRIVER_COUNT_50_64YR","DRIVER_COUNT_65_74YR","DRIVER_COUNT_75PLUS","EST_HRS_CLOSED","FATAL_COUNT","HEAVY_TRUCK_COUNT","HORSE_BUGGY_COUNT","HOUR_OF_DAY","ILLUMINATION","INJURY_COUNT","INTERSECTION_RELATED","INTERSECT_TYPE","LANE_CLOSED","LATITUDE","LN_CLOSE_DIR","LOCATION_TYPE","LONGITUDE","MAX_SEVERITY_LEVEL","MCYCLE_DEATH_COUNT","MCYCLE_SUSP_SERIOUS_INJ_COUNT","MOTORCYCLE_COUNT","MUNICIPALITY","NONMOTR_COUNT","NONMOTR_DEATH_COUNT","NONMOTR_SUSP_SERIOUS_INJ_COUNT","NTFY_HIWY_MAINT","PED_COUNT","PED_DEATH_COUNT","PED_SUSP_SERIOUS_INJ_COUNT","PERSON_COUNT","POLICE_AGCY","POSSIBLE_INJ_COUNT","RDWY_SURF_TYPE_CD","RELATION_TO_ROAD","ROADWAY_CLEARED","ROAD_CONDITION","SCH_BUS_IND","SCH_ZONE_IND","SECONDARY_CRASH","SMALL_TRUCK_COUNT","SPEC_JURIS_CD","SUSP_MINOR_INJ_COUNT","SUSP_SERIOUS_INJ_COUNT","SUV_COUNT","TCD_FUNC_CD","TCD_TYPE","TFC_DETOUR_IND","TIME_OF_DAY","TOTAL_UNITS","TOT_INJ_COUNT","UNBELTED_OCC_COUNT","UNB_DEATH_COUNT","UNB_SUSP_SERIOUS_INJ_COUNT","UNK_INJ_DEG_COUNT","UNK_INJ_PER_COUNT","URBAN_RURAL","VAN_COUNT","VEHICLE_COUNT","WEATHER1","WEATHER2","WORKERS_PRES","WORK_ZONE_IND","WORK_ZONE_LOC","WORK_ZONE_TYPE","WZ_CLOSE_DETOUR","WZ_FLAGGER","WZ_LAW_OFFCR_IND","WZ_LN_CLOSURE","WZ_MOVING","WZ_OTHER","WZ_SHLDER_MDN","WZ_WORKERS_INJ_KILLED"
"2020090765","2256","0","0","0","0","0","0","0","0","0","7","0","","67","10","2020","5","39.931654","-75.199627","2253","6","0","0","0","0","0","0","0","0","","0","0","0","","","1","N","0","","39 55:53.956","4","0","75 11:58.657","3","0","0","0","67301","0","0","0","N","0","0","0","1","68K01","0","","3.0","2316.0","1","N","N","N","0","","1","0","1","0","0","Y","","1","1","0","0","0","0","0","2","0","1","","03","","N","","","","","","","","","",""
"2020111412","0454","1","0","0","0","0","0","0","0","0","2","0","","67","12","2020","5","39.962488","-75.210064","0454","6","0","0","0","0","0","0","0","0","","0","0","0","","","0","N","0","","39 57:44.955","","0","75 12:36.230","0","0","0","0","67301","0","0","0","N","0","0","0","2","67301","0","","1.0","","2","N","N","N","0","","0","0","1","3","2","","","2","0","0","0","0","0","0","2","0","2","","","","N","","","","","","","","","",""
"2020106650","1610","2","0","0","0","0","0","0","0","0","4","0","","67","12","2020","5","40.030204","-75.118458","1610","6","0","0","0","0","0","0","1","0","","0","0","0","","","0","","1","","40 01:48.734","","0","75 07:06.449","0","0","0","0","67301","0","0","0","N","0","0","0","2","67301","0","","1.0","","99","N","N","N","0","","0","0","0","3","2","","","2","0","0","0","0","0","0","2","0","2","","","","N","","","","","","","","","",""
"2020113983","0245","1","0","0","0","0","0","0","0","0","7","0","","67","12","2020","1","39.932937","-75.200029","0231","6","0","0","0","0","0","0","0","0","","0","0","0","","","1","N","0","","39 55:58.573","","0","75 12:00.106","3","0","0","0","67301","0","0","0","N","0","0","0","1","68K01","0","","3.0","","1","N","N","N","0","","1","0","0","0","0","","","1","1","1","0","0","0","0","2","0","1","","","","N","","","","","","","","","",""
"2020089102","0845","0","0","0","0","0","0","0","0","0","7","0","","67","10","2020","7","40.005361","-75.194084","0842","6","0","0","0","0","0","1","0","0","","0","0","0","","","0","N","0","","40 00:19.300","4","8","75 11:38.701","0","0","0","0","67301","0","0","0","N","0","0","0","1","68K01","0","","4.0","930.0","1","N","N","N","0","","0","0","1","0","0","N","","1","0","0","0","0","0","0","2","0","1","","03","","N","","","","","","","","","",""
"2020114063","1741","1","0","0","0","0","0","0","0","0","8","0","","67","12","2020","5","40.038972","-75.150035","1741","6","0","0","0","0","0","0","0","0","","0","0","0","","","1","N","0","","40 02:20.299","","0","75 09:00.127","3","0","0","0","67301","1","0","0","N","1","0","0","2","67301","0","","1.0","","9","N","N","N","0","","1","0","0","0","0","","","2","1","0","0","0","0","0","2","0","1","","","","N","","","","","","","","","",""
"2020082331","0917","1","0","0","0","0","0","0","0","0","4","0","","67","10","2020","2","40.085406","-75.037359","0915","6","0","0","0","0","1","0","0","0","","0","0","0","","","0","","1","","40 05:07.463","","0","75 02:14.492","0","0","0","0","67301","0","0","0","N","0","0","0","2","67301","0","","1.0","","1","N","N","N","0","","0","0","0","3","2","","","2","0","0","0","0","0","0","2","1","2","","03","","N","","","","","","","","","",""
"2020113227","1843","1","0","1","0","0","0","0","0","0","7","0","","67","12","2020","4","40.023232","-75.034163","1837","6","0","0","0","0","0","1","0","0","","0","0","0","","","2","N","7","","40 01:23.635","1","2","75 02:02.986","2","0","0","0","67301","0","0","0","Y","0","0","0","2","68K01","0","","7.0","1921.0","1","N","N","N","0","","1","1","0","0","0","Y","","2","2","0","0","0","0","0","2","1","2","","","","N","","","","","","","","","",""
"2020110829","1951","0","0","0","0","0","0","0","0","0","8","0","","67","12","2020","7","40.00468","-75.152126","1950","6","0","0","0","0","0","0","0","0","","0","0","0","","","1","","1","","40 00:16.847","","0","75 09:07.652","8","0","0","0","67301","1","0","0","N","1","0","0","2","67505","0","","1.0","","99","N","N","N","0","","0","0","1","3","2","","","2","1","0","0","0","1","0","2","0","1","","","","N","","","","","","","","","",""
"2020107813","1920","1","0","0","0","0","0","0","0","0","7","0","","67","12","2020","1","39.958108","-75.141986","1915","6","0","0","0","1","0","0","0","0","","0","0","0","","","0","N","0","","39 57:29.190","","0","75 08:31.150","0","0","0","0","67301","0","0","0","N","0","0","0","1","67301","0","","9.0","","1","N","N","N","0","","0","0","0","9","9","","","1","0","0","0","0","0","0","2","0","1","","","","N","","","","","","","","","",""
"2020106970","2158","1","0","0","0","0","0","0","0","0","4","0","","67","12","2020","5","40.058083","-75.16575","2158","6","0","0","0","0","0","0","0","0","","0","0","0","","","1","","5","","40 03:29.100","","0","75 09:56.700","3","0","0","0","67301","0","0","0","N","0","0","0","2","67301","0","","1.0","","99","N","N","N","0","","1","0","1","3","2","","","2","1","0","0","0","0","0","2","0","2","","","","N","","","","","","","","","",""
"2020110717","2318","1","0","0","0","0","0","0","0","0","5","0","","67","12","2020","2","40.086492","-75.050906","2311","6","0","0","0","0","0","0","0","0","","0","0","0","","","0","N","0","","40 05:11.370","","0","75 03:03.260","0","0","0","0","67301","0","0","0","N","0","0","0","1","67301","0","","6.0","","6","N","N","N","1","","0","0","1","0","0","","","3","0","0","0","0","0","0","2","0","3","","","","N","","","","","","","","","",""
"2020091253","0017","0","0","0","0","0","0","0","0","0","7","0","","67","10","2020","4","39.957084","-75.180408","0011","6","0","0","0","0","0","0","0","0","","0","0","0","","","1","N","0","","39 57:25.504","3","0","75 10:49.470","3","0","0","1","67301","0","0","0","N","0","0","0","1","68K01","0","","4.0","35.0","1","N","N","N","0","","1","0","0","0","0","N","","1","1","0","0","0","0","0","2","0","1","","","","N","","","","","","","","","",""
"2020110246","1957","2","0","0","0","0","0","0","0","0","2","0","","67","12","2020","1","39.950442","-75.192615","1955","6","0","0","0","0","0","0","0","0","","0","0","0","","","0","N","1","","39 57:01.592","","0","75 11:33.415","0","0","0","0","67301","0","0","0","N","0","0","0","2","67504","0","","1.0","","6","N","N","N","0","","0","0","0","3","2","","","2","0","0","0","0","0","0","2","0","2","","03","","N","","","","","","","","","",""
"2020109082","2139","0","0","0","0","0","0","0","0","0","8","0","","67","12","2020","5","40.053651","-75.141438","2135","6","0","0","0","0","0","0","0","0","","0","0","0","","","1","","1","","40 03:13.142","","0","75 08:29.177","8","0","0","0","67301","1","0","0","N","1","0","0","2","67301","0","","1.0","","1","N","N","N","0","","0","0","0","3","2","","","2","1","0","0","0","1","1","2","0","1","","","","N","","","","","","","","","",""
"2020086189","2010","0","0","0","0","0","0","0","0","0","0","0","","67","10","2020","1","40.040314","-75.043293","2004","6","0","0","0","0","0","0","0","0","","0","0","0","","","0","","1","","40 02:25.130","","0","75 02:35.854","0","0","0","0","67301","0","0","0","N","0","0","0","1","67301","0","","1.0","","9","N","N","N","0","","0","0","2","3","2","","","2","0","1","0","0","0","0","2","0","2","","07","","N","","","","","","","","","",""
"2020107110","0043","2","0","0","0","0","0","0","0","0","1","0","","67","12","2020","7","40.006998","-75.193059","0038","6","0","0","0","0","0","0","0","0","","0","0","0","","","2","N","0","","40 00:25.194","2","0","75 11:35.011","3","0","0","0","67301","0","0","0","N","0","0","0","4","67301","0","","1.0","135.0","1","N","N","N","0","","2","0","0","0","0","N","","2","2","2","0","0","0","0","2","0","2","","03","","N","","","","","","","","","",""
"2020097589","0407","2","0","0","0","0","0","0","0","0","4","0","","67","11","2020","7","39.944011","-75.173614","0406","6","0","0","0","0","0","0","0","0","","0","0","0","","","0","N","0","","39 56:38.440","","0","75 10:25.010","0","0","0","0","67301","0","0","0","N","0","0","0","1","67301","0","","1.0","","1","N","N","N","0","","0","0","2","0","0","","","4","0","0","0","0","0","0","2","0","4","","","","N","","","","","","","","","",""
"2020082154","2340","4","0","0","0","0","0","0","0","0","4","0","","67","10","2020","1","40.031854","-75.122161","2347","6","0","0","0","0","0","1","0","0","","0","0","0","","","1","","1","","40 01:54.674","","0","75 07:19.779","3","0","0","0","67301","0","0","0","N","0","0","0","2","67301","0","","1.0","","1","N","N","N","0","","1","0","0","3","2","","","4","1","0","0","0","0","0","2","0","4","","03","","N","","","","","","","","","",""
"2020105317","2037","0","0","0","0","0","0","0","0","0","4","0","","67","12","2020","6","39.940369","-75.236609","2037","6","0","0","0","0","0","1","0","0","","0","0","0","","","0","","2","","39 56:25.327","7","0","75 14:11.791","0","0","0","0","67301","0","0","0","N","0","0","0","3","67301","0","","1.0","2215.0","9","N","N","N","0","","0","0","2","3","2","Y","","2","0","0","0","0","0","0","2","0","2","","07","","N","","","","","","","","","",""
"2020101469","2003","1","0","0","0","0","0","0","0","0","5","0","","67","11","2020","3","39.949028","-75.240228","1958","6","0","0","0","0","0","0","0","0","","0","0","0","","","0","N","0","","39 56:56.500","6","0","75 14:24.820","9","0","0","0","67301","0","0","0","N","0","0","0","1","67301","0","","1.0","2106.0","1","N","N","N","0","","0","0","3","0","0","Y","","4","0","0","0","0","0","1","2","0","4","","03","","N","","","","","","","","","",""
"2020112959","1855","0","0","0","0","0","0","0","0","0","4","0","","67","12","2020","7","39.95675","-75.138917","1851","6","0","0","1","0","0","0","0","0","","0","0","0","","","2","","2","","39 57:24.300","","0","75 08:20.100","3","0","0","0","67301","0","0","0","N","0","0","0","4","67301","0","","1.0","","1","N","N","N","0","","2","0","2","3","2","","","2","2","0","0","0","0","0","2","0","2","","03","","N","","","","","","","","","",""
"2020088509","0415","1","0","0","0","0","0","0","0","0","7","0","","67","10","2020","1","39.957694","-75.164222","0411","6","0","0","0","0","0","0","0","0","","0","0","0","","","1","","2","","39 57:27.700","","2","75 09:51.200","4","0","0","0","67301","0","0","0","N","0","0","0","1","67301","1","","4.0","","1","N","N","N","0","","0","0","0","3","2","","","1","1","0","0","0","0","0","2","0","1","","03","","N","","","","","","","","","",""
"2020107400","0735","1","0","0","0","0","0","0","0","0","7","0","","67","12","2020","7","39.998806","-75.159009","0727","6","0","0","0","0","0","0","0","0","","0","0","0","","","0","N","2","","39 59:55.703","","3","75 09:32.434","9","0","0","0","67301","0","0","0","N","0","0","0","1","67301","0","","4.0","","1","N","N","N","0","","0","0","0","3","3","","","1","0","0","0","0","0","1","2","0","1","","03","","N","","","","","","","","","",""
"2020090755","0137","0","0","0","0","0","0","0","0","0","1","0","","67","10","2020","5","39.95783","-75.162202","0130","6","0","0","0","0","0","0","0","0","","0","0","0","","","0","N","0","","39 57:28.188","3","0","75 09:43.928","0","0","0","0","67301","0","0","0","N","0","0","0","1","68K01","0","","2.0","211.0","1","N","N","N","0","","0","0","2","0","0","N","","2","0","0","0","0","0","0","2","0","2","","","","N","","","","","","","","","",""
"2020102081","1916","3","0","0","0","0","0","0","0","0","5","0","","67","11","2020","6","40.039836","-75.125678","1913","6","0","0","0","0","0","0","0","0","","0","0","0","","","0","N","2","","40 02:23.411","4","0","75 07:32.440","9","0","0","0","67301","0","0","0","N","0","0","0","1","67301","0","","1.0","2100.0","1","N","N","N","0","","0","0","4","0","0","N","","7","0","0","0","0","0","1","2","0","7","","03","","N","","","","","","","","","",""
"2020100886","1507","0","0","0","0","0","0","0","0","0","8","0","","67","11","2020","6","40.100683","-75.029022","1503","6","0","0","0","0","0","0","0","0","","0","0","0","","","1","N","0","","40 06:02.460","","7","75 01:44.480","3","0","0","0","67301","1","0","0","N","1","0","0","2","67301","0","","3.0","","1","N","N","N","0","","1","0","1","3","3","","","2","1","0","0","0","0","0","2","0","1","","","","N","","","","","","","","","",""
"2020101361","1611","2","0","0","0","0","0","0","0","0","1","0","","67","11","2020","3","39.925919","-75.220716","1611","6","0","0","0","0","0","1","0","0","","0","0","0","","","5","N","0","","39 55:33.310","3","0","75 13:14.576","2","0","0","0","67301","0","0","0","N","0","0","0","5","67301","4","","1.0","1900.0","1","N","N","Y","0","","0","1","1","0","0","Y","","3","5","5","0","1","0","0","2","0","3","","03","","N","","","","","","","","","",""
"2020102899","0040","1","0","0","0","0","0","0","0","0","4","0","","67","11","2020","3","40.008764","-75.111019","0038","6","0","0","0","0","0","0","0","0","","0","0","0","","","1","N","0","","40 00:31.550","","0","75 06:39.670","3","0","0","0","67301","0","0","0","N","0","0","0","1","67301","0","","1.0","","1","N","N","N","0","","1","0","0","0","0","","","2","1","0","0","0","0","0","2","1","2","","03","","N","","","","","","","","","",""
"2020101160","1630","2","0","0","0","0","0","0","0","0","4","0","","67","11","2020","7","39.899059","-75.173917","1623","6","0","0","0","0","1","1","0","0","","0","0","0","","","0","Y","0","","39 53:56.613","2","0","75 10:26.100","0","0","0","0","67301","0","0","0","N","0","0","0","2","68K01","0","","1.0","1640.0","1","N","N","N","0","","0","0","0","0","0","N","","2","0","0","0","0","0","0","2","0","2","","03","","N","","","","","","","","","",""
"2020105417","1752","3","0","0","0","0","0","0","0","0","4","0","","67","12","2020","4","39.989651","-75.107345","1748","6","0","0","0","0","0","0","0","0","","0","0","0","","","0","","1","","39 59:22.742","","0","75 06:26.442","9","0","0","0","67301","0","0","0","N","0","0","0","2","67301","0","","1.0","","1","N","N","N","0","","0","0","0","0","0","","","3","0","1","0","0","0","1","2","0","3","","03","","N","","","","","","","","","",""
"2020108244","0950","1","0","0","0","0","0","0","0","0","4","0","","67","12","2020","4","40.021603","-75.094033","0940","6","0","0","0","0","0","0","0","0","","0","0","0","","","1","","3","","40 01:17.770","","0","75 05:38.520","8","0","0","0","67301","0","0","0","N","0","0","0","3","67508","0","","1.0","","1","N","N","Y","0","","0","0","1","3","2","","","2","1","1","0","0","1","0","2","0","2","","03","","N","","","","","","","","","",""
"2020113602","1055","1","0","0","0","0","0","0","0","0","7","0","","67","12","2020","4","40.034139","-75.150806","1050","6","0","0","0","0","1","0","0","0","","0","0","0","","","1","N","0","","40 02:02.900","","0","75 09:02.900","8","0","0","0","67301","0","0","0","N","0","0","0","2","67301","0","","4.0","","1","N","N","N","0","","0","0","0","0","0","","","1","1","2","0","0","1","0","2","0","1","","03","","N","","","","","","","","","",""
"2020098259","1741","2","0","0","0","0","0","0","0","0","5","0","","67","10","2020","3","40.021641","-75.162573","1740","6","0","0","0","0","0","0","0","0","","0","0","0","","","2","N","0","","40 01:17.909","6","0","75 09:45.263","8","0","0","0","67301","0","0","0","N","0","0","0","3","67301","0","","1.0","1948.0","1","N","N","N","0","","0","0","2","0","0","Y","","4","2","0","0","0","2","0","2","0","4","","","","N","","","","","","","","","",""
"2020103027","0155","2","0","0","0","0","0","0","0","0","1","0","","67","11","2020","7","40.019218","-75.163786","0149","6","0","0","0","0","0","0","0","0","","0","0","0","","","0","N","0","","40 01:09.183","1","1","75 09:49.628","0","0","0","0","67301","0","0","0","N","0","0","0","4","67301","0","","1.0","230.0","1","N","N","N","0","","0","0","0","0","0","Y","","2","0","3","0","0","0","0","2","0","2","","98","","N","","","","","","","","","",""
"2020112154","0305","1","0","0","0","0","0","0","0","0","1","0","","67","12","2020","7","39.992042","-75.168339","0300","6","0","0","0","0","0","0","0","0","","0","0","0","","","0","N","0","","39 59:31.350","2","0","75 10:06.020","0","0","0","0","67301","0","0","0","N","0","0","0","2","67301","0","","1.0","400.0","8","N","N","N","0","","0","0","0","0","0","Y","","2","0","0","0","0","0","0","2","1","2","","","","N","","","","","","","","","",""
"2020109079","1510","1","0","0","0","0","0","0","0","0","8","0","","67","12","2020","1","40.019506","-75.055683","1505","6","0","0","0","0","0","0","0","0","","0","0","0","","","2","","1","","40 01:10.221","","0","75 03:20.460","3","0","0","0","67301","2","0","0","N","2","0","0","3","67301","0","","1.0","","1","N","N","N","0","","2","0","0","3","2","","","3","2","0","0","0","0","0","2","0","1","","","","N","","","","","","","","","",""
"2020102507","1626","1","0","0","0","0","0","0","0","0","7","0","","67","11","2020","1","39.947478","-75.151147","1625","6","0","0","0","0","0","0","0","0","","0","0","0","","","0","N","0","","39 56:50.920","","0","75 09:04.130","0","0","0","0","67301","0","0","0","N","0","0","0","1","67301","0","","4.0","","1","N","N","N","0","","0","0","0","0","0","","","1","0","0","0","0","0","0","2","0","1","","03","","N","","","","","","","","","",""
"2020108476","0237","1","0","0","0","0","0","0","0","0","7","0","","67","12","2020","3","39.947941","-75.14049","0232","6","0","0","0","0","0","0","0","0","","0","0","0","","","0","N","0","","39 56:52.587","","3","75 08:25.763","9","0","0","0","67301","0","0","0","N","0","0","0","1","67301","0","","4.0","","1","N","N","N","0","","0","0","0","0","0","","","1","0","0","0","0","0","1","2","0","1","","03","","N","","","","","","","","","",""
"2020090784","1650","1","0","0","0","0","0","0","0","0","7","0","","67","10","2020","6","39.950235","-75.141211","1640","6","0","0","0","0","0","1","0","0","","0","0","0","","","0","N","0","","39 57:00.845","","0","75 08:28.358","0","0","0","0","67301","0","0","0","N","0","0","0","3","68K01","0","","4.0","","9","N","N","N","0","","0","0","2","0","0","","","3","0","0","0","0","0","0","2","0","3","","","","N","","","","","","","","","",""
"2020088400","1550","2","0","0","0","0","0","0","0","0","4","0","","67","10","2020","4","40.059851","-75.15013","1544","6","0","0","0","0","0","0","0","0","","0","0","0","","","1","","1","","40 03:35.463","","0","75 09:00.467","3","0","0","0","67301","0","0","0","N","0","0","0","3","67301","0","","1.0","","1","N","N","N","0","","1","0","1","3","2","","","3","1","0","0","0","0","0","2","0","3","","03","","N","","","","","","","","","",""
"2020085290","0807","2","0","0","0","0","0","0","0","0","7","0","55","67","10","2020","5","39.98228","-75.100227","0751","6","0","0","0","0","1","1","0","0","","0","0","0","","","0","N","0","","39 58:56.209","1","0","75 06:00.817","0","0","0","0","67301","0","0","0","N","0","0","0","3","68K01","0","","3.0","930.0","1","N","N","N","1","","0","0","0","0","0","N","","3","0","0","0","0","0","0","2","0","3","","03","N","Y","2","1","","","N","","","","Y","N"
"2020101363","1350","3","0","0","0","0","0","0","0","0","4","0","","67","11","2020","3","39.987508","-75.163075","1347","6","0","0","0","0","0","0","0","0","","0","0","0","","","0","N","0","","39 59:15.030","2","0","75 09:47.070","0","0","0","0","67301","0","0","0","N","0","0","0","1","67301","0","","1.0","1453.0","1","N","N","N","0","","0","0","0","0","0","Y","","3","0","0","0","0","0","0","2","0","3","","","","N","","","","","","","","","",""
"2020113156","1718","1","0","0","0","0","0","0","0","0","8","0","","67","12","2020","1","40.054801","-75.198788","1712","6","0","0","0","0","0","0","0","0","","0","0","0","","","1","","1","","40 03:17.284","","0","75 11:55.637","3","0","0","0","67301","1","0","0","N","1","0","0","1","67301","0","","1.0","","1","N","N","Y","0","","1","0","0","3","1","","","2","1","0","0","0","0","0","2","0","1","","","","N","","","","","","","","","",""
"2020090764","2252","2","0","0","0","0","0","0","0","0","1","0","","67","10","2020","5","39.993397","-75.199719","2250","6","0","0","0","0","2","0","0","0","","0","0","0","","","1","N","0","","39 59:36.228","4","0","75 11:58.989","4","0","0","0","67301","0","0","0","N","0","0","0","4","68K01","1","","1.0","1127.0","1","N","N","N","0","","0","0","0","0","0","N","","3","1","0","0","0","0","0","2","0","3","","","","N","","","","","","","","","",""
"2020108027","1008","1","0","0","0","0","0","0","0","0","5","0","","67","12","2020","1","39.966231","-75.162339","1006","6","0","0","0","0","0","0","0","0","","0","0","0","","","0","N","0","","39 57:58.430","","0","75 09:44.420","9","0","0","0","67301","0","0","0","N","0","0","0","3","67301","0","","1.0","","1","N","N","N","0","","0","0","2","0","0","","","3","0","0","0","0","0","1","2","0","3","","03","","N","","","","","","","","","",""
"2020087551","2353","1","0","0","0","0","0","0","0","0","1","0","","67","10","2020","2","40.03435","-75.172696","2351","6","0","0","1","0","0","0","0","0","","0","0","0","","","0","","1","","40 02:03.660","","0","75 10:21.707","9","0","0","0","67301","0","0","0","N","0","0","0","3","67301","0","","1.0","","1","N","N","N","0","","0","0","2","3","2","","","3","0","0","0","0","0","2","2","0","3","","","","N","","","","","","","","","",""
"2020113278","2115","0","0","0","0","0","0","0","0","0","1","0","","67","12","2020","3","39.981778","-75.101788","2115","6","0","0","0","1","0","0","0","0","","0","0","0","","","0","N","0","","39 58:54.402","2","0","75 06:06.437","0","0","0","0","67301","0","0","0","N","0","0","0","2","68K01","0","","1.0","2150.0","1","N","N","N","0","","0","0","2","0","0","N","","2","0","0","0","0","0","0","2","0","2","","","","N","","","","","","","","","",""
"2020102866","1730","2","0","0","0","0","0","0","0","0","4","0","","67","11","2020","2","40.02566","-75.131851","1730","6","0","0","0","0","0","0","0","0","","0","0","0","","","2","","2","","40 01:32.376","3","0","75 07:54.663","3","0","0","0","67301","0","0","0","N","0","0","0","3","67301","0","","1.0","1755.0","9","N","N","N","0","","2","0","0","3","3","N","","2","2","0","0","0","0","1","2","0","2","","07","","N","","","","","","","","","",""
"2020106632","1350","1","0","0","0","0","0","0","0","0","4","0","","67","12","2020","1","40.074316","-75.034824","1345","6","0","0","0","0","0","0","0","0","","0","0","0","","","1","","1","","40 04:27.539","2","0","75 02:05.367","3","0","0","0","67301","0","0","0","N","0","0","0","10","67301","0","","1.0","1522.0","1","N","N","N","0","","1","0","4","3","2","Y","","5","1","2","0","0","0","0","2","0","5","","","","N","","","","","","","","","",""
"2020107612","0220","1","0","0","0","0","0","0","0","0","5","0","","67","12","2020","7","40.001031","-75.100481","0215","6","0","0","0","0","0","0","0","0","","0","0","0","","","0","N","0","","40 00:03.710","","0","75 06:01.730","0","0","0","0","67301","0","0","0","N","0","0","0","1","67301","0","","1.0","","1","N","N","N","1","","0","0","1","3","2","","","3","0","1","0","0","0","0","2","0","3","","03","","N","","","","","","","","","",""
"2020088898","1840","0","0","0","0","0","0","0","0","0","8","0","","67","10","2020","4","40.040889","-75.078356","1838","6","0","0","0","0","0","1","0","0","","0","0","0","","","2","N","0","","40 02:27.200","","0","75 04:42.080","2","0","0","0","67301","2","0","1","N","2","0","1","3","67301","0","","1.0","","1","N","N","N","0","","1","1","1","0","0","","","3","2","0","0","0","0","0","2","0","1","","","","N","","","","","","","","","",""
"2020097717","0245","0","0","0","0","0","0","0","0","0","7","0","","67","10","2020","3","39.961681","-75.181938","0238","6","0","0","0","0","0","0","0","0","","0","0","0","","","0","N","0","","39 57:42.053","3","2","75 10:54.975","0","0","0","0","67301","0","0","0","N","0","0","0","1","68K01","0","","2.0","253.0","1","N","N","N","0","","0","0","1","0","0","N","","1","0","1","0","0","0","0","2","0","1","","","","N","","","","","","","","","",""
"2020088212","1800","1","0","0","0","0","0","0","0","0","5","0","","67","10","2020","2","40.024972","-75.114797","1745","6","0","0","0","0","0","0","0","0","","0","0","0","","","0","N","0","","40 01:29.900","7","0","75 06:53.270","9","0","0","0","67301","0","0","0","N","0","0","0","1","67301","0","","6.0","1915.0","9","N","N","N","0","","0","0","2","0","0","Y","","3","0","0","0","0","0","1","2","0","3","","","","N","","","","","","","","","",""
"2020105016","0220","1","0","0","0","0","0","0","0","0","2","0","","67","12","2020","1","40.030894","-75.093028","0217","6","0","0","0","0","0","0","0","0","","0","0","0","","","0","","2","","40 01:51.218","","0","75 05:34.900","0","0","0","0","67301","0","0","0","N","0","0","0","1","67301","0","","1.0","","1","N","N","N","0","","0","0","0","3","2","","","2","0","1","0","0","0","0","2","1","2","","03","","N","","","","","","","","","",""
"2020105241","1830","2","0","0","0","0","0","0","0","0","4","0","","67","12","2020","7","40.038738","-75.123519","1830","6","0","0","0","0","0","0","0","0","","0","0","0","","","0","","1","","40 02:19.456","","0","75 07:24.668","0","0","0","0","67301","0","0","0","N","0","0","0","4","67301","0","","1.0","","1","N","N","N","0","","0","0","0","3","3","","","2","0","0","0","0","0","0","2","0","2","","03","","N","","","","","","","","","",""
"2020107817","1344","2","0","0","0","0","0","0","0","0","2","0","","67","12","2020","6","40.008783","-75.111175","1340","6","0","0","0","0","0","0","0","0","","0","0","0","","","1","N","0","","40 00:31.620","","0","75 06:40.230","4","0","0","0","67301","0","0","0","N","0","0","0","1","67301","1","","1.0","","1","N","N","N","0","","0","0","0","0","0","","","2","1","0","0","0","0","0","2","0","2","","","","N","","","","","","","","","",""
"2020104035","1856","0","0","0","0","0","0","0","0","0","4","0","","67","12","2020","4","40.022789","-75.159023","1850","6","0","0","0","0","0","0","1","0","","0","0","0","","","1","","5","","40 01:22.042","","0","75 09:32.483","4","0","0","0","67301","0","0","0","N","0","0","0","3","67301","1","","1.0","","1","N","N","N","0","","0","0","1","3","2","","","2","1","0","0","0","0","0","2","1","2","","","","N","","","","","","","","","",""
"2020087330","1045","2","0","0","0","0","0","0","0","0","1","0","","67","10","2020","4","39.918758","-75.186049","1040","6","0","0","0","0","0","0","0","0","","0","0","0","","","2","","1","","39 55:07.528","","0","75 11:09.776","3","0","0","0","67301","0","0","0","N","0","0","0","2","67301","0","","1.0","","1","N","N","N","0","","2","0","0","3","2","","","2","2","0","0","0","0","0","2","0","2","","03","","N","","","","","","","","","",""
"2020090850","1851","1","0","0","0","0","0","0","0","0","8","0","","67","10","2020","4","40.00468","-75.152126","1850","6","0","0","0","0","0","0","0","0","","0","0","0","","","1","","1","","40 00:16.847","1","0","75 09:07.652","3","0","0","0","67301","1","0","0","N","1","0","0","2","67505","0","","1.0","1925.0","1","N","N","N","0","","1","0","0","3","2","N","","2","1","0","0","0","0","0","2","0","1","","03","","N","","","","","","","","","",""
"2020111219","1324","0","0","0","0","0","0","0","0","0","7","0","","67","12","2020","5","39.963702","-75.16105","1322","6","0","0","0","0","0","0","0","1","","0","0","0","","","0","N","0","","39 57:49.326","","0","75 09:39.781","0","0","0","0","67301","0","0","0","N","0","0","0","2","67301","0","","3.0","","6","N","N","N","1","","0","0","0","3","2","","","2","0","0","0","0","0","0","2","1","2","","10","","N","","","","","","","","","",""