"CRN","ARRIVAL_TM","AUTOMOBILE_COUNT","BELTED_DEATH_COUNT","BELTED_SUSP_SERIOUS_INJ_COUNT","BICYCLE_COUNT","BICYCLE_DEATH_COUNT","BICYCLE_SUSP_SERIOUS_INJ_COUNT","BUS_COUNT","CHLDPAS_DEATH_COUNT","CHLDPAS_SUSP_SERIOUS_INJ_COUNT","COLLISION_TYPE","COMM_VEH_COUNT","CONS_ZONE_SPD_LIM","COUNTY","CRASH_MONTH","CRASH_YEAR","DAY_OF_WEEK","DEC_LATITUDE","DEC_LONGITUDE","DISPATCH_TM","DISTRICT","DRIVER_COUNT_16YR","DRIVER_COUNT_17YR","DRIVER_COUNT_18YR","DRIVER_COUNT_19YR","DRIVER_COUNT_20YR","DRIVER_COUNT_50_64YR","DRIVER_COUNT_65_74YR","DRIVER_COUNT_75PLUS","EST_HRS_CLOSED","FATAL_COUNT","HEAVY_TRUCK_COUNT","HORSE_BUGGY_COUNT","HOUR_OF_DAY","ILLUMINATION","INJURY_COUNT","INTERSECTION_RELATED","INTERSECT_TYPE","LANE_CLOSED","LATITUDE","LN_CLOSE_DIR","LOCATION_TYPE","LONGITUDE","MAX_SEVERITY_LEVEL","MCYCLE_DEATH_COUNT","MCYCLE_SUSP_SERIOUS_INJ_COUNT","MOTORCYCLE_COUNT","MUNICIPALITY","NONMOTR_COUNT","NONMOTR_DEATH_COUNT","NONMOTR_SUSP_SERIOUS_INJ_COUNT","NTFY_HIWY_MAINT","PED_COUNT","PED_DEATH_COUNT","PED_SUSP_SERIOUS_INJ_COUNT","PERSON_COUNT","POLICE_AGCY","POSSIBLE_INJ_COUNT","RDWY_SURF_TYPE_CD","RELATION_TO_ROAD","ROADWAY_CLEARED","ROAD_CONDITION","SCH_BUS_IND","SCH_ZONE_IND","SECONDARY_CRASH","SMALL_TRUCK_COUNT","SPEC_JURIS_CD","SUSP_MINOR_INJ_COUNT","SUSP_SERIOUS_INJ_COUNT","SUV_COUNT","TCD_FUNC_CD","TCD_TYPE","TFC_DETOUR_IND","TIME_OF_DAY","TOTAL_UNITS","TOT_INJ_COUNT","UNBELTED_OCC_COUNT","UNB_DEATH_COUNT","UNB_SUSP_SERIOUS_INJ_COUNT","UNK_INJ_DEG_COUNT","UNK_INJ_PER_COUNT","URBAN_RURAL","VAN_COUNT","VEHICLE_COUNT","WEATHER1","WEATHER2","WORKERS_PRES","WORK_ZONE_IND","WORK_ZONE_LOC","WORK_ZONE_TYPE","WZ_CLOSE_DETOUR","WZ_FLAGGER","WZ_LAW_OFFCR_IND","WZ_LN_CLOSURE","WZ_MOVING","WZ_OTHER","WZ_SHLDER_MDN","WZ_WORKERS_INJ_KILLED"
"2020090771","0216","1","0","0","0","0","0","0","0","0","7","0","","67","10","2020","6","39.926015","-75.194269","0216","6","0","0","0","0","0","1","0","0","","0","0","0","","","0","N","0","","39 55:33.655","","0","75 11:39.368","0","0","0","0","67301","0","0","0","N","0","0","0","1","68K01","0","","4.0","","1","N","N","N","0","","0","0","0","0","0","","","1","0","0","0","0","0","0","2","0","1","","","","N","","","","","","","","","",""
"2020110371","0037","1","0","0","0","0","0","0","0","0","7","0","","67","12","2020","6","40.058028","-75.162819","0035","6","0","0","0","0","0","0","0","0","","0","0","0","","","0","N","0","","40 03:28.899","","7","75 09:46.149","0","0","0","0","67301","0","0","0","N","0","0","0","1","67301","0","","4.0","","2","N","N","N","0","","0","0","0","0","0","","","1","0","1","0","0","0","0","2","0","1","","03","","N","","","","","","","","","",""
"2020086511","2000","2","0","0","0","0","0","0","0","0","4","0","","67","10","2020","6","40.027194","-75.151242","1955","6","0","0","0","0","0","0","0","0","","0","0","0","","","1","","1","","40 01:37.898","","0","75 09:04.471","3","0","0","0","67301","0","0","0","N","0","0","0","2","67301","0","","1.0","","9","N","N","N","0","","1","0","0","3","2","","","2","1","0","0","0","0","0","2","0","2","","07","","N","","","","","","","","","",""
"2020083352","1330","1","0","0","0","0","0","0","0","0","4","0","","67","10","2020","4","40.042154","-75.130621","1330","6","0","0","0","0","0","0","0","0","","0","0","0","","","0","","2","","40 02:31.754","","0","75 07:50.235","0","0","0","0","67301","0","0","0","N","0","0","0","2","67301","0","","1.0","","1","N","N","N","0","","0","0","0","3","3","","","2","0","0","0","0","0","0","2","0","2","","","","N","","","","","","","","","",""
"2020104883","2035","0","0","0","0","0","0","0","0","0","8","0","","67","11","2020","6","39.991335","-75.170793","2030","6","0","0","0","0","0","0","0","0","","0","0","0","","","1","","1","","39 59:28.806","","0","75 10:14.854","3","0","0","0","67301","1","0","0","N","1","0","0","2","67301","0","","1.0","","1","N","N","N","0","","1","0","1","0","0","","","2","1","0","0","0","0","1","2","0","1","","03","","N","","","","","","","","","",""
"2020110111","0500","0","0","0","0","0","0","0","0","0","4","0","","67","12","2020","3","40.048685","-75.05162","0455","6","0","0","0","0","0","1","0","0","","0","0","0","","","0","","1","","40 02:55.266","","0","75 03:05.832","9","0","0","0","67301","0","0","0","N","0","0","0","2","67508","0","","1.0","","1","N","N","Y","0","","0","0","1","0","0","N","","2","0","1","0","0","0","1","2","0","2","","03","","N","","","","","","","","","",""
"2020103596","0839","1","0","0","0","0","0","0","0","0","8","0","","67","12","2020","3","40.131696","-75.012324","0837","6","0","1","0","0","0","2","1","0","","0","0","0","","","4","","1","","40 07:54.104","5","0","75 00:44.368","4","0","0","0","67301","1","0","0","N","1","0","0","9","67301","3","","1.0","920.0","1","N","N","Y","0","","0","0","4","3","2","Y","","8","4","0","0","0","1","0","2","2","7","","","","N","","","","","","","","","",""
"2020087334","0912","2","0","0","0","0","0","0","0","0","4","0","","67","10","2020","2","40.134374","-75.009144","0855","6","0","0","0","0","1","0","0","0","","0","0","0","","","1","","1","","40 08:03.746","2","0","75 00:32.919","3","0","0","0","67301","0","0","0","N","0","0","0","2","67301","0","","1.0","1118.0","1","N","N","N","0","","1","0","0","3","2","N","","2","1","0","0","0","0","0","2","0","2","","","","N","","","","","","","","","",""
"2020100083","1701","2","0","0","0","0","0","0","0","0","4","0","","67","11","2020","4","40.012139","-75.112681","1700","6","0","0","0","0","0","0","0","0","","0","0","0","","","1","Y","0","","40 00:43.700","","7","75 06:45.650","3","0","0","0","67301","0","0","0","N","0","0","0","2","67301","0","","1.0","","1","N","N","N","0","","1","0","0","0","0","","","2","1","0","0","0","0","1","2","0","2","","03","","N","","","","","","","","","",""
"2020099145","0305","1","0","0","0","0","0","0","0","0","5","0","","67","11","2020","4","40.040592","-75.081711","0259","6","0","0","0","0","0","0","0","0","","0","0","0","","","0","N","0","","40 02:26.130","","0","75 04:54.160","0","0","0","0","67301","0","0","0","N","0","0","0","1","67301","0","","6.0","","1","N","N","N","0","","0","0","1","0","0","","","2","0","0","0","0","0","0","2","0","2","","03","","N","","","","","","","","","",""
"2020108475","1745","1","0","0","0","0","0","0","0","0","1","0","","67","12","2020","3","40.070214","-75.070407","1735","6","0","0","0","0","0","0","0","0","","0","0","0","","","1","","1","","40 04:12.769","","0","75 04:13.466","4","0","0","0","67301","0","0","0","N","0","0","0","3","67301","1","","1.0","","1","N","N","N","0","","0","0","2","3","2","","","3","1","0","0","0","0","0","2","0","3","","03","","N","","","","","","","","","",""
"2020113672","2229","1","0","0","0","0","0","0","0","0","7","0","","67","12","2020","6","40.000353","-75.195135","2228","6","0","0","0","1","0","0","0","0","","0","0","0","","","0","N","0","","40 00:01.269","3","0","75 11:42.487","0","0","0","0","67301","0","0","0","N","0","0","0","1","68K01","0","","3.0","2306.0","1","N","N","N","0","","0","0","0","0","0","N","","1","0","1","0","0","0","0","2","0","1","","03","","N","","","","","","","","","",""
"2020105886","0750","1","0","0","0","0","0","0","0","0","7","0","","67","12","2020","3","40.023575","-75.16018","0744","6","0","0","0","0","0","1","0","0","","0","0","0","","","0","N","0","","40 01:24.870","","0","75 09:36.647","0","0","0","0","67301","0","0","0","N","0","0","0","1","67301","0","","5.0","","1","N","N","N","0","","0","0","0","0","0","","","1","0","0","0","0","0","0","2","0","1","","03","","N","","","","","","","","","",""
"2020087971","1150","0","0","0","0","0","0","0","0","0","4","0","","67","10","2020","4","40.000972","-75.226278","1152","6","0","0","0","0","0","0","0","0","","0","0","0","","","1","N","0","","40 00:03.500","","7","75 13:34.600","8","0","0","1","67301","0","0","0","N","0","0","0","2","67301","0","","1.0","","1","N","N","N","0","","0","0","1","0","0","","","2","1","0","0","0","1","0","2","0","2","","03","","N","","","","","","","","","",""
"2020085043","0344","2","0","0","0","0","0","0","0","0","6","0","","67","10","2020","7","39.999033","-75.10535","0344","6","0","0","0","0","0","0","0","0","","0","0","0","","","0","N","0","","39 59:56.520","","0","75 06:19.260","0","0","0","1","67301","0","0","0","N","0","0","0","1","67301","0","","6.0","","1","N","N","N","0","","0","0","3","0","0","","","6","0","0","0","0","0","0","2","0","6","","03","","N","","","","","","","","","",""
"2020112981","2345","1","0","0","0","0","0","0","0","0","4","0","","67","12","2020","6","40.005844","-75.096417","2345","6","0","0","0","0","0","0","0","0","","0","0","0","","","1","","1","","40 00:21.038","","1","75 05:47.101","4","0","0","0","67301","0","0","0","N","0","0","0","2","67301","1","","1.0","","1","N","N","N","0","","0","0","1","3","2","","","2","1","1","0","0","0","0","2","0","2","","03","","N","","","","","","","","","",""
"2020110980","1129","1","0","0","0","0","0","0","0","0","4","0","","67","12","2020","2","39.979851","-75.142873","1128","6","0","0","0","0","0","0","1","0","","0","0","0","","","1","","1","","39 58:47.465","","0","75 08:34.342","3","0","0","0","67301","0","0","0","N","0","0","0","2","67301","0","","1.0","","1","N","N","N","1","","1","0","0","3","2","","","2","1","0","0","0","0","0","2","0","2","","03","","N","","","","","","","","","",""
"2020112964","1040","0","0","0","0","0","0","0","0","0","4","0","","67","12","2020","1","39.958286","-75.164069","1038","6","0","0","0","0","0","0","0","0","","0","0","0","","","0","","1","","39 57:29.829","","3","75 09:50.647","0","0","0","0","67301","0","0","0","N","0","0","0","4","67301","0","","1.0","","2","N","N","N","1","","0","0","1","3","2","","","2","0","0","0","0","0","0","2","0","2","","03","","N","","","","","","","","","",""
"2020085276","2200","1","0","0","0","0","0","0","0","0","7","0","","67","10","2020","2","40.037788","-75.011983","2159","6","0","0","0","0","0","0","0","0","","0","0","0","","","0","N","0","","40 02:16.036","","0","75 00:43.139","0","0","0","0","67301","0","0","0","N","0","0","0","1","68K01","0","","4.0","","4","N","N","N","0","","0","0","0","0","0","","","1","0","0","0","0","0","0","2","0","1","","","","N","","","","","","","","","",""
"2020092334","1600","1","0","0","0","0","0","0","0","0","0","0","","67","10","2020","5","39.892517","-75.222953","1553","6","0","0","0","0","0","0","0","0","","0","0","0","","","1","N","0","","39 53:33.060","","0","75 13:22.630","3","0","0","0","67301","0","0","0","N","0","0","0","1","67301","0","","1.0","","9","N","N","N","0","","1","0","0","0","0","","","1","1","0","0","0","0","0","2","0","1","","07","","N","","","","","","","","","",""
"2020108028","0310","1","0","0","0","0","0","0","0","0","1","0","","67","12","2020","7","39.908308","-75.245619","0307","6","0","0","0","0","0","0","0","0","","0","0","0","","","3","Y","0","","39 54:29.910","","0","75 14:44.230","4","0","0","0","67301","0","0","0","N","0","0","0","4","67301","3","","4.0","","1","N","N","Y","2","","0","0","0","0","0","","","4","3","0","0","0","0","1","2","0","4","","03","","N","","","","","","","","","",""
"2020092009","0250","1","0","0","0","0","0","0","0","0","7","0","","67","10","2020","2","39.956954","-75.153263","0239","6","0","0","0","0","0","0","0","0","","0","0","0","","","0","N","0","","39 57:25.036","2","0","75 09:11.747","0","0","0","0","67301","0","0","0","N","0","0","0","2","68K01","0","","3.0","300.0","8","N","N","N","0","","0","0","0","0","0","N","","1","0","0","0","0","0","0","2","0","1","","","","N","","","","","","","","","",""
"2020089004","0158","1","0","0","0","0","0","0","0","0","5","0","","67","10","2020","1","39.959603","-75.206411","0154","6","0","0","0","0","0","0","0","0","","0","0","0","","","0","N","0","","39 57:34.570","","0","75 12:23.080","0","0","0","0","67301","0","0","0","N","0","0","0","1","67301","0","","6.0","","1","N","N","N","0","","0","0","2","0","0","","","3","0","0","0","0","0","0","2","0","3","","","","N","","","","","","","","","",""
"2020089226","2236","2","0","0","0","0","0","0","0","0","4","0","","67","10","2020","5","39.943226","-75.153714","2236","6","0","0","1","0","0","0","0","0","","0","0","0","","","0","","1","","39 56:35.612","","0","75 09:13.370","0","0","0","0","67301","0","0","0","N","0","0","0","2","67301","0","","1.0","","1","N","N","N","0","","0","0","0","3","2","","","2","0","0","0","0","0","0","2","0","2","","03","","N","","","","","","","","","",""
"2020086777","1905","1","0","0","0","0","0","0","0","0","7","0","","67","10","2020","7","39.982141","-75.160475","1855","6","0","0","0","1","0","0","0","0","","0","0","0","","","0","","2","","39 58:55.708","","0","75 09:37.710","0","0","0","0","67301","0","0","0","N","0","0","0","2","67505","0","","4.0","","1","N","N","N","0","","0","0","0","3","2","","","2","0","0","0","0","0","0","2","0","1","","03","","N","","","","","","","","","",""
"2020087972","1730","3","0","0","0","0","0","0","0","0","4","0","","67","10","2020","5","39.968967","-75.24654","1726","6","0","0","0","0","0","0","0","0","","0","0","0","","","0","","1","","39 58:08.281","","0","75 14:47.544","0","0","0","0","67301","0","0","0","N","0","0","0","2","67301","0","","1.0","","1","N","N","N","0","","0","0","0","3","3","","","3","0","0","0","0","0","0","2","0","3","","","","N","","","","","","","","","",""
"2020091420","0437","1","0","0","0","0","0","0","0","0","2","0","","67","10","2020","5","40.044291","-75.096344","0432","6","0","0","0","0","1","0","0","0","","0","0","0","","","1","","1","","40 02:39.447","","0","75 05:46.838","3","0","0","0","67301","0","0","0","N","0","0","0","2","67301","0","","1.0","","9","N","N","N","0","","1","0","0","9","3","","","2","1","0","0","0","0","0","2","1","2","","","","N","","","","","","","","","",""
"2020087796","1900","1","0","0","0","0","0","0","0","0","4","0","","67","10","2020","2","39.970586","-75.150867","1855","6","0","0","0","0","0","1","0","0","","0","0","0","","","3","","1","","39 58:14.108","2","1","75 09:03.120","3","0","0","0","67301","0","0","0","N","0","0","0","4","67301","0","","1.0","1910.0","1","N","N","N","0","","3","0","1","3","3","N","","2","3","0","0","0","0","0","2","0","2","","03","","N","","","","","","","","","",""
"2020087698","1310","1","0","0","1","0","0","0","0","0","8","0","","67","10","2020","3","39.955857","-75.19146","1307","6","0","0","0","0","0","0","0","0","","0","0","0","","","1","","1","","39 57:21.085","","0","75 11:29.255","8","0","0","0","67301","1","0","0","N","0","0","0","2","67507","0","","1.0","","1","N","N","N","0","","0","0","0","3","2","","","2","1","0","0","0","1","1","2","0","1","","","","N","","","","","","","","","",""
"2020092360","2112","2","0","0","0","0","0","0","0","0","3","0","","67","10","2020","5","39.987125","-75.162617","2110","6","0","0","0","0","0","0","0","0","","0","0","0","","","2","","1","","39 59:13.649","","0","75 09:45.421","3","0","0","0","67301","0","0","0","N","0","0","0","3","67301","0","","1.0","","9","N","N","N","0","","2","0","1","3","2","","","3","2","0","0","0","0","0","2","0","3","","","","N","","","","","","","","","",""
"2020086801","1850","3","0","0","0","0","0","0","0","0","1","0","","67","10","2020","6","39.933742","-75.222767","1854","6","0","0","0","0","0","2","0","0","","0","0","0","","","1","Y","0","","39 56:01.470","6","0","75 13:21.960","3","0","0","0","67301","0","0","0","N","0","0","0","3","67301","0","","1.0","1915.0","9","N","N","N","0","","1","0","1","3","2","Y","","4","1","0","0","0","0","0","2","0","4","","07","","N","","","","","","","","","",""
"2020094024","1724","2","0","0","0","0","0","0","0","0","1","0","","67","10","2020","7","39.89871","-75.171521","1730","6","0","0","1","0","0","0","0","0","","0","0","0","","","0","N","6","","39 53:55.357","","8","75 10:17.474","0","0","0","0","67301","0","0","0","N","0","0","0","7","68K01","0","","7.0","","1","N","N","N","0","","0","0","1","3","3","","","3","0","0","0","0","0","0","2","0","3","","04","","N","","","","","","","","","",""
"2020086188","2230","1","0","0","0","0","0","0","0","0","1","0","","67","10","2020","5","40.041499","-75.158367","2230","6","0","0","0","0","0","0","0","0","","0","0","0","","","1","","5","","40 02:29.398","","0","75 09:30.121","4","0","0","0","67301","0","0","0","N","0","0","0","4","67301","1","","1.0","","1","N","N","N","0","","0","0","1","3","2","","","3","1","0","0","0","0","0","2","0","3","","03","","N","","","","","","","","","",""
"2020103635","1759","0","0","0","0","0","0","0","0","0","1","0","","67","10","2020","2","39.959196","-75.172508","1749","6","0","0","0","0","0","0","0","0","","0","0","0","","","1","N","0","","39 57:33.105","","1","75 10:21.029","4","0","0","0","67301","0","0","0","N","0","0","0","2","68K01","1","","1.0","","1","N","N","N","1","","0","0","1","0","0","","","2","1","0","0","0","0","0","2","0","2","","03","","N","","","","","","","","","",""
"2020114044","2044","2","0","0","0","0","0","0","0","0","1","0","","67","12","2020","5","39.977298","-75.158241","2042","6","0","0","0","0","0","0","0","0","","0","0","0","","","1","","1","","39 58:38.272","2","0","75 09:29.666","4","0","0","0","67301","0","0","0","N","0","0","0","5","67505","1","","1.0","2115.0","1","N","N","N","0","","0","0","0","3","2","N","","2","1","0","0","0","0","4","2","0","2","","03","","N","","","","","","","","","",""
"2020096714","2249","2","0","0","0","0","0","0","0","0","5","0","","67","10","2020","5","39.957296","-75.146612","2243","6","0","0","0","0","0","0","0","0","","0","0","0","","","0","N","0","","39 57:26.266","3","0","75 08:47.803","0","0","0","0","67301","0","0","0","N","0","0","0","2","68K01","0","","1.0","30.0","9","N","N","N","0","","0","0","0","0","0","N","","2","0","0","0","0","0","0","2","0","2","","","","N","","","","","","","","","",""
"2020114060","1713","1","0","0","0","0","0","0","0","0","1","0","","67","12","2020","5","39.920114","-75.155575","1711","6","0","0","0","0","0","0","0","0","","0","0","0","","","0","N","0","","39 55:12.410","","0","75 09:20.070","0","0","0","0","67301","0","0","0","N","0","0","0","1","67301","0","","2.0","","9","N","N","Y","0","","0","0","1","3","3","","","2","0","1","0","0","0","0","2","0","2","","07","","N","","","","","","","","","",""
"2020090990","2220","2","0","0","0","0","0","0","0","0","7","0","","67","10","2020","5","39.989161","-75.135356","2215","6","0","0","1","0","0","0","0","0","","0","0","0","","","0","N","0","","39 59:20.980","","0","75 08:07.280","0","0","0","0","67301","0","0","0","N","0","0","0","2","67301","0","","1.0","","1","N","N","N","0","","0","0","1","0","0","","","4","0","0","0","0","0","0","2","1","4","","03","","N","","","","","","","","","",""
"2020088908","1752","0","0","0","0","0","0","0","0","0","4","0","","67","10","2020","4","39.975327","-75.262099","1743","6","0","0","0","0","0","0","0","0","","0","0","0","","","1","","2","","39 58:31.177","","0","75 15:43.556","3","0","0","1","67301","0","0","0","N","0","0","0","3","67301","0","","1.0","","1","N","N","N","0","","1","0","1","0","0","","","2","1","0","0","0","0","0","2","0","2","","03","","N","","","","","","","","","",""
"2020089163","1310","1","0","0","0","0","0","0","0","0","7","0","","67","10","2020","5","39.988714","-75.187506","1309","6","0","0","0","0","0","0","0","0","","0","0","0","","","0","N","0","","39 59:19.370","","0","75 11:15.020","0","0","0","0","67301","0","0","0","N","0","0","0","1","67301","0","","1.0","","1","N","N","N","0","","0","0","0","0","0","","","1","0","0","0","0","0","0","2","0","1","","03","","N","","","","","","","","","",""
"2020110363","1330","1","0","0","0","0","0","0","0","0","8","0","","67","12","2020","6","39.958132","-75.150458","1325","6","0","0","0","0","0","0","0","0","","0","0","0","","","1","","1","","39 57:29.275","","0","75 09:01.648","4","0","0","0","67301","1","0","0","N","1","0","0","2","67301","1","","1.0","","2","N","N","N","0","","0","0","0","9","2","","","2","1","0","0","0","0","1","2","0","1","","98","","N","","","","","","","","","",""
"2020088991","2355","1","0","0","0","0","0","0","0","0","5","0","","67","10","2020","4","40.104265","-75.034731","2347","6","0","0","0","0","0","0","0","1","","0","0","0","","","0","N","0","","40 06:15.354","","0","75 02:05.033","0","0","0","0","67301","0","0","0","N","0","0","0","1","67301","0","","6.0","","1","N","N","N","0","","0","0","0","0","0","","","3","0","0","0","0","0","0","2","2","3","","","","N","","","","","","","","","",""
"2020098260","1655","2","0","0","0","0","0","0","0","0","2","0","","67","11","2020","2","40.015873","-75.153841","1654","6","0","0","0","0","0","0","0","0","","0","0","0","","","1","","1","","40 00:57.144","","0","75 09:13.828","4","0","0","0","67301","0","0","0","N","0","0","0","2","67301","1","","1.0","","1","N","N","N","0","","0","0","0","3","2","","","2","1","0","0","0","0","0","2","0","2","","03","","N","","","","","","","","","",""
"2020088401","1531","1","0","0","0","0","0","0","0","0","4","0","","67","10","2020","4","40.029357","-75.062731","1529","6","0","0","0","0","0","0","0","0","","0","0","0","","","4","","5","","40 01:45.685","","0","75 03:45.831","3","0","0","0","67301","0","0","0","N","0","0","0","7","67301","0","","1.0","","1","N","N","N","0","","4","0","1","3","2","","","2","4","0","0","0","0","0","2","0","2","","03","","N","","","","","","","","","",""
"2020088511","2126","1","0","0","0","0","0","0","0","0","5","0","","67","10","2020","4","39.98355","-75.159503","2100","6","0","0","0","0","0","0","0","0","","0","0","0","","","0","N","0","","39 59:00.780","","0","75 09:34.210","0","0","0","0","67301","0","0","0","N","0","0","0","2","67301","0","","6.0","","1","N","N","N","0","","0","0","1","0","0","","","2","0","0","0","0","0","0","2","0","2","","03","","N","","","","","","","","","",""
"2020110978","1240","2","0","0","0","0","0","0","0","0","4","0","","67","12","2020","6","39.957429","-75.229271","1237","6","0","0","0","0","0","0","0","0","","0","0","0","","","3","","1","","39 57:26.746","","0","75 13:45.376","8","0","0","0","67301","0","0","0","N","0","0","0","3","67301","0","","1.0","","9","N","N","N","0","","0","0","0","3","2","","","2","3","0","0","0","3","0","2","0","2","","","","N","","","","","","","","","",""
"2020097399","1643","1","0","0","0","0","0","0","0","0","7","0","45","67","10","2020","6","39.980387","-75.104207","1623","6","0","0","0","0","0","1","0","0","","0","0","0","","","1","N","0","","39 58:49.394","1","0","75 06:15.145","3","0","0","0","67301","0","0","0","N","0","0","0","4","68K01","0","","3.0","1645.0","9","N","N","N","0","","1","0","1","0","0","N","","2","1","0","0","0","0","0","2","0","2","","07","N","Y","4","1","","","N","","","","Y","N"
"2020086505","1652","1","0","0","0","0","0","0","0","0","4","0","","67","10","2020","6","40.067193","-75.166061","1650","6","0","0","0","0","0","0","0","0","","0","0","0","","","1","","2","","40 04:01.893","","0","75 09:57.821","8","0","0","0","67301","0","0","0","N","0","0","0","2","67301","0","","1.0","","9","N","N","N","0","","0","0","1","3","3","","","2","1","0","0","0","1","1","2","0","2","","04","","N","","","","","","","","","",""
"2020098324","0910","0","0","0","0","0","0","0","0","0","4","0","","67","10","2020","5","40.020167","-75.148861","0900","6","0","0","0","0","0","1","0","0","","0","0","0","","","1","","1","","40 01:12.600","","0","75 08:55.900","8","0","0","0","67301","0","0","0","N","0","0","0","2","67508","0","","1.0","","9","N","N","Y","0","","0","0","0","3","2","","","2","1","0","0","0","1","0","2","1","2","","07","","N","","","","","","","","","",""
"2020109210","2318","1","0","0","0","0","0","0","0","0","7","0","","67","12","2020","4","40.126857","-75.01434","2303","6","0","0","0","0","0","0","0","0","","0","0","0","","","0","N","0","","40 07:36.686","","0","75 00:51.625","0","0","0","0","67301","0","0","0","N","0","0","0","3","67301","0","","4.0","","2","N","N","N","0","","0","0","0","0","0","","","1","0","0","0","0","0","0","2","0","1","","09","","N","","","","","","","","","",""
"2020092343","0725","1","0","0","0","0","0","0","0","0","5","0","","67","10","2020","5","40.030465","-75.064717","0724","6","0","0","0","0","0","1","0","0","","0","0","0","","","0","N","0","","40 01:49.673","","0","75 03:52.982","0","0","0","0","67301","0","0","0","N","0","0","0","1","67301","0","","6.0","","9","N","N","N","0","","0","0","1","0","0","","","3","0","1","0","0","0","0","2","1","3","","","","N","","","","","","","","","",""
"2020088510","1310","2","0","0","0","0","0","0","0","0","2","0","","67","10","2020","3","39.931761","-75.216739","1310","6","0","0","0","0","0","0","0","0","","0","0","0","","","3","","3","","39 55:54.338","","0","75 13:00.262","3","0","0","0","67301","0","0","0","N","0","0","0","3","67301","0","","1.0","","1","N","N","N","0","","3","0","0","3","2","","","2","3","0","0","0","0","0","2","0","2","","","","N","","","","","","","","","",""
"2020112095","0402","2","0","0","0","0","0","0","0","0","2","0","","67","12","2020","6","40.020304","-75.114158","0402","6","0","0","1","0","1","0","0","0","","0","0","0","","","2","","1","","40 01:13.096","","0","75 06:50.969","3","0","0","0","67301","0","0","0","N","0","0","0","4","67301","0","","1.0","","9","N","N","N","0","","2","0","0","3","2","","","2","2","0","0","0","0","0","2","0","2","","07","","N","","","","","","","","","",""
"2020107401","0920","1","0","0","0","0","0","0","0","0","8","0","","67","12","2020","6","40.001591","-75.152848","0920","6","0","0","0","0","0","0","0","0","","0","0","0","","","1","N","0","","40 00:05.728","","0","75 09:10.252","3","0","0","0","67301","1","0","0","N","1","0","0","3","67301","0","","1.0","","1","N","N","N","0","","1","0","0","3","2","","","2","1","0","0","0","0","2","2","0","1","","03","","N","","","","","","","","","",""
"2020087794","0825","1","0","0","0","0","0","0","0","0","4","0","","67","10","2020","2","39.972015","-75.16374","0820","6","0","0","0","0","0","0","0","0","","0","0","0","","","0","N","0","","39 58:19.253","","7","75 09:49.465","0","0","0","0","67301","0","0","0","N","0","0","0","2","67301","0","","1.0","","1","N","N","N","0","","0","0","0","0","0","","","2","0","0","0","0","0","0","2","0","2","","03","","N","","","","","","","","","",""
"2020090795","1447","1","0","0","0","0","0","0","0","0","1","0","45","67","10","2020","7","39.982627","-75.099906","1420","6","0","0","0","0","0","0","0","0","","0","0","0","","","0","N","0","","39 58:57.458","2","0","75 05:59.663","0","0","0","0","67301","0","0","0","N","0","0","0","4","68K01","0","","1.0","1530.0","1","N","N","N","0","","0","0","1","0","0","N","","2","0","0","0","0","0","0","2","0","2","","","N","Y","4","1","","","N","","","","Y","N"
"2020089882","0843","1","0","0","1","0","0","0","0","0","8","0","","67","10","2020","6","40.020398","-75.140103","0843","6","0","0","0","0","0","0","0","0","","0","0","0","","","1","","1","","40 01:13.432","","0","75 08:24.370","3","0","0","0","67301","1","0","0","N","0","0","0","2","67301","0","","1.0","","1","N","N","N","0","","1","0","0","3","3","","","2","1","0","0","0","0","0","2","0","1","","03","","N","","","","","","","","","",""
"2020089387","1609","1","0","0","0","0","0","0","0","0","5","0","","67","10","2020","6","40.028534","-75.146925","1609","6","0","0","0","0","0","0","0","0","","0","0","0","","","1","N","0","","40 01:42.722","1","0","75 08:48.929","3","0","0","0","67301","0","0","0","N","0","0","0","1","67301","0","","6.0","125.0","1","N","N","N","0","","1","0","1","0","0","Y","","2","1","0","0","0","0","0","2","0","2","","03","","N","","","","","","","","","",""
"2020086811","1635","1","0","0","0","0","0","0","0","0","4","0","","67","10","2020","7","39.977354","-75.147638","1629","6","0","0","0","0","0","2","0","0","","0","0","0","","","0","","2","","39 58:38.474","","0","75 08:51.496","0","0","0","0","67301","0","0","0","N","0","0","0","3","67301","0","","1.0","","1","N","N","N","0","","0","0","1","3","3","","","2","0","0","0","0","0","0","2","0","2","","","","N","","","","","","","","","",""
"2020089384","2315","1","0","0","0","0","0","0","0","0","6","0","","67","10","2020","5","40.056658","-75.0467","2304","6","0","0","0","0","0","0","0","0","","0","0","0","","","0","","1","","40 03:23.970","","0","75 02:48.120","9","0","0","0","67301","0","0","0","N","0","0","0","2","67301","0","","1.0","","1","N","N","N","0","","0","0","0","3","2","","","2","0","2","0","0","0","2","2","1","2","","03","","N","","","","","","","","","",""
"2020089517","0456","1","0","0","0","0","0","0","0","0","1","0","55","67","10","2020","3","39.899083","-75.167139","0445","6","0","0","0","0","0","0","0","0","","0","0","0","","","0","N","0","","39 53:56.697","1","3","75 10:01.699","0","0","0","0","67301","0","0","0","N","0","0","0","2","68K01","0","","1.0","530.0","9","N","N","N","0","","0","0","1","0","0","N","","2","0","0","0","0","0","0","2","0","2","","","N","Y","4","2","","","N","Y","","","","N"