"CRN","ARRIVAL_TM","AUTOMOBILE_COUNT","BELTED_DEATH_COUNT","BELTED_SUSP_SERIOUS_INJ_COUNT","BICYCLE_COUNT","BICYCLE_DEATH_COUNT","BICYCLE_SUSP_SERIOUS_INJ_COUNT","BUS_COUNT","CHLDPAS_DEATH_COUNT","CHLDPAS_SUSP_SERIOUS_INJ_COUNT","COLLISION_TYPE","COMM_VEH_COUNT","CONS_ZONE_SPD_LIM","COUNTY","CRASH_MONTH","CRASH_YEAR","DAY_OF_WEEK","DEC_LATITUDE","DEC_LONGITUDE","DISPATCH_TM","DISTRICT","DRIVER_COUNT_16YR","DRIVER_COUNT_17YR","DRIVER_COUNT_18YR","DRIVER_COUNT_19YR","DRIVER_COUNT_20YR","DRIVER_COUNT_50_64YR","DRIVER_COUNT_65_74YR","DRIVER_COUNT_75PLUS","EST_HRS_CLOSED","FATAL_COUNT","HEAVY_TRUCK_COUNT","HORSE_BUGGY_COUNT","HOUR_OF_DAY","ILLUMINATION","INJURY_COUNT","INTERSECTION_RELATED","INTERSECT_TYPE","LANE_CLOSED","LATITUDE","LN_CLOSE_DIR","LOCATION_TYPE","LONGITUDE","MAX_SEVERITY_LEVEL","MCYCLE_DEATH_COUNT","MCYCLE_SUSP_SERIOUS_INJ_COUNT","MOTORCYCLE_COUNT","MUNICIPALITY","NONMOTR_COUNT","NONMOTR_DEATH_COUNT","NONMOTR_SUSP_SERIOUS_INJ_COUNT","NTFY_HIWY_MAINT","PED_COUNT","PED_DEATH_COUNT","PED_SUSP_SERIOUS_INJ_COUNT","PERSON_COUNT","POLICE_AGCY","POSSIBLE_INJ_COUNT","RDWY_SURF_TYPE_CD","RELATION_TO_ROAD","ROADWAY_CLEARED","ROAD_CONDITION","SCH_BUS_IND","SCH_ZONE_IND","SECONDARY_CRASH","SMALL_TRUCK_COUNT","SPEC_JURIS_CD","SUSP_MINOR_INJ_COUNT","SUSP_SERIOUS_INJ_COUNT","SUV_COUNT","TCD_FUNC_CD","TCD_TYPE","TFC_DETOUR_IND","TIME_OF_DAY","TOTAL_UNITS","TOT_INJ_COUNT","UNBELTED_OCC_COUNT","UNB_DEATH_COUNT","UNB_SUSP_SERIOUS_INJ_COUNT","UNK_INJ_DEG_COUNT","UNK_INJ_PER_COUNT","URBAN_RURAL","VAN_COUNT","VEHICLE_COUNT","WEATHER1","WEATHER2","WORKERS_PRES","WORK_ZONE_IND","WORK_ZONE_LOC","WORK_ZONE_TYPE","WZ_CLOSE_DETOUR","WZ_FLAGGER","WZ_LAW_OFFCR_IND","WZ_LN_CLOSURE","WZ_MOVING","WZ_OTHER","WZ_SHLDER_MDN","WZ_WORKERS_INJ_KILLED"
"2020088998","0756","1","0","0","0","0","0","0","0","0","4","0","","67","10","2020","5","39.91259","-75.24412","0749","6","0","0","0","0","0","1","0","0","","0","0","0","","","0","","2","","39 54:45.323","","0","75 14:38.832","0","0","0","0","67301","0","0","0","N","0","0","0","3","67301","0","","1.0","","98","N","N","N","0","","0","0","1","3","3","","","3","0","1","0","0","0","0","2","1","3","","05","","N","","","","","","","","","",""
"2020110392","0923","2","0","0","0","0","0","0","0","0","4","0","","67","12","2020","5","40.02085","-75.141487","0923","6","0","0","0","0","0","0","0","0","","0","0","0","","","0","","2","","40 01:15.061","","0","75 08:29.353","9","0","0","0","67301","0","0","0","N","0","0","0","3","67301","0","","9.0","","99","N","N","N","0","","0","0","1","9","9","","","3","0","0","0","0","0","2","2","0","3","","","","N","","","","","","","","","",""
"2020110391","1425","3","0","0","0","0","0","0","0","0","4","0","","67","12","2020","5","40.049047","-75.142445","1420","6","0","0","0","0","0","0","0","0","","0","0","0","","","1","","1","","40 02:56.568","","0","75 08:32.803","4","0","0","0","67301","0","0","0","N","0","0","0","2","67301","1","","9.0","","7","N","N","N","0","","0","0","1","3","2","","","4","1","0","0","0","0","1","2","0","4","","","","N","","","","","","","","","",""
"2020092818","1330","2","0","0","0","0","0","0","0","0","4","0","","67","10","2020","3","40.007655","-75.076191","1330","6","0","0","0","0","0","0","0","0","","0","0","0","","","2","","1","","40 00:27.557","","0","75 04:34.287","8","0","0","0","67301","0","0","0","N","0","0","0","2","67301","0","","1.0","","1","N","N","N","0","","0","0","0","3","2","","","2","2","0","0","0","2","0","2","0","2","","03","","N","","","","","","","","","",""
"2020086812","1650","1","0","0","0","0","0","0","0","0","6","0","","67","10","2020","7","40.022513","-75.148243","1650","6","0","0","0","0","0","0","0","0","","0","0","0","","","1","N","0","","40 01:21.048","","0","75 08:53.675","8","0","0","0","67301","0","0","0","N","0","0","0","2","67301","0","","1.0","","1","N","N","N","0","","0","0","1","0","0","","","2","1","2","0","0","1","0","2","0","2","","","","N","","","","","","","","","",""
"2020108480","2036","2","0","0","0","0","0","0","0","0","6","0","","67","12","2020","2","39.978249","-75.189735","2035","6","0","0","0","0","0","0","0","0","","0","0","0","","","1","N","0","","39 58:41.696","5","0","75 11:23.045","3","0","0","0","67301","0","0","0","N","0","0","0","2","67301","0","","1.0","2040.0","9","N","N","N","0","","1","0","0","0","0","Y","","2","1","0","0","0","0","0","2","0","2","","03","","N","","","","","","","","","",""
"2020094291","0000","1","0","0","0","0","0","0","0","0","8","0","","67","10","2020","6","39.950534","-75.173815","0000","6","0","0","0","0","0","0","0","0","","0","0","0","","","1","","1","","39 57:01.924","","0","75 10:25.734","8","0","0","0","67301","1","0","0","N","1","0","0","2","67301","0","","1.0","","99","N","N","N","0","","0","0","0","3","2","","","2","1","0","0","0","1","0","2","0","1","","03","","N","","","","","","","","","",""
"2020099872","2237","0","0","0","0","0","0","0","0","0","8","0","","67","11","2020","1","39.959472","-75.233175","2235","6","0","0","0","0","0","0","0","0","","0","0","0","","","1","","1","","39 57:34.098","","0","75 13:59.431","3","0","0","0","67301","1","0","0","N","1","0","0","2","67301","0","","1.0","","1","N","N","N","0","","1","0","0","3","2","","","2","1","0","0","0","0","0","2","0","1","","03","","N","","","","","","","","","",""
"2020106969","0931","2","0","0","0","0","0","0","0","0","4","0","","67","12","2020","6","39.937942","-75.222588","0930","6","0","0","0","0","0","0","0","0","","0","0","0","","","1","N","2","","39 56:16.590","","0","75 13:21.317","3","0","0","0","67301","0","0","0","N","0","0","0","2","67301","0","","1.0","","1","N","N","N","0","","1","0","0","0","0","","","3","1","0","0","0","0","1","2","0","3","","03","","N","","","","","","","","","",""
"2020098257","2036","2","0","0","0","0","0","0","0","0","1","0","","67","11","2020","2","40.027194","-75.151242","2036","6","0","0","0","0","1","0","0","0","","0","0","0","","","1","","1","","40 01:37.898","","0","75 09:04.471","3","0","0","0","67301","0","0","0","N","0","0","0","2","67301","0","","1.0","","1","N","N","N","0","","1","0","0","9","2","","","2","1","1","0","0","0","0","2","0","2","","03","","N","","","","","","","","","",""
"2020086507","1936","1","0","0","0","0","0","0","0","0","5","0","","67","10","2020","5","39.957863","-75.220161","1932","6","0","0","0","0","0","0","1","0","","0","0","0","","","1","N","0","","39 57:28.305","3","0","75 13:12.579","4","0","0","0","67301","0","0","0","N","0","0","0","2","67301","1","","6.0","2110.0","1","N","N","N","0","","0","0","2","0","0","Y","","3","1","0","0","0","0","0","2","0","3","","03","","N","","","","","","","","","",""
"2020092318","2023","4","0","0","0","0","0","0","0","0","6","0","","67","10","2020","5","40.039725","-75.231814","2018","6","0","0","0","0","0","0","0","0","","0","0","0","","","0","N","0","","40 02:23.010","","0","75 13:54.530","0","0","0","0","67301","0","0","0","N","0","0","0","1","67301","0","","6.0","","8","N","N","N","0","","0","0","0","0","0","","","4","0","0","0","0","0","0","2","0","4","","","","N","","","","","","","","","",""
"2020088897","1755","1","0","0","0","0","0","0","0","0","1","0","","67","10","2020","3","39.903795","-75.198069","1748","6","0","0","0","0","0","0","0","0","","0","0","0","","","1","N","0","","39 54:13.661","","3","75 11:53.049","3","0","0","0","67301","0","0","0","N","0","0","0","2","67301","0","","1.0","","1","N","N","N","0","","1","0","1","0","0","","","2","1","1","0","0","0","0","2","0","2","","03","","N","","","","","","","","","",""
"2020087524","1914","1","0","0","0","0","0","0","0","0","7","0","","67","10","2020","1","39.997536","-75.102517","1914","6","0","0","0","0","0","0","0","0","","0","0","0","","","0","N","0","","39 59:51.130","","0","75 06:09.060","9","0","0","0","67301","0","0","0","N","0","0","0","1","67301","0","","4.0","","1","N","N","N","0","","0","0","0","0","0","","","1","0","0","0","0","0","1","2","0","1","","03","","N","","","","","","","","","",""
"2020108943","2335","2","0","0","0","0","0","0","0","0","4","0","","67","12","2020","7","40.02026","-75.114068","2330","6","0","0","0","0","1","0","0","0","","0","0","0","","","0","","1","","40 01:12.937","","0","75 06:50.646","0","0","0","0","67301","0","0","0","N","0","0","0","2","67301","0","","1.0","","99","N","N","N","0","","0","0","0","9","2","","","2","0","1","0","0","0","0","2","0","2","","03","","N","","","","","","","","","",""
"2020086349","0743","1","0","0","0","0","0","0","0","0","5","0","","67","10","2020","6","40.038551","-75.142418","0740","6","0","0","0","0","0","0","0","0","","0","0","0","","","1","N","0","","40 02:18.783","","0","75 08:32.706","3","0","0","0","67301","0","0","0","N","0","0","0","2","67301","0","","1.0","","1","N","N","N","0","","1","0","0","0","0","","","2","1","0","0","0","0","0","2","1","2","","","","N","","","","","","","","","",""
"2020090868","0030","3","0","0","0","0","0","0","0","0","5","0","","67","10","2020","2","40.032589","-75.035103","0024","6","0","0","0","0","0","0","0","0","","0","0","0","","","0","N","0","","40 01:57.320","","0","75 02:06.370","0","0","0","0","67301","0","0","0","N","0","0","0","1","67301","0","","6.0","","9","N","N","N","0","","0","0","1","0","0","","","4","0","0","0","0","0","0","2","0","4","","07","","N","","","","","","","","","",""
"2020110401","1434","2","1","0","0","0","0","0","0","0","3","0","","67","12","2020","6","39.997272","-75.162061","1430","6","0","0","0","0","0","0","0","1","","1","0","0","","","0","N","0","","39 59:50.180","","0","75 09:43.420","1","0","0","0","67301","0","0","0","N","0","0","0","1","67301","0","2","2.0","","7","N","N","N","0","0","0","0","0","0","0","","","2","0","0","0","0","0","0","2","0","2","","03","","N","","","","","","","","","",""
"2020112331","2000","1","0","0","0","0","0","0","0","0","7","0","","67","12","2020","4","40.006774","-75.120011","2000","6","0","0","0","1","0","0","0","0","","0","0","0","","","0","N","0","","40 00:24.385","","0","75 07:12.038","0","0","0","0","67301","0","0","0","N","0","0","0","1","67301","0","","5.0","","1","N","N","N","0","","0","0","0","0","0","","","1","0","1","0","0","0","0","2","0","1","","03","","N","","","","","","","","","",""
"2020089456","2148","2","0","0","0","0","0","0","0","0","4","0","","67","10","2020","7","39.970153","-75.145021","2144","6","0","0","0","0","0","0","0","0","","0","0","0","","","1","","1","","39 58:12.552","","0","75 08:42.076","3","0","0","0","67301","0","0","0","N","0","0","0","2","67301","0","","1.0","","1","N","N","N","0","","1","0","0","3","2","","","2","1","2","0","0","0","0","2","0","2","","","","N","","","","","","","","","",""
"2020086839","2110","3","0","0","0","0","0","0","0","0","1","0","","67","10","2020","7","40.044831","-75.143471","2110","6","0","0","0","1","0","0","0","0","","0","0","0","","","0","Y","0","","40 02:41.391","","0","75 08:36.496","9","0","0","0","67301","0","0","0","N","0","0","0","4","67301","0","","1.0","","1","N","N","N","0","","0","0","1","3","2","","","4","0","4","0","0","0","1","2","0","4","","","","N","","","","","","","","","",""
"2020090770","0120","1","0","0","0","0","0","0","0","0","7","0","","67","10","2020","6","39.929845","-75.198059","0120","6","0","0","0","0","0","0","0","0","","0","0","0","","","0","N","0","","39 55:47.442","","0","75 11:53.014","0","0","0","0","67301","0","0","0","N","0","0","0","2","68K01","0","","1.0","","1","N","N","Y","0","","0","0","0","0","0","","","1","0","0","0","0","0","0","2","0","1","","","","N","","","","","","","","","",""
"2020092313","0500","2","0","0","0","0","0","0","0","0","4","0","","67","10","2020","4","40.045997","-75.082334","0454","6","0","0","0","0","0","0","0","0","","0","0","0","","","2","","1","","40 02:45.589","6","0","75 04:56.402","3","0","0","0","67301","0","0","0","N","0","0","0","3","67301","0","","1.0","100.0","1","N","N","Y","0","","2","0","4","3","2","Y","","6","2","0","0","0","0","1","2","0","6","","","","N","","","","","","","","","",""
"2020092963","0753","0","0","0","0","0","0","0","0","0","8","0","","67","10","2020","6","40.020929","-75.139974","0753","6","0","0","0","0","0","0","0","0","","0","0","0","","","1","","1","","40 01:15.344","","0","75 08:23.906","3","0","0","0","67301","1","0","0","N","1","0","0","2","67301","0","","1.0","","1","N","N","N","0","","1","0","0","3","2","","","2","1","0","0","0","0","0","2","0","1","","03","","N","","","","","","","","","",""
"2020089526","0943","0","0","0","0","0","0","0","0","0","1","0","","67","10","2020","4","40.011024","-75.206126","0942","6","0","0","0","0","0","1","0","0","","0","0","0","","","1","","3","","40 00:39.685","","8","75 12:22.055","8","0","0","0","67301","0","0","0","N","0","0","0","4","68K01","0","","1.0","","1","N","N","N","0","","0","0","3","3","3","","","3","1","0","0","0","1","0","2","0","3","","","","N","","","","","","","","","",""
"2020088626","0937","1","0","0","0","0","0","0","0","0","4","0","","67","10","2020","1","39.920315","-75.225794","0937","6","0","0","0","0","0","0","0","0","","0","0","0","","","1","","1","","39 55:13.133","","0","75 13:32.858","3","0","0","0","67301","0","0","0","N","0","0","0","6","67301","0","","1.0","","1","N","N","N","0","","1","0","1","3","3","","","2","1","0","0","0","0","0","2","0","2","","03","","N","","","","","","","","","",""
"2020089884","0215","0","0","0","0","0","0","0","0","0","7","0","","67","10","2020","1","39.998705","-75.166884","0213","6","0","0","0","0","0","0","0","0","","0","0","0","","","0","","1","","39 59:55.338","7","0","75 10:00.782","9","0","0","0","67301","0","0","0","N","0","0","0","1","67301","0","","4.0","230.0","1","N","N","N","0","","0","0","1","3","2","N","","1","0","0","0","0","0","1","2","0","1","","","","N","","","","","","","","","",""
"2020100623","1453","0","0","0","0","0","0","0","0","0","5","0","","67","10","2020","2","39.945996","-75.142509","1448","6","0","0","0","0","0","1","0","0","","0","0","0","","","1","N","0","","39 56:45.587","","0","75 08:33.033","3","0","0","0","67301","0","0","0","N","0","0","0","2","68K01","0","","1.0","","1","N","N","N","1","","1","0","1","0","0","","","2","1","0","0","0","0","0","2","0","2","","","","N","","","","","","","","","",""
"2020092966","1100","1","0","0","0","0","0","0","0","0","5","0","","67","10","2020","7","40.027106","-75.183364","1100","6","0","0","0","0","0","0","0","0","","0","0","0","","","1","N","0","","40 01:37.582","","0","75 11:00.109","3","0","0","0","67301","0","0","0","N","0","0","0","2","67301","0","","6.0","","1","N","N","N","1","","1","0","0","0","0","","","2","1","0","0","0","0","0","2","0","2","","03","","N","","","","","","","","","",""
"2020107585","2159","1","0","0","0","0","0","0","0","0","7","0","","67","12","2020","7","40.091852","-75.047425","2140","6","0","0","0","0","0","0","0","0","","0","0","0","","","1","","11","","40 05:30.666","","0","75 02:50.731","8","0","0","0","67301","0","0","0","N","0","0","0","1","67301","0","","4.0","","1","N","N","N","0","","0","0","0","3","2","","","1","1","0","0","0","1","0","2","0","1","","03","","N","","","","","","","","","",""
"2020093929","2231","2","0","0","0","0","0","0","0","0","1","0","","67","10","2020","3","40.011722","-75.109667","2230","6","0","0","0","1","0","0","0","0","","0","0","0","","","1","N","0","","40 00:42.200","","0","75 06:34.800","3","0","0","0","67301","0","0","0","N","0","0","0","1","67301","0","","6.0","","1","N","N","N","0","","1","0","0","9","9","","","2","1","0","0","0","0","0","2","0","2","","03","","N","","","","","","","","","",""
"2020088988","0943","0","0","0","0","0","0","0","0","0","4","0","","67","10","2020","1","39.957321","-75.152234","0943","6","0","0","0","0","0","0","1","0","","0","0","0","","","1","","5","","39 57:26.357","2","2","75 09:08.042","3","0","0","0","67301","0","0","0","N","0","0","0","3","67301","0","","1.0","1030.0","1","N","N","N","0","","1","0","2","3","2","N","","2","1","0","0","0","0","0","2","0","2","","03","","N","","","","","","","","","",""
"2020092351","1325","2","0","0","0","0","0","0","0","0","4","0","","67","10","2020","7","39.957013","-75.213331","1325","6","0","0","0","0","0","1","0","0","","0","0","0","","","0","","1","","39 57:25.245","","0","75 12:47.990","0","0","0","0","67301","0","0","0","N","0","0","0","3","67301","0","","1.0","","1","N","N","N","0","","0","0","0","3","2","","","2","0","0","0","0","0","0","2","0","2","","","","N","","","","","","","","","",""
"2020090754","0032","1","0","0","0","0","0","0","0","0","7","0","","67","10","2020","5","39.97655","-75.195939","0032","6","0","0","0","0","0","0","0","0","","0","0","0","","","1","N","0","","39 58:35.580","","0","75 11:45.382","4","0","0","0","67301","0","0","0","N","0","0","0","1","68K01","1","","3.0","","1","N","N","N","0","","0","0","0","0","0","","","1","1","0","0","0","0","0","2","0","1","","","","N","","","","","","","","","",""
"2020105483","2020","1","0","0","0","0","0","0","0","0","1","0","","67","11","2020","1","39.986508","-75.091925","2012","6","0","0","0","0","0","0","0","0","","0","0","0","","","1","N","0","","39 59:11.429","2","0","75 05:30.930","8","0","0","0","67301","0","0","0","N","0","0","0","3","68K01","0","","1.0","2040.0","9","N","N","N","0","","0","0","1","0","0","N","","2","1","0","0","0","1","1","2","0","2","","","","N","","","","","","","","","",""
"2020110681","1349","2","0","0","0","0","0","0","0","0","4","0","","67","12","2020","6","40.003348","-75.166484","1349","6","0","0","0","0","0","0","0","0","","0","0","0","","","1","N","0","","40 00:12.054","4","7","75 09:59.343","3","0","0","0","67301","0","0","0","N","0","0","0","2","67301","0","","1.0","1500.0","1","N","N","N","0","","1","0","0","0","0","Y","","3","1","2","0","0","0","0","2","1","3","","03","","N","","","","","","","","","",""
"2020091017","1213","2","0","0","0","0","0","0","0","0","4","0","","67","10","2020","5","40.006188","-75.151929","1211","6","0","0","0","0","0","0","1","0","","0","0","0","","","1","","1","","40 00:22.276","","0","75 09:06.943","4","0","0","0","67301","0","0","0","N","0","0","0","2","67505","1","","1.0","","9","","","N","0","","0","0","0","3","2","","","2","1","0","0","0","0","0","2","0","2","","","","N","","","","","","","","","",""
"2020089301","1938","1","0","0","0","0","0","0","0","0","7","0","","67","10","2020","5","39.908972","-75.248853","1936","6","0","0","0","0","0","0","0","0","","0","0","0","","","0","","11","","39 54:32.300","","0","75 14:55.870","0","0","0","0","67301","0","0","0","N","0","0","0","1","67301","0","","4.0","","1","N","N","N","0","","0","0","0","0","0","","","1","0","0","0","0","0","0","2","0","1","","03","","N","","","","","","","","","",""
"2020103254","1531","0","0","0","0","0","0","0","0","0","5","0","","67","10","2020","3","39.950749","-75.141088","1519","6","0","0","0","0","0","0","0","0","","0","0","0","","","1","N","0","","39 57:02.698","1","0","75 08:27.915","2","0","1","1","67301","0","0","0","N","0","0","0","2","68K01","0","","1.0","1538.0","1","N","N","N","0","","0","1","0","0","0","N","","2","1","0","0","0","0","1","2","0","2","","","","N","","","","","","","","","",""
"2020092326","1056","1","0","0","0","0","0","0","0","0","4","0","","67","10","2020","7","40.074374","-75.001988","1054","6","0","0","0","0","0","2","0","0","","0","0","0","","","2","","2","","40 04:27.746","5","0","75 00:07.158","3","0","0","0","67301","0","0","0","N","0","0","0","3","67301","1","","1.0","20.0","1","N","N","N","0","","1","0","1","3","3","N","","2","2","0","0","0","0","1","2","0","2","","03","","N","","","","","","","","","",""
"2020110359","1925","2","0","0","0","0","0","0","0","0","4","0","","67","12","2020","7","39.92126","-75.193856","1920","6","0","0","0","0","0","0","0","0","","0","0","0","","","0","N","1","","39 55:16.537","","0","75 11:37.880","9","0","0","0","67301","0","0","0","N","0","0","0","2","67301","0","","1.0","","1","N","N","N","0","","0","0","1","3","2","","","3","0","0","0","0","0","2","2","0","3","","03","","N","","","","","","","","","",""
"2020110373","1934","0","0","0","0","0","0","0","0","0","1","0","","67","12","2020","7","40.060428","-75.188347","1932","6","0","0","1","0","0","0","0","0","","0","0","0","","","1","N","0","","40 03:37.540","","0","75 11:18.050","4","0","0","0","67301","0","0","0","N","0","0","0","3","67301","1","","1.0","","2","N","N","Y","1","","0","0","2","3","3","","","3","1","0","0","0","0","0","2","0","3","","03","","N","","","","","","","","","",""
"2020086546","0055","1","0","0","0","0","0","0","0","0","4","0","","67","10","2020","6","40.03971","-75.038363","0049","6","0","0","0","0","0","0","0","0","","0","0","0","","","0","","1","","40 02:22.955","","0","75 02:18.106","0","0","0","0","67301","0","0","0","N","0","0","0","2","67301","0","","1.0","","1","N","N","N","0","","0","0","0","3","3","","","2","0","0","0","0","0","0","2","0","2","","03","","N","","","","","","","","","",""
"2020111557","1936","2","0","0","0","0","0","0","0","0","4","0","","67","12","2020","3","39.895634","-75.237401","1934","6","0","0","0","0","0","0","0","0","","0","0","0","","","0","","3","","39 53:44.281","","0","75 14:14.644","9","0","0","0","67301","0","0","0","N","0","0","0","3","67301","0","","1.0","","99","N","N","N","0","","0","0","0","3","2","","","2","0","0","0","0","0","3","2","0","2","","03","","N","","","","","","","","","",""
"2020109081","1945","2","0","0","0","0","0","0","0","0","4","0","","67","12","2020","6","39.941467","-75.185816","1940","6","0","0","0","0","0","0","0","0","","0","0","0","","","0","","2","","39 56:29.281","","0","75 11:08.937","9","0","0","0","67301","0","0","0","N","0","0","0","3","67301","0","","1.0","","1","N","N","Y","0","","0","0","0","3","2","","","2","0","0","0","0","0","2","2","0","2","","03","","N","","","","","","","","","",""
"2020096699","1630","4","0","0","0","0","0","0","0","0","1","0","","67","10","2020","7","39.993904","-75.199351","1613","6","0","0","0","0","0","0","0","0","","0","0","0","","","5","N","0","","39 59:38.055","3","0","75 11:57.663","8","0","0","0","67301","0","0","0","N","0","0","0","5","68K01","0","","2.0","1723.0","1","N","N","N","0","","0","0","0","0","0","N","","4","5","0","0","0","5","0","2","0","4","","","","N","","","","","","","","","",""
"2020110390","0928","1","0","0","0","0","0","0","0","0","4","0","","67","12","2020","7","39.989858","-75.125431","0927","6","0","0","0","0","0","0","0","0","","0","0","0","","","0","","1","","39 59:23.487","","0","75 07:31.551","0","0","0","0","67301","0","0","0","N","0","0","0","3","67301","0","","1.0","","1","N","N","N","0","","0","0","1","3","2","","","2","0","0","0","0","0","0","2","0","2","","","","N","","","","","","","","","",""
"2020088899","1532","0","0","0","0","0","0","0","0","0","1","0","","67","10","2020","5","40.068136","-75.240349","1529","6","0","0","0","0","0","0","0","0","","0","0","0","","","0","N","0","","40 04:05.291","","0","75 14:25.255","0","0","0","0","67301","0","0","0","N","0","0","0","6","67301","0","","1.0","","1","N","N","N","0","","0","0","1","0","0","","","2","0","0","0","0","0","0","2","1","2","","04","","N","","","","","","","","","",""
"2020092356","0046","2","0","0","0","0","0","0","0","0","4","0","","67","11","2020","1","39.966087","-75.235868","0045","6","0","0","0","0","0","0","0","0","","0","0","0","","","0","","1","","39 57:57.913","","0","75 14:09.124","9","0","0","0","67301","0","0","0","N","0","0","0","4","67301","0","","1.0","","1","N","N","N","0","","0","0","0","3","3","","","2","0","0","0","0","0","1","2","0","2","","03","","N","","","","","","","","","",""
"2020090763","1922","1","0","0","0","0","0","0","0","0","7","0","","67","10","2020","5","39.894766","-75.194385","1913","6","0","0","0","1","0","0","0","0","","0","0","0","","","1","N","0","","39 53:41.158","","3","75 11:39.786","3","0","0","0","67301","0","0","0","N","0","0","0","3","68K01","0","","2.0","","1","N","N","N","0","","1","0","0","0","0","","","1","1","0","0","0","0","0","2","0","1","","","","N","","","","","","","","","",""
"2020088900","1640","1","0","0","0","0","0","0","0","0","4","0","","67","10","2020","5","40.052549","-75.227073","1635","6","0","0","0","0","0","0","0","0","","0","0","0","","","1","","2","","40 03:09.176","2","0","75 13:37.462","3","0","0","1","67301","0","0","0","N","0","0","0","2","67301","0","","1.0","1700.0","1","N","N","N","0","","1","0","0","3","2","N","","2","1","0","0","0","0","0","2","0","2","","03","","N","","","","","","","","","",""
"2020087786","1230","1","0","0","0","0","0","0","0","0","6","0","","67","10","2020","2","40.076308","-75.035935","1224","6","0","0","0","0","0","0","0","1","","0","0","0","","","1","N","0","","40 04:34.707","","0","75 02:09.366","8","0","0","0","67301","0","0","0","N","0","0","0","2","67301","0","","1.0","","1","N","N","N","0","","0","0","1","0","0","","","2","1","0","0","0","1","0","2","0","2","","03","","N","","","","","","","","","",""
"2020096011","1210","0","0","0","0","0","0","1","0","0","4","1","","67","10","2020","2","40.004551","-75.132065","1205","6","0","0","0","0","0","1","0","0","","0","0","0","","","1","","1","","40 00:16.383","","0","75 07:55.433","8","0","0","0","67301","0","0","0","N","0","0","0","3","67508","0","","1.0","","1","N","N","Y","0","","0","0","1","3","2","","","2","1","0","0","0","1","0","2","0","2","","03","","N","","","","","","","","","",""
"2020089713","1900","2","0","0","0","0","0","0","0","0","4","0","","67","10","2020","3","40.046958","-75.142897","1851","6","0","0","0","0","0","1","0","0","","0","0","0","","","1","N","0","","40 02:49.048","","7","75 08:34.430","8","0","0","0","67301","0","0","0","N","0","0","0","3","67301","0","","1.0","","1","N","N","N","0","","0","0","1","0","0","","","3","1","0","0","0","1","0","2","0","3","","03","","N","","","","","","","","","",""
"2020093303","1245","0","0","0","0","0","0","0","0","0","4","0","","67","10","2020","7","40.015131","-75.135879","1245","6","0","0","0","0","0","0","0","0","","0","0","0","","","1","","1","","40 00:54.471","","0","75 08:09.164","2","0","0","0","67301","0","0","0","N","0","0","0","2","67301","0","","1.0","","1","N","N","N","0","","0","1","1","3","3","","","2","1","0","0","0","0","0","2","1","2","","03","","N","","","","","","","","","",""
"2020087182","0435","2","0","0","0","0","0","0","0","0","4","0","","67","10","2020","1","40.026393","-75.097546","0426","6","0","0","0","0","0","0","0","0","","0","0","0","","","1","","1","","40 01:35.013","3","0","75 05:51.166","4","0","0","0","67301","0","0","0","N","0","0","0","2","67301","1","","1.0","515.0","1","N","N","N","0","","0","0","0","3","2","Y","","2","1","0","0","0","0","0","2","0","2","","03","","N","","","","","","","","","",""
"2020090757","0912","1","0","0","0","0","0","0","0","0","1","0","","67","10","2020","5","39.967956","-75.130994","0904","6","0","0","0","0","0","0","0","0","","0","0","0","","","1","N","0","","39 58:04.640","2","0","75 07:51.579","8","0","0","0","67301","0","0","0","N","0","0","0","3","68K01","0","","1.0","45.0","1","N","N","N","0","","0","0","1","0","0","N","","3","1","0","0","0","1","0","2","1","3","","","","N","","","","","","","","","",""
"2020108945","0423","2","0","0","0","0","0","0","0","0","4","0","","67","12","2020","4","40.016616","-75.14718","0417","6","0","0","0","0","0","1","0","0","","0","0","0","","","1","","1","","40 00:59.817","4","0","75 08:49.848","3","0","0","0","67301","0","0","0","N","0","0","0","2","67301","0","","1.0","505.0","1","N","N","N","0","","1","0","0","3","2","N","","2","1","0","0","0","0","0","2","0","2","","03","","N","","","","","","","","","",""
"2020110386","0800","0","0","0","0","0","0","1","0","0","8","0","","67","12","2020","6","39.98628","-75.104371","0745","6","0","0","0","0","0","0","0","0","","0","0","0","","","1","","1","","39 59:10.608","","0","75 06:15.736","8","0","0","0","67301","1","0","0","N","1","0","0","2","67301","0","","1.0","","2","N","N","N","0","","0","0","0","3","2","","","2","1","0","0","0","1","0","2","0","1","","","","N","","","","","","","","","",""
"2020087636","0632","1","0","0","0","0","0","0","0","0","1","0","","67","10","2020","3","39.954611","-75.143833","0632","6","0","0","0","0","0","1","0","0","","0","0","0","","","2","N","0","","39 57:16.600","4","3","75 08:37.800","3","0","0","0","67301","0","0","0","N","0","0","0","3","67501","0","","1.0","700.0","9","N","N","N","1","","1","0","0","3","8","N","","3","2","0","0","0","1","0","2","1","3","","","","N","","","","","","","","","",""
"2020089400","0104","1","0","0","0","0","0","0","0","0","5","0","","67","10","2020","1","39.986108","-75.156182","0102","6","0","0","0","0","0","0","0","0","","0","0","0","","","0","N","0","","39 59:09.987","","0","75 09:22.256","0","0","0","0","67301","0","0","0","N","0","0","0","2","67505","0","","6.0","","1","N","N","N","0","","0","0","1","0","0","","","3","0","0","0","0","0","0","2","1","3","","03","","N","","","","","","","","","",""