"CRN","ARRIVAL_TM","AUTOMOBILE_COUNT","BELTED_DEATH_COUNT","BELTED_SUSP_SERIOUS_INJ_COUNT","BICYCLE_COUNT","BICYCLE_DEATH_COUNT","BICYCLE_SUSP_SERIOUS_INJ_COUNT","BUS_COUNT","CHLDPAS_DEATH_COUNT","CHLDPAS_SUSP_SERIOUS_INJ_COUNT","COLLISION_TYPE","COMM_VEH_COUNT","CONS_ZONE_SPD_LIM","COUNTY","CRASH_MONTH","CRASH_YEAR","DAY_OF_WEEK","DEC_LATITUDE","DEC_LONGITUDE","DISPATCH_TM","DISTRICT","DRIVER_COUNT_16YR","DRIVER_COUNT_17YR","DRIVER_COUNT_18YR","DRIVER_COUNT_19YR","DRIVER_COUNT_20YR","DRIVER_COUNT_50_64YR","DRIVER_COUNT_65_74YR","DRIVER_COUNT_75PLUS","EST_HRS_CLOSED","FATAL_COUNT","HEAVY_TRUCK_COUNT","HORSE_BUGGY_COUNT","HOUR_OF_DAY","ILLUMINATION","INJURY_COUNT","INTERSECTION_RELATED","INTERSECT_TYPE","LANE_CLOSED","LATITUDE","LN_CLOSE_DIR","LOCATION_TYPE","LONGITUDE","MAX_SEVERITY_LEVEL","MCYCLE_DEATH_COUNT","MCYCLE_SUSP_SERIOUS_INJ_COUNT","MOTORCYCLE_COUNT","MUNICIPALITY","NONMOTR_COUNT","NONMOTR_DEATH_COUNT","NONMOTR_SUSP_SERIOUS_INJ_COUNT","NTFY_HIWY_MAINT","PED_COUNT","PED_DEATH_COUNT","PED_SUSP_SERIOUS_INJ_COUNT","PERSON_COUNT","POLICE_AGCY","POSSIBLE_INJ_COUNT","RDWY_SURF_TYPE_CD","RELATION_TO_ROAD","ROADWAY_CLEARED","ROAD_CONDITION","SCH_BUS_IND","SCH_ZONE_IND","SECONDARY_CRASH","SMALL_TRUCK_COUNT","SPEC_JURIS_CD","SUSP_MINOR_INJ_COUNT","SUSP_SERIOUS_INJ_COUNT","SUV_COUNT","TCD_FUNC_CD","TCD_TYPE","TFC_DETOUR_IND","TIME_OF_DAY","TOTAL_UNITS","TOT_INJ_COUNT","UNBELTED_OCC_COUNT","UNB_DEATH_COUNT","UNB_SUSP_SERIOUS_INJ_COUNT","UNK_INJ_DEG_COUNT","UNK_INJ_PER_COUNT","URBAN_RURAL","VAN_COUNT","VEHICLE_COUNT","WEATHER1","WEATHER2","WORKERS_PRES","WORK_ZONE_IND","WORK_ZONE_LOC","WORK_ZONE_TYPE","WZ_CLOSE_DETOUR","WZ_FLAGGER","WZ_LAW_OFFCR_IND","WZ_LN_CLOSURE","WZ_MOVING","WZ_OTHER","WZ_SHLDER_MDN","WZ_WORKERS_INJ_KILLED"
"2020089184","0042","0","0","0","0","0","0","0","0","0","6","0","","67","10","2020","4","40.017804","-75.064778","0040","6","0","0","0","0","0","0","0","0","","0","0","0","","","1","N","0","","40 01:04.096","","0","75 03:53.202","3","0","0","0","67301","0","0","0","N","0","0","0","2","67301","0","","6.0","","1","N","N","N","0","","1","0","2","0","0","","","2","1","2","0","0","0","0","2","0","2","","03","","N","","","","","","","","","",""
"2020098258","1655","2","0","0","0","0","0","0","0","0","6","0","","67","10","2020","6","40.019311","-75.191167","1650","6","0","0","0","0","0","1","0","0","","0","0","0","","","1","N","0","","40 01:09.518","2","0","75 11:28.202","8","0","0","0","67301","0","0","0","N","0","0","0","2","67301","0","","1.0","100.0","9","N","N","N","0","","0","0","0","0","0","Y","","2","1","1","0","0","1","0","2","0","2","","04","","N","","","","","","","","","",""
"2020108708","0956","2","0","0","0","0","0","0","0","0","1","0","","67","12","2020","6","40.021125","-75.139925","0951","6","0","0","0","0","0","1","0","1","","0","0","0","","","1","","1","","40 01:16.051","1","0","75 08:23.731","8","0","0","0","67301","0","0","0","N","0","0","0","4","67301","0","","1.0","20.0","1","N","N","N","1","","0","0","0","3","2","N","","3","1","0","0","0","1","0","2","0","3","","03","","N","","","","","","","","","",""
"2020087785","1016","0","0","0","0","0","0","0","0","0","7","0","","67","10","2020","3","40.026084","-75.199188","1008","6","0","0","0","0","0","0","0","0","","0","0","0","","","1","N","0","","40 01:33.901","1","0","75 11:57.076","8","0","0","0","67301","0","0","0","N","0","0","0","1","67301","0","","4.0","1035.0","9","N","N","N","0","","0","0","0","0","0","N","","1","1","0","0","0","1","0","2","1","1","","","","N","","","","","","","","","",""
"2020086699","0750","1","0","0","0","0","0","0","0","0","4","0","","67","10","2020","6","40.053853","-75.086308","0738","6","0","0","0","0","0","2","0","0","","0","0","0","","","0","","1","","40 03:13.871","6","0","75 05:10.709","0","0","0","0","67301","0","0","0","N","0","0","0","3","67301","0","","1.0","830.0","9","N","N","N","0","","0","0","3","3","2","Y","","4","0","0","0","0","0","0","2","0","4","","04","","N","","","","","","","","","",""
"2020092317","0246","1","0","0","0","0","0","0","0","0","2","0","","67","10","2020","7","40.041367","-75.097955","0244","6","0","0","0","0","0","0","0","0","","0","0","0","","","0","","2","","40 02:28.921","","0","75 05:52.637","9","0","0","0","67301","0","0","0","N","0","0","0","1","67301","0","","9.0","","1","N","N","N","0","","0","0","0","3","3","","","2","0","0","0","0","0","1","2","1","2","","03","","N","","","","","","","","","",""
"2020092363","0930","1","0","0","0","0","0","0","0","0","4","0","","67","10","2020","1","39.991834","-75.118616","0925","6","0","0","0","0","0","2","0","0","","0","0","0","","","0","","1","","39 59:30.602","","0","75 07:07.017","0","0","0","0","67301","0","0","0","N","0","0","0","2","67301","0","","1.0","","1","N","N","N","1","","0","0","0","3","3","","","2","0","0","0","0","0","0","2","0","2","","03","","N","","","","","","","","","",""
"2020106972","1230","1","0","0","0","0","0","0","0","0","4","0","","67","12","2020","6","39.991482","-75.166846","1226","6","0","0","0","0","0","1","0","0","","0","0","0","","","2","","2","","39 59:29.335","","0","75 10:00.645","4","0","0","0","67301","0","0","0","N","0","0","0","4","67301","1","","1.0","","1","N","N","N","1","","0","0","0","3","3","","","2","2","0","0","0","1","0","2","0","2","","03","","N","","","","","","","","","",""
"2020109550","1750","1","0","0","0","0","0","0","0","0","7","0","","67","12","2020","4","40.052207","-75.175774","1750","6","0","0","0","0","0","0","0","0","","0","0","0","","","1","N","0","","40 03:07.944","5","0","75 10:32.787","4","0","0","0","67301","0","0","0","N","0","0","0","1","67301","1","","2.0","1800.0","7","N","N","N","0","","0","0","0","0","0","Y","","1","1","0","0","0","0","0","2","0","1","","10","","N","","","","","","","","","",""
"2020093222","0111","2","0","0","0","0","0","0","0","0","2","0","","67","10","2020","7","40.011294","-75.106103","0040","6","0","0","0","0","0","0","0","0","","0","0","0","","","2","N","1","","40 00:40.660","","0","75 06:21.970","4","0","0","0","67301","0","0","0","N","0","0","0","3","67301","2","","1.0","","1","N","N","N","0","","0","0","0","2","2","","","2","2","3","0","0","0","0","2","0","2","","03","","N","","","","","","","","","",""
"2020099953","1318","1","0","0","0","0","0","0","0","0","4","0","","67","11","2020","7","39.984408","-75.15441","1333","6","0","0","1","0","0","1","0","0","","0","0","0","","","1","","1","","39 59:03.868","","0","75 09:15.876","8","0","0","0","67301","0","0","0","N","0","0","0","3","67505","0","","1.0","","1","N","N","Y","0","","0","0","1","3","2","","","2","1","0","0","0","1","0","2","0","2","","03","","N","","","","","","","","","",""
"2020086838","0340","0","0","0","0","0","0","0","0","0","7","0","","67","10","2020","7","39.996144","-75.20225","0332","6","0","0","0","0","0","0","0","0","","0","0","0","","","1","N","0","","39 59:46.120","3","0","75 12:08.100","8","0","0","0","67301","0","0","0","N","0","0","0","2","67301","0","","4.0","358.0","9","N","N","N","0","","0","0","0","0","0","N","","1","1","0","0","0","1","0","2","1","1","","","","N","","","","","","","","","",""
"2020086510","1700","1","0","0","0","0","0","0","0","0","8","0","","67","10","2020","5","39.985266","-75.111247","1659","6","0","0","0","0","0","0","0","0","","0","0","0","","","1","","1","","39 59:06.957","","0","75 06:40.489","3","0","0","0","67301","1","0","0","N","1","0","0","2","67301","0","","1.0","","1","N","N","N","0","","1","0","0","3","2","","","2","1","0","0","0","0","0","2","0","1","","03","","N","","","","","","","","","",""
"2020086810","2230","0","0","0","0","0","0","0","0","0","6","0","","67","10","2020","6","39.976213","-75.113879","2230","6","0","0","0","0","0","0","0","0","","0","0","0","","","1","N","0","","39 58:34.365","2","0","75 06:49.966","4","0","0","0","67301","0","0","0","N","0","0","0","2","67301","1","","1.0","1100.0","1","N","N","Y","1","","0","0","0","0","0","N","","2","1","0","0","0","0","0","2","1","2","","03","","N","","","","","","","","","",""
"2020095601","1531","2","0","0","0","0","0","0","0","0","1","0","","67","10","2020","4","40.050736","-75.010018","1531","6","0","0","0","0","0","1","0","0","","0","0","0","","","1","Y","0","","40 03:02.651","1","0","75 00:36.064","4","0","0","0","67301","0","0","0","N","0","0","0","5","67301","1","","1.0","1540.0","1","N","N","N","1","","0","0","0","3","2","Y","","3","1","0","0","0","0","0","2","0","3","","","","N","","","","","","","","","",""
"2020088210","1902","3","0","0","0","0","0","0","0","0","4","0","","67","10","2020","3","40.015272","-75.088901","1900","6","0","0","0","0","0","1","0","0","","0","0","0","","","0","","1","","40 00:54.979","","0","75 05:20.043","0","0","0","0","67301","0","0","0","N","0","0","0","3","67301","0","","1.0","","1","N","N","Y","0","","0","0","0","3","3","","","3","0","0","0","0","0","0","2","0","3","","","","N","","","","","","","","","",""
"2020094030","0600","0","0","0","0","0","0","0","0","0","7","0","","67","10","2020","2","40.032829","-75.020923","0542","6","0","0","0","0","0","0","0","0","","0","0","0","","","1","N","0","","40 01:58.183","2","0","75 01:15.324","3","0","0","0","67301","0","0","0","N","0","0","0","1","68K01","0","","2.0","700.0","9","N","N","N","1","","1","0","0","0","0","N","","1","1","1","0","0","0","0","2","0","1","","","","N","","","","","","","","","",""
"2020090645","2045","0","0","0","0","0","0","0","0","0","1","0","","67","10","2020","6","40.002389","-75.122221","2045","6","0","0","0","0","0","2","0","0","","0","0","0","","","1","","2","","40 00:08.600","","0","75 07:19.995","3","0","0","1","67301","0","0","0","N","0","0","0","2","67301","0","","1.0","","1","N","N","N","1","","1","0","0","0","0","","","2","1","0","0","0","0","0","2","0","2","","03","","N","","","","","","","","","",""
"2020092321","0830","0","0","0","0","0","0","0","0","0","1","0","","67","10","2020","6","40.117564","-75.006653","0819","6","0","0","0","0","0","2","0","0","","0","0","0","","","1","N","0","","40 07:03.230","","0","75 00:23.950","3","0","0","0","67301","0","0","0","N","0","0","0","3","67301","0","","1.0","","9","N","N","N","0","","1","0","2","0","0","","","2","1","0","0","0","0","0","2","0","2","","04","","N","","","","","","","","","",""
"2020092354","1213","1","0","0","0","0","0","0","0","0","4","0","","67","10","2020","7","39.995327","-75.231378","1212","6","0","0","0","0","0","1","0","1","","0","0","0","","","3","","1","","39 59:43.177","5","0","75 13:52.960","3","0","0","0","67301","0","0","0","N","0","0","0","3","67301","0","","1.0","1255.0","1","N","N","N","0","","3","0","1","3","3","N","","2","3","0","0","0","0","0","2","0","2","","03","","N","","","","","","","","","",""
"2020087185","2356","2","0","0","0","0","0","0","0","0","4","0","","67","10","2020","7","40.037827","-75.142738","2355","6","0","0","0","0","1","0","0","0","","0","0","0","","","0","","2","","40 02:16.177","","0","75 08:33.856","0","0","0","0","67301","0","0","0","N","0","0","0","3","67301","0","","1.0","","1","N","N","N","0","","0","0","1","0","0","","","3","0","0","0","0","0","0","2","0","3","","","","N","","","","","","","","","",""
"2020097435","2318","1","0","0","0","0","0","0","0","0","1","0","","67","10","2020","7","39.977052","-75.199222","2306","6","0","0","0","0","1","0","0","0","","0","0","0","","","2","N","0","","39 58:37.387","","0","75 11:57.199","3","0","0","0","67301","0","0","0","N","0","0","0","4","68K01","0","","1.0","","1","N","N","N","0","","2","0","1","0","0","","","2","2","0","0","0","0","0","2","0","2","","","","N","","","","","","","","","",""
"2020092821","1100","1","0","0","0","0","0","0","0","0","4","0","","67","10","2020","5","40.011545","-75.108042","1705","6","0","0","0","0","0","0","0","0","","0","0","0","","","1","","1","","40 00:41.562","","0","75 06:28.950","2","0","0","0","67301","0","0","0","N","0","0","0","2","67301","0","","1.0","","99","N","N","N","0","","0","1","0","3","2","","","2","1","0","0","0","0","0","2","1","2","","","","N","","","","","","","","","",""
"2020086208","1552","1","0","0","0","0","0","0","0","0","4","0","","67","10","2020","5","39.994976","-75.170977","1537","6","0","0","0","0","0","1","0","0","","0","0","0","","","3","","1","","39 59:41.913","","0","75 10:15.517","4","0","0","0","67301","0","0","0","N","0","0","0","4","67301","3","","1.0","","1","N","N","N","0","","0","0","1","3","3","","","2","3","1","0","0","0","0","2","0","2","","03","","N","","","","","","","","","",""
"2020092748","2153","1","0","0","0","0","0","0","0","0","4","0","","67","10","2020","4","40.004551","-75.132065","2153","6","0","0","0","0","0","0","0","0","","0","0","0","","","0","","1","","40 00:16.383","","0","75 07:55.433","0","0","0","0","67301","0","0","0","N","0","0","0","2","67301","0","","1.0","","1","N","N","N","0","","0","0","1","3","2","","","2","0","0","0","0","0","0","2","0","2","","","","N","","","","","","","","","",""
"2020088909","2009","5","0","0","0","0","0","0","0","0","5","0","","67","10","2020","6","40.007867","-75.147781","2008","6","0","0","0","0","0","0","0","0","","0","0","0","","","0","N","0","","40 00:28.320","","0","75 08:52.010","0","0","0","0","67301","0","0","0","N","0","0","0","1","67301","0","","6.0","","1","N","N","N","0","","0","0","4","0","0","","","9","0","0","0","0","0","0","2","0","9","","04","","N","","","","","","","","","",""
"2020088435","2330","2","0","0","0","0","0","0","0","0","4","0","","67","10","2020","4","39.983183","-75.144946","2329","6","0","0","0","0","0","1","0","0","","0","0","0","","","2","","1","","39 58:59.458","","0","75 08:41.805","3","0","0","0","67301","0","0","0","N","0","0","0","5","67301","0","","1.0","","1","N","N","N","0","","2","0","0","3","3","","","2","2","0","0","0","0","0","2","0","2","","03","","N","","","","","","","","","",""
"2020092373","0916","0","0","0","0","0","0","0","0","0","1","0","","67","10","2020","5","40.040223","-75.155896","0916","6","0","0","0","0","0","1","0","0","","0","0","0","","","1","N","0","","40 02:24.804","","7","75 09:21.225","8","0","0","0","67301","0","0","0","N","0","0","0","3","67301","0","","1.0","","9","N","N","N","0","","0","0","3","3","2","","","3","1","0","0","0","1","1","2","0","3","","","","N","","","","","","","","","",""
"2020088177","1340","1","0","0","0","0","0","0","0","0","4","0","","67","10","2020","4","39.947581","-75.191329","1334","6","0","0","0","0","0","0","0","1","","0","0","0","","","1","","3","","39 56:51.292","","0","75 11:28.784","4","0","0","0","67301","0","0","0","N","0","0","0","2","67504","1","","1.0","","1","N","N","N","0","","0","0","1","3","2","","","2","1","0","0","0","0","0","2","0","2","","03","","N","","","","","","","","","",""
"2020088001","0101","2","0","0","0","0","0","0","0","0","4","0","","67","10","2020","2","40.013723","-75.097349","1254","6","0","0","0","0","1","0","0","0","","0","0","0","","","0","","1","","40 00:49.401","","0","75 05:50.455","0","0","0","0","67301","0","0","0","N","0","0","0","3","67301","0","","1.0","","1","N","N","N","0","","0","0","0","3","2","","","2","0","0","0","0","0","0","2","0","2","","03","","N","","","","","","","","","",""
"2020090781","1550","0","0","0","0","0","0","0","0","0","1","0","","67","10","2020","6","40.044604","-75.002545","1542","6","0","0","0","0","0","0","0","0","","0","0","0","","","0","N","0","","40 02:40.576","2","0","75 00:09.161","0","0","0","0","67301","0","0","0","Y","0","0","0","2","68K01","0","","1.0","1630.0","9","N","N","N","0","","0","0","2","0","0","N","","2","0","0","0","0","0","0","2","0","2","","07","","N","","","","","","","","","",""
"2020089158","0841","1","0","0","0","0","0","0","0","0","4","0","","67","10","2020","6","40.028662","-75.20553","0841","6","0","0","0","0","0","0","0","0","","0","0","0","","","3","","1","","40 01:43.183","","0","75 12:19.909","8","0","0","0","67301","0","0","0","N","0","0","0","4","67301","0","","1.0","","9","N","N","N","0","","0","0","1","3","2","","","2","3","1","0","0","3","1","2","0","2","","04","","N","","","","","","","","","",""
"2020086348","1015","2","0","0","0","0","0","0","0","0","4","0","","67","10","2020","6","39.986094","-75.234746","1000","6","0","0","0","0","0","0","0","0","","0","0","0","","","1","","1","","39 59:09.938","","0","75 14:05.085","3","0","0","0","67301","0","0","0","N","0","0","0","2","67301","0","","1.0","","9","N","N","N","0","","1","0","1","3","3","","","3","1","0","0","0","0","0","2","0","3","","04","","N","","","","","","","","","",""
"2020091237","0626","1","0","0","0","0","0","0","0","0","5","0","","67","10","2020","1","39.973545","-75.194027","0621","6","0","0","0","0","0","1","0","0","","0","0","0","","","0","N","0","","39 58:24.762","","0","75 11:38.496","0","0","0","0","67301","0","0","0","N","0","0","0","4","68K01","0","","1.0","","1","N","N","N","0","","0","0","1","0","0","","","2","0","0","0","0","0","0","2","0","2","","","","N","","","","","","","","","",""
"2020097434","1942","2","0","0","0","0","0","0","0","0","5","0","","67","10","2020","7","39.886993","-75.204939","1936","6","0","0","0","0","0","0","0","0","","0","0","0","","","2","N","0","","39 53:13.173","1","3","75 12:17.779","3","0","0","0","67301","0","0","0","N","0","0","0","3","68K01","1","","1.0","2030.0","1","N","N","N","0","","1","0","0","0","0","N","","2","2","0","0","0","0","0","2","0","2","","","","N","","","","","","","","","",""
"2020088629","1115","1","0","0","0","0","0","0","0","0","4","0","","67","10","2020","4","39.923927","-75.222089","1104","6","0","0","0","0","0","1","0","0","","0","0","0","","","1","","1","","39 55:26.137","","0","75 13:19.522","4","0","0","0","67301","0","0","0","N","0","0","0","2","67301","1","","1.0","","1","N","N","N","0","","0","0","1","3","2","","","2","1","2","0","0","0","0","2","0","2","","03","","N","","","","","","","","","",""
"2020087006","2010","1","0","0","0","0","0","0","0","0","5","0","","67","10","2020","7","39.966244","-75.131043","2009","6","0","0","0","0","0","0","0","0","","0","0","0","","","1","N","0","","39 57:58.478","","0","75 07:51.756","4","0","0","0","67301","0","0","0","N","0","0","0","1","67301","1","","6.0","","1","N","N","N","1","","0","0","0","0","0","","","2","1","1","0","0","0","0","2","0","2","","","","N","","","","","","","","","",""
"2020090135","2047","1","0","0","0","0","0","0","0","0","4","0","","67","10","2020","5","40.016346","-75.084126","2046","6","0","0","0","0","0","0","0","0","","0","0","0","","","1","N","0","","40 00:58.845","1","1","75 05:02.852","3","0","0","1","67301","0","0","0","N","0","0","0","2","67301","0","","1.0","2145.0","1","N","N","N","0","","1","0","0","0","0","Y","","2","1","0","0","0","0","0","2","0","2","","","","N","","","","","","","","","",""
"2020089183","0229","0","0","0","0","0","0","0","0","0","5","0","","67","10","2020","3","40.044722","-75.045306","0229","6","0","0","0","0","0","0","0","0","","0","0","0","","","0","N","0","","40 02:41.000","","0","75 02:43.100","0","0","0","0","67301","0","0","0","N","0","0","0","1","67301","0","","6.0","","1","N","N","N","2","","0","0","2","0","0","","","5","0","0","0","0","0","0","2","1","5","","03","","N","","","","","","","","","",""
"2020086799","1538","1","0","0","0","0","0","0","0","0","4","0","","67","10","2020","6","39.918664","-75.186069","1537","6","0","0","0","0","0","1","0","1","","0","0","0","","","4","","1","","39 55:07.190","","0","75 11:09.848","3","0","0","0","67301","0","0","0","N","0","0","0","10","67301","0","","1.0","","9","N","N","N","0","","4","0","2","3","2","","","4","4","0","0","0","0","2","2","1","4","","07","","N","","","","","","","","","",""
"2020110399","0816","0","0","0","0","0","0","0","0","0","8","0","","67","12","2020","4","40.009331","-75.16458","0809","6","0","0","0","0","0","1","0","0","","0","0","0","","","1","","1","","40 00:33.591","","0","75 09:52.487","3","0","0","0","67301","1","0","0","N","1","0","0","2","67301","0","","1.0","","1","N","N","N","0","","1","0","1","3","3","","","2","1","0","0","0","0","1","2","0","1","","03","","N","","","","","","","","","",""
"2020086217","0945","1","0","0","0","0","0","0","0","0","4","0","","67","10","2020","5","40.054015","-75.144752","0906","6","0","0","0","0","0","0","0","0","","0","0","0","","","1","","1","","40 03:14.454","","0","75 08:41.107","3","0","0","0","67301","0","0","0","N","0","0","0","2","67301","0","","1.0","","1","N","N","N","1","","1","0","0","3","2","","","2","1","1","0","0","0","0","2","0","2","","03","","N","","","","","","","","","",""
"2020104834","0838","2","0","0","0","0","0","0","0","0","5","0","","67","11","2020","5","39.960112","-75.179783","0828","6","0","0","0","0","0","0","0","0","","0","0","0","","","0","N","0","","39 57:36.403","4","0","75 10:47.217","0","0","0","0","67301","0","0","0","N","0","0","0","2","68K01","0","","4.0","845.0","9","N","N","N","0","","0","0","0","0","0","N","","2","0","0","0","0","0","0","2","0","2","","07","","N","","","","","","","","","",""
"2020087549","0205","1","0","0","0","0","0","0","0","0","4","0","","67","10","2020","1","39.946088","-75.176762","0200","6","0","0","0","0","0","0","0","0","","0","0","0","","","1","","1","","39 56:45.916","","0","75 10:36.344","3","0","0","0","67301","0","0","0","N","0","0","0","2","67301","0","","1.0","","1","N","N","N","0","","1","0","1","3","2","","","2","1","0","0","0","0","0","2","0","2","","","","N","","","","","","","","","",""
"2020099407","0343","1","0","0","0","0","0","0","0","0","7","0","","67","11","2020","1","39.932246","-75.199969","0333","6","0","0","0","0","0","0","0","0","","0","0","0","","","1","N","0","","39 55:56.084","","0","75 11:59.888","3","0","0","0","67301","0","0","0","N","0","0","0","1","68K01","0","","4.0","","1","N","N","N","0","","1","0","0","0","0","","","1","1","0","0","0","0","0","2","0","1","","","","N","","","","","","","","","",""
"2020087004","1921","1","0","0","0","0","0","0","0","0","4","0","","67","10","2020","7","39.966051","-75.205556","1920","6","0","0","0","0","1","1","0","0","","0","0","0","","","1","","1","","39 57:57.785","","0","75 12:20.003","3","0","0","0","67301","0","0","0","N","0","0","0","2","67301","0","","1.0","","1","N","N","N","0","","1","0","0","3","3","","","2","1","0","0","0","0","0","2","1","2","","03","","N","","","","","","","","","",""
"2020090133","2040","0","0","0","0","0","0","0","0","0","5","0","","67","10","2020","2","40.0307","-75.104059","2035","6","0","0","0","0","0","1","0","0","","0","0","0","","","0","N","0","","40 01:50.519","","0","75 06:14.613","0","0","0","0","67301","0","0","0","N","0","0","0","2","67301","0","","1.0","","1","N","N","N","0","","0","0","0","0","0","","","2","0","0","0","0","0","0","2","1","2","","03","","N","","","","","","","","","",""
"2020094290","0925","0","0","0","1","0","0","0","0","0","8","0","","67","10","2020","5","39.953555","-75.173176","0917","6","0","0","0","0","0","0","0","0","","0","0","0","","","1","","1","","39 57:12.798","","0","75 10:23.433","3","0","0","0","67301","1","0","0","N","0","0","0","2","67301","0","","1.0","","1","N","N","N","0","","1","0","1","3","2","","","2","1","0","0","0","0","0","2","0","1","","04","","N","","","","","","","","","",""
"2020108478","0537","1","0","0","0","0","0","0","0","0","99","0","","67","12","2020","1","39.922231","-75.235006","0537","6","0","0","0","0","0","0","0","0","","0","0","0","","","1","N","0","","39 55:20.030","","0","75 14:06.020","8","0","0","0","67301","0","0","0","N","0","0","0","1","67301","0","","1.0","","9","N","N","N","0","","0","0","0","0","0","","","1","1","0","0","0","1","0","2","0","1","","","","N","","","","","","","","","",""
"2020089159","0850","1","0","0","0","0","0","0","0","0","5","0","","67","10","2020","5","40.061222","-75.161889","0845","6","0","0","0","0","0","0","0","0","","0","0","0","","","1","N","0","","40 03:40.400","","0","75 09:42.800","8","0","0","0","67301","0","0","0","N","0","0","0","1","67301","0","","6.0","","1","N","N","N","0","","0","0","1","0","0","","","2","1","0","0","0","1","0","2","0","2","","","","N","","","","","","","","","",""
"2020088907","1959","1","0","0","0","0","0","0","0","0","4","0","","67","10","2020","3","39.966575","-75.239816","1957","6","0","0","0","1","0","1","0","0","","0","0","0","","","2","","1","","39 57:59.670","6","0","75 14:23.337","3","0","0","0","67301","0","0","0","N","0","0","0","2","67301","0","","1.0","2140.0","1","N","N","N","0","","2","0","0","3","2","Y","","2","2","2","0","0","0","0","2","1","2","","03","","N","","","","","","","","","",""
"2020110383","1800","2","0","0","0","0","0","0","0","0","1","0","","67","12","2020","7","39.973872","-75.151853","1757","6","0","0","0","0","0","1","0","0","","0","0","0","","","1","N","0","","39 58:25.940","","0","75 09:06.670","3","0","0","0","67301","0","0","0","N","0","0","0","1","67301","0","","6.0","","2","N","N","N","0","","1","0","0","0","0","","","2","1","0","0","0","0","0","2","0","2","","10","","N","","","","","","","","","",""
"2020086547","2240","1","0","0","0","0","0","0","0","0","4","0","","67","10","2020","5","39.968592","-75.243453","2237","6","0","0","0","0","0","0","0","0","","0","0","0","","","2","","1","","39 58:06.931","","0","75 14:36.430","3","0","0","0","67301","0","0","0","N","0","0","0","2","67301","0","","1.0","","1","N","N","N","1","","1","0","0","3","3","","","2","2","0","0","0","1","0","2","0","2","","03","","N","","","","","","","","","",""
"2020089006","2027","3","0","0","0","0","0","0","0","0","4","0","","67","10","2020","4","39.964049","-75.191594","2027","6","0","0","0","0","0","0","0","0","","0","0","0","","","0","","1","","39 57:50.576","","0","75 11:29.738","9","0","0","0","67301","0","0","0","N","0","0","0","2","67301","0","","1.0","","1","N","N","N","0","","0","0","1","3","2","","","4","0","0","0","0","0","2","2","0","4","","03","","N","","","","","","","","","",""
"2020086204","0433","1","0","0","0","0","0","0","0","0","98","0","","67","10","2020","5","39.996346","-75.236737","0433","6","0","0","0","0","0","0","0","0","","0","0","0","","","1","N","0","","39 59:46.844","","0","75 14:12.253","4","0","0","0","67301","0","0","0","N","0","0","0","1","67301","1","","1.0","","1","N","N","N","0","","0","0","0","0","0","","","1","1","0","0","0","0","0","2","0","1","","03","","N","","","","","","","","","",""
"2020094033","0941","1","0","0","0","0","0","0","0","0","7","0","","67","10","2020","2","40.042026","-75.003781","0937","6","0","0","0","0","0","0","0","0","","0","0","0","","","0","N","0","","40 02:31.293","1","0","75 00:13.612","0","0","0","0","67301","0","0","0","N","0","0","0","1","68K01","0","","2.0","1030.0","9","N","N","N","0","","0","0","0","0","0","N","","1","0","0","0","0","0","0","2","0","1","","","","N","","","","","","","","","",""
"2020088994","1708","2","0","0","0","0","0","0","0","0","4","0","","67","10","2020","6","39.945858","-75.240283","1707","6","0","0","0","0","0","0","0","0","","0","0","0","","","1","","5","","39 56:45.089","","0","75 14:25.018","4","0","0","0","67301","0","0","0","N","0","0","0","3","67301","1","","1.0","","9","N","N","N","0","","0","0","0","3","2","","","2","1","0","0","0","0","0","2","0","2","","","","N","","","","","","","","","",""
"2020090853","2030","2","0","0","0","0","0","0","0","0","1","0","","67","10","2020","4","39.977502","-75.158196","2025","6","0","0","0","0","0","0","0","0","","0","0","0","","","0","N","0","","39 58:39.006","","0","75 09:29.507","0","0","0","0","67301","0","0","0","N","0","0","0","2","67505","0","","1.0","","1","N","N","N","0","","0","0","0","0","0","","","2","0","0","0","0","0","0","2","0","2","","03","","N","","","","","","","","","",""
"2020110365","2321","2","0","0","0","0","0","0","0","0","4","0","","67","12","2020","6","40.084453","-75.038374","2316","6","0","0","0","0","0","0","0","0","","0","0","0","","","0","","1","","40 05:04.029","","0","75 02:18.148","0","0","0","0","67301","0","0","0","N","0","0","0","2","67301","0","","1.0","","2","N","N","N","0","","0","0","0","3","2","","","2","0","0","0","0","0","0","2","0","2","","03","","N","","","","","","","","","",""
"2020092304","2145","2","0","0","0","0","0","0","0","0","1","0","","67","10","2020","4","40.016952","-75.174125","2130","6","0","1","0","0","0","0","0","0","","0","0","0","","","3","N","0","","40 01:01.026","1","0","75 10:26.850","4","0","0","0","67301","0","0","0","N","0","0","0","6","67508","3","","1.0","2040.0","1","N","N","Y","0","","0","0","1","0","0","N","","4","3","0","0","0","0","0","2","0","4","","03","","N","","","","","","","","","",""