"CRN","ARRIVAL_TM","AUTOMOBILE_COUNT","BELTED_DEATH_COUNT","BELTED_SUSP_SERIOUS_INJ_COUNT","BICYCLE_COUNT","BICYCLE_DEATH_COUNT","BICYCLE_SUSP_SERIOUS_INJ_COUNT","BUS_COUNT","CHLDPAS_DEATH_COUNT","CHLDPAS_SUSP_SERIOUS_INJ_COUNT","COLLISION_TYPE","COMM_VEH_COUNT","CONS_ZONE_SPD_LIM","COUNTY","CRASH_MONTH","CRASH_YEAR","DAY_OF_WEEK","DEC_LATITUDE","DEC_LONGITUDE","DISPATCH_TM","DISTRICT","DRIVER_COUNT_16YR","DRIVER_COUNT_17YR","DRIVER_COUNT_18YR","DRIVER_COUNT_19YR","DRIVER_COUNT_20YR","DRIVER_COUNT_50_64YR","DRIVER_COUNT_65_74YR","DRIVER_COUNT_75PLUS","EST_HRS_CLOSED","FATAL_COUNT","HEAVY_TRUCK_COUNT","HORSE_BUGGY_COUNT","HOUR_OF_DAY","ILLUMINATION","INJURY_COUNT","INTERSECTION_RELATED","INTERSECT_TYPE","LANE_CLOSED","LATITUDE","LN_CLOSE_DIR","LOCATION_TYPE","LONGITUDE","MAX_SEVERITY_LEVEL","MCYCLE_DEATH_COUNT","MCYCLE_SUSP_SERIOUS_INJ_COUNT","MOTORCYCLE_COUNT","MUNICIPALITY","NONMOTR_COUNT","NONMOTR_DEATH_COUNT","NONMOTR_SUSP_SERIOUS_INJ_COUNT","NTFY_HIWY_MAINT","PED_COUNT","PED_DEATH_COUNT","PED_SUSP_SERIOUS_INJ_COUNT","PERSON_COUNT","POLICE_AGCY","POSSIBLE_INJ_COUNT","RDWY_SURF_TYPE_CD","RELATION_TO_ROAD","ROADWAY_CLEARED","ROAD_CONDITION","SCH_BUS_IND","SCH_ZONE_IND","SECONDARY_CRASH","SMALL_TRUCK_COUNT","SPEC_JURIS_CD","SUSP_MINOR_INJ_COUNT","SUSP_SERIOUS_INJ_COUNT","SUV_COUNT","TCD_FUNC_CD","TCD_TYPE","TFC_DETOUR_IND","TIME_OF_DAY","TOTAL_UNITS","TOT_INJ_COUNT","UNBELTED_OCC_COUNT","UNB_DEATH_COUNT","UNB_SUSP_SERIOUS_INJ_COUNT","UNK_INJ_DEG_COUNT","UNK_INJ_PER_COUNT","URBAN_RURAL","VAN_COUNT","VEHICLE_COUNT","WEATHER1","WEATHER2","WORKERS_PRES","WORK_ZONE_IND","WORK_ZONE_LOC","WORK_ZONE_TYPE","WZ_CLOSE_DETOUR","WZ_FLAGGER","WZ_LAW_OFFCR_IND","WZ_LN_CLOSURE","WZ_MOVING","WZ_OTHER","WZ_SHLDER_MDN","WZ_WORKERS_INJ_KILLED"
"2020086509","1950","1","0","0","0","0","0","0","0","0","4","0","","67","10","2020","5","39.995915","-75.092064","1940","6","0","0","0","0","0","0","0","0","","0","0","0","","","0","","1","","39 59:45.293","","0","75 05:31.432","0","0","0","0","67301","0","0","0","N","0","0","0","2","67301","0","","1.0","","1","N","N","N","0","","0","0","1","3","2","","","2","0","1","0","0","0","0","2","0","2","","03","","N","","","","","","","","","",""
"2020087178","0315","2","0","0","0","0","0","0","0","0","4","0","","67","10","2020","1","40.054502","-75.156458","0232","6","0","0","0","1","0","0","0","0","","0","0","0","","","1","","2","","40 03:16.208","","0","75 09:23.249","3","0","0","0","67301","0","0","0","N","0","0","0","2","67301","0","","1.0","","1","N","N","N","0","","1","0","1","3","3","","","3","1","0","0","0","0","0","2","0","3","","03","","N","","","","","","","","","",""
"2020111934","1958","2","0","0","0","0","0","0","0","0","1","0","","67","12","2020","5","39.986411","-75.187551","1952","6","0","0","0","0","0","0","2","0","","0","0","0","","","1","N","0","","39 59:11.078","","0","75 11:15.185","4","0","0","0","67301","0","0","0","N","0","0","0","2","67301","1","","1.0","","9","N","N","N","0","","0","0","0","0","0","","","2","1","1","0","0","0","0","2","0","2","","07","","N","","","","","","","","","",""
"2020086529","0203","2","0","0","0","0","0","0","0","0","1","0","","67","10","2020","7","39.980494","-75.157548","0200","6","0","0","0","0","0","0","0","0","","0","0","0","","","1","N","0","","39 58:49.779","","0","75 09:27.172","8","0","0","0","67301","0","0","0","N","0","0","0","1","67505","0","","6.0","","9","N","N","N","0","","0","0","0","0","0","","","2","1","1","0","0","1","0","2","0","2","","07","","N","","","","","","","","","",""
"2020106651","1927","1","0","0","0","0","0","0","0","0","8","0","","67","12","2020","4","40.027027","-75.130635","1919","6","0","0","0","0","0","0","0","0","","0","0","0","","","1","","1","","40 01:37.297","","0","75 07:50.286","3","0","0","0","67301","1","0","0","N","1","0","0","2","67301","0","","1.0","","1","N","N","N","0","","1","0","0","3","3","","","2","1","1","0","0","0","0","2","0","1","","03","","N","","","","","","","","","",""
"2020089300","1525","1","0","0","0","0","0","0","0","0","4","0","","67","10","2020","5","39.912891","-75.231996","1517","6","0","0","0","0","0","1","0","0","","0","0","0","","","1","","2","","39 54:46.407","","0","75 13:55.185","3","0","0","0","67301","0","0","0","N","0","0","0","2","67301","0","","1.0","","1","N","N","N","0","","1","0","1","0","0","","","2","1","2","0","0","0","0","2","0","2","","03","","N","","","","","","","","","",""
"2020091639","2031","2","0","0","0","0","0","0","0","0","1","0","","67","10","2020","6","39.957177","-75.152723","2026","6","0","0","0","0","0","0","0","0","","0","0","0","","","1","N","0","","39 57:25.836","","2","75 09:09.802","4","0","0","0","67301","0","0","0","N","0","0","0","5","68K01","1","","1.0","","1","N","N","N","1","","0","0","0","0","0","","","3","1","0","0","0","0","1","2","0","3","","","","N","","","","","","","","","",""
"2020094032","0831","1","0","0","0","0","0","0","0","0","7","0","","67","10","2020","2","40.034683","-75.018644","0830","6","0","0","0","0","0","0","0","0","","0","0","0","","","0","N","0","","40 02:04.859","1","0","75 01:07.117","0","0","0","0","67301","0","0","0","N","0","0","0","1","68K01","0","","4.0","910.0","9","N","N","N","0","","0","0","0","0","0","N","","1","0","0","0","0","0","0","2","0","1","","04","","N","","","","","","","","","",""
"2020092382","2205","1","0","0","0","0","0","0","0","0","4","0","","67","10","2020","6","40.010941","-75.164646","2204","6","0","0","0","0","0","1","0","0","","0","0","0","","","1","","3","","40 00:39.388","","0","75 09:52.725","4","0","0","0","67301","0","0","0","N","0","0","0","2","67301","1","","1.0","","1","N","N","N","0","","0","0","1","3","2","","","2","1","1","0","0","0","0","2","0","2","","","","N","","","","","","","","","",""
"2020087344","1245","1","0","0","0","0","0","0","0","0","4","0","","67","10","2020","1","40.000631","-75.132891","1242","6","0","0","0","1","0","1","0","0","","0","0","0","","","1","","1","","40 00:02.271","","0","75 07:58.407","4","0","0","0","67301","0","0","0","N","0","0","0","2","67301","1","","1.0","","1","N","N","N","0","","0","0","1","3","2","","","2","1","2","0","0","0","0","2","0","2","","03","","N","","","","","","","","","",""
"2020065851","1100","2","0","0","0","0","0","0","0","0","4","0","","67","8","2020","6","39.938065","-75.16844","1100","6","0","0","0","0","0","0","0","0","","0","0","0","","","1","","1","","39 56:17.034","","0","75 10:06.383","3","0","0","0","67301","0","0","0","N","0","0","0","2","67301","0","","1.0","","1","N","N","N","0","","1","0","0","3","2","","","2","1","0","0","0","0","0","2","0","2","","03","","N","","","","","","","","","",""
"2020079060","1502","1","0","0","0","0","0","0","0","0","4","0","","67","9","2020","5","40.015931","-75.153871","1459","6","0","0","0","0","0","0","0","0","","0","0","0","","","0","","1","","40 00:57.350","","0","75 09:13.935","9","0","0","0","67301","0","0","0","N","0","0","0","2","67301","0","","1.0","","1","N","N","N","0","","0","0","0","3","2","","","2","0","0","0","0","0","1","2","1","2","","03","","N","","","","","","","","","",""
"2020096137","0155","1","0","0","0","0","0","0","0","0","7","0","45","67","11","2020","1","39.94386","-75.142665","0139","6","0","0","0","0","0","0","0","0","","0","0","0","","","0","N","0","","39 56:37.897","","0","75 08:33.594","0","0","0","0","67301","0","0","0","N","0","0","0","1","68K01","0","","4.0","","1","N","N","N","0","","0","0","0","3","8","","","1","0","0","0","0","0","0","2","0","1","","03","N","Y","3","2","","","N","","","","Y","N"
"2020081452","1456","0","0","0","0","0","0","0","0","0","7","0","","67","9","2020","6","39.923608","-75.191631","1455","6","0","0","0","0","0","0","0","0","","0","0","0","","","1","","2","","39 55:24.988","","0","75 11:29.871","3","0","0","1","67301","0","0","0","N","0","0","0","1","67301","0","","4.0","","1","N","N","N","0","","1","0","0","3","3","","","1","1","0","0","0","0","0","2","0","1","","03","","N","","","","","","","","","",""
"2020089535","1253","0","0","0","0","0","0","0","0","0","8","0","35","67","10","2020","6","39.947619","-75.187018","1253","6","0","0","0","0","0","1","0","0","","0","0","0","","","1","N","0","","39 56:51.428","4","0","75 11:13.264","8","0","0","0","67301","1","0","0","N","1","0","0","3","68K01","0","","1.0","1200.0","1","N","N","N","1","","0","0","0","0","0","Y","","2","1","0","0","0","1","0","2","0","1","","03","Y","Y","4","1","Y","","Y","","","","","Y"
"2020076345","0311","0","0","0","0","0","0","0","0","0","4","0","","67","9","2020","5","40.023779","-75.147966","0310","6","0","0","0","0","0","1","0","0","","0","0","0","","","1","N","0","","40 01:25.605","","0","75 08:52.677","3","0","0","1","67301","0","0","0","N","0","0","0","2","67301","0","","1.0","","1","N","N","N","0","","1","0","1","0","0","","","2","1","0","0","0","0","0","2","0","2","","03","","N","","","","","","","","","",""
"2020067667","1251","0","0","0","0","0","0","0","0","0","1","0","","67","8","2020","2","40.001084","-75.215384","1250","6","0","0","0","0","0","1","0","0","","0","0","0","","","2","","5","","40 00:03.902","","0","75 12:55.382","3","0","0","0","67301","0","0","0","N","0","0","0","3","67301","0","","1.0","","1","N","N","Y","0","","2","0","1","3","2","","","2","2","0","0","0","0","0","2","1","2","","03","","N","","","","","","","","","",""
"2020102898","0235","1","0","0","0","0","0","0","0","0","4","0","","67","11","2020","1","39.968211","-75.210494","0227","6","0","0","0","0","0","2","0","0","","0","0","0","","","2","N","0","","39 58:05.561","","0","75 12:37.779","4","0","0","0","67301","0","0","0","N","0","0","0","2","67301","2","","1.0","","1","N","N","N","0","","0","0","1","0","0","","","2","2","1","0","0","0","0","2","0","2","","","","N","","","","","","","","","",""
"2020066456","0927","2","0","0","0","0","0","0","0","0","4","0","","67","8","2020","2","39.985205","-75.14776","0926","6","0","0","0","0","0","0","0","0","","0","0","0","","","0","","1","","39 59:06.738","","0","75 08:51.936","0","0","0","0","67301","0","0","0","N","0","0","0","2","67301","0","","1.0","","1","N","N","N","0","","0","0","0","3","3","","","3","0","1","0","0","0","0","2","1","3","","03","","N","","","","","","","","","",""
"2020094388","2147","0","0","0","0","0","0","0","0","0","0","0","","67","10","2020","5","39.960209","-75.180572","2137","6","0","0","0","0","0","0","0","0","","0","0","0","","","1","N","0","","39 57:36.753","","0","75 10:50.060","3","0","0","0","67301","0","0","0","N","0","0","0","1","68K01","0","","1.0","","9","N","N","N","0","","1","0","1","0","0","","","1","1","1","0","0","0","0","2","0","1","","","","N","","","","","","","","","",""
"2020068189","1328","2","0","0","0","0","0","0","0","0","1","0","","67","8","2020","4","39.906806","-75.138778","1320","6","0","0","0","0","0","1","2","0","","0","0","0","","","0","N","0","","39 54:24.500","3","3","75 08:19.600","0","0","0","0","67301","0","0","0","N","0","0","0","4","67501","0","","1.0","1350.0","1","N","N","N","0","","0","0","1","0","0","N","","3","0","0","0","0","0","0","2","0","3","","03","","N","","","","","","","","","",""
"2020067199","1142","1","0","0","0","0","0","0","0","0","4","0","","67","8","2020","3","40.034076","-75.12402","1138","6","0","0","0","0","0","1","0","0","","0","0","0","","","0","","1","","40 02:02.673","","0","75 07:26.472","0","0","0","0","67301","0","0","0","N","0","0","0","2","67301","0","","1.0","","1","N","N","N","0","","0","0","1","3","3","","","2","0","0","0","0","0","0","2","0","2","","03","","N","","","","","","","","","",""
"2020078189","1148","2","0","0","0","0","0","0","0","0","5","0","","67","9","2020","3","39.993389","-75.17625","1145","6","0","0","0","0","0","0","0","0","","0","0","0","","","1","N","0","","39 59:36.200","1","0","75 10:34.500","2","0","0","0","67301","0","0","0","N","0","0","0","1","67301","0","","6.0","1251.0","1","N","N","N","0","","0","1","1","0","0","Y","","3","1","0","0","0","0","0","2","0","3","","","","N","","","","","","","","","",""
"2020077924","1012","3","0","0","0","0","0","0","0","0","5","0","","67","9","2020","3","40.039978","-75.155406","1010","6","0","0","0","0","0","0","1","0","","0","0","0","","","0","N","0","","40 02:23.922","","0","75 09:19.462","0","0","0","0","67301","0","0","0","N","0","0","0","1","67301","0","","6.0","","1","N","N","N","0","","0","0","1","0","0","","","4","0","0","0","0","0","0","2","0","4","","03","","N","","","","","","","","","",""
"2020111647","1128","1","0","0","0","0","0","0","0","0","1","0","","67","12","2020","4","39.937503","-75.163883","1126","6","0","0","0","0","0","2","0","0","","0","0","0","","","1","N","0","","39 56:15.010","4","0","75 09:49.980","3","0","0","0","67301","0","0","0","N","0","0","0","3","67301","0","","1.0","1215.0","1","N","N","N","0","","1","0","2","3","2","N","","3","1","1","0","0","0","0","2","0","3","","","","N","","","","","","","","","",""
"2020066777","2120","1","0","0","0","0","0","0","0","0","8","0","","67","8","2020","1","40.020897","-75.045697","2113","6","0","0","0","0","0","0","0","0","","0","0","0","","","1","N","0","","40 01:15.230","","0","75 02:44.510","2","0","0","0","67301","1","0","1","N","1","0","1","2","67301","0","","1.0","","9","N","N","N","0","","0","1","0","0","0","","","2","1","0","0","0","0","0","2","0","1","","03","","N","","","","","","","","","",""
"2020076790","1657","0","0","0","0","0","0","0","0","0","1","0","","67","9","2020","6","39.916398","-75.167513","1657","6","0","0","0","0","0","1","0","0","","0","0","0","","","1","","1","","39 54:59.032","","0","75 10:03.046","3","0","0","0","67301","0","0","0","N","0","0","0","2","67301","0","","1.0","","1","N","N","N","1","","1","0","1","3","2","","","2","1","0","0","0","0","0","2","0","2","","03","","N","","","","","","","","","",""
"2020089533","2336","1","0","0","0","0","0","0","0","0","7","0","","67","10","2020","5","39.968732","-75.128467","2329","6","0","0","0","0","0","0","0","0","","0","0","0","","","0","N","0","","39 58:07.435","2","0","75 07:42.482","0","0","0","0","67301","0","0","0","N","0","0","0","1","68K01","0","","4.0","1152.0","1","N","N","N","0","","0","0","0","0","0","N","","1","0","0","0","0","0","0","2","0","1","","03","","N","","","","","","","","","",""
"2020088997","1703","1","0","0","0","0","0","0","0","0","4","0","","67","10","2020","3","39.922401","-75.223165","1705","6","0","1","0","0","0","1","0","0","","0","0","0","","","2","","1","","39 55:20.644","","0","75 13:23.395","3","0","0","0","67301","0","0","0","N","0","0","0","2","67301","0","","1.0","","1","N","N","N","0","","2","0","0","3","2","","","2","2","2","0","0","0","0","2","1","2","","03","","N","","","","","","","","","",""
"2020095300","0840","1","0","0","0","0","0","0","0","0","4","0","","67","10","2020","1","39.939476","-75.179826","0830","6","0","0","0","0","0","1","0","0","","0","0","0","","","1","","1","","39 56:22.113","","0","75 10:47.375","4","0","0","0","67301","0","0","0","N","0","0","0","3","67301","1","","1.0","","1","N","N","N","0","","0","0","1","3","2","","","2","1","0","0","0","0","0","2","0","2","","03","","N","","","","","","","","","",""
"2020066885","0843","0","0","0","1","0","0","0","0","0","6","0","","67","8","2020","3","39.972742","-75.135006","0843","6","0","0","0","0","0","0","0","0","","0","0","0","","","1","N","0","","39 58:21.870","","1","75 08:06.020","3","0","0","0","67301","1","0","0","N","0","0","0","2","67301","0","","1.0","","1","N","N","N","1","","1","0","0","0","0","","","2","1","0","0","0","0","0","2","0","1","","03","","N","","","","","","","","","",""
"2020090066","0025","1","0","0","0","0","0","0","0","0","1","0","","67","10","2020","3","39.980446","-75.157417","0022","6","0","0","0","0","0","0","0","0","","0","0","0","","","0","N","0","","39 58:49.605","","0","75 09:26.701","0","0","0","0","67301","0","0","0","N","0","0","0","1","67505","0","","6.0","","9","N","N","N","0","","0","0","1","0","0","","","2","0","0","0","0","0","0","2","0","2","","03","","N","","","","","","","","","",""
"2020087795","2002","3","0","0","0","0","0","0","0","0","1","0","","67","10","2020","2","39.983986","-75.168475","1959","6","0","0","0","0","0","1","0","0","","0","0","0","","","1","N","0","","39 59:02.350","","0","75 10:06.510","3","0","0","0","67301","0","0","0","N","0","0","0","1","67301","0","","6.0","","1","N","N","N","0","","1","0","0","0","0","","","3","1","0","0","0","0","0","2","0","3","","03","","N","","","","","","","","","",""
"2020088989","1023","1","0","0","0","0","0","0","0","0","8","0","","67","10","2020","3","39.9482","-75.16443","1013","6","0","0","0","0","0","0","0","0","","0","0","0","","","1","","1","","39 56:53.519","","0","75 09:51.947","3","0","0","0","67301","1","0","0","N","1","0","0","2","67301","0","","1.0","","9","N","N","N","0","","1","0","0","3","2","","","2","1","0","0","0","0","0","2","0","1","","04","","N","","","","","","","","","",""
"2020089302","2325","0","0","0","0","0","0","0","0","0","7","0","","67","10","2020","6","39.943822","-75.237857","2324","6","0","0","0","0","0","0","0","0","","0","0","0","","","2","","1","","39 56:37.760","7","0","75 14:16.286","8","0","0","0","67301","0","0","0","N","0","0","0","3","67301","0","","5.0","1145.0","1","N","N","N","0","","0","0","1","3","2","Y","","1","2","0","0","0","2","0","2","0","1","","","","N","","","","","","","","","",""
"2020067406","1500","1","0","0","1","0","1","0","0","0","8","0","","67","8","2020","2","40.023824","-75.123859","1457","6","0","0","0","0","0","0","0","0","","0","0","0","","","1","","5","","40 01:25.766","","0","75 07:25.892","2","0","0","0","67301","1","0","1","N","0","0","0","2","67301","0","","1.0","","1","N","N","N","0","","0","1","0","3","2","","","2","1","0","0","0","0","0","2","0","1","","03","","N","","","","","","","","","",""
"2020067609","2222","2","0","0","0","0","0","0","0","0","5","0","","67","8","2020","2","40.048392","-74.999019","2222","6","0","0","0","0","1","0","0","1","","0","0","0","","","2","N","0","","40 02:54.212","2","0","74 59:56.467","8","0","0","0","67301","0","0","0","N","0","0","0","5","68K01","0","","1.0","2246.0","1","N","N","N","0","","0","0","1","0","0","N","","3","2","0","0","0","2","0","2","0","3","","","","N","","","","","","","","","",""
"2020113442","","1","0","0","0","0","0","0","0","0","1","0","","67","2","2020","6","39.973188","-75.158993","","6","0","0","0","0","0","0","0","0","","0","0","0","","","1","","1","","39 58:23.478","","0","75 09:32.375","8","0","0","0","67301","0","0","0","N","0","0","0","3","00000","0","","1.0","","1","","","N","0","","0","0","0","3","2","","","2","1","0","0","0","1","0","2","1","2","","","","N","","","","","","","","","",""
"2020067838","1006","1","0","0","0","0","0","0","0","0","2","0","","67","8","2020","1","40.019781","-75.110186","1006","6","0","0","0","0","0","0","0","0","","0","0","0","","","0","N","0","","40 01:11.210","","0","75 06:36.670","0","0","0","0","67301","0","0","0","N","0","0","0","1","67301","0","","6.0","","9","N","N","N","0","","0","0","0","0","0","","","2","0","0","0","0","0","0","2","0","2","","","","N","","","","","","","","","",""
"2020065844","0101","0","0","0","0","0","0","0","0","0","4","0","","67","8","2020","7","39.930019","-75.219214","0056","6","0","0","0","0","0","0","0","0","","0","0","0","","","1","","1","","39 55:48.070","","0","75 13:09.172","3","0","0","0","67301","0","0","0","N","0","0","0","3","67301","0","","1.0","","1","N","N","N","0","","1","0","1","3","2","","","2","1","0","0","0","0","2","2","0","2","","03","","N","","","","","","","","","",""
"2020069922","1825","0","0","0","0","0","0","0","0","0","4","0","","67","8","2020","1","39.936385","-75.22764","1815","6","0","0","0","0","0","0","0","0","","0","0","0","","","1","","1","","39 56:10.985","","0","75 13:39.504","3","0","0","0","67301","0","0","0","N","0","0","0","2","67301","0","","1.0","","1","N","N","N","0","","1","0","2","3","3","","","2","1","1","0","0","0","0","2","0","2","","03","","N","","","","","","","","","",""
"2020090134","2022","1","0","0","0","0","0","0","0","0","1","0","","67","10","2020","5","40.026998","-75.065361","2019","6","0","0","0","0","0","1","0","0","","0","0","0","","","1","","5","","40 01:37.193","","0","75 03:55.299","3","0","0","0","67301","0","0","0","N","0","0","0","2","67301","0","","1.0","","1","N","N","N","1","","1","0","0","3","2","","","2","1","0","0","0","0","0","2","0","2","","03","","N","","","","","","","","","",""
"2020092376","1500","1","0","0","0","0","0","0","0","0","4","0","","67","10","2020","6","40.021406","-75.148593","1500","6","0","0","0","0","0","1","0","0","","0","0","0","","","1","","1","","40 01:17.063","","0","75 08:54.934","8","0","0","0","67301","0","0","0","N","0","0","0","2","67301","0","","1.0","","99","N","N","N","0","","0","0","1","3","2","","","2","1","0","0","0","1","0","2","0","2","","","","N","","","","","","","","","",""
"2020069924","1546","0","0","0","1","0","0","0","0","0","8","0","","67","8","2020","2","39.925039","-75.226301","1546","6","0","0","0","0","0","1","0","0","","0","0","0","","","1","","1","","39 55:30.139","","0","75 13:34.685","3","0","0","0","67301","1","0","0","N","0","0","0","3","67301","0","","1.0","","1","N","N","N","1","","1","0","0","3","2","","","2","1","0","0","0","0","0","2","0","1","","","","N","","","","","","","","","",""
"2020092330","1756","2","0","0","0","0","0","0","0","0","4","0","","67","10","2020","3","39.929349","-75.218383","1753","6","0","0","0","0","0","1","0","0","","0","0","0","","","1","","1","","39 55:45.655","","0","75 13:06.177","3","0","0","0","67301","0","0","0","N","0","0","0","2","67301","0","","1.0","","1","N","N","Y","1","","1","0","1","0","0","","","4","1","0","0","0","0","0","2","0","4","","03","","N","","","","","","","","","",""
"2020067021","1010","0","0","0","1","0","0","0","0","0","8","0","","67","8","2020","3","39.998856","-75.105193","1010","6","0","0","0","0","0","0","0","0","","0","0","0","","","1","","1","","39 59:55.880","","0","75 06:18.695","8","0","0","0","67301","1","0","0","N","0","0","0","2","67301","0","","1.0","","1","N","N","N","0","","0","0","1","3","2","","","2","1","0","0","0","1","0","2","0","1","","03","","N","","","","","","","","","",""
"2020068255","1335","1","0","0","0","0","0","0","0","0","4","0","","67","8","2020","4","39.99178","-75.186379","1335","6","0","0","0","0","0","1","0","0","","0","0","0","","","1","","1","","39 59:30.408","","0","75 11:10.966","8","0","0","0","67301","0","0","0","N","0","0","0","4","67301","0","","1.0","","1","N","N","N","0","","0","0","1","3","2","","","2","1","0","0","0","1","0","2","0","2","","","","N","","","","","","","","","",""
"2020087336","1500","0","0","0","0","0","0","0","0","0","8","0","","67","10","2020","6","39.956843","-75.169218","1500","6","0","0","0","0","0","1","0","0","","0","0","0","","","1","","5","","39 57:24.633","","0","75 10:09.186","3","0","0","0","67301","1","0","0","N","1","0","0","2","67301","0","","1.0","","9","N","N","N","1","","1","0","0","3","2","","","2","1","0","0","0","0","0","2","0","1","","07","","N","","","","","","","","","",""
"2020091422","1045","0","0","0","0","0","0","0","0","0","8","0","","67","10","2020","5","39.969177","-75.163286","1045","6","0","0","0","0","0","0","0","0","","0","0","0","","","1","","1","","39 58:09.037","","0","75 09:47.830","3","0","0","0","67301","1","0","0","N","1","0","0","2","67301","0","","1.0","","9","N","N","N","0","","1","0","0","3","2","","","2","1","0","0","0","0","0","2","1","1","","","","N","","","","","","","","","",""
"2020067411","0503","1","0","0","0","0","0","0","0","0","7","0","","67","8","2020","1","40.007223","-75.192775","0503","6","0","0","0","0","0","1","0","0","","0","0","0","","","0","N","0","","40 00:26.001","2","3","75 11:33.990","0","0","0","0","67301","0","0","0","N","0","0","0","1","67301","0","","4.0","520.0","9","N","N","N","0","","0","0","0","0","0","N","","1","0","0","0","0","0","0","2","0","1","","07","","N","","","","","","","","","",""
"2020092337","1212","1","0","0","0","0","0","0","0","0","4","0","","67","10","2020","6","40.062475","-75.182376","1212","6","0","0","0","0","0","1","0","0","","0","0","0","","","1","","1","","40 03:44.910","","0","75 10:56.553","3","0","0","0","67301","0","0","0","N","0","0","0","2","67301","0","","1.0","","9","N","N","N","0","","1","0","1","3","3","","","2","1","0","0","0","0","0","2","0","2","","","","N","","","","","","","","","",""
"2020079685","0124","1","0","0","0","0","0","0","0","0","2","0","","67","9","2020","4","39.958678","-75.207511","0120","6","0","1","0","0","0","0","0","0","","0","0","0","","","0","N","0","","39 57:31.240","","0","75 12:27.040","0","0","0","0","67301","0","0","0","N","0","0","0","2","67301","0","","1.0","","1","N","N","N","0","","0","0","0","0","0","","","2","0","1","0","0","0","0","2","1","2","","03","","N","","","","","","","","","",""
"2020087337","2202","1","0","0","0","0","0","0","0","0","4","0","","67","10","2020","1","39.933226","-75.189677","2201","6","0","0","0","0","0","0","0","0","","0","0","0","","","0","","1","","39 55:59.613","","0","75 11:22.837","0","0","0","0","67301","0","0","0","N","0","0","0","2","67301","0","","1.0","","1","N","N","N","0","","0","0","1","3","3","","","2","0","0","0","0","0","0","2","0","2","","","","N","","","","","","","","","",""
"2020088915","1955","0","0","0","0","0","0","0","0","0","8","0","","67","10","2020","5","40.009366","-75.152089","1943","6","0","0","0","0","0","0","0","0","","0","0","0","","","1","","2","","40 00:33.716","","0","75 09:07.519","3","0","0","0","67301","1","0","0","N","1","0","0","2","67301","0","","1.0","","1","N","N","N","0","","1","0","0","0","0","","","2","1","0","0","0","0","1","2","0","1","","03","","N","","","","","","","","","",""
"2020089455","2050","2","0","1","0","0","0","0","0","0","4","0","","67","10","2020","2","39.970559","-75.14996","2050","6","0","0","0","0","0","1","0","0","","0","0","0","","","1","","1","","39 58:14.012","","0","75 08:59.857","2","0","0","0","67301","0","0","0","N","0","0","0","2","67301","0","","1.0","","1","N","N","N","0","","0","1","0","3","2","","","2","1","0","0","0","0","0","2","0","2","","03","","N","","","","","","","","","",""
"2020066779","1854","2","0","0","0","0","0","0","0","0","4","0","","67","8","2020","3","40.03964","-75.032876","1848","6","0","0","0","0","1","1","0","0","","0","0","0","","","0","N","0","","40 02:22.703","1","7","75 01:58.353","0","0","0","0","67301","0","0","0","N","0","0","0","3","67301","0","","1.0","2000.0","1","N","N","N","0","","0","0","1","3","3","N","","3","0","1","0","0","0","0","2","0","3","","03","","N","","","","","","","","","",""
"2020078102","0147","1","0","0","0","0","0","0","0","0","4","0","","67","9","2020","1","39.974735","-75.199203","0141","6","0","0","0","0","0","0","0","0","","0","0","0","","","2","","1","","39 58:29.046","","2","75 11:57.130","3","0","0","0","67301","0","0","0","N","0","0","0","3","67301","0","","1.0","","1","N","N","N","0","","2","0","1","9","2","","","2","2","2","0","0","0","1","2","0","2","","","","N","","","","","","","","","",""
"2020095740","1718","0","0","0","0","0","0","0","0","0","1","0","","67","10","2020","1","40.007385","-75.151537","1714","6","0","0","0","0","0","0","0","0","","0","0","0","","","0","Y","0","","40 00:26.586","","0","75 09:05.534","0","0","0","0","67301","0","0","0","N","0","0","0","2","67505","0","","1.0","","1","N","N","N","0","","0","0","2","0","0","","","2","0","0","0","0","0","0","2","0","2","","03","","N","","","","","","","","","",""
"2020094736","0925","1","0","0","0","0","0","0","0","0","4","0","","67","10","2020","6","40.036706","-75.040848","0920","6","0","0","0","0","0","0","1","0","","0","0","0","","","1","","1","","40 02:12.142","","0","75 02:27.052","3","0","0","0","67301","0","0","0","N","0","0","0","2","67301","0","","1.0","","9","N","N","N","0","","1","0","1","3","2","","","2","1","0","0","0","0","0","2","0","2","","04","","N","","","","","","","","","",""
"2020087180","0056","1","0","0","0","0","0","0","0","0","4","0","","67","10","2020","6","40.033346","-75.076712","0049","6","0","0","0","0","0","0","0","0","","0","0","0","","","0","","3","","40 02:00.047","3","6","75 04:36.162","0","0","0","0","67301","0","0","0","N","0","0","0","1","67301","0","","1.0","135.0","1","N","N","N","0","","0","0","1","0","0","N","","3","0","0","0","0","0","0","2","0","2","","03","","N","","","","","","","","","",""
"2020092355","1826","2","0","0","0","0","0","0","0","0","4","0","","67","10","2020","7","39.981952","-75.239038","1823","6","0","0","0","0","0","0","0","0","","0","0","0","","","0","","1","","39 58:55.028","","0","75 14:20.537","0","0","0","0","67301","0","0","0","N","0","0","0","2","67301","0","","1.0","","1","N","N","N","0","","0","0","0","3","2","","","2","0","0","0","0","0","0","2","0","2","","03","","N","","","","","","","","","",""