"CRN","ARRIVAL_TM","AUTOMOBILE_COUNT","BELTED_DEATH_COUNT","BELTED_SUSP_SERIOUS_INJ_COUNT","BICYCLE_COUNT","BICYCLE_DEATH_COUNT","BICYCLE_SUSP_SERIOUS_INJ_COUNT","BUS_COUNT","CHLDPAS_DEATH_COUNT","CHLDPAS_SUSP_SERIOUS_INJ_COUNT","COLLISION_TYPE","COMM_VEH_COUNT","CONS_ZONE_SPD_LIM","COUNTY","CRASH_MONTH","CRASH_YEAR","DAY_OF_WEEK","DEC_LATITUDE","DEC_LONGITUDE","DISPATCH_TM","DISTRICT","DRIVER_COUNT_16YR","DRIVER_COUNT_17YR","DRIVER_COUNT_18YR","DRIVER_COUNT_19YR","DRIVER_COUNT_20YR","DRIVER_COUNT_50_64YR","DRIVER_COUNT_65_74YR","DRIVER_COUNT_75PLUS","EST_HRS_CLOSED","FATAL_COUNT","HEAVY_TRUCK_COUNT","HORSE_BUGGY_COUNT","HOUR_OF_DAY","ILLUMINATION","INJURY_COUNT","INTERSECTION_RELATED","INTERSECT_TYPE","LANE_CLOSED","LATITUDE","LN_CLOSE_DIR","LOCATION_TYPE","LONGITUDE","MAX_SEVERITY_LEVEL","MCYCLE_DEATH_COUNT","MCYCLE_SUSP_SERIOUS_INJ_COUNT","MOTORCYCLE_COUNT","MUNICIPALITY","NONMOTR_COUNT","NONMOTR_DEATH_COUNT","NONMOTR_SUSP_SERIOUS_INJ_COUNT","NTFY_HIWY_MAINT","PED_COUNT","PED_DEATH_COUNT","PED_SUSP_SERIOUS_INJ_COUNT","PERSON_COUNT","POLICE_AGCY","POSSIBLE_INJ_COUNT","RDWY_SURF_TYPE_CD","RELATION_TO_ROAD","ROADWAY_CLEARED","ROAD_CONDITION","SCH_BUS_IND","SCH_ZONE_IND","SECONDARY_CRASH","SMALL_TRUCK_COUNT","SPEC_JURIS_CD","SUSP_MINOR_INJ_COUNT","SUSP_SERIOUS_INJ_COUNT","SUV_COUNT","TCD_FUNC_CD","TCD_TYPE","TFC_DETOUR_IND","TIME_OF_DAY","TOTAL_UNITS","TOT_INJ_COUNT","UNBELTED_OCC_COUNT","UNB_DEATH_COUNT","UNB_SUSP_SERIOUS_INJ_COUNT","UNK_INJ_DEG_COUNT","UNK_INJ_PER_COUNT","URBAN_RURAL","VAN_COUNT","VEHICLE_COUNT","WEATHER1","WEATHER2","WORKERS_PRES","WORK_ZONE_IND","WORK_ZONE_LOC","WORK_ZONE_TYPE","WZ_CLOSE_DETOUR","WZ_FLAGGER","WZ_LAW_OFFCR_IND","WZ_LN_CLOSURE","WZ_MOVING","WZ_OTHER","WZ_SHLDER_MDN","WZ_WORKERS_INJ_KILLED"
"2020086804","1740","0","0","0","0","0","0","0","0","0","4","0","","67","10","2020","7","40.008222","-75.071778","1733","6","0","0","0","0","0","0","0","0","","0","0","0","","","1","","2","","40 00:29.600","1","0","75 04:18.400","3","0","0","1","67301","0","0","0","N","0","0","0","2","67301","0","","1.0","1800.0","1","N","N","N","0","","1","0","1","3","3","N","","2","1","0","0","0","0","0","2","0","2","","03","","N","","","","","","","","","",""
"2020086800","1715","0","0","0","0","0","0","0","0","0","4","0","","67","10","2020","6","40.046782","-75.094008","1706","6","0","0","0","0","0","0","0","0","","0","0","0","","","3","","1","","40 02:48.415","3","0","75 05:38.428","3","0","0","0","67301","0","0","0","N","0","0","0","3","67301","0","","1.0","100.0","9","N","N","N","0","","3","0","1","3","3","N","","2","3","0","0","0","0","0","2","1","2","","04","","N","","","","","","","","","",""
"2020093506","2254","1","0","0","0","0","0","0","0","0","4","0","","67","10","2020","5","39.897103","-75.188747","2254","6","0","0","0","0","0","1","0","0","","0","0","0","","","1","N","0","","39 53:49.571","1","0","75 11:19.490","3","0","0","0","67301","0","0","0","N","0","0","0","2","68K01","0","","1.0","2330.0","1","N","N","N","0","","1","0","1","0","0","N","","2","1","0","0","0","0","0","2","0","2","","","","N","","","","","","","","","",""
"2020065737","2350","1","0","0","0","0","0","0","0","0","4","0","","67","8","2020","7","39.955154","-75.198331","2349","6","0","1","0","0","0","0","0","0","","0","0","0","","","0","","1","","39 57:18.553","","0","75 11:53.991","0","0","0","0","67301","0","0","0","N","0","0","0","2","67504","0","","1.0","","1","N","N","N","0","","0","0","1","3","2","","","2","0","0","0","0","0","0","2","0","2","","03","","N","","","","","","","","","",""
"2020066408","1224","2","0","0","0","0","0","0","0","0","1","0","","67","8","2020","2","39.952944","-75.134222","1223","6","0","0","0","0","0","1","0","0","","0","0","0","","","2","N","0","","39 57:10.600","4","3","75 08:03.200","8","0","0","0","67301","0","0","0","N","0","0","0","3","67501","0","","1.0","1309.0","1","N","N","N","0","","0","0","1","3","8","N","","3","2","0","0","0","2","0","2","0","3","","03","","N","","","","","","","","","",""
"2020089883","0632","0","0","0","0","0","0","0","0","0","7","0","","67","10","2020","2","40.000056","-75.166639","0627","6","0","0","0","0","0","0","0","0","","0","0","0","","","0","N","0","","40 00:00.200","","0","75 09:59.900","9","0","0","0","67301","0","0","0","N","0","0","0","1","67301","0","","4.0","","1","N","N","N","0","","0","0","1","0","0","","","1","0","0","0","0","0","1","2","0","1","","03","","N","","","","","","","","","",""
"2020087555","2252","0","0","0","0","0","0","0","0","0","6","0","","67","10","2020","7","40.017639","-75.116556","2251","6","0","0","0","0","0","0","0","0","","0","0","0","","","0","N","0","","40 01:03.500","","0","75 06:59.600","0","0","0","0","67301","0","0","0","N","0","0","0","1","67301","0","","6.0","","1","N","N","N","1","","0","0","2","0","0","","","3","0","0","0","0","0","0","2","0","3","","03","","N","","","","","","","","","",""
"2020113434","","0","0","0","0","0","0","0","0","0","1","0","","67","2","2020","2","40.060999","-75.083138","","6","0","0","0","0","0","0","0","0","","0","0","0","","","1","","2","","40 03:39.597","","0","75 04:59.297","8","0","0","0","67301","0","0","0","N","0","0","0","2","00000","0","","1.0","","1","","","N","0","","0","0","1","3","3","","","2","1","0","0","0","1","0","2","0","2","","","","N","","","","","","","","","",""
"2020112930","","0","0","0","0","0","0","0","0","0","4","0","","67","2","2020","2","39.897482","-75.252346","","6","0","0","0","0","0","0","0","0","","0","0","0","","","1","","1","","39 53:50.935","","0","75 15:08.445","8","0","0","0","67301","0","0","0","N","0","0","0","2","00000","0","","1.0","","1","","","N","0","","0","0","0","3","2","","","2","1","0","0","0","1","0","2","0","2","","","","N","","","","","","","","","",""
"2020079056","1430","0","0","0","0","0","0","0","0","0","4","0","","67","9","2020","2","39.937771","-75.225652","1421","6","0","0","0","0","0","0","0","0","","0","0","0","","","1","","1","","39 56:15.975","","0","75 13:32.347","8","0","0","0","67301","0","0","0","N","0","0","0","2","67301","0","","1.0","","1","N","N","N","0","","0","0","0","3","2","","","2","1","2","0","0","1","0","2","2","2","","03","","N","","","","","","","","","",""
"2020087788","1435","2","0","0","0","0","0","0","0","0","1","0","","67","10","2020","2","40.078016","-75.043511","1420","6","0","0","0","1","0","2","0","0","","0","0","0","","","2","N","0","","40 04:40.857","","0","75 02:36.638","3","0","0","0","67301","0","0","0","N","0","0","0","7","67301","0","","1.0","","1","N","N","N","0","","2","0","2","0","0","","","4","2","6","0","0","0","0","2","0","4","","03","","N","","","","","","","","","",""
"2020068254","2145","2","0","0","0","0","0","0","0","0","5","0","","67","8","2020","1","39.991639","-75.16","2138","6","0","0","0","0","0","1","0","0","","0","0","0","","","1","N","0","","39 59:29.900","","0","75 09:36.000","3","0","0","0","67301","0","0","0","N","0","0","0","2","67301","0","","6.0","","1","N","N","N","0","","1","0","1","0","0","","","3","1","1","0","0","0","0","2","0","3","","03","","N","","","","","","","","","",""
"2020090394","0459","0","0","0","0","0","0","0","0","0","7","0","","67","10","2020","2","39.920138","-75.199847","0457","6","0","0","0","0","0","1","0","0","","0","0","0","","","1","N","0","","39 55:12.497","3","3","75 11:59.448","3","0","0","0","67301","0","0","0","N","0","0","0","1","67301","0","","3.0","100.0","9","N","N","N","0","","1","0","1","0","0","N","","1","1","0","0","0","0","0","2","0","1","","07","","N","","","","","","","","","",""
"2020076450","1706","4","0","0","0","0","0","0","0","0","5","0","","67","9","2020","5","40.022056","-75.15325","1706","6","0","0","0","0","0","0","0","0","","0","0","0","","","1","N","0","","40 01:19.400","","0","75 09:11.700","4","0","0","0","67301","0","0","0","N","0","0","0","4","67301","1","","1.0","","1","N","N","N","0","","0","0","0","0","0","","","4","1","2","0","0","0","1","2","0","4","","03","","N","","","","","","","","","",""
"2020089299","1009","1","0","0","0","0","0","0","0","0","1","0","","67","10","2020","6","39.907508","-75.190044","0958","6","0","0","0","0","0","0","1","0","","0","0","0","","","2","","1","","39 54:27.030","","0","75 11:24.158","4","0","0","0","67301","0","0","0","N","0","0","0","3","67301","2","","1.0","","1","N","N","N","0","","0","0","0","3","2","","","2","2","0","0","0","0","0","2","1","2","","04","","N","","","","","","","","","",""
"2020078186","0755","1","0","0","0","0","0","0","0","0","5","0","","67","9","2020","4","40.029201","-75.106868","0754","6","0","0","0","0","0","0","0","0","","0","0","0","","","2","N","0","","40 01:45.124","2","6","75 06:24.725","3","0","0","0","67301","0","0","0","N","0","0","0","6","67301","1","","1.0","840.0","1","N","N","N","0","","1","0","1","0","0","N","","2","2","0","0","0","0","0","2","0","2","","03","","N","","","","","","","","","",""
"2020067527","1335","0","0","0","0","0","0","0","0","0","4","0","","67","8","2020","4","39.943107","-75.215286","1327","6","0","0","0","0","0","0","1","0","","0","0","0","","","1","","1","","39 56:35.185","","0","75 12:55.029","3","0","0","0","67301","0","0","0","N","0","0","0","2","67301","0","","1.0","","9","N","N","N","0","","1","0","2","3","2","","","2","1","0","0","0","0","0","2","0","2","","07","","N","","","","","","","","","",""
"2020078865","1700","2","0","0","0","0","0","0","0","0","4","0","","67","9","2020","3","40.013833","-75.078306","1630","6","0","0","0","0","0","0","0","0","","0","0","0","","","0","","1","","40 00:49.800","","0","75 04:41.900","0","0","0","0","67301","0","0","0","N","0","0","0","2","67301","0","","1.0","","1","N","N","N","0","","0","0","0","3","3","","","2","0","0","0","0","0","0","2","0","2","","03","","N","","","","","","","","","",""
"2020091241","1448","0","0","0","0","0","0","0","0","0","1","0","","67","10","2020","1","39.958399","-75.165977","1444","6","0","0","0","0","1","0","0","0","","0","0","0","","","1","N","0","","39 57:30.237","4","0","75 09:57.518","8","0","0","0","67301","0","0","0","N","0","0","0","7","68K01","0","","1.0","1540.0","1","N","N","N","0","","0","0","2","0","0","N","","3","1","1","0","0","1","0","2","1","3","","03","","N","","","","","","","","","",""
"2020070133","1732","0","0","0","0","0","0","0","0","0","8","0","","67","8","2020","6","39.940969","-75.144049","1725","6","0","0","0","0","0","1","0","0","","0","0","0","","","1","","2","","39 56:27.488","1","0","75 08:38.576","3","0","0","0","67301","1","0","0","N","1","0","0","2","67301","0","","1.0","1658.0","1","N","N","N","0","","1","0","1","3","3","N","","2","1","0","0","0","0","0","2","0","1","","03","","N","","","","","","","","","",""
"2020079574","1143","0","0","0","0","0","0","0","0","0","8","0","","67","9","2020","6","40.005456","-75.106971","1141","6","0","0","0","0","0","0","0","0","","0","0","0","","","1","N","0","","40 00:19.641","","0","75 06:25.095","3","0","0","1","67301","1","0","0","N","1","0","0","3","67301","0","","1.0","","1","N","N","N","0","","1","0","0","0","0","","","2","1","0","0","0","0","0","2","0","1","","03","","N","","","","","","","","","",""
"2020090259","0818","2","0","0","0","0","0","0","0","0","4","0","","67","10","2020","1","40.01006","-75.199689","0814","6","0","0","0","0","0","1","0","1","","0","0","0","","","0","N","0","","40 00:36.217","1","7","75 11:58.879","9","0","0","0","67301","0","0","0","N","0","0","0","2","67301","0","","1.0","30.0","1","N","N","N","0","","0","0","0","0","0","N","","2","0","0","0","0","0","1","2","0","2","","04","","N","","","","","","","","","",""
"2020079558","1405","1","0","0","0","0","0","0","0","0","4","0","","67","9","2020","5","39.924833","-75.232778","1402","6","0","0","0","0","0","1","1","0","","0","0","0","","","0","N","0","","39 55:29.400","","7","75 13:58.000","0","0","0","0","67301","0","0","0","N","0","0","0","5","67301","0","","1.0","","1","N","N","N","0","","0","0","0","0","0","","","3","0","0","0","0","0","0","2","2","3","","","","N","","","","","","","","","",""
"2020098929","2306","1","0","0","0","0","0","0","0","0","1","0","","67","10","2020","3","40.034177","-75.038515","2303","6","0","0","0","0","0","0","0","0","","0","0","0","","","0","N","0","","40 02:03.037","","0","75 02:18.653","0","0","0","0","67301","0","0","0","N","0","0","0","3","67301","0","","1.0","","9","N","N","N","0","","0","0","1","0","0","","","2","0","0","0","0","0","0","2","0","2","","","","N","","","","","","","","","",""
"2020087559","1620","2","0","0","0","0","0","0","0","0","6","0","","67","10","2020","1","40.044966","-75.123277","1620","6","0","0","0","0","0","1","0","0","","0","0","0","","","0","N","0","","40 02:41.877","","0","75 07:23.797","9","0","0","0","67301","0","0","0","N","0","0","0","2","67301","0","","1.0","","1","N","N","N","0","","0","0","0","0","0","","","2","0","0","0","0","0","1","2","0","2","","","","N","","","","","","","","","",""
"2020113138","","2","0","0","0","0","0","0","0","0","1","0","","67","2","2020","6","39.919769","-75.18826","","6","0","0","0","0","0","0","0","0","","0","0","0","","","2","","2","","39 55:11.168","","7","75 11:17.735","8","0","0","0","67301","0","0","0","N","0","0","0","3","00000","0","","1.0","","1","","","N","0","","0","0","0","3","2","","","2","2","0","0","0","2","0","2","0","2","","","","N","","","","","","","","","",""
"2020067018","0852","2","0","0","0","0","0","0","0","0","1","0","","67","8","2020","2","39.957947","-75.208133","0851","6","0","0","0","0","0","1","1","0","","0","0","0","","","1","","1","","39 57:28.610","","0","75 12:29.280","3","0","0","0","67301","0","0","0","N","0","0","0","2","67301","0","","1.0","","1","N","N","N","0","","1","0","0","3","2","","","2","1","0","0","0","0","0","2","0","2","","03","","N","","","","","","","","","",""
"2020078522","2209","1","0","0","0","0","0","0","0","0","7","0","","67","9","2020","7","40.10175","-75.027639","2201","6","0","0","0","0","0","0","0","0","","0","0","0","","","1","","2","","40 06:06.300","","0","75 01:39.500","3","0","0","0","67301","0","0","0","N","0","0","0","1","67301","0","","4.0","","1","N","N","N","0","","1","0","1","3","3","","","2","1","0","0","0","0","0","2","0","2","","03","","N","","","","","","","","","",""
"2020092010","2259","2","0","0","0","0","0","0","0","0","1","0","","67","10","2020","3","40.003357","-75.077078","2251","6","0","0","0","0","0","0","0","0","","0","0","0","","","1","N","0","","40 00:12.084","","2","75 04:37.479","8","0","0","0","67301","0","0","0","N","0","0","0","2","68K01","0","","1.0","","1","N","N","N","0","","0","0","0","0","0","","","2","1","1","0","0","1","0","2","0","2","","03","","N","","","","","","","","","",""
"2020087558","1600","3","0","0","0","0","0","0","0","0","5","0","","67","10","2020","7","40.041661","-75.144052","1533","6","0","0","0","0","0","0","0","0","","0","0","0","","","0","N","0","","40 02:29.978","1","0","75 08:38.588","9","0","0","0","67301","0","0","0","N","0","0","0","2","67301","0","","1.0","1800.0","1","N","N","N","0","","0","0","1","0","0","N","","4","0","0","0","0","0","2","2","0","4","","03","","N","","","","","","","","","",""
"2020093931","1545","1","0","0","0","0","0","0","0","0","4","0","","67","11","2020","1","40.002286","-75.110028","1545","6","0","0","0","0","0","0","0","0","","0","0","0","","","0","","2","","40 00:08.230","6","0","75 06:36.101","0","0","0","0","67301","0","0","0","N","0","0","0","2","67301","0","","1.0","1614.0","9","N","N","N","1","","0","0","0","3","3","N","","2","0","0","0","0","0","0","2","0","2","","07","","N","","","","","","","","","",""
"2020096708","0156","1","0","0","0","0","0","0","0","0","7","0","","67","10","2020","5","40.040387","-75.005948","0145","6","0","0","1","0","0","0","0","0","","0","0","0","","","1","N","0","","40 02:25.394","2","0","75 00:21.414","3","0","0","0","67301","0","0","0","N","0","0","0","2","68K01","0","","4.0","30.0","1","N","N","N","0","","1","0","0","0","0","N","","1","1","0","0","0","0","0","2","0","1","","","","N","","","","","","","","","",""
"2020093920","1808","2","0","0","0","0","0","0","0","0","1","0","","67","10","2020","6","39.939975","-75.233281","1807","6","0","0","0","0","0","0","0","0","","0","0","0","","","1","N","0","","39 56:23.910","","0","75 13:59.810","3","0","0","0","67301","0","0","0","N","0","0","0","2","67301","0","","1.0","","9","N","N","N","0","","1","0","0","0","0","","","2","1","1","0","0","0","0","2","0","2","","","","N","","","","","","","","","",""
"2020087553","1817","1","0","0","1","0","0","0","0","0","8","0","","67","10","2020","2","39.953824","-75.241145","1815","6","0","0","0","0","0","0","0","0","","0","0","0","","","1","","2","","39 57:13.766","","0","75 14:28.122","3","0","0","0","67301","1","0","0","N","0","0","0","2","67301","0","","1.0","","1","N","N","N","0","","1","0","0","3","3","","","2","1","0","0","0","0","0","2","0","1","","03","","N","","","","","","","","","",""
"2020086893","1800","1","0","0","0","0","0","0","0","0","2","0","","67","10","2020","7","40.061083","-75.164444","1749","6","0","0","0","1","0","1","0","0","","0","0","0","","","2","N","0","","40 03:39.900","5","0","75 09:52.000","3","0","0","0","67301","0","0","0","N","0","0","0","2","67301","0","","1.0","1700.0","1","N","N","N","0","","2","0","0","3","2","Y","","2","2","1","0","0","0","0","2","1","2","","03","","N","","","","","","","","","",""
"2020068362","1818","3","0","0","0","0","0","0","0","0","4","0","","67","8","2020","1","39.923711","-75.232115","1818","6","0","0","0","0","0","0","0","0","","0","0","0","","","1","","2","","39 55:25.359","5","0","75 13:55.613","3","0","0","0","67301","0","0","0","N","0","0","0","2","67301","0","","1.0","1950.0","1","N","N","N","0","","1","0","2","3","3","Y","","5","1","0","0","0","0","0","2","0","5","","03","","N","","","","","","","","","",""
"2020065778","0540","3","0","0","0","0","0","0","0","0","5","0","","67","8","2020","6","39.999133","-75.121097","0540","6","0","1","0","0","0","0","0","0","","0","0","0","","","0","N","0","","39 59:56.880","","0","75 07:15.950","0","0","0","0","67301","0","0","0","N","0","0","0","1","67301","0","","6.0","","1","N","N","N","0","","0","0","0","0","0","","","3","0","1","0","0","0","0","2","0","3","","03","","N","","","","","","","","","",""
"2020088904","1800","1","0","0","0","0","0","0","0","0","7","0","","67","10","2020","5","39.958947","-75.219028","1748","6","0","0","0","0","0","0","0","0","","0","0","0","17","","0","N","0","","39 57:32.210","","0","75 13:08.500","0","0","0","0","67301","0","0","0","N","0","0","0","1","67301","0","","5.0","","1","N","N","N","0","","0","0","0","","0","","1746","1","0","0","0","0","0","0","2","0","1","","03","","N","","","","","","","","","",""
"2020091354","2208","0","0","0","0","0","0","0","0","0","7","0","","67","10","2020","2","40.043644","-75.114294","2207","6","0","0","0","0","0","0","0","0","","0","0","0","22","","1","N","0","","40 02:37.120","","0","75 06:51.460","8","0","0","0","67301","0","0","0","N","0","0","0","2","67301","0","","3.0","","9","N","N","N","0","","0","0","0","","0","","2204","1","1","0","0","0","1","1","2","1","1","","04","","N","","","","","","","","","",""
"2020113662","1759","1","0","0","0","0","0","0","0","0","5","1","45","67","12","2020","4","39.898821","-75.169321","1537","6","0","0","0","0","0","0","0","0","","0","1","0","15","","0","","6","","39 53:55.755","","2","75 10:09.555","9","0","0","0","67301","0","0","0","N","0","0","0","3","68K01","0","","7.0","","7","N","N","N","0","","0","0","0","","3","","1535","3","0","0","0","0","0","1","2","0","3","","07","N","Y","8","1","","","N","Y","","","","N"
"2020103057","1619","0","0","0","0","0","0","0","0","0","7","0","","67","10","2020","2","40.004468","-75.194869","1617","6","0","0","0","0","0","1","0","0","","0","0","0","16","","1","N","0","","40 00:16.086","","0","75 11:41.529","3","0","0","0","67301","0","0","0","N","0","0","0","1","68K01","0","","2.0","","1","N","N","N","0","","1","0","1","","0","","1616","1","1","0","0","0","0","0","2","0","1","","03","","N","","","","","","","","","",""
"2020090767","2309","2","0","0","0","0","0","0","0","0","1","0","45","67","10","2020","5","39.944672","-75.191268","2307","6","0","0","0","0","0","0","0","0","","0","0","0","23","","2","N","0","","39 56:40.819","4","0","75 11:28.564","8","0","0","0","67301","0","0","0","N","0","0","0","4","68K01","0","","1.0","2330.0","1","N","N","N","0","","0","0","0","","0","N","2307","2","2","1","0","0","2","0","2","0","2","","","Y","Y","4","1","","","Y","Y","","","Y","N"
"2020078317","1940","2","0","0","0","0","0","0","0","0","4","0","","67","9","2020","3","39.987512","-75.141205","1937","6","0","0","0","0","0","0","0","0","","0","0","0","19","","0","","1","","39 59:15.043","1","0","75 08:28.337","9","0","0","0","67301","0","0","0","N","0","0","0","3","67301","0","","1.0","2109.0","1","N","N","Y","1","","0","0","0","","2","Y","1930","4","0","2","0","0","0","1","2","1","4","","","","N","","","","","","","","","",""
"2020086523","0055","2","0","0","0","0","0","0","0","0","4","0","","67","10","2020","7","39.963363","-75.187417","0050","6","0","0","0","0","0","1","0","0","","0","0","0","00","","1","","1","","39 57:48.108","4","0","75 11:14.701","3","0","0","0","67301","0","0","0","N","0","0","0","3","67507","0","","1.0","130.0","9","","","N","0","","1","0","0","","2","N","0050","2","1","0","0","0","0","0","2","0","2","","","","N","","","","","","","","","",""
"2020065788","2228","2","0","0","0","0","0","0","0","0","1","0","","67","8","2020","6","40.010661","-75.184434","2215","6","0","0","0","0","0","0","1","0","","0","0","0","22","","0","N","0","","40 00:38.378","2","0","75 11:03.962","0","0","0","0","67301","0","0","0","N","0","0","0","3","67301","0","","1.0","2320.0","1","N","N","N","0","","0","0","0","","0","N","2210","2","0","0","0","0","0","0","2","0","2","","03","","N","","","","","","","","","",""
"2020101044","1930","1","0","0","0","0","0","0","0","0","6","0","","67","9","2020","1","39.935161","-75.229414","1914","6","0","0","0","0","0","0","0","0","","0","0","0","19","","4","N","0","","39 56:06.580","","0","75 13:45.890","4","0","0","0","67301","0","0","0","N","0","0","0","4","67301","2","","1.0","","1","N","N","N","0","","0","0","2","","0","","1914","3","4","0","0","0","2","0","2","0","3","","03","","N","","","","","","","","","",""
"2020070939","1039","2","0","0","0","0","0","0","0","0","4","0","","67","8","2020","2","40.001107","-75.124741","1024","6","0","0","0","0","0","0","0","0","","0","0","0","09","","2","","1","","40 00:03.985","","0","75 07:29.066","4","0","0","0","67301","0","0","0","N","0","0","0","3","67301","1","","1.0","","1","N","N","N","0","","0","0","0","","2","","0957","2","2","0","0","0","1","0","2","0","2","","","","N","","","","","","","","","",""
"2020087183","1259","1","0","0","0","0","0","0","0","0","8","0","","67","10","2020","7","39.935489","-75.184078","1258","6","0","0","0","0","0","0","0","0","","0","0","0","12","","1","N","0","","39 56:07.760","","0","75 11:02.680","4","0","0","0","67301","1","0","0","N","1","0","0","2","67301","1","","1.0","","1","N","N","N","0","","0","0","0","","0","","1255","2","1","0","0","0","0","0","2","0","1","","03","","N","","","","","","","","","",""
"2020077918","2307","2","0","0","0","0","0","0","0","0","4","0","","67","9","2020","7","39.997642","-75.146786","2255","6","0","0","0","0","0","0","0","0","","0","0","0","21","","1","","5","","39 59:51.511","","0","75 08:48.429","3","0","0","0","67301","0","0","0","N","0","0","0","3","67301","0","","1.0","","1","N","N","N","0","","1","0","0","","0","","2125","2","1","0","0","0","0","0","2","0","2","","","","N","","","","","","","","","",""
"2020067839","1400","2","0","0","0","0","0","0","0","0","4","0","","67","8","2020","3","40.008049","-75.141768","1354","6","0","0","0","0","0","1","0","0","","0","0","0","12","","1","","1","","40 00:28.975","","0","75 08:30.365","3","0","0","0","67301","0","0","0","N","0","0","0","2","67301","0","","1.0","","1","N","N","N","0","","1","0","0","","3","","1250","2","1","0","0","0","0","0","2","0","2","","03","","N","","","","","","","","","",""
"2020097421","0700","1","0","0","0","0","0","0","0","0","7","0","","67","10","2020","6","40.038983","-75.008691","0638","6","0","0","0","0","1","0","0","0","","0","0","0","06","","0","N","0","","40 02:20.337","1","0","75 00:31.289","0","0","0","0","67301","0","0","0","N","0","0","0","1","68K01","0","","1.0","724.0","9","N","N","N","0","","0","0","0","","0","Y","0631","1","0","0","0","0","0","0","2","0","1","","","","N","","","","","","","","","",""
"2020066881","1642","0","0","0","0","0","0","0","0","0","4","0","","67","8","2020","3","39.958832","-75.162232","1641","6","0","0","0","0","0","0","0","0","","0","0","0","16","","1","","1","","39 57:31.795","","0","75 09:44.035","3","0","0","0","67301","0","0","0","N","0","0","0","2","67301","0","","1.0","","1","N","N","N","0","","1","0","1","","0","","1638","2","1","0","0","0","0","0","2","1","2","","03","","N","","","","","","","","","",""
"2020079568","1600","1","0","0","0","0","0","0","0","0","4","0","","67","9","2020","4","40.040314","-75.043293","1554","6","0","0","0","0","1","0","1","0","","0","0","0","15","","1","","1","","40 02:25.130","","0","75 02:35.854","3","0","0","0","67301","0","0","0","N","0","0","0","2","67301","0","","1.0","","1","N","N","N","0","","1","0","2","","2","","1520","3","1","0","0","0","0","0","2","0","3","","","","N","","","","","","","","","",""
"2020087792","1218","2","0","0","0","0","0","0","0","0","1","0","","67","10","2020","2","39.965808","-75.246149","1109","6","0","0","0","0","0","1","0","0","","0","0","0","11","","1","","1","","39 57:56.909","","0","75 14:46.136","3","0","0","0","67301","1","0","0","N","1","0","0","3","67301","0","","1.0","","1","N","N","N","1","","1","0","1","","2","","1105","5","1","0","0","0","0","0","2","0","4","","03","","N","","","","","","","","","",""
"2020089227","1150","2","0","0","0","0","0","0","0","0","3","0","","67","10","2020","6","39.915732","-75.152065","1144","6","0","0","0","0","0","0","0","0","","0","0","0","11","","1","","2","","39 54:56.635","","0","75 09:07.434","4","0","0","0","67301","0","0","0","N","0","0","0","2","67301","1","","1.0","","1","N","N","N","0","","0","0","0","","3","","1130","2","1","0","0","0","0","0","2","0","2","","03","","N","","","","","","","","","",""
"2020090139","1324","1","0","0","0","0","0","0","0","0","1","0","","67","10","2020","2","40.042631","-75.038119","1319","6","0","0","0","0","0","0","0","0","","0","0","0","13","","1","N","0","","40 02:33.470","","0","75 02:17.230","3","0","0","0","67301","0","0","0","N","0","0","0","2","67301","0","","1.0","","9","N","N","N","0","","1","0","1","","0","","1318","2","1","0","0","0","0","1","2","0","2","","","","N","","","","","","","","","",""
"2020065785","0530","1","0","0","0","0","0","0","0","0","6","0","","67","8","2020","6","40.041472","-75.120278","0511","6","0","0","0","0","0","0","0","0","","0","0","0","04","","0","Y","0","","40 02:29.300","","0","75 07:13.000","0","0","0","0","67301","0","0","0","N","0","0","0","2","67301","0","","1.0","","1","N","N","N","0","","0","0","0","","2","","0433","2","0","0","0","0","0","0","2","1","2","","03","","N","","","","","","","","","",""
"2020068789","2200","2","0","0","0","0","0","0","0","0","4","0","","67","8","2020","2","40.024164","-75.095536","2200","6","0","0","0","0","0","0","0","0","","0","0","0","21","","2","","1","","40 01:26.990","","0","75 05:43.929","2","0","1","1","67301","0","0","0","N","0","0","0","5","67301","0","","1.0","","1","N","N","N","0","","1","1","1","","2","","2155","4","2","0","0","0","0","2","2","0","4","","03","","N","","","","","","","","","",""
"2020112993","","1","0","0","0","0","0","0","0","0","4","0","","67","1","2020","5","39.986525","-75.20512","","6","0","0","0","0","0","0","0","0","","0","0","0","15","","0","","2","","39 59:11.490","","0","75 12:18.431","0","0","0","0","67301","0","0","0","N","0","0","0","2","00000","0","","1.0","","1","","","N","0","","0","0","1","","3","","1500","2","0","0","0","0","0","0","2","0","2","","","","N","","","","","","","","","",""
"2020092336","0012","1","0","0","0","0","0","0","0","0","7","0","","67","10","2020","5","39.893225","-75.225197","0008","6","0","0","0","0","0","0","0","0","","0","0","0","22","","0","N","0","","39 53:35.610","3","0","75 13:30.710","0","0","0","0","67301","0","0","0","N","0","0","0","1","67301","0","","4.0","120.0","9","N","N","N","0","","0","0","0","","0","N","2223","1","0","0","0","0","0","0","2","0","1","","07","","N","","","","","","","","","",""
"2020089009","1230","2","0","0","0","0","0","0","0","0","5","0","","67","10","2020","4","39.996306","-75.12575","1225","6","0","0","0","0","0","0","0","0","","0","0","0","12","","1","N","0","","39 59:46.700","","0","75 07:32.700","2","0","0","0","67301","0","0","0","N","0","0","0","1","67301","0","","1.0","","1","N","N","Y","0","","0","1","0","","0","","1220","3","1","0","0","0","0","0","2","1","3","","03","","N","","","","","","","","","",""