"CRN","ARRIVAL_TM","AUTOMOBILE_COUNT","BELTED_DEATH_COUNT","BELTED_SUSP_SERIOUS_INJ_COUNT","BICYCLE_COUNT","BICYCLE_DEATH_COUNT","BICYCLE_SUSP_SERIOUS_INJ_COUNT","BUS_COUNT","CHLDPAS_DEATH_COUNT","CHLDPAS_SUSP_SERIOUS_INJ_COUNT","COLLISION_TYPE","COMM_VEH_COUNT","CONS_ZONE_SPD_LIM","COUNTY","CRASH_MONTH","CRASH_YEAR","DAY_OF_WEEK","DEC_LATITUDE","DEC_LONGITUDE","DISPATCH_TM","DISTRICT","DRIVER_COUNT_16YR","DRIVER_COUNT_17YR","DRIVER_COUNT_18YR","DRIVER_COUNT_19YR","DRIVER_COUNT_20YR","DRIVER_COUNT_50_64YR","DRIVER_COUNT_65_74YR","DRIVER_COUNT_75PLUS","EST_HRS_CLOSED","FATAL_COUNT","HEAVY_TRUCK_COUNT","HORSE_BUGGY_COUNT","HOUR_OF_DAY","ILLUMINATION","INJURY_COUNT","INTERSECTION_RELATED","INTERSECT_TYPE","LANE_CLOSED","LATITUDE","LN_CLOSE_DIR","LOCATION_TYPE","LONGITUDE","MAX_SEVERITY_LEVEL","MCYCLE_DEATH_COUNT","MCYCLE_SUSP_SERIOUS_INJ_COUNT","MOTORCYCLE_COUNT","MUNICIPALITY","NONMOTR_COUNT","NONMOTR_DEATH_COUNT","NONMOTR_SUSP_SERIOUS_INJ_COUNT","NTFY_HIWY_MAINT","PED_COUNT","PED_DEATH_COUNT","PED_SUSP_SERIOUS_INJ_COUNT","PERSON_COUNT","POLICE_AGCY","POSSIBLE_INJ_COUNT","RDWY_SURF_TYPE_CD","RELATION_TO_ROAD","ROADWAY_CLEARED","ROAD_CONDITION","SCH_BUS_IND","SCH_ZONE_IND","SECONDARY_CRASH","SMALL_TRUCK_COUNT","SPEC_JURIS_CD","SUSP_MINOR_INJ_COUNT","SUSP_SERIOUS_INJ_COUNT","SUV_COUNT","TCD_FUNC_CD","TCD_TYPE","TFC_DETOUR_IND","TIME_OF_DAY","TOTAL_UNITS","TOT_INJ_COUNT","UNBELTED_OCC_COUNT","UNB_DEATH_COUNT","UNB_SUSP_SERIOUS_INJ_COUNT","UNK_INJ_DEG_COUNT","UNK_INJ_PER_COUNT","URBAN_RURAL","VAN_COUNT","VEHICLE_COUNT","WEATHER1","WEATHER2","WORKERS_PRES","WORK_ZONE_IND","WORK_ZONE_LOC","WORK_ZONE_TYPE","WZ_CLOSE_DETOUR","WZ_FLAGGER","WZ_LAW_OFFCR_IND","WZ_LN_CLOSURE","WZ_MOVING","WZ_OTHER","WZ_SHLDER_MDN","WZ_WORKERS_INJ_KILLED"
"2020094084","1640","0","0","0","0","0","0","0","0","0","8","0","","67","10","2020","6","39.947345","-75.157643","1635","6","0","0","0","0","0","0","0","0","","0","0","0","22","","1","","1","","39 56:50.441","","0","75 09:27.514","3","0","0","0","67301","1","0","0","N","1","0","0","2","67301","0","","1.0","","99","N","N","N","0","","1","0","0","","2","","2230","2","1","0","0","0","0","0","2","0","1","","03","","N","","","","","","","","","",""
"2020066736","0351","1","0","0","0","0","0","0","0","0","7","0","","67","8","2020","4","39.984722","-75.149472","0350","6","0","0","0","0","0","0","0","0","","0","0","0","03","","1","N","0","","39 59:05.000","","0","75 08:58.100","8","0","0","0","67301","0","0","0","N","0","0","0","1","67505","0","","4.0","","1","N","N","N","0","","0","0","0","","0","","0349","1","1","0","0","0","1","0","2","0","1","","03","","N","","","","","","","","","",""
"2020074518","1938","0","0","0","0","0","0","0","0","0","7","0","","67","8","2020","3","40.05092","-74.98983","1937","6","0","0","0","0","0","0","0","0","","0","0","0","19","","1","N","0","","40 03:03.311","","0","74 59:23.388","8","0","0","1","67301","0","0","0","N","0","0","0","1","68K01","0","","2.0","","1","N","N","N","0","","0","0","0","","0","","1936","1","1","0","0","0","1","0","2","0","1","","03","","N","","","","","","","","","",""
"2020092342","0750","1","0","0","0","0","0","0","0","0","5","0","","67","10","2020","7","40.037678","-75.038235","0727","6","0","0","0","0","0","0","0","0","","0","2","0","07","","0","N","0","","40 02:15.639","1","0","75 02:17.645","0","0","0","0","67301","0","0","0","N","0","0","0","1","67301","0","","6.0","900.0","1","N","N","N","0","","0","0","0","","0","N","0726","3","0","1","0","0","0","0","2","0","3","","03","","N","","","","","","","","","",""
"2020066712","1925","2","0","0","0","0","0","0","0","0","4","0","","67","8","2020","2","40.078389","-75.086333","1905","6","0","0","0","0","0","0","1","0","","0","0","0","18","","1","N","0","","40 04:42.200","","7","75 05:10.800","3","0","0","0","67301","0","0","0","N","0","0","0","2","67301","0","","6.0","","1","N","N","N","1","","1","0","0","","0","","1847","3","1","0","0","0","0","0","2","0","3","","03","","N","","","","","","","","","",""
"2020069461","0242","2","0","0","0","0","0","0","0","0","4","0","","67","8","2020","4","39.938267","-75.170015","0230","6","0","0","0","0","0","0","0","0","","0","0","0","02","","0","","1","","39 56:17.761","1","0","75 10:12.053","0","0","0","1","67301","0","0","0","N","0","0","0","2","67301","0","","1.0","100.0","1","N","N","N","0","","0","0","0","","2","N","0230","3","0","0","0","0","0","0","2","0","3","","03","","N","","","","","","","","","",""
"2020077075","1012","0","0","0","0","0","0","0","0","0","4","0","","67","9","2020","7","40.033837","-75.128124","1010","6","0","0","0","0","0","0","0","0","","0","0","0","08","","0","","1","","40 02:01.813","","0","75 07:41.246","0","0","0","0","67301","0","0","0","N","0","0","0","2","67301","0","","1.0","","1","N","N","N","1","","0","0","1","","2","","0817","2","0","2","0","0","0","0","2","0","2","","03","","N","","","","","","","","","",""
"2020086809","0954","0","0","0","1","0","0","0","0","0","8","0","","67","10","2020","5","39.98161","-75.144456","0954","6","0","0","0","0","0","0","0","0","","0","0","0","09","","1","","1","","39 58:53.796","","0","75 08:40.041","4","0","0","0","67301","1","0","0","N","0","0","0","2","67301","1","","1.0","","1","N","N","N","0","","0","0","1","","2","","0947","2","1","0","0","0","0","0","2","0","1","","","","N","","","","","","","","","",""
"2020066458","1210","1","0","0","0","0","0","0","0","0","8","0","","67","8","2020","2","40.048303","-75.145208","2009","6","0","0","0","0","0","0","0","0","","0","0","0","12","","1","N","0","","40 02:53.890","","0","75 08:42.750","2","0","0","0","67301","1","0","1","N","1","0","1","2","67301","0","","6.0","","1","N","N","N","0","","0","1","0","","0","","1204","2","1","0","0","0","0","0","2","0","1","","03","","N","","","","","","","","","",""
"2020097806","1940","1","0","0","0","0","0","0","0","0","5","0","","67","11","2020","6","39.997864","-75.133483","1925","6","0","0","0","0","0","0","0","0","","0","0","0","19","","1","N","0","","39 59:52.310","","0","75 08:00.540","4","0","0","0","67301","0","0","0","N","0","0","0","1","67301","1","","2.0","","1","N","N","N","0","","0","0","1","","0","","1917","2","1","1","0","0","0","0","2","0","2","","03","","N","","","","","","","","","",""
"2020077044","0220","2","0","0","0","0","0","0","0","0","5","0","","67","9","2020","7","39.945247","-75.234564","0219","6","0","0","0","0","0","1","0","0","","0","0","0","01","","1","N","0","","39 56:42.890","","0","75 14:04.430","3","0","0","0","67301","0","0","0","N","0","0","0","1","67301","0","","6.0","","1","N","N","N","0","","1","0","0","","0","","0150","4","1","0","0","0","0","0","2","2","4","","03","","N","","","","","","","","","",""
"2020065783","0305","1","0","0","0","0","0","0","0","0","1","0","","67","8","2020","7","39.991317","-75.134631","0300","6","0","0","0","0","0","0","0","0","","0","0","0","02","","2","N","0","","39 59:28.741","","0","75 08:04.671","3","0","0","0","67301","0","0","0","N","0","0","0","2","67301","0","","1.0","","1","N","N","N","0","","2","0","1","","0","","0222","2","2","2","0","0","0","0","2","0","2","","03","","N","","","","","","","","","",""
"2020069027","1927","2","0","0","0","0","0","0","0","0","1","0","","67","8","2020","4","40.024576","-75.130555","1923","6","0","0","0","0","0","0","1","0","","0","0","0","18","","0","","1","","40 01:28.473","","0","75 07:49.998","0","0","0","0","67301","0","0","0","N","0","0","0","3","67301","0","","1.0","","1","N","N","N","0","","0","0","0","","2","","1820","3","0","0","0","0","0","0","2","1","3","","","","N","","","","","","","","","",""
"2020113005","","0","0","0","0","0","0","0","0","0","1","0","","67","1","2020","5","40.020515","-75.158642","","6","0","0","0","0","0","0","0","0","","0","0","0","17","","1","N","0","","40 01:13.855","","0","75 09:31.110","8","0","0","0","67301","0","0","0","N","0","0","0","2","00000","0","","1.0","","1","","","N","0","","0","0","1","","0","","1720","2","1","0","0","0","1","0","2","0","2","","","","N","","","","","","","","","",""
"2020077119","1044","1","0","0","0","0","0","0","0","0","6","0","","67","9","2020","7","40.041028","-75.175258","1043","6","0","0","0","0","0","0","0","0","","0","0","0","10","","0","N","0","","40 02:27.700","","0","75 10:30.930","0","0","0","0","67301","0","0","0","N","0","0","0","1","67301","0","","6.0","","1","N","N","N","1","","0","0","0","","0","","1042","2","0","0","0","0","0","0","2","0","2","","03","","N","","","","","","","","","",""
"2020089820","0707","1","0","0","0","0","0","0","0","0","7","0","","67","10","2020","3","40.035561","-75.01702","0703","6","0","0","0","0","0","0","0","0","","0","0","0","07","","0","N","0","","40 02:08.019","","0","75 01:01.272","0","0","0","0","67301","0","0","0","N","0","0","0","1","68K01","0","","4.0","","9","N","N","N","0","","0","0","0","","0","","0702","1","0","0","0","0","0","0","2","0","1","","07","","N","","","","","","","","","",""
"2020066209","2356","1","0","0","0","0","0","0","0","0","5","0","","67","8","2020","1","40.049279","-75.142394","2356","6","0","0","0","0","0","0","0","0","","0","0","0","23","","6","N","0","","40 02:57.404","","0","75 08:32.619","4","0","0","0","67301","0","0","0","N","0","0","0","8","67301","6","","1.0","","1","N","N","N","0","","0","0","1","","0","","2326","2","6","3","0","0","0","1","2","0","2","","","","N","","","","","","","","","",""
"2020079247","1954","2","0","0","0","0","0","0","0","0","6","0","","67","9","2020","3","39.993711","-75.167975","1954","6","0","0","0","0","0","1","0","0","","0","0","0","19","","2","N","0","","39 59:37.360","","0","75 10:04.710","8","0","0","0","67301","0","0","0","N","0","0","0","3","67301","0","","1.0","","1","N","N","N","0","","0","0","1","","0","","1954","3","2","0","0","0","2","1","2","0","3","","03","","N","","","","","","","","","",""
"2020091238","1124","2","0","0","0","0","0","0","0","0","1","0","","67","10","2020","1","39.957803","-75.161338","1115","6","0","1","1","0","0","0","0","0","","0","0","0","11","","0","N","0","","39 57:28.092","4","0","75 09:40.816","9","0","0","0","67301","0","0","0","N","0","0","0","7","68K01","0","","1.0","45.0","1","N","N","N","0","","0","0","1","","0","N","1107","3","0","0","0","0","0","1","2","0","3","","","","N","","","","","","","","","",""
"2020066574","2059","0","0","0","0","0","0","0","0","0","8","0","","67","8","2020","1","40.003379","-75.130271","2055","6","0","0","0","0","0","0","0","0","","0","0","0","20","","1","","1","","40 00:12.164","","0","75 07:48.975","3","0","0","0","67301","1","0","0","N","1","0","0","2","67301","0","","1.0","","1","N","N","N","0","","1","0","0","","3","","2049","2","1","0","0","0","0","0","2","0","1","","03","","N","","","","","","","","","",""
"2020069925","1730","1","0","0","1","0","0","0","0","0","8","0","","67","8","2020","2","39.917205","-75.237426","1725","6","0","0","0","0","0","0","0","0","","0","0","0","14","","1","","1","","39 55:01.939","","0","75 14:14.734","8","0","0","0","67301","1","0","0","N","0","0","0","2","67301","0","","1.0","","1","N","N","N","0","","0","0","0","","2","","1427","2","1","0","0","0","1","1","2","0","1","","","","N","","","","","","","","","",""
"2020089566","2045","1","0","0","0","0","0","0","0","0","4","0","","67","10","2020","6","39.923909","-75.166048","2022","6","0","0","0","0","0","0","0","0","","0","0","0","20","","0","","1","","39 55:26.074","","0","75 09:57.773","0","0","0","0","67301","0","0","0","N","0","0","0","1","67301","0","","1.0","","1","N","N","N","0","","0","0","2","","2","","2000","3","0","0","0","0","0","0","2","0","3","","03","","N","","","","","","","","","",""
"2020066457","0910","0","0","0","0","0","0","0","0","0","5","0","","67","8","2020","2","40.019837","-75.148937","0905","6","0","0","0","0","0","0","0","0","","0","0","0","09","","3","N","0","","40 01:11.412","","1","75 08:56.173","8","0","0","0","67301","0","0","0","N","0","0","0","6","67301","0","","1.0","","1","N","N","N","0","","0","0","5","","0","","0900","5","3","0","0","0","3","0","2","0","5","","03","","N","","","","","","","","","",""
"2020067103","1549","0","0","0","0","0","0","0","0","0","4","0","","67","8","2020","4","39.991714","-75.127067","1547","6","0","0","0","0","0","0","0","0","","0","0","0","15","","1","","2","","39 59:30.170","","7","75 07:37.440","2","0","1","1","67301","0","0","0","N","0","0","0","2","67301","0","","1.0","","1","N","N","N","0","","0","1","0","","3","","1546","2","1","1","0","0","0","0","2","1","2","","03","","N","","","","","","","","","",""
"2020075332","2000","1","0","0","0","0","0","0","0","0","1","0","","67","9","2020","5","39.959409","-75.174098","1949","6","0","0","0","0","0","0","0","0","","0","0","0","19","","1","N","0","","39 57:33.873","4","0","75 10:26.751","4","0","0","0","67301","0","0","0","N","0","0","0","7","68K01","1","","1.0","2015.0","1","N","N","N","1","","0","0","1","","0","N","1947","3","1","0","0","0","0","0","2","0","3","","","","N","","","","","","","","","",""
"2020107227","2125","0","0","0","0","0","0","0","0","0","4","0","","67","12","2020","1","40.02546","-75.084711","2119","6","0","0","0","0","0","0","0","0","","0","0","0","21","","1","","5","","40 01:31.656","","0","75 05:04.959","8","0","0","0","67301","0","0","0","N","0","0","0","2","67301","0","","1.0","","1","N","N","N","0","","0","0","2","","3","","2100","2","1","0","0","0","1","0","2","0","2","","","","N","","","","","","","","","",""
"2020068094","0829","1","0","0","0","0","0","0","0","0","7","0","","67","8","2020","1","39.960148","-75.180738","0827","6","0","0","0","0","0","0","0","0","","0","0","0","08","","0","N","0","","39 57:36.533","3","3","75 10:50.656","0","0","0","0","67301","0","0","0","N","0","0","0","1","68K01","0","","2.0","30.0","9","N","N","N","0","","0","0","0","","0","N","0826","1","0","0","0","0","0","0","2","0","1","","","","N","","","","","","","","","",""
"2020113996","0239","0","0","0","0","0","0","0","0","0","7","1","","67","12","2020","3","39.960452","-75.181239","0230","6","0","0","0","0","0","0","0","0","","0","1","0","02","","1","","7","","39 57:37.626","4","8","75 10:52.459","8","0","0","0","67301","0","0","0","Y","0","0","0","1","68K01","0","","7.0","400.0","9","N","N","N","0","","0","0","0","","0","N","0228","1","1","0","0","0","1","0","2","0","1","","","","N","","","","","","","","","",""
"2020069328","0107","1","0","0","0","0","0","0","0","0","1","0","","67","8","2020","2","39.92655","-75.194754","0101","6","0","0","0","0","0","0","0","0","","0","0","0","01","","1","N","0","","39 55:35.579","3","0","75 11:41.113","8","0","0","0","67301","0","0","0","N","0","0","0","3","68K01","0","","1.0","200.0","1","N","N","N","0","","0","0","1","","0","N","0100","2","1","0","0","0","1","0","2","0","2","","03","","N","","","","","","","","","",""
"2020066689","2137","1","0","0","0","0","0","0","0","0","4","0","","67","8","2020","2","39.976916","-75.245917","2135","6","0","0","0","0","0","0","0","0","","0","0","0","21","","2","N","0","","39 58:36.899","","0","75 14:45.300","3","0","0","0","67301","0","0","0","N","0","0","0","2","67301","0","","1.0","","1","N","N","N","1","","1","0","2","","0","","2130","4","2","1","0","0","1","0","2","0","4","","03","","N","","","","","","","","","",""
"2020068085","1700","1","0","0","0","0","0","0","0","0","7","0","","67","8","2020","6","40.031786","-75.021432","1648","6","0","0","0","0","0","0","0","0","","0","0","0","16","","0","N","0","","40 01:54.429","","0","75 01:17.155","0","0","0","0","67301","0","0","0","N","0","0","0","1","68K01","0","","2.0","","1","N","N","N","0","","0","0","0","","0","","1645","1","0","0","0","0","0","0","2","0","1","","","","N","","","","","","","","","",""
"2020088854","0533","4","0","0","0","0","0","0","0","0","5","0","","67","10","2020","6","39.982515","-75.158775","0531","6","0","0","0","0","0","0","0","0","","0","0","0","05","","1","N","0","","39 58:57.053","","0","75 09:31.589","8","0","0","0","67301","0","0","0","N","0","0","0","1","67505","0","","6.0","","1","N","N","N","0","","0","0","2","","0","","0528","6","1","0","0","0","1","0","2","0","6","","03","","N","","","","","","","","","",""
"2020066073","0320","0","0","0","0","0","0","0","0","0","7","0","","67","8","2020","2","39.981111","-75.150278","0308","6","0","0","0","0","0","0","0","0","","0","0","0","03","","0","N","0","","39 58:52.000","","0","75 09:01.000","0","0","0","0","67301","0","0","0","N","0","0","0","2","67505","0","","4.0","","1","N","N","N","1","","0","0","2","","0","","0308","3","0","2","0","0","0","0","2","0","3","","03","","N","","","","","","","","","",""
"2020081960","0224","1","0","0","0","0","0","0","0","0","7","0","","67","9","2020","6","39.902645","-75.150993","0220","6","0","0","0","0","0","0","0","0","","0","0","0","02","","0","N","0","","39 54:09.521","","0","75 09:03.574","9","0","0","0","67301","0","0","0","N","0","0","0","1","68K01","0","","4.0","","1","N","N","N","0","","0","0","0","","0","","0211","1","0","0","0","0","0","1","2","0","1","","03","","N","","","","","","","","","",""
"2020066875","2225","1","0","0","0","0","0","0","0","0","4","0","","67","8","2020","1","40.111391","-75.000736","2222","6","0","0","0","0","0","1","0","0","","0","0","0","22","","0","","3","","40 06:41.007","","0","75 00:02.648","0","0","0","0","67301","0","0","0","N","0","0","0","2","67301","0","","1.0","","1","N","N","Y","0","","0","0","1","","0","","2205","2","0","0","0","0","0","0","2","0","2","","","","N","","","","","","","","","",""
"2020069458","0321","2","0","0","0","0","0","0","0","0","4","0","","67","8","2020","4","40.036992","-75.07981","0320","6","0","0","1","0","0","0","0","0","","0","0","0","02","","0","","1","","40 02:13.172","1","0","75 04:47.317","0","0","0","0","67301","0","0","0","N","0","0","0","2","67301","0","","1.0","430.0","1","N","N","N","0","","0","0","0","","2","Y","0243","2","0","0","0","0","0","0","2","0","2","","03","","N","","","","","","","","","",""
"2020089669","1624","1","0","0","0","0","0","0","0","0","4","0","","67","10","2020","6","39.957136","-75.151069","1620","6","0","0","0","0","0","0","0","1","","0","0","0","16","","1","","5","","39 57:25.688","","2","75 09:03.847","3","0","0","0","67301","0","0","0","N","0","0","0","3","67301","0","","1.0","","1","N","N","N","0","","1","0","1","","0","","1610","2","1","0","0","0","0","0","2","0","2","","03","","N","","","","","","","","","",""
"2020112934","","0","0","0","0","0","0","0","0","0","4","0","","67","1","2020","1","39.993266","-75.169703","","6","0","0","0","0","0","1","0","0","","0","0","0","10","","1","","1","","39 59:35.757","","0","75 10:10.930","8","0","0","0","67301","0","0","0","N","0","0","0","2","00000","0","","1.0","","1","","","N","0","","0","0","1","","3","","1005","2","1","0","0","0","1","0","2","0","2","","","","N","","","","","","","","","",""
"2020080069","1735","2","0","0","0","0","0","0","0","0","4","0","","67","9","2020","5","40.010893","-75.151413","1730","6","0","0","0","0","0","0","0","0","","0","0","0","17","","2","","1","","40 00:39.214","","0","75 09:05.086","3","0","0","0","67301","1","0","0","N","1","0","0","3","67301","0","","1.0","","1","N","N","N","0","","2","0","0","","2","","1730","3","2","1","0","0","0","0","2","0","2","","03","","N","","","","","","","","","",""
"2020077322","1637","1","0","0","0","0","0","0","0","0","5","0","","67","9","2020","1","39.978806","-75.118611","1618","6","0","0","0","0","0","0","0","1","","0","0","0","15","","3","","5","","39 58:43.700","","0","75 07:07.000","3","0","0","0","67301","0","0","0","N","0","0","0","4","67301","0","","1.0","","1","N","N","N","0","","3","0","0","","2","","1552","2","3","0","0","0","0","0","2","0","2","","03","","N","","","","","","","","","",""
"2020113132","","1","0","0","0","0","0","0","0","0","4","0","","67","2","2020","6","40.031008","-75.058852","","6","0","0","0","0","0","0","0","0","","0","0","0","23","","3","","1","","40 01:51.628","","0","75 03:31.867","8","0","0","0","67301","0","0","0","N","0","0","0","4","00000","0","","1.0","","1","","","N","0","","0","0","1","","2","","2300","2","3","0","0","0","3","0","2","0","2","","","","N","","","","","","","","","",""
"2020077412","1400","3","0","0","0","0","0","0","0","0","4","0","","67","9","2020","6","40.000058","-75.102887","1359","6","0","0","0","0","0","0","0","0","","0","0","0","13","","2","","1","","40 00:00.208","","0","75 06:10.393","3","0","0","0","67301","0","0","0","N","0","0","0","4","67301","0","","1.0","","1","N","N","N","0","","2","0","0","","3","","1353","3","2","2","0","0","0","0","2","0","3","","03","","N","","","","","","","","","",""
"2020066116","1652","0","0","0","0","0","0","0","0","0","1","0","","67","8","2020","1","40.008071","-75.19104","1649","6","0","0","0","0","0","0","0","0","","0","0","0","16","","4","N","0","","40 00:29.055","1","0","75 11:27.743","3","0","0","0","67301","0","0","0","N","0","0","0","5","67301","0","","1.0","1659.0","1","N","N","N","0","","4","0","3","","0","N","1635","3","4","1","0","0","0","0","2","0","3","","03","","N","","","","","","","","","",""
"2020065841","1320","3","0","0","0","0","0","0","0","0","5","0","","67","8","2020","6","39.917528","-75.237806","1314","6","0","0","0","0","0","1","0","0","","0","0","0","13","","0","N","0","","39 55:03.100","1","0","75 14:16.100","0","0","0","0","67301","0","0","0","N","0","0","0","1","67301","0","","6.0","1420.0","1","N","N","N","0","","0","0","0","","0","N","1310","4","0","0","0","0","0","0","2","0","3","","03","","N","","","","","","","","","",""
"2020067641","1159","0","0","0","0","0","0","0","0","0","4","0","","67","8","2020","3","39.9753","-75.121195","1155","6","0","0","0","1","0","0","0","0","","0","0","0","11","","2","","1","","39 58:31.081","","0","75 07:16.303","3","0","0","1","67301","0","0","0","N","0","0","0","3","67301","0","","1.0","","1","N","N","N","1","","2","0","0","","2","","1145","2","2","0","0","0","0","0","2","0","2","","","","N","","","","","","","","","",""
"2020068234","2140","2","0","0","0","0","0","0","0","0","4","0","","67","8","2020","3","39.918919","-75.140211","2140","6","0","0","0","0","0","0","0","0","","0","0","0","21","","0","N","0","","39 55:08.108","2","7","75 08:24.759","9","0","0","0","67301","0","0","0","N","0","0","0","2","67301","0","","1.0","2200.0","1","N","N","N","0","","0","0","0","","2","N","2119","2","0","0","0","0","0","1","2","0","2","","","","N","","","","","","","","","",""
"2020067331","0028","1","0","0","0","0","0","0","0","0","4","0","","67","8","2020","4","40.078315","-74.997707","0025","6","0","0","0","0","0","1","0","0","","0","0","0","23","","1","","1","","40 04:41.934","","0","74 59:51.745","3","0","0","0","67301","0","0","0","N","0","0","0","3","67301","0","","1.0","","1","N","N","N","0","","1","0","1","","3","","2350","2","1","0","0","0","0","0","2","0","2","","","","N","","","","","","","","","",""
"2020079559","1317","1","0","0","0","0","0","0","0","0","5","0","","67","9","2020","6","39.881194","-75.228222","1316","6","0","0","0","0","0","0","1","0","","0","0","0","13","","1","N","0","","39 52:52.300","","0","75 13:41.600","4","0","0","0","67301","0","0","0","N","0","0","0","1","67301","1","","6.0","","1","N","N","N","1","","0","0","0","","0","","1315","2","1","0","0","0","0","0","2","0","2","","03","","N","","","","","","","","","",""
"2020066454","1105","1","0","0","0","0","0","0","0","0","4","0","","67","8","2020","1","39.971717","-75.125888","1103","6","0","0","0","0","0","0","0","0","","0","0","0","10","","0","","1","","39 58:18.181","","0","75 07:33.198","0","0","0","0","67301","0","0","0","N","0","0","0","2","67301","0","","1.0","","9","N","N","N","0","","0","0","1","","0","","1050","2","0","0","0","0","0","0","2","0","2","","","","N","","","","","","","","","",""
"2020067605","0500","1","0","0","0","0","0","0","0","0","7","0","45","67","8","2020","1","39.981155","-75.103173","0446","6","0","0","0","0","0","0","0","0","","0","0","0","04","","1","N","0","","39 58:52.157","2","0","75 06:11.423","3","0","0","0","67301","0","0","0","N","0","0","0","1","68K01","0","","4.0","530.0","8","N","N","N","0","","1","0","0","","0","N","0444","1","1","1","0","0","0","0","2","0","1","","05","N","Y","8","1","","","N","Y","","","","N"
"2020069462","1841","1","0","0","0","0","0","0","0","0","4","0","","67","8","2020","4","39.935476","-75.18759","1820","6","0","0","0","0","0","0","0","0","","0","0","0","18","","0","","1","","39 56:07.712","","0","75 11:15.323","0","0","0","0","67301","0","0","0","N","0","0","0","3","67301","0","","1.0","","1","N","N","N","0","","0","0","2","","3","","1810","3","0","1","0","0","0","0","2","0","3","","03","","N","","","","","","","","","",""
"2020113445","","1","0","0","0","0","0","0","0","0","1","0","","67","2","2020","2","40.00731","-75.199834","","6","0","0","0","0","0","2","0","0","","0","0","0","14","","1","N","0","","40 00:26.316","","0","75 11:59.402","8","0","0","0","67301","0","0","0","N","0","0","0","2","00000","0","","1.0","","1","","","N","0","","0","0","1","","0","","1450","2","1","0","0","0","1","0","2","0","2","","","","N","","","","","","","","","",""
"2020079178","2310","2","0","0","0","0","0","0","0","0","5","0","","67","9","2020","6","40.001081","-75.152908","2308","6","0","0","0","1","0","0","0","0","","0","0","0","23","","0","N","0","","40 00:03.892","1","0","75 09:10.468","9","0","0","0","67301","0","0","0","N","0","0","0","3","67505","0","","1.0","2330.0","1","N","N","Y","0","","0","0","1","","0","N","2305","3","0","0","0","0","0","1","2","0","3","","98","","N","","","","","","","","","",""
"2020113461","","0","0","0","0","0","0","0","0","0","1","0","","67","2","2020","5","39.892461","-75.241213","","6","0","0","0","0","0","1","0","0","","0","0","0","05","","1","Y","0","","39 53:32.861","","0","75 14:28.368","8","0","0","0","67301","0","0","0","N","0","0","0","2","00000","0","","1.0","","1","","","N","0","","0","0","2","","2","","0545","2","1","0","0","0","1","0","2","0","2","","","","N","","","","","","","","","",""
"2020068241","0620","1","0","0","0","0","0","0","0","0","1","0","","67","8","2020","4","40.001192","-75.081971","0615","6","0","0","0","0","0","0","0","0","","0","0","0","06","","0","N","0","","40 00:04.290","","0","75 04:55.094","0","0","0","0","67301","0","0","0","N","0","0","0","1","67301","0","","1.0","","1","N","N","N","1","","0","0","1","","0","","0600","3","0","0","0","0","0","0","2","0","3","","03","","N","","","","","","","","","",""
"2020078861","1642","2","0","0","1","0","0","0","0","0","4","0","","67","9","2020","3","39.917293","-75.174584","1627","6","0","0","0","0","0","0","0","0","","0","0","0","15","","3","","1","","39 55:02.254","","0","75 10:28.502","3","0","0","0","67301","1","0","0","N","0","0","0","5","67301","0","","1.0","","1","N","N","N","0","","2","0","0","","2","","1530","3","3","0","0","0","1","0","2","0","2","","03","","N","","","","","","","","","",""
"2020078101","0109","2","0","0","0","0","0","0","0","0","4","0","","67","9","2020","1","39.971418","-75.225834","0103","6","0","0","0","0","1","0","0","0","","0","0","0","01","","0","","1","","39 58:17.106","","0","75 13:33.004","9","0","0","0","67301","0","0","0","N","0","0","0","4","67301","0","","1.0","","1","N","N","N","0","","0","0","0","","2","","0100","2","0","0","0","0","0","4","2","0","2","","03","","N","","","","","","","","","",""
"2020066387","0230","1","0","0","0","0","0","0","0","0","7","0","","67","8","2020","1","40.053562","-75.177976","0224","6","0","0","0","1","0","0","0","0","","0","0","0","02","","0","","1","","40 03:12.823","","0","75 10:40.715","0","0","0","0","67301","0","0","0","N","0","0","0","3","67301","0","","5.0","","1","N","N","N","0","","0","0","0","","2","","0223","1","0","0","0","0","0","0","2","0","1","","03","","N","","","","","","","","","",""
"2020076638","0950","1","0","0","0","0","0","0","0","0","5","0","","67","9","2020","5","40.045111","-75.067306","0945","6","0","0","0","0","0","0","0","0","","0","0","0","09","","0","N","0","","40 02:42.400","","0","75 04:02.300","0","0","0","0","67301","0","0","0","N","0","0","0","1","67301","0","","6.0","","9","N","N","N","1","","0","0","0","","0","","0936","2","0","0","0","0","0","0","2","0","2","","98","","N","","","","","","","","","",""
"2020065840","1135","0","0","0","0","0","0","0","0","0","4","0","","67","8","2020","6","39.94522","-75.239487","1133","6","0","0","0","0","0","0","0","0","","0","0","0","11","","3","N","0","","39 56:42.791","","7","75 14:22.154","3","0","0","0","67301","0","0","0","N","0","0","0","4","67301","0","","1.0","","1","N","N","N","0","","3","0","2","","0","","1115","2","3","0","0","0","0","0","2","0","2","","03","","N","","","","","","","","","",""
"2020067016","1730","2","0","0","0","0","0","0","0","0","1","0","","67","8","2020","4","40.062435","-75.155264","1719","6","0","0","0","0","0","0","0","0","","0","0","0","15","","1","","1","","40 03:44.765","","0","75 09:18.950","3","0","0","0","67301","0","0","0","N","0","0","0","3","67301","0","","1.0","","1","N","N","N","0","","1","0","0","","2","","1509","2","1","3","0","0","0","1","2","0","2","","","","N","","","","","","","","","",""