"CRN","ARRIVAL_TM","AUTOMOBILE_COUNT","BELTED_DEATH_COUNT","BELTED_SUSP_SERIOUS_INJ_COUNT","BICYCLE_COUNT","BICYCLE_DEATH_COUNT","BICYCLE_SUSP_SERIOUS_INJ_COUNT","BUS_COUNT","CHLDPAS_DEATH_COUNT","CHLDPAS_SUSP_SERIOUS_INJ_COUNT","COLLISION_TYPE","COMM_VEH_COUNT","CONS_ZONE_SPD_LIM","COUNTY","CRASH_MONTH","CRASH_YEAR","DAY_OF_WEEK","DEC_LATITUDE","DEC_LONGITUDE","DISPATCH_TM","DISTRICT","DRIVER_COUNT_16YR","DRIVER_COUNT_17YR","DRIVER_COUNT_18YR","DRIVER_COUNT_19YR","DRIVER_COUNT_20YR","DRIVER_COUNT_50_64YR","DRIVER_COUNT_65_74YR","DRIVER_COUNT_75PLUS","EST_HRS_CLOSED","FATAL_COUNT","HEAVY_TRUCK_COUNT","HORSE_BUGGY_COUNT","HOUR_OF_DAY","ILLUMINATION","INJURY_COUNT","INTERSECTION_RELATED","INTERSECT_TYPE","LANE_CLOSED","LATITUDE","LN_CLOSE_DIR","LOCATION_TYPE","LONGITUDE","MAX_SEVERITY_LEVEL","MCYCLE_DEATH_COUNT","MCYCLE_SUSP_SERIOUS_INJ_COUNT","MOTORCYCLE_COUNT","MUNICIPALITY","NONMOTR_COUNT","NONMOTR_DEATH_COUNT","NONMOTR_SUSP_SERIOUS_INJ_COUNT","NTFY_HIWY_MAINT","PED_COUNT","PED_DEATH_COUNT","PED_SUSP_SERIOUS_INJ_COUNT","PERSON_COUNT","POLICE_AGCY","POSSIBLE_INJ_COUNT","RDWY_SURF_TYPE_CD","RELATION_TO_ROAD","ROADWAY_CLEARED","ROAD_CONDITION","SCH_BUS_IND","SCH_ZONE_IND","SECONDARY_CRASH","SMALL_TRUCK_COUNT","SPEC_JURIS_CD","SUSP_MINOR_INJ_COUNT","SUSP_SERIOUS_INJ_COUNT","SUV_COUNT","TCD_FUNC_CD","TCD_TYPE","TFC_DETOUR_IND","TIME_OF_DAY","TOTAL_UNITS","TOT_INJ_COUNT","UNBELTED_OCC_COUNT","UNB_DEATH_COUNT","UNB_SUSP_SERIOUS_INJ_COUNT","UNK_INJ_DEG_COUNT","UNK_INJ_PER_COUNT","URBAN_RURAL","VAN_COUNT","VEHICLE_COUNT","WEATHER1","WEATHER2","WORKERS_PRES","WORK_ZONE_IND","WORK_ZONE_LOC","WORK_ZONE_TYPE","WZ_CLOSE_DETOUR","WZ_FLAGGER","WZ_LAW_OFFCR_IND","WZ_LN_CLOSURE","WZ_MOVING","WZ_OTHER","WZ_SHLDER_MDN","WZ_WORKERS_INJ_KILLED"
"2020067402","1801","2","0","0","0","0","0","0","0","0","4","0","","67","8","2020","4","40.028563","-75.056248","1755","6","0","0","0","0","0","0","0","0","","0","0","0","17","","2","","1","","40 01:42.826","","0","75 03:22.492","3","0","0","0","67301","0","0","0","N","0","0","0","2","67301","0","","1.0","","1","N","N","N","0","","2","0","2","","3","","1740","4","2","0","0","0","0","0","2","0","4","","","","N","","","","","","","","","",""
"2020113136","","2","0","0","0","0","0","0","0","0","1","0","","67","2","2020","3","","","","6","0","0","0","0","0","0","0","0","","0","0","0","11","","1","N","0","","","","0","","8","0","0","0","67301","0","0","0","N","0","0","0","2","00000","0","","1.0","","1","","","N","0","","0","0","0","","0","","1130","2","1","0","0","0","1","0","1","0","2","","","","N","","","","","","","","","",""
"2020066778","1455","3","0","0","0","0","0","0","0","0","4","0","","67","8","2020","3","40.02137","-75.05208","1443","6","0","0","0","1","0","0","0","0","","0","0","0","14","","2","N","0","","40 01:16.931","2","7","75 03:07.489","3","0","0","0","67301","0","0","0","N","0","0","0","4","67301","0","","1.0","100.0","1","N","N","Y","0","","2","0","0","","0","N","1438","3","2","0","0","0","0","0","2","0","3","","","","N","","","","","","","","","",""
"2020066780","0422","0","0","0","0","0","0","0","0","0","6","0","","67","8","2020","1","39.973776","-75.245295","0414","6","0","0","0","0","0","0","0","0","","0","0","0","04","","1","","1","","39 58:25.594","","0","75 14:43.063","8","0","0","0","67301","0","0","0","N","0","0","0","1","67301","0","","1.0","","9","N","N","N","1","","0","0","3","","2","","0410","4","1","0","0","0","1","0","2","0","4","","07","","N","","","","","","","","","",""
"2020066364","1645","1","0","0","0","0","0","0","0","0","4","0","","67","8","2020","7","39.918547","-75.184372","1642","6","0","0","0","0","0","1","0","0","","0","0","0","16","","1","","2","","39 55:06.769","","0","75 11:03.739","3","0","0","1","67301","0","0","0","N","0","0","0","2","67301","0","","1.0","","1","N","N","N","0","","1","0","0","","0","","1640","2","1","0","0","0","0","0","2","0","2","","03","","N","","","","","","","","","",""
"2020065782","0030","2","0","0","0","0","0","0","0","0","4","0","","67","8","2020","6","39.976361","-75.119813","0020","6","0","0","0","0","0","0","0","0","","0","0","0","23","","0","","1","","39 58:34.901","","0","75 07:11.326","0","0","0","0","67301","0","0","0","N","0","0","0","2","67301","0","","1.0","","1","N","N","N","0","","0","0","0","","2","","2350","2","0","0","0","0","0","0","2","0","2","","03","","N","","","","","","","","","",""
"2020077352","1701","0","0","0","0","0","0","0","0","0","8","0","","67","9","2020","7","40.045139","-75.058008","1658","6","0","0","0","0","0","0","0","0","","0","0","0","16","","1","N","0","","40 02:42.500","2","0","75 03:28.830","3","0","0","0","67301","1","0","0","N","1","0","0","2","67301","0","","1.0","100.0","1","N","N","N","0","","1","0","0","","0","N","1658","2","1","0","0","0","0","0","2","1","1","","03","","N","","","","","","","","","",""
"2020066203","0842","1","0","0","0","0","0","0","0","0","8","0","","67","8","2020","2","40.079989","-74.997289","0841","6","0","0","0","0","0","0","0","1","","0","0","0","08","","1","","2","","40 04:47.959","","0","74 59:50.241","3","0","0","0","67301","1","0","0","N","1","0","0","2","67301","0","","1.0","","1","N","N","N","0","","1","0","0","","2","","0840","2","1","1","0","0","0","0","2","0","1","","03","","N","","","","","","","","","",""
"2020077878","0751","1","0","0","0","0","0","0","0","0","1","0","35","67","9","2020","3","39.908194","-75.146944","0748","6","0","0","1","0","0","0","0","0","","0","0","0","07","","1","N","0","","39 54:29.500","3","3","75 08:49.000","8","0","0","0","67301","0","0","0","N","0","0","0","7","67501","0","","1.0","819.0","1","N","N","N","1","","0","0","1","","8","N","0748","4","1","1","0","0","1","0","2","0","4","","03","Y","Y","4","1","","","N","Y","","","","N"
"2020079646","1847","2","0","0","0","0","0","0","0","0","4","0","","67","9","2020","3","39.954583","-75.172983","1840","6","0","0","0","0","0","0","0","0","","0","0","0","18","","2","","1","","39 57:16.499","","0","75 10:22.738","3","0","0","0","67301","0","0","0","N","0","0","0","3","67301","0","","1.0","","1","N","N","N","0","","2","0","0","","2","","1832","2","2","1","0","0","0","0","2","0","2","","03","","N","","","","","","","","","",""
"2020074578","1740","1","0","0","0","0","0","0","0","0","7","0","","67","8","2020","2","39.9647","-75.221778","1618","6","0","0","0","0","1","0","0","0","","0","0","0","16","","0","N","0","","39 57:52.920","","0","75 13:18.400","0","0","0","0","67301","0","0","0","N","0","0","0","1","67301","0","","5.0","","1","N","N","N","0","","0","0","0","","0","","1618","1","0","0","0","0","0","0","2","0","1","","03","","N","","","","","","","","","",""
"2020067404","2203","2","0","0","0","0","0","0","0","0","4","0","","67","8","2020","4","39.991503","-75.174997","2236","6","0","0","0","0","0","0","0","0","","0","0","0","22","","2","","1","","39 59:29.410","","0","75 10:29.989","3","0","0","0","67301","0","0","0","N","0","0","0","2","67301","0","","1.0","","1","N","N","N","0","","2","0","0","","3","","2200","2","2","1","0","0","0","0","2","0","2","","03","","N","","","","","","","","","",""
"2020077912","1758","2","0","0","0","0","0","0","0","0","5","0","","67","9","2020","1","40.069081","-75.160261","1758","6","0","0","0","0","0","0","0","0","","0","0","0","17","","0","N","0","","40 04:08.690","","0","75 09:36.940","0","0","0","0","67301","0","0","0","N","0","0","0","1","67301","0","","6.0","","1","N","N","N","0","","0","0","0","","0","","1745","2","0","0","0","0","0","0","2","0","2","","03","","N","","","","","","","","","",""
"2020067024","1740","3","0","0","0","0","0","0","0","0","4","0","","67","8","2020","2","39.988323","-75.135532","1740","6","0","0","0","1","0","0","0","0","","0","0","0","16","","1","","1","","39 59:17.962","","0","75 08:07.915","2","0","0","0","67301","1","0","1","N","1","0","1","3","67301","0","","1.0","","1","N","N","N","0","","0","1","0","","2","","1658","5","1","0","0","0","0","1","2","1","4","","03","","N","","","","","","","","","",""
"2020065755","1755","2","0","0","0","0","0","0","0","0","1","0","","67","8","2020","7","40.104719","-75.027785","1742","6","0","0","0","1","0","0","0","0","","0","0","0","17","","1","N","0","","40 06:16.990","1","0","75 01:40.027","8","0","0","0","67301","0","0","0","N","0","0","0","2","67301","0","","1.0","1820.0","1","N","N","N","0","","0","0","0","","0","N","1735","2","1","0","0","0","1","0","2","0","2","","","","N","","","","","","","","","",""
"2020112998","","0","0","0","0","0","0","0","0","0","4","0","","67","1","2020","2","39.95768","-75.162367","","6","0","0","0","0","1","0","0","0","","0","0","0","19","","1","","5","","39 57:27.649","","2","75 09:44.521","3","0","0","0","67301","0","0","0","N","0","0","0","2","00000","0","","1.0","","1","","","N","0","","1","0","2","","2","","1920","2","1","0","0","0","0","0","2","0","2","","","","N","","","","","","","","","",""
"2020112922","","1","0","0","0","0","0","0","0","0","4","0","","67","2","2020","1","39.993529","-75.112699","","6","0","0","0","0","0","0","0","0","","0","0","0","18","","2","","2","","39 59:36.704","","0","75 06:45.716","4","0","0","0","67301","0","0","0","N","0","0","0","4","00000","2","","1.0","","1","","","N","0","","0","0","1","","3","","1858","2","2","0","0","0","0","0","2","0","2","","","","N","","","","","","","","","",""
"2020069928","0945","1","0","0","0","0","0","0","0","0","4","0","","67","8","2020","4","39.919273","-75.226848","0945","6","0","1","0","0","0","0","0","0","","0","0","0","09","","1","","1","","39 55:09.382","","0","75 13:36.651","3","0","0","0","67301","0","0","0","N","0","0","0","2","67301","0","","1.0","","9","N","N","N","0","","1","0","2","","0","","0940","3","1","0","0","0","0","0","2","0","3","","04","","N","","","","","","","","","",""
"2020068096","1538","1","0","0","0","0","0","0","0","0","1","0","","67","8","2020","1","39.971382","-75.121427","1524","6","0","0","0","0","0","0","0","0","","0","0","0","15","","0","","1","","39 58:16.976","1","2","75 07:17.136","0","0","0","0","67301","0","0","0","N","0","0","0","3","68K01","0","","1.0","1610.0","1","N","N","N","1","","0","0","0","","2","N","1523","2","0","0","0","0","0","0","2","0","2","","04","","N","","","","","","","","","",""
"2020083224","1024","1","0","0","0","0","0","0","0","0","0","0","","67","9","2020","1","39.901734","-75.151682","1015","6","0","0","0","0","0","1","0","0","","0","0","0","10","","0","N","0","","39 54:06.242","1","3","75 09:06.056","0","0","0","0","67301","0","0","0","N","0","0","0","2","68K01","0","","1.0","15.0","1","N","N","N","0","","0","0","1","","0","N","1014","2","0","0","0","0","0","0","2","0","2","","03","","N","","","","","","","","","",""
"2020112540","1420","0","0","0","0","0","0","0","0","0","8","0","","67","12","2020","7","39.926827","-75.178968","1420","6","0","0","0","0","0","0","0","1","","0","0","0","17","","1","","1","","39 55:36.577","","0","75 10:44.284","8","0","0","0","67301","1","0","0","N","1","0","0","2","67301","0","","1.0","","1","N","N","N","0","","0","0","1","","3","","1715","2","1","0","0","0","1","0","2","0","1","","","","N","","","","","","","","","",""
"2020073986","0930","1","0","0","0","0","0","0","0","0","4","0","","67","9","2020","7","40.059513","-75.05199","0930","6","0","0","0","0","0","0","0","0","","0","0","0","09","","1","","1","","40 03:34.246","","0","75 03:07.165","8","0","0","0","67301","0","0","0","N","0","0","0","2","67301","0","","1.0","","1","N","N","Y","0","","0","0","1","","2","","0910","2","1","0","0","0","1","0","2","0","2","","","","N","","","","","","","","","",""
"2020076802","2235","1","0","0","0","0","0","0","0","0","8","0","","67","9","2020","6","39.963363","-75.187417","2234","6","0","0","0","0","0","0","0","0","","0","0","0","22","","1","","1","","39 57:48.108","","0","75 11:14.701","3","0","0","0","67301","1","0","0","N","1","0","0","2","67507","0","","1.0","","1","N","N","N","0","","1","0","0","","2","","2220","2","1","0","0","0","0","0","2","0","1","","","","N","","","","","","","","","",""
"2020078524","1358","1","0","0","0","0","0","0","0","0","7","0","","67","9","2020","6","39.933517","-75.219672","1356","6","0","0","0","0","0","0","0","0","","0","0","0","13","","0","N","0","","39 56:00.660","","0","75 13:10.820","9","0","0","0","67301","0","0","0","N","0","0","0","2","67301","0","","5.0","","1","N","N","N","0","","0","0","0","","0","","1356","1","0","0","0","0","0","1","2","0","1","","03","","N","","","","","","","","","",""
"2020071492","2251","0","0","0","0","0","0","0","0","0","5","0","","67","8","2020","7","39.888295","-75.203081","2231","6","0","0","0","0","0","0","0","0","","0","0","0","22","","3","N","0","","39 53:17.862","1","3","75 12:11.093","4","0","0","0","67301","0","0","0","N","0","0","0","4","68K01","3","","1.0","2340.0","1","N","N","N","0","","0","0","1","","0","N","2223","2","3","1","0","0","0","1","2","0","2","","03","","N","","","","","","","","","",""
"2020067310","1510","0","0","0","0","0","0","0","0","0","4","0","","67","8","2020","4","40.00901","-75.11283","1500","6","0","0","0","0","0","0","0","0","","0","0","0","12","","1","","1","","40 00:32.435","","0","75 06:46.188","3","0","0","1","67301","0","0","0","N","0","0","0","3","67301","0","","1.0","","1","N","N","N","0","","1","0","0","","2","","1205","2","1","0","0","0","0","0","2","1","2","","03","","N","","","","","","","","","",""
"2020079569","0758","2","0","0","0","0","0","0","0","0","4","0","","67","9","2020","6","40.036706","-75.040848","0750","6","0","0","0","0","0","0","0","0","","0","0","0","07","","0","","1","","40 02:12.142","","0","75 02:27.052","0","0","0","0","67301","0","0","0","N","0","0","0","2","67301","0","","1.0","","1","N","N","N","0","","0","0","0","","2","","0745","2","0","0","0","0","0","0","2","0","2","","","","N","","","","","","","","","",""
"2020067104","1005","0","0","0","0","0","0","0","0","0","6","0","","67","8","2020","4","40.019193","-75.190894","0959","6","0","0","0","0","0","1","0","0","","0","0","0","09","","2","N","0","","40 01:09.093","5","0","75 11:27.219","3","0","0","0","67301","0","0","0","N","0","0","0","3","67301","0","","1.0","1045.0","9","N","N","N","1","","2","0","0","","0","N","0958","2","2","0","0","0","0","0","2","1","2","","07","","N","","","","","","","","","",""
"2020077926","1337","2","0","0","0","0","0","0","0","0","4","0","","67","9","2020","1","40.013218","-75.159583","1335","6","0","0","0","0","0","1","0","0","","0","0","0","13","","0","N","0","","40 00:47.584","","7","75 09:34.500","0","0","0","0","67301","0","0","0","N","0","0","0","7","67301","0","","1.0","","1","N","N","N","0","","0","0","1","","3","","1335","3","0","0","0","0","0","0","2","0","3","","03","","N","","","","","","","","","",""
"2020079245","1845","3","0","0","0","0","0","0","0","0","4","0","","67","9","2020","5","39.957013","-75.213331","1840","6","0","0","0","0","0","1","0","0","","0","0","0","18","","1","","1","","39 57:25.245","","0","75 12:47.990","3","0","0","0","67301","0","0","0","N","0","0","0","3","67301","0","","1.0","","1","N","N","N","0","","1","0","0","","2","","1830","3","1","0","0","0","0","0","2","0","3","","03","","N","","","","","","","","","",""
"2020069937","2301","0","0","0","0","0","0","0","0","0","4","0","","67","8","2020","4","39.920731","-75.226286","2300","6","0","0","0","0","0","0","0","0","","0","0","0","23","","0","","1","","39 55:14.631","","0","75 13:34.629","0","0","0","0","67301","0","0","0","N","0","0","0","2","67301","0","","1.0","","1","N","N","N","0","","0","0","1","","2","","2300","2","0","0","0","0","0","0","2","1","2","","03","","N","","","","","","","","","",""
"2020068788","2035","1","0","0","0","0","0","0","0","0","8","0","","67","8","2020","1","40.027457","-75.062384","2031","6","0","0","0","0","0","0","0","0","","0","0","0","20","","1","","1","","40 01:38.846","","0","75 03:44.583","8","0","0","0","67301","1","0","0","N","1","0","0","2","67301","0","","1.0","","1","N","N","N","0","","0","0","0","","2","","2010","2","1","1","0","0","1","0","2","0","1","","03","","N","","","","","","","","","",""
"2020067013","1200","2","0","0","0","0","0","0","0","0","4","0","","67","8","2020","1","39.916354","-75.147095","1157","6","0","0","0","0","0","0","0","0","","0","0","0","11","","0","","2","","39 54:58.874","","0","75 08:49.542","0","0","0","0","67301","0","0","0","N","0","0","0","2","67301","0","","1.0","","9","N","N","N","0","","0","0","0","","3","","1151","2","0","0","0","0","0","0","2","0","2","","04","","N","","","","","","","","","",""
"2020066573","1322","1","0","0","0","0","0","0","0","0","5","0","","67","8","2020","2","39.993942","-75.113828","1307","6","0","0","0","0","0","1","0","0","","0","0","0","12","","1","N","0","","39 59:38.190","","0","75 06:49.780","8","0","0","0","67301","0","0","0","N","0","0","0","2","67301","0","","6.0","","1","N","N","N","1","","0","0","2","","0","","1252","4","1","0","0","0","1","0","2","0","4","","03","","N","","","","","","","","","",""
"2020066884","1747","2","0","0","0","0","0","0","0","0","4","0","","67","8","2020","1","39.957208","-75.227482","1745","6","0","0","1","0","0","0","0","0","","0","0","0","17","","2","","1","","39 57:25.949","","0","75 13:38.934","3","0","0","0","67301","0","0","0","N","0","0","0","10","67301","0","","1.0","","1","N","N","N","0","","2","0","0","","2","","1740","4","2","0","0","0","0","3","2","2","4","","","","N","","","","","","","","","",""
"2020066115","0205","2","0","0","0","0","0","1","0","0","0","1","","67","8","2020","1","40.010806","-75.164797","0200","6","0","0","0","1","0","0","0","0","","0","1","0","01","","0","N","0","","40 00:38.903","6","0","75 09:53.269","0","0","0","0","67301","0","0","0","N","0","0","0","2","67301","0","","1.0","300.0","1","N","N","N","0","","0","0","0","","0","Y","0155","5","0","0","0","0","0","0","2","0","5","","03","","N","","","","","","","","","",""
"2020066878","1925","2","0","0","0","0","0","0","0","0","4","0","","67","8","2020","1","39.957935","-75.164144","1917","6","0","0","0","0","0","1","0","0","","0","0","0","19","","2","","5","","39 57:28.566","","8","75 09:50.918","3","0","0","0","67301","0","0","0","N","0","0","0","3","67301","0","","1.0","","1","N","N","N","0","","2","0","0","","2","","1915","2","2","3","0","0","0","0","2","0","2","","03","","N","","","","","","","","","",""
"2020112932","","2","0","0","0","0","0","0","0","0","1","0","","67","2","2020","1","40.051159","-75.118676","","6","0","0","0","0","0","1","0","0","","0","0","0","14","","2","","1","","40 03:04.174","","0","75 07:07.232","4","0","0","0","67301","0","0","0","N","0","0","0","4","00000","2","","1.0","","1","","","N","0","","0","0","1","","2","","1445","3","2","0","0","0","0","0","2","0","3","","","","N","","","","","","","","","",""
"2020113936","1005","1","0","0","0","0","0","1","0","0","4","1","","67","12","2020","5","40.005282","-75.157039","1005","6","0","0","0","0","1","2","0","0","","0","0","0","10","","0","","1","","40 00:19.015","","0","75 09:25.340","0","0","0","0","67301","0","0","0","N","0","0","0","3","67301","0","","1.0","","9","N","N","N","0","","0","0","1","","2","","1005","3","0","0","0","0","0","0","2","0","3","","07","","N","","","","","","","","","",""
"2020065772","1120","0","0","0","0","0","0","0","0","0","8","0","","67","8","2020","6","39.977255","-75.158096","1119","6","0","0","0","0","0","0","0","0","","0","0","0","11","","1","","1","","39 58:38.118","","0","75 09:29.146","3","0","0","0","67301","1","0","0","N","1","0","0","3","67301","0","","1.0","","1","N","N","N","0","","1","0","0","","2","","1118","2","1","0","0","0","0","2","2","1","1","","03","","N","","","","","","","","","",""
"2020077904","1100","1","0","0","0","0","0","0","0","0","8","0","","67","9","2020","7","39.918968","-75.167131","1056","6","0","0","0","0","0","0","0","0","","0","0","0","10","","1","","5","","39 55:08.284","","0","75 10:01.671","3","0","0","0","67301","1","0","0","N","1","0","0","2","67301","0","","1.0","","1","N","N","N","0","","1","0","0","","2","","1053","2","1","1","0","0","0","0","2","0","1","","","","N","","","","","","","","","",""
"2020065846","1556","1","0","0","0","0","0","0","0","0","7","0","","67","8","2020","6","40.065306","-75.206","1554","6","0","0","0","0","0","0","0","2","","0","0","0","15","","0","Y","0","","40 03:55.100","","0","75 12:21.600","0","0","0","0","67301","0","0","0","N","0","0","0","3","67301","0","","4.0","","1","N","N","N","0","","0","0","1","","3","","1522","3","0","0","0","0","0","0","2","0","3","","03","","N","","","","","","","","","",""
"2020076754","1025","1","0","0","0","0","0","0","0","0","2","0","","67","9","2020","5","39.965399","-75.186019","1025","6","0","0","0","0","0","0","0","0","","0","0","0","10","","2","N","7","","39 57:55.435","3","2","75 11:09.669","3","0","0","0","67301","0","0","0","N","0","0","0","2","68K01","1","","4.0","1100.0","1","N","N","N","0","","1","0","0","","0","N","1025","1","2","1","0","0","0","0","2","0","1","","03","","N","","","","","","","","","",""
"2020113990","1230","0","0","0","0","0","0","0","0","0","5","1","","67","12","2020","2","40.037665","-75.012323","1152","6","0","0","0","0","0","1","1","0","","0","1","0","11","","0","N","0","","40 02:15.594","","0","75 00:44.362","0","0","0","0","67301","0","0","0","N","0","0","0","2","68K01","0","","1.0","","1","N","N","N","0","","0","0","1","","0","","1152","2","0","1","0","0","0","0","2","0","2","","","","N","","","","","","","","","",""
"2020079780","2350","1","0","0","0","0","0","0","0","0","4","0","","67","9","2020","3","40.005844","-75.096417","2347","6","0","0","0","0","1","0","0","0","","0","0","0","20","","1","","1","","40 00:21.038","","1","75 05:47.101","3","0","0","0","67301","0","0","0","N","0","0","0","2","67301","0","","1.0","","1","N","N","N","0","","1","0","1","","2","","2015","2","1","0","0","0","0","0","2","0","2","","03","","N","","","","","","","","","",""
"2020113568","","0","0","0","0","0","0","0","0","0","4","0","","67","3","2020","6","40.028278","-75.120067","","6","0","0","1","0","0","1","0","0","","0","0","0","16","","0","","1","","40 01:41.801","","0","75 07:12.241","0","0","0","0","67301","0","0","0","N","0","0","0","4","00000","0","","1.0","","1","","","N","0","","0","0","1","","2","","1600","2","0","0","0","0","0","0","2","1","2","","","","N","","","","","","","","","",""
"2020068086","2112","2","0","0","0","0","0","0","0","0","5","0","45","67","8","2020","6","39.975947","-75.115534","2101","6","0","0","0","1","0","0","0","0","","0","0","0","20","","3","N","0","","39 58:33.409","2","0","75 06:55.922","8","0","0","0","67301","0","0","0","N","0","0","0","4","68K01","0","","1.0","2150.0","1","N","N","N","0","","0","0","0","","0","N","2059","2","3","1","0","0","3","0","2","0","2","","03","N","Y","4","1","","","N","","","","Y","N"
"2020091634","0925","1","0","0","0","0","0","0","0","0","7","0","","67","10","2020","6","39.957095","-75.156709","0917","6","0","0","0","0","0","0","0","0","","0","0","0","09","","0","N","0","","39 57:25.542","","0","75 09:24.151","0","0","0","0","67301","0","0","0","N","0","0","0","1","68K01","0","","2.0","","1","N","N","N","0","","0","0","0","","0","","0914","1","0","0","0","0","0","0","2","0","1","","03","","N","","","","","","","","","",""
"2020068090","0559","1","0","0","0","0","0","0","0","0","5","0","","67","8","2020","1","40.042588","-75.003359","0551","6","0","0","0","0","0","1","0","0","","0","0","0","05","","0","N","0","","40 02:33.316","","0","75 00:12.092","0","0","0","0","67301","0","0","0","N","0","0","0","2","68K01","0","","1.0","","9","N","N","N","0","","0","0","1","","0","","0546","2","0","0","0","0","0","0","2","0","2","","","","N","","","","","","","","","",""
"2020087003","1153","1","0","0","0","0","0","0","0","0","6","0","","67","10","2020","1","40.067394","-75.161892","1136","6","0","0","0","0","0","0","0","0","","0","0","0","11","","0","N","0","","40 04:02.620","","0","75 09:42.810","0","0","0","0","67301","0","0","0","N","0","0","0","1","67301","0","","1.0","","1","N","N","N","0","","0","0","2","","0","","1130","3","0","0","0","0","0","0","2","0","3","","03","","N","","","","","","","","","",""
"2020077411","0100","1","0","0","0","0","0","0","0","0","4","0","","67","9","2020","7","39.986652","-75.150677","0054","6","0","0","0","0","0","1","0","0","","0","0","0","14","","2","","1","","39 59:11.947","","1","75 09:02.437","8","0","0","0","67301","0","0","0","N","0","0","0","2","67301","0","","1.0","","1","N","N","N","0","","0","0","1","","3","","1450","2","2","0","0","0","2","0","2","0","2","","","","N","","","","","","","","","",""
"2020067606","0646","0","0","0","0","0","0","0","0","0","7","0","","67","8","2020","1","39.956997","-75.152994","0636","6","0","0","0","0","0","0","0","0","","0","0","0","06","","0","N","0","","39 57:25.188","4","0","75 09:10.780","0","0","0","0","67301","0","0","0","N","0","0","0","1","68K01","0","","4.0","730.0","9","N","N","N","0","","0","0","1","","0","N","0632","1","0","0","0","0","0","0","2","0","1","","07","","N","","","","","","","","","",""
"2020091350","1301","1","0","0","0","0","0","0","0","0","4","0","","67","10","2020","6","40.052077","-75.141781","1301","6","0","0","1","0","0","0","0","0","","0","0","0","13","","0","","1","","40 03:07.476","5","0","75 08:30.412","0","0","0","0","67301","0","0","0","N","0","0","0","6","67301","0","","1.0","1315.0","1","N","N","N","0","","0","0","1","","2","Y","1300","2","0","0","0","0","0","0","2","0","2","","03","","N","","","","","","","","","",""
"2020071753","0822","2","0","0","0","0","0","0","0","0","2","0","","67","8","2020","1","39.976464","-75.186366","0815","6","0","0","0","0","0","1","0","0","","0","0","0","08","","1","N","0","","39 58:35.272","","0","75 11:10.918","3","0","0","0","67301","0","0","0","N","0","0","0","2","67301","0","","1.0","","1","N","N","N","0","","1","0","0","","3","","0810","2","1","0","0","0","0","0","2","0","2","","03","","N","","","","","","","","","",""
"2020069927","1734","2","0","0","0","0","0","0","0","0","1","0","","67","8","2020","3","39.918917","-75.246556","1730","6","0","0","0","0","0","0","0","0","","0","0","0","17","","1","N","0","","39 55:08.100","","0","75 14:47.600","4","0","0","0","67301","0","0","0","N","0","0","0","3","67301","1","","1.0","","1","N","N","N","1","","0","0","0","","0","","1725","3","1","0","0","0","0","0","2","0","3","","","","N","","","","","","","","","",""
"2020080961","2140","3","0","0","0","0","0","0","0","0","4","0","","67","9","2020","6","40.011656","-75.1631","2139","6","0","0","0","0","0","0","0","0","","0","0","0","21","","2","","1","","40 00:41.961","","0","75 09:47.160","4","0","0","0","67301","0","0","0","N","0","0","0","3","67301","1","","1.0","","1","N","N","N","0","","0","0","2","","0","","2135","5","2","1","0","0","1","0","2","0","5","","03","","N","","","","","","","","","",""
"2020065843","1710","2","0","0","0","0","0","0","0","0","1","0","","67","8","2020","6","39.937923","-75.23392","1710","6","0","0","0","0","0","0","0","0","","0","0","0","16","","0","","1","","39 56:16.524","","0","75 14:02.111","9","0","0","0","67301","0","0","0","N","0","0","0","3","67301","0","","1.0","","1","N","N","N","0","","0","0","0","","2","","1630","2","0","1","0","0","0","2","2","0","2","","03","","N","","","","","","","","","",""
"2020067607","1239","2","0","0","0","0","0","0","0","0","5","0","","67","8","2020","1","40.0348","-75.018956","1224","6","0","0","0","0","0","0","0","0","","0","0","0","12","","1","N","0","","40 02:05.281","2","0","75 01:08.243","3","0","0","0","67301","0","0","0","N","0","0","0","2","68K01","0","","1.0","30.0","9","N","N","N","0","","1","0","0","","0","N","1222","2","1","0","0","0","0","0","2","0","2","","","","N","","","","","","","","","",""
"2020077696","1655","0","0","0","0","0","0","0","0","0","4","0","","67","9","2020","1","39.922139","-75.2225","1651","6","0","0","0","0","0","0","0","0","","0","0","0","15","","1","","2","","39 55:19.700","","0","75 13:21.000","3","0","0","0","67301","0","0","0","N","0","0","0","2","67301","0","","1.0","","1","N","N","N","0","","1","0","2","","3","","1556","2","1","0","0","0","0","0","2","0","2","","03","","N","","","","","","","","","",""
"2020113932","1734","0","0","0","0","0","0","0","0","0","1","1","","67","12","2020","4","40.00868","-75.068855","1729","6","0","0","0","0","0","0","0","0","","0","1","0","17","","0","","1","","40 00:31.249","3","0","75 04:07.877","0","0","0","0","67301","0","0","0","N","0","0","0","2","67301","0","","1.0","100.0","1","N","N","N","1","","0","0","0","","2","N","1716","2","0","0","0","0","0","0","2","0","2","","03","","N","","","","","","","","","",""