"CRN","ARRIVAL_TM","AUTOMOBILE_COUNT","BELTED_DEATH_COUNT","BELTED_SUSP_SERIOUS_INJ_COUNT","BICYCLE_COUNT","BICYCLE_DEATH_COUNT","BICYCLE_SUSP_SERIOUS_INJ_COUNT","BUS_COUNT","CHLDPAS_DEATH_COUNT","CHLDPAS_SUSP_SERIOUS_INJ_COUNT","COLLISION_TYPE","COMM_VEH_COUNT","CONS_ZONE_SPD_LIM","COUNTY","CRASH_MONTH","CRASH_YEAR","DAY_OF_WEEK","DEC_LATITUDE","DEC_LONGITUDE","DISPATCH_TM","DISTRICT","DRIVER_COUNT_16YR","DRIVER_COUNT_17YR","DRIVER_COUNT_18YR","DRIVER_COUNT_19YR","DRIVER_COUNT_20YR","DRIVER_COUNT_50_64YR","DRIVER_COUNT_65_74YR","DRIVER_COUNT_75PLUS","EST_HRS_CLOSED","FATAL_COUNT","HEAVY_TRUCK_COUNT","HORSE_BUGGY_COUNT","HOUR_OF_DAY","ILLUMINATION","INJURY_COUNT","INTERSECTION_RELATED","INTERSECT_TYPE","LANE_CLOSED","LATITUDE","LN_CLOSE_DIR","LOCATION_TYPE","LONGITUDE","MAX_SEVERITY_LEVEL","MCYCLE_DEATH_COUNT","MCYCLE_SUSP_SERIOUS_INJ_COUNT","MOTORCYCLE_COUNT","MUNICIPALITY","NONMOTR_COUNT","NONMOTR_DEATH_COUNT","NONMOTR_SUSP_SERIOUS_INJ_COUNT","NTFY_HIWY_MAINT","PED_COUNT","PED_DEATH_COUNT","PED_SUSP_SERIOUS_INJ_COUNT","PERSON_COUNT","POLICE_AGCY","POSSIBLE_INJ_COUNT","RDWY_SURF_TYPE_CD","RELATION_TO_ROAD","ROADWAY_CLEARED","ROAD_CONDITION","SCH_BUS_IND","SCH_ZONE_IND","SECONDARY_CRASH","SMALL_TRUCK_COUNT","SPEC_JURIS_CD","SUSP_MINOR_INJ_COUNT","SUSP_SERIOUS_INJ_COUNT","SUV_COUNT","TCD_FUNC_CD","TCD_TYPE","TFC_DETOUR_IND","TIME_OF_DAY","TOTAL_UNITS","TOT_INJ_COUNT","UNBELTED_OCC_COUNT","UNB_DEATH_COUNT","UNB_SUSP_SERIOUS_INJ_COUNT","UNK_INJ_DEG_COUNT","UNK_INJ_PER_COUNT","URBAN_RURAL","VAN_COUNT","VEHICLE_COUNT","WEATHER1","WEATHER2","WORKERS_PRES","WORK_ZONE_IND","WORK_ZONE_LOC","WORK_ZONE_TYPE","WZ_CLOSE_DETOUR","WZ_FLAGGER","WZ_LAW_OFFCR_IND","WZ_LN_CLOSURE","WZ_MOVING","WZ_OTHER","WZ_SHLDER_MDN","WZ_WORKERS_INJ_KILLED"
"2020112996","","1","0","0","0","0","0","0","0","0","7","0","","67","1","2020","6","39.892764","-75.197142","","6","0","0","0","0","0","0","0","0","","0","0","0","14","","1","N","0","","39 53:33.950","","3","75 11:49.711","8","0","0","0","67301","0","0","0","N","0","0","0","1","00000","0","","3.0","","1","","","N","0","","0","0","0","","0","","1445","1","1","0","0","0","1","0","2","0","1","","","","N","","","","","","","","","",""
"2020078614","1625","1","0","0","0","0","0","0","0","0","1","0","","67","9","2020","4","40.112033","-74.990511","1615","6","0","0","1","0","0","0","0","0","","0","0","0","16","","1","","2","","40 06:43.320","","0","74 59:25.838","3","0","0","0","67301","0","0","0","N","0","0","0","2","67301","0","","1.0","","1","N","N","N","0","","1","0","1","","2","","1614","2","1","0","0","0","0","0","2","0","2","","03","","N","","","","","","","","","",""
"2020067526","0003","1","0","0","0","0","0","0","0","0","6","0","","67","8","2020","2","39.960611","-75.230306","0000","6","0","0","0","0","0","0","0","0","","0","0","0","23","","1","","2","","39 57:38.200","","1","75 13:49.100","4","0","0","0","67301","0","0","0","N","0","0","0","1","67301","1","","1.0","","1","N","N","N","1","","0","0","1","","0","","2337","3","1","0","0","0","0","0","2","0","3","","03","","N","","","","","","","","","",""
"2020069918","0044","1","0","0","0","0","0","0","0","0","2","0","","67","8","2020","1","39.933073","-75.237804","0037","6","0","0","0","0","0","0","1","0","","0","0","0","00","","0","N","0","","39 55:59.062","","0","75 14:16.095","0","0","0","0","67301","0","0","0","N","0","0","0","4","67301","0","","1.0","","1","N","N","N","0","","0","0","1","","0","","0030","2","0","0","0","0","0","0","2","0","2","","03","","N","","","","","","","","","",""
"2020113566","","1","0","0","0","0","0","0","0","0","2","0","","67","3","2020","4","40.012803","-75.192456","","6","0","0","0","0","0","1","0","0","","0","0","0","12","","1","N","0","","40 00:46.090","","0","75 11:32.842","8","0","0","0","67301","0","0","0","N","0","0","0","2","00000","0","","1.0","","1","","","N","0","","0","0","1","","0","","1224","2","1","0","0","0","1","0","2","0","2","","","","N","","","","","","","","","",""
"2020067604","0255","0","0","0","0","0","0","0","0","0","7","0","","67","8","2020","1","39.960155","-75.180161","0240","6","0","0","0","0","0","0","0","0","","0","0","0","02","","0","N","0","","39 57:36.558","4","3","75 10:48.578","0","0","0","0","67301","0","0","0","N","0","0","0","1","68K01","0","","4.0","305.0","9","N","N","Y","0","","0","0","1","","0","N","0238","1","0","0","0","0","0","0","2","0","1","","","","N","","","","","","","","","",""
"2020066873","1345","5","0","0","0","0","0","0","0","0","7","0","","67","8","2020","1","39.921099","-75.190679","1338","6","0","0","0","0","0","0","0","0","","0","0","0","13","","4","N","0","","39 55:15.958","","1","75 11:26.443","3","0","0","0","67301","0","0","0","N","0","0","0","5","67301","0","","4.0","","9","N","N","N","0","","4","0","0","","0","","1315","5","4","0","0","0","0","0","2","0","5","","","","N","","","","","","","","","",""
"2020069345","1859","1","0","0","0","0","0","0","0","0","1","0","","67","8","2020","4","40.003084","-75.19447","1859","6","0","0","0","0","0","1","0","0","","0","0","0","18","","2","N","0","","40 00:11.101","","0","75 11:40.091","3","0","0","0","67301","0","0","0","N","0","0","0","6","68K01","0","","1.0","","1","N","N","N","1","","1","0","2","","0","","1853","4","2","0","0","0","1","0","2","0","4","","","","N","","","","","","","","","",""
"2020065777","0832","1","0","0","0","0","0","0","0","0","1","0","","67","8","2020","6","40.000651","-75.153001","0820","6","0","0","0","0","0","0","0","0","","0","0","0","08","","0","N","0","","40 00:02.342","","0","75 09:10.805","0","0","0","0","67301","0","0","0","N","0","0","0","1","67301","0","","6.0","","1","N","N","N","0","","0","0","1","","0","","0817","2","0","0","0","0","0","0","2","0","2","","","","N","","","","","","","","","",""
"2020067894","1200","0","0","0","1","0","0","0","0","0","8","0","","67","8","2020","7","39.995216","-75.139512","1200","6","0","0","0","0","0","0","0","0","","0","0","0","16","","1","","1","","39 59:42.777","","0","75 08:22.243","3","0","0","0","67301","1","0","0","N","0","0","0","2","67301","0","","1.0","","1","N","N","N","0","","1","0","1","","2","","1600","2","1","0","0","0","0","0","2","0","1","","03","","N","","","","","","","","","",""
"2020065754","0017","2","0","0","0","0","0","0","0","0","1","0","","67","8","2020","6","40.105578","-74.993851","0001","6","0","0","0","0","0","0","0","0","","0","0","0","23","","1","N","0","","40 06:20.079","4","0","74 59:37.862","8","0","0","0","67301","0","0","0","N","0","0","0","3","67301","0","","1.0","215.0","1","N","N","N","0","","0","0","1","","0","N","2347","3","1","0","0","0","1","0","2","0","3","","03","","N","","","","","","","","","",""
"2020078528","0835","2","0","0","0","0","0","0","0","0","4","0","","67","9","2020","2","39.974224","-75.226355","0830","6","0","0","0","0","0","1","0","0","","0","0","0","07","","1","","1","","39 58:27.207","","0","75 13:34.879","2","0","1","1","67301","0","0","0","N","0","0","0","2","67301","0","","1.0","","1","N","N","N","0","","0","1","0","","2","","0758","3","1","0","0","0","0","0","2","0","3","","03","","N","","","","","","","","","",""
"2020069919","0035","2","0","0","0","0","0","0","0","0","4","0","","67","8","2020","7","39.901322","-75.239437","0031","6","0","0","0","0","0","0","0","0","","0","0","0","22","","1","","2","","39 54:04.758","","0","75 14:21.973","3","0","0","0","67301","0","0","0","N","0","0","0","2","67301","0","","1.0","","1","N","N","N","0","","1","0","0","","2","","2230","2","1","1","0","0","0","0","2","0","2","","03","","N","","","","","","","","","",""
"2020110843","","2","0","0","0","0","0","0","0","0","4","0","","67","2","2020","6","39.938707","-75.218448","","6","0","0","1","0","0","0","0","0","","0","0","0","14","","1","","2","","39 56:19.345","","0","75 13:06.412","8","0","0","0","67301","0","0","0","N","0","0","0","2","00000","0","","1.0","","1","","","N","0","","0","0","0","","3","","1400","2","1","0","0","0","1","0","2","0","2","","","","N","","","","","","","","","",""
"2020071216","1220","1","0","0","0","0","0","0","0","0","7","0","","67","8","2020","1","39.876614","-75.258237","1220","6","0","0","0","0","0","0","0","0","","0","0","0","12","","2","N","0","","39 52:35.810","","8","75 15:29.654","3","0","0","0","67301","0","0","0","N","0","0","0","2","67301","0","","4.0","","9","N","N","N","0","","2","0","0","","0","","1216","1","2","0","0","0","0","0","2","0","1","","07","","N","","","","","","","","","",""
"2020081349","2235","3","0","0","0","0","0","0","0","0","4","0","","67","9","2020","7","39.987842","-75.09547","2225","6","0","0","0","0","0","0","0","0","","0","0","0","22","","0","","1","","39 59:16.231","","0","75 05:43.691","0","0","0","0","67301","0","0","0","N","0","0","0","2","67301","0","","1.0","","1","N","N","N","0","","0","0","1","","3","","2224","4","0","0","0","0","0","0","2","0","4","","03","","N","","","","","","","","","",""
"2020071564","1820","1","0","0","0","0","0","0","0","0","4","0","","67","9","2020","3","39.972508","-75.144464","1815","6","0","0","0","0","0","0","0","0","","0","0","0","17","","0","N","0","","39 58:21.030","","0","75 08:40.070","0","0","0","0","67301","0","0","0","N","0","0","0","1","67301","0","","6.0","","1","N","N","N","0","","0","0","1","","0","","1750","2","0","1","0","0","0","0","2","0","2","","","","N","","","","","","","","","",""
"2020066572","0934","0","0","0","1","0","0","0","0","0","8","0","","67","8","2020","2","39.992278","-75.119963","0933","6","0","0","0","0","0","0","0","0","","0","0","0","09","","1","","1","","39 59:32.200","","0","75 07:11.866","3","0","0","0","67301","1","0","0","N","0","0","0","2","67301","0","","1.0","","1","N","N","N","0","","1","0","0","","3","","0932","2","1","1","0","0","0","0","2","1","1","","03","","N","","","","","","","","","",""
"2020068088","1356","1","0","0","0","0","0","0","0","0","5","0","","67","8","2020","7","40.028155","-75.023506","1346","6","0","0","0","0","0","0","0","0","","0","0","0","13","","1","N","0","","40 01:41.358","1","0","75 01:24.623","8","0","0","0","67301","0","0","0","N","0","0","0","2","68K01","0","","1.0","1414.0","1","N","N","N","0","","0","0","1","","0","N","1344","2","1","0","0","0","1","0","2","0","2","","04","","N","","","","","","","","","",""
"2020083567","1010","2","0","0","0","0","0","0","0","0","1","0","","67","10","2020","2","39.997033","-75.165842","1009","6","0","0","0","0","0","0","0","0","","0","0","0","10","","1","N","0","","39 59:49.320","","0","75 09:57.030","3","0","0","0","67301","1","0","0","N","1","0","0","3","67301","0","","1.0","","1","N","N","N","0","","1","0","0","","0","","1000","3","1","2","0","0","0","0","2","0","2","","03","","N","","","","","","","","","",""
"2020071782","0157","1","0","0","0","0","0","0","0","0","5","0","","67","9","2020","5","40.032114","-75.094272","0155","6","0","0","1","0","0","0","0","0","","0","0","0","01","","0","N","0","","40 01:55.610","","0","75 05:39.380","9","0","0","0","67301","0","0","0","N","0","0","0","2","67301","0","","1.0","","9","N","N","N","0","","0","0","0","","0","","0155","2","0","0","0","0","0","1","2","0","2","","04","","N","","","","","","","","","",""
"2020075908","1655","2","0","0","0","0","0","0","0","0","4","0","","67","9","2020","2","40.004551","-75.132065","1654","6","0","0","0","0","1","0","0","0","","0","0","0","15","","1","","1","","40 00:16.383","","0","75 07:55.433","3","0","0","0","67301","0","0","0","N","0","0","0","3","67301","0","","1.0","","1","N","N","N","0","","1","0","0","","2","","1556","2","1","0","0","0","0","0","2","0","2","","03","","N","","","","","","","","","",""
"2020075125","1948","1","0","0","0","0","0","0","0","0","4","0","","67","9","2020","6","39.968117","-75.160105","1945","6","0","0","0","0","0","1","0","0","","0","0","0","19","","1","","2","","39 58:05.221","","0","75 09:36.378","3","0","0","0","67301","0","0","0","N","0","0","0","2","67301","0","","1.0","","1","N","N","N","0","","1","0","0","","0","","1940","2","1","0","0","0","0","0","2","1","2","","03","","N","","","","","","","","","",""
"2020077978","0654","0","0","0","0","0","0","0","0","0","7","0","","67","9","2020","7","39.959454","-75.140521","0651","6","0","0","0","0","0","0","0","0","","0","0","0","06","","1","N","0","","39 57:34.033","1","0","75 08:25.876","3","0","0","0","67301","0","0","0","N","0","0","0","1","68K01","0","","4.0","800.0","1","N","N","N","0","","1","0","1","","0","N","0638","1","1","0","0","0","0","0","2","0","1","","03","","N","","","","","","","","","",""
"2020070364","0245","2","0","0","0","0","0","0","0","0","5","0","","67","8","2020","7","39.935626","-75.172201","0238","6","0","0","0","0","0","0","0","0","","0","0","0","02","","1","","2","","39 56:08.253","","0","75 10:19.923","2","0","0","0","67301","0","0","0","N","0","0","0","1","67301","0","","1.0","","1","N","N","N","0","","0","1","1","","0","","0238","3","1","0","0","0","0","0","2","0","3","","03","","N","","","","","","","","","",""
"2020072393","0803","0","0","0","0","0","0","0","0","0","5","0","","67","9","2020","6","40.03183","-75.036609","0800","6","0","0","0","0","0","0","0","0","","0","0","0","07","","1","N","0","","40 01:54.588","3","0","75 02:11.792","3","0","0","0","67301","0","0","0","N","0","0","0","1","67301","0","","6.0","900.0","1","N","N","N","0","","1","0","1","","0","N","0758","2","1","0","0","0","0","0","2","1","2","","03","","N","","","","","","","","","",""
"2020071498","0319","2","0","0","0","0","0","0","0","0","5","0","","67","8","2020","1","40.010063","-75.064053","0314","6","0","0","0","0","0","0","0","0","","0","0","0","03","","0","","7","","40 00:36.228","2","2","75 03:50.591","0","0","0","0","67301","0","0","0","N","0","0","0","3","68K01","0","","7.0","400.0","1","N","N","N","0","","0","0","0","","0","N","0311","2","0","0","0","0","0","0","2","0","2","","","","N","","","","","","","","","",""
"2020073068","1240","1","0","0","0","0","0","0","0","0","4","0","","67","9","2020","7","40.050393","-75.153118","1240","6","0","0","0","0","0","0","1","0","","0","0","0","11","","0","","1","","40 03:01.414","","0","75 09:11.224","9","0","0","0","67301","0","0","0","N","0","0","0","2","67301","0","","1.0","","1","N","N","N","0","","0","0","0","","3","","1100","2","0","0","0","0","0","1","2","1","2","","","","N","","","","","","","","","",""
"2020070938","1950","3","0","0","0","0","0","0","0","0","5","0","","67","8","2020","1","39.997217","-75.110442","1945","6","0","0","0","0","0","0","0","0","","0","0","0","19","","0","N","0","","39 59:49.980","","0","75 06:37.590","9","0","0","0","67301","0","0","0","N","0","0","0","1","67301","0","","6.0","","1","N","N","N","0","","0","0","2","","0","","1935","5","0","1","0","0","0","1","2","0","5","","03","","N","","","","","","","","","",""
"2020069869","0043","1","0","0","0","0","0","0","0","0","7","0","","67","8","2020","5","39.99685","-75.082161","0042","6","0","0","0","0","0","0","0","0","","0","0","0","00","","1","","7","","39 59:48.660","1","2","75 04:55.780","8","0","0","0","67301","0","0","0","N","0","0","0","1","68K01","0","","2.0","20.0","1","N","N","N","0","","0","0","0","","0","Y","0042","2","1","0","0","0","1","0","2","0","1","","03","","N","","","","","","","","","",""
"2020071977","1355","1","0","0","0","0","0","0","0","0","7","0","","67","9","2020","4","40.05843","-75.149239","1354","6","0","0","0","0","0","0","0","0","","0","0","0","13","","0","","5","","40 03:30.348","","0","75 08:57.260","9","0","0","0","67301","1","0","0","N","1","0","0","2","67301","0","","5.0","","1","N","N","N","0","","0","0","0","","2","","1350","2","0","0","0","0","0","1","2","0","1","","03","","N","","","","","","","","","",""
"2020076646","1000","1","0","0","0","0","0","0","0","0","4","0","","67","9","2020","1","39.988769","-75.12018","0950","6","0","0","1","0","0","0","0","0","","0","0","0","09","","1","","1","","39 59:19.569","","0","75 07:12.649","2","0","0","0","67301","0","0","0","N","0","0","0","2","67301","0","","1.0","","1","N","N","N","0","","0","1","0","","2","","0920","2","1","0","0","0","0","1","2","0","2","","","","N","","","","","","","","","",""
"2020070328","0435","1","0","0","0","0","0","0","0","0","7","0","","67","8","2020","7","40.018269","-75.089439","0435","6","0","0","0","0","0","0","0","0","","0","0","0","04","","0","N","0","","40 01:05.770","","0","75 05:21.980","0","0","0","0","67301","0","0","0","N","0","0","0","1","67301","0","","4.0","","1","N","N","N","0","","0","0","0","","0","","0435","1","0","0","0","0","0","0","2","0","1","","","","N","","","","","","","","","",""
"2020074928","0456","0","0","0","0","0","0","0","0","0","7","0","","67","9","2020","1","40.025242","-75.194756","0446","6","0","0","0","0","0","0","0","0","","0","0","0","04","","0","N","0","","40 01:30.870","3","0","75 11:41.120","0","0","0","0","67301","0","0","0","N","0","0","0","1","67301","0","","3.0","600.0","1","N","N","N","0","","0","0","0","","0","Y","0441","1","0","0","0","0","0","0","2","1","1","","03","","N","","","","","","","","","",""
"2020113455","","2","0","0","0","0","0","0","0","0","1","0","","67","2","2020","2","40.008183","-75.190857","","6","0","0","0","0","0","0","0","0","","0","0","0","22","","1","N","0","","40 00:29.458","","0","75 11:27.085","8","0","0","0","67301","0","0","0","N","0","0","0","2","00000","0","","1.0","","1","","","N","0","","0","0","0","","0","","2230","2","1","0","0","0","1","0","2","0","2","","","","N","","","","","","","","","",""
"2020077502","1420","1","0","0","0","0","0","0","0","0","4","0","","67","9","2020","2","39.955502","-75.188255","1418","6","0","0","0","0","1","0","0","0","","0","0","0","14","","0","","2","","39 57:19.808","2","0","75 11:17.719","0","0","0","0","67301","0","0","0","N","0","0","0","2","67507","0","","1.0","1520.0","1","N","N","N","1","","0","0","0","","2","Y","1415","2","0","0","0","0","0","0","2","0","2","","03","","N","","","","","","","","","",""
"2020069923","0118","4","0","0","0","0","0","0","0","0","6","0","","67","8","2020","2","39.928994","-75.230922","0118","6","0","0","0","0","0","0","0","0","","0","0","0","00","","0","N","0","","39 55:44.380","","0","75 13:51.320","0","0","0","0","67301","0","0","0","N","0","0","0","1","67301","0","","6.0","","1","N","N","N","0","","0","0","4","","0","","0000","8","0","0","0","0","0","0","2","0","8","","04","","N","","","","","","","","","",""
"2020075481","2110","1","0","0","0","0","0","0","0","0","4","0","","67","9","2020","3","39.957511","-75.217339","2105","6","0","0","0","0","0","0","0","0","","0","0","0","21","","3","","1","","39 57:27.041","","0","75 13:02.421","2","0","0","0","67301","0","0","0","N","0","0","0","3","67301","0","","1.0","","1","N","N","N","0","","0","3","0","","2","","2104","2","3","0","0","0","0","0","2","1","2","","03","","N","","","","","","","","","",""
"2020069823","2100","1","0","0","0","0","0","0","0","0","4","0","","67","8","2020","5","40.018438","-75.149133","2100","6","0","0","0","0","0","1","0","0","","0","0","0","21","","0","","1","","40 01:06.376","","0","75 08:56.880","0","0","0","0","67301","0","0","0","N","0","0","0","3","67301","0","","1.0","","1","N","N","N","0","","0","0","1","","2","","2100","3","0","2","0","0","0","0","2","1","3","","03","","N","","","","","","","","","",""
"2020074449","0500","3","0","0","0","0","0","0","0","0","5","0","","67","9","2020","1","40.014044","-75.191689","0454","6","0","0","0","0","0","0","0","0","","0","0","0","04","","0","N","0","","40 00:50.560","","0","75 11:30.080","9","0","0","0","67301","0","0","0","N","0","0","0","1","67301","0","","6.0","","1","N","N","N","0","","0","0","0","","0","","0445","4","0","0","0","0","0","1","2","1","4","","03","","N","","","","","","","","","",""
"2020076656","1430","1","0","0","0","0","0","0","0","0","5","0","","67","9","2020","5","40.019784","-75.114492","1430","6","0","0","0","0","0","0","0","0","","0","0","0","09","","1","Y","0","","40 01:11.222","","0","75 06:52.171","3","0","0","0","67301","0","0","0","N","0","0","0","2","67301","0","","1.0","","1","N","N","N","0","","1","0","0","","2","","0945","2","1","2","0","0","0","0","2","1","2","","03","","N","","","","","","","","","",""
"2020065779","2252","1","0","0","0","0","0","0","0","0","4","0","","67","8","2020","6","40.018808","-75.115321","2250","6","0","0","1","1","0","0","0","0","","0","0","0","22","","2","","1","","40 01:07.709","","0","75 06:55.155","8","0","0","1","67301","0","0","0","N","0","0","0","3","67301","0","","1.0","","1","N","N","N","0","","0","0","0","","2","","2240","2","2","0","0","0","2","0","2","0","2","","03","","N","","","","","","","","","",""
"2020071973","1146","1","0","0","0","0","0","0","0","0","1","0","","67","9","2020","4","39.990784","-75.129732","1146","6","0","0","0","0","0","0","0","0","","0","0","0","15","","1","N","0","","39 59:26.824","","0","75 07:47.034","3","0","0","0","67301","0","0","0","N","0","0","0","3","67301","0","","1.0","","99","N","N","N","0","","1","0","1","","0","","1530","2","1","0","0","0","0","2","2","0","2","","03","","N","","","","","","","","","",""
"2020072405","0644","1","0","0","0","0","0","0","0","0","1","0","","67","9","2020","7","39.910389","-75.151111","0644","6","0","0","0","0","0","0","0","0","","0","0","0","06","","0","Y","0","","39 54:37.400","3","2","75 09:04.000","0","0","0","0","67301","0","0","0","N","0","0","0","3","67501","0","","1.0","650.0","1","N","N","N","0","","0","0","1","","2","N","0644","2","0","0","0","0","0","0","2","0","2","","","","N","","","","","","","","","",""
"2020067837","1110","1","0","0","0","0","0","0","0","0","4","0","","67","8","2020","7","40.007486","-75.125486","1101","6","0","0","0","0","0","0","0","0","","0","0","0","10","","0","","2","","40 00:26.950","","0","75 07:31.750","0","0","0","0","67301","0","0","0","N","0","0","0","2","67301","0","","1.0","","1","N","N","N","0","","0","0","1","","2","","1055","2","0","0","0","0","0","0","2","0","2","","03","","N","","","","","","","","","",""
"2020080054","1635","3","0","0","0","0","0","0","0","0","4","0","","67","9","2020","4","39.914939","-75.237602","1635","6","0","0","0","1","0","0","0","0","","0","0","0","16","","2","","1","","39 54:53.780","","0","75 14:15.367","2","0","0","0","67301","0","0","0","N","0","0","0","5","67301","1","","1.0","","1","N","N","N","1","","0","1","1","","2","","1630","5","2","0","0","0","0","0","2","0","5","","03","","N","","","","","","","","","",""
"2020069518","1641","2","0","0","0","0","0","0","0","0","4","0","","67","8","2020","4","40.053802","-75.160903","1640","6","0","0","0","0","0","0","1","0","","0","0","0","16","","1","","2","","40 03:13.687","","0","75 09:39.250","3","0","0","0","67301","0","0","0","N","0","0","0","3","67301","0","","1.0","","1","N","N","N","0","","1","0","1","","3","","1639","3","1","0","0","0","0","0","2","0","3","","03","","N","","","","","","","","","",""
"2020074740","1850","1","0","0","0","0","0","0","0","0","4","0","","67","8","2020","2","39.986826","-75.255155","1842","6","0","0","0","0","0","0","0","0","","0","0","0","16","","0","","1","","39 59:12.573","","0","75 15:18.558","9","0","0","0","67301","0","0","0","N","0","0","0","2","67301","0","","1.0","","1","N","N","N","0","","0","0","1","","3","","1600","2","0","0","0","0","0","1","2","0","2","","03","","N","","","","","","","","","",""
"2020079567","0935","0","0","0","0","0","0","0","0","0","7","0","","67","9","2020","4","40.019553","-75.095181","0933","6","0","0","0","0","0","0","0","0","","0","0","0","09","","0","N","0","","40 01:10.390","","0","75 05:42.650","0","0","0","0","67301","0","0","0","N","0","0","0","1","67301","0","","4.0","","1","N","N","N","0","","0","0","1","","0","","0925","1","0","0","0","0","0","0","2","0","1","","","","N","","","","","","","","","",""
"2020070423","1445","0","0","0","0","0","0","0","0","0","0","0","","67","8","2020","7","39.92749","-75.195631","1435","6","0","0","0","0","0","0","0","0","","0","0","0","14","","1","N","0","","39 55:38.965","3","0","75 11:44.271","8","0","0","1","67301","0","0","0","N","0","0","0","1","68K01","0","","1.0","30.0","9","N","N","N","0","","0","0","0","","0","N","1427","1","1","0","0","0","1","0","2","0","1","","","","N","","","","","","","","","",""
"2020083622","0345","1","0","0","0","0","0","0","0","0","7","0","","67","9","2020","2","39.973446","-75.193996","0342","6","0","0","0","0","0","0","0","0","","0","0","0","03","","1","N","0","","39 58:24.405","3","0","75 11:38.386","8","0","0","0","67301","0","0","0","N","0","0","0","1","68K01","0","","4.0","354.0","1","N","N","N","0","","0","0","0","","0","N","0340","1","1","0","0","0","1","0","2","0","1","","03","","N","","","","","","","","","",""
"2020071967","0825","2","0","0","0","0","0","0","0","0","4","0","","67","9","2020","4","40.029833","-75.087659","0820","6","0","0","0","0","0","1","0","0","","0","0","0","08","","5","","1","","40 01:47.398","1","0","75 05:15.572","8","0","0","0","67301","0","0","0","N","0","0","0","6","67301","0","","1.0","1230.0","1","N","N","N","0","","0","0","1","","2","Y","0808","3","5","0","0","0","5","0","2","0","3","","04","","N","","","","","","","","","",""
"2020074323","1440","2","0","0","0","0","0","0","0","0","4","0","","67","9","2020","5","39.972632","-75.144461","1437","6","0","0","0","0","0","0","1","0","","0","0","0","14","","2","","1","","39 58:21.475","","0","75 08:40.059","3","0","0","0","67301","0","0","0","N","0","0","0","3","67301","0","","1.0","","1","N","N","N","0","","2","0","1","","2","","1400","3","2","0","0","0","0","0","2","0","3","","","","N","","","","","","","","","",""
"2020070468","1635","1","0","0","0","0","0","0","0","0","4","0","","67","8","2020","7","40.029132","-75.074079","1631","6","0","0","0","0","0","0","0","0","","0","0","0","16","","1","N","0","","40 01:44.876","2","7","75 04:26.684","4","0","0","0","67301","0","0","0","N","0","0","0","3","67301","1","","1.0","1705.0","1","N","N","N","1","","0","0","0","","0","N","1625","2","1","0","0","0","0","2","2","0","2","","03","","N","","","","","","","","","",""
"2020101747","1236","1","0","0","0","0","0","0","0","0","8","0","","67","9","2020","5","39.932167","-75.193961","1223","6","0","0","0","0","0","0","0","0","","0","0","0","11","","1","N","0","","39 55:55.800","","0","75 11:38.260","2","0","0","0","67301","1","0","1","N","1","0","1","2","67301","0","","4.0","","1","N","N","N","0","","0","1","0","","0","","1130","2","1","0","0","0","0","0","2","0","1","","04","","N","","","","","","","","","",""
"2020067014","1245","2","0","0","0","0","0","0","0","0","4","0","","67","8","2020","3","39.960683","-75.141429","1240","6","0","0","0","0","0","0","0","0","","0","0","0","12","","0","","1","","39 57:38.457","","0","75 08:29.145","0","0","0","0","67301","0","0","0","N","0","0","0","2","67301","0","","1.0","","1","N","N","N","0","","0","0","0","","2","","1230","2","0","0","0","0","0","0","2","0","2","","03","","N","","","","","","","","","",""
"2020076789","1720","0","0","0","0","0","0","0","0","0","4","0","","67","9","2020","5","39.902943","-75.173996","1707","6","0","0","0","0","0","0","0","0","","0","0","0","17","","1","","2","","39 54:10.596","","0","75 10:26.386","8","0","0","1","67301","0","0","0","N","0","0","0","2","67301","0","","1.0","","1","N","N","N","0","","0","0","0","","2","","1704","2","1","0","0","0","1","0","2","1","2","","03","","N","","","","","","","","","",""
"2020075907","2100","0","0","0","0","0","0","0","0","0","0","0","","67","9","2020","1","40.010861","-75.121042","2052","6","0","0","0","0","0","0","0","0","","0","0","0","20","","1","N","0","","40 00:39.101","2","0","75 07:15.752","8","0","0","0","67301","0","0","0","N","0","0","0","1","67301","0","","1.0","2108.0","1","N","N","N","0","","0","0","0","","0","N","2044","1","1","0","0","0","1","0","2","0","1","","03","","N","","","","","","","","","",""
"2020075905","2053","2","0","0","0","0","0","0","0","0","1","0","","67","9","2020","3","40.026222","-75.109917","2043","6","0","0","0","0","0","1","0","0","","0","0","0","20","","0","N","0","","40 01:34.400","","0","75 06:35.700","0","0","0","0","67301","0","0","0","N","0","0","0","2","67301","0","","1.0","","1","N","N","Y","0","","0","0","1","","0","","2033","3","0","0","0","0","0","0","2","0","3","","","","N","","","","","","","","","",""
"2020072323","2315","2","0","0","0","0","0","0","0","0","1","0","","67","9","2020","5","39.995052","-75.163187","2315","6","0","0","0","1","0","0","0","0","","0","0","0","19","","1","","5","","39 59:42.186","","0","75 09:47.473","8","0","0","0","67301","0","0","0","N","0","0","0","2","67301","0","","1.0","","99","N","N","N","0","","0","0","0","","2","","1920","2","1","2","0","0","1","0","2","0","2","","03","","N","","","","","","","","","",""