"CRN","ARRIVAL_TM","AUTOMOBILE_COUNT","BELTED_DEATH_COUNT","BELTED_SUSP_SERIOUS_INJ_COUNT","BICYCLE_COUNT","BICYCLE_DEATH_COUNT","BICYCLE_SUSP_SERIOUS_INJ_COUNT","BUS_COUNT","CHLDPAS_DEATH_COUNT","CHLDPAS_SUSP_SERIOUS_INJ_COUNT","COLLISION_TYPE","COMM_VEH_COUNT","CONS_ZONE_SPD_LIM","COUNTY","CRASH_MONTH","CRASH_YEAR","DAY_OF_WEEK","DEC_LATITUDE","DEC_LONGITUDE","DISPATCH_TM","DISTRICT","DRIVER_COUNT_16YR","DRIVER_COUNT_17YR","DRIVER_COUNT_18YR","DRIVER_COUNT_19YR","DRIVER_COUNT_20YR","DRIVER_COUNT_50_64YR","DRIVER_COUNT_65_74YR","DRIVER_COUNT_75PLUS","EST_HRS_CLOSED","FATAL_COUNT","HEAVY_TRUCK_COUNT","HORSE_BUGGY_COUNT","HOUR_OF_DAY","ILLUMINATION","INJURY_COUNT","INTERSECTION_RELATED","INTERSECT_TYPE","LANE_CLOSED","LATITUDE","LN_CLOSE_DIR","LOCATION_TYPE","LONGITUDE","MAX_SEVERITY_LEVEL","MCYCLE_DEATH_COUNT","MCYCLE_SUSP_SERIOUS_INJ_COUNT","MOTORCYCLE_COUNT","MUNICIPALITY","NONMOTR_COUNT","NONMOTR_DEATH_COUNT","NONMOTR_SUSP_SERIOUS_INJ_COUNT","NTFY_HIWY_MAINT","PED_COUNT","PED_DEATH_COUNT","PED_SUSP_SERIOUS_INJ_COUNT","PERSON_COUNT","POLICE_AGCY","POSSIBLE_INJ_COUNT","RDWY_SURF_TYPE_CD","RELATION_TO_ROAD","ROADWAY_CLEARED","ROAD_CONDITION","SCH_BUS_IND","SCH_ZONE_IND","SECONDARY_CRASH","SMALL_TRUCK_COUNT","SPEC_JURIS_CD","SUSP_MINOR_INJ_COUNT","SUSP_SERIOUS_INJ_COUNT","SUV_COUNT","TCD_FUNC_CD","TCD_TYPE","TFC_DETOUR_IND","TIME_OF_DAY","TOTAL_UNITS","TOT_INJ_COUNT","UNBELTED_OCC_COUNT","UNB_DEATH_COUNT","UNB_SUSP_SERIOUS_INJ_COUNT","UNK_INJ_DEG_COUNT","UNK_INJ_PER_COUNT","URBAN_RURAL","VAN_COUNT","VEHICLE_COUNT","WEATHER1","WEATHER2","WORKERS_PRES","WORK_ZONE_IND","WORK_ZONE_LOC","WORK_ZONE_TYPE","WZ_CLOSE_DETOUR","WZ_FLAGGER","WZ_LAW_OFFCR_IND","WZ_LN_CLOSURE","WZ_MOVING","WZ_OTHER","WZ_SHLDER_MDN","WZ_WORKERS_INJ_KILLED"
"2020079323","1608","1","0","0","0","0","0","0","0","0","1","0","","67","9","2020","5","40.038461","-75.036321","1607","6","0","0","0","0","0","1","0","0","","0","0","0","15","","0","","1","","40 02:18.460","2","0","75 02:10.757","9","0","0","0","67301","0","0","0","N","0","0","0","5","67301","0","","1.0","1653.0","1","N","N","N","0","","0","0","3","","2","N","1540","4","0","0","0","0","0","5","2","0","4","","04","","N","","","","","","","","","",""
"2020070144","1610","1","0","0","0","0","0","0","0","0","7","0","","67","8","2020","4","40.025974","-75.041765","1606","6","0","0","0","0","0","0","0","0","","0","0","0","16","","0","","1","","40 01:33.506","","0","75 02:30.353","0","0","0","0","67301","0","0","0","N","0","0","0","1","67301","0","","4.0","","1","N","N","N","0","","0","0","1","","3","","1600","2","0","0","0","0","0","0","2","0","2","","03","","N","","","","","","","","","",""
"2020069514","1333","0","0","0","0","0","0","0","0","0","4","0","","67","8","2020","4","39.928157","-75.160233","1311","6","0","0","0","0","0","1","0","0","","0","0","0","13","","1","","1","","39 55:41.365","","0","75 09:36.837","3","0","0","0","67301","0","0","0","N","0","0","0","4","67301","0","","1.0","","1","N","N","N","0","","1","0","2","","3","","1311","2","1","0","0","0","0","0","2","0","2","","03","","N","","","","","","","","","",""
"2020077973","0510","1","0","0","0","0","0","0","0","0","7","0","","67","9","2020","6","39.910922","-75.149026","0455","6","0","0","0","0","0","1","0","0","","0","0","0","04","","1","N","0","","39 54:39.320","","0","75 08:56.492","3","0","0","0","67301","0","0","0","N","0","0","0","1","68K01","0","","4.0","","1","N","N","N","0","","1","0","0","","0","","0452","1","1","0","0","0","0","0","2","0","1","","","","N","","","","","","","","","",""
"2020073382","1617","1","0","0","0","0","0","0","0","0","4","0","","67","9","2020","7","39.992018","-75.121567","1617","6","0","0","0","0","0","0","1","0","","0","0","0","16","","0","","1","","39 59:31.264","","1","75 07:17.641","9","0","0","0","67301","0","0","0","N","0","0","0","2","67301","0","","1.0","","1","N","N","N","1","","0","0","0","","3","","1615","2","0","1","0","0","0","1","2","0","2","","04","","N","","","","","","","","","",""
"2020065955","1528","0","0","0","0","0","0","0","0","0","8","0","","67","8","2020","6","39.992539","-75.126578","1528","6","0","0","0","0","0","1","0","0","","0","0","0","15","","1","N","0","","39 59:33.140","","0","75 07:35.680","3","0","0","0","67301","1","0","0","N","1","0","0","2","67301","0","","1.0","","1","N","N","N","1","","1","0","0","","0","","1500","2","1","0","0","0","0","0","2","0","1","","03","","N","","","","","","","","","",""
"2020069343","1251","1","0","0","0","0","0","0","0","0","7","0","","67","8","2020","4","39.964929","-75.137868","1241","6","0","0","0","0","0","0","0","0","","0","0","0","12","","1","N","0","","39 57:53.743","2","0","75 08:16.325","8","0","0","0","67301","0","0","0","N","0","0","0","2","68K01","0","","2.0","1330.0","1","N","N","Y","0","","0","0","0","","0","N","1238","1","1","0","0","0","1","0","2","0","1","","03","","N","","","","","","","","","",""
"2020091802","2021","2","0","0","0","0","0","0","0","0","1","0","","67","10","2020","6","39.999349","-75.195441","2014","6","0","0","0","0","0","0","0","0","","0","0","0","20","","2","N","0","","39 59:57.655","","0","75 11:43.587","8","0","0","0","67301","0","0","0","N","0","0","0","5","68K01","0","","1.0","","1","N","N","N","0","","0","0","1","","0","","2011","3","2","0","0","0","2","0","2","0","3","","03","","N","","","","","","","","","",""
"2020070466","0253","1","0","0","1","0","0","0","0","0","8","0","","67","8","2020","7","39.963108","-75.174677","0243","6","0","0","0","0","0","0","0","0","","0","0","0","22","","1","","1","","39 57:47.188","","0","75 10:28.837","3","0","0","0","67301","1","0","0","N","0","0","0","2","67301","0","","1.0","","1","N","N","N","0","","1","0","0","","2","","2245","2","1","0","0","0","0","0","2","0","1","","","","N","","","","","","","","","",""
"2020074742","1938","2","0","0","0","0","0","0","0","0","4","0","","67","9","2020","1","40.026261","-75.117167","1933","6","0","1","0","0","1","0","0","0","","0","0","0","19","","1","","1","","40 01:34.539","","0","75 07:01.801","3","0","0","0","67301","0","0","0","N","0","0","0","3","67301","0","","1.0","","1","N","N","N","0","","1","0","0","","2","","1920","3","1","0","0","0","0","0","2","0","3","","03","","N","","","","","","","","","",""
"2020075336","2122","0","0","0","0","0","0","0","0","0","7","0","","67","9","2020","2","40.039353","-75.007262","2122","6","0","0","0","1","0","0","0","0","","0","0","0","21","","0","N","0","","40 02:21.670","","0","75 00:26.142","0","0","0","0","67301","0","0","0","N","0","0","0","1","68K01","0","","4.0","","1","N","N","N","0","","0","0","0","","0","","2122","1","0","0","0","0","0","0","2","1","1","","","","N","","","","","","","","","",""
"2020068083","1227","2","0","0","0","0","0","0","0","0","1","0","","67","8","2020","6","39.95884","-75.170567","1222","6","0","0","0","0","0","1","1","0","","0","0","0","12","","1","N","0","","39 57:31.825","3","0","75 10:14.040","3","0","0","0","67301","0","0","0","N","0","0","0","11","68K01","0","","1.0","1313.0","1","N","N","N","0","","1","0","3","","0","N","1217","5","1","0","0","0","0","0","2","0","5","","","","N","","","","","","","","","",""
"2020066713","2214","1","0","0","0","0","0","0","0","0","1","0","","67","8","2020","3","39.973237","-75.212226","2214","6","0","0","0","0","0","1","0","0","","0","0","0","22","","2","","1","","39 58:23.653","4","0","75 12:44.012","3","0","0","0","67301","0","0","0","N","0","0","0","3","67301","0","","1.0","50.0","1","N","N","N","0","","2","0","1","","2","N","2214","2","2","0","0","0","0","0","2","0","2","","03","","N","","","","","","","","","",""
"2020070472","0309","1","0","0","0","0","0","0","0","0","4","0","","67","8","2020","1","39.968841","-75.136192","0309","6","0","0","0","0","0","0","0","0","","0","0","0","03","","1","","1","","39 58:07.829","","1","75 08:10.292","2","0","0","0","67301","0","0","0","N","0","0","0","5","67301","0","","1.0","","1","N","N","N","0","","0","1","1","","2","","0300","2","1","0","0","0","0","0","2","0","2","","03","","N","","","","","","","","","",""
"2020072392","1245","1","0","0","0","0","0","0","0","0","8","0","","67","9","2020","5","40.029894","-75.055537","1243","6","0","0","0","0","0","0","1","0","","0","0","0","12","","1","N","0","","40 01:47.618","","0","75 03:19.932","3","0","0","0","67301","1","0","0","N","1","0","0","2","67301","0","","1.0","","1","N","N","N","0","","1","0","1","","0","","1240","3","1","0","0","0","0","0","2","0","2","","03","","N","","","","","","","","","",""
"2020113453","","1","0","0","0","0","0","0","0","0","1","0","","67","2","2020","5","39.998477","-75.195592","","6","0","0","0","0","0","0","0","0","","0","0","0","15","","2","N","0","","39 59:54.518","","0","75 11:44.130","4","0","0","0","67301","0","0","0","N","0","0","0","3","00000","1","","1.0","","1","","","N","0","","0","0","0","","0","","1500","2","2","0","0","0","1","0","2","0","2","","","","N","","","","","","","","","",""
"2020072496","1352","0","0","0","0","0","0","0","0","0","1","0","","67","9","2020","6","39.923833","-75.224936","1352","6","0","0","0","0","0","0","0","0","","0","0","0","13","","0","","1","","39 55:25.798","","0","75 13:29.769","0","0","0","0","67301","0","0","0","N","0","0","0","2","67301","0","","1.0","","1","N","N","N","0","","0","0","1","","2","","1350","2","0","0","0","0","0","0","2","1","2","","98","","N","","","","","","","","","",""
"2020069921","0510","1","0","0","0","0","0","0","0","0","5","0","","67","8","2020","1","39.913347","-75.238831","0504","6","0","0","0","0","0","0","0","0","","0","0","0","05","","1","N","0","","39 54:48.050","5","0","75 14:19.790","3","0","0","0","67301","0","0","0","N","0","0","0","1","67301","0","","6.0","700.0","9","N","N","Y","1","","1","0","1","","0","Y","0500","4","1","0","0","0","0","0","2","1","4","","07","","N","","","","","","","","","",""
"2020072556","1805","1","0","0","0","0","0","0","0","0","2","0","","67","9","2020","7","39.990184","-75.180068","1805","6","0","0","0","1","0","0","0","0","","0","0","0","18","","1","","1","","39 59:24.662","","0","75 10:48.244","3","0","0","0","67301","0","0","0","N","0","0","0","2","67301","0","","1.0","","1","N","N","N","0","","1","0","1","","2","","1805","2","1","0","0","0","0","0","2","0","2","","03","","N","","","","","","","","","",""
"2020074453","0752","3","0","0","0","0","0","0","0","0","5","0","","67","9","2020","6","40.024975","-75.173303","0751","6","0","0","0","0","0","0","0","0","","0","0","0","07","","0","N","0","","40 01:29.910","","0","75 10:23.890","9","0","0","0","67301","0","0","0","N","0","0","0","1","67301","0","","6.0","","1","N","N","N","0","","0","0","0","","0","","0710","4","0","0","0","0","0","1","2","1","4","","","","N","","","","","","","","","",""
"2020074321","1140","1","0","0","0","0","0","0","0","0","4","0","","67","9","2020","7","39.963163","-75.202343","1130","6","0","1","0","0","0","0","0","0","","0","0","0","10","","1","","1","","39 57:47.385","","0","75 12:08.435","3","0","0","0","67301","0","0","0","N","0","0","0","1","67301","0","","1.0","","1","N","N","N","0","","1","0","2","","2","","1030","3","1","0","0","0","0","0","2","0","3","","03","","N","","","","","","","","","",""
"2020073894","2100","1","0","0","0","0","0","0","0","0","8","0","","67","9","2020","3","39.968372","-75.16005","2053","6","0","0","0","0","0","0","0","0","","0","0","0","20","","1","N","0","","39 58:06.138","","0","75 09:36.179","2","0","0","0","67301","1","0","1","N","1","0","1","2","67301","0","","1.0","","1","N","N","N","0","","0","1","0","","0","","2053","2","1","1","0","0","0","0","2","0","1","","03","","N","","","","","","","","","",""
"2020068245","0454","0","0","0","0","0","0","0","0","0","7","0","","67","8","2020","1","39.973205","-75.211993","0448","6","0","0","0","0","0","0","0","0","","0","0","0","04","","0","N","0","","39 58:23.537","","0","75 12:43.176","0","0","0","0","67301","0","0","0","N","0","0","0","2","67301","0","","4.0","","9","N","N","N","0","","0","0","1","","0","","0445","1","0","0","0","0","0","0","2","0","1","","07","","N","","","","","","","","","",""
"2020092375","2301","1","0","0","0","0","0","0","0","0","1","0","","67","10","2020","5","40.03789","-75.139488","2301","6","0","0","0","0","0","0","0","0","","0","0","0","22","","0","N","0","","40 02:16.405","","0","75 08:22.158","9","0","0","0","67301","0","0","0","N","0","0","0","1","67301","0","","4.0","","9","N","N","N","1","","0","0","0","","2","","2250","2","0","0","0","0","0","1","2","0","2","","04","","N","","","","","","","","","",""
"2020073543","1944","1","0","0","0","0","0","0","0","0","8","0","","67","9","2020","5","39.993953","-75.118055","1944","6","0","0","0","0","0","0","0","0","","0","0","0","19","","1","","5","","39 59:38.230","","1","75 07:04.998","3","0","0","0","67301","1","0","0","N","1","0","0","2","67301","0","","1.0","","9","N","N","N","0","","1","0","0","","2","","1929","2","1","0","0","0","0","0","2","0","1","","07","","N","","","","","","","","","",""
"2020070935","1730","0","0","0","0","0","0","0","0","0","1","0","","67","8","2020","6","39.993115","-75.110398","1726","6","0","0","0","0","0","0","0","0","","0","0","0","17","","2","N","0","","39 59:35.215","","0","75 06:37.434","8","0","0","0","67301","0","0","0","N","0","0","0","4","67301","0","","1.0","","9","N","N","N","0","","0","0","2","","0","","1724","2","2","0","0","0","2","0","2","0","2","","07","","N","","","","","","","","","",""
"2020074257","0330","1","0","0","0","0","0","0","0","0","1","0","","67","9","2020","7","40.006381","-75.116977","0330","6","0","0","0","0","0","0","0","0","","0","0","0","02","","2","N","0","","40 00:22.972","6","0","75 07:01.118","2","0","1","2","67301","0","0","0","N","0","0","0","4","67301","0","","1.0","409.0","1","N","N","N","0","","1","1","0","","0","Y","0252","3","2","0","0","0","0","0","2","0","3","","03","","N","","","","","","","","","",""
"2020066782","2005","1","0","0","0","0","0","0","0","0","4","0","","67","8","2020","6","40.007865","-75.172261","1948","6","0","0","0","0","0","1","0","0","","0","0","0","19","","0","","1","","40 00:28.314","","0","75 10:20.141","0","0","0","0","67301","0","0","0","N","0","0","0","2","67301","0","","1.0","","1","N","N","N","0","","0","0","1","","2","","1946","2","0","0","0","0","0","0","2","0","2","","","","N","","","","","","","","","",""
"2020069740","1648","1","0","0","0","0","0","0","0","0","7","0","","67","8","2020","5","40.054664","-75.169146","1648","6","0","0","0","0","0","0","0","0","","0","0","0","15","","0","N","0","","40 03:16.791","","0","75 10:08.925","0","0","0","0","67301","0","0","0","N","0","0","0","1","67301","0","","4.0","","1","N","N","N","0","","0","0","0","","0","","1527","1","0","0","0","0","0","0","2","0","1","","03","","N","","","","","","","","","",""
"2020074096","1140","4","0","0","0","0","0","0","0","0","5","0","","67","9","2020","3","40.027453","-75.165567","1140","6","0","0","0","0","0","0","0","0","","0","0","0","11","","0","N","0","","40 01:38.830","","0","75 09:56.040","0","0","0","0","67301","0","0","0","N","0","0","0","1","67301","0","","6.0","","1","N","N","N","1","","0","0","1","","0","","1140","6","0","1","0","0","0","0","2","0","6","","","","N","","","","","","","","","",""
"2020065787","2228","1","0","0","0","0","0","0","0","0","1","0","","67","8","2020","6","40.010661","-75.184434","2215","6","0","0","0","0","0","0","0","0","","0","0","0","22","","0","N","0","","40 00:38.378","2","0","75 11:03.962","0","0","0","0","67301","0","0","0","N","0","0","0","2","67301","0","","1.0","2320.0","1","N","N","N","0","","0","0","0","","0","N","2210","2","0","0","0","0","0","0","2","0","2","","03","","N","","","","","","","","","",""
"2020067200","0942","1","0","0","0","0","0","0","0","0","4","0","","67","8","2020","7","40.049055","-75.142548","0942","6","0","0","0","0","0","1","0","0","","0","0","0","16","","1","","2","","40 02:56.599","","0","75 08:33.174","4","0","0","0","67301","0","0","0","N","0","0","0","2","67301","1","","1.0","","1","N","N","N","0","","0","0","1","","3","","1600","2","1","0","0","0","0","0","2","0","2","","03","","N","","","","","","","","","",""
"2020073059","2359","1","0","0","0","0","0","0","0","0","4","0","","67","8","2020","2","39.954999","-75.238168","2359","6","0","0","0","0","0","0","0","0","","0","0","0","23","","3","","1","","39 57:17.996","","0","75 14:17.404","3","0","0","0","67301","0","0","0","Y","0","0","0","3","67301","0","","1.0","","1","N","N","N","0","","3","0","1","","2","","2355","2","3","0","0","0","0","0","2","0","2","","03","","N","","","","","","","","","",""
"2020070150","1805","3","0","0","0","0","0","0","0","0","4","0","","67","8","2020","6","39.984286","-75.161622","1800","6","0","0","0","1","0","0","0","0","","0","0","0","17","","0","","1","","39 59:03.429","","0","75 09:41.838","9","0","0","0","67301","0","0","0","N","0","0","0","2","67301","0","","1.0","","9","N","N","N","0","","0","0","0","","3","","1757","3","0","0","0","0","0","2","2","0","3","","04","","N","","","","","","","","","",""
"2020067043","2335","2","0","0","0","0","0","0","0","0","4","0","","67","8","2020","3","40.034658","-75.110304","2324","6","0","0","0","0","0","0","0","0","","0","0","0","22","","0","","11","","40 02:04.768","","0","75 06:37.094","0","0","0","0","67301","0","0","0","N","0","0","0","1","67301","0","","1.0","","1","N","N","N","0","","0","0","0","","3","","2239","4","0","0","0","0","0","0","2","2","4","","","","N","","","","","","","","","",""
"2020082368","1058","3","0","0","0","0","0","0","0","0","1","0","","67","8","2020","5","39.95807","-75.163394","1025","6","0","0","0","0","0","0","0","0","","0","0","0","10","","1","N","0","","39 57:29.052","4","0","75 09:48.217","8","0","0","0","67301","0","0","0","N","0","0","0","5","68K01","0","","1.0","1100.0","1","N","N","N","0","","0","0","0","","8","N","1023","3","1","1","0","0","1","0","2","0","3","","03","","N","","","","","","","","","",""
"2020077985","1812","1","0","0","0","0","0","0","0","0","5","0","","67","9","2020","2","39.983272","-75.098056","1802","6","0","0","0","0","1","0","0","0","","0","0","0","18","","1","N","0","","39 58:59.780","1","0","75 05:53.003","2","0","1","1","67301","0","0","0","N","0","0","0","2","68K01","0","","1.0","20.0","1","N","N","N","0","","0","1","0","","0","N","1800","2","1","0","0","0","0","0","2","0","2","","","","N","","","","","","","","","",""
"2020070137","0205","0","0","0","0","0","0","0","0","0","1","0","","67","8","2020","7","40.093269","-75.031359","0200","6","0","0","0","0","0","0","0","0","","0","0","0","01","","2","N","0","","40 05:35.767","","0","75 01:52.891","8","0","0","0","67301","0","0","0","N","0","0","0","2","67301","0","","1.0","","1","N","N","N","0","","0","0","2","","0","","0158","2","2","0","0","0","2","0","2","0","2","","","","N","","","","","","","","","",""
"2020074584","1622","1","0","0","0","0","0","0","0","0","1","0","","67","9","2020","1","39.933373","-75.181145","1622","6","0","0","0","0","0","0","1","0","","0","0","0","15","","2","","1","","39 56:00.144","","0","75 10:52.122","3","0","0","0","67301","1","0","0","N","1","0","0","3","67301","0","","1.0","","1","N","N","N","0","","2","0","0","","2","","1553","3","2","1","0","0","0","0","2","0","2","","03","","N","","","","","","","","","",""
"2020069460","2208","2","0","0","0","0","0","0","0","0","4","0","","67","8","2020","4","40.04542","-75.067704","2202","6","0","0","1","0","0","0","0","0","","0","0","0","22","","0","","1","","40 02:43.512","","0","75 04:03.734","0","0","0","0","67301","0","0","0","N","0","0","0","2","67301","0","","1.0","","1","N","N","N","0","","0","0","0","","3","","2202","2","0","0","0","0","0","0","2","0","2","","","","N","","","","","","","","","",""
"2020067335","0033","1","0","0","0","0","0","0","0","0","5","0","","67","8","2020","3","39.973758","-75.212353","0030","6","0","0","0","0","0","0","0","0","","0","0","0","00","","0","N","0","","39 58:25.528","","0","75 12:44.472","0","0","0","0","67301","0","0","0","N","0","0","0","1","67301","0","","6.0","","1","N","N","N","0","","0","0","3","","0","","0015","4","0","0","0","0","0","0","2","0","4","","03","","N","","","","","","","","","",""
"2020070243","1807","1","0","0","0","0","0","0","0","0","1","0","","67","8","2020","6","39.969064","-75.263925","1759","6","0","0","0","0","0","1","0","0","","0","0","0","17","","0","N","0","","39 58:08.630","","0","75 15:50.130","0","0","0","0","67301","0","0","0","N","0","0","0","3","67301","0","","1.0","","9","N","N","N","1","","0","0","1","","0","","1728","3","0","0","0","0","0","0","2","0","3","","07","","N","","","","","","","","","",""
"2020074654","1701","2","0","0","0","0","0","0","0","0","4","0","","67","9","2020","6","40.033088","-75.181222","1700","6","0","0","0","0","2","1","0","0","","0","0","0","17","","5","","1","","40 01:59.118","1","0","75 10:52.400","3","0","0","0","67301","0","0","0","N","0","0","0","5","67301","4","","1.0","1830.0","1","N","N","N","1","","1","0","0","","2","Y","1700","3","5","2","0","0","0","0","2","0","3","","03","","N","","","","","","","","","",""
"2020068570","0615","1","0","0","0","0","0","0","0","0","7","0","","67","8","2020","3","40.021739","-75.139756","0610","6","0","0","0","0","0","0","0","0","","0","0","0","06","","1","","1","","40 01:18.260","2","0","75 08:23.123","8","0","0","0","67301","0","0","0","N","0","0","0","1","67301","0","","4.0","725.0","1","N","N","N","0","","0","0","0","","2","N","0610","1","1","0","0","0","1","0","2","0","1","","03","","N","","","","","","","","","",""
"2020071420","1153","0","0","0","0","0","0","0","0","0","1","0","","67","9","2020","3","40.031994","-75.155333","1149","6","0","0","0","0","0","0","0","0","","0","0","0","10","","1","N","0","","40 01:55.180","","0","75 09:19.200","4","0","0","0","67301","0","0","0","N","0","0","0","2","67301","1","","1.0","","1","N","N","N","0","","0","0","1","","0","","1048","3","1","0","0","0","0","0","2","1","3","","03","","N","","","","","","","","","",""
"2020082027","1604","1","0","0","0","0","0","0","0","0","4","0","","67","9","2020","4","40.029192","-75.076069","1556","6","0","0","0","0","0","0","0","0","","0","0","0","15","","0","N","0","","40 01:45.090","","0","75 04:33.850","0","0","0","0","67301","0","0","0","N","0","0","0","1","67301","0","","1.0","","1","N","N","N","0","","0","0","1","","0","","1530","2","0","1","0","0","0","0","2","0","2","","03","","N","","","","","","","","","",""
"2020078372","2311","2","0","0","0","0","0","0","0","0","1","0","","67","9","2020","7","39.972216","-75.193626","2311","6","0","0","0","0","0","0","0","0","","0","0","0","23","","1","N","0","","39 58:19.979","3","0","75 11:37.052","3","0","0","0","67301","0","0","0","N","0","0","0","3","68K01","0","","1.0","2314.0","1","N","N","N","0","","1","0","0","","0","N","2309","2","1","1","0","0","0","0","2","0","2","","","","N","","","","","","","","","",""
"2020073895","0414","1","0","0","0","0","0","0","0","0","7","0","","67","9","2020","4","40.032901","-75.164593","0411","6","0","0","0","0","0","0","0","0","","0","0","0","04","","0","","2","","40 01:58.443","","0","75 09:52.534","9","0","0","0","67301","0","0","0","N","0","0","0","1","67301","0","","4.0","","1","N","N","N","0","","0","0","0","","0","","0404","1","0","0","0","0","0","1","2","0","1","","03","","N","","","","","","","","","",""
"2020096694","2310","2","0","0","0","0","0","0","0","0","1","0","","67","9","2020","4","40.012201","-75.05988","2310","6","0","0","0","0","0","1","0","0","","0","0","0","22","","2","N","0","","40 00:43.925","2","0","75 03:35.567","3","0","0","0","67301","0","0","0","N","0","0","0","3","68K01","0","","1.0","45.0","1","N","N","N","0","","2","0","0","","0","N","2246","2","2","0","0","0","0","1","2","0","2","","","","N","","","","","","","","","",""
"2020071500","0503","2","0","0","0","0","0","0","0","0","7","0","","67","8","2020","1","39.974797","-75.194414","0502","6","0","0","0","0","0","0","0","0","","0","0","0","05","","0","N","0","","39 58:29.268","3","0","75 11:39.890","0","0","0","0","67301","0","0","0","N","0","0","0","2","68K01","0","","3.0","516.0","1","N","N","Y","0","","0","0","0","","0","N","0501","2","0","0","0","0","0","0","2","0","2","","03","","N","","","","","","","","","",""
"2020075814","1731","2","0","0","0","0","0","0","0","0","5","0","","67","9","2020","3","40.051142","-75.176903","1730","6","0","0","0","0","0","0","0","0","","0","0","0","17","","0","N","0","","40 03:04.110","","0","75 10:36.850","0","0","0","0","67301","0","0","0","N","0","0","0","1","67301","0","","6.0","","1","N","N","Y","0","","0","0","1","","0","","1720","3","0","0","0","0","0","0","2","0","3","","03","","N","","","","","","","","","",""
"2020078243","0151","1","0","0","0","0","0","0","0","0","7","0","","67","9","2020","2","39.956976","-75.155093","0141","6","0","0","0","0","0","0","0","0","","0","0","0","01","","0","N","0","","39 57:25.114","","0","75 09:18.334","9","0","0","0","67301","0","0","0","N","0","0","0","1","68K01","0","","3.0","","1","N","N","N","0","","0","0","0","","0","","0139","1","0","0","0","0","0","1","2","0","1","","03","","N","","","","","","","","","",""
"2020075903","2310","1","0","0","0","0","0","0","0","0","8","0","","67","9","2020","7","39.941822","-75.150759","2305","6","0","0","0","0","0","0","0","0","","0","0","0","23","","1","","1","","39 56:30.558","","0","75 09:02.732","3","0","0","0","67301","1","0","0","N","1","0","0","2","67301","0","","1.0","","1","N","N","N","0","","1","0","0","","2","","2300","2","1","1","0","0","0","0","2","0","1","","","","N","","","","","","","","","",""
"2020074092","1830","0","0","0","0","0","0","0","0","0","5","0","","67","9","2020","5","40.035309","-75.043762","1827","6","0","0","0","0","0","0","1","0","","0","0","0","18","","1","N","0","","40 02:07.113","","0","75 02:37.542","4","0","0","1","67301","0","0","0","N","0","0","0","2","67301","1","","1.0","","9","N","N","N","0","","0","0","1","","0","","1822","2","1","0","0","0","0","0","2","0","2","","07","","N","","","","","","","","","",""
"2020071751","2110","1","0","0","1","0","0","0","0","0","8","0","","67","8","2020","6","40.024224","-75.196128","2059","6","0","0","0","0","0","0","0","0","","0","0","0","15","","1","N","0","","40 01:27.208","","3","75 11:46.061","3","0","0","0","67301","1","0","0","N","0","0","0","2","67301","0","","1.0","","1","N","N","N","0","","1","0","0","","0","","1545","2","1","0","0","0","0","0","2","0","1","","","","N","","","","","","","","","",""
"2020073861","1111","1","0","0","0","0","0","0","0","0","7","0","","67","9","2020","3","40.009302","-75.067035","1046","6","0","0","0","0","0","0","0","0","","0","0","0","10","","1","N","0","","40 00:33.486","","0","75 04:01.325","8","0","0","0","67301","0","0","0","N","0","0","0","1","68K01","0","","3.0","","1","N","N","N","0","","0","0","0","","0","","1045","1","1","0","0","0","1","0","2","0","1","","03","","N","","","","","","","","","",""
"2020083563","0132","2","0","0","0","0","0","0","0","0","6","0","","67","10","2020","5","39.993881","-75.161789","0128","6","0","0","0","0","0","0","0","0","","0","0","0","01","","0","N","0","","39 59:37.970","4","0","75 09:42.440","0","0","0","0","67301","0","0","0","N","0","0","0","2","67301","0","","1.0","215.0","1","N","N","N","0","","0","0","0","","0","Y","0120","2","0","0","0","0","0","0","2","0","2","","","","N","","","","","","","","","",""
"2020070474","0947","2","0","0","0","0","0","0","0","0","4","0","","67","8","2020","1","40.011618","-75.182092","0937","6","0","0","0","0","0","0","0","0","","0","0","0","09","","1","","2","","40 00:41.826","","0","75 10:55.530","3","0","0","0","67301","0","0","0","N","0","0","0","3","67301","0","","1.0","","1","N","N","N","0","","1","0","0","","2","","0930","2","1","0","0","0","0","0","2","0","2","","03","","N","","","","","","","","","",""
"2020067408","1849","0","0","0","0","0","0","0","0","0","5","0","","67","8","2020","3","40.011122","-75.1437","1841","6","0","0","0","0","0","0","0","0","","0","0","0","18","","1","N","0","","40 00:40.040","5","0","75 08:37.320","3","0","0","0","67301","0","0","0","N","0","0","0","1","67301","0","","6.0","2015.0","1","N","N","N","0","","1","0","4","","0","Y","1836","4","1","1","0","0","0","0","2","0","4","","03","","N","","","","","","","","","",""
"2020074452","2345","1","0","0","0","0","0","0","0","0","2","0","","67","9","2020","2","40.010105","-75.157857","2330","6","0","0","0","0","0","0","0","0","","0","0","0","23","","0","N","0","","40 00:36.379","","0","75 09:28.284","0","0","0","0","67301","0","0","0","N","0","0","0","1","67301","0","","1.0","","1","N","N","N","0","","0","0","1","","0","","2326","2","0","0","0","0","0","0","2","0","2","","03","","N","","","","","","","","","",""
"2020079879","0820","0","0","0","0","0","0","0","0","0","7","0","","67","9","2020","5","40.063417","-75.200444","0820","6","0","0","0","0","0","0","0","0","","0","0","0","08","","0","N","0","","40 03:48.300","","0","75 12:01.600","0","0","0","0","67301","0","0","0","N","0","0","0","1","67301","0","","4.0","","9","N","N","N","0","","0","0","1","","0","","0805","1","0","0","0","0","0","0","2","0","1","","","","N","","","","","","","","","",""