"CRN","ARRIVAL_TM","AUTOMOBILE_COUNT","BELTED_DEATH_COUNT","BELTED_SUSP_SERIOUS_INJ_COUNT","BICYCLE_COUNT","BICYCLE_DEATH_COUNT","BICYCLE_SUSP_SERIOUS_INJ_COUNT","BUS_COUNT","CHLDPAS_DEATH_COUNT","CHLDPAS_SUSP_SERIOUS_INJ_COUNT","COLLISION_TYPE","COMM_VEH_COUNT","CONS_ZONE_SPD_LIM","COUNTY","CRASH_MONTH","CRASH_YEAR","DAY_OF_WEEK","DEC_LATITUDE","DEC_LONGITUDE","DISPATCH_TM","DISTRICT","DRIVER_COUNT_16YR","DRIVER_COUNT_17YR","DRIVER_COUNT_18YR","DRIVER_COUNT_19YR","DRIVER_COUNT_20YR","DRIVER_COUNT_50_64YR","DRIVER_COUNT_65_74YR","DRIVER_COUNT_75PLUS","EST_HRS_CLOSED","FATAL_COUNT","HEAVY_TRUCK_COUNT","HORSE_BUGGY_COUNT","HOUR_OF_DAY","ILLUMINATION","INJURY_COUNT","INTERSECTION_RELATED","INTERSECT_TYPE","LANE_CLOSED","LATITUDE","LN_CLOSE_DIR","LOCATION_TYPE","LONGITUDE","MAX_SEVERITY_LEVEL","MCYCLE_DEATH_COUNT","MCYCLE_SUSP_SERIOUS_INJ_COUNT","MOTORCYCLE_COUNT","MUNICIPALITY","NONMOTR_COUNT","NONMOTR_DEATH_COUNT","NONMOTR_SUSP_SERIOUS_INJ_COUNT","NTFY_HIWY_MAINT","PED_COUNT","PED_DEATH_COUNT","PED_SUSP_SERIOUS_INJ_COUNT","PERSON_COUNT","POLICE_AGCY","POSSIBLE_INJ_COUNT","RDWY_SURF_TYPE_CD","RELATION_TO_ROAD","ROADWAY_CLEARED","ROAD_CONDITION","SCH_BUS_IND","SCH_ZONE_IND","SECONDARY_CRASH","SMALL_TRUCK_COUNT","SPEC_JURIS_CD","SUSP_MINOR_INJ_COUNT","SUSP_SERIOUS_INJ_COUNT","SUV_COUNT","TCD_FUNC_CD","TCD_TYPE","TFC_DETOUR_IND","TIME_OF_DAY","TOTAL_UNITS","TOT_INJ_COUNT","UNBELTED_OCC_COUNT","UNB_DEATH_COUNT","UNB_SUSP_SERIOUS_INJ_COUNT","UNK_INJ_DEG_COUNT","UNK_INJ_PER_COUNT","URBAN_RURAL","VAN_COUNT","VEHICLE_COUNT","WEATHER1","WEATHER2","WORKERS_PRES","WORK_ZONE_IND","WORK_ZONE_LOC","WORK_ZONE_TYPE","WZ_CLOSE_DETOUR","WZ_FLAGGER","WZ_LAW_OFFCR_IND","WZ_LN_CLOSURE","WZ_MOVING","WZ_OTHER","WZ_SHLDER_MDN","WZ_WORKERS_INJ_KILLED"
"2020070135","2011","1","0","0","1","0","0","0","0","0","8","0","","67","8","2020","4","39.916603","-75.169223","2011","6","0","0","0","0","0","0","0","0","","0","0","0","20","","1","","1","","39 54:59.771","4","0","75 10:09.201","4","0","0","0","67301","1","0","0","N","0","0","0","3","67301","1","","1.0","2038.0","1","N","N","N","0","","0","0","0","","2","Y","2011","2","1","2","0","0","0","0","2","0","1","","03","","N","","","","","","","","","",""
"2020076653","2012","2","0","0","0","0","0","0","0","0","4","0","","67","8","2020","6","40.002389","-75.122221","2012","6","0","0","0","0","0","0","0","0","","0","0","0","20","","1","","2","","40 00:08.600","","0","75 07:19.995","3","0","0","0","67301","0","0","0","N","0","0","0","2","67301","0","","1.0","","1","N","N","N","0","","1","0","0","","3","","2010","2","1","2","0","0","0","1","2","0","2","","03","","N","","","","","","","","","",""
"2020068250","2037","2","0","0","0","0","0","0","0","0","6","0","","67","8","2020","6","39.975167","-75.247","2036","6","0","0","0","0","0","0","1","0","","0","0","0","20","","0","N","0","","39 58:30.600","","0","75 14:49.200","0","0","0","0","67301","0","0","0","N","0","0","0","1","67301","0","","6.0","","1","N","N","N","0","","0","0","1","","0","","2000","3","0","0","0","0","0","0","2","0","3","","03","","N","","","","","","","","","",""
"2020071974","2006","0","0","0","0","0","0","0","0","0","8","0","","67","8","2020","5","40.003618","-75.132264","1956","6","0","0","0","0","0","1","0","0","","0","0","0","19","","1","","1","","40 00:13.024","","0","75 07:56.150","3","0","0","0","67301","1","0","0","N","1","0","0","2","67301","0","","1.0","","1","N","N","N","1","","1","0","0","","2","","1950","2","1","0","0","0","0","0","2","0","1","","","","N","","","","","","","","","",""
"2020065845","0932","0","0","0","0","0","0","0","0","0","4","0","","67","8","2020","6","40.046733","-75.166872","0932","6","0","0","0","0","0","0","0","0","","0","0","0","09","","0","","2","","40 02:48.240","","0","75 10:00.738","0","0","0","0","67301","0","0","0","N","0","0","0","1","67301","0","","1.0","","1","N","N","N","0","","0","0","2","","3","","0930","3","0","1","0","0","0","0","2","1","3","","03","","N","","","","","","","","","",""
"2020065860","1115","1","0","0","0","0","0","0","0","0","4","0","","67","8","2020","6","39.979643","-75.246388","1111","6","0","0","0","0","0","0","1","0","","0","0","0","10","","2","","2","","39 58:46.715","","0","75 14:46.998","2","0","1","1","67301","0","0","0","N","0","0","0","2","67301","0","","1.0","","1","N","N","N","0","","1","1","1","","0","","1023","3","2","0","0","0","0","0","2","0","3","","03","","N","","","","","","","","","",""
"2020066455","1239","0","0","0","0","0","0","0","0","0","0","0","","67","8","2020","1","39.973925","-75.118046","1238","6","0","0","0","0","0","0","0","0","","0","0","0","12","","1","N","0","","39 58:26.130","","0","75 07:04.967","3","0","0","1","67301","0","0","0","N","0","0","0","1","67301","0","","1.0","","9","N","N","N","0","","1","0","0","","0","","1237","1","1","0","0","0","0","0","2","0","1","","07","","N","","","","","","","","","",""
"2020066879","1744","0","0","0","1","0","1","0","0","0","8","0","","67","8","2020","2","39.952591","-75.165287","1744","6","0","0","0","0","0","0","0","0","","0","0","0","17","","1","","2","","39 57:09.326","7","0","75 09:55.033","2","0","0","0","67301","1","0","1","N","0","0","0","2","67301","0","","1.0","1858.0","1","N","N","N","0","","0","1","1","","2","Y","1744","2","1","0","0","0","0","0","2","0","1","","03","","N","","","","","","","","","",""
"2020084804","1909","1","0","0","0","0","0","0","0","0","8","0","","67","10","2020","1","39.958177","-75.229104","1907","6","0","0","0","0","0","1","0","0","","0","0","0","19","","1","","1","","39 57:29.437","","99","75 13:44.774","3","0","0","0","67301","1","0","0","N","1","0","0","2","67301","0","","1.0","","1","N","N","N","0","","1","0","0","","0","","1900","2","1","0","0","0","0","0","2","0","1","","98","","N","","","","","","","","","",""
"2020070573","1800","2","0","0","0","0","0","0","0","0","4","0","","67","8","2020","7","40.012186","-75.113036","1800","6","0","0","0","0","0","0","0","0","","0","0","0","17","","1","N","0","","40 00:43.870","","7","75 06:46.930","3","0","0","0","67301","0","0","0","N","0","0","0","2","67301","0","","1.0","","1","N","N","N","0","","1","0","0","","0","","1730","2","1","0","0","0","0","1","2","0","2","","03","","N","","","","","","","","","",""
"2020080525","0354","2","0","0","0","0","0","0","0","0","5","0","","67","9","2020","1","40.045042","-75.053674","0352","6","0","0","0","0","0","1","0","0","","0","0","0","03","","0","N","0","","40 02:42.150","","0","75 03:13.225","0","0","0","0","67301","0","0","0","N","0","0","0","2","67301","0","","1.0","","9","N","N","N","0","","0","0","0","","0","","0350","2","0","0","0","0","0","0","2","0","2","","98","","N","","","","","","","","","",""
"2020074225","1717","2","0","0","0","0","0","0","0","0","4","0","","67","9","2020","4","39.987686","-75.216232","1717","6","0","0","0","0","0","0","0","0","","0","0","0","17","","0","","3","","39 59:15.669","1","0","75 12:58.434","0","0","0","0","67301","0","0","0","N","0","0","0","3","67301","0","","1.0","1900.0","1","N","N","N","0","","0","0","1","","2","Y","1700","3","0","0","0","0","0","0","2","0","3","","03","","N","","","","","","","","","",""
"2020073544","1754","1","0","0","0","0","0","0","0","0","99","0","","67","9","2020","1","39.991597","-75.122264","1751","6","0","0","0","0","0","0","0","0","","0","0","0","17","","1","N","0","","39 59:29.750","","1","75 07:20.150","8","0","0","0","67301","0","0","0","N","0","0","0","2","67301","0","","1.0","","1","N","N","N","0","","0","0","0","","0","","1751","2","1","0","0","0","1","0","2","0","2","","03","","N","","","","","","","","","",""
"2020072629","0015","1","0","0","0","0","0","0","0","0","4","0","","67","9","2020","7","39.954109","-75.177808","0010","6","0","0","0","0","0","0","0","0","","0","0","0","23","","1","","1","","39 57:14.793","","0","75 10:40.107","3","0","0","1","67301","0","0","0","N","0","0","0","2","67301","0","","1.0","","1","N","N","N","0","","1","0","0","","2","","2315","2","1","0","0","0","0","0","2","0","2","","03","","N","","","","","","","","","",""
"2020079135","2330","1","0","0","0","0","0","0","0","0","5","0","","67","9","2020","1","40.049122","-74.997354","2314","6","0","0","0","0","0","0","0","0","","0","0","0","23","","2","N","0","","40 02:56.840","","0","74 59:50.473","3","0","0","0","67301","0","0","0","N","0","0","0","4","68K01","1","","1.0","","1","N","N","N","0","","1","0","1","","0","","2309","2","2","2","0","0","0","1","2","0","2","","","","N","","","","","","","","","",""
"2020089161","1549","1","0","0","0","0","0","0","0","0","4","0","","67","10","2020","6","39.977278","-75.227833","1548","6","0","0","0","0","0","0","0","0","","0","0","0","15","","1","N","0","","39 58:38.200","","7","75 13:40.200","3","0","0","0","67301","0","0","0","N","0","0","0","2","67301","0","","1.0","","1","N","N","N","0","","1","0","1","","0","","1544","2","1","0","0","0","0","0","2","0","2","","","","N","","","","","","","","","",""
"2020082377","2045","2","0","0","0","0","0","0","0","0","1","0","","67","9","2020","6","39.898851","-75.170618","2045","6","0","0","0","0","0","0","0","0","","0","0","0","20","","8","N","0","","39 53:55.864","2","0","75 10:14.226","8","0","0","0","67301","0","0","0","N","0","0","0","8","68K01","0","","1.0","2150.0","1","N","N","N","0","","0","0","1","","0","N","2045","3","8","0","0","0","8","0","2","0","3","","03","","N","","","","","","","","","",""
"2020072322","1758","1","0","0","0","0","0","0","0","0","4","0","","67","9","2020","5","39.994553","-75.159382","1753","6","0","0","0","0","0","0","0","0","","0","0","0","17","","1","","1","","39 59:40.391","3","0","75 09:33.775","8","0","0","0","67301","0","0","0","N","0","0","0","4","67301","0","","1.0","1859.0","9","N","N","Y","0","","0","0","0","","2","Y","1752","2","1","0","0","0","1","1","2","1","2","","07","","N","","","","","","","","","",""
"2020074445","1210","0","0","0","1","0","0","0","0","0","8","0","","67","9","2020","7","39.97181","-75.185827","1206","6","0","0","0","0","0","0","0","0","","0","0","0","12","","1","","1","","39 58:18.515","","0","75 11:08.977","3","0","0","0","67301","1","0","0","N","0","0","0","2","67301","0","","1.0","","1","N","N","N","0","","1","0","1","","0","","1203","2","1","0","0","0","0","0","2","0","1","","03","","N","","","","","","","","","",""
"2020077120","0545","3","0","0","0","0","0","0","0","0","1","0","","67","9","2020","5","40.027789","-75.060077","0541","6","0","0","0","0","1","1","0","0","","0","0","0","05","","1","","1","","40 01:40.042","","0","75 03:36.277","3","0","0","0","67301","0","0","0","N","0","0","0","3","67301","0","","1.0","","1","N","N","N","0","","1","0","0","","2","","0541","3","1","0","0","0","0","0","2","0","3","","03","","N","","","","","","","","","",""
"2020071358","0020","2","0","0","0","0","0","0","0","0","5","0","","67","9","2020","4","40.041589","-75.170914","0015","6","0","0","0","0","0","0","0","0","","0","0","0","00","","1","N","0","","40 02:29.720","","0","75 10:15.290","4","0","0","0","67301","0","0","0","N","0","0","0","3","67301","1","","6.0","","1","N","N","N","0","","0","0","0","","0","","0010","2","1","0","0","0","0","0","2","0","2","","03","","N","","","","","","","","","",""
"2020081732","1402","1","0","0","0","0","0","0","0","0","1","0","","67","9","2020","3","39.968648","-75.160117","1355","6","0","0","0","0","0","1","0","0","","0","0","0","13","","1","N","0","","39 58:07.131","","0","75 09:36.421","3","0","0","0","67301","0","0","0","N","0","0","0","3","67301","0","","1.0","","1","N","N","N","0","","1","0","1","","2","","1343","2","1","0","0","0","0","0","2","0","2","","04","","N","","","","","","","","","",""
"2020072101","2125","2","0","0","0","0","0","0","0","0","4","0","","67","9","2020","4","40.004551","-75.132065","2120","6","0","0","1","0","0","0","0","0","","0","0","0","21","","2","","1","","40 00:16.383","","0","75 07:55.433","4","0","0","0","67301","0","0","0","N","0","0","0","2","67301","2","","1.0","","9","N","N","N","0","","0","0","0","","2","","2102","2","2","0","0","0","0","0","2","0","2","","03","","N","","","","","","","","","",""
"2020076648","0133","1","0","0","0","0","0","0","0","0","4","0","","67","9","2020","7","40.000887","-75.105439","0133","6","0","0","0","0","0","0","0","0","","0","0","0","01","","3","","1","","40 00:03.193","","1","75 06:19.582","3","0","0","0","67301","0","0","0","N","0","0","0","3","67301","2","","1.0","","1","N","N","N","0","","1","0","1","","0","","0108","2","3","3","0","0","0","0","2","0","2","","03","","N","","","","","","","","","",""
"2020069892","0724","0","0","0","0","0","0","0","0","0","0","0","","67","8","2020","6","39.955304","-75.147814","0723","6","0","0","0","0","0","0","0","0","","0","0","0","07","","1","N","0","","39 57:19.096","","2","75 08:52.130","3","0","0","1","67301","0","0","0","N","0","0","0","1","67501","0","","1.0","","1","N","N","N","0","","1","0","0","","0","","0723","1","1","0","0","0","0","0","2","0","1","","","","N","","","","","","","","","",""
"2020108269","1955","0","0","0","0","0","0","0","0","0","8","0","","67","12","2020","2","39.994823","-75.111906","1955","6","0","0","0","0","0","0","0","0","","1","0","0","19","","0","N","0","","39 59:41.361","","0","75 06:42.860","1","0","0","0","67301","1","1","0","N","1","1","0","2","67301","0","2","1.0","","1","N","N","N","0","0","0","0","1","","0","","1955","2","0","0","0","0","0","0","2","0","1","","","","N","","","","","","","","","",""
"2020070152","1035","2","0","0","0","0","0","0","0","0","4","0","","67","8","2020","5","40.01978","-75.150624","1018","6","0","0","0","0","0","0","0","0","","0","0","0","10","","0","","1","","40 01:11.208","","3","75 09:02.246","0","0","0","0","67301","0","0","0","N","0","0","0","2","67301","0","","1.0","","1","N","N","N","0","","0","0","0","","2","","1000","2","0","0","0","0","0","0","2","0","2","","","","N","","","","","","","","","",""
"2020071005","1730","1","0","0","0","0","0","1","0","0","3","1","","67","8","2020","1","40.038611","-75.143611","1720","6","0","0","0","0","0","0","0","0","","0","0","0","17","","1","N","0","","40 02:19.000","","7","75 08:37.000","4","0","0","0","67301","0","0","0","N","0","0","0","3","67508","1","","6.0","","1","N","N","Y","0","","0","0","0","","0","","1720","2","1","0","0","0","0","0","2","0","2","","03","","N","","","","","","","","","",""
"2020074852","0144","1","0","0","0","0","0","0","0","0","5","0","","67","9","2020","6","39.934669","-75.186056","0144","6","0","0","0","0","0","0","0","0","","0","0","0","11","","0","N","0","","39 56:04.810","","1","75 11:09.800","0","0","0","0","67301","0","0","0","N","0","0","0","2","67301","0","","6.0","","99","N","N","N","0","","0","0","1","","0","","1100","2","0","0","0","0","0","0","2","0","2","","98","","N","","","","","","","","","",""
"2020086192","1911","2","0","0","0","0","0","0","0","0","4","0","","67","10","2020","2","40.020504","-75.084324","1907","6","0","0","0","0","0","0","0","0","","0","0","0","19","","0","N","0","","40 01:13.814","","0","75 05:03.565","9","0","0","0","67301","0","0","0","N","0","0","0","3","67301","0","","2.0","","9","N","N","N","0","","0","0","1","","0","","1906","3","0","0","0","0","0","1","2","0","3","","07","","N","","","","","","","","","",""
"2020068242","1550","1","0","0","0","0","0","0","0","0","4","0","","67","8","2020","4","40.010861","-75.078333","1546","6","0","0","0","0","0","1","0","0","","0","0","0","14","","0","","3","","40 00:39.100","","0","75 04:42.000","0","0","0","1","67301","0","0","0","N","0","0","0","2","67301","0","","1.0","","1","N","N","N","0","","0","0","0","","3","","1439","2","0","0","0","0","0","0","2","0","2","","03","","N","","","","","","","","","",""
"2020069344","1455","2","0","0","0","0","0","0","0","0","1","0","","67","8","2020","4","39.942376","-75.143249","1455","6","0","0","0","0","0","0","0","1","","0","0","0","14","","0","N","0","","39 56:32.555","","0","75 08:35.695","0","0","0","0","67301","0","0","0","N","0","0","0","2","68K01","0","","1.0","","1","N","N","N","0","","0","0","0","","0","","1455","2","0","0","0","0","0","0","2","0","2","","03","","N","","","","","","","","","",""
"2020070132","1030","1","0","0","0","0","0","0","0","0","4","0","","67","8","2020","6","40.060036","-75.085294","1030","6","0","0","0","0","0","1","0","0","","0","0","0","10","","1","","2","","40 03:36.130","","0","75 05:07.057","8","0","0","0","67301","0","0","0","N","0","0","0","3","67301","0","","1.0","","1","N","N","N","0","","0","0","0","","3","","1030","2","1","0","0","0","1","0","2","1","2","","","","N","","","","","","","","","",""
"2020074097","0820","0","0","0","0","0","0","0","0","0","7","0","","67","9","2020","5","40.001798","-75.186986","0809","6","0","0","0","0","0","0","0","0","","0","0","0","06","","0","N","0","","40 00:06.471","","0","75 11:13.151","0","0","0","0","67301","0","0","0","N","0","0","0","1","67301","0","","4.0","","99","N","N","N","0","","0","0","0","","0","","0658","1","0","0","0","0","0","0","2","1","1","","","","N","","","","","","","","","",""
"2020073258","0220","0","0","0","0","0","0","0","0","0","4","0","","67","8","2020","2","39.949186","-75.229172","0218","6","0","0","0","0","0","1","0","0","","0","0","0","02","","4","","1","","39 56:57.069","7","0","75 13:45.019","3","0","0","0","67301","0","0","0","N","0","0","0","5","67301","0","","1.0","220.0","1","N","N","Y","0","","3","0","1","","3","Y","0216","4","4","0","0","0","1","0","2","3","4","","","","N","","","","","","","","","",""
"2020069917","0050","1","0","0","0","0","0","0","0","0","4","0","","67","8","2020","7","39.91832","-75.208884","0044","6","0","0","0","0","1","0","0","0","","0","0","0","00","","1","","2","","39 55:05.953","","0","75 12:31.983","2","0","0","0","67301","0","0","0","N","0","0","0","3","67301","0","","1.0","","1","N","N","N","0","","0","1","2","","2","","0035","3","1","0","0","0","0","0","2","0","3","","03","","N","","","","","","","","","",""
"2020078894","1516","1","0","0","0","0","0","0","0","0","1","0","","67","9","2020","2","39.950676","-75.150118","1516","6","0","0","0","0","0","0","0","0","","0","0","0","15","","1","Y","0","","39 57:02.432","3","0","75 09:00.425","3","0","0","0","67301","0","0","0","N","0","0","0","3","67301","0","","1.0","1710.0","1","N","N","N","0","","1","0","0","","2","N","1514","3","1","1","0","0","0","0","2","2","3","","03","","N","","","","","","","","","",""
"2020073987","0130","2","0","0","0","0","0","0","0","0","4","0","","67","9","2020","4","40.036639","-75.073694","0130","6","0","0","0","0","0","0","0","0","","0","0","0","01","","0","N","0","","40 02:11.900","","0","75 04:25.300","9","0","0","0","67301","0","0","0","N","0","0","0","1","67301","0","","4.0","","1","N","N","N","0","","0","0","0","","0","","0124","3","0","0","0","0","0","1","2","0","3","","","","N","","","","","","","","","",""
"2020072090","0821","1","0","0","0","0","0","0","0","0","7","0","","67","9","2020","4","40.093406","-75.0137","0811","6","0","0","0","0","0","0","0","0","","0","0","0","08","","1","N","0","","40 05:36.260","","0","75 00:49.320","3","0","0","0","67301","0","0","0","N","0","0","0","1","67301","0","","4.0","","1","N","N","N","0","","1","0","0","","0","","0805","1","1","0","0","0","0","0","2","0","1","","03","","N","","","","","","","","","",""
"2020065753","1123","1","0","0","0","0","0","0","0","0","5","0","","67","8","2020","6","40.115001","-74.987157","1118","6","0","0","0","0","0","1","0","1","","0","0","0","05","","1","N","0","","40 06:54.003","","0","74 59:13.765","3","0","0","0","67301","0","0","0","N","0","0","0","2","67301","0","","1.0","","99","N","N","N","1","","1","0","0","","0","","0545","2","1","0","0","0","0","0","2","0","2","","","","N","","","","","","","","","",""
"2020073255","0939","0","0","0","0","0","0","0","0","0","4","0","","67","9","2020","2","40.066612","-75.196376","0931","6","0","0","0","0","0","0","0","0","","0","0","0","09","","1","","1","","40 03:59.804","","0","75 11:46.952","8","0","0","1","67301","0","0","0","N","0","0","0","2","67301","0","","1.0","","1","N","N","N","0","","0","0","1","","4","","0916","2","1","0","0","0","1","0","2","0","2","","03","","N","","","","","","","","","",""
"2020073263","1600","0","0","0","0","0","0","0","0","0","8","0","","67","9","2020","6","39.969611","-75.140658","1539","6","0","0","0","0","0","0","0","0","","0","0","0","14","","1","","1","","39 58:10.600","","0","75 08:26.370","3","0","0","0","67301","1","0","0","N","1","0","0","2","67301","0","","1.0","","1","N","N","N","0","","1","0","0","","2","","1445","2","1","0","0","0","0","0","2","0","1","","03","","N","","","","","","","","","",""
"2020082029","2002","2","0","0","0","0","0","0","0","0","4","0","","67","9","2020","4","40.025694","-75.055413","1958","6","0","0","0","0","0","0","0","0","","0","0","0","19","","0","","1","","40 01:32.498","","0","75 03:19.485","0","0","0","0","67301","0","0","0","N","0","0","0","2","67301","0","","1.0","","1","N","N","Y","0","","0","0","2","","2","","1955","4","0","0","0","0","0","0","2","0","4","","03","","N","","","","","","","","","",""
"2020074614","0200","2","0","0","0","0","0","0","0","0","6","0","","67","9","2020","6","39.998108","-75.138656","0200","6","1","0","0","0","0","0","0","0","","0","0","0","02","","0","N","0","","39 59:53.190","","0","75 08:19.160","0","0","0","0","67301","0","0","0","N","0","0","0","1","67301","0","","6.0","","9","N","N","N","0","","0","0","1","","0","","0200","3","0","0","0","0","0","0","2","0","3","","","","N","","","","","","","","","",""
"2020070048","1439","1","0","0","0","0","0","0","0","0","4","0","","67","8","2020","5","39.938782","-75.226843","1436","6","0","0","0","0","0","0","0","0","","0","0","0","14","","4","","1","","39 56:19.615","","0","75 13:36.634","3","0","0","0","67301","0","0","0","N","0","0","0","4","67301","0","","1.0","","1","N","N","N","0","","4","0","1","","2","","1434","2","4","0","0","0","0","0","2","0","2","","03","","N","","","","","","","","","",""
"2020076529","1700","1","0","0","0","0","0","0","0","0","4","0","","67","9","2020","4","39.920686","-75.141094","1700","6","0","0","0","0","0","0","1","0","","0","0","0","16","","1","","1","","39 55:14.471","","0","75 08:27.940","4","0","0","0","67301","0","0","0","N","0","0","0","2","67301","1","","1.0","","1","N","N","N","0","","0","0","1","","2","","1645","2","1","0","0","0","0","0","2","0","2","","03","","N","","","","","","","","","",""
"2020065786","1326","0","0","0","0","0","0","0","0","0","1","0","","67","8","2020","6","40.041083","-75.151361","1325","6","0","0","0","0","0","1","0","0","","0","0","0","13","","2","N","0","","40 02:27.900","","0","75 09:04.900","3","0","0","0","67301","0","0","0","N","0","0","0","3","67301","0","","1.0","","1","N","N","N","1","","2","0","1","","0","","1314","2","2","0","0","0","0","0","2","0","2","","03","","N","","","","","","","","","",""
"2020069726","2103","1","0","0","0","0","0","0","0","0","5","0","","67","8","2020","5","40.002389","-75.148667","2102","6","0","0","0","0","0","0","0","0","","0","0","0","99","","0","N","0","","40 00:08.600","","0","75 08:55.200","0","0","0","0","67301","0","0","0","N","0","0","0","1","67505","0","","6.0","","1","N","N","N","0","","0","0","0","","0","","9999","2","0","0","0","0","0","0","2","0","2","","03","","N","","","","","","","","","",""
"2020070327","0120","1","0","0","0","0","0","0","0","0","5","0","","67","8","2020","5","40.028794","-75.105575","0115","6","0","0","0","0","0","0","0","0","","0","0","0","00","","0","N","0","","40 01:43.658","","0","75 06:20.069","0","0","0","0","67301","0","0","0","N","0","0","0","1","67301","0","","6.0","","1","N","N","N","0","","0","0","2","","0","","0059","3","0","0","0","0","0","0","2","0","3","","03","","N","","","","","","","","","",""
"2020073372","2259","0","0","0","0","0","0","0","0","0","4","0","","67","9","2020","2","39.961565","-75.15179","2241","6","0","0","0","0","0","0","0","0","","0","0","0","22","","2","","1","","39 57:41.635","","0","75 09:06.445","3","0","0","0","67301","0","0","0","N","0","0","0","3","67301","0","","1.0","","1","N","N","N","0","","2","0","2","","2","","2230","2","2","0","0","0","0","1","2","0","2","","03","","N","","","","","","","","","",""
"2020086197","1900","0","0","0","0","0","0","0","0","0","4","0","","67","10","2020","3","39.930736","-75.173265","1858","6","0","0","0","0","0","0","1","0","","0","0","0","18","","1","N","0","","39 55:50.649","2","0","75 10:23.753","8","0","0","0","67301","0","0","0","N","0","0","0","1","67301","0","","1.0","1945.0","1","N","N","N","1","","0","0","1","","0","Y","1855","2","1","0","0","0","1","0","2","0","2","","03","","N","","","","","","","","","",""
"2020076645","1253","2","0","0","0","0","0","0","0","0","4","0","","67","9","2020","6","39.996842","-75.116434","1253","6","0","0","0","1","0","0","0","0","","0","0","0","12","","1","","2","","39 59:48.632","","0","75 06:59.164","3","0","0","0","67301","0","0","0","N","0","0","0","2","67301","0","","1.0","","1","N","N","N","0","","1","0","0","","3","","1252","2","1","0","0","0","0","0","2","0","2","","03","","N","","","","","","","","","",""
"2020113764","0326","0","0","0","0","0","0","0","0","0","1","0","","67","12","2020","2","40.002509","-75.064323","0320","6","0","0","0","0","0","0","0","0","","0","0","0","02","","0","N","0","","40 00:09.031","6","0","75 03:51.564","0","0","0","0","67301","0","0","0","N","0","0","0","1","67301","0","","1.0","345.0","1","N","N","N","0","","0","0","4","","0","N","0226","4","0","1","0","0","0","0","2","0","4","","","","N","","","","","","","","","",""
"2020078369","1951","0","0","0","0","0","0","0","0","0","5","0","","67","9","2020","4","39.888126","-75.241959","1946","6","0","0","0","0","0","1","0","0","","0","0","0","19","","1","N","0","","39 53:17.255","2","0","75 14:31.054","4","0","0","0","67301","0","0","0","N","0","0","0","2","68K01","1","","1.0","2245.0","1","N","N","N","2","","0","0","0","","0","N","1945","2","1","0","0","0","0","0","2","0","2","","","","N","","","","","","","","","",""
"2020074224","0752","1","0","0","0","0","0","0","0","0","4","0","","67","9","2020","2","39.938167","-75.216389","0751","6","0","0","1","0","0","0","0","0","","0","0","0","07","","1","N","0","","39 56:17.400","","7","75 12:59.000","4","0","0","1","67301","0","0","0","N","0","0","0","2","67301","1","","1.0","","1","N","N","N","0","","0","0","0","","0","","0739","2","1","0","0","0","0","0","2","0","2","","03","","N","","","","","","","","","",""
"2020075902","1822","1","0","0","0","0","0","0","0","0","8","0","","67","9","2020","7","39.926269","-75.184391","1820","6","0","0","1","0","0","0","0","0","","0","0","0","18","","1","","1","","39 55:34.569","","0","75 11:03.809","4","0","0","0","67301","1","0","0","N","1","0","0","2","67301","1","","1.0","","1","N","N","N","0","","0","0","0","","2","","1805","2","1","1","0","0","0","0","2","0","1","","03","","N","","","","","","","","","",""
"2020084329","1600","3","0","0","0","0","0","0","0","0","2","0","","67","10","2020","6","40.052986","-75.170879","1534","6","0","0","0","0","0","0","0","0","","0","0","0","15","","3","N","0","","40 03:10.748","","0","75 10:15.164","8","0","0","0","67301","0","0","0","N","0","0","0","3","67301","0","","1.0","","1","N","N","Y","0","","0","0","0","","0","","1534","3","3","0","0","0","3","0","2","0","3","","03","","N","","","","","","","","","",""
"2020070136","1730","1","0","0","0","0","0","0","0","0","4","0","","67","8","2020","6","40.110705","-75.020836","1721","6","0","0","0","0","0","1","1","0","","0","0","0","17","","1","","1","","40 06:38.538","","0","75 01:15.009","3","0","0","0","67301","0","0","0","N","0","0","0","3","67301","0","","1.0","","9","N","N","N","0","","1","0","1","","3","","1710","2","1","0","0","0","0","0","2","0","2","","","","N","","","","","","","","","",""
"2020074451","1916","2","0","0","0","0","0","0","0","0","4","0","","67","9","2020","1","40.016634","-75.152343","1914","6","0","0","0","0","0","0","0","0","","0","0","0","19","","0","N","0","","40 00:59.883","4","0","75 09:08.433","0","0","0","0","67301","0","0","0","N","0","0","0","2","67301","0","","1.0","2055.0","1","N","N","N","0","","0","0","0","","0","N","1908","2","0","0","0","0","0","0","2","0","2","","","","N","","","","","","","","","",""
"2020074927","2010","3","0","0","0","0","0","0","0","0","5","0","","67","9","2020","7","40.012944","-75.15375","2006","6","0","0","0","0","0","0","0","0","","0","0","0","20","","0","N","0","","40 00:46.600","1","0","75 09:13.500","0","0","0","0","67301","0","0","0","N","0","0","0","1","67301","0","","6.0","2240.0","1","N","N","N","0","","0","0","1","","0","Y","2003","4","0","0","0","0","0","0","2","0","4","","03","","N","","","","","","","","","",""