"CRN","ARRIVAL_TM","AUTOMOBILE_COUNT","BELTED_DEATH_COUNT","BELTED_SUSP_SERIOUS_INJ_COUNT","BICYCLE_COUNT","BICYCLE_DEATH_COUNT","BICYCLE_SUSP_SERIOUS_INJ_COUNT","BUS_COUNT","CHLDPAS_DEATH_COUNT","CHLDPAS_SUSP_SERIOUS_INJ_COUNT","COLLISION_TYPE","COMM_VEH_COUNT","CONS_ZONE_SPD_LIM","COUNTY","CRASH_MONTH","CRASH_YEAR","DAY_OF_WEEK","DEC_LATITUDE","DEC_LONGITUDE","DISPATCH_TM","DISTRICT","DRIVER_COUNT_16YR","DRIVER_COUNT_17YR","DRIVER_COUNT_18YR","DRIVER_COUNT_19YR","DRIVER_COUNT_20YR","DRIVER_COUNT_50_64YR","DRIVER_COUNT_65_74YR","DRIVER_COUNT_75PLUS","EST_HRS_CLOSED","FATAL_COUNT","HEAVY_TRUCK_COUNT","HORSE_BUGGY_COUNT","HOUR_OF_DAY","ILLUMINATION","INJURY_COUNT","INTERSECTION_RELATED","INTERSECT_TYPE","LANE_CLOSED","LATITUDE","LN_CLOSE_DIR","LOCATION_TYPE","LONGITUDE","MAX_SEVERITY_LEVEL","MCYCLE_DEATH_COUNT","MCYCLE_SUSP_SERIOUS_INJ_COUNT","MOTORCYCLE_COUNT","MUNICIPALITY","NONMOTR_COUNT","NONMOTR_DEATH_COUNT","NONMOTR_SUSP_SERIOUS_INJ_COUNT","NTFY_HIWY_MAINT","PED_COUNT","PED_DEATH_COUNT","PED_SUSP_SERIOUS_INJ_COUNT","PERSON_COUNT","POLICE_AGCY","POSSIBLE_INJ_COUNT","RDWY_SURF_TYPE_CD","RELATION_TO_ROAD","ROADWAY_CLEARED","ROAD_CONDITION","SCH_BUS_IND","SCH_ZONE_IND","SECONDARY_CRASH","SMALL_TRUCK_COUNT","SPEC_JURIS_CD","SUSP_MINOR_INJ_COUNT","SUSP_SERIOUS_INJ_COUNT","SUV_COUNT","TCD_FUNC_CD","TCD_TYPE","TFC_DETOUR_IND","TIME_OF_DAY","TOTAL_UNITS","TOT_INJ_COUNT","UNBELTED_OCC_COUNT","UNB_DEATH_COUNT","UNB_SUSP_SERIOUS_INJ_COUNT","UNK_INJ_DEG_COUNT","UNK_INJ_PER_COUNT","URBAN_RURAL","VAN_COUNT","VEHICLE_COUNT","WEATHER1","WEATHER2","WORKERS_PRES","WORK_ZONE_IND","WORK_ZONE_LOC","WORK_ZONE_TYPE","WZ_CLOSE_DETOUR","WZ_FLAGGER","WZ_LAW_OFFCR_IND","WZ_LN_CLOSURE","WZ_MOVING","WZ_OTHER","WZ_SHLDER_MDN","WZ_WORKERS_INJ_KILLED"
"2020069818","1031","0","0","0","0","0","0","0","0","0","5","0","","67","8","2020","5","39.938044","-75.220981","1030","6","0","0","0","0","0","1","0","0","","0","0","0","08","","0","N","0","","39 56:16.960","","0","75 13:15.530","9","0","0","0","67301","0","0","0","N","0","0","0","1","67301","0","","6.0","","1","N","N","N","1","","0","0","1","","0","","0830","2","0","1","0","0","0","1","2","0","2","","","","N","","","","","","","","","",""
"2020080215","1235","1","0","0","0","0","0","0","0","0","8","0","","67","9","2020","3","39.957117","-75.201689","1232","6","0","0","0","0","0","1","0","0","","0","0","0","12","","1","N","0","","39 57:25.621","4","0","75 12:06.080","4","0","0","0","67301","1","0","0","N","1","0","0","2","67504","1","","1.0","1250.0","9","N","N","N","0","","0","0","0","","2","Y","1230","2","1","0","0","0","0","0","2","0","1","","","","N","","","","","","","","","",""
"2020075813","1550","2","0","0","0","0","0","0","0","0","5","0","","67","9","2020","3","39.939897","-75.223214","1546","6","0","0","1","0","0","0","0","0","","0","0","0","15","","2","N","0","","39 56:23.630","","0","75 13:23.570","3","0","0","0","67301","0","0","0","N","0","0","0","6","67301","0","","1.0","","1","N","N","N","0","","2","0","0","","0","","1520","2","2","0","0","0","0","0","2","0","2","","03","","N","","","","","","","","","",""
"2020073373","2152","1","0","0","1","0","0","0","0","0","8","0","","67","9","2020","1","39.93973","-75.225514","2150","6","0","0","0","0","0","0","0","0","","0","0","0","21","","1","","1","","39 56:23.027","","0","75 13:31.850","8","0","0","0","67301","1","0","0","N","0","0","0","2","67301","0","","1.0","","1","N","N","N","0","","0","0","0","","2","","2146","2","1","1","0","0","1","0","2","0","1","","03","","N","","","","","","","","","",""
"2020072584","2345","2","0","0","0","0","0","0","0","0","4","0","","67","9","2020","7","39.980631","-75.120131","2344","6","0","0","0","0","0","0","0","0","","0","0","0","22","","1","","1","","39 58:50.271","","0","75 07:12.471","3","0","0","0","67301","0","0","0","N","0","0","0","2","67301","0","","1.0","","1","N","N","N","0","","1","0","0","","3","","2246","3","1","0","0","0","0","0","2","1","3","","03","","N","","","","","","","","","",""
"2020070933","1737","1","0","0","0","0","0","0","0","0","4","0","","67","8","2020","5","39.991333","-75.101062","1736","6","0","0","0","0","0","0","0","0","","0","0","0","16","","0","N","0","","39 59:28.797","","7","75 06:03.822","0","0","0","0","67301","0","0","0","N","0","0","0","2","67301","0","","1.0","","1","N","N","N","1","","0","0","0","","0","","1645","2","0","0","0","0","0","0","2","0","2","","03","","N","","","","","","","","","",""
"2020074658","0310","3","0","0","0","0","0","0","0","0","4","0","","67","9","2020","7","39.956234","-75.219608","0305","6","0","0","0","0","0","0","0","0","","0","0","0","03","","0","","1","","39 57:22.442","5","0","75 13:10.587","9","0","0","0","67301","0","0","0","N","0","0","0","2","67301","0","","1.0","337.0","1","N","N","N","0","","0","0","1","","2","Y","0300","4","0","1","0","0","0","2","2","0","4","","03","","N","","","","","","","","","",""
"2020084009","1950","1","0","0","0","0","0","0","0","0","5","0","","67","9","2020","1","39.959357","-75.174703","1942","6","0","0","0","0","0","0","0","0","","0","0","0","19","","0","N","0","","39 57:33.686","3","0","75 10:28.930","0","0","0","0","67301","0","0","0","N","0","0","0","6","68K01","0","","1.0","2010.0","1","N","N","N","1","","0","0","0","","0","Y","1933","2","0","0","0","0","0","0","2","0","2","","","","N","","","","","","","","","",""
"2020072583","0205","1","0","0","0","0","0","0","0","0","2","0","","67","9","2020","7","40.000536","-75.143233","0202","6","0","0","0","0","0","0","0","0","","0","0","0","02","","1","N","0","","40 00:01.931","3","0","75 08:35.638","2","0","1","1","67301","0","0","0","N","0","0","0","3","67301","0","","1.0","445.0","1","N","N","N","0","","0","1","0","","0","N","0200","2","1","0","0","0","0","0","2","0","2","","03","","N","","","","","","","","","",""
"2020077043","0131","2","0","0","0","0","0","0","0","0","6","0","","67","9","2020","7","39.923639","-75.236694","0131","6","0","0","0","0","0","0","0","0","","0","0","0","23","","0","N","0","","39 55:25.100","","0","75 14:12.100","9","0","0","0","67301","0","0","0","N","0","0","0","1","67301","0","","6.0","","1","N","N","N","0","","0","0","2","","0","","2330","4","0","0","0","0","0","1","2","0","4","","03","","N","","","","","","","","","",""
"2020072098","1540","1","0","0","0","0","0","0","0","0","6","0","","67","8","2020","6","39.999969","-75.147733","1530","6","0","0","0","0","0","0","0","0","","0","0","0","15","","2","N","0","","39 59:59.890","","1","75 08:51.840","3","0","0","0","67301","0","0","0","N","0","0","0","2","67301","0","","1.0","","98","N","N","N","1","","2","0","0","","0","","1505","2","2","0","0","0","0","0","2","0","2","","04","","N","","","","","","","","","",""
"2020076225","1800","3","0","0","0","0","0","0","0","0","5","0","","67","9","2020","4","40.075878","-75.171131","1800","6","0","0","0","0","0","1","0","0","","0","0","0","17","","0","N","0","","40 04:33.160","","0","75 10:16.070","0","0","0","0","67301","0","0","0","N","0","0","0","1","67301","0","","6.0","","1","N","N","N","0","","0","0","1","","0","","1751","5","0","0","0","0","0","0","2","1","5","","03","","N","","","","","","","","","",""
"2020069821","0834","1","0","0","0","0","0","0","0","0","1","0","","67","8","2020","5","39.994881","-75.125533","0745","6","0","0","0","0","0","0","0","0","","0","0","0","06","","0","N","0","","39 59:41.570","","0","75 07:31.920","0","0","0","0","67301","0","0","0","N","0","0","0","1","67301","0","","6.0","","1","N","N","N","0","","0","0","1","","0","","0610","2","0","0","0","0","0","0","2","0","2","","03","","N","","","","","","","","","",""
"2020070074","2123","0","0","0","0","0","0","0","0","0","5","0","","67","8","2020","5","39.939665","-75.181491","2122","6","0","0","0","0","0","0","0","0","","0","0","0","21","","0","","1","","39 56:22.794","","0","75 10:53.366","0","0","0","0","67301","0","0","0","N","0","0","0","2","67301","0","","1.0","","1","N","N","N","0","","0","0","2","","2","","2121","2","0","1","0","0","0","0","2","0","2","","","","N","","","","","","","","","",""
"2020074924","0906","1","0","0","0","0","0","0","0","0","4","0","","67","9","2020","1","40.014003","-75.139777","0900","6","0","0","0","0","0","1","0","0","","0","0","0","08","","1","","1","","40 00:50.410","","0","75 08:23.197","3","0","0","0","67301","0","0","0","N","0","0","0","2","67301","0","","1.0","","1","N","N","N","0","","1","0","1","","3","","0822","2","1","0","0","0","0","0","2","0","2","","03","","N","","","","","","","","","",""
"2020074655","1247","1","0","0","0","0","0","0","0","0","1","0","","67","9","2020","4","40.028566","-75.057648","1246","6","0","0","0","0","0","1","0","0","","0","0","0","12","","1","N","0","","40 01:42.837","1","7","75 03:27.533","2","0","0","0","67301","0","0","0","N","0","0","0","5","67301","0","","1.0","1300.0","1","N","N","N","0","","0","1","3","","0","Y","1235","4","1","0","0","0","0","0","2","0","4","","03","","N","","","","","","","","","",""
"2020070945","2356","2","0","0","0","0","0","0","0","0","6","0","","67","8","2020","7","40.00301","-75.190414","2350","6","0","0","0","0","0","1","0","0","","0","0","0","23","","2","N","0","","40 00:10.836","","0","75 11:25.491","4","0","0","0","67301","0","0","0","N","0","0","0","5","67301","2","","1.0","","1","N","N","N","0","","0","0","0","","0","","2300","3","2","1","0","0","0","0","2","1","3","","03","","N","","","","","","","","","",""
"2020076222","0549","2","0","0","0","0","0","0","0","0","4","0","","67","9","2020","4","40.039531","-75.084418","0548","6","0","0","0","0","0","1","0","0","","0","0","0","05","","0","","1","","40 02:22.311","4","0","75 05:03.904","0","0","0","0","67301","0","0","0","N","0","0","0","3","67301","0","","1.0","630.0","1","N","N","N","0","","0","0","1","","2","Y","0545","3","0","0","0","0","0","0","2","0","3","","03","","N","","","","","","","","","",""
"2020075484","0534","3","0","0","0","0","0","0","0","0","4","0","","67","9","2020","1","39.970899","-75.230669","0533","6","0","0","1","0","0","0","0","0","","0","0","0","05","","4","","1","","39 58:15.236","","0","75 13:50.408","3","0","0","0","67301","1","0","0","N","1","0","0","5","67301","0","","1.0","","1","N","N","N","0","","4","0","1","","2","","0530","5","4","0","0","0","0","0","2","0","4","","03","","N","","","","","","","","","",""
"2020075626","1500","1","0","0","0","0","0","0","0","0","4","0","","67","9","2020","3","39.960195","-75.154843","1500","6","0","0","0","0","1","0","0","0","","0","0","0","13","","1","","1","","39 57:36.701","","0","75 09:17.434","3","0","0","0","67301","0","0","0","N","0","0","0","2","67301","0","","1.0","","1","N","N","N","0","","1","0","1","","3","","1300","2","1","0","0","0","0","0","2","0","2","","03","","N","","","","","","","","","",""
"2020083019","0012","1","0","0","0","0","0","0","0","0","4","0","","67","10","2020","1","40.016332","-75.07461","2337","6","0","0","0","0","0","0","0","0","","0","0","0","23","","0","N","0","","40 00:58.796","","0","75 04:28.595","9","0","0","0","67301","0","0","0","N","0","0","0","1","67301","0","","1.0","","1","N","N","N","0","","0","0","1","","3","","2307","2","0","0","0","0","0","1","2","0","2","","03","","N","","","","","","","","","",""
"2020073058","1550","1","0","0","0","0","0","0","0","0","5","0","","67","9","2020","1","40.005642","-75.075718","1550","6","0","0","0","0","0","1","1","0","","0","0","0","15","","0","","5","","40 00:20.310","","0","75 04:32.583","0","0","0","0","67301","0","0","0","N","0","0","0","2","67301","0","","1.0","","1","N","N","N","1","","0","0","0","","2","","1545","2","0","0","0","0","0","0","2","0","2","","03","","N","","","","","","","","","",""
"2020076649","0536","2","0","0","0","0","0","0","0","0","5","0","","67","9","2020","1","39.990096","-75.116826","0526","6","0","0","0","0","0","0","0","0","","0","0","0","02","","0","N","0","","39 59:24.347","","0","75 07:00.573","0","0","0","0","67301","0","0","0","N","0","0","0","1","67301","0","","6.0","","1","N","N","N","0","","0","0","0","","0","","0245","2","0","0","0","0","0","0","2","0","2","","03","","N","","","","","","","","","",""
"2020069261","1002","1","0","0","0","0","0","0","0","0","4","0","","67","8","2020","4","40.03657","-75.131522","1002","6","0","0","0","0","0","1","0","0","","0","0","0","10","","1","","1","","40 02:11.652","","0","75 07:53.479","3","0","0","0","67301","0","0","0","N","0","0","0","2","67301","0","","1.0","","1","N","N","N","0","","1","0","0","","3","","1001","2","1","0","0","0","0","0","2","1","2","","03","","N","","","","","","","","","",""
"2020074613","2015","2","0","0","0","0","0","0","0","0","5","0","","67","9","2020","6","40.055694","-75.003389","1959","6","0","0","0","0","0","0","0","0","","0","0","0","19","","0","N","0","","40 03:20.500","2","0","75 00:12.200","0","0","0","0","67301","0","0","0","N","0","0","0","1","67301","0","","6.0","2100.0","1","N","N","N","0","","0","0","0","","0","N","1954","2","0","0","0","0","0","0","2","0","2","","04","","N","","","","","","","","","",""
"2020082400","2248","4","0","0","0","0","0","0","0","0","1","0","","67","9","2020","7","40.00144","-75.079254","2239","6","0","0","0","0","1","0","0","0","","0","0","0","22","","6","N","0","","40 00:05.183","2","0","75 04:45.315","3","0","0","0","67301","0","0","0","N","0","0","0","9","68K01","0","","1.0","130.0","1","N","N","N","0","","5","0","2","","0","N","2239","6","6","0","0","0","1","0","2","0","6","","","","N","","","","","","","","","",""
"2020073155","0828","0","0","0","0","0","0","0","0","0","5","0","","67","9","2020","2","39.9298","-75.192303","0826","6","0","0","0","0","0","0","0","0","","0","0","0","07","","0","N","0","","39 55:47.280","3","0","75 11:32.290","0","0","0","0","67301","0","0","0","N","0","0","0","1","67301","0","","6.0","45.0","1","N","N","N","0","","0","0","3","","0","Y","0750","3","0","0","0","0","0","0","2","0","3","","","","N","","","","","","","","","",""
"2020071964","1900","1","0","0","1","0","0","0","0","0","8","0","","67","9","2020","4","39.934886","-75.157348","1853","6","0","0","0","0","0","0","0","0","","0","0","0","17","","1","","3","","39 56:05.591","","0","75 09:26.454","4","0","0","0","67301","1","0","0","N","0","0","0","2","67301","1","","1.0","","1","N","N","N","0","","0","0","0","","0","","1715","2","1","0","0","0","0","0","2","0","1","","03","","N","","","","","","","","","",""
"2020070574","1900","1","0","0","0","0","0","0","0","0","4","0","","67","8","2020","7","40.003833","-75.124153","1900","6","0","0","1","0","0","0","0","0","","0","0","0","17","","1","","2","","40 00:13.798","","0","75 07:26.950","3","0","0","0","67301","0","0","0","N","0","0","0","2","67301","0","","1.0","","9","N","N","N","0","","1","0","0","","3","","1700","2","1","1","0","0","0","0","2","1","2","","03","","N","","","","","","","","","",""
"2020082028","1525","0","0","0","0","0","0","0","0","0","8","0","","67","9","2020","4","40.036653","-75.043628","1514","6","0","0","0","0","0","0","0","0","","0","0","0","14","","1","N","0","","40 02:11.950","","0","75 02:37.060","3","0","0","0","67301","1","0","0","N","1","0","0","2","67301","0","","9.0","","1","N","N","N","1","","1","0","0","","0","","1457","2","1","0","0","0","0","0","2","0","1","","03","","N","","","","","","","","","",""
"2020073048","1613","0","0","0","0","0","0","0","0","0","8","0","","67","9","2020","6","40.032506","-75.106218","1547","6","0","0","0","0","0","0","0","0","","0","0","0","15","","2","N","0","","40 01:57.021","","0","75 06:22.384","8","0","0","0","67301","2","0","0","N","2","0","0","3","67301","0","","1.0","","1","N","N","N","1","","0","0","0","","0","","1545","3","2","0","0","0","2","0","2","0","1","","03","","N","","","","","","","","","",""
"2020075030","2224","2","0","0","0","0","0","0","0","0","1","0","","67","9","2020","5","40.008932","-75.071998","2224","6","0","0","0","0","0","0","0","0","","0","0","0","22","","1","","5","","40 00:32.156","","0","75 04:19.191","4","0","0","0","67301","0","0","0","N","0","0","0","4","67301","1","","1.0","","9","N","N","N","0","","0","0","0","","2","","2224","2","1","4","0","0","0","0","2","0","2","","07","","N","","","","","","","","","",""
"2020071363","0235","0","0","0","0","0","0","0","0","0","5","0","","67","8","2020","2","40.001978","-75.133819","0235","6","0","0","0","0","0","0","0","0","","0","0","0","02","","0","N","0","","40 00:07.120","","0","75 08:01.750","0","0","0","0","67301","0","0","0","N","0","0","0","1","67301","0","","6.0","","1","N","N","N","0","","0","0","1","","0","","0235","2","0","0","0","0","0","0","2","1","2","","03","","N","","","","","","","","","",""
"2020076654","1640","2","0","0","0","0","0","0","0","0","4","0","","67","9","2020","2","40.010829","-75.150847","1630","6","0","0","0","0","0","0","0","0","","0","0","0","16","","1","","1","","40 00:38.983","","0","75 09:03.048","3","0","0","0","67301","1","0","0","N","1","0","0","3","67301","0","","1.0","","1","N","N","N","0","","1","0","0","","2","","1621","3","1","0","0","0","0","0","2","0","2","","","","N","","","","","","","","","",""
"2020077910","1534","1","0","0","0","0","0","0","0","0","4","0","","67","9","2020","5","39.924565","-75.233127","1534","6","0","0","0","0","0","0","0","1","","0","0","0","14","","1","","1","","39 55:28.434","","0","75 13:59.258","3","0","0","0","67301","0","0","0","N","0","0","0","2","67301","0","","1.0","","1","N","N","N","0","","1","0","1","","2","","1459","2","1","0","0","0","0","0","2","0","2","","03","","N","","","","","","","","","",""
"2020072555","2126","2","0","0","0","0","0","0","0","0","4","0","","67","9","2020","5","39.981952","-75.239038","2126","6","0","0","0","0","0","0","0","0","","0","0","0","19","","0","","1","","39 58:55.028","","0","75 14:20.537","0","0","0","0","67301","0","0","0","N","0","0","0","2","67301","0","","1.0","","9","N","N","N","0","","0","0","0","","2","","1945","2","0","0","0","0","0","0","2","0","2","","04","","N","","","","","","","","","",""
"2020075906","1800","1","0","0","0","0","0","0","0","0","1","0","","67","9","2020","3","39.980456","-75.179056","1735","6","0","0","0","0","0","0","0","0","","0","0","0","17","","0","N","0","","39 58:49.640","","0","75 10:44.600","9","0","0","0","67301","0","0","0","N","0","0","0","1","67301","0","","6.0","","1","N","N","N","1","","0","0","1","","0","","1704","3","0","0","0","0","0","1","2","0","3","","","","N","","","","","","","","","",""
"2020074923","1706","1","0","0","0","0","0","0","0","0","4","0","","67","9","2020","7","39.993266","-75.169703","1705","6","0","0","0","0","0","1","0","0","","0","0","0","17","","1","","1","","39 59:35.757","","0","75 10:10.930","4","0","0","0","67301","0","0","0","N","0","0","0","2","67301","1","","1.0","","1","N","N","N","1","","0","0","0","","3","","1700","2","1","2","0","0","0","0","2","0","2","","03","","N","","","","","","","","","",""
"2020074585","1640","1","0","0","0","0","0","0","0","0","4","0","","67","9","2020","2","39.958469","-75.213025","1636","6","0","0","0","0","0","0","1","0","","0","0","0","15","","1","","2","","39 57:30.489","","1","75 12:46.891","3","0","0","1","67301","0","0","0","N","0","0","0","2","67301","0","","1.0","","1","N","N","N","0","","1","0","0","","0","","1515","2","1","0","0","0","0","0","2","0","2","","03","","N","","","","","","","","","",""
"2020072488","1825","0","0","0","1","0","0","0","0","0","8","0","","67","9","2020","4","40.103285","-74.999882","1813","6","0","0","0","0","0","0","0","0","","0","0","0","18","","1","","2","","40 06:11.825","","0","74 59:59.575","8","0","0","0","67301","1","0","0","N","0","0","0","2","67301","0","","1.0","","1","N","N","N","0","","0","0","1","","3","","1813","2","1","0","0","0","1","0","2","0","1","","03","","N","","","","","","","","","",""
"2020075032","1646","1","0","0","0","0","0","0","0","0","4","0","","67","9","2020","7","40.014484","-75.081721","1637","6","0","0","0","0","0","0","0","0","","0","0","0","16","","1","","2","","40 00:52.144","","0","75 04:54.195","8","0","0","1","67301","0","0","0","N","0","0","0","2","67301","0","","1.0","","1","N","N","N","0","","0","0","0","","0","","1631","2","1","1","0","0","1","0","2","0","2","","03","","N","","","","","","","","","",""
"2020073483","0850","2","0","0","0","0","0","0","0","0","4","0","","67","9","2020","1","40.022332","-75.130669","0848","6","0","0","0","0","0","0","1","0","","0","0","0","08","","2","","1","","40 01:20.395","6","0","75 07:50.408","3","0","0","0","67301","0","0","0","N","0","0","0","3","67301","0","","1.0","1030.0","1","N","N","N","0","","2","0","1","","3","N","0848","3","2","0","0","0","0","1","2","0","3","","","","N","","","","","","","","","",""
"2020076879","1640","2","0","0","0","0","0","0","0","0","1","0","","67","9","2020","3","40.094644","-75.015196","1633","6","0","0","0","0","0","0","0","0","","0","0","0","16","","1","","1","","40 05:40.718","","0","75 00:54.707","3","0","0","0","67301","0","0","0","N","0","0","0","3","67301","0","","1.0","","1","N","N","N","1","","1","0","0","","2","","1620","3","1","0","0","0","0","0","2","0","3","","03","","N","","","","","","","","","",""
"2020070947","0736","0","0","0","0","0","0","0","0","0","4","0","","67","8","2020","1","40.003273","-75.165898","0736","6","0","0","0","0","0","1","0","0","","0","0","0","07","","1","","1","","40 00:11.783","","0","75 09:57.234","3","0","0","0","67301","0","0","0","N","0","0","0","2","67301","0","","1.0","","1","N","N","N","0","","1","0","2","","2","","0735","2","1","0","0","0","0","0","2","0","2","","","","N","","","","","","","","","",""
"2020074443","1607","0","0","0","0","0","0","0","0","0","6","0","","67","9","2020","5","40.126333","-75.0125","1600","6","0","0","0","0","0","0","0","0","","0","0","0","15","","2","N","0","","40 07:34.800","6","0","75 00:45.000","3","0","0","0","67301","0","0","0","N","0","0","0","2","67301","0","","1.0","1700.0","1","N","N","N","0","","2","0","2","","0","Y","1559","2","2","2","0","0","0","0","2","0","2","","03","","N","","","","","","","","","",""
"2020071205","0750","1","0","0","0","0","0","0","0","0","4","0","","67","9","2020","3","39.940369","-75.236609","0750","6","0","0","0","0","0","0","0","0","","0","0","0","07","","1","","1","","39 56:25.327","","0","75 14:11.791","3","0","0","0","67301","0","0","0","N","0","0","0","2","67301","0","","1.0","","1","N","N","N","0","","1","0","1","","2","","0742","2","1","2","0","0","0","0","2","0","2","","03","","N","","","","","","","","","",""
"2020070145","1735","0","0","0","0","0","0","0","0","0","8","0","","67","8","2020","4","40.025886","-75.071066","1726","6","0","0","0","0","0","1","0","0","","0","0","0","17","","1","N","0","","40 01:33.191","","0","75 04:15.837","3","0","0","0","67301","1","0","0","N","1","0","0","2","67301","0","","1.0","","1","N","N","N","1","","1","0","0","","0","","1725","2","1","1","0","0","0","0","2","0","1","","04","","N","","","","","","","","","",""
"2020076758","1948","1","0","0","0","0","0","0","0","0","7","0","","67","9","2020","5","40.036199","-75.015525","1943","6","0","0","0","1","0","0","0","0","","0","0","0","19","","0","N","0","","40 02:10.316","","0","75 00:55.890","0","0","0","0","67301","0","0","0","N","0","0","0","2","68K01","0","","3.0","","9","N","N","N","0","","0","0","0","","0","","1940","1","0","0","0","0","0","0","2","0","1","","","","N","","","","","","","","","",""
"2020074857","0030","2","0","0","0","0","0","0","0","0","4","0","","67","9","2020","7","40.002106","-75.144234","0030","6","0","0","0","0","0","1","0","0","","0","0","0","06","","1","","5","","40 00:07.582","","0","75 08:39.242","3","0","0","0","67301","0","0","0","N","0","0","0","2","67301","0","","1.0","","1","N","N","N","0","","1","0","0","","2","","0645","2","1","0","0","0","0","0","2","0","2","","","","N","","","","","","","","","",""
"2020075483","2340","1","0","0","0","0","0","0","0","0","4","0","","67","9","2020","1","39.957696","-75.231427","2340","6","0","0","0","0","0","0","0","0","","0","0","0","23","","0","","1","","39 57:27.706","","0","75 13:53.138","0","0","0","0","67301","0","0","0","N","0","0","0","2","67301","0","","1.0","","1","N","N","N","0","","0","0","1","","2","","2300","2","0","0","0","0","0","0","2","0","2","","","","N","","","","","","","","","",""
"2020070153","1233","1","0","0","0","0","0","0","0","0","8","0","","67","8","2020","6","39.999111","-75.1668","1233","6","0","0","0","0","0","0","0","1","","0","0","0","12","","1","N","0","","39 59:56.800","5","0","75 10:00.480","3","0","0","0","67301","1","0","0","N","1","0","0","2","67301","0","","1.0","1300.0","1","N","N","N","0","","1","0","0","","0","Y","1230","2","1","0","0","0","0","1","2","0","1","","03","","N","","","","","","","","","",""
"2020070077","1920","2","0","0","0","0","0","0","0","0","5","0","","67","8","2020","6","40.027009","-75.147369","1809","6","0","0","0","0","0","0","0","0","","0","0","0","18","","0","N","0","","40 01:37.233","","0","75 08:50.528","9","0","0","0","67301","0","0","0","N","0","0","0","2","67301","0","","6.0","","9","N","N","N","1","","0","0","1","","0","","1800","4","0","0","0","0","0","1","2","0","4","","04","","N","","","","","","","","","",""
"2020074583","1630","1","0","0","0","0","0","0","0","0","5","0","","67","9","2020","5","39.973233","-75.211741","1630","6","0","0","0","0","0","0","0","0","","0","0","0","16","","6","N","0","","39 58:23.640","6","0","75 12:42.268","3","0","0","0","67301","0","0","0","N","0","0","0","7","67301","0","","1.0","1615.0","1","N","N","N","1","","6","0","0","","0","Y","1629","3","6","2","0","0","0","0","2","0","3","","03","","N","","","","","","","","","",""
"2020078415","1309","1","0","0","0","0","0","0","0","0","7","0","","67","9","2020","7","39.903949","-75.150392","1301","6","0","0","0","0","0","0","0","0","","0","0","0","12","","0","N","0","","39 54:14.216","2","0","75 09:01.411","0","0","0","0","67301","0","0","0","N","0","0","0","2","68K01","0","","4.0","100.0","1","N","N","N","0","","0","0","0","","0","Y","1259","1","0","0","0","0","0","0","2","0","1","","03","","N","","","","","","","","","",""
"2020083336","2035","1","0","0","0","0","0","0","0","0","4","0","","67","10","2020","3","39.926643","-75.235595","2029","6","0","0","0","0","0","1","0","0","","0","0","0","20","","0","","1","","39 55:35.914","","0","75 14:08.141","0","0","0","0","67301","0","0","0","N","0","0","0","2","67301","0","","1.0","","1","N","N","N","1","","0","0","0","","2","","2016","2","0","0","0","0","0","0","2","0","2","","","","N","","","","","","","","","",""
"2020078414","1203","1","0","0","0","0","0","0","0","0","7","0","","67","9","2020","7","39.949239","-75.141889","1203","6","0","0","0","0","0","1","0","0","","0","0","0","12","","0","N","0","","39 56:57.260","","0","75 08:30.802","0","0","0","0","67301","0","0","0","N","0","0","0","1","68K01","0","","4.0","","1","N","N","N","0","","0","0","0","","0","","1202","1","0","1","0","0","0","0","2","0","1","","03","","N","","","","","","","","","",""
"2020074320","1007","1","0","0","0","0","0","0","0","0","4","0","","67","9","2020","4","40.058224","-75.163163","1007","6","0","0","0","0","0","1","1","0","","0","0","0","10","","1","","1","","40 03:29.608","","0","75 09:47.387","3","0","0","0","67301","0","0","0","N","0","0","0","4","67301","0","","1.0","","1","N","N","N","0","","1","0","2","","2","","1040","3","1","0","0","0","0","1","2","0","3","","","","N","","","","","","","","","",""
"2020073542","1535","0","0","0","0","0","0","0","0","0","5","0","","67","9","2020","3","40.108256","-74.996983","1530","6","0","0","0","0","0","0","0","1","","0","0","0","15","","3","N","0","","40 06:29.722","","3","74 59:49.137","3","0","0","0","67301","0","0","0","N","0","0","0","4","67301","1","","1.0","","1","N","N","N","0","","2","0","2","","0","","1519","3","3","0","0","0","0","0","2","1","3","","","","N","","","","","","","","","",""
"2020072494","0428","2","0","0","0","0","0","0","0","0","4","0","","67","9","2020","5","39.913562","-75.221589","0354","6","0","0","0","1","0","0","0","0","","0","0","0","03","","1","","2","","39 54:48.822","1","0","75 13:17.722","3","0","0","0","67301","0","0","0","N","0","0","0","2","67301","0","","1.0","543.0","1","N","N","N","0","","1","0","0","","2","N","0354","2","1","1","0","0","0","0","2","0","2","","03","","N","","","","","","","","","",""
"2020070934","1526","1","0","0","0","0","0","0","0","0","8","0","","67","8","2020","6","40.006333","-75.104069","1517","6","0","0","0","0","0","0","0","0","","0","0","0","12","","1","N","0","","40 00:22.800","","0","75 06:14.650","3","0","0","0","67301","1","0","0","N","1","0","0","2","67301","0","","1.0","","1","N","N","N","0","","1","0","0","","0","","1245","2","1","0","0","0","0","0","2","0","1","","03","","N","","","","","","","","","",""