"CRN","ARRIVAL_TM","AUTOMOBILE_COUNT","BELTED_DEATH_COUNT","BELTED_SUSP_SERIOUS_INJ_COUNT","BICYCLE_COUNT","BICYCLE_DEATH_COUNT","BICYCLE_SUSP_SERIOUS_INJ_COUNT","BUS_COUNT","CHLDPAS_DEATH_COUNT","CHLDPAS_SUSP_SERIOUS_INJ_COUNT","COLLISION_TYPE","COMM_VEH_COUNT","CONS_ZONE_SPD_LIM","COUNTY","CRASH_MONTH","CRASH_YEAR","DAY_OF_WEEK","DEC_LATITUDE","DEC_LONGITUDE","DISPATCH_TM","DISTRICT","DRIVER_COUNT_16YR","DRIVER_COUNT_17YR","DRIVER_COUNT_18YR","DRIVER_COUNT_19YR","DRIVER_COUNT_20YR","DRIVER_COUNT_50_64YR","DRIVER_COUNT_65_74YR","DRIVER_COUNT_75PLUS","EST_HRS_CLOSED","FATAL_COUNT","HEAVY_TRUCK_COUNT","HORSE_BUGGY_COUNT","HOUR_OF_DAY","ILLUMINATION","INJURY_COUNT","INTERSECTION_RELATED","INTERSECT_TYPE","LANE_CLOSED","LATITUDE","LN_CLOSE_DIR","LOCATION_TYPE","LONGITUDE","MAX_SEVERITY_LEVEL","MCYCLE_DEATH_COUNT","MCYCLE_SUSP_SERIOUS_INJ_COUNT","MOTORCYCLE_COUNT","MUNICIPALITY","NONMOTR_COUNT","NONMOTR_DEATH_COUNT","NONMOTR_SUSP_SERIOUS_INJ_COUNT","NTFY_HIWY_MAINT","PED_COUNT","PED_DEATH_COUNT","PED_SUSP_SERIOUS_INJ_COUNT","PERSON_COUNT","POLICE_AGCY","POSSIBLE_INJ_COUNT","RDWY_SURF_TYPE_CD","RELATION_TO_ROAD","ROADWAY_CLEARED","ROAD_CONDITION","SCH_BUS_IND","SCH_ZONE_IND","SECONDARY_CRASH","SMALL_TRUCK_COUNT","SPEC_JURIS_CD","SUSP_MINOR_INJ_COUNT","SUSP_SERIOUS_INJ_COUNT","SUV_COUNT","TCD_FUNC_CD","TCD_TYPE","TFC_DETOUR_IND","TIME_OF_DAY","TOTAL_UNITS","TOT_INJ_COUNT","UNBELTED_OCC_COUNT","UNB_DEATH_COUNT","UNB_SUSP_SERIOUS_INJ_COUNT","UNK_INJ_DEG_COUNT","UNK_INJ_PER_COUNT","URBAN_RURAL","VAN_COUNT","VEHICLE_COUNT","WEATHER1","WEATHER2","WORKERS_PRES","WORK_ZONE_IND","WORK_ZONE_LOC","WORK_ZONE_TYPE","WZ_CLOSE_DETOUR","WZ_FLAGGER","WZ_LAW_OFFCR_IND","WZ_LN_CLOSURE","WZ_MOVING","WZ_OTHER","WZ_SHLDER_MDN","WZ_WORKERS_INJ_KILLED"
"2020071207","1349","1","0","0","0","0","0","0","0","0","5","0","","67","8","2020","1","40.020328","-75.05356","1347","6","0","0","0","0","0","0","0","0","","0","0","0","13","","0","N","0","","40 01:13.179","","0","75 03:12.817","0","0","0","0","67301","0","0","0","N","0","0","0","1","67301","0","","6.0","","1","N","N","N","0","","0","0","0","","0","","1345","2","0","0","0","0","0","0","2","1","2","","03","","N","","","","","","","","","",""
"2020076342","0538","0","0","0","0","0","0","0","0","0","4","0","","67","9","2020","4","39.956208","-75.23385","0535","6","0","0","0","0","0","0","0","0","","0","0","0","05","","1","","2","","39 57:22.348","7","0","75 14:01.860","2","0","0","0","67301","0","0","0","N","0","0","0","1","67301","0","","1.0","700.0","1","N","N","N","0","","0","1","2","","3","Y","0530","2","1","1","0","1","0","0","2","0","2","","","","N","","","","","","","","","",""
"2020070146","1257","1","0","0","0","0","0","0","0","0","4","0","","67","8","2020","6","40.012534","-75.073301","1255","6","0","0","0","1","0","1","0","0","","0","0","0","12","","2","","1","","40 00:45.124","","0","75 04:23.885","3","0","0","0","67301","0","0","0","N","0","0","0","3","67301","0","","1.0","","1","N","Y","N","0","","2","0","1","","2","","1255","2","2","0","0","0","0","0","2","0","2","","03","","N","","","","","","","","","",""
"2020075127","1925","1","0","0","0","0","0","0","0","0","4","0","","67","9","2020","6","39.932283","-75.219145","1923","6","0","0","0","0","0","0","0","0","","0","0","0","19","","0","","2","","39 55:56.218","1","0","75 13:08.922","0","0","0","0","67301","0","0","0","N","0","0","0","2","67301","0","","1.0","100.0","1","N","N","N","0","","0","0","1","","0","Y","1920","2","0","0","0","0","0","0","2","0","2","","03","","N","","","","","","","","","",""
"2020073896","2313","2","0","0","0","0","0","0","0","0","4","0","","67","9","2020","6","39.952714","-75.236641","2305","6","0","0","0","0","0","0","0","0","","0","0","0","23","","1","","1","","39 57:09.770","","0","75 14:11.907","2","0","1","1","67301","0","0","0","N","0","0","0","2","67301","0","","1.0","","1","N","N","N","0","","0","1","0","","0","","2303","3","1","0","0","0","0","0","2","0","3","","04","","N","","","","","","","","","",""
"2020076472","0007","2","0","0","0","0","0","0","0","0","4","0","","67","9","2020","3","40.011778","-75.113","0005","6","0","1","0","0","0","0","0","0","","0","0","0","22","","1","","2","","40 00:42.400","","7","75 06:46.800","3","0","0","0","67301","0","0","0","N","0","0","0","2","67301","0","","1.0","","1","N","N","N","0","","1","0","0","","0","","2235","2","1","0","0","0","0","1","2","0","2","","03","","N","","","","","","","","","",""
"2020072092","1033","0","0","0","0","0","0","0","0","0","5","0","","67","9","2020","4","40.072313","-75.013267","1030","6","0","0","0","0","0","1","0","0","","0","0","0","10","","1","N","0","","40 04:20.325","","0","75 00:47.762","3","0","0","0","67301","0","0","0","N","0","0","0","2","67301","0","","1.0","","1","N","N","N","0","","1","0","2","","0","","1025","2","1","0","0","0","0","0","2","0","2","","03","","N","","","","","","","","","",""
"2020095937","1418","1","0","0","0","0","0","0","0","0","1","0","","67","9","2020","4","40.009604","-75.151047","1406","6","0","0","0","0","0","0","0","0","","0","0","0","13","","0","Y","0","","40 00:34.573","","0","75 09:03.769","0","0","0","0","67301","0","0","0","N","0","0","0","2","67301","0","","1.0","","1","N","N","N","0","","0","0","1","","2","","1349","2","0","0","0","0","0","0","2","0","2","","03","","N","","","","","","","","","",""
"2020071206","1222","0","0","0","0","0","0","0","0","0","4","0","","67","8","2020","7","40.000404","-75.083692","1205","6","0","0","0","0","0","1","0","0","","0","0","0","12","","1","","2","","40 00:01.453","","2","75 05:01.291","3","0","0","1","67301","0","0","0","N","0","0","0","2","67301","0","","1.0","","9","N","N","N","1","","1","0","0","","2","","1204","2","1","0","0","0","0","0","2","0","2","","04","","N","","","","","","","","","",""
"2020098285","0908","1","0","0","1","0","0","0","0","0","8","0","","67","9","2020","2","39.937667","-75.190331","0908","6","0","0","0","0","0","0","0","0","","0","0","0","17","","1","N","0","","39 56:15.600","","0","75 11:25.190","3","0","0","0","67301","1","0","0","N","0","0","0","2","67301","0","","1.0","","1","N","N","N","0","","1","0","0","","0","","1725","2","1","0","0","0","0","0","2","0","1","","03","","N","","","","","","","","","",""
"2020083342","2216","2","0","0","0","0","0","0","0","0","4","0","","67","9","2020","3","39.973555","-75.208899","2216","6","0","0","0","0","0","0","0","0","","0","0","0","22","","1","","2","","39 58:24.797","6","0","75 12:32.036","3","0","0","0","67301","0","0","0","N","0","0","0","2","67301","0","","1.0","2317.0","1","N","N","Y","0","","1","0","1","","2","Y","2204","3","1","0","0","0","0","0","2","0","3","","","","N","","","","","","","","","",""
"2020074221","1622","2","0","0","0","0","0","0","0","0","1","0","","67","9","2020","4","40.028049","-75.11003","1618","6","0","0","0","0","0","1","0","0","","0","0","0","16","","1","","1","","40 01:40.977","2","0","75 06:36.108","8","0","0","0","67301","0","0","0","N","0","0","0","4","67301","0","","1.0","1715.0","1","N","N","N","0","","0","0","1","","2","Y","1605","4","1","0","0","0","1","0","2","1","4","","04","","N","","","","","","","","","",""
"2020073931","1228","1","0","0","0","0","0","0","0","0","7","0","","67","9","2020","3","39.989","-75.135417","0019","6","0","0","0","0","0","0","0","0","","0","0","0","00","","0","N","0","","39 59:20.400","","0","75 08:07.500","0","0","0","0","67301","0","0","0","N","0","0","0","1","67301","0","","4.0","","1","N","N","N","0","","0","0","0","","0","","0010","1","0","0","0","0","0","0","2","0","1","","03","","N","","","","","","","","","",""
"2020075845","0014","2","0","0","0","0","0","0","0","0","4","0","","67","9","2020","3","40.049047","-75.142445","0008","6","0","0","0","0","0","0","0","0","","0","0","0","22","","1","","2","","40 02:56.568","","0","75 08:32.803","3","0","0","0","67301","0","0","0","N","0","0","0","2","67301","0","","1.0","","1","N","N","N","0","","1","0","0","","3","","2250","2","1","1","0","0","0","0","2","0","2","","03","","N","","","","","","","","","",""
"2020069773","0028","0","0","0","0","0","0","0","0","0","7","0","","67","8","2020","5","39.977935","-75.189857","0027","6","0","0","0","0","0","0","0","0","","0","0","0","00","","1","N","0","","39 58:40.566","","0","75 11:23.485","3","0","0","0","67301","0","0","0","N","0","0","0","1","67301","0","","4.0","","1","N","N","N","0","","1","0","1","","0","","0022","1","1","1","0","0","0","0","2","0","1","","","","N","","","","","","","","","",""
"2020075126","1105","2","0","0","0","0","0","0","0","0","5","0","","67","9","2020","1","40.06815","-75.02965","1100","6","0","0","0","0","0","0","0","0","","0","0","0","10","","1","","2","","40 04:05.340","","0","75 01:46.740","3","0","0","0","67301","0","0","0","N","0","0","0","2","67301","0","","1.0","","1","N","N","N","0","","1","0","0","","2","","1050","2","1","0","0","0","0","0","2","0","2","","03","","N","","","","","","","","","",""
"2020073251","0332","1","0","0","0","0","0","0","0","0","5","0","","67","9","2020","1","39.939086","-75.217181","0332","6","0","0","0","0","0","0","0","0","","0","0","0","03","","1","N","0","","39 56:20.710","","0","75 13:01.850","3","0","0","0","67301","0","0","0","N","0","0","0","1","67301","0","","1.0","","1","N","N","N","0","","1","0","2","","0","","0332","3","1","1","0","0","0","0","2","0","3","","03","","N","","","","","","","","","",""
"2020073902","1558","0","0","0","0","0","0","0","0","0","5","0","","67","9","2020","4","40.025774","-75.181813","1551","6","0","0","0","0","0","0","0","0","","0","0","0","15","","1","N","0","","40 01:32.785","5","0","75 10:54.527","3","0","0","0","67301","0","0","0","N","0","0","0","4","67301","0","","6.0","1517.0","1","N","N","N","0","","1","0","2","","0","Y","1545","2","1","0","0","0","0","0","2","0","2","","03","","N","","","","","","","","","",""
"2020073254","1257","2","0","0","0","0","0","0","0","0","4","0","","67","9","2020","3","39.922401","-75.223165","1256","6","0","0","0","0","0","0","0","0","","0","0","0","12","","1","","1","","39 55:20.644","","0","75 13:23.395","3","0","0","0","67301","0","0","0","N","0","0","0","2","67301","0","","1.0","","1","N","N","N","0","","1","0","0","","2","","1247","2","1","0","0","0","0","0","2","0","2","","03","","N","","","","","","","","","",""
"2020076961","2247","1","0","0","0","0","0","0","0","0","4","0","","67","9","2020","3","39.904045","-75.240114","2247","6","0","0","0","0","0","1","0","0","","0","0","0","22","","2","","1","","39 54:14.563","","0","75 14:24.409","4","0","0","0","67301","0","0","0","N","0","0","0","3","67301","2","","1.0","","1","N","N","N","0","","0","0","1","","2","","2220","2","2","0","0","0","0","0","2","0","2","","03","","N","","","","","","","","","",""
"2020108320","2325","0","0","0","0","0","0","0","0","0","1","0","","67","9","2020","3","39.887523","-75.215763","2312","6","0","0","0","0","0","0","0","0","","0","0","0","22","","1","N","0","","39 53:15.082","2","3","75 12:56.748","3","0","0","0","67301","0","0","0","N","0","0","0","1","68K01","0","","1.0","2345.0","1","N","N","N","0","","1","0","2","","0","N","2246","2","1","0","0","0","0","0","2","0","2","","","","N","","","","","","","","","",""
"2020077046","2243","3","0","0","0","0","0","0","0","0","5","0","","67","9","2020","5","39.953839","-75.241275","2243","6","0","0","0","0","0","0","0","0","","0","0","0","22","","1","N","0","","39 57:13.820","","0","75 14:28.590","4","0","0","0","67301","0","0","0","N","0","0","0","1","67301","1","","6.0","","1","N","N","N","1","","0","0","0","","0","","2240","5","1","1","0","0","0","0","2","1","5","","03","","N","","","","","","","","","",""
"2020069259","0715","2","0","0","0","0","0","0","0","0","5","0","","67","8","2020","4","39.920372","-75.148433","0704","6","0","0","0","0","0","0","0","0","","0","0","0","06","","0","N","0","","39 55:13.340","","0","75 08:54.360","0","0","0","0","67301","0","0","0","N","0","0","0","1","67301","0","","6.0","","1","N","N","N","0","","0","0","0","","0","","0649","2","0","0","0","0","0","0","2","0","2","","03","","N","","","","","","","","","",""
"2020074926","0310","1","0","0","0","0","0","0","0","0","5","0","","67","9","2020","7","40.006605","-75.193575","0256","6","0","0","0","0","0","0","0","0","","0","0","0","02","","3","N","0","","40 00:23.777","","3","75 11:36.871","3","0","0","0","67301","0","0","0","N","0","0","0","4","67301","0","","1.0","","1","N","N","N","0","","3","0","1","","8","","0217","2","3","0","0","0","0","0","2","0","2","","03","","N","","","","","","","","","",""
"2020077909","0316","1","0","0","0","0","0","0","0","0","4","0","","67","9","2020","4","39.93973","-75.225514","0313","6","0","0","0","0","0","1","0","0","","0","0","0","03","","0","","1","","39 56:23.027","4","0","75 13:31.850","0","0","0","0","67301","0","0","0","N","0","0","0","2","67301","0","","1.0","408.0","1","N","N","N","0","","0","0","0","","2","N","0310","2","0","0","0","0","0","0","2","0","2","","03","","N","","","","","","","","","",""
"2020083995","2209","3","0","0","0","0","0","0","0","0","1","0","","67","9","2020","1","39.941365","-75.194589","2200","6","0","0","0","0","0","1","0","0","","0","0","0","21","","5","N","0","","39 56:28.915","4","0","75 11:40.521","3","0","0","0","67301","0","0","0","N","0","0","0","13","68K01","0","","1.0","2335.0","1","N","N","N","0","","5","0","1","","0","N","2156","5","5","0","0","0","0","0","2","1","5","","","","N","","","","","","","","","",""
"2020070936","1625","0","0","0","0","0","0","0","0","0","4","0","","67","8","2020","6","39.993107","-75.08171","1619","6","0","0","0","0","0","0","1","0","","0","0","0","11","","1","","2","","39 59:35.185","","0","75 04:54.156","3","0","0","0","67301","0","0","0","N","0","0","0","2","67301","0","","1.0","","1","N","N","N","0","","1","0","1","","3","","1157","2","1","0","0","0","0","0","2","0","2","","04","","N","","","","","","","","","",""
"2020074093","1700","0","0","0","0","0","0","0","0","0","1","0","","67","9","2020","4","40.013587","-75.068535","1653","6","0","0","0","0","0","0","0","0","","0","0","0","16","","1","","5","","40 00:48.913","","0","75 04:06.725","4","0","0","0","67301","0","0","0","N","0","0","0","2","67301","1","","1.0","","1","N","N","N","0","","0","0","1","","2","","1645","2","1","0","0","0","0","0","2","1","2","","","","N","","","","","","","","","",""
"2020070360","1030","2","0","0","0","0","0","0","0","0","4","0","","67","8","2020","7","40.041474","-75.08448","1017","6","0","0","0","0","0","0","0","0","","0","0","0","10","","3","","2","","40 02:29.306","2","0","75 05:04.128","3","0","0","0","67301","0","0","0","N","0","0","0","3","67301","0","","1.0","1145.0","9","N","N","N","0","","3","0","0","","3","N","1013","2","3","0","0","0","0","0","2","0","2","","","","N","","","","","","","","","",""
"2020072581","2120","0","0","0","0","0","0","0","0","0","4","0","","67","9","2020","6","39.999744","-75.138521","2103","6","0","1","0","0","0","0","0","0","","0","0","0","20","","2","","1","","39 59:59.077","","0","75 08:18.677","2","0","0","1","67301","0","0","0","N","0","0","0","2","67301","0","","1.0","","1","N","N","N","0","","1","1","0","","2","","2027","2","2","0","0","0","0","0","2","0","2","","03","","N","","","","","","","","","",""
"2020080407","0757","1","0","0","0","0","0","0","0","0","1","0","","67","9","2020","4","39.9595","-75.174827","0746","6","0","0","0","0","0","2","0","0","","0","0","0","07","","1","N","0","","39 57:34.199","","0","75 10:29.377","8","0","0","0","67301","0","0","0","N","0","0","0","2","68K01","0","","1.0","","1","N","N","N","0","","0","0","1","","0","","0742","2","1","0","0","0","1","0","2","0","2","","","","N","","","","","","","","","",""
"2020074735","1501","0","0","0","0","0","0","0","0","0","1","0","","67","8","2020","6","39.997856","-75.205267","1500","6","0","0","0","0","0","0","0","0","","0","0","0","18","","1","N","0","","39 59:52.280","","0","75 12:18.960","3","0","0","0","67301","0","0","0","N","0","0","0","5","67301","0","","1.0","","9","N","N","N","0","","1","0","2","","0","","1800","2","1","0","0","0","0","0","2","0","2","","04","","N","","","","","","","","","",""
"2020072123","1723","2","0","0","0","0","0","0","0","0","4","0","","67","9","2020","5","40.040768","-75.146335","1723","6","0","0","0","0","0","0","1","0","","0","0","0","16","","1","","1","","40 02:26.763","","0","75 08:46.806","3","0","0","0","67301","0","0","0","N","0","0","0","3","67301","0","","1.0","","1","N","N","N","0","","1","0","0","","3","","1620","2","1","0","0","0","0","2","2","0","2","","03","","N","","","","","","","","","",""
"2020071783","1141","2","0","0","0","0","0","0","0","0","4","0","","67","9","2020","4","40.034364","-75.160428","1141","6","0","0","0","0","0","0","1","0","","0","0","0","11","","1","","1","","40 02:03.710","","0","75 09:37.540","3","0","0","0","67301","0","0","0","N","0","0","0","2","67301","0","","1.0","","1","N","N","N","0","","1","0","0","","3","","1140","2","1","0","0","0","0","0","2","0","2","","04","","N","","","","","","","","","",""
"2020075066","1203","2","0","0","0","0","0","0","0","0","2","0","","67","9","2020","7","40.031122","-75.125297","1202","6","0","0","0","0","0","0","0","0","","0","0","0","20","","1","N","0","","40 01:52.040","","0","75 07:31.070","3","0","0","0","67301","0","0","0","N","0","0","0","2","67301","0","","1.0","","1","N","N","N","0","","1","0","0","","0","","2030","2","1","0","0","0","0","1","2","0","2","","03","","N","","","","","","","","","",""
"2020073371","1742","0","0","0","0","0","0","0","0","0","4","0","","67","9","2020","2","39.95577","-75.15905","1742","6","0","0","0","0","0","1","0","0","","0","0","0","17","","0","","1","","39 57:20.771","","0","75 09:32.581","0","0","0","0","67301","0","0","0","N","0","0","0","2","67301","0","","1.0","","1","N","N","N","0","","0","0","2","","2","","1732","2","0","0","0","0","0","0","2","0","2","","03","","N","","","","","","","","","",""
"2020078313","1353","1","0","0","0","0","0","0","0","0","4","0","","67","9","2020","4","39.962336","-75.161346","1353","6","0","0","0","0","0","0","0","0","","0","0","0","13","","1","","1","","39 57:44.409","","0","75 09:40.847","8","0","0","1","67301","0","0","0","N","0","0","0","2","67301","0","","1.0","","1","N","N","N","0","","0","0","0","","2","","1352","2","1","1","0","0","1","0","2","0","2","","03","","N","","","","","","","","","",""
"2020071785","0142","1","0","0","0","0","0","0","0","0","7","0","","67","8","2020","1","39.9735","-75.209386","0118","6","0","0","0","0","0","0","1","0","","0","0","0","01","","0","N","0","","39 58:24.599","","0","75 12:33.788","0","0","0","0","67301","0","0","0","N","0","0","0","1","67301","0","","4.0","","1","N","N","N","0","","0","0","0","","0","","0116","1","0","0","0","0","0","0","2","0","1","","03","","N","","","","","","","","","",""
"2020070928","1655","0","0","0","0","0","0","0","0","0","8","0","","67","8","2020","1","40.053245","-75.157694","1646","6","0","0","0","0","0","0","1","0","","0","0","0","16","","1","","1","","40 03:11.682","","0","75 09:27.698","3","0","0","0","67301","1","0","0","N","1","0","0","2","67301","0","","1.0","","1","N","N","N","1","","1","0","0","","3","","1610","2","1","1","0","0","0","0","2","0","1","","","","N","","","","","","","","","",""
"2020071365","2250","2","0","0","0","0","0","0","0","0","4","0","","67","8","2020","2","40.014088","-75.140447","2250","6","0","0","0","0","0","0","0","0","","0","0","0","21","","2","","1","","40 00:50.716","","0","75 08:25.609","3","0","0","0","67301","0","0","0","N","0","0","0","3","67301","0","","1.0","","9","N","N","N","0","","2","0","0","","3","","2130","2","2","0","0","0","0","0","2","0","2","","","","N","","","","","","","","","",""
"2020071353","2347","1","0","0","0","0","0","0","0","0","4","0","","67","8","2020","7","39.945561","-75.165024","2347","6","0","0","0","0","1","0","0","0","","0","0","0","23","","0","","1","","39 56:44.019","","0","75 09:54.085","9","0","0","0","67301","0","0","0","N","0","0","0","3","67301","0","","1.0","","99","N","N","N","0","","0","0","1","","2","","2343","2","0","0","0","0","0","2","2","0","2","","03","","N","","","","","","","","","",""
"2020076012","1547","1","0","0","1","0","0","0","0","0","8","0","","67","9","2020","4","39.947708","-75.198621","1540","6","0","0","0","0","0","0","0","0","","0","0","0","15","","1","","2","","39 56:51.748","4","0","75 11:55.037","4","0","0","0","67301","1","0","0","N","0","0","0","2","67504","1","","1.0","1600.0","1","N","N","N","0","","0","0","0","","2","N","1540","2","1","0","0","0","0","0","2","0","1","","03","","N","","","","","","","","","",""
"2020074656","1602","1","0","0","0","0","0","0","0","0","1","0","","67","9","2020","3","39.945442","-75.208608","1600","6","0","0","0","0","0","0","1","0","","0","0","0","15","","0","","1","","39 56:43.591","","0","75 12:30.988","0","0","0","0","67301","0","0","0","N","0","0","0","2","67301","0","","1.0","","1","N","N","N","0","","0","0","1","","2","","1557","2","0","0","0","0","0","0","2","0","2","","","","N","","","","","","","","","",""
"2020075061","0306","1","0","0","1","0","0","0","0","0","8","0","","67","9","2020","6","39.957754","-75.162466","0415","6","0","0","0","0","0","0","0","0","","0","0","0","03","","1","","5","","39 57:27.915","","8","75 09:44.876","3","0","0","0","67301","1","0","0","N","0","0","0","2","67301","0","","1.0","","1","N","Y","N","0","","1","0","0","","2","","0303","2","1","0","0","0","0","1","2","0","1","","03","","N","","","","","","","","","",""
"2020069742","0205","0","0","0","0","0","0","0","0","0","4","0","","67","8","2020","5","39.971253","-75.227216","0203","6","0","0","0","0","0","0","0","0","","0","0","0","02","","0","","1","","39 58:16.510","","0","75 13:37.977","9","0","0","0","67301","0","0","0","N","0","0","0","3","67301","0","","1.0","","1","N","N","N","0","","0","0","1","","2","","0201","2","0","0","0","0","0","1","2","0","2","","","","N","","","","","","","","","",""
"2020076451","1813","2","0","0","0","0","0","0","0","0","4","0","","67","9","2020","5","40.029645","-75.138813","1808","6","0","0","0","0","0","0","0","0","","0","0","0","17","","2","","1","","40 01:46.722","","0","75 08:19.726","3","0","0","0","67301","0","0","0","N","0","0","0","3","67301","0","","1.0","","1","N","N","N","0","","2","0","0","","3","","1759","2","2","0","0","0","0","0","2","0","2","","04","","N","","","","","","","","","",""
"2020070361","0107","1","0","0","0","0","0","0","0","0","7","0","","67","8","2020","1","39.954413","-75.148071","0104","6","0","0","0","0","0","0","0","0","","0","0","0","00","","0","","1","","39 57:15.887","","2","75 08:53.056","0","0","0","0","67301","0","0","0","N","0","0","0","1","67301","0","","4.0","","1","N","N","N","0","","0","0","0","","2","","0054","1","0","0","0","0","0","0","2","0","1","","","","N","","","","","","","","","",""
"2020076657","0320","1","0","0","0","0","0","0","0","0","7","0","","67","9","2020","5","40.012194","-75.147278","0319","6","0","0","0","0","0","0","0","0","","0","0","0","03","","1","N","0","","40 00:43.900","2","3","75 08:50.200","3","0","0","0","67301","0","0","0","N","0","0","0","1","67301","0","","4.0","600.0","1","N","N","N","0","","1","0","0","","0","Y","0301","1","1","0","0","0","0","0","2","0","1","","04","","N","","","","","","","","","",""
"2020072632","0122","0","0","0","0","0","0","0","0","0","8","0","","67","9","2020","1","39.990833","-75.130907","0122","6","0","0","0","0","0","0","0","0","","0","0","0","01","","1","","1","","39 59:26.999","","0","75 07:51.264","2","0","0","0","67301","1","0","1","N","1","0","1","2","67301","0","","1.0","","1","N","N","N","0","","0","1","0","","2","","0110","2","1","0","0","0","0","0","2","0","1","","03","","N","","","","","","","","","",""
"2020079572","0722","2","0","0","0","0","0","0","0","0","4","0","","67","9","2020","7","40.018522","-75.049257","0716","6","0","0","0","0","0","0","1","0","","0","0","0","07","","0","N","0","","40 01:06.678","","0","75 02:57.324","0","0","0","0","67301","0","0","0","N","0","0","0","2","67301","0","","1.0","","9","N","N","N","0","","0","0","0","","0","","0715","2","0","0","0","0","0","0","2","0","2","","07","","N","","","","","","","","","",""
"2020112958","1111","2","0","0","0","0","0","0","0","0","5","0","","67","12","2020","1","40.042848","-75.063223","1105","6","0","0","0","0","1","0","0","0","","0","0","0","10","","1","","1","","40 02:34.252","","0","75 03:47.603","8","0","0","0","67301","0","0","0","N","0","0","0","4","67301","0","","1.0","","1","N","N","N","0","","0","0","0","","2","","1050","2","1","0","0","0","1","0","2","0","2","","","","N","","","","","","","","","",""
"2020070194","1130","2","0","0","0","0","0","0","0","0","1","0","","67","8","2020","5","40.004064","-75.076923","1116","6","0","0","0","0","0","0","0","0","","0","0","0","08","","1","N","0","","40 00:14.629","","0","75 04:36.922","3","0","0","0","67301","0","0","0","N","0","0","0","2","68K01","0","","1.0","","1","N","N","N","0","","1","0","0","","0","","0816","2","1","0","0","0","0","1","2","0","2","","","","N","","","","","","","","","",""
"2020073250","1720","0","0","0","0","0","0","0","0","0","4","0","","67","9","2020","1","39.947766","-75.225373","1720","6","0","0","0","0","0","0","0","0","","0","0","0","00","","0","","5","","39 56:51.959","","0","75 13:31.342","9","0","0","0","67301","0","0","0","N","0","0","0","2","67301","0","","1.0","","1","N","N","N","1","","0","0","1","","2","","0001","2","0","0","0","0","0","1","2","0","2","","","","N","","","","","","","","","",""
"2020076791","1840","2","0","0","0","0","0","0","0","0","4","0","","67","9","2020","4","39.945766","-75.166775","1839","6","0","0","0","1","0","1","0","0","","0","0","0","18","","4","","1","","39 56:44.757","","0","75 10:00.390","4","0","0","0","67301","1","0","0","N","1","0","0","4","67301","4","","1.0","","1","N","N","Y","0","","0","0","0","","2","","1835","3","4","0","0","0","0","0","2","0","2","","03","","N","","","","","","","","","",""
"2020070649","1417","1","0","0","0","0","0","0","0","0","4","0","","67","8","2020","1","39.978108","-75.164578","1415","6","0","0","0","0","0","0","0","0","","0","0","0","14","","0","","1","","39 58:41.188","","0","75 09:52.480","9","0","0","0","67301","0","0","0","N","0","0","0","2","67505","0","","1.0","","1","N","N","N","0","","0","0","0","","2","","1410","2","0","0","0","0","0","1","2","1","2","","03","","N","","","","","","","","","",""
"2020073252","1600","2","0","0","0","0","0","0","0","0","5","0","","67","9","2020","1","39.921414","-75.228389","1554","6","0","0","0","0","0","1","0","0","","0","0","0","15","","1","N","0","","39 55:17.090","","0","75 13:42.200","8","0","0","0","67301","0","0","0","N","0","0","0","3","67301","0","","1.0","","1","N","N","N","0","","0","0","1","","0","","1533","3","1","3","0","0","1","0","2","0","3","","03","","N","","","","","","","","","",""
"2020072572","2343","1","0","0","0","0","0","0","0","0","7","0","","67","9","2020","7","39.977667","-75.163861","2338","6","0","0","0","0","0","1","0","0","","0","0","0","23","","0","N","0","","39 58:39.600","1","0","75 09:49.900","9","0","0","0","67301","0","0","0","N","0","0","0","1","67505","0","","4.0","38.0","1","N","N","N","0","","0","0","0","","0","Y","2335","1","0","0","0","0","0","1","2","0","1","","03","","N","","","","","","","","","",""
"2020073990","1350","1","0","0","0","0","0","0","0","0","5","0","","67","9","2020","4","40.020278","-75.134111","1331","6","0","0","0","0","0","0","0","0","","0","0","0","12","","0","N","0","","40 01:13.000","","0","75 08:02.800","0","0","0","0","67301","0","0","0","N","0","0","0","1","67301","0","","6.0","","1","N","N","N","0","","0","0","2","","0","","1247","3","0","0","0","0","0","0","2","0","3","","","","N","","","","","","","","","",""
"2020079124","2104","0","0","0","0","0","0","0","0","0","7","0","","67","9","2020","2","39.961502","-75.182837","2045","6","0","0","0","0","0","1","0","0","","0","0","0","20","","1","N","0","","39 57:41.406","3","2","75 10:58.214","8","0","0","0","67301","0","0","0","N","0","0","0","1","68K01","0","","2.0","2144.0","1","N","N","N","1","","0","0","0","","0","N","2041","1","1","0","0","0","1","0","2","0","1","","","","N","","","","","","","","","",""
"2020074743","1936","1","0","0","0","0","0","0","0","0","4","0","","67","9","2020","2","40.001803","-75.117886","1935","6","0","0","0","0","0","0","1","0","","0","0","0","19","","1","","2","","40 00:06.490","","0","75 07:04.389","8","0","0","1","67301","0","0","0","N","0","0","0","2","67301","0","","1.0","","99","N","N","N","0","","0","0","0","","0","","1928","2","1","0","0","0","1","1","2","0","2","","","","N","","","","","","","","","",""
"2020074442","1548","2","0","0","0","0","0","0","0","0","3","0","","67","9","2020","5","39.950386","-75.153742","1544","6","0","0","0","0","0","0","0","0","","0","0","0","15","","2","N","0","","39 57:01.390","","0","75 09:13.470","3","0","0","0","67301","0","0","0","N","0","0","0","3","67301","0","","6.0","","1","N","N","N","0","","2","0","1","","0","","1510","4","2","0","0","0","0","0","2","1","4","","03","","N","","","","","","","","","",""