"CRN","ARRIVAL_TM","AUTOMOBILE_COUNT","BELTED_DEATH_COUNT","BELTED_SUSP_SERIOUS_INJ_COUNT","BICYCLE_COUNT","BICYCLE_DEATH_COUNT","BICYCLE_SUSP_SERIOUS_INJ_COUNT","BUS_COUNT","CHLDPAS_DEATH_COUNT","CHLDPAS_SUSP_SERIOUS_INJ_COUNT","COLLISION_TYPE","COMM_VEH_COUNT","CONS_ZONE_SPD_LIM","COUNTY","CRASH_MONTH","CRASH_YEAR","DAY_OF_WEEK","DEC_LATITUDE","DEC_LONGITUDE","DISPATCH_TM","DISTRICT","DRIVER_COUNT_16YR","DRIVER_COUNT_17YR","DRIVER_COUNT_18YR","DRIVER_COUNT_19YR","DRIVER_COUNT_20YR","DRIVER_COUNT_50_64YR","DRIVER_COUNT_65_74YR","DRIVER_COUNT_75PLUS","EST_HRS_CLOSED","FATAL_COUNT","HEAVY_TRUCK_COUNT","HORSE_BUGGY_COUNT","HOUR_OF_DAY","ILLUMINATION","INJURY_COUNT","INTERSECTION_RELATED","INTERSECT_TYPE","LANE_CLOSED","LATITUDE","LN_CLOSE_DIR","LOCATION_TYPE","LONGITUDE","MAX_SEVERITY_LEVEL","MCYCLE_DEATH_COUNT","MCYCLE_SUSP_SERIOUS_INJ_COUNT","MOTORCYCLE_COUNT","MUNICIPALITY","NONMOTR_COUNT","NONMOTR_DEATH_COUNT","NONMOTR_SUSP_SERIOUS_INJ_COUNT","NTFY_HIWY_MAINT","PED_COUNT","PED_DEATH_COUNT","PED_SUSP_SERIOUS_INJ_COUNT","PERSON_COUNT","POLICE_AGCY","POSSIBLE_INJ_COUNT","RDWY_SURF_TYPE_CD","RELATION_TO_ROAD","ROADWAY_CLEARED","ROAD_CONDITION","SCH_BUS_IND","SCH_ZONE_IND","SECONDARY_CRASH","SMALL_TRUCK_COUNT","SPEC_JURIS_CD","SUSP_MINOR_INJ_COUNT","SUSP_SERIOUS_INJ_COUNT","SUV_COUNT","TCD_FUNC_CD","TCD_TYPE","TFC_DETOUR_IND","TIME_OF_DAY","TOTAL_UNITS","TOT_INJ_COUNT","UNBELTED_OCC_COUNT","UNB_DEATH_COUNT","UNB_SUSP_SERIOUS_INJ_COUNT","UNK_INJ_DEG_COUNT","UNK_INJ_PER_COUNT","URBAN_RURAL","VAN_COUNT","VEHICLE_COUNT","WEATHER1","WEATHER2","WORKERS_PRES","WORK_ZONE_IND","WORK_ZONE_LOC","WORK_ZONE_TYPE","WZ_CLOSE_DETOUR","WZ_FLAGGER","WZ_LAW_OFFCR_IND","WZ_LN_CLOSURE","WZ_MOVING","WZ_OTHER","WZ_SHLDER_MDN","WZ_WORKERS_INJ_KILLED"
"2020073379","1645","1","0","0","0","0","0","0","0","0","4","0","","67","9","2020","3","39.989986","-75.148346","1640","6","0","0","0","0","0","0","0","0","","0","0","0","16","","0","","1","","39 59:23.949","","0","75 08:54.045","0","0","0","0","67301","0","0","0","N","0","0","0","2","67301","0","","1.0","","1","N","N","Y","0","","0","0","1","","2","","1640","2","0","0","0","0","0","0","2","0","2","","03","","N","","","","","","","","","",""
"2020072121","0055","1","0","0","0","0","0","0","0","0","4","0","","67","9","2020","4","40.034763","-75.071053","0047","6","0","0","0","0","0","0","0","0","","0","0","0","00","","2","","1","","40 02:05.146","1","0","75 04:15.791","2","0","0","0","67301","0","0","0","N","0","0","0","2","67301","0","","1.0","135.0","1","N","N","N","0","","1","1","1","","2","N","0044","2","2","0","0","0","0","0","2","0","2","","03","","N","","","","","","","","","",""
"2020070555","1840","1","0","0","0","0","0","0","0","0","5","0","","67","8","2020","1","39.977806","-75.150778","1840","6","0","0","0","0","0","0","0","0","","0","0","0","18","","0","N","0","","39 58:40.100","","0","75 09:02.800","9","0","0","0","67301","0","0","0","N","0","0","0","2","67505","0","","1.0","","1","N","N","N","0","","0","0","0","","0","","1835","2","0","0","0","0","0","1","2","1","2","","03","","N","","","","","","","","","",""
"2020074803","1839","2","0","0","0","0","0","0","0","0","5","0","","67","9","2020","7","39.987461","-75.155887","1839","6","0","0","0","0","0","0","0","0","","0","0","0","18","","1","N","0","","39 59:14.861","","0","75 09:21.194","3","0","0","0","67301","0","0","0","N","0","0","0","1","67301","0","","6.0","","1","N","N","N","0","","1","0","0","","0","","1839","2","1","0","0","0","0","0","2","0","2","","03","","N","","","","","","","","","",""
"2020072580","2028","1","0","0","0","0","0","0","0","0","4","0","","67","9","2020","6","40.022111","-75.1161","2019","6","0","0","0","0","0","0","0","0","","0","0","0","","","4","","1","","40 01:19.599","7","0","75 06:57.960","3","0","0","0","67301","0","0","0","N","0","0","0","5","67301","0","","1.0","2117.0","1","N","N","N","0","","4","0","1","","3","Y","","2","4","1","0","0","0","0","2","0","2","","03","","N","","","","","","","","","",""
"2020074738","0941","1","0","0","0","0","0","0","0","0","5","0","","67","9","2020","6","39.982461","-75.240528","0940","6","0","0","0","0","0","0","0","0","","0","0","0","","","0","N","0","","39 58:56.861","","0","75 14:25.901","0","0","0","0","67301","0","0","0","N","0","0","0","1","67301","0","","6.0","","1","N","N","N","1","","0","0","0","","0","","","2","0","1","0","0","0","0","2","0","2","","03","","N","","","","","","","","","",""
"2020076224","2321","0","0","0","0","0","0","0","0","0","4","0","","67","9","2020","2","40.057383","-75.150912","2320","6","0","0","0","0","0","0","0","0","","0","0","0","","","1","","1","","40 03:26.578","","0","75 09:03.283","3","0","0","0","67301","0","0","0","N","0","0","0","2","67301","0","","1.0","","1","N","N","N","0","","1","0","2","","3","","","2","1","1","0","0","0","0","2","0","2","","03","","N","","","","","","","","","",""
"2020071503","2307","0","0","0","0","0","0","0","0","0","7","0","","67","8","2020","1","39.97695","-75.113618","2258","6","0","1","0","0","0","0","0","0","","0","0","0","","","0","N","0","","39 58:37.021","2","0","75 06:49.024","0","0","0","0","67301","0","0","0","N","0","0","0","1","68K01","0","","4.0","45.0","1","N","N","N","0","","0","0","1","","0","N","","1","0","0","0","0","0","0","2","0","1","","03","","N","","","","","","","","","",""
"2020076445","1555","2","0","0","0","0","0","0","0","0","7","0","","67","9","2020","4","39.920626","-75.150178","1652","6","0","0","0","0","0","0","0","1","","0","0","0","","","1","","1","","39 55:14.253","","0","75 09:00.640","8","0","0","0","67301","0","0","0","N","0","0","0","1","67301","0","","4.0","","1","N","N","N","0","","0","0","0","","2","","","2","1","1","0","0","1","0","2","0","2","","03","","N","","","","","","","","","",""
"2020073548","1432","1","0","0","0","0","0","0","0","0","4","0","","67","9","2020","7","40.016949","-75.151509","1430","6","0","0","0","0","0","0","0","0","","0","0","0","","","1","","1","","40 01:01.017","","0","75 09:05.433","3","0","0","0","67301","0","0","0","N","0","0","0","2","67301","0","","1.0","","1","N","N","N","0","","1","0","1","","2","","","2","1","0","0","0","0","0","2","0","2","","","","N","","","","","","","","","",""
"2020077986","2142","0","0","0","0","0","0","0","0","0","5","0","","67","9","2020","2","39.99381","-75.199204","2127","6","0","0","0","0","0","1","0","0","","0","0","0","","","0","N","0","","39 59:37.715","4","0","75 11:57.136","0","0","0","0","67301","0","0","0","N","0","0","0","7","68K01","0","","1.0","30.0","1","N","N","N","0","","0","0","1","","0","N","","2","0","0","0","0","0","0","2","1","2","","","","N","","","","","","","","","",""
"2020079645","1355","1","0","0","0","0","0","0","0","0","4","0","","67","9","2020","3","39.975032","-75.191512","1343","6","0","0","0","0","0","0","0","0","","0","0","0","","","3","N","0","","39 58:30.116","","7","75 11:29.443","3","0","0","0","67301","0","0","0","N","0","0","0","4","67301","1","","1.0","","1","N","N","N","0","","2","0","1","","0","","","2","3","0","0","0","0","0","2","0","2","","03","","N","","","","","","","","","",""
"2020073991","0151","1","0","0","0","0","0","0","0","0","7","0","","67","9","2020","1","40.024418","-75.147935","0147","6","0","0","0","0","0","0","0","0","","0","0","0","","","2","N","0","","40 01:27.905","2","0","75 08:52.565","3","0","0","0","67301","1","0","0","N","1","0","0","2","67301","0","","3.0","400.0","1","N","N","N","0","","2","0","0","","0","Y","","2","2","0","0","0","0","0","2","0","1","","03","","N","","","","","","","","","",""
"2020070362","1847","2","0","0","0","0","0","0","0","0","5","0","","67","8","2020","6","40.065448","-75.000477","1844","6","0","0","0","0","0","0","0","1","","0","0","0","","","1","N","0","","40 03:55.613","4","0","75 00:01.717","3","0","0","0","67301","0","0","0","N","0","0","0","1","67301","0","","6.0","2030.0","9","N","N","N","0","","1","0","0","","0","Y","","2","1","0","0","0","0","0","2","0","2","","07","","N","","","","","","","","","",""
"2020080390","2001","1","0","0","0","0","0","0","0","0","1","0","","67","9","2020","6","39.959227","-75.173664","1957","6","0","0","0","0","0","0","0","0","","0","0","0","","","2","N","0","","39 57:33.216","","0","75 10:25.192","8","0","0","0","67301","0","0","0","N","0","0","0","5","68K01","0","","1.0","","1","N","N","N","0","","0","0","1","","0","","","2","2","0","0","0","2","0","2","0","2","","","","N","","","","","","","","","",""
"2020074324","1507","0","0","0","0","0","0","0","0","0","6","0","","67","9","2020","6","39.957511","-75.217339","1455","6","0","0","0","0","0","1","0","0","","0","0","0","","","1","","1","","39 57:27.041","","0","75 13:02.421","4","0","0","0","67301","0","0","0","N","0","0","0","3","67508","1","","1.0","","1","N","N","Y","1","","0","0","0","","2","","","2","1","0","0","0","0","0","2","1","2","","03","","N","","","","","","","","","",""
"2020069459","0410","2","0","0","0","0","0","0","0","0","5","0","","67","8","2020","4","40.044375","-75.10515","0405","6","0","0","0","0","0","0","0","0","","0","0","0","","","0","N","0","","40 02:39.750","","0","75 06:18.540","0","0","0","0","67301","0","0","0","N","0","0","0","1","67301","0","","6.0","","1","Y","Y","N","0","","0","0","0","","0","","","2","0","1","0","0","0","0","2","0","2","","","","N","","","","","","","","","",""
"2020072182","0738","1","0","0","0","0","0","0","0","0","4","0","","67","9","2020","4","40.005403","-75.157838","0733","6","0","0","0","0","0","1","1","0","","0","0","0","","","0","","1","","40 00:19.450","6","0","75 09:28.216","0","0","0","0","67301","0","0","0","N","0","0","0","2","67301","0","","1.0","825.0","1","N","N","N","0","","0","0","1","","3","Y","","2","0","0","0","0","0","0","2","0","2","","03","","N","","","","","","","","","",""
"2020075844","2313","1","0","0","0","0","0","0","0","0","8","0","","67","9","2020","1","40.023766","-75.116819","2306","6","0","0","0","0","0","0","0","0","","0","0","0","","","2","","2","","40 01:25.557","","0","75 07:00.548","8","0","0","0","67301","2","0","0","N","2","0","0","3","67301","0","","1.0","","1","N","N","N","0","","0","0","1","","0","","","4","2","0","0","0","2","1","2","0","2","","03","","N","","","","","","","","","",""
"2020073897","1845","1","0","0","0","0","0","0","0","0","4","0","","67","9","2020","2","39.964794","-75.238145","1845","6","0","0","0","0","0","0","0","0","","0","0","0","","","0","","1","","39 57:53.258","","0","75 14:17.321","0","0","0","0","67301","0","0","0","N","0","0","0","3","67301","0","","1.0","","1","N","N","N","0","","0","0","0","","2","","","2","0","0","0","0","0","0","2","1","2","","03","","N","","","","","","","","","",""
"2020071557","1547","0","0","0","0","0","0","0","0","0","4","0","","67","8","2020","2","39.957796","-75.160214","1545","6","0","0","0","0","1","1","0","0","","0","0","0","","","1","","1","","39 57:28.064","","3","75 09:36.770","3","0","0","1","67301","0","0","0","N","0","0","0","2","67301","0","","1.0","","9","N","N","N","0","","1","0","0","","2","","","2","1","0","0","0","0","0","2","1","2","","07","","N","","","","","","","","","",""
"2020093299","1414","1","0","0","0","0","0","0","0","0","7","0","","67","9","2020","4","40.010389","-75.1475","1413","6","0","0","0","0","0","0","0","0","","0","0","0","","","1","N","0","","40 00:37.400","","0","75 08:51.000","4","0","0","0","67301","0","0","0","N","0","0","0","2","67301","1","","5.0","","9","N","N","N","0","","0","0","0","","0","","","1","1","0","0","0","0","0","2","0","1","","","","N","","","","","","","","","",""
"2020070363","2045","2","0","0","0","0","0","0","0","0","4","0","","67","8","2020","7","40.033136","-75.170611","2045","6","0","0","0","0","0","0","0","0","","0","0","0","","","1","","1","","40 01:59.290","","0","75 10:14.198","3","0","0","0","67301","0","0","0","N","0","0","0","3","67301","0","","1.0","","1","N","N","N","0","","1","0","0","","2","","","2","1","0","0","0","0","0","2","0","2","","","","N","","","","","","","","","",""
"2020081101","1535","2","0","0","0","0","0","0","0","0","2","0","","67","9","2020","4","39.988068","-75.155754","1532","6","0","0","0","0","0","0","0","0","","0","0","0","","","1","N","0","","39 59:17.043","","0","75 09:20.716","3","0","0","0","67301","0","0","0","N","0","0","0","3","67301","0","","1.0","","1","N","N","N","0","","1","0","0","","2","","","2","1","0","0","0","0","0","2","0","2","","03","","N","","","","","","","","","",""
"2020069743","0959","1","0","0","0","0","0","0","0","0","4","0","","67","8","2020","5","39.990427","-75.115966","0959","6","0","0","0","1","0","0","0","0","","0","0","0","","","1","","1","","39 59:25.537","","0","75 06:57.477","8","0","0","0","67301","0","0","0","N","0","0","0","2","67301","0","","1.0","","1","N","N","N","0","","0","0","0","","2","","","2","1","0","0","0","1","0","2","0","2","","03","","N","","","","","","","","","",""
"2020071360","1642","2","0","0","0","0","0","0","0","0","4","0","","67","8","2020","2","40.012395","-75.058415","1637","6","0","0","0","0","0","0","0","0","","0","0","0","","","1","","2","","40 00:44.622","2","0","75 03:30.294","8","0","0","0","67301","0","0","0","N","0","0","0","2","67301","0","","1.0","1640.0","1","N","N","N","0","","0","0","0","","2","N","","2","1","0","0","0","1","0","2","0","2","","03","","N","","","","","","","","","",""
"2020072394","1035","2","0","0","0","0","0","0","0","0","4","0","","67","9","2020","4","39.952184","-75.240772","1030","6","0","0","0","1","0","1","0","0","","0","0","0","","","1","","1","","39 57:07.862","","0","75 14:26.779","4","0","0","0","67301","0","0","0","N","0","0","0","3","67301","1","","1.0","","1","N","N","N","0","","0","0","1","","2","","","3","1","0","0","0","0","0","2","0","3","","","","N","","","","","","","","","",""
"2020073482","0010","1","0","0","0","0","0","0","0","0","8","0","","67","9","2020","7","39.965385","-75.19037","0010","6","0","0","0","0","0","0","0","0","","0","0","0","","","1","","1","","39 57:55.386","","0","75 11:25.332","3","0","0","0","67301","1","0","0","N","1","0","0","2","67301","0","","1.0","","1","N","N","N","0","","1","0","0","","3","","","2","1","0","0","0","0","0","2","0","1","","","","N","","","","","","","","","",""
"2020075984","1340","0","0","0","1","0","0","0","0","0","8","0","","67","9","2020","4","40.002104","-75.152685","1335","6","0","0","0","0","0","1","0","0","","0","0","0","","","1","N","0","","40 00:07.575","","0","75 09:09.667","3","0","0","0","67301","1","0","0","N","0","0","0","3","67505","0","","1.0","","1","N","N","N","1","","1","0","0","","0","","","2","1","0","0","0","0","0","2","0","1","","","","N","","","","","","","","","",""
"2020070674","1439","0","0","0","0","0","0","0","0","0","4","0","","67","8","2020","7","40.05059","-75.142211","1439","6","0","0","0","0","0","0","0","0","","0","0","0","","","1","","1","","40 03:02.124","","0","75 08:31.960","3","0","0","0","67301","0","0","0","N","0","0","0","2","67301","0","","1.0","","1","N","N","N","0","","1","0","0","","2","","","2","1","0","0","0","0","1","2","1","2","","03","","N","","","","","","","","","",""
"2020070078","2115","1","0","0","0","0","0","0","0","0","8","0","","67","8","2020","4","40.027027","-75.130635","2109","6","0","0","0","0","0","0","0","0","","0","0","0","","","1","","1","","40 01:37.297","","0","75 07:50.286","8","0","0","0","67301","1","0","0","N","1","0","0","2","67301","0","","1.0","","99","N","N","N","0","","0","0","0","","3","","","2","1","0","0","0","1","0","2","0","1","","","","N","","","","","","","","","",""
"2020083020","1500","0","0","0","0","0","0","0","0","0","2","0","","67","10","2020","2","40.008148","-75.072467","1449","6","0","0","0","0","0","2","0","0","","0","0","0","","","1","","1","","40 00:29.331","","0","75 04:20.880","2","0","1","1","67301","0","0","0","N","0","0","0","2","67301","0","","1.0","","1","N","N","N","1","","0","1","0","","2","","","2","1","0","0","0","0","0","2","0","2","","03","","N","","","","","","","","","",""
"2020073049","0020","2","0","0","0","0","0","0","0","0","4","0","","67","9","2020","1","40.031889","-75.092056","0020","6","0","0","0","0","0","0","0","0","","0","0","0","","","1","","1","","40 01:54.800","","0","75 05:31.400","8","0","0","0","67301","0","0","0","N","0","0","0","2","67301","0","","1.0","","1","N","N","Y","0","","0","0","0","","0","","","3","1","1","0","0","1","0","2","1","3","","03","","N","","","","","","","","","",""
"2020073046","0245","3","0","0","0","0","0","0","0","0","1","0","","67","9","2020","1","39.905757","-75.193824","0243","6","0","0","0","0","0","0","0","0","","0","0","0","","","0","","1","","39 54:20.725","3","0","75 11:37.765","0","0","0","0","67301","0","0","0","N","0","0","0","3","67301","0","","1.0","315.0","1","N","N","N","0","","0","0","0","","2","N","","3","0","0","0","0","0","0","2","0","3","","03","","N","","","","","","","","","",""
"2020071558","1655","0","0","0","0","0","0","0","0","0","8","0","","67","9","2020","3","39.95355","-75.154661","1655","6","0","0","0","0","0","1","0","0","","0","0","0","","","1","N","0","","39 57:12.780","","0","75 09:16.780","3","0","0","0","67301","1","0","0","N","1","0","0","2","67301","0","","6.0","","1","N","N","N","0","","1","0","1","","0","","","2","1","1","0","0","0","0","2","0","1","","","","N","","","","","","","","","",""
"2020076140","1606","0","0","0","0","0","0","0","0","0","4","0","","67","9","2020","3","39.956361","-75.225627","1605","6","0","0","0","0","0","0","0","0","","0","0","0","","","1","","1","","39 57:22.900","7","0","75 13:32.258","4","0","0","1","67301","0","0","0","N","0","0","0","3","67301","1","","1.0","1700.0","1","N","N","N","0","","0","0","1","","3","Y","","2","1","0","0","0","0","0","2","0","2","","","","N","","","","","","","","","",""
"2020074444","0942","1","0","0","0","0","0","0","0","0","5","0","45","67","9","2020","6","40.105006","-75.001338","0934","6","0","0","0","0","0","0","0","0","","0","0","0","","","1","N","0","","40 06:18.021","2","0","75 00:04.818","3","0","0","0","67301","0","0","0","N","0","0","0","2","67301","0","","1.0","955.0","1","N","N","N","0","","1","0","1","","0","N","","2","1","1","0","0","0","0","2","0","2","","","Y","Y","4","1","N","N","N","Y","N","N","N","N"
"2020073487","2320","2","0","0","0","0","0","0","0","0","5","0","","67","9","2020","5","40.039611","-75.150586","2320","6","0","0","0","0","0","1","0","0","","0","0","0","","","1","N","0","","40 02:22.600","","0","75 09:02.110","3","0","0","0","67301","0","0","0","N","0","0","0","1","67301","0","","6.0","","1","N","N","N","0","","1","0","1","","0","","","3","1","0","0","0","0","0","2","0","3","","03","","N","","","","","","","","","",""
"2020076730","2041","2","0","0","0","0","0","0","0","0","1","0","","67","8","2020","7","39.980838","-75.103881","2033","6","0","0","0","0","0","0","0","0","","0","0","0","","","0","N","0","","39 58:51.015","2","0","75 06:13.971","0","0","0","0","67301","0","0","0","N","0","0","0","5","68K01","0","","1.0","2125.0","1","N","N","N","0","","0","0","0","","0","N","","2","0","0","0","0","0","0","2","0","2","","","","N","","","","","","","","","",""
"2020071210","0832","2","0","0","0","0","0","0","0","0","5","0","","67","9","2020","3","40.013992","-75.072511","0832","6","0","0","0","0","0","0","0","0","","0","0","0","","","0","N","0","","40 00:50.370","","0","75 04:21.040","0","0","0","0","67301","0","0","0","N","0","0","0","1","67301","0","","6.0","","1","N","N","N","0","","0","0","0","","0","","","2","0","1","0","0","0","0","2","0","2","","","","N","","","","","","","","","",""
"2020090079","0518","1","0","0","0","0","0","0","0","0","5","0","","67","10","2020","3","39.978684","-75.157874","0517","6","0","0","0","0","0","0","0","0","","0","0","0","","","0","","1","","39 58:43.263","","0","75 09:28.346","9","0","0","0","67301","0","0","0","N","0","0","0","3","67505","0","","1.0","","1","N","N","N","0","","0","0","1","","2","","","2","0","0","0","0","0","1","2","0","2","","03","","N","","","","","","","","","",""
"2020069819","1143","1","0","0","0","0","0","0","0","0","4","0","","67","8","2020","4","39.974966","-75.186669","1143","6","0","0","0","0","0","0","0","0","","0","0","0","","","1","","2","","39 58:29.876","","0","75 11:12.007","2","0","0","0","67301","0","0","0","N","0","0","0","2","67301","0","","1.0","","1","N","N","Y","0","","0","1","1","","3","","","3","1","2","0","1","0","0","2","1","3","","03","","N","","","","","","","","","",""
"2020077318","1658","1","0","0","0","0","0","0","0","0","5","0","","67","9","2020","5","39.961366","-75.224578","1656","6","0","0","0","0","0","0","0","0","","0","0","0","","","0","N","0","","39 57:40.916","","0","75 13:28.481","9","0","0","0","67301","0","0","0","N","0","0","0","1","67301","0","","6.0","","1","N","N","N","0","","0","0","1","","0","","","2","0","0","0","0","0","1","2","0","2","","04","","N","","","","","","","","","",""
"2020071752","0310","2","0","0","0","0","0","0","0","0","2","0","","67","8","2020","2","39.992497","-75.164847","0300","6","0","0","0","0","0","0","0","0","","0","0","0","","","3","N","0","","39 59:32.990","","0","75 09:53.450","8","0","0","0","67301","0","0","0","N","0","0","0","4","67301","0","","1.0","","1","N","N","N","0","","0","0","0","","0","","","2","3","0","0","0","3","0","2","0","2","","03","","N","","","","","","","","","",""
"2020074548","1752","0","0","0","0","0","0","0","0","0","1","0","45","67","9","2020","3","40.009344","-75.065972","1749","6","0","0","0","0","0","0","0","0","","0","0","0","","","0","N","0","","40 00:33.639","","0","75 03:57.498","0","0","0","0","67301","0","0","0","N","0","0","0","2","68K01","0","","1.0","","1","N","N","N","0","","0","0","1","","0","","","2","0","0","0","0","0","0","2","1","2","","03","N","Y","4","1","","","N","","","","Y","N"
"2020077073","2127","1","0","0","0","0","0","0","0","0","4","0","","67","9","2020","5","40.039509","-75.116697","2126","6","0","0","0","0","0","1","0","0","","0","0","0","","","1","","11","","40 02:22.232","","7","75 07:00.109","3","0","0","0","67301","0","0","0","N","0","0","0","2","67301","0","","1.0","","1","N","N","N","0","","1","0","1","","3","","","2","1","0","0","0","0","0","2","0","2","","03","","N","","","","","","","","","",""
"2020078363","0144","1","0","0","0","0","0","0","0","0","7","0","","67","8","2020","2","39.980778","-75.206267","0137","6","0","0","0","0","0","0","0","0","","0","0","0","","","1","N","0","","39 58:50.802","","0","75 12:22.562","3","0","0","0","67301","0","0","0","N","0","0","0","1","68K01","0","","4.0","","1","N","N","N","0","","1","0","0","","0","","","1","1","1","0","0","0","0","2","0","1","","03","","N","","","","","","","","","",""
"2020069952","0043","1","0","0","0","0","0","0","0","0","4","0","","67","8","2020","6","39.956314","-75.239905","0043","6","0","0","0","1","0","0","0","0","","0","0","0","","","5","","1","","39 57:22.730","7","0","75 14:23.657","2","0","0","0","67301","0","0","0","N","0","0","0","5","67301","0","","1.0","140.0","1","N","N","N","1","","2","3","0","","2","N","","2","5","5","0","3","0","0","2","0","2","","03","","N","","","","","","","","","",""
"2020070923","0924","2","0","0","0","0","0","0","0","0","1","0","","67","8","2020","2","39.949039","-75.157275","0922","6","0","0","0","0","0","0","0","0","","0","0","0","","","1","Y","0","","39 56:56.540","","0","75 09:26.190","4","0","0","0","67301","0","0","0","N","0","0","0","3","67301","1","","1.0","","1","N","N","N","0","","0","0","0","","2","","","2","1","0","0","0","0","0","2","0","2","","03","","N","","","","","","","","","",""
"2020073158","1301","1","0","0","0","0","0","0","0","0","5","0","","67","9","2020","2","39.944236","-75.238614","1301","6","0","0","0","0","0","0","0","0","","0","0","0","","","0","N","0","","39 56:39.250","","0","75 14:19.010","9","0","0","0","67301","0","0","0","N","0","0","0","1","67301","0","","6.0","","1","N","N","N","0","","0","0","1","","0","","","3","0","0","0","0","0","1","2","1","3","","03","","N","","","","","","","","","",""
"2020075815","0200","2","0","0","0","0","0","0","0","0","5","0","","67","9","2020","3","39.956519","-75.214456","0152","6","0","0","0","0","0","0","0","0","","0","0","0","","","0","N","0","","39 57:23.470","","0","75 12:52.040","0","0","0","0","67301","0","0","0","N","0","0","0","1","67301","0","","6.0","","1","N","N","N","0","","0","0","0","","0","","","3","0","0","0","0","0","0","2","0","3","","03","","N","","","","","","","","","",""
"2020076316","1430","0","0","0","0","0","0","0","0","0","4","0","","67","9","2020","2","39.927133","-75.232128","1418","6","0","0","0","0","1","0","0","0","","0","0","0","","","1","","2","","39 55:37.678","4","0","75 13:55.660","4","0","0","0","67301","0","0","0","N","0","0","0","9","67508","1","","1.0","9999.0","1","N","N","Y","0","","0","0","1","","0","N","","2","1","0","0","0","0","0","2","0","2","","03","","N","","","","","","","","","",""
"2020070471","1042","1","0","0","0","0","0","0","0","0","4","0","","67","8","2020","1","39.976383","-75.162534","1040","6","0","0","0","0","0","1","0","0","","0","0","0","","","1","","1","","39 58:34.977","","0","75 09:45.122","4","0","0","0","67301","0","0","0","N","0","0","0","2","67301","1","","1.0","","1","N","N","N","0","","0","0","1","","3","","","2","1","0","0","0","0","0","2","0","2","","03","","N","","","","","","","","","",""
"2020074855","0008","1","0","0","0","0","0","0","0","0","4","0","","67","9","2020","4","40.003847","-75.139665","0005","6","0","0","0","0","0","0","0","0","","0","0","0","","","1","","1","","40 00:13.849","","0","75 08:22.793","3","0","0","1","67301","0","0","0","N","0","0","0","2","67301","0","","1.0","","1","N","N","N","0","","1","0","0","","1","","","2","1","0","0","0","0","0","2","0","2","","03","","N","","","","","","","","","",""
"2020072146","0702","0","0","0","0","0","0","0","0","0","4","0","","67","9","2020","6","39.95667","-75.198014","0659","6","0","0","0","0","0","0","0","0","","0","0","0","","","3","","1","","39 57:24.012","2","0","75 11:52.849","3","0","0","0","67301","0","0","0","N","0","0","0","3","67504","0","","1.0","800.0","1","N","N","N","0","","3","0","2","","2","Y","","2","3","0","0","0","0","0","2","0","2","","03","","N","","","","","","","","","",""
"2020073926","1210","0","0","0","0","0","0","0","0","0","7","0","","67","9","2020","3","39.975218","-75.188584","1201","6","0","0","0","0","0","0","0","0","","0","0","0","","","1","N","0","","39 58:30.784","","0","75 11:18.903","8","0","0","1","67301","0","0","0","N","0","0","0","1","67301","0","","5.0","","1","N","N","N","0","","0","0","0","","0","","","1","1","0","0","0","1","0","2","0","1","","03","","N","","","","","","","","","",""
"2020071204","2240","0","0","0","1","0","0","0","0","0","8","0","","67","8","2020","7","39.963108","-75.174677","2240","6","0","0","0","0","0","0","0","0","","0","0","0","","","1","","1","","39 57:47.188","4","0","75 10:28.837","8","0","0","0","67301","1","0","0","N","0","0","0","2","67301","0","","1.0","2300.0","1","N","N","N","0","","0","0","0","","2","Y","","2","1","0","0","0","1","1","2","0","1","","03","","N","","","","","","","","","",""
"2020070465","1235","1","0","0","0","0","0","0","0","0","8","0","","67","8","2020","6","39.967132","-75.156552","1232","6","0","0","0","0","0","0","0","0","","0","0","0","","","1","","1","","39 58:01.675","3","0","75 09:23.587","3","0","0","0","67301","1","0","0","N","1","0","0","2","67301","0","","1.0","1300.0","1","N","N","N","0","","1","0","0","","3","N","","2","1","0","0","0","0","0","2","0","1","","03","","N","","","","","","","","","",""
"2020072389","0059","2","0","0","0","0","0","0","0","0","2","0","","67","9","2020","7","40.082306","-75.178806","0051","6","0","0","0","0","0","1","0","0","","0","0","0","","","4","N","0","","40 04:56.300","","0","75 10:43.700","8","0","0","0","67301","0","0","0","N","0","0","0","5","67301","0","","1.0","","1","N","N","N","0","","0","0","0","","0","","","2","4","0","0","0","4","0","2","0","2","","03","","N","","","","","","","","","",""
"2020077045","1940","3","0","0","0","0","0","0","0","0","6","0","","67","9","2020","1","39.941778","-75.214083","1930","6","0","0","0","0","0","0","0","0","","0","0","0","","","2","N","0","","39 56:30.400","","0","75 12:50.700","4","0","0","0","67301","0","0","0","N","0","0","0","2","67301","2","","6.0","","1","N","N","N","0","","0","0","1","","0","","","4","2","2","0","0","0","0","2","0","4","","03","","N","","","","","","","","","",""
"2020083331","1041","1","0","0","0","0","0","0","0","0","1","0","","67","10","2020","4","40.053582","-75.008666","1038","6","0","0","0","0","0","0","0","0","","0","0","0","","","1","","3","","40 03:12.894","","0","75 00:31.196","8","0","0","0","67301","0","0","0","N","0","0","0","3","67301","0","","1.0","","1","N","N","N","1","","0","0","0","","2","","","2","1","1","0","0","1","0","2","0","2","","03","","N","","","","","","","","","",""