"CRN","ARRIVAL_TM","AUTOMOBILE_COUNT","BELTED_DEATH_COUNT","BELTED_SUSP_SERIOUS_INJ_COUNT","BICYCLE_COUNT","BICYCLE_DEATH_COUNT","BICYCLE_SUSP_SERIOUS_INJ_COUNT","BUS_COUNT","CHLDPAS_DEATH_COUNT","CHLDPAS_SUSP_SERIOUS_INJ_COUNT","COLLISION_TYPE","COMM_VEH_COUNT","CONS_ZONE_SPD_LIM","COUNTY","CRASH_MONTH","CRASH_YEAR","DAY_OF_WEEK","DEC_LATITUDE","DEC_LONGITUDE","DISPATCH_TM","DISTRICT","DRIVER_COUNT_16YR","DRIVER_COUNT_17YR","DRIVER_COUNT_18YR","DRIVER_COUNT_19YR","DRIVER_COUNT_20YR","DRIVER_COUNT_50_64YR","DRIVER_COUNT_65_74YR","DRIVER_COUNT_75PLUS","EST_HRS_CLOSED","FATAL_COUNT","HEAVY_TRUCK_COUNT","HORSE_BUGGY_COUNT","HOUR_OF_DAY","ILLUMINATION","INJURY_COUNT","INTERSECTION_RELATED","INTERSECT_TYPE","LANE_CLOSED","LATITUDE","LN_CLOSE_DIR","LOCATION_TYPE","LONGITUDE","MAX_SEVERITY_LEVEL","MCYCLE_DEATH_COUNT","MCYCLE_SUSP_SERIOUS_INJ_COUNT","MOTORCYCLE_COUNT","MUNICIPALITY","NONMOTR_COUNT","NONMOTR_DEATH_COUNT","NONMOTR_SUSP_SERIOUS_INJ_COUNT","NTFY_HIWY_MAINT","PED_COUNT","PED_DEATH_COUNT","PED_SUSP_SERIOUS_INJ_COUNT","PERSON_COUNT","POLICE_AGCY","POSSIBLE_INJ_COUNT","RDWY_SURF_TYPE_CD","RELATION_TO_ROAD","ROADWAY_CLEARED","ROAD_CONDITION","SCH_BUS_IND","SCH_ZONE_IND","SECONDARY_CRASH","SMALL_TRUCK_COUNT","SPEC_JURIS_CD","SUSP_MINOR_INJ_COUNT","SUSP_SERIOUS_INJ_COUNT","SUV_COUNT","TCD_FUNC_CD","TCD_TYPE","TFC_DETOUR_IND","TIME_OF_DAY","TOTAL_UNITS","TOT_INJ_COUNT","UNBELTED_OCC_COUNT","UNB_DEATH_COUNT","UNB_SUSP_SERIOUS_INJ_COUNT","UNK_INJ_DEG_COUNT","UNK_INJ_PER_COUNT","URBAN_RURAL","VAN_COUNT","VEHICLE_COUNT","WEATHER1","WEATHER2","WORKERS_PRES","WORK_ZONE_IND","WORK_ZONE_LOC","WORK_ZONE_TYPE","WZ_CLOSE_DETOUR","WZ_FLAGGER","WZ_LAW_OFFCR_IND","WZ_LN_CLOSURE","WZ_MOVING","WZ_OTHER","WZ_SHLDER_MDN","WZ_WORKERS_INJ_KILLED"
"2020076532","0020","0","0","0","0","0","0","0","0","0","4","0","","67","9","2020","7","39.99835","-75.115123","0016","6","0","0","0","0","0","0","0","0","","0","0","0","","","0","","1","","39 59:54.059","","0","75 06:54.442","0","0","0","0","67301","0","0","0","N","0","0","0","3","67301","0","","1.0","","1","N","N","N","0","","0","0","5","","2","","","5","0","0","0","0","0","0","2","0","5","","03","","N","","","","","","","","","",""
"2020089076","1459","3","0","0","0","0","0","0","0","0","1","0","","67","9","2020","4","40.015856","-75.052817","1418","6","0","0","0","0","0","2","1","0","","0","0","0","","","1","N","0","","40 00:57.081","","0","75 03:10.142","3","0","0","0","67301","0","0","0","N","0","0","0","5","68K01","0","","1.0","","1","N","N","N","1","","1","0","0","","8","","","4","1","0","0","0","0","0","2","0","4","","03","","N","","","","","","","","","",""
"2020075910","0810","1","0","0","0","0","0","0","0","0","4","0","","67","9","2020","3","40.012831","-75.154588","0807","6","0","0","0","0","0","1","0","0","","0","0","0","","","2","","1","","40 00:46.191","","0","75 09:16.516","3","0","0","0","67301","0","0","0","N","0","0","0","3","67301","0","","1.0","","1","N","N","N","0","","2","0","1","","3","","","2","2","0","0","0","0","1","2","0","2","","03","","N","","","","","","","","","",""
"2020073052","1300","1","0","0","1","0","0","0","0","0","8","0","","67","9","2020","1","40.063318","-74.985518","1254","6","0","0","0","0","0","1","0","0","","0","0","0","","","1","","2","","40 03:47.944","3","0","74 59:07.865","3","0","0","0","67301","1","0","0","N","0","0","0","2","67301","0","","1.0","1330.0","1","N","N","N","0","","1","0","0","","2","N","","2","1","0","0","0","0","0","2","0","1","","","","N","","","","","","","","","",""
"2020082390","1630","1","0","0","0","0","0","0","0","0","5","0","25","67","9","2020","3","39.971448","-75.124113","1630","6","0","0","0","0","0","0","0","0","","0","0","0","","","1","N","0","","39 58:17.214","","8","75 07:26.806","3","0","0","0","67301","0","0","0","N","0","0","0","2","68K01","0","","1.0","","1","N","N","N","0","","1","0","1","","0","","","2","1","0","0","0","0","0","2","0","2","","","N","Y","4","1","","","Y","Y","","","Y","N"
"2020112992","0118","1","0","0","0","0","0","0","0","0","1","0","","67","12","2020","3","40.006347","-75.160033","0118","6","0","0","0","0","1","0","0","0","","0","0","0","","","0","N","0","","40 00:22.850","","0","75 09:36.120","0","0","0","0","67301","0","0","0","N","0","0","0","1","67301","0","","2.0","","1","N","N","N","0","","0","0","1","","0","","","2","0","1","0","0","0","0","2","0","2","","03","","N","","","","","","","","","",""
"2020064129","2215","1","0","0","1","0","0","0","0","0","8","0","","67","8","2020","2","39.957034","-75.201306","2211","6","0","0","0","0","0","0","0","0","","0","0","0","","","1","N","0","","39 57:25.322","3","0","75 12:04.703","3","0","0","0","67301","1","0","0","N","0","0","0","2","67504","0","","6.0","2250.0","1","N","N","N","0","","1","0","0","","0","Y","","2","1","1","0","0","0","0","2","0","1","","","","N","","","","","","","","","",""
"2020064760","2325","0","0","0","0","0","0","0","0","0","7","0","","67","8","2020","1","40.100966","-75.041642","2322","6","0","0","0","0","0","0","0","0","","0","0","0","","","1","N","0","","40 06:03.479","","0","75 02:29.910","8","0","0","0","67301","0","0","0","N","0","0","0","1","67301","0","","4.0","","1","N","N","N","0","","0","0","1","","0","","","1","1","0","0","0","1","0","2","0","1","","03","","N","","","","","","","","","",""
"2020113022","1548","2","0","0","0","0","0","0","0","0","1","0","","67","11","2020","7","39.968382","-75.129556","1546","6","0","0","0","0","0","2","0","0","","0","0","0","","","3","N","6","","39 58:06.174","","2","75 07:46.403","3","0","0","0","67301","0","0","0","N","0","0","0","4","68K01","2","","1.0","","1","N","N","N","0","","1","0","1","","2","","","3","3","0","0","0","0","0","2","0","3","","","","N","","","","","","","","","",""
"2020070669","1143","1","0","0","0","0","0","0","0","0","4","0","","67","8","2020","7","40.031527","-75.10527","1135","6","0","0","0","1","0","0","0","0","","0","0","0","","","2","N","0","","40 01:53.497","","7","75 06:18.972","3","0","0","0","67301","0","0","0","N","0","0","0","3","67301","0","","1.0","","9","N","N","N","0","","2","0","1","","0","","","3","2","3","0","0","0","0","2","1","3","","04","","N","","","","","","","","","",""
"2020075485","1550","0","0","0","0","0","0","0","0","0","8","0","","67","9","2020","2","39.964541","-75.134139","1545","6","0","0","0","0","0","1","0","0","","0","0","0","","","1","","1","","39 57:52.349","","0","75 08:02.900","2","0","0","0","67301","1","0","1","N","1","0","1","4","67301","0","","1.0","","1","N","N","N","0","","0","1","1","","2","","","2","1","0","0","0","0","0","2","0","1","","03","","N","","","","","","","","","",""
"2020113949","1729","2","0","0","0","0","0","0","0","0","1","0","","67","12","2020","5","39.975836","-75.158419","1729","6","0","0","0","0","0","0","0","0","","0","0","0","","","0","N","1","","39 58:33.009","","0","75 09:30.309","0","0","0","0","67301","0","0","0","N","0","0","0","3","67505","0","","1.0","","1","N","N","N","0","","0","0","0","","2","","","2","0","0","0","0","0","0","2","0","2","","03","","N","","","","","","","","","",""
"2020064936","1650","1","0","0","0","0","0","0","0","0","6","0","","67","8","2020","4","39.963472","-75.234417","1643","6","0","0","0","0","0","2","0","0","","0","0","0","","","2","N","0","","39 57:48.500","","0","75 14:03.900","3","0","0","0","67301","0","0","0","N","0","0","0","3","67301","0","","1.0","","9","N","N","N","0","","2","0","1","","0","","","2","2","0","0","0","0","0","2","0","2","","07","","N","","","","","","","","","",""
"2020072497","0840","1","0","0","0","0","0","0","0","0","4","0","","67","8","2020","1","40.004755","-75.141177","0820","6","0","0","0","0","0","0","0","0","","0","0","0","","","1","","1","","40 00:17.118","2","0","75 08:28.237","4","0","0","0","67301","0","0","0","N","0","0","0","2","67301","1","","1.0","940.0","1","N","N","Y","1","","0","0","2","","3","N","","4","1","0","0","0","0","1","2","0","4","","03","","N","","","","","","","","","",""
"2020065758","0906","1","0","0","0","0","0","0","0","0","4","0","","67","8","2020","6","40.080783","-75.028366","0854","6","0","0","1","0","0","0","0","0","","0","0","0","","","2","","1","","40 04:50.820","1","0","75 01:42.117","3","0","0","0","67301","0","0","0","N","0","0","0","3","67301","0","","1.0","850.0","1","N","N","N","0","","2","0","1","","2","N","","2","2","0","0","0","0","0","2","0","2","","03","","N","","","","","","","","","",""
"2020067594","1853","0","0","0","0","0","0","0","0","0","7","0","","67","8","2020","4","39.946061","-75.189628","1843","6","0","1","0","0","0","0","0","0","","0","0","0","","","1","","6","","39 56:45.818","3","2","75 11:22.661","4","0","0","0","67301","0","0","0","N","0","0","0","2","68K01","1","","3.0","1930.0","1","N","N","N","0","","0","0","1","","0","N","","1","1","0","0","0","0","0","2","0","1","","","","N","","","","","","","","","",""
"2020113076","1833","0","0","0","0","0","0","0","0","0","2","0","","67","12","2020","5","39.961221","-75.182403","1820","6","0","0","0","0","1","0","0","0","","0","0","0","","","0","N","7","","39 57:40.397","","2","75 10:56.651","0","0","0","0","67301","0","0","0","N","0","0","0","2","68K01","0","","3.0","","9","N","N","N","1","","0","0","1","","0","","","2","0","0","0","0","0","0","2","0","2","","","","N","","","","","","","","","",""
"2020063863","0058","1","0","0","0","0","0","0","0","0","4","0","","67","8","2020","1","39.972632","-75.217776","0053","6","0","0","0","0","0","1","0","0","","0","0","0","","","0","","3","","39 58:21.476","","0","75 13:03.992","9","0","0","0","67301","0","0","0","N","0","0","0","2","67301","0","","1.0","","1","N","N","N","0","","0","0","1","","2","","","2","0","0","0","0","0","1","2","0","2","","","","N","","","","","","","","","",""
"2020066389","0825","0","0","0","0","0","0","0","0","0","1","0","","67","8","2020","4","39.956249","-75.148717","0822","6","0","0","0","0","0","1","0","0","","0","0","0","","","0","N","0","","39 57:22.498","4","2","75 08:55.382","0","0","0","0","67301","0","0","0","N","0","0","0","2","67501","0","","1.0","853.0","1","N","N","N","1","","0","0","0","","0","N","","2","0","0","0","0","0","0","2","1","2","","03","","N","","","","","","","","","",""
"2020084702","1945","2","0","0","0","0","0","0","0","0","1","0","","67","10","2020","6","40.058131","-75.1816","1945","6","0","0","0","0","0","1","0","0","","0","0","0","","","2","N","0","","40 03:29.270","","0","75 10:53.760","3","0","0","0","67301","0","0","0","N","0","0","0","3","67301","0","","6.0","","1","N","N","N","0","","2","0","0","","0","","","2","2","1","0","0","0","1","2","0","2","","03","","N","","","","","","","","","",""
"2020064158","0248","1","0","0","0","0","0","0","0","0","7","0","","67","8","2020","2","39.965933","-75.131419","0248","6","0","0","0","0","0","0","0","0","","0","0","0","","","0","N","0","","39 57:57.358","1","7","75 07:53.109","0","0","0","0","67301","0","0","0","N","0","0","0","1","67301","0","","3.0","43.0","1","N","N","N","0","","0","0","0","","2","N","","1","0","0","0","0","0","0","2","0","1","","03","","N","","","","","","","","","",""
"2020072493","2030","2","0","0","0","0","0","0","0","0","5","0","","67","9","2020","4","39.936969","-75.224686","2030","6","0","0","0","0","0","0","0","0","","0","0","0","","","1","N","0","","39 56:13.090","7","0","75 13:28.870","3","0","0","0","67301","0","0","0","N","0","0","0","2","67301","0","","1.0","2130.0","9","N","N","Y","0","","1","0","2","","0","N","","4","1","1","0","0","0","0","2","0","4","","07","","N","","","","","","","","","",""
"2020065839","2338","1","0","0","0","0","0","0","0","0","7","0","","67","8","2020","5","39.894612","-75.236717","2335","6","0","0","0","0","0","0","0","0","","0","0","0","","","0","","1","","39 53:40.603","3","0","75 14:12.181","0","0","0","0","67301","0","0","0","N","0","0","0","1","67301","0","","4.0","105.0","1","N","N","N","0","","0","0","0","","2","N","","1","0","0","0","0","0","0","2","0","1","","","","N","","","","","","","","","",""
"2020076339","2245","0","0","0","0","0","0","0","0","0","8","0","","67","9","2020","5","40.055425","-75.059181","2245","6","0","0","0","0","0","0","0","0","","0","0","0","","","1","N","0","","40 03:19.530","","0","75 03:33.050","2","0","0","0","67301","1","0","1","N","1","0","1","2","67301","0","","1.0","","1","N","N","N","0","","0","1","1","","0","","","2","1","0","0","0","0","1","2","0","1","","03","","N","","","","","","","","","",""
"2020076227","1316","1","0","0","0","0","0","0","0","0","8","0","","67","9","2020","4","40.038486","-75.051804","1310","6","0","0","0","0","0","0","0","0","","0","0","0","","","1","","1","","40 02:18.549","","0","75 03:06.494","4","0","0","0","67301","1","0","0","N","1","0","0","2","67301","1","","1.0","","1","N","Y","N","0","","0","0","0","","2","","","2","1","0","0","0","0","0","2","0","1","","03","","N","","","","","","","","","",""
"2020065762","1310","1","0","0","0","0","0","0","0","0","4","0","","67","8","2020","1","39.929157","-75.229232","1310","6","0","1","0","0","0","1","0","0","","0","0","0","","","2","","2","","39 55:44.965","","0","75 13:45.235","3","0","0","0","67301","0","0","0","N","0","0","0","3","67301","0","","1.0","","1","N","N","N","0","","1","0","0","","2","","","2","2","0","0","0","1","0","2","1","2","","03","","N","","","","","","","","","",""
"2020072582","2312","0","0","0","0","0","0","0","0","0","8","0","","67","9","2020","6","39.991193","-75.132897","2312","6","0","0","0","0","0","0","0","0","","0","0","0","","","1","","1","","39 59:28.296","4","0","75 07:58.428","2","0","0","1","67301","1","0","1","N","1","0","1","2","67301","0","","1.0","143.0","1","N","N","N","0","","0","1","0","","2","N","","2","1","0","0","0","0","1","2","0","1","","03","","N","","","","","","","","","",""
"2020065016","1406","1","0","0","0","0","0","0","0","0","4","0","","67","8","2020","4","39.983183","-75.144946","1405","6","0","0","0","0","0","0","0","0","","0","0","0","","","1","","1","","39 58:59.458","","0","75 08:41.805","3","0","0","0","67301","0","0","0","N","0","0","0","2","67301","0","","1.0","","9","N","N","N","0","","1","0","0","","3","","","2","1","0","0","0","0","0","2","0","2","","07","","N","","","","","","","","","",""
"2020065002","0917","1","0","0","1","0","0","0","0","0","8","0","","67","8","2020","3","39.950722","-75.194417","0917","6","0","0","0","0","0","0","0","0","","0","0","0","","","1","N","0","","39 57:02.600","","0","75 11:39.900","3","0","0","0","67301","1","0","0","N","0","0","0","2","67504","0","","1.0","","1","N","N","N","0","","1","0","0","","0","","","2","1","0","0","0","0","0","2","0","1","","98","","N","","","","","","","","","",""
"2020065336","1250","2","0","0","0","0","0","0","0","0","2","0","","67","8","2020","1","39.965994","-75.235183","1250","6","0","0","0","0","0","0","0","0","","0","0","0","","","0","N","0","","39 57:57.580","","0","75 14:06.660","9","0","0","0","67301","0","0","0","N","0","0","0","2","67301","0","","1.0","","1","N","N","N","0","","0","0","0","","0","","","2","0","0","0","0","0","1","2","0","2","","03","","N","","","","","","","","","",""
"2020075170","0118","1","0","0","0","0","0","0","0","0","7","0","","67","9","2020","5","39.960183","-75.180393","0111","6","0","0","0","0","0","0","0","0","","0","0","0","","","0","N","0","","39 57:36.660","4","3","75 10:49.415","0","0","0","0","67301","0","0","0","N","0","0","0","1","68K01","0","","3.0","146.0","9","N","N","N","0","","0","0","0","","0","N","","1","0","0","0","0","0","0","2","0","1","","07","","N","","","","","","","","","",""
"2020065128","2215","1","0","0","0","0","0","0","0","0","4","0","","67","8","2020","3","40.007865","-75.172261","2211","6","0","0","0","0","0","1","0","0","","0","0","0","","","0","","1","","40 00:28.314","","0","75 10:20.141","0","0","0","0","67301","0","0","0","N","0","0","0","3","67301","0","","1.0","","1","N","N","N","0","","0","0","1","","2","","","2","0","0","0","0","0","0","2","0","2","","03","","N","","","","","","","","","",""
"2020064534","1534","1","0","0","0","0","0","0","0","0","4","0","","67","8","2020","2","39.979851","-75.142873","1526","6","0","0","0","0","0","0","0","0","","0","0","0","","","0","","1","","39 58:47.465","","0","75 08:34.342","0","0","0","0","67301","0","0","0","N","0","0","0","2","67301","0","","1.0","","1","N","N","N","0","","0","0","1","","2","","","2","0","0","0","0","0","0","2","0","2","","03","","N","","","","","","","","","",""
"2020073061","0435","1","0","0","0","0","0","0","0","0","5","0","","67","9","2020","1","39.972028","-75.237806","0431","6","0","0","0","0","0","0","0","0","","0","0","0","","","0","N","0","","39 58:19.300","","0","75 14:16.100","0","0","0","0","67301","0","0","0","N","0","0","0","1","67301","0","","6.0","","1","N","N","N","1","","0","0","3","","0","","","5","0","0","0","0","0","0","2","0","5","","","","N","","","","","","","","","",""
"2020073073","1804","0","0","0","0","0","0","0","0","0","4","0","","67","9","2020","7","40.010074","-75.157612","1752","6","0","0","0","0","0","0","0","0","","0","0","0","","","1","","1","","40 00:36.265","","0","75 09:27.402","3","0","0","1","67301","0","0","0","N","0","0","0","2","67301","0","","1.0","","1","N","N","N","0","","1","0","1","","1","","","2","1","0","0","0","0","0","2","0","2","","03","","N","","","","","","","","","",""
"2020113837","0815","1","0","0","0","0","0","0","0","0","4","0","","67","12","2020","5","39.924206","-75.158728","0810","6","0","0","0","0","0","0","0","0","","0","0","0","","","2","N","0","","39 55:27.140","","0","75 09:31.420","3","0","0","0","67301","0","0","0","N","0","0","0","2","67301","0","","1.0","","1","N","N","N","0","","2","0","1","","0","","","2","2","0","0","0","0","0","2","0","2","","03","","N","","","","","","","","","",""
"2020113988","0730","1","0","0","0","0","0","0","0","0","4","1","","67","12","2020","2","39.969892","-75.125532","0700","6","0","0","0","0","0","0","0","0","","0","1","0","","","1","N","0","","39 58:11.611","1","0","75 07:31.914","3","0","0","0","67301","0","0","0","N","0","0","0","2","68K01","0","","1.0","745.0","1","N","N","N","0","","1","0","0","","0","N","","2","1","0","0","0","0","0","2","0","2","","","","N","","","","","","","","","",""
"2020086207","2223","1","0","0","0","0","0","0","0","0","8","0","","67","10","2020","4","39.969764","-75.157925","2221","6","0","0","0","0","0","0","0","0","","0","0","0","","","1","N","0","","39 58:11.150","","0","75 09:28.530","4","0","0","0","67301","1","0","0","N","1","0","0","2","67301","1","","1.0","","1","N","N","N","0","","0","0","0","","0","","","2","1","1","0","0","0","0","2","0","1","","03","","N","","","","","","","","","",""
"2020087518","1420","1","0","0","0","0","0","0","0","0","1","0","","67","9","2020","3","39.975856","-75.226661","1359","6","0","0","0","0","1","0","0","0","","0","0","0","","","1","Y","0","","39 58:33.081","","0","75 13:35.979","4","0","0","0","67301","0","0","0","N","0","0","0","2","67301","1","","1.0","","1","N","N","N","0","","0","0","1","","2","","","2","1","1","0","0","0","1","2","0","2","","03","","N","","","","","","","","","",""
"2020065852","2219","0","0","0","0","0","0","0","0","0","4","0","","67","8","2020","3","39.94417","-75.216544","2215","6","0","0","0","0","0","0","0","1","","0","0","0","","","0","","1","","39 56:39.012","","0","75 12:59.557","0","0","0","0","67301","0","0","0","N","0","0","0","2","67301","0","","1.0","","1","N","N","N","0","","0","0","1","","2","","","2","0","1","0","0","0","0","2","0","2","","03","","N","","","","","","","","","",""
"2020113931","1537","1","0","0","0","0","0","0","0","0","4","0","","67","12","2020","3","40.025673","-75.031643","1527","6","0","0","0","0","0","1","0","0","","0","0","0","","","0","","1","","40 01:32.421","","0","75 01:53.914","0","0","0","0","67301","0","0","0","N","0","0","0","3","67301","0","","1.0","","1","N","N","N","1","","0","0","0","","2","","","2","0","0","0","0","0","0","2","0","2","","","","N","","","","","","","","","",""
"2020112960","1745","0","0","0","0","0","0","0","0","0","7","0","","67","12","2020","1","40.111122","-75.048908","1734","6","0","0","0","0","0","0","0","0","","0","0","0","","","3","N","0","","40 06:40.040","","0","75 02:56.070","3","0","0","0","67301","0","0","0","N","0","0","0","4","67301","0","","5.0","","1","N","N","N","0","","3","0","1","","0","","","1","3","0","0","0","0","1","2","0","1","","03","","N","","","","","","","","","",""
"2020071565","2110","0","0","0","0","0","0","0","0","0","4","0","","67","8","2020","5","40.029937","-75.153268","2102","6","0","0","0","0","0","0","0","0","","0","0","0","","","2","","5","","40 01:47.773","","0","75 09:11.764","3","0","0","0","67301","0","0","0","N","0","0","0","3","67301","0","","1.0","","1","N","N","N","0","","2","0","3","","2","","","3","2","0","0","0","0","0","2","0","3","","03","","N","","","","","","","","","",""
"2020064533","1024","0","0","0","0","0","0","0","0","0","4","0","","67","8","2020","2","39.967289","-75.136685","1023","6","0","0","0","0","0","1","0","0","","0","0","0","","","1","","1","","39 58:02.240","","1","75 08:12.065","3","0","0","0","67301","0","0","0","N","0","0","0","2","67301","0","","1.0","","1","N","N","N","0","","1","0","1","","3","","","2","1","0","0","0","0","0","2","1","2","","03","","N","","","","","","","","","",""
"2020074588","1930","0","0","0","0","0","0","0","0","0","4","0","","67","9","2020","1","39.993032","-75.11974","1923","6","0","0","0","0","0","0","0","0","","0","0","0","","","2","","2","","39 59:34.915","","1","75 07:11.063","3","0","0","1","67301","0","0","0","N","0","0","0","3","67301","0","","1.0","","1","N","N","N","0","","2","0","1","","3","","","2","2","1","0","0","0","0","2","0","2","","03","","N","","","","","","","","","",""
"2020073065","1115","1","0","0","0","0","0","0","0","0","1","0","","67","9","2020","6","39.987","-75.105001","1111","6","0","0","0","0","0","1","0","1","","0","0","0","","","1","N","0","","39 59:13.199","7","0","75 06:18.002","8","0","0","0","67301","1","0","0","N","1","0","0","3","67301","0","","1.0","1130.0","1","N","N","N","1","","0","0","2","","0","N","","5","1","0","0","0","1","0","2","0","4","","","","N","","","","","","","","","",""
"2020069814","1723","1","0","0","0","0","0","0","0","0","5","0","","67","8","2020","4","40.057412","-75.085673","1715","6","0","0","0","0","0","0","0","0","","0","0","0","","","1","N","0","","40 03:26.682","","0","75 05:08.423","8","0","0","0","67301","0","0","0","N","0","0","0","1","67301","0","","6.0","","1","N","N","N","0","","0","0","0","","0","","","2","1","0","0","0","1","0","2","0","2","","","","N","","","","","","","","","",""
"2020083338","1949","1","0","0","0","0","0","0","0","0","7","0","","67","9","2020","3","39.967745","-75.209741","1947","6","0","0","0","0","0","0","0","0","","0","0","0","","","0","","5","","39 58:03.882","","0","75 12:35.067","0","0","0","0","67301","0","0","0","N","0","0","0","2","67301","0","","5.0","","1","N","N","N","0","","0","0","0","","2","","","1","0","0","0","0","0","0","2","0","1","","","","N","","","","","","","","","",""
"2020065773","1010","1","0","0","0","0","0","0","0","0","5","0","","67","8","2020","1","40.007211","-75.1369","0959","6","0","0","0","0","0","0","0","0","","0","0","0","","","1","Y","0","","40 00:25.960","","0","75 08:12.840","3","0","0","0","67301","0","0","0","N","0","0","0","4","67301","0","","6.0","","1","N","N","Y","0","","1","0","3","","2","","","4","1","3","0","0","0","1","2","0","4","","","","N","","","","","","","","","",""
"2020112983","1649","1","0","0","0","0","0","0","0","0","8","0","","67","12","2020","2","39.996067","-75.114217","1649","6","0","0","0","0","0","0","0","0","","0","0","0","","","1","N","0","","39 59:45.840","2","0","75 06:51.180","3","0","0","0","67301","1","0","0","N","1","0","0","2","67301","0","","6.0","20.0","1","N","N","N","0","","1","0","0","","0","Y","","2","1","0","0","0","0","0","2","0","1","","","","N","","","","","","","","","",""
"2020071496","0224","0","0","0","0","0","0","0","0","0","0","0","","67","8","2020","1","39.941251","-75.1948","0213","6","0","0","0","0","0","0","0","0","","0","0","0","","","1","N","0","","39 56:28.503","3","3","75 11:41.280","8","0","0","1","67301","0","0","0","N","0","0","0","2","68K01","0","","1.0","45.0","1","N","N","N","0","","0","0","0","","0","Y","","1","1","0","0","0","1","0","2","0","1","","03","","N","","","","","","","","","",""
"2020072397","2318","0","0","0","0","0","0","0","0","0","4","0","","67","9","2020","6","40.014214","-75.141461","2318","6","0","0","0","0","0","0","0","0","","0","0","0","","","1","","2","","40 00:51.170","","0","75 08:29.259","3","0","0","1","67301","0","0","0","N","0","0","0","2","67301","0","","1.0","","1","N","N","N","0","","1","0","1","","0","","","3","1","0","0","0","0","0","2","0","2","","","","N","","","","","","","","","",""
"2020068955","0010","1","0","0","0","0","0","1","0","0","4","1","","67","8","2020","1","39.996842","-75.116434","0000","6","0","0","0","0","0","0","0","0","","0","0","0","","","1","","2","","39 59:48.632","","0","75 06:59.164","4","0","0","0","67301","0","0","0","N","0","0","0","2","67508","1","","1.0","","1","N","N","Y","0","","0","0","0","","3","","","2","1","0","0","0","0","0","2","0","2","","03","","N","","","","","","","","","",""
"2020064156","0149","1","0","1","0","0","0","0","0","0","6","0","","67","8","2020","3","39.965046","-75.227659","0142","6","0","0","0","0","0","0","0","0","","0","0","0","","","1","","1","","39 57:54.165","","0","75 13:39.572","2","0","0","0","67301","0","0","0","N","0","0","0","3","67301","0","","1.0","","1","N","N","Y","0","","0","1","1","","2","","","3","1","0","0","0","0","0","2","1","3","","03","","N","","","","","","","","","",""
"2020093917","1838","3","0","0","0","0","0","0","0","0","5","0","","67","11","2020","4","40.099717","-75.036569","1833","6","0","0","0","0","0","1","0","0","","0","0","0","","","0","N","0","","40 05:58.980","","0","75 02:11.650","0","0","0","0","67301","0","0","0","N","0","0","0","1","67301","0","","6.0","","1","N","N","Y","0","","0","0","2","","0","","","6","0","0","0","0","0","0","2","1","6","","03","","N","","","","","","","","","",""
"2020065124","1147","1","0","0","0","0","0","0","0","0","6","0","","67","8","2020","4","39.964824","-75.22417","1146","6","0","0","0","0","0","1","0","0","","0","0","0","","","0","N","0","","39 57:53.365","","0","75 13:27.011","9","0","0","0","67301","0","0","0","N","0","0","0","2","67301","0","","6.0","","1","N","N","N","0","","0","0","0","","0","","","2","0","1","0","0","0","1","2","1","2","","03","","N","","","","","","","","","",""
"2020070673","0345","2","0","0","0","0","0","0","0","0","5","0","","67","8","2020","1","39.970861","-75.231019","0341","6","0","0","0","0","0","0","0","0","","0","0","0","","","0","N","0","","39 58:15.100","","0","75 13:51.670","0","0","0","0","67301","0","0","0","N","0","0","0","1","67301","0","","6.0","","1","N","N","N","1","","0","0","3","","0","","","6","0","1","0","0","0","0","2","0","6","","","","N","","","","","","","","","",""
"2020074661","2330","1","0","0","0","0","0","0","0","0","4","0","","67","9","2020","6","40.052433","-75.141808","2317","6","0","0","0","0","0","0","0","0","","0","0","0","","","1","N","0","","40 03:08.760","1","0","75 08:30.509","2","0","1","1","67301","0","0","0","N","0","0","0","2","67301","0","","1.0","103.0","1","N","N","N","0","","0","1","0","","0","N","","2","1","0","0","0","0","0","2","0","2","","03","","N","","","","","","","","","",""
"2020090642","0111","1","0","0","0","0","0","0","0","0","5","0","","67","8","2020","6","40.017523","-75.149439","0111","6","0","0","0","0","0","0","0","0","","0","0","0","","","1","N","0","","40 01:03.081","","0","75 08:57.982","4","0","0","0","67301","0","0","0","N","0","0","0","2","67301","1","","1.0","","1","N","N","N","0","","0","0","0","","0","","","2","1","0","0","0","0","0","2","0","2","","03","","N","","","","","","","","","",""
"2020079642","0407","0","0","0","0","0","0","0","0","0","5","0","","67","9","2020","1","40.05533","-75.019037","0403","6","0","0","0","0","0","0","0","0","","0","0","0","","","1","","2","","40 03:19.189","3","0","75 01:08.533","4","0","0","0","67301","0","0","0","N","0","0","0","1","67301","1","","1.0","430.0","9","N","N","N","1","","0","0","1","","0","Y","","2","1","0","0","0","0","0","2","0","2","","","","N","","","","","","","","","",""
"2020113270","1148","1","0","0","0","0","0","0","0","0","4","0","","67","12","2020","2","39.946466","-75.14214","1143","6","0","0","0","0","0","0","0","0","","0","0","0","","","0","N","0","","39 56:47.276","","0","75 08:31.703","0","0","0","0","67301","0","0","0","N","0","0","0","1","68K01","0","","1.0","","9","N","N","N","1","","0","0","0","","0","","","2","0","0","0","0","0","0","2","0","2","","05","","N","","","","","","","","","",""