"CRN","ARRIVAL_TM","AUTOMOBILE_COUNT","BELTED_DEATH_COUNT","BELTED_SUSP_SERIOUS_INJ_COUNT","BICYCLE_COUNT","BICYCLE_DEATH_COUNT","BICYCLE_SUSP_SERIOUS_INJ_COUNT","BUS_COUNT","CHLDPAS_DEATH_COUNT","CHLDPAS_SUSP_SERIOUS_INJ_COUNT","COLLISION_TYPE","COMM_VEH_COUNT","CONS_ZONE_SPD_LIM","COUNTY","CRASH_MONTH","CRASH_YEAR","DAY_OF_WEEK","DEC_LATITUDE","DEC_LONGITUDE","DISPATCH_TM","DISTRICT","DRIVER_COUNT_16YR","DRIVER_COUNT_17YR","DRIVER_COUNT_18YR","DRIVER_COUNT_19YR","DRIVER_COUNT_20YR","DRIVER_COUNT_50_64YR","DRIVER_COUNT_65_74YR","DRIVER_COUNT_75PLUS","EST_HRS_CLOSED","FATAL_COUNT","HEAVY_TRUCK_COUNT","HORSE_BUGGY_COUNT","HOUR_OF_DAY","ILLUMINATION","INJURY_COUNT","INTERSECTION_RELATED","INTERSECT_TYPE","LANE_CLOSED","LATITUDE","LN_CLOSE_DIR","LOCATION_TYPE","LONGITUDE","MAX_SEVERITY_LEVEL","MCYCLE_DEATH_COUNT","MCYCLE_SUSP_SERIOUS_INJ_COUNT","MOTORCYCLE_COUNT","MUNICIPALITY","NONMOTR_COUNT","NONMOTR_DEATH_COUNT","NONMOTR_SUSP_SERIOUS_INJ_COUNT","NTFY_HIWY_MAINT","PED_COUNT","PED_DEATH_COUNT","PED_SUSP_SERIOUS_INJ_COUNT","PERSON_COUNT","POLICE_AGCY","POSSIBLE_INJ_COUNT","RDWY_SURF_TYPE_CD","RELATION_TO_ROAD","ROADWAY_CLEARED","ROAD_CONDITION","SCH_BUS_IND","SCH_ZONE_IND","SECONDARY_CRASH","SMALL_TRUCK_COUNT","SPEC_JURIS_CD","SUSP_MINOR_INJ_COUNT","SUSP_SERIOUS_INJ_COUNT","SUV_COUNT","TCD_FUNC_CD","TCD_TYPE","TFC_DETOUR_IND","TIME_OF_DAY","TOTAL_UNITS","TOT_INJ_COUNT","UNBELTED_OCC_COUNT","UNB_DEATH_COUNT","UNB_SUSP_SERIOUS_INJ_COUNT","UNK_INJ_DEG_COUNT","UNK_INJ_PER_COUNT","URBAN_RURAL","VAN_COUNT","VEHICLE_COUNT","WEATHER1","WEATHER2","WORKERS_PRES","WORK_ZONE_IND","WORK_ZONE_LOC","WORK_ZONE_TYPE","WZ_CLOSE_DETOUR","WZ_FLAGGER","WZ_LAW_OFFCR_IND","WZ_LN_CLOSURE","WZ_MOVING","WZ_OTHER","WZ_SHLDER_MDN","WZ_WORKERS_INJ_KILLED"
"2020113254","1548","2","0","0","0","0","0","0","0","0","1","0","","67","12","2020","6","39.981707","-75.101488","1527","6","0","0","0","0","0","0","0","0","","0","0","0","","","1","N","0","","39 58:54.144","","0","75 06:05.357","8","0","0","0","67301","0","0","0","N","0","0","0","3","68K01","0","","1.0","","1","N","N","N","0","","0","0","0","","0","","","3","1","0","0","0","1","0","2","0","3","","","","N","","","","","","","","","",""
"2020069307","0219","1","0","0","0","0","0","0","0","0","5","0","","67","8","2020","1","39.972573","-75.121291","0206","6","0","0","0","0","0","0","0","0","","0","0","0","","","1","N","0","","39 58:21.262","1","0","75 07:16.649","2","0","1","1","67301","0","0","0","N","0","0","0","2","68K01","0","","1.0","240.0","1","N","N","N","0","","0","1","0","","0","N","","2","1","0","0","0","0","0","2","0","2","","","","N","","","","","","","","","",""
"2020073405","1925","1","0","0","0","0","0","0","0","0","1","0","","67","9","2020","1","40.048298","-75.00305","1923","6","0","0","0","0","0","0","0","0","","0","0","0","","","1","N","0","","40 02:53.873","","0","75 00:10.981","3","0","0","0","67301","0","0","0","N","0","0","0","3","67301","0","","6.0","","1","N","N","N","0","","1","0","2","","0","","","3","1","0","0","0","0","0","2","0","3","","03","","N","","","","","","","","","",""
"2020063968","0745","2","0","0","0","0","0","0","0","0","4","0","","67","8","2020","1","40.003483","-75.167536","0745","6","0","0","0","0","0","0","0","0","","0","0","0","","","2","","1","","40 00:12.540","","0","75 10:03.128","8","0","0","0","67301","0","0","0","N","0","0","0","2","67301","0","","1.0","","1","N","N","N","0","","0","0","0","","3","","","2","2","0","0","0","2","0","2","0","2","","03","","N","","","","","","","","","",""
"2020113260","1811","1","0","0","0","0","0","0","0","0","1","0","","67","12","2020","7","39.985245","-75.093973","1804","6","0","0","0","0","0","0","0","0","","0","0","0","","","0","N","0","","39 59:06.883","1","0","75 05:38.301","0","0","0","0","67301","0","0","0","N","0","0","0","11","68K01","0","","1.0","1815.0","1","N","N","N","0","","0","0","2","","0","N","","3","0","4","0","0","0","0","2","0","3","","","","N","","","","","","","","","",""
"2020073898","1728","1","0","0","0","0","0","0","0","0","4","0","","67","9","2020","4","39.969951","-75.230492","1720","6","0","0","0","0","0","1","0","0","","0","0","0","","","0","","1","","39 58:11.823","","0","75 13:49.771","0","0","0","0","67301","0","0","0","N","0","0","0","2","67301","0","","1.0","","1","N","N","N","0","","0","0","1","","3","","","2","0","0","0","0","0","0","2","0","2","","03","","N","","","","","","","","","",""
"2020113231","0102","0","0","0","0","0","0","0","0","0","7","1","","67","12","2020","7","39.951709","-75.141471","0050","6","0","0","0","0","0","0","0","0","","0","1","0","","","1","","6","","39 57:06.151","2","2","75 08:29.297","8","0","0","0","67301","0","0","0","N","0","0","0","1","68K01","0","","4.0","409.0","9","N","N","N","0","","0","0","0","","0","N","","1","1","0","0","0","1","0","2","0","1","","","","N","","","","","","","","","",""
"2020065340","1550","5","0","0","0","0","0","0","0","0","1","0","","67","8","2020","5","39.986506","-75.108858","1548","6","0","0","0","0","0","0","0","0","","0","0","0","","","0","N","0","","39 59:11.420","","0","75 06:31.890","0","0","0","0","67301","0","0","0","N","0","0","0","1","67301","0","","6.0","","9","N","N","N","0","","0","0","0","","0","","","5","0","0","0","0","0","0","2","0","5","","04","","N","","","","","","","","","",""
"2020063746","1620","2","0","0","0","0","0","0","0","0","5","0","","67","8","2020","1","39.994731","-75.141658","1615","6","0","0","0","0","0","0","0","0","","0","0","0","","","0","N","0","","39 59:41.030","","0","75 08:29.970","9","0","0","0","67301","0","0","0","N","0","0","0","1","67301","0","","6.0","","1","N","N","N","1","","0","0","0","","0","","","3","0","0","0","0","0","1","2","0","3","","","","N","","","","","","","","","",""
"2020067836","1035","2","0","0","0","0","0","0","0","0","5","0","","67","8","2020","1","40.022669","-75.13325","1030","6","0","0","0","0","0","0","0","0","","0","0","0","","","1","N","0","","40 01:21.610","","0","75 07:59.700","4","0","0","0","67301","0","0","0","N","0","0","0","1","67301","1","","6.0","","1","N","N","Y","0","","0","0","2","","0","","","4","1","0","0","0","0","0","2","0","4","","03","","N","","","","","","","","","",""
"2020070149","1355","1","0","0","0","0","0","0","0","0","8","0","","67","8","2020","6","39.98979","-75.158788","1345","6","0","0","0","0","0","0","0","0","","0","0","0","","","1","","1","","39 59:23.243","","0","75 09:31.636","3","0","0","0","67301","1","0","0","N","1","0","0","2","67301","0","","1.0","","1","N","N","N","0","","1","0","0","","2","","","2","1","0","0","0","0","0","2","0","1","","03","","N","","","","","","","","","",""
"2020079570","1100","3","0","0","0","0","0","0","0","0","4","0","","67","9","2020","6","40.008758","-75.086039","1047","6","0","0","0","0","0","0","0","0","","0","0","0","","","0","N","0","","40 00:31.530","","0","75 05:09.740","0","0","0","0","67301","0","0","0","N","0","0","0","1","67301","0","","1.0","","1","N","N","Y","0","","0","0","0","","0","","","3","0","1","0","0","0","0","2","0","3","","03","","N","","","","","","","","","",""
"2020072485","1404","0","0","0","1","0","0","0","0","0","8","0","","67","9","2020","4","40.029706","-75.105295","1350","6","0","0","0","0","0","0","0","0","","0","0","0","","","1","","2","","40 01:46.941","","0","75 06:19.061","8","0","0","0","67301","1","0","0","N","0","0","0","2","67301","0","","1.0","","1","N","N","N","0","","0","0","1","","3","","","2","1","0","0","0","1","0","2","0","1","","03","","N","","","","","","","","","",""
"2020065015","1105","3","0","0","0","0","0","0","0","0","1","0","","67","8","2020","1","39.975085","-75.194986","1103","6","0","0","0","0","0","1","0","0","","0","0","0","","","0","","1","","39 58:30.307","","0","75 11:41.951","0","0","0","0","67301","0","0","0","N","0","0","0","3","67301","0","","1.0","","1","N","N","N","0","","0","0","0","","2","","","3","0","1","0","0","0","0","2","0","3","","03","","N","","","","","","","","","",""
"2020064937","2014","1","0","0","0","0","0","0","0","0","4","0","","67","8","2020","4","39.968637","-75.233854","2000","6","0","0","0","0","0","0","0","1","","0","0","0","","","1","","1","","39 58:07.093","","0","75 14:01.874","3","0","0","0","67301","0","0","0","N","0","0","0","4","67301","0","","1.0","","1","N","N","N","0","","1","0","0","","2","","","2","1","0","0","0","0","0","2","1","2","","04","","N","","","","","","","","","",""
"2020076528","0116","2","0","0","0","0","0","0","0","0","4","0","","67","9","2020","1","39.909385","-75.161144","0115","6","0","0","0","0","1","0","0","0","","0","0","0","","","0","","1","","39 54:33.787","","0","75 09:40.120","0","0","0","0","67301","0","0","0","N","0","0","0","3","67301","0","","1.0","","1","N","N","N","0","","0","0","0","","2","","","2","0","0","0","0","0","0","2","0","2","","03","","N","","","","","","","","","",""
"2020072730","1749","1","0","0","0","0","0","0","0","0","5","0","","67","9","2020","7","39.909667","-75.154361","1747","6","0","0","0","0","0","0","0","0","","0","0","0","","","0","N","0","","39 54:34.800","4","5","75 09:15.700","0","0","0","0","67301","0","0","0","N","0","0","0","7","67501","0","","1.0","1807.0","1","N","N","N","0","","0","0","2","","0","N","","3","0","0","0","0","0","0","2","0","3","","03","","N","","","","","","","","","",""
"2020113031","1751","2","0","0","0","0","0","0","0","0","2","0","","67","12","2020","3","39.958353","-75.165637","1735","6","0","0","0","0","0","1","0","0","","0","0","0","","","0","N","0","","39 57:30.072","4","0","75 09:56.292","0","0","0","0","67301","0","0","0","N","0","0","0","3","68K01","0","","1.0","1755.0","1","N","N","N","0","","0","0","1","","0","N","","3","0","0","0","0","0","0","2","0","3","","03","","N","","","","","","","","","",""
"2020112152","0720","1","0","0","0","0","0","0","0","0","4","1","","67","12","2020","4","39.955991","-75.217645","0718","6","0","0","0","0","0","0","0","0","","0","1","0","","","2","","1","","39 57:21.568","","0","75 13:03.523","2","0","0","0","67301","0","0","0","N","0","0","0","2","67301","0","","1.0","","1","N","N","N","0","","0","2","0","","2","","","2","2","0","0","0","0","0","2","0","2","","","","N","","","","","","","","","",""
"2020073054","0520","1","0","0","0","0","0","0","0","0","7","0","","67","9","2020","1","39.924789","-75.233653","0514","6","0","0","0","0","0","0","0","0","","0","0","0","","","0","N","0","","39 55:29.240","","0","75 14:01.150","0","0","0","0","67301","0","0","0","N","0","0","0","1","67301","0","","5.0","","1","N","N","N","0","","0","0","0","","0","","","1","0","0","0","0","0","0","2","0","1","","03","","N","","","","","","","","","",""
"2020099849","1000","1","0","0","0","0","0","0","0","0","8","0","","67","8","2020","1","39.984471","-75.229458","0555","6","0","0","0","0","0","0","0","0","","0","0","0","","","1","","1","","39 59:04.095","","0","75 13:46.048","3","0","0","0","67301","1","0","0","N","1","0","0","2","67301","0","","1.0","","1","N","N","Y","0","","1","0","0","","3","","","2","1","0","0","0","0","1","2","0","1","","03","","N","","","","","","","","","",""
"2020113272","1610","0","0","0","0","0","0","0","0","0","1","0","","67","12","2020","2","39.999621","-75.195347","1606","6","0","0","0","0","0","0","0","0","","0","0","0","","","1","N","0","","39 59:58.635","","0","75 11:43.250","4","0","0","0","67301","0","0","0","N","0","0","0","2","68K01","1","","1.0","","9","N","N","N","0","","0","0","1","","0","","","2","1","0","0","0","0","1","2","0","2","","","","N","","","","","","","","","",""
"2020073060","0215","1","0","0","0","0","0","0","0","0","4","0","","67","9","2020","2","39.957953","-75.233502","0211","6","0","0","0","0","0","0","0","0","","0","0","0","","","0","","1","","39 57:28.630","4","0","75 14:00.608","0","0","0","0","67301","0","0","0","N","0","0","0","2","67301","0","","1.0","320.0","1","N","N","N","0","","0","0","1","","2","N","","2","0","0","0","0","0","0","2","0","2","","03","","N","","","","","","","","","",""
"2020083341","2050","1","0","0","0","0","0","0","0","0","1","0","","67","9","2020","2","39.974566","-75.199774","2050","6","0","0","0","0","0","0","0","0","","0","0","0","","","1","Y","0","","39 58:28.438","","0","75 11:59.188","4","0","0","0","67301","0","0","0","N","0","0","0","5","67301","1","","1.0","","1","N","N","N","0","","0","0","1","","2","","","2","1","0","0","0","0","1","2","0","2","","03","","N","","","","","","","","","",""
"2020112395","1748","0","0","0","0","0","0","0","0","0","8","0","","67","12","2020","7","40.02073","-75.053314","1742","6","0","0","0","0","0","0","0","0","","0","0","0","","","1","N","0","","40 01:14.629","","0","75 03:11.931","8","0","0","0","67301","1","0","0","N","1","0","0","1","67301","0","","1.0","","1","N","N","N","0","","0","0","0","","0","","","2","1","0","0","0","1","0","2","0","1","","03","","N","","","","","","","","","",""
"2020070569","1450","1","0","0","1","0","0","0","0","0","8","0","","67","8","2020","7","40.099668","-74.994702","1440","6","0","0","0","0","0","0","0","0","","0","0","0","","","1","","2","","40 05:58.804","","0","74 59:40.927","3","0","0","0","67301","1","0","0","N","0","0","0","2","67301","0","","1.0","","1","N","N","N","0","","1","0","0","","3","","","2","1","0","0","0","0","0","2","0","1","","03","","N","","","","","","","","","",""
"2020075817","0228","2","0","0","0","0","0","0","0","0","5","0","","67","9","2020","7","39.992272","-75.159889","0238","6","0","0","0","0","0","0","0","0","","0","0","0","","","0","N","0","","39 59:32.180","","0","75 09:35.600","0","0","0","0","67301","0","0","0","N","0","0","0","1","67301","0","","6.0","","1","N","N","Y","0","","0","0","1","","0","","","3","0","0","0","0","0","0","2","0","3","","03","","N","","","","","","","","","",""
"2020110979","1058","2","0","0","0","0","0","0","0","0","1","0","","67","12","2020","6","39.91832","-75.208884","1058","6","0","0","0","0","0","1","1","0","","0","0","0","","","0","N","0","","39 55:05.953","","3","75 12:31.983","0","0","0","0","67301","0","0","0","N","0","0","0","2","67301","0","","1.0","","1","N","N","N","0","","0","0","0","","0","","","2","0","1","0","0","0","0","2","0","2","","","","N","","","","","","","","","",""
"2020065767","0257","2","0","0","0","0","0","0","0","0","4","0","","67","8","2020","4","39.942628","-75.221405","0255","6","0","0","0","0","0","0","0","0","","0","0","0","","","1","","1","","39 56:33.460","","0","75 13:17.058","3","0","0","0","67301","0","0","0","N","0","0","0","2","67301","0","","1.0","","1","N","N","N","0","","1","0","0","","2","","","2","1","0","0","0","0","0","2","0","2","","03","","N","","","","","","","","","",""
"2020065757","1530","2","0","0","0","0","0","0","0","0","4","0","","67","8","2020","5","40.058997","-75.044079","1521","6","0","0","0","0","1","0","0","0","","0","0","0","","","1","","1","","40 03:32.389","4","0","75 02:38.685","3","0","0","0","67301","0","0","0","N","0","0","0","3","67301","0","","1.0","1705.0","9","N","N","N","0","","1","0","0","","2","N","","2","1","0","0","0","0","0","2","0","2","","04","","N","","","","","","","","","",""
"2020110810","0830","1","0","0","0","0","0","0","0","0","1","0","","67","1","2020","5","40.062823","-75.238041","","6","0","0","0","0","0","0","0","0","","0","0","0","","","1","Y","0","","40 03:46.163","","0","75 14:16.948","8","0","0","0","67301","0","0","0","N","0","0","0","3","00000","0","","1.0","","1","","","N","0","","0","0","1","","2","","","2","1","0","0","0","1","0","2","0","2","","","","N","","","","","","","","","",""
"2020065835","0100","0","0","0","0","0","0","0","0","0","8","0","","67","8","2020","5","39.929648","-75.219744","0058","6","0","0","0","0","0","0","0","0","","0","0","0","","","1","","2","","39 55:46.732","","0","75 13:11.078","8","0","0","0","67301","1","0","0","N","1","0","0","2","67301","0","","1.0","","1","N","N","N","0","","0","0","0","","0","","","2","1","0","0","0","1","0","2","0","1","","03","","N","","","","","","","","","",""
"2020067596","2358","1","0","0","0","0","0","0","0","0","6","0","","67","8","2020","5","39.937113","-75.144356","2351","6","0","0","0","0","0","0","0","0","","0","0","0","","","2","N","0","","39 56:13.608","2","0","75 08:39.681","3","0","0","0","67301","0","0","0","N","0","0","0","2","68K01","0","","1.0","115.0","1","N","N","N","0","","2","0","1","","0","N","","2","2","0","0","0","0","0","2","0","2","","","","N","","","","","","","","","",""
"2020078234","0239","1","0","0","0","0","0","0","0","0","7","0","","67","9","2020","3","39.932361","-75.200145","0227","6","0","0","0","0","0","0","0","0","","0","0","0","","","0","N","0","","39 55:56.498","3","0","75 12:00.521","9","0","0","0","67301","0","0","0","N","0","0","0","1","68K01","0","","4.0","15.0","1","N","N","N","0","","0","0","0","","0","N","","1","0","0","0","0","0","1","2","0","1","","","","N","","","","","","","","","",""
"2020073387","2132","2","0","0","0","0","0","0","0","0","4","0","","67","9","2020","1","40.023517","-75.171602","2125","6","0","2","0","0","0","0","0","0","","0","0","0","","","2","","1","","40 01:24.661","","0","75 10:17.767","3","0","0","0","67301","0","0","0","N","0","0","0","3","67301","0","","1.0","","1","N","N","N","0","","2","0","0","","3","","","2","2","0","0","0","0","1","2","0","2","","03","","N","","","","","","","","","",""
"2020065836","1322","1","0","0","0","0","0","0","0","0","4","0","","67","8","2020","5","39.945858","-75.240283","1320","6","0","0","0","0","0","2","0","0","","0","0","0","","","1","","5","","39 56:45.089","","0","75 14:25.018","3","0","0","0","67301","0","0","0","N","0","0","0","2","67301","0","","1.0","","9","N","N","N","0","","1","0","1","","2","","","2","1","0","0","0","0","0","2","0","2","","04","","N","","","","","","","","","",""
"2020065859","2220","2","0","0","0","0","0","0","0","0","4","0","","67","8","2020","5","39.97876","-75.230079","2215","6","0","0","0","0","0","0","0","0","","0","0","0","","","1","","3","","39 58:43.537","","0","75 13:48.284","3","0","0","0","67301","0","0","0","N","0","0","0","2","67301","0","","1.0","","1","N","N","N","0","","1","0","0","","0","","","2","1","0","0","0","0","0","2","0","2","","04","","N","","","","","","","","","",""
"2020077977","0118","1","0","0","0","0","0","0","0","0","5","0","","67","9","2020","7","39.957455","-75.146478","0117","6","0","0","0","0","0","0","0","0","","0","0","0","","","0","N","0","","39 57:26.837","4","0","75 08:47.322","0","0","0","0","67301","0","0","0","N","0","0","0","3","68K01","0","","1.0","130.0","1","N","N","N","0","","0","0","1","","0","N","","2","0","0","0","0","0","0","2","0","2","","","","N","","","","","","","","","",""
"2020070242","1945","1","0","0","1","0","0","0","0","0","8","0","","67","8","2020","3","39.977221","-75.226774","1940","6","0","0","0","0","0","0","0","0","","0","0","0","","","1","","1","","39 58:37.995","","0","75 13:36.385","8","0","0","0","67301","1","0","0","N","0","0","0","2","67301","0","","1.0","","1","N","N","N","0","","0","0","0","","2","","","2","1","0","0","0","1","0","2","0","1","","03","","N","","","","","","","","","",""
"2020072181","2127","1","0","0","0","0","0","0","0","0","4","0","","67","9","2020","5","39.938945","-75.179947","2125","6","0","0","0","0","0","0","0","0","","0","0","0","","","2","","1","","39 56:20.203","1","0","75 10:47.808","8","0","0","0","67301","0","0","0","N","0","0","0","4","67301","0","","1.0","2145.0","9","N","N","N","0","","0","0","1","","3","N","","2","2","0","0","0","2","0","2","0","2","","","","N","","","","","","","","","",""
"2020065275","0011","2","0","0","0","0","0","0","0","0","4","0","","67","8","2020","2","40.02525","-75.122622","0002","6","0","0","0","0","0","0","0","0","","0","0","0","","","1","","1","","40 01:30.900","","0","75 07:21.440","3","0","0","0","67301","0","0","0","N","0","0","0","4","67301","0","","1.0","","1","N","N","N","0","","1","0","1","","3","","","3","1","0","0","0","0","0","2","0","3","","","","N","","","","","","","","","",""
"2020112768","1416","1","0","0","0","0","0","0","0","0","7","0","","67","12","2020","7","39.981519","-75.224064","1409","6","0","0","0","0","0","0","1","0","","0","0","0","","","1","N","1","","39 58:53.467","2","0","75 13:26.630","3","0","0","0","67301","0","0","0","N","0","0","0","4","68K01","0","","4.0","1604.0","1","N","N","N","0","","1","0","1","","0","Y","","2","1","0","0","0","0","0","2","0","2","","","","N","","","","","","","","","",""
"2020065780","2205","0","0","0","0","0","0","0","0","0","5","1","","67","8","2020","5","39.968841","-75.136192","2206","6","0","0","0","0","0","0","0","0","","0","1","0","","","0","","1","","39 58:07.829","","1","75 08:10.292","0","0","0","0","67301","0","0","0","N","0","0","0","2","67301","0","","1.0","","1","N","N","N","0","","0","0","1","","2","","","2","0","0","0","0","0","0","2","0","2","","","","N","","","","","","","","","",""
"2020063965","2355","2","0","0","0","0","0","0","0","0","4","0","","67","8","2020","1","39.988524","-75.106326","2355","6","0","0","0","0","0","0","0","0","","0","0","0","","","2","","1","","39 59:18.686","","0","75 06:22.773","4","0","0","0","67301","0","0","0","N","0","0","0","3","67301","2","","1.0","","99","N","N","N","0","","0","0","0","","2","","","2","2","0","0","0","0","1","2","0","2","","03","","N","","","","","","","","","",""
"2020075627","1928","2","0","0","0","0","0","0","0","0","4","0","","67","9","2020","1","39.940369","-75.236609","1927","6","0","0","0","0","0","1","0","1","","0","0","0","","","1","","1","","39 56:25.327","","0","75 14:11.791","8","0","0","0","67301","0","0","0","N","0","0","0","4","67301","0","","1.0","","1","N","N","N","0","","0","0","1","","2","","","4","1","0","0","0","1","0","2","1","4","","03","","N","","","","","","","","","",""
"2020073691","2335","1","0","0","0","0","0","0","0","0","1","0","45","67","8","2020","6","40.015935","-75.052658","2318","6","0","0","0","0","0","0","0","0","","0","0","0","","","2","Y","0","","40 00:57.365","2","0","75 03:09.570","3","0","0","0","67301","0","0","0","N","0","0","0","3","68K01","0","","1.0","2345.0","1","N","N","N","0","","2","0","1","","0","N","","2","2","0","0","0","0","0","2","0","2","","","N","Y","4","1","","","N","","","","Y","N"
"2020083650","0811","0","0","0","0","0","0","0","0","0","1","0","","67","10","2020","7","40.008468","-75.070409","0807","6","0","0","0","0","0","0","0","0","","0","0","0","","","2","N","0","","40 00:30.484","2","0","75 04:13.474","3","0","0","0","67301","0","0","0","N","0","0","0","2","68K01","0","","1.0","815.0","1","N","N","N","0","","2","0","1","","0","N","","2","2","0","0","0","0","0","2","1","2","","","","N","","","","","","","","","",""
"2020070076","2351","1","0","0","0","0","0","0","0","0","2","0","","67","8","2020","5","39.973392","-75.234042","2350","6","0","0","0","0","0","0","0","0","","0","0","0","","","0","N","0","","39 58:24.210","","0","75 14:02.550","9","0","0","0","67301","0","0","0","N","0","0","0","1","67301","0","","6.0","","1","N","N","N","0","","0","0","1","","0","","","2","0","0","0","0","0","1","2","0","2","","03","","N","","","","","","","","","",""
"2020065769","1904","3","0","0","0","0","0","0","0","0","5","0","","67","8","2020","4","39.940614","-75.234725","1901","6","0","0","0","0","0","0","0","0","","0","0","0","","","0","N","0","","39 56:26.210","4","0","75 14:05.010","0","0","0","0","67301","0","0","0","N","0","0","0","2","67301","0","","6.0","2045.0","9","N","N","N","0","","0","0","1","","0","Y","","4","0","0","0","0","0","0","2","0","4","","04","","N","","","","","","","","","",""
"2020112394","2115","1","0","0","0","0","0","0","0","0","1","0","","67","12","2020","6","40.13196","-75.012084","2112","6","0","0","0","0","0","2","0","0","","0","0","0","","","1","N","0","","40 07:55.057","2","0","75 00:43.502","8","0","0","0","67301","0","0","0","N","0","0","0","3","67301","0","","1.0","2130.0","1","N","N","N","1","","0","0","0","","0","N","","2","1","0","0","0","1","0","2","0","2","","","","N","","","","","","","","","",""
"2020073261","1720","2","0","0","0","0","0","0","0","0","5","0","","67","9","2020","1","39.957852","-75.232688","1716","6","0","0","0","0","0","0","0","0","","0","0","0","","","1","N","0","","39 57:28.268","","0","75 13:57.678","3","0","0","0","67301","0","0","0","N","0","0","0","2","67301","0","","1.0","","1","N","N","N","0","","1","0","0","","0","","","2","1","0","0","0","0","0","2","0","2","","03","","N","","","","","","","","","",""
"2020077901","0228","1","0","0","0","0","0","0","0","0","7","0","","67","9","2020","4","40.030219","-75.088211","0228","6","0","0","0","0","0","0","0","0","","0","0","0","","","0","","1","","40 01:48.790","2","0","75 05:17.559","0","0","0","0","67301","0","0","0","Y","0","0","0","1","67301","0","","4.0","315.0","1","N","N","N","0","","0","0","0","","2","N","","1","0","0","0","0","0","0","2","0","1","","03","","N","","","","","","","","","",""
"2020072569","0103","3","0","0","0","0","0","0","0","0","4","0","","67","9","2020","1","39.975979","-75.159467","0103","6","0","0","0","0","0","0","0","0","","0","0","0","","","3","","1","","39 58:33.526","3","0","75 09:34.081","8","0","0","0","67301","0","0","0","N","0","0","0","4","67505","0","","1.0","240.0","1","N","N","N","0","","0","0","1","","3","Y","","4","3","3","0","0","3","0","2","0","4","","03","","N","","","","","","","","","",""
"2020070570","2042","2","0","0","0","0","0","0","0","0","4","0","","67","8","2020","6","40.034107","-75.176519","2027","6","0","0","0","0","0","1","0","0","","0","0","0","","","0","","1","","40 02:02.785","","0","75 10:35.468","0","0","0","0","67301","0","0","0","N","0","0","0","2","67301","0","","1.0","","9","N","N","N","0","","0","0","0","","2","","","2","0","2","0","0","0","0","2","0","2","","","","N","","","","","","","","","",""
"2020075311","1330","2","0","0","0","0","0","0","0","0","5","0","","67","8","2020","1","39.924454","-75.192911","1320","6","0","0","0","1","0","0","0","0","","0","0","0","","","0","N","0","","39 55:28.035","3","0","75 11:34.479","0","0","0","0","67301","0","0","0","N","0","0","0","4","68K01","0","","1.0","1355.0","1","N","N","N","0","","0","0","0","","0","N","","2","0","0","0","0","0","0","2","0","2","","","","N","","","","","","","","","",""
"2020065853","2210","0","0","0","0","0","0","0","0","0","8","0","","67","8","2020","5","39.955608","-75.18948","2204","6","0","0","0","0","0","1","0","0","","0","0","0","","","2","","1","","39 57:20.190","","0","75 11:22.129","2","0","0","0","67301","2","0","1","N","2","0","1","3","67301","1","","4.0","","1","N","N","N","0","","0","1","0","","2","","","3","2","0","0","0","0","0","2","1","1","","03","","N","","","","","","","","","",""
"2020064154","0359","1","0","0","0","0","0","0","0","0","5","0","","67","8","2020","2","39.9447","-75.186581","0353","6","0","0","0","0","0","0","0","0","","0","0","0","","","0","N","0","","39 56:40.920","","0","75 11:11.690","9","0","0","0","67301","0","0","0","N","0","0","0","1","67301","0","","6.0","","1","N","N","N","0","","0","0","2","","0","","","3","0","0","0","0","0","1","2","0","3","","03","","N","","","","","","","","","",""
"2020065119","0956","0","0","0","1","0","0","0","0","0","8","0","","67","8","2020","3","39.915962","-75.164253","0946","6","0","0","0","0","0","0","0","0","","0","0","0","","","1","N","0","","39 54:57.462","","0","75 09:51.311","3","0","0","0","67301","1","0","0","N","0","0","0","2","67301","0","","1.0","","99","N","N","N","0","","1","0","1","","0","","","2","1","0","0","0","0","0","2","0","1","","03","","N","","","","","","","","","",""
"2020075629","1825","1","0","0","0","0","0","0","0","0","8","0","","67","9","2020","2","39.94147","-75.235053","1819","6","0","0","0","0","0","0","0","0","","0","0","0","","","1","","1","","39 56:29.291","","0","75 14:06.191","8","0","0","0","67301","1","0","0","N","1","0","0","2","67301","0","","1.0","","1","N","N","N","0","","0","0","0","","2","","","2","1","1","0","0","1","1","2","0","1","","03","","N","","","","","","","","","",""
"2020113448","1525","2","0","0","0","0","0","0","0","0","5","0","","67","12","2020","3","40.111922","-75.027731","1515","6","0","0","0","0","0","0","0","1","","0","0","0","","","1","N","0","","40 06:42.920","","0","75 01:39.830","8","0","0","0","67301","0","0","0","N","0","0","0","1","67301","0","","1.0","","1","N","N","N","0","","0","0","1","","0","","","3","1","0","0","0","1","0","2","0","3","","03","","N","","","","","","","","","",""
"2020067595","1248","0","0","0","0","0","0","0","0","0","1","0","","67","8","2020","5","39.893112","-75.196669","1244","6","0","0","0","0","0","1","0","0","","0","0","0","","","4","N","0","","39 53:35.203","2","3","75 11:48.007","8","0","0","0","67301","0","0","0","N","0","0","0","7","68K01","0","","1.0","100.0","9","N","N","N","0","","0","0","2","","0","N","","3","4","3","0","0","4","0","2","1","3","","","","N","","","","","","","","","",""