"CRN","ARRIVAL_TM","AUTOMOBILE_COUNT","BELTED_DEATH_COUNT","BELTED_SUSP_SERIOUS_INJ_COUNT","BICYCLE_COUNT","BICYCLE_DEATH_COUNT","BICYCLE_SUSP_SERIOUS_INJ_COUNT","BUS_COUNT","CHLDPAS_DEATH_COUNT","CHLDPAS_SUSP_SERIOUS_INJ_COUNT","COLLISION_TYPE","COMM_VEH_COUNT","CONS_ZONE_SPD_LIM","COUNTY","CRASH_MONTH","CRASH_YEAR","DAY_OF_WEEK","DEC_LATITUDE","DEC_LONGITUDE","DISPATCH_TM","DISTRICT","DRIVER_COUNT_16YR","DRIVER_COUNT_17YR","DRIVER_COUNT_18YR","DRIVER_COUNT_19YR","DRIVER_COUNT_20YR","DRIVER_COUNT_50_64YR","DRIVER_COUNT_65_74YR","DRIVER_COUNT_75PLUS","EST_HRS_CLOSED","FATAL_COUNT","HEAVY_TRUCK_COUNT","HORSE_BUGGY_COUNT","HOUR_OF_DAY","ILLUMINATION","INJURY_COUNT","INTERSECTION_RELATED","INTERSECT_TYPE","LANE_CLOSED","LATITUDE","LN_CLOSE_DIR","LOCATION_TYPE","LONGITUDE","MAX_SEVERITY_LEVEL","MCYCLE_DEATH_COUNT","MCYCLE_SUSP_SERIOUS_INJ_COUNT","MOTORCYCLE_COUNT","MUNICIPALITY","NONMOTR_COUNT","NONMOTR_DEATH_COUNT","NONMOTR_SUSP_SERIOUS_INJ_COUNT","NTFY_HIWY_MAINT","PED_COUNT","PED_DEATH_COUNT","PED_SUSP_SERIOUS_INJ_COUNT","PERSON_COUNT","POLICE_AGCY","POSSIBLE_INJ_COUNT","RDWY_SURF_TYPE_CD","RELATION_TO_ROAD","ROADWAY_CLEARED","ROAD_CONDITION","SCH_BUS_IND","SCH_ZONE_IND","SECONDARY_CRASH","SMALL_TRUCK_COUNT","SPEC_JURIS_CD","SUSP_MINOR_INJ_COUNT","SUSP_SERIOUS_INJ_COUNT","SUV_COUNT","TCD_FUNC_CD","TCD_TYPE","TFC_DETOUR_IND","TIME_OF_DAY","TOTAL_UNITS","TOT_INJ_COUNT","UNBELTED_OCC_COUNT","UNB_DEATH_COUNT","UNB_SUSP_SERIOUS_INJ_COUNT","UNK_INJ_DEG_COUNT","UNK_INJ_PER_COUNT","URBAN_RURAL","VAN_COUNT","VEHICLE_COUNT","WEATHER1","WEATHER2","WORKERS_PRES","WORK_ZONE_IND","WORK_ZONE_LOC","WORK_ZONE_TYPE","WZ_CLOSE_DETOUR","WZ_FLAGGER","WZ_LAW_OFFCR_IND","WZ_LN_CLOSURE","WZ_MOVING","WZ_OTHER","WZ_SHLDER_MDN","WZ_WORKERS_INJ_KILLED"
"2020065437","1214","0","0","0","0","0","0","0","0","0","4","0","","67","8","2020","5","39.97521","-75.194985","1213","6","0","0","0","0","0","0","1","0","","0","0","0","","","1","","1","","39 58:30.755","","0","75 11:41.945","3","0","0","0","67301","0","0","0","N","0","0","0","2","67301","0","","1.0","","1","N","N","N","0","","1","0","2","","2","","","2","1","1","0","0","0","0","2","0","2","","03","","N","","","","","","","","","",""
"2020076448","0635","1","0","0","0","0","0","0","0","0","7","0","","67","9","2020","7","39.973009","-75.214323","0630","6","0","0","0","0","0","0","0","0","","0","0","0","","","0","N","0","","39 58:22.831","","0","75 12:51.562","0","0","0","0","67301","0","0","0","N","0","0","0","1","67301","0","","4.0","","1","N","N","N","0","","0","0","0","","0","","","1","0","0","0","0","0","0","2","0","1","","","","N","","","","","","","","","",""
"2020070079","0100","1","0","0","0","0","0","0","0","0","4","0","","67","8","2020","6","40.031228","-75.145767","0100","6","0","0","0","1","0","0","0","0","","0","0","0","","","1","","1","","40 01:52.420","","0","75 08:44.761","8","0","0","0","67301","0","0","0","N","0","0","0","2","67301","0","","1.0","","1","N","N","N","0","","0","0","0","","2","","","2","1","0","0","0","1","0","2","0","2","","04","","N","","","","","","","","","",""
"2020075059","0250","0","0","0","0","0","0","0","0","0","4","0","","67","9","2020","3","39.956229","-75.149137","0245","6","0","0","0","0","0","2","0","0","","0","0","0","","","1","","3","","39 57:22.423","","2","75 08:56.893","4","0","0","0","67301","0","0","0","N","0","0","0","2","67301","1","","1.0","","1","N","N","N","0","","0","0","1","","2","","","2","1","0","0","0","0","0","2","1","2","","03","","N","","","","","","","","","",""
"2020069520","0325","4","0","0","0","0","0","0","0","0","5","0","","67","8","2020","5","39.977403","-75.131455","0319","6","0","0","0","0","0","0","0","0","","0","0","0","","","0","N","0","","39 58:38.651","","0","75 07:53.237","9","0","0","0","67301","0","0","0","N","0","0","0","1","67301","0","","6.0","","1","N","N","N","0","","0","0","0","","0","","","4","0","0","0","0","0","1","2","0","4","","03","","N","","","","","","","","","",""
"2020071754","1508","0","0","0","0","0","0","0","0","0","4","0","","67","8","2020","2","39.977138","-75.157053","1506","6","0","0","0","0","0","0","0","0","","0","0","0","","","1","","2","","39 58:37.698","","0","75 09:25.389","3","0","0","0","67301","0","0","0","N","0","0","0","2","67301","0","","1.0","","1","N","N","N","0","","1","0","1","","3","","","2","1","1","0","0","0","0","2","0","2","","04","","N","","","","","","","","","",""
"2020071759","2247","2","0","0","0","0","0","0","0","0","4","0","","67","9","2020","4","39.976578","-75.15825","2245","6","0","0","0","0","1","1","0","0","","0","0","0","","","0","N","0","","39 58:35.680","","6","75 09:29.701","0","0","0","0","67301","0","0","0","N","0","0","0","4","67505","0","","1.0","","9","N","N","N","0","","0","0","0","","0","","","2","0","0","0","0","0","0","2","0","2","","","","N","","","","","","","","","",""
"2020064538","2005","1","0","0","0","0","0","0","0","0","4","0","","67","8","2020","2","39.998655","-75.178221","2001","6","0","0","0","0","0","0","0","0","","0","0","0","","","0","","5","","39 59:55.159","","0","75 10:41.596","0","0","0","0","67301","0","0","0","N","0","0","0","2","67301","0","","1.0","","1","N","N","N","0","","0","0","3","","2","","","4","0","2","0","0","0","0","2","0","4","","03","","N","","","","","","","","","",""
"2020113737","0225","1","0","0","0","0","0","0","0","0","1","0","","67","12","2020","1","39.946961","-75.240725","0219","6","0","0","0","0","0","0","0","0","","0","0","0","","","0","Y","0","","39 56:49.060","","0","75 14:26.610","0","0","0","0","67301","0","0","0","N","0","0","0","3","67301","0","","1.0","","1","N","N","N","1","","0","0","0","","0","","","2","0","0","0","0","0","0","2","0","2","","03","","N","","","","","","","","","",""
"2020064200","1212","1","0","0","0","0","0","0","0","0","5","0","","67","8","2020","2","39.959934","-75.236934","1210","6","0","0","0","0","0","0","1","0","","0","0","0","","","1","N","0","","39 57:35.763","","0","75 14:12.961","4","0","0","0","67301","0","0","0","N","0","0","0","4","67301","1","","1.0","","1","N","N","N","0","","0","0","0","","0","","","2","1","0","0","0","0","0","2","1","2","","","","N","","","","","","","","","",""
"2020073900","2010","1","0","0","0","0","0","0","0","0","4","0","","67","9","2020","4","40.044427","-75.14356","2006","6","0","0","0","0","0","0","0","0","","0","0","0","","","2","","1","","40 02:39.937","2","0","75 08:36.816","3","0","0","0","67301","0","0","0","N","0","0","0","3","67301","0","","1.0","2102.0","1","N","N","N","0","","2","0","0","","2","Y","","2","2","0","0","0","0","0","2","1","2","","03","","N","","","","","","","","","",""
"2020066112","1241","2","0","0","0","0","0","0","0","0","4","0","","67","8","2020","5","39.940534","-75.218905","1236","6","0","0","0","0","0","1","0","0","","0","0","0","","","2","","1","","39 56:25.922","","0","75 13:08.059","8","0","0","0","67301","0","0","0","N","0","0","0","3","67301","0","","1.0","","9","N","N","N","1","","0","0","2","","2","","","5","2","1","0","0","2","1","2","0","5","","07","","N","","","","","","","","","",""
"2020070571","0039","3","0","0","0","0","0","0","0","0","4","0","","67","8","2020","7","39.950462","-75.235053","0020","6","0","0","0","0","0","0","0","0","","0","0","0","","","4","","1","","39 57:01.663","7","0","75 14:06.190","3","0","0","0","67301","0","0","0","N","0","0","0","5","67301","0","","1.0","110.0","1","N","N","Y","0","","1","0","0","","3","Y","","3","4","1","0","0","3","1","2","0","3","","03","","N","","","","","","","","","",""
"2020073927","0145","1","0","0","0","0","0","0","0","0","4","0","","67","9","2020","1","40.00243","-75.134983","0142","6","0","0","0","0","1","0","0","0","","0","0","0","","","3","","1","","40 00:08.748","","0","75 08:05.938","2","0","2","1","67301","0","0","0","N","0","0","0","3","67301","0","","1.0","","1","N","N","N","0","","1","2","0","","3","","","2","3","1","0","0","0","0","2","0","2","","03","","N","","","","","","","","","",""
"2020065330","0145","2","0","0","0","0","0","0","0","0","2","0","","67","8","2020","6","39.964246","-75.221962","0140","6","0","0","0","0","0","1","0","0","","0","0","0","","","1","","1","","39 57:51.285","6","0","75 13:19.063","3","0","0","0","67301","0","0","0","N","0","0","0","3","67301","0","","1.0","240.0","1","N","N","N","0","","1","0","1","","2","Y","","3","1","0","0","0","0","0","2","0","3","","03","","N","","","","","","","","","",""
"2020071559","2007","0","0","0","0","0","0","0","0","0","4","0","","67","9","2020","3","39.92228","-75.225616","2005","6","0","0","0","0","0","1","0","0","","0","0","0","","","0","","1","","39 55:20.207","2","0","75 13:32.217","0","0","0","0","67301","0","0","0","N","0","0","0","2","67301","0","","1.0","2152.0","1","N","N","N","0","","0","0","1","","3","N","","2","0","0","0","0","0","0","2","0","2","","","","N","","","","","","","","","",""
"2020113080","2145","0","0","0","0","0","0","0","0","0","7","0","","67","12","2020","5","39.886426","-75.242726","2120","6","0","0","0","0","0","0","0","0","","0","0","0","","","0","N","0","","39 53:11.135","","0","75 14:33.815","0","0","0","0","67301","0","0","0","Y","0","0","0","1","68K01","0","","3.0","","9","N","N","N","0","","0","0","1","","0","","","1","0","0","0","0","0","0","2","0","1","","","","N","","","","","","","","","",""
"2020073617","0409","1","0","0","0","0","0","0","0","0","7","0","","67","8","2020","4","39.941221","-75.143079","0355","6","0","0","0","0","0","0","0","0","","0","0","0","","","0","N","0","","39 56:28.395","1","0","75 08:35.084","0","0","0","0","67301","0","0","0","N","0","0","0","1","68K01","0","","4.0","420.0","1","N","N","N","0","","0","0","0","","0","N","","1","0","0","0","0","0","0","2","0","1","","","","N","","","","","","","","","",""
"2020063957","1707","0","0","0","1","0","0","0","0","0","8","0","","67","8","2020","1","40.067266","-75.146726","1703","6","0","0","0","0","0","0","0","0","","0","0","0","","","1","","2","","40 04:02.157","","0","75 08:48.213","8","0","0","0","67301","1","0","0","N","0","0","0","2","67301","0","","1.0","","1","N","N","N","0","","0","0","1","","3","","","2","1","0","0","0","1","0","2","0","1","","","","N","","","","","","","","","",""
"2020072122","2338","0","0","0","0","0","0","0","0","0","7","0","","67","9","2020","5","39.991276","-75.13431","2333","6","0","0","0","0","0","0","0","0","","0","0","0","","","1","","1","","39 59:28.592","1","0","75 08:03.517","3","0","0","0","67301","0","0","0","N","0","0","0","1","67301","0","","4.0","250.0","1","N","N","N","0","","1","0","1","","0","Y","","1","1","0","0","0","0","0","2","0","1","","03","","N","","","","","","","","","",""
"2020070777","1930","1","0","0","0","0","0","0","0","0","2","0","","67","8","2020","1","40.039513","-75.154417","1920","6","0","0","0","0","0","0","0","0","","0","0","0","","","1","","1","","40 02:22.246","","0","75 09:15.901","3","0","0","0","67301","0","0","0","N","0","0","0","2","67301","0","","1.0","","1","N","N","N","0","","1","0","1","","2","","","2","1","0","0","0","0","0","2","0","2","","","","N","","","","","","","","","",""
"2020065246","2220","1","0","0","0","0","0","0","0","0","4","0","","67","8","2020","5","40.007681","-75.151586","2218","6","0","0","0","0","0","0","0","0","","0","0","0","","","0","","1","","40 00:27.651","","0","75 09:05.709","0","0","0","0","67301","0","0","0","N","0","0","0","4","67505","0","","1.0","","1","N","N","Y","0","","0","0","1","","2","","","2","0","0","0","0","0","0","2","0","2","","03","","N","","","","","","","","","",""
"2020068080","1421","1","0","0","0","0","0","0","0","0","5","0","","67","8","2020","5","40.015061","-75.053973","1404","6","1","0","0","0","0","1","0","0","","0","0","0","","","0","N","0","","40 00:54.218","1","0","75 03:14.304","0","0","0","0","67301","0","0","0","N","0","0","0","2","68K01","0","","1.0","1420.0","1","N","N","N","0","","0","0","1","","0","N","","2","0","0","0","0","0","0","2","0","2","","","","N","","","","","","","","","",""
"2020112077","1739","1","0","0","0","0","0","0","0","0","8","0","","67","12","2020","6","40.024675","-75.17056","1734","6","0","0","0","0","0","0","0","0","","0","0","0","","","1","","1","","40 01:28.829","","0","75 10:14.015","3","0","0","0","67301","1","0","0","N","1","0","0","1","67301","0","","1.0","","1","N","N","N","0","","1","0","0","","3","","","2","1","0","0","0","0","0","2","0","1","","","","N","","","","","","","","","",""
"2020112399","0045","1","0","0","0","0","0","0","0","0","8","0","","67","12","2020","7","40.045894","-75.130474","0038","6","0","0","0","0","0","0","0","0","","0","0","0","","","1","","1","","40 02:45.217","","0","75 07:49.707","3","0","0","0","67301","1","0","0","N","1","0","0","2","67301","0","","1.0","","1","N","N","N","0","","1","0","0","","0","","","2","1","0","0","0","0","0","2","0","1","","","","N","","","","","","","","","",""
"2020064198","0102","0","0","0","0","0","0","0","0","0","4","0","","67","8","2020","2","40.052631","-75.165217","0054","6","0","0","0","0","0","1","0","0","","0","0","0","","","0","N","0","","40 03:09.470","","7","75 09:54.780","0","0","0","0","67301","0","0","0","N","0","0","0","2","67301","0","","1.0","","1","N","N","N","0","","0","0","1","","0","","","2","0","0","0","0","0","0","2","1","2","","03","","N","","","","","","","","","",""
"2020066773","1700","1","0","0","0","0","0","0","0","0","5","0","","67","8","2020","2","40.031289","-75.085039","1651","6","0","0","0","0","0","0","0","0","","0","0","0","","","1","","1","","40 01:52.639","","0","75 05:06.142","3","0","0","0","67301","0","0","0","N","0","0","0","2","67301","0","","1.0","","1","N","N","N","0","","1","0","1","","2","","","2","1","1","0","0","0","0","2","0","2","","98","","N","","","","","","","","","",""
"2020076731","2152","1","0","0","0","0","0","0","0","0","7","0","","67","8","2020","7","39.982178","-75.10046","2147","6","0","0","0","1","0","0","0","0","","0","0","0","","","1","N","0","","39 58:55.839","","0","75 06:01.656","3","0","0","0","67301","0","0","0","N","0","0","0","2","68K01","0","","3.0","","1","N","N","N","0","","1","0","0","","0","","","1","1","0","0","0","0","0","2","0","1","","","","N","","","","","","","","","",""
"2020064938","1538","2","0","0","0","0","0","0","0","0","1","0","","67","8","2020","4","39.976844","-75.177036","1528","6","0","0","0","0","0","0","0","0","","0","0","0","","","1","N","0","","39 58:36.640","4","0","75 10:37.330","3","0","0","0","67301","0","0","0","N","0","0","0","2","67301","0","","1.0","1645.0","9","N","N","N","0","","1","0","0","","0","N","","2","1","0","0","0","0","0","2","0","2","","04","","N","","","","","","","","","",""
"2020112977","0319","1","0","0","0","0","0","0","0","0","6","1","","67","12","2020","4","39.978819","-75.096749","0305","6","0","0","0","0","0","0","0","0","","0","1","0","","","1","N","0","","39 58:43.748","5","0","75 05:48.298","4","0","0","0","67301","0","0","0","N","0","0","0","2","67301","1","","6.0","500.0","1","N","N","N","0","","0","0","0","","0","Y","","2","1","0","0","0","0","0","2","0","2","","03","","N","","","","","","","","","",""
"2020085264","1733","1","0","0","0","0","0","0","0","0","1","0","","67","10","2020","6","40.001459","-75.078447","1720","6","0","0","0","0","1","0","0","0","","0","0","0","","","4","N","0","","40 00:05.254","1","2","75 04:42.410","3","0","0","0","67301","0","0","0","N","0","0","0","4","68K01","0","","1.0","1814.0","1","N","N","N","1","","4","0","1","","0","N","","3","4","0","0","0","0","0","2","0","3","","","","N","","","","","","","","","",""
"2020064531","2300","1","0","0","0","0","0","0","0","0","8","0","","67","8","2020","2","39.97186","-75.244901","2300","6","0","0","0","0","0","0","0","0","","0","0","0","","","1","","1","","39 58:18.695","","0","75 14:41.643","8","0","0","0","67301","1","0","0","N","1","0","0","2","67301","0","","1.0","","1","N","N","N","0","","0","0","0","","2","","","2","1","0","0","0","1","0","2","0","1","","03","","N","","","","","","","","","",""
"2020064199","2354","0","0","0","0","0","0","0","0","0","5","0","","67","8","2020","1","39.951278","-75.238944","2354","6","0","0","0","0","0","0","0","0","","0","0","0","","","0","N","0","","39 57:04.600","1","0","75 14:20.200","9","0","0","0","67301","0","0","0","N","0","0","0","1","67301","0","","6.0","30.0","1","N","N","N","0","","0","0","2","","0","Y","","2","0","0","0","0","0","1","2","0","2","","","","N","","","","","","","","","",""
"2020075034","1734","2","0","0","0","0","0","0","0","0","4","0","","67","9","2020","1","39.938207","-75.198582","1732","6","0","0","0","0","0","1","0","0","","0","0","0","","","2","","1","","39 56:17.545","","0","75 11:54.896","3","0","0","0","67301","0","0","0","N","0","0","0","4","67301","0","","1.0","","1","N","N","N","0","","2","0","1","","2","","","3","2","2","0","0","0","1","2","0","3","","03","","N","","","","","","","","","",""
"2020063781","0114","1","0","0","0","0","0","0","0","0","5","0","","67","8","2020","1","39.969033","-75.225287","0114","6","0","0","0","0","0","0","0","0","","0","0","0","","","1","N","0","","39 58:08.517","","0","75 13:31.033","3","0","0","0","67301","0","0","0","N","0","0","0","2","67301","0","","1.0","","1","N","N","N","0","","1","0","1","","0","","","2","1","0","0","0","0","0","2","0","2","","","","N","","","","","","","","","",""
"2020078077","2015","2","0","0","0","0","0","0","0","0","1","0","","67","9","2020","5","40.024483","-75.208104","2011","6","0","0","0","0","0","0","0","0","","0","0","0","","","1","N","0","","40 01:28.140","","0","75 12:29.173","4","0","0","0","67301","0","0","0","N","0","0","0","1","67301","1","","6.0","","1","N","N","N","0","","0","0","0","","0","","","2","1","0","0","0","0","0","2","0","2","","03","","N","","","","","","","","","",""
"2020073614","0421","1","0","0","0","0","0","0","0","0","7","0","","67","8","2020","1","39.976838","-75.197127","0419","6","0","0","0","0","0","0","0","0","","0","0","0","","","0","N","0","","39 58:36.616","","0","75 11:49.656","0","0","0","0","67301","0","0","0","N","0","0","0","1","68K01","0","","3.0","","1","N","N","N","0","","0","0","0","","0","","","1","0","0","0","0","0","0","2","0","1","","","","N","","","","","","","","","",""
"2020070931","2040","0","0","0","0","0","0","0","0","0","4","0","","67","8","2020","1","40.049714","-75.171722","2034","6","0","0","0","0","0","0","1","0","","0","0","0","","","2","","1","","40 02:58.971","","0","75 10:18.200","3","0","0","0","67301","0","0","0","N","0","0","0","3","67301","0","","1.0","","1","N","N","N","0","","2","0","1","","0","","","2","2","0","0","0","0","0","2","1","2","","98","","N","","","","","","","","","",""
"2020113989","1100","1","0","0","0","0","0","0","0","0","4","0","","67","12","2020","2","40.031419","-75.021581","1054","6","0","0","0","0","0","1","0","0","","0","0","0","","","0","N","0","","40 01:53.108","","0","75 01:17.693","0","0","0","0","67301","0","0","0","N","0","0","0","2","68K01","0","","1.0","","1","N","N","N","1","","0","0","0","","0","","","2","0","0","0","0","0","0","2","0","2","","","","N","","","","","","","","","",""
"2020063122","0826","1","0","0","0","0","0","0","0","0","8","0","","67","8","2020","6","40.000852","-75.110325","0825","6","0","0","0","0","0","0","0","0","","0","0","0","","","1","","1","","40 00:03.067","","0","75 06:37.169","3","0","0","0","67301","1","0","0","N","1","0","0","2","67301","0","","1.0","","9","N","N","N","0","","1","0","0","","2","","","2","1","0","0","0","0","0","2","0","1","","04","","N","","","","","","","","","",""
"2020074540","1800","1","0","0","0","0","0","0","0","0","5","0","55","67","9","2020","6","40.025439","-75.028916","1756","6","0","0","0","0","0","1","0","0","","0","0","0","","","0","N","0","","40 01:31.580","","0","75 01:44.098","0","0","0","0","67301","0","0","0","N","0","0","0","2","68K01","0","","1.0","","1","N","N","N","1","","0","0","0","","0","","","2","0","0","0","0","0","0","2","0","2","","03","N","Y","2","1","","","N","Y","","","Y","N"
"2020069319","1630","0","0","0","0","0","0","0","0","0","7","0","","67","8","2020","5","39.936728","-75.144486","1619","6","0","0","0","0","0","0","0","0","","0","0","0","","","0","N","0","","39 56:12.219","1","0","75 08:40.148","0","0","0","0","67301","0","0","0","N","0","0","0","1","68K01","0","","2.0","15.0","9","N","N","N","1","","0","0","0","","0","N","","1","0","0","0","0","0","0","2","0","1","","07","","N","","","","","","","","","",""
"2020112961","1746","1","0","0","0","0","0","0","0","0","1","0","","67","12","2020","2","40.115177","-75.021226","1743","6","0","0","0","0","0","0","0","0","","0","0","0","","","1","N","0","","40 06:54.636","","0","75 01:16.415","3","0","0","0","67301","0","0","0","N","0","0","0","3","67301","0","","1.0","","1","N","N","N","0","","1","0","1","","0","","","2","1","3","0","0","0","0","2","0","2","","03","","N","","","","","","","","","",""
"2020072094","2225","1","0","0","0","0","0","0","0","0","1","0","","67","9","2020","4","39.955078","-75.210259","2222","6","0","0","0","0","0","0","0","0","","0","0","0","","","1","N","0","","39 57:18.279","","0","75 12:36.932","3","0","0","0","67301","0","0","0","N","0","0","0","3","67301","0","","1.0","","9","N","N","N","0","","1","0","0","","0","","","2","1","0","0","0","0","0","2","1","2","","07","","N","","","","","","","","","",""
"2020082381","1531","1","0","0","0","0","0","0","0","0","7","0","","67","9","2020","1","39.929736","-75.197742","1522","6","0","0","0","0","0","0","0","0","","0","0","0","","","0","N","0","","39 55:47.050","4","0","75 11:51.870","0","0","0","0","67301","0","0","0","N","0","0","0","1","68K01","0","","2.0","15.0","1","N","N","N","0","","0","0","0","","0","N","","1","0","0","0","0","0","0","2","0","1","","03","","N","","","","","","","","","",""
"2020073929","0010","2","0","0","0","0","0","0","0","0","1","0","","67","9","2020","1","40.004277","-75.137521","0001","6","0","0","0","0","0","0","0","0","","0","0","0","","","1","","2","","40 00:15.397","","0","75 08:15.075","3","0","0","0","67301","0","0","0","N","0","0","0","2","67301","0","","1.0","","1","N","N","N","0","","1","0","0","","0","","","2","1","1","0","0","0","0","2","0","2","","03","","N","","","","","","","","","",""
"2020113982","2332","1","0","0","0","0","0","0","0","0","1","0","","67","12","2020","7","40.002026","-75.194514","2328","6","0","0","0","0","0","0","0","0","","0","0","0","","","1","N","0","","40 00:07.292","","0","75 11:40.251","3","0","0","0","67301","0","0","0","N","0","0","0","2","68K01","0","","1.0","","1","N","N","N","0","","1","0","1","","0","","","2","1","0","0","0","0","0","2","0","2","","","","N","","","","","","","","","",""
"2020112546","1326","2","0","0","0","0","0","0","0","0","5","1","","67","12","2020","3","39.927804","-75.243454","1323","6","0","0","0","1","0","0","0","0","","0","1","0","","","1","N","0","","39 55:40.093","","0","75 14:36.435","3","0","0","0","67301","0","0","0","N","0","0","0","2","67301","0","","1.0","","1","N","N","N","0","","1","0","0","","0","","","3","1","0","0","0","0","0","2","0","3","","03","","N","","","","","","","","","",""
"2020073067","2220","1","0","0","0","0","0","0","0","0","1","0","","67","9","2020","7","40.016306","-75.149597","2220","6","0","0","0","1","0","0","0","0","","0","0","0","","","0","N","0","","40 00:58.700","","0","75 08:58.550","0","0","0","0","67301","0","0","0","N","0","0","0","3","67301","0","","1.0","","1","N","N","N","0","","0","0","1","","2","","","2","0","2","0","0","0","0","2","0","2","","03","","N","","","","","","","","","",""
"2020071965","0624","1","0","0","0","0","0","0","0","0","1","0","","67","9","2020","4","40.091852","-75.047425","0618","6","0","0","0","0","0","0","1","0","","0","0","0","","","1","","3","","40 05:30.666","","0","75 02:50.731","3","0","0","0","67301","0","0","0","N","0","0","0","2","67301","0","","1.0","","1","N","N","N","0","","1","0","1","","2","","","2","1","0","0","0","0","0","2","0","2","","03","","N","","","","","","","","","",""
"2020070314","1925","1","0","0","0","0","0","0","0","0","4","0","","67","8","2020","7","39.957849","-75.191055","1923","6","0","0","0","1","0","0","0","0","","0","0","0","","","1","N","2","","39 57:28.256","2","0","75 11:27.798","3","0","0","0","67301","0","0","0","N","0","0","0","7","67507","0","","1.0","2000.0","1","N","N","N","0","","1","0","1","","0","N","","2","1","3","0","0","0","0","2","0","2","","03","","N","","","","","","","","","",""
"2020113230","2003","2","0","0","0","0","0","0","0","0","5","0","","67","12","2020","6","40.035726","-75.016649","1953","6","0","0","0","0","0","0","0","0","","0","0","0","","","0","N","0","","40 02:08.612","","0","75 00:59.937","0","0","0","0","67301","0","0","0","N","0","0","0","3","68K01","0","","1.0","","1","Y","N","N","0","","0","0","0","","0","","","3","0","0","0","0","0","0","2","0","3","","","","N","","","","","","","","","",""
"2020111185","2135","1","0","0","0","0","0","0","0","0","2","0","","67","12","2020","1","39.945239","-75.1581","2130","6","0","0","0","0","0","0","0","0","","0","0","0","","","0","N","0","","39 56:42.860","2","0","75 09:29.160","0","0","0","0","67301","0","0","0","N","0","0","0","1","67301","0","","6.0","1040.0","2","N","N","N","0","","0","0","1","","0","N","","2","0","0","0","0","0","0","2","0","2","","","","N","","","","","","","","","",""
"2020074663","1709","2","0","0","0","0","0","0","0","0","4","0","","67","9","2020","1","40.021284","-75.157724","1702","6","0","0","0","0","0","0","0","0","","0","0","0","","","2","","3","","40 01:16.622","","0","75 09:27.806","3","0","0","0","67301","0","0","0","N","0","0","0","2","67301","0","","1.0","","1","N","N","N","0","","2","0","1","","3","","","3","2","0","0","0","0","0","2","0","3","","","","N","","","","","","","","","",""
"2020074737","1908","1","0","0","0","0","0","0","0","0","7","0","","67","9","2020","3","39.995034","-75.227631","1839","6","0","0","0","0","0","0","0","0","","0","0","0","","","0","","1","","39 59:42.122","","0","75 13:39.471","0","0","0","0","67301","0","0","0","N","0","0","0","3","67301","0","","5.0","","1","N","N","N","0","","0","0","0","","3","","","1","0","0","0","0","0","0","2","0","1","","","","N","","","","","","","","","",""
"2020064766","1427","1","0","0","0","0","0","0","0","0","4","0","","67","8","2020","4","40.046807","-75.137538","1423","6","0","0","0","0","0","0","0","0","","0","0","0","","","2","","1","","40 02:48.506","","0","75 08:15.137","8","0","0","0","67301","0","0","0","N","0","0","0","5","67301","0","","1.0","","9","N","N","N","0","","0","0","0","","2","","","2","2","0","0","0","2","0","2","1","2","","07","","N","","","","","","","","","",""
"2020073070","2357","1","0","0","0","0","0","0","0","0","5","0","","67","9","2020","1","40.045879","-75.112673","2353","6","0","0","0","0","0","0","0","0","","0","0","0","","","0","N","0","","40 02:45.163","","0","75 06:45.622","0","0","0","0","67301","0","0","0","N","0","0","0","1","67301","0","","6.0","","1","N","N","N","0","","0","0","3","","0","","","4","0","0","0","0","0","0","2","0","4","","","","N","","","","","","","","","",""
"2020064761","1158","1","0","0","0","0","0","0","0","0","4","0","","67","8","2020","3","40.095679","-75.02583","1151","6","0","0","0","0","0","0","0","1","","0","0","0","","","2","N","0","","40 05:44.446","","7","75 01:32.989","4","0","0","0","67301","0","0","0","N","0","0","0","3","67301","2","","1.0","","1","N","N","N","0","","0","0","1","","0","","","2","2","0","0","0","0","0","2","0","2","","03","","N","","","","","","","","","",""
"2020066774","1849","2","0","0","0","0","0","0","0","0","4","0","","67","8","2020","3","40.016022","-75.065402","1840","6","0","0","0","0","0","0","0","0","","0","0","0","","","1","","1","","40 00:57.679","","0","75 03:55.447","3","0","0","0","67301","0","0","0","N","0","0","0","2","67301","0","","1.0","","1","N","N","N","0","","1","0","0","","3","","","2","1","0","0","0","0","0","2","0","2","","03","","N","","","","","","","","","",""
"2020070776","0800","1","0","0","0","0","0","0","0","0","1","0","","67","8","2020","1","39.964925","-75.147561","0800","6","0","0","0","0","0","0","0","0","","0","0","0","","","0","N","0","","39 57:53.730","","0","75 08:51.220","9","0","0","0","67301","0","0","0","N","0","0","0","1","67301","0","","6.0","","1","N","N","N","0","","0","0","1","","0","","","2","0","0","0","0","0","1","2","0","2","","03","","N","","","","","","","","","",""
"2020111415","0235","1","0","0","0","0","0","0","0","0","6","0","","67","12","2020","1","39.998936","-75.125936","0231","6","0","0","0","0","0","0","0","0","","0","0","0","","","1","N","0","","39 59:56.170","1","0","75 07:33.370","8","0","0","0","67301","0","0","0","N","0","0","0","1","67301","0","","9.0","430.0","1","N","N","N","0","","0","0","3","","0","N","","4","1","1","0","0","1","0","2","0","4","","03","","N","","","","","","","","","",""