"CRN","ARRIVAL_TM","AUTOMOBILE_COUNT","BELTED_DEATH_COUNT","BELTED_SUSP_SERIOUS_INJ_COUNT","BICYCLE_COUNT","BICYCLE_DEATH_COUNT","BICYCLE_SUSP_SERIOUS_INJ_COUNT","BUS_COUNT","CHLDPAS_DEATH_COUNT","CHLDPAS_SUSP_SERIOUS_INJ_COUNT","COLLISION_TYPE","COMM_VEH_COUNT","CONS_ZONE_SPD_LIM","COUNTY","CRASH_MONTH","CRASH_YEAR","DAY_OF_WEEK","DEC_LATITUDE","DEC_LONGITUDE","DISPATCH_TM","DISTRICT","DRIVER_COUNT_16YR","DRIVER_COUNT_17YR","DRIVER_COUNT_18YR","DRIVER_COUNT_19YR","DRIVER_COUNT_20YR","DRIVER_COUNT_50_64YR","DRIVER_COUNT_65_74YR","DRIVER_COUNT_75PLUS","EST_HRS_CLOSED","FATAL_COUNT","HEAVY_TRUCK_COUNT","HORSE_BUGGY_COUNT","HOUR_OF_DAY","ILLUMINATION","INJURY_COUNT","INTERSECTION_RELATED","INTERSECT_TYPE","LANE_CLOSED","LATITUDE","LN_CLOSE_DIR","LOCATION_TYPE","LONGITUDE","MAX_SEVERITY_LEVEL","MCYCLE_DEATH_COUNT","MCYCLE_SUSP_SERIOUS_INJ_COUNT","MOTORCYCLE_COUNT","MUNICIPALITY","NONMOTR_COUNT","NONMOTR_DEATH_COUNT","NONMOTR_SUSP_SERIOUS_INJ_COUNT","NTFY_HIWY_MAINT","PED_COUNT","PED_DEATH_COUNT","PED_SUSP_SERIOUS_INJ_COUNT","PERSON_COUNT","POLICE_AGCY","POSSIBLE_INJ_COUNT","RDWY_SURF_TYPE_CD","RELATION_TO_ROAD","ROADWAY_CLEARED","ROAD_CONDITION","SCH_BUS_IND","SCH_ZONE_IND","SECONDARY_CRASH","SMALL_TRUCK_COUNT","SPEC_JURIS_CD","SUSP_MINOR_INJ_COUNT","SUSP_SERIOUS_INJ_COUNT","SUV_COUNT","TCD_FUNC_CD","TCD_TYPE","TFC_DETOUR_IND","TIME_OF_DAY","TOTAL_UNITS","TOT_INJ_COUNT","UNBELTED_OCC_COUNT","UNB_DEATH_COUNT","UNB_SUSP_SERIOUS_INJ_COUNT","UNK_INJ_DEG_COUNT","UNK_INJ_PER_COUNT","URBAN_RURAL","VAN_COUNT","VEHICLE_COUNT","WEATHER1","WEATHER2","WORKERS_PRES","WORK_ZONE_IND","WORK_ZONE_LOC","WORK_ZONE_TYPE","WZ_CLOSE_DETOUR","WZ_FLAGGER","WZ_LAW_OFFCR_IND","WZ_LN_CLOSURE","WZ_MOVING","WZ_OTHER","WZ_SHLDER_MDN","WZ_WORKERS_INJ_KILLED"
"2020070929","1334","2","0","0","0","0","0","0","0","0","4","0","","67","8","2020","2","40.064527","-75.160635","1334","6","0","0","0","0","1","0","0","0","","0","0","0","","","1","","1","","40 03:52.298","","0","75 09:38.287","2","0","0","0","67301","0","0","0","N","0","0","0","3","67301","0","","1.0","","1","N","N","N","0","","0","1","0","","2","","","3","1","0","0","0","0","0","2","0","3","","04","","N","","","","","","","","","",""
"2020065775","0530","1","0","0","0","0","0","0","0","0","4","0","","67","8","2020","5","40.00468","-75.152126","0526","6","0","0","0","0","0","0","0","0","","0","0","0","","","2","","1","","40 00:16.847","6","0","75 09:07.652","4","0","0","0","67301","0","0","0","N","0","0","0","3","67301","2","","1.0","700.0","1","N","N","N","0","","0","0","1","","2","N","","2","2","0","0","0","0","0","2","0","2","","03","","N","","","","","","","","","",""
"2020110376","0118","0","0","0","0","0","0","0","0","0","1","1","","67","12","2020","1","39.966769","-75.223767","0118","6","0","0","0","0","0","0","0","0","","0","1","0","","","1","N","0","","39 58:00.370","","0","75 13:25.560","8","0","0","0","67301","0","0","0","N","0","0","0","2","67301","0","","1.0","","2","N","N","N","0","","0","0","1","","0","","","2","1","0","0","0","1","0","2","0","2","","98","","N","","","","","","","","","",""
"2020063521","2052","2","0","0","0","0","0","0","0","0","4","0","","67","8","2020","6","39.974566","-75.183467","2051","6","0","0","0","0","0","1","0","0","","0","0","0","","","0","","1","","39 58:28.437","","0","75 11:00.481","0","0","0","0","67301","0","0","0","N","0","0","0","3","67301","0","","1.0","","9","N","N","N","0","","0","0","1","","2","","","3","0","0","0","0","0","0","2","0","3","","04","","N","","","","","","","","","",""
"2020069620","2214","0","0","0","0","0","0","0","0","0","6","0","","67","8","2020","5","40.04745","-75.158075","2214","6","1","0","0","0","0","0","0","0","","0","0","0","","","1","","1","","40 02:50.820","","0","75 09:29.070","3","0","0","0","67301","0","0","0","N","0","0","0","2","67301","0","","1.0","","1","N","N","N","0","","1","0","1","","2","","","2","1","0","0","0","0","0","2","0","2","","03","","N","","","","","","","","","",""
"2020064963","1942","0","0","1","0","0","0","0","0","0","4","0","","67","8","2020","4","40.043169","-75.073863","1937","6","0","0","0","0","0","1","0","0","","0","0","0","","","1","","1","","40 02:35.410","5","0","75 04:25.905","2","0","0","0","67301","0","0","0","N","0","0","0","2","67301","0","","1.0","2016.0","1","N","N","N","0","","0","1","1","","2","Y","","3","1","0","0","0","0","1","2","2","3","","","","N","","","","","","","","","",""
"2020113268","0323","1","0","0","0","0","0","0","0","0","7","0","","67","12","2020","2","39.998022","-75.081298","0315","6","0","0","0","0","0","0","0","0","","0","0","0","","","1","N","0","","39 59:52.880","","0","75 04:52.673","3","0","0","0","67301","0","0","0","N","0","0","0","1","68K01","0","","4.0","","1","N","N","N","0","","1","0","0","","0","","","1","1","0","0","0","0","0","2","0","1","","03","","N","","","","","","","","","",""
"2020082372","0057","1","0","0","0","0","0","0","0","0","7","0","","67","9","2020","3","40.032741","-75.020978","0057","6","0","0","0","0","0","0","0","0","","0","0","0","","","0","N","0","","40 01:57.867","2","0","75 01:15.519","0","0","0","0","67301","0","0","0","N","0","0","0","1","68K01","0","","4.0","150.0","9","N","N","N","0","","0","0","0","","0","N","","1","0","0","0","0","0","0","2","0","1","","05","","N","","","","","","","","","",""
"2020064934","1328","1","0","0","0","0","0","0","0","0","4","0","","67","8","2020","4","39.947448","-75.235683","1328","6","0","0","0","0","0","1","0","0","","0","0","0","","","0","","2","","39 56:50.812","","0","75 14:08.458","0","0","0","0","67301","0","0","0","N","0","0","0","2","67301","0","","1.0","","9","N","N","N","0","","0","0","1","","3","","","2","0","0","0","0","0","0","2","0","2","","","","N","","","","","","","","","",""
"2020113252","1441","1","0","0","0","0","0","0","0","0","1","0","","67","12","2020","6","39.986754","-75.091453","1408","6","0","0","0","0","0","0","0","0","","0","0","0","","","1","N","0","","39 59:12.314","","0","75 05:29.231","8","0","0","0","67301","0","0","0","N","0","0","0","3","68K01","0","","1.0","","1","N","N","N","0","","0","0","1","","0","","","2","1","0","0","0","1","0","2","0","2","","","","N","","","","","","","","","",""
"2020113279","2131","1","0","0","0","0","0","0","0","0","7","0","","67","12","2020","3","39.909349","-75.149071","2128","6","0","0","0","0","1","0","0","0","","0","0","0","","","0","N","0","","39 54:33.658","","0","75 08:56.657","0","0","0","0","67301","0","0","0","N","0","0","0","1","68K01","0","","2.0","","1","N","N","N","0","","0","0","0","","0","","","1","0","0","0","0","0","0","2","0","1","","03","","N","","","","","","","","","",""
"2020063964","0937","0","0","0","0","0","0","0","0","0","7","0","","67","8","2020","1","40.005944","-75.093653","0937","6","0","0","0","0","0","0","0","0","","0","0","0","","","1","N","0","","40 00:21.400","","0","75 05:37.149","3","0","0","0","67301","0","0","0","N","0","0","0","2","67301","0","","4.0","","1","N","N","N","0","","1","0","1","","0","","","1","1","1","0","0","0","0","2","0","1","","03","","N","","","","","","","","","",""
"2020072487","1800","1","0","0","1","0","0","0","0","0","8","0","","67","9","2020","6","40.051528","-75.082361","1756","6","0","0","0","0","0","0","0","0","","0","0","0","","","1","N","0","","40 03:05.500","","0","75 04:56.500","4","0","0","0","67301","1","0","0","N","0","0","0","2","67301","1","","1.0","","1","N","N","N","0","","0","0","0","","0","","","2","1","0","0","0","0","0","2","0","1","","03","","N","","","","","","","","","",""
"2020063804","0530","1","0","0","0","0","0","0","0","0","5","0","","67","8","2020","2","40.006303","-75.151773","0530","6","0","0","0","0","0","0","0","0","","0","0","0","","","2","N","0","","40 00:22.690","1","0","75 09:06.381","2","0","1","1","67301","0","0","0","N","0","0","0","4","67505","0","","1.0","550.0","1","N","N","N","0","","1","1","0","","0","N","","2","2","0","0","0","0","0","2","0","2","","","","N","","","","","","","","","",""
"2020065439","2225","1","0","0","0","0","0","0","0","0","4","0","","67","8","2020","5","39.957471","-75.204314","2225","6","0","0","0","0","0","0","0","0","","0","0","0","","","2","N","0","","39 57:26.897","","0","75 12:15.532","3","0","0","0","67301","0","0","0","N","0","0","0","2","67301","0","","1.0","","1","N","N","N","0","","2","0","0","","0","","","2","2","1","0","0","0","0","2","0","2","","","","N","","","","","","","","","",""
"2020065858","1755","3","0","0","0","0","0","0","0","0","4","0","","67","8","2020","5","39.985888","-75.23188","1748","6","0","0","0","0","0","0","0","0","","0","0","0","","","1","","1","","39 59:09.196","","0","75 13:54.768","3","0","0","0","67301","0","0","0","N","0","0","0","2","67301","0","","1.0","","9","N","Y","N","0","","1","0","1","","2","","","4","1","0","0","0","0","0","2","0","4","","04","","N","","","","","","","","","",""
"2020065132","1310","1","0","0","0","0","0","0","0","0","4","0","","67","8","2020","5","40.02075","-75.148806","1304","6","0","0","0","0","0","1","0","0","","0","0","0","","","2","","2","","40 01:14.700","","0","75 08:55.700","8","0","0","0","67301","0","0","0","N","0","0","0","2","67301","0","","1.0","","1","N","N","N","0","","0","0","1","","0","","","2","2","0","0","0","2","0","2","0","2","","04","","N","","","","","","","","","",""
"2020067591","0712","0","0","0","0","0","0","0","0","0","5","0","","67","8","2020","3","39.956639","-75.143333","0704","6","0","0","0","0","0","0","1","0","","0","0","0","","","1","","7","","39 57:23.900","3","8","75 08:36.000","4","0","0","0","67301","0","0","0","N","0","0","0","3","68K01","1","","7.0","810.0","1","N","N","N","0","","0","0","1","","0","N","","2","1","0","0","0","0","0","2","1","2","","","","N","","","","","","","","","",""
"2020065440","1340","1","0","0","0","0","0","0","0","0","1","0","","67","8","2020","5","40.021232","-75.140744","1336","6","0","0","0","0","0","1","0","0","","0","0","0","","","1","N","0","","40 01:16.435","","0","75 08:26.678","3","0","0","0","67301","0","0","0","N","0","0","0","2","67301","0","","1.0","","1","N","N","N","0","","1","0","1","","0","","","2","1","0","0","0","0","0","2","0","2","","03","","N","","","","","","","","","",""
"2020063959","0845","0","0","0","0","0","0","0","0","0","8","0","","67","8","2020","2","39.98673","-75.159493","0841","6","0","0","0","0","0","0","0","0","","0","0","0","","","1","","1","","39 59:12.227","","0","75 09:34.174","2","0","0","0","67301","1","0","1","N","1","0","1","2","67301","0","","1.0","","1","N","N","N","0","","0","1","1","","2","","","2","1","0","0","0","0","0","2","0","1","","03","","N","","","","","","","","","",""
"2020063866","2347","0","0","0","0","0","0","0","0","0","4","0","","67","8","2020","1","39.967362","-75.128863","2345","6","0","0","0","0","0","0","0","0","","0","0","0","","","1","","5","","39 58:02.502","","0","75 07:43.907","3","0","0","1","67301","0","0","0","N","0","0","0","2","67301","0","","1.0","","1","N","N","N","0","","1","0","0","","2","","","2","1","0","0","0","0","0","2","0","2","","03","","N","","","","","","","","","",""
"2020113271","1617","2","0","0","0","0","0","0","0","0","5","0","","67","12","2020","2","39.981125","-75.206733","1611","6","0","0","0","0","0","0","0","0","","0","0","0","","","4","N","0","","39 58:52.049","3","0","75 12:24.238","4","0","0","0","67301","0","0","0","N","0","0","0","5","68K01","2","","1.0","1650.0","9","N","N","N","0","","0","0","0","","0","N","","2","4","0","0","0","2","0","2","0","2","","","","N","","","","","","","","","",""
"2020072630","2235","0","0","0","0","0","0","0","0","0","1","0","","67","9","2020","7","40.046111","-75.168944","2235","6","0","0","0","0","0","0","0","0","","0","0","0","","","0","N","0","","40 02:46.000","","0","75 10:08.200","9","0","0","0","67301","0","0","0","N","0","0","0","1","67301","0","","6.0","","1","N","N","N","0","","0","0","2","","0","","","2","0","0","0","0","0","1","2","0","2","","03","","N","","","","","","","","","",""
"2020070930","1837","1","0","0","0","0","0","0","0","0","4","0","","67","8","2020","2","40.034364","-75.160428","1834","6","0","0","0","0","0","1","0","0","","0","0","0","","","1","","1","","40 02:03.710","","0","75 09:37.540","3","0","0","0","67301","0","0","0","N","0","0","0","4","67301","0","","1.0","","1","N","N","N","0","","1","0","1","","3","","","2","1","0","0","0","0","0","2","0","2","","03","","N","","","","","","","","","",""
"2020062820","0225","0","0","0","0","0","0","0","0","0","7","0","","67","8","2020","5","39.949453","-75.165134","0222","6","0","0","0","0","0","0","0","0","","0","0","0","","","0","N","0","","39 56:58.029","","0","75 09:54.482","0","0","0","0","67301","0","0","0","N","0","0","0","2","67301","0","","4.0","","1","N","N","N","0","","0","0","1","","0","","","1","0","2","0","0","0","0","2","0","1","","","","N","","","","","","","","","",""
"2020113998","1050","1","0","0","0","0","0","0","0","0","1","0","","67","12","2020","3","39.965769","-75.186272","1045","6","0","0","0","0","0","1","0","0","","0","0","0","","","0","N","0","","39 57:56.768","4","0","75 11:10.578","0","0","0","0","67301","0","0","0","N","0","0","0","5","68K01","0","","1.0","1150.0","1","N","N","N","0","","0","0","1","","0","N","","2","0","0","0","0","0","0","2","0","2","","","","N","","","","","","","","","",""
"2020073248","2145","1","0","0","0","0","0","1","0","0","4","1","","67","9","2020","6","39.883695","-75.251582","2143","6","0","0","0","0","0","0","1","0","","0","0","0","","","1","","2","","39 53:01.302","4","2","75 15:05.694","4","0","0","0","67301","0","0","0","N","0","0","0","2","67301","1","","1.0","30.0","1","N","N","Y","0","","0","0","0","","2","N","","2","1","0","0","0","0","0","2","0","2","","03","","N","","","","","","","","","",""
"2020072390","1010","1","0","0","0","0","0","0","0","0","4","0","","67","9","2020","5","40.022349","-75.038998","1005","6","0","0","0","0","0","0","0","0","","0","0","0","","","1","","2","","40 01:20.456","2","0","75 02:20.394","3","0","0","0","67301","0","0","0","N","0","0","0","2","67301","0","","1.0","1010.0","1","N","N","N","0","","1","0","1","","3","N","","2","1","0","0","0","0","0","2","0","2","","03","","N","","","","","","","","","",""
"2020066569","0808","0","0","0","1","0","0","0","0","0","8","0","","67","8","2020","5","39.93774","-75.153295","0805","6","0","0","0","0","0","0","1","0","","0","0","0","","","1","","1","","39 56:15.863","","0","75 09:11.861","3","0","0","0","67301","1","0","0","N","0","0","0","2","67301","0","","1.0","","1","N","N","N","0","","1","0","1","","3","","","2","1","0","0","0","0","0","2","0","1","","04","","N","","","","","","","","","",""
"2020113106","1529","2","0","0","0","0","0","0","0","0","1","0","","67","12","2020","1","39.95897","-75.170575","1521","6","0","0","0","0","0","0","0","1","","0","0","0","","","0","N","0","","39 57:32.293","4","0","75 10:14.069","0","0","0","0","67301","0","0","0","N","0","0","0","4","68K01","0","","3.0","30.0","1","N","N","N","0","","0","0","1","","0","N","","3","0","0","0","0","0","0","2","0","3","","","","N","","","","","","","","","",""
"2020064765","1658","2","0","0","0","0","0","0","0","0","4","0","","67","8","2020","3","39.976392","-75.118182","1654","6","0","0","0","0","0","0","0","0","","0","0","0","","","1","","1","","39 58:35.011","","0","75 07:05.455","3","0","0","0","67301","0","0","0","N","0","0","0","2","67301","0","","1.0","","1","N","N","N","0","","1","0","1","","3","","","3","1","0","0","0","0","0","2","0","3","","03","","N","","","","","","","","","",""
"2020083914","1340","2","0","0","0","0","0","0","0","0","5","0","","67","10","2020","6","40.011272","-75.136","1324","6","0","0","0","0","0","1","0","0","","0","0","0","","","1","N","0","","40 00:40.580","5","0","75 08:09.600","3","0","0","0","67301","0","0","0","N","0","0","0","1","67301","0","","1.0","100.0","1","N","N","N","1","","1","0","1","","0","Y","","4","1","0","0","0","0","0","2","0","4","","03","","N","","","","","","","","","",""
"2020064969","0155","3","0","0","0","0","0","0","0","0","6","0","","67","8","2020","2","39.974075","-75.234869","0155","6","0","0","0","0","0","0","0","0","","0","0","0","","","1","N","0","","39 58:26.670","","0","75 14:05.530","8","0","0","0","67301","0","0","0","N","0","0","0","1","67301","0","","6.0","","1","N","N","N","0","","0","0","1","","0","","","4","1","0","0","0","1","0","2","0","4","","03","","N","","","","","","","","","",""
"2020063745","1459","0","0","0","0","0","0","0","0","0","4","0","","67","8","2020","1","39.989153","-75.183584","1456","6","0","0","0","0","1","0","0","0","","0","0","0","","","1","","1","","39 59:20.949","","0","75 11:00.901","3","0","0","0","67301","0","0","0","N","0","0","0","2","67301","0","","1.0","","1","N","N","N","0","","1","0","2","","2","","","2","1","1","0","0","0","0","2","0","2","","","","N","","","","","","","","","",""
"2020073066","2238","3","0","0","0","0","0","0","0","0","5","0","","67","9","2020","6","39.989248","-75.10493","2234","6","0","1","0","0","0","0","0","0","","0","0","0","","","1","N","0","","39 59:21.291","2","0","75 06:17.748","3","0","0","0","67301","0","0","0","N","0","0","0","3","67301","0","","6.0","2300.0","1","N","N","N","0","","1","0","0","","0","Y","","3","1","0","0","0","0","0","2","0","3","","03","","N","","","","","","","","","",""
"2020063426","1707","1","0","0","0","0","0","0","0","0","4","0","","67","8","2020","5","39.984464","-75.156663","1706","6","0","0","0","0","0","0","1","0","","0","0","0","","","1","N","0","","39 59:04.070","","7","75 09:23.985","8","0","0","0","67301","0","0","0","N","0","0","0","3","67301","0","","1.0","","1","N","N","N","0","","0","0","1","","0","","","2","1","0","0","0","1","0","2","0","2","","03","","N","","","","","","","","","",""
"2020065329","2341","2","0","0","0","0","0","0","0","0","1","0","","67","8","2020","5","39.974046","-75.204557","2341","6","0","0","0","0","0","0","0","0","","0","0","0","","","1","Y","0","","39 58:26.565","","0","75 12:16.406","8","0","0","0","67301","0","0","0","N","0","0","0","2","67301","0","","1.0","","99","N","N","N","0","","0","0","0","","2","","","2","1","0","0","0","1","0","2","0","2","","03","","N","","","","","","","","","",""
"2020071623","1840","1","0","0","0","0","0","0","0","0","8","0","","67","9","2020","4","39.979608","-75.165032","1835","6","0","0","0","0","0","0","0","0","","0","0","0","","","1","","1","","39 58:46.587","1","0","75 09:54.116","2","0","0","0","67301","1","0","1","N","1","0","1","2","67505","0","","1.0","1930.0","1","N","N","Y","0","","0","1","1","","0","Y","","3","1","0","0","0","0","0","2","0","2","","03","","N","","","","","","","","","",""
"2020065335","1816","2","0","0","0","0","0","0","0","0","4","0","","67","8","2020","6","39.979158","-75.230936","1810","6","0","0","0","0","0","0","0","0","","0","0","0","","","1","","3","","39 58:44.968","","0","75 13:51.369","3","0","0","0","67301","0","0","0","N","0","0","0","2","67301","0","","1.0","","99","N","N","N","0","","1","0","0","","3","","","2","1","0","0","0","0","0","2","0","2","","04","","N","","","","","","","","","",""
"2020070948","1548","0","0","0","1","0","0","0","0","0","8","0","","67","8","2020","1","40.021904","-75.177355","1540","6","0","0","0","0","0","0","0","0","","0","0","0","","","1","N","0","","40 01:18.856","","0","75 10:38.477","3","0","0","0","67301","1","0","0","N","0","0","0","2","67301","0","","1.0","","1","N","N","N","0","","1","0","1","","0","","","2","1","0","0","0","0","0","2","0","1","","03","","N","","","","","","","","","",""
"2020071857","1654","2","0","0","0","0","0","0","0","0","1","0","","67","9","2020","3","40.049037","-75.058819","1643","6","0","0","0","0","0","1","0","0","","0","0","0","","","1","N","0","","40 02:56.532","","0","75 03:31.747","3","0","0","0","67301","0","0","0","N","0","0","0","3","67301","0","","1.0","","1","N","N","N","0","","1","0","0","","0","","","3","1","0","0","0","0","0","2","1","3","","","","N","","","","","","","","","",""
"2020065130","0200","1","0","0","0","0","0","0","0","0","2","0","","67","8","2020","4","40.012822","-75.20426","0200","6","0","0","0","0","0","0","1","0","","0","0","0","","","2","N","0","","40 00:46.160","","0","75 12:15.336","8","0","0","0","67301","0","0","0","N","0","0","0","3","67301","0","","1.0","","99","N","N","N","0","","0","0","1","","0","","","2","2","0","0","0","2","1","2","0","2","","03","","N","","","","","","","","","",""
"2020104956","1445","1","0","0","0","0","0","0","0","0","5","0","","67","10","2020","6","40.018283","-75.082227","1435","6","0","0","0","0","0","0","0","0","","0","0","0","","","1","N","0","","40 01:05.817","","0","75 04:56.018","8","0","0","0","67301","0","0","0","N","0","0","0","1","67301","0","","6.0","","1","N","N","N","0","","0","0","0","","0","","","2","1","1","0","0","1","0","2","1","2","","03","","N","","","","","","","","","",""
"2020063041","1437","2","0","0","0","0","0","0","0","0","4","0","","67","8","2020","5","40.003185","-75.152576","1437","6","0","0","0","0","0","0","0","0","","0","0","0","","","1","","5","","40 00:11.467","","0","75 09:09.273","8","0","0","0","67301","0","0","0","N","0","0","0","3","67301","0","","1.0","","1","N","N","N","0","","0","0","0","","2","","","3","1","0","0","0","1","0","2","1","3","","03","","N","","","","","","","","","",""
"2020065127","2222","1","0","0","0","0","0","0","0","0","4","0","","67","8","2020","4","40.036946","-75.145198","2222","6","0","0","0","0","0","0","0","0","","0","0","0","","","0","","2","","40 02:13.006","","0","75 08:42.711","9","0","0","1","67301","0","0","0","N","0","0","0","2","67301","0","","1.0","","98","N","N","N","0","","0","0","0","","2","","","2","0","1","0","0","0","1","2","0","2","","","","N","","","","","","","","","",""
"2020073928","0320","3","0","0","0","0","0","0","0","0","6","0","","67","9","2020","1","40.016111","-75.141056","0314","6","0","0","0","0","0","0","0","0","","0","0","0","","","0","N","0","","40 00:58.000","","0","75 08:27.800","0","0","0","0","67301","0","0","0","N","0","0","0","1","67301","0","","6.0","","1","N","N","N","0","","0","0","0","","0","","","3","0","0","0","0","0","0","2","0","3","","03","","N","","","","","","","","","",""
"2020073378","1625","2","0","0","0","0","0","0","0","0","4","0","","67","9","2020","1","40.018445","-75.046524","1625","6","0","0","0","0","0","0","0","0","","0","0","0","","","0","N","0","","40 01:06.403","","7","75 02:47.485","9","0","0","0","67301","0","0","0","N","0","0","0","3","67301","0","","1.0","","1","N","N","N","0","","0","0","0","","2","","","2","0","1","0","0","0","1","2","0","2","","03","","N","","","","","","","","","",""
"2020065342","1110","1","0","0","0","0","0","0","0","0","4","0","","67","8","2020","5","39.976501","-75.140666","1110","6","0","0","0","0","0","1","0","0","","0","0","0","","","1","","1","","39 58:35.403","","0","75 08:26.397","3","0","0","0","67301","0","0","0","N","0","0","0","2","67301","0","","1.0","","1","N","N","N","1","","1","0","0","","3","","","2","1","0","0","0","0","0","2","0","2","","03","","N","","","","","","","","","",""
"2020113248","0645","1","0","0","0","0","0","0","0","0","5","1","","67","12","2020","6","39.894693","-75.194488","0640","6","0","0","0","0","0","1","0","0","","0","1","0","","","0","N","0","","39 53:40.895","2","0","75 11:40.157","0","0","0","0","67301","0","0","0","N","0","0","0","2","68K01","0","","1.0","655.0","1","N","N","N","0","","0","0","0","","0","N","","2","0","0","0","0","0","0","2","0","2","","03","","N","","","","","","","","","",""
"2020064537","1116","1","0","0","0","0","0","0","0","0","5","0","","67","8","2020","3","40.042751","-75.153947","1116","6","0","0","0","0","0","1","0","0","","0","0","0","","","1","","1","","40 02:33.903","","0","75 09:14.209","3","0","0","0","67301","0","0","0","N","0","0","0","3","67301","0","","1.0","","1","N","N","N","0","","1","0","2","","3","","","3","1","0","0","0","0","0","2","0","3","","","","N","","","","","","","","","",""
"2020063427","1826","1","0","0","0","0","0","0","0","0","5","0","","67","8","2020","5","39.991375","-75.175047","1800","6","0","0","0","0","0","0","0","0","","0","0","0","","","0","N","0","","39 59:28.950","","0","75 10:30.170","0","0","0","0","67301","0","0","0","N","0","0","0","1","67301","0","","6.0","","1","N","N","N","0","","0","0","1","","0","","","2","0","0","0","0","0","0","2","0","2","","03","","N","","","","","","","","","",""
"2020064157","0154","2","0","0","0","0","0","0","0","0","4","0","","67","8","2020","2","40.01384","-75.12598","0154","6","0","0","0","0","0","0","0","0","","0","0","0","","","0","","1","","40 00:49.824","","0","75 07:33.527","0","0","0","0","67301","0","0","0","N","0","0","0","2","67301","0","","1.0","","1","N","N","N","0","","0","0","0","","2","","","2","0","0","0","0","0","0","2","0","2","","03","","N","","","","","","","","","",""
"2020113154","1059","1","0","0","0","0","0","0","0","0","5","1","","67","12","2020","2","40.040016","-75.110583","1058","6","0","0","0","0","0","1","0","0","","0","1","0","","","0","N","0","","40 02:24.056","","0","75 06:38.100","0","0","0","0","67301","0","0","0","N","0","0","0","2","67301","0","","1.0","","1","N","N","N","0","","0","0","0","","0","","","2","0","0","0","0","0","0","2","0","2","","03","","N","","","","","","","","","",""
"2020065954","1927","2","0","0","0","0","0","0","0","0","5","0","","67","8","2020","4","39.995133","-75.117817","1910","6","0","0","0","0","0","0","0","0","","0","0","0","","","0","N","0","","39 59:42.480","1","0","75 07:04.140","0","0","0","0","67301","0","0","0","N","0","0","0","1","67301","0","","6.0","2120.0","1","N","N","N","0","","0","0","0","","0","Y","","3","0","1","0","0","0","0","2","1","3","","04","","N","","","","","","","","","",""
"2020065774","2030","0","0","0","0","0","0","0","0","0","4","0","","67","8","2020","4","40.00385","-75.133973","2030","6","0","0","0","0","0","1","0","0","","0","0","0","","","1","","1","","40 00:13.860","","0","75 08:02.302","4","0","0","0","67301","0","0","0","N","0","0","0","2","67301","1","","1.0","","1","N","N","N","0","","0","0","1","","3","","","2","1","1","0","0","0","0","2","1","2","","03","","N","","","","","","","","","",""
"2020073074","2250","1","0","0","0","0","0","1","0","0","4","1","","67","8","2020","2","39.975162","-75.188163","2240","6","0","0","0","0","1","0","0","0","","0","0","0","","","1","","1","","39 58:30.584","","0","75 11:17.385","3","0","0","0","67301","0","0","0","N","0","0","0","2","67508","0","","1.0","","1","N","N","Y","0","","1","0","0","","2","","","2","1","1","0","0","0","0","2","0","2","","03","","N","","","","","","","","","",""
"2020070943","1710","2","0","0","0","0","0","0","0","0","1","0","","67","8","2020","1","40.017358","-75.116598","1700","6","0","0","0","0","0","0","0","0","","0","0","0","","","1","","1","","40 01:02.488","","0","75 06:59.752","3","0","0","0","67301","0","0","0","N","0","0","0","2","67301","0","","1.0","","1","N","N","N","0","","1","0","0","","3","","","2","1","1","0","0","0","0","2","0","2","","03","","N","","","","","","","","","",""
"2020072579","0417","1","0","0","0","0","0","0","0","0","7","0","","67","9","2020","3","39.96294","-75.246761","0417","6","0","0","0","0","0","0","0","0","","0","0","0","","","0","N","0","","39 57:46.584","","0","75 14:48.339","9","0","0","0","67301","0","0","0","N","0","0","0","1","67301","0","","4.0","","1","N","N","N","0","","0","0","0","","0","","","1","0","0","0","0","0","1","2","0","1","","03","","N","","","","","","","","","",""
"2020070326","1650","2","0","0","0","0","0","0","0","0","4","0","","67","8","2020","7","40.071064","-75.171295","1650","6","0","0","0","1","0","0","0","0","","0","0","0","","","1","","1","","40 04:15.830","","0","75 10:16.662","3","0","0","0","67301","0","0","0","N","0","0","0","2","67301","0","","1.0","","1","N","N","N","0","","1","0","0","","3","","","2","1","0","0","0","0","0","2","0","2","","","","N","","","","","","","","","",""
"2020063966","0025","1","0","0","0","0","0","0","0","0","2","0","","67","8","2020","6","40.019006","-75.164146","0018","6","0","0","0","0","0","1","0","0","","0","0","0","","","0","N","0","","40 01:08.420","","0","75 09:50.925","0","0","0","0","67301","0","0","0","N","0","0","0","3","67301","0","","1.0","","1","N","N","N","0","","0","0","0","","0","","","2","0","1","0","0","0","0","2","1","2","","","","N","","","","","","","","","",""
"2020065771","1856","1","0","0","0","0","0","0","0","0","7","0","","67","8","2020","5","39.986483","-75.174517","1853","6","0","0","0","0","0","0","0","0","","0","0","0","","","0","N","0","","39 59:11.340","5","0","75 10:28.260","0","0","0","0","67301","0","0","0","N","0","0","0","1","67301","0","","4.0","2200.0","9","N","N","N","0","","0","0","0","","0","N","","1","0","0","0","0","0","0","2","0","1","","","","N","","","","","","","","","",""