"CRN","ARRIVAL_TM","AUTOMOBILE_COUNT","BELTED_DEATH_COUNT","BELTED_SUSP_SERIOUS_INJ_COUNT","BICYCLE_COUNT","BICYCLE_DEATH_COUNT","BICYCLE_SUSP_SERIOUS_INJ_COUNT","BUS_COUNT","CHLDPAS_DEATH_COUNT","CHLDPAS_SUSP_SERIOUS_INJ_COUNT","COLLISION_TYPE","COMM_VEH_COUNT","CONS_ZONE_SPD_LIM","COUNTY","CRASH_MONTH","CRASH_YEAR","DAY_OF_WEEK","DEC_LATITUDE","DEC_LONGITUDE","DISPATCH_TM","DISTRICT","DRIVER_COUNT_16YR","DRIVER_COUNT_17YR","DRIVER_COUNT_18YR","DRIVER_COUNT_19YR","DRIVER_COUNT_20YR","DRIVER_COUNT_50_64YR","DRIVER_COUNT_65_74YR","DRIVER_COUNT_75PLUS","EST_HRS_CLOSED","FATAL_COUNT","HEAVY_TRUCK_COUNT","HORSE_BUGGY_COUNT","HOUR_OF_DAY","ILLUMINATION","INJURY_COUNT","INTERSECTION_RELATED","INTERSECT_TYPE","LANE_CLOSED","LATITUDE","LN_CLOSE_DIR","LOCATION_TYPE","LONGITUDE","MAX_SEVERITY_LEVEL","MCYCLE_DEATH_COUNT","MCYCLE_SUSP_SERIOUS_INJ_COUNT","MOTORCYCLE_COUNT","MUNICIPALITY","NONMOTR_COUNT","NONMOTR_DEATH_COUNT","NONMOTR_SUSP_SERIOUS_INJ_COUNT","NTFY_HIWY_MAINT","PED_COUNT","PED_DEATH_COUNT","PED_SUSP_SERIOUS_INJ_COUNT","PERSON_COUNT","POLICE_AGCY","POSSIBLE_INJ_COUNT","RDWY_SURF_TYPE_CD","RELATION_TO_ROAD","ROADWAY_CLEARED","ROAD_CONDITION","SCH_BUS_IND","SCH_ZONE_IND","SECONDARY_CRASH","SMALL_TRUCK_COUNT","SPEC_JURIS_CD","SUSP_MINOR_INJ_COUNT","SUSP_SERIOUS_INJ_COUNT","SUV_COUNT","TCD_FUNC_CD","TCD_TYPE","TFC_DETOUR_IND","TIME_OF_DAY","TOTAL_UNITS","TOT_INJ_COUNT","UNBELTED_OCC_COUNT","UNB_DEATH_COUNT","UNB_SUSP_SERIOUS_INJ_COUNT","UNK_INJ_DEG_COUNT","UNK_INJ_PER_COUNT","URBAN_RURAL","VAN_COUNT","VEHICLE_COUNT","WEATHER1","WEATHER2","WORKERS_PRES","WORK_ZONE_IND","WORK_ZONE_LOC","WORK_ZONE_TYPE","WZ_CLOSE_DETOUR","WZ_FLAGGER","WZ_LAW_OFFCR_IND","WZ_LN_CLOSURE","WZ_MOVING","WZ_OTHER","WZ_SHLDER_MDN","WZ_WORKERS_INJ_KILLED"
"2020066688","1716","0","0","0","0","0","0","0","0","0","8","0","","67","8","2020","3","39.988824","-75.250045","1713","6","0","0","0","0","0","0","0","0","","0","0","0","","","1","N","0","","39 59:19.768","","0","75 15:00.163","8","0","0","0","67301","1","0","0","N","1","0","0","2","67301","0","","1.0","","1","N","N","N","0","","0","0","1","","0","","","2","1","1","0","0","1","1","2","0","1","","03","","N","","","","","","","","","",""
"2020086179","1704","0","0","0","0","0","0","0","0","0","1","0","","67","10","2020","5","40.083487","-75.026508","1701","6","0","0","0","0","0","1","0","0","","0","0","0","","","1","N","0","","40 05:00.554","1","0","75 01:35.430","3","0","0","0","67301","0","0","0","N","0","0","0","3","67301","0","","1.0","1847.0","1","N","N","N","0","","1","0","2","","2","N","","2","1","0","0","0","0","1","2","0","2","","","","N","","","","","","","","","",""
"2020073722","0321","1","0","0","0","0","0","0","0","0","7","0","","67","9","2020","3","39.983496","-75.208081","0307","6","0","0","0","0","0","0","0","0","","0","0","0","","","0","N","0","","39 59:00.587","4","0","75 12:29.093","0","0","0","0","67301","0","0","0","N","0","0","0","2","68K01","0","","4.0","329.0","9","N","N","N","0","","0","0","0","","0","N","","1","0","0","0","0","0","0","2","0","1","","03","","N","","","","","","","","","",""
"2020064940","1608","1","0","0","0","0","0","0","0","0","4","0","","67","8","2020","4","39.970435","-75.150218","1604","6","0","0","0","0","0","0","0","0","","0","0","0","","","0","N","0","","39 58:13.566","","0","75 09:00.784","0","0","0","0","67301","0","0","0","N","0","0","0","1","67301","0","","1.0","","9","N","N","N","1","","0","0","0","","0","","","2","0","1","0","0","0","0","2","0","2","","07","","N","","","","","","","","","",""
"2020065768","1648","2","0","0","0","0","0","0","0","0","5","0","","67","8","2020","4","39.918059","-75.209642","1644","6","0","0","0","0","0","0","0","0","","0","0","0","","","0","N","0","","39 55:05.014","","0","75 12:34.712","0","0","0","0","67301","0","0","0","N","0","0","0","2","67301","0","","1.0","","1","N","N","N","0","","0","0","0","","0","","","2","0","0","0","0","0","0","2","0","2","","03","","N","","","","","","","","","",""
"2020073384","1448","0","0","0","0","0","0","0","0","0","4","0","","67","9","2020","1","39.979155","-75.137469","1448","6","0","0","0","0","0","2","0","0","","0","0","0","","","2","","1","","39 58:44.957","","0","75 08:14.888","4","0","0","0","67301","0","0","0","N","0","0","0","3","67301","2","","1.0","","1","N","N","N","0","","0","0","1","","2","","","2","2","2","0","0","0","0","2","1","2","","03","","N","","","","","","","","","",""
"2020065856","1840","0","0","0","0","0","0","0","0","0","7","0","","67","8","2020","3","39.997045","-75.235249","1840","6","0","0","0","0","0","0","0","0","","0","0","0","","","1","","1","","39 59:49.361","","0","75 14:06.895","2","0","0","0","67301","0","0","0","N","0","0","0","1","67301","0","","5.0","","1","N","N","N","0","","0","1","1","","2","","","1","1","0","0","0","0","0","2","0","1","","03","","N","","","","","","","","","",""
"2020113274","2003","1","0","0","0","0","0","0","0","0","4","0","","67","12","2020","2","39.964823","-75.185163","2000","6","0","0","0","0","0","0","0","0","","0","0","0","","","1","N","0","","39 57:53.364","3","0","75 11:06.587","4","0","0","0","67301","0","0","0","N","0","0","0","2","68K01","1","","1.0","2100.0","1","N","N","N","0","","0","0","1","","0","N","","3","1","0","0","0","0","0","2","0","2","","","","N","","","","","","","","","",""
"2020063748","1852","0","0","0","0","0","0","0","0","0","0","0","","67","8","2020","1","39.909889","-75.154639","1852","6","0","0","0","0","0","0","0","0","","0","0","0","","","1","N","0","","39 54:35.600","4","5","75 09:16.700","3","0","0","1","67301","0","0","0","N","0","0","0","1","67501","0","","1.0","1914.0","1","N","N","N","0","","1","0","0","","0","N","","1","1","0","0","0","0","0","2","0","1","","03","","N","","","","","","","","","",""
"2020073055","1920","3","0","0","0","0","0","0","0","0","5","0","","67","9","2020","7","40.046122","-75.185567","1915","6","0","0","0","0","0","0","0","0","","0","0","0","","","0","N","0","","40 02:46.040","","0","75 11:08.040","0","0","0","0","67301","0","0","0","N","0","0","0","1","67301","0","","6.0","","1","N","N","N","0","","0","0","0","","0","","","3","0","0","0","0","0","0","2","0","3","","03","","N","","","","","","","","","",""
"2020112543","0804","0","0","0","0","0","0","0","0","0","5","1","","67","12","2020","4","39.9215","-75.216489","0802","6","0","0","0","0","0","1","0","0","","0","1","0","","","0","N","0","","39 55:17.400","","0","75 12:59.360","0","0","0","0","67301","0","0","0","N","0","0","0","1","67301","0","","6.0","","1","N","N","N","0","","0","0","0","","0","","","2","0","1","0","0","0","0","2","1","2","","03","","N","","","","","","","","","",""
"2020112551","0147","1","0","0","0","0","0","0","0","0","7","0","","67","12","2020","1","40.016059","-75.170427","0145","6","0","0","0","0","0","0","0","0","","0","0","0","","","1","N","0","","40 00:57.813","","0","75 10:13.538","8","0","0","0","67301","0","0","0","Y","0","0","0","1","67301","0","","2.0","","1","N","Y","N","0","","0","0","0","","2","","","1","1","0","0","0","1","0","2","0","1","","03","","N","","","","","","","","","",""
"2020065076","2326","1","0","0","0","0","0","0","0","0","7","0","","67","8","2020","2","39.951","-75.141194","2321","6","0","0","0","0","0","0","0","0","","0","0","0","","","0","","7","","39 57:03.600","1","2","75 08:28.300","0","0","0","0","67301","0","0","0","N","0","0","0","1","68K01","0","","7.0","2343.0","1","N","N","N","0","","0","0","0","","0","N","","1","0","0","0","0","0","0","2","0","1","","","","N","","","","","","","","","",""
"2020063742","0954","1","0","0","0","0","0","0","0","0","4","0","","67","8","2020","1","40.052236","-75.175821","0953","6","0","0","0","0","0","0","0","0","","0","0","0","","","3","","1","","40 03:08.049","7","0","75 10:32.957","3","0","0","0","67301","0","0","0","N","0","0","0","3","67301","0","","1.0","200.0","1","N","N","N","0","","3","0","0","","2","Y","","2","3","0","0","0","0","0","2","1","2","","03","","N","","","","","","","","","",""
"2020085248","1619","1","0","0","0","0","0","0","0","0","1","0","","67","9","2020","2","40.017547","-75.049404","1602","6","0","0","0","0","0","0","0","0","","0","0","0","","","1","N","0","","40 01:03.169","","0","75 02:57.855","3","0","0","0","67301","0","0","0","N","0","0","0","2","68K01","0","","1.0","","1","N","N","N","0","","1","0","1","","0","","","2","1","0","0","0","0","0","2","0","2","","03","","N","","","","","","","","","",""
"2020113927","0927","1","0","0","0","0","0","0","0","0","5","0","","67","12","2020","4","39.96755","-75.176958","0925","6","0","0","0","0","0","0","0","0","","0","0","0","","","0","N","0","","39 58:03.180","","0","75 10:37.050","0","0","0","0","67301","0","0","0","N","0","0","0","1","67301","0","","1.0","","1","N","N","N","0","","0","0","1","","0","","","2","0","0","0","0","0","0","2","0","2","","03","","N","","","","","","","","","",""
"2020113993","1839","2","0","0","0","0","0","0","0","0","5","0","","67","12","2020","2","39.948851","-75.141969","1823","6","0","0","1","0","0","1","0","0","","0","0","0","","","0","N","0","","39 56:55.862","","0","75 08:31.089","0","0","0","0","67301","0","0","0","N","0","0","0","4","68K01","0","","1.0","","9","N","N","N","0","","0","0","1","","0","","","3","0","0","0","0","0","0","2","0","3","","","","N","","","","","","","","","",""
"2020113981","2147","1","0","0","0","0","0","0","0","0","1","0","","67","12","2020","7","39.961221","-75.182403","2123","6","0","0","1","0","0","0","0","0","","0","0","0","","","0","N","7","","39 57:40.397","3","2","75 10:56.651","9","0","0","0","67301","0","0","0","N","0","0","0","2","68K01","0","","1.0","2210.0","1","N","N","N","0","","0","0","1","","0","N","","2","0","0","0","0","0","1","2","0","2","","","","N","","","","","","","","","",""
"2020072395","1533","2","0","0","0","0","0","0","0","0","1","0","","67","9","2020","5","39.94809","-75.221963","1524","6","0","0","0","0","0","1","0","0","","0","0","0","","","1","N","0","","39 56:53.125","","0","75 13:19.066","3","0","0","0","67301","0","0","0","N","0","0","0","4","67301","0","","1.0","","1","N","N","N","0","","1","0","1","","0","","","4","1","2","0","0","0","1","2","1","4","","","","N","","","","","","","","","",""
"2020064557","1246","1","0","0","0","0","0","0","0","0","8","0","","67","8","2020","4","39.979889","-75.162583","1244","6","0","0","0","0","0","0","0","0","","0","0","0","","","1","N","0","","39 58:47.600","1","0","75 09:45.300","8","0","0","0","67301","1","0","0","N","1","0","0","2","67505","0","","1.0","1315.0","9","N","N","N","0","","0","0","0","","0","Y","","2","1","0","0","0","1","0","2","0","1","","","","N","","","","","","","","","",""
"2020063956","1825","1","0","0","0","0","0","0","0","0","8","0","","67","8","2020","1","39.935947","-75.156893","1820","6","0","0","0","0","0","1","0","0","","0","0","0","","","1","","1","","39 56:09.409","","0","75 09:24.814","3","0","0","0","67301","1","0","0","N","1","0","0","2","67301","0","","1.0","","1","N","N","N","0","","1","0","0","","2","","","2","1","0","0","0","0","0","2","0","1","","","","N","","","","","","","","","",""
"2020073047","1230","1","0","0","0","0","0","0","0","0","1","0","","67","9","2020","4","40.028049","-75.11003","1230","6","0","0","0","1","0","0","0","0","","0","0","0","","","4","","1","","40 01:40.977","2","0","75 06:36.108","8","0","0","0","67301","0","0","0","N","0","0","0","4","67301","0","","1.0","1330.0","1","N","N","N","0","","0","0","1","","2","Y","","2","4","0","0","0","4","0","2","0","2","","04","","N","","","","","","","","","",""
"2020064762","1623","1","0","0","0","0","0","0","0","0","4","0","","67","8","2020","1","39.972999","-75.182142","1609","6","0","0","0","0","0","0","1","0","","0","0","0","","","1","","1","","39 58:22.796","","0","75 10:55.711","3","0","0","0","67301","0","0","0","N","0","0","0","3","67301","0","","1.0","","1","N","N","N","0","","1","0","1","","2","","","2","1","0","0","0","0","0","2","0","2","","03","","N","","","","","","","","","",""
"2020071970","2220","0","0","0","0","0","0","0","0","0","4","0","","67","9","2020","4","39.980221","-75.157591","2220","6","0","0","0","0","0","0","0","0","","0","0","0","","","1","","1","","39 58:48.797","1","0","75 09:27.327","3","0","0","1","67301","0","0","0","N","0","0","0","3","67301","0","","1.0","2200.0","9","N","N","N","0","","1","0","1","","2","N","","2","1","0","0","0","0","0","2","0","2","","07","","N","","","","","","","","","",""
"2020065838","1440","0","0","0","0","0","0","0","0","0","8","0","","67","8","2020","5","39.93243","-75.224588","1437","6","0","0","0","0","0","0","0","0","","0","0","0","","","1","","1","","39 55:56.749","1","0","75 13:28.517","4","0","0","0","67301","1","0","0","N","1","0","0","2","67301","1","","1.0","1450.0","9","N","N","N","0","","0","0","0","","2","N","","2","1","0","0","0","0","0","2","0","1","","","","N","","","","","","","","","",""
"2020064763","1024","1","0","0","0","0","0","0","0","0","4","0","","67","8","2020","4","39.987857","-75.155801","1024","6","0","0","0","0","1","1","0","0","","0","0","0","","","1","","1","","39 59:16.284","2","0","75 09:20.883","2","0","1","1","67301","0","0","0","N","0","0","0","2","67301","0","","1.0","1035.0","1","N","N","N","0","","0","1","0","","2","N","","2","1","0","0","0","0","0","2","0","2","","03","","N","","","","","","","","","",""
"2020112550","0411","0","0","0","0","0","0","0","0","0","7","0","","67","12","2020","7","39.965224","-75.133144","0350","6","0","0","0","0","0","0","0","0","","0","0","0","","","0","N","0","","39 57:54.805","","0","75 07:59.317","0","0","0","0","67301","0","0","0","N","0","0","0","1","67301","0","","3.0","","1","N","N","N","0","","0","0","1","","0","","","1","0","0","0","0","0","0","2","0","1","","03","","N","","","","","","","","","",""
"2020071786","0037","4","0","0","0","0","0","0","0","0","5","0","","67","9","2020","3","39.964556","-75.220139","0027","6","0","0","0","0","0","1","0","0","","0","0","0","","","0","N","0","","39 57:52.400","","0","75 13:12.500","0","0","0","0","67301","0","0","0","N","0","0","0","2","67301","0","","6.0","","9","N","N","N","0","","0","0","1","","0","","","5","0","1","0","0","0","0","2","0","5","","","","N","","","","","","","","","",""
"2020113704","1457","2","0","0","0","0","0","0","0","0","1","0","","67","12","2020","2","39.984214","-75.09601","1449","6","0","0","0","0","0","2","0","0","","0","0","0","","","2","N","0","","39 59:03.172","","0","75 05:45.636","3","0","0","0","67301","0","0","0","N","0","0","0","2","68K01","0","","1.0","","1","N","N","N","0","","2","0","0","","0","","","2","2","0","0","0","0","0","2","0","2","","03","","N","","","","","","","","","",""
"2020065277","0527","2","0","0","0","0","0","0","0","0","5","0","","67","8","2020","4","40.006417","-75.137058","0524","6","0","0","0","0","0","0","0","0","","0","0","0","","","0","N","0","","40 00:23.100","1","0","75 08:13.410","0","0","0","0","67301","0","0","0","N","0","0","0","1","67301","0","","6.0","640.0","1","N","N","N","0","","0","0","1","","0","Y","","3","0","0","0","0","0","0","2","0","3","","","","N","","","","","","","","","",""
"2020073386","1827","0","0","0","0","0","0","0","0","0","8","0","","67","9","2020","1","40.013632","-75.158688","1822","6","0","0","0","0","0","0","0","0","","0","0","0","","","1","","2","","40 00:49.075","","0","75 09:31.275","3","0","0","0","67301","1","0","0","N","1","0","0","2","67301","0","","1.0","","1","N","N","N","1","","1","0","0","","2","","","2","1","0","0","0","0","0","2","0","1","","03","","N","","","","","","","","","",""
"2020065776","0730","3","0","0","0","0","0","0","0","0","5","0","","67","8","2020","5","40.018133","-75.139569","0731","6","0","0","0","0","0","0","0","0","","0","0","0","","","0","N","0","","40 01:05.280","","0","75 08:22.450","0","0","0","0","67301","0","0","0","N","0","0","0","1","67301","0","","6.0","","1","N","N","N","0","","0","0","1","","0","","","5","0","0","0","0","0","0","2","1","5","","","","N","","","","","","","","","",""
"2020064893","2046","1","0","0","0","0","0","0","0","0","1","0","","67","8","2020","7","39.958928","-75.170216","2039","6","0","0","0","1","1","0","0","0","","0","0","0","","","0","N","0","","39 57:32.140","4","0","75 10:12.777","0","0","0","0","67301","0","0","0","N","0","0","0","3","68K01","0","","1.0","2200.0","1","N","N","Y","0","","0","0","2","","0","N","","3","0","0","0","0","0","0","2","0","3","","03","","N","","","","","","","","","",""
"2020065273","0340","1","0","0","0","0","0","0","0","0","4","0","","67","8","2020","5","40.03218","-75.084301","0332","6","0","0","0","0","1","1","0","0","","0","0","0","","","2","","1","","40 01:55.847","","0","75 05:03.484","3","0","0","0","67301","0","0","0","N","0","0","0","3","67301","0","","1.0","","1","N","N","N","0","","2","0","0","","2","","","2","2","0","0","0","0","0","2","1","2","","03","","N","","","","","","","","","",""
"2020073062","0449","1","0","0","0","0","0","0","0","0","7","0","","67","9","2020","1","39.967336","-75.245842","0449","6","0","0","0","0","0","0","0","0","","0","0","0","","","1","","1","","39 58:02.410","7","0","75 14:45.030","8","0","0","0","67301","0","0","0","N","0","0","0","1","67301","0","","4.0","620.0","1","N","N","N","0","","0","0","0","","2","Y","","1","1","0","0","0","1","0","2","0","1","","","","N","","","","","","","","","",""
"2020063747","2100","1","0","0","0","0","0","0","0","0","4","0","","67","8","2020","7","39.979023","-75.136408","2052","6","0","0","0","0","0","0","1","0","","0","0","0","","","2","","1","","39 58:44.482","4","0","75 08:11.068","4","0","0","0","67301","0","0","0","N","0","0","0","3","67301","2","","1.0","2200.0","1","N","N","N","0","","0","0","1","","3","N","","2","2","0","0","0","0","0","2","0","2","","03","","N","","","","","","","","","",""
"2020071076","2355","3","0","0","0","0","0","0","0","0","5","0","","67","8","2020","1","40.036878","-75.128494","2353","6","0","0","0","0","0","0","0","0","","0","0","0","","","0","N","0","","40 02:12.760","2","0","75 07:42.580","0","0","0","0","67301","0","0","0","N","0","0","0","1","67301","0","","6.0","106.0","1","N","N","N","0","","0","0","1","","0","Y","","5","0","0","0","0","0","0","2","1","5","","03","","N","","","","","","","","","",""
"2020076742","2115","1","0","0","0","0","0","0","0","0","7","0","","67","8","2020","2","39.918699","-75.148005","2115","6","0","0","0","0","0","0","0","0","","0","0","0","","","0","N","0","","39 55:07.317","2","0","75 08:52.817","0","0","0","0","67301","0","0","0","N","0","0","0","1","68K01","0","","2.0","100.0","1","N","N","N","0","","0","0","0","","0","N","","1","0","0","0","0","0","0","2","0","1","","","","N","","","","","","","","","",""
"2020091093","1450","0","0","0","0","0","0","1","0","0","1","1","","67","9","2020","7","40.007416","-75.136859","1440","6","0","0","0","0","0","0","0","0","","0","0","0","","","2","","1","","40 00:26.697","","0","75 08:12.693","8","0","0","0","67301","0","0","0","N","0","0","0","3","67508","0","","1.0","","1","N","N","Y","0","","0","0","0","","2","","","2","2","0","0","0","2","0","2","1","2","","","","N","","","","","","","","","",""
"2020110840","","1","0","0","0","0","0","0","0","0","4","0","","67","2","2020","1","39.993529","-75.112699","","6","0","0","0","0","0","0","0","0","","0","0","0","","","2","","2","","39 59:36.704","","0","75 06:45.716","8","0","0","0","67301","0","0","0","N","0","0","0","4","00000","0","","1.0","","1","","","N","0","","0","0","1","","3","","","2","2","0","0","0","2","0","2","0","2","","","","N","","","","","","","","","",""
"2020072099","2045","1","0","0","0","0","0","0","0","0","2","0","","67","9","2020","3","40.012631","-75.141806","2040","6","0","0","0","0","0","0","0","0","","0","0","0","","","1","N","0","","40 00:45.470","","0","75 08:30.500","3","0","0","0","67301","0","0","0","N","0","0","0","2","67301","0","","6.0","","1","N","N","N","0","","1","0","2","","0","","","4","1","0","0","0","0","0","2","1","4","","","","N","","","","","","","","","",""
"2021006494","1638","2","0","0","0","0","0","0","0","0","5","0","","67","12","2020","3","39.994069","-75.154432","1637","6","0","0","0","0","1","0","0","0","","0","0","0","","","0","N","0","","39 59:38.647","","0","75 09:15.955","0","0","0","0","67301","0","0","0","N","0","0","0","5","67301","0","","1.0","","1","N","N","N","0","","0","0","1","","0","","","3","0","0","0","0","0","0","2","0","3","","03","","N","","","","","","","","","",""
"2021004027","0914","1","0","0","0","0","0","0","0","0","7","0","","67","12","2020","4","39.995328","-75.218326","0911","6","0","0","0","0","0","0","0","0","","0","0","0","","","1","","3","","39 59:43.180","","0","75 13:05.974","3","0","0","0","67301","0","0","0","N","0","0","0","1","67301","0","","5.0","","1","N","N","N","0","","1","0","0","","2","","","1","1","0","0","0","0","0","2","0","1","","03","","N","","","","","","","","","",""
"2021003959","2305","1","0","0","0","0","0","0","0","0","5","0","","67","12","2020","2","39.962593","-75.139608","2250","6","0","0","0","0","0","1","0","0","","0","0","0","","","0","N","0","","39 57:45.334","2","0","75 08:22.587","0","0","0","0","67301","0","0","0","N","0","0","0","4","68K01","0","","1.0","15.0","1","N","N","N","0","","0","0","1","","0","N","","2","0","0","0","0","0","0","2","0","2","","","","N","","","","","","","","","",""
"2021001910","0320","1","0","0","0","0","0","0","0","0","7","0","","67","12","2020","6","39.939522","-75.143229","0314","6","0","0","1","0","0","0","0","0","","0","0","0","","","1","N","0","","39 56:22.280","","0","75 08:35.623","8","0","0","0","67301","0","0","0","N","0","0","0","1","68K01","0","","4.0","","1","N","N","N","0","","0","0","0","","0","","","1","1","0","0","0","1","0","2","0","1","","03","","N","","","","","","","","","",""
"2021018784","1900","1","0","0","0","0","0","0","0","0","1","0","","67","10","2020","2","","","","6","0","0","0","0","0","0","0","0","","0","0","0","","","1","N","0","","","","0","","8","0","0","0","67301","0","0","0","N","0","0","0","2","00000","0","","1.0","","1","","","N","0","","0","0","0","","0","","","2","1","0","0","0","1","0","1","0","2","","","","N","","","","","","","","","",""
"2021038451","1153","0","0","0","0","0","0","0","0","0","8","0","","67","11","2020","2","39.969456","-75.230391","1150","6","0","0","0","0","0","0","1","0","","0","0","0","","","1","","2","","39 58:10.041","","0","75 13:49.407","4","0","0","0","67301","1","0","0","N","1","0","0","2","67301","1","","1.0","","1","N","N","N","0","","0","0","0","","0","","","2","1","1","0","0","0","0","2","1","1","","03","","N","","","","","","","","","",""
"2021011176","0815","1","0","0","0","0","0","0","0","0","1","0","","67","7","2020","3","39.899058","-75.168325","","6","0","0","0","0","0","0","0","0","","0","0","0","","","1","N","0","","39 53:56.609","","0","75 10:05.970","8","0","0","0","67301","0","0","0","N","0","0","0","3","00000","0","","1.0","","1","","","N","0","","0","0","1","","0","","","3","1","0","0","0","1","0","2","1","3","","","","N","","","","","","","","","",""
"2021013343","2255","0","0","0","0","0","0","0","0","0","1","0","","67","10","2020","7","39.954893","-75.183377","","6","0","0","0","0","0","1","0","0","","0","0","0","","","1","","1","","39 57:17.616","","0","75 11:00.157","8","0","0","0","67301","0","0","0","N","0","0","0","2","00000","0","","1.0","","1","","","N","0","","0","0","2","","2","","","2","1","0","0","0","1","0","2","0","2","","","","N","","","","","","","","","",""
"2020085331","0901","1","0","0","0","0","0","0","0","0","7","0","","67","10","2020","2","40.045772","-75.001923","0851","6","0","0","0","0","0","0","0","0","","0","0","0","","","0","N","0","","40 02:44.778","","0","75 00:06.922","0","0","0","0","67301","0","0","0","Y","0","0","0","1","68K01","0","","2.0","","9","N","N","N","0","","0","0","0","","0","","","1","0","0","0","0","0","0","2","0","1","","07","","N","","","","","","","","","",""
"2020112150","1428","2","0","0","0","0","0","0","0","0","6","0","","67","12","2020","5","40.034763","-75.071053","1422","6","0","0","0","0","0","0","0","0","","0","0","0","","","5","","1","","40 02:05.146","","6","75 04:15.791","3","0","0","0","67301","0","0","0","N","0","0","0","5","67301","0","","1.0","","9","N","N","N","0","","5","0","0","","2","","","2","5","0","0","0","0","0","2","0","2","","07","","N","","","","","","","","","",""
"2021000160","1802","1","0","0","0","0","0","0","0","0","4","0","","67","12","2020","5","40.049694","-74.999096","1800","6","0","0","0","0","0","0","1","0","","0","0","0","","","2","N","0","","40 02:58.899","6","0","74 59:56.745","8","0","0","0","67301","0","0","0","N","0","0","0","4","67301","0","","1.0","1901.0","9","N","N","N","0","","0","0","1","","0","N","","2","2","1","0","0","2","0","2","0","2","","03","","N","","","","","","","","","",""
"2021007102","0159","2","0","0","0","0","0","0","0","0","7","0","","67","12","2020","6","39.983158","-75.207985","0153","6","0","1","0","0","0","0","0","0","","0","0","0","","","2","N","0","","39 58:59.369","4","0","75 12:28.746","8","0","0","0","67301","0","0","0","N","0","0","0","4","68K01","0","","3.0","220.0","9","N","N","N","0","","0","0","0","","0","N","","2","2","2","0","0","2","0","2","0","2","","","","N","","","","","","","","","",""
"2020112400","2137","0","0","0","0","0","0","0","0","0","5","1","","67","12","2020","5","40.019223","-75.160243","2131","6","0","0","0","0","0","0","0","0","","0","1","0","","","0","N","0","","40 01:09.201","","0","75 09:36.875","0","0","0","0","67301","0","0","0","N","0","0","0","2","67301","0","","6.0","","9","N","N","N","0","","0","0","1","","0","","","2","0","0","0","0","0","0","2","0","2","","07","","N","","","","","","","","","",""
"2021001204","2106","2","0","0","0","0","0","0","0","0","1","0","","67","12","2020","1","40.022503","-75.037725","2045","6","0","0","0","0","0","0","0","0","","0","0","0","","","1","N","0","","40 01:21.012","","0","75 02:15.811","8","0","0","0","67301","0","0","0","N","0","0","0","2","68K01","0","","1.0","","1","N","N","N","0","","0","0","0","","0","","","2","1","0","0","0","1","0","2","0","2","","03","","N","","","","","","","","","",""
"2021016753","0630","2","0","0","0","0","0","0","0","0","1","0","","67","11","2020","7","40.044297","-75.054111","","6","0","0","0","0","0","0","0","0","","0","0","0","","","1","","1","","40 02:39.468","","0","75 03:14.798","8","0","0","0","67301","0","0","0","N","0","0","0","2","00000","0","","1.0","","1","","","N","0","","0","0","0","","2","","","2","1","0","0","0","1","0","2","0","2","","","","N","","","","","","","","","",""
"2021016845","1700","1","0","0","0","0","0","0","0","0","1","0","","67","12","2020","3","","","","6","0","0","0","0","0","0","0","0","","0","0","0","","","2","N","0","","","","0","","8","0","0","0","67301","0","0","0","N","0","0","0","3","00000","0","","1.0","","1","","","N","0","","0","0","0","","0","","","2","2","0","0","0","2","0","1","0","2","","","","N","","","","","","","","","",""
"2021002474","0842","0","0","0","0","0","0","0","0","0","7","0","","67","12","2020","6","39.949436","-75.141849","0836","6","0","0","0","0","0","0","0","0","","0","0","0","","","0","N","0","","39 56:57.968","","0","75 08:30.655","0","0","0","0","67301","0","0","0","N","0","0","0","1","68K01","0","","2.0","","9","N","N","N","1","","0","0","0","","0","","","1","0","0","0","0","0","0","2","0","1","","","","N","","","","","","","","","",""
"2021002971","0413","1","0","0","0","0","0","0","0","0","2","0","","67","12","2020","4","39.944139","-75.219278","0409","6","0","0","0","0","0","1","0","0","","0","0","0","","","1","N","0","","39 56:38.900","","0","75 13:09.400","3","0","0","0","67301","0","0","0","N","0","0","0","1","67301","0","","6.0","","1","N","N","N","0","","1","0","2","","0","","","3","1","0","0","0","0","0","2","0","3","","","","N","","","","","","","","","",""
"2021014610","1800","1","0","0","0","0","0","0","0","0","5","0","","67","10","2020","4","39.990527","-75.205023","","6","0","0","0","0","0","0","0","0","","0","0","0","","","1","N","0","","39 59:25.898","","0","75 12:18.084","8","0","0","0","67301","0","0","0","N","0","0","0","2","00000","0","","1.0","","1","","","N","0","","0","0","0","","0","","","2","1","0","0","0","1","0","2","0","2","","","","N","","","","","","","","","",""
"2021002691","1320","1","0","0","0","0","0","0","0","0","1","0","","67","12","2020","4","39.972654","-75.121131","1320","6","0","0","0","0","0","0","0","0","","0","0","0","","","0","N","0","","39 58:21.556","1","0","75 07:16.072","0","0","0","0","67301","0","0","0","N","0","0","0","3","68K01","0","","1.0","1330.0","1","N","N","Y","0","","0","0","1","","8","N","","2","0","0","0","0","0","0","2","0","2","","","","N","","","","","","","","","",""
"2021016361","1530","1","0","0","0","0","0","0","0","0","4","0","","67","9","2020","6","39.998137","-75.138861","","6","0","0","0","0","0","1","0","0","","0","0","0","","","1","","1","","39 59:53.293","","0","75 08:19.899","8","0","0","0","67301","0","0","0","N","0","0","0","2","00000","0","","1.0","","1","","","N","0","","0","0","0","","2","","","2","1","0","0","0","1","0","2","0","2","","","","N","","","","","","","","","",""