"CRN","ARRIVAL_TM","AUTOMOBILE_COUNT","BELTED_DEATH_COUNT","BELTED_SUSP_SERIOUS_INJ_COUNT","BICYCLE_COUNT","BICYCLE_DEATH_COUNT","BICYCLE_SUSP_SERIOUS_INJ_COUNT","BUS_COUNT","CHLDPAS_DEATH_COUNT","CHLDPAS_SUSP_SERIOUS_INJ_COUNT","COLLISION_TYPE","COMM_VEH_COUNT","CONS_ZONE_SPD_LIM","COUNTY","CRASH_MONTH","CRASH_YEAR","DAY_OF_WEEK","DEC_LATITUDE","DEC_LONGITUDE","DISPATCH_TM","DISTRICT","DRIVER_COUNT_16YR","DRIVER_COUNT_17YR","DRIVER_COUNT_18YR","DRIVER_COUNT_19YR","DRIVER_COUNT_20YR","DRIVER_COUNT_50_64YR","DRIVER_COUNT_65_74YR","DRIVER_COUNT_75PLUS","EST_HRS_CLOSED","FATAL_COUNT","HEAVY_TRUCK_COUNT","HORSE_BUGGY_COUNT","HOUR_OF_DAY","ILLUMINATION","INJURY_COUNT","INTERSECTION_RELATED","INTERSECT_TYPE","LANE_CLOSED","LATITUDE","LN_CLOSE_DIR","LOCATION_TYPE","LONGITUDE","MAX_SEVERITY_LEVEL","MCYCLE_DEATH_COUNT","MCYCLE_SUSP_SERIOUS_INJ_COUNT","MOTORCYCLE_COUNT","MUNICIPALITY","NONMOTR_COUNT","NONMOTR_DEATH_COUNT","NONMOTR_SUSP_SERIOUS_INJ_COUNT","NTFY_HIWY_MAINT","PED_COUNT","PED_DEATH_COUNT","PED_SUSP_SERIOUS_INJ_COUNT","PERSON_COUNT","POLICE_AGCY","POSSIBLE_INJ_COUNT","RDWY_SURF_TYPE_CD","RELATION_TO_ROAD","ROADWAY_CLEARED","ROAD_CONDITION","SCH_BUS_IND","SCH_ZONE_IND","SECONDARY_CRASH","SMALL_TRUCK_COUNT","SPEC_JURIS_CD","SUSP_MINOR_INJ_COUNT","SUSP_SERIOUS_INJ_COUNT","SUV_COUNT","TCD_FUNC_CD","TCD_TYPE","TFC_DETOUR_IND","TIME_OF_DAY","TOTAL_UNITS","TOT_INJ_COUNT","UNBELTED_OCC_COUNT","UNB_DEATH_COUNT","UNB_SUSP_SERIOUS_INJ_COUNT","UNK_INJ_DEG_COUNT","UNK_INJ_PER_COUNT","URBAN_RURAL","VAN_COUNT","VEHICLE_COUNT","WEATHER1","WEATHER2","WORKERS_PRES","WORK_ZONE_IND","WORK_ZONE_LOC","WORK_ZONE_TYPE","WZ_CLOSE_DETOUR","WZ_FLAGGER","WZ_LAW_OFFCR_IND","WZ_LN_CLOSURE","WZ_MOVING","WZ_OTHER","WZ_SHLDER_MDN","WZ_WORKERS_INJ_KILLED"
"2021014658","1305","1","0","0","0","0","0","0","0","0","4","0","","67","10","2020","7","40.050528","-75.063","","6","0","0","0","0","0","1","0","0","","0","0","0","","","1","N","0","","40 03:01.900","","7","75 03:46.800","8","0","0","0","67301","0","0","0","N","0","0","0","3","00000","0","","1.0","","1","","","N","0","","0","0","0","","0","","","2","1","0","0","0","1","0","2","0","2","","","","N","","","","","","","","","",""
"2021002257","0809","0","0","0","0","0","0","0","0","0","5","0","","67","12","2020","1","39.996583","-75.148519","0818","6","0","0","0","0","0","0","0","0","","0","0","0","","","0","N","0","","39 59:47.700","","0","75 08:54.670","0","0","0","0","67301","0","0","0","N","0","0","0","1","67301","0","","6.0","","1","N","N","N","0","","0","0","2","","0","","","3","0","0","0","0","0","0","2","1","3","","03","","N","","","","","","","","","",""
"2021006270","1803","1","0","0","0","0","0","0","0","0","7","0","","67","12","2020","6","39.959546","-75.176193","1758","6","0","0","0","0","0","0","0","0","","0","0","0","","","0","N","0","","39 57:34.364","","0","75 10:34.296","0","0","0","0","67301","0","0","0","N","0","0","0","1","68K01","0","","4.0","","1","N","N","N","0","","0","0","0","","0","","","1","0","0","0","0","0","0","2","0","1","","03","","N","","","","","","","","","",""
"2021002473","2347","0","0","0","0","0","0","0","0","0","7","0","45","67","12","2020","5","39.997323","-75.082046","2343","6","0","0","0","0","0","0","0","0","","0","0","0","","","0","N","0","","39 59:50.362","2","0","75 04:55.365","0","0","0","0","67301","0","0","0","N","0","0","0","1","68K01","0","","3.0","40.0","9","N","N","N","0","","0","0","1","","0","N","","1","0","0","0","0","0","0","2","0","1","","07","N","Y","4","1","","","N","","","","Y","N"
"2021007095","1533","1","0","0","0","0","0","0","0","0","5","0","45","67","12","2020","4","39.898869","-75.178962","1519","6","0","0","0","0","0","0","0","0","","0","0","0","","","0","N","0","","39 53:55.928","1","0","75 10:44.264","0","0","0","0","67301","0","0","0","N","0","0","0","2","68K01","0","","1.0","1610.0","1","N","N","N","0","","0","0","1","","0","N","","3","0","0","0","0","0","0","2","0","2","","","N","Y","4","1","","","N","Y","","","","N"
"2020066775","1807","1","0","0","0","0","0","0","0","0","4","0","","67","8","2020","5","40.02744","-75.062499","1801","6","0","0","0","0","1","0","0","0","","0","0","0","","","3","","1","","40 01:38.783","","0","75 03:44.998","3","0","0","0","67301","0","0","0","N","0","0","0","4","67301","0","","1.0","","9","N","N","N","0","","3","0","1","","2","","","2","3","0","0","0","0","0","2","0","2","","07","","N","","","","","","","","","",""
"2020064539","0900","2","0","0","0","0","0","0","0","0","4","1","","67","8","2020","3","40.013694","-75.1775","0855","6","0","0","0","0","0","0","0","0","","0","1","0","","","1","N","0","","40 00:49.300","","7","75 10:39.000","3","0","0","0","67301","0","0","0","N","0","0","0","3","67301","0","","1.0","","1","N","N","N","0","","1","0","1","","0","","","4","1","0","0","0","0","0","2","0","4","","03","","N","","","","","","","","","",""
"2021026205","1021","2","0","0","0","0","0","0","0","0","4","0","","67","12","2020","5","39.999745","-75.138532","1021","6","0","0","0","0","0","0","0","0","","0","0","0","","","0","","1","","39 59:59.082","","0","75 08:18.715","9","0","0","0","67301","0","0","0","N","0","0","0","2","67301","0","","1.0","","1","N","N","N","0","","0","0","0","","2","","","2","0","1","0","0","0","2","2","0","2","","","","N","","","","","","","","","",""
"2021001915","0119","1","0","0","0","0","0","0","0","0","7","0","","67","12","2020","1","39.98157","-75.10225","0111","6","0","0","0","0","0","0","0","0","","0","0","0","","","1","N","6","","39 58:53.653","","2","75 06:08.101","8","0","0","0","67301","0","0","0","N","0","0","0","1","68K01","0","","3.0","","1","N","N","N","0","","0","0","0","","0","","","1","1","0","0","0","1","0","2","0","1","","03","","N","","","","","","","","","",""
"2021018483","1554","2","0","0","0","0","0","0","0","0","1","0","","67","12","2020","3","40.019675","-75.148342","","6","0","0","0","0","0","1","0","0","","0","0","0","","","2","N","0","","40 01:10.830","","0","75 08:54.030","8","0","0","0","67301","0","0","0","N","0","0","0","3","00000","0","","1.0","","1","","","N","0","","0","0","0","","0","","","2","2","0","0","0","2","0","2","0","2","","","","N","","","","","","","","","",""
"2021016848","1850","1","0","0","0","0","0","0","0","0","4","0","","67","12","2020","3","39.968087","-75.206264","","6","0","0","0","0","0","2","0","0","","0","0","0","","","0","","2","","39 58:05.113","","0","75 12:22.550","0","0","0","0","67301","0","0","0","N","0","0","0","2","00000","0","","1.0","","1","","","N","1","","0","0","0","","3","","","3","0","0","0","0","0","0","2","0","3","","","","N","","","","","","","","","",""
"2020112939","9999","0","0","0","0","0","0","0","0","0","4","0","","67","1","2020","3","39.993927","-75.197424","9999","6","0","0","0","0","0","1","0","0","","0","0","0","","","1","N","3","","39 59:38.137","","0","75 11:50.726","8","0","0","0","67301","0","0","0","N","0","0","0","2","00000","0","","1.0","","1","","","N","0","","0","0","1","","0","","","2","1","0","0","0","1","0","2","1","2","","","","N","","","","","","","","","",""
"2021005952","0447","5","0","0","0","0","0","0","0","0","1","0","","67","9","2020","4","40.001258","-75.137775","0442","6","0","0","0","0","0","0","0","0","","0","0","0","","","1","N","0","","40 00:04.530","4","0","75 08:15.990","4","0","0","0","67301","0","0","0","N","0","0","0","2","67301","1","","1.0","634.0","9","N","N","N","0","","0","0","2","","0","Y","","7","1","1","0","0","0","0","2","0","7","","07","","N","","","","","","","","","",""
"2021005425","2050","0","0","0","0","0","0","0","0","0","7","0","","67","12","2020","7","40.003521","-75.077669","2025","6","0","0","0","0","0","0","0","0","","0","0","0","","","0","N","3","","40 00:12.674","","2","75 04:39.610","9","0","0","0","67301","0","0","0","N","0","0","0","1","68K01","0","","4.0","","1","N","N","N","1","","0","0","0","","0","","","1","0","0","0","0","0","1","2","0","1","","","","N","","","","","","","","","",""
"2021000088","1807","2","0","0","0","0","0","0","0","0","1","0","","67","12","2020","5","40.027194","-75.151242","1748","6","0","0","0","0","0","0","0","0","","0","0","0","","","2","","1","","40 01:37.898","","0","75 09:04.471","8","0","0","0","67301","0","0","0","N","0","0","0","3","67301","0","","1.0","","9","N","N","N","0","","0","0","0","","2","","","2","2","0","0","0","2","0","2","0","2","","03","","N","","","","","","","","","",""
"2021018419","1255","2","0","0","0","0","0","0","0","0","4","0","","67","11","2020","7","40.075262","-75.192963","","6","0","0","0","1","0","0","0","1","","0","0","0","","","4","N","0","","40 04:30.944","","0","75 11:34.666","8","0","0","0","67301","0","0","0","N","0","0","0","5","00000","0","","1.0","","1","","","N","0","","0","0","0","","0","","","2","4","0","0","0","4","0","2","0","2","","","","N","","","","","","","","","",""
"2021016763","1515","0","0","0","0","0","0","0","0","0","1","0","","67","9","2020","2","40.019485","-75.145138","","6","0","0","0","0","0","0","0","0","","0","0","0","","","4","N","0","","40 01:10.146","","0","75 08:42.495","8","0","0","0","67301","0","0","0","N","0","0","0","5","00000","0","","1.0","","1","","","N","0","","0","0","1","","0","","","2","4","0","0","0","4","0","2","0","2","","","","N","","","","","","","","","",""
"2021014564","1900","1","0","0","0","0","0","0","0","0","1","0","","67","9","2020","5","","","","6","0","0","0","0","0","0","0","0","","0","0","0","","","0","N","0","","","","0","","0","0","0","1","67301","0","0","0","N","0","0","0","2","00000","0","","1.0","","1","","","N","0","","0","0","0","","0","","","2","0","0","0","0","0","0","1","0","2","","","","N","","","","","","","","","",""
"2020070607","0348","2","0","0","0","0","0","0","0","0","1","0","","67","8","2020","1","40.001139","-75.124556","0345","6","0","0","0","0","0","0","0","0","","0","0","0","","","1","N","0","","40 00:04.100","","0","75 07:28.400","4","0","0","0","67301","0","0","0","N","0","0","0","1","67301","1","","6.0","","1","N","N","N","0","","0","0","2","","0","","","4","1","0","0","0","0","0","2","0","4","","03","","N","","","","","","","","","",""
"2020064532","0900","1","0","0","0","0","0","0","0","0","1","0","","67","8","2020","3","39.993309","-75.186024","0855","6","0","0","0","0","0","0","1","0","","0","0","0","","","1","","1","","39 59:35.912","","0","75 11:09.686","4","0","0","0","67301","0","0","0","N","0","0","0","3","67301","1","","1.0","","1","N","N","N","0","","0","0","1","","2","","","2","1","1","0","0","0","0","2","0","2","","03","","N","","","","","","","","","",""
"2021000922","2350","2","0","0","0","0","0","0","0","0","4","0","","67","12","2020","2","39.996722","-75.154278","2345","6","0","0","0","0","0","0","0","1","","0","0","0","","","1","N","0","","39 59:48.200","","0","75 09:15.400","8","0","0","0","67301","0","0","0","N","0","0","0","1","67508","0","","5.0","","1","N","N","Y","1","","0","0","0","","0","","","3","1","0","0","0","1","0","2","0","3","","03","","N","","","","","","","","","",""
"2021001179","0357","0","0","0","0","0","0","0","0","0","7","0","","67","12","2020","6","40.043034","-75.003344","0357","6","0","0","0","0","0","1","0","0","","0","0","0","","","0","N","0","","40 02:34.921","","0","75 00:12.038","0","0","0","0","67301","0","0","0","N","0","0","0","1","68K01","0","","4.0","","9","N","N","N","1","","0","0","0","","0","","","1","0","0","0","0","0","0","2","0","1","","","","N","","","","","","","","","",""
"2021001183","0633","0","0","0","0","0","0","0","0","0","7","0","","67","12","2020","6","40.020519","-75.042734","0616","6","0","0","0","0","0","1","0","0","","0","0","0","","","0","N","0","","40 01:13.868","1","0","75 02:33.841","0","0","0","0","67301","0","0","0","N","0","0","0","1","68K01","0","","3.0","700.0","9","N","N","N","0","","0","0","1","","0","N","","1","0","0","0","0","0","0","2","0","1","","","","N","","","","","","","","","",""
"2021018881","1145","0","0","0","0","0","0","0","0","0","7","0","","67","12","2020","6","39.95768","-75.162367","","6","0","0","0","0","0","1","0","0","","0","0","0","","","0","","5","","39 57:27.649","","2","75 09:44.521","0","0","0","0","67301","0","0","0","N","0","0","0","1","00000","0","","4.0","","1","","","N","0","","0","0","1","","2","","","2","0","0","0","0","0","0","2","0","1","","","","N","","","","","","","","","",""
"2021016850","0045","1","0","0","0","0","0","0","0","0","2","0","","67","12","2020","5","39.935318","-75.234993","","6","0","0","0","0","0","0","0","0","","0","0","0","","","2","N","0","","39 56:07.143","","0","75 14:05.976","8","0","0","0","67301","0","0","0","N","0","0","0","3","00000","0","","1.0","","1","","","N","0","","0","0","0","","0","","","2","2","0","0","0","2","0","2","0","2","","","","N","","","","","","","","","",""
"2021016386","1230","1","0","0","0","0","0","0","0","0","1","0","","67","8","2020","4","40.032905","-75.04869","","6","0","0","0","0","0","0","1","0","","0","0","0","","","1","","1","","40 01:58.459","","0","75 02:55.285","8","0","0","0","67301","0","0","0","N","0","0","0","2","00000","0","","1.0","","1","","","N","0","","0","0","1","","2","","","2","1","0","0","0","1","0","2","0","2","","","","N","","","","","","","","","",""
"2021002967","2038","2","0","0","0","0","0","0","0","0","4","0","","67","12","2020","4","40.03408","-75.208414","2034","6","0","0","0","0","0","0","0","0","","0","0","0","","","1","","2","","40 02:02.689","2","0","75 12:30.292","3","0","0","0","67301","0","0","0","N","0","0","0","2","67301","0","","1.0","2137.0","1","N","N","N","0","","1","0","0","","2","N","","2","1","0","0","0","0","0","2","0","2","","03","","N","","","","","","","","","",""
"2021016346","0933","2","0","0","0","0","0","0","0","0","4","0","","67","10","2020","7","39.958023","-75.148822","","6","0","0","0","0","0","0","0","0","","0","0","0","","","0","","1","","39 57:28.881","","0","75 08:55.758","0","0","0","0","67301","0","0","0","N","0","0","0","2","00000","0","","1.0","","1","","","N","0","","0","0","0","","2","","","2","0","0","0","0","0","0","2","0","2","","","","N","","","","","","","","","",""
"2021016347","1240","2","0","0","0","0","0","0","0","0","4","0","","67","10","2020","7","39.966238","-75.137009","","6","0","0","0","0","0","0","0","0","","0","0","0","","","0","","1","","39 57:58.456","","0","75 08:13.232","0","0","0","0","67301","0","0","0","N","0","0","0","2","00000","0","","1.0","","1","","","N","0","","0","0","0","","3","","","2","0","0","0","0","0","0","2","0","2","","","","N","","","","","","","","","",""
"2021007106","0149","0","0","0","0","0","0","0","0","0","7","0","","67","12","2020","7","40.029562","-75.022151","0144","6","0","0","0","0","0","0","0","0","","0","0","0","","","0","N","0","","40 01:46.423","","0","75 01:19.743","0","0","0","0","67301","0","0","0","N","0","0","0","1","68K01","0","","4.0","","1","N","N","N","0","","0","0","1","","0","","","1","0","0","0","0","0","0","2","0","1","","","","N","","","","","","","","","",""
"2021003557","0349","1","0","0","0","0","0","0","0","0","5","0","","67","12","2020","1","39.96039","-75.181126","0343","6","0","0","1","0","0","0","0","0","","0","0","0","","","0","N","0","","39 57:37.404","4","0","75 10:52.053","0","0","0","0","67301","0","0","0","N","0","0","0","1","68K01","0","","4.0","415.0","1","N","N","N","0","","0","0","0","","0","Y","","1","0","0","0","0","0","0","2","0","1","","03","","N","","","","","","","","","",""
"2021016708","1430","1","0","0","0","0","0","0","0","0","4","0","","67","10","2020","2","40.054847","-75.168958","","6","0","0","0","0","0","1","0","0","","0","0","0","","","1","","1","","40 03:17.448","","0","75 10:08.247","8","0","0","0","67301","0","0","0","N","0","0","0","2","00000","0","","1.0","","1","","","N","0","","0","0","1","","2","","","2","1","0","0","0","1","0","2","0","2","","","","N","","","","","","","","","",""
"2020097133","1005","0","0","0","0","0","0","0","0","0","7","0","","67","11","2020","5","40.066626","-75.19638","1003","6","0","0","0","0","0","0","0","0","","0","0","0","","","1","","2","","40 03:59.852","","0","75 11:46.967","3","0","0","0","67301","0","0","0","N","0","0","0","1","67301","0","","5.0","","9","N","N","N","0","","1","0","1","","0","","","1","1","0","0","0","0","0","2","0","1","","07","","N","","","","","","","","","",""
"2021001184","0916","1","0","0","0","0","0","0","0","0","7","0","","67","12","2020","6","39.935864","-75.199666","0856","6","0","0","0","0","0","0","0","0","","0","0","0","","","1","N","0","","39 56:09.112","4","0","75 11:58.797","8","0","0","0","67301","0","0","0","N","0","0","0","1","68K01","0","","4.0","30.0","9","N","N","N","0","","0","0","0","","0","Y","","1","1","1","0","0","1","0","2","0","1","","07","","N","","","","","","","","","",""
"2021002255","1030","1","0","0","0","0","0","0","0","0","4","0","","67","12","2020","3","40.005215","-75.092723","1006","6","0","0","0","0","0","0","0","0","","0","0","0","","","2","","2","","40 00:18.774","","0","75 05:33.803","8","0","0","0","67301","0","0","0","N","0","0","0","2","67301","0","","1.0","","1","N","N","N","0","","0","0","1","","3","","","2","2","0","0","0","2","0","2","0","2","","","","N","","","","","","","","","",""
"2021001064","0311","2","0","0","0","0","0","0","0","0","5","0","","67","12","2020","5","39.967247","-75.216781","0310","6","0","0","0","0","0","0","0","0","","0","0","0","","","1","N","0","","39 58:02.090","1","0","75 13:00.410","3","0","0","0","67301","0","0","0","N","0","0","0","1","67301","0","","1.0","310.0","1","N","N","N","0","","1","0","0","","0","N","","2","1","0","0","0","0","0","2","0","2","","03","","N","","","","","","","","","",""
"2020048594","1455","2","0","0","0","0","0","0","0","0","2","0","","67","6","2020","1","40.056215","-75.149475","1450","6","0","0","0","0","0","1","0","0","","0","0","0","","","1","","1","","40 03:22.373","","0","75 08:58.110","8","0","0","0","67301","0","0","0","N","0","0","0","1","67301","0","","2.0","","1","N","N","N","0","","0","0","0","","2","","","2","1","0","0","0","1","0","2","0","2","","03","","N","","","","","","","","","",""
"2021003954","0401","1","0","0","0","0","0","0","0","0","7","0","","67","12","2020","7","40.04389","-75.002889","0401","6","0","0","0","0","0","0","0","0","","0","0","0","","","0","N","0","","40 02:38.005","","0","75 00:10.400","0","0","0","0","67301","0","0","0","N","0","0","0","2","68K01","0","","4.0","","2","N","N","N","0","","0","0","0","","0","","","1","0","0","0","0","0","0","2","0","1","","","","N","","","","","","","","","",""
"2021018883","1700","1","0","0","0","0","0","0","0","0","1","0","","67","12","2020","7","39.928889","-75.229639","","6","0","0","0","0","0","0","0","0","","0","0","0","","","1","Y","0","","39 55:44.000","","0","75 13:46.700","8","0","0","0","67301","0","0","0","N","0","0","0","2","00000","0","","1.0","","1","","","N","0","","0","0","0","","2","","","2","1","0","0","0","1","0","2","0","2","","","","N","","","","","","","","","",""
"2021001192","1939","1","0","0","0","0","0","0","0","0","7","0","","67","12","2020","6","39.956747","-75.142441","1922","6","0","0","1","0","0","0","0","0","","0","0","0","","","0","N","0","","39 57:24.289","4","2","75 08:32.789","0","0","0","0","67301","0","0","0","N","0","0","0","1","68K01","0","","4.0","45.0","1","N","N","N","0","","0","0","0","","0","N","","1","0","0","0","0","0","0","2","0","1","","","","N","","","","","","","","","",""
"2021006492","2009","2","0","0","0","0","0","0","0","0","4","0","","67","11","2020","5","40.012605","-75.140755","2007","6","0","0","0","0","0","0","0","0","","0","0","0","","","1","","1","","40 00:45.378","","0","75 08:26.717","4","0","0","0","67301","0","0","0","N","0","0","0","4","67301","1","","1.0","","9","N","N","N","0","","0","0","2","","3","","","4","1","3","0","0","0","0","2","0","4","","04","","N","","","","","","","","","",""
"2021003672","2040","3","0","0","0","0","0","0","0","0","1","0","","67","12","2020","4","40.00475","-75.1425","2039","6","0","0","0","0","0","0","0","0","","0","0","0","","","1","N","0","","40 00:17.100","","0","75 08:33.000","3","0","0","0","67301","0","0","0","N","0","0","0","4","67301","0","","1.0","","1","N","N","N","0","","1","0","0","","0","","","3","1","0","0","0","0","0","2","0","3","","03","","N","","","","","","","","","",""
"2021016706","0730","1","0","0","0","0","0","0","0","0","4","0","","67","11","2020","2","40.027605","-75.165415","","6","0","0","0","0","0","0","0","0","","0","0","0","","","1","","1","","40 01:39.377","","0","75 09:55.494","8","0","0","0","67301","0","0","0","N","0","0","0","2","00000","0","","1.0","","1","","","N","0","","0","0","1","","2","","","2","1","0","0","0","1","0","2","0","2","","","","N","","","","","","","","","",""
"2021014616","1238","1","0","0","0","0","0","0","0","0","1","0","","67","9","2020","2","39.932245","-75.216408","","6","0","0","0","0","0","1","0","0","","0","0","0","","","1","N","0","","39 55:56.081","","0","75 12:59.070","8","0","0","0","67301","0","0","0","N","0","0","0","2","00000","0","","1.0","","1","","","N","0","","0","0","0","","0","","","2","1","0","0","0","1","0","2","1","2","","","","N","","","","","","","","","",""
"2021013320","0000","1","0","0","0","0","0","0","0","0","7","0","","67","10","2020","2","40.052903","-75.12157","","6","0","0","0","0","0","0","0","0","","0","0","0","","","0","N","0","","40 03:10.449","","0","75 07:17.653","0","0","0","0","67301","0","0","0","N","0","0","0","1","00000","0","","1.0","","1","","","N","0","","0","0","0","","0","","","1","0","0","0","0","0","0","2","0","1","","","","N","","","","","","","","","",""
"2021014551","1920","1","0","0","0","0","0","0","0","0","4","0","","67","10","2020","2","39.977546","-75.226592","","6","0","0","0","0","0","0","0","0","","0","0","0","","","2","N","0","","39 58:39.164","","7","75 13:35.731","8","0","0","0","67301","0","0","0","N","0","0","0","3","00000","0","","1.0","","1","","","N","0","","0","0","0","","0","","","2","2","0","0","0","2","0","2","0","2","","","","N","","","","","","","","","",""
"2021006491","1702","3","0","0","0","0","0","0","0","0","4","0","","67","11","2020","3","39.997642","-75.146786","1701","6","0","0","0","0","0","0","1","0","","0","0","0","","","3","","1","","39 59:51.511","7","0","75 08:48.429","3","0","0","0","67301","0","0","0","N","0","0","0","4","67301","1","","1.0","1730.0","1","N","N","N","0","","2","0","0","","3","N","","3","3","0","0","0","0","0","2","0","3","","03","","N","","","","","","","","","",""
"2021001146","0327","0","0","0","0","0","0","0","0","0","7","0","","67","12","2020","7","39.918208","-75.147921","0316","6","0","0","0","1","0","0","0","0","","0","0","0","","","0","N","0","","39 55:05.547","","0","75 08:52.514","0","0","0","0","67301","0","0","0","N","0","0","0","2","68K01","0","","4.0","","1","N","N","N","0","","0","0","1","","0","","","1","0","0","0","0","0","0","2","0","1","","03","","N","","","","","","","","","",""
"2021002970","0215","2","0","0","0","0","0","0","0","0","5","0","","67","12","2020","4","39.944446","-75.230802","0210","6","0","0","0","0","0","0","0","0","","0","0","0","","","0","N","0","","39 56:40.006","","0","75 13:50.888","0","0","0","0","67301","0","0","0","N","0","0","0","1","67301","0","","6.0","","1","N","N","N","0","","0","0","1","","0","","","4","0","1","0","0","0","0","2","1","4","","03","","N","","","","","","","","","",""
"2021018479","2000","0","0","0","0","0","0","0","0","0","5","0","","67","11","2020","5","","","","6","0","0","0","0","0","0","0","0","","0","0","0","","","2","N","0","","","","1","","8","0","0","0","67301","0","0","0","N","0","0","0","3","00000","0","","1.0","","1","","","N","0","","0","0","1","","0","","","2","2","0","0","0","2","0","1","0","2","","","","N","","","","","","","","","",""
"2021018789","0800","1","0","0","0","0","0","0","0","0","1","0","","67","11","2020","5","40.027112","-75.159256","","6","0","0","0","0","0","0","0","0","","0","0","0","","","2","N","0","","40 01:37.603","","0","75 09:33.321","8","0","0","0","67301","0","0","0","N","0","0","0","3","00000","0","","1.0","","1","","","N","0","","0","0","1","","0","","","2","2","0","0","0","2","0","2","0","2","","","","N","","","","","","","","","",""
"2021013436","1345","2","0","0","0","0","0","0","0","0","1","0","","67","10","2020","4","40.002647","-75.223323","","6","0","0","0","0","0","1","1","0","","0","0","0","","","1","N","0","","40 00:09.530","","0","75 13:23.964","8","0","0","0","67301","0","0","0","N","0","0","0","2","00000","0","","1.0","","1","","","N","0","","0","0","0","","0","","","2","1","0","0","0","1","0","2","0","2","","","","N","","","","","","","","","",""
"2021006502","1550","0","0","0","0","0","0","0","0","0","8","0","","67","12","2020","4","40.020481","-75.127144","1547","6","0","0","0","0","0","0","0","0","","0","0","0","","","1","N","0","","40 01:13.730","","0","75 07:37.720","3","0","0","0","67301","1","0","0","N","1","0","0","2","67301","0","","1.0","","1","N","N","N","0","","1","0","1","","0","","","2","1","0","0","0","0","0","2","0","1","","03","","N","","","","","","","","","",""
"2021006496","0955","1","0","0","0","0","0","0","0","0","1","0","","67","12","2020","4","40.021356","-75.140167","0944","6","0","0","0","0","0","0","0","0","","0","0","0","","","1","N","0","","40 01:16.881","","0","75 08:24.600","3","0","0","0","67301","0","0","0","N","0","0","0","4","67301","0","","1.0","","1","N","N","N","2","","1","0","1","","0","","","4","1","0","0","0","0","3","2","0","4","","03","","N","","","","","","","","","",""
"2021009545","1830","1","0","0","0","0","0","0","0","0","4","0","","67","12","2020","4","40.000473","-75.119614","1800","6","0","0","0","0","0","0","0","0","","0","0","0","","","0","","1","","40 00:01.702","","0","75 07:10.610","9","0","0","0","67301","0","0","0","N","0","0","0","3","67301","0","","1.0","","1","N","N","N","0","","0","0","0","","3","","","2","0","0","0","0","0","3","2","0","2","","98","","N","","","","","","","","","",""
"2021016741","0500","2","0","0","0","0","0","0","0","0","1","0","","67","10","2020","5","39.911889","-75.160611","","6","0","0","0","0","0","0","0","0","","0","0","0","","","1","","2","","39 54:42.800","","2","75 09:38.200","8","0","0","0","67301","0","0","0","N","0","0","0","2","00000","0","","1.0","","1","","","N","0","","0","0","0","","2","","","2","1","0","0","0","1","0","2","0","2","","","","N","","","","","","","","","",""
"2021016736","1830","1","0","0","0","0","0","0","0","0","7","0","","67","10","2020","3","39.969886","-75.239202","","6","0","0","0","0","0","0","1","0","","0","0","0","","","1","","5","","39 58:11.589","","0","75 14:21.126","8","0","0","0","67301","0","0","0","N","0","0","0","3","00000","0","","4.0","","1","","","N","0","","0","0","0","","2","","","2","1","0","0","0","1","0","2","0","2","","","","N","","","","","","","","","",""
"2021001186","0918","1","0","0","0","0","0","0","0","0","7","0","","67","12","2020","6","40.035933","-75.016145","0902","6","0","0","0","0","0","0","0","0","","0","0","0","","","1","N","0","","40 02:09.359","","0","75 00:58.123","4","0","0","0","67301","0","0","0","N","0","0","0","1","68K01","1","","2.0","","9","N","N","N","0","","0","0","0","","0","","","1","1","1","0","0","0","0","2","0","1","","","","N","","","","","","","","","",""
"2021000321","1934","0","0","0","0","0","0","0","0","0","4","0","","67","12","2020","4","40.101753","-75.027616","1934","6","0","0","0","0","0","2","0","0","","0","0","0","","","1","","1","","40 06:06.310","","0","75 01:39.417","3","0","0","0","67301","0","0","0","N","0","0","0","2","67301","0","","1.0","","1","N","N","N","0","","1","0","2","","2","","","2","1","0","0","0","0","0","2","0","2","","","","N","","","","","","","","","",""
"2020065850","1640","0","0","0","0","0","0","0","0","0","4","0","","67","8","2020","2","39.974598","-75.199484","1635","6","0","0","0","0","0","2","0","0","","0","0","0","","","1","","1","","39 58:28.552","","2","75 11:58.141","4","0","0","1","67301","0","0","0","N","0","0","0","3","67301","1","","1.0","","1","N","N","N","0","","0","0","0","","2","","","2","1","0","0","0","0","0","2","1","2","","03","","N","","","","","","","","","",""
"2021018410","1755","1","0","0","0","0","0","0","0","0","1","0","","67","2","2020","2","39.965887","-75.136719","","6","0","0","0","0","0","0","0","0","","0","0","0","","","1","N","0","","39 57:57.193","","0","75 08:12.187","8","0","0","0","67301","0","0","0","N","0","0","0","2","00000","0","","1.0","","1","","","N","0","","0","0","0","","0","","","2","1","0","0","0","1","0","2","0","2","","","","N","","","","","","","","","",""