"CRN","ARRIVAL_TM","AUTOMOBILE_COUNT","BELTED_DEATH_COUNT","BELTED_SUSP_SERIOUS_INJ_COUNT","BICYCLE_COUNT","BICYCLE_DEATH_COUNT","BICYCLE_SUSP_SERIOUS_INJ_COUNT","BUS_COUNT","CHLDPAS_DEATH_COUNT","CHLDPAS_SUSP_SERIOUS_INJ_COUNT","COLLISION_TYPE","COMM_VEH_COUNT","CONS_ZONE_SPD_LIM","COUNTY","CRASH_MONTH","CRASH_YEAR","DAY_OF_WEEK","DEC_LATITUDE","DEC_LONGITUDE","DISPATCH_TM","DISTRICT","DRIVER_COUNT_16YR","DRIVER_COUNT_17YR","DRIVER_COUNT_18YR","DRIVER_COUNT_19YR","DRIVER_COUNT_20YR","DRIVER_COUNT_50_64YR","DRIVER_COUNT_65_74YR","DRIVER_COUNT_75PLUS","EST_HRS_CLOSED","FATAL_COUNT","HEAVY_TRUCK_COUNT","HORSE_BUGGY_COUNT","HOUR_OF_DAY","ILLUMINATION","INJURY_COUNT","INTERSECTION_RELATED","INTERSECT_TYPE","LANE_CLOSED","LATITUDE","LN_CLOSE_DIR","LOCATION_TYPE","LONGITUDE","MAX_SEVERITY_LEVEL","MCYCLE_DEATH_COUNT","MCYCLE_SUSP_SERIOUS_INJ_COUNT","MOTORCYCLE_COUNT","MUNICIPALITY","NONMOTR_COUNT","NONMOTR_DEATH_COUNT","NONMOTR_SUSP_SERIOUS_INJ_COUNT","NTFY_HIWY_MAINT","PED_COUNT","PED_DEATH_COUNT","PED_SUSP_SERIOUS_INJ_COUNT","PERSON_COUNT","POLICE_AGCY","POSSIBLE_INJ_COUNT","RDWY_SURF_TYPE_CD","RELATION_TO_ROAD","ROADWAY_CLEARED","ROAD_CONDITION","SCH_BUS_IND","SCH_ZONE_IND","SECONDARY_CRASH","SMALL_TRUCK_COUNT","SPEC_JURIS_CD","SUSP_MINOR_INJ_COUNT","SUSP_SERIOUS_INJ_COUNT","SUV_COUNT","TCD_FUNC_CD","TCD_TYPE","TFC_DETOUR_IND","TIME_OF_DAY","TOTAL_UNITS","TOT_INJ_COUNT","UNBELTED_OCC_COUNT","UNB_DEATH_COUNT","UNB_SUSP_SERIOUS_INJ_COUNT","UNK_INJ_DEG_COUNT","UNK_INJ_PER_COUNT","URBAN_RURAL","VAN_COUNT","VEHICLE_COUNT","WEATHER1","WEATHER2","WORKERS_PRES","WORK_ZONE_IND","WORK_ZONE_LOC","WORK_ZONE_TYPE","WZ_CLOSE_DETOUR","WZ_FLAGGER","WZ_LAW_OFFCR_IND","WZ_LN_CLOSURE","WZ_MOVING","WZ_OTHER","WZ_SHLDER_MDN","WZ_WORKERS_INJ_KILLED"
"2021014601","2230","2","0","0","0","0","0","0","0","0","5","0","","67","10","2020","4","39.962056","-75.216278","","6","0","0","0","0","0","1","0","0","","0","0","0","","","1","N","0","","39 57:43.400","","0","75 12:58.600","8","0","0","0","67301","0","0","0","N","0","0","0","2","00000","0","","1.0","","1","","","N","0","","0","0","0","","0","","","2","1","0","0","0","1","0","2","0","2","","","","N","","","","","","","","","",""
"2020063037","1854","0","0","0","0","0","0","0","0","0","4","0","","67","8","2020","5","39.98171","-75.145237","1853","6","0","0","0","0","0","0","0","0","","0","0","0","","","2","","1","","39 58:54.156","","0","75 08:42.853","3","0","0","0","67301","0","0","0","N","0","0","0","3","67301","0","","1.0","","1","N","N","N","0","","2","0","1","","3","","","2","2","0","0","0","0","0","2","1","2","","03","","N","","","","","","","","","",""
"2021016441","1430","2","0","0","0","0","0","0","0","0","4","0","","67","10","2020","6","39.995201","-75.172557","","6","0","0","0","0","0","0","0","0","","0","0","0","","","1","","1","","39 59:42.723","","0","75 10:21.205","8","0","0","0","67301","0","0","0","N","0","0","0","2","00000","0","","1.0","","1","","","N","0","","0","0","0","","3","","","2","1","0","0","0","1","0","2","0","2","","","","N","","","","","","","","","",""
"2021016374","1445","1","0","0","0","0","0","0","0","0","4","0","","67","9","2020","3","39.972445","-75.162583","","6","0","0","0","1","0","0","0","0","","0","0","0","","","1","","1","","39 58:20.801","","0","75 09:45.298","8","0","0","0","67301","0","0","0","N","0","0","0","2","00000","0","","1.0","","1","","","N","0","","0","0","1","","3","","","2","1","0","0","0","1","0","2","0","2","","","","N","","","","","","","","","",""
"2021018360","1112","1","0","0","0","0","0","0","0","0","1","0","","67","9","2020","2","40.043862","-75.126977","","6","0","0","0","0","0","0","0","0","","0","0","0","","","5","","1","","40 02:37.903","","0","75 07:37.117","8","0","0","0","67301","0","0","0","N","0","0","0","6","00000","0","","1.0","","1","","","N","0","","0","0","0","","3","","","2","5","0","0","0","5","0","2","0","2","","","","N","","","","","","","","","",""
"2020064134","0355","0","0","0","1","0","0","0","0","0","8","0","","67","8","2020","2","39.939056","-75.193528","0350","6","0","0","0","0","0","0","0","0","","0","0","0","","","1","N","0","","39 56:20.600","","0","75 11:36.700","3","0","0","0","67301","1","0","0","N","0","0","0","2","67301","0","","1.0","","1","N","N","N","0","","1","0","0","","0","","","2","1","0","0","0","0","0","2","0","1","","03","","N","","","","","","","","","",""
"2020063437","1007","1","0","0","0","0","0","0","0","0","7","0","","67","8","2020","7","40.020398","-75.140103","1007","6","0","0","0","0","0","0","0","0","","0","0","0","","","0","","1","","40 01:13.432","","0","75 08:24.370","9","0","0","0","67301","0","0","0","N","0","0","0","1","67301","0","","4.0","","1","N","N","N","0","","0","0","0","","3","","","1","0","0","0","0","0","1","2","0","1","","04","","N","","","","","","","","","",""
"2021001194","2315","2","0","0","0","0","0","0","0","0","5","0","","67","12","2020","6","40.00708","-75.073016","2305","6","0","1","0","0","1","0","0","0","","0","0","0","","","0","N","0","","40 00:25.489","","0","75 04:22.858","0","0","0","0","67301","0","0","0","N","0","0","0","3","68K01","0","","1.0","","1","N","N","N","0","","0","0","0","","0","","","2","0","0","0","0","0","0","2","0","2","","","","N","","","","","","","","","",""
"2021021744","1430","1","0","0","0","0","0","0","0","0","5","0","","67","10","2020","3","39.994774","-75.18715","1430","6","0","0","0","0","0","0","0","0","","0","0","0","","","0","N","0","","39 59:41.186","","0","75 11:13.739","0","0","0","0","67301","0","0","0","N","0","0","0","2","67301","0","","1.0","","1","N","N","Y","0","","0","0","0","","0","","","2","0","2","0","0","0","0","2","1","2","","03","","N","","","","","","","","","",""
"2021007099","0810","1","0","0","0","0","0","0","0","0","5","0","","67","12","2020","3","39.953793","-75.140909","0808","6","0","0","0","0","0","1","0","0","","0","0","0","","","1","N","0","","39 57:13.654","1","0","75 08:27.273","8","0","0","0","67301","0","0","0","N","0","0","0","3","68Z99","0","","1.0","856.0","1","N","N","N","1","","0","0","0","","0","N","","2","1","1","0","0","1","0","2","0","2","","","","N","","","","","","","","","",""
"2021001175","2242","1","0","0","0","0","0","0","0","0","1","0","45","67","12","2020","5","40.005956","-75.074678","2223","6","0","0","0","0","0","0","0","0","","0","0","0","","","1","N","0","","40 00:21.440","","0","75 04:28.840","3","0","0","0","67301","0","0","0","N","0","0","0","3","68K01","0","","1.0","","9","N","N","N","0","","1","0","1","","0","","","3","1","0","0","0","0","0","2","1","3","","","N","Y","4","1","","","N","","","Y","","N"
"2021000927","1047","0","0","0","0","0","0","0","0","0","7","0","","67","12","2020","6","39.956417","-75.152444","1047","6","0","0","0","0","0","0","0","0","","0","0","0","","","0","","1","","39 57:23.100","","0","75 09:08.800","0","0","0","0","67301","0","0","0","N","0","0","0","1","67301","0","","5.0","","1","N","N","N","0","","0","0","0","","2","","","1","0","0","0","0","0","0","2","0","1","","03","","N","","","","","","","","","",""
"2021007105","2334","1","0","0","0","0","0","0","0","0","4","0","","67","12","2020","6","40.010176","-75.063282","2334","6","0","0","0","0","0","0","0","0","","0","0","0","","","5","N","0","","40 00:36.633","1","0","75 03:47.816","3","0","0","0","67301","0","0","0","N","0","0","0","5","68K01","0","","1.0","2345.0","1","N","N","Y","0","","5","0","0","","0","N","","2","5","0","0","0","0","0","2","1","2","","","","N","","","","","","","","","",""
"2021018776","0600","1","0","0","0","0","0","0","0","0","5","0","","67","11","2020","6","39.982361","-75.175389","","6","0","0","0","0","0","0","0","0","","0","0","0","","","0","N","0","","39 58:56.500","","0","75 10:31.400","0","0","0","0","67301","0","0","0","N","0","0","0","2","00000","0","","1.0","","1","","","N","0","","0","0","0","","0","","","2","0","0","0","0","0","0","2","1","2","","","","N","","","","","","","","","",""
"2021018366","0615","0","0","0","0","0","0","0","0","0","4","0","","67","10","2020","3","40.018438","-75.149133","","6","0","0","0","0","0","0","0","0","","0","0","0","","","1","","1","","40 01:06.376","","0","75 08:56.880","8","0","0","0","67301","0","0","0","N","0","0","0","2","00000","0","","1.0","","1","","","N","0","","0","0","1","","2","","","2","1","0","0","0","1","0","2","0","2","","","","N","","","","","","","","","",""
"2021018481","1600","0","0","0","0","0","0","0","0","0","1","0","","67","12","2020","4","39.96448","-75.182556","","6","0","0","0","0","0","0","0","0","","0","0","0","","","1","Y","0","","39 57:52.128","","3","75 10:57.203","8","0","0","0","67301","0","0","0","N","0","0","0","2","00000","0","","1.0","","1","","","N","0","","0","0","1","","2","","","2","1","0","0","0","1","0","2","0","2","","","","N","","","","","","","","","",""
"2020070366","1838","1","0","0","0","0","0","0","0","0","4","0","","67","8","2020","7","40.03593","-75.126522","1838","6","0","0","0","0","0","0","0","0","","0","0","0","","","3","","1","","40 02:09.347","","0","75 07:35.479","3","0","0","0","67301","0","0","0","N","0","0","0","4","67301","0","","1.0","","1","N","N","N","0","","3","0","1","","3","","","2","3","0","0","0","0","0","2","0","2","","03","","N","","","","","","","","","",""
"2021006269","0311","1","0","0","0","0","0","0","0","0","7","0","","67","12","2020","6","39.997693","-75.19599","0310","6","0","0","0","0","0","0","0","0","","0","0","0","","","0","N","0","","39 59:51.694","","0","75 11:45.563","0","0","0","0","67301","0","0","0","N","0","0","0","1","68K01","0","","3.0","","8","N","N","N","0","","0","0","0","","0","","","1","0","0","0","0","0","0","2","0","1","","","","N","","","","","","","","","",""
"2021001150","0804","1","0","0","0","0","0","0","0","0","7","0","","67","12","2020","2","40.037218","-75.013567","0730","6","0","0","0","0","0","0","0","0","","0","0","0","","","1","N","0","","40 02:13.985","1","0","75 00:48.842","8","0","0","0","67301","0","0","0","N","0","0","0","1","68K01","0","","2.0","825.0","9","N","N","N","0","","0","0","0","","0","N","","1","1","0","0","0","1","0","2","0","1","","","","N","","","","","","","","","",""
"2021018880","1100","0","0","0","0","0","0","0","0","0","1","0","","67","6","2020","7","39.958531","-75.168057","","6","0","0","0","0","1","0","1","0","","0","0","0","","","1","N","0","","39 57:30.713","","0","75 10:05.004","8","0","0","0","67301","0","0","0","N","0","0","0","2","00000","0","","1.0","","1","","","N","0","","0","0","1","","0","","","2","1","0","0","0","1","0","2","0","2","","","","N","","","","","","","","","",""
"2021016348","2330","1","0","0","0","0","0","0","0","0","2","0","","67","9","2020","7","40.01384","-75.12598","","6","0","0","0","0","0","0","0","0","","0","0","0","","","1","","1","","40 00:49.824","","0","75 07:33.527","8","0","0","0","67301","0","0","0","N","0","0","0","2","00000","0","","1.0","","1","","","N","0","","0","0","1","","2","","","2","1","0","0","0","1","0","2","0","2","","","","N","","","","","","","","","",""
"2021007097","1555","1","0","0","0","0","0","0","0","0","7","0","","67","12","2020","2","39.928565","-75.196481","1551","6","0","0","0","0","0","0","0","0","","0","0","0","","","0","N","0","","39 55:42.835","","0","75 11:47.333","0","0","0","0","67301","0","0","0","N","0","0","0","1","68K01","0","","2.0","","9","N","N","N","0","","0","0","0","","0","","","1","0","0","0","0","0","0","2","0","1","","","","N","","","","","","","","","",""
"2021006493","1808","1","0","0","0","0","0","0","0","0","1","0","","67","12","2020","5","40.000028","-75.153266","1808","6","0","0","0","0","0","1","0","0","","0","0","0","","","0","","1","","40 00:00.101","","0","75 09:11.759","9","0","0","0","67301","0","0","0","N","0","0","0","2","67301","0","","1.0","","1","N","N","N","0","","0","0","0","","2","","","2","0","0","0","0","0","1","2","1","2","","03","","N","","","","","","","","","",""
"2021003794","2357","1","0","0","0","0","0","0","0","0","7","0","","67","12","2020","5","39.959682","-75.177275","2237","6","0","0","0","0","0","0","0","0","","0","0","0","","","0","N","0","","39 57:34.856","3","0","75 10:38.189","0","0","0","0","67301","0","0","0","N","0","0","0","1","68K01","0","","2.0","2300.0","9","N","N","N","0","","0","0","0","","0","N","","1","0","0","0","0","0","0","2","0","1","","07","","N","","","","","","","","","",""
"2021003552","0302","0","0","0","0","0","0","0","0","0","7","0","","67","12","2020","6","39.997723","-75.195973","0302","6","0","0","0","0","0","0","0","0","","0","0","0","","","0","N","0","","39 59:51.804","4","0","75 11:45.501","0","0","0","0","67301","0","0","0","N","0","0","0","1","68K01","0","","3.0","330.0","8","N","N","N","0","","0","0","1","","0","N","","1","0","0","0","0","0","0","2","0","1","","","","N","","","","","","","","","",""
"2021002312","2010","2","0","0","0","0","0","0","0","0","1","0","","67","11","2020","4","39.985719","-75.093438","2004","6","0","0","0","0","0","0","0","0","","0","0","0","","","2","N","0","","39 59:08.589","2","0","75 05:36.377","4","0","0","0","67301","0","0","0","N","0","0","0","2","68K01","2","","1.0","2115.0","1","N","N","N","0","","0","0","0","","0","N","","2","2","0","0","0","0","0","2","0","2","","","","N","","","","","","","","","",""
"2021016378","0800","2","0","0","0","0","0","0","0","0","4","0","","67","11","2020","6","39.994631","-75.094531","","6","0","0","0","0","0","1","0","0","","0","0","0","","","0","","1","","39 59:40.673","","0","75 05:40.311","0","0","0","0","67301","0","0","0","N","0","0","0","3","00000","0","","1.0","","1","","","N","0","","0","0","1","","2","","","3","0","0","0","0","0","0","2","0","3","","","","N","","","","","","","","","",""
"2021001157","1505","2","0","0","0","0","0","0","0","0","1","0","","67","12","2020","3","39.958063","-75.164115","1455","6","0","0","0","0","0","0","1","1","","0","0","0","","","0","N","0","","39 57:29.025","3","0","75 09:50.813","0","0","0","0","67301","0","0","0","N","0","0","0","3","68K01","0","","1.0","1510.0","1","N","N","N","0","","0","0","1","","0","Y","","3","0","0","0","0","0","0","2","0","3","","","","N","","","","","","","","","",""
"2021004643","1610","2","0","0","0","0","0","0","0","0","5","0","45","67","12","2020","4","40.023716","-75.032369","1601","6","0","0","0","0","0","1","0","0","","0","0","0","","","1","N","0","","40 01:25.376","","0","75 01:56.528","3","0","0","0","67301","0","0","0","N","0","0","0","3","68K01","0","","4.0","","1","N","N","N","0","","1","0","0","","0","","","2","1","0","0","0","0","0","2","0","2","","03","N","Y","5","1","","","N","","","","Y","N"
"2021006489","1729","1","0","0","0","0","0","0","0","0","1","0","","67","12","2020","3","39.996933","-75.117134","1728","6","0","0","0","0","0","1","0","0","","0","0","0","","","2","N","0","","39 59:48.957","","0","75 07:01.683","3","0","0","0","67301","0","0","0","N","0","0","0","4","67301","0","","1.0","","1","N","N","N","0","","2","0","1","","0","","","2","2","0","0","0","0","0","2","0","2","","03","","N","","","","","","","","","",""
"2021018412","1624","1","0","0","0","0","0","0","0","0","1","0","","67","3","2020","4","","","","6","0","0","0","0","0","0","0","0","","0","0","0","","","1","Y","0","","","","0","","8","0","0","0","67301","0","0","0","N","0","0","0","2","00000","0","","1.0","","1","","","N","0","","0","0","1","","2","","","2","1","0","0","0","1","0","1","0","2","","","","N","","","","","","","","","",""
"2021004297","1520","0","0","0","0","0","0","0","0","0","1","0","50","67","12","2020","6","39.938312","-75.197716","1516","6","0","0","0","0","0","2","0","0","","0","0","0","","","1","N","0","","39 56:17.923","4","0","75 11:51.776","8","0","0","0","67301","0","0","0","N","0","0","0","4","68K01","0","","1.0","1636.0","1","N","N","N","0","","0","0","3","","0","N","","3","1","0","0","0","1","0","2","0","3","","","N","Y","2","1","","","N","Y","","","","N"
"2020070949","2015","2","0","0","0","0","0","0","0","0","4","0","","67","8","2020","1","40.009895","-75.166925","2015","6","0","0","0","0","0","1","0","0","","0","0","0","","","1","","1","","40 00:35.623","2","0","75 10:00.930","3","0","0","0","67301","0","0","0","N","0","0","0","2","67301","0","","1.0","2100.0","1","N","N","N","0","","1","0","0","","2","Y","","2","1","0","0","0","0","1","2","0","2","","","","N","","","","","","","","","",""
"2020112001","1404","1","0","0","0","0","0","0","0","0","5","0","","67","12","2020","4","40.03424","-75.068081","1358","6","0","0","0","0","0","1","0","0","","0","0","0","","","0","N","0","","40 02:03.263","","0","75 04:05.090","0","0","0","0","67301","0","0","0","N","0","0","0","2","67301","0","","1.0","","1","N","N","Y","0","","0","0","1","","0","","","2","0","0","0","0","0","0","2","0","2","","03","","N","","","","","","","","","",""
"2020077915","1130","2","0","0","0","0","0","0","0","0","6","0","","67","9","2020","2","39.991568","-75.121213","1129","6","0","0","0","0","0","0","0","0","","0","0","0","","","1","N","2","","39 59:29.645","","0","75 07:16.365","4","0","0","0","67301","0","0","0","N","0","0","0","2","67301","1","","1.0","","1","N","N","N","0","","0","0","0","","0","","","2","1","0","0","0","0","1","2","0","2","","","","N","","","","","","","","","",""
"2021000249","0833","2","0","0","0","0","0","0","0","0","4","0","","67","12","2020","5","40.01207","-75.112176","0832","6","0","0","0","0","0","0","0","0","","0","0","0","","","0","N","1","","40 00:43.452","","0","75 06:43.833","9","0","0","0","67301","0","0","0","N","0","0","0","3","67301","0","","1.0","","1","N","N","N","0","","0","0","0","","2","","","2","0","0","0","0","0","2","2","0","2","","03","","N","","","","","","","","","",""
"2021002472","2000","1","0","0","0","0","0","0","0","0","7","0","","67","12","2020","5","39.982594","-75.207754","2000","6","0","0","1","0","0","0","0","0","","0","0","0","","","0","N","0","","39 58:57.340","","0","75 12:27.916","0","0","0","0","67301","0","0","0","N","0","0","0","1","68K01","0","","3.0","","9","N","N","N","0","","0","0","0","","0","","","1","0","0","0","0","0","0","2","0","1","","","","N","","","","","","","","","",""
"2021000785","2230","1","0","0","0","0","0","0","0","0","4","0","","67","12","2020","4","39.969574","-75.166358","2226","6","0","0","0","0","0","0","0","0","","0","0","0","","","0","","1","","39 58:10.466","","0","75 09:58.888","0","0","0","0","67301","0","0","0","N","0","0","0","2","67301","0","","1.0","","1","N","N","N","0","","0","0","2","","3","","","3","0","0","0","0","0","0","2","0","3","","03","","N","","","","","","","","","",""
"2021018829","1440","2","0","0","0","0","0","0","0","0","1","0","","67","10","2020","3","39.963735","-75.146566","","6","0","0","0","0","0","1","0","0","","0","0","0","","","1","","2","","39 57:49.445","","0","75 08:47.637","8","0","0","0","67301","0","0","0","N","0","0","0","2","00000","0","","1.0","","1","","","N","0","","0","0","0","","0","","","2","1","0","0","0","1","0","2","0","2","","","","N","","","","","","","","","",""
"2021018372","1443","1","0","0","0","0","0","0","0","0","1","0","","67","12","2020","4","39.968738","-75.211344","","6","0","0","0","0","0","0","0","0","","0","0","0","","","1","","5","","39 58:07.455","","0","75 12:40.840","8","0","0","0","67301","0","0","0","N","0","0","0","2","00000","0","","1.0","","1","","","N","0","","0","0","0","","2","","","2","1","0","0","0","1","0","2","1","2","","","","N","","","","","","","","","",""
"2021000251","1253","0","0","0","0","0","0","0","0","0","8","0","","67","12","2020","6","40.001361","-75.114694","1228","6","0","0","0","0","0","0","0","0","","0","0","0","","","1","N","0","","40 00:04.900","","0","75 06:52.900","3","0","0","0","67301","1","0","0","N","1","0","0","2","67301","0","","1.0","","99","N","N","N","0","","1","0","1","","0","","","2","1","0","0","0","0","0","2","0","1","","07","","N","","","","","","","","","",""
"2021016379","1720","0","0","0","0","0","0","0","0","0","4","0","","67","11","2020","4","40.053585","-75.141452","","6","0","0","0","0","0","0","1","0","","0","0","0","","","1","","1","","40 03:12.905","","0","75 08:29.228","8","0","0","0","67301","0","0","0","N","0","0","0","2","00000","0","","1.0","","1","","","N","0","","0","0","2","","2","","","2","1","0","0","0","1","0","2","0","2","","","","N","","","","","","","","","",""
"2021014836","1216","1","0","0","0","0","0","0","0","0","4","0","","67","11","2020","4","39.967336","-75.245842","1216","6","0","0","0","0","0","0","0","0","","0","0","0","","","2","","1","","39 58:02.410","","0","75 14:45.030","4","0","0","0","67301","0","0","0","N","0","0","0","5","67301","2","","1.0","","9","N","N","N","0","","0","0","1","","2","","","2","2","0","0","0","0","0","2","0","2","","04","","N","","","","","","","","","",""
"2020087181","1217","1","0","0","0","0","0","0","0","0","1","1","","67","10","2020","6","40.020114","-75.042967","1210","6","0","0","0","0","0","0","0","0","","0","1","0","","","1","N","1","","40 01:12.412","","0","75 02:34.680","4","0","0","0","67301","0","0","0","N","0","0","0","4","67301","1","","1.0","","99","N","N","N","0","","0","0","0","","2","","","2","1","4","0","0","0","0","2","0","2","","07","","N","","","","","","","","","",""
"2021006498","1830","0","0","0","0","0","0","0","0","0","4","0","","67","12","2020","2","40.002389","-75.122221","1830","6","0","0","0","0","0","0","0","0","","0","0","0","","","1","","2","","40 00:08.600","","0","75 07:19.995","3","0","0","1","67301","0","0","0","N","0","0","0","3","67301","0","","1.0","","1","N","N","N","0","","1","0","1","0","0","","","2","1","0","0","0","0","0","2","0","2","","03","","N","","","","","","","","","",""
"2021005947","1834","0","0","0","0","0","0","0","0","0","8","0","","67","12","2020","3","40.023714","-75.076165","1833","6","0","0","0","0","0","0","0","0","","0","0","0","","","1","N","0","","40 01:25.370","","0","75 04:34.195","2","0","0","0","67301","1","0","1","N","1","0","1","2","67301","0","","1.0","","1","N","N","N","0","","0","1","1","0","0","","","2","1","0","0","0","0","0","2","0","1","","03","","N","","","","","","","","","",""
"2021018409","1330","1","0","0","0","0","0","0","0","0","4","0","","67","11","2020","6","39.923483","-75.229577","","6","0","0","0","0","0","0","0","0","","0","0","0","","","1","","2","","39 55:24.538","","0","75 13:46.477","8","0","0","0","67301","0","0","0","N","0","0","0","2","00000","0","","1.0","","1","","","N","0","","0","0","0","3","3","","","2","1","0","0","0","1","0","2","1","2","","","","N","","","","","","","","","",""
"2021001128","0246","2","0","1","0","0","0","0","0","0","1","0","45","67","11","2020","4","40.009467","-75.065407","0238","6","0","0","0","0","0","0","1","0","","0","0","0","","","1","N","0","","40 00:34.081","1","0","75 03:55.465","2","0","0","0","67301","0","0","0","N","0","0","0","2","68K01","0","","1.0","530.0","1","N","N","N","0","","0","1","0","0","0","N","","2","1","0","0","0","0","0","2","0","2","","","Y","Y","4","1","N","N","N","N","N","N","Y","N"
"2020065331","1704","1","0","0","0","0","0","0","0","0","4","0","","67","8","2020","5","39.954345","-75.224031","1703","6","0","0","1","0","0","0","1","0","","0","0","0","","","0","","1","","39 57:15.642","","0","75 13:26.511","0","0","0","0","67301","0","0","0","N","0","0","0","2","67301","0","","1.0","","9","N","N","N","0","","0","0","1","3","2","","","2","0","0","0","0","0","0","2","0","2","","04","","N","","","","","","","","","",""
"2020071354","0241","0","0","0","0","0","0","0","0","0","8","0","","67","8","2020","1","39.952027","-75.161266","0240","6","0","0","0","0","0","0","0","0","","0","0","0","","","2","N","0","","39 57:07.298","","0","75 09:40.556","3","0","0","0","67301","1","0","0","N","1","0","0","2","67301","0","","1.0","","1","N","N","N","0","","1","0","0","0","0","","","2","2","0","0","0","1","0","2","0","1","","03","","N","","","","","","","","","",""
"2020067197","1443","1","0","0","1","0","0","0","0","0","8","0","","67","8","2020","5","39.965702","-75.197843","1442","6","0","0","0","0","0","0","0","0","","0","0","0","","","1","","1","","39 57:56.527","","0","75 11:52.234","3","0","0","0","67301","1","0","0","N","0","0","0","2","67301","0","","1.0","","1","N","N","N","0","","1","0","0","3","3","","","2","1","0","0","0","0","0","2","0","1","","","","N","","","","","","","","","",""
"2021016740","1400","0","0","0","0","0","0","0","0","0","1","0","","67","11","2020","6","39.909031","-75.241894","","6","0","0","0","0","0","0","0","0","","0","0","0","","","2","","2","","39 54:32.511","","0","75 14:30.820","8","0","0","0","67301","0","0","0","N","0","0","0","2","00000","0","","1.0","","1","","","N","0","","0","0","1","3","2","","","2","2","0","0","0","2","0","2","1","2","","","","N","","","","","","","","","",""
"2020073249","2212","1","0","0","0","0","0","0","0","0","8","0","","67","9","2020","7","39.936383","-75.218989","2207","6","0","0","0","0","0","0","0","0","","0","0","0","","","1","","1","","39 56:10.978","","0","75 13:08.360","4","0","0","0","67301","1","0","0","N","1","0","0","2","67301","1","","1.0","","1","N","N","N","0","","0","0","0","3","2","","","2","1","0","0","0","0","0","2","0","1","","03","","N","","","","","","","","","",""
"2020065218","1901","2","0","0","0","0","0","0","0","0","4","0","","67","7","2020","6","39.977768","-75.21345","1901","6","0","0","0","0","0","0","0","0","","0","0","0","","","3","N","1","","39 58:39.965","1","0","75 12:48.419","8","0","0","0","67301","0","0","0","N","0","0","0","3","68K01","0","","1.0","1901.0","1","N","N","N","0","","0","0","0","3","2","N","","2","3","2","0","0","3","0","2","0","2","","","","N","","","","","","","","","",""
"2021000427","0837","2","0","0","0","0","0","0","0","0","7","0","","67","12","2020","5","40.034372","-75.019099","0830","6","0","0","0","0","0","0","0","0","","0","0","0","","","0","N","0","","40 02:03.740","1","0","75 01:08.755","0","0","0","0","67301","0","0","0","N","0","0","0","2","68K01","0","","3.0","847.0","8","N","N","N","0","","0","0","0","0","0","N","","2","0","0","0","0","0","0","2","0","2","","07","","N","","","","","","","","","",""
"2020073381","2225","1","0","0","0","0","0","0","0","0","4","0","","67","9","2020","3","39.990886","-75.122086","2225","6","0","0","0","0","0","0","0","0","","0","0","0","","","1","","1","","39 59:27.189","","0","75 07:19.509","8","0","0","0","67301","0","0","0","N","0","0","0","2","67301","0","","1.0","","1","N","N","Y","0","","0","0","1","3","3","","","3","1","0","0","0","1","0","2","0","3","","03","","N","","","","","","","","","",""
"2021000244","2355","2","0","0","0","0","0","0","0","0","1","0","","67","12","2020","5","40.025919","-75.070922","2355","6","0","0","0","0","0","1","0","0","","0","0","0","","","0","N","0","","40 01:33.307","","0","75 04:15.320","0","0","0","0","67301","0","0","0","N","0","0","0","1","67301","0","","1.0","","1","N","N","N","0","","0","0","0","0","0","","","2","0","1","0","0","0","0","2","0","2","","","","N","","","","","","","","","",""
"2021014562","2249","1","0","0","0","0","0","0","0","0","4","0","","67","9","2020","6","40.022789","-75.159023","","6","0","0","0","0","0","0","0","0","","0","0","0","","","3","","5","","40 01:22.042","","0","75 09:32.483","8","0","0","0","67301","0","0","0","N","0","0","0","3","00000","0","","1.0","","1","","","N","0","","0","0","0","3","2","","","2","3","0","0","0","3","0","2","1","2","","","","N","","","","","","","","","",""
"2020073069","0601","1","0","0","0","0","0","0","0","0","4","0","","67","9","2020","1","40.030332","-75.131845","0600","6","0","0","0","0","0","0","0","0","","0","0","0","","","1","","1","","40 01:49.195","","0","75 07:54.642","3","0","0","0","67301","0","0","0","N","0","0","0","1","67301","0","","1.0","","1","N","N","N","0","","1","0","1","3","2","","","2","1","0","0","0","0","0","2","0","2","","03","","N","","","","","","","","","",""
"2020065957","1137","1","0","0","0","0","0","0","0","0","4","0","","67","8","2020","3","39.998955","-75.153499","1137","6","0","0","0","0","0","1","0","0","","0","0","0","","","1","","2","","39 59:56.237","","0","75 09:12.598","3","0","0","1","67301","0","0","0","N","0","0","0","2","67301","0","","1.0","","1","N","N","N","0","","1","0","0","0","0","","","2","1","0","0","0","0","0","2","0","2","","03","","N","","","","","","","","","",""
"2021006195","1208","0","0","0","0","0","0","0","0","0","8","1","","67","12","2020","2","39.941821","-75.165951","1159","6","0","0","0","0","0","1","0","0","","0","1","0","","","1","","1","","39 56:30.556","","0","75 09:57.425","8","0","0","0","67301","1","0","0","N","1","0","0","2","67301","0","","1.0","","9","N","N","N","0","","0","0","0","3","2","","","2","1","0","0","0","1","0","2","0","1","","","","N","","","","","","","","","",""
"2021001169","2310","1","0","0","0","0","0","0","0","0","7","0","","67","12","2020","4","39.932497","-75.200167","2259","6","0","0","0","0","0","0","0","0","","0","0","0","","","1","N","0","","39 55:56.988","","0","75 12:00.602","3","0","0","0","67301","0","0","0","Y","0","0","0","1","68K01","0","","4.0","","1","N","N","N","0","","1","0","0","0","0","","","1","1","0","0","0","0","0","2","0","1","","","","N","","","","","","","","","",""