"CRN","ARRIVAL_TM","AUTOMOBILE_COUNT","BELTED_DEATH_COUNT","BELTED_SUSP_SERIOUS_INJ_COUNT","BICYCLE_COUNT","BICYCLE_DEATH_COUNT","BICYCLE_SUSP_SERIOUS_INJ_COUNT","BUS_COUNT","CHLDPAS_DEATH_COUNT","CHLDPAS_SUSP_SERIOUS_INJ_COUNT","COLLISION_TYPE","COMM_VEH_COUNT","CONS_ZONE_SPD_LIM","COUNTY","CRASH_MONTH","CRASH_YEAR","DAY_OF_WEEK","DEC_LATITUDE","DEC_LONGITUDE","DISPATCH_TM","DISTRICT","DRIVER_COUNT_16YR","DRIVER_COUNT_17YR","DRIVER_COUNT_18YR","DRIVER_COUNT_19YR","DRIVER_COUNT_20YR","DRIVER_COUNT_50_64YR","DRIVER_COUNT_65_74YR","DRIVER_COUNT_75PLUS","EST_HRS_CLOSED","FATAL_COUNT","HEAVY_TRUCK_COUNT","HORSE_BUGGY_COUNT","HOUR_OF_DAY","ILLUMINATION","INJURY_COUNT","INTERSECTION_RELATED","INTERSECT_TYPE","LANE_CLOSED","LATITUDE","LN_CLOSE_DIR","LOCATION_TYPE","LONGITUDE","MAX_SEVERITY_LEVEL","MCYCLE_DEATH_COUNT","MCYCLE_SUSP_SERIOUS_INJ_COUNT","MOTORCYCLE_COUNT","MUNICIPALITY","NONMOTR_COUNT","NONMOTR_DEATH_COUNT","NONMOTR_SUSP_SERIOUS_INJ_COUNT","NTFY_HIWY_MAINT","PED_COUNT","PED_DEATH_COUNT","PED_SUSP_SERIOUS_INJ_COUNT","PERSON_COUNT","POLICE_AGCY","POSSIBLE_INJ_COUNT","RDWY_SURF_TYPE_CD","RELATION_TO_ROAD","ROADWAY_CLEARED","ROAD_CONDITION","SCH_BUS_IND","SCH_ZONE_IND","SECONDARY_CRASH","SMALL_TRUCK_COUNT","SPEC_JURIS_CD","SUSP_MINOR_INJ_COUNT","SUSP_SERIOUS_INJ_COUNT","SUV_COUNT","TCD_FUNC_CD","TCD_TYPE","TFC_DETOUR_IND","TIME_OF_DAY","TOTAL_UNITS","TOT_INJ_COUNT","UNBELTED_OCC_COUNT","UNB_DEATH_COUNT","UNB_SUSP_SERIOUS_INJ_COUNT","UNK_INJ_DEG_COUNT","UNK_INJ_PER_COUNT","URBAN_RURAL","VAN_COUNT","VEHICLE_COUNT","WEATHER1","WEATHER2","WORKERS_PRES","WORK_ZONE_IND","WORK_ZONE_LOC","WORK_ZONE_TYPE","WZ_CLOSE_DETOUR","WZ_FLAGGER","WZ_LAW_OFFCR_IND","WZ_LN_CLOSURE","WZ_MOVING","WZ_OTHER","WZ_SHLDER_MDN","WZ_WORKERS_INJ_KILLED"
"2021000159","1715","1","0","0","0","0","0","0","0","0","4","0","","67","12","2020","4","40.04273","-75.011403","1707","6","0","0","0","0","0","1","0","0","","0","0","0","","","1","","1","","40 02:33.827","5","0","75 00:41.050","3","0","0","0","67301","0","0","0","N","0","0","0","3","67301","0","","1.0","1902.0","1","N","N","N","0","","1","0","1","3","3","Y","","2","1","0","0","0","0","0","2","0","2","","","","N","","","","","","","","","",""
"2021016422","1850","0","0","0","0","0","0","0","0","0","1","0","","67","11","2020","3","39.995127","-75.083421","","6","0","0","0","0","0","0","0","0","","0","0","0","","","1","N","0","","39 59:42.458","","0","75 05:00.315","8","0","0","0","67301","0","0","0","N","0","0","0","3","00000","0","","1.0","","1","","","N","0","","0","0","2","0","0","","","3","1","0","0","0","1","0","2","0","3","","","","N","","","","","","","","","",""
"2020063663","1730","0","0","0","0","0","0","0","0","0","7","0","","67","8","2020","7","39.881194","-75.228778","1730","6","0","0","0","0","0","1","0","0","","0","0","0","","","0","","11","","39 52:52.300","","0","75 13:43.600","0","0","0","0","67301","0","0","0","N","0","0","0","1","67301","0","","3.0","","1","N","N","N","0","","0","0","1","3","3","","","1","0","0","0","0","0","0","2","0","1","","03","","N","","","","","","","","","",""
"2021006497","0710","1","0","0","0","0","0","0","0","0","1","0","","67","12","2020","5","40.012944","-75.118972","0705","6","0","0","0","0","0","1","0","0","","0","0","0","","","0","Y","0","","40 00:46.600","4","0","75 07:08.300","0","0","0","0","67301","0","0","0","N","0","0","0","3","67301","0","","1.0","835.0","1","N","N","N","1","","0","0","1","3","2","N","","3","0","0","0","0","0","0","2","0","3","","","","N","","","","","","","","","",""
"2021000240","1720","1","0","0","0","0","0","0","0","0","2","0","","67","12","2020","3","40.044356","-75.072627","1714","6","0","0","0","0","0","0","0","0","","0","0","0","","","1","","1","","40 02:39.682","","0","75 04:21.458","3","0","0","0","67301","0","0","0","N","0","0","0","2","67301","0","","1.0","","1","N","N","N","0","","1","0","1","3","2","","","2","1","0","0","0","0","0","2","0","2","","03","","N","","","","","","","","","",""
"2020112976","0100","0","0","0","0","0","0","0","0","0","8","0","","67","12","2020","3","39.992692","-75.12034","0051","6","0","0","0","0","0","0","0","0","","0","0","0","","","1","","1","","39 59:33.691","","0","75 07:13.223","3","0","0","0","67301","1","0","0","N","1","0","0","1","67301","0","","1.0","","1","N","N","N","0","","1","0","0","3","3","","","2","1","0","0","0","0","0","2","0","1","","03","","N","","","","","","","","","",""
"2020063757","2331","1","0","0","0","0","0","0","0","0","1","0","","67","8","2020","1","39.98739","-75.156023","2330","6","0","0","0","0","0","0","0","0","","0","0","0","","","0","N","0","","39 59:14.603","","0","75 09:21.681","0","0","0","0","67301","0","0","0","N","0","0","0","1","67505","0","","6.0","","1","N","N","N","0","","0","0","1","0","0","","","2","0","0","0","0","0","0","2","0","2","","03","","N","","","","","","","","","",""
"2021002968","1756","0","0","0","0","0","0","0","0","0","6","0","","67","12","2020","2","39.916792","-75.234967","1753","6","0","0","0","0","0","0","0","0","","0","0","0","","","1","N","0","","39 55:00.450","","0","75 14:05.880","3","0","0","1","67301","0","0","0","N","0","0","0","2","67301","0","","1.0","","1","N","N","N","0","","1","0","1","0","0","","","2","1","0","0","0","0","0","2","0","2","","03","","N","","","","","","","","","",""
"2021014575","0500","0","0","0","0","0","0","0","0","0","5","0","","67","10","2020","1","39.901386","-75.152221","","6","0","0","0","0","0","0","0","0","","0","0","0","","","1","N","0","","39 54:04.988","","0","75 09:07.997","8","0","0","0","67301","0","0","0","N","0","0","0","2","00000","0","","1.0","","1","","","N","1","","0","0","1","0","0","","","2","1","0","0","0","1","0","2","0","2","","","","N","","","","","","","","","",""
"2021016359","1230","0","0","0","0","0","0","0","0","0","1","0","","67","9","2020","4","40.039575","-75.045738","","6","0","0","0","0","0","0","0","1","","0","0","0","","","1","","1","","40 02:22.471","","0","75 02:44.657","8","0","0","0","67301","0","0","0","N","0","0","0","2","00000","0","","1.0","","1","","","N","1","","0","0","1","3","2","","","2","1","0","0","0","1","0","2","0","2","","","","N","","","","","","","","","",""
"2021000161","1426","1","0","0","0","0","0","0","0","0","7","0","","67","12","2020","5","39.994229","-75.174368","1424","6","0","0","0","0","0","1","0","0","","0","0","0","","","1","","2","","39 59:39.224","","0","75 10:27.724","3","0","0","0","67301","0","0","0","N","0","0","0","1","67301","0","","5.0","","1","N","N","N","0","","1","0","0","3","3","","","1","1","0","0","0","0","0","2","0","1","","03","","N","","","","","","","","","",""
"2020032080","1155","1","0","0","0","0","0","0","0","0","7","0","","67","3","2020","3","40.052121","-75.141892","1144","6","0","0","0","0","0","0","0","0","","0","0","0","","","0","N","1","","40 03:07.635","","0","75 08:30.812","0","0","0","0","67301","0","0","0","N","0","0","0","1","67301","0","","5.0","","9","N","N","N","0","","0","0","0","0","0","","","1","0","0","0","0","0","0","2","0","1","","","","N","","","","","","","","","",""
"2020072100","1735","0","0","0","0","0","0","0","0","0","5","0","","67","9","2020","4","40.006092","-75.136175","1727","6","0","0","0","0","0","1","0","0","","0","0","0","","","0","N","0","","40 00:21.930","","0","75 08:10.230","0","0","0","0","67301","0","0","0","N","0","0","0","1","67301","0","","6.0","","1","N","N","N","0","","0","0","3","0","0","","","3","0","0","0","0","0","0","2","0","3","","03","","N","","","","","","","","","",""
"2021002881","1850","1","0","0","0","0","0","0","0","0","4","0","","67","11","2020","2","39.987671","-75.22498","1840","6","0","0","0","0","0","1","0","0","","0","0","0","","","1","","2","","39 59:15.615","","0","75 13:29.927","3","0","0","0","67301","0","0","0","N","0","0","0","2","67301","0","","1.0","","9","N","N","N","0","","1","0","1","3","2","","","2","1","0","0","0","0","0","2","0","2","","07","","N","","","","","","","","","",""
"2021014837","1838","1","0","0","0","0","0","0","0","0","1","0","","67","12","2020","5","39.973055","-75.213899","1838","6","0","0","0","0","0","0","0","0","","0","0","0","","","4","","2","","39 58:22.997","","0","75 12:50.037","3","0","0","0","67301","0","0","0","N","0","0","0","5","67301","0","","1.0","","9","N","N","N","0","","4","0","1","3","3","","","2","4","0","0","0","0","0","2","0","2","","07","","N","","","","","","","","","",""
"2021014546","1200","2","0","0","0","0","0","0","0","0","4","0","","67","10","2020","1","39.950384","-75.147258","","6","0","0","0","0","0","0","0","0","","0","0","0","","","1","","1","","39 57:01.383","","0","75 08:50.130","8","0","0","0","67301","0","0","0","N","0","0","0","2","00000","0","","1.0","","1","","","N","0","","0","0","0","3","2","","","2","1","0","0","0","1","0","2","0","2","","","","N","","","","","","","","","",""
"2020065125","2300","2","0","0","0","0","0","0","0","0","4","0","","67","8","2020","4","39.987779","-75.167648","2250","6","0","0","0","0","0","0","0","0","","0","0","0","","","0","","1","","39 59:16.004","","0","75 10:03.532","9","0","0","0","67301","0","0","0","N","0","0","0","2","67301","0","","1.0","","1","N","N","N","0","","0","0","0","3","2","","","2","0","0","0","0","0","2","2","0","2","","","","N","","","","","","","","","",""
"2020113051","1118","1","0","0","0","0","0","0","0","0","5","1","","67","12","2020","5","39.887768","-75.216734","1106","6","0","0","0","0","1","1","0","0","","0","1","0","","","1","N","0","","39 53:15.966","1","0","75 13:00.241","3","0","0","0","67301","0","0","0","N","0","0","0","2","68K01","0","","1.0","1240.0","6","N","N","N","0","","1","0","0","0","0","N","","2","1","0","0","0","0","0","2","0","2","","03","","N","","","","","","","","","",""
"2020080060","2026","2","0","0","0","0","0","0","0","0","4","0","","67","9","2020","6","40.012419","-75.114797","2026","6","0","0","0","0","0","0","0","0","","0","0","0","","","1","N","0","","40 00:44.710","6","7","75 06:53.270","4","0","0","0","67301","0","0","0","N","0","0","0","2","67301","1","","1.0","2130.0","1","N","N","N","0","","0","0","0","0","0","N","","2","1","1","0","0","0","1","2","0","2","","03","","N","","","","","","","","","",""
"2021004292","0115","0","0","0","0","0","0","0","0","0","7","0","","67","12","2020","3","39.900688","-75.154179","0115","6","0","0","0","0","0","0","0","0","","0","0","0","","","1","N","0","","39 54:02.476","1","0","75 09:15.046","3","0","0","0","67301","0","0","0","N","0","0","0","1","68K01","0","","2.0","200.0","9","N","N","N","1","","1","0","0","3","8","N","","1","1","1","0","0","0","0","2","0","1","","","","N","","","","","","","","","",""
"2021016387","0710","1","0","0","0","0","0","0","0","0","5","0","","67","11","2020","5","39.918133","-75.209776","","6","0","0","0","0","0","1","0","0","","0","0","0","","","1","N","0","","39 55:05.277","","0","75 12:35.194","8","0","0","0","67301","0","0","0","N","0","0","0","2","00000","0","","1.0","","1","","","N","0","","0","0","1","0","0","","","2","1","0","0","0","1","0","2","0","2","","","","N","","","","","","","","","",""
"2021016742","1030","0","0","0","0","0","0","0","0","0","4","0","","67","11","2020","7","40.019645","-75.210671","","6","0","0","0","0","0","1","0","0","","0","0","0","","","1","","5","","40 01:10.722","","0","75 12:38.416","8","0","0","0","67301","0","0","0","N","0","0","0","2","00000","0","","1.0","","1","","","N","0","","0","0","2","3","2","","","2","1","0","0","0","1","0","2","0","2","","","","N","","","","","","","","","",""
"2021016711","1345","2","0","0","0","0","0","0","0","0","4","0","","67","5","2020","5","40.019228","-75.044921","","6","0","0","0","0","0","0","0","0","","0","0","0","","","2","","2","","40 01:09.219","","0","75 02:41.715","8","0","0","0","67301","0","0","0","N","0","0","0","2","00000","0","","1.0","","1","","","N","0","","0","0","0","3","2","","","2","2","0","0","0","2","0","2","0","2","","","","N","","","","","","","","","",""
"2021025520","2230","2","0","0","0","0","0","0","0","0","4","0","","67","11","2020","6","40.021669","-75.112664","2228","6","0","0","0","0","1","0","0","0","","0","0","0","","","1","","1","","40 01:18.010","","0","75 06:45.592","8","0","0","0","67301","0","0","0","N","0","0","0","3","67301","0","","1.0","","1","N","N","N","0","","0","0","0","0","0","","","2","1","0","0","0","1","0","2","0","2","","03","","N","","","","","","","","","",""
"2020021302","1847","2","0","0","0","0","0","0","0","0","5","0","","67","2","2020","4","40.064529","-75.200757","1842","6","0","0","0","0","0","1","0","0","","0","0","0","","","2","N","0","","40 03:52.303","2","7","75 12:02.725","3","0","0","0","67301","0","0","0","N","0","0","0","3","67301","0","","1.0","1928.0","1","N","N","N","0","","2","0","0","0","0","Y","","2","2","0","0","0","0","0","2","0","2","","03","","N","","","","","","","","","",""
"2021000242","1300","1","0","0","0","0","0","0","0","0","4","0","","67","12","2020","3","40.057958","-75.041501","1248","6","0","0","0","0","0","1","0","1","","0","0","0","","","1","","1","","40 03:28.650","","0","75 02:29.404","8","0","0","0","67301","0","0","0","N","0","0","0","2","67301","0","","1.0","","1","N","N","N","1","","0","0","0","3","2","","","2","1","0","0","0","1","0","2","0","2","","03","","N","","","","","","","","","",""
"2021016358","1510","1","0","0","0","0","0","0","0","0","1","0","","67","9","2020","7","39.957837","-75.16159","","6","0","0","0","0","0","0","0","0","","0","0","0","","","1","N","0","","39 57:28.213","","0","75 09:41.724","8","0","0","0","67301","0","0","0","N","0","0","0","2","00000","0","","1.0","","1","","","N","0","","0","0","0","0","0","","","2","1","0","0","0","1","0","2","0","2","","","","N","","","","","","","","","",""
"2021003545","0212","1","0","0","0","0","0","0","0","0","7","0","45","67","12","2020","1","39.898823","-75.173075","0208","6","0","0","0","0","0","0","0","0","","0","0","0","","","2","N","0","","39 53:55.764","1","0","75 10:23.069","4","0","0","0","67301","0","0","0","N","0","0","0","3","68K01","2","","4.0","240.0","1","N","N","N","0","","0","0","0","0","0","N","","1","2","0","0","0","0","1","2","0","1","","","N","Y","4","1","Y","","N","","","","","N"
"2021018380","1330","2","0","0","0","0","0","0","0","0","4","0","","67","11","2020","2","40.010074","-75.157612","","6","0","0","0","0","0","0","1","0","","0","0","0","","","2","","1","","40 00:36.265","","0","75 09:27.402","8","0","0","0","67301","0","0","0","N","0","0","0","2","00000","0","","1.0","","1","","","N","0","","0","0","0","3","2","","","2","2","0","0","0","2","0","2","0","2","","","","N","","","","","","","","","",""
"2021018783","1850","1","0","0","0","0","0","0","0","0","5","0","","67","11","2020","6","39.94625","-75.242028","","6","0","0","0","0","0","0","1","0","","0","0","0","","","1","N","0","","39 56:46.500","","0","75 14:31.300","8","0","0","0","67301","0","0","0","N","0","0","0","2","00000","0","","1.0","","1","","","N","0","","0","0","0","0","0","","","2","1","0","0","0","1","0","2","0","2","","","","N","","","","","","","","","",""
"2020072253","1309","0","0","0","0","0","0","0","0","0","1","0","","67","9","2020","4","39.95917","-75.21869","1304","6","0","0","0","0","0","0","0","0","","0","0","0","","","1","N","0","","39 57:33.011","","0","75 13:07.284","3","0","0","0","67301","0","0","0","N","0","0","0","2","67301","0","","6.0","","1","N","N","N","0","","1","0","3","0","0","","","3","1","0","0","0","0","0","2","0","3","","","","N","","","","","","","","","",""
"2020071357","0345","2","0","0","0","0","0","0","0","0","2","0","","67","8","2020","1","40.062531","-75.182547","0335","6","0","0","0","0","0","0","0","0","","0","0","0","","","0","N","0","","40 03:45.110","","0","75 10:57.170","0","0","0","0","67301","0","0","0","N","0","0","0","1","67301","0","","6.0","","1","N","N","N","0","","0","0","1","0","0","","","3","0","0","0","0","0","0","2","0","3","","03","","N","","","","","","","","","",""
"2021016342","0940","1","0","0","0","0","0","0","0","0","4","0","","67","11","2020","2","39.957136","-75.151069","","6","0","0","0","0","0","1","0","0","","0","0","0","","","1","","5","","39 57:25.688","","2","75 09:03.847","8","0","0","0","67301","0","0","0","N","0","0","0","2","00000","0","","1.0","","1","","","N","0","","0","0","1","3","2","","","2","1","0","0","0","1","0","2","0","2","","","","N","","","","","","","","","",""
"2021003427","0950","0","0","0","0","0","0","2","0","0","7","2","","67","12","2020","2","39.952648","-75.165745","0945","6","0","0","0","0","0","1","0","0","","0","0","0","","","10","Y","0","","39 57:09.531","3","0","75 09:56.682","4","0","0","0","67301","0","0","0","N","0","0","0","10","67508","10","","4.0","9999.0","9","N","N","Y","0","","0","0","0","3","2","N","","2","10","0","0","0","0","0","2","0","2","","07","","N","","","","","","","","","",""
"2021002444","0001","3","0","0","0","0","0","0","0","0","5","0","","67","11","2020","7","39.968244","-75.130026","0001","6","0","0","0","0","0","0","0","0","","0","0","0","","","2","N","0","","39 58:05.677","2","0","75 07:48.092","3","0","0","0","67301","0","0","0","N","0","0","0","3","68K01","0","","1.0","110.0","1","N","N","N","0","","2","0","0","0","0","N","","3","2","0","0","0","0","0","2","0","3","","","","N","","","","","","","","","",""
"2021003670","2304","1","0","0","0","0","0","0","0","0","4","0","","67","11","2020","4","40.014518","-75.131119","2244","6","0","0","0","0","0","0","0","0","","0","0","0","","","0","","5","","40 00:52.264","4","0","75 07:52.028","0","0","0","0","67301","0","0","0","N","0","0","0","3","67301","0","","1.0","2335.0","9","N","N","N","0","","0","0","0","3","2","N","","2","0","0","0","0","0","0","2","0","2","","07","","N","","","","","","","","","",""
"2021011226","1825","1","0","0","0","0","0","0","0","0","1","0","","67","7","2020","2","39.982638","-75.219484","","6","0","0","0","0","0","0","0","0","","0","0","0","","","3","","2","","39 58:57.496","","0","75 13:10.142","8","0","0","0","67301","0","0","0","N","0","0","0","5","00000","0","","1.0","","1","","","N","0","","0","0","1","0","0","","","2","3","0","0","0","3","0","2","0","2","","","","N","","","","","","","","","",""
"2021010376","1500","0","0","0","0","0","0","0","0","0","5","0","","67","7","2020","5","39.947333","-75.166417","","6","0","0","0","0","0","0","0","0","","0","0","0","","","1","N","0","","39 56:50.400","","0","75 09:59.100","8","0","0","1","67301","0","0","0","N","0","0","0","2","00000","0","","1.0","","1","","","N","0","","0","0","0","0","0","","","2","1","0","0","0","1","0","2","0","2","","","","N","","","","","","","","","",""
"2021006472","0000","1","0","0","0","0","0","0","0","0","4","0","","67","6","2020","6","40.007066","-75.147037","","6","0","0","0","0","0","0","0","0","","0","0","0","","","1","","1","","40 00:25.437","","0","75 08:49.333","8","0","0","1","67301","0","0","0","N","0","0","0","2","00000","0","","1.0","","1","","","N","0","","0","0","0","3","3","","","2","1","0","0","0","1","0","2","0","2","","","","N","","","","","","","","","",""
"2021006259","2141","1","0","0","0","0","0","0","0","0","5","1","","67","12","2020","1","39.983418","-75.208063","2135","6","0","0","0","0","0","2","0","0","","0","1","0","","","0","N","0","","39 59:00.304","4","0","75 12:29.028","0","0","0","0","67301","0","0","0","N","0","0","0","3","68K01","0","","1.0","20.0","1","N","N","N","0","","0","0","1","0","0","N","","3","0","0","0","0","0","0","2","0","3","","","","N","","","","","","","","","",""
"2021014192","1536","2","0","0","0","0","0","0","0","0","4","0","","67","9","2020","3","40.004314","-75.128004","1536","6","0","0","0","0","0","1","0","0","","0","0","0","","","2","","1","","40 00:15.530","","0","75 07:40.814","3","0","0","0","67301","0","0","0","N","0","0","0","3","67301","0","","1.0","","1","N","N","Y","0","","2","0","0","3","2","","","2","2","0","0","0","0","0","2","0","2","","03","","N","","","","","","","","","",""
"2021002250","","2","0","0","0","0","0","0","0","0","1","0","","67","2","2020","6","39.945139","-75.161658","","6","0","0","0","0","0","0","0","0","","0","0","0","","","1","N","0","","39 56:42.500","","0","75 09:41.970","8","0","0","0","67301","0","0","0","N","0","0","0","2","00000","0","","1.0","","1","","","N","0","","0","0","0","0","0","","","2","1","0","0","0","1","0","2","0","2","","","","N","","","","","","","","","",""
"2021009271","0756","0","0","0","0","0","0","0","0","0","5","0","","67","12","2020","7","40.04432","-75.002684","0746","6","0","0","0","0","0","1","0","0","","0","0","0","","","0","N","0","","40 02:39.553","2","0","75 00:09.661","0","0","0","0","67301","0","0","0","N","0","0","0","2","68Z99","0","","1.0","840.0","2","N","N","N","1","","0","0","1","0","0","Y","","2","0","0","0","0","0","0","2","0","2","","","","N","","","","","","","","","",""
"2021004293","0715","1","0","0","0","0","0","0","0","0","1","0","","67","12","2020","3","40.038347","-75.00975","0645","6","0","0","0","0","0","0","0","0","","0","0","0","","","1","N","0","","40 02:18.050","","0","75 00:35.099","8","0","0","0","67301","0","0","0","N","0","0","0","3","68K01","0","","1.0","","9","N","N","N","0","","0","0","2","0","0","","","3","1","0","0","0","1","0","2","0","3","","03","","N","","","","","","","","","",""
"2021007103","1001","1","0","0","0","0","0","0","0","0","1","0","","67","12","2020","6","39.973445","-75.120311","0942","6","0","0","0","0","0","0","0","0","","0","0","0","","","1","N","0","","39 58:24.401","2","0","75 07:13.118","8","0","0","0","67301","0","0","0","N","0","0","0","2","68K01","0","","2.0","1030.0","1","N","N","N","0","","0","0","1","0","0","N","","2","1","0","0","0","1","0","2","0","2","","","","N","","","","","","","","","",""
"2021013280","2030","0","0","0","0","0","0","0","0","0","1","0","","67","7","2020","7","40.056421","-75.053338","","6","0","0","0","0","0","0","0","0","","0","0","0","","","2","","1","","40 03:23.116","","0","75 03:12.018","8","0","0","0","67301","0","0","0","N","0","0","0","3","00000","0","","1.0","","1","","","N","0","","0","0","2","3","2","","","2","2","0","0","0","2","0","2","0","2","","","","N","","","","","","","","","",""
"2021004302","0707","1","0","0","0","0","0","0","0","0","7","0","","67","12","2020","2","39.997551","-75.081641","0644","6","0","0","0","0","0","0","0","0","","0","0","0","","","0","N","3","","39 59:51.182","1","2","75 04:53.908","0","0","0","0","67301","0","0","0","Y","0","0","0","1","68K01","0","","4.0","707.0","1","N","N","N","0","","0","0","0","0","0","Y","","1","0","0","0","0","0","0","2","0","1","","","","N","","","","","","","","","",""
"2021002973","2115","1","0","0","0","0","0","0","0","0","4","0","","67","12","2020","5","39.909031","-75.241894","2017","6","0","0","0","0","0","1","0","0","","0","0","0","","","1","","2","","39 54:32.511","","0","75 14:30.820","4","0","0","0","67301","0","0","0","N","0","0","0","2","67301","1","","1.0","","1","N","N","N","0","","0","0","0","9","2","","","2","1","0","0","0","0","1","2","0","2","","","","N","","","","","","","","","",""
"2021006490","1215","2","0","0","0","0","0","0","0","0","4","0","","67","8","2020","3","40.02026","-75.114068","1212","6","0","0","0","0","0","0","0","0","","0","0","0","","","1","","1","","40 01:12.937","2","0","75 06:50.646","3","0","0","0","67301","0","0","0","N","0","0","0","2","67301","0","","1.0","200.0","1","N","N","N","0","","1","0","0","3","2","Y","","2","1","0","0","0","0","0","2","0","2","","03","","N","","","","","","","","","",""
"2021002654","2300","1","0","0","0","0","0","0","0","0","5","0","","67","5","2020","7","39.989918","-75.205806","","6","0","0","0","0","0","0","0","0","","0","0","0","","","2","N","0","","39 59:23.704","","0","75 12:20.900","8","0","0","0","67301","0","0","0","N","0","0","0","3","00000","0","","1.0","","1","","","N","0","","0","0","0","0","0","","","2","2","0","0","0","2","0","2","0","2","","","","N","","","","","","","","","",""
"2021011676","1430","0","0","0","0","0","0","0","0","0","4","0","99","67","8","2020","1","39.942628","-75.221405","","6","0","0","0","0","0","0","0","0","","0","0","0","","","0","","1","","39 56:33.460","","0","75 13:17.058","0","0","0","0","67301","0","0","0","N","0","0","0","2","00000","0","","1.0","","1","","","N","0","","0","0","1","3","2","","","2","0","0","0","0","0","0","2","0","2","","","N","Y","4","1","","","N","","","","Y","N"
"2021011698","1947","1","0","0","0","0","0","0","0","0","3","0","","67","9","2020","7","40.027083","-75.132528","","6","0","0","0","0","0","0","0","0","","0","0","0","","","5","Y","0","","40 01:37.500","","0","75 07:57.100","8","0","0","0","67301","0","0","0","N","0","0","0","8","00000","0","","1.0","","1","","","N","1","","0","0","0","3","2","","","4","5","0","0","0","5","0","2","0","4","","","","N","","","","","","","","","",""
"2021003669","2031","0","0","0","0","0","0","0","0","0","4","0","","67","11","2020","6","40.008553","-75.139072","1917","6","0","0","0","0","0","0","0","0","","0","0","0","","","1","N","0","","40 00:30.790","","0","75 08:20.660","3","0","0","0","67301","0","0","0","N","0","0","0","2","67301","0","","1.0","","1","N","N","Y","0","","1","0","2","3","2","U","","2","1","0","0","0","0","0","2","0","2","","","","N","","","","","","","","","",""
"2021001164","0940","0","0","0","0","0","0","0","0","0","5","1","","67","12","2020","4","39.965593","-75.186252","0931","6","0","0","0","0","0","1","0","0","","0","1","0","","","1","N","0","","39 57:56.136","3","0","75 11:10.508","4","0","0","0","67301","0","0","0","N","0","0","0","2","68K01","1","","1.0","955.0","1","N","N","N","1","","0","0","0","0","0","N","","2","1","0","0","0","0","0","2","0","2","","","","N","","","","","","","","","",""
"2021000928","2050","1","0","0","0","0","0","0","0","0","4","0","","67","12","2020","5","40.01073","-75.162679","2044","6","0","0","0","0","0","0","0","0","","0","0","0","","","1","","1","","40 00:38.629","","0","75 09:45.643","3","0","0","0","67301","0","0","0","N","0","0","0","2","67301","0","","1.0","","1","N","N","N","1","","1","0","1","3","3","","","3","1","0","0","0","0","1","2","0","3","","","","N","","","","","","","","","",""
"2021011758","1645","0","0","0","0","0","0","0","0","0","1","0","","67","9","2020","4","40.007537","-75.12591","","6","0","0","0","0","0","0","0","0","","0","0","0","","","1","Y","0","","40 00:27.134","","0","75 07:33.276","8","0","0","0","67301","0","0","0","N","0","0","0","2","00000","0","","1.0","","1","","","N","1","","0","0","1","3","2","","","2","1","0","0","0","1","0","2","0","2","","","","N","","","","","","","","","",""
"2021011685","2350","1","0","0","0","0","0","0","0","0","3","0","","67","7","2020","6","39.944888","-75.229078","","6","0","0","0","0","0","0","0","0","","0","0","0","","","3","","1","","39 56:41.596","","0","75 13:44.680","8","0","0","0","67301","0","0","0","N","0","0","0","4","00000","0","","1.0","","1","","","N","0","","0","0","0","0","0","","","2","3","0","0","0","3","0","2","0","2","","","","N","","","","","","","","","",""
"2021003718","2230","2","0","0","0","0","0","0","0","0","6","0","","67","3","2020","4","40.012194","-75.204639","","6","0","0","0","0","0","0","0","0","","0","0","0","","","0","","3","","40 00:43.900","","2","75 12:16.700","0","0","0","0","67301","0","0","0","N","0","0","0","2","00000","0","","1.0","","1","","","N","0","","0","0","0","0","0","","","2","0","0","0","0","0","0","2","0","2","","","","N","","","","","","","","","",""
"2021009594","0039","2","0","0","0","0","0","0","0","0","4","0","","67","12","2020","5","39.882936","-75.244832","0039","6","0","0","0","0","0","2","0","0","","0","0","0","","","1","N","0","","39 52:58.570","","0","75 14:41.396","4","0","0","0","67301","0","0","0","Y","0","0","0","2","68K02","1","","1.0","","1","N","N","N","0","","0","0","0","0","0","","","2","1","0","0","0","0","0","2","0","2","","03","","N","","","","","","","","","",""
"2021010385","1345","1","0","0","0","0","0","0","0","0","1","0","","67","7","2020","2","40.05775","-75.041417","","6","0","0","0","0","0","0","0","0","","0","0","0","","","3","","1","","40 03:27.899","","0","75 02:29.102","8","0","0","0","67301","0","0","0","N","0","0","0","4","00000","0","","1.0","","1","","","N","0","","0","0","0","3","2","","","2","3","0","0","0","3","0","2","0","2","","","","N","","","","","","","","","",""
"2021014573","0930","0","0","0","0","0","0","0","0","0","1","0","","67","8","2020","2","40.007639","-75.127327","","6","0","0","0","0","0","0","0","0","","0","0","0","","","1","","1","","40 00:27.502","","0","75 07:38.377","8","0","0","0","67301","0","0","0","N","0","0","0","2","00000","0","","1.0","","1","","","N","0","","0","0","1","3","2","","","2","1","0","0","0","1","0","2","0","2","","","","N","","","","","","","","","",""