"CRN","ARRIVAL_TM","AUTOMOBILE_COUNT","BELTED_DEATH_COUNT","BELTED_SUSP_SERIOUS_INJ_COUNT","BICYCLE_COUNT","BICYCLE_DEATH_COUNT","BICYCLE_SUSP_SERIOUS_INJ_COUNT","BUS_COUNT","CHLDPAS_DEATH_COUNT","CHLDPAS_SUSP_SERIOUS_INJ_COUNT","COLLISION_TYPE","COMM_VEH_COUNT","CONS_ZONE_SPD_LIM","COUNTY","CRASH_MONTH","CRASH_YEAR","DAY_OF_WEEK","DEC_LATITUDE","DEC_LONGITUDE","DISPATCH_TM","DISTRICT","DRIVER_COUNT_16YR","DRIVER_COUNT_17YR","DRIVER_COUNT_18YR","DRIVER_COUNT_19YR","DRIVER_COUNT_20YR","DRIVER_COUNT_50_64YR","DRIVER_COUNT_65_74YR","DRIVER_COUNT_75PLUS","EST_HRS_CLOSED","FATAL_COUNT","HEAVY_TRUCK_COUNT","HORSE_BUGGY_COUNT","HOUR_OF_DAY","ILLUMINATION","INJURY_COUNT","INTERSECTION_RELATED","INTERSECT_TYPE","LANE_CLOSED","LATITUDE","LN_CLOSE_DIR","LOCATION_TYPE","LONGITUDE","MAX_SEVERITY_LEVEL","MCYCLE_DEATH_COUNT","MCYCLE_SUSP_SERIOUS_INJ_COUNT","MOTORCYCLE_COUNT","MUNICIPALITY","NONMOTR_COUNT","NONMOTR_DEATH_COUNT","NONMOTR_SUSP_SERIOUS_INJ_COUNT","NTFY_HIWY_MAINT","PED_COUNT","PED_DEATH_COUNT","PED_SUSP_SERIOUS_INJ_COUNT","PERSON_COUNT","POLICE_AGCY","POSSIBLE_INJ_COUNT","RDWY_SURF_TYPE_CD","RELATION_TO_ROAD","ROADWAY_CLEARED","ROAD_CONDITION","SCH_BUS_IND","SCH_ZONE_IND","SECONDARY_CRASH","SMALL_TRUCK_COUNT","SPEC_JURIS_CD","SUSP_MINOR_INJ_COUNT","SUSP_SERIOUS_INJ_COUNT","SUV_COUNT","TCD_FUNC_CD","TCD_TYPE","TFC_DETOUR_IND","TIME_OF_DAY","TOTAL_UNITS","TOT_INJ_COUNT","UNBELTED_OCC_COUNT","UNB_DEATH_COUNT","UNB_SUSP_SERIOUS_INJ_COUNT","UNK_INJ_DEG_COUNT","UNK_INJ_PER_COUNT","URBAN_RURAL","VAN_COUNT","VEHICLE_COUNT","WEATHER1","WEATHER2","WORKERS_PRES","WORK_ZONE_IND","WORK_ZONE_LOC","WORK_ZONE_TYPE","WZ_CLOSE_DETOUR","WZ_FLAGGER","WZ_LAW_OFFCR_IND","WZ_LN_CLOSURE","WZ_MOVING","WZ_OTHER","WZ_SHLDER_MDN","WZ_WORKERS_INJ_KILLED"
"2021013426","1630","2","0","0","0","0","0","0","0","0","4","0","","67","6","2020","7","40.019014","-75.16008","","6","0","0","0","0","1","0","0","0","","0","0","0","","","1","","2","","40 01:08.450","","0","75 09:36.287","8","0","0","0","67301","0","0","0","N","0","0","0","2","00000","0","","1.0","","1","","","N","0","","0","0","0","3","3","","","2","1","0","0","0","1","0","2","0","2","","","","N","","","","","","","","","",""
"2021023522","2040","1","0","0","0","0","0","0","0","0","4","0","","67","12","2020","1","40.036981","-75.178493","","6","0","0","0","0","0","0","0","0","","0","0","0","","","1","","2","","40 02:13.131","","0","75 10:42.574","8","0","0","0","67301","0","0","0","N","0","0","0","2","00000","0","","1.0","","1","","","N","0","","0","0","1","3","3","","","2","1","0","0","0","1","0","2","0","2","","","","N","","","","","","","","","",""
"2021001882","","1","0","0","0","0","0","0","0","0","4","0","","67","2","2020","3","40.024274","-75.130411","","6","0","0","0","0","0","0","0","0","","0","0","0","","","1","","1","","40 01:27.386","","0","75 07:49.479","8","0","0","0","67301","0","0","0","N","0","0","0","3","00000","0","","1.0","","1","","","N","0","","0","0","1","3","2","","","3","1","0","0","0","1","0","2","0","3","","","","N","","","","","","","","","",""
"2021000456","2111","2","0","0","0","0","0","0","0","0","5","0","","67","12","2020","5","39.962828","-75.228125","2111","6","0","0","0","0","0","0","0","0","","0","0","0","","","1","N","0","","39 57:46.180","","0","75 13:41.250","3","0","0","0","67301","0","0","0","N","0","0","0","1","67301","0","","1.0","","1","N","N","N","0","","1","0","1","0","0","","","3","1","0","0","0","0","0","2","0","3","","03","","N","","","","","","","","","",""
"2021011203","0800","0","0","0","0","0","0","0","0","0","1","0","","67","7","2020","5","40.023499","-75.135918","","6","0","0","0","0","0","1","0","0","","0","0","0","","","1","N","0","","40 01:24.597","","0","75 08:09.306","3","0","0","0","67301","0","0","0","N","0","0","0","3","00000","0","","1.0","","1","","","N","0","","1","0","1","0","0","","","3","1","0","0","0","0","0","2","1","3","","","","N","","","","","","","","","",""
"2021002236","","2","0","0","0","0","0","0","0","0","4","0","","67","2","2020","5","40.035947","-75.12128","","6","0","0","0","0","2","0","0","0","","0","0","0","","","0","","2","","40 02:09.409","","0","75 07:16.607","0","0","0","0","67301","0","0","0","N","0","0","0","2","00000","0","","1.0","","1","","","N","0","","0","0","0","3","3","","","2","0","0","0","0","0","0","2","0","2","","","","N","","","","","","","","","",""
"2021009673","1545","0","0","0","1","0","0","0","0","0","8","0","","67","10","2020","6","39.995514","-75.130458","1540","6","0","0","0","0","0","0","0","0","","0","0","0","","","2","","1","","39 59:43.850","","0","75 07:49.648","3","0","0","0","67301","1","0","0","N","0","0","0","7","67301","0","","1.0","","1","N","N","N","0","","2","0","0","0","0","","","2","2","0","0","0","0","0","2","1","1","","03","","N","","","","","","","","","",""
"2021006576","0830","0","0","0","0","0","0","0","0","0","1","0","","67","6","2020","3","39.923276","-75.181718","","6","0","0","0","0","0","0","0","0","","0","0","0","","","1","","5","","39 55:23.794","","0","75 10:54.184","8","0","0","0","67301","0","0","0","N","0","0","0","2","00000","0","","1.0","","1","","","N","0","","0","0","1","3","2","","","2","1","0","0","0","1","0","2","0","2","","","","N","","","","","","","","","",""
"2021006509","1540","1","0","0","0","0","0","0","0","0","1","0","","67","6","2020","2","39.956857","-75.154975","","6","0","0","0","0","0","0","0","0","","0","0","0","","","1","N","0","","39 57:24.685","","0","75 09:17.909","8","0","0","0","67301","0","0","0","N","0","0","0","2","00000","0","","1.0","","1","","","N","0","","0","0","0","0","0","","","2","1","0","0","0","1","0","2","1","2","","","","N","","","","","","","","","",""
"2021021666","2210","2","0","0","0","0","0","0","0","0","4","0","","67","12","2020","5","39.975299","-75.245606","2207","6","0","0","0","0","0","0","0","0","","0","0","0","","","0","","1","","39 58:31.077","","0","75 14:44.180","0","0","0","0","67301","0","0","0","N","0","0","0","2","67301","0","","1.0","","2","N","N","N","0","","0","0","0","3","2","","","2","0","0","0","0","0","0","2","0","2","","04","","N","","","","","","","","","",""
"2021013328","2000","1","0","0","0","0","0","0","0","0","4","0","","67","1","2020","1","40.02773","-75.10997","","6","0","0","0","0","0","0","0","0","","0","0","0","","","1","","1","","40 01:39.827","","0","75 06:35.893","8","0","0","0","67301","0","0","0","N","0","0","0","2","00000","0","","1.0","","1","","","N","0","","0","0","0","3","2","","","2","1","0","0","0","1","0","2","0","2","","","","N","","","","","","","","","",""
"2021013288","1100","1","0","0","0","0","0","0","0","0","1","0","","67","8","2020","7","40.025648","-75.122274","","6","0","0","0","0","0","0","0","0","","0","0","0","","","1","","1","","40 01:32.331","","0","75 07:20.187","8","0","0","0","67301","0","0","0","N","0","0","0","2","00000","0","","1.0","","1","","","N","1","","0","0","0","3","2","","","2","1","0","0","0","1","0","2","0","2","","","","N","","","","","","","","","",""
"2021023519","2200","1","0","0","0","0","0","0","0","0","4","0","","67","9","2020","2","40.026543","-75.138689","","6","0","0","0","0","0","0","1","0","","0","0","0","","","1","","1","","40 01:35.554","","0","75 08:19.280","8","0","0","0","67301","0","0","0","N","0","0","0","3","00000","0","","1.0","","1","","","N","0","","0","0","0","3","2","","","4","1","0","0","0","1","0","2","0","4","","","","N","","","","","","","","","",""
"2021004116","1330","0","0","0","0","0","0","0","0","0","6","0","","67","3","2020","1","39.985802","-75.215608","","6","0","0","0","0","0","0","0","0","","0","0","0","","","1","","1","","39 59:08.888","","0","75 12:56.190","8","0","0","0","67301","0","0","0","N","0","0","0","3","00000","0","","1.0","","1","","","N","0","","0","0","2","3","2","","","3","1","0","0","0","1","0","2","0","3","","","","N","","","","","","","","","",""
"2021002244","","1","0","0","0","0","0","0","0","0","4","0","","67","2","2020","6","40.029122","-75.089918","","6","0","0","0","1","0","0","0","0","","0","0","0","","","2","","1","","40 01:44.838","","0","75 05:23.706","8","0","0","0","67301","0","0","0","N","0","0","0","3","00000","0","","1.0","","1","","","N","0","","0","0","1","3","2","","","2","2","0","0","0","2","0","2","0","2","","","","N","","","","","","","","","",""
"2021002295","","2","0","0","0","0","0","0","0","0","1","0","","67","2","2020","6","39.886743","-75.242861","","6","0","0","0","0","0","0","0","0","","0","0","0","","","1","N","0","","39 53:12.273","","0","75 14:34.301","8","0","0","0","67301","0","0","0","N","0","0","0","2","00000","0","","1.0","","1","","","N","0","","0","0","0","0","0","","","2","1","0","0","0","1","0","2","0","2","","","","N","","","","","","","","","",""
"2021006479","1945","1","0","0","0","0","0","0","0","0","5","0","","67","6","2020","4","40.033491","-75.078565","","6","0","0","0","0","0","2","0","0","","0","0","0","","","1","N","0","","40 02:00.567","","6","75 04:42.833","8","0","0","0","67301","0","0","0","N","0","0","0","2","00000","0","","1.0","","1","","","N","0","","0","0","0","0","0","","","2","1","0","0","0","1","0","2","1","2","","","","N","","","","","","","","","",""
"2021023529","2327","2","0","0","0","0","0","0","0","0","5","0","","67","12","2020","7","40.029194","-75.18975","","6","0","0","0","0","0","0","0","0","","0","0","0","","","0","N","0","","40 01:45.100","","0","75 11:23.100","0","0","0","0","67301","0","0","0","N","0","0","0","2","00000","0","","1.0","","1","","","N","0","","0","0","0","0","0","","","2","0","0","0","0","0","0","2","0","2","","","","N","","","","","","","","","",""
"2021002245","","1","0","0","0","0","0","0","0","0","2","0","","67","3","2020","7","40.031621","-75.022114","","6","0","0","0","0","0","1","0","0","","0","0","0","","","0","N","0","","40 01:53.837","","0","75 01:19.612","0","0","0","0","67301","0","0","0","N","0","0","0","2","00000","0","","1.0","","1","","","N","0","","0","0","1","0","0","","","2","0","0","0","0","0","0","2","0","2","","","","N","","","","","","","","","",""
"2021004140","2100","0","0","0","0","0","0","0","0","0","7","0","","67","5","2020","1","39.981519","-75.224064","","6","0","0","0","0","0","0","0","0","","0","0","0","","","1","","1","","39 58:53.467","","0","75 13:26.630","8","0","0","0","67301","0","0","0","N","0","0","0","1","00000","0","","4.0","","1","","","N","0","","0","0","1","3","2","","","2","1","0","0","0","1","0","2","0","1","","","","N","","","","","","","","","",""
"2021003541","1937","1","0","0","0","0","0","0","0","0","1","0","","67","11","2020","4","39.984153","-75.208331","1933","6","0","0","0","0","0","0","0","0","","0","0","0","","","3","N","0","","39 59:02.952","3","0","75 12:29.993","3","0","0","0","67301","0","0","0","N","0","0","0","4","68K01","0","","1.0","1942.0","1","N","N","N","0","","3","0","0","0","0","N","","2","3","0","0","0","0","1","2","1","2","","","","N","","","","","","","","","",""
"2021001195","0000","1","0","0","0","0","0","0","0","0","5","0","","67","12","2020","6","39.959932","-75.17925","0006","6","0","0","0","0","0","0","1","0","","0","0","0","","","1","N","0","","39 57:35.755","3","0","75 10:45.301","3","0","0","0","67301","0","0","0","N","0","0","0","3","68K01","0","","1.0","10.0","1","N","N","N","0","","1","0","1","0","0","N","","2","1","0","0","0","0","0","2","0","2","","","","N","","","","","","","","","",""
"2021011201","1600","1","0","0","0","0","0","0","0","0","5","0","","67","6","2020","5","39.970344","-75.146551","","6","0","0","0","0","0","1","0","0","","0","0","0","","","1","","1","","39 58:13.238","","0","75 08:47.584","8","0","0","0","67301","0","0","0","N","0","0","0","2","00000","0","","1.0","","1","","","N","0","","0","0","1","3","2","","","2","1","0","0","0","1","0","2","0","2","","","","N","","","","","","","","","",""
"2021023790","0800","0","0","0","0","0","0","0","0","0","1","0","","67","10","2020","5","39.95726","-75.215317","","6","0","0","0","0","0","0","0","0","","0","0","0","","","2","N","0","","39 57:26.135","","0","75 12:55.142","8","0","0","0","67301","0","0","0","N","0","0","0","5","00000","0","","1.0","","1","","","N","0","","0","0","2","0","0","","","5","2","0","0","0","2","0","2","0","5","","","","N","","","","","","","","","",""
"2021002241","","0","0","0","0","0","0","0","0","0","1","0","","67","3","2020","7","39.923927","-75.222089","","6","0","0","0","0","0","1","0","0","","0","0","0","","","1","","1","","39 55:26.137","","0","75 13:19.522","8","0","0","0","67301","0","0","0","N","0","0","0","2","00000","0","","1.0","","1","","","N","0","","0","0","1","3","3","","","2","1","0","0","0","1","0","2","1","2","","","","N","","","","","","","","","",""
"2021011675","2041","0","0","0","0","0","0","0","0","0","5","0","","67","7","2020","7","40.029541","-75.101624","","6","0","0","0","0","0","1","0","0","","0","0","0","","","0","N","0","","40 01:46.347","","0","75 06:05.847","0","0","0","0","67301","0","0","0","N","0","0","0","3","00000","0","","1.0","","1","","","N","0","","0","0","2","0","0","","","3","0","0","0","0","0","0","2","0","3","","","","N","","","","","","","","","",""
"2021005949","1625","1","0","0","0","0","0","0","0","0","4","0","","67","12","2020","4","40.018922","-75.049504","1621","6","0","0","0","0","0","1","0","0","","0","0","0","","","1","","2","","40 01:08.120","","0","75 02:58.216","8","0","0","0","67301","0","0","0","N","0","0","0","2","67301","0","","1.0","","99","N","N","N","0","","0","0","1","3","3","U","","2","1","0","0","0","1","1","2","0","2","","","","N","","","","","","","","","",""
"2021014198","1536","1","0","0","0","0","0","0","0","0","7","0","","67","9","2020","3","40.011917","-75.126389","1536","6","0","0","0","0","0","0","0","0","","0","0","0","","","1","N","0","","40 00:42.900","","0","75 07:35.000","2","0","0","0","67301","0","0","0","N","0","0","0","1","67301","0","","4.0","","1","N","N","Y","0","","0","1","0","0","0","","","1","1","0","0","0","0","0","2","0","1","","03","","N","","","","","","","","","",""
"2021002469","1322","1","0","0","0","0","0","0","0","0","1","0","","67","12","2020","4","40.037915","-75.011635","1259","6","0","0","0","0","0","1","0","0","","0","0","0","","","1","N","0","","40 02:16.493","2","0","75 00:41.885","3","0","0","0","67301","0","0","0","N","0","0","0","7","68K01","0","","1.0","1335.0","1","N","N","N","0","","1","0","1","0","0","N","","2","1","0","0","0","0","0","2","0","2","","","","N","","","","","","","","","",""
"2021000647","1845","0","0","0","0","0","0","0","0","0","8","0","","67","12","2020","5","39.962345","-75.143075","1840","6","0","0","0","0","0","0","0","0","","0","0","0","","","1","","1","","39 57:44.442","","0","75 08:35.070","8","0","0","0","67301","1","0","0","N","1","0","0","2","67301","0","","1.0","","1","N","N","N","0","","0","0","0","3","3","","","2","1","0","0","0","1","1","2","0","1","","03","","N","","","","","","","","","",""
"2021023510","1345","1","0","0","0","0","0","0","0","0","4","0","","67","12","2020","1","39.970559","-75.14996","","6","0","0","0","0","0","1","0","0","","0","0","0","","","1","","1","","39 58:14.012","","0","75 08:59.857","8","0","0","0","67301","0","0","0","N","0","0","0","2","00000","0","","1.0","","1","","","N","0","","0","0","1","3","2","","","2","1","0","0","0","1","0","2","0","2","","","","N","","","","","","","","","",""
"2021002309","1600","1","0","0","0","0","0","0","0","0","4","0","","67","5","2020","7","40.024571","-75.180433","","6","0","0","0","0","0","0","0","0","","0","0","0","","","1","N","0","","40 01:28.455","","7","75 10:49.559","8","0","0","0","67301","0","0","0","N","0","0","0","2","00000","0","","1.0","","1","","","N","0","","0","0","1","3","3","","","2","1","0","0","0","1","0","2","0","2","","","","N","","","","","","","","","",""
"2021013313","2330","2","0","0","0","0","0","0","0","0","4","0","","67","9","2020","7","40.011198","-75.105442","","6","0","0","0","0","1","0","0","0","","0","0","0","","","1","","1","","40 00:40.313","","0","75 06:19.592","8","0","0","0","67301","0","0","0","N","0","0","0","2","00000","0","","1.0","","1","","","N","0","","0","0","0","3","2","","","2","1","0","0","0","1","0","2","0","2","","","","N","","","","","","","","","",""
"2021004142","1600","1","0","0","0","0","0","1","0","0","5","1","","67","12","2020","4","40.02015","-75.080501","1555","6","0","0","0","0","0","0","0","0","","0","0","0","","","2","N","0","","40 01:12.540","","1","75 04:49.805","4","0","0","0","67301","0","0","0","N","0","0","0","3","67508","2","","6.0","","1","N","N","Y","0","","0","0","0","0","0","","","2","2","0","0","0","0","0","2","0","2","","03","","N","","","","","","","","","",""
"2021002296","","1","0","0","0","0","0","0","0","0","4","0","","67","3","2020","5","40.043906","-75.078573","","6","0","0","0","0","0","0","0","0","","0","0","0","","","1","","1","","40 02:38.062","","0","75 04:42.861","8","0","0","0","67301","0","0","0","N","0","0","0","2","00000","0","","1.0","","1","","","N","0","","0","0","1","3","3","","","2","1","0","0","0","1","0","2","0","2","","","","N","","","","","","","","","",""
"2021003933","1430","1","0","0","0","0","0","0","0","0","1","0","","67","12","2020","5","39.962781","-75.183238","1430","6","0","0","0","0","0","0","0","0","","0","0","0","","","1","N","0","","39 57:46.012","","0","75 10:59.656","4","0","0","0","67301","0","0","0","N","0","0","0","4","68K01","1","","1.0","","1","N","N","N","0","","0","0","1","0","0","","","2","1","0","0","0","0","0","2","0","2","","03","","N","","","","","","","","","",""
"2021000274","1000","0","0","0","0","0","0","0","0","0","1","0","","67","12","2020","5","40.022833","-75.148284","1000","6","0","0","0","0","0","0","0","0","","0","0","0","","","1","","1","","40 01:22.197","","0","75 08:53.823","3","0","0","0","67301","0","0","0","N","0","0","0","3","67301","0","","1.0","","1","N","N","N","0","","1","0","2","3","2","","","2","1","0","0","0","0","1","2","0","2","","03","","N","","","","","","","","","",""
"2021002718","2200","1","0","0","0","0","0","0","0","0","4","0","","67","5","2020","5","39.990815","-75.123654","","6","0","0","0","0","0","0","0","0","","0","0","0","","","1","","3","","39 59:26.934","","1","75 07:25.154","8","0","0","0","67301","0","0","0","N","0","0","0","2","00000","0","","1.0","","1","","","N","0","","0","0","0","0","0","","","2","1","0","0","0","1","0","2","0","2","","","","N","","","","","","","","","",""
"2021005945","2348","3","0","0","0","0","0","0","0","0","4","0","","67","6","2020","7","40.031149","-75.036056","2347","6","0","0","0","0","0","0","0","0","","0","0","0","","","1","","2","","40 01:52.137","","0","75 02:09.802","3","0","0","0","67301","0","0","0","N","0","0","0","3","67301","0","","1.0","","1","N","N","N","0","","1","0","1","3","3","","","4","1","1","0","0","0","0","2","0","4","","03","","N","","","","","","","","","",""
"2021013432","0800","0","0","0","0","0","0","0","0","0","1","0","","67","9","2020","3","","","","6","0","0","0","0","0","0","2","0","","0","0","0","","","1","","1","","","","0","","8","0","0","0","67301","0","0","0","N","0","0","0","2","00000","0","","1.0","","1","","","N","0","","0","0","1","9","9","","","2","1","0","0","0","1","0","1","0","2","","","","N","","","","","","","","","",""
"2021005951","1748","2","0","0","0","0","0","0","0","0","4","0","","67","12","2020","5","39.990879","-75.091217","1724","6","0","0","0","1","0","0","0","0","","0","0","0","","","1","","1","","39 59:27.163","1","0","75 05:28.382","3","0","0","0","67301","0","0","0","N","0","0","0","2","67301","0","","1.0","100.0","9","N","N","N","0","","1","0","0","3","2","Y","","2","1","0","0","0","0","0","2","0","2","","07","","N","","","","","","","","","",""
"2021011681","1840","2","0","0","0","0","0","0","0","0","1","0","","67","9","2020","5","39.894468","-75.246766","","6","0","0","0","0","0","0","0","0","","0","0","0","","","1","","1","","39 53:40.085","","0","75 14:48.358","8","0","0","0","67301","0","0","0","N","0","0","0","4","00000","0","","1.0","","1","","","N","0","","0","0","0","3","2","","","4","1","0","0","0","1","0","2","0","4","","","","N","","","","","","","","","",""
"2021023530","1715","1","0","0","0","0","0","0","0","0","4","0","","67","12","2020","4","40.085042","-75.036455","","6","0","0","0","0","0","0","0","0","","0","0","0","","","4","N","0","","40 05:06.150","","7","75 02:11.239","8","0","0","0","67301","0","0","0","N","0","0","0","5","00000","0","","1.0","","1","","","N","0","","0","0","0","0","0","","","2","4","0","0","0","4","0","2","1","2","","","","N","","","","","","","","","",""
"2021004307","0955","1","0","0","0","0","0","0","0","0","5","1","","67","12","2020","4","39.960224","-75.180644","0943","6","0","0","0","0","0","1","0","0","","0","1","0","","","1","N","0","","39 57:36.808","4","3","75 10:50.320","4","0","0","0","67301","0","0","0","N","0","0","0","2","68K01","1","","1.0","1000.0","1","N","N","N","0","","0","0","0","0","0","Y","","2","1","0","0","0","0","0","2","0","2","","","","N","","","","","","","","","",""
"2021006175","0930","0","0","0","0","0","0","0","0","0","4","0","","67","3","2020","6","39.935423","-75.220353","","6","0","0","0","0","0","1","0","0","","0","0","0","","","2","","1","","39 56:07.522","","0","75 13:13.270","8","0","0","0","67301","0","0","0","N","0","0","0","3","00000","0","","1.0","","1","","","N","1","","0","0","0","3","3","","","2","2","0","0","0","2","0","2","0","2","","","","N","","","","","","","","","",""
"2021004115","1830","1","0","0","0","0","0","0","0","0","5","0","","67","5","2020","7","39.899105","-75.179385","","6","0","0","0","0","0","0","0","0","","0","0","0","","","1","N","0","","39 53:56.777","","8","75 10:45.787","8","0","0","0","67301","0","0","0","N","0","0","0","2","00000","0","","1.0","","1","","","Y","0","","0","0","0","0","0","","","2","1","0","0","0","1","0","2","0","2","","","","N","","","","","","","","","",""
"2021002693","1011","1","0","0","0","0","0","0","0","0","7","0","","67","12","2020","5","39.957216","-75.156919","1008","6","0","0","0","1","0","0","0","0","","0","0","0","","","1","N","0","","39 57:25.977","4","0","75 09:24.908","8","0","0","0","67301","0","0","0","N","0","0","0","1","68K01","0","","3.0","1035.0","9","N","N","N","0","","0","0","0","3","8","N","","1","1","0","0","0","1","0","2","0","1","","","","N","","","","","","","","","",""
"2021013312","1130","0","0","0","0","0","0","0","0","0","1","0","","67","8","2020","5","40.010079","-75.166527","","6","0","0","0","0","0","0","0","0","","0","0","0","","","2","Y","0","","40 00:36.286","","0","75 09:59.498","8","0","0","0","67301","0","0","0","N","0","0","0","3","00000","0","","1.0","","1","","","N","0","","0","0","2","3","2","","","2","2","0","0","0","2","0","2","0","2","","","","N","","","","","","","","","",""
"2021011690","0136","0","0","0","0","0","0","0","0","0","1","0","","67","9","2020","1","39.980979","-75.175711","","6","0","0","0","0","0","0","0","0","","0","0","0","","","1","","1","","39 58:51.524","","0","75 10:32.559","8","0","0","0","67301","0","0","0","N","0","0","0","2","00000","0","","1.0","","1","","","N","0","","0","0","0","3","2","","","2","1","0","0","0","1","0","2","0","2","","","","N","","","","","","","","","",""
"2021011756","1430","1","0","0","0","0","0","0","0","0","4","0","","67","9","2020","7","40.025464","-75.123484","","6","0","0","0","0","0","0","0","0","","0","0","0","","","1","","1","","40 01:31.670","","0","75 07:24.541","8","0","0","0","67301","0","0","0","N","0","0","0","2","00000","0","","1.0","","1","","","N","0","","0","0","1","3","2","","","2","1","0","0","0","1","0","2","0","2","","","","N","","","","","","","","","",""
"2021008746","2149","1","0","0","0","0","0","0","0","0","8","0","","67","1","2020","6","39.954481","-75.205469","2149","6","0","0","0","0","0","1","0","0","","1","0","0","","","0","N","0","","39 57:16.133","4","0","75 12:19.687","1","0","0","0","67301","1","1","0","N","1","1","0","2","67301","0","2","1.0","2330.0","9","N","N","N","0","0","0","0","0","0","0","Y","","2","0","0","0","0","0","0","2","0","1","","07","","N","","","","","","","","","",""
"2021006466","0200","1","0","0","0","0","0","0","0","0","4","0","","67","6","2020","2","39.913393","-75.227187","","6","0","0","0","0","0","1","0","0","","0","0","0","","","1","","2","","39 54:48.214","","0","75 13:37.873","8","0","0","0","67301","0","0","0","N","0","0","0","2","00000","0","","1.0","","1","","","N","0","","0","0","0","3","2","","","2","1","0","0","0","1","0","2","0","2","","","","N","","","","","","","","","",""
"2021000378","2226","2","0","0","0","0","0","0","0","0","5","0","","67","12","2020","5","39.9869","-75.142014","2225","6","0","0","0","0","0","0","0","0","","0","0","0","","","0","N","0","","39 59:12.840","","0","75 08:31.250","9","0","0","0","67301","0","0","0","N","0","0","0","1","67301","0","","1.0","","1","N","N","N","0","","0","0","2","0","0","","","4","0","0","0","0","0","1","2","0","4","","03","","N","","","","","","","","","",""
"2021000246","0514","2","0","0","0","0","0","0","0","0","4","0","","67","12","2020","5","39.951943","-75.2388","0511","6","0","0","0","0","0","0","0","0","","0","0","0","","","0","","1","","39 57:06.994","","0","75 14:19.679","0","0","0","0","67301","0","0","0","N","0","0","0","2","67301","0","","1.0","","9","N","N","N","0","","0","0","1","3","2","","","3","0","0","0","0","0","0","2","0","3","","","","N","","","","","","","","","",""
"2021011679","1100","1","0","0","0","0","0","0","0","0","4","0","","67","9","2020","5","40.009585","-75.180418","","6","0","0","0","0","0","0","0","0","","0","0","0","","","2","","2","","40 00:34.506","","0","75 10:49.505","8","0","0","0","67301","0","0","0","N","0","0","0","3","00000","0","","1.0","","1","","","N","0","","0","0","0","3","2","","","2","2","0","0","0","2","0","2","1","2","","","","N","","","","","","","","","",""
"2021009544","1410","1","0","0","0","0","0","0","0","0","2","0","","67","11","2020","1","40.006726","-75.123542","1400","6","0","0","0","0","0","0","0","0","","0","0","0","","","0","N","0","","40 00:24.215","","0","75 07:24.751","0","0","0","0","67301","0","0","0","N","0","0","0","1","67301","0","","1.0","","1","N","N","N","0","","0","0","0","3","2","","","2","0","0","0","0","0","0","2","0","2","","03","","N","","","","","","","","","",""
"2021005948","1013","0","0","0","0","0","0","0","0","0","8","0","","67","12","2020","5","40.012917","-75.057511","1010","6","0","0","0","0","0","0","0","0","","0","0","0","","","1","N","0","","40 00:46.501","","0","75 03:27.039","8","0","0","0","67301","1","0","0","N","1","0","0","2","67301","0","","1.0","","1","N","N","N","0","","0","0","0","0","0","","","2","1","0","0","0","1","1","2","0","1","","03","","N","","","","","","","","","",""
"2021000248","0725","0","0","0","0","0","0","0","0","0","5","1","","67","12","2020","5","40.025511","-75.122391","0712","6","0","0","0","0","0","1","0","0","","0","1","0","","","0","","1","","40 01:31.839","","0","75 07:20.608","0","0","0","0","67301","0","0","0","N","0","0","0","2","67301","0","","1.0","","99","N","N","N","0","","0","0","1","0","0","","","2","0","0","0","0","0","0","2","0","2","","03","","N","","","","","","","","","",""
"2021003671","0257","1","0","0","0","0","0","0","0","0","8","0","","67","11","2020","5","39.993931","-75.154462","0245","6","0","0","0","0","0","0","0","0","","0","0","0","","","1","","1","","39 59:38.150","","0","75 09:16.063","2","0","0","0","67301","1","0","1","N","1","0","1","2","67301","0","","1.0","","9","N","N","N","0","","0","1","0","3","2","","","2","1","1","0","0","0","0","2","0","1","","07","","N","","","","","","","","","",""
"2021000087","0827","1","0","0","0","0","0","0","0","0","5","0","","67","12","2020","5","39.948642","-75.2128","0826","6","0","0","0","0","0","0","0","0","","0","0","0","","","0","N","0","","39 56:55.110","","0","75 12:46.080","9","0","0","0","67301","0","0","0","N","0","0","0","1","67301","0","","1.0","","1","N","N","N","0","","0","0","1","0","0","","","2","0","0","0","0","0","1","2","0","2","","07","","N","","","","","","","","","",""
"2021013266","1930","0","0","0","0","0","0","0","0","0","1","0","","67","8","2020","4","39.933477","-75.215566","","6","0","0","0","0","0","0","0","0","","0","0","0","","","1","","3","","39 56:00.517","","0","75 12:56.036","8","0","0","0","67301","0","0","0","N","0","0","0","4","00000","0","","1.0","","1","","","N","0","","0","0","1","3","2","","","2","1","0","0","0","1","0","2","0","2","","","","N","","","","","","","","","",""
"2021003725","1530","1","0","0","0","0","0","0","0","0","6","0","","67","4","2020","2","40.012794","-75.174472","","6","0","0","0","0","0","1","0","0","","0","0","0","","","2","","2","","40 00:46.060","","0","75 10:28.100","8","0","0","0","67301","0","0","0","N","0","0","0","3","00000","0","","1.0","","1","","","N","0","","0","0","1","0","0","","","2","2","0","0","0","2","0","2","0","2","","","","N","","","","","","","","","",""