"CRN","ARRIVAL_TM","AUTOMOBILE_COUNT","BELTED_DEATH_COUNT","BELTED_SUSP_SERIOUS_INJ_COUNT","BICYCLE_COUNT","BICYCLE_DEATH_COUNT","BICYCLE_SUSP_SERIOUS_INJ_COUNT","BUS_COUNT","CHLDPAS_DEATH_COUNT","CHLDPAS_SUSP_SERIOUS_INJ_COUNT","COLLISION_TYPE","COMM_VEH_COUNT","CONS_ZONE_SPD_LIM","COUNTY","CRASH_MONTH","CRASH_YEAR","DAY_OF_WEEK","DEC_LATITUDE","DEC_LONGITUDE","DISPATCH_TM","DISTRICT","DRIVER_COUNT_16YR","DRIVER_COUNT_17YR","DRIVER_COUNT_18YR","DRIVER_COUNT_19YR","DRIVER_COUNT_20YR","DRIVER_COUNT_50_64YR","DRIVER_COUNT_65_74YR","DRIVER_COUNT_75PLUS","EST_HRS_CLOSED","FATAL_COUNT","HEAVY_TRUCK_COUNT","HORSE_BUGGY_COUNT","HOUR_OF_DAY","ILLUMINATION","INJURY_COUNT","INTERSECTION_RELATED","INTERSECT_TYPE","LANE_CLOSED","LATITUDE","LN_CLOSE_DIR","LOCATION_TYPE","LONGITUDE","MAX_SEVERITY_LEVEL","MCYCLE_DEATH_COUNT","MCYCLE_SUSP_SERIOUS_INJ_COUNT","MOTORCYCLE_COUNT","MUNICIPALITY","NONMOTR_COUNT","NONMOTR_DEATH_COUNT","NONMOTR_SUSP_SERIOUS_INJ_COUNT","NTFY_HIWY_MAINT","PED_COUNT","PED_DEATH_COUNT","PED_SUSP_SERIOUS_INJ_COUNT","PERSON_COUNT","POLICE_AGCY","POSSIBLE_INJ_COUNT","RDWY_SURF_TYPE_CD","RELATION_TO_ROAD","ROADWAY_CLEARED","ROAD_CONDITION","SCH_BUS_IND","SCH_ZONE_IND","SECONDARY_CRASH","SMALL_TRUCK_COUNT","SPEC_JURIS_CD","SUSP_MINOR_INJ_COUNT","SUSP_SERIOUS_INJ_COUNT","SUV_COUNT","TCD_FUNC_CD","TCD_TYPE","TFC_DETOUR_IND","TIME_OF_DAY","TOTAL_UNITS","TOT_INJ_COUNT","UNBELTED_OCC_COUNT","UNB_DEATH_COUNT","UNB_SUSP_SERIOUS_INJ_COUNT","UNK_INJ_DEG_COUNT","UNK_INJ_PER_COUNT","URBAN_RURAL","VAN_COUNT","VEHICLE_COUNT","WEATHER1","WEATHER2","WORKERS_PRES","WORK_ZONE_IND","WORK_ZONE_LOC","WORK_ZONE_TYPE","WZ_CLOSE_DETOUR","WZ_FLAGGER","WZ_LAW_OFFCR_IND","WZ_LN_CLOSURE","WZ_MOVING","WZ_OTHER","WZ_SHLDER_MDN","WZ_WORKERS_INJ_KILLED"
"2021002488","1105","1","0","0","0","0","0","0","0","0","5","1","","67","12","2020","2","39.890829","-75.239005","1049","6","0","0","0","0","0","0","0","0","","0","1","0","","","0","N","0","","39 53:26.986","","0","75 14:20.418","0","0","0","0","67301","0","0","0","N","0","0","0","2","68K01","0","","2.0","","1","N","N","N","0","","0","0","0","0","0","","","2","0","0","0","0","0","0","2","0","2","","","","N","","","","","","","","","",""
"2021023527","1350","0","0","0","0","0","0","0","0","0","1","0","","67","11","2020","1","39.926988","-75.243496","","6","0","0","0","0","0","0","0","0","","0","0","0","","","1","","3","","39 55:37.155","","0","75 14:36.586","8","0","0","0","67301","0","0","0","N","0","0","0","3","00000","0","","1.0","","1","","","N","0","","0","0","0","3","3","","","2","1","0","0","0","1","0","2","0","2","","","","N","","","","","","","","","",""
"2021011695","1330","2","0","0","0","0","0","0","0","0","4","0","","67","8","2020","1","39.951071","-75.165619","","6","0","0","0","0","0","0","0","0","","0","0","0","","","1","","1","","39 57:03.856","","0","75 09:56.230","8","0","0","0","67301","0","0","0","N","0","0","0","2","00000","0","","1.0","","1","","","N","0","","0","0","0","3","2","","","2","1","0","0","0","1","0","2","0","2","","","","N","","","","","","","","","",""
"2021005944","1220","2","0","0","0","0","0","0","0","0","1","0","","67","2","2020","7","40.030392","-75.035441","1216","6","0","0","0","0","0","0","0","0","","0","0","0","","","1","N","0","","40 01:49.410","","0","75 02:07.587","8","0","0","0","67301","0","0","0","N","0","0","0","2","67301","0","","1.0","","1","N","N","N","0","","0","0","0","0","0","","","2","1","0","0","0","1","0","2","0","2","","03","","N","","","","","","","","","",""
"2021000324","1341","2","0","0","0","0","0","0","0","0","2","0","","67","12","2020","5","39.993448","-75.150779","1340","6","0","0","0","0","0","0","0","0","","0","0","0","","","2","","1","","39 59:36.413","","0","75 09:02.806","3","0","0","0","67301","0","0","0","N","0","0","0","3","67301","0","","1.0","","1","N","N","N","0","","2","0","0","9","2","","","2","2","0","0","0","0","1","2","0","2","","03","","N","","","","","","","","","",""
"2021014592","2000","1","0","0","0","0","0","0","0","0","4","0","","67","1","2020","1","40.02773","-75.10997","","6","0","0","0","0","0","0","0","0","","0","0","0","","","1","","1","","40 01:39.827","","0","75 06:35.893","8","0","0","0","67301","0","0","0","N","0","0","0","2","00000","0","","1.0","","1","","","N","0","","0","0","0","3","2","","","2","1","0","0","0","1","0","2","0","2","","","","N","","","","","","","","","",""
"2021014544","1655","0","0","0","0","0","0","0","0","0","5","0","","67","8","2020","5","40.030851","-75.104406","","6","0","0","0","0","0","1","0","0","","0","0","0","","","1","N","0","","40 01:51.064","","0","75 06:15.861","8","0","0","0","67301","0","0","0","N","0","0","0","2","00000","0","","1.0","","1","","","N","0","","0","0","2","0","0","","","2","1","0","0","0","1","0","2","0","2","","","","N","","","","","","","","","",""
"2021001874","","1","0","0","0","0","0","0","0","0","1","0","","67","4","2020","1","39.956786","-75.138583","","6","0","0","0","0","0","0","0","0","","0","0","0","","","1","","2","","39 57:24.429","","0","75 08:18.900","8","0","0","0","67301","0","0","0","N","0","0","0","2","00000","0","","1.0","","1","","","N","0","","0","0","0","3","2","","","2","1","0","0","0","1","0","2","0","2","","","","N","","","","","","","","","",""
"2021001065","1230","3","0","0","0","0","0","0","0","0","1","0","","67","12","2020","5","40.014518","-75.131119","1223","6","0","0","0","0","0","0","0","0","","0","0","0","","","1","","1","","40 00:52.264","","0","75 07:52.028","4","0","0","0","67301","0","0","0","N","0","0","0","3","67301","1","","1.0","","9","N","N","Y","0","","0","0","0","3","5","","","3","1","2","0","0","0","1","2","0","3","","07","","N","","","","","","","","","",""
"2021023788","1400","2","0","0","0","0","0","0","0","0","4","0","","67","10","2020","7","40.057603","-75.154898","","6","0","0","0","0","0","0","0","0","","0","0","0","","","1","","2","","40 03:27.370","","0","75 09:17.632","8","0","0","0","67301","0","0","0","N","0","0","0","2","00000","0","","1.0","","1","","","N","0","","0","0","0","3","3","","","2","1","0","0","0","1","0","2","0","2","","","","N","","","","","","","","","",""
"2021023526","1910","0","0","0","0","0","0","0","0","0","4","0","","67","11","2020","6","39.994378","-75.130134","","6","0","0","0","0","0","0","0","1","","0","0","0","","","1","","1","","39 59:39.760","","0","75 07:48.482","8","0","0","0","67301","0","0","0","N","0","0","0","2","00000","0","","1.0","","1","","","N","0","","0","0","1","3","3","","","2","1","0","0","0","1","0","2","0","2","","","","N","","","","","","","","","",""
"2021002652","","0","0","0","0","0","0","0","0","0","6","0","","67","4","2020","5","40.063333","-75.2005","","6","0","0","0","0","0","0","0","0","","0","0","0","","","1","N","0","","40 03:48.000","","0","75 12:01.800","8","0","0","0","67301","0","0","0","N","0","0","0","2","00000","0","","1.0","","1","","","N","1","","0","0","1","0","0","","","2","1","0","0","0","1","0","2","0","2","","","","N","","","","","","","","","",""
"2021010729","0825","1","0","0","0","0","0","0","0","0","1","0","99","67","7","2020","5","40.019804","-75.148705","","6","0","0","0","0","0","1","0","0","","0","0","0","","","1","N","0","","40 01:11.296","","1","75 08:55.339","8","0","0","0","67301","0","0","0","N","0","0","0","2","00000","0","","1.0","","1","","","N","0","","0","0","1","0","0","","","2","1","0","0","0","1","0","2","0","2","","","N","Y","2","1","","","N","Y","","","","N"
"2021001861","","0","0","0","0","0","0","0","0","0","1","0","","67","3","2020","6","40.090799","-75.064361","","6","0","0","0","0","0","0","0","0","","0","0","0","","","1","","2","","40 05:26.876","","0","75 03:51.699","8","0","0","0","67301","0","0","0","N","0","0","0","2","00000","0","","1.0","","1","","","N","0","","0","0","1","3","3","","","2","1","0","0","0","1","0","2","1","2","","","","N","","","","","","","","","",""
"2021000455","1510","1","0","0","0","0","0","0","0","0","5","0","","67","12","2020","5","39.961001","-75.174854","1509","6","0","0","0","0","0","0","1","0","","0","0","0","","","0","N","0","","39 57:39.604","","0","75 10:29.475","0","0","0","0","67301","0","0","0","N","0","0","0","5","67301","0","","1.0","","9","N","N","N","0","","0","0","1","0","0","","","2","0","0","0","0","0","0","2","0","2","","04","","N","","","","","","","","","",""
"2021008153","2115","1","0","0","0","0","0","0","0","0","1","1","35","67","12","2020","1","39.980416","-75.104142","2104","6","0","0","0","0","0","0","0","0","","0","1","0","","","1","N","0","","39 58:49.499","1","0","75 06:14.912","8","0","0","0","67301","0","0","0","N","0","0","0","1","68K01","0","","1.0","2204.0","1","N","N","N","0","","0","0","0","0","0","N","","2","1","0","0","0","1","0","2","0","2","","","Y","Y","4","1","N","N","N","Y","N","N","N","N"
"2021009215","1100","3","0","0","0","0","0","0","0","0","4","0","","67","7","2020","2","39.940504","-75.218948","1100","6","0","0","0","0","0","1","1","0","","1","0","0","","","2","","1","","39 56:25.815","7","0","75 13:08.211","1","0","0","0","67301","0","0","0","N","0","0","0","3","67301","0","2","1.0","1300.0","1","N","N","N","0","0","0","2","1","3","2","Y","","4","2","1","0","1","0","0","2","0","4","","03","","N","","","","","","","","","",""
"2021010433","2300","2","0","0","0","0","0","0","0","0","1","0","","67","7","2020","4","","","","6","0","0","0","0","0","0","0","0","","0","0","0","","","1","N","0","","","","0","","8","0","0","0","67301","0","0","0","N","0","0","0","2","00000","0","","1.0","","1","","","N","0","","0","0","0","0","0","","","2","1","0","0","0","1","0","1","0","2","","","","N","","","","","","","","","",""
"2021002653","1530","2","0","0","0","0","0","0","0","0","1","0","","67","5","2020","3","40.062032","-75.137224","","6","0","0","0","0","0","0","0","0","","0","0","0","","","1","N","0","","40 03:43.314","","0","75 08:14.008","8","0","0","0","67301","0","0","0","N","0","0","0","2","00000","0","","1.0","","1","","","N","0","","0","0","0","3","2","","","2","1","0","0","0","1","0","2","0","2","","","","N","","","","","","","","","",""
"2021004118","1203","1","0","0","0","0","0","0","0","0","7","0","","67","12","2020","4","39.891317","-75.228629","1144","6","0","0","0","0","0","1","0","0","","1","0","0","","","0","N","0","","39 53:28.740","4","0","75 13:43.065","1","0","0","0","67301","0","0","0","N","0","0","0","1","67301","0","2","5.0","1500.0","99","N","N","N","0","0","0","0","0","0","0","Y","","1","0","0","0","0","0","0","2","0","1","","98","","N","","","","","","","","","",""
"2021014553","2104","0","0","0","0","0","0","0","0","0","1","0","","67","9","2020","7","40.021617","-75.162583","","6","0","0","0","0","0","0","0","0","","0","0","0","","","2","Y","0","","40 01:17.822","","0","75 09:45.299","8","0","0","0","67301","0","0","0","N","0","0","0","4","00000","0","","1.0","","1","","","N","1","","0","0","1","3","2","","","2","2","0","0","0","2","0","2","0","2","","","","N","","","","","","","","","",""
"2021013419","1830","1","0","0","0","0","0","0","0","0","4","0","","67","10","2020","5","40.035988","-75.115143","","6","0","0","0","0","0","1","0","0","","0","0","0","","","1","","2","","40 02:09.556","","0","75 06:54.514","8","0","0","0","67301","0","0","0","N","0","0","0","2","00000","0","","1.0","","1","","","N","1","","0","0","0","9","9","","","2","1","0","0","0","1","0","2","0","2","","","","N","","","","","","","","","",""
"2021010435","1345","1","0","0","0","0","0","0","0","0","4","0","","67","6","2020","2","40.039159","-75.191725","","6","0","0","0","0","0","1","0","0","","0","0","0","","","1","","1","","40 02:20.972","","0","75 11:30.209","8","0","0","0","67301","0","0","0","N","0","0","0","2","00000","0","","1.0","","1","","","N","0","","0","0","1","3","2","","","2","1","0","0","0","1","0","2","0","2","","","","N","","","","","","","","","",""
"2021004117","0720","1","0","0","0","0","0","0","0","0","4","0","","67","6","2020","3","39.968938","-75.159915","","6","0","0","0","0","0","0","0","0","","0","0","0","","","0","","1","","39 58:08.176","","0","75 09:35.694","0","0","0","0","67301","0","0","0","N","0","0","0","2","00000","0","","1.0","","1","","","N","0","","0","0","1","3","2","","","2","0","0","0","0","0","0","2","0","2","","","","N","","","","","","","","","",""
"2021011755","1245","2","0","0","0","0","0","0","0","0","1","0","","67","9","2020","4","40.007648","-75.190421","","6","0","0","0","0","0","0","0","0","","0","0","0","","","1","Y","0","","40 00:27.533","","0","75 11:25.517","8","0","0","0","67301","0","0","0","N","0","0","0","2","00000","0","","1.0","","1","","","N","0","","0","0","0","3","2","","","2","1","0","0","0","1","0","2","0","2","","","","N","","","","","","","","","",""
"2021024847","2315","1","0","0","0","0","0","0","0","0","8","0","","67","10","2020","4","39.998314","-75.129306","1900","6","0","0","0","0","0","0","0","0","","0","0","0","","","1","N","0","","39 59:53.930","","0","75 07:45.500","8","0","0","0","67301","1","0","0","N","1","0","0","2","67301","0","","1.0","","99","N","N","N","0","","0","0","0","0","0","","","2","1","0","0","0","1","0","2","0","1","","","","N","","","","","","","","","",""
"2021002377","1345","1","0","0","0","0","0","0","0","0","4","0","","67","5","2020","3","40.080957","-75.028675","","6","0","0","0","0","0","0","0","0","","0","0","0","","","1","","1","","40 04:51.445","","0","75 01:43.230","8","0","0","0","67301","0","0","0","N","0","0","0","2","00000","0","","1.0","","1","","","N","0","","0","0","1","3","2","","","2","1","0","0","0","1","0","2","0","2","","","","N","","","","","","","","","",""
"2021013310","0800","1","0","0","0","0","0","0","0","0","1","0","","67","9","2020","7","39.952925","-75.246703","","6","0","0","0","0","0","0","0","0","","0","0","0","","","2","","1","","39 57:10.529","","0","75 14:48.130","8","0","0","0","67301","0","0","0","N","0","0","0","3","00000","0","","1.0","","1","","","N","0","","0","0","0","3","2","","","2","2","0","0","0","2","0","2","0","2","","","","N","","","","","","","","","",""
"2021002298","","1","0","0","0","0","0","0","0","0","4","0","","67","5","2020","7","40.05061","-75.177451","","6","0","0","0","0","0","0","0","0","","0","0","0","","","1","","1","","40 03:02.195","","0","75 10:38.823","8","0","0","0","67301","0","0","0","N","0","0","0","2","00000","0","","1.0","","1","","","N","0","","0","0","1","3","3","","","2","1","0","0","0","1","0","2","0","2","","","","N","","","","","","","","","",""
"2021002251","","1","0","0","0","0","0","0","0","0","5","0","","67","3","2020","6","39.96225","-75.244722","","6","0","0","0","0","0","0","1","0","","0","0","0","","","0","N","0","","39 57:44.100","","0","75 14:41.000","8","0","0","0","67301","0","0","0","N","0","0","0","2","00000","0","","1.0","","1","","","N","0","","0","0","1","0","0","","","2","1","0","0","0","1","0","2","0","2","","","","N","","","","","","","","","",""
"2021005946","2318","0","0","0","0","0","0","0","0","0","4","0","","67","12","2020","5","40.033998","-75.074369","2315","6","0","0","1","0","0","1","0","0","","0","0","0","","","2","","1","","40 02:02.392","1","0","75 04:27.730","3","0","0","0","67301","0","0","0","N","0","0","0","3","67301","0","","1.0","30.0","7","N","N","N","0","","2","0","0","3","2","N","","2","2","0","0","0","0","0","2","2","2","","10","","N","","","","","","","","","",""
"2021023512","0800","1","0","0","0","0","0","0","0","0","1","0","","67","3","2020","6","40.028323","-75.057711","","6","0","0","0","0","0","1","0","0","","0","0","0","","","1","N","0","","40 01:41.964","","0","75 03:27.761","8","0","0","0","67301","0","0","0","N","0","0","0","2","00000","0","","1.0","","1","","","N","0","","0","0","0","0","0","","","2","1","0","0","0","1","0","2","1","2","","","","N","","","","","","","","","",""
"2021004113","2020","1","0","0","0","0","0","1","0","0","5","1","","67","12","2020","3","40.049298","-75.18396","1951","6","0","0","0","0","0","0","0","0","","0","0","0","","","1","N","3","","40 02:57.473","","0","75 11:02.255","8","0","0","0","67301","0","0","0","N","0","0","0","2","67508","0","","1.0","","1","N","N","Y","0","","0","0","0","0","0","","","2","1","0","0","0","1","0","2","0","2","","03","","N","","","","","","","","","",""
"2021003716","","2","0","0","0","0","0","0","0","0","4","0","","67","1","2020","5","40.045593","-75.071436","","6","0","1","0","0","0","0","0","0","","0","0","0","","","1","","1","","40 02:44.136","","0","75 04:17.168","8","0","0","0","67301","0","0","0","N","0","0","0","2","00000","0","","1.0","","1","","","N","0","","0","0","0","3","3","","","2","1","0","0","0","1","0","2","0","2","","","","N","","","","","","","","","",""
"2021000241","1657","1","0","0","0","0","0","0","0","0","4","1","","67","12","2020","5","40.131656","-75.0122","1630","6","0","0","0","0","0","0","1","0","","0","0","0","","","0","","1","","40 07:53.962","3","0","75 00:43.919","0","0","0","0","67301","0","0","0","N","0","0","0","2","67301","0","","1.0","1835.0","9","N","N","N","1","","0","0","0","3","2","N","","2","0","0","0","0","0","0","2","0","2","","07","","N","","","","","","","","","",""
"2021013421","1115","0","0","0","0","0","0","0","0","0","1","0","","67","8","2020","7","40.021866","-75.04008","","6","0","0","0","0","0","0","1","0","","0","0","0","","","1","","1","","40 01:18.716","","2","75 02:24.287","8","0","0","0","67301","0","0","0","N","0","0","0","2","00000","0","","1.0","","1","","","N","0","","0","0","1","3","2","","","2","1","0","0","0","1","0","2","0","2","","","","N","","","","","","","","","",""
"2021002247","","2","0","0","0","0","0","0","0","0","4","0","","67","3","2020","3","40.080757","-75.028601","","6","0","0","0","1","0","0","0","0","","0","0","0","","","0","","1","","40 04:50.725","","0","75 01:42.964","0","0","0","0","67301","0","0","0","N","0","0","0","2","00000","0","","1.0","","1","","","N","0","","0","0","0","3","2","","","2","0","0","0","0","0","0","2","0","2","","","","N","","","","","","","","","",""
"2021006539","1250","0","0","0","0","0","0","0","0","0","4","0","","67","6","2020","2","","","","6","0","0","0","0","0","0","0","0","","0","0","0","","","2","","1","","","","0","","8","0","0","0","67301","0","0","0","N","0","0","0","2","00000","0","","1.0","","1","","","N","0","","0","0","0","3","2","","","2","2","0","0","0","2","0","1","0","2","","","","N","","","","","","","","","",""
"2021034555","1803","0","0","0","0","0","0","0","0","0","5","0","","67","5","2020","4","40.027732","-75.061017","1803","6","0","0","0","0","0","0","0","0","","0","0","0","","","0","N","0","","40 01:39.835","","0","75 03:39.660","0","0","0","0","67301","0","0","0","N","0","0","0","1","67301","0","","6.0","","1","N","N","Y","1","","0","0","1","0","0","","","2","0","0","0","0","0","0","2","0","2","","03","","N","","","","","","","","","",""
"2021002235","","1","0","0","0","0","0","0","0","0","4","0","","67","4","2020","7","39.970359","-75.16055","","6","0","0","0","0","0","1","0","0","","0","0","0","","","0","","1","","39 58:13.292","","0","75 09:37.979","0","0","0","0","67301","0","0","0","N","0","0","0","2","00000","0","","1.0","","1","","","N","0","","0","0","0","3","3","","","2","0","0","0","0","0","0","2","0","2","","","","N","","","","","","","","","",""
"2021006194","1930","0","0","0","0","0","0","0","0","0","8","0","","67","8","2020","4","39.94024","-75.167956","1925","6","0","0","0","0","0","1","0","0","","0","0","0","","","1","","1","","39 56:24.864","","0","75 10:04.641","4","0","0","0","67301","1","0","0","N","1","0","0","2","67301","1","","1.0","","1","N","N","N","0","","0","0","0","3","2","","","2","1","0","0","0","0","0","2","1","1","","","","N","","","","","","","","","",""
"2021001171","1449","1","0","0","0","0","0","0","0","0","1","0","","67","12","2020","5","39.940426","-75.143136","1433","6","0","0","0","0","0","0","0","0","","0","0","0","","","0","N","6","","39 56:25.534","","2","75 08:35.290","9","0","0","0","67301","0","0","0","N","0","0","0","3","68K01","0","","1.0","","9","N","N","N","0","","0","0","1","0","0","","","3","0","0","0","0","0","1","2","0","3","","03","","N","","","","","","","","","",""
"2021023517","1800","1","0","0","0","0","0","0","0","0","1","0","","67","11","2020","2","","","","6","0","0","0","0","0","1","0","0","","0","0","0","","","1","N","0","","","","0","","8","0","0","0","67301","0","0","0","N","0","0","0","2","00000","0","","1.0","","1","","","N","0","","0","0","1","0","0","","","2","1","0","0","0","1","0","1","0","2","","","","N","","","","","","","","","",""
"2021008093","0816","0","0","0","0","0","0","0","0","0","8","0","","67","11","2020","2","40.011545","-75.108042","0807","6","0","0","0","0","0","0","0","0","","1","0","0","","","0","N","1","","40 00:41.562","","0","75 06:28.950","1","0","0","1","67301","1","1","0","N","1","1","0","2","67301","0","2","9.0","","99","N","N","N","0","0","0","0","0","9","9","","","2","0","0","0","0","0","1","2","0","1","","","","N","","","","","","","","","",""
"2021034551","1803","2","0","0","0","0","0","1","0","0","5","1","","67","5","2020","4","40.030827","-75.054624","1803","6","0","0","0","0","0","0","0","0","","0","0","0","","","4","Y","0","","40 01:50.976","","0","75 03:16.646","2","0","0","0","67301","0","0","0","N","0","0","0","6","67301","0","","6.0","","1","N","N","N","1","","0","1","0","3","2","","","4","4","0","0","0","3","0","2","0","4","","03","","N","","","","","","","","","",""
"2021004457","1400","0","0","0","0","0","0","0","0","0","5","0","","67","6","2020","6","40.017826","-75.171651","","6","0","0","0","0","0","1","0","0","","0","0","0","","","3","N","0","","40 01:04.175","","0","75 10:17.945","8","0","0","0","67301","0","0","0","N","0","0","0","4","00000","0","","1.0","","1","","","N","0","","0","0","1","0","0","","","2","3","0","0","0","3","0","2","1","2","","","","N","","","","","","","","","",""
"2021011192","1817","2","0","0","0","0","0","0","0","0","4","0","","67","7","2020","2","39.978597","-75.213624","","6","0","0","0","0","0","0","0","0","","0","0","0","","","0","","1","","39 58:42.950","","0","75 12:49.048","0","0","0","0","67301","0","0","0","N","0","0","0","2","00000","0","","1.0","","1","","","N","0","","0","0","0","3","2","","","2","0","0","0","0","0","0","2","0","2","","","","N","","","","","","","","","",""
"2021002655","1400","2","0","0","0","0","0","0","0","0","4","0","","67","5","2020","2","39.985315","-75.166253","","6","0","0","0","0","0","0","0","0","","0","0","0","","","2","","2","","39 59:07.134","","0","75 09:58.510","8","0","0","0","67301","0","0","0","N","0","0","0","3","00000","0","","1.0","","1","","","N","0","","0","0","0","3","3","","","2","2","0","0","0","2","0","2","0","2","","","","N","","","","","","","","","",""
"2021000250","1030","0","0","0","0","0","0","0","0","0","4","1","","67","12","2020","5","40.004314","-75.128004","1015","6","0","0","0","0","0","0","0","0","","0","1","0","","","0","","1","","40 00:15.530","","0","75 07:40.814","0","0","0","0","67301","0","0","0","N","0","0","0","2","67301","0","","1.0","","1","N","N","N","0","","0","0","1","3","2","","","2","0","0","0","0","0","0","2","0","2","","","","N","","","","","","","","","",""
"2021001188","1017","1","0","0","0","0","0","0","0","0","7","0","","67","12","2020","6","39.981142","-75.206755","1014","6","0","0","0","0","0","0","0","0","","0","0","0","","","4","N","0","","39 58:52.112","","0","75 12:24.318","8","0","0","0","67301","0","0","0","N","0","0","0","4","68K01","0","","4.0","","8","N","N","N","0","","0","0","0","0","0","","","1","4","4","0","0","4","0","2","0","1","","07","","N","","","","","","","","","",""
"2021010434","1500","0","0","0","0","0","0","0","0","0","4","0","","67","7","2020","4","40.014649","-75.178448","","6","0","0","0","0","0","1","0","0","","0","0","0","","","1","","1","","40 00:52.738","","2","75 10:42.411","8","0","0","0","67301","0","0","0","N","0","0","0","2","00000","0","","1.0","","1","","","N","0","","0","0","1","3","2","","","2","1","0","0","0","1","0","2","1","2","","","","N","","","","","","","","","",""
"2021000377","1308","4","0","0","0","0","0","0","0","0","5","0","","67","12","2020","3","39.97898","-75.118529","1305","6","0","0","0","0","0","1","0","0","","0","0","0","","","1","N","0","","39 58:44.328","","0","75 07:06.706","8","0","0","0","67301","0","0","0","N","0","0","0","3","67301","0","","1.0","","1","N","N","N","0","","0","0","0","9","8","","","4","1","0","0","0","1","0","2","0","4","","","","N","","","","","","","","","",""
"2021002496","0820","0","0","0","0","0","0","0","0","0","1","0","","67","12","2020","4","40.043427","-75.003111","0806","6","0","0","0","0","0","0","0","0","","0","0","0","","","0","N","0","","40 02:36.337","2","0","75 00:11.198","0","0","0","0","67301","0","0","0","N","0","0","0","2","68K01","0","","1.0","10.0","2","N","N","N","1","","0","0","0","0","0","N","","2","0","0","0","0","0","0","2","1","2","","03","","N","","","","","","","","","",""
"2021014547","2145","0","0","0","0","0","0","0","0","0","5","0","","67","10","2020","6","39.999639","-75.150417","","6","0","0","0","0","0","1","0","0","","0","0","0","","","0","N","0","","39 59:58.700","","0","75 09:01.500","0","0","0","0","67301","0","0","0","N","0","0","0","1","00000","0","","6.0","","1","","","N","0","","0","0","1","0","0","","","2","0","0","0","0","0","0","2","1","2","","","","N","","","","","","","","","",""
"2021004122","1545","2","0","0","0","0","0","0","0","0","4","0","","67","5","2020","1","40.055123","-75.17663","","6","0","0","0","0","0","1","0","0","","0","0","0","","","1","","1","","40 03:18.444","","0","75 10:35.869","8","0","0","0","67301","0","0","0","N","0","0","0","2","00000","0","","1.0","","1","","","N","0","","0","0","0","3","3","","","2","1","0","0","0","1","0","2","0","2","","","","N","","","","","","","","","",""
"2021006482","1400","0","0","0","0","0","0","0","0","0","4","0","","67","6","2020","1","40.049721","-75.171733","","6","0","0","0","0","0","1","0","0","","0","0","0","","","2","","1","","40 02:58.996","","0","75 10:18.240","8","0","0","0","67301","0","0","0","N","0","0","0","3","00000","0","","1.0","","1","","","N","0","","0","0","2","0","0","","","2","2","0","0","0","2","0","2","0","2","","","","N","","","","","","","","","",""
"2021013340","9999","0","0","0","0","0","0","0","0","0","5","1","","67","10","2020","2","","","9999","6","0","0","0","0","0","1","0","0","","0","1","0","","","1","N","0","","","","0","","8","0","0","0","67301","0","0","0","N","0","0","0","3","00000","0","","1.0","","1","","","N","0","","0","0","1","0","0","","","2","1","0","0","0","1","0","1","0","2","","","","N","","","","","","","","","",""
"2021013332","0800","0","0","0","0","0","0","0","0","0","4","0","","67","3","2020","5","40.028683","-75.117741","","6","0","0","0","0","0","0","0","0","","0","0","0","","","2","","1","","40 01:43.257","","0","75 07:03.868","8","0","0","0","67301","0","0","0","N","0","0","0","3","00000","0","","1.0","","1","","","N","0","","0","0","0","3","2","","","2","2","0","0","0","2","0","2","0","2","","","","N","","","","","","","","","",""
"2021010372","1810","0","0","0","0","0","0","0","0","0","4","0","","67","7","2020","5","39.93973","-75.225514","","6","0","0","0","0","0","1","0","0","","0","0","0","","","0","","1","","39 56:23.027","","0","75 13:31.850","0","0","0","0","67301","0","0","0","N","0","0","0","2","00000","0","","1.0","","1","","","N","0","","0","0","1","3","2","","","2","0","0","0","0","0","0","2","0","2","","","","N","","","","","","","","","",""
"2021023524","2230","2","0","0","0","0","0","0","0","0","4","0","","67","12","2020","3","39.989102","-75.16541","","6","0","0","0","0","0","0","0","0","","0","0","0","","","2","","1","","39 59:20.768","","0","75 09:55.475","8","0","0","0","67301","0","0","0","N","0","0","0","2","00000","0","","1.0","","1","","","N","0","","0","0","0","3","3","","","2","2","0","0","0","2","0","2","0","2","","","","N","","","","","","","","","",""
"2021004479","2300","2","0","0","0","0","0","0","0","0","1","0","","67","6","2020","2","40.03942","-75.110156","","6","0","0","0","0","0","1","0","0","","0","0","0","","","1","Y","0","","40 02:21.913","","0","75 06:36.561","8","0","0","0","67301","0","0","0","N","0","0","0","2","00000","0","","1.0","","1","","","N","0","","0","0","0","3","2","","","2","1","0","0","0","1","0","2","0","2","","","","N","","","","","","","","","",""
"2021003929","0822","2","0","0","0","0","0","0","0","0","4","0","","67","11","2020","5","39.982912","-75.207896","0818","6","0","0","0","0","0","0","0","0","","0","0","0","","","1","N","0","","39 58:58.482","4","0","75 12:28.425","3","0","0","0","67301","0","0","0","N","0","0","0","1","68K01","0","","1.0","905.0","1","N","N","N","0","","1","0","0","0","0","Y","","2","1","0","0","0","0","0","2","0","2","","","","N","","","","","","","","","",""