"CRN","ARRIVAL_TM","AUTOMOBILE_COUNT","BELTED_DEATH_COUNT","BELTED_SUSP_SERIOUS_INJ_COUNT","BICYCLE_COUNT","BICYCLE_DEATH_COUNT","BICYCLE_SUSP_SERIOUS_INJ_COUNT","BUS_COUNT","CHLDPAS_DEATH_COUNT","CHLDPAS_SUSP_SERIOUS_INJ_COUNT","COLLISION_TYPE","COMM_VEH_COUNT","CONS_ZONE_SPD_LIM","COUNTY","CRASH_MONTH","CRASH_YEAR","DAY_OF_WEEK","DEC_LATITUDE","DEC_LONGITUDE","DISPATCH_TM","DISTRICT","DRIVER_COUNT_16YR","DRIVER_COUNT_17YR","DRIVER_COUNT_18YR","DRIVER_COUNT_19YR","DRIVER_COUNT_20YR","DRIVER_COUNT_50_64YR","DRIVER_COUNT_65_74YR","DRIVER_COUNT_75PLUS","EST_HRS_CLOSED","FATAL_COUNT","HEAVY_TRUCK_COUNT","HORSE_BUGGY_COUNT","HOUR_OF_DAY","ILLUMINATION","INJURY_COUNT","INTERSECTION_RELATED","INTERSECT_TYPE","LANE_CLOSED","LATITUDE","LN_CLOSE_DIR","LOCATION_TYPE","LONGITUDE","MAX_SEVERITY_LEVEL","MCYCLE_DEATH_COUNT","MCYCLE_SUSP_SERIOUS_INJ_COUNT","MOTORCYCLE_COUNT","MUNICIPALITY","NONMOTR_COUNT","NONMOTR_DEATH_COUNT","NONMOTR_SUSP_SERIOUS_INJ_COUNT","NTFY_HIWY_MAINT","PED_COUNT","PED_DEATH_COUNT","PED_SUSP_SERIOUS_INJ_COUNT","PERSON_COUNT","POLICE_AGCY","POSSIBLE_INJ_COUNT","RDWY_SURF_TYPE_CD","RELATION_TO_ROAD","ROADWAY_CLEARED","ROAD_CONDITION","SCH_BUS_IND","SCH_ZONE_IND","SECONDARY_CRASH","SMALL_TRUCK_COUNT","SPEC_JURIS_CD","SUSP_MINOR_INJ_COUNT","SUSP_SERIOUS_INJ_COUNT","SUV_COUNT","TCD_FUNC_CD","TCD_TYPE","TFC_DETOUR_IND","TIME_OF_DAY","TOTAL_UNITS","TOT_INJ_COUNT","UNBELTED_OCC_COUNT","UNB_DEATH_COUNT","UNB_SUSP_SERIOUS_INJ_COUNT","UNK_INJ_DEG_COUNT","UNK_INJ_PER_COUNT","URBAN_RURAL","VAN_COUNT","VEHICLE_COUNT","WEATHER1","WEATHER2","WORKERS_PRES","WORK_ZONE_IND","WORK_ZONE_LOC","WORK_ZONE_TYPE","WZ_CLOSE_DETOUR","WZ_FLAGGER","WZ_LAW_OFFCR_IND","WZ_LN_CLOSURE","WZ_MOVING","WZ_OTHER","WZ_SHLDER_MDN","WZ_WORKERS_INJ_KILLED"
"2021005953","0010","0","0","0","0","0","0","0","0","0","4","0","","67","12","2020","3","40.005465","-75.145833","0008","6","0","0","0","1","0","1","0","0","","1","0","0","","","0","N","1","","40 00:19.674","6","0","75 08:44.998","1","0","0","0","67301","0","0","0","N","0","0","0","2","67301","0","2","1.0","100.0","1","N","N","N","0","0","0","0","1","0","0","N","","2","0","2","1","0","0","0","2","1","2","","03","","N","","","","","","","","","",""
"2021002723","1400","0","0","0","0","0","0","0","0","0","5","0","","67","5","2020","4","39.963213","-75.167132","","6","0","0","0","0","0","2","0","0","","0","0","0","","","0","N","0","","39 57:47.565","","0","75 10:01.676","0","0","0","0","67301","0","0","0","N","0","0","0","2","00000","0","","1.0","","1","","","N","0","","0","0","1","0","0","","","2","0","0","0","0","0","0","2","1","2","","","","N","","","","","","","","","",""
"2022079903","","2","0","0","0","0","0","0","0","0","3","0","","67","9","2020","5","40.022806","-75.143611","","6","0","0","0","0","0","0","0","0","","0","0","0","","","3","N","0","","40 01:22.100","","0","75 08:37.000","8","0","0","0","67301","0","0","0","N","0","0","0","4","00000","0","","1.0","","1","","","N","0","","0","0","0","0","0","","","2","3","0","0","0","3","0","2","0","2","","","","N","","","","","","","","","",""
"2021009357","1150","3","0","0","0","0","0","0","0","0","2","0","","67","11","2020","7","39.964094","-75.2324","1145","6","0","0","0","0","0","1","0","0","","0","0","0","","","0","N","0","","39 57:50.740","4","0","75 13:56.640","0","0","0","0","67301","0","0","0","N","0","0","0","4","67301","0","","4.0","210.0","1","N","N","N","0","","0","0","1","0","0","Y","","4","0","2","0","0","0","0","2","0","4","","03","","N","","","","","","","","","",""
"2022079286","","0","0","0","0","0","0","0","0","0","4","0","","67","7","2020","2","39.903432","-75.243164","","6","0","0","0","0","0","0","1","0","","0","0","0","","","1","","1","","39 54:12.355","","0","75 14:35.390","8","0","0","0","67301","0","0","0","N","0","0","0","2","00000","0","","1.0","","1","","","N","0","","0","0","1","3","2","","","2","1","0","0","0","1","0","2","0","2","","","","N","","","","","","","","","",""
"2022079285","","1","0","0","0","0","0","0","0","0","1","0","","67","9","2020","7","40.000703","-75.148046","","6","0","0","0","0","0","1","0","0","","0","0","0","","","1","N","0","","40 00:02.530","","0","75 08:52.965","8","0","0","0","67301","0","0","0","N","0","0","0","2","00000","0","","1.0","","1","","","N","0","","0","0","0","0","0","","","2","1","0","0","0","1","0","2","0","2","","","","N","","","","","","","","","",""
"2021001856","","1","0","0","0","0","0","0","0","0","1","0","","67","4","2020","6","","","","6","0","0","0","0","0","0","0","0","","0","0","0","","","2","N","0","","","","0","","8","0","0","0","67301","0","0","0","N","0","0","0","2","00000","0","","1.0","","1","","","N","0","","0","0","1","0","0","","","2","2","0","0","0","2","0","1","0","2","","","","N","","","","","","","","","",""
"2021026026","1915","1","0","0","0","0","0","0","0","0","1","0","","67","6","2020","2","39.992675","-75.16822","1912","6","0","0","0","0","0","0","0","0","","0","0","0","","","2","","1","","39 59:33.630","","0","75 10:05.591","4","0","0","0","67301","0","0","0","N","0","0","0","5","67301","2","","1.0","","1","N","N","N","0","","0","0","1","3","2","","","2","2","0","0","0","0","1","2","0","2","","","","N","","","","","","","","","",""
"2022075120","","1","0","0","0","0","0","0","0","0","4","0","","67","9","2020","3","40.015922","-75.07145","","6","0","0","0","0","0","0","0","0","","0","0","0","","","2","","1","","40 00:57.320","","0","75 04:17.220","8","0","0","0","67301","0","0","0","N","0","0","0","3","00000","0","","1.0","","1","","","N","0","","0","0","0","3","2","","","2","2","0","0","0","2","0","2","0","2","","","","N","","","","","","","","","",""
"2021001172","2045","1","0","0","0","0","0","0","0","0","1","0","","67","12","2020","5","40.036887","-75.014483","2031","6","0","0","0","0","0","0","0","1","","0","0","0","","","1","N","0","","40 02:12.794","2","0","75 00:52.137","8","0","0","0","67301","0","0","0","N","0","0","0","3","68K01","0","","1.0","2100.0","9","N","N","N","1","","0","0","0","0","0","N","","2","1","0","0","0","1","0","2","0","2","","","","N","","","","","","","","","",""
"2021026025","1944","1","0","0","0","0","0","0","0","0","1","0","","67","5","2020","6","40.033296","-75.037693","1931","6","0","0","0","0","0","1","0","0","","0","0","0","","","0","","1","","40 01:59.865","","0","75 02:15.694","0","0","0","0","67301","0","0","0","N","0","0","0","2","67301","0","","1.0","","1","N","N","N","0","","0","0","1","3","2","","","2","0","0","0","0","0","0","2","0","2","","03","","N","","","","","","","","","",""
"2021001167","1714","2","0","0","0","0","0","0","0","0","1","0","","67","12","2020","4","39.958181","-75.164273","1704","6","0","0","0","0","0","0","0","0","","0","0","0","","","1","N","6","","39 57:29.451","","2","75 09:51.381","3","0","0","0","67301","0","0","0","N","0","0","0","4","68K01","0","","1.0","","1","N","N","N","0","","1","0","1","0","0","","","3","1","0","0","0","0","0","2","0","3","","03","","N","","","","","","","","","",""
"2022079887","","2","0","0","0","0","0","0","0","0","4","0","","67","12","2020","3","39.984681","-75.156494","","6","0","0","0","0","0","1","0","0","","0","0","0","","","3","","1","","39 59:04.850","","0","75 09:23.377","8","0","0","0","67301","0","0","0","N","0","0","0","4","00000","0","","1.0","","1","","","N","0","","0","0","0","3","2","","","2","3","1","0","0","3","0","2","0","2","","","","N","","","","","","","","","",""
"2022079802","","0","0","0","0","0","0","0","0","0","1","0","","67","12","2020","3","","","","6","0","0","0","0","0","0","0","0","","0","0","0","","","1","N","0","","","","0","","8","0","0","0","67301","0","0","0","N","0","0","0","3","00000","0","","1.0","","1","","","N","0","","0","0","0","0","0","","","3","1","0","0","0","1","0","1","1","3","","","","N","","","","","","","","","",""
"2022039033","1844","1","0","0","0","0","0","0","0","0","8","0","","67","2","2020","1","40.045328","-75.232029","1842","6","0","0","0","0","0","1","0","0","","0","0","0","","","2","","1","","40 02:43.180","","0","75 13:55.304","4","0","0","0","67301","2","0","0","N","2","0","0","3","67301","2","","1.0","","1","N","N","N","0","","0","0","0","3","2","","","3","2","0","0","0","0","0","2","0","1","","03","","N","","","","","","","","","",""
"2022079297","","1","0","0","0","0","0","0","0","0","1","0","","67","12","2020","4","","","","6","0","0","0","0","0","0","0","0","","0","0","0","","","1","N","0","","","","0","","8","0","0","0","67301","0","0","0","N","0","0","0","3","00000","0","","1.0","","1","","","N","0","","0","0","0","0","0","","","2","1","0","0","0","1","0","1","0","2","","","","N","","","","","","","","","",""
"2021002491","2142","2","0","0","0","0","0","0","0","0","5","0","","67","12","2020","2","39.931874","-75.199796","2127","6","0","0","0","0","0","0","0","0","","0","0","0","","","0","N","0","","39 55:54.745","4","0","75 11:59.264","0","0","0","0","67301","0","0","0","N","0","0","0","2","68K01","0","","3.0","30.0","1","N","N","N","0","","0","0","0","0","0","N","","2","0","0","0","0","0","0","2","0","2","","","","N","","","","","","","","","",""
"2022079283","","1","0","0","0","0","0","0","0","0","4","0","","67","11","2020","5","","","","6","0","0","1","0","0","0","0","0","","0","0","0","","","3","","1","","","","0","","8","0","0","0","67301","0","0","0","N","0","0","0","4","00000","0","","1.0","","1","","","N","0","","0","0","0","3","3","","","2","3","0","0","0","3","0","1","0","2","","","","N","","","","","","","","","",""
"2022079287","","1","0","0","0","0","0","0","0","0","4","0","","67","12","2020","7","40.109667","-75.026222","","6","0","0","0","0","0","1","0","0","","0","0","0","","","1","N","0","","40 06:34.800","","7","75 01:34.400","8","0","0","0","67301","0","0","0","N","0","0","0","2","00000","0","","1.0","","1","N","N","N","0","","0","0","0","0","0","","","2","1","0","0","0","1","0","2","0","2","","03","","N","","","","","","","","","",""
"2023056124","0858","1","0","0","0","0","0","0","0","0","1","0","","67","10","2020","6","40.012418","-75.183141","0852","6","0","0","0","0","0","0","0","0","","0","0","0","","","1","N","0","","40 00:44.704","","0","75 10:59.307","3","0","0","0","67301","0","0","0","N","0","0","0","2","67301","0","","1.0","","9","N","N","N","0","","1","0","1","0","0","","","2","1","0","0","0","0","0","2","0","2","","07","","N","","","","","","","","","",""
"2023051422","1628","1","0","0","0","0","0","0","0","0","2","0","","67","10","2020","6","40.001536","-75.104258","1628","6","0","0","0","0","0","0","0","0","","0","0","0","","","0","","5","","40 00:05.531","","0","75 06:15.328","0","0","0","0","67301","0","0","0","N","0","0","0","2","67301","0","","1.0","","1","N","N","N","0","","0","0","0","9","2","","","2","0","2","0","0","0","0","2","1","2","","03","","N","","","","","","","","","",""
"2023118219","1220","1","0","0","0","0","0","0","0","0","4","1","","67","6","2020","3","40.071948","-75.201754","1217","6","0","0","0","0","0","0","0","0","","0","1","0","","","1","N","0","","40 04:19.012","5","0","75 12:06.315","4","0","0","0","67301","0","0","0","N","0","0","0","2","67301","1","","1.0","1300.0","1","N","N","N","0","","0","0","0","0","0","Y","","2","1","0","0","0","0","0","2","0","2","","03","","N","","","","","","","","","",""
"2021001197","0828","1","0","0","0","0","0","0","0","0","5","0","","67","12","2020","7","39.961141","-75.139976","0809","6","0","0","0","0","0","2","0","0","","0","0","0","","","0","N","0","","39 57:40.109","","0","75 08:23.912","0","0","0","0","67301","0","0","0","N","0","0","0","2","68K01","0","","1.0","","1","N","N","N","0","","0","0","1","0","0","","","2","0","0","0","0","0","0","2","0","2","","03","","N","","","","","","","","","",""
"2023112011","1125","0","0","0","0","0","0","0","0","0","4","1","","67","5","2020","2","40.012431","-75.176353","1119","6","0","0","0","0","0","0","0","1","","0","1","0","","","3","N","0","","40 00:44.750","1","0","75 10:34.870","8","0","0","0","67301","0","0","0","N","0","0","0","3","67301","0","","1.0","1230.0","1","N","N","N","0","","0","0","0","0","0","Y","","2","3","0","0","0","3","0","2","1","2","","03","","N","","","","","","","","","",""
"2021001180","0400","2","0","0","0","0","0","0","0","0","5","0","","67","12","2020","6","39.891186","-75.19929","0354","6","0","0","0","0","0","0","0","0","","0","0","0","","","2","N","0","","39 53:28.268","2","3","75 11:57.445","8","0","0","0","67301","0","0","0","N","0","0","0","2","68K01","0","","1.0","450.0","9","N","N","N","0","","0","0","0","0","0","N","","2","2","1","0","0","2","0","2","0","2","","","","N","","","","","","","","","",""
"2021001156","1013","2","0","0","0","0","0","0","0","0","1","0","","67","12","2020","3","39.934021","-75.199934","0958","6","0","0","0","0","0","1","0","0","","0","0","0","","","4","N","0","","39 56:02.476","4","0","75 11:59.764","3","0","0","0","67301","0","0","0","N","0","0","0","4","68K01","0","","1.0","1030.0","1","N","N","N","0","","4","0","1","0","0","N","","3","4","0","0","0","0","0","2","0","3","","","","N","","","","","","","","","",""
"2023118220","1655","1","0","0","0","0","0","0","0","0","4","1","","67","6","2020","3","39.991086","-75.156907","1655","6","0","0","0","0","0","0","0","0","","0","1","0","","","1","","1","","39 59:27.909","","0","75 09:24.865","4","0","0","0","67301","0","0","0","N","0","0","0","2","67301","1","","1.0","","1","N","N","N","0","","0","0","0","3","3","","","2","1","0","0","0","0","1","2","0","2","","03","","N","","","","","","","","","",""
"2024012983","1341","1","0","0","0","0","0","0","0","0","1","0","","67","9","2020","5","39.954223","-75.236336","1341","6","0","0","0","0","0","0","0","0","","0","0","0","","","1","","1","","39 57:15.202","","0","75 14:10.809","8","0","0","0","67301","0","0","0","N","0","0","0","2","67301","0","","1.0","","1","N","N","N","0","","0","0","0","3","7","","","2","1","0","0","0","1","0","2","1","2","","03","","N","","","","","","","","","",""
"2024013105","1146","2","0","0","0","0","0","0","0","0","4","0","","67","6","2020","5","39.96766","-75.230084","1146","6","0","0","0","0","0","0","0","0","","0","0","0","","","1","","1","","39 58:03.575","","0","75 13:48.302","8","0","0","0","67301","0","0","0","N","0","0","0","3","67301","0","","1.0","","1","N","N","N","0","","0","0","0","3","3","","","3","1","0","0","0","1","2","2","0","3","","03","","N","","","","","","","","","",""
"2024015322","0820","2","0","0","0","0","0","0","0","0","5","0","","67","1","2020","3","39.981903","-75.250456","0815","6","0","0","0","0","0","0","0","0","","0","0","0","","","0","N","0","","39 58:54.850","","0","75 15:01.640","0","0","0","0","67301","0","0","0","N","0","0","0","2","67301","0","","1.0","","1","N","Y","N","0","","0","0","0","0","0","","","2","0","0","0","0","0","0","2","0","2","","03","","N","","","","","","","","","",""
"2021045672","1800","0","0","0","0","0","0","0","0","0","1","1","","67","1","2020","4","39.957028","-75.245694","1731","6","0","0","0","0","0","0","0","0","","0","1","0","","","1","N","0","","39 57:25.300","","0","75 14:44.500","3","0","0","0","67301","0","0","0","N","0","0","0","2","67301","0","","6.0","","1","N","N","N","0","","1","0","1","0","0","","","2","1","0","0","0","0","1","2","0","2","","03","","N","","","","","","","","","",""
"2021001870","","2","0","0","0","0","0","0","0","0","4","0","","67","4","2020","5","39.964539","-75.151263","","6","0","0","0","0","0","0","0","0","","0","0","0","","","1","","1","","39 57:52.340","","0","75 09:04.546","8","0","0","0","67301","0","0","0","N","0","0","0","2","00000","0","","1.0","","1","","","N","0","","0","0","0","3","3","","","2","1","0","0","0","1","0","2","0","2","","","","N","","","","","","","","","",""
"2021045671","1115","1","0","0","0","0","0","0","0","0","6","0","","67","4","2020","4","39.993639","-75.2145","1103","6","0","0","0","0","0","0","0","0","","0","0","0","","","3","N","0","","39 59:37.100","","0","75 12:52.200","3","0","0","0","67301","0","0","0","N","0","0","0","4","67301","1","","1.0","","1","N","N","N","0","","2","0","0","0","0","","","2","3","0","0","0","0","0","2","1","2","","03","","N","","","","","","","","","",""
"2022043769","","1","0","0","0","0","0","0","0","0","1","0","","67","6","2020","3","39.985789","-75.111556","","6","0","0","0","0","0","1","0","0","","0","0","0","","","1","","1","","39 59:08.840","","0","75 06:41.602","8","0","0","0","67301","0","0","0","N","0","0","0","2","00000","0","","1.0","","1","","","N","1","","0","0","0","3","2","","","2","1","0","0","0","1","0","2","0","2","","","","N","","","","","","","","","",""
"2021001864","","0","0","0","0","0","0","0","0","0","1","0","","67","3","2020","4","39.992957","-75.110258","","6","0","0","0","0","0","0","1","0","","0","0","0","","","1","","1","","39 59:34.645","","0","75 06:36.928","8","0","0","0","67301","0","0","0","N","0","0","0","2","00000","0","","1.0","","1","","","N","0","","0","0","0","3","2","","","2","1","0","0","0","1","0","2","0","2","","","","N","","","","","","","","","",""
"2022079296","","1","0","0","0","0","0","0","0","0","4","0","","67","6","2020","3","40.021542","-75.139806","","6","0","0","0","0","0","1","0","0","","0","0","0","","","1","","1","","40 01:17.552","","0","75 08:23.303","8","0","0","0","67301","0","0","0","N","0","0","0","2","00000","0","","1.0","","1","","","N","0","","0","0","0","3","2","","","2","1","0","0","0","1","0","2","1","2","","","","N","","","","","","","","","",""
"2022079300","","1","0","0","0","0","0","0","0","0","5","0","","67","12","2020","6","40.057541","-75.060035","","6","0","0","0","0","0","0","0","0","","0","0","0","","","1","N","0","","40 03:27.147","","0","75 03:36.125","8","0","0","0","67301","0","0","0","N","0","0","0","2","00000","0","","1.0","","1","","","N","0","","0","0","0","0","0","","","2","1","1","0","0","1","0","2","0","2","","","","N","","","","","","","","","",""
"2021001174","2149","2","0","0","0","0","0","0","0","0","1","0","","67","12","2020","5","39.956969","-75.152646","2146","6","0","0","1","0","0","0","0","0","","0","0","0","","","0","N","0","","39 57:25.087","","0","75 09:09.527","0","0","0","0","67301","0","0","0","N","0","0","0","2","68K01","0","","1.0","","9","N","N","N","0","","0","0","0","0","0","","","2","0","0","0","0","0","0","2","0","2","","","","N","","","","","","","","","",""
"2022079280","","2","0","0","0","0","0","0","0","0","1","0","","67","12","2020","5","39.987714","-75.216154","","6","0","0","0","0","0","0","0","0","","0","0","0","","","1","","3","","39 59:15.771","","0","75 12:58.153","8","0","0","0","67301","0","0","0","N","0","0","0","2","00000","0","","1.0","","1","","","N","0","","0","0","0","3","2","","","2","1","0","0","0","1","0","2","0","2","","","","N","","","","","","","","","",""
"2021002258","1002","1","2","1","0","0","0","0","0","0","7","0","","67","12","2020","4","40.003966","-75.190664","1001","6","0","0","0","0","0","0","0","0","","2","0","0","","","1","N","0","","40 00:14.276","5","0","75 11:26.391","1","0","0","0","67301","0","0","0","N","0","0","0","3","67301","0","2","2.0","1100.0","1","N","N","N","0","0","0","1","0","0","0","N","","1","1","0","0","0","0","0","2","0","1","","03","","N","","","","","","","","","",""
"2021001193","1930","1","0","0","0","0","0","0","0","0","7","0","","67","12","2020","6","39.889349","-75.218771","1922","6","0","0","0","0","0","0","1","0","","0","0","0","","","0","N","0","","39 53:21.658","2","0","75 13:07.576","0","0","0","0","67301","0","0","0","N","0","0","0","1","68K01","0","","7.0","1955.0","1","N","N","N","0","","0","0","0","0","0","Y","","1","0","0","0","0","0","0","2","0","1","","03","","N","","","","","","","","","",""
"2021117930","","0","0","0","0","0","0","0","0","0","7","0","","67","11","2020","1","39.962724","-75.246709","","6","0","0","0","0","0","0","0","0","","0","0","0","","","2","N","0","","39 57:45.805","","1","75 14:48.154","3","0","0","0","67301","0","0","0","N","0","0","0","2","00000","0","","4.0","","9","N","N","N","0","","2","0","1","0","0","","","1","2","0","0","0","0","0","2","0","1","","05","","N","","","","","","","","","",""
"2021002481","0726","2","0","0","0","0","0","0","0","0","5","0","","67","12","2020","7","40.047226","-75.000208","0719","6","0","0","1","0","0","0","0","0","","0","0","0","","","0","N","0","","40 02:50.013","1","0","75 00:00.748","0","0","0","0","67301","0","0","0","N","0","0","0","3","68K01","0","","1.0","730.0","1","N","N","N","0","","0","0","0","0","0","N","","2","0","0","0","0","0","0","2","0","2","","","","N","","","","","","","","","",""
"2021119791","1410","1","0","0","0","0","0","0","0","0","1","1","","67","7","2020","2","40.007546","-75.190059","1351","6","0","0","0","0","0","1","0","0","","0","1","0","","","1","N","0","","40 00:27.164","1","0","75 11:24.214","3","0","0","0","67301","0","0","0","N","0","0","0","2","67301","0","","1.0","30.0","1","N","N","N","0","","1","0","0","0","0","N","","2","1","0","0","0","0","0","2","0","2","","03","","N","","","","","","","","","",""
"2021119790","0115","2","0","0","0","0","0","0","0","0","4","0","","67","10","2020","7","40.035118","-75.069504","0112","6","0","0","0","0","0","0","0","0","","0","0","0","","","0","","1","","40 02:06.425","","0","75 04:10.216","0","0","0","0","67301","0","0","0","N","0","0","0","3","67301","0","","1.0","","1","N","N","N","0","","0","0","1","3","2","","","3","0","0","0","0","0","0","2","0","3","","03","","N","","","","","","","","","",""
"2021000422","1252","0","0","0","0","0","0","0","0","0","5","0","","67","12","2020","4","39.972794","-75.120858","1239","6","0","0","0","0","0","0","0","0","","0","0","0","","","1","N","0","","39 58:22.058","1","0","75 07:15.090","3","0","0","0","67301","0","0","0","N","0","0","0","2","68K01","0","","1.0","1320.0","1","N","N","N","0","","1","0","1","3","8","N","","2","1","0","0","0","0","1","2","0","2","","","","N","","","","","","","","","",""
"2021000323","0910","1","0","0","0","0","0","0","0","0","4","0","","67","12","2020","5","40.011529","-75.069799","0900","6","0","0","0","0","0","0","0","0","","0","0","0","","","0","","1","","40 00:41.506","","0","75 04:11.278","0","0","0","0","67301","0","0","0","N","0","0","0","3","67301","0","","1.0","","9","N","N","N","1","","0","0","0","3","2","","","3","0","0","0","0","0","0","2","1","3","","","","N","","","","","","","","","",""
"2022079393","","1","0","0","0","0","0","0","0","0","4","0","","67","8","2020","1","40.028261","-75.152038","","6","0","0","0","0","0","0","1","0","","0","0","0","","","1","","5","","40 01:41.739","","0","75 09:07.336","8","0","0","0","67301","0","0","0","N","0","0","0","2","00000","0","","1.0","","1","","","N","0","","0","0","0","3","2","","","2","1","0","0","0","1","0","2","0","2","","","","N","","","","","","","","","",""
"2021072640","0325","1","0","0","0","0","0","0","0","0","1","0","","67","11","2020","3","40.025178","-75.125421","0314","6","0","0","0","0","0","0","0","0","","0","0","0","","","2","","1","","40 01:30.639","","0","75 07:31.514","3","0","0","0","67301","0","0","0","N","0","0","0","3","67301","1","","1.0","","1","N","N","N","0","","1","0","0","3","2","","","2","2","3","0","0","0","0","2","1","2","","03","","N","","","","","","","","","",""
"2022079294","","1","0","0","0","0","0","0","0","0","4","0","","67","7","2020","4","40.045609","-75.056416","","6","0","0","0","0","0","0","0","0","","0","0","0","","","1","","2","","40 02:44.193","","7","75 03:23.098","8","0","0","0","67301","0","0","0","N","0","0","0","2","00000","0","","1.0","","1","","","N","0","","0","0","1","3","2","","","2","1","0","0","0","1","0","2","0","2","","","","N","","","","","","","","","",""
"2021077542","2121","0","0","0","0","0","0","0","0","0","7","0","","67","11","2020","4","39.967608","-75.235509","2121","6","0","1","0","0","0","0","0","0","","0","0","0","","","2","","2","","39 58:03.388","","0","75 14:07.832","3","0","0","0","67301","0","0","0","N","0","0","0","3","67301","0","","5.0","","1","N","N","N","0","","2","0","0","3","3","","","1","2","3","0","0","0","0","2","1","1","","03","","N","","","","","","","","","",""
"2021000421","0647","1","0","0","0","0","0","0","0","0","0","0","","67","12","2020","4","40.044891","-75.002517","0640","6","0","0","0","0","0","1","0","0","","0","0","0","","","0","N","0","","40 02:41.607","2","2","75 00:09.061","0","0","0","0","67301","0","0","0","Y","0","0","0","4","68K01","0","","1.0","730.0","2","N","N","N","2","","0","0","1","0","0","N","","4","0","0","0","0","0","0","2","0","4","","04","","N","","","","","","","","","",""
"2021119762","","1","0","0","0","0","0","0","0","0","4","0","","67","3","2020","6","39.935423","-75.220353","","6","0","0","0","0","0","1","0","0","","0","0","0","","","2","","1","","39 56:07.522","","0","75 13:13.270","3","0","0","0","67301","0","0","0","N","0","0","0","3","00000","0","","1.0","","1","N","N","N","1","","1","0","0","3","2","","","2","2","0","0","0","1","0","2","0","2","","","","N","","","","","","","","","",""
"2022079291","","2","0","0","0","0","0","0","0","0","1","0","","67","11","2020","3","39.991512","-75.136139","","6","0","0","0","0","0","0","0","0","","0","0","0","","","1","","1","","39 59:29.442","","0","75 08:10.101","8","0","0","0","67301","0","0","0","N","0","0","0","3","00000","0","","1.0","","1","","","N","0","","0","0","0","3","2","","","3","1","0","0","0","1","0","2","0","3","","","","N","","","","","","","","","",""
"2022012406","","0","0","0","0","0","0","0","0","0","7","0","","67","6","2020","2","39.976579","-75.169008","","6","0","0","0","0","0","1","0","0","","0","0","0","","","1","N","0","","39 58:35.684","","0","75 10:08.427","8","0","0","0","67301","0","0","0","N","0","0","0","1","00000","0","","4.0","","1","N","N","N","0","","0","0","1","0","0","","","2","1","0","0","0","1","0","2","0","1","","","","N","","","","","","","","","",""
"2022079282","","0","0","0","0","0","0","0","0","0","4","0","","67","11","2020","5","40.03145","-75.154773","","6","0","0","0","0","0","1","0","0","","0","0","0","","","1","","1","","40 01:53.219","","0","75 09:17.182","8","0","0","0","67301","0","0","0","N","0","0","0","2","00000","0","","1.0","","1","","","N","0","","0","0","1","3","2","","","2","1","0","0","0","1","0","2","0","2","","","","N","","","","","","","","","",""
"2021002494","2358","3","0","0","0","0","0","0","0","0","1","0","","67","12","2020","3","39.96004","-75.179147","2353","6","0","0","0","0","0","1","0","0","","0","0","0","","","2","N","0","","39 57:36.145","4","0","75 10:44.929","3","0","0","0","67301","0","0","0","N","0","0","0","3","68K01","0","","1.0","1230.0","1","N","N","N","0","","2","0","0","3","1","N","","3","2","0","0","0","0","0","2","0","3","","","","N","","","","","","","","","",""
"2021000247","1003","0","0","0","0","0","0","0","0","0","8","0","","67","12","2020","3","40.021555","-75.124352","1002","6","0","0","0","0","0","0","0","0","","0","0","0","","","1","","1","","40 01:17.597","2","0","75 07:27.667","2","0","0","0","67301","1","0","1","N","1","0","1","2","67301","0","","1.0","100.0","9","N","N","N","1","","0","1","0","3","2","Y","","2","1","1","0","0","0","0","2","0","1","","07","","N","","","","","","","","","",""
"2021002503","1758","0","0","0","0","0","0","0","0","0","7","0","","67","12","2020","5","39.970608","-75.193076","1752","6","0","0","0","0","0","1","0","0","","0","0","0","","","1","N","0","","39 58:14.188","4","0","75 11:35.074","3","0","0","0","67301","0","0","0","Y","0","0","0","1","68K01","0","","7.0","1829.0","1","N","N","N","0","","1","0","0","0","0","N","","1","1","0","0","0","0","0","2","1","1","","","","N","","","","","","","","","",""
"2021002115","1945","2","0","0","0","0","0","0","0","0","5","0","","67","12","2020","5","39.887034","-75.204863","1937","6","0","0","0","0","0","1","0","0","","0","0","0","","","0","N","0","","39 53:13.324","1","3","75 12:17.506","0","0","0","0","67301","0","0","0","N","0","0","0","2","68K01","0","","1.0","100.0","1","N","N","N","0","","0","0","0","3","7","N","","2","0","0","0","0","0","0","2","0","2","","","","N","","","","","","","","","",""
"2022079299","","1","0","0","0","0","0","0","0","0","4","0","","67","6","2020","2","39.913393","-75.227187","","6","0","0","0","0","0","1","0","0","","0","0","0","","","1","","2","","39 54:48.214","","0","75 13:37.873","8","0","0","0","67301","0","0","0","N","0","0","0","2","00000","0","","1.0","","1","","","N","0","","0","0","0","3","2","","","2","1","0","0","0","1","0","2","0","2","","","","N","","","","","","","","","",""
"2021039455","0846","3","0","0","0","0","0","0","0","0","1","1","","67","8","2020","2","40.001044","-75.132803","0845","6","0","0","0","0","0","0","0","0","","0","1","0","","","1","N","0","","40 00:03.760","2","0","75 07:58.090","3","0","0","0","67301","0","0","0","N","0","0","0","2","67301","0","","1.0","930.0","1","N","N","N","0","","1","0","2","0","0","Y","","6","1","0","0","0","0","0","2","0","6","","","","N","","","","","","","","","",""